time,temperature_2m,relativehumidity_2m,precipitation,windspeed_10m,winddirection_10m,u,v
2025-12-22 00:00:00,4.5,92.0,0.0,3.6,108.0,-3.4238034586625528,1.112461179749811
2025-12-22 01:00:00,3.0,94.0,0.0,3.3,112.0,-3.059706720070398,1.2362017582725102
2025-12-22 02:00:00,2.9,97.0,0.0,6.0,117.0,-5.346039145130207,2.7239429984372814
2025-12-22 03:00:00,2.5,98.0,0.0,4.2,115.0,-3.80649270555393,1.774996699310938
2025-12-22 04:00:00,1.7000000000000002,99.0,0.0,2.7,110.0,-2.5371700761219524,0.923454386979306
2025-12-22 05:00:00,1.3,98.0,0.0,2.5,111.0,-2.3339510662430043,0.8959198738632506
2025-12-22 06:00:00,1.2,96.0,0.0,2.1,110.0,-1.9733545036504077,0.7182423009839046
2025-12-22 07:00:00,1.8,97.0,0.0,2.3,113.0,-2.117161162940613,0.8986815955253296
2025-12-22 08:00:00,6.3,96.0,0.0,2.7,98.0,-2.67372378560224,0.3757673725921764
2025-12-22 09:00:00,9.7,80.0,0.0,3.0,343.0,0.8771151141682103,-2.868914267889106
2025-12-22 10:00:00,11.4,74.0,0.1,4.3,336.0,1.7489675652259409,-3.9282454678631837
2025-12-22 11:00:00,12.6,65.0,0.1,6.6,311.0,4.981083229470295,-4.329989591337347
2025-12-22 12:00:00,12.4,64.0,0.1,8.2,292.0,7.602907607447656,-3.0717740660104784
2025-12-22 13:00:00,11.0,75.0,0.3,7.4,296.0,6.651075942613836,-3.243946486239173
2025-12-22 14:00:00,9.9,82.0,0.4,7.3,306.0,5.9058240589371165,-4.290832341735054
2025-12-22 15:00:00,8.6,88.0,0.6,4.2,313.0,3.071685546800516,-2.8643931122624937
2025-12-22 16:00:00,8.0,95.0,0.2,2.3,4.0,-0.16043988961148883,-2.2943973155975956
2025-12-22 17:00:00,7.9,94.0,0.0,0.8,315.0,0.5656854249492381,-0.565685424949238
2025-12-22 18:00:00,6.5,98.0,0.0,1.7000000000000002,122.0,-1.4416817634659242,0.9008627491964484
2025-12-22 19:00:00,6.2,96.0,0.0,2.5,120.0,-2.165063509461097,1.2499999999999998
2025-12-22 20:00:00,5.0,100.0,0.0,2.7,113.0,-2.485363104321589,1.0549740469210394
2025-12-22 21:00:00,4.2,100.0,0.0,3.1,121.0,-2.657218632176548,1.5966180322211687
2025-12-22 22:00:00,3.6,98.0,0.0,2.5,120.0,-2.165063509461097,1.2499999999999998
2025-12-22 23:00:00,3.6,97.0,0.0,2.1,121.0,-1.8000513314744357,1.0815799573111142
2025-12-23 00:00:00,3.5,97.0,0.0,3.0,115.0,-2.7189233611099497,1.2678547852220985
2025-12-23 01:00:00,4.1,95.0,0.0,3.0,115.0,-2.7189233611099497,1.2678547852220985
2025-12-23 02:00:00,4.5,93.0,0.0,1.0,112.0,-0.9271838545667873,0.37460659341591224
2025-12-23 03:00:00,4.4,92.0,0.0,4.0,117.0,-3.564026096753471,1.8159619989581874
2025-12-23 04:00:00,3.9,95.0,0.0,3.0,123.0,-2.5160117038362717,1.6339171050450818
2025-12-23 05:00:00,3.7,91.0,0.0,3.0,128.0,-2.364032260820166,1.8469844259769752
2025-12-23 06:00:00,4.5,86.0,0.0,2.8,135.0,-1.9798989873223327,1.9798989873223332
2025-12-23 07:00:00,4.7,86.0,0.0,3.6,131.0,-2.716954488801979,2.3618125043658265
2025-12-23 08:00:00,7.5,88.0,0.0,4.0,141.0,-2.517281564199349,3.108583845827884
2025-12-23 09:00:00,8.2,91.0,0.0,4.2,162.0,-1.297871376374779,3.9944373684396455
2025-12-23 10:00:00,10.5,77.0,0.0,4.1,232.0,3.2308440897875594,2.524212048835199
2025-12-23 11:00:00,11.1,73.0,0.1,5.5,257.0,5.359035356318794,1.2372307988912574
2025-12-23 12:00:00,11.3,70.0,0.1,5.4,264.0,5.370418234988676,0.5644537016453288
2025-12-23 13:00:00,10.2,79.0,0.3,5.2,274.0,5.187333061351086,-0.3627336634694516
2025-12-23 14:00:00,8.9,86.0,0.4,5.0,283.0,4.871850323926176,-1.124755271719325
2025-12-23 15:00:00,9.4,84.0,0.2,1.7000000000000002,302.0,1.4416817634659242,-0.9008627491964484
2025-12-23 16:00:00,8.9,84.0,0.0,1.3,286.0,1.2496402047198145,-0.35832856256209894
2025-12-23 17:00:00,7.5,92.0,0.0,0.6000000000000001,18.0,-0.18541019662496858,-0.5706339097770922
2025-12-23 18:00:00,5.0,94.0,0.0,2.6,115.0,-2.3564002462952898,1.0988074805258188
2025-12-23 19:00:00,3.9,92.0,0.0,1.5,120.0,-1.299038105676658,0.7499999999999999
2025-12-23 20:00:00,4.8,84.0,0.0,1.5,120.0,-1.299038105676658,0.7499999999999999
2025-12-23 21:00:00,4.1,78.0,0.0,1.5,111.0,-1.4003706397458027,0.5375519243179503
2025-12-23 22:00:00,3.7,74.0,0.0,1.6,117.0,-1.4256104387013886,0.7263847995832751
2025-12-23 23:00:00,3.7,71.0,0.0,1.7000000000000002,122.0,-1.4416817634659242,0.9008627491964484
2025-12-24 00:00:00,3.7,68.0,0.0,0.8,117.0,-0.7128052193506943,0.36319239979163753
2025-12-24 01:00:00,3.6,67.0,0.0,1.6,117.0,-1.4256104387013886,0.7263847995832751
2025-12-24 02:00:00,3.0,71.0,0.0,2.6,115.0,-2.3564002462952898,1.0988074805258188
2025-12-24 03:00:00,2.2,74.0,0.0,2.8,117.0,-2.4948182677274295,1.271173399270731
2025-12-24 04:00:00,2.3,74.0,0.0,3.1,121.0,-2.657218632176548,1.5966180322211687
2025-12-24 05:00:00,2.3,77.0,0.0,4.4,125.0,-3.6042689948715645,2.5237363199446023
2025-12-24 06:00:00,2.0,84.0,0.0,6.4,126.0,-5.1777087639996635,3.761825614671829
2025-12-24 07:00:00,2.1,89.0,0.0,7.6,126.0,-6.1485291572496,4.467167917422796
2025-12-24 08:00:00,7.8,74.0,0.0,6.3,143.0,-3.7914346458579047,5.031403713297944
2025-12-24 09:00:00,9.8,67.0,0.0,5.4,178.0,-0.18845728219350516,5.3967104659031175
2025-12-24 10:00:00,10.5,66.0,0.1,5.3,204.0,2.155704208301741,4.8417909255057845
2025-12-24 11:00:00,12.1,60.0,0.0,8.0,226.0,5.7547184027092095,5.557266963671978
2025-12-24 12:00:00,12.2,57.0,0.0,6.8,241.0,5.947414008547891,3.296705417675092
2025-12-24 13:00:00,12.9,56.0,0.0,6.7,239.0,5.743020914704153,3.450755101897363
2025-12-24 14:00:00,12.6,57.0,0.0,6.0,226.0,4.316038802031907,4.1679502227539835
2025-12-24 15:00:00,12.3,60.0,0.0,5.4,220.0,3.471053092307313,4.136639992842482
2025-12-24 16:00:00,11.0,65.0,0.0,5.0,215.0,2.8678821817552307,4.095760221444959
2025-12-24 17:00:00,8.2,85.0,0.0,2.2,215.0,1.2618681599723016,1.802134497435782
2025-12-24 18:00:00,7.0,87.0,0.0,3.0,128.0,-2.364032260820166,1.8469844259769752
2025-12-24 19:00:00,5.6,90.0,0.0,5.3,128.0,-4.176456994115626,3.2630058192259894
2025-12-24 20:00:00,5.6,87.0,0.0,4.0,144.0,-2.351141009169892,3.23606797749979
2025-12-24 21:00:00,5.0,86.0,0.0,4.3,135.0,-3.040559159102154,3.0405591591021546
2025-12-24 22:00:00,5.1,83.0,0.0,3.3,139.0,-2.1649947956686737,2.490541614735148
2025-12-24 23:00:00,5.1,83.0,0.0,3.6,153.0,-1.6343657990623681,3.2076234870781244
2025-12-25 00:00:00,5.1,84.0,0.0,4.0,144.0,-2.351141009169892,3.23606797749979
2025-12-25 01:00:00,5.1,84.0,0.0,4.2,144.0,-2.468698059628387,3.3978713763747797
2025-12-25 02:00:00,5.0,85.0,0.0,4.0,150.0,-1.9999999999999991,3.464101615137755
2025-12-25 03:00:00,4.8,85.0,0.0,2.7,157.0,-1.0549740469210394,2.4853631043215887
2025-12-25 04:00:00,5.3,89.0,0.0,3.6,150.0,-1.7999999999999992,3.1176914536239795
2025-12-25 05:00:00,5.0,91.0,0.0,4.4,150.0,-2.1999999999999993,3.8105117766515306
2025-12-25 06:00:00,4.7,89.0,0.0,3.9,137.0,-2.6597936042437436,2.852279436314765
2025-12-25 07:00:00,3.5,89.0,0.0,4.0,129.0,-3.1085838458278836,2.5172815641993496
2025-12-25 08:00:00,7.1,80.0,0.0,5.2,131.0,-3.9244898171584146,3.411506950750638
2025-12-25 09:00:00,9.3,62.0,0.0,3.8,169.0,-0.7250741824308702,3.730183297101123
2025-12-25 10:00:00,11.0,55.0,0.0,6.5,228.0,4.830441365603063,4.349348941332579
2025-12-25 11:00:00,11.7,52.0,0.0,8.4,245.0,7.61298541110786,3.5499933986218752
2025-12-25 12:00:00,11.8,49.0,0.0,8.7,243.0,7.7517567604388,3.9497173477340564
2025-12-25 13:00:00,11.5,49.0,0.0,7.9,246.0,7.217009115376547,3.2132194802988217
2025-12-25 14:00:00,10.1,58.0,0.0,7.1,249.0,6.628421028130132,2.5444124417716316
2025-12-25 15:00:00,10.1,55.0,0.0,6.5,246.0,5.938045474676906,2.6437881799927014
2025-12-25 16:00:00,8.9,61.0,0.0,4.4,249.0,4.107753876587688,1.5768189779993214
2025-12-25 17:00:00,6.7,80.0,0.0,2.3,209.0,1.1150621265665752,2.01162532642061
2025-12-25 18:00:00,5.5,76.0,0.0,4.0,153.0,-1.8159619989581868,3.5640260967534716
2025-12-25 19:00:00,4.9,75.0,0.0,4.0,159.0,-1.433471798181201,3.734321705988807
2025-12-25 20:00:00,4.9,77.0,0.0,3.7,151.0,-1.793795594911447,3.236092916415765
2025-12-25 21:00:00,4.7,78.0,0.0,3.9,164.0,-1.0749856876862962,3.7489206141594438
2025-12-25 22:00:00,3.5,81.0,0.0,3.5,165.0,-0.905866657858823,3.380740392011739
2025-12-25 23:00:00,2.9,84.0,0.0,3.9,152.0,-1.8309390948649746,3.443495612149815
2025-12-26 00:00:00,4.3,79.0,0.0,4.9,144.0,-2.880147736233118,3.9641832724372428
2025-12-26 01:00:00,4.3,81.0,0.0,5.7,148.0,-3.020539806129267,4.8338741480916285
2025-12-26 02:00:00,2.7,89.0,0.1,5.3,156.0,-2.1557042083017413,4.8417909255057845
2025-12-26 03:00:00,3.1,92.0,0.0,6.7,146.0,-3.746592453254003,5.55455173611878
2025-12-26 04:00:00,2.6,93.0,0.0,7.4,139.0,-4.854836814529754,5.584850893648514
2025-12-26 05:00:00,3.1,88.0,0.0,5.2,146.0,-2.907803098047883,4.3109953772862175
2025-12-26 06:00:00,2.4,89.0,0.0,4.8,146.0,-2.684125936659584,3.9793803482642
2025-12-26 07:00:00,3.0,85.0,0.0,4.7,152.0,-2.2065163450936875,4.149853686436956
2025-12-26 08:00:00,6.2,71.0,0.0,8.6,192.0,1.7880405410327311,8.412069366310728
2025-12-26 09:00:00,7.8,63.0,0.0,8.8,206.0,3.857666091743882,7.909387607432671
2025-12-26 10:00:00,8.8,58.0,0.0,10.4,212.0,5.5111603480253315,8.81970020002683
2025-12-26 11:00:00,9.0,62.0,0.1,11.2,220.0,7.1992212284892405,8.579697762932554
2025-12-26 12:00:00,7.7,75.0,0.3,11.8,211.0,6.077449283938639,10.114574148284927
2025-12-26 13:00:00,7.4,78.0,0.6,11.9,210.0,5.950000000000001,10.305702305034819
2025-12-26 14:00:00,6.7,78.0,0.5,9.5,217.0,5.717242719944459,7.587037345449282
2025-12-26 15:00:00,5.7,82.0,0.3,9.7,192.0,2.0167434009322665,9.488031727117914
2025-12-26 16:00:00,4.9,89.0,0.3,8.8,185.0,0.7669705361793917,8.766513343207361
2025-12-26 17:00:00,4.4,92.0,0.1,7.7,169.0,-1.469229264399395,7.558529312547013
2025-12-26 18:00:00,4.2,92.0,0.0,6.2,168.0,-1.289052483070108,6.064515124549596
2025-12-26 19:00:00,4.4,91.0,0.1,4.9,182.0,0.1710075338422553,4.897015052393569
2025-12-26 20:00:00,4.2,89.0,0.3,4.9,170.0,-0.8508760705679586,4.82555798975982
2025-12-26 21:00:00,3.6,84.0,0.0,5.3,162.0,-1.6377900701872208,5.040599536364314
2025-12-26 22:00:00,3.9,79.0,0.0,3.1,159.0,-1.1109406435904308,2.8940993221413254
2025-12-26 23:00:00,3.7,83.0,0.0,4.0,185.0,0.34862297099063255,3.984778792366982
2025-12-27 00:00:00,3.2,87.0,0.0,7.0,162.0,-2.1631189606246313,6.6573956140660755
2025-12-27 01:00:00,3.4,81.0,0.0,4.8,169.0,-0.915883177807415,4.711810480548787
2025-12-27 02:00:00,3.3,78.0,0.0,3.4,177.0,-0.17794225122600907,3.395340418165551
2025-12-27 03:00:00,3.0,81.0,0.0,4.0,148.0,-2.119677056932819,3.3921923846257043
2025-12-27 04:00:00,3.3,83.0,0.2,1.6,186.0,0.16724554122824553,1.5912350325892373
2025-12-27 05:00:00,2.6,95.0,2.0,3.2,236.0,2.6529202321761334,1.7894172911063901
2025-12-27 06:00:00,2.5,97.0,1.0,4.1,151.0,-1.9877194430099816,3.5859407992715226
2025-12-27 07:00:00,3.0,97.0,0.0,6.4,142.0,-3.9402334420842133,5.043268823083022
2025-12-27 08:00:00,3.7,98.0,0.0,3.9,156.0,-1.586272907995621,3.562827284806143
2025-12-27 09:00:00,5.2,92.0,0.1,6.5,214.0,3.634753872559854,5.388744221607771
2025-12-27 10:00:00,4.6,98.0,0.3,3.9,246.0,3.562827284806143,1.5862729079956208
2025-12-27 11:00:00,4.4,100.0,1.4,6.0,241.0,5.247718242836374,2.9088577214780225
2025-12-27 12:00:00,4.6,97.0,1.3,5.4,217.0,3.2498011250210617,4.312631754255381
2025-12-27 13:00:00,4.9,94.0,0.1,6.3,200.0,2.1547269029517135,5.9200635109512225
2025-12-27 14:00:00,4.6,96.0,0.1,5.4,166.0,-1.3063782362382061,5.2395969218903815
2025-12-27 15:00:00,4.8,94.0,0.4,6.9,137.0,-4.705788684431239,5.0463405411722775
2025-12-27 16:00:00,5.3,90.0,0.0,6.9,135.0,-4.879036790187178,4.879036790187178
2025-12-27 17:00:00,4.7,85.0,0.0,6.2,144.0,-3.644268564213333,5.0159053651246746
2025-12-27 18:00:00,3.2,83.0,0.0,7.9,139.0,-5.182866329025007,5.9622056837599
2025-12-27 19:00:00,3.7,74.0,0.0,6.6,143.0,-3.971979152803519,5.270994366312132
2025-12-27 20:00:00,5.4,61.0,0.0,4.2,162.0,-1.297871376374779,3.9944373684396455
2025-12-27 21:00:00,5.8,62.0,0.0,4.3,175.0,-0.3747696938149304,4.283637201794505
2025-12-27 22:00:00,5.5,67.0,0.1,4.0,180.0,2.4492935982947064e-16,4.0
2025-12-27 23:00:00,5.3,71.0,0.1,3.1,144.0,-1.8221342821066664,2.5079526825623373
2025-12-28 00:00:00,5.2,72.0,0.0,3.0,123.0,-2.5160117038362717,1.6339171050450818
2025-12-28 01:00:00,4.7,74.0,0.0,1.6,117.0,-1.4256104387013886,0.7263847995832751
2025-12-28 02:00:00,4.8,79.0,0.3,1.7000000000000002,131.0,-1.2830062863787126,1.1153003492838625
2025-12-28 03:00:00,4.6,78.0,0.2,2.3,122.0,-1.9505106211597796,1.2188143077363711
2025-12-28 04:00:00,4.2,86.0,0.0,3.0,123.0,-2.5160117038362717,1.6339171050450818
2025-12-28 05:00:00,4.6,85.0,0.0,2.2,125.0,-1.8021344974357822,1.2618681599723012
2025-12-28 06:00:00,4.7,86.0,0.0,2.4,126.0,-1.9416407864998735,1.4106846055019358
2025-12-28 07:00:00,4.8,87.0,0.1,2.1,121.0,-1.8000513314744357,1.0815799573111142
2025-12-28 08:00:00,5.8,93.0,0.7000000000000001,3.7,157.0,-1.445705175410313,3.405867957774029
2025-12-28 09:00:00,6.4,90.0,0.0,2.8,225.0,1.9798989873223332,1.9798989873223327
2025-12-28 10:00:00,6.6,91.0,0.0,3.7,241.0,3.2360929164157644,1.7937955949114472
2025-12-28 11:00:00,7.3,82.0,0.1,4.5,223.0,3.068992620281243,3.291091657286267
2025-12-28 12:00:00,7.5,82.0,0.2,6.8,230.0,5.20910221320905,4.370955745868467
2025-12-28 13:00:00,7.6,80.0,0.1,6.4,225.0,4.525483399593905,4.525483399593904
2025-12-28 14:00:00,6.2,93.0,0.2,6.3,198.0,1.946807064562169,5.991656052659467
2025-12-28 15:00:00,6.5,89.0,0.2,6.3,185.0,0.5490811793102462,6.276026597977997
2025-12-28 16:00:00,6.8,85.0,0.0,5.9,207.0,2.6785439484633264,5.25693849271137
2025-12-28 17:00:00,6.1,85.0,0.1,3.6,174.0,-0.3763024677635528,3.580278823325784
2025-12-28 18:00:00,5.5,89.0,0.2,5.2,155.0,-2.1976149610516367,4.71280049259058
2025-12-28 19:00:00,4.5,89.0,0.0,4.1,135.0,-2.8991378028648445,2.899137802864845
2025-12-28 20:00:00,3.7,91.0,0.0,3.6,143.0,-2.1665340833473743,2.8750878361702537
2025-12-28 21:00:00,3.0,90.0,0.0,4.1,128.0,-3.2308440897875594,2.5242120488351993
2025-12-28 22:00:00,1.7000000000000002,95.0,0.0,4.8,124.0,-3.9793803482641996,2.684125936659585
2025-12-28 23:00:00,1.7000000000000002,94.0,0.0,4.5,130.0,-3.4471999940354006,2.8925442435894277
2025-12-29 00:00:00,2.2,93.0,0.0,4.9,129.0,-3.808015211139158,3.0836699161442036
2025-12-29 01:00:00,2.4,93.0,0.0,4.2,130.0,-3.2173866610997073,2.6997079606834657
2025-12-29 02:00:00,3.8,86.0,0.0,3.8,131.0,-2.8678964048465336,2.4930243101639276
2025-12-29 03:00:00,3.9,84.0,0.0,2.8,130.0,-2.144924440733138,1.7998053071223103
2025-12-29 04:00:00,4.3,82.0,0.0,2.2,132.0,-1.634918616050267,1.4720873339894884
2025-12-29 05:00:00,3.8,81.0,0.0,2.6,129.0,-2.0205794997881243,1.6362330167295773
2025-12-29 06:00:00,3.5,80.0,0.0,3.1,130.0,-2.3747377736688318,1.9926415900282723
2025-12-29 07:00:00,3.5,81.0,0.0,3.2,128.0,-2.5216344115415104,1.9701167210421069
2025-12-29 08:00:00,6.9,79.0,0.0,2.1,110.0,-1.9733545036504077,0.7182423009839046
2025-12-29 09:00:00,8.3,74.0,0.0,2.3,209.0,1.1150621265665752,2.01162532642061
2025-12-29 10:00:00,10.0,64.0,0.0,4.7,268.0,4.6971368869897505,0.16402763450175456
2025-12-29 11:00:00,11.3,61.0,0.0,7.2,267.0,7.190132650232932,0.37681888494919563
2025-12-29 12:00:00,11.8,56.0,0.0,7.4,266.0,7.381973971922699,0.5161979057065272
2025-12-29 13:00:00,11.8,58.0,0.0,7.4,271.0,7.398872944157295,-0.129147807635898
2025-12-29 14:00:00,9.7,74.0,0.0,6.6,283.0,6.430842427582553,-1.484676958669509
2025-12-29 15:00:00,9.8,74.0,0.1,5.3,280.0,5.2194810909647025,-0.9203353416347307
2025-12-29 16:00:00,9.2,74.0,0.0,4.6,279.0,4.543366366737634,-0.7195985391850619
2025-12-29 17:00:00,7.1,87.0,0.0,1.7000000000000002,302.0,1.4416817634659242,-0.9008627491964484
2025-12-29 18:00:00,4.6,93.0,0.0,1.7000000000000002,122.0,-1.4416817634659242,0.9008627491964484
2025-12-29 19:00:00,3.7,92.0,0.0,2.3,119.0,-2.01162532642061,1.1150621265665754
2025-12-29 20:00:00,3.7,92.0,0.0,2.1,121.0,-1.8000513314744357,1.0815799573111142
2025-12-29 21:00:00,3.7,87.0,0.0,2.3,119.0,-2.01162532642061,1.1150621265665754
2025-12-29 22:00:00,3.8,82.0,0.0,2.6,115.0,-2.3564002462952898,1.0988074805258188
2025-12-29 23:00:00,3.4,81.0,0.0,2.4,117.0,-2.138415658052083,1.0895771993749124
2025-12-30 00:00:00,3.1,79.0,0.0,2.4,117.0,-2.138415658052083,1.0895771993749124
2025-12-30 01:00:00,2.9,79.0,0.0,2.6,115.0,-2.3564002462952898,1.0988074805258188
2025-12-30 02:00:00,2.9,76.0,0.0,2.5,111.0,-2.3339510662430043,0.8959198738632506
2025-12-30 03:00:00,2.3,77.0,0.0,1.7000000000000002,108.0,-1.6167960777017611,0.5253288904374108
2025-12-30 04:00:00,2.0,76.0,0.0,2.1,110.0,-1.9733545036504077,0.7182423009839046
2025-12-30 05:00:00,1.6,76.0,0.0,2.5,120.0,-2.165063509461097,1.2499999999999998
2025-12-30 06:00:00,1.5,74.0,0.0,2.3,119.0,-2.01162532642061,1.1150621265665754
2025-12-30 07:00:00,2.0,71.0,0.0,2.0,117.0,-1.7820130483767356,0.9079809994790937
2025-12-30 08:00:00,6.6,78.0,0.0,1.8,127.0,-1.4375439180851273,1.0832670416736867
2025-12-30 09:00:00,10.0,53.0,0.0,1.3,262.0,1.2873484893640414,0.18092503124808507
2025-12-30 10:00:00,11.7,44.0,0.0,4.2,277.0,4.168693836893553,-0.5118512423016194
2025-12-30 11:00:00,12.3,51.0,0.0,6.2,285.0,5.9887401229922235,-1.6046780796356286
2025-12-30 12:00:00,12.3,56.0,0.0,6.0,291.0,5.601482558983211,-2.1502076972718016
2025-12-30 13:00:00,12.8,54.0,0.0,5.2,284.0,5.045537776635181,-1.2579938571182723
2025-12-30 14:00:00,12.9,56.0,0.0,5.2,301.0,4.457269963650984,-2.678197989532282
2025-12-30 15:00:00,11.9,62.0,0.0,5.2,301.0,4.457269963650984,-2.678197989532282
2025-12-30 16:00:00,10.6,69.0,0.0,3.2,313.0,2.3403318451813457,-2.182394752199995
2025-12-30 17:00:00,7.9,84.0,0.0,0.6000000000000001,326.0,0.3355157420824481,-0.4974225435330251
2025-12-30 18:00:00,5.9,89.0,0.0,2.6,129.0,-2.0205794997881243,1.6362330167295773
2025-12-30 19:00:00,5.4,87.0,0.0,1.7000000000000002,122.0,-1.4416817634659242,0.9008627491964484
2025-12-30 20:00:00,4.8,86.0,0.0,1.3,135.0,-0.9192388155425117,0.9192388155425119
2025-12-30 21:00:00,4.1,85.0,0.0,2.8,130.0,-2.144924440733138,1.7998053071223103
2025-12-30 22:00:00,3.4,85.0,0.0,2.6,124.0,-2.1554976886431083,1.453901549023942
2025-12-30 23:00:00,2.7,81.0,0.0,3.5,125.0,-2.8670321550114717,2.0075175272286607
2025-12-31 00:00:00,2.3,74.0,0.0,3.1,118.0,-2.7371375378626737,1.4553618446362613
2025-12-31 01:00:00,2.7,66.0,0.0,3.2,124.0,-2.6529202321761334,1.7894172911063901
2025-12-31 02:00:00,2.6,62.0,0.0,4.1,135.0,-2.8991378028648445,2.899137802864845
2025-12-31 03:00:00,2.5,53.0,0.0,3.9,124.0,-3.2332465329646625,2.180852323535913
2025-12-31 04:00:00,2.7,43.0,0.0,3.4,122.0,-2.883363526931848,1.8017254983928965
2025-12-31 05:00:00,3.0,36.0,0.0,3.7,125.0,-3.0308625638692703,2.12223281449887
2025-12-31 06:00:00,3.5,33.0,0.0,3.1,130.0,-2.3747377736688318,1.9926415900282723
2025-12-31 07:00:00,3.2,38.0,0.0,3.1,140.0,-1.9926415900282721,2.3747377736688318
2025-12-31 08:00:00,7.5,52.0,0.0,5.0,154.0,-2.1918557339453875,4.493970231495835
2025-12-31 09:00:00,10.8,30.0,0.0,3.6,210.0,1.8000000000000005,3.117691453623979
2025-12-31 10:00:00,12.4,25.0,0.0,4.0,243.0,3.5640260967534716,1.815961998958187
2025-12-31 11:00:00,13.0,28.0,0.0,5.3,262.0,5.248420764330323,0.7376174350883468
2025-12-31 12:00:00,12.8,37.0,0.0,5.8,277.0,5.756767679519667,-0.7068421917498553
2025-12-31 13:00:00,12.6,46.0,0.0,5.8,274.0,5.78587149150698,-0.40458754771592675
2025-12-31 14:00:00,12.3,45.0,0.0,5.2,274.0,5.187333061351086,-0.3627336634694516
2025-12-31 15:00:00,11.7,51.0,0.0,5.0,272.0,4.9969541350954785,-0.17449748351250485
2025-12-31 16:00:00,10.0,64.0,0.0,4.5,293.0,4.142271840535981,-1.7582900782017319
2025-12-31 17:00:00,6.8,86.0,0.0,1.5,300.0,1.299038105676658,-0.7499999999999999
2025-12-31 18:00:00,4.4,91.0,0.0,2.8,117.0,-2.4948182677274295,1.271173399270731
2025-12-31 19:00:00,3.8,87.0,0.0,1.2,117.0,-1.0692078290260414,0.5447885996874562
2025-12-31 20:00:00,4.6,84.0,0.0,0.9,101.0,-0.8834644651028976,0.17172809583889048
2025-12-31 21:00:00,4.9,83.0,0.0,3.0,107.0,-2.8689142678891066,0.8771151141682099
2025-12-31 22:00:00,2.5,93.0,0.0,4.6,108.0,-4.3748599749577055,1.4214781741247584
2025-12-31 23:00:00,1.9,97.0,0.0,2.3,113.0,-2.117161162940613,0.8986815955253296
2026-01-01 00:00:00,0.4,95.0,0.0,2.8,117.0,-2.4948182677274295,1.271173399270731
2026-01-01 01:00:00,0.30000000000000004,89.0,0.0,2.3,119.0,-2.01162532642061,1.1150621265665754
2026-01-01 02:00:00,2.0,76.0,0.0,1.5,111.0,-1.4003706397458027,0.5375519243179503
2026-01-01 03:00:00,1.5,75.0,0.0,2.3,113.0,-2.117161162940613,0.8986815955253296
2026-01-01 04:00:00,1.7000000000000002,70.0,0.0,1.8,114.0,-1.6443818237566814,0.7321259575364408
2026-01-01 05:00:00,3.1,61.0,0.0,0.8,117.0,-0.7128052193506943,0.36319239979163753
2026-01-01 06:00:00,3.3,61.0,0.0,2.0,117.0,-1.7820130483767356,0.9079809994790937
2026-01-01 07:00:00,4.0,59.0,0.0,1.9,124.0,-1.575171387854579,1.0624665165944192
2026-01-01 08:00:00,6.0,62.0,0.0,2.3,135.0,-1.626345596729059,1.6263455967290592
2026-01-01 09:00:00,7.7,67.0,0.0,4.0,207.0,1.8159619989581872,3.564026096753471
2026-01-01 10:00:00,8.8,66.0,0.0,5.5,221.0,3.6083246594477902,4.150902691225246
2026-01-01 11:00:00,9.8,63.0,0.0,6.7,236.0,5.554551736118779,3.7465924532540043
2026-01-01 12:00:00,10.5,60.0,0.0,7.7,245.0,6.978569960182205,3.2541606154033857
2026-01-01 13:00:00,10.5,60.0,0.0,7.3,242.0,6.445517427870167,3.427142408337003
2026-01-01 14:00:00,9.9,62.0,0.0,6.9,250.0,6.483879083422768,2.359938988947114
2026-01-01 15:00:00,9.1,66.0,0.0,6.2,229.0,4.679199397381186,4.067565979741145
2026-01-01 16:00:00,8.2,71.0,0.0,5.2,224.0,3.612223526386786,3.740566961760986
2026-01-01 17:00:00,6.3,86.0,0.0,2.5,210.0,1.2500000000000002,2.1650635094610964
2026-01-01 18:00:00,3.9,87.0,0.0,4.7,137.0,-3.2053922922937423,3.437362397610102
2026-01-01 19:00:00,4.2,80.0,0.0,3.2,128.0,-2.5216344115415104,1.9701167210421069
2026-01-01 20:00:00,3.0,88.0,0.0,2.7,143.0,-1.6249005625105308,2.1563158771276907
2026-01-01 21:00:00,2.6,85.0,0.0,3.1,135.0,-2.192031021678297,2.1920310216782974
2026-01-01 22:00:00,2.7,86.0,0.0,3.0,128.0,-2.364032260820166,1.8469844259769752
2026-01-01 23:00:00,3.2,86.0,0.0,4.6,116.0,-4.134452612976168,2.0165072752297553
2026-01-02 00:00:00,2.6,89.0,0.0,6.2,123.0,-5.1997575212616285,3.3767620170931694
2026-01-02 01:00:00,1.6,95.0,0.0,7.0,122.0,-5.936336673094981,3.7094348496324345
2026-01-02 02:00:00,3.6,94.0,0.0,4.6,171.0,-0.7195985391850617,4.543366366737634
2026-01-02 03:00:00,3.7,85.0,0.0,7.5,140.0,-4.820907072649045,5.745333323392335
2026-01-02 04:00:00,1.5,92.0,0.0,6.9,131.0,-5.207496103537127,4.5268073000345
2026-01-02 05:00:00,1.0,92.0,0.0,6.5,132.0,-4.830441365603061,4.349348941332579
2026-01-02 06:00:00,1.3,90.0,0.0,7.2,127.0,-5.750175672340509,4.333068166694747
2026-01-02 07:00:00,0.9,93.0,0.0,7.7,126.0,-6.229430856687094,4.525946442652044
2026-01-02 08:00:00,4.6,76.0,0.0,6.8,148.0,-3.6034509967857926,5.766727053863697
2026-01-02 09:00:00,6.7,55.0,0.0,4.8,217.0,2.888712111129832,3.8334504482270053
2026-01-02 10:00:00,7.5,50.0,0.0,5.9,250.0,5.54418646263686,2.0179188456214456
2026-01-02 11:00:00,7.8,52.0,0.0,6.3,255.0,6.085332705621131,1.6305599841458807
2026-01-02 12:00:00,7.8,54.0,0.0,6.0,261.0,5.926130043570827,0.9386067902413853
2026-01-02 13:00:00,7.9,59.0,0.0,5.9,259.0,5.791600382341218,1.1257730727216144
2026-01-02 14:00:00,7.1,56.0,0.0,6.4,286.0,6.1520748540052415,-1.7640790772287946
2026-01-02 15:00:00,6.5,58.0,0.0,5.3,280.0,5.2194810909647025,-0.9203353416347307
2026-01-02 16:00:00,5.6,68.0,0.0,4.2,282.0,4.108219923081984,-0.8732291014345893
2026-01-02 17:00:00,3.6,82.0,0.0,1.5,249.0,1.4003706397458027,0.5375519243179504
2026-01-02 18:00:00,1.4,86.0,0.0,2.8,153.0,-1.2711733992707306,2.49481826772743
2026-01-02 19:00:00,0.8,82.0,0.0,2.9,150.0,-1.4499999999999993,2.511473670974872
2026-01-02 20:00:00,0.7000000000000001,76.0,0.0,1.8,143.0,-1.0832670416736871,1.4375439180851268
2026-01-02 21:00:00,0.2,77.0,0.0,2.4,132.0,-1.7835475811457455,1.60591345526126
2026-01-02 22:00:00,-0.2,76.0,0.0,2.3,122.0,-1.9505106211597796,1.2188143077363711
2026-01-02 23:00:00,-0.7000000000000001,75.0,0.0,2.5,120.0,-2.165063509461097,1.2499999999999998
2026-01-03 00:00:00,-1.6,76.0,0.0,4.0,120.0,-3.464101615137755,1.9999999999999998
2026-01-03 01:00:00,-2.6,80.0,0.0,4.8,119.0,-4.1981745942691,2.3270861771824185
2026-01-03 02:00:00,-2.9,80.0,0.0,5.2,124.0,-4.310995377286217,2.907803098047884
2026-01-03 03:00:00,-3.7,76.0,0.0,3.9,118.0,-3.4434956121498153,1.8309390948649737
2026-01-03 04:00:00,-3.0,63.0,0.0,2.3,122.0,-1.9505106211597796,1.2188143077363711
2026-01-03 05:00:00,-2.5,53.0,0.0,3.9,127.0,-3.1146784891844423,2.3470785902929876
2026-01-03 06:00:00,-1.9,47.0,0.0,3.8,139.0,-2.493024310163927,2.867896404846534
2026-01-03 07:00:00,-1.1,46.0,0.0,3.5,141.0,-2.2026213686744303,2.7200108650993986
2026-01-03 08:00:00,2.4,48.0,0.0,6.5,161.0,-2.116193003971518,6.1458707413955596
2026-01-03 09:00:00,4.9,33.0,0.0,4.8,214.0,2.6841259366595844,3.9793803482642
2026-01-03 10:00:00,6.1,29.0,0.0,5.8,236.0,4.808417920819242,3.243318840130332
2026-01-03 11:00:00,6.9,30.0,0.0,6.3,250.0,5.9200635109512225,2.1547269029517127
2026-01-03 12:00:00,7.3,36.0,0.0,6.8,252.0,6.467184310807044,2.1013155617496424
2026-01-03 13:00:00,7.1,43.0,0.0,6.3,250.0,5.9200635109512225,2.1547269029517127
2026-01-03 14:00:00,6.4,50.0,0.0,6.1,272.0,6.096284044816484,-0.2128869298852559
2026-01-03 15:00:00,5.0,60.0,0.0,5.2,254.0,4.998560818879258,1.4333142502483958
2026-01-03 16:00:00,3.6,74.0,0.0,4.5,233.0,3.5938597952128175,2.7081676041842173
2026-01-03 17:00:00,2.1,87.0,0.0,3.9,217.0,2.3470785902929885,3.114678489184442
2026-01-03 18:00:00,0.7000000000000001,94.0,0.0,2.9,158.0,-1.086359120906145,2.6888331782436836
2026-01-03 19:00:00,0.30000000000000004,91.0,0.0,3.2,117.0,-2.851220877402777,1.4527695991665501
2026-01-03 20:00:00,-0.5,91.0,0.0,1.1,108.0,-1.0461621679246689,0.3399186938124423
2026-01-03 21:00:00,-1.3,88.0,0.0,1.6,117.0,-1.4256104387013886,0.7263847995832751
2026-01-03 22:00:00,-2.2,86.0,0.0,3.1,111.0,-2.8940993221413254,1.1109406435904308
2026-01-03 23:00:00,-3.3,89.0,0.0,4.4,109.0,-4.160281732636994,1.4324998796114892
2026-01-04 00:00:00,-4.0,91.0,0.0,4.0,108.0,-3.804226065180614,1.23606797749979
2026-01-04 01:00:00,-4.1,89.0,0.0,2.6,115.0,-2.3564002462952898,1.0988074805258188
2026-01-04 02:00:00,-3.1,79.0,0.0,2.4,107.0,-2.2951314143112853,0.7016920913345678
2026-01-04 03:00:00,-3.9,79.0,0.0,2.4,117.0,-2.138415658052083,1.0895771993749124
2026-01-04 04:00:00,-2.8,63.0,0.0,2.6,115.0,-2.3564002462952898,1.0988074805258188
2026-01-04 05:00:00,-0.5,52.0,0.0,2.6,115.0,-2.3564002462952898,1.0988074805258188
2026-01-04 06:00:00,-0.30000000000000004,51.0,0.0,2.5,111.0,-2.3339510662430043,0.8959198738632506
2026-01-04 07:00:00,0.4,50.0,0.0,2.5,111.0,-2.3339510662430043,0.8959198738632506
2026-01-04 08:00:00,4.5,60.0,0.0,2.1,128.0,-1.654822582574116,1.2928890981838828
2026-01-04 09:00:00,6.9,38.0,0.0,1.8,270.0,1.8,0.0
2026-01-04 10:00:00,7.6,41.0,0.0,4.9,303.0,4.109485782932578,-2.668731271573633
2026-01-04 11:00:00,8.2,43.0,0.0,5.3,303.0,4.444954010110747,-2.8865868855796433
2026-01-04 12:00:00,8.7,53.0,0.0,5.3,294.0,4.8417909255057845,-2.155704208301741
2026-01-04 13:00:00,9.3,56.0,0.0,5.6,287.0,5.355306633392998,-1.6372815464473258
2026-01-04 14:00:00,8.9,57.0,0.0,5.8,279.0,5.728592375451799,-0.9073198972333391
2026-01-04 15:00:00,7.7,65.0,0.0,4.3,272.0,4.2973805561821115,-0.15006783582075417
2026-01-04 16:00:00,6.4,74.0,0.0,3.4,273.0,3.395340418165551,-0.17794225122600904
2026-01-04 17:00:00,4.2,88.0,0.0,1.0,202.0,0.37460659341591196,0.9271838545667874
2026-01-04 18:00:00,1.6,92.0,0.0,4.6,121.0,-3.942969583229716,2.36917514458625
2026-01-04 19:00:00,1.0,90.0,0.0,1.7000000000000002,122.0,-1.4416817634659242,0.9008627491964484
2026-01-04 20:00:00,1.2,86.0,0.0,2.3,141.0,-1.4474368994146256,1.7874357113510333
2026-01-04 21:00:00,1.7000000000000002,73.0,0.0,2.3,129.0,-1.7874357113510329,1.4474368994146258
2026-01-04 22:00:00,1.8,64.0,0.0,1.9,124.0,-1.575171387854579,1.0624665165944192
2026-01-04 23:00:00,0.9,64.0,0.0,2.8,117.0,-2.4948182677274295,1.271173399270731
2026-01-05 00:00:00,0.9,62.0,0.0,2.1,121.0,-1.8000513314744357,1.0815799573111142
2026-01-05 01:00:00,0.30000000000000004,61.0,0.0,3.2,117.0,-2.851220877402777,1.4527695991665501
2026-01-05 02:00:00,-0.2,57.0,0.0,1.9,112.0,-1.7616493236768958,0.7117525274902332
2026-01-05 03:00:00,-0.6000000000000001,55.0,0.0,2.4,117.0,-2.138415658052083,1.0895771993749124
2026-01-05 04:00:00,-0.6000000000000001,53.0,0.0,2.7,118.0,-2.383958500719103,1.267573219521905
2026-01-05 05:00:00,0.1,54.0,0.0,2.8,117.0,-2.4948182677274295,1.271173399270731
2026-01-05 06:00:00,-1.1,57.0,0.0,2.3,119.0,-2.01162532642061,1.1150621265665754
2026-01-05 07:00:00,-0.4,58.0,0.0,3.0,123.0,-2.5160117038362717,1.6339171050450818
2026-01-05 08:00:00,4.5,63.0,0.0,2.7,132.0,-2.006491028788964,1.8066526371689176
2026-01-05 09:00:00,6.9,45.0,0.0,2.2,228.0,1.6349186160502676,1.4720873339894882
2026-01-05 10:00:00,8.0,41.0,0.0,3.1,270.0,3.1,0.0
2026-01-05 11:00:00,8.9,43.0,0.0,4.0,278.0,3.9610722749662814,-0.5566924038402618
2026-01-05 12:00:00,9.4,45.0,0.0,3.5,261.0,3.456909192082982,0.547520627640808
2026-01-05 13:00:00,9.8,47.0,0.0,3.9,246.0,3.562827284806143,1.5862729079956208
2026-01-05 14:00:00,9.3,47.0,0.0,5.1,280.0,5.022519540362261,-0.8856057061013446
2026-01-05 15:00:00,8.1,53.0,0.0,4.2,295.0,3.80649270555393,-1.7749966993109376
2026-01-05 16:00:00,6.7,61.0,0.0,3.0,308.0,2.364032260820166,-1.846984425976975
2026-01-05 17:00:00,4.4,78.0,0.0,1.7000000000000002,328.0,0.9008627491964484,-1.4416817634659242
2026-01-05 18:00:00,1.6,86.0,0.0,2.5,120.0,-2.165063509461097,1.2499999999999998
2026-01-05 19:00:00,0.7000000000000001,86.0,0.0,3.2,128.0,-2.5216344115415104,1.9701167210421069
2026-01-05 20:00:00,1.4,81.0,0.0,2.0,153.0,-0.9079809994790934,1.7820130483767358
2026-01-05 21:00:00,1.4,73.0,0.0,3.5,145.0,-2.0075175272286616,2.867032155011471
2026-01-05 22:00:00,0.7000000000000001,72.0,0.0,3.4,137.0,-2.3187944242124945,2.48660258550518
2026-01-05 23:00:00,1.3,68.0,0.0,3.7,133.0,-2.706008695990931,2.523393932231245
2026-01-06 00:00:00,1.1,64.0,0.0,4.0,129.0,-3.1085838458278836,2.5172815641993496
2026-01-06 01:00:00,-0.5,68.0,0.0,3.7,129.0,-2.8754400573907923,2.3284854468843985
2026-01-06 02:00:00,-1.1,69.0,0.0,4.4,128.0,-3.4672473158695767,2.708910491432897
2026-01-06 03:00:00,0.30000000000000004,63.0,0.0,4.1,128.0,-3.2308440897875594,2.5242120488351993
2026-01-06 04:00:00,-0.9,65.0,0.0,3.3,126.0,-2.6697560814373262,1.9396913325651617
2026-01-06 05:00:00,-0.7000000000000001,63.0,0.0,3.6,127.0,-2.8750878361702545,2.1665340833473734
2026-01-06 06:00:00,-0.6000000000000001,63.0,0.0,3.5,129.0,-2.720010865099398,2.2026213686744307
2026-01-06 07:00:00,-0.5,64.0,0.0,4.0,129.0,-3.1085838458278836,2.5172815641993496
2026-01-06 08:00:00,3.9,58.0,0.0,7.9,141.0,-4.971631089293715,6.1394530955100715
2026-01-06 09:00:00,5.7,48.0,0.0,6.9,187.0,0.8408984694955177,6.848568446325122
2026-01-06 10:00:00,7.3,44.0,0.0,7.1,227.0,5.19261128149611,4.842188356443739
2026-01-06 11:00:00,7.9,46.0,0.0,8.7,236.0,7.212626881228862,4.864978260195498
2026-01-06 12:00:00,7.9,54.0,0.0,9.1,238.0,7.717237675023476,4.822265304522165
2026-01-06 13:00:00,6.9,62.0,0.0,8.5,238.0,7.20840881732962,4.504313745982242
2026-01-06 14:00:00,5.1,81.0,0.0,6.7,250.0,6.295940559265587,2.2915349602819806
2026-01-06 15:00:00,4.9,82.0,0.2,6.8,228.0,5.05338481324628,4.5500881232402355
2026-01-06 16:00:00,4.7,80.0,0.0,8.1,208.0,3.802719658565716,7.151875502157307
2026-01-06 17:00:00,3.7,83.0,0.0,6.5,199.0,2.116193003971519,6.145870741395559
2026-01-06 18:00:00,1.5,90.0,0.0,7.5,169.0,-1.431067465324086,7.36220387585748
2026-01-06 19:00:00,2.9,77.0,0.0,8.3,162.0,-2.564841053312063,7.893769085249776
2026-01-06 20:00:00,1.9,86.0,0.0,7.3,164.0,-2.012152697464093,7.017210380349728
2026-01-06 21:00:00,0.1,82.0,0.0,9.6,150.0,-4.799999999999998,8.313843876330612
2026-01-06 22:00:00,0.0,70.0,0.0,8.5,152.0,-3.990508283680073,7.505054539300878
2026-01-06 23:00:00,0.2,60.0,0.0,9.2,163.0,-2.689819683449177,8.798003754859927
2026-01-07 00:00:00,0.4,58.0,0.0,9.5,171.0,-1.4861274178821928,9.38303923565381
2026-01-07 01:00:00,2.8,53.0,0.0,8.7,174.0,-0.9093976304285859,8.652340489703978
2026-01-07 02:00:00,0.30000000000000004,65.0,0.0,7.6,176.0,-0.5301492004553525,7.581486781974664
2026-01-07 03:00:00,0.2,74.0,0.0,8.3,174.0,-0.8675862451215246,8.25453173155667
2026-01-07 04:00:00,-0.1,77.0,0.0,8.6,170.0,-1.4933743279356007,8.469346675904989
2026-01-07 05:00:00,-0.0,79.0,0.0,8.3,164.0,-2.287790053281092,7.978472076288048
2026-01-07 06:00:00,0.5,78.0,0.0,6.7,161.0,-2.1813066348629495,6.334974456515423
2026-01-07 07:00:00,2.0,72.0,0.0,6.3,165.0,-1.6305599841458813,6.085332705621131
2026-01-07 08:00:00,3.7,76.0,0.0,13.3,182.0,0.4641633061432644,13.291897999353974
2026-01-07 09:00:00,5.0,64.0,0.0,12.8,183.0,0.6699002399096828,12.782458044858545
2026-01-07 10:00:00,6.8,63.0,0.0,15.8,199.0,5.143976840423077,14.939193494469205
2026-01-07 11:00:00,7.1,64.0,0.0,13.5,205.0,5.705346533499442,12.235155124994774
2026-01-07 12:00:00,7.3,56.0,0.0,12.3,207.0,5.584083146796426,10.959380247516924
2026-01-07 13:00:00,7.4,57.0,0.0,13.6,208.0,6.384813253888115,12.008087262881405
2026-01-07 14:00:00,6.9,71.0,0.0,12.0,217.0,7.22178027782458,9.583626120567514
2026-01-07 15:00:00,4.5,91.0,0.6,6.5,212.0,3.4444752175158317,5.512312625016769
2026-01-07 16:00:00,3.6,96.0,0.4,5.8,202.0,2.1727182418122895,5.377666356487367
2026-01-07 17:00:00,3.2,92.0,0.2,6.0,183.0,0.3140157374576638,5.991777208527443
2026-01-07 18:00:00,2.8,92.0,0.2,6.9,175.0,-0.6013746249588419,6.873743416833045
2026-01-07 19:00:00,2.6,93.0,0.4,6.3,175.0,-0.5490811793102469,6.276026597977997
2026-01-07 20:00:00,1.7000000000000002,89.0,0.1,10.3,169.0,-1.9653326523784116,10.110759989510939
2026-01-07 21:00:00,1.2,85.0,0.0,9.2,149.0,-4.738350289172499,7.8859391664594325
2026-01-07 22:00:00,0.9,88.0,0.0,7.5,132.0,-5.573586191080455,5.018479547691437
2026-01-07 23:00:00,1.3,87.0,0.1,5.3,152.0,-2.4881992827652217,4.679622242152313
2026-01-08 00:00:00,1.5,89.0,0.1,7.0,159.0,-2.5085756468171017,6.535062985480412
2026-01-08 01:00:00,1.5,91.0,0.0,7.5,160.0,-2.5651510749425155,7.047694655894313
2026-01-08 02:00:00,2.0,86.0,0.0,5.9,168.0,-1.2266789758247802,5.771070844329454
2026-01-08 03:00:00,0.8,89.0,0.0,3.7,151.0,-1.793795594911447,3.236092916415765
2026-01-08 04:00:00,1.9,87.0,0.2,5.8,184.0,0.40458754771592637,5.78587149150698
2026-01-08 05:00:00,1.4,95.0,0.1,7.0,180.0,4.286263797015736e-16,7.0
2026-01-08 06:00:00,0.6000000000000001,96.0,0.0,5.6,151.0,-2.714933873379487,4.897870359980616
2026-01-08 07:00:00,1.2,93.0,0.0,8.2,170.0,-1.4239150568688284,8.075423574700105
2026-01-08 08:00:00,2.6,90.0,0.0,7.8,173.0,-0.9505808785601494,7.741859982802312
2026-01-08 09:00:00,4.9,77.0,0.0,7.2,208.0,3.380195252058414,6.357222668584273
2026-01-08 10:00:00,4.9,80.0,0.2,9.3,212.0,4.928249157368806,7.886847294254762
2026-01-08 11:00:00,5.9,72.0,0.1,10.9,219.0,6.859592262443229,8.470890979880982
2026-01-08 12:00:00,5.7,78.0,0.3,10.1,226.0,7.265331983420377,7.016049541635872
2026-01-08 13:00:00,5.0,83.0,0.2,9.0,215.0,5.162187927159415,7.372368398600926
2026-01-08 14:00:00,5.0,82.0,0.2,8.1,227.0,5.9239649831152805,5.524186716506238
2026-01-08 15:00:00,5.1,75.0,0.1,9.3,217.0,5.59687971531405,7.427310243439824
2026-01-08 16:00:00,4.7,75.0,0.1,8.6,213.0,4.683895701129233,7.212566884330647
2026-01-08 17:00:00,3.5,83.0,0.0,6.6,189.0,1.032467469265524,6.518743047927909
2026-01-08 18:00:00,2.3,88.0,0.0,8.7,167.0,-1.9570741727916257,8.477019563631545
2026-01-08 19:00:00,0.6000000000000001,89.0,0.0,7.0,167.0,-1.5746573804070552,6.820590453496647
2026-01-08 20:00:00,1.1,90.0,0.0,6.3,173.0,-0.7677768634524283,6.253040755340329
2026-01-08 21:00:00,1.0,86.0,0.0,5.3,168.0,-1.1019319613341245,5.18418228388917
2026-01-08 22:00:00,0.0,87.0,0.0,5.2,166.0,-1.2579938571182725,5.045537776635181
2026-01-08 23:00:00,-0.30000000000000004,86.0,0.0,5.0,161.0,-1.6278407722857833,4.727592877996584
2026-01-09 00:00:00,0.4,86.0,0.0,4.5,166.0,-1.088648530198505,4.366330768241984
2026-01-09 01:00:00,0.1,90.0,0.0,5.6,153.0,-2.542346798541461,4.98963653545486
2026-01-09 02:00:00,0.9,92.0,0.0,7.5,159.0,-2.687759621589752,7.001853198729013
2026-01-09 03:00:00,0.6000000000000001,96.0,0.0,7.4,162.0,-2.2867257583746103,7.037818220584137
2026-01-09 04:00:00,1.2,92.0,0.0,7.8,161.0,-2.539431604765822,7.375044889674672
2026-01-09 05:00:00,0.7000000000000001,96.0,0.0,7.2,152.0,-3.3801952520584146,6.357222668584273
2026-01-09 06:00:00,0.6000000000000001,96.0,0.0,6.1,152.0,-2.8637765329939344,5.385980316439453
2026-01-09 07:00:00,1.0,95.0,0.1,6.8,158.0,-2.547324835228202,6.304850211054155
2026-01-09 08:00:00,2.1,96.0,0.1,8.0,166.0,-1.9353751647973423,7.762365810207972
2026-01-09 09:00:00,3.4,97.0,0.1,6.0,190.0,1.0418890660015825,5.908846518073248
2026-01-09 10:00:00,3.5,94.0,0.1,5.9,191.0,1.125773072721615,5.791600382341218
2026-01-09 11:00:00,4.2,87.0,0.0,7.3,200.0,2.4967470462773824,6.8597561317371305
2026-01-09 12:00:00,5.1,77.0,0.1,8.5,207.0,3.858919247786148,7.573555455601126
2026-01-09 13:00:00,6.5,64.0,0.0,9.4,223.0,6.410784584587486,6.874724795220202
2026-01-09 14:00:00,7.0,61.0,0.0,10.4,228.0,7.7287061849649,6.958958306132126
2026-01-09 15:00:00,6.8,64.0,0.0,9.8,232.0,7.722505385345875,6.033482458191452
2026-01-09 16:00:00,5.3,72.0,0.0,5.7,224.0,3.9595527116162845,4.100236861930311
2026-01-09 17:00:00,3.6,82.0,0.0,4.0,190.0,0.6945927106677217,3.939231012048832
2026-01-09 18:00:00,2.4,85.0,0.0,6.5,150.0,-3.2499999999999987,5.629165124598852
2026-01-09 19:00:00,1.9,77.0,0.0,6.8,148.0,-3.6034509967857926,5.766727053863697
2026-01-09 20:00:00,2.4,75.0,0.0,5.8,144.0,-3.4091544632963435,4.692298567374695
2026-01-09 21:00:00,1.2,80.0,0.0,6.7,134.0,-4.819576662268963,4.654211082075281
2026-01-09 22:00:00,1.2,82.0,0.0,7.1,131.0,-5.358438019581681,4.658019105832602
2026-01-09 23:00:00,-0.1,90.0,0.0,6.5,129.0,-5.05144874947031,4.090582541823943
2026-01-10 00:00:00,-0.4,90.0,0.0,6.9,129.0,-5.3623071340531,4.342310698243878
2026-01-10 01:00:00,-0.5,89.0,0.0,6.2,128.0,-4.885666672361676,3.8171011470190823
2026-01-10 02:00:00,1.2,77.0,0.0,6.4,140.0,-4.113840701993852,4.90268443596146
2026-01-10 03:00:00,0.30000000000000004,85.0,0.0,8.8,139.0,-5.7733194551164635,6.641444305960396
2026-01-10 04:00:00,-0.2,85.0,0.0,9.2,141.0,-5.789747597658502,7.149742845404133
2026-01-10 05:00:00,-0.6000000000000001,76.0,0.0,9.2,140.0,-5.913646009116162,7.047608876694597
2026-01-10 06:00:00,1.4,59.0,0.0,8.8,137.0,-6.001585568549986,6.435912574248701
2026-01-10 07:00:00,-0.1,67.0,0.0,7.7,139.0,-5.0516545232269054,5.811263767715346
2026-01-10 08:00:00,4.6,71.0,0.0,8.5,156.0,-3.457261466144302,7.765136389962107
2026-01-10 09:00:00,6.7,62.0,0.0,9.4,176.0,-0.6557108531947782,9.377102072442348
2026-01-10 10:00:00,8.6,55.0,0.0,9.7,199.0,3.1580110982344203,9.171530183313372
2026-01-10 11:00:00,10.2,52.0,0.0,13.7,220.0,8.806190252705589,10.494808870729997
2026-01-10 12:00:00,9.3,61.0,0.0,8.9,227.0,6.509047944410617,6.069785404556237
2026-01-10 13:00:00,7.8,70.0,0.0,7.2,231.0,5.5954509224901905,4.53110681555883
2026-01-10 14:00:00,6.7,74.0,0.0,5.5,212.0,2.914555953282627,4.664264528860342
2026-01-10 15:00:00,6.9,74.0,0.0,7.3,216.0,4.290832341735054,5.9058240589371165
2026-01-10 16:00:00,6.0,78.0,0.0,5.4,210.0,2.7000000000000006,4.676537180435969
2026-01-10 17:00:00,5.3,82.0,0.0,4.1,214.0,2.292690904230062,3.399054047475671
2026-01-10 18:00:00,4.7,87.0,0.0,3.8,197.0,1.1110124779463997,3.6339580726595346
2026-01-10 19:00:00,4.5,87.0,0.1,3.3,193.0,0.7423384793347542,3.2154212137912763
2026-01-10 20:00:00,4.6,87.0,0.1,3.1,173.0,-0.37779496455595685,3.0768930700880985
2026-01-10 21:00:00,4.5,88.0,0.1,2.9,173.0,-0.35342109587492737,2.878383839759834
2026-01-10 22:00:00,4.4,87.0,0.0,2.4,222.0,1.6059134552612597,1.7835475811457462
2026-01-10 23:00:00,4.2,89.0,0.1,2.3,212.0,1.2188143077363711,1.9505106211597796
2026-01-11 00:00:00,3.8,92.0,0.0,3.1,208.0,1.4553618446362617,2.737137537862673
2026-01-11 01:00:00,4.0,87.0,0.0,3.4,177.0,-0.17794225122600907,3.395340418165551
2026-01-11 02:00:00,3.4,94.0,0.0,4.2,140.0,-2.6997079606834653,3.2173866610997077
2026-01-11 03:00:00,3.5,93.0,0.1,3.6,147.0,-1.9607005260540975,3.019214044603526
2026-01-11 04:00:00,3.6,88.0,0.0,2.7,176.0,-0.1883424791091384,2.6934229357015256
2026-01-11 05:00:00,3.6,87.0,0.0,2.6,168.0,-0.5405703961261743,2.543183761907895
2026-01-11 06:00:00,3.2,88.0,0.0,3.0,155.0,-1.267854785222098,2.71892336110995
2026-01-11 07:00:00,3.0,87.0,0.0,2.8,153.0,-1.2711733992707306,2.49481826772743
2026-01-11 08:00:00,4.2,86.0,0.0,4.7,184.0,0.3278554265973886,4.688551036221174
2026-01-11 09:00:00,6.4,83.0,0.0,5.4,182.0,0.18845728219350585,5.3967104659031175
2026-01-11 10:00:00,8.2,60.0,0.0,6.3,211.0,3.244739871933341,5.400153994423308
2026-01-11 11:00:00,9.8,47.0,0.0,7.0,226.0,5.0353786023705585,4.862608593212981
2026-01-11 12:00:00,10.3,46.0,0.0,8.7,227.0,6.3627772040867825,5.933385732543736
2026-01-11 13:00:00,10.5,51.0,0.0,8.4,225.0,5.939696961967,5.939696961966999
2026-01-11 14:00:00,9.7,56.0,0.0,7.3,242.0,6.445517427870167,3.427142408337003
2026-01-11 15:00:00,8.4,65.0,0.0,5.6,241.0,4.897870359980616,2.714933873379487
2026-01-11 16:00:00,7.0,78.0,0.0,5.8,248.0,5.377666356487367,2.1727182418122895
2026-01-11 17:00:00,5.3,86.0,0.0,4.1,241.0,3.585940799271522,1.9877194430099818
2026-01-11 18:00:00,2.5,97.0,0.0,2.4,163.0,-0.701692091334568,2.2951314143112853
2026-01-11 19:00:00,1.2,97.0,0.0,4.2,130.0,-3.2173866610997073,2.6997079606834657
2026-01-11 20:00:00,1.2,91.0,0.0,4.0,153.0,-1.8159619989581868,3.5640260967534716
2026-01-11 21:00:00,1.7000000000000002,86.0,0.0,4.3,152.0,-2.018727719979331,3.7966746492933856
2026-01-11 22:00:00,2.0,87.0,0.0,4.6,171.0,-0.7195985391850617,4.543366366737634
2026-01-11 23:00:00,1.1,92.0,0.0,6.6,163.0,-1.929653251170062,6.311611389356035
2026-01-12 00:00:00,0.5,92.0,0.0,7.1,146.0,-3.970269614642301,5.886166765140796
2026-01-12 01:00:00,1.5,87.0,0.0,6.4,144.0,-3.7618256146718276,5.177708763999664
2026-01-12 02:00:00,0.6000000000000001,95.0,0.0,5.2,160.0,-1.7785047452934775,4.886401628086724
2026-01-12 03:00:00,1.5,91.0,0.0,7.0,145.0,-4.015035054457323,5.734064310022942
2026-01-12 04:00:00,0.0,91.0,0.0,5.6,140.0,-3.5996106142446203,4.289848881466277
2026-01-12 05:00:00,0.4,84.0,0.0,5.2,131.0,-3.9244898171584146,3.411506950750638
2026-01-12 06:00:00,-0.7000000000000001,83.0,0.0,4.8,124.0,-3.9793803482641996,2.684125936659585
2026-01-12 07:00:00,-0.30000000000000004,80.0,0.0,3.5,129.0,-2.720010865099398,2.2026213686744307
2026-01-12 08:00:00,4.3,72.0,0.0,5.5,167.0,-1.2372307988912576,5.359035356318794
2026-01-12 09:00:00,5.9,66.0,0.0,4.4,192.0,0.9148114395981417,4.303849443228745
2026-01-12 10:00:00,7.0,61.0,0.0,4.4,235.0,3.604268994871564,2.523736319944603
2026-01-12 11:00:00,7.8,61.0,0.0,4.2,234.0,3.3978713763747797,2.4686980596283874
2026-01-12 12:00:00,6.8,71.0,0.0,3.7,215.0,2.122232814498871,3.03086256386927
2026-01-12 13:00:00,7.0,70.0,0.0,4.4,215.0,2.5237363199446032,3.604268994871564
2026-01-12 14:00:00,7.3,65.0,0.0,5.0,218.0,3.0783073766282913,3.94005376803361
2026-01-12 15:00:00,6.4,71.0,0.0,5.5,224.0,3.820621037524485,3.956368901862581
2026-01-12 16:00:00,5.3,79.0,0.0,3.6,207.0,1.6343657990623686,3.207623487078124
2026-01-12 17:00:00,4.6,84.0,0.0,4.0,180.0,2.4492935982947064e-16,4.0
2026-01-12 18:00:00,3.8,85.0,0.0,5.6,173.0,-0.6824683230688252,5.5582584491914035
2026-01-12 19:00:00,3.5,87.0,0.0,5.0,161.0,-1.6278407722857833,4.727592877996584
2026-01-12 20:00:00,2.2,93.0,0.0,4.1,146.0,-2.2926909042300614,3.399054047475671
2026-01-12 21:00:00,2.1,93.0,0.0,7.5,136.0,-5.20993777844248,5.395048502539883
2026-01-12 22:00:00,1.5,94.0,0.0,7.9,129.0,-6.139453095510071,4.971631089293716
2026-01-12 23:00:00,1.7000000000000002,94.0,0.0,6.6,133.0,-4.826934430686525,4.50118917641249
2026-01-13 00:00:00,1.5,95.0,0.0,5.5,128.0,-4.334059144836971,3.3861381142911213
2026-01-13 01:00:00,1.9,95.0,0.0,5.4,130.0,-4.136639992842481,3.4710530923073133
2026-01-13 02:00:00,2.1,95.0,0.0,3.7,145.0,-2.122232814498871,3.0308625638692694
2026-01-13 03:00:00,1.2,98.0,0.0,5.2,124.0,-4.310995377286217,2.907803098047884
2026-01-13 04:00:00,0.4,97.0,0.0,3.6,123.0,-3.019214044603526,1.9607005260540984
2026-01-13 05:00:00,1.3,93.0,0.0,4.4,128.0,-3.4672473158695767,2.708910491432897
2026-01-13 06:00:00,2.0,90.0,0.0,3.6,131.0,-2.716954488801979,2.3618125043658265
2026-01-13 07:00:00,1.6,93.0,0.0,4.8,124.0,-3.9793803482641996,2.684125936659585
2026-01-13 08:00:00,4.2,81.0,0.0,3.3,151.0,-1.599871746812912,2.886245033560006
2026-01-13 09:00:00,6.0,70.0,0.0,2.7,184.0,0.18834247910913815,2.6934229357015256
2026-01-13 10:00:00,7.9,64.0,0.0,4.5,247.0,4.142271840535981,1.7582900782017319
2026-01-13 11:00:00,9.1,56.0,0.0,6.0,249.0,5.601482558983211,2.1502076972718016
2026-01-13 12:00:00,9.7,55.0,0.0,7.2,242.0,6.357222668584274,3.3801952520584138
2026-01-13 13:00:00,9.8,54.0,0.0,7.4,238.0,6.275555911557553,3.9214025553257166
2026-01-13 14:00:00,9.8,52.0,0.0,7.5,246.0,6.851590932319507,3.0505248230685016
2026-01-13 15:00:00,9.0,55.0,0.0,7.3,237.0,6.122295146001595,3.9758649556096977
2026-01-13 16:00:00,7.7,63.0,0.0,4.9,234.0,3.9641832724372428,2.8801477362331185
2026-01-13 17:00:00,5.6,78.0,0.0,1.8,217.0,1.0832670416736871,1.437543918085127
2026-01-13 18:00:00,2.6,84.0,0.0,4.0,150.0,-1.9999999999999991,3.464101615137755
2026-01-13 19:00:00,2.4,79.0,0.0,4.3,152.0,-2.018727719979331,3.7966746492933856
2026-01-13 20:00:00,2.2,75.0,0.0,3.3,139.0,-2.1649947956686737,2.490541614735148
2026-01-13 21:00:00,2.5,71.0,0.0,4.5,127.0,-3.5938597952128184,2.708167604184217
2026-01-13 22:00:00,1.9,70.0,0.0,4.1,124.0,-3.3990540474756705,2.2926909042300623
2026-01-13 23:00:00,-0.1,72.0,0.0,3.6,123.0,-3.019214044603526,1.9607005260540984
2026-01-14 00:00:00,-0.7000000000000001,70.0,0.0,3.6,123.0,-3.019214044603526,1.9607005260540984
2026-01-14 01:00:00,-0.6000000000000001,64.0,0.0,3.4,122.0,-2.883363526931848,1.8017254983928965
2026-01-14 02:00:00,0.0,54.0,0.0,2.8,125.0,-2.293625724009177,1.6060140217829286
2026-01-14 03:00:00,0.2,52.0,0.0,2.6,115.0,-2.3564002462952898,1.0988074805258188
2026-01-14 04:00:00,0.0,46.0,0.0,2.3,119.0,-2.01162532642061,1.1150621265665754
2026-01-14 05:00:00,-0.30000000000000004,44.0,0.0,3.1,118.0,-2.7371375378626737,1.4553618446362613
2026-01-14 06:00:00,0.1,46.0,0.0,2.8,117.0,-2.4948182677274295,1.271173399270731
2026-01-14 07:00:00,0.4,41.0,0.0,2.6,115.0,-2.3564002462952898,1.0988074805258188
2026-01-14 08:00:00,4.9,55.0,0.0,2.3,113.0,-2.117161162940613,0.8986815955253296
2026-01-14 09:00:00,8.4,29.0,0.0,1.3,270.0,1.3,0.0
2026-01-14 10:00:00,10.4,23.0,0.0,4.2,288.0,3.994437368439645,-1.2978713763747791
2026-01-14 11:00:00,11.2,27.0,0.0,5.5,283.0,5.359035356318794,-1.2372307988912574
2026-01-14 12:00:00,11.7,34.0,0.0,6.2,278.0,6.139662026197737,-0.8628732259524058
2026-01-14 13:00:00,11.6,43.0,0.0,7.2,276.0,7.160557646651568,-0.7526049355271051
2026-01-14 14:00:00,10.8,53.0,0.0,7.9,271.0,7.898796791735491,-0.13787401085453974
2026-01-14 15:00:00,10.4,58.0,0.0,5.6,263.0,5.558258449191403,0.6824683230688259
2026-01-14 16:00:00,9.3,65.0,0.0,4.6,257.0,4.482102298012082,1.034774849981779
2026-01-14 17:00:00,6.8,83.0,0.0,1.9,253.0,1.8169790363297673,0.5555062389731998
2026-01-14 18:00:00,3.5,90.0,0.0,1.9,139.0,-1.2465121550819636,1.433948202423267
2026-01-14 19:00:00,2.5,88.0,0.0,2.5,120.0,-2.165063509461097,1.2499999999999998
2026-01-14 20:00:00,2.2,87.0,0.0,1.8,127.0,-1.4375439180851273,1.0832670416736867
2026-01-14 21:00:00,2.6,79.0,0.0,4.0,148.0,-2.119677056932819,3.3921923846257043
2026-01-14 22:00:00,2.9,70.0,0.0,4.5,151.0,-2.1816432911085166,3.9357886821272814
2026-01-14 23:00:00,2.1,65.0,0.0,4.4,148.0,-2.331644762626101,3.731411623088275
2026-01-15 00:00:00,2.1,64.0,0.0,4.0,148.0,-2.119677056932819,3.3921923846257043
2026-01-15 01:00:00,1.6,63.0,0.0,4.3,138.0,-2.8772616073430903,3.195522749552795
2026-01-15 02:00:00,1.0,68.0,0.0,4.0,144.0,-2.351141009169892,3.23606797749979
2026-01-15 03:00:00,1.2,74.0,0.0,5.0,139.0,-3.280295144952536,3.7735479011138606
2026-01-15 04:00:00,1.3,80.0,0.0,4.8,138.0,-3.2118269105225195,3.5670951622914924
2026-01-15 05:00:00,1.5,85.0,0.0,5.0,139.0,-3.280295144952536,3.7735479011138606
2026-01-15 06:00:00,1.8,89.0,0.0,5.4,146.0,-3.0196416787420324,4.476802891797226
2026-01-15 07:00:00,3.5,90.0,0.0,5.8,141.0,-3.6500582680890563,4.507446576450432
2026-01-15 08:00:00,4.9,91.0,0.0,6.2,168.0,-1.289052483070108,6.064515124549596
2026-01-15 09:00:00,7.4,76.0,0.0,7.4,181.0,0.12914780763589864,7.398872944157295
2026-01-15 10:00:00,9.6,65.0,0.0,7.1,210.0,3.5500000000000007,6.148780366869514
2026-01-15 11:00:00,10.6,58.0,0.0,5.5,229.0,4.150902691225246,3.6083246594477902
2026-01-15 12:00:00,11.2,54.0,0.0,6.2,221.0,4.067565979741145,4.679199397381186
2026-01-15 13:00:00,11.5,58.0,0.0,7.4,227.0,5.412017391981862,5.046787864462489
2026-01-15 14:00:00,11.0,58.0,0.0,6.0,224.0,4.1679502227539835,4.3160388020319065
2026-01-15 15:00:00,10.0,63.0,0.0,4.9,231.0,3.808015211139158,3.0836699161442036
2026-01-15 16:00:00,9.0,69.0,0.0,3.5,249.0,3.267531492740206,1.2542878234085508
2026-01-15 17:00:00,7.2,82.0,0.0,2.4,228.0,1.7835475811457462,1.6059134552612597
2026-01-15 18:00:00,4.0,92.0,0.0,3.7,141.0,-2.328485446884398,2.875440057390793
2026-01-15 19:00:00,4.8,87.0,0.0,4.5,130.0,-3.4471999940354006,2.8925442435894277
2026-01-15 20:00:00,5.1,86.0,0.0,4.1,151.0,-1.9877194430099816,3.5859407992715226
2026-01-15 21:00:00,5.2,82.0,0.0,3.9,152.0,-1.8309390948649746,3.443495612149815
2026-01-15 22:00:00,5.1,84.0,0.0,3.6,150.0,-1.7999999999999992,3.1176914536239795
2026-01-15 23:00:00,6.4,80.0,0.0,4.6,149.0,-2.3691751445862494,3.9429695832297162
2026-01-16 00:00:00,4.5,83.0,0.0,4.6,144.0,-2.7038121605453758,3.721478174124758
2026-01-16 01:00:00,5.4,83.0,0.0,5.1,148.0,-2.702588247589344,4.325045290397773
2026-01-16 02:00:00,4.1,90.0,0.0,3.5,159.0,-1.2542878234085508,3.267531492740206
2026-01-16 03:00:00,3.0,91.0,0.0,5.2,134.0,-3.7405669617609862,3.6122235263867855
2026-01-16 04:00:00,3.1,88.0,0.0,6.1,135.0,-4.313351365237939,4.31335136523794
2026-01-16 05:00:00,4.3,81.0,0.0,5.6,138.0,-3.747131395609606,4.161611022673408
2026-01-16 06:00:00,3.3,84.0,0.0,5.5,139.0,-3.6083246594477894,4.150902691225246
2026-01-16 07:00:00,3.8,83.0,0.0,5.3,135.0,-3.7476659402887016,3.747665940288702
2026-01-16 08:00:00,7.2,82.0,0.0,6.4,158.0,-2.3974821978618372,5.93397666922744
2026-01-16 09:00:00,10.8,62.0,0.0,7.8,199.0,2.5394316047658227,7.375044889674671
2026-01-16 10:00:00,11.7,61.0,0.0,7.5,217.0,4.513612673640363,5.989766325354696
2026-01-16 11:00:00,12.6,62.0,0.0,8.5,238.0,7.20840881732962,4.504313745982242
2026-01-16 12:00:00,13.0,59.0,0.0,7.8,236.0,6.466493065929325,4.361704647071826
2026-01-16 13:00:00,13.0,59.0,0.0,7.1,251.0,6.713181886755149,2.3115338966458125
2026-01-16 14:00:00,12.6,61.0,0.0,5.7,252.0,5.421022142882375,1.7613968679372003
2026-01-16 15:00:00,10.2,74.0,0.0,5.4,274.0,5.386845871403051,-0.37668495821827663
2026-01-16 16:00:00,8.7,83.0,0.0,3.6,311.0,2.716954488801979,-2.3618125043658265
2026-01-16 17:00:00,7.7,89.0,0.0,1.2,333.0,0.5447885996874562,-1.0692078290260414
2026-01-16 18:00:00,7.0,94.0,0.0,1.6,153.0,-0.7263847995832747,1.4256104387013888
2026-01-16 19:00:00,7.6,90.0,0.0,3.4,148.0,-1.8017254983928963,2.8833635269318485
2026-01-16 20:00:00,7.1,87.0,0.0,0.6000000000000001,124.0,-0.49742254353302506,0.33551574208244817
2026-01-16 21:00:00,6.6,83.0,0.0,2.2,132.0,-1.634918616050267,1.4720873339894884
2026-01-16 22:00:00,7.5,78.0,0.0,1.7000000000000002,139.0,-1.1153003492838622,1.2830062863787128
2026-01-16 23:00:00,6.8,79.0,0.0,1.9,119.0,-1.6617774435648518,0.9211382784680405
2026-01-17 00:00:00,7.3,77.0,0.0,0.4,90.0,-0.4,4.898587196589413e-17
2026-01-17 01:00:00,6.7,81.0,0.1,2.3,113.0,-2.117161162940613,0.8986815955253296
2026-01-17 02:00:00,6.5,84.0,0.1,1.5,104.0,-1.4554435894139948,0.3628828433995016
2026-01-17 03:00:00,6.2,86.0,0.0,2.4,107.0,-2.2951314143112853,0.7016920913345678
2026-01-17 04:00:00,6.2,87.0,0.0,1.5,111.0,-1.4003706397458027,0.5375519243179503
2026-01-17 05:00:00,6.5,86.0,0.0,1.2,117.0,-1.0692078290260414,0.5447885996874562
2026-01-17 06:00:00,6.4,86.0,0.0,0.6000000000000001,124.0,-0.49742254353302506,0.33551574208244817
2026-01-17 07:00:00,6.2,87.0,0.0,1.9,124.0,-1.575171387854579,1.0624665165944192
2026-01-17 08:00:00,7.7,85.0,0.0,2.6,115.0,-2.3564002462952898,1.0988074805258188
2026-01-17 09:00:00,9.3,75.0,0.0,1.5,201.0,0.5375519243179505,1.4003706397458027
2026-01-17 10:00:00,9.5,77.0,0.0,3.1,263.0,3.076893070088098,0.3777949645559572
2026-01-17 11:00:00,10.8,71.0,0.0,5.7,279.0,5.629823541392286,-0.891676450729316
2026-01-17 12:00:00,9.7,83.0,0.1,5.0,283.0,4.871850323926176,-1.124755271719325
2026-01-17 13:00:00,9.2,86.0,0.1,3.2,270.0,3.2,0.0
2026-01-17 14:00:00,8.5,96.0,0.3,4.2,277.0,4.168693836893553,-0.5118512423016194
2026-01-17 15:00:00,8.5,96.0,0.5,2.6,254.0,2.499280409439629,0.7166571251241979
2026-01-17 16:00:00,8.3,95.0,0.1,1.0,329.0,0.5150380749100542,-0.8571673007021123
2026-01-17 17:00:00,7.8,97.0,0.0,0.9,281.0,0.8834644651028976,-0.17172809583889032
2026-01-17 18:00:00,6.0,99.0,0.0,0.4,153.0,-0.18159619989581868,0.3564026096753472
2026-01-17 19:00:00,4.9,99.0,0.0,3.3,126.0,-2.6697560814373262,1.9396913325651617
2026-01-17 20:00:00,4.3,94.0,0.0,2.4,126.0,-1.9416407864998735,1.4106846055019358
2026-01-17 21:00:00,4.6,88.0,0.0,1.5,120.0,-1.299038105676658,0.7499999999999999
2026-01-17 22:00:00,4.5,86.0,0.0,1.3,124.0,-1.0777488443215542,0.726950774511971
2026-01-17 23:00:00,4.0,86.0,0.0,1.5,126.0,-1.213525491562421,0.8816778784387098
2026-01-18 00:00:00,2.8,88.0,0.0,1.2,117.0,-1.0692078290260414,0.5447885996874562
2026-01-18 01:00:00,2.3,92.0,0.0,1.7000000000000002,122.0,-1.4416817634659242,0.9008627491964484
2026-01-18 02:00:00,2.6,93.0,0.0,2.1,128.0,-1.654822582574116,1.2928890981838828
2026-01-18 03:00:00,2.0,98.0,0.0,3.0,115.0,-2.7189233611099497,1.2678547852220985
2026-01-18 04:00:00,3.1,94.0,0.0,2.1,121.0,-1.8000513314744357,1.0815799573111142
2026-01-18 05:00:00,2.8,95.0,0.0,2.3,122.0,-1.9505106211597796,1.2188143077363711
2026-01-18 06:00:00,2.1,95.0,0.0,1.8,127.0,-1.4375439180851273,1.0832670416736867
2026-01-18 07:00:00,2.5,93.0,0.0,1.9,119.0,-1.6617774435648518,0.9211382784680405
2026-01-18 08:00:00,7.9,76.0,0.0,2.3,141.0,-1.4474368994146256,1.7874357113510333
2026-01-18 09:00:00,9.6,67.0,0.0,2.7,238.0,2.28972985962235,1.4307820134296534
2026-01-18 10:00:00,11.5,61.0,0.0,6.3,270.0,6.3,0.0
2026-01-18 11:00:00,11.9,66.0,0.0,8.1,276.0,8.055627352483013,-0.8466805524679931
2026-01-18 12:00:00,11.4,71.0,0.1,7.7,279.0,7.605200222582561,-1.2045453808097777
2026-01-18 13:00:00,10.9,73.0,0.1,7.9,282.0,7.727366045797066,-1.6425023574602988
2026-01-18 14:00:00,10.3,73.0,0.2,7.4,276.0,7.359462025725223,-0.7735106281806358
2026-01-18 15:00:00,9.8,76.0,0.2,6.3,270.0,6.3,0.0
2026-01-18 16:00:00,8.7,81.0,0.1,5.1,280.0,5.022519540362261,-0.8856057061013446
2026-01-18 17:00:00,7.6,90.0,0.2,3.3,283.0,3.2154212137912763,-0.7423384793347545
2026-01-18 18:00:00,5.5,99.0,0.0,0.0,270.0,0.0,0.0
2026-01-18 19:00:00,4.5,99.0,0.0,2.3,122.0,-1.9505106211597796,1.2188143077363711
2026-01-18 20:00:00,5.3,94.0,0.0,1.0,121.0,-0.8571673007021122,0.5150380749100544
2026-01-18 21:00:00,4.8,94.0,0.0,2.6,115.0,-2.3564002462952898,1.0988074805258188
2026-01-18 22:00:00,4.1,90.0,0.0,2.0,117.0,-1.7820130483767356,0.9079809994790937
2026-01-18 23:00:00,4.3,86.0,0.0,1.0,121.0,-0.8571673007021122,0.5150380749100544
2026-01-19 00:00:00,4.1,83.0,0.0,1.5,104.0,-1.4554435894139948,0.3628828433995016
2026-01-19 01:00:00,3.1,84.0,0.0,2.1,110.0,-1.9733545036504077,0.7182423009839046
2026-01-19 02:00:00,1.9,83.0,0.0,2.7,110.0,-2.5371700761219524,0.923454386979306
2026-01-19 03:00:00,1.5,79.0,0.0,2.9,112.0,-2.688833178243683,1.0863591209061454
2026-01-19 04:00:00,1.2,75.0,0.0,2.2,114.0,-2.009800006813722,0.894820614766761
2026-01-19 05:00:00,1.6,70.0,0.0,2.1,121.0,-1.8000513314744357,1.0815799573111142
2026-01-19 06:00:00,1.7000000000000002,67.0,0.0,2.3,119.0,-2.01162532642061,1.1150621265665754
2026-01-19 07:00:00,2.1,65.0,0.0,2.0,117.0,-1.7820130483767356,0.9079809994790937
2026-01-19 08:00:00,6.4,71.0,0.0,2.8,117.0,-2.4948182677274295,1.271173399270731
2026-01-19 09:00:00,8.5,52.0,0.0,2.4,138.0,-1.6059134552612597,1.7835475811457462
2026-01-19 10:00:00,10.8,37.0,0.0,3.3,261.0,3.2593715239639547,0.5162337346327618
2026-01-19 11:00:00,12.0,38.0,0.0,6.0,279.0,5.926130043570827,-0.9386067902413853
2026-01-19 12:00:00,12.5,42.0,0.0,7.1,277.0,7.047077676653386,-0.865272338176547
2026-01-19 13:00:00,12.3,53.0,0.0,8.2,278.0,8.120198163680877,-1.1412194278725365
2026-01-19 14:00:00,10.5,70.0,0.0,8.7,277.0,8.6351515192795,-1.060263287624783
2026-01-19 15:00:00,8.1,90.0,0.5,5.7,288.0,5.421022142882375,-1.7613968679372003
2026-01-19 16:00:00,6.7,99.0,1.1,2.7,312.0,2.0064910287889646,-1.8066526371689173
2026-01-19 17:00:00,6.3,99.0,0.7000000000000001,2.6,309.0,2.0205794997881243,-1.6362330167295773
2026-01-19 18:00:00,5.8,99.0,0.1,0.5,315.0,0.3535533905932738,-0.35355339059327373
2026-01-19 19:00:00,6.1,95.0,0.0,0.7000000000000001,104.0,-0.6792070083931976,0.16934532691976742
2026-01-19 20:00:00,6.4,97.0,0.0,0.4,153.0,-0.18159619989581868,0.3564026096753472
2026-01-19 21:00:00,6.3,97.0,0.2,1.0,338.0,0.37460659341591196,-0.9271838545667874
2026-01-19 22:00:00,6.2,97.0,0.2,0.8,315.0,0.5656854249492381,-0.565685424949238
2026-01-19 23:00:00,5.7,99.0,0.1,0.4,360.0,2.4492935982947065e-17,-0.4
2026-01-20 00:00:00,5.8,99.0,0.2,0.0,270.0,0.0,0.0
2026-01-20 01:00:00,5.8,98.0,0.2,0.0,270.0,0.0,0.0
2026-01-20 02:00:00,5.1,96.0,0.1,0.5,90.0,-0.5,6.123233995736766e-17
2026-01-20 03:00:00,4.8,99.0,0.0,1.1,351.0,0.17207791154425403,-1.0864571746546516
2026-01-20 04:00:00,4.5,99.0,0.0,1.4,50.0,-1.0724622203665692,-0.8999026535611548
2026-01-20 05:00:00,3.3,99.0,0.0,1.7000000000000002,108.0,-1.6167960777017611,0.5253288904374108
2026-01-20 06:00:00,3.3,97.0,0.0,3.5,102.0,-3.42351660256832,0.7276909178621576
2026-01-20 07:00:00,2.4,97.0,0.0,5.0,109.0,-4.727592877996584,1.6278407722857828
2026-01-20 08:00:00,5.1,90.0,0.0,3.1,118.0,-2.7371375378626737,1.4553618446362613
2026-01-20 09:00:00,8.4,68.0,0.0,1.9,151.0,-0.9211382784680403,1.661777443564852
2026-01-20 10:00:00,9.2,51.0,0.0,3.1,280.0,3.052904034337845,-0.5383093507674841
2026-01-20 11:00:00,10.6,46.0,0.0,5.2,284.0,5.045537776635181,-1.2579938571182723
2026-01-20 12:00:00,10.4,53.0,0.0,6.3,270.0,6.3,0.0
2026-01-20 13:00:00,9.4,67.0,0.0,5.9,258.0,5.771070844329454,1.2266789758247802
2026-01-20 14:00:00,8.5,79.0,0.3,5.4,274.0,5.386845871403051,-0.37668495821827663
2026-01-20 15:00:00,7.3,87.0,0.7000000000000001,5.2,282.0,5.08636752381579,-1.0811407922523486
2026-01-20 16:00:00,5.5,97.0,0.6,3.1,301.0,2.6572186321765483,-1.5966180322211678
2026-01-20 17:00:00,4.8,97.0,0.3,0.9,307.0,0.7187719590425635,-0.5416335208368435
2026-01-20 18:00:00,4.5,97.0,0.1,1.5,30.0,-0.7500000000000007,-1.2990381056766576
2026-01-20 19:00:00,4.2,99.0,0.2,2.1,75.0,-2.0284442352070435,-0.5435199947152937
2026-01-20 20:00:00,4.0,98.0,0.2,2.5,135.0,-1.7677669529663687,1.7677669529663689
2026-01-20 21:00:00,4.0,96.0,0.3,2.3,119.0,-2.01162532642061,1.1150621265665754
2026-01-20 22:00:00,4.1,96.0,0.2,1.4,130.0,-1.072462220366569,0.8999026535611552
2026-01-20 23:00:00,3.7,90.0,0.0,1.7000000000000002,122.0,-1.4416817634659242,0.9008627491964484
2026-01-21 00:00:00,2.6,92.0,0.0,1.6,117.0,-1.4256104387013886,0.7263847995832751
2026-01-21 01:00:00,1.7000000000000002,91.0,0.0,3.0,115.0,-2.7189233611099497,1.2678547852220985
2026-01-21 02:00:00,0.7000000000000001,84.0,0.0,4.8,112.0,-4.450482501920579,1.7981116483963786
2026-01-21 03:00:00,-0.30000000000000004,86.0,0.0,3.2,109.0,-3.025659441917814,1.0418180942629012
2026-01-21 04:00:00,-0.5,87.0,0.0,3.1,111.0,-2.8940993221413254,1.1109406435904308
2026-01-21 05:00:00,-0.1,81.0,0.0,2.2,114.0,-2.009800006813722,0.894820614766761
2026-01-21 06:00:00,1.1,73.0,0.0,1.5,111.0,-1.4003706397458027,0.5375519243179503
2026-01-21 07:00:00,1.4,73.0,0.0,2.1,110.0,-1.9733545036504077,0.7182423009839046
2026-01-21 08:00:00,4.0,78.0,0.0,3.5,111.0,-3.267531492740206,1.2542878234085508
2026-01-21 09:00:00,5.4,79.0,0.0,2.5,98.0,-2.475670171853926,0.3479327524001633
2026-01-21 10:00:00,7.6,60.0,0.0,3.2,357.0,0.1674750599774207,-3.1956145112146364
2026-01-21 11:00:00,8.3,59.0,0.0,5.1,318.0,3.412566092430177,-3.7900386099347103
2026-01-21 12:00:00,7.7,63.0,0.0,5.3,308.0,4.176456994115626,-3.263005819225989
2026-01-21 13:00:00,7.0,70.0,0.0,4.7,302.0,3.9858260519352022,-2.490620541896063
2026-01-21 14:00:00,6.8,70.0,0.2,3.3,276.0,3.2819222547153015,-0.3449439287832564
2026-01-21 15:00:00,6.1,77.0,0.0,1.7000000000000002,328.0,0.9008627491964484,-1.4416817634659242
2026-01-21 16:00:00,5.9,71.0,0.0,1.0,31.0,-0.5150380749100545,-0.8571673007021121
2026-01-21 17:00:00,4.8,75.0,0.0,0.7000000000000001,90.0,-0.7000000000000001,8.572527594031473e-17
2026-01-21 18:00:00,2.2,87.0,0.0,1.3,146.0,-0.7269507745119708,1.0777488443215544
2026-01-21 19:00:00,1.9,85.0,0.0,4.4,128.0,-3.4672473158695767,2.708910491432897
2026-01-21 20:00:00,2.1,86.0,0.0,1.8,174.0,-0.1881512338817764,1.790139411662892
2026-01-21 21:00:00,1.8,84.0,0.0,1.4,130.0,-1.072462220366569,0.8999026535611552
2026-01-21 22:00:00,1.8,84.0,0.0,1.5,120.0,-1.299038105676658,0.7499999999999999
2026-01-21 23:00:00,1.0,85.0,0.0,1.9,124.0,-1.575171387854579,1.0624665165944192
2026-01-22 00:00:00,0.7000000000000001,85.0,0.0,1.6,117.0,-1.4256104387013886,0.7263847995832751
2026-01-22 01:00:00,0.7000000000000001,84.0,0.0,1.0,121.0,-0.8571673007021122,0.5150380749100544
2026-01-22 02:00:00,1.2,84.0,0.0,1.0,135.0,-0.7071067811865475,0.7071067811865476
2026-01-22 03:00:00,2.1,82.0,0.0,0.6000000000000001,108.0,-0.5706339097770922,0.18541019662496852
2026-01-22 04:00:00,1.9,85.0,0.1,2.7,86.0,-2.6934229357015256,-0.18834247910913826
2026-01-22 05:00:00,1.9,87.0,0.0,4.0,98.0,-3.9610722749662814,0.5566924038402613
2026-01-22 06:00:00,2.2,86.0,0.0,6.0,99.0,-5.926130043570826,0.9386067902413859
2026-01-22 07:00:00,2.2,88.0,0.0,4.8,110.0,-4.51052457977236,1.6416966879632107
2026-01-22 08:00:00,3.6,80.0,0.0,2.9,173.0,-0.35342109587492737,2.878383839759834
2026-01-22 09:00:00,4.4,78.0,0.0,1.7000000000000002,148.0,-0.9008627491964483,1.4416817634659245
2026-01-22 10:00:00,6.1,69.0,0.0,2.4,279.0,2.3704520174283306,-0.37544271609655405
2026-01-22 11:00:00,6.4,70.0,0.1,3.5,291.0,3.267531492740206,-1.2542878234085508
2026-01-22 12:00:00,6.1,73.0,0.1,1.8,259.0,1.7669289302057951,0.34345619167778063
2026-01-22 13:00:00,6.4,68.0,0.0,4.0,267.0,3.9945181390182953,0.20934382497177534
2026-01-22 14:00:00,5.4,70.0,0.1,2.7,247.0,2.485363104321589,1.0549740469210394
2026-01-22 15:00:00,5.1,74.0,0.0,3.7,256.0,3.590094187221187,0.8951110137187707
2026-01-22 16:00:00,3.7,85.0,0.0,2.8,207.0,1.271173399270731,2.4948182677274295
2026-01-22 17:00:00,3.3,89.0,0.0,2.8,195.0,0.7246933262870581,2.7045923136093912
2026-01-22 18:00:00,2.9,90.0,0.0,4.1,165.0,-1.0611580849203355,3.96029588778518
2026-01-22 19:00:00,3.2,89.0,0.0,2.9,158.0,-1.086359120906145,2.6888331782436836
2026-01-22 20:00:00,2.5,90.0,0.1,2.1,149.0,-1.081579957311114,1.800051331474436
2026-01-22 21:00:00,2.3,93.0,0.1,1.7000000000000002,162.0,-0.5253288904374105,1.6167960777017614
2026-01-22 22:00:00,2.2,92.0,0.0,2.6,164.0,-0.7166571251241975,2.499280409439629
2026-01-22 23:00:00,2.2,92.0,0.0,3.5,145.0,-2.0075175272286616,2.867032155011471
2026-01-23 00:00:00,0.8,93.0,0.0,4.0,122.0,-3.392192384625704,2.1196770569328196
2026-01-23 01:00:00,0.7000000000000001,93.0,0.0,4.5,127.0,-3.5938597952128184,2.708167604184217
2026-01-23 02:00:00,1.6,84.0,0.0,3.2,142.0,-1.9701167210421067,2.521634411541511
2026-01-23 03:00:00,1.2,86.0,0.1,4.1,135.0,-2.8991378028648445,2.899137802864845
2026-01-23 04:00:00,1.3,83.0,0.1,3.9,133.0,-2.8522794363147645,2.6597936042437444
2026-01-23 05:00:00,0.9,85.0,0.0,3.3,131.0,-2.4905416147351476,2.1649947956686737
2026-01-23 06:00:00,0.7000000000000001,83.0,0.0,3.8,121.0,-3.2572357426680263,1.9571446846582066
2026-01-23 07:00:00,0.5,88.0,0.0,3.5,125.0,-2.8670321550114717,2.0075175272286607
2026-01-23 08:00:00,3.1,89.0,0.0,2.2,189.0,0.34415582308850806,2.1729143493093033
2026-01-23 09:00:00,4.4,81.0,0.0,1.9,209.0,0.9211382784680405,1.6617774435648518
2026-01-23 10:00:00,6.2,65.0,0.0,3.6,276.0,3.580278823325784,-0.37630246776355253
2026-01-23 11:00:00,8.0,54.0,0.0,6.1,282.0,5.966700364476214,-1.2682613139883319
2026-01-23 12:00:00,8.7,53.0,0.0,7.9,282.0,7.727366045797066,-1.6425023574602988
2026-01-23 13:00:00,8.1,63.0,0.0,7.3,286.0,7.017210380349728,-2.012152697464094
2026-01-23 14:00:00,6.5,77.0,0.3,6.9,275.0,6.873743416833045,-0.6013746249588414
2026-01-23 15:00:00,5.5,86.0,0.2,4.5,270.0,4.5,0.0
2026-01-23 16:00:00,4.6,95.0,0.5,4.6,279.0,4.543366366737634,-0.7195985391850619
2026-01-23 17:00:00,3.6,98.0,0.2,4.0,297.0,3.5640260967534716,-1.815961998958187
2026-01-23 18:00:00,3.1,98.0,0.0,0.4,297.0,0.3564026096753472,-0.1815961998958187
2026-01-23 19:00:00,3.3,98.0,0.1,1.7000000000000002,238.0,1.4416817634659242,0.9008627491964484
2026-01-23 20:00:00,3.7,98.0,0.1,1.7000000000000002,221.0,1.1153003492838625,1.2830062863787126
2026-01-23 21:00:00,3.7,97.0,0.4,1.6,186.0,0.16724554122824553,1.5912350325892373
2026-01-23 22:00:00,3.8,95.0,0.2,0.8,207.0,0.3631923997916375,0.7128052193506943
2026-01-23 23:00:00,3.8,94.0,0.1,1.1,180.0,6.735557395310444e-17,1.1
2026-01-24 00:00:00,3.8,94.0,0.0,0.9,233.0,0.7187719590425635,0.5416335208368435
2026-01-24 01:00:00,3.0,95.0,0.1,1.4,157.0,-0.5470235798849833,1.2887067948334163
2026-01-24 02:00:00,3.2,96.0,0.0,0.5,135.0,-0.35355339059327373,0.3535533905932738
2026-01-24 03:00:00,2.4,98.0,0.1,1.0,121.0,-0.8571673007021122,0.5150380749100544
2026-01-24 04:00:00,1.3,96.0,0.1,1.8,127.0,-1.4375439180851273,1.0832670416736867
2026-01-24 05:00:00,1.2,95.0,0.1,2.1,128.0,-1.654822582574116,1.2928890981838828
2026-01-24 06:00:00,1.4,91.0,0.0,2.8,130.0,-2.144924440733138,1.7998053071223103
2026-01-24 07:00:00,1.2,96.0,0.0,2.9,133.0,-2.1209257346955943,1.9777952441812459
2026-01-24 08:00:00,3.4,93.0,0.0,3.4,148.0,-1.8017254983928963,2.8833635269318485
2026-01-24 09:00:00,5.3,86.0,0.0,3.6,210.0,1.8000000000000005,3.117691453623979
2026-01-24 10:00:00,7.4,66.0,0.0,4.2,250.0,3.9467090073008158,1.4364846019678086
2026-01-24 11:00:00,9.1,58.0,0.0,6.9,256.0,6.695040511304376,1.6692610796377074
2026-01-24 12:00:00,9.4,54.0,0.0,7.4,269.0,7.398872944157295,0.129147807635898
2026-01-24 13:00:00,8.8,66.0,0.1,7.6,288.0,7.228029523843166,-2.3485291572496
2026-01-24 14:00:00,7.8,78.0,0.4,7.5,290.0,7.047694655894313,-2.5651510749425155
2026-01-24 15:00:00,7.0,82.0,0.2,5.4,290.0,5.074340152243906,-1.8469087739586112
2026-01-24 16:00:00,6.2,87.0,0.1,4.1,285.0,3.96029588778518,-1.061158084920335
2026-01-24 17:00:00,5.5,90.0,0.0,3.2,317.0,2.182394752199995,-2.3403318451813457
2026-01-24 18:00:00,3.6,99.0,0.0,0.4,63.0,-0.3564026096753472,-0.18159619989581868
2026-01-24 19:00:00,1.8,99.0,0.0,2.7,118.0,-2.383958500719103,1.267573219521905
2026-01-24 20:00:00,3.1,93.0,0.0,1.0,112.0,-0.9271838545667873,0.37460659341591224
2026-01-24 21:00:00,2.8,87.0,0.0,1.5,120.0,-1.299038105676658,0.7499999999999999
2026-01-24 22:00:00,1.6,86.0,0.0,2.1,121.0,-1.8000513314744357,1.0815799573111142
2026-01-24 23:00:00,0.5,89.0,0.0,1.4,113.0,-1.2887067948334165,0.5470235798849833
2026-01-25 00:00:00,-0.30000000000000004,92.0,0.0,1.3,124.0,-1.0777488443215542,0.726950774511971
2026-01-25 01:00:00,-0.8,94.0,0.0,1.7000000000000002,122.0,-1.4416817634659242,0.9008627491964484
2026-01-25 02:00:00,0.1,95.0,0.0,1.2,117.0,-1.0692078290260414,0.5447885996874562
2026-01-25 03:00:00,-0.30000000000000004,94.0,0.0,1.5,120.0,-1.299038105676658,0.7499999999999999
2026-01-25 04:00:00,-0.7000000000000001,94.0,0.0,2.1,110.0,-1.9733545036504077,0.7182423009839046
2026-01-25 05:00:00,-1.1,93.0,0.0,3.5,111.0,-3.267531492740206,1.2542878234085508
2026-01-25 06:00:00,-1.1,92.0,0.0,2.0,117.0,-1.7820130483767356,0.9079809994790937
2026-01-25 07:00:00,-0.5,92.0,0.0,2.3,119.0,-2.01162532642061,1.1150621265665754
2026-01-25 08:00:00,5.3,85.0,0.0,3.6,99.0,-3.5556780261424956,0.5631640741448315
2026-01-25 09:00:00,7.9,74.0,0.0,1.5,76.0,-1.4554435894139948,-0.3628828433995013
2026-01-25 10:00:00,10.2,63.0,0.0,1.9,338.0,0.7117525274902327,-1.761649323676896
2026-01-25 11:00:00,10.1,67.0,0.0,3.9,283.0,3.8000432526624173,-0.8773091119410735
2026-01-25 12:00:00,10.5,70.0,0.1,6.4,288.0,6.086761704288983,-1.9777087639996633
2026-01-25 13:00:00,8.6,91.0,1.0,7.9,290.0,7.423571704208677,-2.701959132272783
2026-01-25 14:00:00,6.6,100.0,1.4,6.4,292.0,5.93397666922744,-2.397482197861837
2026-01-25 15:00:00,6.3,100.0,0.8,5.0,311.0,3.77354790111386,-3.2802951449525364
2026-01-25 16:00:00,6.0,96.0,0.2,3.4,354.0,0.35539677511002177,-3.381374444252129
2026-01-25 17:00:00,5.8,99.0,0.0,2.7,28.0,-1.2675732195219052,-2.383958500719103
2026-01-25 18:00:00,5.6,98.0,0.0,0.4,333.0,0.18159619989581874,-0.35640260967534715
2026-01-25 19:00:00,5.4,98.0,0.1,2.3,162.0,-0.7107390870623789,2.187429987478853
2026-01-25 20:00:00,5.5,96.0,0.1,1.1,162.0,-0.3399186938124421,1.046162167924669
2026-01-25 21:00:00,5.8,94.0,0.0,1.1,171.0,-0.17207791154425392,1.0864571746546516
2026-01-25 22:00:00,5.7,95.0,0.0,0.5,180.0,3.061616997868383e-17,0.5
2026-01-25 23:00:00,5.5,95.0,0.0,0.30000000000000004,135.0,-0.21213203435596428,0.2121320343559643
2026-01-26 00:00:00,5.3,95.0,0.0,0.2,90.0,-0.2,2.4492935982947065e-17
2026-01-26 01:00:00,3.6,98.0,0.0,1.7000000000000002,108.0,-1.6167960777017611,0.5253288904374108
2026-01-26 02:00:00,3.8,98.0,0.0,0.7000000000000001,90.0,-0.7000000000000001,8.572527594031473e-17
2026-01-26 03:00:00,2.5,100.0,0.0,1.9,107.0,-1.8169790363297675,0.5555062389731995
2026-01-26 04:00:00,2.3,99.0,0.0,3.1,118.0,-2.7371375378626737,1.4553618446362613
2026-01-26 05:00:00,2.0,100.0,0.0,6.6,116.0,-5.932040705574502,2.89324956880791
2026-01-26 06:00:00,0.9,99.0,0.0,6.6,116.0,-5.932040705574502,2.89324956880791
2026-01-26 07:00:00,0.5,97.0,0.0,4.7,113.0,-4.32637281122647,1.8364363038995868
2026-01-26 08:00:00,4.7,96.0,0.0,5.8,106.0,-5.57531783644225,1.5986966637385953
2026-01-26 09:00:00,8.8,86.0,0.0,3.4,93.0,-3.395340418165551,0.17794225122600893
2026-01-26 10:00:00,9.5,62.0,0.0,3.5,351.0,0.5475206276408082,-3.456909192082982
2026-01-26 11:00:00,10.5,55.0,0.0,6.1,332.0,2.863776532993934,-5.385980316439453
2026-01-26 12:00:00,11.1,59.0,0.0,6.5,328.0,3.4444752175158317,-5.512312625016769
2026-01-26 13:00:00,11.1,58.0,0.0,7.6,332.0,3.5679838771727703,-6.710401705727844
2026-01-26 14:00:00,9.0,73.0,0.1,6.5,328.0,3.4444752175158317,-5.512312625016769
2026-01-26 15:00:00,9.3,70.0,0.0,4.5,360.0,2.755455298081545e-16,-4.5
2026-01-26 16:00:00,9.1,68.0,0.0,3.7,346.0,0.8951110137187704,-3.590094187221187
2026-01-26 17:00:00,7.6,82.0,0.0,2.2,325.0,1.2618681599723016,-1.802134497435782
2026-01-26 18:00:00,4.9,91.0,0.0,1.5,120.0,-1.299038105676658,0.7499999999999999
2026-01-26 19:00:00,3.4,91.0,0.0,3.3,126.0,-2.6697560814373262,1.9396913325651617
2026-01-26 20:00:00,4.2,93.0,0.0,0.2,90.0,-0.2,2.4492935982947065e-17
2026-01-26 21:00:00,3.3,95.0,0.0,2.0,117.0,-1.7820130483767356,0.9079809994790937
2026-01-26 22:00:00,3.0,95.0,0.0,3.0,115.0,-2.7189233611099497,1.2678547852220985
2026-01-26 23:00:00,2.8,92.0,0.0,1.4,113.0,-1.2887067948334165,0.5470235798849833
2026-01-27 00:00:00,2.1,94.0,0.0,1.9,112.0,-1.7616493236768958,0.7117525274902332
2026-01-27 01:00:00,1.8,93.0,0.0,2.6,115.0,-2.3564002462952898,1.0988074805258188
2026-01-27 02:00:00,3.1,90.0,0.0,3.1,114.0,-2.831990918692062,1.2608835935349814
2026-01-27 03:00:00,2.2,91.0,0.0,3.2,109.0,-3.025659441917814,1.0418180942629012
2026-01-27 04:00:00,1.2,91.0,0.0,3.5,114.0,-3.197409101749103,1.4235782507653014
2026-01-27 05:00:00,2.2,84.0,0.0,3.6,123.0,-3.019214044603526,1.9607005260540984
2026-01-27 06:00:00,0.9,85.0,0.0,2.7,122.0,-2.28972985962235,1.4307820134296534
2026-01-27 07:00:00,1.9,78.0,0.0,2.6,124.0,-2.1554976886431083,1.453901549023942
2026-01-27 08:00:00,6.8,68.0,0.0,1.3,135.0,-0.9192388155425117,0.9192388155425119
2026-01-27 09:00:00,8.3,66.0,0.0,3.2,251.0,3.025659441917814,1.0418180942629014
2026-01-27 10:00:00,10.1,58.0,0.0,5.9,272.0,5.896405879412665,-0.20590703054475573
2026-01-27 11:00:00,11.5,55.0,0.0,6.8,273.0,6.790680836331102,-0.3558845024520181
2026-01-27 12:00:00,11.6,58.0,0.0,8.5,270.0,8.5,0.0
2026-01-27 13:00:00,9.5,76.0,0.2,6.4,254.0,6.1520748540052415,1.7640790772287946
2026-01-27 14:00:00,8.0,83.0,0.1,5.4,264.0,5.370418234988676,0.5644537016453288
2026-01-27 15:00:00,8.4,79.0,0.1,5.8,261.0,5.728592375451799,0.9073198972333391
2026-01-27 16:00:00,7.8,82.0,0.2,5.3,258.0,5.18418228388917,1.1019319613341245
2026-01-27 17:00:00,6.6,90.0,0.2,3.8,253.0,3.6339580726595346,1.1110124779463997
2026-01-27 18:00:00,4.6,99.0,0.0,0.5,180.0,3.061616997868383e-17,0.5
2026-01-27 19:00:00,3.1,99.0,0.0,3.1,135.0,-2.192031021678297,2.1920310216782974
2026-01-27 20:00:00,2.6,99.0,0.0,2.2,125.0,-1.8021344974357822,1.2618681599723012
2026-01-27 21:00:00,1.2,99.0,0.0,4.0,120.0,-3.464101615137755,1.9999999999999998
2026-01-27 22:00:00,1.5,95.0,0.0,3.0,115.0,-2.7189233611099497,1.2678547852220985
2026-01-27 23:00:00,1.9,95.0,0.0,2.5,120.0,-2.165063509461097,1.2499999999999998
2026-01-28 00:00:00,2.8,95.0,0.0,2.9,133.0,-2.1209257346955943,1.9777952441812459
2026-01-28 01:00:00,2.9,95.0,0.0,3.7,137.0,-2.523393932231244,2.7060086959909313
2026-01-28 02:00:00,3.5,94.0,0.0,3.6,135.0,-2.545584412271571,2.5455844122715714
2026-01-28 03:00:00,3.6,93.0,0.2,1.5,135.0,-1.0606601717798212,1.0606601717798214
2026-01-28 04:00:00,4.1,89.0,0.1,2.1,142.0,-1.2928890981838825,1.6548225825741163
2026-01-28 05:00:00,4.3,89.0,0.0,2.8,130.0,-2.144924440733138,1.7998053071223103
2026-01-28 06:00:00,4.3,87.0,0.1,1.1,99.0,-1.0864571746546514,0.1720779115442541
2026-01-28 07:00:00,4.3,89.0,0.2,2.2,138.0,-1.4720873339894882,1.6349186160502676
2026-01-28 08:00:00,4.1,95.0,0.2,5.0,150.0,-2.499999999999999,4.330127018922194
2026-01-28 09:00:00,5.1,91.0,0.1,3.5,145.0,-2.0075175272286616,2.867032155011471
2026-01-28 10:00:00,8.4,68.0,0.0,3.1,234.0,2.5079526825623373,1.8221342821066668
2026-01-28 11:00:00,9.5,60.0,0.0,4.9,262.0,4.852313536833695,0.6819481947043207
2026-01-28 12:00:00,10.8,54.0,0.0,6.4,286.0,6.1520748540052415,-1.7640790772287946
2026-01-28 13:00:00,10.3,63.0,0.0,6.9,293.0,6.351483488821839,-2.6960447865759893
2026-01-28 14:00:00,10.3,61.0,0.1,6.8,297.0,6.058844364480901,-3.087135398228918
2026-01-28 15:00:00,9.3,69.0,0.0,6.4,299.0,5.597566125692133,-3.1027815695765573
2026-01-28 16:00:00,8.1,81.0,0.1,5.6,303.0,4.696555180494374,-3.0499785960841517
2026-01-28 17:00:00,6.4,91.0,0.2,4.5,293.0,4.142271840535981,-1.7582900782017319
2026-01-28 18:00:00,4.2,99.0,0.0,0.2,270.0,0.2,0.0
2026-01-28 19:00:00,3.1,99.0,0.0,0.8,117.0,-0.7128052193506943,0.36319239979163753
2026-01-28 20:00:00,5.4,99.0,0.2,1.8,276.0,1.790139411662892,-0.18815123388177626
2026-01-28 21:00:00,5.2,97.0,0.3,1.3,304.0,1.0777488443215542,-0.726950774511971
2026-01-28 22:00:00,5.1,96.0,0.3,0.5,315.0,0.3535533905932738,-0.35355339059327373
2026-01-28 23:00:00,4.9,96.0,0.2,0.6000000000000001,288.0,0.5706339097770922,-0.18541019662496847
2026-01-29 00:00:00,4.6,97.0,0.1,0.6000000000000001,288.0,0.5706339097770922,-0.18541019662496847
2026-01-29 01:00:00,4.4,98.0,0.0,0.5,315.0,0.3535533905932738,-0.35355339059327373
2026-01-29 02:00:00,4.1,97.0,0.0,0.6000000000000001,56.0,-0.4974225435330252,-0.33551574208244805
2026-01-29 03:00:00,2.9,98.0,0.0,1.3,98.0,-1.2873484893640414,0.18092503124808493
2026-01-29 04:00:00,1.4,97.0,0.0,1.5,111.0,-1.4003706397458027,0.5375519243179503
2026-01-29 05:00:00,0.6000000000000001,93.0,0.0,1.5,111.0,-1.4003706397458027,0.5375519243179503
2026-01-29 06:00:00,0.1,90.0,0.0,2.0,117.0,-1.7820130483767356,0.9079809994790937
2026-01-29 07:00:00,-0.2,91.0,0.0,2.7,113.0,-2.485363104321589,1.0549740469210394
2026-01-29 08:00:00,4.2,96.0,0.0,2.2,81.0,-2.1729143493093033,-0.3441558230885076
2026-01-29 09:00:00,5.5,89.0,0.0,0.9,307.0,0.7187719590425635,-0.5416335208368435
2026-01-29 10:00:00,8.2,75.0,0.0,3.4,264.0,3.381374444252129,0.35539677511002177
2026-01-29 11:00:00,11.0,57.0,0.0,5.8,268.0,5.796466796710755,0.2024170808745056
2026-01-29 12:00:00,12.0,50.0,0.0,8.1,273.0,8.088899231512048,-0.42392124556784505
2026-01-29 13:00:00,12.1,47.0,0.0,7.9,246.0,7.217009115376547,3.2132194802988217
2026-01-29 14:00:00,11.7,48.0,0.0,8.6,239.0,7.371638786038166,4.429327444226465
2026-01-29 15:00:00,10.6,57.0,0.0,7.6,243.0,6.7716495838315955,3.450327798020555
2026-01-29 16:00:00,9.0,69.0,0.0,5.6,241.0,4.897870359980616,2.714933873379487
2026-01-29 17:00:00,7.8,73.0,0.0,4.3,222.0,2.8772616073430903,3.195522749552795
2026-01-29 18:00:00,5.6,83.0,0.0,3.8,161.0,-1.2371589869371953,3.592970587277404
2026-01-29 19:00:00,4.8,82.0,0.0,4.6,138.0,-3.0780007892507477,3.4184661971960133
2026-01-29 20:00:00,3.9,82.0,0.0,3.9,146.0,-2.180852323535912,3.233246532964663
2026-01-29 21:00:00,5.0,80.0,0.0,4.4,145.0,-2.5237363199446032,3.6042689948715636
2026-01-29 22:00:00,5.7,83.0,0.0,4.3,163.0,-1.2571983303077676,4.112110450641053
2026-01-29 23:00:00,6.0,87.0,0.0,4.7,164.0,-1.2954955723398955,4.517929970910099
2026-01-30 00:00:00,5.8,87.0,0.0,3.9,164.0,-1.0749856876862962,3.7489206141594438
2026-01-30 01:00:00,5.7,88.0,0.1,3.7,166.0,-0.8951110137187709,3.590094187221187
2026-01-30 02:00:00,6.4,85.0,0.1,4.7,173.0,-0.5727859140041927,4.664966912714214
2026-01-30 03:00:00,5.4,86.0,0.0,4.6,169.0,-0.877721378732106,4.515485043859254
2026-01-30 04:00:00,5.0,87.0,0.0,4.5,164.0,-1.2403681011764958,4.325677631722435
2026-01-30 05:00:00,4.4,87.0,0.0,4.0,150.0,-1.9999999999999991,3.464101615137755
2026-01-30 06:00:00,4.0,89.0,0.0,4.4,148.0,-2.331644762626101,3.731411623088275
2026-01-30 07:00:00,4.5,90.0,0.0,4.6,144.0,-2.7038121605453758,3.721478174124758
2026-01-30 08:00:00,6.2,87.0,0.0,6.2,168.0,-1.289052483070108,6.064515124549596
2026-01-30 09:00:00,7.6,88.0,0.2,7.8,184.0,0.5441004952041768,7.780999592026628
2026-01-30 10:00:00,8.9,84.0,0.1,8.4,215.0,4.818042065348788,6.880877172027532
2026-01-30 11:00:00,9.1,86.0,0.4,8.0,236.0,6.632300580440333,4.473543227765975
2026-01-30 12:00:00,8.7,88.0,0.6,6.6,241.0,5.772490067120011,3.1997434936258244
2026-01-30 13:00:00,8.5,89.0,0.6,5.1,234.0,4.125986671312232,2.997704786691613
2026-01-30 14:00:00,8.5,85.0,0.4,5.0,221.0,3.2802951449525364,3.77354790111386
2026-01-30 15:00:00,9.3,74.0,0.1,4.8,211.0,2.47218275956826,4.114403043370139
2026-01-30 16:00:00,9.0,75.0,0.0,5.0,226.0,3.596699001693256,3.4732918522949863
2026-01-30 17:00:00,7.7,82.0,0.0,3.3,229.0,2.4905416147351476,2.1649947956686737
2026-01-30 18:00:00,5.3,92.0,0.0,2.0,153.0,-0.9079809994790934,1.7820130483767358
2026-01-30 19:00:00,4.5,92.0,0.0,2.3,119.0,-2.01162532642061,1.1150621265665754
2026-01-30 20:00:00,5.8,92.0,0.0,0.5,135.0,-0.35355339059327373,0.3535533905932738
2026-01-30 21:00:00,5.7,92.0,0.0,0.4,117.0,-0.35640260967534715,0.18159619989581877
2026-01-30 22:00:00,5.5,91.0,0.0,1.5,120.0,-1.299038105676658,0.7499999999999999
2026-01-30 23:00:00,4.8,90.0,0.0,2.7,118.0,-2.383958500719103,1.267573219521905
2026-01-31 00:00:00,3.8,89.0,0.0,2.8,117.0,-2.4948182677274295,1.271173399270731
2026-01-31 01:00:00,4.0,84.0,0.0,3.2,124.0,-2.6529202321761334,1.7894172911063901
2026-01-31 02:00:00,3.5,82.0,0.0,4.1,128.0,-3.2308440897875594,2.5242120488351993
2026-01-31 03:00:00,3.7,83.0,0.0,3.7,113.0,-3.4058679577740296,1.445705175410313
2026-01-31 04:00:00,3.3,86.0,0.0,4.2,115.0,-3.80649270555393,1.774996699310938
2026-01-31 05:00:00,3.5,93.0,0.0,6.8,117.0,-6.058844364480901,3.0871353982289187
2026-01-31 06:00:00,4.5,90.0,0.2,4.8,115.0,-4.350277377775919,2.0285676563553574
2026-01-31 07:00:00,4.6,93.0,0.1,4.3,118.0,-3.796674649293386,2.01872771997933
2026-01-31 08:00:00,5.9,89.0,0.1,4.7,106.0,-4.517929970910099,1.2954955723398964
2026-01-31 09:00:00,9.0,71.0,0.0,6.3,103.0,-6.1385314081469815,1.4171916423663506
2026-01-31 10:00:00,10.9,54.0,0.0,1.7000000000000002,18.0,-0.5253288904374109,-1.6167960777017611
2026-01-31 11:00:00,11.7,53.0,0.0,4.5,310.0,3.447199994035401,-2.892544243589427
2026-01-31 12:00:00,12.7,51.0,0.0,5.9,290.0,5.54418646263686,-2.0179188456214456
2026-01-31 13:00:00,12.9,54.0,0.0,7.4,264.0,7.359462025725223,0.7735106281806358
2026-01-31 14:00:00,9.7,77.0,0.1,5.1,274.0,5.087576656325103,-0.35575801609503904
2026-01-31 15:00:00,10.7,69.0,0.0,5.6,248.0,5.192229585574009,2.097796923129107
2026-01-31 16:00:00,10.0,74.0,0.0,4.3,255.0,4.153481053042993,1.1129218939408392
2026-01-31 17:00:00,8.6,83.0,0.0,2.5,266.0,2.4939101256495606,0.17439118436031326
2026-01-31 18:00:00,5.6,96.0,0.0,0.2,90.0,-0.2,2.4492935982947065e-17
2026-01-31 19:00:00,5.0,95.0,0.0,1.1,99.0,-1.0864571746546514,0.1720779115442541
2026-01-31 20:00:00,4.6,93.0,0.0,1.0,121.0,-0.8571673007021122,0.5150380749100544
2026-01-31 21:00:00,4.6,89.0,0.0,0.30000000000000004,135.0,-0.21213203435596428,0.2121320343559643
2026-01-31 22:00:00,3.6,89.0,0.0,2.1,110.0,-1.9733545036504077,0.7182423009839046
2026-01-31 23:00:00,2.5,89.0,0.0,2.0,117.0,-1.7820130483767356,0.9079809994790937
2026-02-01 00:00:00,2.9,87.0,0.0,1.6,117.0,-1.4256104387013886,0.7263847995832751
2026-02-01 01:00:00,2.8,89.0,0.0,3.1,121.0,-2.657218632176548,1.5966180322211687
2026-02-01 02:00:00,2.3,90.0,0.0,3.3,126.0,-2.6697560814373262,1.9396913325651617
2026-02-01 03:00:00,3.5,85.0,0.0,2.3,119.0,-2.01162532642061,1.1150621265665754
2026-02-01 04:00:00,3.4,85.0,0.0,1.1,108.0,-1.0461621679246689,0.3399186938124423
2026-02-01 05:00:00,3.1,86.0,0.0,1.0,112.0,-0.9271838545667873,0.37460659341591224
2026-02-01 06:00:00,3.7,87.0,0.0,1.2,117.0,-1.0692078290260414,0.5447885996874562
2026-02-01 07:00:00,4.3,87.0,0.1,2.5,120.0,-2.165063509461097,1.2499999999999998
2026-02-01 08:00:00,5.8,88.0,0.0,4.4,128.0,-3.4672473158695767,2.708910491432897
2026-02-01 09:00:00,7.4,82.0,0.0,3.9,204.0,1.5862729079956208,3.562827284806143
2026-02-01 10:00:00,9.3,72.0,0.0,4.7,247.0,4.32637281122647,1.8364363038995868
2026-02-01 11:00:00,10.0,70.0,0.1,6.3,255.0,6.085332705621131,1.6305599841458807
2026-02-01 12:00:00,9.6,74.0,0.3,6.5,265.0,6.475265537596346,0.5665123278597781
2026-02-01 13:00:00,7.7,89.0,0.9,4.3,246.0,3.9282454678631837,1.7489675652259409
2026-02-01 14:00:00,7.5,92.0,2.6,4.8,250.0,4.51052457977236,1.6416966879632098
2026-02-01 15:00:00,7.8,92.0,1.3,4.7,230.0,3.6004088826591967,3.0211017655267347
2026-02-01 16:00:00,7.1,87.0,1.3,4.8,241.0,4.1981745942691,2.3270861771824176
2026-02-01 17:00:00,6.4,98.0,1.0,2.9,227.0,2.1209257346955943,1.9777952441812454
2026-02-01 18:00:00,5.9,97.0,0.3,2.3,151.0,-1.115062126566575,2.01162532642061
2026-02-01 19:00:00,6.1,95.0,0.5,1.6,207.0,0.726384799583275,1.4256104387013886
2026-02-01 20:00:00,5.8,99.0,0.4,2.8,165.0,-0.7246933262870583,2.7045923136093912
2026-02-01 21:00:00,5.8,97.0,0.2,2.1,165.0,-0.5435199947152938,2.0284442352070435
2026-02-01 22:00:00,5.9,95.0,0.1,1.9,146.0,-1.0624665165944187,1.5751713878545792
2026-02-01 23:00:00,6.2,93.0,0.2,1.0,239.0,0.8571673007021123,0.5150380749100542
2026-02-02 00:00:00,6.0,93.0,0.2,1.2,231.0,0.9325751537483651,0.7551844692598049
2026-02-02 01:00:00,6.0,93.0,0.1,1.9,151.0,-0.9211382784680403,1.661777443564852
2026-02-02 02:00:00,6.0,93.0,0.1,1.5,144.0,-0.8816778784387096,1.2135254915624212
2026-02-02 03:00:00,5.9,91.0,0.4,0.7000000000000001,256.0,0.6792070083931976,0.16934532691976742
2026-02-02 04:00:00,5.3,96.0,0.6,1.2,333.0,0.5447885996874562,-1.0692078290260414
2026-02-02 05:00:00,4.8,99.0,0.5,1.8,11.0,-0.3434561916777803,-1.7669289302057951
2026-02-02 06:00:00,4.8,98.0,0.3,2.0,80.0,-1.969615506024416,-0.34729635533386094
2026-02-02 07:00:00,5.2,94.0,0.4,1.1,18.0,-0.33991869381244233,-1.0461621679246689
2026-02-02 08:00:00,4.4,99.0,0.7000000000000001,5.1,356.0,0.35575801609503865,-5.087576656325103
2026-02-02 09:00:00,4.9,98.0,0.3,3.0,57.0,-2.516011703836272,-1.6339171050450814
2026-02-02 10:00:00,6.0,93.0,0.2,1.4,130.0,-1.072462220366569,0.8999026535611552
2026-02-02 11:00:00,6.8,87.0,0.0,2.5,188.0,0.34793275240016364,2.475670171853926
2026-02-02 12:00:00,8.4,77.0,0.0,3.8,239.0,3.2572357426680267,1.9571446846582057
2026-02-02 13:00:00,9.7,68.0,0.2,6.6,249.0,6.161630814881531,2.365228466998982
2026-02-02 14:00:00,8.6,75.0,0.3,6.5,256.0,6.306922220793977,1.5724923213978403
2026-02-02 15:00:00,8.1,77.0,0.2,4.3,242.0,3.796674649293386,2.0187277199793305
2026-02-02 16:00:00,8.1,75.0,0.1,3.6,237.0,3.0192140446035265,1.9607005260540975
2026-02-02 17:00:00,7.9,76.0,0.0,2.5,278.0,2.475670171853926,-0.3479327524001636
2026-02-02 18:00:00,5.4,84.0,0.0,0.5,315.0,0.3535533905932738,-0.35355339059327373
2026-02-02 19:00:00,4.6,87.0,0.0,0.8,135.0,-0.565685424949238,0.5656854249492381
2026-02-02 20:00:00,4.6,89.0,0.0,1.0,135.0,-0.7071067811865475,0.7071067811865476
2026-02-02 21:00:00,4.4,88.0,0.0,1.0,135.0,-0.7071067811865475,0.7071067811865476
2026-02-02 22:00:00,3.8,91.0,0.0,0.8,117.0,-0.7128052193506943,0.36319239979163753
2026-02-02 23:00:00,3.1,92.0,0.0,2.0,117.0,-1.7820130483767356,0.9079809994790937
2026-02-03 00:00:00,2.9,92.0,0.0,2.7,113.0,-2.485363104321589,1.0549740469210394
2026-02-03 01:00:00,0.9,95.0,0.0,4.4,111.0,-4.107753876587688,1.5768189779993211
2026-02-03 02:00:00,2.0,94.0,0.0,3.6,108.0,-3.4238034586625528,1.112461179749811
2026-02-03 03:00:00,1.7000000000000002,95.0,0.0,4.2,108.0,-3.994437368439645,1.2978713763747796
2026-02-03 04:00:00,0.0,98.0,0.0,1.0,112.0,-0.9271838545667873,0.37460659341591224
2026-02-03 05:00:00,-0.4,97.0,0.0,1.8,114.0,-1.6443818237566814,0.7321259575364408
2026-02-03 06:00:00,0.4,94.0,0.0,1.5,111.0,-1.4003706397458027,0.5375519243179503
2026-02-03 07:00:00,1.0,91.0,0.0,1.6,117.0,-1.4256104387013886,0.7263847995832751
2026-02-03 08:00:00,6.0,78.0,0.0,3.6,139.0,-2.361812504365826,2.7169544888019797
2026-02-03 09:00:00,7.9,68.0,0.0,4.6,222.0,3.0780007892507477,3.4184661971960133
2026-02-03 10:00:00,9.1,60.0,0.0,6.1,247.0,5.6150796060598855,2.3834598837845697
2026-02-03 11:00:00,9.8,59.0,0.0,6.7,250.0,6.295940559265587,2.2915349602819806
2026-02-03 12:00:00,9.5,67.0,0.0,6.8,245.0,6.162892951849219,2.873804179836756
2026-02-03 13:00:00,9.8,68.0,0.0,6.2,244.0,5.572523087054836,2.71790111009228
2026-02-03 14:00:00,8.7,72.0,0.0,4.8,259.0,4.711810480548787,0.915883177807415
2026-02-03 15:00:00,7.2,82.0,0.2,4.1,225.0,2.899137802864845,2.8991378028648445
2026-02-03 16:00:00,6.9,83.0,0.1,4.1,209.0,1.987719443009982,3.585940799271522
2026-02-03 17:00:00,6.4,83.0,0.0,4.2,192.0,0.8732291014345898,4.108219923081983
2026-02-03 18:00:00,5.1,89.0,0.0,3.4,164.0,-0.9371670097777968,3.2682897661902843
2026-02-03 19:00:00,3.4,91.0,0.0,4.4,145.0,-2.5237363199446032,3.6042689948715636
2026-02-03 20:00:00,4.9,96.0,0.0,5.8,160.0,-1.9837168312888784,5.450217200558269
2026-02-03 21:00:00,4.6,95.0,0.0,5.7,148.0,-3.020539806129267,4.8338741480916285
2026-02-03 22:00:00,3.2,94.0,0.0,5.5,139.0,-3.6083246594477894,4.150902691225246
2026-02-03 23:00:00,2.2,86.0,0.0,4.1,135.0,-2.8991378028648445,2.899137802864845
2026-02-04 00:00:00,2.2,81.0,0.0,4.1,135.0,-2.8991378028648445,2.899137802864845
2026-02-04 01:00:00,2.1,82.0,0.0,3.7,137.0,-2.523393932231244,2.7060086959909313
2026-02-04 02:00:00,2.2,85.0,0.0,2.5,135.0,-1.7677669529663687,1.7677669529663689
2026-02-04 03:00:00,1.9,87.0,0.0,2.8,125.0,-2.293625724009177,1.6060140217829286
2026-02-04 04:00:00,1.3,88.0,0.0,2.7,122.0,-2.28972985962235,1.4307820134296534
2026-02-04 05:00:00,1.5,88.0,0.0,3.1,121.0,-2.657218632176548,1.5966180322211687
2026-02-04 06:00:00,1.5,86.0,0.0,3.6,123.0,-3.019214044603526,1.9607005260540984
2026-02-04 07:00:00,1.6,85.0,0.0,3.6,127.0,-2.8750878361702545,2.1665340833473734
2026-02-04 08:00:00,5.4,84.0,0.0,4.6,138.0,-3.0780007892507477,3.4184661971960133
2026-02-04 09:00:00,6.6,78.0,0.0,3.7,166.0,-0.8951110137187709,3.590094187221187
2026-02-04 10:00:00,9.4,59.0,0.0,5.1,219.0,3.209533994354171,3.963444403430551
2026-02-04 11:00:00,11.3,53.0,0.0,6.0,241.0,5.247718242836374,2.9088577214780225
2026-02-04 12:00:00,11.5,55.0,0.0,5.1,247.0,4.694574752607446,1.9927287552952961
2026-02-04 13:00:00,11.4,61.0,0.0,4.3,228.0,3.195522749552795,2.8772616073430903
2026-02-04 14:00:00,11.2,59.0,0.0,5.4,220.0,3.471053092307313,4.136639992842482
2026-02-04 15:00:00,10.9,59.0,0.0,5.8,206.0,2.542552651376649,5.213005468535169
2026-02-04 16:00:00,10.4,60.0,0.0,5.9,215.0,3.3841009744711728,4.8329970613050515
2026-02-04 17:00:00,8.5,71.0,0.0,3.8,221.0,2.4930243101639276,2.8678964048465336
2026-02-04 18:00:00,5.6,84.0,0.0,3.6,160.0,-1.2312725159724074,3.3828934348292705
2026-02-04 19:00:00,3.7,84.0,0.0,5.9,137.0,-4.023790324368741,4.314986839553106
2026-02-04 20:00:00,3.5,82.0,0.0,5.3,142.0,-3.263005819225989,4.176456994115626
2026-02-04 21:00:00,4.9,69.0,0.0,4.5,143.0,-2.7081676041842178,3.593859795212817
2026-02-04 22:00:00,5.0,66.0,0.0,4.8,138.0,-3.2118269105225195,3.5670951622914924
2026-02-04 23:00:00,3.9,74.0,0.0,6.2,139.0,-4.067565979741144,4.679199397381187
2026-02-05 00:00:00,5.3,76.0,0.0,5.7,143.0,-3.430345631966676,4.552222407269569
2026-02-05 01:00:00,3.9,83.0,0.0,5.8,141.0,-3.6500582680890563,4.507446576450432
2026-02-05 02:00:00,5.5,90.0,0.0,6.3,156.0,-2.5624408513775414,5.755336383148386
2026-02-05 03:00:00,5.3,89.0,0.0,6.6,143.0,-3.971979152803519,5.270994366312132
2026-02-05 04:00:00,5.2,93.0,0.0,6.8,140.0,-4.370955745868468,5.20910221320905
2026-02-05 05:00:00,6.1,87.0,0.0,8.2,142.0,-5.048424097670398,6.46168817957512
2026-02-05 06:00:00,5.2,89.0,0.0,7.0,138.0,-4.683914244512008,5.20201377834176
2026-02-05 07:00:00,4.8,87.0,0.0,6.4,133.0,-4.6806636903626915,4.364789504399991
2026-02-05 08:00:00,7.9,80.0,0.0,6.2,163.0,-1.8127045692809673,5.92908948697082
2026-02-05 09:00:00,10.3,66.0,0.0,5.8,196.0,1.598696663738595,5.57531783644225
2026-02-05 10:00:00,11.8,57.0,0.0,7.0,215.0,4.015035054457323,5.7340643100229425
2026-02-05 11:00:00,13.6,50.0,0.0,7.8,224.0,5.418335289580178,5.610850442641478
2026-02-05 12:00:00,14.5,42.0,0.0,8.5,228.0,6.316731016557851,5.6876101540502955
2026-02-05 13:00:00,14.2,52.0,0.0,8.5,226.0,6.1143883028785355,5.904596148901477
2026-02-05 14:00:00,13.4,61.0,0.0,7.0,230.0,5.362311101832846,4.499513267805774
2026-02-05 15:00:00,12.7,68.0,0.0,5.7,221.0,3.739536465245892,4.301844607269801
2026-02-05 16:00:00,11.7,72.0,0.0,5.1,216.0,2.997704786691613,4.125986671312232
2026-02-05 17:00:00,10.1,80.0,0.0,3.9,204.0,1.5862729079956208,3.562827284806143
2026-02-05 18:00:00,7.1,89.0,0.0,3.1,156.0,-1.260883593534981,2.8319909186920627
2026-02-05 19:00:00,6.8,83.0,0.0,2.8,125.0,-2.293625724009177,1.6060140217829286
2026-02-05 20:00:00,5.0,86.0,0.0,2.4,126.0,-1.9416407864998735,1.4106846055019358
2026-02-05 21:00:00,5.0,73.0,0.0,3.1,126.0,-2.507952682562337,1.822134282106667
2026-02-05 22:00:00,5.6,60.0,0.0,3.1,126.0,-2.507952682562337,1.822134282106667
2026-02-05 23:00:00,4.3,49.0,0.0,3.5,129.0,-2.720010865099398,2.2026213686744307
2026-02-06 00:00:00,4.5,41.0,0.0,3.7,125.0,-3.0308625638692703,2.12223281449887
2026-02-06 01:00:00,4.7,41.0,0.0,3.4,122.0,-2.883363526931848,1.8017254983928965
2026-02-06 02:00:00,3.5,42.0,0.0,3.2,124.0,-2.6529202321761334,1.7894172911063901
2026-02-06 03:00:00,3.2,47.0,0.0,2.7,118.0,-2.383958500719103,1.267573219521905
2026-02-06 04:00:00,3.8,52.0,0.0,3.5,125.0,-2.8670321550114717,2.0075175272286607
2026-02-06 05:00:00,3.1,56.0,0.0,3.9,124.0,-3.2332465329646625,2.180852323535913
2026-02-06 06:00:00,2.3,63.0,0.0,4.4,117.0,-3.920428706428819,1.9975581988540063
2026-02-06 07:00:00,2.3,68.0,0.0,4.4,117.0,-3.920428706428819,1.9975581988540063
2026-02-06 08:00:00,7.8,60.0,0.0,5.5,131.0,-4.150902691225246,3.6083246594477902
2026-02-06 09:00:00,10.9,53.0,0.0,4.9,182.0,0.1710075338422553,4.897015052393569
2026-02-06 10:00:00,12.8,48.0,0.0,5.9,232.0,4.64926344627966,3.6324027044213842
2026-02-06 11:00:00,13.4,53.0,0.0,6.7,250.0,6.295940559265587,2.2915349602819806
2026-02-06 12:00:00,13.3,53.0,0.0,6.4,238.0,5.4275078154011265,3.3914832910925115
2026-02-06 13:00:00,13.7,52.0,0.0,6.9,229.0,5.207496103537127,4.5268073000345
2026-02-06 14:00:00,11.8,69.0,0.0,5.1,228.0,3.7900386099347103,3.412566092430177
2026-02-06 15:00:00,12.2,69.0,0.0,5.5,224.0,3.820621037524485,3.956368901862581
2026-02-06 16:00:00,11.1,79.0,0.0,5.1,219.0,3.209533994354171,3.963444403430551
2026-02-06 17:00:00,9.9,86.0,0.0,4.1,214.0,2.292690904230062,3.399054047475671
2026-02-06 18:00:00,7.5,96.0,0.0,3.1,173.0,-0.37779496455595685,3.0768930700880985
2026-02-06 19:00:00,6.7,92.0,0.0,4.3,138.0,-2.8772616073430903,3.195522749552795
2026-02-06 20:00:00,6.2,86.0,0.0,4.0,126.0,-3.2360679774997894,2.351141009169893
2026-02-06 21:00:00,6.6,82.0,0.0,4.0,129.0,-3.1085838458278836,2.5172815641993496
2026-02-06 22:00:00,6.8,78.0,0.0,2.2,138.0,-1.4720873339894882,1.6349186160502676
2026-02-06 23:00:00,5.4,82.0,0.0,3.3,135.0,-2.3334523779156067,2.3334523779156067
2026-02-07 00:00:00,4.0,81.0,0.0,2.8,130.0,-2.144924440733138,1.7998053071223103
2026-02-07 01:00:00,3.8,75.0,0.0,2.6,129.0,-2.0205794997881243,1.6362330167295773
2026-02-07 02:00:00,3.7,77.0,0.0,3.7,141.0,-2.328485446884398,2.875440057390793
2026-02-07 03:00:00,3.4,76.0,0.0,2.7,122.0,-2.28972985962235,1.4307820134296534
2026-02-07 04:00:00,4.0,72.0,0.0,1.7000000000000002,108.0,-1.6167960777017611,0.5253288904374108
2026-02-07 05:00:00,4.0,70.0,0.0,2.0,100.0,-1.969615506024416,0.34729635533386055
2026-02-07 06:00:00,4.6,67.0,0.0,2.2,95.0,-2.1916283358018402,0.19174263404484804
2026-02-07 07:00:00,3.7,73.0,0.0,1.5,104.0,-1.4554435894139948,0.3628828433995016
2026-02-07 08:00:00,8.1,69.0,0.0,1.6,84.0,-1.5912350325892373,-0.16724554122824561
2026-02-07 09:00:00,10.2,53.0,0.0,3.1,257.0,3.0205472008342293,0.6973482684659815
2026-02-07 10:00:00,11.8,48.0,0.0,6.2,262.0,6.139662026197737,0.8628732259524058
2026-02-07 11:00:00,12.8,50.0,0.0,7.3,253.0,6.981024718530159,2.1343134444759784
2026-02-07 12:00:00,13.2,51.0,0.0,8.7,248.0,8.066499534731049,3.2590773627184344
2026-02-07 13:00:00,12.6,55.0,0.0,9.0,248.0,8.344654691101088,3.371459340743208
2026-02-07 14:00:00,12.7,49.0,0.0,8.9,257.0,8.671893576588594,2.0020643836603984
2026-02-07 15:00:00,11.6,52.0,0.0,8.1,242.0,7.151875502157308,3.8027196585657155
2026-02-07 16:00:00,10.7,51.0,0.0,7.5,235.0,6.143640332167439,4.301823272632845
2026-02-07 17:00:00,8.6,63.0,0.0,4.9,242.0,4.326443205008743,2.300410657650865
2026-02-07 18:00:00,5.5,84.0,0.0,1.9,197.0,0.5555062389731998,1.8169790363297673
2026-02-07 19:00:00,4.5,84.0,0.0,1.5,187.0,0.18280401510772123,1.488819227461983
2026-02-07 20:00:00,5.0,86.0,0.0,2.4,197.0,0.7016920913345682,2.295131414311285
2026-02-07 21:00:00,4.5,89.0,0.1,3.1,167.0,-0.6973482684659816,3.0205472008342293
2026-02-07 22:00:00,4.6,87.0,0.1,4.6,167.0,-1.034774849981779,4.482102298012082
2026-02-07 23:00:00,4.4,89.0,0.0,4.0,153.0,-1.8159619989581868,3.5640260967534716
2026-02-08 00:00:00,4.3,91.0,0.2,3.3,174.0,-0.3449439287832567,3.2819222547153015
2026-02-08 01:00:00,4.2,96.0,0.6,4.7,173.0,-0.5727859140041927,4.664966912714214
2026-02-08 02:00:00,3.8,98.0,0.3,4.8,169.0,-0.915883177807415,4.711810480548787
2026-02-08 03:00:00,4.1,95.0,0.0,4.8,165.0,-1.2423314164921,4.636443966187528
2026-02-08 04:00:00,4.2,91.0,0.2,3.9,164.0,-1.0749856876862962,3.7489206141594438
2026-02-08 05:00:00,3.7,97.0,0.1,2.9,158.0,-1.086359120906145,2.6888331782436836
2026-02-08 06:00:00,3.8,96.0,0.1,3.1,149.0,-1.5966180322211683,2.6572186321765483
2026-02-08 07:00:00,4.1,96.0,0.1,2.8,153.0,-1.2711733992707306,2.49481826772743
2026-02-08 08:00:00,5.7,89.0,0.1,1.5,76.0,-1.4554435894139948,-0.3628828433995013
2026-02-08 09:00:00,5.7,86.0,0.1,2.1,345.0,0.5435199947152936,-2.0284442352070435
2026-02-08 10:00:00,7.6,67.0,0.0,3.6,319.0,2.3618125043658265,-2.716954488801979
2026-02-08 11:00:00,8.8,59.0,0.0,6.0,297.0,5.346039145130208,-2.7239429984372805
2026-02-08 12:00:00,8.8,63.0,0.0,7.1,294.0,6.486172749262466,-2.8878301658381815
2026-02-08 13:00:00,8.0,65.0,0.0,6.6,292.0,6.1194134401407965,-2.472403516545019
2026-02-08 14:00:00,8.1,67.0,0.1,6.5,309.0,5.05144874947031,-4.090582541823943
2026-02-08 15:00:00,6.7,74.0,0.1,4.6,306.0,3.721478174124758,-2.703812160545376
2026-02-08 16:00:00,5.9,78.0,0.2,2.4,312.0,1.7835475811457462,-1.6059134552612597
2026-02-08 17:00:00,4.6,84.0,0.1,0.9,79.0,-0.8834644651028976,-0.17172809583889026
2026-02-08 18:00:00,4.0,84.0,0.0,3.6,99.0,-3.5556780261424956,0.5631640741448315
2026-02-08 19:00:00,3.6,85.0,0.0,3.5,118.0,-3.0903165750062445,1.6431504697506174
2026-02-08 20:00:00,2.8,87.0,0.0,1.5,111.0,-1.4003706397458027,0.5375519243179503
2026-02-08 21:00:00,3.0,88.0,0.0,2.2,114.0,-2.009800006813722,0.894820614766761
2026-02-08 22:00:00,2.9,86.0,0.0,1.8,101.0,-1.7669289302057951,0.34345619167778096
2026-02-08 23:00:00,1.2,87.0,0.0,2.5,98.0,-2.475670171853926,0.3479327524001633
2026-02-09 00:00:00,0.9,87.0,0.0,2.9,112.0,-2.688833178243683,1.0863591209061454
2026-02-09 01:00:00,0.2,85.0,0.0,2.3,113.0,-2.117161162940613,0.8986815955253296
2026-02-09 02:00:00,0.30000000000000004,81.0,0.0,1.7000000000000002,108.0,-1.6167960777017611,0.5253288904374108
2026-02-09 03:00:00,-0.1,80.0,0.0,2.4,103.0,-2.3384881554845642,0.5398825304252765
2026-02-09 04:00:00,-0.30000000000000004,79.0,0.0,1.9,112.0,-1.7616493236768958,0.7117525274902332
2026-02-09 05:00:00,-1.0,78.0,0.0,1.5,126.0,-1.213525491562421,0.8816778784387098
2026-02-09 06:00:00,-0.8,77.0,0.0,2.6,129.0,-2.0205794997881243,1.6362330167295773
2026-02-09 07:00:00,-0.30000000000000004,77.0,0.0,3.0,128.0,-2.364032260820166,1.8469844259769752
2026-02-09 08:00:00,4.2,80.0,0.0,2.6,236.0,2.1554976886431083,1.453901549023942
2026-02-09 09:00:00,6.9,58.0,0.0,3.8,239.0,3.2572357426680267,1.9571446846582057
2026-02-09 10:00:00,8.3,50.0,0.0,5.2,264.0,5.1715138559150216,0.5435480089917981
2026-02-09 11:00:00,9.1,53.0,0.0,6.0,265.0,5.977168188550474,0.522934456485949
2026-02-09 12:00:00,9.2,54.0,0.0,6.1,267.0,6.0916401620029,0.31924933308195735
2026-02-09 13:00:00,8.6,65.0,0.0,5.2,264.0,5.1715138559150216,0.5435480089917981
2026-02-09 14:00:00,7.6,68.0,0.0,3.6,250.0,3.3828934348292705,1.2312725159724074
2026-02-09 15:00:00,6.9,73.0,0.0,3.3,264.0,3.2819222547153015,0.3449439287832564
2026-02-09 16:00:00,6.0,74.0,0.0,1.3,236.0,1.0777488443215542,0.726950774511971
2026-02-09 17:00:00,5.2,74.0,0.0,0.2,360.0,1.2246467991473533e-17,-0.2
2026-02-09 18:00:00,2.8,85.0,0.0,1.5,104.0,-1.4554435894139948,0.3628828433995016
2026-02-09 19:00:00,2.8,81.0,0.0,2.8,135.0,-1.9798989873223327,1.9798989873223332
2026-02-09 20:00:00,2.2,77.0,0.0,2.2,145.0,-1.2618681599723016,1.8021344974357818
2026-02-09 21:00:00,2.7,71.0,0.0,1.2,153.0,-0.544788599687456,1.0692078290260414
2026-02-09 22:00:00,2.0,71.0,0.0,1.0,121.0,-0.8571673007021122,0.5150380749100544
2026-02-09 23:00:00,1.3,73.0,0.0,1.5,126.0,-1.213525491562421,0.8816778784387098
2026-02-10 00:00:00,0.9,73.0,0.0,2.7,132.0,-2.006491028788964,1.8066526371689176
2026-02-10 01:00:00,1.0,73.0,0.0,1.7000000000000002,122.0,-1.4416817634659242,0.9008627491964484
2026-02-10 02:00:00,1.0,71.0,0.0,1.2,129.0,-0.9325751537483651,0.7551844692598049
2026-02-10 03:00:00,0.9,72.0,0.0,1.8,114.0,-1.6443818237566814,0.7321259575364408
2026-02-10 04:00:00,0.8,74.0,0.0,2.5,111.0,-2.3339510662430043,0.8959198738632506
2026-02-10 05:00:00,0.1,80.0,0.0,5.1,113.0,-4.694574752607446,1.9927287552952961
2026-02-10 06:00:00,-0.9,85.0,0.0,6.4,115.0,-5.80036983703456,2.704756875140477
2026-02-10 07:00:00,-0.4,87.0,0.0,6.3,117.0,-5.613341102386717,2.8601401483591453
2026-02-10 08:00:00,6.3,69.0,0.0,3.9,112.0,-3.6160170328104706,1.4609657143220578
2026-02-10 09:00:00,8.6,59.0,0.0,2.3,119.0,-2.01162532642061,1.1150621265665754
2026-02-10 10:00:00,10.5,49.0,0.0,1.9,253.0,1.8169790363297673,0.5555062389731998
2026-02-10 11:00:00,11.6,45.0,0.0,3.8,275.0,3.785539852748633,-0.331191822441101
2026-02-10 12:00:00,12.0,46.0,0.0,4.8,281.0,4.711810480548787,-0.915883177807415
2026-02-10 13:00:00,11.9,49.0,0.0,5.2,282.0,5.08636752381579,-1.0811407922523486
2026-02-10 14:00:00,11.8,50.0,0.0,4.5,263.0,4.466457682385949,0.5484120453231637
2026-02-10 15:00:00,11.1,54.0,0.0,4.1,268.0,4.097502390778292,0.14308793648025397
2026-02-10 16:00:00,9.7,61.0,0.0,1.6,264.0,1.5912350325892373,0.16724554122824556
2026-02-10 17:00:00,8.1,67.0,0.0,1.5,144.0,-0.8816778784387096,1.2135254915624212
2026-02-10 18:00:00,4.7,79.0,0.0,3.9,133.0,-2.8522794363147645,2.6597936042437444
2026-02-10 19:00:00,4.3,75.0,0.0,4.5,146.0,-2.51636806561836,3.730669076497688
2026-02-10 20:00:00,4.4,69.0,0.0,3.4,148.0,-1.8017254983928963,2.8833635269318485
2026-02-10 21:00:00,4.1,67.0,0.0,3.9,164.0,-1.0749856876862962,3.7489206141594438
2026-02-10 22:00:00,3.1,70.0,0.0,3.8,155.0,-1.6059493946146575,3.44396959073927
2026-02-10 23:00:00,2.3,73.0,0.0,3.5,145.0,-2.0075175272286616,2.867032155011471
2026-02-11 00:00:00,1.8,75.0,0.0,2.9,133.0,-2.1209257346955943,1.9777952441812459
2026-02-11 01:00:00,2.6,73.0,0.0,2.7,122.0,-2.28972985962235,1.4307820134296534
2026-02-11 02:00:00,1.6,76.0,0.0,1.4,113.0,-1.2887067948334165,0.5470235798849833
2026-02-11 03:00:00,1.6,80.0,0.0,3.8,115.0,-3.4439695907392696,1.605949394614658
2026-02-11 04:00:00,2.5,80.0,0.0,4.7,118.0,-4.149853686436957,2.206516345093686
2026-02-11 05:00:00,0.6000000000000001,85.0,0.0,4.8,121.0,-4.114403043370139,2.472182759568261
2026-02-11 06:00:00,0.5,85.0,0.0,4.8,121.0,-4.114403043370139,2.472182759568261
2026-02-11 07:00:00,1.3,84.0,0.0,4.8,127.0,-3.8334504482270058,2.888712111129831
2026-02-11 08:00:00,7.7,66.0,0.0,5.6,173.0,-0.6824683230688252,5.5582584491914035
2026-02-11 09:00:00,9.5,56.0,0.0,5.0,215.0,2.8678821817552307,4.095760221444959
2026-02-11 10:00:00,10.7,49.0,0.0,6.2,244.0,5.572523087054836,2.71790111009228
2026-02-11 11:00:00,11.5,48.0,0.0,7.0,244.0,6.2915583240941695,3.068598027523542
2026-02-11 12:00:00,12.0,48.0,0.0,7.5,253.0,7.172285669722766,2.192787785420526
2026-02-11 13:00:00,11.7,56.0,0.0,6.7,265.0,6.674504477214695,0.5839434764093098
2026-02-11 14:00:00,11.6,52.0,0.0,6.0,260.0,5.908846518073248,1.041889066001582
2026-02-11 15:00:00,10.7,57.0,0.0,6.2,253.0,5.9290894869708195,1.812704569280968
2026-02-11 16:00:00,9.4,63.0,0.0,5.2,268.0,5.196832300499298,0.18147738285300505
2026-02-11 17:00:00,7.4,74.0,0.0,3.5,285.0,3.380740392011739,-0.9058666578588226
2026-02-11 18:00:00,4.4,91.0,0.0,0.5,270.0,0.5,0.0
2026-02-11 19:00:00,3.5,94.0,0.0,2.2,138.0,-1.4720873339894882,1.6349186160502676
2026-02-11 20:00:00,3.1,94.0,0.0,1.7000000000000002,131.0,-1.2830062863787126,1.1153003492838625
2026-02-11 21:00:00,3.0,87.0,0.0,2.6,124.0,-2.1554976886431083,1.453901549023942
2026-02-11 22:00:00,2.9,84.0,0.0,3.0,123.0,-2.5160117038362717,1.6339171050450818
2026-02-11 23:00:00,2.7,84.0,0.0,1.9,119.0,-1.6617774435648518,0.9211382784680405
2026-02-12 00:00:00,1.9,82.0,0.0,1.5,120.0,-1.299038105676658,0.7499999999999999
2026-02-12 01:00:00,1.5,82.0,0.0,2.3,119.0,-2.01162532642061,1.1150621265665754
2026-02-12 02:00:00,0.8,84.0,0.0,3.7,119.0,-3.2360929164157644,1.7937955949114477
2026-02-12 03:00:00,1.6,80.0,0.0,4.0,111.0,-3.734321705988807,1.4334717981812009
2026-02-12 04:00:00,-0.4,85.0,0.0,2.3,113.0,-2.117161162940613,0.8986815955253296
2026-02-12 05:00:00,-0.1,80.0,0.0,2.2,114.0,-2.009800006813722,0.894820614766761
2026-02-12 06:00:00,0.2,77.0,0.0,1.9,112.0,-1.7616493236768958,0.7117525274902332
2026-02-12 07:00:00,1.4,74.0,0.0,1.0,112.0,-0.9271838545667873,0.37460659341591224
2026-02-12 08:00:00,5.9,67.0,0.0,2.2,166.0,-0.5322281703192692,2.1346505978071924
2026-02-12 09:00:00,7.8,62.0,0.0,3.0,295.0,2.7189233611099497,-1.2678547852220983
2026-02-12 10:00:00,9.4,55.0,0.0,6.4,295.0,5.80036983703456,-2.7047568751404767
2026-02-12 11:00:00,10.2,59.0,0.0,7.2,297.0,6.415246974156249,-3.2687315981247367
2026-02-12 12:00:00,10.0,57.0,0.0,6.6,292.0,6.1194134401407965,-2.472403516545019
2026-02-12 13:00:00,9.9,60.0,0.0,6.1,293.0,5.6150796060598855,-2.3834598837845697
2026-02-12 14:00:00,7.4,79.0,0.1,4.7,288.0,4.469965626587221,-1.4523798735622528
2026-02-12 15:00:00,7.1,81.0,0.2,2.0,270.0,2.0,0.0
2026-02-12 16:00:00,6.7,85.0,0.1,1.8,259.0,1.7669289302057951,0.34345619167778063
2026-02-12 17:00:00,6.1,88.0,0.1,1.6,270.0,1.6,0.0
2026-02-12 18:00:00,4.3,97.0,0.0,0.4,297.0,0.3564026096753472,-0.1815961998958187
2026-02-12 19:00:00,3.6,98.0,0.0,2.8,135.0,-1.9798989873223327,1.9798989873223332
2026-02-12 20:00:00,4.6,95.0,0.0,2.2,166.0,-0.5322281703192692,2.1346505978071924
2026-02-12 21:00:00,4.2,90.0,0.0,2.4,138.0,-1.6059134552612597,1.7835475811457462
2026-02-12 22:00:00,3.8,84.0,0.0,2.8,130.0,-2.144924440733138,1.7998053071223103
2026-02-12 23:00:00,3.3,79.0,0.0,3.0,128.0,-2.364032260820166,1.8469844259769752
2026-02-13 00:00:00,2.5,76.0,0.0,3.1,121.0,-2.657218632176548,1.5966180322211687
2026-02-13 01:00:00,1.9,72.0,0.0,3.3,119.0,-2.8862450335600056,1.5998717468129127
2026-02-13 02:00:00,1.1,73.0,0.0,4.2,121.0,-3.6001026629488715,2.1631599146222285
2026-02-13 03:00:00,0.2,75.0,0.0,3.9,118.0,-3.4434956121498153,1.8309390948649737
2026-02-13 04:00:00,0.0,74.0,0.0,3.6,117.0,-3.207623487078124,1.6343657990623688
2026-02-13 05:00:00,0.8,68.0,0.0,3.6,117.0,-3.207623487078124,1.6343657990623688
2026-02-13 06:00:00,-0.7000000000000001,74.0,0.0,3.1,118.0,-2.7371375378626737,1.4553618446362613
2026-02-13 07:00:00,0.2,71.0,0.0,2.5,120.0,-2.165063509461097,1.2499999999999998
2026-02-13 08:00:00,6.5,62.0,0.0,4.3,118.0,-3.796674649293386,2.01872771997933
2026-02-13 09:00:00,9.0,46.0,0.0,1.8,307.0,1.437543918085127,-1.083267041673687
2026-02-13 10:00:00,10.7,42.0,0.0,5.8,300.0,5.022947341949744,-2.8999999999999995
2026-02-13 11:00:00,11.5,47.0,0.0,7.7,295.0,6.978569960182205,-3.2541606154033857
2026-02-13 12:00:00,12.1,51.0,0.0,7.4,284.0,7.180188374442374,-1.7902220274375413
2026-02-13 13:00:00,12.8,53.0,0.0,7.4,266.0,7.381973971922699,0.5161979057065272
2026-02-13 14:00:00,11.1,60.0,0.0,6.9,277.0,6.848568446325122,-0.8408984694955176
2026-02-13 15:00:00,10.7,64.0,0.0,5.2,284.0,5.045537776635181,-1.2579938571182723
2026-02-13 16:00:00,9.3,76.0,0.0,4.7,279.0,4.6421352007971475,-0.7352419856890852
2026-02-13 17:00:00,8.4,78.0,0.0,3.5,258.0,3.42351660256832,0.7276909178621577
2026-02-13 18:00:00,5.5,92.0,0.0,0.6000000000000001,214.0,0.3355157420824481,0.4974225435330251
2026-02-13 19:00:00,4.0,92.0,0.0,3.1,126.0,-2.507952682562337,1.822134282106667
2026-02-13 20:00:00,3.9,92.0,0.0,2.8,135.0,-1.9798989873223327,1.9798989873223332
2026-02-13 21:00:00,3.8,86.0,0.0,2.2,132.0,-1.634918616050267,1.4720873339894884
2026-02-13 22:00:00,3.7,83.0,0.0,2.0,117.0,-1.7820130483767356,0.9079809994790937
2026-02-13 23:00:00,2.6,82.0,0.0,3.3,112.0,-3.059706720070398,1.2362017582725102
2026-02-14 00:00:00,2.3,78.0,0.0,3.6,123.0,-3.019214044603526,1.9607005260540984
2026-02-14 01:00:00,2.1,73.0,0.0,4.7,122.0,-3.9858260519352022,2.490620541896063
2026-02-14 02:00:00,2.4,66.0,0.0,3.5,129.0,-2.720010865099398,2.2026213686744307
2026-02-14 03:00:00,2.2,62.0,0.0,4.0,122.0,-3.392192384625704,2.1196770569328196
2026-02-14 04:00:00,2.0,61.0,0.0,3.3,119.0,-2.8862450335600056,1.5998717468129127
2026-02-14 05:00:00,1.5,63.0,0.0,3.6,117.0,-3.207623487078124,1.6343657990623688
2026-02-14 06:00:00,1.1,65.0,0.0,3.6,117.0,-3.207623487078124,1.6343657990623688
2026-02-14 07:00:00,1.8,66.0,0.0,4.7,122.0,-3.9858260519352022,2.490620541896063
2026-02-14 08:00:00,7.9,58.0,0.0,4.2,149.0,-2.163159914622228,3.600102662948872
2026-02-14 09:00:00,10.5,44.0,0.0,2.3,212.0,1.2188143077363711,1.9505106211597796
2026-02-14 10:00:00,12.0,39.0,0.0,3.8,295.0,3.4439695907392696,-1.605949394614658
2026-02-14 11:00:00,13.2,41.0,0.0,5.2,295.0,4.7128004925905795,-2.197614961051637
2026-02-14 12:00:00,13.8,46.0,0.0,6.2,292.0,5.748539898314082,-2.3225608791786545
2026-02-14 13:00:00,13.7,52.0,0.0,6.4,286.0,6.1520748540052415,-1.7640790772287946
2026-02-14 14:00:00,13.1,56.0,0.0,5.7,281.0,5.595274945651685,-1.0876112736463055
2026-02-14 15:00:00,12.1,62.0,0.0,5.2,276.0,5.1715138559150216,-0.5435480089917981
2026-02-14 16:00:00,11.0,69.0,0.0,4.6,279.0,4.543366366737634,-0.7195985391850619
2026-02-14 17:00:00,9.4,76.0,0.0,2.6,245.0,2.3564002462952898,1.0988074805258186
2026-02-14 18:00:00,6.4,90.0,0.0,0.6000000000000001,124.0,-0.49742254353302506,0.33551574208244817
2026-02-14 19:00:00,4.4,91.0,0.0,3.1,121.0,-2.657218632176548,1.5966180322211687
2026-02-14 20:00:00,3.9,91.0,0.0,1.9,119.0,-1.6617774435648518,0.9211382784680405
2026-02-14 21:00:00,3.8,85.0,0.0,1.7000000000000002,122.0,-1.4416817634659242,0.9008627491964484
2026-02-14 22:00:00,4.2,78.0,0.0,3.1,121.0,-2.657218632176548,1.5966180322211687
2026-02-14 23:00:00,4.2,73.0,0.0,3.0,128.0,-2.364032260820166,1.8469844259769752
2026-02-15 00:00:00,3.7,69.0,0.0,2.8,125.0,-2.293625724009177,1.6060140217829286
2026-02-15 01:00:00,3.3,65.0,0.0,3.3,126.0,-2.6697560814373262,1.9396913325651617
2026-02-15 02:00:00,3.2,62.0,0.0,2.8,125.0,-2.293625724009177,1.6060140217829286
2026-02-15 03:00:00,2.9,55.0,0.0,3.3,119.0,-2.8862450335600056,1.5998717468129127
2026-02-15 04:00:00,2.7,51.0,0.0,3.9,118.0,-3.4434956121498153,1.8309390948649737
2026-02-15 05:00:00,2.2,56.0,0.0,3.8,115.0,-3.4439695907392696,1.605949394614658
2026-02-15 06:00:00,2.2,62.0,0.0,3.7,119.0,-3.2360929164157644,1.7937955949114477
2026-02-15 07:00:00,1.9,70.0,0.0,4.2,121.0,-3.6001026629488715,2.1631599146222285
2026-02-15 08:00:00,8.2,65.0,0.0,5.0,134.0,-3.596699001693256,3.473291852294986
2026-02-15 09:00:00,11.9,40.0,0.0,4.7,208.0,2.206516345093687,4.149853686436956
2026-02-15 10:00:00,13.8,30.0,0.0,6.2,237.0,5.199757521261629,3.376762017093168
2026-02-15 11:00:00,14.6,30.0,0.0,6.7,250.0,6.295940559265587,2.2915349602819806
2026-02-15 12:00:00,14.7,35.0,0.0,6.7,254.0,6.440453362786736,1.8467702839738944
2026-02-15 13:00:00,14.7,41.0,0.0,6.9,237.0,5.786826918823426,3.758009341603687
2026-02-15 14:00:00,14.3,48.0,0.0,7.5,235.0,6.143640332167439,4.301823272632845
2026-02-15 15:00:00,13.6,49.0,0.0,6.8,222.0,4.5500881232402355,5.05338481324628
2026-02-15 16:00:00,12.5,54.0,0.0,6.0,224.0,4.1679502227539835,4.3160388020319065
2026-02-15 17:00:00,10.5,64.0,0.0,3.7,219.0,2.328485446884399,2.8754400573907923
2026-02-15 18:00:00,6.8,78.0,0.0,1.9,139.0,-1.2465121550819636,1.433948202423267
2026-02-15 19:00:00,5.4,80.0,0.0,4.0,129.0,-3.1085838458278836,2.5172815641993496
2026-02-15 20:00:00,5.0,82.0,0.0,2.7,127.0,-2.156315877127691,1.6249005625105302
2026-02-15 21:00:00,5.8,74.0,0.0,2.7,127.0,-2.156315877127691,1.6249005625105302
2026-02-15 22:00:00,5.2,64.0,0.0,3.2,128.0,-2.5216344115415104,1.9701167210421069
2026-02-15 23:00:00,5.2,53.0,0.0,3.1,130.0,-2.3747377736688318,1.9926415900282723
2026-02-16 00:00:00,4.8,47.0,0.0,3.4,133.0,-2.4866025855051794,2.318794424212495
2026-02-16 01:00:00,4.4,45.0,0.0,3.9,127.0,-3.1146784891844423,2.3470785902929876
2026-02-16 02:00:00,3.3,50.0,0.0,3.7,133.0,-2.706008695990931,2.523393932231245
2026-02-16 03:00:00,3.1,53.0,0.0,3.8,121.0,-3.2572357426680263,1.9571446846582066
2026-02-16 04:00:00,3.2,58.0,0.0,3.5,125.0,-2.8670321550114717,2.0075175272286607
2026-02-16 05:00:00,3.1,63.0,0.0,3.7,125.0,-3.0308625638692703,2.12223281449887
2026-02-16 06:00:00,3.2,64.0,0.0,3.7,125.0,-3.0308625638692703,2.12223281449887
2026-02-16 07:00:00,5.1,59.0,0.0,4.1,128.0,-3.2308440897875594,2.5242120488351993
2026-02-16 08:00:00,8.6,57.0,0.0,6.9,139.0,-4.526807300034499,5.207496103537128
2026-02-16 09:00:00,12.3,32.0,0.0,4.8,193.0,1.0797650608505516,4.676976310969129
2026-02-16 10:00:00,13.5,30.0,0.0,3.8,239.0,3.2572357426680267,1.9571446846582057
2026-02-16 11:00:00,14.4,33.0,0.0,3.5,255.0,3.380740392011739,0.9058666578588226
2026-02-16 12:00:00,14.7,38.0,0.0,3.4,270.0,3.4,0.0
2026-02-16 13:00:00,14.4,46.0,0.0,3.6,267.0,3.595066325116466,0.18840944247459782
2026-02-16 14:00:00,14.5,41.0,0.0,3.8,265.0,3.785539852748633,0.331191822441101
2026-02-16 15:00:00,13.7,47.0,0.0,3.2,267.0,3.1956145112146364,0.1674750599774203
2026-02-16 16:00:00,12.5,53.0,0.0,2.9,277.0,2.8783838397598336,-0.35342109587492765
2026-02-16 17:00:00,10.8,62.0,0.0,1.3,254.0,1.2496402047198145,0.35832856256209894
2026-02-16 18:00:00,7.1,74.0,0.0,2.1,128.0,-1.654822582574116,1.2928890981838828
2026-02-16 19:00:00,7.2,68.0,0.0,3.9,143.0,-2.3470785902929885,3.1146784891844415
2026-02-16 20:00:00,6.1,68.0,0.0,2.2,145.0,-1.2618681599723016,1.8021344974357818
2026-02-16 21:00:00,5.8,65.0,0.0,2.7,127.0,-2.156315877127691,1.6249005625105302
2026-02-16 22:00:00,5.4,64.0,0.0,2.4,126.0,-1.9416407864998735,1.4106846055019358
2026-02-16 23:00:00,4.7,63.0,0.0,3.0,123.0,-2.5160117038362717,1.6339171050450818
2026-02-17 00:00:00,4.1,63.0,0.0,2.3,119.0,-2.01162532642061,1.1150621265665754
2026-02-17 01:00:00,4.2,64.0,0.0,1.0,121.0,-0.8571673007021122,0.5150380749100544
2026-02-17 02:00:00,2.6,71.0,0.0,4.0,117.0,-3.564026096753471,1.8159619989581874
2026-02-17 03:00:00,1.7000000000000002,77.0,0.0,4.6,116.0,-4.134452612976168,2.0165072752297553
2026-02-17 04:00:00,1.0,83.0,0.0,4.3,118.0,-3.796674649293386,2.01872771997933
2026-02-17 05:00:00,2.7,77.0,0.0,3.0,115.0,-2.7189233611099497,1.2678547852220985
2026-02-17 06:00:00,2.1,78.0,0.0,1.2,117.0,-1.0692078290260414,0.5447885996874562
2026-02-17 07:00:00,3.9,74.0,0.0,1.3,124.0,-1.0777488443215542,0.726950774511971
2026-02-17 08:00:00,7.9,67.0,0.0,3.4,164.0,-0.9371670097777968,3.2682897661902843
2026-02-17 09:00:00,9.6,66.0,0.0,3.6,217.0,2.1665340833473743,2.875087836170254
2026-02-17 10:00:00,11.3,60.0,0.0,5.6,266.0,5.586358681455015,0.3906362529671017
2026-02-17 11:00:00,11.4,61.0,0.1,5.6,263.0,5.558258449191403,0.6824683230688259
2026-02-17 12:00:00,10.9,66.0,0.0,5.2,258.0,5.08636752381579,1.0811407922523486
2026-02-17 13:00:00,11.5,61.0,0.0,5.1,252.0,4.850388233105282,1.5759866713122317
2026-02-17 14:00:00,10.9,64.0,0.0,5.8,256.0,5.627715212400779,1.4031469944780728
2026-02-17 15:00:00,10.6,64.0,0.0,4.8,241.0,4.1981745942691,2.3270861771824176
2026-02-17 16:00:00,9.8,67.0,0.0,4.8,233.0,3.8334504482270053,2.8887121111298315
2026-02-17 17:00:00,8.2,75.0,0.0,3.8,221.0,2.4930243101639276,2.8678964048465336
2026-02-17 18:00:00,5.4,89.0,0.0,3.6,143.0,-2.1665340833473743,2.8750878361702537
2026-02-17 19:00:00,3.9,92.0,0.0,6.1,137.0,-4.16018999638124,4.46125757987694
2026-02-17 20:00:00,3.7,92.0,0.0,5.1,144.0,-2.9977047866916124,4.125986671312232
2026-02-17 21:00:00,2.6,95.0,0.1,5.4,130.0,-4.136639992842481,3.4710530923073133
2026-02-17 22:00:00,3.0,98.0,0.0,6.2,128.0,-4.885666672361676,3.8171011470190823
2026-02-17 23:00:00,4.3,97.0,0.0,6.8,132.0,-5.0533848132462795,4.550088123240236
2026-02-18 00:00:00,4.8,94.0,0.0,6.4,128.0,-5.043268823083021,3.9402334420842138
2026-02-18 01:00:00,4.6,95.0,0.0,6.4,128.0,-5.043268823083021,3.9402334420842138
2026-02-18 02:00:00,2.4,97.0,0.0,5.7,125.0,-4.669166652447254,3.269385687200962
2026-02-18 03:00:00,2.1,98.0,0.0,5.0,120.0,-4.330127018922194,2.4999999999999996
2026-02-18 04:00:00,3.3,96.0,0.0,4.9,123.0,-4.109485782932578,2.668731271573634
2026-02-18 05:00:00,3.9,96.0,0.0,5.1,122.0,-4.325045290397772,2.702588247589345
2026-02-18 06:00:00,4.3,97.0,0.0,5.5,126.0,-4.4495934690622105,3.232818887608603
2026-02-18 07:00:00,4.7,97.0,0.0,4.8,121.0,-4.114403043370139,2.472182759568261
2026-02-18 08:00:00,6.0,88.0,0.0,4.5,157.0,-1.7582900782017319,4.142271840535981
2026-02-18 09:00:00,7.9,80.0,0.0,2.0,185.0,0.17431148549531628,1.992389396183491
2026-02-18 10:00:00,9.8,71.0,0.1,4.2,275.0,4.184017731985332,-0.3660541195401643
2026-02-18 11:00:00,10.4,67.0,0.2,6.4,299.0,5.597566125692133,-3.1027815695765573
2026-02-18 12:00:00,10.5,69.0,0.1,4.8,299.0,4.1981745942691,-2.3270861771824176
2026-02-18 13:00:00,10.7,68.0,0.1,4.2,301.0,3.600102662948872,-2.1631599146222276
2026-02-18 14:00:00,10.1,72.0,0.1,4.7,313.0,3.437362397610101,-3.205392292293743
2026-02-18 15:00:00,9.8,76.0,0.1,4.9,321.0,3.083669916144204,-3.808015211139158
2026-02-18 16:00:00,8.4,88.0,0.3,4.2,320.0,2.6997079606834653,-3.2173866610997077
2026-02-18 17:00:00,7.5,91.0,0.2,2.9,317.0,1.9777952441812454,-2.1209257346955943
2026-02-18 18:00:00,6.2,98.0,0.0,0.4,243.0,0.3564026096753472,0.1815961998958187
2026-02-18 19:00:00,4.3,99.0,0.0,2.4,138.0,-1.6059134552612597,1.7835475811457462
2026-02-18 20:00:00,4.8,93.0,0.0,0.7000000000000001,166.0,-0.16934532691976747,0.6792070083931976
2026-02-18 21:00:00,4.4,91.0,0.0,0.2,90.0,-0.2,2.4492935982947065e-17
2026-02-18 22:00:00,3.5,91.0,0.0,1.5,97.0,-1.488819227461983,0.18280401510772132
2026-02-18 23:00:00,3.0,91.0,0.0,1.8,101.0,-1.7669289302057951,0.34345619167778096
2026-02-19 00:00:00,1.8,91.0,0.0,1.7000000000000002,103.0,-1.6564291101348998,0.3824167923845709
2026-02-19 01:00:00,1.2,91.0,0.0,1.5,111.0,-1.4003706397458027,0.5375519243179503
2026-02-19 02:00:00,2.8,90.0,0.0,0.8,117.0,-0.7128052193506943,0.36319239979163753
2026-02-19 03:00:00,1.3,93.0,0.0,2.2,114.0,-2.009800006813722,0.894820614766761
2026-02-19 04:00:00,1.4,91.0,0.0,2.9,120.0,-2.511473670974872,1.4499999999999997
2026-02-19 05:00:00,0.2,89.0,0.0,3.5,118.0,-3.0903165750062445,1.6431504697506174
2026-02-19 06:00:00,0.5,82.0,0.0,3.1,121.0,-2.657218632176548,1.5966180322211687
2026-02-19 07:00:00,0.2,78.0,0.0,2.8,125.0,-2.293625724009177,1.6060140217829286
2026-02-19 08:00:00,5.3,66.0,0.0,3.3,151.0,-1.599871746812912,2.886245033560006
2026-02-19 09:00:00,7.7,48.0,0.0,2.0,225.0,1.4142135623730951,1.414213562373095
2026-02-19 10:00:00,9.3,50.0,0.0,5.2,266.0,5.187333061351086,0.3627336634694516
2026-02-19 11:00:00,10.2,48.0,0.0,6.7,272.0,6.695918541027941,-0.2338266279067565
2026-02-19 12:00:00,9.9,56.0,0.0,7.4,274.0,7.381973971922699,-0.5161979057065272
2026-02-19 13:00:00,10.0,56.0,0.0,7.4,269.0,7.398872944157295,0.129147807635898
2026-02-19 14:00:00,9.3,57.0,0.0,6.5,275.0,6.475265537596346,-0.5665123278597781
2026-02-19 15:00:00,8.3,64.0,0.0,5.6,270.0,5.6,0.0
2026-02-19 16:00:00,6.5,77.0,0.1,3.6,300.0,3.1176914536239795,-1.7999999999999998
2026-02-19 17:00:00,5.1,87.0,0.1,0.9,11.0,-0.17172809583889015,-0.8834644651028976
2026-02-19 18:00:00,4.3,90.0,0.0,1.4,113.0,-1.2887067948334165,0.5470235798849833
2026-02-19 19:00:00,4.1,90.0,0.0,2.9,112.0,-2.688833178243683,1.0863591209061454
2026-02-19 20:00:00,2.9,94.0,0.0,4.0,108.0,-3.804226065180614,1.23606797749979
2026-02-19 21:00:00,1.5,92.0,0.0,6.5,114.0,-5.938045474676905,2.6437881799927028
2026-02-19 22:00:00,-0.2,95.0,0.0,4.3,114.0,-3.9282454678631833,1.7489675652259418
2026-02-19 23:00:00,0.6000000000000001,85.0,0.0,2.2,114.0,-2.009800006813722,0.894820614766761
2026-02-20 00:00:00,0.1,84.0,0.0,2.7,113.0,-2.485363104321589,1.0549740469210394
2026-02-20 01:00:00,0.2,80.0,0.0,3.1,111.0,-2.8940993221413254,1.1109406435904308
2026-02-20 02:00:00,1.3,73.0,0.0,3.0,115.0,-2.7189233611099497,1.2678547852220985
2026-02-20 03:00:00,0.30000000000000004,78.0,0.0,2.5,120.0,-2.165063509461097,1.2499999999999998
2026-02-20 04:00:00,0.1,79.0,0.0,2.9,120.0,-2.511473670974872,1.4499999999999997
2026-02-20 05:00:00,-0.7000000000000001,85.0,0.0,4.8,119.0,-4.1981745942691,2.3270861771824185
2026-02-20 06:00:00,1.8,82.0,0.1,3.2,124.0,-2.6529202321761334,1.7894172911063901
2026-02-20 07:00:00,2.1,89.0,0.1,5.9,121.0,-5.0572870741424625,3.038724641969321
2026-02-20 08:00:00,3.6,86.0,0.0,5.5,142.0,-3.3861381142911204,4.334059144836971
2026-02-20 09:00:00,5.4,83.0,0.0,4.2,133.0,-3.071685546800516,2.864393112262494
2026-02-20 10:00:00,8.3,66.0,0.0,1.5,194.0,0.3628828433995015,1.4554435894139948
2026-02-20 11:00:00,9.5,62.0,0.0,3.5,255.0,3.380740392011739,0.9058666578588226
2026-02-20 12:00:00,9.6,65.0,0.0,4.3,294.0,3.9282454678631837,-1.7489675652259409
2026-02-20 13:00:00,9.7,70.0,0.0,5.2,301.0,4.457269963650984,-2.678197989532282
2026-02-20 14:00:00,8.1,77.0,0.0,4.6,312.0,3.4184661971960133,-3.0780007892507477
2026-02-20 15:00:00,8.5,74.0,0.1,4.3,315.0,3.0405591591021546,-3.040559159102154
2026-02-20 16:00:00,7.2,84.0,0.2,3.6,307.0,2.875087836170254,-2.166534083347374
2026-02-20 17:00:00,6.4,89.0,0.1,1.0,292.0,0.9271838545667874,-0.374606593415912
2026-02-20 18:00:00,5.1,96.0,0.0,0.6000000000000001,198.0,0.1854101966249685,0.5706339097770922
2026-02-20 19:00:00,2.6,96.0,0.0,4.1,142.0,-2.524212048835199,3.23084408978756
2026-02-20 20:00:00,3.0,93.0,0.0,2.5,150.0,-1.2499999999999996,2.165063509461097
2026-02-20 21:00:00,2.8,87.0,0.0,3.2,142.0,-1.9701167210421067,2.521634411541511
2026-02-20 22:00:00,1.8,84.0,0.0,3.1,135.0,-2.192031021678297,2.1920310216782974
2026-02-20 23:00:00,1.6,80.0,0.0,2.8,125.0,-2.293625724009177,1.6060140217829286
2026-02-21 00:00:00,1.2,77.0,0.0,3.1,126.0,-2.507952682562337,1.822134282106667
2026-02-21 01:00:00,1.0,74.0,0.0,3.3,126.0,-2.6697560814373262,1.9396913325651617
2026-02-21 02:00:00,1.0,75.0,0.0,3.4,133.0,-2.4866025855051794,2.318794424212495
2026-02-21 03:00:00,0.9,72.0,0.0,4.4,125.0,-3.6042689948715645,2.5237363199446023
2026-02-21 04:00:00,1.1,65.0,0.0,4.4,125.0,-3.6042689948715645,2.5237363199446023
2026-02-21 05:00:00,0.6000000000000001,61.0,0.0,4.3,123.0,-3.606283442165323,2.341947850564617
2026-02-21 06:00:00,1.1,53.0,0.0,4.1,128.0,-3.2308440897875594,2.5242120488351993
2026-02-21 07:00:00,2.6,50.0,0.0,3.8,131.0,-2.8678964048465336,2.4930243101639276
2026-02-21 08:00:00,6.7,49.0,0.0,4.8,160.0,-1.6416966879632098,4.51052457977236
2026-02-21 09:00:00,8.8,41.0,0.0,4.9,216.0,2.8801477362331185,3.9641832724372428
2026-02-21 10:00:00,10.6,43.0,0.0,6.1,246.0,5.572627291619865,2.481093522762381
2026-02-21 11:00:00,11.5,49.0,0.0,6.5,246.0,5.938045474676906,2.6437881799927014
2026-02-21 12:00:00,12.4,48.0,0.0,6.6,241.0,5.772490067120011,3.1997434936258244
2026-02-21 13:00:00,12.5,48.0,0.0,6.7,239.0,5.743020914704153,3.450755101897363
2026-02-21 14:00:00,12.0,56.0,0.0,8.1,245.0,7.341093074996865,3.4232079200996655
2026-02-21 15:00:00,10.2,69.0,0.0,5.8,234.0,4.692298567374695,3.409154463296344
2026-02-21 16:00:00,9.3,73.0,0.0,6.3,217.0,3.7914346458579047,5.031403713297944
2026-02-21 17:00:00,8.1,79.0,0.0,4.9,204.0,1.9930095510714212,4.476372742448745
2026-02-21 18:00:00,5.7,90.0,0.0,1.7000000000000002,167.0,-0.3824167923845706,1.6564291101349
2026-02-21 19:00:00,4.3,89.0,0.0,3.5,129.0,-2.720010865099398,2.2026213686744307
2026-02-21 20:00:00,3.8,92.0,0.0,2.7,143.0,-1.6249005625105308,2.1563158771276907
2026-02-21 21:00:00,4.7,82.0,0.0,3.7,125.0,-3.0308625638692703,2.12223281449887
2026-02-21 22:00:00,3.4,79.0,0.0,2.8,125.0,-2.293625724009177,1.6060140217829286
2026-02-21 23:00:00,3.3,73.0,0.0,3.3,131.0,-2.4905416147351476,2.1649947956686737
2026-02-22 00:00:00,3.0,69.0,0.0,3.7,129.0,-2.8754400573907923,2.3284854468843985
2026-02-22 01:00:00,2.8,66.0,0.0,4.1,131.0,-3.094309278913365,2.6898420188610794
2026-02-22 02:00:00,2.8,64.0,0.0,3.1,130.0,-2.3747377736688318,1.9926415900282723
2026-02-22 03:00:00,2.8,58.0,0.0,4.2,133.0,-3.071685546800516,2.864393112262494
2026-02-22 04:00:00,2.6,53.0,0.0,4.5,133.0,-3.291091657286267,3.068992620281244
2026-02-22 05:00:00,2.1,50.0,0.0,4.2,126.0,-3.3978713763747788,2.468698059628388
2026-02-22 06:00:00,2.8,47.0,0.0,4.8,121.0,-4.114403043370139,2.472182759568261
2026-02-22 07:00:00,1.8,55.0,0.0,4.8,121.0,-4.114403043370139,2.472182759568261
2026-02-22 08:00:00,8.2,47.0,0.0,6.1,137.0,-4.16018999638124,4.46125757987694
2026-02-22 09:00:00,11.3,32.0,0.0,3.6,237.0,3.0192140446035265,1.9607005260540975
2026-02-22 10:00:00,12.6,34.0,0.0,6.2,280.0,6.10580806867569,-1.0766187015349682
2026-02-22 11:00:00,13.0,47.0,0.0,7.6,289.0,7.185941174554808,-2.474317973874391
2026-02-22 12:00:00,13.0,52.0,0.4,8.0,297.0,7.128052193506943,-3.631923997916374
2026-02-22 13:00:00,12.7,57.0,0.5,6.9,298.0,6.092338390726597,-3.2393537832226467
2026-02-22 14:00:00,12.0,68.0,0.5,6.3,305.0,5.160657879020648,-3.61353154901159
2026-02-22 15:00:00,10.7,74.0,0.3,4.3,327.0,2.3419478505646163,-3.6062834421653234
2026-02-22 16:00:00,11.0,74.0,0.0,4.0,328.0,2.1196770569328196,-3.392192384625704
2026-02-22 17:00:00,9.8,82.0,0.0,3.2,333.0,1.45276959916655,-2.851220877402777
2026-02-22 18:00:00,6.8,95.0,0.0,1.2,51.0,-0.9325751537483649,-0.7551844692598051
2026-02-22 19:00:00,5.2,93.0,0.0,3.0,128.0,-2.364032260820166,1.8469844259769752
2026-02-22 20:00:00,5.6,88.0,0.0,2.6,146.0,-1.4539015490239415,2.1554976886431088
2026-02-22 21:00:00,5.2,80.0,0.0,2.2,145.0,-1.2618681599723016,1.8021344974357818
2026-02-22 22:00:00,4.8,79.0,0.0,1.9,131.0,-1.4339482024232668,1.2465121550819638
2026-02-22 23:00:00,3.2,81.0,0.0,1.9,124.0,-1.575171387854579,1.0624665165944192
2026-02-23 00:00:00,1.3,89.0,0.0,2.9,112.0,-2.688833178243683,1.0863591209061454
2026-02-23 01:00:00,0.30000000000000004,94.0,0.0,3.9,112.0,-3.6160170328104706,1.4609657143220578
2026-02-23 02:00:00,1.1,87.0,0.0,3.0,115.0,-2.7189233611099497,1.2678547852220985
2026-02-23 03:00:00,0.2,92.0,0.0,2.4,117.0,-2.138415658052083,1.0895771993749124
2026-02-23 04:00:00,-0.30000000000000004,93.0,0.0,3.5,118.0,-3.0903165750062445,1.6431504697506174
2026-02-23 05:00:00,-0.7000000000000001,95.0,0.0,3.3,119.0,-2.8862450335600056,1.5998717468129127
2026-02-23 06:00:00,-0.7000000000000001,93.0,0.0,3.5,118.0,-3.0903165750062445,1.6431504697506174
2026-02-23 07:00:00,0.1,90.0,0.0,3.1,118.0,-2.7371375378626737,1.4553618446362613
2026-02-23 08:00:00,9.1,71.0,0.0,4.4,111.0,-4.107753876587688,1.5768189779993211
2026-02-23 09:00:00,12.1,55.0,0.0,1.8,264.0,1.790139411662892,0.18815123388177626
2026-02-23 10:00:00,13.7,51.0,0.0,5.4,249.0,5.04133430308489,1.9351869275446216
2026-02-23 11:00:00,14.7,46.0,0.0,7.5,249.0,7.001853198729013,2.687759621589752
2026-02-23 12:00:00,13.7,55.0,0.0,9.3,262.0,9.209493039296605,1.2943098389286087
2026-02-23 13:00:00,12.8,63.0,0.1,6.6,248.0,6.1194134401407965,2.472403516545019
2026-02-23 14:00:00,13.1,56.0,0.0,6.8,273.0,6.790680836331102,-0.3558845024520181
2026-02-23 15:00:00,12.8,61.0,0.0,6.7,273.0,6.690817882855645,-0.3506509068277237
2026-02-23 16:00:00,11.6,65.0,0.0,6.0,265.0,5.977168188550474,0.522934456485949
2026-02-23 17:00:00,9.9,76.0,0.0,4.0,243.0,3.5640260967534716,1.815961998958187
2026-02-23 18:00:00,7.1,89.0,0.0,0.8,153.0,-0.36319239979163737,0.7128052193506944
2026-02-23 19:00:00,6.6,90.0,0.0,2.5,120.0,-2.165063509461097,1.2499999999999998
2026-02-23 20:00:00,5.7,96.0,0.0,1.5,120.0,-1.299038105676658,0.7499999999999999
2026-02-23 21:00:00,5.7,89.0,0.0,2.6,124.0,-2.1554976886431083,1.453901549023942
2026-02-23 22:00:00,5.6,85.0,0.0,1.9,119.0,-1.6617774435648518,0.9211382784680405
2026-02-23 23:00:00,4.3,87.0,0.0,6.6,119.0,-5.772490067120011,3.1997434936258253
2026-02-24 00:00:00,4.3,87.0,0.0,5.3,123.0,-4.444954010110747,2.8865868855796446
2026-02-24 01:00:00,4.5,77.0,0.0,1.2,117.0,-1.0692078290260414,0.5447885996874562
2026-02-24 02:00:00,6.1,81.0,0.0,1.5,111.0,-1.4003706397458027,0.5375519243179503
2026-02-24 03:00:00,6.5,76.0,0.0,3.4,115.0,-3.0814464759246096,1.4369020899183782
2026-02-24 04:00:00,5.8,78.0,0.0,2.4,117.0,-2.138415658052083,1.0895771993749124
2026-02-24 05:00:00,6.2,65.0,0.0,1.2,117.0,-1.0692078290260414,0.5447885996874562
2026-02-24 06:00:00,5.4,62.0,0.0,1.2,117.0,-1.0692078290260414,0.5447885996874562
2026-02-24 07:00:00,6.9,57.0,0.0,2.3,122.0,-1.9505106211597796,1.2188143077363711
2026-02-24 08:00:00,9.6,67.0,0.0,2.8,125.0,-2.293625724009177,1.6060140217829286
2026-02-24 09:00:00,13.2,38.0,0.0,5.1,234.0,4.125986671312232,2.997704786691613
2026-02-24 10:00:00,14.1,41.0,0.0,6.2,240.0,5.36935750346352,3.0999999999999996
2026-02-24 11:00:00,14.3,39.0,0.0,6.0,245.0,5.437846722219899,2.5357095704441965
2026-02-24 12:00:00,12.8,50.0,0.0,4.7,227.0,3.437362397610101,3.205392292293743
2026-02-24 13:00:00,12.4,54.0,0.0,5.0,226.0,3.596699001693256,3.4732918522949863
2026-02-24 14:00:00,14.2,48.0,0.0,6.7,234.0,5.420413862312148,3.93816119035957
2026-02-24 15:00:00,12.5,63.0,0.0,5.6,222.0,3.747131395609606,4.161611022673408
2026-02-24 16:00:00,11.9,69.0,0.0,6.0,209.0,2.9088577214780225,5.247718242836374
2026-02-24 17:00:00,10.8,74.0,0.0,4.0,188.0,0.5566924038402619,3.9610722749662814
2026-02-24 18:00:00,8.0,85.0,0.0,4.4,148.0,-2.331644762626101,3.731411623088275
2026-02-24 19:00:00,9.5,76.0,0.0,3.5,141.0,-2.2026213686744303,2.7200108650993986
2026-02-24 20:00:00,8.0,82.0,0.0,2.7,152.0,-1.2675732195219056,2.383958500719103
2026-02-24 21:00:00,7.9,76.0,0.0,3.6,143.0,-2.1665340833473743,2.8750878361702537
2026-02-24 22:00:00,7.8,76.0,0.0,3.0,128.0,-2.364032260820166,1.8469844259769752
2026-02-24 23:00:00,8.1,75.0,0.0,1.3,135.0,-0.9192388155425117,0.9192388155425119
2026-02-25 00:00:00,8.0,76.0,0.0,0.9,127.0,-0.7187719590425636,0.5416335208368434
2026-02-25 01:00:00,7.6,79.0,0.0,1.0,121.0,-0.8571673007021122,0.5150380749100544
2026-02-25 02:00:00,6.2,82.0,0.0,0.8,135.0,-0.565685424949238,0.5656854249492381
2026-02-25 03:00:00,6.3,82.0,0.0,1.9,119.0,-1.6617774435648518,0.9211382784680405
2026-02-25 04:00:00,6.2,83.0,0.0,2.3,122.0,-1.9505106211597796,1.2188143077363711
2026-02-25 05:00:00,6.4,83.0,0.0,2.0,117.0,-1.7820130483767356,0.9079809994790937
2026-02-25 06:00:00,6.5,85.0,0.0,2.8,130.0,-2.144924440733138,1.7998053071223103
2026-02-25 07:00:00,7.5,83.0,0.0,2.4,126.0,-1.9416407864998735,1.4106846055019358
2026-02-25 08:00:00,11.4,75.0,0.0,3.7,235.0,3.03086256386927,2.1222328144988705
2026-02-25 09:00:00,13.1,60.0,0.0,4.2,200.0,1.436484601967809,3.9467090073008153
2026-02-25 10:00:00,15.3,46.0,0.0,7.5,243.0,6.682548931412759,3.4049287480466006
2026-02-25 11:00:00,15.7,47.0,0.0,8.5,253.0,8.1285904256858,2.4851594901432623
2026-02-25 12:00:00,15.3,49.0,0.0,7.3,260.0,7.189096596989119,1.2676316969685915
2026-02-25 13:00:00,15.0,53.0,0.0,6.8,258.0,6.651403684989878,1.4137994975607635
2026-02-25 14:00:00,14.6,54.0,0.0,6.5,267.0,6.49109197590473,0.3401837155791349
2026-02-25 15:00:00,13.0,67.0,0.1,5.1,276.0,5.072061666378193,-0.5330951626650327
2026-02-25 16:00:00,12.2,73.0,0.0,3.1,267.0,3.0957515577391788,0.1622414643531259
2026-02-25 17:00:00,10.9,77.0,0.0,2.3,274.0,2.2943973155975956,-0.1604398896114882
2026-02-25 18:00:00,8.5,89.0,0.0,0.7000000000000001,194.0,0.1693453269197674,0.6792070083931976
2026-02-25 19:00:00,7.4,91.0,0.0,2.7,132.0,-2.006491028788964,1.8066526371689176
2026-02-25 20:00:00,7.0,96.0,0.0,2.8,145.0,-1.606014021782929,2.2936257240091766
2026-02-25 21:00:00,7.1,94.0,0.0,4.1,124.0,-3.3990540474756705,2.2926909042300623
2026-02-25 22:00:00,5.4,94.0,0.0,2.6,124.0,-2.1554976886431083,1.453901549023942
2026-02-25 23:00:00,6.5,86.0,0.0,1.2,129.0,-0.9325751537483651,0.7551844692598049
2026-02-26 00:00:00,6.8,85.0,0.0,3.3,119.0,-2.8862450335600056,1.5998717468129127
2026-02-26 01:00:00,7.6,79.0,0.0,3.1,121.0,-2.657218632176548,1.5966180322211687
2026-02-26 02:00:00,7.1,84.0,0.0,2.2,145.0,-1.2618681599723016,1.8021344974357818
2026-02-26 03:00:00,6.1,84.0,0.0,3.6,123.0,-3.019214044603526,1.9607005260540984
2026-02-26 04:00:00,5.7,83.0,0.0,3.1,121.0,-2.657218632176548,1.5966180322211687
2026-02-26 05:00:00,5.4,79.0,0.0,2.7,122.0,-2.28972985962235,1.4307820134296534
2026-02-26 06:00:00,5.3,76.0,0.0,3.1,118.0,-2.7371375378626737,1.4553618446362613
2026-02-26 07:00:00,6.0,74.0,0.0,3.6,120.0,-3.1176914536239795,1.7999999999999998
2026-02-26 08:00:00,10.8,55.0,0.0,5.3,142.0,-3.263005819225989,4.176456994115626
2026-02-26 09:00:00,13.6,38.0,0.0,4.5,220.0,2.8925442435894273,3.447199994035401
2026-02-26 10:00:00,14.5,42.0,0.0,5.5,259.0,5.3989495089621515,1.0494494745709964
2026-02-26 11:00:00,15.6,42.0,0.0,5.8,263.0,5.756767679519667,0.7068421917498553
2026-02-26 12:00:00,15.3,52.0,0.0,5.8,250.0,5.450217200558269,1.9837168312888784
2026-02-26 13:00:00,14.7,60.0,0.1,4.9,219.0,3.083669916144204,3.808015211139158
2026-02-26 14:00:00,14.0,63.0,0.1,4.4,199.0,1.4324998796114898,4.160281732636994
2026-02-26 15:00:00,13.0,68.0,0.2,3.4,205.0,1.436902089918378,3.0814464759246096
2026-02-26 16:00:00,12.1,73.0,0.0,4.9,197.0,1.4326213531414103,4.685893304218874
2026-02-26 17:00:00,11.0,79.0,0.0,5.1,186.0,0.5330951626650325,5.072061666378193
2026-02-26 18:00:00,9.1,89.0,0.0,5.9,149.0,-3.0387246419693206,5.057287074142463
2026-02-26 19:00:00,7.5,89.0,0.0,5.5,131.0,-4.150902691225246,3.6083246594477902
2026-02-26 20:00:00,7.6,85.0,0.0,2.2,145.0,-1.2618681599723016,1.8021344974357818
2026-02-26 21:00:00,7.3,82.0,0.0,2.6,129.0,-2.0205794997881243,1.6362330167295773
2026-02-26 22:00:00,6.8,81.0,0.0,2.4,132.0,-1.7835475811457455,1.60591345526126
2026-02-26 23:00:00,6.8,81.0,0.0,4.0,129.0,-3.1085838458278836,2.5172815641993496
2026-02-27 00:00:00,7.2,81.0,0.0,5.3,125.0,-4.341505834731657,3.0399551126605435
2026-02-27 01:00:00,7.8,77.0,0.0,2.4,132.0,-1.7835475811457455,1.60591345526126
2026-02-27 02:00:00,6.1,83.0,0.0,4.4,148.0,-2.331644762626101,3.731411623088275
2026-02-27 03:00:00,5.8,89.0,0.0,5.5,136.0,-3.8206210375244853,3.956368901862581
2026-02-27 04:00:00,5.3,94.0,0.0,6.3,143.0,-3.7914346458579047,5.031403713297944
2026-02-27 05:00:00,6.1,97.0,0.1,5.4,140.0,-3.471053092307313,4.136639992842482
2026-02-27 06:00:00,6.2,96.0,0.1,3.8,139.0,-2.493024310163927,2.867896404846534
2026-02-27 07:00:00,7.8,92.0,0.1,3.6,147.0,-1.9607005260540975,3.019214044603526
2026-02-27 08:00:00,9.3,84.0,0.1,4.5,137.0,-3.0689926202812425,3.2910916572862674
2026-02-27 09:00:00,12.1,53.0,0.0,3.2,183.0,0.1674750599774207,3.1956145112146364
2026-02-27 10:00:00,13.9,39.0,0.0,2.9,270.0,2.9,0.0
2026-02-27 11:00:00,13.9,34.0,0.0,4.2,192.0,0.8732291014345898,4.108219923081983
2026-02-27 12:00:00,11.1,56.0,0.0,1.1,342.0,0.3399186938124422,-1.0461621679246689
2026-02-27 13:00:00,9.5,79.0,0.8,5.2,119.0,-4.548022477124858,2.5210100252809533
2026-02-27 14:00:00,10.0,79.0,0.9,8.8,141.0,-5.538019441238569,6.838884460821346
2026-02-27 15:00:00,11.2,68.0,0.0,8.9,135.0,-6.293250352560273,6.293250352560274
2026-02-27 16:00:00,11.0,73.0,0.0,5.1,148.0,-2.702588247589344,4.325045290397773
2026-02-27 17:00:00,10.1,81.0,0.1,3.4,164.0,-0.9371670097777968,3.2682897661902843
2026-02-27 18:00:00,9.0,76.0,0.1,7.2,161.0,-2.344090712091528,6.807733744315081
2026-02-27 19:00:00,8.3,84.0,0.6,8.1,149.0,-4.171808406771439,6.94305513568711
2026-02-27 20:00:00,8.3,86.0,1.0,5.9,140.0,-3.7924468971505823,4.51966221440197
2026-02-27 21:00:00,7.9,90.0,0.4,5.2,131.0,-3.9244898171584146,3.411506950750638
2026-02-27 22:00:00,7.9,89.0,0.1,4.4,128.0,-3.4672473158695767,2.708910491432897
2026-02-27 23:00:00,9.0,78.0,0.0,4.0,180.0,2.4492935982947064e-16,4.0
2026-02-28 00:00:00,8.1,83.0,0.3,5.1,153.0,-2.315351548671688,4.544133273360676
2026-02-28 01:00:00,7.7,87.0,0.3,5.5,144.0,-3.2328188876086017,4.449593469062211
2026-02-28 02:00:00,8.1,85.0,0.2,4.4,145.0,-2.5237363199446032,3.6042689948715636
2026-02-28 03:00:00,7.9,84.0,0.1,3.7,151.0,-1.793795594911447,3.236092916415765
2026-02-28 04:00:00,7.4,88.0,0.7000000000000001,5.0,136.0,-3.4732918522949867,3.5966990016932554
2026-02-28 05:00:00,7.5,87.0,0.2,3.7,141.0,-2.328485446884398,2.875440057390793
2026-02-28 06:00:00,7.4,87.0,0.1,3.6,131.0,-2.716954488801979,2.3618125043658265
2026-02-28 07:00:00,7.4,87.0,0.4,2.7,132.0,-2.006491028788964,1.8066526371689176
2026-02-28 08:00:00,8.7,93.0,0.4,5.3,152.0,-2.4881992827652217,4.679622242152313
2026-02-28 09:00:00,8.4,96.0,0.6,4.5,146.0,-2.51636806561836,3.730669076497688
2026-02-28 10:00:00,8.1,96.0,1.7000000000000002,7.0,130.0,-5.362311101832845,4.499513267805776
2026-02-28 11:00:00,8.8,95.0,0.9,5.9,130.0,-4.51966221440197,3.792446897150583
2026-02-28 12:00:00,9.0,95.0,1.1,5.8,129.0,-4.507446576450431,3.6500582680890568
2026-02-28 13:00:00,9.6,89.0,0.3,5.7,131.0,-4.301844607269801,3.739536465245892
2026-02-28 14:00:00,10.4,80.0,0.1,4.3,152.0,-2.018727719979331,3.7966746492933856
2026-02-28 15:00:00,10.4,79.0,0.3,3.2,227.0,2.3403318451813457,2.182394752199995
2026-02-28 16:00:00,9.4,94.0,0.8,4.8,117.0,-4.276831316104166,2.1791543987498248
2026-02-28 17:00:00,9.2,96.0,0.1,5.2,136.0,-3.6122235263867863,3.740566961760986
2026-02-28 18:00:00,9.7,86.0,0.0,2.8,125.0,-2.293625724009177,1.6060140217829286
2026-02-28 19:00:00,9.9,81.0,0.0,2.4,167.0,-0.539882530425276,2.3384881554845647
2026-02-28 20:00:00,8.3,87.0,0.6,4.1,131.0,-3.094309278913365,2.6898420188610794
2026-02-28 21:00:00,8.3,88.0,0.3,1.3,106.0,-1.2496402047198145,0.358328562562099
2026-02-28 22:00:00,8.3,87.0,0.3,1.9,119.0,-1.6617774435648518,0.9211382784680405
2026-02-28 23:00:00,8.1,90.0,0.2,1.9,124.0,-1.575171387854579,1.0624665165944192
2026-03-01 00:00:00,8.2,88.0,0.6,0.9,101.0,-0.8834644651028976,0.17172809583889048
2026-03-01 01:00:00,7.7,93.0,0.1,3.5,114.0,-3.197409101749103,1.4235782507653014
2026-03-01 02:00:00,7.7,91.0,0.0,1.2,141.0,-0.7551844692598048,0.9325751537483652
2026-03-01 03:00:00,7.0,93.0,0.0,1.5,111.0,-1.4003706397458027,0.5375519243179503
2026-03-01 04:00:00,6.5,95.0,1.7000000000000002,2.3,119.0,-2.01162532642061,1.1150621265665754
2026-03-01 05:00:00,6.8,97.0,0.4,3.4,122.0,-2.883363526931848,1.8017254983928965
2026-03-01 06:00:00,7.3,96.0,0.1,4.6,141.0,-2.894873798829251,3.5748714227020666
2026-03-01 07:00:00,8.3,96.0,0.1,7.4,139.0,-4.854836814529754,5.584850893648514
2026-03-01 08:00:00,10.4,94.0,0.0,7.7,159.0,-2.7594332114988123,7.188569284028453
2026-03-01 09:00:00,13.0,80.0,0.0,7.4,194.0,1.7902220274375409,7.180188374442374
2026-03-01 10:00:00,14.1,69.0,0.2,8.5,205.0,3.592255224795945,7.703616189811524
2026-03-01 11:00:00,13.5,81.0,1.3,9.4,235.0,7.700029216316524,5.391618501699833
2026-03-01 12:00:00,12.3,88.0,3.9,7.4,219.0,4.656970893768798,5.750880114781585
2026-03-01 13:00:00,12.7,88.0,6.5,8.5,215.0,4.875399708983893,6.96279237645643
2026-03-01 14:00:00,12.7,88.0,5.9,8.5,222.0,5.6876101540502955,6.316731016557851
2026-03-01 15:00:00,12.4,89.0,2.0,5.9,218.0,3.6324027044213842,4.64926344627966
2026-03-01 16:00:00,12.0,91.0,0.2,5.1,184.0,0.35575801609503865,5.087576656325103
2026-03-01 17:00:00,11.7,88.0,0.0,5.7,193.0,1.2822210097600302,5.553909369275841
2026-03-01 18:00:00,9.9,95.0,0.1,6.0,159.0,-2.1502076972718016,5.601482558983211
2026-03-01 19:00:00,10.4,88.0,0.0,8.4,146.0,-4.697220389154272,6.963915609462351
2026-03-01 20:00:00,8.8,92.0,0.0,6.2,165.0,-1.6046780796356293,5.9887401229922235
2026-03-01 21:00:00,8.4,94.0,0.0,7.8,146.0,-4.361704647071824,6.466493065929326
2026-03-01 22:00:00,9.3,95.0,0.0,7.8,140.0,-5.013743355555007,5.975146656328028
2026-03-01 23:00:00,9.6,94.0,0.0,5.6,153.0,-2.542346798541461,4.98963653545486
2026-03-02 00:00:00,8.9,98.0,0.1,4.8,160.0,-1.6416966879632098,4.51052457977236
2026-03-02 01:00:00,9.1,98.0,0.2,4.0,180.0,2.4492935982947064e-16,4.0
2026-03-02 02:00:00,9.1,98.0,0.0,4.6,191.0,0.8777213787321065,4.515485043859254
2026-03-02 03:00:00,9.3,97.0,0.0,3.4,205.0,1.436902089918378,3.0814464759246096
2026-03-02 04:00:00,8.5,98.0,0.0,2.3,157.0,-0.8986815955253296,2.1171611629406124
2026-03-02 05:00:00,7.9,98.0,0.0,1.5,159.0,-0.5375519243179504,1.4003706397458027
2026-03-02 06:00:00,7.6,98.0,0.0,2.5,135.0,-1.7677669529663687,1.7677669529663689
2026-03-02 07:00:00,8.3,98.0,0.0,5.1,129.0,-3.963444403430551,3.2095339943541705
2026-03-02 08:00:00,10.9,96.0,0.0,4.7,184.0,0.3278554265973886,4.688551036221174
2026-03-02 09:00:00,13.5,74.0,0.0,4.2,205.0,1.7749966993109376,3.80649270555393
2026-03-02 10:00:00,14.2,70.0,0.0,4.0,249.0,3.734321705988807,1.433471798181201
2026-03-02 11:00:00,13.9,78.0,0.7000000000000001,6.5,251.0,6.1458707413955596,2.1161930039715187
2026-03-02 12:00:00,13.1,87.0,3.8,6.0,233.0,4.791813060283757,3.6108901389122896
2026-03-02 13:00:00,12.5,88.0,3.3,6.8,245.0,6.162892951849219,2.873804179836756
2026-03-02 14:00:00,13.8,75.0,0.4,4.9,274.0,4.8880638462731385,-0.341806721346214
2026-03-02 15:00:00,14.1,67.0,0.2,5.2,254.0,4.998560818879258,1.4333142502483958
2026-03-02 16:00:00,13.5,69.0,0.1,4.8,250.0,4.51052457977236,1.6416966879632098
2026-03-02 17:00:00,12.3,77.0,0.1,2.7,242.0,2.383958500719103,1.2675732195219052
2026-03-02 18:00:00,9.9,90.0,0.1,2.2,125.0,-1.8021344974357822,1.2618681599723012
2026-03-02 19:00:00,8.0,92.0,0.0,5.4,127.0,-4.312631754255382,3.2498011250210603
2026-03-02 20:00:00,8.3,85.0,0.0,3.5,141.0,-2.2026213686744303,2.7200108650993986
2026-03-02 21:00:00,8.2,85.0,0.0,4.7,140.0,-3.021101765526735,3.6004088826591967
2026-03-02 22:00:00,8.2,83.0,0.0,5.9,130.0,-4.51966221440197,3.792446897150583
2026-03-02 23:00:00,6.0,93.0,0.0,7.5,130.0,-5.745333323392334,4.820907072649046
2026-03-03 00:00:00,5.4,92.0,0.0,6.1,130.0,-4.672871103025765,3.9210044190878905
2026-03-03 01:00:00,6.7,79.0,0.0,5.9,130.0,-4.51966221440197,3.792446897150583
2026-03-03 02:00:00,6.9,74.0,0.0,3.9,127.0,-3.1146784891844423,2.3470785902929876
2026-03-03 03:00:00,8.3,72.0,0.0,4.1,142.0,-2.524212048835199,3.23084408978756
2026-03-03 04:00:00,8.5,73.0,0.0,4.3,138.0,-2.8772616073430903,3.195522749552795
2026-03-03 05:00:00,9.0,73.0,0.1,4.1,165.0,-1.0611580849203355,3.96029588778518
2026-03-03 06:00:00,8.4,80.0,0.5,4.6,141.0,-2.894873798829251,3.5748714227020666
2026-03-03 07:00:00,8.8,80.0,0.7000000000000001,3.8,163.0,-1.1110124779463992,3.633958072659535
2026-03-03 08:00:00,8.8,87.0,0.8,3.6,150.0,-1.7999999999999992,3.1176914536239795
2026-03-03 09:00:00,9.1,94.0,3.4,3.8,161.0,-1.2371589869371953,3.592970587277404
2026-03-03 10:00:00,9.2,97.0,4.5,5.1,132.0,-3.7900386099347094,3.4125660924301773
2026-03-03 11:00:00,9.8,96.0,3.7,2.7,274.0,2.6934229357015256,-0.18834247910913832
2026-03-03 12:00:00,8.9,99.0,4.9,4.0,162.0,-1.2360679774997894,3.8042260651806146
2026-03-03 13:00:00,9.8,97.0,2.3,7.1,156.0,-2.8878301658381815,6.486172749262466
2026-03-03 14:00:00,12.6,79.0,0.0,6.3,219.0,3.964718463613976,4.896019557178916
2026-03-03 15:00:00,12.7,73.0,0.1,6.6,209.0,3.199743493625825,5.772490067120011
2026-03-03 16:00:00,12.4,72.0,0.0,5.8,219.0,3.650058268089057,4.507446576450431
2026-03-03 17:00:00,10.7,80.0,0.1,5.3,213.0,2.8865868855796433,4.444954010110747
2026-03-03 18:00:00,8.9,87.0,0.0,4.5,182.0,0.15704773516125486,4.497258721585931
2026-03-03 19:00:00,8.7,85.0,0.0,5.6,176.0,-0.3906362529671018,5.586358681455015
2026-03-03 20:00:00,8.4,96.0,0.0,6.9,165.0,-1.785851411207394,6.664888201394572
2026-03-03 21:00:00,7.9,96.0,0.1,6.9,147.0,-3.758009341603687,5.786826918823426
2026-03-03 22:00:00,7.4,94.0,0.0,6.1,140.0,-3.92100441908789,4.6728711030257655
2026-03-03 23:00:00,6.6,93.0,0.0,5.2,146.0,-2.907803098047883,4.3109953772862175
2026-03-04 00:00:00,5.8,83.0,0.0,2.9,150.0,-1.4499999999999993,2.511473670974872
2026-03-04 01:00:00,6.1,83.0,0.0,5.1,148.0,-2.702588247589344,4.325045290397773
2026-03-04 02:00:00,5.5,86.0,0.0,6.2,136.0,-4.306881896845784,4.459906762099637
2026-03-04 03:00:00,5.1,93.0,0.0,5.4,138.0,-3.6133052743378347,4.012982057577929
2026-03-04 04:00:00,6.0,91.0,0.0,5.7,134.0,-4.100236861930312,3.9595527116162836
2026-03-04 05:00:00,6.2,87.0,0.0,3.6,123.0,-3.019214044603526,1.9607005260540984
2026-03-04 06:00:00,5.9,88.0,0.0,2.7,132.0,-2.006491028788964,1.8066526371689176
2026-03-04 07:00:00,6.3,84.0,0.0,4.7,130.0,-3.6004088826591962,3.0211017655267356
2026-03-04 08:00:00,8.2,85.0,0.2,6.2,154.0,-2.7179011100922805,5.572523087054835
2026-03-04 09:00:00,9.8,78.0,0.1,5.5,191.0,1.049449474570997,5.3989495089621515
2026-03-04 10:00:00,10.5,75.0,0.0,4.5,209.0,2.181643291108517,3.935788682127281
2026-03-04 11:00:00,10.7,71.0,0.1,5.5,207.0,2.4969477485675076,4.900535883036023
2026-03-04 12:00:00,13.0,63.0,0.2,7.0,266.0,6.982948351818769,0.4882953162088771
2026-03-04 13:00:00,9.8,80.0,0.5,3.1,193.0,0.6973482684659813,3.0205472008342293
2026-03-04 14:00:00,9.1,98.0,0.4,2.8,215.0,1.606014021782929,2.293625724009177
2026-03-04 15:00:00,8.4,96.0,2.8,2.7,208.0,1.2675732195219054,2.383958500719103
2026-03-04 16:00:00,7.9,100.0,1.2,2.4,207.0,1.0895771993749124,2.138415658052083
2026-03-04 17:00:00,7.9,99.0,0.3,2.3,203.0,0.8986815955253294,2.117161162940613
2026-03-04 18:00:00,7.8,97.0,0.0,2.2,166.0,-0.5322281703192692,2.1346505978071924
2026-03-04 19:00:00,6.7,98.0,0.0,2.6,124.0,-2.1554976886431083,1.453901549023942
2026-03-04 20:00:00,6.6,96.0,0.1,1.1,162.0,-0.3399186938124421,1.046162167924669
2026-03-04 21:00:00,7.4,95.0,0.2,2.3,141.0,-1.4474368994146256,1.7874357113510333
2026-03-04 22:00:00,7.3,94.0,0.1,2.7,118.0,-2.383958500719103,1.267573219521905
2026-03-04 23:00:00,7.4,92.0,0.3,1.9,236.0,1.575171387854579,1.0624665165944192
2026-03-05 00:00:00,6.7,96.0,0.4,0.7000000000000001,360.0,4.2862637970157366e-17,-0.7000000000000001
2026-03-05 01:00:00,6.4,98.0,0.2,0.30000000000000004,45.0,-0.21213203435596434,-0.21213203435596428
2026-03-05 02:00:00,6.4,97.0,0.2,1.6,90.0,-1.6,1.9594348786357652e-16
2026-03-05 03:00:00,6.4,96.0,0.9,1.7000000000000002,108.0,-1.6167960777017611,0.5253288904374108
2026-03-05 04:00:00,6.5,95.0,0.7000000000000001,2.7,110.0,-2.5371700761219524,0.923454386979306
2026-03-05 05:00:00,6.9,89.0,0.4,0.4,90.0,-0.4,4.898587196589413e-17
2026-03-05 06:00:00,6.4,91.0,0.5,1.7000000000000002,49.0,-1.2830062863787128,-1.115300349283862
2026-03-05 07:00:00,6.5,93.0,0.5,2.7,90.0,-2.7,3.3065463576978537e-16
2026-03-05 08:00:00,7.3,98.0,0.1,3.3,139.0,-2.1649947956686737,2.490541614735148
2026-03-05 09:00:00,8.8,91.0,0.1,2.3,238.0,1.9505106211597796,1.2188143077363711
2026-03-05 10:00:00,9.0,85.0,0.1,2.7,293.0,2.485363104321589,-1.0549740469210394
2026-03-05 11:00:00,9.2,88.0,0.2,4.2,329.0,2.1631599146222276,-3.600102662948872
2026-03-05 12:00:00,8.7,92.0,1.1,3.8,315.0,2.6870057685088806,-2.68700576850888
2026-03-05 13:00:00,8.2,94.0,2.1,3.9,304.0,3.2332465329646625,-2.180852323535913
2026-03-05 14:00:00,8.3,90.0,1.5,4.4,279.0,4.3458286986186065,-0.6883116461770159
2026-03-05 15:00:00,8.2,95.0,0.6,1.5,300.0,1.299038105676658,-0.7499999999999999
2026-03-05 16:00:00,7.7,97.0,1.9,2.0,260.0,1.969615506024416,0.34729635533386066
2026-03-05 17:00:00,7.5,99.0,1.0,1.1,99.0,-1.0864571746546514,0.1720779115442541
2026-03-05 18:00:00,7.3,98.0,0.1,6.9,115.0,-6.253523730552885,2.9160660060108268
2026-03-05 19:00:00,7.3,92.0,0.0,3.4,108.0,-3.233592155403522,1.0506577808748214
2026-03-05 20:00:00,5.9,91.0,0.0,2.5,98.0,-2.475670171853926,0.3479327524001633
2026-03-05 21:00:00,5.2,90.0,0.0,2.4,99.0,-2.37045201742833,0.37544271609655433
2026-03-05 22:00:00,5.7,84.0,0.0,0.4,117.0,-0.35640260967534715,0.18159619989581877
2026-03-05 23:00:00,5.6,81.0,0.0,0.9,101.0,-0.8834644651028976,0.17172809583889048
2026-03-06 00:00:00,4.9,82.0,0.0,1.1,108.0,-1.0461621679246689,0.3399186938124423
2026-03-06 01:00:00,4.5,81.0,0.0,0.9,101.0,-0.8834644651028976,0.17172809583889048
2026-03-06 02:00:00,4.0,82.0,0.0,1.0,112.0,-0.9271838545667873,0.37460659341591224
2026-03-06 03:00:00,4.2,79.0,0.0,0.4,90.0,-0.4,4.898587196589413e-17
2026-03-06 04:00:00,3.6,80.0,0.0,0.9,101.0,-0.8834644651028976,0.17172809583889048
2026-03-06 05:00:00,3.2,81.0,0.0,1.1,108.0,-1.0461621679246689,0.3399186938124423
2026-03-06 06:00:00,2.6,83.0,0.0,1.9,107.0,-1.8169790363297675,0.5555062389731995
2026-03-06 07:00:00,3.2,88.0,0.0,2.5,111.0,-2.3339510662430043,0.8959198738632506
2026-03-06 08:00:00,7.6,91.0,0.0,5.8,97.0,-5.756767679519667,0.7068421917498557
2026-03-06 09:00:00,11.7,60.0,0.0,1.5,97.0,-1.488819227461983,0.18280401510772132
2026-03-06 10:00:00,13.1,47.0,0.0,3.3,276.0,3.2819222547153015,-0.3449439287832564
2026-03-06 11:00:00,14.9,41.0,0.0,7.2,271.0,7.198903405126018,-0.1256573263484413
2026-03-06 12:00:00,15.4,43.0,0.0,8.7,263.0,8.6351515192795,1.060263287624783
2026-03-06 13:00:00,14.7,47.0,0.0,8.6,260.0,8.469346675904989,1.4933743279356009
2026-03-06 14:00:00,13.9,51.0,0.0,8.7,263.0,8.6351515192795,1.060263287624783
2026-03-06 15:00:00,13.5,57.0,0.0,8.0,261.0,7.901506724761102,1.251475720321847
2026-03-06 16:00:00,12.4,61.0,0.0,6.0,261.0,5.926130043570827,0.9386067902413853
2026-03-06 17:00:00,10.8,70.0,0.0,5.1,266.0,5.087576656325103,0.35575801609503904
2026-03-06 18:00:00,7.7,90.0,0.0,2.2,265.0,2.1916283358018402,0.19174263404484798
2026-03-06 19:00:00,6.8,93.0,0.0,0.8,135.0,-0.565685424949238,0.5656854249492381
2026-03-06 20:00:00,8.3,92.0,0.0,0.30000000000000004,45.0,-0.21213203435596434,-0.21213203435596428
2026-03-06 21:00:00,7.5,96.0,1.7000000000000002,2.4,287.0,2.295131414311285,-0.7016920913345682
2026-03-06 22:00:00,7.4,97.0,1.3,1.0,301.0,0.8571673007021123,-0.5150380749100542
2026-03-06 23:00:00,7.2,98.0,0.6,0.30000000000000004,315.0,0.2121320343559643,-0.21213203435596428
2026-03-07 00:00:00,7.3,97.0,0.3,0.4,207.0,0.18159619989581874,0.35640260967534715
2026-03-07 01:00:00,7.0,98.0,0.2,0.8,297.0,0.7128052193506944,-0.3631923997916374
2026-03-07 02:00:00,7.0,96.0,0.1,2.0,117.0,-1.7820130483767356,0.9079809994790937
2026-03-07 03:00:00,6.5,96.0,0.0,0.9,101.0,-0.8834644651028976,0.17172809583889048
2026-03-07 04:00:00,4.7,96.0,0.0,1.4,113.0,-1.2887067948334165,0.5470235798849833
2026-03-07 05:00:00,3.2,95.0,0.0,2.2,114.0,-2.009800006813722,0.894820614766761
2026-03-07 06:00:00,3.2,90.0,0.0,0.0,270.0,0.0,0.0
2026-03-07 07:00:00,4.5,91.0,0.0,1.6,117.0,-1.4256104387013886,0.7263847995832751
2026-03-07 08:00:00,7.1,95.0,0.0,1.7000000000000002,131.0,-1.2830062863787126,1.1153003492838625
2026-03-07 09:00:00,9.5,71.0,0.0,1.9,131.0,-1.4339482024232668,1.2465121550819638
2026-03-07 10:00:00,11.6,55.0,0.0,4.0,273.0,3.9945181390182953,-0.20934382497177534
2026-03-07 11:00:00,12.8,50.0,0.0,6.6,287.0,6.311611389356034,-1.9296532511700626
2026-03-07 12:00:00,13.5,51.0,0.0,7.7,286.0,7.401715058725055,-2.1224076397908935
2026-03-07 13:00:00,13.7,51.0,0.0,8.1,283.0,7.892397524760405,-1.8221035401853065
2026-03-07 14:00:00,13.7,48.0,0.0,8.1,288.0,7.703557781990743,-2.503037654437074
2026-03-07 15:00:00,12.7,57.0,0.0,7.3,303.0,6.122295146001595,-3.9758649556096977
2026-03-07 16:00:00,11.8,64.0,0.0,4.8,290.0,4.51052457977236,-1.6416966879632098
2026-03-07 17:00:00,10.6,70.0,0.0,4.3,287.0,4.112110450641052,-1.257198330307768
2026-03-07 18:00:00,7.5,87.0,0.0,0.8,243.0,0.7128052193506944,0.3631923997916374
2026-03-07 19:00:00,6.0,92.0,0.0,0.2,90.0,-0.2,2.4492935982947065e-17
2026-03-07 20:00:00,5.9,97.0,0.0,0.30000000000000004,135.0,-0.21213203435596428,0.2121320343559643
2026-03-07 21:00:00,5.5,94.0,0.0,2.2,99.0,-2.172914349309303,0.3441558230885082
2026-03-07 22:00:00,4.9,92.0,0.0,2.2,104.0,-2.1346505978071924,0.5322281703192691
2026-03-07 23:00:00,3.7,91.0,0.0,2.8,108.0,-2.6629582456264296,0.8652475842498529
2026-03-08 00:00:00,2.2,94.0,0.0,3.0,107.0,-2.8689142678891066,0.8771151141682099
2026-03-08 01:00:00,2.5,93.0,0.0,3.4,115.0,-3.0814464759246096,1.4369020899183782
2026-03-08 02:00:00,1.1,95.0,0.0,2.3,119.0,-2.01162532642061,1.1150621265665754
2026-03-08 03:00:00,0.5,95.0,0.0,2.4,117.0,-2.138415658052083,1.0895771993749124
2026-03-08 04:00:00,0.2,96.0,0.0,3.9,118.0,-3.4434956121498153,1.8309390948649737
2026-03-08 05:00:00,0.0,93.0,0.0,3.1,118.0,-2.7371375378626737,1.4553618446362613
2026-03-08 06:00:00,0.4,84.0,0.0,2.7,113.0,-2.485363104321589,1.0549740469210394
2026-03-08 07:00:00,3.2,72.0,0.0,3.1,121.0,-2.657218632176548,1.5966180322211687
2026-03-08 08:00:00,9.4,47.0,0.0,3.0,155.0,-1.267854785222098,2.71892336110995
2026-03-08 09:00:00,11.5,37.0,0.0,3.5,249.0,3.267531492740206,1.2542878234085508
2026-03-08 10:00:00,12.9,35.0,0.0,5.2,268.0,5.196832300499298,0.18147738285300505
2026-03-08 11:00:00,13.5,40.0,0.0,6.5,270.0,6.5,0.0
2026-03-08 12:00:00,13.4,48.0,0.0,7.1,280.0,6.992135046386677,-1.2329020614352053
2026-03-08 13:00:00,12.9,52.0,0.0,7.2,283.0,7.015464466453694,-1.6196475912758281
2026-03-08 14:00:00,12.8,52.0,0.0,6.6,303.0,5.535225748439799,-3.5946176310991786
2026-03-08 15:00:00,11.9,57.0,0.0,5.6,310.0,4.289848881466277,-3.5996106142446194
2026-03-08 16:00:00,10.9,65.0,0.0,5.4,320.0,3.471053092307313,-4.136639992842482
2026-03-08 17:00:00,9.3,73.0,0.0,2.8,342.0,0.8652475842498528,-2.6629582456264296
2026-03-08 18:00:00,6.8,84.0,0.0,0.9,101.0,-0.8834644651028976,0.17172809583889048
2026-03-08 19:00:00,5.0,85.0,0.0,2.6,124.0,-2.1554976886431083,1.453901549023942
2026-03-08 20:00:00,4.6,86.0,0.0,2.5,135.0,-1.7677669529663687,1.7677669529663689
2026-03-08 21:00:00,4.8,78.0,0.0,1.9,119.0,-1.6617774435648518,0.9211382784680405
2026-03-08 22:00:00,4.7,76.0,0.0,0.8,117.0,-0.7128052193506943,0.36319239979163753
2026-03-08 23:00:00,4.3,77.0,0.0,1.3,106.0,-1.2496402047198145,0.358328562562099
2026-03-09 00:00:00,3.8,77.0,0.0,1.7000000000000002,108.0,-1.6167960777017611,0.5253288904374108
2026-03-09 01:00:00,3.6,76.0,0.0,1.6,117.0,-1.4256104387013886,0.7263847995832751
2026-03-09 02:00:00,2.4,81.0,0.0,2.5,120.0,-2.165063509461097,1.2499999999999998
2026-03-09 03:00:00,2.1,82.0,0.0,1.8,114.0,-1.6443818237566814,0.7321259575364408
2026-03-09 04:00:00,3.3,76.0,0.0,1.7000000000000002,122.0,-1.4416817634659242,0.9008627491964484
2026-03-09 05:00:00,2.1,78.0,0.0,1.8,114.0,-1.6443818237566814,0.7321259575364408
2026-03-09 06:00:00,2.9,74.0,0.0,2.1,121.0,-1.8000513314744357,1.0815799573111142
2026-03-09 07:00:00,4.1,75.0,0.0,1.5,126.0,-1.213525491562421,0.8816778784387098
2026-03-09 08:00:00,8.5,59.0,0.0,1.1,279.0,1.0864571746546516,-0.17207791154425398
2026-03-09 09:00:00,10.3,53.0,0.0,4.1,304.0,3.3990540474756705,-2.2926909042300623
2026-03-09 10:00:00,11.4,56.0,0.0,4.9,303.0,4.109485782932578,-2.668731271573633
2026-03-09 11:00:00,12.4,49.0,0.0,5.3,303.0,4.444954010110747,-2.8865868855796433
2026-03-09 12:00:00,12.1,56.0,0.0,6.5,298.0,5.739159353583025,-3.05156515810829
2026-03-09 13:00:00,11.0,62.0,0.0,6.9,301.0,5.914454374844575,-3.553762716879374
2026-03-09 14:00:00,10.2,66.0,0.0,6.7,289.0,6.334974456515423,-2.18130663486295
2026-03-09 15:00:00,9.9,71.0,0.1,4.2,282.0,4.108219923081984,-0.8732291014345893
2026-03-09 16:00:00,9.1,80.0,0.0,2.8,288.0,2.6629582456264296,-0.8652475842498527
2026-03-09 17:00:00,8.7,83.0,0.0,2.2,294.0,2.0098000068137223,-0.8948206147667606
2026-03-09 18:00:00,7.1,95.0,0.0,2.3,266.0,2.2943973155975956,0.1604398896114882
2026-03-09 19:00:00,6.4,98.0,0.0,2.7,200.0,0.9234543869793059,2.5371700761219524
2026-03-09 20:00:00,5.9,91.0,0.0,3.0,163.0,-0.87711511416821,2.8689142678891066
2026-03-09 21:00:00,5.7,87.0,0.0,3.1,177.0,-0.16224146435312592,3.0957515577391788
2026-03-09 22:00:00,5.6,88.0,0.0,2.3,151.0,-1.115062126566575,2.01162532642061
2026-03-09 23:00:00,6.1,89.0,0.0,2.7,160.0,-0.9234543869793056,2.537170076121953
2026-03-10 00:00:00,6.3,90.0,0.0,2.8,162.0,-0.8652475842498525,2.66295824562643
2026-03-10 01:00:00,6.3,91.0,0.0,2.9,187.0,0.3534210958749277,2.8783838397598336
2026-03-10 02:00:00,6.1,95.0,0.0,5.1,197.0,1.4910956940859574,4.87715425541148
2026-03-10 03:00:00,5.9,94.0,0.0,4.8,195.0,1.2423314164920995,4.636443966187528
2026-03-10 04:00:00,5.7,95.0,0.0,3.9,204.0,1.5862729079956208,3.562827284806143
2026-03-10 05:00:00,5.5,95.0,0.0,5.2,174.0,-0.5435480089917984,5.1715138559150216
2026-03-10 06:00:00,5.7,93.0,0.0,5.3,162.0,-1.6377900701872208,5.040599536364314
2026-03-10 07:00:00,5.9,88.0,0.0,4.4,212.0,2.3316447626261017,3.7314116230882743
2026-03-10 08:00:00,6.0,96.0,0.2,4.7,212.0,2.490620541896063,3.9858260519352022
2026-03-10 09:00:00,5.9,96.0,0.0,5.5,221.0,3.6083246594477902,4.150902691225246
2026-03-10 10:00:00,6.0,92.0,0.1,5.5,216.0,3.232818887608602,4.449593469062211
2026-03-10 11:00:00,5.4,98.0,0.7000000000000001,5.2,202.0,1.9479542857627423,4.821356043747294
2026-03-10 12:00:00,5.5,98.0,0.7000000000000001,5.3,198.0,1.6377900701872214,5.040599536364313
2026-03-10 13:00:00,5.7,97.0,0.4,4.3,204.0,1.7489675652259409,3.9282454678631837
2026-03-10 14:00:00,5.6,98.0,0.6,4.2,227.0,3.071685546800516,2.8643931122624937
2026-03-10 15:00:00,5.3,98.0,0.6,3.4,212.0,1.8017254983928965,2.883363526931848
2026-03-10 16:00:00,5.3,98.0,0.5,3.3,189.0,0.516233734632762,3.2593715239639547
2026-03-10 17:00:00,5.2,98.0,0.7000000000000001,3.1,193.0,0.6973482684659813,3.0205472008342293
2026-03-10 18:00:00,5.2,97.0,0.4,2.9,191.0,0.5533460865919803,2.8467188319982255
2026-03-10 19:00:00,5.2,97.0,0.1,2.7,208.0,1.2675732195219054,2.383958500719103
2026-03-10 20:00:00,5.3,98.0,0.3,3.3,209.0,1.5998717468129124,2.8862450335600056
2026-03-10 21:00:00,5.2,98.0,0.1,3.4,212.0,1.8017254983928965,2.883363526931848
2026-03-10 22:00:00,5.1,98.0,0.2,3.3,229.0,2.4905416147351476,2.1649947956686737
2026-03-10 23:00:00,4.9,98.0,0.3,4.0,216.0,2.3511410091698925,3.23606797749979
2026-03-11 00:00:00,4.7,99.0,0.2,3.1,201.0,1.1109406435904312,2.8940993221413254
2026-03-11 01:00:00,4.6,97.0,0.0,3.0,197.0,0.8771151141682103,2.868914267889106
2026-03-11 02:00:00,4.4,97.0,0.0,3.2,180.0,1.9594348786357652e-16,3.2
2026-03-11 03:00:00,4.3,96.0,0.3,3.6,180.0,2.2043642384652358e-16,3.6
2026-03-11 04:00:00,4.0,95.0,0.1,3.4,174.0,-0.3553967751100221,3.381374444252129
2026-03-11 05:00:00,4.2,96.0,0.0,4.2,190.0,0.7293223462011078,4.136192562651273
2026-03-11 06:00:00,4.1,95.0,0.0,3.2,199.0,1.0418180942629016,3.0256594419178136
2026-03-11 07:00:00,4.9,87.0,0.0,4.4,187.0,0.536225110982649,4.367203067221817
2026-03-11 08:00:00,5.5,95.0,0.0,4.3,197.0,1.257198330307768,4.112110450641052
2026-03-11 09:00:00,7.1,82.0,0.0,4.8,211.0,2.47218275956826,4.114403043370139
2026-03-11 10:00:00,8.5,72.0,0.0,5.0,244.0,4.493970231495835,2.191855733945387
2026-03-11 11:00:00,9.9,64.0,0.0,6.0,265.0,5.977168188550474,0.522934456485949
2026-03-11 12:00:00,10.6,60.0,0.0,5.9,272.0,5.896405879412665,-0.20590703054475573
2026-03-11 13:00:00,10.0,66.0,0.0,5.8,277.0,5.756767679519667,-0.7068421917498553
2026-03-11 14:00:00,10.4,60.0,0.0,5.8,290.0,5.450217200558269,-1.9837168312888784
2026-03-11 15:00:00,9.5,65.0,0.0,5.0,289.0,4.727592877996584,-1.6278407722857835
2026-03-11 16:00:00,9.0,70.0,0.0,4.2,282.0,4.108219923081984,-0.8732291014345893
2026-03-11 17:00:00,8.0,72.0,0.0,3.3,279.0,3.2593715239639547,-0.5162337346327618
2026-03-11 18:00:00,5.1,88.0,0.0,1.4,320.0,0.8999026535611551,-1.0724622203665692
2026-03-11 19:00:00,3.4,93.0,0.0,1.3,124.0,-1.0777488443215542,0.726950774511971
2026-03-11 20:00:00,3.3,98.0,0.0,1.5,126.0,-1.213525491562421,0.8816778784387098
2026-03-11 21:00:00,4.1,95.0,0.0,2.9,120.0,-2.511473670974872,1.4499999999999997
2026-03-11 22:00:00,3.6,93.0,0.0,1.1,108.0,-1.0461621679246689,0.3399186938124423
2026-03-11 23:00:00,3.1,90.0,0.0,2.0,117.0,-1.7820130483767356,0.9079809994790937
2026-03-12 00:00:00,2.3,85.0,0.0,2.0,117.0,-1.7820130483767356,0.9079809994790937
2026-03-12 01:00:00,1.2,79.0,0.0,0.8,117.0,-0.7128052193506943,0.36319239979163753
2026-03-12 02:00:00,0.7000000000000001,75.0,0.0,1.5,120.0,-1.299038105676658,0.7499999999999999
2026-03-12 03:00:00,0.2,67.0,0.0,1.9,112.0,-1.7616493236768958,0.7117525274902332
2026-03-12 04:00:00,1.1,58.0,0.0,2.4,117.0,-2.138415658052083,1.0895771993749124
2026-03-12 05:00:00,-0.2,53.0,0.0,2.4,117.0,-2.138415658052083,1.0895771993749124
2026-03-12 06:00:00,0.30000000000000004,49.0,0.0,2.0,117.0,-1.7820130483767356,0.9079809994790937
2026-03-12 07:00:00,2.9,54.0,0.0,0.8,117.0,-0.7128052193506943,0.36319239979163753
2026-03-12 08:00:00,5.7,57.0,0.0,2.4,163.0,-0.701692091334568,2.2951314143112853
2026-03-12 09:00:00,8.0,50.0,0.0,3.9,233.0,3.114678489184442,2.347078590292988
2026-03-12 10:00:00,9.4,50.0,0.0,5.1,274.0,5.087576656325103,-0.35575801609503904
2026-03-12 11:00:00,9.9,50.0,0.0,5.8,279.0,5.728592375451799,-0.9073198972333391
2026-03-12 12:00:00,9.7,51.0,0.0,4.9,287.0,4.685893304218874,-1.4326213531414103
2026-03-12 13:00:00,10.5,45.0,0.0,6.2,306.0,5.0159053651246746,-3.6442685642133337
2026-03-12 14:00:00,9.5,48.0,0.0,6.2,308.0,4.885666672361676,-3.8171011470190814
2026-03-12 15:00:00,9.2,52.0,0.0,6.0,339.0,2.150207697271802,-5.601482558983211
2026-03-12 16:00:00,8.1,64.0,0.0,4.9,10.0,-0.8508760705679587,-4.82555798975982
2026-03-12 17:00:00,6.7,64.0,0.0,3.7,43.0,-2.523393932231245,-2.706008695990931
2026-03-12 18:00:00,4.3,72.0,0.0,2.7,90.0,-2.7,3.3065463576978537e-16
2026-03-12 19:00:00,3.0,69.0,0.0,2.7,110.0,-2.5371700761219524,0.923454386979306
2026-03-12 20:00:00,1.4,71.0,0.0,2.0,80.0,-1.969615506024416,-0.34729635533386094
2026-03-12 21:00:00,0.2,64.0,0.0,4.2,100.0,-4.136192562651273,0.7293223462011071
2026-03-12 22:00:00,0.8,55.0,0.0,4.1,105.0,-3.9602958877851795,1.0611580849203361
2026-03-12 23:00:00,-1.5,49.0,0.0,3.4,106.0,-3.2682897661902843,0.9371670097777973
2026-03-13 00:00:00,-0.0,34.0,0.0,2.3,108.0,-2.1874299874788528,0.7107390870623792
2026-03-13 01:00:00,-0.6000000000000001,19.0,0.0,1.1,108.0,-1.0461621679246689,0.3399186938124423
2026-03-13 02:00:00,-0.0,26.0,0.0,0.8,117.0,-0.7128052193506943,0.36319239979163753
2026-03-13 03:00:00,-0.4,15.0,0.0,0.6000000000000001,124.0,-0.49742254353302506,0.33551574208244817
2026-03-13 04:00:00,-1.4,15.0,0.0,1.7000000000000002,108.0,-1.6167960777017611,0.5253288904374108
2026-03-13 05:00:00,-1.4,25.0,0.0,1.4,113.0,-1.2887067948334165,0.5470235798849833
2026-03-13 06:00:00,-3.0,21.0,0.0,1.9,107.0,-1.8169790363297675,0.5555062389731995
2026-03-13 07:00:00,-1.1,39.0,0.0,2.4,103.0,-2.3384881554845642,0.5398825304252765
2026-03-13 08:00:00,6.4,47.0,0.0,3.7,51.0,-2.875440057390792,-2.3284854468843994
2026-03-13 09:00:00,9.3,22.0,0.0,5.0,314.0,3.596699001693256,-3.4732918522949863
2026-03-13 10:00:00,10.5,31.0,0.0,6.6,305.0,5.406403492307345,-3.7856044799169037
2026-03-13 11:00:00,11.4,43.0,0.0,7.5,300.0,6.49519052838329,-3.7499999999999996
2026-03-13 12:00:00,11.8,54.0,0.0,8.3,297.0,7.395354150763454,-3.7681211478382384
2026-03-13 13:00:00,11.5,64.0,0.0,8.4,295.0,7.61298541110786,-3.5499933986218752
2026-03-13 14:00:00,10.9,62.0,0.0,9.5,295.0,8.609923976848174,-4.014873486536644
2026-03-13 15:00:00,10.1,69.0,0.0,7.6,298.0,6.710401705727845,-3.56798387717277
2026-03-13 16:00:00,9.4,69.0,0.0,6.6,305.0,5.406403492307345,-3.7856044799169037
2026-03-13 17:00:00,7.8,77.0,0.0,5.0,308.0,3.9400537680336094,-3.0783073766282913
2026-03-13 18:00:00,5.3,91.0,0.0,0.2,180.0,1.2246467991473533e-17,0.2
2026-03-13 19:00:00,2.9,88.0,0.0,3.9,103.0,-3.800043252662417,0.8773091119410743
2026-03-13 20:00:00,1.9,89.0,0.0,2.5,94.0,-2.4939101256495606,0.1743911843603138
2026-03-13 21:00:00,1.4,80.0,0.0,3.5,99.0,-3.456909192082982,0.5475206276408084
2026-03-13 22:00:00,1.2,67.0,0.0,2.2,104.0,-2.1346505978071924,0.5322281703192691
2026-03-13 23:00:00,1.3,48.0,0.0,1.7000000000000002,108.0,-1.6167960777017611,0.5253288904374108
2026-03-14 00:00:00,1.9,34.0,0.0,1.7000000000000002,108.0,-1.6167960777017611,0.5253288904374108
2026-03-14 01:00:00,1.8,27.0,0.0,2.1,110.0,-1.9733545036504077,0.7182423009839046
2026-03-14 02:00:00,1.0,38.0,0.0,1.8,96.0,-1.790139411662892,0.18815123388177674
2026-03-14 03:00:00,0.6000000000000001,35.0,0.0,2.0,100.0,-1.969615506024416,0.34729635533386055
2026-03-14 04:00:00,0.1,36.0,0.0,2.2,95.0,-2.1916283358018402,0.19174263404484804
2026-03-14 05:00:00,-0.6000000000000001,38.0,0.0,2.4,99.0,-2.37045201742833,0.37544271609655433
2026-03-14 06:00:00,-1.3,43.0,0.0,2.7,110.0,-2.5371700761219524,0.923454386979306
2026-03-14 07:00:00,0.6000000000000001,55.0,0.0,2.3,113.0,-2.117161162940613,0.8986815955253296
2026-03-14 08:00:00,6.5,37.0,0.0,0.5,315.0,0.3535533905932738,-0.35355339059327373
2026-03-14 09:00:00,9.4,25.0,0.0,3.8,281.0,3.730183297101123,-0.7250741824308702
2026-03-14 10:00:00,10.7,30.0,0.0,6.5,309.0,5.05144874947031,-4.090582541823943
2026-03-14 11:00:00,11.1,46.0,0.0,7.8,299.0,6.822033715687287,-3.781515037921429
2026-03-14 12:00:00,11.7,50.0,0.0,7.9,291.0,7.375285369327894,-2.831106801407872
2026-03-14 13:00:00,11.9,55.0,0.0,8.2,289.0,7.753252319914398,-2.669658866548685
2026-03-14 14:00:00,11.4,55.0,0.0,7.9,291.0,7.375285369327894,-2.831106801407872
2026-03-14 15:00:00,9.8,68.0,0.0,5.8,290.0,5.450217200558269,-1.9837168312888784
2026-03-14 16:00:00,9.9,66.0,0.0,4.0,278.0,3.9610722749662814,-0.5566924038402618
2026-03-14 17:00:00,9.2,70.0,0.0,3.0,322.0,1.846984425976975,-2.3640322608201663
2026-03-14 18:00:00,5.7,87.0,0.0,1.5,76.0,-1.4554435894139948,-0.3628828433995013
2026-03-14 19:00:00,4.4,87.0,0.0,2.8,108.0,-2.6629582456264296,0.8652475842498529
2026-03-14 20:00:00,4.1,87.0,0.0,0.7000000000000001,104.0,-0.6792070083931976,0.16934532691976742
2026-03-14 21:00:00,4.3,83.0,0.0,0.2,90.0,-0.2,2.4492935982947065e-17
2026-03-14 22:00:00,3.8,83.0,0.0,0.8,117.0,-0.7128052193506943,0.36319239979163753
2026-03-14 23:00:00,2.6,85.0,0.0,1.5,120.0,-1.299038105676658,0.7499999999999999
2026-03-15 00:00:00,1.5,87.0,0.0,1.8,114.0,-1.6443818237566814,0.7321259575364408
2026-03-15 01:00:00,1.9,84.0,0.0,1.9,112.0,-1.7616493236768958,0.7117525274902332
2026-03-15 02:00:00,2.3,79.0,0.0,0.6000000000000001,108.0,-0.5706339097770922,0.18541019662496852
2026-03-15 03:00:00,1.9,75.0,0.0,2.0,117.0,-1.7820130483767356,0.9079809994790937
2026-03-15 04:00:00,2.9,68.0,0.0,1.5,111.0,-1.4003706397458027,0.5375519243179503
2026-03-15 05:00:00,3.2,63.0,0.0,1.8,114.0,-1.6443818237566814,0.7321259575364408
2026-03-15 06:00:00,3.7,60.0,0.0,1.4,113.0,-1.2887067948334165,0.5470235798849833
2026-03-15 07:00:00,5.1,64.0,0.0,2.6,115.0,-2.3564002462952898,1.0988074805258188
2026-03-15 08:00:00,8.6,57.0,0.0,1.6,270.0,1.6,0.0
2026-03-15 09:00:00,10.7,54.0,0.0,4.1,299.0,3.585940799271522,-1.9877194430099818
2026-03-15 10:00:00,11.6,59.0,0.0,6.9,300.0,5.975575286112627,-3.4499999999999997
2026-03-15 11:00:00,12.3,61.0,0.0,8.1,299.0,7.084419627829106,-3.92695792399533
2026-03-15 12:00:00,12.3,63.0,0.0,7.5,294.0,6.851590932319507,-3.0505248230685016
2026-03-15 13:00:00,11.8,66.0,0.0,6.9,295.0,6.253523730552885,-2.9160660060108263
2026-03-15 14:00:00,9.7,77.0,0.1,7.1,297.0,6.326146321737411,-3.2233325481507817
2026-03-15 15:00:00,8.5,84.0,0.2,6.2,306.0,5.0159053651246746,-3.6442685642133337
2026-03-15 16:00:00,7.7,89.0,0.2,4.3,292.0,3.9868905746371857,-1.6108083516884215
2026-03-15 17:00:00,7.3,92.0,0.0,1.5,353.0,0.18280401510772123,-1.488819227461983
2026-03-15 18:00:00,6.6,97.0,0.0,0.4,333.0,0.18159619989581874,-0.35640260967534715
2026-03-15 19:00:00,4.2,100.0,0.0,2.1,121.0,-1.8000513314744357,1.0815799573111142
2026-03-15 20:00:00,5.0,100.0,0.0,0.6000000000000001,146.0,-0.33551574208244805,0.4974225435330251
2026-03-15 21:00:00,3.8,100.0,0.0,2.1,121.0,-1.8000513314744357,1.0815799573111142
2026-03-15 22:00:00,5.1,94.0,0.0,2.9,101.0,-2.8467188319982255,0.5533460865919804
2026-03-15 23:00:00,2.9,97.0,0.0,2.8,105.0,-2.704592313609391,0.7246933262870588
2026-03-16 00:00:00,1.8,99.0,0.0,1.5,111.0,-1.4003706397458027,0.5375519243179503
2026-03-16 01:00:00,1.0,100.0,0.0,1.9,112.0,-1.7616493236768958,0.7117525274902332
2026-03-16 02:00:00,3.3,98.0,0.0,1.1,90.0,-1.1,1.3471114790620887e-16
2026-03-16 03:00:00,2.9,95.0,0.0,5.1,113.0,-4.694574752607446,1.9927287552952961
2026-03-16 04:00:00,1.7000000000000002,94.0,0.0,4.4,109.0,-4.160281732636994,1.4324998796114892
2026-03-16 05:00:00,0.5,94.0,0.0,3.2,109.0,-3.025659441917814,1.0418180942629012
2026-03-16 06:00:00,-0.1,90.0,0.0,2.4,107.0,-2.2951314143112853,0.7016920913345678
2026-03-16 07:00:00,2.9,75.0,0.0,1.4,113.0,-1.2887067948334165,0.5470235798849833
2026-03-16 08:00:00,6.8,68.0,0.0,2.5,262.0,2.475670171853926,0.3479327524001636
2026-03-16 09:00:00,9.5,50.0,0.0,3.6,270.0,3.6,0.0
2026-03-16 10:00:00,11.0,54.0,0.0,5.5,283.0,5.359035356318794,-1.2372307988912574
2026-03-16 11:00:00,11.6,60.0,0.0,6.7,290.0,6.295940559265587,-2.2915349602819806
2026-03-16 12:00:00,11.9,59.0,0.0,6.2,285.0,5.9887401229922235,-1.6046780796356286
2026-03-16 13:00:00,11.9,61.0,0.0,7.4,293.0,6.811735915548059,-2.891410350820626
2026-03-16 14:00:00,10.1,76.0,0.1,7.6,285.0,7.341036279796919,-1.9670247427791576
2026-03-16 15:00:00,9.5,81.0,0.2,6.1,282.0,5.966700364476214,-1.2682613139883319
2026-03-16 16:00:00,8.2,87.0,0.2,4.3,253.0,4.112110450641052,1.257198330307768
2026-03-16 17:00:00,7.4,89.0,0.0,2.7,274.0,2.6934229357015256,-0.18834247910913832
2026-03-16 18:00:00,6.0,99.0,0.0,3.0,335.0,1.2678547852220983,-2.7189233611099497
2026-03-16 19:00:00,5.5,99.0,0.0,3.1,21.0,-1.1109406435904323,-2.894099322141325
2026-03-16 20:00:00,6.1,98.0,0.0,2.1,52.0,-1.6548225825741163,-1.2928890981838823
2026-03-16 21:00:00,4.4,99.0,0.0,1.9,112.0,-1.7616493236768958,0.7117525274902332
2026-03-16 22:00:00,3.0,100.0,0.0,3.4,115.0,-3.0814464759246096,1.4369020899183782
2026-03-16 23:00:00,1.9,98.0,0.0,1.5,120.0,-1.299038105676658,0.7499999999999999
2026-03-17 00:00:00,2.4,91.0,0.0,1.2,117.0,-1.0692078290260414,0.5447885996874562
2026-03-17 01:00:00,2.1,88.0,0.0,2.4,117.0,-2.138415658052083,1.0895771993749124
2026-03-17 02:00:00,2.8,89.0,0.0,1.7000000000000002,122.0,-1.4416817634659242,0.9008627491964484
2026-03-17 03:00:00,3.4,87.0,0.0,2.7,118.0,-2.383958500719103,1.267573219521905
2026-03-17 04:00:00,2.3,86.0,0.0,1.0,112.0,-0.9271838545667873,0.37460659341591224
2026-03-17 05:00:00,1.8,83.0,0.0,0.8,117.0,-0.7128052193506943,0.36319239979163753
2026-03-17 06:00:00,1.4,78.0,0.0,0.8,117.0,-0.7128052193506943,0.36319239979163753
2026-03-17 07:00:00,4.3,67.0,0.0,1.3,124.0,-1.0777488443215542,0.726950774511971
2026-03-17 08:00:00,8.1,64.0,0.0,1.1,252.0,1.0461621679246689,0.33991869381244216
2026-03-17 09:00:00,10.2,42.0,0.0,3.3,261.0,3.2593715239639547,0.5162337346327618
2026-03-17 10:00:00,11.5,52.0,0.0,5.6,268.0,5.596588631306936,0.1954371815340054
2026-03-17 11:00:00,12.6,52.0,0.0,6.7,272.0,6.695918541027941,-0.2338266279067565
2026-03-17 12:00:00,13.3,52.0,0.0,6.8,268.0,6.795857623729851,0.23731657757700658
2026-03-17 13:00:00,13.7,50.0,0.0,6.7,261.0,6.617511881987423,1.048110915769547
2026-03-17 14:00:00,13.4,50.0,0.0,7.0,252.0,6.657395614066075,2.1631189606246317
2026-03-17 15:00:00,12.2,55.0,0.0,6.4,254.0,6.1520748540052415,1.7640790772287946
2026-03-17 16:00:00,11.2,59.0,0.0,5.3,225.0,3.747665940288702,3.7476659402887016
2026-03-17 17:00:00,9.5,67.0,0.0,4.3,222.0,2.8772616073430903,3.195522749552795
2026-03-17 18:00:00,6.1,83.0,0.0,0.8,135.0,-0.565685424949238,0.5656854249492381
2026-03-17 19:00:00,4.4,86.0,0.0,4.8,151.0,-2.3270861771824176,4.1981745942691
2026-03-17 20:00:00,4.1,86.0,0.0,3.0,128.0,-2.364032260820166,1.8469844259769752
2026-03-17 21:00:00,3.6,79.0,0.0,4.3,123.0,-3.606283442165323,2.341947850564617
2026-03-17 22:00:00,4.1,64.0,0.0,3.2,133.0,-2.3403318451813457,2.1823947521999956
2026-03-17 23:00:00,4.5,52.0,0.0,2.7,132.0,-2.006491028788964,1.8066526371689176
2026-03-18 00:00:00,4.2,52.0,0.0,2.9,120.0,-2.511473670974872,1.4499999999999997
2026-03-18 01:00:00,3.3,48.0,0.0,2.7,122.0,-2.28972985962235,1.4307820134296534
2026-03-18 02:00:00,3.2,50.0,0.0,1.5,126.0,-1.213525491562421,0.8816778784387098
2026-03-18 03:00:00,2.5,48.0,0.0,2.6,115.0,-2.3564002462952898,1.0988074805258188
2026-03-18 04:00:00,2.0,52.0,0.0,3.0,115.0,-2.7189233611099497,1.2678547852220985
2026-03-18 05:00:00,1.5,57.0,0.0,4.0,120.0,-3.464101615137755,1.9999999999999998
2026-03-18 06:00:00,2.1,57.0,0.0,3.8,121.0,-3.2572357426680263,1.9571446846582066
2026-03-18 07:00:00,5.4,59.0,0.0,3.5,125.0,-2.8670321550114717,2.0075175272286607
2026-03-18 08:00:00,9.9,42.0,0.0,2.4,207.0,1.0895771993749124,2.138415658052083
2026-03-18 09:00:00,12.1,31.0,0.0,2.9,259.0,2.8467188319982255,0.5533460865919799
2026-03-18 10:00:00,12.7,35.0,0.0,4.8,290.0,4.51052457977236,-1.6416966879632098
2026-03-18 11:00:00,13.3,44.0,0.0,5.1,274.0,5.087576656325103,-0.35575801609503904
2026-03-18 12:00:00,13.8,53.0,0.0,5.8,248.0,5.377666356487367,2.1727182418122895
2026-03-18 13:00:00,14.0,51.0,0.0,5.8,240.0,5.022947341949744,2.8999999999999995
2026-03-18 14:00:00,13.5,52.0,0.0,6.0,231.0,4.662875768741825,3.7759223462990246
2026-03-18 15:00:00,12.9,55.0,0.0,4.6,231.0,3.5748714227020657,2.8948737988292517
2026-03-18 16:00:00,11.9,60.0,0.0,4.6,222.0,3.0780007892507477,3.4184661971960133
2026-03-18 17:00:00,10.2,69.0,0.0,4.1,203.0,1.601997626806022,3.774069899155005
2026-03-18 18:00:00,7.3,84.0,0.0,2.4,163.0,-0.701692091334568,2.2951314143112853
2026-03-18 19:00:00,5.1,88.0,0.0,5.7,131.0,-4.301844607269801,3.739536465245892
2026-03-18 20:00:00,4.8,83.0,0.0,5.2,134.0,-3.7405669617609862,3.6122235263867855
2026-03-18 21:00:00,6.1,69.0,0.0,5.5,134.0,-3.9563689018625814,3.8206210375244845
2026-03-18 22:00:00,5.3,58.0,0.0,4.6,141.0,-2.894873798829251,3.5748714227020666
2026-03-18 23:00:00,5.7,51.0,0.0,4.2,137.0,-2.8643931122624933,3.0716855468005164
2026-03-19 00:00:00,5.7,50.0,0.0,3.9,127.0,-3.1146784891844423,2.3470785902929876
2026-03-19 01:00:00,5.6,51.0,0.0,3.0,123.0,-2.5160117038362717,1.6339171050450818
2026-03-19 02:00:00,5.1,56.0,0.0,1.8,127.0,-1.4375439180851273,1.0832670416736867
2026-03-19 03:00:00,4.2,58.0,0.0,3.7,119.0,-3.2360929164157644,1.7937955949114477
2026-03-19 04:00:00,2.9,66.0,0.0,3.9,118.0,-3.4434956121498153,1.8309390948649737
2026-03-19 05:00:00,2.6,70.0,0.0,3.6,120.0,-3.1176914536239795,1.7999999999999998
2026-03-19 06:00:00,3.0,71.0,0.0,2.9,120.0,-2.511473670974872,1.4499999999999997
2026-03-19 07:00:00,6.6,69.0,0.0,0.9,127.0,-0.7187719590425636,0.5416335208368434
2026-03-19 08:00:00,9.8,57.0,0.0,2.2,270.0,2.2,0.0
2026-03-19 09:00:00,12.3,50.0,0.0,4.3,265.0,4.283637201794505,0.3747696938149301
2026-03-19 10:00:00,13.7,48.0,0.0,5.3,262.0,5.248420764330323,0.7376174350883468
2026-03-19 11:00:00,14.5,48.0,0.0,6.2,282.0,6.064515124549596,-1.289052483070108
2026-03-19 12:00:00,15.0,47.0,0.0,7.4,274.0,7.381973971922699,-0.5161979057065272
2026-03-19 13:00:00,13.6,53.0,0.0,5.4,272.0,5.3967104659031175,-0.18845728219350524
2026-03-19 14:00:00,12.7,60.0,0.1,5.3,278.0,5.248420764330323,-0.7376174350883468
2026-03-19 15:00:00,12.4,64.0,0.1,3.4,264.0,3.381374444252129,0.35539677511002177
2026-03-19 16:00:00,12.0,66.0,0.0,3.1,270.0,3.1,0.0
2026-03-19 17:00:00,10.8,74.0,0.0,2.9,266.0,2.89293574575349,0.20229377385796338
2026-03-19 18:00:00,8.2,89.0,0.0,0.5,180.0,3.061616997868383e-17,0.5
2026-03-19 19:00:00,7.8,88.0,0.0,3.3,131.0,-2.4905416147351476,2.1649947956686737
2026-03-19 20:00:00,6.4,96.0,0.0,3.2,142.0,-1.9701167210421067,2.521634411541511
2026-03-19 21:00:00,5.9,90.0,0.0,2.5,135.0,-1.7677669529663687,1.7677669529663689
2026-03-19 22:00:00,5.7,89.0,0.0,1.6,117.0,-1.4256104387013886,0.7263847995832751
2026-03-19 23:00:00,5.1,87.0,0.0,1.9,124.0,-1.575171387854579,1.0624665165944192
2026-03-20 00:00:00,5.5,83.0,0.0,1.5,120.0,-1.299038105676658,0.7499999999999999
2026-03-20 01:00:00,5.6,80.0,0.0,2.5,120.0,-2.165063509461097,1.2499999999999998
2026-03-20 02:00:00,4.8,79.0,0.0,3.2,124.0,-2.6529202321761334,1.7894172911063901
2026-03-20 03:00:00,3.9,77.0,0.0,3.5,118.0,-3.0903165750062445,1.6431504697506174
2026-03-20 04:00:00,3.6,73.0,0.0,1.8,114.0,-1.6443818237566814,0.7321259575364408
2026-03-20 05:00:00,4.0,68.0,0.0,1.4,113.0,-1.2887067948334165,0.5470235798849833
2026-03-20 06:00:00,3.9,67.0,0.0,1.5,120.0,-1.299038105676658,0.7499999999999999
2026-03-20 07:00:00,6.6,62.0,0.0,1.6,117.0,-1.4256104387013886,0.7263847995832751
2026-03-20 08:00:00,9.7,62.0,0.0,2.1,218.0,1.2928890981838825,1.6548225825741163
2026-03-20 09:00:00,12.3,50.0,0.0,4.2,288.0,3.994437368439645,-1.2978713763747791
2026-03-20 10:00:00,13.7,48.0,0.0,7.2,289.0,6.807733744315081,-2.3440907120915284
2026-03-20 11:00:00,13.9,52.0,0.0,8.0,286.0,7.690093567506551,-2.2050988465359933
2026-03-20 12:00:00,14.1,50.0,0.0,7.5,287.0,7.172285669722766,-2.192787785420526
2026-03-20 13:00:00,14.0,50.0,0.0,7.5,281.0,7.36220387585748,-1.431067465324086
2026-03-20 14:00:00,13.2,52.0,0.0,7.6,277.0,7.543350752474047,-0.9262070098791207
2026-03-20 15:00:00,12.5,56.0,0.0,5.2,272.0,5.196832300499298,-0.18147738285300505
2026-03-20 16:00:00,11.6,64.0,0.0,4.7,261.0,4.6421352007971475,0.7352419856890852
2026-03-20 17:00:00,10.5,70.0,0.0,3.2,251.0,3.025659441917814,1.0418180942629014
2026-03-20 18:00:00,7.9,85.0,0.0,0.5,180.0,3.061616997868383e-17,0.5
2026-03-20 19:00:00,5.9,89.0,0.0,3.1,130.0,-2.3747377736688318,1.9926415900282723
2026-03-20 20:00:00,5.6,90.0,0.0,1.5,126.0,-1.213525491562421,0.8816778784387098
2026-03-20 21:00:00,5.8,86.0,0.0,1.2,129.0,-0.9325751537483651,0.7551844692598049
2026-03-20 22:00:00,5.2,82.0,0.0,0.6000000000000001,108.0,-0.5706339097770922,0.18541019662496852
2026-03-20 23:00:00,4.8,78.0,0.0,1.9,119.0,-1.6617774435648518,0.9211382784680405
2026-03-21 00:00:00,4.6,73.0,0.0,1.9,119.0,-1.6617774435648518,0.9211382784680405
2026-03-21 01:00:00,4.4,67.0,0.0,2.4,126.0,-1.9416407864998735,1.4106846055019358
2026-03-21 02:00:00,3.8,68.0,0.0,2.9,120.0,-2.511473670974872,1.4499999999999997
2026-03-21 03:00:00,4.6,65.0,0.0,2.3,122.0,-1.9505106211597796,1.2188143077363711
2026-03-21 04:00:00,3.9,66.0,0.0,1.9,124.0,-1.575171387854579,1.0624665165944192
2026-03-21 05:00:00,4.1,68.0,0.0,1.5,120.0,-1.299038105676658,0.7499999999999999
2026-03-21 06:00:00,3.9,70.0,0.0,2.6,124.0,-2.1554976886431083,1.453901549023942
2026-03-21 07:00:00,6.2,74.0,0.0,2.7,122.0,-2.28972985962235,1.4307820134296534
2026-03-21 08:00:00,9.7,64.0,0.0,2.7,160.0,-0.9234543869793056,2.537170076121953
2026-03-21 09:00:00,12.0,55.0,0.0,3.4,254.0,3.2682897661902843,0.9371670097777971
2026-03-21 10:00:00,13.5,52.0,0.0,6.5,273.0,6.49109197590473,-0.3401837155791349
2026-03-21 11:00:00,13.0,58.0,0.2,6.7,273.0,6.690817882855645,-0.3506509068277237
2026-03-21 12:00:00,12.8,64.0,0.2,5.8,272.0,5.796466796710755,-0.2024170808745056
2026-03-21 13:00:00,13.0,63.0,0.3,5.7,283.0,5.553909369275841,-1.2822210097600306
2026-03-21 14:00:00,11.5,73.0,0.3,4.8,281.0,4.711810480548787,-0.915883177807415
2026-03-21 15:00:00,10.6,80.0,0.1,3.8,278.0,3.7630186612179672,-0.5288577836482486
2026-03-21 16:00:00,9.8,86.0,0.1,3.0,287.0,2.868914267889106,-0.8771151141682103
2026-03-21 17:00:00,9.3,89.0,0.0,2.0,280.0,1.969615506024416,-0.34729635533386066
2026-03-21 18:00:00,7.7,98.0,0.0,0.6000000000000001,304.0,0.49742254353302506,-0.33551574208244817
2026-03-21 19:00:00,6.4,99.0,0.0,1.5,144.0,-0.8816778784387096,1.2135254915624212
2026-03-21 20:00:00,8.2,97.0,0.0,1.4,157.0,-0.5470235798849833,1.2887067948334163
2026-03-21 21:00:00,6.3,100.0,0.0,3.2,124.0,-2.6529202321761334,1.7894172911063901
2026-03-21 22:00:00,5.7,100.0,0.0,3.6,110.0,-3.38289343482927,1.231272515972408
2026-03-21 23:00:00,4.9,98.0,0.0,0.6000000000000001,108.0,-0.5706339097770922,0.18541019662496852
2026-03-22 00:00:00,8.7,96.0,0.0,0.8,117.0,-0.7128052193506943,0.36319239979163753
2026-03-22 01:00:00,8.5,95.0,0.0,0.4,90.0,-0.4,4.898587196589413e-17
2026-03-22 02:00:00,8.6,93.0,0.0,0.0,270.0,0.0,0.0
2026-03-22 03:00:00,9.1,91.0,0.0,0.0,270.0,0.0,0.0
2026-03-22 04:00:00,9.8,89.0,0.0,0.4,180.0,2.4492935982947065e-17,0.4
2026-03-22 05:00:00,10.8,87.0,0.0,0.7000000000000001,180.0,4.2862637970157366e-17,0.7000000000000001
2026-03-22 06:00:00,11.8,85.0,0.0,0.7000000000000001,180.0,4.2862637970157366e-17,0.7000000000000001
2026-03-22 07:00:00,12.8,83.0,0.0,1.1,180.0,6.735557395310444e-17,1.1
2026-03-22 08:00:00,13.5,82.0,0.0,1.1,198.0,0.3399186938124422,1.0461621679246689
2026-03-22 09:00:00,14.2,81.0,0.3,1.3,214.0,0.7269507745119709,1.0777488443215544
2026-03-22 10:00:00,14.8,80.0,0.3,1.6,243.0,1.4256104387013888,0.7263847995832748
2026-03-22 11:00:00,15.4,79.0,0.3,2.2,261.0,2.1729143493093033,0.34415582308850795
2026-03-22 12:00:00,15.8,78.0,0.3,2.9,277.0,2.8783838397598336,-0.35342109587492765
2026-03-22 13:00:00,16.1,78.0,0.3,3.3,276.0,3.2819222547153015,-0.3449439287832564
2026-03-22 14:00:00,16.1,78.0,0.3,3.7,281.0,3.632020578756357,-0.7059932828932158
2026-03-22 15:00:00,15.8,79.0,0.3,3.3,283.0,3.2154212137912763,-0.7423384793347545
2026-03-22 16:00:00,15.2,81.0,0.3,3.0,284.0,2.9108871788279895,-0.7257656867990032
2026-03-22 17:00:00,14.4,84.0,0.3,2.2,279.0,2.1729143493093033,-0.34415582308850795
2026-03-22 18:00:00,13.5,86.0,0.3,1.5,284.0,1.4554435894139948,-0.3628828433995016
2026-03-22 19:00:00,12.7,88.0,0.3,0.7000000000000001,270.0,0.7000000000000001,0.0
2026-03-22 20:00:00,12.1,89.0,0.3,0.4,270.0,0.4,0.0
2026-03-22 21:00:00,11.6,89.0,0.0,0.4,270.0,0.4,0.0
2026-03-22 22:00:00,11.1,87.0,0.0,0.4,270.0,0.4,0.0
2026-03-22 23:00:00,10.7,85.0,0.0,0.4,270.0,0.4,0.0
2026-03-23 00:00:00,10.3,83.0,0.0,0.5,315.0,0.3535533905932738,-0.35355339059327373
2026-03-23 01:00:00,10.2,81.0,0.0,0.8,297.0,0.7128052193506944,-0.3631923997916374
2026-03-23 02:00:00,10.2,79.0,0.0,0.8,297.0,0.7128052193506944,-0.3631923997916374
2026-03-23 03:00:00,10.6,77.0,0.0,0.8,297.0,0.7128052193506944,-0.3631923997916374
2026-03-23 04:00:00,11.2,75.0,0.0,0.8,297.0,0.7128052193506944,-0.3631923997916374
2026-03-23 05:00:00,12.0,73.0,0.0,0.7000000000000001,270.0,0.7000000000000001,0.0
2026-03-23 06:00:00,12.9,71.0,0.0,0.7000000000000001,270.0,0.7000000000000001,0.0
2026-03-23 07:00:00,13.7,70.0,0.0,0.7000000000000001,270.0,0.7000000000000001,0.0
2026-03-23 08:00:00,14.4,69.0,0.0,0.7000000000000001,270.0,0.7000000000000001,0.0
2026-03-23 09:00:00,15.0,69.0,0.3,1.1,270.0,1.1,0.0
2026-03-23 10:00:00,15.6,71.0,0.3,1.5,284.0,1.4554435894139948,-0.3628828433995016
2026-03-23 11:00:00,16.2,72.0,0.3,2.3,288.0,2.1874299874788528,-0.710739087062379
2026-03-23 12:00:00,16.7,74.0,0.3,3.0,284.0,2.9108871788279895,-0.7257656867990032
2026-03-23 13:00:00,17.0,76.0,0.3,3.4,288.0,3.233592155403522,-1.0506577808748212
2026-03-23 14:00:00,17.0,78.0,0.3,3.4,288.0,3.233592155403522,-1.0506577808748212
2026-03-23 15:00:00,16.7,80.0,0.2,3.1,291.0,2.8940993221413254,-1.1109406435904308
2026-03-23 16:00:00,16.1,82.0,0.2,2.7,293.0,2.485363104321589,-1.0549740469210394
2026-03-23 17:00:00,15.3,85.0,0.2,1.9,292.0,1.761649323676896,-0.7117525274902328
2026-03-23 18:00:00,14.4,87.0,0.2,1.6,297.0,1.4256104387013888,-0.7263847995832748
2026-03-23 19:00:00,13.6,88.0,0.2,0.8,297.0,0.7128052193506944,-0.3631923997916374
2026-03-23 20:00:00,12.9,89.0,0.2,0.5,315.0,0.3535533905932738,-0.35355339059327373
2026-03-23 21:00:00,12.4,89.0,0.0,0.5,315.0,0.3535533905932738,-0.35355339059327373
2026-03-23 22:00:00,11.9,87.0,0.0,0.4,360.0,2.4492935982947065e-17,-0.4
2026-03-23 23:00:00,11.5,85.0,0.0,0.0,270.0,0.0,0.0
2026-03-24 00:00:00,11.2,83.0,0.0,0.0,270.0,0.0,0.0
2026-03-24 01:00:00,11.1,81.0,0.0,0.4,270.0,0.4,0.0
2026-03-24 02:00:00,11.1,79.0,0.0,0.4,270.0,0.4,0.0
2026-03-24 03:00:00,11.5,77.0,0.0,0.4,270.0,0.4,0.0
2026-03-24 04:00:00,12.1,75.0,0.0,0.7000000000000001,270.0,0.7000000000000001,0.0
2026-03-24 05:00:00,12.9,73.0,0.0,0.8,243.0,0.7128052193506944,0.3631923997916374
2026-03-24 06:00:00,13.7,71.0,0.0,0.8,243.0,0.7128052193506944,0.3631923997916374
2026-03-24 07:00:00,14.6,70.0,0.0,1.1,252.0,1.0461621679246689,0.33991869381244216
2026-03-24 08:00:00,15.2,69.0,0.0,1.5,256.0,1.4554435894139948,0.3628828433995016
2026-03-24 09:00:00,15.8,69.0,0.2,1.8,259.0,1.7669289302057951,0.34345619167778063
2026-03-24 10:00:00,16.5,69.0,0.2,2.5,270.0,2.5,0.0
2026-03-24 11:00:00,17.1,70.0,0.2,3.3,276.0,3.2819222547153015,-0.3449439287832564
2026-03-24 12:00:00,17.6,71.0,0.2,4.0,275.0,3.984778792366982,-0.34862297099063266
2026-03-24 13:00:00,18.0,72.0,0.2,4.7,279.0,4.6421352007971475,-0.7352419856890852
2026-03-24 14:00:00,18.0,73.0,0.2,4.7,279.0,4.6421352007971475,-0.7352419856890852
2026-03-24 15:00:00,17.6,75.0,0.1,4.4,279.0,4.3458286986186065,-0.6883116461770159
2026-03-24 16:00:00,16.9,77.0,0.1,4.0,280.0,3.939231012048832,-0.6945927106677213
2026-03-24 17:00:00,16.0,80.0,0.1,2.9,277.0,2.8783838397598336,-0.35342109587492765
2026-03-24 18:00:00,15.0,82.0,0.1,2.2,279.0,2.1729143493093033,-0.34415582308850795
2026-03-24 19:00:00,14.1,84.0,0.1,1.4,270.0,1.4,0.0
2026-03-24 20:00:00,13.4,85.0,0.1,1.1,270.0,1.1,0.0
2026-03-24 21:00:00,12.9,84.0,0.0,1.1,270.0,1.1,0.0
2026-03-24 22:00:00,12.5,83.0,0.0,0.7000000000000001,270.0,0.7000000000000001,0.0
2026-03-24 23:00:00,12.1,80.0,0.0,1.1,270.0,1.1,0.0
2026-03-25 00:00:00,11.8,78.0,0.0,1.1,288.0,1.0461621679246689,-0.33991869381244216
2026-03-25 01:00:00,11.7,75.0,0.0,1.5,284.0,1.4554435894139948,-0.3628828433995016
2026-03-25 02:00:00,11.8,73.0,0.0,1.5,284.0,1.4554435894139948,-0.3628828433995016
2026-03-25 03:00:00,12.2,71.0,0.0,1.5,284.0,1.4554435894139948,-0.3628828433995016
2026-03-25 04:00:00,12.8,69.0,0.0,1.5,284.0,1.4554435894139948,-0.3628828433995016
2026-03-25 05:00:00,13.5,68.0,0.0,1.8,281.0,1.7669289302057951,-0.34345619167778063
2026-03-25 06:00:00,14.3,66.0,0.0,1.8,281.0,1.7669289302057951,-0.34345619167778063
2026-03-25 07:00:00,15.1,65.0,0.0,1.8,281.0,1.7669289302057951,-0.34345619167778063
2026-03-25 08:00:00,15.8,64.0,0.0,2.2,279.0,2.1729143493093033,-0.34415582308850795
2026-03-25 09:00:00,16.4,63.0,0.2,2.5,278.0,2.475670171853926,-0.3479327524001636
2026-03-25 10:00:00,17.0,63.0,0.2,3.3,283.0,3.2154212137912763,-0.7423384793347545
2026-03-25 11:00:00,17.7,63.0,0.2,3.8,287.0,3.6339580726595346,-1.1110124779463997
2026-03-25 12:00:00,18.2,63.0,0.2,4.5,284.0,4.366330768241984,-1.0886485301985047
2026-03-25 13:00:00,18.4,64.0,0.2,4.9,287.0,4.685893304218874,-1.4326213531414103
2026-03-25 14:00:00,18.4,65.0,0.2,4.9,287.0,4.685893304218874,-1.4326213531414103
2026-03-25 15:00:00,18.0,67.0,0.2,4.6,288.0,4.3748599749577055,-1.421478174124758
2026-03-25 16:00:00,17.2,70.0,0.2,4.1,285.0,3.96029588778518,-1.061158084920335
2026-03-25 17:00:00,16.1,73.0,0.2,3.1,291.0,2.8940993221413254,-1.1109406435904308
2026-03-25 18:00:00,15.0,76.0,0.2,2.3,288.0,2.1874299874788528,-0.710739087062379
2026-03-25 19:00:00,14.0,79.0,0.2,1.5,284.0,1.4554435894139948,-0.3628828433995016
2026-03-25 20:00:00,13.3,80.0,0.2,1.1,288.0,1.0461621679246689,-0.33991869381244216
2026-03-25 21:00:00,12.7,80.0,0.0,1.1,288.0,1.0461621679246689,-0.33991869381244216
2026-03-25 22:00:00,12.2,78.0,0.0,0.7000000000000001,270.0,0.7000000000000001,0.0
2026-03-25 23:00:00,11.8,76.0,0.0,1.1,270.0,1.1,0.0
2026-03-26 00:00:00,11.5,74.0,0.0,1.1,270.0,1.1,0.0
2026-03-26 01:00:00,11.4,72.0,0.0,1.4,270.0,1.4,0.0
2026-03-26 02:00:00,11.5,70.0,0.0,1.4,270.0,1.4,0.0
2026-03-26 03:00:00,11.8,69.0,0.0,1.4,270.0,1.4,0.0
2026-03-26 04:00:00,12.3,67.0,0.0,1.4,270.0,1.4,0.0
2026-03-26 05:00:00,13.0,66.0,0.0,1.8,270.0,1.8,0.0
2026-03-26 06:00:00,13.8,65.0,0.0,1.8,270.0,1.8,0.0
2026-03-26 07:00:00,14.5,64.0,0.0,1.8,270.0,1.8,0.0
2026-03-26 08:00:00,15.1,64.0,0.0,2.2,270.0,2.2,0.0
2026-03-26 09:00:00,15.7,64.0,0.2,2.5,270.0,2.5,0.0
2026-03-26 10:00:00,16.3,65.0,0.2,3.3,276.0,3.2819222547153015,-0.3449439287832564
2026-03-26 11:00:00,16.9,66.0,0.2,4.0,280.0,3.939231012048832,-0.6945927106677213
2026-03-26 12:00:00,17.4,67.0,0.2,4.4,279.0,4.3458286986186065,-0.6883116461770159
2026-03-26 13:00:00,17.7,68.0,0.2,5.2,282.0,5.08636752381579,-1.0811407922523486
2026-03-26 14:00:00,17.7,70.0,0.2,5.2,282.0,5.08636752381579,-1.0811407922523486
2026-03-26 15:00:00,17.4,72.0,0.2,4.8,283.0,4.676976310969129,-1.079765060850552
2026-03-26 16:00:00,16.7,75.0,0.2,4.5,284.0,4.366330768241984,-1.0886485301985047
2026-03-26 17:00:00,15.8,79.0,0.2,3.7,281.0,3.632020578756357,-0.7059932828932158
2026-03-26 18:00:00,14.8,82.0,0.2,3.0,284.0,2.9108871788279895,-0.7257656867990032
2026-03-26 19:00:00,13.9,85.0,0.2,2.2,279.0,2.1729143493093033,-0.34415582308850795
2026-03-26 20:00:00,13.3,86.0,0.2,1.8,281.0,1.7669289302057951,-0.34345619167778063
2026-03-26 21:00:00,12.9,86.0,0.0,1.8,281.0,1.7669289302057951,-0.34345619167778063
2026-03-26 22:00:00,12.5,85.0,0.0,1.8,270.0,1.8,0.0
2026-03-26 23:00:00,12.3,84.0,0.0,1.8,270.0,1.8,0.0
2026-03-27 00:00:00,12.1,82.0,0.0,2.2,270.0,2.2,0.0
2026-03-27 01:00:00,12.1,81.0,0.0,2.2,270.0,2.2,0.0
2026-03-27 02:00:00,12.2,79.0,0.0,2.5,270.0,2.5,0.0
2026-03-27 03:00:00,12.5,78.0,0.1,2.9,270.0,2.9,0.0
2026-03-27 04:00:00,13.1,76.0,0.1,2.9,277.0,2.8783838397598336,-0.35342109587492765
2026-03-27 05:00:00,13.7,75.0,0.1,3.3,276.0,3.2819222547153015,-0.3449439287832564
2026-03-27 06:00:00,14.4,73.0,0.1,3.3,283.0,3.2154212137912763,-0.7423384793347545
2026-03-27 07:00:00,15.1,71.0,0.1,3.8,287.0,3.6339580726595346,-1.1110124779463997
2026-03-27 08:00:00,15.7,70.0,0.1,4.1,285.0,3.96029588778518,-1.061158084920335
2026-03-27 09:00:00,16.3,68.0,0.2,4.5,284.0,4.366330768241984,-1.0886485301985047
2026-03-27 10:00:00,17.0,67.0,0.2,5.2,286.0,4.998560818879258,-1.4333142502483958
2026-03-27 11:00:00,17.7,65.0,0.2,5.6,285.0,5.4091846272187825,-1.4493866525741161
2026-03-27 12:00:00,18.3,64.0,0.2,6.0,287.0,5.737828535778212,-1.7542302283364206
2026-03-27 13:00:00,18.6,63.0,0.2,6.4,286.0,6.1520748540052415,-1.7640790772287946
2026-03-27 14:00:00,18.7,63.0,0.2,6.4,286.0,6.1520748540052415,-1.7640790772287946
2026-03-27 15:00:00,18.3,65.0,0.0,6.0,287.0,5.737828535778212,-1.7542302283364206
2026-03-27 16:00:00,17.5,67.0,0.0,5.2,286.0,4.998560818879258,-1.4333142502483958
2026-03-27 17:00:00,16.6,71.0,0.0,4.2,290.0,3.9467090073008158,-1.4364846019678086
2026-03-27 18:00:00,15.5,74.0,0.0,3.4,288.0,3.233592155403522,-1.0506577808748212
2026-03-27 19:00:00,14.6,77.0,0.0,2.3,288.0,2.1874299874788528,-0.710739087062379
2026-03-27 20:00:00,13.9,79.0,0.0,1.9,292.0,1.761649323676896,-0.7117525274902328
2026-03-27 21:00:00,13.5,79.0,0.0,1.6,297.0,1.4256104387013888,-0.7263847995832748
2026-03-27 22:00:00,13.1,78.0,0.0,1.6,297.0,1.4256104387013888,-0.7263847995832748
2026-03-27 23:00:00,12.8,77.0,0.0,1.8,281.0,1.7669289302057951,-0.34345619167778063
2026-03-28 00:00:00,12.6,75.0,0.0,1.8,281.0,1.7669289302057951,-0.34345619167778063
2026-03-28 01:00:00,12.6,74.0,0.0,2.2,279.0,2.1729143493093033,-0.34415582308850795
2026-03-28 02:00:00,12.7,73.0,0.0,2.2,279.0,2.1729143493093033,-0.34415582308850795
2026-03-28 03:00:00,13.0,73.0,0.1,2.2,279.0,2.1729143493093033,-0.34415582308850795
2026-03-28 04:00:00,13.5,72.0,0.1,2.5,278.0,2.475670171853926,-0.3479327524001636
2026-03-28 05:00:00,14.1,72.0,0.1,2.9,270.0,2.9,0.0
2026-03-28 06:00:00,14.8,72.0,0.1,2.9,270.0,2.9,0.0
2026-03-28 07:00:00,15.4,73.0,0.1,3.2,270.0,3.2,0.0
2026-03-28 08:00:00,15.8,73.0,0.1,3.6,270.0,3.6,0.0
2026-03-28 09:00:00,16.2,73.0,0.5,4.0,270.0,4.0,0.0
2026-03-28 10:00:00,16.6,74.0,0.5,4.7,274.0,4.688551036221174,-0.3278554265973889
2026-03-28 11:00:00,16.9,75.0,0.5,5.1,278.0,5.050367150582009,-0.7097828148963337
2026-03-28 12:00:00,17.1,76.0,0.5,5.8,277.0,5.756767679519667,-0.7068421917498553
2026-03-28 13:00:00,17.2,77.0,0.5,6.2,280.0,6.10580806867569,-1.0766187015349682
2026-03-28 14:00:00,17.1,78.0,0.5,6.2,280.0,6.10580806867569,-1.0766187015349682
2026-03-28 15:00:00,16.7,80.0,0.3,5.9,281.0,5.791600382341218,-1.1257730727216144
2026-03-28 16:00:00,16.1,81.0,0.3,5.5,281.0,5.3989495089621515,-1.0494494745709964
2026-03-28 17:00:00,15.3,84.0,0.3,4.8,283.0,4.676976310969129,-1.079765060850552
2026-03-28 18:00:00,14.5,86.0,0.3,3.7,281.0,3.632020578756357,-0.7059932828932158
2026-03-28 19:00:00,13.8,87.0,0.3,3.0,284.0,2.9108871788279895,-0.7257656867990032
2026-03-28 20:00:00,13.3,88.0,0.3,2.6,286.0,2.499280409439629,-0.7166571251241979
2026-03-28 21:00:00,12.9,88.0,0.1,2.3,288.0,2.1874299874788528,-0.710739087062379
2026-03-28 22:00:00,12.5,88.0,0.1,2.3,288.0,2.1874299874788528,-0.710739087062379
2026-03-28 23:00:00,12.2,87.0,0.1,1.9,292.0,1.761649323676896,-0.7117525274902328
2026-03-29 00:00:00,12.0,86.0,0.1,1.8,281.0,1.7669289302057951,-0.34345619167778063
2026-03-29 01:00:00,11.9,85.0,0.1,1.8,281.0,1.7669289302057951,-0.34345619167778063
2026-03-29 02:00:00,11.9,84.0,0.1,1.8,281.0,1.7669289302057951,-0.34345619167778063
2026-03-29 03:00:00,12.2,83.0,0.1,1.8,281.0,1.7669289302057951,-0.34345619167778063
2026-03-29 04:00:00,12.6,82.0,0.1,1.8,270.0,1.8,0.0
2026-03-29 05:00:00,13.2,82.0,0.1,2.2,270.0,2.2,0.0
2026-03-29 06:00:00,13.8,81.0,0.1,2.5,262.0,2.475670171853926,0.3479327524001636
2026-03-29 07:00:00,14.3,80.0,0.1,2.5,262.0,2.475670171853926,0.3479327524001636
2026-03-29 08:00:00,14.8,80.0,0.1,2.9,263.0,2.8783838397598336,0.35342109587492765
2026-03-29 09:00:00,15.2,80.0,0.5,3.3,264.0,3.2819222547153015,0.3449439287832564
2026-03-29 10:00:00,15.6,80.0,0.5,4.0,270.0,4.0,0.0
2026-03-29 11:00:00,16.0,81.0,0.5,4.3,270.0,4.3,0.0
2026-03-29 12:00:00,16.3,81.0,0.5,5.0,270.0,5.0,0.0
2026-03-29 13:00:00,16.4,82.0,0.5,5.4,274.0,5.386845871403051,-0.37668495821827663
2026-03-29 14:00:00,16.4,83.0,0.5,5.4,274.0,5.386845871403051,-0.37668495821827663
2026-03-29 15:00:00,16.1,84.0,0.5,5.1,274.0,5.087576656325103,-0.35575801609503904
2026-03-29 16:00:00,15.6,86.0,0.5,4.7,274.0,4.688551036221174,-0.3278554265973889
2026-03-29 17:00:00,14.9,88.0,0.5,4.0,270.0,4.0,0.0
2026-03-29 18:00:00,14.2,90.0,0.5,3.2,270.0,3.2,0.0
2026-03-29 19:00:00,13.6,91.0,0.5,2.5,262.0,2.475670171853926,0.3479327524001636
2026-03-29 20:00:00,13.1,92.0,0.5,2.2,261.0,2.1729143493093033,0.34415582308850795
2026-03-29 21:00:00,12.7,92.0,0.2,1.8,259.0,1.7669289302057951,0.34345619167778063
2026-03-29 22:00:00,12.4,92.0,0.2,1.9,248.0,1.761649323676896,0.7117525274902328
2026-03-29 23:00:00,12.1,92.0,0.2,1.9,248.0,1.761649323676896,0.7117525274902328
2026-03-30 00:00:00,11.9,91.0,0.2,1.9,248.0,1.761649323676896,0.7117525274902328
2026-03-30 01:00:00,11.8,90.0,0.2,2.4,243.0,2.138415658052083,1.0895771993749122
2026-03-30 02:00:00,11.9,88.0,0.2,2.4,243.0,2.138415658052083,1.0895771993749122
2026-03-30 03:00:00,12.2,86.0,0.1,2.7,247.0,2.485363104321589,1.0549740469210394
2026-03-30 04:00:00,12.7,83.0,0.1,2.9,240.0,2.511473670974872,1.4499999999999997
2026-03-30 05:00:00,13.4,80.0,0.1,3.2,243.0,2.8512208774027776,1.4527695991665497
2026-03-30 06:00:00,14.0,76.0,0.1,3.5,246.0,3.197409101749103,1.4235782507653008
2026-03-30 07:00:00,14.7,73.0,0.1,3.9,248.0,3.616017032810471,1.460965714322057
2026-03-30 08:00:00,15.2,71.0,0.1,4.2,250.0,3.9467090073008158,1.4364846019678086
2026-03-30 09:00:00,15.7,69.0,0.4,4.5,256.0,4.366330768241984,1.0886485301985047
2026-03-30 10:00:00,16.2,68.0,0.4,5.2,258.0,5.08636752381579,1.0811407922523486
2026-03-30 11:00:00,16.6,66.0,0.4,5.8,263.0,5.756767679519667,0.7068421917498553
2026-03-30 12:00:00,17.0,65.0,0.4,6.5,267.0,6.49109197590473,0.3401837155791349
2026-03-30 13:00:00,17.2,65.0,0.4,6.8,270.0,6.8,0.0
2026-03-30 14:00:00,17.2,65.0,0.4,6.8,273.0,6.790680836331102,-0.3558845024520181
2026-03-30 15:00:00,16.8,66.0,0.3,6.5,273.0,6.49109197590473,-0.3401837155791349
2026-03-30 16:00:00,16.1,68.0,0.3,6.2,277.0,6.153786140176196,-0.7555899291119144
2026-03-30 17:00:00,15.2,70.0,0.3,5.4,278.0,5.34744757120448,-0.7515347451843534
2026-03-30 18:00:00,14.3,73.0,0.3,4.4,279.0,4.3458286986186065,-0.6883116461770159
2026-03-30 19:00:00,13.5,75.0,0.3,3.7,281.0,3.632020578756357,-0.7059932828932158
2026-03-30 20:00:00,12.9,76.0,0.3,3.3,283.0,3.2154212137912763,-0.7423384793347545
2026-03-30 21:00:00,12.5,76.0,0.0,3.0,284.0,2.9108871788279895,-0.7257656867990032
2026-03-30 22:00:00,12.2,76.0,0.0,3.0,284.0,2.9108871788279895,-0.7257656867990032
2026-03-30 23:00:00,12.0,75.0,0.0,3.0,284.0,2.9108871788279895,-0.7257656867990032
2026-03-31 00:00:00,11.9,74.0,0.0,3.0,284.0,2.9108871788279895,-0.7257656867990032
2026-03-31 01:00:00,11.9,73.0,0.0,3.0,284.0,2.9108871788279895,-0.7257656867990032
2026-03-31 02:00:00,12.0,73.0,0.0,3.0,284.0,2.9108871788279895,-0.7257656867990032
2026-03-31 03:00:00,12.3,73.0,0.1,3.0,284.0,2.9108871788279895,-0.7257656867990032
2026-03-31 04:00:00,12.7,74.0,0.1,2.5,278.0,2.475670171853926,-0.3479327524001636
2026-03-31 05:00:00,13.2,74.0,0.1,2.5,270.0,2.5,0.0
2026-03-31 06:00:00,13.7,75.0,0.1,2.5,262.0,2.475670171853926,0.3479327524001636
2026-03-31 07:00:00,14.2,76.0,0.1,2.5,262.0,2.475670171853926,0.3479327524001636
2026-03-31 08:00:00,14.5,77.0,0.1,2.6,254.0,2.499280409439629,0.7166571251241979
2026-03-31 09:00:00,14.8,78.0,0.7000000000000001,3.0,256.0,2.9108871788279895,0.7257656867990032
2026-03-31 10:00:00,15.1,79.0,0.7000000000000001,3.4,252.0,3.233592155403522,1.0506577808748212
2026-03-31 11:00:00,15.4,80.0,0.7000000000000001,3.8,253.0,3.6339580726595346,1.1110124779463997
2026-03-31 12:00:00,15.6,81.0,0.7000000000000001,4.5,256.0,4.366330768241984,1.0886485301985047
2026-03-31 13:00:00,15.6,83.0,0.7000000000000001,4.8,257.0,4.676976310969129,1.079765060850552
2026-03-31 14:00:00,15.5,84.0,0.7000000000000001,4.8,257.0,4.676976310969129,1.079765060850552
2026-03-31 15:00:00,15.2,85.0,0.6,4.5,256.0,4.366330768241984,1.0886485301985047
2026-03-31 16:00:00,14.7,87.0,0.6,4.1,255.0,3.96029588778518,1.061158084920335
2026-03-31 17:00:00,14.1,89.0,0.6,3.8,253.0,3.6339580726595346,1.1110124779463997
2026-03-31 18:00:00,13.4,91.0,0.6,3.1,249.0,2.8940993221413254,1.1109406435904308
2026-03-31 19:00:00,12.8,92.0,0.6,2.7,247.0,2.485363104321589,1.0549740469210394
2026-03-31 20:00:00,12.4,92.0,0.6,2.4,243.0,2.138415658052083,1.0895771993749122
2026-03-31 21:00:00,12.1,91.0,0.2,2.4,243.0,2.138415658052083,1.0895771993749122
2026-03-31 22:00:00,11.8,90.0,0.2,2.4,243.0,2.138415658052083,1.0895771993749122
2026-03-31 23:00:00,11.6,88.0,0.2,2.4,243.0,2.138415658052083,1.0895771993749122
2026-04-01 00:00:00,11.5,86.0,0.2,2.9,240.0,2.511473670974872,1.4499999999999997
2026-04-01 01:00:00,11.5,85.0,0.2,3.2,243.0,2.8512208774027776,1.4527695991665497
2026-04-01 02:00:00,11.6,83.0,0.2,3.2,243.0,2.8512208774027776,1.4527695991665497
2026-04-01 03:00:00,11.9,82.0,0.2,3.2,243.0,2.8512208774027776,1.4527695991665497
2026-04-01 04:00:00,12.3,80.0,0.2,3.5,246.0,3.197409101749103,1.4235782507653008
2026-04-01 05:00:00,12.8,79.0,0.2,3.7,241.0,3.2360929164157644,1.7937955949114472
2026-04-01 06:00:00,13.3,78.0,0.2,3.7,241.0,3.2360929164157644,1.7937955949114472
2026-04-01 07:00:00,13.8,77.0,0.2,3.7,241.0,3.2360929164157644,1.7937955949114472
2026-04-01 08:00:00,14.3,76.0,0.2,4.0,243.0,3.5640260967534716,1.815961998958187
2026-04-01 09:00:00,14.7,75.0,0.4,4.3,246.0,3.9282454678631837,1.7489675652259409
2026-04-01 10:00:00,15.2,74.0,0.4,4.7,247.0,4.32637281122647,1.8364363038995868
2026-04-01 11:00:00,15.7,73.0,0.4,5.4,250.0,5.074340152243906,1.8469087739586112
2026-04-01 12:00:00,16.1,72.0,0.4,5.6,255.0,5.4091846272187825,1.4493866525741161
2026-04-01 13:00:00,16.3,72.0,0.4,5.9,256.0,5.7247447850283795,1.4273391840380396
2026-04-01 14:00:00,16.3,72.0,0.4,5.9,256.0,5.7247447850283795,1.4273391840380396
2026-04-01 15:00:00,16.0,73.0,0.3,5.6,255.0,5.4091846272187825,1.4493866525741161
2026-04-01 16:00:00,15.4,74.0,0.3,5.2,258.0,5.08636752381579,1.0811407922523486
2026-04-01 17:00:00,14.7,76.0,0.3,4.8,257.0,4.676976310969129,1.079765060850552
2026-04-01 18:00:00,13.9,77.0,0.3,4.1,255.0,3.96029588778518,1.061158084920335
2026-04-01 19:00:00,13.2,79.0,0.3,3.7,259.0,3.632020578756357,0.7059932828932158
2026-04-01 20:00:00,12.7,80.0,0.3,3.3,257.0,3.2154212137912763,0.7423384793347545
2026-04-01 21:00:00,12.4,81.0,0.5,3.3,257.0,3.2154212137912763,0.7423384793347545
2026-04-01 22:00:00,12.1,81.0,0.5,3.3,257.0,3.2154212137912763,0.7423384793347545
2026-04-01 23:00:00,12.0,81.0,0.5,3.3,257.0,3.2154212137912763,0.7423384793347545
2026-04-02 00:00:00,11.9,81.0,0.5,3.3,257.0,3.2154212137912763,0.7423384793347545
2026-04-02 01:00:00,11.9,81.0,0.5,3.7,259.0,3.632020578756357,0.7059932828932158
2026-04-02 02:00:00,11.9,81.0,0.5,3.7,259.0,3.632020578756357,0.7059932828932158
2026-04-02 03:00:00,12.1,82.0,0.7000000000000001,3.7,259.0,3.632020578756357,0.7059932828932158
2026-04-02 04:00:00,12.5,83.0,0.7000000000000001,3.7,259.0,3.632020578756357,0.7059932828932158
2026-04-02 05:00:00,12.9,84.0,0.7000000000000001,3.7,259.0,3.632020578756357,0.7059932828932158
2026-04-02 06:00:00,13.3,85.0,0.7000000000000001,4.0,260.0,3.939231012048832,0.6945927106677213
2026-04-02 07:00:00,13.7,86.0,0.7000000000000001,4.0,260.0,3.939231012048832,0.6945927106677213
2026-04-02 08:00:00,14.0,87.0,0.7000000000000001,4.0,260.0,3.939231012048832,0.6945927106677213
2026-04-02 09:00:00,14.3,88.0,1.3,4.4,261.0,4.3458286986186065,0.6883116461770159
2026-04-02 10:00:00,14.6,89.0,1.3,4.4,261.0,4.3458286986186065,0.6883116461770159
2026-04-02 11:00:00,14.8,89.0,1.3,4.7,261.0,4.6421352007971475,0.7352419856890852
2026-04-02 12:00:00,15.0,90.0,1.3,5.1,262.0,5.050367150582009,0.7097828148963337
2026-04-02 13:00:00,15.1,91.0,1.3,5.1,262.0,5.050367150582009,0.7097828148963337
2026-04-02 14:00:00,15.0,91.0,1.3,5.1,262.0,5.050367150582009,0.7097828148963337
2026-04-02 15:00:00,14.8,91.0,1.6,4.7,261.0,4.6421352007971475,0.7352419856890852
2026-04-02 16:00:00,14.3,92.0,1.6,4.4,261.0,4.3458286986186065,0.6883116461770159
2026-04-02 17:00:00,13.7,92.0,1.6,4.1,255.0,3.96029588778518,1.061158084920335
2026-04-02 18:00:00,13.2,92.0,1.6,3.4,252.0,3.233592155403522,1.0506577808748212
2026-04-02 19:00:00,12.6,92.0,1.6,3.1,249.0,2.8940993221413254,1.1109406435904308
2026-04-02 20:00:00,12.3,92.0,1.6,2.7,247.0,2.485363104321589,1.0549740469210394
2026-04-02 21:00:00,12.0,92.0,0.9,2.7,247.0,2.485363104321589,1.0549740469210394
2026-04-02 22:00:00,11.9,91.0,0.9,2.7,247.0,2.485363104321589,1.0549740469210394
2026-04-02 23:00:00,11.8,91.0,0.9,2.7,247.0,2.485363104321589,1.0549740469210394
2026-04-03 00:00:00,11.7,90.0,0.9,2.7,247.0,2.485363104321589,1.0549740469210394
2026-04-03 01:00:00,11.7,89.0,0.9,3.1,249.0,2.8940993221413254,1.1109406435904308
2026-04-03 02:00:00,11.8,89.0,0.9,3.1,249.0,2.8940993221413254,1.1109406435904308
2026-04-03 03:00:00,12.0,89.0,0.8,3.1,249.0,2.8940993221413254,1.1109406435904308
2026-04-03 04:00:00,12.3,89.0,0.8,3.1,249.0,2.8940993221413254,1.1109406435904308
2026-04-03 05:00:00,12.6,89.0,0.8,3.1,249.0,2.8940993221413254,1.1109406435904308
2026-04-03 06:00:00,13.0,88.0,0.8,3.0,256.0,2.9108871788279895,0.7257656867990032
2026-04-03 07:00:00,13.4,88.0,0.8,3.3,257.0,3.2154212137912763,0.7423384793347545
2026-04-03 08:00:00,13.7,88.0,0.8,3.3,257.0,3.2154212137912763,0.7423384793347545
2026-04-03 09:00:00,14.1,88.0,1.0,3.7,259.0,3.632020578756357,0.7059932828932158
2026-04-03 10:00:00,14.5,87.0,1.0,4.0,260.0,3.939231012048832,0.6945927106677213
2026-04-03 11:00:00,15.0,86.0,1.0,4.3,265.0,4.283637201794505,0.3747696938149301
2026-04-03 12:00:00,15.3,86.0,1.0,4.7,266.0,4.688551036221174,0.3278554265973889
2026-04-03 13:00:00,15.6,85.0,1.0,5.1,266.0,5.087576656325103,0.35575801609503904
2026-04-03 14:00:00,15.6,85.0,1.0,5.1,266.0,5.087576656325103,0.35575801609503904
2026-04-03 15:00:00,15.4,85.0,0.7000000000000001,4.7,266.0,4.688551036221174,0.3278554265973889
2026-04-03 16:00:00,15.0,86.0,0.7000000000000001,4.3,265.0,4.283637201794505,0.3747696938149301
2026-04-03 17:00:00,14.4,86.0,0.7000000000000001,3.6,264.0,3.580278823325784,0.37630246776355253
2026-04-03 18:00:00,13.8,87.0,0.7000000000000001,2.9,263.0,2.8783838397598336,0.35342109587492765
2026-04-03 19:00:00,13.3,87.0,0.7000000000000001,2.2,261.0,2.1729143493093033,0.34415582308850795
2026-04-03 20:00:00,12.9,87.0,0.7000000000000001,1.8,259.0,1.7669289302057951,0.34345619167778063
2026-04-03 21:00:00,12.6,86.0,0.5,1.8,259.0,1.7669289302057951,0.34345619167778063
2026-04-03 22:00:00,12.4,86.0,0.5,1.8,259.0,1.7669289302057951,0.34345619167778063
2026-04-03 23:00:00,12.2,85.0,0.5,1.8,259.0,1.7669289302057951,0.34345619167778063
2026-04-04 00:00:00,12.1,83.0,0.5,1.8,259.0,1.7669289302057951,0.34345619167778063
2026-04-04 01:00:00,12.1,83.0,0.5,2.2,261.0,2.1729143493093033,0.34415582308850795
2026-04-04 02:00:00,12.2,82.0,0.5,2.2,261.0,2.1729143493093033,0.34415582308850795
2026-04-04 03:00:00,12.4,82.0,0.5,2.2,261.0,2.1729143493093033,0.34415582308850795
2026-04-04 04:00:00,12.8,82.0,0.5,2.2,261.0,2.1729143493093033,0.34415582308850795
2026-04-04 05:00:00,13.2,83.0,0.5,2.5,262.0,2.475670171853926,0.3479327524001636
2026-04-04 06:00:00,13.7,83.0,0.5,2.5,270.0,2.5,0.0
2026-04-04 07:00:00,14.1,84.0,0.5,2.5,270.0,2.5,0.0
2026-04-04 08:00:00,14.5,84.0,0.5,2.9,270.0,2.9,0.0
2026-04-04 09:00:00,14.9,84.0,0.8,3.2,270.0,3.2,0.0
2026-04-04 10:00:00,15.4,83.0,0.8,3.6,276.0,3.580278823325784,-0.37630246776355253
2026-04-04 11:00:00,15.8,83.0,0.8,4.0,275.0,3.984778792366982,-0.34862297099063266
2026-04-04 12:00:00,16.2,82.0,0.8,4.4,279.0,4.3458286986186065,-0.6883116461770159
2026-04-04 13:00:00,16.4,82.0,0.8,4.7,279.0,4.6421352007971475,-0.7352419856890852
2026-04-04 14:00:00,16.4,82.0,0.8,4.7,279.0,4.6421352007971475,-0.7352419856890852
2026-04-04 15:00:00,16.2,83.0,0.5,4.4,279.0,4.3458286986186065,-0.6883116461770159
2026-04-04 16:00:00,15.7,84.0,0.5,4.0,280.0,3.939231012048832,-0.6945927106677213
2026-04-04 17:00:00,15.0,86.0,0.5,3.3,283.0,3.2154212137912763,-0.7423384793347545
2026-04-04 18:00:00,14.4,87.0,0.5,2.5,278.0,2.475670171853926,-0.3479327524001636
2026-04-04 19:00:00,13.7,88.0,0.5,1.8,281.0,1.7669289302057951,-0.34345619167778063
2026-04-04 20:00:00,13.3,89.0,0.5,1.5,284.0,1.4554435894139948,-0.3628828433995016
2026-04-04 21:00:00,12.9,89.0,0.1,1.1,288.0,1.0461621679246689,-0.33991869381244216
2026-04-04 22:00:00,12.6,88.0,0.1,1.1,288.0,1.0461621679246689,-0.33991869381244216
2026-04-04 23:00:00,12.3,87.0,0.1,1.1,270.0,1.1,0.0
2026-04-05 00:00:00,12.2,86.0,0.1,1.4,270.0,1.4,0.0
2026-04-05 01:00:00,12.1,85.0,0.1,1.4,270.0,1.4,0.0
2026-04-05 02:00:00,12.2,84.0,0.1,1.4,270.0,1.4,0.0
2026-04-05 03:00:00,12.6,83.0,0.2,1.4,270.0,1.4,0.0
2026-04-05 04:00:00,13.1,83.0,0.2,1.4,270.0,1.4,0.0
2026-04-05 05:00:00,13.8,82.0,0.2,1.8,270.0,1.8,0.0
2026-04-05 06:00:00,14.5,82.0,0.2,1.8,270.0,1.8,0.0
2026-04-05 07:00:00,15.2,81.0,0.2,1.8,270.0,1.8,0.0
2026-04-05 08:00:00,15.7,81.0,0.2,2.2,270.0,2.2,0.0
2026-04-05 09:00:00,16.2,81.0,0.6,2.5,270.0,2.5,0.0
2026-04-05 10:00:00,16.7,81.0,0.6,2.9,277.0,2.8783838397598336,-0.35342109587492765
2026-04-05 11:00:00,17.1,81.0,0.6,3.6,276.0,3.580278823325784,-0.37630246776355253
2026-04-05 12:00:00,17.4,82.0,0.6,4.0,280.0,3.939231012048832,-0.6945927106677213
2026-04-05 13:00:00,17.6,82.0,0.6,4.4,279.0,4.3458286986186065,-0.6883116461770159
2026-04-05 14:00:00,17.6,83.0,0.6,4.4,279.0,4.3458286986186065,-0.6883116461770159
2026-04-05 15:00:00,17.3,84.0,0.3,4.0,280.0,3.939231012048832,-0.6945927106677213
2026-04-05 16:00:00,16.8,85.0,0.3,3.7,281.0,3.632020578756357,-0.7059932828932158
2026-04-05 17:00:00,16.1,87.0,0.3,2.9,277.0,2.8783838397598336,-0.35342109587492765
2026-04-05 18:00:00,15.4,88.0,0.3,2.2,279.0,2.1729143493093033,-0.34415582308850795
2026-04-05 19:00:00,14.7,89.0,0.3,1.4,270.0,1.4,0.0
2026-04-05 20:00:00,14.2,89.0,0.3,1.1,270.0,1.1,0.0
2026-04-05 21:00:00,13.8,89.0,0.0,1.1,270.0,1.1,0.0
2026-04-05 22:00:00,13.4,88.0,0.0,1.1,270.0,1.1,0.0
2026-04-05 23:00:00,13.1,86.0,0.0,1.1,252.0,1.0461621679246689,0.33991869381244216
2026-04-06 00:00:00,12.9,85.0,0.0,1.1,252.0,1.0461621679246689,0.33991869381244216
2026-04-06 01:00:00,12.8,83.0,0.0,1.5,256.0,1.4554435894139948,0.3628828433995016
2026-04-06 02:00:00,13.0,82.0,0.0,1.5,256.0,1.4554435894139948,0.3628828433995016
2026-04-06 03:00:00,13.5,81.0,0.0,1.5,256.0,1.4554435894139948,0.3628828433995016
2026-04-06 04:00:00,14.3,79.0,0.0,1.8,259.0,1.7669289302057951,0.34345619167778063
2026-04-06 05:00:00,15.3,77.0,0.0,2.3,252.0,2.1874299874788528,0.710739087062379
2026-04-06 06:00:00,16.3,76.0,0.0,2.3,252.0,2.1874299874788528,0.710739087062379
2026-04-06 07:00:00,17.0,74.0,0.0,2.6,254.0,2.499280409439629,0.7166571251241979
2026-04-06 08:00:00,17.3,74.0,0.0,2.6,254.0,2.499280409439629,0.7166571251241979
