time,temperature_2m,relativehumidity_2m,precipitation,windspeed_10m,winddirection_10m,u,v
2026-06-02 00:00:00,25.0,95.0,0.0,0.9,79.0,-0.8834644651028976,-0.17172809583889026
2026-06-02 01:00:00,24.9,95.0,0.0,0.4,333.0,0.18159619989581874,-0.35640260967534715
2026-06-02 02:00:00,24.9,96.0,0.0,2.8,320.0,1.7998053071223101,-2.1449244407331385
2026-06-02 03:00:00,24.6,96.0,0.0,3.0,287.0,2.868914267889106,-0.8771151141682103
2026-06-02 04:00:00,24.9,96.0,0.0,4.2,275.0,4.184017731985332,-0.3660541195401643
2026-06-02 05:00:00,25.0,96.0,0.0,5.9,258.0,5.771070844329454,1.2266789758247802
2026-06-02 06:00:00,25.3,95.0,0.0,6.7,246.0,6.120754566205426,2.7251355086078615
2026-06-02 07:00:00,26.3,88.0,0.1,6.5,251.0,6.1458707413955596,2.1161930039715187
2026-06-02 08:00:00,28.1,78.0,0.0,5.2,258.0,5.08636752381579,1.0811407922523486
2026-06-02 09:00:00,28.7,76.0,0.0,5.2,282.0,5.08636752381579,-1.0811407922523486
2026-06-02 10:00:00,29.3,80.0,0.0,7.4,313.0,5.412017391981862,-5.046787864462489
2026-06-02 11:00:00,29.1,87.0,0.0,10.4,321.0,6.54493206691831,-8.082317999152497
2026-06-02 12:00:00,29.1,88.0,0.0,11.5,318.0,7.695001973126869,-8.546165492990033
2026-06-02 13:00:00,28.9,83.0,0.0,12.2,315.0,8.62670273047588,-8.626702730475879
2026-06-02 14:00:00,29.2,75.0,0.0,13.1,318.0,8.765610943301043,-9.735197213753864
2026-06-02 15:00:00,28.8,75.0,0.0,10.0,324.0,5.877852522924732,-8.090169943749475
2026-06-02 16:00:00,28.7,75.0,0.0,7.3,327.0,3.9758649556096977,-6.122295146001595
2026-06-02 17:00:00,28.3,77.0,0.0,6.2,327.0,3.376762017093168,-5.199757521261629
2026-06-02 18:00:00,27.5,80.0,0.0,5.3,332.0,2.4881992827652213,-4.679622242152313
2026-06-02 19:00:00,26.3,85.0,0.0,5.3,327.0,2.8865868855796433,-4.444954010110747
2026-06-02 20:00:00,26.6,86.0,0.0,2.8,259.0,2.748556113653459,0.5342651870543255
2026-06-02 21:00:00,26.7,82.0,0.0,1.5,234.0,1.2135254915624212,0.8816778784387097
2026-06-02 22:00:00,26.7,78.0,0.0,3.7,203.0,1.4457051754103127,3.4058679577740296
2026-06-02 23:00:00,26.6,74.0,0.0,5.4,188.0,0.7515347451843536,5.34744757120448
2026-06-03 00:00:00,26.3,76.0,0.0,6.1,178.0,-0.21288692988525582,6.096284044816484
2026-06-03 01:00:00,25.9,78.0,0.0,5.8,180.0,3.5514757175273243e-16,5.8
2026-06-03 02:00:00,26.2,78.0,0.0,5.6,195.0,1.4493866525741161,5.4091846272187825
2026-06-03 03:00:00,26.0,78.0,0.0,6.6,206.0,2.893249568807911,5.932040705574502
2026-06-03 04:00:00,25.8,79.0,0.0,7.5,207.0,3.404928748046601,6.682548931412758
2026-06-03 05:00:00,25.7,77.0,0.0,8.8,213.0,4.792823508132239,7.380300997919732
2026-06-03 06:00:00,26.4,75.0,0.0,9.8,218.0,6.033482458191452,7.722505385345876
2026-06-03 07:00:00,27.7,70.0,0.0,9.1,216.0,5.348845795861505,7.3620546488120215
2026-06-03 08:00:00,29.3,65.0,0.0,10.7,221.0,7.019831610198428,8.07539250838366
2026-06-03 09:00:00,30.5,60.0,0.0,11.9,243.0,10.602977637841578,5.4024869469006065
2026-06-03 10:00:00,31.4,58.0,0.0,12.2,257.0,11.88731479037987,2.7444028629951527
2026-06-03 11:00:00,31.7,63.0,0.0,12.1,273.0,12.083417370530343,-0.6332650705396203
2026-06-03 12:00:00,31.5,70.0,0.0,14.4,279.0,14.222712104569984,-2.2526562965793246
2026-06-03 13:00:00,31.5,70.0,0.0,16.4,274.0,16.360050424261114,-1.144006169403655
2026-06-03 14:00:00,31.5,68.0,0.1,16.5,278.0,16.33942313423591,-2.29635616584108
2026-06-03 15:00:00,30.9,69.0,0.1,14.3,277.0,14.193409968470904,-1.742731610693609
2026-06-03 16:00:00,30.7,69.0,0.0,12.8,284.0,12.419785296332755,-3.096600263675747
2026-06-03 17:00:00,29.7,74.0,0.0,9.8,302.0,8.310871342332975,-5.193208789485408
2026-06-03 18:00:00,28.8,80.0,0.0,6.2,330.0,3.100000000000001,-5.36935750346352
2026-06-03 19:00:00,28.0,88.0,0.0,1.4,23.0,-0.5470235798849833,-1.2887067948334163
2026-06-03 20:00:00,28.7,83.0,0.0,3.1,170.0,-0.538309350767484,3.052904034337845
2026-06-03 21:00:00,28.3,83.0,0.0,5.4,159.0,-1.9351869275446216,5.04133430308489
2026-06-03 22:00:00,28.3,82.0,0.0,7.8,173.0,-0.9505808785601494,7.741859982802312
2026-06-03 23:00:00,28.0,82.0,0.0,6.4,172.0,-0.8907078461444183,6.337715639946051
2026-06-04 00:00:00,27.4,86.0,0.0,3.0,147.0,-1.6339171050450814,2.5160117038362717
2026-06-04 01:00:00,27.1,88.0,0.0,3.2,137.0,-2.1823947521999947,2.3403318451813457
2026-06-04 02:00:00,27.6,84.0,0.0,1.0,225.0,0.7071067811865476,0.7071067811865475
2026-06-04 03:00:00,27.0,85.0,0.0,3.8,177.0,-0.1988766337231866,3.7947922320673806
2026-06-04 04:00:00,26.9,85.0,0.0,5.8,184.0,0.40458754771592637,5.78587149150698
2026-06-04 05:00:00,27.0,82.0,0.0,7.3,224.0,5.07100610435068,5.251180542472153
2026-06-04 06:00:00,27.8,79.0,0.0,11.3,237.0,9.476977417783292,6.154421095669806
2026-06-04 07:00:00,28.5,77.0,0.0,15.3,245.0,13.866509141660744,6.466059404632702
2026-06-04 08:00:00,29.8,72.0,0.0,15.6,246.0,14.251309139224572,6.345091631982483
2026-06-04 09:00:00,31.2,65.0,0.0,19.7,249.0,18.391534401994875,7.059848606042415
2026-06-04 10:00:00,31.5,68.0,0.0,19.9,260.0,19.59767428494294,3.4555987355719133
2026-06-04 11:00:00,31.4,74.0,0.6,19.3,265.0,19.22655767317069,1.6821058350298026
2026-06-04 12:00:00,30.9,75.0,0.6,20.2,268.0,20.187694705785734,0.7049698333905196
2026-06-04 13:00:00,28.7,88.0,1.6,18.6,272.0,18.58866938255518,-0.6491306386665181
2026-06-04 14:00:00,28.5,93.0,1.5,13.3,280.0,13.097943115062368,-2.3095207629701737
2026-06-04 15:00:00,29.8,82.0,0.9,12.2,237.0,10.231780928934173,6.64459622718333
2026-06-04 16:00:00,30.0,80.0,0.4,5.8,250.0,5.450217200558269,1.9837168312888784
2026-06-04 17:00:00,27.1,98.0,6.6,3.2,34.0,-1.789417291106389,-2.6529202321761343
2026-06-04 18:00:00,26.6,98.0,4.3,2.6,141.0,-1.6362330167295769,2.020579499788125
2026-06-04 19:00:00,26.8,98.0,1.2,3.8,169.0,-0.7250741824308702,3.730183297101123
2026-06-04 20:00:00,26.8,98.0,0.6,4.2,168.0,-0.8732291014345893,4.108219923081984
2026-06-04 21:00:00,26.8,99.0,3.1,2.0,90.0,-2.0,2.4492935982947064e-16
2026-06-04 22:00:00,26.9,98.0,2.8,4.8,331.0,2.327086177182418,-4.1981745942691
2026-06-04 23:00:00,26.6,99.0,0.6,2.7,337.0,1.0549740469210391,-2.485363104321589
2026-06-05 00:00:00,26.5,99.0,0.0,2.1,75.0,-2.0284442352070435,-0.5435199947152937
2026-06-05 01:00:00,26.3,99.0,0.0,3.6,49.0,-2.7169544888019797,-2.3618125043658256
2026-06-05 02:00:00,26.1,97.0,0.0,3.6,41.0,-2.3618125043658265,-2.716954488801979
2026-06-05 03:00:00,26.0,97.0,0.6,8.2,350.0,1.4239150568688292,-8.075423574700105
2026-06-05 04:00:00,25.9,97.0,0.6,11.4,342.0,3.522793735874401,-10.84204428576475
2026-06-05 05:00:00,25.5,96.0,1.2,7.6,326.0,4.249866066377676,-6.300685551418317
2026-06-05 06:00:00,25.6,96.0,3.5,6.0,323.0,3.61089013891229,-4.791813060283757
2026-06-05 07:00:00,25.7,97.0,2.8,5.1,342.0,1.575986671312232,-4.850388233105282
2026-06-05 08:00:00,26.5,91.0,1.5,7.8,19.0,-2.539431604765822,-7.375044889674672
2026-06-05 09:00:00,26.3,95.0,1.5,8.1,12.0,-1.6840846956238542,-7.9229955659438245
2026-06-05 10:00:00,26.4,95.0,1.5,9.2,7.0,-1.1211979593273538,-9.131424595100162
2026-06-05 11:00:00,26.4,95.0,0.9,10.5,19.0,-3.4184656218001446,-9.927945043792826
2026-06-05 12:00:00,26.1,96.0,1.2,10.5,27.0,-4.766900247265243,-9.355568503977862
2026-06-05 13:00:00,26.3,93.0,0.4,10.6,32.0,-5.617144200871973,-8.989309819258114
2026-06-05 14:00:00,26.3,96.0,0.4,16.3,16.0,-4.492888899817082,-15.6685656437946
2026-06-05 15:00:00,26.3,94.0,0.6,15.9,25.0,-6.719630361677117,-14.410293813882737
2026-06-05 16:00:00,26.4,91.0,0.2,14.4,23.0,-5.626528250245543,-13.25526988971514
2026-06-05 17:00:00,26.1,93.0,0.5,12.2,22.0,-4.57020043967413,-11.311643025714805
2026-06-05 18:00:00,25.7,97.0,0.9,13.1,23.0,-5.118577783209487,-12.058613580226966
2026-06-05 19:00:00,25.6,96.0,0.2,12.1,32.0,-6.41202309722178,-10.261381963492754
2026-06-05 20:00:00,25.7,96.0,0.1,14.9,35.0,-8.546288901630591,-12.205365459905975
2026-06-05 21:00:00,25.6,96.0,0.5,18.4,22.0,-6.892761318852786,-17.060182924028886
2026-06-05 22:00:00,25.6,96.0,0.6,16.1,5.0,-1.403207458237298,-16.038734639277106
2026-06-05 23:00:00,25.6,96.0,0.2,17.9,350.0,3.108302380238054,-17.628058778918522
2026-06-06 00:00:00,25.4,96.0,0.0,21.8,350.0,3.785530273139083,-21.468809015666135
2026-06-06 01:00:00,25.3,96.0,0.1,21.3,337.0,8.322573036821531,-19.60675337853698
2026-06-06 02:00:00,25.3,96.0,0.2,22.3,349.0,4.255040596896952,-21.890286190882907
2026-06-06 03:00:00,25.2,96.0,0.2,19.9,345.0,5.150498997540162,-19.221923943152458
2026-06-06 04:00:00,25.2,94.0,0.1,18.7,329.0,9.631212000818012,-16.0290285231295
2026-06-06 05:00:00,25.1,94.0,0.2,20.1,314.0,14.45872998680689,-13.962633246225845
2026-06-06 06:00:00,25.3,93.0,0.1,20.8,311.0,15.697959268633658,-13.646027803002552
2026-06-06 07:00:00,25.5,92.0,0.1,22.7,312.0,16.86938753833685,-15.189264764346081
2026-06-06 08:00:00,25.6,94.0,0.1,20.0,308.0,15.760215072134438,-12.313229506513165
2026-06-06 09:00:00,25.2,95.0,0.8,22.1,304.0,18.32173035346642,-12.358163166703507
2026-06-06 10:00:00,25.8,92.0,0.6,23.4,311.0,17.660204177212865,-15.351781278377869
2026-06-06 11:00:00,26.4,87.0,0.1,22.4,316.0,15.560347498281537,-16.113211527585783
2026-06-06 12:00:00,26.4,86.0,0.0,20.1,313.0,14.700209402545328,-13.70816703725622
2026-06-06 13:00:00,26.6,84.0,0.2,18.6,316.0,12.92064569053735,-13.37972028629891
2026-06-06 14:00:00,27.5,80.0,0.1,17.2,314.0,12.3726445658248,-11.948123971894752
2026-06-06 15:00:00,26.6,83.0,0.0,15.9,318.0,10.639176641105847,-11.816002725090568
2026-06-06 16:00:00,26.6,82.0,0.0,15.7,323.0,9.448495863487159,-12.538577507742497
2026-06-06 17:00:00,26.2,84.0,0.0,11.5,330.0,5.750000000000001,-9.959292143521044
2026-06-06 18:00:00,25.7,87.0,0.0,8.8,337.0,3.438433930705609,-8.100442710381476
2026-06-06 19:00:00,25.2,90.0,0.0,4.5,353.0,0.5484120453231637,-4.466457682385949
2026-06-06 20:00:00,25.8,90.0,0.0,1.0,22.0,-0.3746065934159123,-0.9271838545667873
2026-06-06 21:00:00,25.6,91.0,0.0,1.5,97.0,-1.488819227461983,0.18280401510772132
2026-06-06 22:00:00,25.5,92.0,0.0,3.6,153.0,-1.6343657990623681,3.2076234870781244
2026-06-06 23:00:00,25.3,91.0,0.0,5.8,154.0,-2.5425526513766497,5.213005468535168
2026-06-07 00:00:00,25.3,90.0,0.0,4.6,138.0,-3.0780007892507477,3.4184661971960133
2026-06-07 01:00:00,25.0,92.0,0.0,2.7,157.0,-1.0549740469210394,2.4853631043215887
2026-06-07 02:00:00,25.9,91.0,0.0,0.6000000000000001,146.0,-0.33551574208244805,0.4974225435330251
2026-06-07 03:00:00,25.8,92.0,0.2,3.2,270.0,3.2,0.0
2026-06-07 04:00:00,25.5,96.0,0.6,5.5,234.0,4.449593469062211,3.232818887608602
2026-06-07 05:00:00,25.4,97.0,0.2,7.4,244.0,6.651075942613836,3.243946486239173
2026-06-07 06:00:00,26.0,97.0,0.0,4.7,247.0,4.32637281122647,1.8364363038995868
2026-06-07 07:00:00,26.8,93.0,0.0,4.4,243.0,3.9204287064288192,1.9975581988540059
2026-06-07 08:00:00,28.6,86.0,0.1,3.5,235.0,2.8670321550114712,2.007517527228661
2026-06-07 09:00:00,29.4,81.0,0.1,7.6,277.0,7.543350752474047,-0.9262070098791207
2026-06-07 10:00:00,29.3,83.0,0.2,9.1,297.0,8.108159370114148,-4.131313547629875
2026-06-07 11:00:00,28.6,92.0,1.1,8.6,290.0,8.081356538758811,-2.9413732326007507
2026-06-07 12:00:00,30.2,80.0,0.2,10.2,287.0,9.75430851082296,-2.982191388171915
2026-06-07 13:00:00,28.8,89.0,2.1,13.5,283.0,13.153995874600676,-3.0368392336421777
2026-06-07 14:00:00,30.0,80.0,3.1,3.2,218.0,1.9701167210421067,2.521634411541511
2026-06-07 15:00:00,28.2,91.0,1.2,8.3,114.0,-7.582427298433587,3.375914137529144
2026-06-07 16:00:00,28.4,89.0,0.4,5.6,115.0,-5.075323607405239,2.366662265747917
2026-06-07 17:00:00,28.5,87.0,0.2,6.8,87.0,-6.790680836331102,-0.35588450245201625
2026-06-07 18:00:00,26.9,98.0,3.7,3.1,263.0,3.076893070088098,0.3777949645559572
2026-06-07 19:00:00,26.2,99.0,1.4,11.8,223.0,8.047580648737483,8.629973679106213
2026-06-07 20:00:00,27.5,93.0,0.7000000000000001,5.4,194.0,1.3063782362382055,5.2395969218903815
2026-06-07 21:00:00,26.7,95.0,0.0,5.1,190.0,0.885605706101345,5.022519540362261
2026-06-07 22:00:00,26.4,95.0,0.0,4.5,173.0,-0.5484120453231631,4.46645768238595
2026-06-07 23:00:00,26.3,95.0,0.0,2.6,164.0,-0.7166571251241975,2.499280409439629
2026-06-08 00:00:00,26.2,95.0,0.0,1.8,169.0,-0.34345619167778063,1.7669289302057951
2026-06-08 01:00:00,26.4,94.0,0.0,0.9,143.0,-0.5416335208368436,0.7187719590425634
2026-06-08 02:00:00,26.4,96.0,0.0,1.9,29.0,-0.92113827846804,-1.6617774435648522
2026-06-08 03:00:00,26.1,97.0,0.0,2.0,80.0,-1.969615506024416,-0.34729635533386094
2026-06-08 04:00:00,26.3,97.0,0.1,0.6000000000000001,326.0,0.3355157420824481,-0.4974225435330251
2026-06-08 05:00:00,26.1,97.0,0.1,4.3,292.0,3.9868905746371857,-1.6108083516884215
2026-06-08 06:00:00,26.4,96.0,0.2,4.5,293.0,4.142271840535981,-1.7582900782017319
2026-06-08 07:00:00,26.6,95.0,0.2,3.5,294.0,3.197409101749103,-1.4235782507653008
2026-06-08 08:00:00,28.4,88.0,0.7000000000000001,3.8,259.0,3.730183297101123,0.7250741824308702
2026-06-08 09:00:00,28.3,91.0,0.6,6.9,293.0,6.351483488821839,-2.6960447865759893
2026-06-08 10:00:00,27.2,97.0,5.3,11.3,314.0,8.128539743826758,-7.84963958618667
2026-06-08 11:00:00,27.5,93.0,0.2,9.4,347.0,2.11453991083233,-9.159078608981211
2026-06-08 12:00:00,27.9,85.0,0.2,11.7,3.0,-0.6123306880424484,-11.683965556628513
2026-06-08 13:00:00,26.1,98.0,2.0,13.5,350.0,2.3442503985035605,-13.294904665664808
2026-06-08 14:00:00,26.0,96.0,6.0,13.0,311.0,9.811224542896037,-8.528767376876594
2026-06-08 15:00:00,25.5,97.0,4.4,13.9,322.0,8.55769450702665,-10.953349475133436
2026-06-08 16:00:00,25.8,96.0,1.0,12.3,326.0,6.878072712690186,-10.197162142427015
2026-06-08 17:00:00,25.7,97.0,1.2,12.5,356.0,0.8719559218015654,-12.469550628247802
2026-06-08 18:00:00,25.2,98.0,1.0,14.3,15.0,-3.7011123449660452,-13.812739315933678
2026-06-08 19:00:00,25.2,97.0,0.3,10.4,39.0,-6.544932066918314,-8.082317999152494
2026-06-08 20:00:00,25.9,98.0,0.3,6.0,61.0,-5.247718242836375,-2.9088577214780216
2026-06-08 21:00:00,26.0,98.0,0.2,5.2,70.0,-4.886401628086724,-1.778504745293477
2026-06-08 22:00:00,26.1,97.0,1.2,0.9,53.0,-0.7187719590425635,-0.5416335208368436
2026-06-08 23:00:00,25.9,97.0,3.1,1.9,22.0,-0.7117525274902333,-1.7616493236768958
2026-06-09 00:00:00,25.8,97.0,2.4,6.2,38.0,-3.81710114701908,-4.885666672361677
2026-06-09 01:00:00,25.5,97.0,3.5,8.3,48.0,-6.168102051462372,-5.553784032778524
2026-06-09 02:00:00,25.5,96.0,3.5,14.8,33.0,-8.0606577182224,-12.412324405592276
2026-06-09 03:00:00,25.2,97.0,0.9,15.5,29.0,-7.514549113818221,-13.556605460660638
2026-06-09 04:00:00,24.9,96.0,1.7000000000000002,18.3,35.0,-10.49644878522415,-14.990482410488546
2026-06-09 05:00:00,24.6,97.0,0.7000000000000001,18.5,33.0,-10.075822147777998,-15.515405506990344
2026-06-09 06:00:00,24.6,97.0,2.9,16.8,35.0,-9.63608413069758,-13.76175434405506
2026-06-09 07:00:00,24.6,97.0,3.5,16.5,31.0,-8.4981282360159,-14.14326046158485
2026-06-09 08:00:00,25.3,96.0,8.7,14.8,13.0,-3.3292756042892058,-14.420676958821481
2026-06-09 09:00:00,24.4,96.0,7.6,20.5,3.0,-1.0728871029803584,-20.471905462468765
2026-06-09 10:00:00,24.4,95.0,3.3,22.0,22.0,-8.24134505515007,-20.39804480046932
2026-06-09 11:00:00,24.5,96.0,1.1,20.8,22.0,-7.7918171430509755,-19.285424174989178
2026-06-09 12:00:00,25.1,89.0,0.2,19.5,20.0,-6.669392794850537,-18.324006105325214
2026-06-09 13:00:00,24.4,93.0,0.7000000000000001,22.0,18.0,-6.798373876248847,-20.923243358493377
2026-06-09 14:00:00,25.4,91.0,1.2,21.1,33.0,-11.49188363881707,-17.69594898364845
2026-06-09 15:00:00,24.5,96.0,2.0,21.4,34.0,-11.966728134273977,-17.741404052677893
2026-06-09 16:00:00,24.0,96.0,2.3,18.6,41.0,-12.202697939223436,-14.03759819214356
2026-06-09 17:00:00,23.9,96.0,2.1,14.5,46.0,-10.430427104910441,-10.072546371655461
2026-06-09 18:00:00,23.7,96.0,1.5,12.2,49.0,-9.207456878717819,-8.003920153684186
2026-06-09 19:00:00,23.7,97.0,6.0,7.5,48.0,-5.573586191080457,-5.018479547691436
2026-06-09 20:00:00,23.5,97.0,7.5,13.7,51.0,-10.6468996719605,-8.621689357382774
2026-06-09 21:00:00,23.6,96.0,3.1,12.8,38.0,-7.880466884168424,-10.086537646166043
2026-06-09 22:00:00,23.5,96.0,0.4,12.6,47.0,-9.21505664040155,-8.593179336787479
2026-06-09 23:00:00,23.4,96.0,0.1,13.1,53.0,-10.462125181619536,-7.883776803291833
2026-06-10 00:00:00,23.3,96.0,0.1,15.0,51.0,-11.657189421854563,-9.439805865747564
2026-06-10 01:00:00,23.1,96.0,0.5,13.9,53.0,-11.101033589657371,-8.365228821813472
2026-06-10 02:00:00,23.3,97.0,0.4,12.1,55.0,-9.9117397358968,-6.940274879847658
2026-06-10 03:00:00,23.2,97.0,0.9,12.1,53.0,-9.663489671572243,-7.281961780139786
2026-06-10 04:00:00,23.2,96.0,0.7000000000000001,16.3,52.0,-12.844575283789569,-10.035282047808229
2026-06-10 05:00:00,23.2,97.0,2.2,18.1,43.0,-12.344170317131226,-13.237501999306986
2026-06-10 06:00:00,23.2,96.0,0.6,19.0,44.0,-13.198509038720948,-13.667456206434373
2026-06-10 07:00:00,23.4,96.0,2.0,18.6,43.0,-12.685169497162475,-13.603178850116572
2026-06-10 08:00:00,23.9,96.0,3.8,21.7,42.0,-14.52013415798722,-16.126242712859458
2026-06-10 09:00:00,23.6,96.0,4.7,23.4,38.0,-14.406478522620398,-18.439451634397297
2026-06-10 10:00:00,23.6,96.0,3.4,21.3,34.0,-11.910808843926903,-17.658500295422392
2026-06-10 11:00:00,23.5,96.0,1.7000000000000002,20.5,31.0,-10.558280535656117,-17.5719296643933
2026-06-10 12:00:00,23.6,95.0,1.0,23.2,27.0,-10.532579593957488,-20.67135136117013
2026-06-10 13:00:00,23.9,90.0,0.4,21.9,19.0,-7.12994258261173,-20.706856805625037
2026-06-10 14:00:00,24.2,86.0,0.1,22.1,26.0,-9.688002344038619,-19.863348423211587
2026-06-10 15:00:00,24.6,83.0,0.0,21.7,25.0,-9.170816279773172,-19.666878978695305
2026-06-10 16:00:00,24.5,81.0,0.0,21.5,27.0,-9.760795744400259,-19.15664027004991
2026-06-10 17:00:00,24.3,79.0,0.0,19.1,34.0,-10.68058445629126,-15.834617635801301
2026-06-10 18:00:00,24.5,77.0,0.0,15.0,43.0,-10.229975400937478,-10.970305524287557
2026-06-10 19:00:00,24.4,77.0,0.0,11.0,56.0,-9.11941329810546,-6.151121938178213
2026-06-10 20:00:00,23.9,87.0,0.0,10.9,51.0,-8.470890979880982,-6.85959226244323
2026-06-10 21:00:00,23.8,89.0,0.1,8.8,57.0,-7.380300997919732,-4.792823508132239
2026-06-10 22:00:00,23.5,92.0,0.1,7.4,87.0,-7.389858557183847,-0.3872860761977824
2026-06-10 23:00:00,23.3,93.0,0.0,7.1,117.0,-6.3261463217374105,3.2233325481507826
2026-06-11 00:00:00,23.0,93.0,0.1,6.2,116.0,-5.572523087054836,2.717901110092279
2026-06-11 01:00:00,22.9,93.0,0.2,5.7,101.0,-5.595274945651685,1.0876112736463064
2026-06-11 02:00:00,22.8,94.0,0.4,5.4,69.0,-5.04133430308489,-1.9351869275446225
2026-06-11 03:00:00,22.7,96.0,0.8,4.7,62.0,-4.149853686436956,-2.206516345093687
2026-06-11 04:00:00,22.7,97.0,0.8,5.4,64.0,-4.853487850015502,-2.3672041926610183
2026-06-11 05:00:00,22.5,97.0,0.1,6.0,85.0,-5.977168188550474,-0.5229344564859477
2026-06-11 06:00:00,22.6,97.0,0.1,5.1,107.0,-4.877154255411481,1.4910956940859565
2026-06-11 07:00:00,22.5,96.0,0.3,4.6,121.0,-3.942969583229716,2.36917514458625
2026-06-11 08:00:00,24.3,89.0,0.2,7.8,86.0,-7.780999592026628,-0.5441004952041771
2026-06-11 09:00:00,25.1,84.0,0.5,10.3,41.0,-6.7574079986022255,-7.7735086762945524
2026-06-11 10:00:00,24.3,94.0,6.9,13.9,40.0,-8.934747774642899,-10.648017759353793
2026-06-11 11:00:00,24.2,93.0,2.0,17.8,44.0,-12.364918994170152,-12.804248446027993
2026-06-11 12:00:00,23.7,92.0,1.3,16.8,48.0,-12.484833068020224,-11.241394186828819
2026-06-11 13:00:00,23.7,93.0,1.8,12.2,61.0,-10.67036042710063,-5.914677367005311
2026-06-11 14:00:00,23.4,89.0,0.1,14.3,44.0,-9.93361469756366,-10.286559144842712
2026-06-11 15:00:00,24.0,83.0,0.1,13.3,58.0,-11.279039678880467,-7.047926214301624
2026-06-11 16:00:00,24.6,77.0,0.0,10.2,59.0,-8.743106467161546,-5.253388364082552
2026-06-11 17:00:00,24.4,76.0,0.0,10.0,69.0,-9.335804264972017,-3.5836794954530045
2026-06-11 18:00:00,24.0,78.0,0.0,10.4,75.0,-10.045628593406311,-2.6917180690662166
2026-06-11 19:00:00,23.7,81.0,0.0,7.9,86.0,-7.880755997052612,-0.5510761425785897
2026-06-11 20:00:00,24.1,83.0,0.0,8.6,88.0,-8.594761112364223,-0.30013567164150773
2026-06-11 21:00:00,22.9,92.0,1.1,10.3,83.0,-10.223225361905618,-1.2552542370730173
2026-06-11 22:00:00,22.6,94.0,1.1,14.6,86.0,-14.564435133793433,-1.018444516664229
2026-06-11 23:00:00,22.7,93.0,0.0,15.7,85.0,-15.640256760040405,-1.3683451611382296
2026-06-12 00:00:00,22.9,93.0,0.0,15.8,88.0,-15.790375066901714,-0.5514120478995143
2026-06-12 01:00:00,23.2,92.0,0.0,18.0,101.0,-17.66928930205795,3.4345619167778096
2026-06-12 02:00:00,23.7,96.0,0.0,14.1,96.0,-14.022758724692652,1.4738513320739177
2026-06-12 03:00:00,23.6,96.0,0.0,12.6,95.0,-12.552053195955994,1.0981623586204932
2026-06-12 04:00:00,23.7,96.0,0.2,11.1,83.0,-11.017262283218676,-1.352749711797135
2026-06-12 05:00:00,23.7,96.0,0.2,11.0,90.0,-11.0,1.3471114790620886e-15
2026-06-12 06:00:00,23.8,96.0,0.5,9.1,100.0,-8.961750552411093,1.5801984167690655
2026-06-12 07:00:00,24.1,97.0,1.3,5.3,82.0,-5.248420764330322,-0.7376174350883472
2026-06-12 08:00:00,25.1,97.0,1.9,8.5,111.0,-7.9354336252262145,3.046127571135052
2026-06-12 09:00:00,25.3,96.0,1.1,7.6,97.0,-7.543350752474047,0.9262070098791213
2026-06-12 10:00:00,25.9,94.0,0.6,11.3,80.0,-11.128327609037951,-1.9622244076363144
2026-06-12 11:00:00,25.8,91.0,0.6,12.9,69.0,-12.043187501813902,-4.622946549134376
2026-06-12 12:00:00,26.3,91.0,0.5,12.5,65.0,-11.328847337958125,-5.2827282717587405
2026-06-12 13:00:00,25.7,92.0,2.3,13.2,61.0,-11.544980134240024,-6.399486987251647
2026-06-12 14:00:00,25.0,97.0,1.0,15.9,48.0,-11.816002725090568,-10.639176641105847
2026-06-12 15:00:00,24.6,96.0,0.8,18.5,49.0,-13.962127234121285,-12.13709203632438
2026-06-12 16:00:00,24.0,97.0,1.3,15.6,73.0,-14.918354193023353,-4.560998593674693
2026-06-12 17:00:00,23.7,97.0,0.6,13.9,84.0,-13.823854345618999,-1.4529456394203837
2026-06-12 18:00:00,23.4,98.0,0.5,8.3,112.0,-7.695625992904335,3.109234725352072
2026-06-12 19:00:00,23.2,97.0,0.8,13.2,118.0,-11.654908225737836,6.1970246287737565
2026-06-12 20:00:00,22.8,97.0,0.4,10.9,107.0,-10.423721839997087,3.186851581477829
2026-06-12 21:00:00,22.9,96.0,4.8,17.4,103.0,-16.95403912726309,3.914148345583254
2026-06-12 22:00:00,22.5,96.0,5.4,17.2,104.0,-16.689086491947137,4.161056604314285
2026-06-12 23:00:00,22.7,96.0,0.7000000000000001,17.5,111.0,-16.33765746370103,6.271439117042754
2026-06-13 00:00:00,23.0,96.0,0.0,16.3,118.0,-14.39204576360051,7.652386473410019
2026-06-13 01:00:00,23.0,96.0,0.0,12.5,105.0,-12.074072828613353,3.235238063781513
2026-06-13 02:00:00,23.3,97.0,0.2,11.6,105.0,-11.204739584953192,3.0023009231892437
2026-06-13 03:00:00,23.2,96.0,0.0,13.8,125.0,-11.304298211188089,7.915354821644434
2026-06-13 04:00:00,23.3,96.0,0.0,12.4,131.0,-9.358398794762373,8.13513195948229
2026-06-13 05:00:00,23.3,96.0,0.0,11.2,128.0,-8.825720440395285,6.895408523647374
2026-06-13 06:00:00,23.9,95.0,0.0,7.9,131.0,-5.962205683759899,5.182866329025008
2026-06-13 07:00:00,24.9,92.0,0.0,3.6,153.0,-1.6343657990623681,3.2076234870781244
2026-06-13 08:00:00,26.7,84.0,0.0,7.5,145.0,-4.301823272632846,6.143640332167438
2026-06-13 09:00:00,27.3,79.0,0.1,4.5,146.0,-2.51636806561836,3.730669076497688
2026-06-13 10:00:00,28.0,76.0,0.3,5.6,299.0,4.897870359980616,-2.714933873379487
2026-06-13 11:00:00,28.2,77.0,0.4,9.7,335.0,4.099397138884784,-8.791185534255504
2026-06-13 12:00:00,28.9,74.0,0.2,8.2,341.0,2.6696588665486853,-7.753252319914396
2026-06-13 13:00:00,29.1,70.0,0.1,11.5,312.0,8.546165492990033,-7.695001973126869
2026-06-13 14:00:00,28.4,71.0,0.0,12.4,292.0,11.497079796628164,-4.645121758357309
2026-06-13 15:00:00,27.8,76.0,0.0,11.4,283.0,11.107818738551682,-2.5644420195200612
2026-06-13 16:00:00,27.2,80.0,0.0,11.7,285.0,11.301332167582098,-3.0281828276994927
2026-06-13 17:00:00,26.6,82.0,0.0,7.7,273.0,7.689447417610219,-0.40298686307066756
2026-06-13 18:00:00,26.2,83.0,0.0,6.2,260.0,6.10580806867569,1.0766187015349682
2026-06-13 19:00:00,25.4,88.0,0.0,4.0,249.0,3.734321705988807,1.433471798181201
2026-06-13 20:00:00,25.5,87.0,0.0,6.2,240.0,5.36935750346352,3.0999999999999996
2026-06-13 21:00:00,25.2,88.0,0.0,4.8,193.0,1.0797650608505516,4.676976310969129
2026-06-13 22:00:00,25.0,89.0,0.0,6.4,158.0,-2.3974821978618372,5.93397666922744
2026-06-13 23:00:00,24.7,89.0,0.0,8.5,138.0,-5.6876101540502955,6.316731016557851
2026-06-14 00:00:00,24.5,90.0,0.0,5.0,134.0,-3.596699001693256,3.473291852294986
2026-06-14 01:00:00,24.4,91.0,0.0,2.3,184.0,0.16043988961148803,2.2943973155975956
2026-06-14 02:00:00,24.8,91.0,0.0,2.7,200.0,0.9234543869793059,2.5371700761219524
2026-06-14 03:00:00,24.6,91.0,0.0,2.7,160.0,-0.9234543869793056,2.537170076121953
2026-06-14 04:00:00,24.4,92.0,0.0,4.0,141.0,-2.517281564199349,3.108583845827884
2026-06-14 05:00:00,24.6,90.0,0.0,5.5,191.0,1.049449474570997,5.3989495089621515
2026-06-14 06:00:00,25.3,88.0,0.0,7.4,177.0,-0.38728607619778443,7.389858557183847
2026-06-14 07:00:00,25.9,87.0,0.0,5.9,169.0,-1.1257730727216144,5.791600382341218
2026-06-14 08:00:00,27.1,86.0,0.7000000000000001,6.1,175.0,-0.5316500307607152,6.076787658359647
2026-06-14 09:00:00,26.4,96.0,2.2,7.7,201.0,2.759433211498813,7.188569284028453
2026-06-14 10:00:00,26.4,96.0,1.0,10.7,213.0,5.82763767466079,8.973775077016036
2026-06-14 11:00:00,26.6,95.0,1.7000000000000002,10.0,213.0,5.446390350150271,8.386705679454241
2026-06-14 12:00:00,26.4,97.0,1.6,10.4,195.0,2.6917180690662157,10.045628593406311
2026-06-14 13:00:00,25.9,97.0,2.2,11.5,183.0,0.6018634967938556,11.4842396496776
2026-06-14 14:00:00,27.2,92.0,2.7,7.3,220.0,4.692349550711738,5.5921244347685395
2026-06-14 15:00:00,26.3,91.0,1.2,9.7,235.0,7.94577482960322,5.563691432605146
2026-06-14 16:00:00,26.0,94.0,1.5,17.0,208.0,7.981016567360145,15.010109078601756
2026-06-14 17:00:00,25.2,93.0,1.4,19.0,220.0,12.212964584044247,14.554844419260583
2026-06-14 18:00:00,24.7,93.0,2.6,17.5,209.0,8.4841683543109,15.305844874939426
2026-06-14 19:00:00,24.4,93.0,1.7000000000000002,14.9,189.0,2.3308735290994407,14.716556274867553
2026-06-14 20:00:00,26.6,64.0,1.8,28.3,220.0,18.190889354129066,21.67905774026708
2026-06-14 21:00:00,27.4,61.0,0.0,24.8,226.0,17.83962704839855,17.227527587383133
2026-06-14 22:00:00,27.8,63.0,0.0,25.6,228.0,19.024507532221293,17.12974352278677
2026-06-14 23:00:00,27.9,62.0,0.0,23.9,214.0,13.364710392950848,19.813997984065498
2026-06-15 00:00:00,27.2,66.0,0.0,16.4,204.0,6.6704809464431225,14.982145505338654
2026-06-15 01:00:00,25.2,81.0,0.3,8.6,179.0,-0.1500906953606379,8.598690178344965
2026-06-15 02:00:00,25.5,84.0,0.1,13.4,209.0,6.496448911300917,11.719904075667904
2026-06-15 03:00:00,24.8,86.0,0.4,16.1,228.0,11.964631690186048,10.773002762377619
2026-06-15 04:00:00,25.0,86.0,0.1,10.4,214.0,5.815606196095767,8.621990754572435
2026-06-15 05:00:00,24.9,90.0,0.0,8.3,176.0,-0.5789787320762403,8.27978161715654
2026-06-15 06:00:00,24.9,92.0,0.0,8.7,135.0,-6.151828996322962,6.151828996322964
2026-06-15 07:00:00,25.8,90.0,0.0,7.3,157.0,-2.8523372379716982,6.719685430202814
2026-06-15 08:00:00,28.8,71.0,0.7000000000000001,13.9,213.0,7.570482586708876,11.657520894441394
2026-06-15 09:00:00,28.6,74.0,0.3,17.2,236.0,14.259446247946716,9.618117939696846
2026-06-15 10:00:00,28.2,77.0,0.3,21.8,248.0,20.212608029555966,8.166423736466882
2026-06-15 11:00:00,27.2,89.0,1.4,17.8,224.0,12.364918994170152,12.804248446027989
2026-06-15 12:00:00,27.5,88.0,0.7000000000000001,18.3,226.0,13.163918346197317,12.71224817939965
2026-06-15 13:00:00,27.5,86.0,0.5,16.6,217.0,9.990129384324003,13.257349466785062
2026-06-15 14:00:00,29.4,69.0,0.1,23.8,226.0,17.1202872480599,16.532869216924134
2026-06-15 15:00:00,28.1,74.0,0.0,28.8,228.0,21.402570973748954,19.27096146313512
2026-06-15 16:00:00,27.4,77.0,0.1,18.8,221.0,12.333909745021538,14.188540108188114
2026-06-15 17:00:00,26.9,82.0,0.1,9.4,228.0,6.985561359487506,6.289827699773268
2026-06-15 18:00:00,26.6,82.0,0.1,8.6,206.0,3.769991862386066,7.729628798172836
2026-06-15 19:00:00,25.7,89.0,0.2,5.4,180.0,3.3065463576978537e-16,5.4
2026-06-15 20:00:00,25.8,91.0,0.3,4.5,92.0,-4.497258721585931,0.15704773516125514
2026-06-15 21:00:00,25.6,91.0,0.0,3.0,107.0,-2.8689142678891066,0.8771151141682099
2026-06-15 22:00:00,25.4,93.0,0.0,3.1,69.0,-2.8940993221413254,-1.1109406435904314
2026-06-15 23:00:00,25.5,94.0,0.1,5.2,6.0,-0.5435480089917974,-5.1715138559150216
2026-06-16 00:00:00,25.4,94.0,0.0,11.4,11.0,-2.1752225472926088,-11.19054989130337
2026-06-16 01:00:00,25.0,94.0,0.0,8.3,60.0,-7.188010851410841,-4.150000000000001
2026-06-16 02:00:00,24.8,96.0,0.0,5.0,199.0,1.6278407722857837,4.7275928779965835
2026-06-16 03:00:00,24.8,91.0,0.0,14.7,205.0,6.212488447588282,13.322724469438754
2026-06-16 04:00:00,24.3,92.0,0.0,10.4,166.0,-2.515987714236545,10.091075553270363
2026-06-16 05:00:00,24.3,91.0,0.1,8.7,175.0,-0.7582549619046266,8.666893873398186
2026-06-16 06:00:00,24.9,90.0,0.0,9.4,168.0,-1.9543698936869378,9.194587446897774
2026-06-16 07:00:00,25.6,87.0,0.0,9.0,158.0,-3.3714593407432085,8.344654691101088
2026-06-16 08:00:00,27.3,92.0,0.0,7.7,114.0,-7.034300023848026,3.1318721516836634
2026-06-16 09:00:00,29.2,76.0,0.0,3.3,126.0,-2.6697560814373262,1.9396913325651617
2026-06-16 10:00:00,30.1,72.0,0.0,2.4,279.0,2.3704520174283306,-0.37544271609655405
2026-06-16 11:00:00,30.2,72.0,0.0,6.4,262.0,6.337715639946051,0.8907078461444189
2026-06-16 12:00:00,30.3,72.0,0.0,15.7,264.0,15.61399375728189,1.6410968733021594
2026-06-16 13:00:00,28.1,85.0,0.7000000000000001,24.1,258.0,23.57335717768472,5.010671748708001
2026-06-16 14:00:00,27.0,93.0,0.2,11.4,275.0,11.3566195582459,-0.9935754673233032
2026-06-16 15:00:00,26.5,96.0,2.6,6.3,193.0,1.4171916423663489,6.1385314081469815
2026-06-16 16:00:00,26.4,96.0,1.5,7.7,219.0,4.8457670110837485,5.984023903218676
2026-06-16 17:00:00,25.9,97.0,1.2,11.5,212.0,6.094071538681856,9.7525531057989
2026-06-16 18:00:00,25.8,98.0,0.5,7.7,156.0,-3.131872151683662,7.034300023848027
2026-06-16 19:00:00,25.4,98.0,0.1,8.5,136.0,-5.9045961489014775,6.114388302878535
2026-06-16 20:00:00,26.3,95.0,0.0,7.0,89.0,-6.998933866094739,-0.12216684506098546
2026-06-16 21:00:00,26.0,95.0,0.0,8.2,68.0,-7.602907607447656,-3.0717740660104784
2026-06-16 22:00:00,25.8,95.0,0.0,8.0,82.0,-7.922144549932562,-1.1133848076805242
2026-06-16 23:00:00,25.7,95.0,0.0,5.7,125.0,-4.669166652447254,3.269385687200962
2026-06-17 00:00:00,25.6,94.0,0.0,3.1,140.0,-1.9926415900282721,2.3747377736688318
2026-06-17 01:00:00,25.6,94.0,0.0,2.6,155.0,-1.0988074805258183,2.35640024629529
2026-06-17 02:00:00,25.3,98.0,0.0,4.7,118.0,-4.149853686436957,2.206516345093686
2026-06-17 03:00:00,25.3,97.0,0.0,1.8,90.0,-1.8,2.2043642384652358e-16
2026-06-17 04:00:00,25.1,97.0,0.1,1.1,72.0,-1.046162167924669,-0.33991869381244205
2026-06-17 05:00:00,24.9,97.0,0.3,2.9,30.0,-1.4500000000000013,-2.5114736709748713
2026-06-17 06:00:00,25.6,98.0,0.4,2.5,60.0,-2.1650635094610964,-1.2500000000000002
2026-06-17 07:00:00,26.0,97.0,0.1,9.1,139.0,-5.970137163813615,6.867857180027226
2026-06-17 08:00:00,27.9,90.0,0.0,5.2,155.0,-2.1976149610516367,4.71280049259058
2026-06-17 09:00:00,28.6,79.0,0.0,6.5,178.0,-0.2268467285662562,6.496040375624123
2026-06-17 10:00:00,29.4,74.0,0.0,0.6000000000000001,342.0,0.1854101966249685,-0.5706339097770922
2026-06-17 11:00:00,29.8,74.0,0.1,6.7,301.0,5.743020914704153,-3.450755101897363
2026-06-17 12:00:00,29.8,78.0,0.2,9.2,296.0,8.268905225952336,-4.033014550459511
2026-06-17 13:00:00,29.5,84.0,2.3,13.3,267.0,13.281772812235833,0.696068218031153
2026-06-17 14:00:00,25.1,98.0,0.6,9.4,133.0,-6.874724795220202,6.410784584587487
2026-06-17 15:00:00,25.9,98.0,1.5,7.2,112.0,-6.675723752880868,2.6971674725945682
2026-06-17 16:00:00,27.1,96.0,1.6,4.6,108.0,-4.3748599749577055,1.4214781741247584
2026-06-17 17:00:00,26.3,93.0,3.1,9.2,264.0,9.149601437388114,0.9616618620624119
2026-06-17 18:00:00,26.3,97.0,1.4,5.2,196.0,1.4333142502483958,4.998560818879258
2026-06-17 19:00:00,26.2,96.0,0.0,8.3,207.0,3.768121147838239,7.3953541507634535
2026-06-17 20:00:00,26.6,98.0,0.0,7.1,124.0,-5.886166765140795,3.970269614642303
2026-06-17 21:00:00,26.1,98.0,0.0,5.4,130.0,-4.136639992842481,3.4710530923073133
2026-06-17 22:00:00,26.0,95.0,0.0,4.3,156.0,-1.748967565225941,3.9282454678631837
2026-06-17 23:00:00,26.1,90.0,0.0,3.4,196.0,0.9371670097777971,3.2682897661902843
2026-06-18 00:00:00,25.8,90.0,0.0,4.0,216.0,2.3511410091698925,3.23606797749979
2026-06-18 01:00:00,25.6,91.0,0.0,3.4,177.0,-0.17794225122600907,3.395340418165551
2026-06-18 02:00:00,26.1,89.0,0.0,2.4,153.0,-1.089577199374912,2.138415658052083
2026-06-18 03:00:00,25.4,93.0,0.0,5.6,155.0,-2.366662265747916,5.07532360740524
2026-06-18 04:00:00,25.2,94.0,0.0,6.8,158.0,-2.547324835228202,6.304850211054155
2026-06-18 05:00:00,25.1,93.0,0.0,8.4,161.0,-2.7347724974401157,7.942356035034262
2026-06-18 06:00:00,25.9,90.0,0.0,9.0,160.0,-3.0781812899310186,8.457233587073176
2026-06-18 07:00:00,27.0,88.0,0.0,9.6,142.0,-5.91035016312632,7.564903234624531
2026-06-18 08:00:00,29.7,79.0,0.0,4.6,103.0,-4.482102298012081,1.03477484998178
2026-06-18 09:00:00,30.3,75.0,0.0,6.7,9.0,-1.048110915769548,-6.617511881987422
2026-06-18 10:00:00,29.3,85.0,0.1,13.8,333.0,6.265068896405746,-12.295890033799477
2026-06-18 11:00:00,29.0,79.0,0.1,14.9,322.0,9.173355982352309,-11.741360228740158
2026-06-18 12:00:00,29.5,71.0,0.0,13.2,314.0,9.495285364470195,-9.169490490058763
2026-06-18 13:00:00,29.6,73.0,0.2,10.0,291.0,9.335804264972017,-3.5836794954530027
2026-06-18 14:00:00,29.9,76.0,0.1,10.9,297.0,9.71197111365321,-4.94849644716106
2026-06-18 15:00:00,28.9,83.0,0.3,4.9,268.0,4.897015052393569,0.17100753384225476
2026-06-18 16:00:00,29.8,77.0,0.3,6.2,226.0,4.459906762099638,4.306881896845783
2026-06-18 17:00:00,30.0,71.0,0.0,7.0,228.0,5.20201377834176,4.683914244512008
2026-06-18 18:00:00,29.0,79.0,0.0,7.5,228.0,5.573586191080457,5.018479547691436
2026-06-18 19:00:00,27.7,85.0,0.0,4.8,222.0,3.2118269105225195,3.5670951622914924
2026-06-18 20:00:00,27.6,89.0,0.1,1.8,127.0,-1.4375439180851273,1.0832670416736867
2026-06-18 21:00:00,27.1,90.0,0.0,0.30000000000000004,45.0,-0.21213203435596434,-0.21213203435596428
2026-06-18 22:00:00,26.8,91.0,0.0,2.3,94.0,-2.2943973155975956,0.1604398896114887
2026-06-18 23:00:00,26.6,92.0,0.0,4.6,99.0,-4.543366366737633,0.7195985391850624
2026-06-19 00:00:00,26.2,93.0,0.0,2.5,82.0,-2.475670171853926,-0.3479327524001638
2026-06-19 01:00:00,26.0,92.0,0.0,2.5,82.0,-2.475670171853926,-0.3479327524001638
2026-06-19 02:00:00,26.0,93.0,0.0,3.7,125.0,-3.0308625638692703,2.12223281449887
2026-06-19 03:00:00,25.6,94.0,0.0,5.7,143.0,-3.430345631966676,4.552222407269569
2026-06-19 04:00:00,25.2,96.0,0.0,5.1,135.0,-3.606244584051392,3.6062445840513924
2026-06-19 05:00:00,24.7,96.0,0.0,3.1,135.0,-2.192031021678297,2.1920310216782974
2026-06-19 06:00:00,25.5,94.0,0.0,3.2,133.0,-2.3403318451813457,2.1823947521999956
2026-06-19 07:00:00,27.0,90.0,0.0,2.0,180.0,1.2246467991473532e-16,2.0
2026-06-19 08:00:00,29.6,73.0,0.0,1.5,249.0,1.4003706397458027,0.5375519243179504
2026-06-19 09:00:00,30.3,72.0,0.0,6.0,299.0,5.247718242836374,-2.9088577214780225
2026-06-19 10:00:00,30.3,73.0,0.0,14.1,293.0,12.979118433679409,-5.50930891169876
2026-06-19 11:00:00,30.2,71.0,0.0,18.1,276.0,18.000846306165748,-1.891965185144528
2026-06-19 12:00:00,30.2,71.0,0.0,15.5,267.0,15.478757788695894,0.8112073217656295
2026-06-19 13:00:00,30.8,67.0,0.0,15.8,258.0,15.454732091594131,3.2850047149205976
2026-06-19 14:00:00,31.2,62.0,0.0,16.7,259.0,16.393173963575986,3.186510222788298
2026-06-19 15:00:00,30.6,65.0,0.0,17.6,257.0,17.14891314022014,3.9591385564520243
2026-06-19 16:00:00,29.8,68.0,0.0,17.6,254.0,16.918205848514415,4.851217462379186
2026-06-19 17:00:00,29.2,71.0,0.0,16.5,241.0,14.43122516780003,7.999358734064561
2026-06-19 18:00:00,28.8,73.0,0.0,16.8,229.0,12.67912094774257,11.021791687040523
2026-06-19 19:00:00,28.2,71.0,0.0,16.9,224.0,11.739726460757053,12.156842625723202
2026-06-19 20:00:00,28.1,72.0,0.0,12.8,209.0,6.205563139153115,11.195132251384265
2026-06-19 21:00:00,27.8,73.0,0.0,10.1,196.0,2.7839372937516913,9.708743128977021
2026-06-19 22:00:00,27.2,78.0,0.0,8.2,171.0,-1.2827626133298926,8.09904439288013
2026-06-19 23:00:00,26.4,83.0,0.0,4.6,138.0,-3.0780007892507477,3.4184661971960133
2026-06-20 00:00:00,26.3,83.0,0.0,4.5,143.0,-2.7081676041842178,3.593859795212817
2026-06-20 01:00:00,26.0,84.0,0.0,5.8,150.0,-2.8999999999999986,5.022947341949744
2026-06-20 02:00:00,26.0,85.0,0.0,4.7,182.0,0.1640276345017551,4.6971368869897505
2026-06-20 03:00:00,25.7,84.0,0.0,7.2,181.0,0.1256573263484419,7.198903405126018
2026-06-20 04:00:00,25.5,85.0,0.0,11.2,175.0,-0.9761443187737722,11.157380618627549
2026-06-20 05:00:00,25.3,85.0,0.0,12.6,171.0,-1.9710742595069082,12.444873091498735
2026-06-20 06:00:00,25.8,83.0,0.0,11.2,164.0,-3.0871383851503893,10.76613099450917
2026-06-20 07:00:00,27.4,79.0,0.0,8.3,160.0,-2.8387671896030504,7.79944875252304
2026-06-20 08:00:00,29.3,68.0,0.0,9.6,220.0,6.170761052990778,7.354026653942189
2026-06-20 09:00:00,30.2,64.0,0.0,13.3,235.0,10.894722189043591,7.628566603468913
2026-06-20 10:00:00,31.1,60.0,0.0,15.9,244.0,14.290825336156756,6.970101233946331
2026-06-20 11:00:00,31.3,61.0,0.0,17.5,253.0,16.73533322935312,5.116504832647894
2026-06-20 12:00:00,31.4,61.0,0.0,18.9,254.0,18.167846053234225,5.209546024941284
2026-06-20 13:00:00,31.4,59.0,0.0,19.0,248.0,17.61649323676896,7.117525274902328
2026-06-20 14:00:00,31.6,57.0,0.0,18.3,244.0,16.447931047274757,8.022191986240117
2026-06-20 15:00:00,31.4,57.0,0.0,17.0,238.0,14.41681763465924,9.008627491964484
2026-06-20 16:00:00,31.3,57.0,0.0,16.2,226.0,11.65330476548615,11.253465601435755
2026-06-20 17:00:00,30.7,60.0,0.0,13.4,220.0,8.613353969799627,10.264995537794306
2026-06-20 18:00:00,29.7,67.0,0.0,10.4,216.0,6.112966623841721,8.413776741499454
2026-06-20 19:00:00,28.5,69.0,0.0,9.1,201.0,3.2611483408622335,8.495581881124535
2026-06-20 20:00:00,28.2,71.0,0.0,8.7,220.0,5.592252204272892,6.664586655135108
2026-06-20 21:00:00,27.4,74.0,0.0,6.5,222.0,4.349348941332579,4.830441365603063
2026-06-20 22:00:00,26.8,77.0,0.0,5.0,210.0,2.5000000000000004,4.330127018922193
2026-06-20 23:00:00,26.4,78.0,0.0,5.1,207.0,2.3153515486716887,4.544133273360675
2026-06-21 00:00:00,26.0,81.0,0.0,5.4,228.0,4.012982057577929,3.6133052743378347
2026-06-21 01:00:00,25.6,83.0,0.0,5.4,214.0,3.019641678742033,4.476802891797226
2026-06-21 02:00:00,25.9,82.0,0.0,7.4,214.0,4.138027485683526,6.134878036907309
2026-06-21 03:00:00,25.5,83.0,0.0,8.4,187.0,1.023702484603239,8.337387673787106
2026-06-21 04:00:00,25.3,85.0,0.0,9.2,186.0,0.9616618620624118,9.149601437388114
2026-06-21 05:00:00,25.2,85.0,0.0,10.3,187.0,1.2552542370730193,10.223225361905618
2026-06-21 06:00:00,25.7,82.0,0.0,12.1,181.0,0.21117411789113152,12.098157111392334
2026-06-21 07:00:00,27.1,77.0,0.0,11.9,177.0,-0.6227978792910317,11.88369146357943
2026-06-21 08:00:00,29.4,70.0,0.0,8.8,199.0,2.8649997592229797,8.320563465273988
2026-06-21 09:00:00,30.6,66.0,0.0,9.8,238.0,8.310871342332975,5.193208789485408
2026-06-21 10:00:00,31.3,64.0,0.0,10.4,259.0,10.208922707855706,1.984413551916066
2026-06-21 11:00:00,31.6,69.0,0.0,10.2,278.0,10.100734301164017,-1.4195656297926673
2026-06-21 12:00:00,31.6,74.0,0.0,11.3,288.0,10.746938634135235,-3.491892036436906
2026-06-21 13:00:00,31.4,75.0,0.0,13.2,284.0,12.807903586843153,-3.193369021915614
2026-06-21 14:00:00,31.8,71.0,0.0,15.0,273.0,14.979443021318607,-0.7850393436441575
2026-06-21 15:00:00,31.1,70.0,0.0,15.3,261.0,15.111631611105608,2.3934473151155324
2026-06-21 16:00:00,30.9,70.0,0.0,13.2,255.0,12.7502209070157,3.4164113953532738
2026-06-21 17:00:00,30.3,75.0,0.0,10.3,265.0,10.260805390344979,0.8977041503008791
2026-06-21 18:00:00,29.4,80.0,0.0,8.7,257.0,8.477019563631545,1.9570741727916254
2026-06-21 19:00:00,28.3,84.0,0.0,5.0,229.0,3.77354790111386,3.2802951449525364
2026-06-21 20:00:00,28.4,83.0,0.0,4.5,173.0,-0.5484120453231631,4.46645768238595
2026-06-21 21:00:00,28.0,88.0,0.0,3.2,146.0,-1.7894172911063895,2.652920232176134
2026-06-21 22:00:00,27.7,89.0,0.0,0.6000000000000001,34.0,-0.335515742082448,-0.4974225435330252
2026-06-21 23:00:00,27.1,93.0,0.0,3.9,13.0,-0.8773091119410744,-3.800043252662417
2026-06-22 00:00:00,26.7,96.0,0.0,7.9,344.0,2.1775351109542935,-7.59396739791272
2026-06-22 01:00:00,26.4,97.0,0.0,7.3,310.0,5.5921244347685395,-4.692349550711737
2026-06-22 02:00:00,26.4,95.0,0.0,4.7,279.0,4.6421352007971475,-0.7352419856890852
2026-06-22 03:00:00,26.2,94.0,0.0,5.7,226.0,4.100236861930312,3.9595527116162845
2026-06-22 04:00:00,26.2,93.0,0.0,7.4,221.0,4.8548368145297545,5.584850893648513
2026-06-22 05:00:00,26.1,91.0,0.0,8.7,230.0,6.664586655135108,5.592252204272891
2026-06-22 06:00:00,26.5,89.0,0.0,9.8,218.0,6.033482458191452,7.722505385345876
2026-06-22 07:00:00,27.6,82.0,0.0,9.2,206.0,4.033014550459512,8.268905225952336
2026-06-22 08:00:00,29.2,73.0,0.0,7.6,202.0,2.8470101099609306,7.046597294707584
2026-06-22 09:00:00,30.2,68.0,0.0,7.7,219.0,4.8457670110837485,5.984023903218676
2026-06-22 10:00:00,31.2,65.0,0.0,5.3,252.0,5.040599536364313,1.6377900701872212
2026-06-22 11:00:00,31.2,70.0,0.0,9.9,297.0,8.820964589464843,-4.494505947421513
2026-06-22 12:00:00,30.8,76.0,0.0,13.5,299.0,11.807366046381842,-6.54492987332555
2026-06-22 13:00:00,31.1,75.0,0.0,11.8,304.0,9.782643356149492,-6.598476260954814
2026-06-22 14:00:00,30.9,77.0,0.0,12.5,307.0,9.982943875591161,-7.522687789400603
2026-06-22 15:00:00,30.2,76.0,0.0,11.2,307.0,8.944717712529679,-6.74032825930294
2026-06-22 16:00:00,29.9,76.0,0.0,9.4,305.0,7.700029216316524,-5.391618501699833
2026-06-22 17:00:00,29.8,77.0,0.0,6.0,291.0,5.601482558983211,-2.1502076972718016
2026-06-22 18:00:00,29.7,79.0,0.0,3.6,183.0,0.1884094424745983,3.595066325116466
2026-06-22 19:00:00,28.3,85.0,0.0,4.4,117.0,-3.920428706428819,1.9975581988540063
2026-06-22 20:00:00,28.2,89.0,0.0,0.2,360.0,1.2246467991473533e-17,-0.2
2026-06-22 21:00:00,27.2,92.0,0.0,3.5,321.0,2.202621368674431,-2.720010865099398
2026-06-22 22:00:00,26.9,93.0,0.0,2.7,302.0,2.28972985962235,-1.4307820134296534
2026-06-22 23:00:00,26.6,94.0,0.0,1.2,219.0,0.755184469259805,0.9325751537483651
2026-06-23 00:00:00,26.1,95.0,0.0,1.8,186.0,0.18815123388177624,1.790139411662892
2026-06-23 01:00:00,25.6,96.0,0.0,3.0,147.0,-1.6339171050450814,2.5160117038362717
2026-06-23 02:00:00,25.9,94.0,0.0,2.2,76.0,-2.1346505978071924,-0.5322281703192686
2026-06-23 03:00:00,25.7,94.0,0.0,1.9,331.0,0.9211382784680405,-1.6617774435648518
2026-06-23 04:00:00,25.6,96.0,0.0,1.1,288.0,1.0461621679246689,-0.33991869381244216
2026-06-23 05:00:00,25.2,97.0,0.0,3.1,170.0,-0.538309350767484,3.052904034337845
2026-06-23 06:00:00,25.9,95.0,0.0,8.9,153.0,-4.040515447681965,7.929958065276475
2026-06-23 07:00:00,27.5,89.0,0.0,6.9,135.0,-4.879036790187178,4.879036790187178
2026-06-23 08:00:00,29.9,75.0,0.0,3.0,197.0,0.8771151141682103,2.868914267889106
2026-06-23 09:00:00,30.6,69.0,0.0,5.8,272.0,5.796466796710755,-0.2024170808745056
2026-06-23 10:00:00,31.5,64.0,0.0,5.2,284.0,5.045537776635181,-1.2579938571182723
2026-06-23 11:00:00,31.7,69.0,0.0,9.8,306.0,7.9283665448744856,-5.760295472466237
2026-06-23 12:00:00,31.4,73.0,0.0,14.5,298.0,12.80274009645444,-6.807337660395417
2026-06-23 13:00:00,31.8,70.0,0.0,15.3,278.0,15.151101451746028,-2.1293484446890014
2026-06-23 14:00:00,32.0,71.0,0.0,13.9,270.0,13.9,0.0
2026-06-23 15:00:00,31.9,72.0,0.0,12.3,263.0,12.208317665188261,1.498992923883314
2026-06-23 16:00:00,31.5,75.0,0.0,10.6,269.0,10.598385568657747,0.18499550823520522
2026-06-23 17:00:00,31.1,78.0,0.0,6.5,275.0,6.475265537596346,-0.5665123278597781
2026-06-23 18:00:00,30.1,85.0,0.0,3.2,341.0,1.0418180942629016,-3.0256594419178136
2026-06-23 19:00:00,28.4,93.0,0.0,8.3,11.0,-1.5837146616253204,-8.147505622615611
2026-06-23 20:00:00,27.9,93.0,0.0,7.5,35.0,-4.301823272632848,-6.143640332167437
2026-06-23 21:00:00,27.6,90.0,0.0,8.8,26.0,-3.8576660917438845,-7.909387607432668
2026-06-23 22:00:00,27.4,88.0,0.0,7.8,19.0,-2.539431604765822,-7.375044889674672
2026-06-23 23:00:00,27.3,89.0,0.0,8.8,356.0,0.6138569689483021,-8.778563642286453
2026-06-24 00:00:00,27.0,92.0,0.0,6.3,2.0,-0.2198668292257548,-6.296162210220303
2026-06-24 01:00:00,26.5,94.0,0.0,3.2,56.0,-2.6529202321761343,-1.7894172911063895
2026-06-24 02:00:00,26.5,96.0,0.0,4.5,29.0,-2.1816432911085157,-3.935788682127282
2026-06-24 03:00:00,26.2,96.0,0.0,3.2,34.0,-1.789417291106389,-2.6529202321761343
2026-06-24 04:00:00,25.9,97.0,0.0,3.3,6.0,-0.3449439287832561,-3.281922254715302
2026-06-24 05:00:00,26.1,97.0,0.0,3.7,321.0,2.328485446884399,-2.8754400573907923
2026-06-24 06:00:00,26.8,95.0,0.0,3.6,273.0,3.595066325116466,-0.18840944247459782
2026-06-24 07:00:00,27.7,89.0,0.1,6.9,221.0,4.5268073000345,5.207496103537127
2026-06-24 08:00:00,29.6,77.0,0.1,9.5,231.0,7.382886633841224,5.978543714973455
2026-06-24 09:00:00,30.4,71.0,0.0,11.0,267.0,10.984924882300312,0.5756955186723822
2026-06-24 10:00:00,30.7,71.0,0.0,12.9,282.0,12.618104049466094,-2.682060811549096
2026-06-24 11:00:00,30.9,72.0,0.0,15.2,287.0,14.535832290638139,-4.444049911785599
2026-06-24 12:00:00,30.9,74.0,0.0,15.7,290.0,14.753174146338761,-5.369716250212998
2026-06-24 13:00:00,30.6,79.0,0.0,15.7,302.0,13.314355109655887,-8.319732448461316
2026-06-24 14:00:00,31.1,77.0,0.0,13.0,304.0,10.77748844321554,-7.26950774511971
2026-06-24 15:00:00,30.3,81.0,0.0,13.1,317.0,8.93417851681873,-9.580733491211133
2026-06-24 16:00:00,29.5,84.0,0.0,12.0,330.0,6.000000000000002,-10.392304845413264
2026-06-24 17:00:00,28.8,84.0,0.0,9.6,351.0,1.5017708643862169,-9.481808069713322
2026-06-24 18:00:00,28.4,82.0,0.0,6.1,19.0,-1.9859657421886554,-5.767663311155832
2026-06-24 19:00:00,27.9,83.0,0.0,5.7,24.0,-2.3183988655320604,-5.207209108562826
2026-06-24 20:00:00,28.2,86.0,0.0,2.7,32.0,-1.4307820134296536,-2.28972985962235
2026-06-24 21:00:00,28.1,87.0,0.0,1.3,74.0,-1.2496402047198145,-0.3583285625620987
2026-06-24 22:00:00,27.9,88.0,0.0,0.9,191.0,0.17172809583889043,0.8834644651028976
2026-06-24 23:00:00,27.9,88.0,0.0,1.5,201.0,0.5375519243179505,1.4003706397458027
2026-06-25 00:00:00,27.4,89.0,0.0,9.6,188.0,1.3360617692166283,9.506573459919075
2026-06-25 01:00:00,27.0,91.0,0.2,5.7,215.0,3.269385687200963,4.669166652447253
2026-06-25 02:00:00,26.9,88.0,0.1,9.0,237.0,7.548035111508817,4.901751315135244
2026-06-25 03:00:00,26.8,92.0,0.0,7.9,267.0,7.889173324561134,0.4134540543192563
2026-06-25 04:00:00,27.0,91.0,0.0,9.5,268.0,9.49421285668141,0.3315452186737592
2026-06-25 05:00:00,27.3,87.0,0.0,11.2,268.0,11.193177262613872,0.3908743630680108
2026-06-25 06:00:00,27.4,87.0,0.0,11.9,276.0,11.834810554882452,-1.2438887128850764
2026-06-25 07:00:00,28.3,83.0,0.0,15.9,284.0,15.427702047788344,-3.846558140034717
2026-06-25 08:00:00,29.3,79.0,1.0,14.7,276.0,14.619471861913617,-1.5365684100345058
2026-06-25 09:00:00,29.1,84.0,0.2,19.4,287.0,18.552312265682886,-5.6720110716210925
2026-06-25 10:00:00,26.6,96.0,3.9,19.9,280.0,19.59767428494294,-3.4555987355719133
2026-06-25 11:00:00,25.8,99.0,3.7,14.0,328.0,7.418869699264869,-11.872673346189963
2026-06-25 12:00:00,26.1,99.0,2.1,15.0,309.0,11.657189421854564,-9.43980586574756
2026-06-25 13:00:00,26.2,97.0,2.8,14.1,297.0,12.563191991055987,-6.401266046327609
2026-06-25 14:00:00,26.1,98.0,2.7,14.9,300.0,12.903778516388137,-7.449999999999999
2026-06-25 15:00:00,26.4,97.0,2.1,13.3,297.0,11.850386771705294,-6.038073646535972
2026-06-25 16:00:00,26.4,96.0,1.1,17.2,302.0,14.586427253890525,-9.114611344811124
2026-06-25 17:00:00,26.0,98.0,0.6,14.4,290.0,13.531573739317082,-4.9250900638896296
2026-06-25 18:00:00,25.8,97.0,0.5,10.5,292.0,9.735430472951268,-3.933369230867076
2026-06-25 19:00:00,25.5,98.0,0.5,9.8,263.0,9.726952286084956,1.1943195653704453
2026-06-25 20:00:00,25.6,96.0,0.7000000000000001,11.9,273.0,11.88369146357943,-0.6227978792910317
2026-06-25 21:00:00,25.6,98.0,4.4,13.7,272.0,13.691654330161612,-0.47812310482426323
2026-06-25 22:00:00,25.9,94.0,6.8,11.0,275.0,10.9581416790092,-0.9587131702242399
2026-06-25 23:00:00,25.7,96.0,14.3,16.6,273.0,16.577250276925927,-0.8687768736328677
2026-06-26 00:00:00,25.6,95.0,11.9,22.7,283.0,22.11820047062484,-5.106388933605736
2026-06-26 01:00:00,25.4,98.0,3.9,22.0,280.0,21.665770566268577,-3.820259908672467
2026-06-26 02:00:00,25.6,97.0,1.4,14.1,266.0,14.06565310866352,0.9835662797921667
2026-06-26 03:00:00,25.5,97.0,1.1,12.6,269.0,12.59808095897053,0.21990032110977223
2026-06-26 04:00:00,25.1,97.0,2.1,12.2,278.0,12.081270438647158,-1.6979118317127981
2026-06-26 05:00:00,25.3,98.0,3.9,10.8,281.0,10.601573581234772,-2.060737150066684
2026-06-26 06:00:00,25.5,97.0,6.1,5.8,334.0,2.542552651376649,-5.213005468535169
2026-06-26 07:00:00,25.7,97.0,4.1,8.6,11.0,-1.6409573602382836,-8.441993777649909
2026-06-26 08:00:00,25.7,96.0,1.9,17.1,33.0,-9.313327498756962,-14.341266711866753
2026-06-26 09:00:00,25.8,96.0,0.8,13.7,32.0,-7.259893919994909,-11.618258917343034
2026-06-26 10:00:00,26.0,91.0,0.4,12.2,27.0,-5.538684096822472,-10.870279595098086
2026-06-26 11:00:00,26.4,90.0,0.5,12.6,24.0,-5.124881702755081,-11.510672766296771
2026-06-26 12:00:00,26.6,89.0,0.2,13.2,12.0,-2.744434318794429,-12.911548329686234
2026-06-26 13:00:00,27.0,86.0,0.1,14.4,2.0,-0.502552752516011,-14.39122790907498
2026-06-26 14:00:00,28.4,79.0,0.0,14.6,14.0,-3.5320596757551495,-14.166317603629548
2026-06-26 15:00:00,27.8,81.0,0.0,18.5,7.0,-2.2545828529952225,-18.36210380536446
2026-06-26 16:00:00,27.2,82.0,0.0,16.3,11.0,-3.1101866246376773,-16.000523090196925
2026-06-26 17:00:00,26.7,83.0,0.0,16.3,14.0,-3.9433268982745853,-15.815820338298742
2026-06-26 18:00:00,26.3,86.0,0.1,14.4,31.0,-7.416548278704785,-12.343209130110415
2026-06-26 19:00:00,26.2,86.0,0.0,11.1,43.0,-7.570181796693734,-8.118026087972792
2026-06-26 20:00:00,25.6,97.0,0.0,4.4,71.0,-4.160281732636994,-1.4324998796114898
2026-06-26 21:00:00,25.8,96.0,0.9,2.3,58.0,-1.9505106211597798,-1.218814307736371
2026-06-26 22:00:00,25.6,98.0,0.5,4.0,60.0,-3.4641016151377544,-2.0000000000000004
2026-06-26 23:00:00,25.6,98.0,0.2,3.8,90.0,-3.8,4.653657836759942e-16
2026-06-27 00:00:00,25.4,98.0,0.1,4.0,144.0,-2.351141009169892,3.23606797749979
2026-06-27 01:00:00,25.3,98.0,0.0,4.7,157.0,-1.8364363038995868,4.326372811226469
2026-06-27 02:00:00,25.4,98.0,0.0,3.6,120.0,-3.1176914536239795,1.7999999999999998
2026-06-27 03:00:00,25.4,98.0,0.1,2.2,156.0,-0.8948206147667607,2.0098000068137223
2026-06-27 04:00:00,25.6,96.0,2.3,1.3,146.0,-0.7269507745119708,1.0777488443215544
2026-06-27 05:00:00,25.6,95.0,0.5,1.3,56.0,-1.0777488443215544,-0.7269507745119708
2026-06-27 06:00:00,25.7,97.0,0.1,3.2,161.0,-1.0418180942629014,3.025659441917814
2026-06-27 07:00:00,26.0,95.0,0.0,3.5,156.0,-1.423578250765301,3.197409101749103
2026-06-27 08:00:00,25.8,97.0,0.0,3.5,156.0,-1.423578250765301,3.197409101749103
2026-06-27 09:00:00,26.7,95.0,1.2,2.2,156.0,-0.8948206147667607,2.0098000068137223
2026-06-27 10:00:00,26.5,93.0,1.8,7.0,280.0,6.893654271085456,-1.2155372436685123
2026-06-27 11:00:00,26.5,93.0,2.3,7.3,324.0,4.290832341735054,-5.9058240589371165
2026-06-27 12:00:00,26.5,97.0,1.9,14.1,314.0,10.142691184774982,-9.794683023471862
2026-06-27 13:00:00,25.4,99.0,3.6,12.9,320.0,8.291960164956357,-9.881973316234816
2026-06-27 14:00:00,26.0,97.0,2.7,6.7,3.0,-0.35065090682772687,-6.690817882855645
2026-06-27 15:00:00,26.2,95.0,2.0,8.1,29.0,-3.926957923995328,-7.084419627829107
2026-06-27 16:00:00,26.3,95.0,0.6,5.3,350.0,0.9203353416347312,-5.2194810909647025
2026-06-27 17:00:00,26.6,91.0,0.5,9.1,8.0,-1.266475218736599,-9.01143942554829
2026-06-27 18:00:00,26.1,96.0,0.6,6.9,15.0,-1.7858514112073924,-6.664888201394572
2026-06-27 19:00:00,25.7,96.0,0.6,7.4,41.0,-4.8548368145297545,-5.584850893648513
2026-06-27 20:00:00,26.3,95.0,0.1,3.2,52.0,-2.521634411541511,-1.9701167210421062
2026-06-27 21:00:00,25.5,97.0,3.9,1.9,209.0,0.9211382784680405,1.6617774435648518
2026-06-27 22:00:00,25.5,98.0,3.9,2.8,140.0,-1.7998053071223101,2.1449244407331385
2026-06-27 23:00:00,25.5,98.0,4.6,5.8,154.0,-2.5425526513766497,5.213005468535168
2026-06-28 00:00:00,25.4,98.0,5.2,4.9,141.0,-3.0836699161442027,3.8080152111391583
2026-06-28 01:00:00,25.4,98.0,1.4,2.5,69.0,-2.3339510662430043,-0.8959198738632511
2026-06-28 02:00:00,26.0,97.0,0.2,0.4,90.0,-0.4,4.898587196589413e-17
2026-06-28 03:00:00,25.4,97.0,1.6,2.1,121.0,-1.8000513314744357,1.0815799573111142
2026-06-28 04:00:00,25.4,98.0,0.3,3.2,153.0,-1.4527695991665495,2.8512208774027776
2026-06-28 05:00:00,25.2,98.0,0.0,6.0,155.0,-2.535709570444196,5.4378467222199
2026-06-28 06:00:00,25.4,97.0,0.0,8.0,157.0,-3.12584902791419,7.364038827619522
2026-06-28 07:00:00,26.3,93.0,0.0,8.5,208.0,3.9905082836800725,7.505054539300878
2026-06-28 08:00:00,28.7,80.0,0.1,10.3,229.0,7.7735086762945524,6.7574079986022255
2026-06-28 09:00:00,29.2,76.0,0.3,11.8,258.0,11.542141688658909,2.4533579516495605
2026-06-28 10:00:00,29.5,73.0,0.4,10.6,270.0,10.6,0.0
2026-06-28 11:00:00,29.0,79.0,0.7000000000000001,12.8,290.0,12.02806554605963,-4.37785783456856
2026-06-28 12:00:00,27.9,92.0,1.0,9.7,297.0,8.642763284627168,-4.403707847473603
2026-06-28 13:00:00,29.0,86.0,0.3,8.6,303.0,7.212566884330647,-4.683895701129233
2026-06-28 14:00:00,29.2,85.0,0.3,7.2,298.0,6.357222668584274,-3.3801952520584138
2026-06-28 15:00:00,28.9,86.0,0.0,8.0,308.0,6.304086028853775,-4.925291802605266
2026-06-28 16:00:00,27.5,95.0,1.1,4.4,289.0,4.160281732636994,-1.4324998796114896
2026-06-28 17:00:00,27.9,90.0,0.1,2.7,127.0,-2.156315877127691,1.6249005625105302
2026-06-28 18:00:00,27.6,90.0,0.0,5.9,135.0,-4.17193000900063,4.171930009000631
2026-06-28 19:00:00,27.1,92.0,0.0,1.0,68.0,-0.9271838545667874,-0.374606593415912
2026-06-28 20:00:00,26.7,95.0,0.0,2.5,94.0,-2.4939101256495606,0.1743911843603138
2026-06-28 21:00:00,26.4,96.0,0.0,2.6,115.0,-2.3564002462952898,1.0988074805258188
2026-06-28 22:00:00,26.4,96.0,0.0,2.5,120.0,-2.165063509461097,1.2499999999999998
2026-06-28 23:00:00,26.2,96.0,0.0,1.5,97.0,-1.488819227461983,0.18280401510772132
2026-06-29 00:00:00,26.3,95.0,0.0,0.4,117.0,-0.35640260967534715,0.18159619989581877
2026-06-29 01:00:00,25.9,96.0,0.0,1.0,112.0,-0.9271838545667873,0.37460659341591224
2026-06-29 02:00:00,26.3,94.0,0.0,0.6000000000000001,124.0,-0.49742254353302506,0.33551574208244817
2026-06-29 03:00:00,25.6,95.0,0.0,3.1,170.0,-0.538309350767484,3.052904034337845
2026-06-29 04:00:00,25.8,94.0,0.0,1.0,135.0,-0.7071067811865475,0.7071067811865476
2026-06-29 05:00:00,25.7,94.0,0.0,1.3,98.0,-1.2873484893640414,0.18092503124808493
2026-06-29 06:00:00,26.2,96.0,0.0,3.8,131.0,-2.8678964048465336,2.4930243101639276
2026-06-29 07:00:00,27.3,93.0,0.0,2.6,141.0,-1.6362330167295769,2.020579499788125
2026-06-29 08:00:00,29.2,82.0,0.0,1.8,24.0,-0.7321259575364402,-1.6443818237566818
2026-06-29 09:00:00,30.2,73.0,0.0,1.5,76.0,-1.4554435894139948,-0.3628828433995013
2026-06-29 10:00:00,30.9,71.0,0.0,4.3,343.0,1.257198330307768,-4.112110450641052
2026-06-29 11:00:00,30.6,77.0,0.0,11.5,338.0,4.3079758242829875,-10.662614327518055
2026-06-29 12:00:00,29.7,79.0,0.0,12.5,342.0,3.862712429686843,-11.888206453689419
2026-06-29 13:00:00,30.2,75.0,0.0,11.9,342.0,3.6773022330618748,-11.317572543912327
2026-06-29 14:00:00,31.4,78.0,0.1,11.2,349.0,2.1370607482173027,-10.994224454613835
2026-06-29 15:00:00,30.8,81.0,0.0,13.4,349.0,2.556840538045702,-13.153804258198697
2026-06-29 16:00:00,30.0,84.0,0.0,14.1,353.0,1.7183577420125795,-13.99490073814264
2026-06-29 17:00:00,29.6,86.0,0.0,11.4,353.0,1.3893105148186815,-11.315026128711072
2026-06-29 18:00:00,29.0,89.0,0.0,7.6,357.0,0.3977532674463741,-7.589584464134761
2026-06-29 19:00:00,28.3,93.0,0.0,1.8,264.0,1.790139411662892,0.18815123388177626
2026-06-29 20:00:00,27.8,93.0,0.0,3.4,267.0,3.395340418165551,0.17794225122600904
2026-06-29 21:00:00,27.6,91.0,0.0,5.7,233.0,4.55222240726957,3.4303456319666754
2026-06-29 22:00:00,27.7,89.0,0.0,7.1,216.0,4.173275291276559,5.744020660062127
2026-06-29 23:00:00,27.2,90.0,0.0,8.1,205.0,3.4232079200996655,7.341093074996865
2026-06-30 00:00:00,26.8,87.0,0.0,7.6,214.0,4.249866066377676,6.300685551418317
2026-06-30 01:00:00,26.9,84.0,0.0,5.9,162.0,-1.8232002668121894,5.611233446141407
2026-06-30 02:00:00,27.2,85.0,0.0,4.7,133.0,-3.437362397610101,3.2053922922937437
2026-06-30 03:00:00,26.9,87.0,0.0,4.2,115.0,-3.80649270555393,1.774996699310938
2026-06-30 04:00:00,26.8,87.0,0.0,5.4,94.0,-5.386845871403051,0.37668495821827785
2026-06-30 05:00:00,26.5,87.0,0.0,4.6,99.0,-4.543366366737633,0.7195985391850624
2026-06-30 06:00:00,27.2,86.0,0.0,5.2,115.0,-4.7128004925905795,2.1976149610516376
2026-06-30 07:00:00,28.7,80.0,0.0,3.0,115.0,-2.7189233611099497,1.2678547852220985
2026-06-30 08:00:00,30.4,70.0,0.0,5.2,63.0,-4.633233925779513,-2.3607505986456427
2026-06-30 09:00:00,30.7,75.0,0.0,5.7,336.0,2.3183988655320613,-5.207209108562825
2026-06-30 10:00:00,30.4,85.0,0.0,10.0,324.0,5.877852522924732,-8.090169943749475
2026-06-30 11:00:00,30.4,86.0,0.0,11.3,324.0,6.641973350904947,-9.141892036436907
2026-06-30 12:00:00,30.2,83.0,0.0,11.5,333.0,5.2208907470047885,-10.24657502816623
2026-06-30 13:00:00,30.2,81.0,0.0,11.3,340.0,3.864827619580058,-10.618526614880764
2026-06-30 14:00:00,30.8,78.0,0.0,11.4,341.0,3.711476960811587,-10.77891176183221
2026-06-30 15:00:00,30.2,80.0,0.0,9.3,328.0,4.928249157368806,-7.886847294254762
2026-06-30 16:00:00,29.8,81.0,0.1,6.9,330.0,3.450000000000001,-5.975575286112627
2026-06-30 17:00:00,29.2,84.0,0.1,6.3,290.0,5.9200635109512225,-2.1547269029517127
2026-06-30 18:00:00,28.9,85.0,0.2,4.0,265.0,3.984778792366982,0.34862297099063266
2026-06-30 19:00:00,28.1,91.0,0.0,2.7,184.0,0.18834247910913815,2.6934229357015256
2026-06-30 20:00:00,28.4,94.0,0.0,3.1,180.0,1.8982025386783975e-16,3.1
2026-06-30 21:00:00,28.0,92.0,0.0,7.2,158.0,-2.697167472594567,6.675723752880869
2026-06-30 22:00:00,27.8,88.0,0.0,6.6,143.0,-3.971979152803519,5.270994366312132
2026-06-30 23:00:00,27.5,87.0,0.0,7.1,139.0,-4.658019105832601,5.358438019581682
2026-07-01 00:00:00,27.7,85.0,0.0,6.6,143.0,-3.971979152803519,5.270994366312132
2026-07-01 01:00:00,27.0,88.0,0.0,5.1,144.0,-2.9977047866916124,4.125986671312232
2026-07-01 02:00:00,27.3,87.0,0.0,2.7,160.0,-0.9234543869793056,2.537170076121953
2026-07-01 03:00:00,27.0,86.0,0.0,3.8,221.0,2.4930243101639276,2.8678964048465336
2026-07-01 04:00:00,27.0,85.0,0.0,3.8,253.0,3.6339580726595346,1.1110124779463997
2026-07-01 05:00:00,26.7,87.0,0.0,3.5,235.0,2.8670321550114712,2.007517527228661
2026-07-01 06:00:00,27.2,86.0,0.0,5.1,172.0,-0.7097828148963332,5.050367150582009
2026-07-01 07:00:00,28.3,83.0,0.0,4.8,158.0,-1.798111648396378,4.45048250192058
2026-07-01 08:00:00,30.3,75.0,0.0,2.9,202.0,1.0863591209061447,2.6888331782436836
2026-07-01 09:00:00,31.0,72.0,0.0,2.9,274.0,2.89293574575349,-0.20229377385796338
2026-07-01 10:00:00,31.2,72.0,0.0,5.7,319.0,3.739536465245892,-4.301844607269801
2026-07-01 11:00:00,30.3,83.0,0.4,10.0,319.0,6.560590289905073,-7.54709580222772
2026-07-01 12:00:00,29.7,86.0,0.1,13.3,327.0,7.24369916569986,-11.154318553674141
2026-07-01 13:00:00,30.0,82.0,0.0,13.6,321.0,8.55875731827779,-10.569185075814804
2026-07-01 14:00:00,30.4,81.0,0.0,13.1,323.0,7.883776803291833,-10.462125181619536
2026-07-01 15:00:00,29.7,85.0,0.1,11.6,325.0,6.653486661672135,-9.502163713752305
2026-07-01 16:00:00,29.7,83.0,0.0,10.6,328.0,5.617144200871972,-8.989309819258114
2026-07-01 17:00:00,29.2,82.0,0.0,7.1,330.0,3.5500000000000007,-6.148780366869514
2026-07-01 18:00:00,28.6,84.0,0.0,3.9,323.0,2.3470785902929885,-3.114678489184442
2026-07-01 19:00:00,27.9,90.0,0.0,1.6,333.0,0.726384799583275,-1.4256104387013886
2026-07-01 20:00:00,28.4,87.0,0.0,3.1,50.0,-2.3747377736688318,-1.9926415900282717
2026-07-01 21:00:00,28.0,89.0,0.0,1.6,27.0,-0.7263847995832751,-1.4256104387013886
2026-07-01 22:00:00,27.9,89.0,0.0,0.4,90.0,-0.4,4.898587196589413e-17
2026-07-01 23:00:00,27.7,90.0,0.0,0.9,217.0,0.5416335208368436,0.7187719590425635
2026-07-02 00:00:00,27.3,92.0,0.0,1.6,276.0,1.5912350325892373,-0.16724554122824556
2026-07-02 01:00:00,27.1,94.0,0.0,2.3,302.0,1.9505106211597796,-1.2188143077363711
2026-07-02 02:00:00,27.4,95.0,0.0,1.0,338.0,0.37460659341591196,-0.9271838545667874
2026-07-02 03:00:00,27.0,96.0,0.0,0.9,169.0,-0.17172809583889032,0.8834644651028976
2026-07-02 04:00:00,26.7,96.0,0.0,1.5,173.0,-0.18280401510772104,1.4888192274619831
2026-07-02 05:00:00,26.5,96.0,0.0,1.2,153.0,-0.544788599687456,1.0692078290260414
2026-07-02 06:00:00,27.5,93.0,0.0,2.4,153.0,-1.089577199374912,2.138415658052083
2026-07-02 07:00:00,28.6,90.0,0.0,1.3,254.0,1.2496402047198145,0.35832856256209894
2026-07-02 08:00:00,29.9,82.0,0.0,6.0,309.0,4.662875768741825,-3.7759223462990246
2026-07-02 09:00:00,30.1,80.0,0.0,9.9,318.0,6.624393002952697,-7.357133772226203
2026-07-02 10:00:00,30.2,80.0,0.0,11.3,316.0,7.84963958618667,-8.128539743826758
2026-07-02 11:00:00,30.5,78.0,0.0,11.5,305.0,9.420248509323406,-6.596129018037029
2026-07-02 12:00:00,30.4,76.0,0.0,13.0,304.0,10.77748844321554,-7.26950774511971
2026-07-02 13:00:00,30.2,74.0,0.0,13.7,304.0,11.35781474400407,-7.6609427775492325
2026-07-02 14:00:00,30.8,69.0,0.0,12.3,297.0,10.959380247516926,-5.584083146796425
2026-07-02 15:00:00,31.0,69.0,0.0,10.3,297.0,9.17736719914019,-4.676102147317332
2026-07-02 16:00:00,30.6,73.0,0.1,9.6,283.0,9.353952621938259,-2.159530121701104
2026-07-02 17:00:00,30.1,77.0,0.0,8.2,284.0,7.95642495546317,-1.9837595439172753
2026-07-02 18:00:00,29.5,80.0,0.0,4.5,307.0,3.5938597952128175,-2.7081676041842173
2026-07-02 19:00:00,28.5,87.0,0.0,2.4,347.0,0.5398825304252758,-2.3384881554845647
2026-07-02 20:00:00,28.2,84.0,0.0,4.2,47.0,-3.0716855468005164,-2.8643931122624933
2026-07-02 21:00:00,27.9,87.0,0.0,2.0,63.0,-1.7820130483767358,-0.9079809994790934
2026-07-02 22:00:00,27.9,86.0,0.0,1.8,143.0,-1.0832670416736871,1.4375439180851268
2026-07-02 23:00:00,27.7,88.0,0.0,3.2,153.0,-1.4527695991665495,2.8512208774027776
2026-07-03 00:00:00,27.7,88.0,0.0,1.9,151.0,-0.9211382784680403,1.661777443564852
2026-07-03 01:00:00,27.6,88.0,0.0,1.8,186.0,0.18815123388177624,1.790139411662892
2026-07-03 02:00:00,27.7,89.0,0.0,3.4,205.0,1.436902089918378,3.0814464759246096
2026-07-03 03:00:00,27.2,92.0,0.0,3.8,183.0,0.19887663372318706,3.7947922320673806
2026-07-03 04:00:00,26.9,93.0,0.0,3.8,185.0,0.3311918224411009,3.785539852748633
2026-07-03 05:00:00,26.7,93.0,0.0,4.3,197.0,1.257198330307768,4.112110450641052
2026-07-03 06:00:00,27.4,89.0,0.0,6.8,163.0,-1.9881275921146093,6.502872340548642
2026-07-03 07:00:00,28.7,82.0,0.0,7.0,167.0,-1.5746573804070552,6.820590453496647
2026-07-03 08:00:00,30.7,72.0,0.0,6.9,186.0,0.7212463965468089,6.862201078041086
2026-07-03 09:00:00,31.7,67.0,0.0,5.7,233.0,4.55222240726957,3.4303456319666754
2026-07-03 10:00:00,32.3,64.0,0.0,6.3,285.0,6.085332705621131,-1.6305599841458807
2026-07-03 11:00:00,31.6,73.0,0.1,11.8,304.0,9.782643356149492,-6.598476260954814
2026-07-03 12:00:00,31.0,74.0,0.0,15.6,305.0,12.778771890908272,-8.947792407076317
2026-07-03 13:00:00,30.5,73.0,0.0,13.1,303.0,10.986584440085055,-7.134771358696854
2026-07-03 14:00:00,31.1,66.0,0.1,11.6,303.0,9.728578588166918,-6.317812806174314
2026-07-03 15:00:00,30.5,71.0,0.0,12.1,311.0,9.131985920695541,-7.938314250785138
2026-07-03 16:00:00,30.0,76.0,0.0,9.2,313.0,6.728454054896368,-6.274384912574986
2026-07-03 17:00:00,30.1,77.0,0.0,7.6,322.0,4.6790272124750025,-5.988881727411087
2026-07-03 18:00:00,29.5,81.0,0.0,3.9,294.0,3.562827284806143,-1.5862729079956208
2026-07-03 19:00:00,28.6,88.0,0.2,2.6,205.0,1.0988074805258186,2.3564002462952898
2026-07-03 20:00:00,28.2,85.0,0.0,9.0,168.0,-1.8712052173598341,8.803328406604251
2026-07-03 21:00:00,27.8,84.0,0.0,7.5,156.0,-3.050524823068502,6.851590932319507
2026-07-03 22:00:00,27.6,85.0,0.0,6.3,153.0,-2.860140148359144,5.613341102386718
2026-07-03 23:00:00,27.4,87.0,0.0,6.2,144.0,-3.644268564213333,5.0159053651246746
2026-07-04 00:00:00,27.2,88.0,0.0,4.3,180.0,2.632990618166809e-16,4.3
2026-07-04 01:00:00,27.1,89.0,0.0,5.3,198.0,1.6377900701872214,5.040599536364313
2026-07-04 02:00:00,27.1,90.0,0.0,5.7,193.0,1.2822210097600302,5.553909369275841
2026-07-04 03:00:00,26.8,90.0,0.0,5.4,180.0,3.3065463576978537e-16,5.4
2026-07-04 04:00:00,26.7,89.0,0.0,3.6,174.0,-0.3763024677635528,3.580278823325784
2026-07-04 05:00:00,26.6,89.0,0.0,3.8,177.0,-0.1988766337231866,3.7947922320673806
2026-07-04 06:00:00,27.3,88.0,0.0,5.9,162.0,-1.8232002668121894,5.611233446141407
2026-07-04 07:00:00,28.5,82.0,0.0,5.2,168.0,-1.0811407922523486,5.08636752381579
2026-07-04 08:00:00,30.3,76.0,0.0,6.9,229.0,5.207496103537127,4.5268073000345
2026-07-04 09:00:00,31.1,71.0,0.0,7.4,256.0,7.180188374442374,1.7902220274375413
2026-07-04 10:00:00,31.5,70.0,0.0,8.8,281.0,8.638319214339443,-1.6791191593135943
2026-07-04 11:00:00,31.4,73.0,0.3,11.2,296.0,10.06649331855067,-4.909756844037666
2026-07-04 12:00:00,31.3,79.0,0.3,11.8,297.0,10.513876985422742,-5.357087896926652
2026-07-04 13:00:00,31.2,78.0,0.0,11.9,300.0,10.30570230503482,-5.949999999999999
2026-07-04 14:00:00,31.7,69.0,0.1,12.6,295.0,11.41947811666179,-5.324990097932813
2026-07-04 15:00:00,30.8,69.0,0.0,13.6,296.0,12.223599029668671,-5.961847596331452
2026-07-04 16:00:00,30.4,69.0,0.0,10.1,295.0,9.153708649070165,-4.268444443581064
2026-07-04 17:00:00,30.0,72.0,0.0,8.2,310.0,6.281564433575619,-5.270858399429621
2026-07-04 18:00:00,29.3,76.0,0.0,7.5,310.0,5.745333323392335,-4.820907072649044
2026-07-04 19:00:00,28.5,82.0,0.0,5.3,288.0,5.040599536364313,-1.6377900701872212
2026-07-04 20:00:00,28.7,85.0,0.0,9.2,235.0,7.536198807458724,5.276903214429623
2026-07-04 21:00:00,28.5,86.0,0.0,10.4,231.0,8.082317999152497,6.544932066918309
2026-07-04 22:00:00,28.2,87.0,0.0,10.5,232.0,8.27411291287058,6.464445490919412
2026-07-04 23:00:00,28.0,87.0,0.0,9.8,223.0,6.683583928612485,7.167266275867871
2026-07-05 00:00:00,27.7,87.0,0.0,8.4,208.0,3.9435611274014835,7.416759780014986
2026-07-05 01:00:00,27.4,87.0,0.0,7.2,180.0,4.4087284769304716e-16,7.2
2026-07-05 02:00:00,27.7,85.0,0.0,5.9,180.0,3.612708057484692e-16,5.9
2026-07-05 03:00:00,27.4,85.0,0.0,7.0,176.0,-0.48829531620887734,6.982948351818769
2026-07-05 04:00:00,27.1,86.0,0.0,6.5,175.0,-0.5665123278597786,6.475265537596346
2026-07-05 05:00:00,26.9,87.0,0.0,7.6,166.0,-1.838606406557475,7.3742475196975725
2026-07-05 06:00:00,27.5,86.0,0.0,8.9,161.0,-2.897556574668694,8.41511532283392
2026-07-05 07:00:00,28.8,80.0,0.0,7.2,174.0,-0.7526049355271056,7.160557646651568
2026-07-05 08:00:00,30.5,71.0,0.0,7.7,239.0,6.600188215406265,3.9657931768074173
2026-07-05 09:00:00,30.8,70.0,0.0,13.2,260.0,12.999462339761145,2.29215594520348
2026-07-05 10:00:00,31.1,70.0,0.2,14.9,263.0,14.788937659455698,1.8158532167366974
2026-07-05 11:00:00,31.4,70.0,0.1,15.8,271.0,15.797593583470983,-0.27574802170907947
2026-07-05 12:00:00,31.4,72.0,0.0,16.4,272.0,16.390009563113168,-0.5723517459210159
2026-07-05 13:00:00,31.5,73.0,0.0,15.0,273.0,14.979443021318607,-0.7850393436441575
2026-07-05 14:00:00,31.6,71.0,0.0,16.1,274.0,16.060781209183173,-1.1230792272804175
2026-07-05 15:00:00,30.9,73.0,0.0,14.5,276.0,14.420567482839962,-1.5156627173809754
2026-07-05 16:00:00,30.6,74.0,0.0,14.4,271.0,14.397806810252035,-0.2513146526968826
2026-07-05 17:00:00,30.1,76.0,0.0,13.5,268.0,13.491776164757793,0.4711432054837631
2026-07-05 18:00:00,29.2,81.0,0.0,10.6,267.0,10.585473068398482,0.5547611361752046
2026-07-05 19:00:00,28.6,86.0,0.0,5.9,250.0,5.54418646263686,2.0179188456214456
2026-07-05 20:00:00,27.0,95.0,0.1,6.8,145.0,-3.900319767187114,5.570233901165143
2026-07-05 21:00:00,26.0,98.0,1.8,8.2,142.0,-5.048424097670398,6.46168817957512
2026-07-05 22:00:00,26.4,97.0,0.4,7.8,157.0,-3.0477028022163353,7.179937856929034
2026-07-05 23:00:00,26.4,97.0,0.0,8.8,152.0,-4.13134975251584,7.7699388171585575
2026-07-06 00:00:00,26.1,96.0,0.0,9.1,144.0,-5.3488457958615045,7.3620546488120215
2026-07-06 01:00:00,26.0,95.0,0.0,7.2,145.0,-4.129750341727532,5.897894718880741
2026-07-06 02:00:00,26.4,93.0,0.0,5.4,140.0,-3.471053092307313,4.136639992842482
2026-07-06 03:00:00,26.3,93.0,0.0,5.8,150.0,-2.8999999999999986,5.022947341949744
2026-07-06 04:00:00,26.3,91.0,0.0,5.5,153.0,-2.4969477485675067,4.9005358830360235
2026-07-06 05:00:00,26.3,91.0,0.0,7.4,173.0,-0.9018331411980905,7.344841522145784
2026-07-06 06:00:00,26.9,90.0,0.0,9.7,214.0,5.4241711636662435,8.041664453783904
2026-07-06 07:00:00,28.1,85.0,0.0,10.1,227.0,7.386672386353621,6.888183436631234
2026-07-06 08:00:00,29.9,76.0,0.0,12.0,237.0,10.064046815345089,6.5356684201803255
2026-07-06 09:00:00,30.7,70.0,0.0,12.9,251.0,12.197189625231188,4.1998291924973215
2026-07-06 10:00:00,31.3,68.0,0.0,13.9,267.0,13.880950533088576,0.7274697917769193
2026-07-06 11:00:00,31.4,69.0,0.0,15.4,277.0,15.285210735276358,-1.8767878884392712
2026-07-06 12:00:00,31.3,69.0,0.0,16.7,282.0,16.335064932254554,-3.4721252366565807
2026-07-06 13:00:00,30.6,71.0,0.0,17.1,284.0,16.592056919319543,-4.136864414754318
2026-07-06 14:00:00,30.8,67.0,0.0,15.6,276.0,15.514541567745063,-1.6306440269753941
2026-07-06 15:00:00,30.6,68.0,0.0,14.3,276.0,14.221663103766309,-1.4947570247274446
2026-07-06 16:00:00,30.6,68.0,0.0,11.0,270.0,11.0,0.0
2026-07-06 17:00:00,30.3,70.0,0.0,7.1,279.0,7.012587218225478,-1.1106847017856392
2026-07-06 18:00:00,29.9,74.0,0.0,1.3,344.0,0.35832856256209894,-1.2496402047198145
2026-07-06 19:00:00,28.8,82.0,0.0,2.5,21.0,-0.8959198738632518,-2.333951066243004
2026-07-06 20:00:00,28.4,85.0,0.0,7.6,31.0,-3.914289369316414,-6.514471485336052
2026-07-06 21:00:00,27.9,87.0,0.0,4.2,10.0,-0.7293223462011075,-4.136192562651273
2026-07-06 22:00:00,27.8,88.0,0.0,3.1,320.0,1.9926415900282721,-2.3747377736688318
2026-07-06 23:00:00,27.6,90.0,0.0,3.2,270.0,3.2,0.0
2026-07-07 00:00:00,27.4,89.0,0.0,5.4,236.0,4.476802891797225,3.0196416787420333
2026-07-07 01:00:00,27.3,88.0,0.0,7.4,238.0,6.275555911557553,3.9214025553257166
2026-07-07 02:00:00,27.6,87.0,0.0,9.2,239.0,7.8859391664594325,4.738350289172498
2026-07-07 03:00:00,27.5,87.0,0.1,12.6,234.0,10.193614129124338,7.406094178885161
2026-07-07 04:00:00,27.4,87.0,0.0,12.4,228.0,9.214995835919689,8.297219518849843
2026-07-07 05:00:00,27.1,86.0,0.0,11.1,210.0,5.550000000000001,9.612881982007268
2026-07-07 06:00:00,27.3,85.0,0.0,11.7,198.0,3.615498834186885,11.127361240653295
2026-07-07 07:00:00,28.2,80.0,0.0,10.9,189.0,1.705135668938517,10.765802912487002
2026-07-07 08:00:00,30.0,69.0,0.0,10.4,212.0,5.5111603480253315,8.81970020002683
2026-07-07 09:00:00,31.0,64.0,0.0,8.4,225.0,5.939696961967,5.939696961966999
2026-07-07 10:00:00,31.9,60.0,0.0,8.1,266.0,8.080268807104575,0.5650274373274149
2026-07-07 11:00:00,31.7,64.0,0.0,14.2,290.0,13.3436352151599,-4.856686035224495
2026-07-07 12:00:00,31.2,67.0,0.0,15.9,286.0,15.28406096541927,-4.382633957490286
2026-07-07 13:00:00,31.3,65.0,0.0,15.6,284.0,15.136613329905545,-3.7739815713548164
2026-07-07 14:00:00,31.3,67.0,0.0,14.4,290.0,13.531573739317082,-4.9250900638896296
2026-07-07 15:00:00,30.8,68.0,0.0,13.9,294.0,12.698281861232152,-5.6536393387536235
2026-07-07 16:00:00,30.7,66.0,0.0,12.1,285.0,11.687702498097726,-3.131710445740501
2026-07-07 17:00:00,30.5,66.0,0.0,9.0,268.0,8.994517443171862,0.31409547032250873
2026-07-07 18:00:00,30.0,70.0,0.0,7.9,250.0,7.423571704208677,2.701959132272783
2026-07-07 19:00:00,29.0,75.0,0.0,6.3,233.0,5.031403713297944,3.791434645857904
2026-07-07 20:00:00,29.0,83.0,0.0,3.4,212.0,1.8017254983928965,2.883363526931848
2026-07-07 21:00:00,28.5,84.0,0.0,4.1,209.0,1.987719443009982,3.585940799271522
2026-07-07 22:00:00,28.2,86.0,0.0,6.0,170.0,-1.0418890660015818,5.908846518073248
2026-07-07 23:00:00,28.0,86.0,0.0,7.4,173.0,-0.9018331411980905,7.344841522145784
2026-07-08 00:00:00,27.6,87.0,0.0,4.5,196.0,1.2403681011764962,4.325677631722435
2026-07-08 01:00:00,27.3,88.0,0.0,3.8,239.0,3.2572357426680267,1.9571446846582057
2026-07-08 02:00:00,27.7,87.0,0.0,6.1,238.0,5.173093386554198,3.2325075118225497
2026-07-08 03:00:00,27.4,87.0,0.0,7.7,231.0,5.984023903218676,4.845767011083748
2026-07-08 04:00:00,27.3,88.0,0.0,8.8,231.0,6.838884460821345,5.5380194412385695
2026-07-08 05:00:00,27.0,90.0,0.0,7.5,215.0,4.301823272632846,6.143640332167439
2026-07-08 06:00:00,27.3,89.0,0.0,7.7,189.0,1.2045453808097781,7.605200222582561
2026-07-08 07:00:00,28.4,83.0,0.0,8.4,191.0,1.6027955611629774,8.245668340960378
2026-07-08 08:00:00,30.1,74.0,0.0,6.6,215.0,3.7856044799169046,5.406403492307345
2026-07-08 09:00:00,30.9,69.0,0.0,7.0,266.0,6.982948351818769,0.4882953162088771
2026-07-08 10:00:00,31.3,68.0,0.0,12.1,290.0,11.370280711509492,-4.1384437342405915
2026-07-08 11:00:00,31.0,70.0,0.0,15.4,293.0,14.175774743167581,-6.017259378734816
2026-07-08 12:00:00,31.0,69.0,0.0,15.3,290.0,14.3772970980244,-5.232908192882731
2026-07-08 13:00:00,31.2,68.0,0.0,14.3,289.0,13.520915631070231,-4.655624608737341
2026-07-08 14:00:00,31.5,69.0,0.0,14.5,282.0,14.183140210640182,-3.0147195168575105
2026-07-08 15:00:00,30.9,69.0,0.0,12.8,281.0,12.5648279481301,-2.4423551408197737
2026-07-08 16:00:00,30.6,70.0,0.0,10.7,277.0,10.620243822562145,-1.304001974435078
2026-07-08 17:00:00,30.3,69.0,0.0,8.0,276.0,7.956175162946186,-0.8362277061412278
2026-07-08 18:00:00,30.0,70.0,0.0,3.3,248.0,3.0597067200703982,1.2362017582725096
2026-07-08 19:00:00,29.0,79.0,0.0,2.8,135.0,-1.9798989873223327,1.9798989873223332
2026-07-08 20:00:00,29.0,83.0,0.0,6.7,84.0,-6.663296698967431,-0.7003407038932784
2026-07-08 21:00:00,28.6,86.0,0.0,4.1,90.0,-4.1,5.021051876504147e-16
2026-07-08 22:00:00,28.2,87.0,0.0,3.4,106.0,-3.2682897661902843,0.9371670097777973
2026-07-08 23:00:00,27.8,88.0,0.0,3.2,106.0,-3.0760374270026207,0.8820395386143975
2026-07-09 00:00:00,27.3,90.0,0.0,2.9,94.0,-2.89293574575349,0.20229377385796402
2026-07-09 01:00:00,27.0,91.0,0.0,2.7,86.0,-2.6934229357015256,-0.18834247910913826
2026-07-09 02:00:00,26.9,94.0,0.0,3.3,77.0,-3.2154212137912763,-0.7423384793347544
2026-07-09 03:00:00,26.6,93.0,0.0,1.1,81.0,-1.0864571746546516,-0.1720779115442538
2026-07-09 04:00:00,26.2,95.0,0.0,1.5,120.0,-1.299038105676658,0.7499999999999999
2026-07-09 05:00:00,25.6,95.0,0.0,2.9,158.0,-1.086359120906145,2.6888331782436836
2026-07-09 06:00:00,26.4,93.0,0.0,2.8,191.0,0.5342651870543257,2.748556113653459
2026-07-09 07:00:00,27.1,93.0,0.0,3.8,239.0,3.2572357426680267,1.9571446846582057
2026-07-09 08:00:00,29.4,81.0,0.1,6.3,277.0,6.253040755340328,-0.7677768634524291
2026-07-09 09:00:00,30.0,76.0,0.0,6.3,301.0,5.400153994423308,-3.244739871933341
2026-07-09 10:00:00,30.3,76.0,0.0,8.5,324.0,4.996174644486022,-6.876644452187053
2026-07-09 11:00:00,30.0,81.0,0.0,11.7,331.0,5.6722725568821435,-10.23305057353093
2026-07-09 12:00:00,29.7,82.0,0.1,14.7,343.0,4.2978640594242306,-14.05767991265662
2026-07-09 13:00:00,30.3,79.0,0.0,15.9,351.0,2.487307994139672,-15.704244615462692
2026-07-09 14:00:00,31.4,68.0,0.0,17.4,5.0,-1.5165099238092534,-17.33378774679637
2026-07-09 15:00:00,31.3,66.0,0.0,18.2,20.0,-6.224766608527167,-17.10240569830353
2026-07-09 16:00:00,30.9,66.0,0.0,16.1,31.0,-8.292113006051878,-13.800393541304006
2026-07-09 17:00:00,30.5,64.0,0.0,14.1,50.0,-10.80122664797759,-9.063305296580204
2026-07-09 18:00:00,29.4,71.0,0.0,13.9,67.0,-12.795017462988922,-5.431162686000903
2026-07-09 19:00:00,28.3,76.0,0.0,11.9,79.0,-11.681363483027202,-2.2706270449808823
2026-07-09 20:00:00,28.0,79.0,0.0,9.9,80.0,-9.74959675482086,-1.7191169589026116
2026-07-09 21:00:00,27.7,82.0,0.0,11.6,83.0,-11.513535359039336,-1.4136843834997088
2026-07-09 22:00:00,27.6,82.0,0.0,11.4,85.0,-11.3566195582459,-0.9935754673233006
2026-07-09 23:00:00,27.4,84.0,0.0,11.9,93.0,-11.88369146357943,0.6227978792910314
2026-07-10 00:00:00,27.2,87.0,0.0,10.3,84.0,-10.243575522293215,-1.0766431716568312
2026-07-10 01:00:00,27.2,88.0,0.0,9.7,72.0,-9.22524820806299,-2.9974648454369883
2026-07-10 02:00:00,27.4,87.0,0.0,9.8,73.0,-9.371786608437748,-2.8652427062828205
2026-07-10 03:00:00,27.4,88.0,0.0,9.7,59.0,-8.31452281681049,-4.995869326627525
2026-07-10 04:00:00,27.3,88.0,0.0,10.3,49.0,-7.773508676294553,-6.757407998602223
2026-07-10 05:00:00,27.2,88.0,0.0,11.5,48.0,-8.546165492990033,-7.695001973126869
2026-07-10 06:00:00,27.4,88.0,0.0,12.0,57.0,-10.064046815345089,-6.5356684201803255
2026-07-10 07:00:00,28.3,85.0,0.1,12.7,59.0,-10.886024718916826,-6.540983551357687
2026-07-10 08:00:00,30.3,75.0,0.2,16.0,46.0,-11.509436805418417,-11.114533927343958
2026-07-10 09:00:00,30.3,73.0,0.4,18.5,42.0,-12.378916217638876,-13.748179271331795
2026-07-10 10:00:00,31.2,71.0,0.1,18.2,30.0,-9.100000000000009,-15.761662348876778
2026-07-10 11:00:00,30.7,70.0,0.8,20.7,36.0,-12.167154722454196,-16.746651783561408
2026-07-10 12:00:00,30.0,77.0,0.9,25.6,41.0,-16.795111142156987,-19.320565253702966
2026-07-10 13:00:00,28.5,88.0,1.5,21.3,35.0,-12.217178094277289,-17.44793854335552
2026-07-10 14:00:00,29.6,86.0,0.7000000000000001,24.6,28.0,-11.549000444532913,-21.720510784329605
2026-07-10 15:00:00,27.8,92.0,1.7000000000000002,21.0,29.0,-10.181002025173074,-18.367013849927314
2026-07-10 16:00:00,26.6,94.0,2.0,23.8,42.0,-15.925308431340824,-17.686846846361988
2026-07-10 17:00:00,25.0,96.0,2.2,16.8,18.0,-5.191485505499119,-15.97774947375858
2026-07-10 18:00:00,26.8,95.0,0.3,13.7,38.0,-8.434562211961515,-10.795747324412092
2026-07-10 19:00:00,26.7,91.0,0.3,21.9,37.0,-13.179749007029857,-17.490117670035712
2026-07-10 20:00:00,26.6,96.0,2.7,18.6,38.0,-11.451303441057242,-14.657000017085032
2026-07-10 21:00:00,26.2,95.0,0.6,22.6,32.0,-11.976175371670434,-19.165886973135226
2026-07-10 22:00:00,25.9,96.0,1.9,20.5,28.0,-9.62416703711076,-18.100425653608003
2026-07-10 23:00:00,26.3,93.0,2.0,28.2,30.0,-14.100000000000012,-24.42191638672116
2026-07-11 00:00:00,26.1,94.0,3.4,32.7,25.0,-13.819617158920863,-29.63626463609846
2026-07-11 01:00:00,25.9,94.0,4.3,34.3,22.0,-12.84900615416579,-31.802406211640804
2026-07-11 02:00:00,26.8,90.0,5.7,39.1,13.0,-8.795586224845131,-38.097869533102696
2026-07-11 03:00:00,25.6,95.0,5.5,38.3,18.0,-11.83535088456049,-36.425464574104375
2026-07-11 04:00:00,25.6,96.0,4.0,36.7,15.0,-9.498658955262508,-35.44947782480881
2026-07-11 05:00:00,25.8,95.0,5.8,41.8,9.0,-6.538960638681657,-41.28537263687675
2026-07-11 06:00:00,26.3,96.0,4.9,39.9,7.0,-4.862586801865372,-39.60259145048875
2026-07-11 07:00:00,26.1,95.0,5.6,42.7,0.0,-7.843862748538798e-15,-42.7
2026-07-11 08:00:00,26.4,96.0,4.3,49.0,342.0,15.141832724372424,-46.60176929846252
2026-07-11 09:00:00,26.4,94.0,9.0,49.6,344.0,13.671612848523159,-47.678580118540616
2026-07-11 10:00:00,26.5,94.0,5.8,49.2,336.0,20.011442839329373,-44.946436516015964
2026-07-11 11:00:00,26.6,93.0,8.2,52.2,337.0,20.39616490714009,-48.05035335021739
2026-07-11 12:00:00,26.7,93.0,4.2,53.4,322.0,32.876322782390154,-42.07977424259895
2026-07-11 13:00:00,26.8,94.0,1.8,53.8,320.0,34.58197340113582,-41.21319103980102
2026-07-11 14:00:00,26.5,94.0,1.6,54.5,316.0,37.85888119001535,-39.204019118456486
2026-07-11 15:00:00,26.7,92.0,0.8,54.1,301.0,46.37275096798428,-27.86355985263393
2026-07-11 16:00:00,26.4,93.0,4.1,50.1,279.0,49.4831858638164,-7.8373666985155666
2026-07-11 17:00:00,25.9,96.0,9.6,48.1,263.0,47.74146989394759,5.861915417787594
2026-07-11 18:00:00,25.6,97.0,18.3,43.6,242.0,38.496515048649215,20.46896013746484
2026-07-11 19:00:00,25.3,94.0,15.5,45.9,231.0,35.67099963087497,28.885805949187535
2026-07-11 20:00:00,25.1,94.0,2.9,40.4,222.0,27.03287649689787,30.023050949286727
2026-07-11 21:00:00,24.8,91.0,0.6,35.0,213.0,19.06236622552595,29.353469878089843
2026-07-11 22:00:00,26.0,80.0,0.0,36.4,210.0,18.200000000000003,31.523324697753562
2026-07-11 23:00:00,28.0,68.0,0.0,30.7,204.0,12.486814942427067,28.045845549627845
2026-07-12 00:00:00,30.1,58.0,0.0,35.9,220.0,23.076075187746763,27.50099550797131
2026-07-12 01:00:00,29.8,59.0,0.0,31.8,223.0,21.687547849987453,23.257047711489623
2026-07-12 02:00:00,29.9,57.0,0.0,22.1,187.0,2.69331248925376,21.935269951273217
2026-07-12 03:00:00,29.2,61.0,0.0,16.6,200.0,5.677534379206103,15.598897505046079
2026-07-12 04:00:00,28.4,66.0,0.0,16.0,214.0,8.947086455531949,13.264601160880668
2026-07-12 05:00:00,29.1,62.0,0.0,22.1,217.0,13.30011201166027,17.649844772045174
2026-07-12 06:00:00,28.3,71.0,0.0,18.0,202.0,6.742918681486415,16.689309382202175
2026-07-12 07:00:00,28.4,72.0,0.0,19.2,216.0,11.285476844015484,15.53312629199899
2026-07-12 08:00:00,29.1,70.0,0.0,14.9,203.0,5.821893814490179,13.715522316441362
2026-07-12 09:00:00,28.7,77.0,0.0,10.4,170.0,-1.8059410477360751,10.242000631326963
2026-07-12 10:00:00,27.8,86.0,0.5,13.4,126.0,-10.840827724624294,7.876322380719142
2026-07-12 11:00:00,30.6,72.0,0.0,13.5,135.0,-9.54594154601839,9.545941546018392
2026-07-12 12:00:00,31.7,71.0,0.0,12.3,134.0,-8.84787954416541,8.544297956645666
2026-07-12 13:00:00,33.1,65.0,0.0,5.6,135.0,-3.9597979746446654,3.9597979746446663
2026-07-12 14:00:00,34.2,60.0,0.0,3.4,335.0,1.436902089918378,-3.0814464759246096
2026-07-12 15:00:00,33.8,69.0,0.0,5.4,310.0,4.136639992842482,-3.4710530923073124
2026-07-12 16:00:00,32.9,72.0,0.1,1.2,51.0,-0.9325751537483649,-0.7551844692598051
2026-07-12 17:00:00,31.8,81.0,0.0,4.3,42.0,-2.87726160734309,-3.195522749552796
2026-07-12 18:00:00,30.9,86.0,0.0,5.4,56.0,-4.4768028917972265,-3.0196416787420324
2026-07-12 19:00:00,29.5,91.0,0.0,4.7,62.0,-4.149853686436956,-2.206516345093687
2026-07-12 20:00:00,29.4,90.0,0.0,5.9,40.0,-3.792446897150583,-4.51966221440197
2026-07-12 21:00:00,28.8,93.0,0.0,4.1,13.0,-0.9222993228098475,-3.994917265619464
2026-07-12 22:00:00,28.5,94.0,0.2,2.7,356.0,0.18834247910913815,-2.6934229357015256
2026-07-12 23:00:00,28.3,96.0,0.4,2.2,318.0,1.4720873339894882,-1.6349186160502676
2026-07-13 00:00:00,28.1,97.0,0.1,1.7000000000000002,238.0,1.4416817634659242,0.9008627491964484
2026-07-13 01:00:00,27.7,98.0,0.1,2.2,185.0,0.19174263404484793,2.1916283358018402
2026-07-13 02:00:00,28.1,96.0,0.4,6.1,58.0,-5.173093386554199,-3.2325075118225493
2026-07-13 03:00:00,27.4,96.0,0.7000000000000001,2.4,27.0,-1.0895771993749126,-2.138415658052083
2026-07-13 04:00:00,27.4,96.0,0.1,3.6,30.0,-1.8000000000000016,-3.117691453623978
2026-07-13 05:00:00,27.3,97.0,0.1,2.1,15.0,-0.5435199947152933,-2.0284442352070435
2026-07-13 06:00:00,26.9,97.0,1.2,1.1,180.0,6.735557395310444e-17,1.1
2026-07-13 07:00:00,27.7,95.0,0.3,1.7000000000000002,212.0,0.9008627491964484,1.4416817634659242
2026-07-13 08:00:00,29.8,86.0,0.0,2.1,121.0,-1.8000513314744357,1.0815799573111142
2026-07-13 09:00:00,30.1,83.0,0.1,8.4,344.0,2.315353788862793,-8.074598245881878
2026-07-13 10:00:00,30.0,84.0,0.2,13.0,341.0,4.232386007943038,-12.291741482791117
2026-07-13 11:00:00,29.7,84.0,0.7000000000000001,13.9,340.0,4.754079992226797,-13.061727428924126
2026-07-13 12:00:00,30.4,78.0,0.2,14.8,347.0,3.329275604289201,-14.420676958821483
2026-07-13 13:00:00,30.4,77.0,0.2,15.0,341.0,4.883522316857351,-14.18277863398975
2026-07-13 14:00:00,28.7,91.0,1.2,11.2,4.0,-0.7812725059342065,-11.17271736291003
2026-07-13 15:00:00,28.7,95.0,3.2,6.7,14.0,-1.6208767005177742,-6.500981366049176
2026-07-13 16:00:00,28.6,92.0,2.8,12.0,344.0,3.30764826980399,-11.535140351259827
2026-07-13 17:00:00,28.4,96.0,1.4,8.0,342.0,2.4721359549995796,-7.608452130361228
2026-07-13 18:00:00,28.8,94.0,1.0,3.2,236.0,2.6529202321761334,1.7894172911063901
2026-07-13 19:00:00,27.8,96.0,0.3,7.4,214.0,4.138027485683526,6.134878036907309
2026-07-13 20:00:00,28.1,89.0,0.5,3.1,239.0,2.6572186321765483,1.5966180322211678
2026-07-13 21:00:00,27.5,94.0,0.0,9.6,193.0,2.159530121701103,9.353952621938259
2026-07-13 22:00:00,27.2,93.0,0.0,8.3,176.0,-0.5789787320762403,8.27978161715654
2026-07-13 23:00:00,27.3,91.0,0.0,5.7,162.0,-1.7613968679371999,5.421022142882376
2026-07-14 00:00:00,27.0,92.0,0.0,4.8,158.0,-1.798111648396378,4.45048250192058
2026-07-14 01:00:00,26.7,93.0,0.0,3.3,158.0,-1.2362017582725098,3.0597067200703982
2026-07-14 02:00:00,27.4,93.0,0.0,5.0,131.0,-3.77354790111386,3.2802951449525364
2026-07-14 03:00:00,27.0,94.0,0.1,5.9,113.0,-5.4309786353693985,2.3053136580867153
2026-07-14 04:00:00,26.8,93.0,0.0,6.0,95.0,-5.977168188550474,0.5229344564859492
2026-07-14 05:00:00,26.6,93.0,0.0,6.0,95.0,-5.977168188550474,0.5229344564859492
2026-07-14 06:00:00,27.3,91.0,0.0,6.7,98.0,-6.6347960605685214,0.9324597764324377
2026-07-14 07:00:00,29.0,83.0,0.0,5.9,88.0,-5.896405879412665,-0.20590703054475532
2026-07-14 08:00:00,30.6,72.0,0.0,8.1,37.0,-4.874701687531591,-6.468947631383072
2026-07-14 09:00:00,31.5,68.0,0.0,9.5,25.0,-4.014873486536642,-8.609923976848176
2026-07-14 10:00:00,31.7,71.0,0.0,11.3,353.0,1.3771235804781667,-11.215771513546938
2026-07-14 11:00:00,30.5,81.0,0.0,16.3,346.0,3.943326898274583,-15.815820338298742
2026-07-14 12:00:00,30.7,80.0,0.0,14.8,344.0,4.0794328660915875,-14.22667309988712
2026-07-14 13:00:00,30.9,78.0,0.0,13.8,332.0,6.478707566445294,-12.184676781453192
2026-07-14 14:00:00,31.8,70.0,0.0,12.7,331.0,6.157082177128481,-11.107670280670325
2026-07-14 15:00:00,31.4,76.0,0.0,11.5,310.0,8.809511095868247,-7.392057511395201
2026-07-14 16:00:00,30.5,78.0,0.2,9.5,291.0,8.869014051723417,-3.4044955206803524
2026-07-14 17:00:00,30.0,85.0,0.2,6.3,270.0,6.3,0.0
2026-07-14 18:00:00,29.6,85.0,0.1,6.4,243.0,5.702441754805555,2.9055391983330994
2026-07-14 19:00:00,28.8,86.0,0.0,6.5,231.0,5.05144874947031,4.090582541823943
2026-07-14 20:00:00,28.7,89.0,0.0,2.3,29.0,-1.1150621265665746,-2.0116253264206105
2026-07-14 21:00:00,28.4,91.0,0.0,1.5,104.0,-1.4554435894139948,0.3628828433995016
2026-07-14 22:00:00,28.0,93.0,0.0,2.9,184.0,0.20229377385796318,2.89293574575349
2026-07-14 23:00:00,27.9,94.0,0.0,7.0,209.0,3.3936673417243597,6.12233794997577
2026-07-15 00:00:00,27.8,90.0,0.0,7.6,199.0,2.474317973874391,7.185941174554807
2026-07-15 01:00:00,27.9,86.0,0.0,8.3,204.0,3.375914137529142,7.582427298433588
2026-07-15 02:00:00,28.2,85.0,0.0,6.0,229.0,4.528257481336632,3.9363541739430437
2026-07-15 03:00:00,27.4,87.0,0.0,5.1,207.0,2.3153515486716887,4.544133273360675
2026-07-15 04:00:00,27.3,88.0,0.0,4.6,222.0,3.0780007892507477,3.4184661971960133
2026-07-15 05:00:00,27.2,89.0,0.0,7.0,222.0,4.683914244512008,5.20201377834176
2026-07-15 06:00:00,27.5,89.0,0.0,7.7,233.0,6.149493427364155,4.6339756782707715
2026-07-15 07:00:00,28.6,83.0,0.0,7.6,225.0,5.374011537017761,5.37401153701776
2026-07-15 08:00:00,29.8,76.0,0.0,11.6,240.0,10.045894683899489,5.799999999999999
2026-07-15 09:00:00,30.8,72.0,0.0,11.1,245.0,10.060016436106814,4.691062705321763
2026-07-15 10:00:00,31.5,69.0,0.0,9.8,264.0,9.746314574609078,1.0243789400230041
2026-07-15 11:00:00,31.6,71.0,0.1,11.9,280.0,11.719212260845277,-2.066413314236471
2026-07-15 12:00:00,31.5,76.0,0.1,14.2,288.0,13.50500253139118,-4.388041320124253
2026-07-15 13:00:00,31.2,74.0,0.3,16.7,281.0,16.393173963575986,-3.186510222788298
2026-07-15 14:00:00,31.8,69.0,0.0,17.1,284.0,16.592056919319543,-4.136864414754318
2026-07-15 15:00:00,31.4,69.0,0.0,16.7,272.0,16.6898268112189,-0.5828215949317661
2026-07-15 16:00:00,30.9,73.0,0.0,13.9,266.0,13.866140298611557,0.9696149850433418
2026-07-15 17:00:00,30.6,75.0,0.0,13.4,265.0,13.34900895442939,1.1678869528186195
2026-07-15 18:00:00,30.0,79.0,0.0,9.8,250.0,9.208987683701903,3.3517974045915535
2026-07-15 19:00:00,29.4,81.0,0.0,8.8,229.0,6.641444305960395,5.773319455116464
2026-07-15 20:00:00,29.2,81.0,0.0,9.7,214.0,5.4241711636662435,8.041664453783904
2026-07-15 21:00:00,28.7,86.0,0.0,8.9,189.0,1.3922667388580552,8.790426231296726
2026-07-15 22:00:00,28.5,90.0,0.0,6.4,162.0,-1.977708763999663,6.086761704288984
2026-07-15 23:00:00,28.1,91.0,0.0,6.3,149.0,-3.2447398719333416,5.400153994423308
2026-07-16 00:00:00,27.8,90.0,0.0,6.9,127.0,-5.510585019326322,4.152523659749132
2026-07-16 01:00:00,27.3,92.0,0.0,7.0,122.0,-5.936336673094981,3.7094348496324345
2026-07-16 02:00:00,27.6,93.0,0.0,4.2,121.0,-3.6001026629488715,2.1631599146222285
2026-07-16 03:00:00,27.2,94.0,0.0,3.1,118.0,-2.7371375378626737,1.4553618446362613
2026-07-16 04:00:00,26.9,95.0,0.0,3.4,148.0,-1.8017254983928963,2.8833635269318485
2026-07-16 05:00:00,26.6,95.0,0.0,5.2,155.0,-2.1976149610516367,4.71280049259058
2026-07-16 06:00:00,27.1,89.0,0.0,8.1,192.0,1.6840846956238515,7.9229955659438245
2026-07-16 07:00:00,28.3,81.0,0.0,8.9,218.0,5.479387130398359,7.013295707099826
2026-07-16 08:00:00,30.3,73.0,0.0,3.2,207.0,1.45276959916655,2.851220877402777
2026-07-16 09:00:00,31.3,67.0,0.0,5.2,254.0,4.998560818879258,1.4333142502483958
2026-07-16 10:00:00,31.7,66.0,0.0,14.9,259.0,14.626245033370193,2.8430540311105177
2026-07-16 11:00:00,31.6,70.0,0.0,16.7,259.0,16.393173963575986,3.186510222788298
2026-07-16 12:00:00,31.6,71.0,0.1,19.3,259.0,18.945404640539916,3.682613610767315
2026-07-16 13:00:00,31.5,72.0,0.2,21.4,253.0,20.464921777608957,6.256754481066566
2026-07-16 14:00:00,31.5,70.0,0.1,21.0,255.0,20.284442352070435,5.4351999471529355
2026-07-16 15:00:00,31.3,71.0,0.0,18.7,256.0,18.144530081361133,4.523939447713786
2026-07-16 16:00:00,30.3,78.0,0.1,16.6,251.0,15.69560835494866,5.4044313639888015
2026-07-16 17:00:00,29.8,79.0,0.0,19.8,249.0,18.484892444644593,7.0956854009969454
2026-07-16 18:00:00,29.3,81.0,0.0,16.2,246.0,14.799436413810133,6.589133617827963
2026-07-16 19:00:00,28.8,81.0,0.0,13.0,235.0,10.648976575756894,7.456493672563599
2026-07-16 20:00:00,28.7,80.0,0.0,16.2,230.0,12.409919978527443,10.413159276921935
2026-07-16 21:00:00,28.2,83.0,0.0,14.8,222.0,9.903132974111102,10.998543417065436
2026-07-16 22:00:00,27.9,83.0,0.0,10.9,216.0,6.406859249987957,8.818285238686927
2026-07-16 23:00:00,27.7,83.0,0.0,9.7,214.0,5.4241711636662435,8.041664453783904
2026-07-17 00:00:00,27.5,83.0,0.0,10.4,210.0,5.200000000000001,9.00666419935816
2026-07-17 01:00:00,27.3,83.0,0.0,10.0,194.0,2.419218955996677,9.702957262759965
2026-07-17 02:00:00,27.3,82.0,0.0,8.1,193.0,1.8221035401853058,7.892397524760405
2026-07-17 03:00:00,26.6,85.0,0.0,3.7,157.0,-1.445705175410313,3.405867957774029
2026-07-17 04:00:00,26.5,85.0,0.0,4.7,187.0,0.5727859140041932,4.664966912714213
2026-07-17 05:00:00,27.2,79.0,0.0,12.3,219.0,7.7406408099130015,9.558895325920743
2026-07-17 06:00:00,27.7,77.0,0.0,14.2,221.0,9.316038211665203,10.716876039163362
2026-07-17 07:00:00,28.6,73.0,0.0,15.0,225.0,10.606601717798213,10.606601717798211
2026-07-17 08:00:00,29.8,69.0,0.0,18.8,233.0,15.014347588889105,11.314122435258508
2026-07-17 09:00:00,30.6,69.0,0.0,19.6,238.0,16.62174268466595,10.386417578970816
2026-07-17 10:00:00,31.5,68.0,0.0,20.4,248.0,18.914550633162463,7.641974505684605
2026-07-17 11:00:00,31.7,70.0,0.0,20.6,256.0,19.98809196128553,4.983591049353156
2026-07-17 12:00:00,31.7,72.0,0.0,19.7,260.0,19.400712734340498,3.4208691000385274
2026-07-17 13:00:00,31.6,73.0,0.0,20.3,253.0,19.41298654604962,5.935145605871557
2026-07-17 14:00:00,32.0,70.0,0.0,19.8,250.0,18.605913891560988,6.7719988378482405
2026-07-17 15:00:00,31.1,73.0,0.0,18.3,256.0,17.756411790850738,4.42717068947392
2026-07-17 16:00:00,30.5,75.0,0.0,19.8,253.0,18.934834168068104,5.788959753510189
2026-07-17 17:00:00,29.9,78.0,0.0,20.4,245.0,18.488678855547658,8.621412539510269
2026-07-17 18:00:00,29.2,81.0,0.0,16.4,243.0,14.612506996689232,7.445444195728566
2026-07-17 19:00:00,28.8,81.0,0.0,16.2,233.0,12.937895262766144,9.749403375063181
2026-07-17 20:00:00,29.2,79.0,0.0,12.6,227.0,9.215056640401547,8.59317933678748
2026-07-17 21:00:00,28.9,77.0,0.0,11.6,217.0,6.981054268563761,9.264171916548596
2026-07-17 22:00:00,28.4,78.0,0.0,14.0,213.0,7.624946490210379,11.741387951235936
2026-07-17 23:00:00,28.3,76.0,0.0,12.4,211.0,6.386472128884671,10.628874528706193
2026-07-18 00:00:00,28.5,73.0,0.0,17.0,220.0,10.92738936467117,13.022755533022627
2026-07-18 01:00:00,28.2,75.0,0.0,15.6,215.0,8.947792407076319,12.778771890908272
2026-07-18 02:00:00,28.4,73.0,0.0,17.4,219.0,10.950174804267172,13.522339729351293
2026-07-18 03:00:00,28.2,73.0,0.0,15.2,215.0,8.718361832535901,12.451111073192674
2026-07-18 04:00:00,28.0,74.0,0.0,14.0,208.0,6.572601879002472,12.361266300024976
2026-07-18 05:00:00,28.0,71.0,0.0,16.6,221.0,10.890579881242422,12.528179031698016
2026-07-18 06:00:00,28.1,71.0,0.0,17.2,222.0,11.509046429372361,12.78209099821118
2026-07-18 07:00:00,28.9,71.0,0.0,15.7,224.0,10.906136416206257,11.293634865316822
2026-07-18 08:00:00,30.4,66.0,0.0,19.1,235.0,15.645804045919744,10.95530993430498
2026-07-18 09:00:00,31.2,65.0,0.0,21.0,241.0,18.36701384992731,10.181002025173079
2026-07-18 10:00:00,31.7,64.0,0.0,23.2,244.0,20.852021874140675,10.170210605506595
2026-07-18 11:00:00,31.8,67.0,0.0,22.8,250.0,21.424991753918714,7.798059267825247
2026-07-18 12:00:00,31.6,69.0,0.1,22.6,249.0,21.09891763883676,8.099115659723786
2026-07-18 13:00:00,31.6,69.0,0.1,21.1,243.0,18.800237660374563,9.579199544504437
2026-07-18 14:00:00,32.1,66.0,0.0,19.9,246.0,18.179554607087756,8.094059197208423
2026-07-18 15:00:00,31.7,67.0,0.0,20.3,240.0,17.580315696824105,10.149999999999999
2026-07-18 16:00:00,31.0,72.0,0.1,18.0,246.0,16.443818237566816,7.321259575364404
2026-07-18 17:00:00,30.5,74.0,0.1,17.6,227.0,12.8718251484974,12.003171137099974
2026-07-18 18:00:00,30.0,74.0,0.0,16.5,219.0,10.383786452322319,12.82290836404002
2026-07-18 19:00:00,29.2,76.0,0.0,16.8,215.0,9.636084130697576,13.761754344055063
2026-07-18 20:00:00,28.7,75.0,0.0,13.3,218.0,8.188297621831255,10.480543022969403
2026-07-18 21:00:00,28.4,75.0,0.0,7.9,215.0,4.531253847173265,6.471301149883035
2026-07-18 22:00:00,28.0,77.0,0.0,7.9,227.0,5.777694242791447,5.387787044493738
2026-07-18 23:00:00,27.9,76.0,0.0,10.8,201.0,3.870373855089244,10.08266860616978
2026-07-19 00:00:00,27.7,76.0,0.0,12.3,210.0,6.150000000000002,10.652112466548596
2026-07-19 01:00:00,27.6,74.0,0.0,12.2,202.0,4.570200439674125,11.311643025714806
2026-07-19 02:00:00,27.5,75.0,0.0,8.3,182.0,0.289665822630759,8.294943864258496
2026-07-19 03:00:00,27.2,77.0,0.0,7.7,205.0,3.2541606154033857,6.978569960182205
2026-07-19 04:00:00,27.7,70.0,0.0,15.0,217.0,9.027225347280726,11.979532650709393
2026-07-19 05:00:00,27.6,70.0,0.0,14.4,210.0,7.200000000000002,12.470765814495916
2026-07-19 06:00:00,27.6,72.0,0.0,11.5,215.0,6.596129018037031,9.420248509323406
2026-07-19 07:00:00,28.7,71.0,0.0,12.4,222.0,8.297219518849843,9.214995835919689
2026-07-19 08:00:00,30.2,68.0,0.0,14.4,220.0,9.256141579486167,11.031039980913283
2026-07-19 09:00:00,31.2,66.0,0.0,14.5,234.0,11.730746418436738,8.52288615824086
2026-07-19 10:00:00,31.7,67.0,0.0,18.0,244.0,16.178292833385008,7.890680642203393
2026-07-19 11:00:00,30.7,71.0,0.5,20.2,243.0,17.998331788605032,9.170608094738844
2026-07-19 12:00:00,30.4,74.0,0.7000000000000001,18.9,245.0,17.129217174992682,7.9874851468992185
2026-07-19 13:00:00,31.1,72.0,0.7000000000000001,16.3,242.0,14.39204576360051,7.65238647341002
2026-07-19 14:00:00,32.0,67.0,0.3,12.9,237.0,10.818850326495971,7.02584355169385
2026-07-19 15:00:00,31.5,72.0,0.3,9.6,233.0,7.666900896454011,5.777424222259663
2026-07-19 16:00:00,28.6,88.0,1.6,14.0,228.0,10.40402755668352,9.367828489024015
2026-07-19 17:00:00,28.3,95.0,1.7000000000000002,8.9,159.0,-3.1894747509531727,8.308865795825096
2026-07-19 18:00:00,28.0,94.0,0.4,7.2,143.0,-4.333068166694749,5.750175672340507
2026-07-19 19:00:00,27.5,95.0,0.1,5.3,98.0,-5.248420764330323,0.7376174350883462
2026-07-19 20:00:00,27.2,96.0,0.1,6.4,108.0,-6.086761704288983,1.9777087639996642
2026-07-19 21:00:00,26.9,95.0,0.1,6.6,119.0,-5.772490067120011,3.1997434936258253
2026-07-19 22:00:00,26.9,94.0,0.1,5.6,83.0,-5.5582584491914035,-0.6824683230688249
2026-07-19 23:00:00,26.8,95.0,0.0,3.4,133.0,-2.4866025855051794,2.318794424212495
2026-07-20 00:00:00,26.9,94.0,0.0,1.3,124.0,-1.0777488443215542,0.726950774511971
2026-07-20 01:00:00,26.7,94.0,0.0,6.5,251.0,6.1458707413955596,2.1161930039715187
2026-07-20 02:00:00,27.1,94.0,0.0,10.4,255.0,10.045628593406311,2.6917180690662157
2026-07-20 03:00:00,26.5,91.0,0.0,12.3,211.0,6.334968321393666,10.543157798635983
2026-07-20 04:00:00,26.3,87.0,0.0,15.4,213.0,8.387441139231417,12.91552674635953
2026-07-20 05:00:00,26.6,80.0,0.0,16.4,213.0,8.932080174246444,13.754197314304953
2026-07-20 06:00:00,26.9,79.0,0.0,9.9,199.0,3.223124729125852,9.360633898433235
2026-07-20 07:00:00,27.8,79.0,0.0,7.6,183.0,0.3977532674463741,7.589584464134761
2026-07-20 08:00:00,29.9,69.0,0.0,6.0,197.0,1.7542302283364206,5.737828535778212
2026-07-20 09:00:00,30.9,65.0,0.0,13.4,239.0,11.486041829408306,6.901510203794726
2026-07-20 10:00:00,31.5,64.0,0.1,15.8,238.0,13.399159919271531,8.372724374884637
2026-07-20 11:00:00,31.8,65.0,0.1,18.2,250.0,17.10240569830353,6.224766608527171
2026-07-20 12:00:00,31.6,66.0,0.1,21.7,255.0,20.96059043047278,5.6163732787247
2026-07-20 13:00:00,31.0,68.0,0.3,15.1,239.0,12.943226240601897,7.777074931141818
2026-07-20 14:00:00,32.3,61.0,0.3,14.8,256.0,14.360376748884748,3.5804440548750827
2026-07-20 15:00:00,31.4,66.0,0.3,14.0,255.0,13.522961568046956,3.6234666314352904
2026-07-20 16:00:00,31.1,70.0,0.7000000000000001,9.4,241.0,8.22142524711032,4.5572104303155685
2026-07-20 17:00:00,29.9,74.0,0.3,9.4,228.0,6.985561359487506,6.289827699773268
2026-07-20 18:00:00,29.2,82.0,0.4,5.7,189.0,0.8916764507293163,5.629823541392286
2026-07-20 19:00:00,28.2,90.0,0.1,2.0,180.0,1.2246467991473532e-16,2.0
2026-07-20 20:00:00,28.3,88.0,0.0,4.5,236.0,3.730669076497687,2.516368065618361
2026-07-20 21:00:00,27.6,92.0,0.0,3.2,196.0,0.8820395386143973,3.0760374270026207
2026-07-20 22:00:00,27.5,92.0,0.0,5.3,156.0,-2.1557042083017413,4.8417909255057845
2026-07-20 23:00:00,27.2,93.0,0.0,5.0,145.0,-2.8678821817552307,4.095760221444959
2026-07-21 00:00:00,26.9,94.0,0.0,3.6,143.0,-2.1665340833473743,2.8750878361702537
2026-07-21 01:00:00,26.9,93.0,0.0,4.0,159.0,-1.433471798181201,3.734321705988807
2026-07-21 02:00:00,27.1,92.0,0.0,2.7,203.0,1.0549740469210391,2.485363104321589
2026-07-21 03:00:00,26.8,91.0,0.0,3.8,221.0,2.4930243101639276,2.8678964048465336
2026-07-21 04:00:00,26.9,87.0,0.2,5.6,241.0,4.897870359980616,2.714933873379487
2026-07-21 05:00:00,26.7,87.0,0.0,6.7,239.0,5.743020914704153,3.450755101897363
2026-07-21 06:00:00,26.9,88.0,0.0,7.1,218.0,4.371196474812174,5.594876350607726
2026-07-21 07:00:00,28.1,82.0,0.0,7.4,221.0,4.8548368145297545,5.584850893648513
2026-07-21 08:00:00,30.1,71.0,0.0,11.7,243.0,10.424776333003903,5.311688846952697
2026-07-21 09:00:00,31.1,67.0,0.0,13.7,256.0,13.293051449981151,3.314329969715448
2026-07-21 10:00:00,31.8,66.0,0.0,15.5,267.0,15.478757788695894,0.8112073217656295
2026-07-21 11:00:00,31.9,70.0,0.0,17.5,274.0,17.457370879546925,-1.2207382905221928
2026-07-21 12:00:00,31.9,69.0,0.0,19.1,275.0,19.02731873355234,-1.664674686480271
2026-07-21 13:00:00,31.8,67.0,0.1,18.6,273.0,18.574509346435075,-0.9734487861187554
2026-07-21 14:00:00,30.5,80.0,0.4,16.1,264.0,16.011802515429203,1.682908258609221
2026-07-21 15:00:00,30.4,75.0,0.5,13.7,240.0,11.864548031846809,6.849999999999999
2026-07-21 16:00:00,30.3,74.0,0.6,13.2,214.0,7.381346325813857,10.94329595772655
2026-07-21 17:00:00,29.9,75.0,0.5,10.9,189.0,1.705135668938517,10.765802912487002
2026-07-21 18:00:00,28.9,84.0,0.2,8.9,151.0,-4.314805620192399,7.784115393540623
2026-07-21 19:00:00,28.0,88.0,0.0,7.0,138.0,-4.683914244512008,5.20201377834176
2026-07-21 20:00:00,28.2,83.0,0.0,8.5,114.0,-7.765136389962106,3.4572614661443035
2026-07-21 21:00:00,27.8,84.0,0.0,4.3,135.0,-3.040559159102154,3.0405591591021546
2026-07-21 22:00:00,27.6,86.0,0.0,3.8,139.0,-2.493024310163927,2.867896404846534
2026-07-21 23:00:00,27.5,87.0,0.0,3.2,164.0,-0.882039538614397,3.0760374270026207
2026-07-22 00:00:00,27.3,88.0,0.0,3.2,164.0,-0.882039538614397,3.0760374270026207
2026-07-22 01:00:00,27.0,90.0,0.0,3.6,150.0,-1.7999999999999992,3.1176914536239795
2026-07-22 02:00:00,27.3,88.0,0.0,2.0,135.0,-1.414213562373095,1.4142135623730951
2026-07-22 03:00:00,26.6,91.0,0.0,2.4,138.0,-1.6059134552612597,1.7835475811457462
2026-07-22 04:00:00,26.4,93.0,0.0,2.1,149.0,-1.081579957311114,1.800051331474436
2026-07-22 05:00:00,26.2,94.0,0.0,2.5,172.0,-0.3479327524001634,2.475670171853926
2026-07-22 06:00:00,27.0,91.0,0.0,4.0,172.0,-0.5566924038402614,3.9610722749662814
2026-07-22 07:00:00,28.4,83.0,0.0,5.9,220.0,3.7924468971505823,4.51966221440197
2026-07-22 08:00:00,30.3,74.0,0.0,11.8,242.0,10.41878159573534,5.539764440873512
2026-07-22 09:00:00,31.1,68.0,0.0,13.1,261.0,12.938717261796304,2.049291492027024
2026-07-22 10:00:00,31.4,68.0,0.0,15.0,277.0,14.88819227461983,-1.8280401510772122
2026-07-22 11:00:00,31.4,69.0,0.1,16.3,280.0,16.05236637409899,-2.8304652959709644
2026-07-22 12:00:00,31.6,67.0,0.1,16.8,279.0,16.593164121998313,-2.6280990126758788
2026-07-22 13:00:00,31.8,65.0,0.0,16.1,283.0,15.68735804304229,-3.6217119749362268
2026-07-22 14:00:00,32.0,64.0,0.1,16.1,276.0,16.011802515429203,-1.682908258609221
2026-07-22 15:00:00,31.5,65.0,0.0,13.9,274.0,13.866140298611557,-0.9696149850433418
2026-07-22 16:00:00,31.1,67.0,0.0,11.3,263.0,11.215771513546938,1.3771235804781665
2026-07-22 17:00:00,31.1,68.0,0.0,7.3,253.0,6.981024718530159,2.1343134444759784
2026-07-22 18:00:00,30.6,71.0,0.0,4.8,233.0,3.8334504482270053,2.8887121111298315
2026-07-22 19:00:00,29.4,80.0,0.0,3.1,144.0,-1.8221342821066664,2.5079526825623373
2026-07-22 20:00:00,29.4,78.0,0.0,10.6,114.0,-9.683581851011567,4.311408416603484
2026-07-22 21:00:00,28.8,80.0,0.0,9.7,112.0,-8.993683389297836,3.6336839561343486
2026-07-22 22:00:00,28.2,82.0,0.0,10.5,117.0,-9.355568503977862,4.766900247265242
2026-07-22 23:00:00,27.7,84.0,0.0,10.1,125.0,-8.273435647318818,5.793122007145564
2026-07-23 00:00:00,27.4,85.0,0.0,9.9,134.0,-7.121464023352647,6.877117867544072
2026-07-23 01:00:00,27.0,87.0,0.0,8.8,141.0,-5.538019441238569,6.838884460821346
2026-07-23 02:00:00,26.9,89.0,0.0,4.0,159.0,-1.433471798181201,3.734321705988807
2026-07-23 03:00:00,26.5,92.0,0.0,4.0,170.0,-0.6945927106677212,3.939231012048832
2026-07-23 04:00:00,26.4,92.0,0.0,4.8,169.0,-0.915883177807415,4.711810480548787
2026-07-23 05:00:00,26.3,93.0,0.0,4.0,180.0,2.4492935982947064e-16,4.0
2026-07-23 06:00:00,27.0,91.0,0.0,4.3,182.0,0.15006783582075464,4.2973805561821115
2026-07-23 07:00:00,28.5,86.0,0.0,3.7,231.0,2.8754400573907923,2.3284854468843985
2026-07-23 08:00:00,30.3,76.0,0.1,7.5,260.0,7.3860581475915605,1.3023613325019774
2026-07-23 09:00:00,30.7,74.0,0.2,9.4,281.0,9.227295524408042,-1.7936045565395213
2026-07-23 10:00:00,30.6,75.0,0.4,12.8,292.0,11.86795333845488,-4.794964395723674
2026-07-23 11:00:00,29.5,80.0,0.6,15.3,292.0,14.185912974871849,-5.731480879263454
2026-07-23 12:00:00,29.6,82.0,1.0,15.8,296.0,14.20094593152684,-6.926264119267423
2026-07-23 13:00:00,29.4,83.0,0.4,12.4,310.0,9.498951094675327,-7.970566360113087
2026-07-23 14:00:00,30.6,71.0,0.5,12.7,309.0,9.86975371050353,-7.9923689663329345
2026-07-23 15:00:00,30.3,72.0,0.0,8.4,329.0,4.326319829244455,-7.200205325897744
2026-07-23 16:00:00,30.3,72.0,0.0,5.6,358.0,0.19543718153400605,-5.596588631306936
2026-07-23 17:00:00,30.5,71.0,0.0,4.9,62.0,-4.326443205008742,-2.3004106576508656
2026-07-23 18:00:00,30.5,71.0,0.0,8.0,110.0,-7.5175409662872665,2.736161146605351
2026-07-23 19:00:00,29.6,74.0,0.0,12.4,103.0,-12.082188803336916,2.7893930738639283
2026-07-23 20:00:00,29.1,80.0,0.0,15.1,102.0,-14.770028771080465,3.1394665313481656
2026-07-23 21:00:00,28.6,80.0,0.0,16.5,100.0,-16.249327924701433,2.8651949315043495
2026-07-23 22:00:00,28.2,81.0,0.0,19.3,102.0,-18.87824869416245,4.012695632782755
2026-07-23 23:00:00,28.1,81.0,0.0,20.2,106.0,-19.417486257954042,5.567874587503384
2026-07-24 00:00:00,28.0,80.0,0.0,20.7,108.0,-19.686869887309676,6.396651783561413
2026-07-24 01:00:00,27.9,80.0,0.0,22.1,114.0,-20.18935461390148,8.98887981197519
2026-07-24 02:00:00,27.7,80.0,0.0,21.2,115.0,-19.21372508517698,8.959507148902828
2026-07-24 03:00:00,27.4,81.0,0.0,19.8,121.0,-16.971912553901824,10.197753883219077
2026-07-24 04:00:00,27.1,82.0,0.0,18.0,126.0,-14.562305898749052,10.580134541264519
2026-07-24 05:00:00,27.0,83.0,0.0,15.0,130.0,-11.490666646784668,9.641814145298092
2026-07-24 06:00:00,27.2,84.0,0.0,12.3,136.0,-8.544297956645668,8.847879544165409
2026-07-24 07:00:00,28.3,81.0,0.0,12.8,141.0,-8.055301005437917,9.94746830664923
2026-07-24 08:00:00,30.5,69.0,0.0,10.3,145.0,-5.907837294415776,8.437266056176615
2026-07-24 09:00:00,31.5,65.0,0.0,9.3,153.0,-4.222111647577784,8.286360674951823
2026-07-24 10:00:00,32.7,62.0,0.0,6.6,137.0,-4.501189176412489,4.826934430686525
2026-07-24 11:00:00,33.7,58.0,0.0,9.6,103.0,-9.353952621938257,2.159530121701106
2026-07-24 12:00:00,34.8,55.0,0.0,15.9,106.0,-15.28406096541927,4.382633957490287
2026-07-24 13:00:00,34.3,57.0,0.0,24.1,107.0,-23.04694461870916,7.046158083817953
2026-07-24 14:00:00,34.0,57.0,0.0,28.2,108.0,-26.81979375952333,8.71427924137352
2026-07-24 15:00:00,33.4,59.0,0.0,29.9,103.0,-29.133664937078528,6.726036524881569
2026-07-24 16:00:00,32.5,62.0,0.0,32.0,102.0,-31.300723223481782,6.653174106168298
2026-07-24 17:00:00,31.2,68.0,0.0,30.5,100.0,-30.036636466872345,5.296269418841374
2026-07-24 18:00:00,29.6,75.0,0.0,30.5,101.0,-29.93962909515375,5.819674358984622
2026-07-24 19:00:00,29.1,73.0,0.0,33.0,109.0,-31.202112994777455,10.743749097086168
2026-07-24 20:00:00,29.3,72.0,0.0,36.4,110.0,-34.20481139660706,12.449533217054347
2026-07-24 21:00:00,29.0,73.0,0.0,35.1,109.0,-33.187702003536025,11.427442221446197
2026-07-24 22:00:00,28.8,75.0,0.0,34.9,108.0,-33.191872418700854,10.784693103685667
2026-07-24 23:00:00,28.5,76.0,0.0,34.9,103.0,-34.0055152610047,7.850791796600895
2026-07-25 00:00:00,28.4,75.0,0.0,38.1,104.0,-36.968267171115464,9.21722422234734
2026-07-25 01:00:00,28.2,75.0,0.0,36.8,104.0,-35.706882726956664,8.902725758067772
2026-07-25 02:00:00,28.5,77.0,0.0,40.1,105.0,-38.73362563419164,10.378643708611094
2026-07-25 03:00:00,28.7,74.0,0.0,34.7,116.0,-31.188153406581097,15.211478793580984
2026-07-25 04:00:00,28.4,73.0,0.0,29.7,122.0,-25.18702845584585,15.738602147726185
2026-07-25 05:00:00,28.1,73.0,0.0,27.9,128.0,-21.98550002562754,17.17695516158587
2026-07-25 06:00:00,28.4,70.0,0.0,24.7,134.0,-17.767693068364682,17.15806175033723
2026-07-25 07:00:00,28.5,71.0,0.0,21.6,141.0,-13.593320446676486,16.786352767470575
2026-07-25 08:00:00,30.8,62.0,0.0,21.3,139.0,-13.974057317497802,16.075314058745047
2026-07-25 09:00:00,31.9,61.0,0.0,22.9,147.0,-12.472233901844119,19.205556005950207
2026-07-25 10:00:00,33.2,57.0,0.0,22.1,150.0,-11.049999999999995,19.139161423636097
2026-07-25 11:00:00,34.0,55.0,0.0,18.4,151.0,-8.9204970125326,16.09300261136488
2026-07-25 12:00:00,34.8,55.0,0.0,9.9,185.0,0.8628418532018156,9.862327511108282
2026-07-25 13:00:00,34.2,60.0,0.0,6.5,242.0,5.739159353583025,3.05156515810829
2026-07-25 14:00:00,34.3,65.0,0.0,5.6,299.0,4.897870359980616,-2.714933873379487
2026-07-25 15:00:00,33.0,72.0,0.0,6.1,326.0,3.4110767111715554,-5.057129192585754
2026-07-25 16:00:00,31.9,78.0,0.5,3.9,338.0,1.4609657143220567,-3.616017032810471
2026-07-25 17:00:00,30.6,89.0,1.1,6.1,360.0,3.735172737399427e-16,-6.1
2026-07-25 18:00:00,29.5,96.0,0.2,7.1,24.0,-2.8878301658381806,-6.486172749262467
2026-07-25 19:00:00,28.9,94.0,0.0,7.4,56.0,-6.13487803690731,-4.1380274856835255
2026-07-25 20:00:00,28.7,90.0,0.0,4.2,65.0,-3.8064927055539304,-1.774996699310937
2026-07-25 21:00:00,28.3,91.0,0.0,2.9,97.0,-2.8783838397598336,0.35342109587492787
2026-07-25 22:00:00,28.4,86.0,0.0,4.8,135.0,-3.3941125496954276,3.394112549695428
2026-07-25 23:00:00,28.1,82.0,0.0,7.1,133.0,-5.19261128149611,4.84218835644374
2026-07-26 00:00:00,27.7,83.0,0.0,6.5,141.0,-4.0905825418239425,5.051448749470311
2026-07-26 01:00:00,27.6,85.0,0.0,5.2,155.0,-2.1976149610516367,4.71280049259058
2026-07-26 02:00:00,27.8,87.0,0.0,3.6,131.0,-2.716954488801979,2.3618125043658265
2026-07-26 03:00:00,27.2,89.0,0.0,3.5,141.0,-2.2026213686744303,2.7200108650993986
2026-07-26 04:00:00,26.6,93.0,0.0,1.8,180.0,1.1021821192326179e-16,1.8
2026-07-26 05:00:00,26.5,94.0,0.0,1.7000000000000002,221.0,1.1153003492838625,1.2830062863787126
2026-07-26 06:00:00,27.0,92.0,0.2,2.2,204.0,0.8948206147667606,2.0098000068137223
2026-07-26 07:00:00,27.0,93.0,0.4,1.7000000000000002,41.0,-1.1153003492838625,-1.2830062863787126
2026-07-26 08:00:00,28.9,87.0,0.4,3.2,317.0,2.182394752199995,-2.3403318451813457
2026-07-26 09:00:00,29.0,88.0,0.6,2.2,355.0,0.19174263404484793,-2.1916283358018402
2026-07-26 10:00:00,27.9,91.0,1.3,4.4,353.0,0.536225110982649,-4.367203067221817
2026-07-26 11:00:00,29.2,86.0,1.2,10.1,348.0,2.0999080772593706,-9.879290767411437
2026-07-26 12:00:00,29.7,83.0,0.2,15.7,345.0,4.063459008109575,-15.165035472738372
2026-07-26 13:00:00,30.0,83.0,0.2,18.5,336.0,7.524627896902304,-16.900590966388116
2026-07-26 14:00:00,30.4,75.0,0.2,25.1,331.0,12.168721468183062,-21.952954649198833
2026-07-26 15:00:00,30.5,80.0,0.1,15.8,307.0,12.618441058747226,-9.508677365802363
2026-07-26 16:00:00,30.6,81.0,0.4,8.7,275.0,8.666893873398186,-0.7582549619046259
2026-07-26 17:00:00,30.5,78.0,0.2,9.3,207.0,4.222111647577786,8.28636067495182
2026-07-26 18:00:00,29.9,78.0,0.0,10.7,188.0,1.4891521802727004,10.595868335534803
2026-07-26 19:00:00,29.0,80.0,0.0,14.1,169.0,-2.6904068348092816,13.840943286612061
2026-07-26 20:00:00,29.1,79.0,0.0,13.7,157.0,-5.35301646030305,12.610916492298431
2026-07-26 21:00:00,28.5,81.0,0.0,13.3,150.0,-6.649999999999998,11.518137870333035
2026-07-26 22:00:00,28.2,81.0,0.0,11.2,130.0,-8.579697762932552,7.199221228489241
2026-07-26 23:00:00,27.9,80.0,0.0,12.8,130.0,-9.805368871922918,8.227681403987706
2026-07-27 00:00:00,27.3,81.0,0.0,12.1,132.0,-8.992052388276468,8.096480336942186
2026-07-27 01:00:00,27.2,81.0,0.0,10.1,140.0,-6.4921548578340476,7.737048875501678
2026-07-27 02:00:00,27.3,84.0,0.0,9.3,146.0,-5.200494002277945,7.7100494247618885
2026-07-27 03:00:00,27.0,84.0,0.0,9.3,151.0,-4.508729468290935,8.133963276396383
2026-07-27 04:00:00,26.7,85.0,0.0,8.0,149.0,-4.120304599280434,6.857338405616899
2026-07-27 05:00:00,26.6,85.0,0.0,7.2,148.0,-3.8154187024790747,6.1059462923262675
2026-07-27 06:00:00,27.1,84.0,0.0,6.6,154.0,-2.8932495688079114,5.932040705574502
2026-07-27 07:00:00,28.2,79.0,0.0,4.4,171.0,-0.6883116461770157,4.3458286986186065
2026-07-27 08:00:00,29.8,72.0,0.0,4.3,298.0,3.796674649293386,-2.0187277199793305
2026-07-27 09:00:00,29.4,77.0,0.2,9.0,308.0,7.092096782460497,-5.5409532779309245
2026-07-27 10:00:00,28.3,86.0,0.6,11.0,320.0,7.070663706551933,-8.426488874308758
2026-07-27 11:00:00,28.6,84.0,0.5,10.5,327.0,5.718709867657784,-8.806040963426952
2026-07-27 12:00:00,28.6,83.0,0.2,14.3,336.0,5.8163339959839435,-13.063700044289194
2026-07-27 13:00:00,29.0,80.0,0.1,13.0,332.0,6.103130316216581,-11.47831870716605
2026-07-27 14:00:00,29.2,86.0,0.4,12.9,313.0,9.434462750887299,-8.797778844806231
2026-07-27 15:00:00,29.4,83.0,0.4,8.2,293.0,7.54813979831001,-3.2039952536120446
2026-07-27 16:00:00,28.8,85.0,0.3,10.2,283.0,9.9385746608094,-2.294500754307423
2026-07-27 17:00:00,28.1,88.0,0.2,1.7000000000000002,148.0,-0.9008627491964483,1.4416817634659245
2026-07-27 18:00:00,26.5,95.0,0.6,11.2,169.0,-2.137060748217302,10.994224454613835
2026-07-27 19:00:00,26.3,94.0,0.1,9.4,167.0,-2.1145399108323315,9.159078608981211
2026-07-27 20:00:00,25.7,93.0,0.0,12.0,172.0,-1.6700772115207843,11.883216824898845
2026-07-27 21:00:00,25.5,92.0,0.1,10.2,157.0,-3.9854575105905923,9.38914950521489
2026-07-27 22:00:00,25.4,90.0,0.0,8.4,137.0,-5.7287862245249865,6.143371093601033
2026-07-27 23:00:00,25.5,88.0,0.0,7.7,121.0,-6.6001882154062645,3.9657931768074186
2026-07-28 00:00:00,25.6,87.0,0.0,6.0,111.0,-5.601482558983211,2.150207697271801
2026-07-28 01:00:00,25.9,87.0,0.0,2.7,86.0,-2.6934229357015256,-0.18834247910913826
2026-07-28 02:00:00,26.8,85.0,0.0,5.3,38.0,-3.2630058192259876,-4.176456994115627
2026-07-28 03:00:00,26.7,91.0,0.0,5.1,356.0,0.35575801609503865,-5.087576656325103
2026-07-28 04:00:00,26.5,95.0,0.0,1.4,360.0,8.572527594031472e-17,-1.4
2026-07-28 05:00:00,26.1,96.0,0.0,3.4,164.0,-0.9371670097777968,3.2682897661902843
2026-07-28 06:00:00,26.3,90.0,0.0,7.8,161.0,-2.539431604765822,7.375044889674672
2026-07-28 07:00:00,26.9,86.0,0.0,8.3,147.0,-4.520503990624725,6.96096571394702
2026-07-28 08:00:00,29.9,74.0,0.0,7.7,139.0,-5.0516545232269054,5.811263767715346
2026-07-28 09:00:00,31.0,68.0,0.0,8.7,130.0,-6.664586655135107,5.592252204272893
2026-07-28 10:00:00,32.3,62.0,0.0,7.9,129.0,-6.139453095510071,4.971631089293716
2026-07-28 11:00:00,33.5,56.0,0.0,6.3,114.0,-5.755336383148385,2.5624408513775427
2026-07-28 12:00:00,34.0,53.0,0.0,5.9,101.0,-5.791600382341218,1.1257730727216153
2026-07-28 13:00:00,34.5,51.0,0.0,9.5,134.0,-6.833728103217187,6.599254519360473
2026-07-28 14:00:00,35.0,47.0,0.0,5.7,189.0,0.8916764507293163,5.629823541392286
2026-07-28 15:00:00,33.5,56.0,0.0,10.5,231.0,8.160032595298194,6.6078641060232925
2026-07-28 16:00:00,31.4,67.0,0.1,10.6,244.0,9.52721689077117,4.646734155964221
2026-07-28 17:00:00,30.8,73.0,0.4,6.6,235.0,5.406403492307345,3.7856044799169037
2026-07-28 18:00:00,30.7,73.0,0.0,4.1,221.0,2.6898420188610794,3.094309278913365
2026-07-28 19:00:00,29.7,78.0,0.0,2.8,169.0,-0.5342651870543255,2.748556113653459
2026-07-28 20:00:00,29.8,74.0,0.0,5.0,128.0,-3.9400537680336094,3.078307376628292
2026-07-28 21:00:00,29.0,78.0,0.0,4.8,101.0,-4.711810480548787,0.9158831778074158
2026-07-28 22:00:00,28.6,79.0,0.0,3.8,82.0,-3.763018661217967,-0.528857783648249
2026-07-28 23:00:00,28.6,81.0,0.0,0.9,143.0,-0.5416335208368436,0.7187719590425634
2026-07-29 00:00:00,27.9,83.0,0.0,6.7,160.0,-2.2915349602819806,6.295940559265587
2026-07-29 01:00:00,27.3,86.0,0.0,8.3,147.0,-4.520503990624725,6.96096571394702
2026-07-29 02:00:00,27.4,87.0,0.0,7.6,152.0,-3.5679838771727708,6.710401705727844
2026-07-29 03:00:00,27.0,89.0,0.0,9.1,166.0,-2.201489249956977,8.829691109111568
2026-07-29 04:00:00,26.8,90.0,0.0,9.0,168.0,-1.8712052173598341,8.803328406604251
2026-07-29 05:00:00,26.7,90.0,0.0,5.7,139.0,-3.739536465245891,4.301844607269802
2026-07-29 06:00:00,26.9,88.0,0.0,5.5,148.0,-2.914555953282626,4.664264528860343
2026-07-29 07:00:00,27.8,83.0,0.0,6.1,150.0,-3.0499999999999985,5.282754963085075
2026-07-29 08:00:00,30.1,72.0,0.0,6.9,137.0,-4.705788684431239,5.0463405411722775
2026-07-29 09:00:00,31.5,65.0,0.0,5.7,162.0,-1.7613968679371999,5.421022142882376
2026-07-29 10:00:00,32.4,60.0,0.0,1.1,288.0,1.0461621679246689,-0.33991869381244216
2026-07-29 11:00:00,32.3,65.0,0.0,8.4,341.0,2.734772497440117,-7.942356035034261
2026-07-29 12:00:00,31.3,75.0,0.1,15.0,342.0,4.635254915624212,-14.265847744427303
2026-07-29 13:00:00,31.8,74.0,0.2,12.8,320.0,8.227681403987704,-9.80536887192292
2026-07-29 14:00:00,31.8,66.0,0.3,8.7,330.0,4.3500000000000005,-7.534421012924615
2026-07-29 15:00:00,32.2,70.0,0.8,6.2,278.0,6.139662026197737,-0.8628732259524058
2026-07-29 16:00:00,32.0,65.0,0.5,5.2,176.0,-0.36273366346945174,5.187333061351086
2026-07-29 17:00:00,30.7,71.0,0.0,13.2,160.0,-4.514665891898827,12.40394259437399
2026-07-29 18:00:00,30.4,68.0,0.0,12.4,109.0,-11.72443033743153,4.037045115268742
2026-07-29 19:00:00,29.4,72.0,0.0,15.9,115.0,-14.410293813882735,6.7196303616771225
2026-07-29 20:00:00,29.4,76.0,0.0,17.1,107.0,-16.35281132696791,4.999556150758797
2026-07-29 21:00:00,29.4,76.0,0.0,15.6,119.0,-13.644067431374573,7.5630300758428595
2026-07-29 22:00:00,28.4,80.0,0.0,12.2,167.0,-2.744402862995153,11.88731479037987
2026-07-29 23:00:00,27.3,87.0,0.0,10.8,181.0,0.18848598952266288,10.798355107689027
2026-07-30 00:00:00,26.5,91.0,1.5,11.2,170.0,-1.9448595898696193,11.029846833736729
2026-07-30 01:00:00,26.4,94.0,0.1,10.0,146.0,-5.591929034707467,8.290375725550417
2026-07-30 02:00:00,27.3,92.0,1.4,7.1,131.0,-5.358438019581681,4.658019105832602
2026-07-30 03:00:00,27.2,91.0,0.0,6.6,135.0,-4.666904755831213,4.666904755831213
2026-07-30 04:00:00,27.2,91.0,0.0,4.0,141.0,-2.517281564199349,3.108583845827884
2026-07-30 05:00:00,27.1,95.0,0.6,3.5,125.0,-2.8670321550114717,2.0075175272286607
2026-07-30 06:00:00,26.9,95.0,0.3,3.2,133.0,-2.3403318451813457,2.1823947521999956
2026-07-30 07:00:00,27.2,95.0,0.1,5.1,126.0,-4.125986671312231,2.9977047866916133
2026-07-30 08:00:00,28.2,94.0,0.1,6.6,209.0,3.199743493625825,5.772490067120011
2026-07-30 09:00:00,29.9,82.0,0.0,7.9,219.0,4.971631089293717,6.139453095510071
2026-07-30 10:00:00,30.5,76.0,0.1,7.3,232.0,5.75247850132907,4.494328769877305
2026-07-30 11:00:00,31.1,71.0,0.0,3.9,257.0,3.8000432526624173,0.8773091119410735
2026-07-30 12:00:00,30.8,75.0,0.0,3.3,351.0,0.516233734632762,-3.2593715239639547
2026-07-30 13:00:00,31.6,77.0,0.0,6.6,334.0,2.893249568807911,-5.932040705574502
2026-07-30 14:00:00,32.4,74.0,0.1,8.1,47.0,-5.923964983115281,-5.524186716506237
2026-07-30 15:00:00,32.0,74.0,0.1,1.3,344.0,0.35832856256209894,-1.2496402047198145
2026-07-30 16:00:00,31.1,82.0,0.1,8.2,334.0,3.594643403670435,-7.370111179653169
2026-07-30 17:00:00,30.3,85.0,0.6,9.1,326.0,5.088655421583796,-7.5442419102508795
2026-07-30 18:00:00,29.4,91.0,0.1,9.0,285.0,8.693332436601615,-2.3293714059226867
2026-07-30 19:00:00,28.7,92.0,0.1,10.6,247.0,9.757351446595868,4.141749961986302
2026-07-30 20:00:00,29.4,88.0,0.1,1.8,191.0,0.34345619167778085,1.7669289302057951
2026-07-30 21:00:00,29.1,86.0,0.0,6.9,197.0,2.017364762586884,6.598502816144945
2026-07-30 22:00:00,29.0,84.0,0.0,7.8,188.0,1.0855501874885105,7.724090936184249
2026-07-30 23:00:00,28.8,83.0,0.0,9.0,181.0,0.1570716579355524,8.998629256407522
2026-07-31 00:00:00,28.3,84.0,0.0,8.3,176.0,-0.5789787320762403,8.27978161715654
2026-07-31 01:00:00,28.0,84.0,0.0,5.9,203.0,2.305313658086715,5.4309786353693985
2026-07-31 02:00:00,28.8,80.0,0.0,9.9,251.0,9.360633898433237,3.2231247291258516
2026-07-31 03:00:00,28.5,84.0,0.0,11.8,242.0,10.41878159573534,5.539764440873512
2026-07-31 04:00:00,28.2,86.0,0.0,12.6,245.0,11.41947811666179,5.324990097932813
2026-07-31 05:00:00,27.9,88.0,0.0,13.4,242.0,11.831497744309623,6.290918941330937
2026-07-31 06:00:00,27.9,89.0,0.0,11.8,241.0,10.32051254424487,5.720753518906777
2026-07-31 07:00:00,28.2,88.0,0.1,13.6,250.0,12.779819642688354,4.651473949229095
2026-07-31 08:00:00,29.6,84.0,0.2,11.7,260.0,11.522250710242833,2.031683678703085
2026-07-31 09:00:00,30.5,77.0,0.0,11.8,281.0,11.583200764682436,-2.251546145443229
2026-07-31 10:00:00,30.7,77.0,0.0,11.2,294.0,10.23170912559713,-4.555450402448962
2026-07-31 11:00:00,31.0,75.0,0.0,11.8,306.0,9.54640053362438,-6.935865977051184
2026-07-31 12:00:00,31.2,74.0,0.0,6.7,322.0,4.124931884681911,-5.279672049165038
2026-07-31 13:00:00,31.7,71.0,0.0,6.8,338.0,2.5473248352282014,-6.304850211054155
2026-07-31 14:00:00,32.3,75.0,0.0,8.4,345.0,2.174079978861174,-8.113776940828174
2026-07-31 15:00:00,32.2,79.0,0.0,5.9,12.0,-1.226678975824783,-5.771070844329453
2026-07-31 16:00:00,32.8,74.0,0.0,6.8,35.0,-3.9003197671871153,-5.5702339011651425
2026-07-31 17:00:00,33.1,61.0,0.0,7.5,134.0,-5.3950485025398836,5.2099377784424785
2026-07-31 18:00:00,31.3,75.0,0.0,8.6,272.0,8.594761112364223,-0.30013567164150834
2026-07-31 19:00:00,29.1,86.0,0.0,18.5,246.0,16.900590966388116,7.524627896902304
2026-07-31 20:00:00,28.9,88.0,0.0,13.8,243.0,12.295890033799477,6.2650688964057455
2026-07-31 21:00:00,29.0,85.0,0.0,10.7,262.0,10.595868335534803,1.4891521802727001
2026-07-31 22:00:00,28.5,89.0,0.0,6.2,263.0,6.153786140176196,0.7555899291119144
2026-07-31 23:00:00,28.3,90.0,0.0,5.9,256.0,5.7247447850283795,1.4273391840380396
2026-08-01 00:00:00,28.2,90.0,0.0,6.6,241.0,5.772490067120011,3.1997434936258244
2026-08-01 01:00:00,27.9,90.0,0.0,6.3,217.0,3.7914346458579047,5.031403713297944
2026-08-01 02:00:00,28.4,86.0,0.0,6.0,209.0,2.9088577214780225,5.247718242836374
2026-08-01 03:00:00,27.9,86.0,0.0,4.2,227.0,3.071685546800516,2.8643931122624937
2026-08-01 04:00:00,28.1,84.0,0.0,7.4,266.0,7.381973971922699,0.5161979057065272
2026-08-01 05:00:00,27.8,86.0,0.0,6.9,256.0,6.695040511304376,1.6692610796377074
2026-08-01 06:00:00,27.9,86.0,0.0,7.5,249.0,7.001853198729013,2.687759621589752
2026-08-01 07:00:00,28.9,82.0,0.0,7.5,233.0,5.989766325354696,4.513612673640362
2026-08-01 08:00:00,30.9,72.0,0.0,7.0,226.0,5.0353786023705585,4.862608593212981
2026-08-01 09:00:00,31.8,66.0,0.0,6.2,260.0,6.10580806867569,1.0766187015349682
2026-08-01 10:00:00,32.1,64.0,0.1,8.2,303.0,6.877098657152477,-4.466040087123222
2026-08-01 11:00:00,31.7,71.0,0.2,9.3,316.0,6.460322845268675,-6.689860143149455
2026-08-01 12:00:00,32.0,70.0,0.1,10.3,322.0,6.341313195854281,-8.116510762149238
2026-08-01 13:00:00,31.6,69.0,0.1,11.5,320.0,7.392057511395203,-8.809511095868247
2026-08-01 14:00:00,31.7,68.0,0.0,12.0,317.0,8.183980320749981,-8.776244419430046
2026-08-01 15:00:00,31.8,67.0,0.0,12.0,327.0,6.5356684201803255,-10.064046815345089
2026-08-01 16:00:00,31.0,72.0,0.0,11.7,329.0,6.0259454764476335,-10.028857418214713
2026-08-01 17:00:00,30.1,76.0,0.0,12.6,329.0,6.489479743866682,-10.800307988846615
2026-08-01 18:00:00,29.5,76.0,0.0,10.6,320.0,6.813548662677317,-8.120071097061167
2026-08-01 19:00:00,29.0,77.0,0.0,6.4,302.0,5.4275078154011265,-3.3914832910925115
2026-08-01 20:00:00,28.7,80.0,0.0,5.5,322.0,3.3861381142911204,-4.334059144836971
2026-08-01 21:00:00,28.4,84.0,0.0,1.4,270.0,1.4,0.0
2026-08-01 22:00:00,28.4,83.0,0.0,1.5,194.0,0.3628828433995015,1.4554435894139948
2026-08-01 23:00:00,28.2,82.0,0.0,2.4,216.0,1.4106846055019355,1.9416407864998737
2026-08-02 00:00:00,28.1,81.0,0.0,2.7,212.0,1.4307820134296534,2.28972985962235
2026-08-02 01:00:00,28.0,80.0,0.0,1.4,220.0,0.8999026535611551,1.0724622203665692
2026-08-02 02:00:00,27.9,84.0,0.0,1.6,264.0,1.5912350325892373,0.16724554122824556
2026-08-02 03:00:00,27.5,84.0,0.0,3.8,259.0,3.730183297101123,0.7250741824308702
2026-08-02 04:00:00,27.5,84.0,0.0,4.5,263.0,4.466457682385949,0.5484120453231637
2026-08-02 05:00:00,27.1,87.0,0.0,2.7,242.0,2.383958500719103,1.2675732195219052
2026-08-02 06:00:00,27.9,83.0,0.0,1.8,191.0,0.34345619167778085,1.7669289302057951
2026-08-02 07:00:00,28.7,80.0,0.0,1.3,188.0,0.18092503124808512,1.2873484893640414
2026-08-02 08:00:00,30.8,67.0,0.0,0.7000000000000001,194.0,0.1693453269197674,0.6792070083931976
2026-08-02 09:00:00,31.5,63.0,0.0,3.2,344.0,0.8820395386143973,-3.0760374270026207
2026-08-02 10:00:00,32.1,65.0,0.0,7.3,349.0,1.3929056662487778,-7.165878439167947
2026-08-02 11:00:00,32.1,69.0,0.0,12.1,345.0,3.131710445740501,-11.687702498097726
2026-08-02 12:00:00,31.7,64.0,0.0,15.7,350.0,2.7262763893708075,-15.461481722291666
2026-08-02 13:00:00,32.1,67.0,0.1,16.8,3.0,-0.8792440648814643,-16.77697618387684
2026-08-02 14:00:00,33.7,61.0,0.0,15.9,16.0,-4.382633957490282,-15.284060965419272
2026-08-02 15:00:00,33.4,62.0,0.0,14.7,23.0,-5.743747588792325,-13.531421345750871
2026-08-02 16:00:00,33.2,64.0,0.0,13.3,30.0,-6.650000000000007,-11.518137870333032
2026-08-02 17:00:00,32.8,64.0,0.0,12.1,49.0,-9.131985920695543,-7.938314250785135
2026-08-02 18:00:00,31.9,63.0,0.0,7.7,72.0,-7.323135175472683,-2.3794308566870943
2026-08-02 19:00:00,30.6,69.0,0.0,7.2,152.0,-3.3801952520584146,6.357222668584273
2026-08-02 20:00:00,29.7,76.0,0.0,12.7,191.0,2.42327424128212,12.466665229785331
2026-08-02 21:00:00,29.1,76.0,0.0,12.7,216.0,7.464872704114408,10.274515828561832
2026-08-02 22:00:00,28.9,76.0,0.0,12.0,213.0,6.5356684201803255,10.064046815345089
2026-08-02 23:00:00,28.5,78.0,0.0,12.7,220.0,8.16340264301905,9.72876442761102
2026-08-03 00:00:00,28.2,79.0,0.0,9.1,214.0,5.088655421583796,7.5442419102508795
2026-08-03 01:00:00,28.0,79.0,0.0,8.1,197.0,2.3682108082541675,7.746068523300587
2026-08-03 02:00:00,28.1,79.0,0.0,6.5,188.0,0.9046251562404255,6.436742446820207
2026-08-03 03:00:00,27.7,81.0,0.0,5.1,176.0,-0.35575801609503915,5.087576656325103
2026-08-03 04:00:00,27.3,83.0,0.0,5.0,150.0,-2.499999999999999,4.330127018922194
2026-08-03 05:00:00,26.9,85.0,0.0,4.6,126.0,-3.7214781741247576,2.7038121605453767
2026-08-03 06:00:00,27.1,85.0,0.0,5.6,105.0,-5.409184627218782,1.4493866525741177
2026-08-03 07:00:00,28.7,77.0,0.0,5.0,109.0,-4.727592877996584,1.6278407722857828
2026-08-03 08:00:00,31.0,65.0,0.0,5.1,98.0,-5.050367150582009,0.7097828148963331
2026-08-03 09:00:00,31.9,61.0,0.0,4.9,33.0,-2.668731271573632,-4.109485782932578
2026-08-03 10:00:00,32.5,61.0,0.0,9.2,4.0,-0.6417595584459553,-9.177589262390383
2026-08-03 11:00:00,33.0,65.0,0.0,12.1,4.0,-0.8440533323039195,-12.070525008143873
2026-08-03 12:00:00,34.5,56.0,0.0,12.7,29.0,-6.157082177128477,-11.107670280670328
2026-08-03 13:00:00,35.2,52.0,0.0,16.6,49.0,-12.528179031698018,-10.890579881242418
2026-08-03 14:00:00,35.2,50.0,0.0,19.4,55.0,-15.89154965920644,-11.127382865210295
2026-08-03 15:00:00,34.4,51.0,0.0,18.9,62.0,-16.687709505033716,-8.873012536653336
2026-08-03 16:00:00,33.2,54.0,0.0,19.9,72.0,-18.926024674273556,-6.149438188061451
2026-08-03 17:00:00,31.9,58.0,0.0,19.2,84.0,-19.094820391070847,-2.0069464947389473
2026-08-03 18:00:00,30.7,63.0,0.0,18.2,92.0,-18.18891305174754,0.6351708399855208
2026-08-03 19:00:00,29.7,66.0,0.0,20.0,94.0,-19.951281005196485,1.3951294748825105
2026-08-03 20:00:00,29.6,68.0,0.0,19.1,89.0,-19.097090977487074,-0.33334096295211746
2026-08-03 21:00:00,29.3,69.0,0.0,18.1,96.0,-18.000846306165748,1.8919651851445327
2026-08-03 22:00:00,29.0,70.0,0.0,18.6,99.0,-18.37100313506956,2.9096810497482966
2026-08-03 23:00:00,28.9,70.0,0.0,18.4,94.0,-18.355178524780765,1.2835191168919096
2026-08-04 00:00:00,28.7,71.0,0.0,17.1,89.0,-17.097395587174294,-0.2984361500775502
2026-08-04 01:00:00,28.7,73.0,0.0,19.1,92.0,-19.08836479606473,0.6665803870177719
2026-08-04 02:00:00,28.8,73.0,0.0,20.0,97.0,-19.85092303282644,2.437386868102951
2026-08-04 03:00:00,28.5,76.0,0.0,18.0,93.0,-17.975331625582328,0.9420472123729885
2026-08-04 04:00:00,28.1,79.0,0.0,17.5,92.0,-17.489339472834175,0.61074119229377
2026-08-04 05:00:00,27.8,80.0,0.0,15.2,95.0,-15.142159410994532,1.3247672897644045
2026-08-04 06:00:00,27.7,81.0,0.0,13.8,99.0,-13.6300991002129,2.1587956175551875
2026-08-04 07:00:00,29.1,75.0,0.0,14.4,102.0,-14.085325450566803,2.9939283477757344
2026-08-04 08:00:00,31.4,65.0,0.0,14.5,96.0,-14.420567482839962,1.5156627173809791
2026-08-04 09:00:00,32.5,58.0,0.0,13.5,85.0,-13.448628424238565,-1.1766025270933822
2026-08-04 10:00:00,33.4,54.0,0.0,13.4,73.0,-12.814483729904675,-3.917780843284673
2026-08-04 11:00:00,34.3,51.0,0.0,13.9,59.0,-11.914625479759362,-7.159029241249753
2026-08-04 12:00:00,34.8,49.0,0.0,17.0,50.0,-13.022755533022627,-10.927389364671168
2026-08-04 13:00:00,34.2,54.0,0.0,22.3,47.0,-16.309187546107506,-15.208563429393713
2026-08-04 14:00:00,34.0,56.0,0.0,24.2,57.0,-20.29582774427926,-13.180264647363655
2026-08-04 15:00:00,33.2,57.0,0.0,22.6,61.0,-19.766405381350346,-10.956697417567216
2026-08-04 16:00:00,32.6,58.0,0.0,20.9,69.0,-19.511830913791513,-7.489890145496779
2026-08-04 17:00:00,31.7,61.0,0.0,20.3,67.0,-18.68624852508454,-7.931841908332253
2026-08-04 18:00:00,30.2,68.0,0.0,19.1,67.0,-17.58164270094161,-7.462964554145126
2026-08-04 19:00:00,29.0,74.0,0.0,16.7,71.0,-15.790160212508589,-5.436988179434517
2026-08-04 20:00:00,29.4,77.0,0.0,16.3,74.0,-15.668565643794599,-4.492888899817084
2026-08-04 21:00:00,28.9,78.0,0.0,12.5,83.0,-12.406826895516526,-1.5233667925643413
2026-08-04 22:00:00,28.7,78.0,0.0,11.5,88.0,-11.492994510719601,-0.40134421207876037
2026-08-04 23:00:00,28.4,78.0,0.0,10.8,86.0,-10.773691742806102,-0.753369916436553
2026-08-05 00:00:00,28.1,79.0,0.0,8.5,86.0,-8.479294427208506,-0.5929300268250648
2026-08-05 01:00:00,27.7,81.0,0.0,6.0,74.0,-5.767570175629913,-1.653824134901994
2026-08-05 02:00:00,27.8,81.0,0.0,8.5,66.0,-7.765136389962107,-3.4572614661443017
2026-08-05 03:00:00,27.5,83.0,0.0,6.4,63.0,-5.702441754805555,-2.905539198333099
2026-08-05 04:00:00,26.9,87.0,0.0,2.9,83.0,-2.878383839759834,-0.3534210958749272
2026-08-05 05:00:00,26.4,90.0,0.0,2.0,135.0,-1.414213562373095,1.4142135623730951
2026-08-05 06:00:00,26.7,87.0,0.0,5.4,150.0,-2.699999999999999,4.676537180435969
2026-08-05 07:00:00,28.2,79.0,0.0,3.8,107.0,-3.633958072659535,1.111012477946399
2026-08-05 08:00:00,31.0,66.0,0.0,2.7,157.0,-1.0549740469210394,2.4853631043215887
2026-08-05 09:00:00,31.7,63.0,0.0,4.3,294.0,3.9282454678631837,-1.7489675652259409
2026-08-05 10:00:00,31.2,69.0,0.4,11.2,345.0,2.8987733051482323,-10.818369254437565
2026-08-05 11:00:00,31.4,69.0,0.3,12.8,346.0,3.0966002636757466,-12.419785296332755
2026-08-05 12:00:00,31.2,69.0,0.1,15.8,343.0,4.619472934619242,-15.10961514421596
2026-08-05 13:00:00,30.4,77.0,0.2,17.8,354.0,1.8606066461642317,-17.702489737555265
2026-08-05 14:00:00,32.0,67.0,0.3,16.6,358.0,0.579331645261518,-16.58988772851699
2026-08-05 15:00:00,31.4,70.0,0.0,17.3,4.0,-1.2067869957733726,-17.257858069494958
2026-08-05 16:00:00,31.2,72.0,0.0,16.2,9.0,-2.5342383336517424,-16.00055111764123
2026-08-05 17:00:00,30.7,74.0,0.0,15.6,17.0,-4.560998593674698,-14.918354193023351
2026-08-05 18:00:00,30.3,73.0,0.0,13.1,38.0,-8.06516532676612,-10.32294087224806
2026-08-05 19:00:00,29.8,75.0,0.0,10.9,52.0,-8.58931721431327,-6.710710081049674
2026-08-05 20:00:00,29.6,77.0,0.0,10.9,83.0,-10.818753052890411,-1.3283758431161057
2026-08-05 21:00:00,29.0,80.0,0.0,8.6,92.0,-8.594761112364223,0.30013567164150984
2026-08-05 22:00:00,28.6,83.0,0.0,7.6,76.0,-7.3742475196975725,-1.838606406557473
2026-08-05 23:00:00,28.4,85.0,0.0,8.2,58.0,-6.953994388482693,-4.345337966712279
2026-08-06 00:00:00,28.1,86.0,0.0,6.2,52.0,-4.885666672361677,-3.817101147019081
2026-08-06 01:00:00,28.0,88.0,0.0,4.8,59.0,-4.114403043370139,-2.47218275956826
2026-08-06 02:00:00,28.0,88.0,0.0,3.6,70.0,-3.3828934348292705,-1.2312725159724072
2026-08-06 03:00:00,27.7,89.0,0.0,2.8,27.0,-1.2711733992707313,-2.4948182677274295
2026-08-06 04:00:00,27.8,88.0,0.0,3.6,41.0,-2.3618125043658265,-2.716954488801979
2026-08-06 05:00:00,27.3,91.0,0.0,3.4,84.0,-3.381374444252129,-0.3553967751100219
2026-08-06 06:00:00,27.3,91.0,0.0,4.7,94.0,-4.688551036221174,0.32785542659739
2026-08-06 07:00:00,28.9,81.0,0.0,4.5,56.0,-3.7306690764976884,-2.51636806561836
2026-08-06 08:00:00,31.1,68.0,0.1,7.4,43.0,-5.04678786446249,-5.412017391981862
2026-08-06 09:00:00,31.8,64.0,0.0,9.7,18.0,-2.997464845436991,-9.225248208062988
2026-08-06 10:00:00,31.8,65.0,0.2,13.6,5.0,-1.1853181013681522,-13.548247894047739
2026-08-06 11:00:00,30.7,71.0,0.7000000000000001,20.2,2.0,-0.7049698333905153,-20.187694705785734
2026-08-06 12:00:00,30.4,75.0,0.6,16.9,24.0,-6.873849267981021,-15.438918234159955
2026-08-06 13:00:00,31.6,70.0,0.0,16.8,13.0,-3.7791777129769364,-16.369417088391952
2026-08-06 14:00:00,30.8,73.0,0.2,18.1,10.0,-3.143032015771439,-17.825020329520967
2026-08-06 15:00:00,30.1,76.0,0.0,15.4,6.0,-1.6097383343218619,-15.315637188671412
2026-08-06 16:00:00,29.7,79.0,0.0,16.0,3.0,-0.8373752998871089,-15.978072556073181
2026-08-06 17:00:00,29.7,78.0,0.0,15.4,11.0,-2.938458528798787,-15.117058625094026
2026-08-06 18:00:00,29.3,80.0,0.0,13.0,26.0,-5.69882490825801,-11.684322601889168
2026-08-06 19:00:00,28.9,83.0,0.0,10.2,42.0,-6.825132184860353,-7.5800772198694215
2026-08-06 20:00:00,28.6,86.0,0.0,6.9,85.0,-6.873743416833045,-0.6013746249588399
2026-08-06 21:00:00,28.0,90.0,0.0,6.0,117.0,-5.346039145130207,2.7239429984372814
2026-08-06 22:00:00,27.5,90.0,0.0,3.2,142.0,-1.9701167210421067,2.521634411541511
2026-08-06 23:00:00,27.2,91.0,0.0,1.0,121.0,-0.8571673007021122,0.5150380749100544
2026-08-07 00:00:00,27.4,90.0,0.0,0.6000000000000001,326.0,0.3355157420824481,-0.4974225435330251
2026-08-07 01:00:00,27.6,88.0,0.0,5.3,305.0,4.341505834731656,-3.039955112660544
2026-08-07 02:00:00,27.3,88.0,0.0,8.1,321.0,5.097495167503683,-6.294882287801464
2026-08-07 03:00:00,25.4,97.0,2.4,3.6,354.0,0.3763024677635525,-3.580278823325784
2026-08-07 04:00:00,25.7,96.0,0.0,1.9,214.0,1.062466516594419,1.5751713878545792
2026-08-07 05:00:00,25.2,98.0,0.8,3.0,295.0,2.7189233611099497,-1.2678547852220983
2026-08-07 06:00:00,25.6,96.0,0.0,7.8,232.0,6.146483878132431,4.802159507540135
2026-08-07 07:00:00,26.4,97.0,0.5,6.8,253.0,6.502872340548641,1.98812759211461
2026-08-07 08:00:00,27.9,94.0,0.9,4.7,223.0,3.205392292293743,3.437362397610101
2026-08-07 09:00:00,28.6,86.0,0.4,10.2,283.0,9.9385746608094,-2.294500754307423
2026-08-07 10:00:00,28.5,85.0,0.7000000000000001,13.9,311.0,10.490463165096532,-9.119220502968052
2026-08-07 11:00:00,29.2,82.0,0.6,15.3,311.0,11.547056577408412,-10.037703143554761
2026-08-07 12:00:00,29.9,77.0,0.4,18.4,306.0,14.885912696499032,-10.815248642181505
2026-08-07 13:00:00,30.9,71.0,0.1,19.9,303.0,16.689544302113937,-10.838316796799038
2026-08-07 14:00:00,31.1,67.0,0.0,20.0,315.0,14.142135623730951,-14.14213562373095
2026-08-07 15:00:00,30.9,67.0,0.0,18.9,312.0,14.04543720152275,-12.64656846018242
2026-08-07 16:00:00,30.5,69.0,0.0,15.9,307.0,12.698304609751956,-9.568858868117568
2026-08-07 17:00:00,30.2,70.0,0.0,12.0,282.0,11.737771208805668,-2.494940289813112
2026-08-07 18:00:00,29.8,70.0,0.0,11.4,267.0,11.384376696202143,0.5966299011695597
2026-08-07 19:00:00,29.4,71.0,0.0,10.7,265.0,10.659283269581676,0.9325664473999423
2026-08-07 20:00:00,29.9,68.0,0.0,9.5,251.0,8.98242646819351,3.0928974673429885
2026-08-07 21:00:00,29.6,70.0,0.0,11.3,271.0,11.298278955267222,-0.1972121927413037
2026-08-07 22:00:00,26.6,92.0,2.3,11.1,340.0,3.796423590914924,-10.430588090723582
2026-08-07 23:00:00,25.9,97.0,4.9,8.9,228.0,6.613988946748809,5.955262396593839
2026-08-08 00:00:00,25.6,96.0,0.9,8.5,253.0,8.1285904256858,2.4851594901432623
2026-08-08 01:00:00,25.3,97.0,2.6,10.3,251.0,9.738841328672963,3.353351990908714
2026-08-08 02:00:00,26.1,94.0,0.2,20.4,242.0,18.01213089432211,9.577219880832171
2026-08-08 03:00:00,25.8,89.0,0.1,25.1,235.0,20.560716311653696,14.396768552411256
2026-08-08 04:00:00,25.3,92.0,11.6,13.1,255.0,12.653628324386794,3.3905294908430217
2026-08-08 05:00:00,25.1,93.0,3.9,17.9,241.0,15.655692757795183,8.678092202409433
2026-08-08 06:00:00,23.8,96.0,3.2,17.5,242.0,15.451582875031223,8.215752348753089
2026-08-08 07:00:00,24.1,96.0,2.1,17.8,244.0,15.998534024125174,7.803006412845578
2026-08-08 08:00:00,26.0,95.0,3.0,11.6,248.0,10.755332712974734,4.345436483624579
2026-08-08 09:00:00,26.1,95.0,1.5,14.9,216.0,8.75800025915785,12.054353216186717
2026-08-08 10:00:00,27.4,89.0,0.8,19.2,260.0,18.908308857834392,3.3340450112050624
2026-08-08 11:00:00,29.5,81.0,1.0,26.2,278.0,25.945023401029143,-3.6463352451537143
2026-08-08 12:00:00,27.0,91.0,1.8,22.2,294.0,20.28070915966574,-9.029553476282764
2026-08-08 13:00:00,26.2,94.0,2.1,18.0,286.0,17.30271052688974,-4.961472404705985
2026-08-08 14:00:00,28.8,81.0,1.2,25.6,294.0,23.386763715650584,-10.412458062740486
2026-08-08 15:00:00,28.4,82.0,0.8,31.4,312.0,23.334747519990177,-21.01070103966815
2026-08-08 16:00:00,27.8,74.0,1.0,33.1,311.0,24.980887105373753,-21.715553859585793
2026-08-08 17:00:00,26.6,82.0,1.4,29.5,303.0,24.74078175439001,-16.0668515329433
2026-08-08 18:00:00,26.0,87.0,2.1,25.1,297.0,22.364263757128036,-11.395161543462624
2026-08-08 19:00:00,26.1,87.0,1.6,24.5,287.0,23.42946652109437,-7.163106765707051
2026-08-08 20:00:00,25.6,93.0,0.9,22.4,265.0,22.314761237255098,1.9522886375475428
2026-08-08 21:00:00,25.1,93.0,3.1,26.6,264.0,26.454282416796072,2.7804571229195827
2026-08-08 22:00:00,25.7,94.0,3.5,27.4,270.0,27.4,0.0
2026-08-08 23:00:00,25.2,96.0,0.9,27.0,251.0,25.529001541181554,8.790340170343232
2026-08-09 00:00:00,25.8,95.0,4.6,34.6,245.0,31.35824943146809,14.622591856228201
2026-08-09 01:00:00,24.6,94.0,2.2,34.2,234.0,27.668381207623206,20.102255628402585
2026-08-09 02:00:00,25.1,94.0,1.8,34.2,235.0,28.01499991468352,19.616314123205775
2026-08-09 03:00:00,25.0,95.0,3.1,33.6,237.0,28.17933108296625,18.29987157650491
2026-08-09 04:00:00,25.3,95.0,3.5,35.8,228.0,26.604584752090712,23.954875707647123
2026-08-09 05:00:00,25.1,94.0,6.4,35.1,233.0,28.03210640265998,21.123707312636895
2026-08-09 06:00:00,25.1,94.0,11.6,35.8,228.0,26.604584752090712,23.954875707647123
2026-08-09 07:00:00,25.0,94.0,14.1,39.4,222.0,26.363745890539015,29.279906123809333
2026-08-09 08:00:00,24.7,94.0,7.2,37.3,225.0,26.375082938258224,26.375082938258217
2026-08-09 09:00:00,25.3,94.0,3.8,35.9,234.0,29.04371009806061,21.101490557299783
2026-08-09 10:00:00,25.1,94.0,2.4,37.2,227.0,27.206357700233145,25.370338994324946
2026-08-09 11:00:00,24.9,94.0,2.1,36.4,232.0,28.683591431284675,22.41007770185396
2026-08-09 12:00:00,25.1,94.0,1.8,36.9,225.0,26.092240225783605,26.092240225783602
2026-08-09 13:00:00,25.7,89.0,0.8,39.1,222.0,26.163006708631357,29.056962676166116
2026-08-09 14:00:00,25.0,93.0,0.9,34.1,213.0,18.572191094012425,28.59866636693896
2026-08-09 15:00:00,25.6,91.0,1.4,31.9,211.0,16.429714589630727,27.34363689239738
2026-08-09 16:00:00,26.3,84.0,0.5,30.9,218.0,19.02393958756284,24.349532286447708
2026-08-09 17:00:00,25.9,90.0,1.0,33.5,225.0,23.688077169749345,23.68807716974934
2026-08-09 18:00:00,26.0,90.0,0.4,36.2,222.0,24.22252795019067,26.901842682281675
2026-08-09 19:00:00,26.9,84.0,0.0,29.6,214.0,16.552109942734106,24.539512147629235
2026-08-09 20:00:00,28.3,72.0,0.0,29.9,225.0,21.142492757477772,21.14249275747777
2026-08-09 21:00:00,29.1,66.0,0.0,29.4,220.0,18.897955724784257,22.521706627697952
2026-08-09 22:00:00,28.9,66.0,0.0,23.6,201.0,8.45748360926909,22.03249806533396
2026-08-09 23:00:00,27.6,73.0,0.0,15.4,170.0,-2.6741819360707266,15.166039396388005
2026-08-10 00:00:00,26.5,80.0,0.0,10.7,139.0,-7.019831610198426,8.075392508383661
2026-08-10 01:00:00,26.2,79.0,0.0,7.3,97.0,-7.24558690698165,0.8896462068575771
2026-08-10 02:00:00,26.8,78.0,0.0,12.1,94.0,-12.070525008143873,0.8440533323039188
2026-08-10 03:00:00,27.2,76.0,0.0,11.0,92.0,-10.993299097210054,0.38389446372751257
2026-08-10 04:00:00,27.1,80.0,0.0,9.3,114.0,-8.495972756076188,3.782650780604944
2026-08-10 05:00:00,26.7,87.0,0.3,12.9,148.0,-6.835958508608342,10.939820440417897
2026-08-10 06:00:00,26.6,92.0,0.1,8.1,148.0,-4.292346040288959,6.869189578867051
2026-08-10 07:00:00,28.0,91.0,0.0,6.3,180.0,3.8576374173141627e-16,6.3
2026-08-10 08:00:00,29.6,85.0,0.0,13.0,53.0,-10.382261630614806,-7.823595300976629
2026-08-10 09:00:00,30.6,79.0,0.0,8.0,56.0,-6.632300580440335,-4.4735432277659735
2026-08-10 10:00:00,30.8,81.0,0.1,7.8,341.0,2.5394316047658227,-7.375044889674671
2026-08-10 11:00:00,29.8,87.0,0.6,9.8,337.0,3.8291650591948825,-9.020947563833916
2026-08-10 12:00:00,30.3,86.0,0.4,6.8,297.0,6.058844364480901,-3.087135398228918
2026-08-10 13:00:00,31.0,78.0,0.4,6.1,313.0,4.461257579876939,-4.1601899963812405
2026-08-10 14:00:00,31.3,78.0,0.4,10.0,306.0,8.090169943749475,-5.877852522924732
2026-08-10 15:00:00,30.8,77.0,0.4,10.7,284.0,10.382164271153162,-2.5885642829164444
2026-08-10 16:00:00,30.6,80.0,0.3,5.6,263.0,5.558258449191403,0.6824683230688259
2026-08-10 17:00:00,29.9,84.0,0.4,7.7,249.0,7.188569284028453,2.7594332114988123
2026-08-10 18:00:00,29.2,89.0,0.3,5.5,203.0,2.1490212066910055,5.062776693988422
2026-08-10 19:00:00,28.2,95.0,0.3,5.8,146.0,-3.2433188401303306,4.808417920819242
2026-08-10 20:00:00,28.2,96.0,0.5,5.6,130.0,-4.289848881466276,3.5996106142446207
2026-08-10 21:00:00,27.8,95.0,0.4,7.0,134.0,-5.0353786023705585,4.86260859321298
2026-08-10 22:00:00,27.6,95.0,0.0,10.5,142.0,-6.464445490919412,8.274112912870581
2026-08-10 23:00:00,27.2,97.0,0.0,9.9,136.0,-6.877117867544074,7.121464023352646
2026-08-11 00:00:00,26.9,98.0,0.0,4.6,144.0,-2.7038121605453758,3.721478174124758
2026-08-11 01:00:00,27.0,97.0,0.0,5.6,138.0,-3.747131395609606,4.161611022673408
2026-08-11 02:00:00,27.5,96.0,0.0,1.7000000000000002,103.0,-1.6564291101348998,0.3824167923845709
2026-08-11 03:00:00,27.1,99.0,0.0,5.3,18.0,-1.6377900701872221,-5.040599536364313
2026-08-11 04:00:00,27.3,95.0,0.1,2.0,270.0,2.0,0.0
2026-08-11 05:00:00,27.2,84.0,0.0,17.8,227.0,13.018095888821234,12.139570809112474
2026-08-11 06:00:00,27.8,78.0,0.0,17.4,230.0,13.329173310270216,11.184504408545783
2026-08-11 07:00:00,28.8,74.0,0.0,16.3,229.0,12.301766157631185,10.693762172545268
2026-08-11 08:00:00,29.6,85.0,0.0,10.6,189.0,1.6582053294264478,10.46949641030846
2026-08-11 09:00:00,31.2,73.0,0.0,9.8,198.0,3.028366544874485,9.320353859692505
2026-08-11 10:00:00,32.0,69.0,0.0,11.8,234.0,9.54640053362438,6.935865977051184
2026-08-11 11:00:00,31.5,71.0,0.2,14.9,255.0,14.392294811707119,3.856403772027559
2026-08-11 12:00:00,31.4,74.0,0.5,14.3,252.0,13.600108183020696,4.418943019561748
2026-08-11 13:00:00,31.5,76.0,0.1,13.3,247.0,12.242714550917457,5.196724008907341
2026-08-11 14:00:00,32.2,72.0,0.0,12.5,252.0,11.888206453689419,3.8627124296868423
2026-08-11 15:00:00,31.9,73.0,0.2,7.7,246.0,7.034300023848027,3.1318721516836616
2026-08-11 16:00:00,31.3,74.0,0.0,4.4,159.0,-1.5768189779993214,4.107753876587688
2026-08-11 17:00:00,29.5,83.0,0.3,3.5,75.0,-3.380740392011739,-0.9058666578588228
2026-08-11 18:00:00,28.5,95.0,0.4,2.3,219.0,1.447436899414626,1.7874357113510329
2026-08-11 19:00:00,28.0,98.0,0.2,3.3,45.0,-2.333452377915607,-2.3334523779156067
2026-08-11 20:00:00,28.1,93.0,0.1,5.4,37.0,-3.2498011250210608,-4.312631754255381
2026-08-11 21:00:00,27.8,96.0,0.0,2.5,8.0,-0.3479327524001646,-2.475670171853926
2026-08-11 22:00:00,27.5,97.0,0.0,4.3,360.0,2.632990618166809e-16,-4.3
2026-08-11 23:00:00,27.5,97.0,0.1,4.6,321.0,2.894873798829252,-3.5748714227020657
2026-08-12 00:00:00,27.4,97.0,0.1,2.1,239.0,1.800051331474436,1.0815799573111138
2026-08-12 01:00:00,27.1,93.0,0.3,6.0,243.0,5.346039145130208,2.7239429984372805
2026-08-12 02:00:00,27.3,95.0,0.0,6.2,60.0,-5.36935750346352,-3.100000000000001
2026-08-12 03:00:00,27.0,96.0,0.0,1.8,84.0,-1.790139411662892,-0.1881512338817763
2026-08-12 04:00:00,26.9,95.0,0.0,1.5,36.0,-0.8816778784387098,-1.213525491562421
2026-08-12 05:00:00,26.8,95.0,0.0,2.6,12.0,-0.5405703961261754,-2.5431837619078945
2026-08-12 06:00:00,27.4,93.0,0.0,3.1,347.0,0.6973482684659813,-3.0205472008342293
2026-08-12 07:00:00,28.4,88.0,0.0,4.6,279.0,4.543366366737634,-0.7195985391850619
2026-08-12 08:00:00,29.8,81.0,0.0,5.9,239.0,5.057287074142463,3.0387246419693197
2026-08-12 09:00:00,30.8,73.0,0.0,14.6,254.0,14.034420760699456,4.024305394928188
2026-08-12 10:00:00,31.3,72.0,0.1,20.3,257.0,19.779712315140277,4.56650640318046
2026-08-12 11:00:00,31.1,74.0,0.2,21.3,262.0,21.09270986419545,2.964387050449394
2026-08-12 12:00:00,30.9,79.0,0.3,20.5,263.0,20.3471961086471,2.498321539805523
2026-08-12 13:00:00,31.0,77.0,0.2,20.0,254.0,19.225233918766378,5.512747116339983
2026-08-12 14:00:00,31.5,68.0,0.4,19.8,253.0,18.934834168068104,5.788959753510189
2026-08-12 15:00:00,31.4,72.0,0.4,12.9,242.0,11.390023947880158,6.056183159937992
2026-08-12 16:00:00,31.1,74.0,0.0,11.7,221.0,7.6758906391889345,8.830102088606433
2026-08-12 17:00:00,30.8,75.0,0.0,7.9,181.0,0.13787401085454043,7.898796791735491
2026-08-12 18:00:00,30.1,79.0,0.0,6.0,147.0,-3.2678342100901627,5.032023407672543
2026-08-12 19:00:00,29.0,84.0,0.0,3.9,118.0,-3.4434956121498153,1.8309390948649737
2026-08-12 20:00:00,29.0,86.0,0.0,4.9,94.0,-4.8880638462731385,0.3418067213462151
2026-08-12 21:00:00,28.4,88.0,0.0,4.1,90.0,-4.1,5.021051876504147e-16
2026-08-12 22:00:00,28.2,90.0,0.0,2.1,75.0,-2.0284442352070435,-0.5435199947152937
2026-08-12 23:00:00,28.3,91.0,0.0,1.7000000000000002,32.0,-0.9008627491964486,-1.4416817634659242
2026-08-13 00:00:00,28.3,91.0,0.0,0.4,333.0,0.18159619989581874,-0.35640260967534715
2026-08-13 01:00:00,28.0,92.0,0.0,1.5,135.0,-1.0606601717798212,1.0606601717798214
2026-08-13 02:00:00,28.0,93.0,0.0,1.5,339.0,0.5375519243179505,-1.4003706397458027
2026-08-13 03:00:00,27.6,94.0,0.0,2.7,200.0,0.9234543869793059,2.5371700761219524
2026-08-13 04:00:00,27.3,95.0,0.0,3.0,194.0,0.725765686799003,2.9108871788279895
2026-08-13 05:00:00,27.2,95.0,0.0,3.2,214.0,1.78941729110639,2.652920232176134
2026-08-13 06:00:00,27.6,92.0,0.0,4.7,223.0,3.205392292293743,3.437362397610101
2026-08-13 07:00:00,28.8,80.0,0.0,7.0,220.0,4.499513267805775,5.362311101832846
2026-08-13 08:00:00,30.2,74.0,0.0,11.4,231.0,8.85946396060947,7.174252457968146
2026-08-13 09:00:00,31.0,70.0,0.0,13.2,239.0,11.314608369267882,6.798502588812714
2026-08-13 10:00:00,31.9,65.0,0.0,16.1,250.0,15.129051194653128,5.506524307543267
2026-08-13 11:00:00,31.9,67.0,0.3,18.9,255.0,18.25599811686339,4.8916799524376415
2026-08-13 12:00:00,32.4,65.0,0.1,18.3,252.0,17.40433424820131,5.655010997061537
2026-08-13 13:00:00,32.6,64.0,0.0,17.5,250.0,16.444620863753396,5.9853525081992025
2026-08-13 14:00:00,32.2,65.0,0.1,15.8,253.0,15.10961514421596,4.619472934619242
2026-08-13 15:00:00,32.0,65.0,0.0,13.4,252.0,12.744157318355057,4.1408277246242955
2026-08-13 16:00:00,31.4,67.0,0.0,5.2,200.0,1.778504745293478,4.886401628086723
2026-08-13 17:00:00,30.0,76.0,0.4,7.3,169.0,-1.392905666248777,7.165878439167947
2026-08-13 18:00:00,29.3,80.0,0.0,6.0,147.0,-3.2678342100901627,5.032023407672543
2026-08-13 19:00:00,28.3,86.0,0.0,3.9,118.0,-3.4434956121498153,1.8309390948649737
2026-08-13 20:00:00,28.8,91.0,0.0,0.7000000000000001,104.0,-0.6792070083931976,0.16934532691976742
2026-08-13 21:00:00,28.3,93.0,0.0,0.4,90.0,-0.4,4.898587196589413e-17
2026-08-13 22:00:00,28.1,93.0,0.0,1.1,288.0,1.0461621679246689,-0.33991869381244216
2026-08-13 23:00:00,27.9,94.0,0.0,3.4,245.0,3.0814464759246096,1.436902089918378
2026-08-14 00:00:00,27.9,93.0,0.0,3.7,223.0,2.5233939322312446,2.706008695990931
2026-08-14 01:00:00,27.6,94.0,0.0,2.4,222.0,1.6059134552612597,1.7835475811457462
2026-08-14 02:00:00,27.8,93.0,0.0,4.8,225.0,3.394112549695428,3.3941125496954276
2026-08-14 03:00:00,27.4,93.0,0.0,5.7,229.0,4.301844607269801,3.739536465245892
2026-08-14 04:00:00,27.2,92.0,0.0,5.7,217.0,3.430345631966676,4.55222240726957
2026-08-14 05:00:00,27.0,91.0,0.0,7.8,230.0,5.975146656328028,5.013743355555006
2026-08-14 06:00:00,27.3,89.0,0.0,9.8,234.0,7.9283665448744856,5.760295472466237
2026-08-14 07:00:00,28.3,85.0,0.0,8.2,230.0,6.281564433575619,5.270858399429621
2026-08-14 08:00:00,29.9,77.0,0.0,10.5,229.0,7.924450592339106,6.888619804400326
2026-08-14 09:00:00,30.7,74.0,0.0,12.2,244.0,10.965287364849837,5.348127990826744
2026-08-14 10:00:00,31.6,69.0,0.0,12.8,244.0,11.50456379262934,5.6111506789001915
2026-08-14 11:00:00,31.9,69.0,0.1,13.8,261.0,13.630099100212902,2.158795617555186
2026-08-14 12:00:00,31.7,73.0,0.1,15.7,267.0,15.678483695646808,0.8216745130142181
2026-08-14 13:00:00,31.6,74.0,0.1,15.7,264.0,15.61399375728189,1.6410968733021594
2026-08-14 14:00:00,31.0,77.0,0.5,13.9,260.0,13.688827766869691,2.4137096695703315
2026-08-14 15:00:00,32.0,69.0,0.1,11.3,253.0,10.806243742382302,3.303800263366926
2026-08-14 16:00:00,29.2,87.0,1.6,8.6,206.0,3.769991862386066,7.729628798172836
2026-08-14 17:00:00,28.4,88.0,0.9,7.5,201.0,2.687759621589753,7.001853198729013
2026-08-14 18:00:00,28.2,95.0,1.2,6.1,182.0,0.21288692988525657,6.096284044816484
2026-08-14 19:00:00,27.4,96.0,0.4,4.9,242.0,4.326443205008743,2.300410657650865
2026-08-14 20:00:00,25.4,96.0,2.1,7.5,195.0,1.9411428382689055,7.244443697168013
2026-08-14 21:00:00,25.6,97.0,0.7000000000000001,3.5,105.0,-3.380740392011739,0.9058666578588236
2026-08-14 22:00:00,25.8,98.0,0.3,5.1,113.0,-4.694574752607446,1.9927287552952961
2026-08-14 23:00:00,26.0,97.0,0.0,2.4,117.0,-2.138415658052083,1.0895771993749124
2026-08-15 00:00:00,26.1,96.0,0.0,3.1,144.0,-1.8221342821066664,2.5079526825623373
2026-08-15 01:00:00,26.1,96.0,0.0,2.9,176.0,-0.20229377385796346,2.89293574575349
2026-08-15 02:00:00,26.5,96.0,0.0,2.0,175.0,-0.17431148549531647,1.992389396183491
2026-08-15 03:00:00,26.3,96.0,0.0,2.0,153.0,-0.9079809994790934,1.7820130483767358
2026-08-15 04:00:00,26.1,97.0,0.0,3.6,135.0,-2.545584412271571,2.5455844122715714
2026-08-15 05:00:00,26.0,96.0,0.0,3.8,109.0,-3.592970587277404,1.237158986937195
2026-08-15 06:00:00,26.4,96.0,0.0,5.0,142.0,-3.0783073766282913,3.94005376803361
2026-08-15 07:00:00,27.6,92.0,0.0,6.5,148.0,-3.4444752175158313,5.5123126250167696
2026-08-15 08:00:00,30.1,73.0,0.0,6.9,185.0,0.6013746249588412,6.873743416833045
2026-08-15 09:00:00,31.1,68.0,0.0,7.8,220.0,5.013743355555007,5.975146656328028
2026-08-15 10:00:00,31.8,66.0,0.0,13.9,243.0,12.384990686218314,6.3104679463797
2026-08-15 11:00:00,32.3,68.0,0.1,14.5,251.0,13.710019346190094,4.720738239628772
2026-08-15 12:00:00,32.5,70.0,0.1,14.2,257.0,13.83605491995034,3.194304971682883
2026-08-15 13:00:00,31.2,79.0,2.0,14.2,246.0,12.972345498524932,5.775660331676363
2026-08-15 14:00:00,30.0,85.0,3.7,8.2,172.0,-1.1412194278725358,8.120198163680877
2026-08-15 15:00:00,30.3,81.0,0.3,7.7,219.0,4.8457670110837485,5.984023903218676
2026-08-15 16:00:00,28.7,85.0,0.7000000000000001,8.7,163.0,-2.5436338310878086,8.31985137687841
2026-08-15 17:00:00,28.8,86.0,0.1,7.8,138.0,-5.219218729599094,5.796529638723675
2026-08-15 18:00:00,28.4,87.0,0.0,6.7,124.0,-5.554551736118779,3.7465924532540043
2026-08-15 19:00:00,27.6,90.0,0.0,4.6,111.0,-4.294469961887128,1.6484925679083808
2026-08-15 20:00:00,27.0,96.0,0.0,4.9,107.0,-4.685893304218874,1.4326213531414094
2026-08-15 21:00:00,27.2,93.0,0.0,0.6000000000000001,56.0,-0.4974225435330252,-0.33551574208244805
2026-08-15 22:00:00,27.2,92.0,0.0,1.8,204.0,0.7321259575364404,1.6443818237566816
2026-08-15 23:00:00,26.7,93.0,0.0,3.1,156.0,-1.260883593534981,2.8319909186920627
2026-08-16 00:00:00,26.4,95.0,0.0,5.6,112.0,-5.192229585574009,2.0977969231291085
2026-08-16 01:00:00,26.4,95.0,0.0,3.3,119.0,-2.8862450335600056,1.5998717468129127
2026-08-16 02:00:00,27.2,95.0,0.1,1.9,107.0,-1.8169790363297675,0.5555062389731995
2026-08-16 03:00:00,26.8,96.0,0.4,2.6,78.0,-2.5431837619078945,-0.5405703961261747
2026-08-16 04:00:00,26.6,96.0,0.0,2.5,120.0,-2.165063509461097,1.2499999999999998
2026-08-16 05:00:00,26.5,96.0,0.0,3.1,140.0,-1.9926415900282721,2.3747377736688318
2026-08-16 06:00:00,26.9,95.0,0.0,2.3,157.0,-0.8986815955253296,2.1171611629406124
2026-08-16 07:00:00,28.1,93.0,0.0,1.3,262.0,1.2873484893640414,0.18092503124808507
2026-08-16 08:00:00,29.5,82.0,0.0,4.5,247.0,4.142271840535981,1.7582900782017319
2026-08-16 09:00:00,30.8,70.0,0.0,6.5,268.0,6.496040375624123,0.2268467285662563
2026-08-16 10:00:00,31.0,70.0,0.0,9.1,288.0,8.654614298285896,-2.8120546488120213
2026-08-16 11:00:00,30.8,76.0,0.1,10.8,307.0,8.625263508510763,-6.4996022500421216
2026-08-16 12:00:00,29.5,87.0,0.3,9.9,307.0,7.906491549468199,-5.957968729205278
2026-08-16 13:00:00,29.9,86.0,0.4,4.8,307.0,3.8334504482270053,-2.8887121111298315
2026-08-16 14:00:00,30.3,76.0,0.3,8.2,331.0,3.975438886019964,-7.171881598543044
2026-08-16 15:00:00,27.7,98.0,3.1,5.4,360.0,3.3065463576978537e-16,-5.4
2026-08-16 16:00:00,27.4,97.0,2.4,1.3,225.0,0.9192388155425119,0.9192388155425117
2026-08-16 17:00:00,27.5,97.0,1.7000000000000002,4.1,178.0,-0.1430879364802539,4.097502390778292
2026-08-16 18:00:00,27.4,98.0,0.3,4.0,141.0,-2.517281564199349,3.108583845827884
2026-08-16 19:00:00,27.4,98.0,0.0,3.8,25.0,-1.6059493946146568,-3.44396959073927
2026-08-16 20:00:00,27.7,98.0,0.0,7.8,356.0,0.5441004952041768,-7.780999592026628
2026-08-16 21:00:00,27.5,98.0,0.0,7.0,334.0,3.0685980275235423,-6.2915583240941695
2026-08-16 22:00:00,27.3,98.0,0.0,5.3,315.0,3.747665940288702,-3.7476659402887016
2026-08-16 23:00:00,27.3,97.0,0.0,2.3,309.0,1.7874357113510329,-1.4474368994146258
2026-08-17 00:00:00,27.3,97.0,0.0,1.5,300.0,1.299038105676658,-0.7499999999999999
2026-08-17 01:00:00,27.1,97.0,0.0,2.7,307.0,2.1563158771276907,-1.6249005625105304
2026-08-17 02:00:00,27.4,96.0,0.0,3.1,298.0,2.7371375378626737,-1.4553618446362615
2026-08-17 03:00:00,27.0,96.0,0.1,5.0,255.0,4.8296291314453415,1.2940952255126037
2026-08-17 04:00:00,26.6,98.0,0.2,4.9,204.0,1.9930095510714212,4.476372742448745
2026-08-17 05:00:00,26.4,99.0,0.0,5.0,182.0,0.1744974835125054,4.9969541350954785
2026-08-17 06:00:00,26.5,99.0,0.0,5.7,167.0,-1.2822210097600306,5.553909369275841
2026-08-17 07:00:00,27.2,96.0,0.0,4.3,158.0,-1.6108083516884217,3.9868905746371857
2026-08-17 08:00:00,29.1,88.0,0.1,5.9,192.0,1.226678975824781,5.771070844329453
2026-08-17 09:00:00,30.2,79.0,0.1,2.7,222.0,1.8066526371689173,2.0064910287889646
2026-08-17 10:00:00,30.9,73.0,0.1,3.4,335.0,1.436902089918378,-3.0814464759246096
2026-08-17 11:00:00,30.0,82.0,0.4,11.7,350.0,2.031683678703086,-11.522250710242833
2026-08-17 12:00:00,30.0,89.0,0.2,13.4,340.0,4.583069920563962,-12.591881118531171
2026-08-17 13:00:00,31.7,79.0,0.2,12.4,9.0,-1.939787366498865,-12.247335423379708
2026-08-17 14:00:00,33.0,62.0,0.2,18.5,47.0,-13.530043479954655,-12.61696966115622
2026-08-17 15:00:00,32.3,63.0,0.0,20.5,62.0,-18.100425653608,-9.624167037110762
2026-08-17 16:00:00,31.7,65.0,0.0,20.0,71.0,-18.910371511986334,-6.511363089143135
2026-08-17 17:00:00,30.7,69.0,0.0,19.5,81.0,-19.259922641605186,-3.050472068284499
2026-08-17 18:00:00,29.6,73.0,0.0,17.8,87.0,-17.775605718631414,-0.9315800211243955
2026-08-17 19:00:00,28.9,75.0,0.0,15.8,83.0,-15.682229195932889,-1.9255356258013276
2026-08-17 20:00:00,28.9,79.0,0.0,18.1,84.0,-18.000846306165748,-1.8919651851445285
2026-08-17 21:00:00,28.4,82.0,0.0,18.8,85.0,-18.728460324124818,-1.6385279636559693
2026-08-17 22:00:00,28.2,82.0,0.0,20.2,91.0,-20.196923442159104,0.3525386100331255
2026-08-17 23:00:00,28.0,84.0,0.0,19.7,96.0,-19.592081338754983,2.0592107263727786
2026-08-18 00:00:00,27.7,84.0,0.0,19.4,97.0,-19.255395341841645,2.3642652620598623
2026-08-18 01:00:00,27.8,82.0,0.0,20.2,92.0,-20.187694705785734,0.7049698333905231
2026-08-18 02:00:00,28.4,81.0,0.0,20.7,87.0,-20.67163136941968,-1.0833542942289318
2026-08-18 03:00:00,28.0,82.0,0.0,17.7,86.0,-17.65688368959889,-1.2346895852710174
2026-08-18 04:00:00,27.3,86.0,0.0,18.8,86.0,-18.754204144884696,-1.3114217063895552
2026-08-18 05:00:00,27.0,88.0,0.0,21.1,92.0,-21.08714645010292,0.7363793804227742
2026-08-18 06:00:00,27.1,87.0,0.0,20.9,92.0,-20.8872682846991,0.7293994810822738
2026-08-18 07:00:00,27.8,86.0,0.0,20.4,94.0,-20.350306625300412,1.4230320643801606
2026-08-18 08:00:00,29.9,79.0,0.0,23.3,87.0,-23.26806815978157,-1.219427780460585
2026-08-18 09:00:00,30.5,74.0,0.0,22.1,90.0,-22.1,2.706469426115651e-15
2026-08-18 10:00:00,31.7,69.0,0.0,24.0,97.0,-23.821107639391727,2.924864241723541
2026-08-18 11:00:00,32.6,66.0,0.0,24.9,97.0,-24.714399175868916,3.0345466507881738
2026-08-18 12:00:00,33.4,63.0,0.0,25.2,97.0,-25.012163021361314,3.0711074538097183
2026-08-18 13:00:00,33.7,61.0,0.0,25.4,97.0,-25.210672251689576,3.0954813224907474
2026-08-18 14:00:00,33.9,58.0,0.0,26.8,100.0,-26.392847780727177,4.653771161473731
2026-08-18 15:00:00,33.4,60.0,0.0,24.8,99.0,-24.494670846759416,3.8795747329977286
2026-08-18 16:00:00,32.4,64.0,0.0,25.1,97.0,-24.912908406197182,3.0589205194692037
2026-08-18 17:00:00,31.0,70.0,0.0,24.7,94.0,-24.639832041417655,1.7229849014799004
2026-08-18 18:00:00,29.4,77.0,0.0,24.8,89.0,-24.796222839878503,-0.4328196796446342
2026-08-18 19:00:00,28.6,79.0,0.0,22.5,91.0,-22.496573141018803,0.3926791448388774
2026-08-18 20:00:00,28.7,77.0,0.0,24.4,99.0,-24.099595510521358,3.8170009469816355
2026-08-18 21:00:00,28.5,76.0,0.0,24.6,98.0,-24.360594491042633,3.4236582836176073
2026-08-18 22:00:00,28.3,75.0,0.0,25.8,104.0,-25.03362973792071,6.241584906471427
2026-08-18 23:00:00,28.1,78.0,0.0,24.9,107.0,-23.811988423479583,7.280055447596141
2026-08-19 00:00:00,27.7,81.0,0.0,23.1,106.0,-22.20514517617517,6.367222919372682
2026-08-19 01:00:00,27.4,82.0,0.0,22.4,110.0,-21.049114705604346,7.661251210494982
2026-08-19 02:00:00,27.7,77.0,0.0,23.5,109.0,-22.219686526583946,7.65085162974318
2026-08-19 03:00:00,27.6,75.0,0.0,20.3,102.0,-19.856396294896257,4.220607323600515
2026-08-19 04:00:00,27.5,75.0,0.0,18.0,94.0,-17.956152904676834,1.2556165273942594
2026-08-19 05:00:00,27.5,75.0,0.0,15.7,91.0,-15.697608813955343,0.27400278106535
2026-08-19 06:00:00,27.5,77.0,0.0,11.9,80.0,-11.719212260845277,-2.0664133142364727
2026-08-19 07:00:00,28.6,76.0,0.0,11.5,76.0,-11.15840085217396,-2.7821017993961763
2026-08-19 08:00:00,30.0,74.0,0.0,16.1,77.0,-15.68735804304229,-3.6217119749362263
2026-08-19 09:00:00,30.2,74.0,0.0,15.1,73.0,-14.440201815041835,-4.414812741313325
2026-08-19 10:00:00,30.4,74.0,0.0,15.1,65.0,-13.685247584253416,-6.381535752284559
2026-08-19 11:00:00,31.1,72.0,0.1,15.6,49.0,-11.773469451475245,-10.23452085225191
2026-08-19 12:00:00,31.1,72.0,0.3,18.8,44.0,-13.059577364629149,-13.523588246366643
2026-08-19 13:00:00,30.7,75.0,0.4,17.6,52.0,-13.868989263478309,-10.835641965731584
2026-08-19 14:00:00,29.0,88.0,1.3,18.6,49.0,-14.037598192143562,-12.202697939223432
2026-08-19 15:00:00,27.7,95.0,3.9,16.7,76.0,-16.20393862880914,-4.040095656514447
2026-08-19 16:00:00,27.4,97.0,1.3,11.0,65.0,-9.969385657403151,-4.648800879147692
2026-08-19 17:00:00,27.4,97.0,1.3,11.4,66.0,-10.41441821712565,-4.636797731064123
2026-08-19 18:00:00,26.8,97.0,0.5,10.9,84.0,-10.84028865951418,-1.139360249617423
2026-08-19 19:00:00,26.6,97.0,0.1,7.6,76.0,-7.3742475196975725,-1.838606406557473
2026-08-19 20:00:00,26.7,97.0,0.0,6.6,68.0,-6.1194134401407965,-2.472403516545019
2026-08-19 21:00:00,26.6,97.0,0.0,6.6,37.0,-3.9719791528035184,-5.270994366312133
2026-08-19 22:00:00,26.9,97.0,0.0,6.0,53.0,-4.791813060283757,-3.61089013891229
2026-08-19 23:00:00,26.6,98.0,0.0,2.9,158.0,-1.086359120906145,2.6888331782436836
2026-08-20 00:00:00,25.6,98.0,0.4,8.3,204.0,3.375914137529142,7.582427298433588
2026-08-20 01:00:00,25.5,98.0,0.0,5.2,245.0,4.7128004925905795,2.197614961051637
2026-08-20 02:00:00,26.2,96.0,0.0,3.7,247.0,3.4058679577740296,1.445705175410313
2026-08-20 03:00:00,26.1,98.0,0.8,4.5,223.0,3.068992620281243,3.291091657286267
2026-08-20 04:00:00,25.7,98.0,1.2,5.4,217.0,3.2498011250210617,4.312631754255381
2026-08-20 05:00:00,25.7,98.0,0.4,5.5,212.0,2.914555953282627,4.664264528860342
2026-08-20 06:00:00,25.9,97.0,0.1,7.1,207.0,3.223332548150782,6.3261463217374105
2026-08-20 07:00:00,26.4,96.0,0.3,5.6,230.0,4.289848881466277,3.5996106142446194
2026-08-20 08:00:00,28.5,85.0,0.0,2.4,216.0,1.4106846055019355,1.9416407864998737
2026-08-20 09:00:00,29.4,81.0,0.2,5.6,248.0,5.192229585574009,2.097796923129107
2026-08-20 10:00:00,29.6,76.0,0.0,10.3,267.0,10.285884207972112,0.5390603493023215
2026-08-20 11:00:00,29.6,77.0,0.1,13.4,275.0,13.34900895442939,-1.1678869528186195
2026-08-20 12:00:00,29.7,77.0,0.0,13.8,296.0,12.403357838928505,-6.049521825689268
2026-08-20 13:00:00,29.0,82.0,0.1,13.7,315.0,9.687362902255702,-9.6873629022557
2026-08-20 14:00:00,29.8,78.0,0.2,17.0,326.0,9.506279359002695,-14.093638733435709
2026-08-20 15:00:00,28.4,85.0,0.5,11.9,312.0,8.843423423180992,-7.962654215670414
2026-08-20 16:00:00,27.4,88.0,0.7000000000000001,12.5,298.0,11.036844910736587,-5.8683945348236355
2026-08-20 17:00:00,26.8,94.0,1.1,6.7,324.0,3.93816119035957,-5.420413862312148
2026-08-20 18:00:00,27.0,95.0,0.1,6.2,353.0,0.7555899291119145,-6.153786140176196
2026-08-20 19:00:00,26.8,95.0,0.0,6.8,342.0,2.1013155617496424,-6.467184310807044
2026-08-20 20:00:00,27.2,89.0,0.4,6.6,283.0,6.430842427582553,-1.484676958669509
2026-08-20 21:00:00,27.0,89.0,0.0,5.1,306.0,4.125986671312232,-2.997704786691613
2026-08-20 22:00:00,27.1,88.0,0.0,7.8,314.0,5.610850442641479,-5.418335289580178
2026-08-20 23:00:00,27.1,89.0,0.0,8.3,314.0,5.970520342810805,-5.765664474809678
2026-08-21 00:00:00,26.8,90.0,0.0,6.7,297.0,5.969743712062065,-3.0417363482549633
2026-08-21 01:00:00,26.7,92.0,0.0,6.8,272.0,6.795857623729851,-0.23731657757700658
2026-08-21 02:00:00,26.9,87.0,0.0,10.4,288.0,9.890987769469596,-3.213776741499453
2026-08-21 03:00:00,26.4,88.0,0.0,6.9,293.0,6.351483488821839,-2.6960447865759893
2026-08-21 04:00:00,26.0,91.0,0.0,3.8,301.0,3.2572357426680267,-1.9571446846582057
2026-08-21 05:00:00,26.1,91.0,0.0,3.3,331.0,1.5998717468129124,-2.8862450335600056
2026-08-21 06:00:00,26.4,92.0,0.1,2.6,344.0,0.7166571251241979,-2.499280409439629
2026-08-21 07:00:00,27.5,85.0,0.0,1.4,310.0,1.0724622203665692,-0.8999026535611548
2026-08-21 08:00:00,29.4,75.0,0.0,4.0,54.0,-3.2360679774997902,-2.351141009169892
2026-08-21 09:00:00,30.0,70.0,0.0,1.8,315.0,1.2727922061357857,-1.2727922061357855
2026-08-21 10:00:00,30.2,69.0,0.0,5.5,279.0,5.4322858732732575,-0.8603895577212698
2026-08-21 11:00:00,30.4,74.0,0.1,7.3,312.0,5.424957225984977,-4.884653426419665
2026-08-21 12:00:00,28.4,88.0,2.6,12.7,306.0,10.274515828561832,-7.464872704114408
2026-08-21 13:00:00,28.7,80.0,0.9,13.5,286.0,12.977032895167305,-3.7211043035294886
2026-08-21 14:00:00,29.5,78.0,0.3,11.5,290.0,10.806465139037947,-3.93323164824519
2026-08-21 15:00:00,27.7,90.0,1.4,14.4,261.0,14.222712104569984,2.2526562965793246
2026-08-21 16:00:00,28.0,91.0,2.2,7.6,252.0,7.228029523843166,2.3485291572496
2026-08-21 17:00:00,26.7,92.0,2.5,9.3,229.0,7.01879909607178,6.101348969611718
2026-08-21 18:00:00,26.0,99.0,4.0,5.3,162.0,-1.6377900701872208,5.040599536364314
2026-08-21 19:00:00,25.9,98.0,1.3,2.2,156.0,-0.8948206147667607,2.0098000068137223
2026-08-21 20:00:00,26.2,98.0,0.7000000000000001,2.8,165.0,-0.7246933262870583,2.7045923136093912
2026-08-21 21:00:00,26.2,98.0,1.4,5.1,216.0,2.997704786691613,4.125986671312232
2026-08-21 22:00:00,26.1,98.0,0.6,7.8,220.0,5.013743355555007,5.975146656328028
2026-08-21 23:00:00,25.5,98.0,4.7,7.0,224.0,4.862608593212981,5.035378602370558
2026-08-22 00:00:00,25.9,98.0,1.1,6.7,200.0,2.291534960281981,6.295940559265586
2026-08-22 01:00:00,25.6,99.0,0.0,5.6,178.0,-0.19543718153400533,5.596588631306936
2026-08-22 02:00:00,26.0,99.0,0.0,3.4,155.0,-1.4369020899183778,3.08144647592461
2026-08-22 03:00:00,25.9,98.0,0.0,3.3,139.0,-2.1649947956686737,2.490541614735148
2026-08-22 04:00:00,25.9,98.0,0.0,4.2,137.0,-2.8643931122624933,3.0716855468005164
2026-08-22 05:00:00,25.9,98.0,0.0,3.8,139.0,-2.493024310163927,2.867896404846534
2026-08-22 06:00:00,26.2,97.0,0.0,6.0,134.0,-4.316038802031907,4.167950222753983
2026-08-22 07:00:00,27.4,93.0,0.0,3.8,101.0,-3.730183297101123,0.7250741824308709
2026-08-22 08:00:00,30.3,78.0,0.0,1.4,40.0,-0.8999026535611552,-1.072462220366569
2026-08-22 09:00:00,30.7,73.0,0.0,3.9,304.0,3.2332465329646625,-2.180852323535913
2026-08-22 10:00:00,30.7,77.0,0.0,8.9,313.0,6.509047944410617,-6.069785404556237
2026-08-22 11:00:00,30.1,81.0,0.2,11.7,315.0,8.273149339882606,-8.273149339882604
2026-08-22 12:00:00,29.0,84.0,0.6,11.0,330.0,5.500000000000001,-9.526279441628825
2026-08-22 13:00:00,28.7,86.0,1.2,10.9,294.0,9.95764548830435,-4.433429409526222
2026-08-22 14:00:00,29.5,82.0,1.1,11.3,287.0,10.806243742382302,-3.303800263366926
2026-08-22 15:00:00,28.4,89.0,3.1,11.9,267.0,11.88369146357943,0.6227978792910317
2026-08-22 16:00:00,28.4,96.0,4.8,7.5,259.0,7.36220387585748,1.431067465324086
2026-08-22 17:00:00,27.7,95.0,5.5,3.4,238.0,2.883363526931848,1.8017254983928965
2026-08-22 18:00:00,26.6,98.0,7.0,4.9,190.0,0.8508760705679591,4.82555798975982
2026-08-22 19:00:00,26.6,98.0,2.1,3.6,183.0,0.1884094424745983,3.595066325116466
2026-08-22 20:00:00,27.1,97.0,1.2,2.8,15.0,-0.7246933262870577,-2.7045923136093912
2026-08-22 21:00:00,27.1,96.0,0.0,3.1,28.0,-1.4553618446362613,-2.7371375378626737
2026-08-22 22:00:00,26.8,98.0,0.0,3.4,72.0,-3.2335921554035223,-1.0506577808748208
2026-08-22 23:00:00,26.7,98.0,0.0,1.8,84.0,-1.790139411662892,-0.1881512338817763
2026-08-23 00:00:00,26.5,98.0,0.0,2.8,63.0,-2.49481826772743,-1.2711733992707306
2026-08-23 01:00:00,26.6,96.0,0.0,1.6,63.0,-1.4256104387013888,-0.7263847995832747
2026-08-23 02:00:00,26.8,95.0,0.0,2.1,195.0,0.5435199947152936,2.0284442352070435
2026-08-23 03:00:00,26.3,97.0,0.0,1.0,22.0,-0.3746065934159123,-0.9271838545667873
2026-08-23 04:00:00,26.4,96.0,0.0,0.8,315.0,0.5656854249492381,-0.565685424949238
2026-08-23 05:00:00,26.1,98.0,0.0,5.4,127.0,-4.312631754255382,3.2498011250210603
2026-08-23 06:00:00,25.8,97.0,0.0,9.0,93.0,-8.987665812791164,0.47102360618649425
2026-08-23 07:00:00,26.4,94.0,0.0,7.9,94.0,-7.880755997052612,0.5510761425785917
2026-08-23 08:00:00,28.1,88.0,0.0,9.6,87.0,-9.586843533643908,-0.5024251799322582
2026-08-23 09:00:00,29.3,78.0,0.1,9.1,73.0,-8.702373279263622,-2.6605825129769043
2026-08-23 10:00:00,29.7,75.0,0.0,8.5,61.0,-7.434267510684864,-4.120881772093864
2026-08-23 11:00:00,31.0,69.0,0.2,7.6,63.0,-6.7716495838315955,-3.4503277980205547
2026-08-23 12:00:00,30.7,72.0,0.0,10.5,20.0,-3.59121150491952,-9.866772518252038
2026-08-23 13:00:00,29.8,81.0,0.0,10.8,355.0,0.941282021674708,-10.758902739390853
2026-08-23 14:00:00,31.6,63.0,0.2,8.3,150.0,-4.149999999999999,7.188010851410842
2026-08-23 15:00:00,30.8,70.0,0.0,16.1,186.0,1.6829082586092208,16.011802515429203
2026-08-23 16:00:00,29.7,75.0,0.0,15.4,174.0,-1.6097383343218648,15.31563718867141
2026-08-23 17:00:00,29.1,78.0,0.0,12.4,138.0,-8.297219518849843,9.214995835919689
2026-08-23 18:00:00,28.5,78.0,0.0,10.9,124.0,-9.036509540849954,6.095202647831141
2026-08-23 19:00:00,27.7,80.0,0.0,11.6,122.0,-9.837357915414541,6.147063465105177
2026-08-23 20:00:00,28.0,78.0,0.0,24.4,127.0,-19.486706445153946,14.684286564909975
2026-08-23 21:00:00,27.4,81.0,0.0,22.3,135.0,-15.768481220460009,15.76848122046001
2026-08-23 22:00:00,27.3,81.0,0.0,17.1,132.0,-12.707776515663438,11.442133368736478
2026-08-23 23:00:00,27.1,82.0,0.0,13.2,130.0,-10.111786649170508,8.48479644786232
2026-08-24 00:00:00,26.8,84.0,0.0,14.0,144.0,-8.228993532094622,11.326237921249264
2026-08-24 01:00:00,26.6,86.0,0.0,12.2,143.0,-7.34214328245499,9.743353222576971
2026-08-24 02:00:00,27.7,83.0,0.1,13.2,149.0,-6.798502588812716,11.314608369267882
2026-08-24 03:00:00,27.1,87.0,0.2,8.4,135.0,-5.939696961966999,5.939696961967
2026-08-24 04:00:00,26.6,92.0,0.5,7.6,117.0,-6.771649583831595,3.450327798020556
2026-08-24 05:00:00,26.0,96.0,1.1,7.8,103.0,-7.600086505324834,1.7546182238821486
2026-08-24 06:00:00,25.8,97.0,0.6,9.0,116.0,-8.089146416692504,3.9453403211016957
2026-08-24 07:00:00,25.9,97.0,0.7000000000000001,12.2,131.0,-9.207456878717817,8.003920153684188
2026-08-24 08:00:00,27.3,95.0,0.4,13.2,40.0,-8.48479644786232,-10.111786649170508
2026-08-24 09:00:00,26.8,92.0,0.5,14.9,110.0,-14.001420049710035,5.096100135552466
2026-08-24 10:00:00,27.1,86.0,0.2,19.9,133.0,-14.55393866222149,13.571767365243721
2026-08-24 11:00:00,28.2,79.0,0.1,17.1,134.0,-12.300710585790936,11.878658134848852
2026-08-24 12:00:00,28.3,80.0,0.3,18.0,144.0,-10.580134541264515,14.562305898749054
2026-08-24 13:00:00,27.9,87.0,0.9,17.6,137.0,-12.003171137099972,12.871825148497402
2026-08-24 14:00:00,26.8,95.0,1.9,10.4,111.0,-9.709236435570899,3.7270266752711225
2026-08-24 15:00:00,26.5,95.0,0.8,12.0,127.0,-9.583626120567516,7.221780277824578
2026-08-24 16:00:00,26.2,96.0,1.5,11.9,128.0,-9.37732796791999,7.326371556375335
2026-08-24 17:00:00,25.8,95.0,1.7000000000000002,13.0,123.0,-10.902717383290511,7.080307455195355
2026-08-24 18:00:00,25.4,96.0,1.0,13.4,148.0,-7.100918140724945,11.36384448849611
2026-08-24 19:00:00,25.4,97.0,0.8,9.0,157.0,-3.5165801564034638,8.284543681071963
2026-08-24 20:00:00,25.4,95.0,0.4,13.8,129.0,-10.7246142681062,8.684621396487756
2026-08-24 21:00:00,25.3,96.0,0.6,10.7,139.0,-7.019831610198426,8.075392508383661
2026-08-24 22:00:00,25.4,96.0,0.2,12.0,108.0,-11.412678195541842,3.7082039324993703
2026-08-24 23:00:00,25.6,95.0,0.1,13.9,109.0,-13.142708200830505,4.525397346954477
2026-08-25 00:00:00,25.3,96.0,0.0,12.4,118.0,-10.948550151450695,5.821447378545045
2026-08-25 01:00:00,25.3,96.0,0.0,10.8,127.0,-8.625263508510765,6.499602250042121
2026-08-25 02:00:00,26.6,93.0,0.0,16.5,110.0,-15.504928242967488,5.643332364873537
2026-08-25 03:00:00,26.3,92.0,0.0,11.6,120.0,-10.045894683899489,5.799999999999999
2026-08-25 04:00:00,25.9,93.0,0.0,4.8,138.0,-3.2118269105225195,3.5670951622914924
2026-08-25 05:00:00,25.9,92.0,0.0,5.8,120.0,-5.022947341949744,2.8999999999999995
2026-08-25 06:00:00,26.0,92.0,0.1,8.7,133.0,-6.3627772040867825,5.933385732543737
2026-08-25 07:00:00,26.4,91.0,0.1,10.5,110.0,-9.866772518252038,3.5912115049195235
2026-08-25 08:00:00,28.1,86.0,0.0,1.1,279.0,1.0864571746546516,-0.17207791154425398
2026-08-25 09:00:00,28.2,83.0,0.5,5.4,360.0,3.3065463576978537e-16,-5.4
2026-08-25 10:00:00,28.2,84.0,0.5,4.4,19.0,-1.4324998796114894,-4.160281732636994
2026-08-25 11:00:00,27.7,89.0,0.4,5.8,355.0,0.5055033079364172,-5.777929248932124
2026-08-25 12:00:00,27.6,90.0,0.3,7.6,345.0,1.9670247427791576,-7.341036279796919
2026-08-25 13:00:00,28.2,89.0,0.3,6.0,5.0,-0.5229344564859495,-5.977168188550474
2026-08-25 14:00:00,28.1,87.0,1.0,8.9,8.0,-1.2386405985445859,-8.813385811799975
2026-08-25 15:00:00,27.6,97.0,1.9,6.1,34.0,-3.411076711171554,-5.057129192585755
2026-08-25 16:00:00,27.9,95.0,1.2,1.9,292.0,1.761649323676896,-0.7117525274902328
2026-08-25 17:00:00,26.4,99.0,1.2,6.2,244.0,5.572523087054836,2.71790111009228
2026-08-25 18:00:00,26.0,99.0,0.9,3.1,230.0,2.3747377736688318,1.9926415900282717
2026-08-25 19:00:00,25.9,99.0,0.8,1.1,198.0,0.3399186938124422,1.0461621679246689
2026-08-25 20:00:00,26.2,98.0,0.7000000000000001,4.2,355.0,0.3660541195401642,-4.184017731985332
2026-08-25 21:00:00,26.0,97.0,0.9,3.7,29.0,-1.7937955949114464,-3.2360929164157652
2026-08-25 22:00:00,26.0,97.0,0.5,4.1,49.0,-3.0943092789133653,-2.6898420188610785
2026-08-25 23:00:00,25.9,98.0,0.2,4.1,49.0,-3.0943092789133653,-2.6898420188610785
2026-08-26 00:00:00,26.2,95.0,0.3,0.5,315.0,0.3535533905932738,-0.35355339059327373
2026-08-26 01:00:00,26.1,95.0,0.4,1.5,284.0,1.4554435894139948,-0.3628828433995016
2026-08-26 02:00:00,26.2,96.0,0.1,5.6,338.0,2.0977969231291067,-5.192229585574009
2026-08-26 03:00:00,25.9,96.0,0.4,5.0,308.0,3.9400537680336094,-3.0783073766282913
2026-08-26 04:00:00,25.7,96.0,0.1,6.7,306.0,5.420413862312148,-3.93816119035957
2026-08-26 05:00:00,25.6,95.0,0.0,7.1,294.0,6.486172749262466,-2.8878301658381815
2026-08-26 06:00:00,25.6,95.0,0.0,8.6,270.0,8.6,0.0
2026-08-26 07:00:00,25.5,97.0,0.4,13.0,259.0,12.761153384819632,2.4805169398950824
2026-08-26 08:00:00,27.7,86.0,0.2,10.3,270.0,10.3,0.0
2026-08-26 09:00:00,27.9,82.0,0.0,10.8,280.0,10.635923732531847,-1.8754003188028476
2026-08-26 10:00:00,28.2,81.0,0.0,12.4,291.0,11.576397288565301,-4.443762574361723
2026-08-26 11:00:00,28.8,79.0,0.0,15.3,300.0,13.250188677901912,-7.6499999999999995
2026-08-26 12:00:00,29.2,79.0,0.0,16.4,305.0,13.434093526339465,-9.406653556157154
2026-08-26 13:00:00,29.1,79.0,0.0,15.5,298.0,13.685687689313369,-7.276809223181307
2026-08-26 14:00:00,29.0,80.0,0.0,16.3,318.0,10.90682888364939,-12.113260655281527
2026-08-26 15:00:00,28.3,84.0,0.0,14.2,320.0,9.127584057548859,-10.877831092289487
2026-08-26 16:00:00,28.5,84.0,0.0,11.1,309.0,8.626320172172377,-6.985456340653195
2026-08-26 17:00:00,27.5,87.0,0.2,12.3,255.0,11.88088766335554,3.183474254761005
2026-08-26 18:00:00,26.9,89.0,0.0,10.7,239.0,9.171690117512602,5.510907401537579
2026-08-26 19:00:00,26.8,90.0,0.0,11.0,236.0,9.119413298105458,6.151121938178216
2026-08-26 20:00:00,27.5,89.0,0.0,11.0,245.0,9.96938565740315,4.648800879147694
2026-08-26 21:00:00,27.2,89.0,0.0,9.8,256.0,9.508898117504765,2.370834576876744
2026-08-26 22:00:00,27.0,89.0,0.0,9.9,254.0,9.516490789789357,2.7288098225882917
2026-08-26 23:00:00,26.8,90.0,0.0,13.3,240.0,11.518137870333035,6.6499999999999995
2026-08-27 00:00:00,26.9,91.0,0.0,15.8,243.0,14.077903082176213,7.173049895884839
2026-08-27 01:00:00,27.0,92.0,0.0,17.8,250.0,16.72652864998917,6.087958551196904
2026-08-27 02:00:00,27.6,90.0,0.0,17.4,254.0,16.725953509326747,4.796089991215785
2026-08-27 03:00:00,27.6,89.0,0.0,19.8,256.0,19.21185538026473,4.790053532873421
2026-08-27 04:00:00,27.5,88.0,0.0,23.7,257.0,23.092570535410076,5.3313399879496
2026-08-27 05:00:00,27.6,87.0,0.0,25.8,260.0,25.408040027714968,4.480122983806803
2026-08-27 06:00:00,27.7,87.0,0.0,28.6,261.0,28.247886541020943,4.474025700150603
2026-08-27 07:00:00,27.9,87.0,0.1,26.5,252.0,25.202997681821568,8.188950350936105
2026-08-27 08:00:00,28.8,79.0,0.0,23.8,244.0,21.391298301920177,10.433233293580043
2026-08-27 09:00:00,29.8,76.0,0.0,25.8,250.0,24.244069616276438,8.824119697802253
2026-08-27 10:00:00,30.6,73.0,0.0,29.6,250.0,27.81490157526289,10.123796242439795
2026-08-27 11:00:00,30.9,72.0,0.0,28.9,251.0,27.325486834820257,9.408919663811828
2026-08-27 12:00:00,31.3,69.0,0.0,29.8,252.0,28.341484185595576,9.208706432373432
2026-08-27 13:00:00,31.2,70.0,0.0,29.8,250.0,28.002840099420073,10.192200271104928
2026-08-27 14:00:00,31.9,66.0,0.0,27.6,250.0,25.935516333691073,9.439755955788456
2026-08-27 15:00:00,31.6,66.0,0.0,28.4,250.0,26.6872704303198,9.71337207044899
2026-08-27 16:00:00,31.3,69.0,0.0,25.9,251.0,24.488931108022307,8.432215200440359
2026-08-27 17:00:00,30.7,72.0,0.0,24.5,253.0,23.42946652109437,7.163106765707051
2026-08-27 18:00:00,29.9,75.0,0.0,24.8,251.0,23.44886067486306,8.074090230537486
2026-08-27 19:00:00,29.7,70.0,0.0,25.4,238.0,21.540421642373218,13.459949311523404
2026-08-27 20:00:00,30.3,65.0,0.0,23.3,227.0,17.040541247726672,15.890561789456214
2026-08-27 21:00:00,30.0,64.0,0.0,23.9,235.0,19.577733858506903,13.70847682879
2026-08-27 22:00:00,29.7,66.0,0.0,28.2,234.0,22.814279241373516,16.57554411464774
2026-08-27 23:00:00,29.3,71.0,0.0,29.6,235.0,24.24690051095416,16.977862515990964
2026-08-28 00:00:00,29.3,72.0,0.0,32.4,237.0,27.172926401431738,17.646304734486876
2026-08-28 01:00:00,29.3,70.0,0.0,30.9,240.0,26.760184976939154,15.449999999999998
2026-08-28 02:00:00,29.2,72.0,0.0,31.0,242.0,27.371375378626738,14.553618446362615
2026-08-28 03:00:00,29.1,72.0,0.0,29.9,244.0,26.873941984345095,13.107297288993413
2026-08-28 04:00:00,29.2,70.0,0.0,30.0,243.0,26.730195725651036,13.619714992186402
2026-08-28 05:00:00,29.2,71.0,0.0,28.3,236.0,23.461763303307677,15.825159168222138
2026-08-28 06:00:00,29.0,71.0,0.0,26.1,225.0,18.455486988968893,18.45548698896889
2026-08-28 07:00:00,28.7,72.0,0.0,23.8,223.0,16.231560969487465,17.406218098536257
2026-08-28 08:00:00,29.8,72.0,0.0,19.6,213.0,10.674925086294532,16.43794313173031
2026-08-28 09:00:00,30.6,70.0,0.0,20.5,218.0,12.621060244175995,16.154220448937803
2026-08-28 10:00:00,31.6,68.0,0.0,18.8,220.0,12.08440706210694,14.401635530636787
2026-08-28 11:00:00,31.8,68.0,0.0,21.9,229.0,16.528139806878706,14.367692734892108
2026-08-28 12:00:00,31.6,70.0,0.0,21.1,220.0,13.562818564385982,16.163537749810438
2026-08-28 13:00:00,31.8,68.0,0.0,17.7,208.0,8.309646661310268,15.628172393603005
2026-08-28 14:00:00,32.6,66.0,0.0,7.6,188.0,1.0577155672964975,7.5260373224359345
2026-08-28 15:00:00,32.7,66.0,0.1,5.8,219.0,3.650058268089057,4.507446576450431
2026-08-28 16:00:00,31.7,79.0,0.1,3.3,6.0,-0.3449439287832561,-3.281922254715302
2026-08-28 17:00:00,30.4,87.0,0.0,11.5,359.0,0.20070267402876138,-11.4982484942985
2026-08-28 18:00:00,29.0,93.0,0.0,12.6,2.0,-0.4397336584515096,-12.592324420440606
2026-08-28 19:00:00,28.4,96.0,0.0,15.8,12.0,-3.2850047149206048,-15.45473209159413
2026-08-28 20:00:00,28.5,94.0,0.0,15.9,20.0,-5.43812027887813,-14.941112670495944
2026-08-28 21:00:00,28.3,96.0,0.0,11.9,10.0,-2.066413314236471,-11.719212260845277
2026-08-28 22:00:00,27.9,98.0,0.0,7.9,30.0,-3.9500000000000037,-6.841600689897064
2026-08-28 23:00:00,27.6,99.0,0.0,6.6,35.0,-3.785604479916906,-5.406403492307344
2026-08-29 00:00:00,27.5,99.0,0.0,4.1,23.0,-1.6019976268060225,-3.7740698991550046
2026-08-29 01:00:00,27.3,99.0,0.0,2.8,40.0,-1.7998053071223103,-2.144924440733138
2026-08-29 02:00:00,27.4,95.0,0.0,2.4,287.0,2.295131414311285,-0.7016920913345682
2026-08-29 03:00:00,26.4,95.0,1.1,2.7,53.0,-2.1563158771276907,-1.6249005625105308
2026-08-29 04:00:00,26.4,98.0,0.1,6.0,44.0,-4.1679502227539835,-4.316038802031907
2026-08-29 05:00:00,26.5,99.0,0.0,7.2,53.0,-5.750175672340508,-4.333068166694749
2026-08-29 06:00:00,26.6,99.0,0.0,6.1,40.0,-3.9210044190878905,-4.672871103025765
2026-08-29 07:00:00,27.6,97.0,0.0,5.4,42.0,-3.613305274337834,-4.01298205757793
2026-08-29 08:00:00,30.1,80.0,0.0,7.8,38.0,-4.802159507540133,-6.1464838781324325
2026-08-29 09:00:00,30.8,73.0,0.0,9.4,11.0,-1.7936045565395193,-9.227295524408042
2026-08-29 10:00:00,31.3,73.0,0.0,11.8,7.0,-1.4380582521807368,-11.7120445893676
2026-08-29 11:00:00,31.3,75.0,0.1,14.2,359.0,0.24782417140942709,-14.197837271220756
2026-08-29 12:00:00,30.7,81.0,0.3,16.2,359.0,0.2827289842839943,-16.197532661533536
2026-08-29 13:00:00,30.7,80.0,0.0,15.7,355.0,1.3683451611382327,-15.640256760040405
2026-08-29 14:00:00,30.4,81.0,0.0,16.2,352.0,2.2546042355530607,-16.04234271361344
2026-08-29 15:00:00,30.3,77.0,0.2,13.7,9.0,-2.143152171051165,-13.531330266153386
2026-08-29 16:00:00,30.1,76.0,0.1,8.3,1.0,-0.14485497342945305,-8.298735869798048
2026-08-29 17:00:00,29.7,78.0,0.1,6.7,346.0,1.6208767005177735,-6.500981366049176
2026-08-29 18:00:00,29.0,83.0,0.0,3.8,273.0,3.7947922320673806,-0.19887663372318656
2026-08-29 19:00:00,28.2,87.0,0.0,4.8,228.0,3.5670951622914924,3.2118269105225195
2026-08-29 20:00:00,27.9,96.0,0.0,7.4,139.0,-4.854836814529754,5.584850893648514
2026-08-29 21:00:00,27.3,97.0,0.4,7.4,137.0,-5.046787864462488,5.412017391981863
2026-08-29 22:00:00,26.5,97.0,0.9,10.6,122.0,-8.989309819258114,5.617144200871972
2026-08-29 23:00:00,26.0,97.0,0.9,6.1,109.0,-5.767663311155832,1.9859657421886552
2026-08-30 00:00:00,26.0,97.0,0.2,4.6,126.0,-3.7214781741247576,2.7038121605453767
2026-08-30 01:00:00,26.0,98.0,0.0,4.9,147.0,-2.668731271573633,4.109485782932578
2026-08-30 02:00:00,26.3,97.0,0.0,3.1,156.0,-1.260883593534981,2.8319909186920627
2026-08-30 03:00:00,26.2,97.0,0.0,2.3,162.0,-0.7107390870623789,2.187429987478853
2026-08-30 04:00:00,26.4,96.0,0.0,0.8,135.0,-0.565685424949238,0.5656854249492381
2026-08-30 05:00:00,26.3,97.0,0.0,1.7000000000000002,77.0,-1.6564291101349,-0.3824167923845705
2026-08-30 06:00:00,26.5,97.0,0.0,3.1,97.0,-3.076893070088098,0.3777949645559574
2026-08-30 07:00:00,27.3,93.0,0.0,3.4,58.0,-2.8833635269318485,-1.8017254983928963
2026-08-30 08:00:00,29.7,80.0,0.0,2.9,86.0,-2.89293574575349,-0.2022937738579633
2026-08-30 09:00:00,30.6,73.0,0.2,2.0,355.0,0.17431148549531628,-1.992389396183491
2026-08-30 10:00:00,30.8,74.0,0.1,4.2,329.0,2.1631599146222276,-3.600102662948872
2026-08-30 11:00:00,30.4,81.0,0.4,7.1,330.0,3.5500000000000007,-6.148780366869514
2026-08-30 12:00:00,29.7,85.0,0.2,12.7,327.0,6.916915744690844,-10.651116212906885
2026-08-30 13:00:00,29.1,81.0,0.1,12.2,327.0,6.64459622718333,-10.231780928934173
2026-08-30 14:00:00,29.4,78.0,0.2,12.8,326.0,7.15766916442556,-10.611680928704535
2026-08-30 15:00:00,29.6,78.0,0.3,5.4,320.0,3.471053092307313,-4.136639992842482
2026-08-30 16:00:00,29.9,77.0,0.3,4.4,251.0,4.160281732636994,1.4324998796114896
2026-08-30 17:00:00,29.5,79.0,0.1,8.4,239.0,7.200205325897744,4.326319829244455
2026-08-30 18:00:00,28.8,83.0,0.1,8.0,226.0,5.7547184027092095,5.557266963671978
2026-08-30 19:00:00,28.4,86.0,0.0,6.7,216.0,3.93816119035957,5.420413862312148
2026-08-30 20:00:00,27.3,95.0,0.1,6.9,149.0,-3.553762716879375,5.914454374844575
2026-08-30 21:00:00,27.0,95.0,0.0,6.2,131.0,-4.679199397381186,4.067565979741145
2026-08-30 22:00:00,27.0,96.0,0.0,1.5,166.0,-0.36288284339950166,1.4554435894139948
2026-08-30 23:00:00,26.9,97.0,0.0,1.5,216.0,0.8816778784387097,1.2135254915624212
2026-08-31 00:00:00,27.5,94.0,0.0,5.0,111.0,-4.667902132486009,1.7918397477265011
2026-08-31 01:00:00,27.5,94.0,0.0,6.6,103.0,-6.430842427582552,1.4846769586695103
2026-08-31 02:00:00,27.6,93.0,0.0,8.1,103.0,-7.892397524760404,1.822103540185308
2026-08-31 03:00:00,27.8,91.0,0.0,10.0,105.0,-9.659258262890681,2.58819045102521
2026-08-31 04:00:00,28.1,89.0,0.0,12.0,106.0,-11.535140351259827,3.3076482698039906
2026-08-31 05:00:00,28.5,86.0,0.0,14.5,109.0,-13.710019346190094,4.720738239628771
2026-08-31 06:00:00,29.0,82.0,0.0,16.9,110.0,-15.880805291281849,5.780140422203804
2026-08-31 07:00:00,29.4,79.0,0.0,19.3,111.0,-18.018102231395993,6.916501426224294
2026-08-31 08:00:00,29.8,77.0,0.0,21.7,111.0,-20.258695254989277,7.776584505133014
2026-08-31 09:00:00,30.1,75.0,0.0,24.1,112.0,-22.345130895059576,9.028018901323485
2026-08-31 10:00:00,30.5,73.0,0.0,26.7,111.0,-24.926597387475287,9.568424252859515
2026-08-31 11:00:00,30.9,71.0,0.0,29.1,112.0,-26.98105016789351,10.901051868403046
2026-08-31 12:00:00,31.3,70.0,0.0,31.4,112.0,-29.11357303339712,11.762647033259643
2026-08-31 13:00:00,31.4,69.0,0.0,33.0,112.0,-30.597067200703982,12.362017582725104
2026-08-31 14:00:00,31.4,69.0,0.0,33.3,112.0,-30.875222357074016,12.474399560749877
2026-08-31 15:00:00,31.2,70.0,0.0,32.5,111.0,-30.341363861159056,11.646958360222257
2026-08-31 16:00:00,30.6,72.0,0.0,30.6,111.0,-28.567561050814376,10.966059256086186
2026-08-31 17:00:00,30.0,74.0,0.0,28.1,111.0,-26.23360998457137,10.070139382222937
2026-08-31 18:00:00,29.3,77.0,0.0,25.5,112.0,-23.643188291453075,9.552468132105762
2026-08-31 19:00:00,28.7,79.0,0.0,22.8,111.0,-21.2856337241362,8.170789249632845
2026-08-31 20:00:00,28.3,81.0,0.0,20.9,111.0,-19.511830913791513,7.489890145496774
2026-08-31 21:00:00,28.0,82.0,0.1,19.4,112.0,-17.98736677859567,7.267367912268697
2026-08-31 22:00:00,27.8,83.0,0.1,17.6,113.0,-16.20088542076295,6.876867861411219
2026-08-31 23:00:00,27.6,84.0,0.1,16.3,115.0,-14.772816928697395,6.888677666373402
2026-09-01 00:00:00,27.5,84.0,0.1,15.3,117.0,-13.632399820082028,6.946054646015067
2026-09-01 01:00:00,27.5,85.0,0.1,14.7,118.0,-12.979329615026225,6.901231972952593
2026-09-01 02:00:00,27.5,85.0,0.1,14.5,117.0,-12.919594600731333,6.58286224622343
2026-09-01 03:00:00,27.5,85.0,0.3,15.0,114.0,-13.703181864639012,6.101049646137007
2026-09-01 04:00:00,27.6,85.0,0.3,16.2,111.0,-15.124002909254667,5.805560782633863
2026-09-01 05:00:00,27.8,85.0,0.3,18.1,107.0,-17.309116082930945,5.291927855481533
2026-09-01 06:00:00,28.0,85.0,0.3,19.7,105.0,-19.02873877789464,5.0987351885196635
2026-09-01 07:00:00,28.2,84.0,0.3,21.3,102.0,-20.834543895630063,4.428519014418273
2026-09-01 08:00:00,28.4,84.0,0.3,22.3,100.0,-21.961212892172238,3.8723543619725453
2026-09-01 09:00:00,28.6,83.0,0.5,22.6,98.0,-22.38005835355949,3.1453120816974764
2026-09-01 10:00:00,28.9,82.0,0.5,22.8,96.0,-22.67509921439663,2.3832489625025053
2026-09-01 11:00:00,29.2,81.0,0.5,22.8,95.0,-22.7132391164918,1.987150934646607
2026-09-01 12:00:00,29.4,80.0,0.5,22.3,93.0,-22.269438625026996,1.167091824217647
2026-09-01 13:00:00,29.6,80.0,0.5,21.6,91.0,-21.596710215378053,0.3769719790453223
2026-09-01 14:00:00,29.6,80.0,0.5,20.9,90.0,-20.9,2.559511810217968e-15
2026-09-01 15:00:00,29.4,81.0,1.2,19.8,89.0,-19.79698436409655,-0.345557647458216
2026-09-01 16:00:00,29.0,82.0,1.2,18.4,89.0,-18.3971975908776,-0.3211242784460189
2026-09-01 17:00:00,28.6,84.0,1.2,16.6,89.0,-16.597471739596095,-0.2897099468589084
2026-09-01 18:00:00,28.1,86.0,1.2,14.8,89.0,-14.79774588831459,-0.25829561527179784
2026-09-01 19:00:00,27.7,88.0,1.2,13.0,88.0,-12.992080751248245,-0.4536934571325117
2026-09-01 20:00:00,27.4,89.0,1.2,11.5,88.0,-11.492994510719601,-0.40134421207876037
2026-09-01 21:00:00,27.3,90.0,0.9,10.4,88.0,-10.393664600998596,-0.3629547657060094
2026-09-01 22:00:00,27.1,90.0,0.9,9.4,90.0,-9.4,1.1511679911985121e-15
2026-09-01 23:00:00,27.1,90.0,0.9,8.3,90.0,-8.3,1.0164568432923032e-15
2026-09-02 00:00:00,27.1,90.0,0.9,7.6,93.0,-7.589584464134761,0.3977532674463729
2026-09-02 01:00:00,27.1,90.0,0.9,7.2,96.0,-7.160557646651568,0.7526049355271069
2026-09-02 02:00:00,27.2,90.0,0.9,6.9,96.0,-6.862201078041086,0.7212463965468108
2026-09-02 03:00:00,27.4,90.0,0.2,6.9,96.0,-6.862201078041086,0.7212463965468108
2026-09-02 04:00:00,27.6,89.0,0.2,7.6,95.0,-7.571079705497266,0.6623836448822022
2026-09-02 05:00:00,27.9,88.0,0.2,8.3,95.0,-8.268415994161488,0.7233926648055631
2026-09-02 06:00:00,28.2,87.0,0.2,9.0,95.0,-8.96575228282571,0.7844016847289237
2026-09-02 07:00:00,28.6,86.0,0.2,10.1,94.0,-10.075396907624224,0.7045403848156677
2026-09-02 08:00:00,28.9,85.0,0.2,11.5,94.0,-11.471986577987979,0.8021994480574435
2026-09-02 09:00:00,29.2,84.0,0.1,13.3,93.0,-13.281772812235833,0.6960682180311527
2026-09-02 10:00:00,29.7,82.0,0.1,15.5,93.0,-15.478757788695894,0.811207321765629
2026-09-02 11:00:00,30.2,80.0,0.1,17.7,92.0,-17.689217638237995,0.6177210916342702
2026-09-02 12:00:00,30.6,78.0,0.1,20.2,92.0,-20.187694705785734,0.7049698333905231
2026-09-02 13:00:00,30.8,76.0,0.1,22.3,93.0,-22.269438625026996,1.167091824217647
2026-09-02 14:00:00,30.9,76.0,0.1,23.8,93.0,-23.76738292715886,1.2455957585820627
2026-09-02 15:00:00,30.8,77.0,0.2,24.9,93.0,-24.86587541538889,1.3031653104493006
2026-09-02 16:00:00,30.4,78.0,0.2,25.6,94.0,-25.537639686651502,1.7857657278496135
2026-09-02 17:00:00,29.9,80.0,0.2,26.0,95.0,-25.901062150385386,2.266049311439113
2026-09-02 18:00:00,29.4,83.0,0.2,26.4,95.0,-26.29954002962208,2.300911608538176
2026-09-02 19:00:00,28.9,85.0,0.2,26.4,95.0,-26.29954002962208,2.300911608538176
2026-09-02 20:00:00,28.5,86.0,0.2,26.8,96.0,-26.653186795869726,2.8013628155731203
2026-09-02 21:00:00,28.3,87.0,0.4,27.2,96.0,-27.05099555401703,2.8431742008801817
2026-09-02 22:00:00,28.1,87.0,0.4,27.6,97.0,-27.394273785300488,3.363593877982072
2026-09-02 23:00:00,28.0,88.0,0.4,27.6,97.0,-27.394273785300488,3.363593877982072
2026-09-03 00:00:00,27.9,88.0,0.4,27.9,96.0,-27.747160880774825,2.916344125167539
2026-09-03 01:00:00,27.8,88.0,0.4,27.9,96.0,-27.747160880774825,2.916344125167539
2026-09-03 02:00:00,27.8,88.0,0.4,27.8,95.0,-27.694212606950526,2.4229296483848977
2026-09-03 03:00:00,27.8,88.0,0.8,27.8,94.0,-27.732280597223113,1.9392299700866897
2026-09-03 04:00:00,27.8,88.0,0.8,27.7,92.0,-27.683125908428952,0.9667160586592817
2026-09-03 05:00:00,27.9,87.0,0.8,27.7,91.0,-27.695781155832037,0.48343165831275126
2026-09-03 06:00:00,28.0,87.0,0.8,27.7,89.0,-27.695781155832037,-0.4834316583127567
2026-09-03 07:00:00,28.2,86.0,0.8,27.4,87.0,-27.362449252275322,-1.4340052010566535
2026-09-03 08:00:00,28.3,86.0,0.8,27.1,85.0,-26.996876318286304,-2.3619206284615304
2026-09-03 09:00:00,28.4,86.0,1.0,26.8,84.0,-26.653186795869726,-2.8013628155731136
2026-09-03 10:00:00,28.6,85.0,1.0,26.1,83.0,-25.905454557838507,-3.1807898628743447
2026-09-03 11:00:00,28.9,85.0,1.0,25.5,81.0,-25.186052685176012,-3.9890788585258834
2026-09-03 12:00:00,29.1,84.0,1.0,24.9,80.0,-24.521713050003978,-4.323839623906569
2026-09-03 13:00:00,29.2,84.0,1.0,24.2,79.0,-23.755377839433468,-4.617577688112382
2026-09-03 14:00:00,29.2,84.0,1.0,23.6,78.0,-23.084283377317814,-4.9067159032991245
2026-09-03 15:00:00,29.1,84.0,1.1,22.6,76.0,-21.928683413837522,-5.467434840552486
2026-09-03 16:00:00,28.9,85.0,1.1,21.9,76.0,-21.249476405444323,-5.298089513632718
2026-09-03 17:00:00,28.7,86.0,1.1,21.0,74.0,-20.186495614704697,-5.788384472156979
2026-09-03 18:00:00,28.4,87.0,1.1,19.9,73.0,-19.030464643664402,-5.818196923982462
2026-09-03 19:00:00,28.2,88.0,1.1,18.9,72.0,-17.974968157978402,-5.840421193686503
2026-09-03 20:00:00,28.0,89.0,1.1,17.9,71.0,-16.924782503227767,-5.827669964783105
2026-09-03 21:00:00,27.9,89.0,0.8,17.2,70.0,-16.162713077517623,-5.8827464652015005
2026-09-03 22:00:00,27.8,90.0,0.8,16.4,71.0,-15.506504639828792,-5.339317733097371
2026-09-03 23:00:00,27.7,90.0,0.8,15.6,71.0,-14.750089779349342,-5.0788632095316455
2026-09-04 00:00:00,27.7,90.0,0.8,14.9,70.0,-14.001420049710037,-5.096100135552463
2026-09-04 01:00:00,27.7,90.0,0.8,13.8,70.0,-12.967758166845536,-4.719877977894228
2026-09-04 02:00:00,27.7,90.0,0.8,13.1,69.0,-12.229903587113343,-4.694620139043436
2026-09-04 03:00:00,27.8,90.0,0.8,12.1,67.0,-11.138108726774528,-4.72784665472021
2026-09-04 04:00:00,27.8,90.0,0.8,11.3,63.0,-10.068373723328557,-5.130092647056878
2026-09-04 05:00:00,27.9,89.0,0.8,10.3,61.0,-9.008582983535778,-4.993539088537271
2026-09-04 06:00:00,27.9,89.0,0.8,9.6,56.0,-7.958760696528401,-5.368251873319168
2026-09-04 07:00:00,28.0,88.0,0.8,8.9,50.0,-6.817795543758905,-5.7208097262102
2026-09-04 08:00:00,28.1,88.0,0.8,8.7,42.0,-5.821436275322065,-6.4653599816533305
2026-09-04 09:00:00,28.2,88.0,1.8,8.8,35.0,-5.047472639889208,-7.208537989743126
2026-09-04 10:00:00,28.4,87.0,1.8,9.3,28.0,-4.366085533908785,-8.211412613588022
2026-09-04 11:00:00,28.6,87.0,1.8,10.2,23.0,-3.9854575105905927,-9.38914950521489
2026-09-04 12:00:00,28.7,86.0,1.8,10.9,17.0,-3.1868515814778346,-10.423721839997086
2026-09-04 13:00:00,28.8,86.0,1.8,11.9,14.0,-2.8788705576360467,-11.546519142684359
2026-09-04 14:00:00,28.8,86.0,1.8,12.1,12.0,-2.5157314588948934,-11.835585968879046
2026-09-04 15:00:00,28.8,86.0,1.0,12.1,10.0,-2.101142949769857,-11.916173811447717
2026-09-04 16:00:00,28.6,87.0,1.0,11.7,11.0,-2.232465245905572,-11.485038046337667
2026-09-04 17:00:00,28.5,87.0,1.0,10.9,9.0,-1.7051356689385184,-10.765802912487
2026-09-04 18:00:00,28.3,88.0,1.0,10.2,10.0,-1.7712114122026892,-10.045039080724521
2026-09-04 19:00:00,28.1,89.0,1.0,9.5,11.0,-1.812685456077174,-9.325458242752807
2026-09-04 20:00:00,28.0,89.0,1.0,9.5,9.0,-1.4861274178821948,-9.383039235653808
2026-09-04 21:00:00,27.9,89.0,0.5,9.8,6.0,-1.024378940023003,-9.74631457460908
2026-09-04 22:00:00,27.9,89.0,0.5,10.1,2.0,-0.35248491669525767,-10.093847352892867
2026-09-04 23:00:00,27.8,89.0,0.5,10.4,360.0,6.368163355566237e-16,-10.4
2026-09-05 00:00:00,27.8,89.0,0.5,11.2,356.0,0.7812725059342026,-11.17271736291003
2026-09-05 01:00:00,27.8,89.0,0.5,11.9,355.0,1.0371533386971319,-11.854716907291772
2026-09-05 02:00:00,27.8,89.0,0.5,12.7,353.0,1.547740661245373,-12.605336125844788
2026-09-05 03:00:00,27.8,89.0,0.5,13.4,352.0,1.8649195528648772,-13.269592121137043
2026-09-05 04:00:00,27.9,88.0,0.5,14.2,353.0,1.7305446763530943,-14.094155353306771
2026-09-05 05:00:00,28.0,88.0,0.5,14.5,353.0,1.7671054793746386,-14.391919198799169
2026-09-05 06:00:00,28.1,87.0,0.5,15.2,353.0,1.8524140197582417,-15.086701504948094
2026-09-05 07:00:00,28.2,87.0,0.5,15.9,354.0,1.66200256595569,-15.812898136355546
2026-09-05 08:00:00,28.3,86.0,0.5,16.7,354.0,1.7456253365698127,-16.608515652650162
2026-09-05 09:00:00,28.5,85.0,0.6,17.4,354.0,1.81879526085717,-17.304680979407955
2026-09-05 10:00:00,28.8,84.0,0.6,18.4,354.0,1.9233237241248236,-18.299202874776228
2026-09-05 11:00:00,29.1,83.0,0.6,19.5,356.0,1.3602512380104421,-19.452498980066572
2026-09-05 12:00:00,29.3,82.0,0.6,20.2,356.0,1.4090807696313297,-20.15079381524845
2026-09-05 13:00:00,29.5,81.0,0.6,20.5,357.0,1.0728871029803513,-20.471905462468765
2026-09-05 14:00:00,29.6,81.0,0.6,20.5,358.0,0.7154396824012721,-20.487511953891463
2026-09-05 15:00:00,29.5,81.0,0.3,19.4,360.0,1.1879073951729326e-15,-19.4
2026-09-05 16:00:00,29.2,82.0,0.3,17.7,2.0,-0.6177210916342635,-17.689217638237995
2026-09-05 17:00:00,28.9,83.0,0.3,15.9,5.0,-1.3857763096877662,-15.839495699658755
2026-09-05 18:00:00,28.6,83.0,0.3,13.5,9.0,-2.111865278043119,-13.333792598034359
2026-09-05 19:00:00,28.3,84.0,0.3,11.9,14.0,-2.8788705576360467,-11.546519142684359
2026-09-05 20:00:00,28.0,85.0,0.3,10.9,17.0,-3.1868515814778346,-10.423721839997086
2026-09-05 21:00:00,27.8,86.0,0.2,10.6,18.0,-3.2755801403744442,-10.081199072728626
2026-09-05 22:00:00,27.6,86.0,0.2,10.1,17.0,-2.9529542176996446,-9.658678035226657
2026-09-05 23:00:00,27.4,87.0,0.2,10.4,14.0,-2.515987714236545,-10.091075553270363
2026-09-06 00:00:00,27.3,87.0,0.2,10.6,10.0,-1.8406706832694615,-10.438962181929405
2026-09-06 01:00:00,27.2,87.0,0.2,11.2,6.0,-1.1707187885977175,-11.13864522812466
2026-09-06 02:00:00,27.1,87.0,0.2,11.5,4.0,-0.8021994480574441,-11.471986577987979
2026-09-06 03:00:00,27.2,87.0,0.2,12.2,2.0,-0.42577385977050924,-12.192568089632967
2026-09-06 04:00:00,27.3,86.0,0.2,13.0,360.0,7.960204194457795e-16,-13.0
2026-09-06 05:00:00,27.4,85.0,0.2,13.7,358.0,0.4781231048242648,-13.691654330161612
2026-09-06 06:00:00,27.6,84.0,0.2,14.8,357.0,0.7745721523955708,-14.779717114367694
2026-09-06 07:00:00,27.8,83.0,0.2,15.5,357.0,0.8112073217656315,-15.478757788695894
2026-09-06 08:00:00,28.0,82.0,0.2,16.2,356.0,1.1300548746548287,-16.16053761420915
2026-09-06 09:00:00,28.3,81.0,0.2,17.0,355.0,1.4816476267101883,-16.935309867559674
2026-09-06 10:00:00,28.6,79.0,0.2,17.7,355.0,1.542656646633549,-17.632646156223895
2026-09-06 11:00:00,29.0,77.0,0.2,18.4,354.0,1.9233237241248236,-18.299202874776228
2026-09-06 12:00:00,29.2,76.0,0.2,19.2,355.0,1.6733902607550362,-19.126938203361515
2026-09-06 13:00:00,29.4,75.0,0.2,19.1,356.0,1.332348648512792,-19.053473359962645
2026-09-06 14:00:00,29.5,74.0,0.2,18.8,357.0,0.9839159773673466,-18.77423525338599
2026-09-06 15:00:00,29.3,74.0,0.1,17.3,360.0,1.0593194812624606e-15,-17.3
2026-09-06 16:00:00,28.9,75.0,0.1,15.5,4.0,-1.0812253430339465,-15.462242779027275
2026-09-06 17:00:00,28.5,77.0,0.1,13.3,13.0,-2.991849022773408,-12.959121861643627
2026-09-06 18:00:00,28.0,79.0,0.1,11.3,22.0,-4.233054505599809,-10.477177556604698
2026-09-06 19:00:00,27.5,80.0,0.1,10.1,35.0,-5.793122007145568,-8.273435647318815
2026-09-06 20:00:00,27.2,81.0,0.1,9.4,43.0,-6.410784584587487,-6.874724795220202
2026-09-06 21:00:00,26.9,81.0,0.0,8.9,50.0,-6.817795543758905,-5.7208097262102
2026-09-06 22:00:00,26.6,82.0,0.0,8.4,50.0,-6.4347733221994154,-5.39941592136693
2026-09-06 23:00:00,26.4,82.0,0.0,7.9,51.0,-6.13945309551007,-4.971631089293718
2026-09-07 00:00:00,26.2,82.0,0.0,7.4,51.0,-5.750880114781584,-4.656970893768799
2026-09-07 01:00:00,26.1,81.0,0.0,6.9,47.0,-5.0463405411722775,-4.705788684431239
2026-09-07 02:00:00,26.1,81.0,0.0,6.6,41.0,-4.329989591337347,-4.981083229470295
2026-09-07 03:00:00,26.2,80.0,0.1,6.5,34.0,-3.6347538725598527,-5.388744221607772
2026-09-07 04:00:00,26.5,79.0,0.1,6.6,22.0,-2.472403516545021,-6.119413440140796
2026-09-07 05:00:00,26.8,78.0,0.1,7.4,14.0,-1.7902220274375418,-7.180188374442374
2026-09-07 06:00:00,27.2,77.0,0.1,8.3,5.0,-0.7233926648055635,-8.268415994161488
2026-09-07 07:00:00,27.5,75.0,0.1,9.4,358.0,0.3280552690035102,-9.394273773979501
2026-09-07 08:00:00,27.9,74.0,0.1,10.1,354.0,1.0557374790032998,-10.04467114321956
2026-09-07 09:00:00,28.2,72.0,0.1,10.9,351.0,1.705135668938517,-10.765802912487002
2026-09-07 10:00:00,28.7,70.0,0.1,12.1,348.0,2.5157314588948894,-11.835585968879046
2026-09-07 11:00:00,29.1,68.0,0.1,13.0,346.0,3.14498464279568,-12.613844441587954
2026-09-07 12:00:00,29.5,66.0,0.1,13.8,345.0,3.571702822414786,-13.329776402789143
2026-09-07 13:00:00,29.7,65.0,0.1,13.9,343.0,4.063966695646041,-13.292636107886192
2026-09-07 14:00:00,29.7,65.0,0.1,13.8,345.0,3.571702822414786,-13.329776402789143
2026-09-07 15:00:00,29.5,66.0,0.0,12.8,349.0,2.442355140819775,-12.5648279481301
2026-09-07 16:00:00,29.0,68.0,0.0,11.2,356.0,0.7812725059342026,-11.17271736291003
2026-09-07 17:00:00,28.3,71.0,0.0,9.8,6.0,-1.024378940023003,-9.74631457460908
2026-09-07 18:00:00,27.6,74.0,0.0,8.6,22.0,-3.2216167033768457,-7.97378114927437
2026-09-07 19:00:00,27.0,77.0,0.0,7.7,37.0,-4.6339756782707715,-6.149493427364155
2026-09-07 20:00:00,26.5,79.0,0.0,7.7,49.0,-5.811263767715346,-5.051654523226905
2026-09-07 21:00:00,26.1,80.0,0.0,7.2,53.0,-5.750175672340508,-4.333068166694749
2026-09-07 22:00:00,25.8,80.0,0.0,6.5,56.0,-5.388744221607772,-3.6347538725598536
2026-09-07 23:00:00,25.5,81.0,0.0,5.5,58.0,-4.664264528860343,-2.914555953282626
2026-09-08 00:00:00,25.2,80.0,0.0,4.4,55.0,-3.604268994871564,-2.5237363199446032
2026-09-08 01:00:00,25.1,80.0,0.0,3.6,45.0,-2.545584412271572,-2.545584412271571
2026-09-08 02:00:00,25.1,80.0,0.0,3.1,36.0,-1.822134282106667,-2.507952682562337
2026-09-08 03:00:00,25.2,80.0,0.1,3.1,21.0,-1.1109406435904323,-2.894099322141325
2026-09-08 04:00:00,25.5,80.0,0.1,3.2,360.0,1.9594348786357652e-16,-3.2
2026-09-08 05:00:00,25.9,79.0,0.1,4.4,351.0,0.6883116461770161,-4.3458286986186065
2026-09-08 06:00:00,26.3,79.0,0.1,5.4,340.0,1.8469087739586119,-5.074340152243905
2026-09-08 07:00:00,26.7,78.0,0.1,6.3,336.0,2.5624408513775414,-5.755336383148386
2026-09-08 08:00:00,27.1,77.0,0.1,7.6,335.0,3.211898789229316,-6.887939181478539
2026-09-08 09:00:00,27.6,75.0,0.1,8.9,333.0,4.040515447681967,-7.929958065276474
2026-09-08 10:00:00,28.1,73.0,0.1,10.5,333.0,4.766900247265242,-9.355568503977862
2026-09-08 11:00:00,28.6,70.0,0.1,11.6,334.0,5.085105302753298,-10.426010937070338
2026-09-08 12:00:00,29.0,67.0,0.1,13.0,336.0,5.287576359985403,-11.876090949353811
2026-09-08 13:00:00,29.3,66.0,0.1,13.7,337.0,5.353016460303049,-12.610916492298433
2026-09-08 14:00:00,29.4,65.0,0.1,13.9,339.0,4.981314498679676,-12.976767928311105
2026-09-08 15:00:00,29.2,66.0,0.0,13.2,343.0,3.859306502340125,-12.623222778712067
2026-09-08 16:00:00,28.7,68.0,0.0,11.7,349.0,2.2324652459055754,-11.485038046337667
2026-09-08 17:00:00,28.1,71.0,0.0,10.1,360.0,6.184466335694133e-16,-10.1
2026-09-08 18:00:00,27.4,74.0,0.0,8.6,15.0,-2.2258437878816775,-8.306962106085987
2026-09-08 19:00:00,26.8,76.0,0.0,7.9,30.0,-3.9500000000000037,-6.841600689897064
2026-09-08 20:00:00,26.4,78.0,0.0,7.9,39.0,-4.971631089293719,-6.139453095510068
2026-09-08 21:00:00,26.1,79.0,0.1,7.9,43.0,-5.387787044493739,-5.777694242791447
2026-09-08 22:00:00,25.8,80.0,0.1,7.6,45.0,-5.374011537017762,-5.37401153701776
2026-09-08 23:00:00,25.5,80.0,0.1,7.4,43.0,-5.04678786446249,-5.412017391981862
2026-09-09 00:00:00,25.4,80.0,0.1,7.1,41.0,-4.658019105832602,-5.358438019581681
2026-09-09 01:00:00,25.3,80.0,0.1,7.0,35.0,-4.015035054457325,-5.734064310022941
2026-09-09 02:00:00,25.3,80.0,0.1,7.1,30.0,-3.550000000000003,-6.148780366869512
2026-09-09 03:00:00,25.5,79.0,0.1,7.1,24.0,-2.8878301658381806,-6.486172749262467
2026-09-09 04:00:00,25.7,79.0,0.1,7.5,17.0,-2.192787785420528,-7.172285669722765
2026-09-09 05:00:00,26.0,78.0,0.1,8.0,10.0,-1.3891854213354426,-7.878462024097664
2026-09-09 06:00:00,26.4,76.0,0.1,8.7,5.0,-0.7582549619046267,-8.666893873398186
2026-09-09 07:00:00,26.8,75.0,0.1,9.4,360.0,5.755839955992561e-16,-9.4
2026-09-09 08:00:00,27.1,74.0,0.1,10.5,356.0,0.732442974313315,-10.474422527728153
2026-09-09 09:00:00,27.4,73.0,0.1,11.6,353.0,1.4136843834997108,-11.513535359039334
2026-09-09 10:00:00,27.8,71.0,0.1,13.5,351.0,2.1118652780431173,-13.33379259803436
2026-09-09 11:00:00,28.2,69.0,0.1,15.3,351.0,2.3934473151155333,-15.111631611105608
2026-09-09 12:00:00,28.6,67.0,0.1,16.9,349.0,3.2246720218636087,-16.58949940026552
2026-09-09 13:00:00,28.8,66.0,0.1,17.6,349.0,3.358238318627191,-17.276638428678886
2026-09-09 14:00:00,28.8,66.0,0.1,17.9,350.0,3.108302380238054,-17.628058778918522
2026-09-09 15:00:00,28.6,67.0,0.0,17.1,352.0,2.3798600264171195,-16.933583975480854
2026-09-09 16:00:00,28.2,68.0,0.0,15.2,355.0,1.3247672897644036,-15.142159410994532
2026-09-09 17:00:00,27.7,71.0,0.0,13.0,360.0,7.960204194457795e-16,-13.0
2026-09-09 18:00:00,27.2,73.0,0.0,10.5,8.0,-1.4613175600806911,-10.397814721786487
2026-09-09 19:00:00,26.7,75.0,0.0,9.0,16.0,-2.4807362023529897,-8.651355263444872
2026-09-09 20:00:00,26.3,77.0,0.0,8.4,25.0,-3.549993398621873,-7.612985411107861
2026-09-09 21:00:00,26.0,79.0,0.3,8.4,31.0,-4.326319829244458,-7.200205325897742
2026-09-09 22:00:00,25.8,80.0,0.3,8.9,32.0,-4.716281451675525,-7.547628055792192
2026-09-09 23:00:00,25.6,82.0,0.3,9.4,32.0,-4.981241083792128,-7.9716521038704045
2026-09-10 00:00:00,25.4,83.0,0.3,10.0,30.0,-5.000000000000004,-8.660254037844384
2026-09-10 01:00:00,25.3,84.0,0.3,11.1,29.0,-5.381386784734339,-9.708278749247295
2026-09-10 02:00:00,25.3,85.0,0.3,11.8,27.0,-5.357087896926654,-10.51387698542274
2026-09-10 03:00:00,25.3,85.0,0.4,12.4,26.0,-5.435802220184564,-11.14504617410967
2026-09-10 04:00:00,25.4,84.0,0.4,13.5,25.0,-5.705346533499439,-12.235155124994776
2026-09-10 05:00:00,25.6,84.0,0.4,14.5,23.0,-5.665601363094471,-13.347320375060384
2026-09-10 06:00:00,25.8,82.0,0.4,15.5,22.0,-5.806402197946641,-14.371349745785203
2026-09-10 07:00:00,26.1,81.0,0.4,16.5,20.0,-5.643332364873531,-15.50492824296749
2026-09-10 08:00:00,26.3,80.0,0.4,17.2,20.0,-5.882746465201499,-16.162713077517623
2026-09-10 09:00:00,26.5,79.0,0.2,17.8,18.0,-5.500502499874067,-16.928805990053732
2026-09-10 10:00:00,26.9,77.0,0.2,18.3,16.0,-5.04416361145108,-17.59108903567124
2026-09-10 11:00:00,27.2,75.0,0.2,18.9,14.0,-4.5723238268337205,-18.33858922661633
2026-09-10 12:00:00,27.5,74.0,0.2,19.2,13.0,-4.3190602434022125,-18.707905243876514
2026-09-10 13:00:00,27.8,73.0,0.2,19.6,13.0,-4.409040665139759,-19.09765326979061
2026-09-10 14:00:00,27.9,72.0,0.2,19.2,13.0,-4.3190602434022125,-18.707905243876514
2026-09-10 15:00:00,27.8,72.0,0.1,18.6,15.0,-4.814034238906884,-17.96622036897667
2026-09-10 16:00:00,27.6,73.0,0.1,17.4,18.0,-5.376895702124087,-16.54838338353567
2026-09-10 17:00:00,27.3,74.0,0.1,16.3,22.0,-6.106087472679371,-15.113096829438634
2026-09-10 18:00:00,27.0,75.0,0.1,15.3,27.0,-6.946054646015068,-13.632399820082028
2026-09-10 19:00:00,26.7,76.0,0.1,14.6,33.0,-7.9517299112193935,-12.24459029200319
2026-09-10 20:00:00,26.5,77.0,0.1,13.9,37.0,-8.36522882181347,-11.101033589657371
2026-09-10 21:00:00,26.3,78.0,0.1,13.6,40.0,-8.741911491736937,-10.418204426418098
2026-09-10 22:00:00,26.2,78.0,0.1,13.3,41.0,-8.725585085573748,-10.037637416962868
2026-09-10 23:00:00,26.0,79.0,0.1,13.0,42.0,-8.698697882665156,-9.660882731206126
2026-09-11 00:00:00,25.9,79.0,0.1,13.2,43.0,-9.00237835282498,-9.65386886137305
2026-09-11 01:00:00,25.8,80.0,0.1,13.2,43.0,-9.00237835282498,-9.65386886137305
2026-09-11 02:00:00,25.8,80.0,0.1,13.5,42.0,-9.033263185844584,-10.032455143944825
2026-09-11 03:00:00,25.9,80.0,0.2,13.8,41.0,-9.053614600069,-10.414992207074254
2026-09-11 04:00:00,25.9,80.0,0.2,14.6,40.0,-9.384699101423475,-11.184248869537077
2026-09-11 05:00:00,26.1,80.0,0.2,15.1,38.0,-9.296488277417437,-11.898962379461503
2026-09-11 06:00:00,26.2,80.0,0.2,16.2,37.0,-9.749403375063181,-12.937895262766144
2026-09-11 07:00:00,26.4,79.0,0.2,16.8,35.0,-9.63608413069758,-13.76175434405506
2026-09-11 08:00:00,26.6,79.0,0.2,17.6,35.0,-10.094945279778416,-14.417075979486253
2026-09-11 09:00:00,26.8,78.0,0.2,18.4,35.0,-10.553806428859252,-15.072397614917444
2026-09-11 10:00:00,27.1,78.0,0.2,18.9,35.0,-10.840594647034775,-15.48197363706194
2026-09-11 11:00:00,27.4,77.0,0.2,19.7,35.0,-11.299455796115613,-16.137295272493134
2026-09-11 12:00:00,27.7,76.0,0.2,20.4,36.0,-11.990819146766453,-16.503946685248923
2026-09-11 13:00:00,27.9,75.0,0.2,20.9,36.0,-12.28471177291269,-16.9084551824364
2026-09-11 14:00:00,28.0,75.0,0.2,21.1,37.0,-12.698296988508218,-16.85120926199788
2026-09-11 15:00:00,27.9,75.0,0.2,21.0,38.0,-12.92889098183882,-16.548225825741163
2026-09-11 16:00:00,27.7,76.0,0.2,20.7,40.0,-13.305703520511367,-15.857119972562842
2026-09-11 17:00:00,27.4,78.0,0.2,20.4,42.0,-13.650264369720706,-15.160154439738843
2026-09-11 18:00:00,27.0,79.0,0.2,19.9,45.0,-14.071424945612298,-14.071424945612293
2026-09-11 19:00:00,26.7,80.0,0.2,19.6,47.0,-14.334532551735744,-13.367167857224969
2026-09-11 20:00:00,26.5,81.0,0.2,19.4,50.0,-14.861262196508171,-12.47007962791886
2026-09-11 21:00:00,26.4,81.0,0.2,19.5,51.0,-15.154346248410931,-12.271747625471834
2026-09-11 22:00:00,26.3,82.0,0.2,19.5,52.0,-15.36620969533108,-12.005398768850334
2026-09-11 23:00:00,26.2,82.0,0.2,19.6,54.0,-15.856733089748973,-11.520590944932472
2026-09-12 00:00:00,26.1,82.0,0.2,19.7,55.0,-16.137295272493137,-11.299455796115609
2026-09-12 01:00:00,26.1,82.0,0.2,20.0,56.0,-16.580751451100838,-11.183858069414933
2026-09-12 02:00:00,26.1,82.0,0.2,20.3,57.0,-17.02501252929211,-11.05617241080505
2026-09-12 03:00:00,26.2,82.0,0.2,20.5,56.0,-16.995270237378357,-11.463454521150307
2026-09-12 04:00:00,26.2,82.0,0.2,21.0,55.0,-17.20219293006883,-12.04510516337197
2026-09-12 05:00:00,26.3,81.0,0.2,21.4,54.0,-17.312963679623877,-12.578604399058921
2026-09-12 06:00:00,26.5,81.0,0.2,21.8,52.0,-17.17863442862654,-13.421420162099349
2026-09-12 07:00:00,26.6,80.0,0.2,22.3,51.0,-17.330354940490448,-14.033844720411379
2026-09-12 08:00:00,26.7,80.0,0.2,22.5,50.0,-17.235999970177005,-14.462721217947133
2026-09-12 09:00:00,26.9,79.0,0.4,22.7,49.0,-17.131907471056927,-14.892539958084509
2026-09-12 10:00:00,27.1,79.0,0.4,23.2,49.0,-17.509262261168313,-15.220569472579763
2026-09-12 11:00:00,27.4,78.0,0.4,24.0,49.0,-18.11302992534653,-15.74541669577217
2026-09-12 12:00:00,27.6,77.0,0.4,24.2,49.0,-18.263971841391086,-15.87662850157027
2026-09-12 13:00:00,27.8,77.0,0.4,24.5,49.0,-18.490384715457918,-16.073446210267424
2026-09-12 14:00:00,27.8,77.0,0.4,24.5,49.0,-18.490384715457918,-16.073446210267424
2026-09-12 15:00:00,27.8,77.0,0.5,24.5,49.0,-18.490384715457918,-16.073446210267424
2026-09-12 16:00:00,27.6,78.0,0.5,24.0,49.0,-18.11302992534653,-15.74541669577217
2026-09-12 17:00:00,27.3,79.0,0.5,23.2,49.0,-17.509262261168313,-15.220569472579763
2026-09-12 18:00:00,27.1,80.0,0.5,22.7,49.0,-17.131907471056927,-14.892539958084509
2026-09-12 19:00:00,26.8,81.0,0.5,22.0,50.0,-16.852977748617516,-14.141327413103863
2026-09-12 20:00:00,26.7,82.0,0.5,21.5,50.0,-16.469955527058026,-13.819933608260595
2026-09-12 21:00:00,26.6,83.0,0.4,21.0,51.0,-16.320065190596388,-13.21572821204659
2026-09-12 22:00:00,26.5,83.0,0.4,20.5,52.0,-16.154220448937803,-12.621060244175993
2026-09-12 23:00:00,26.4,84.0,0.4,20.1,54.0,-16.261241586936446,-11.814483571078709
2026-09-13 00:00:00,26.4,85.0,0.4,19.6,54.0,-15.856733089748973,-11.520590944932472
2026-09-13 01:00:00,26.3,85.0,0.4,19.4,55.0,-15.89154965920644,-11.127382865210295
2026-09-13 02:00:00,26.4,85.0,0.4,19.1,54.0,-15.4522245925615,-11.226698318786235
2026-09-13 03:00:00,26.4,85.0,0.3,19.0,53.0,-15.174074690898564,-11.434485439888919
2026-09-13 04:00:00,26.6,84.0,0.3,18.9,51.0,-14.688058671536746,-11.89415539084193
2026-09-13 05:00:00,26.7,84.0,0.3,19.1,47.0,-13.96885570092616,-13.02616867719372
2026-09-13 06:00:00,26.9,83.0,0.3,19.3,45.0,-13.64716087690037,-13.647160876900367
2026-09-13 07:00:00,27.0,82.0,0.3,19.6,41.0,-12.858756968213944,-14.792307772366332
2026-09-13 08:00:00,27.2,81.0,0.3,20.0,39.0,-12.586407820996756,-15.542919229139411
2026-09-13 09:00:00,27.5,80.0,0.3,20.6,36.0,-12.108376197224949,-16.665750084123918
2026-09-13 10:00:00,27.8,79.0,0.3,21.3,34.0,-11.910808843926903,-17.658500295422392
2026-09-13 11:00:00,28.1,78.0,0.3,22.0,32.0,-11.65822381313051,-18.65705811544137
2026-09-13 12:00:00,28.3,77.0,0.3,22.9,30.0,-11.45000000000001,-19.831981746663637
2026-09-13 13:00:00,28.5,76.0,0.3,23.4,29.0,-11.344545113764282,-20.466101147061863
2026-09-13 14:00:00,28.6,76.0,0.3,23.5,27.0,-10.668776743879352,-20.938653318426642
2026-09-13 15:00:00,28.4,77.0,0.2,23.0,27.0,-10.441781494009579,-20.49315005633246
2026-09-13 16:00:00,28.2,78.0,0.2,22.2,27.0,-10.078589094217941,-19.780344836981765
2026-09-13 17:00:00,27.8,79.0,0.2,21.4,27.0,-9.715396694426303,-19.06753961763107
2026-09-13 18:00:00,27.4,81.0,0.2,20.1,27.0,-9.125209044764894,-17.909231136186193
2026-09-13 19:00:00,27.1,82.0,0.2,19.0,27.0,-8.625819495051392,-16.929123959578988
2026-09-13 20:00:00,26.8,83.0,0.2,18.2,27.0,-8.262627095259754,-16.216318740228292
2026-09-13 21:00:00,26.6,84.0,0.2,17.7,27.0,-8.03563184538998,-15.770815478134109
2026-09-13 22:00:00,26.5,84.0,0.2,17.2,26.0,-7.539983724772137,-15.459257596345669
2026-09-13 23:00:00,26.4,85.0,0.2,16.7,25.0,-7.057724971069676,-15.135340043512056
2026-09-14 00:00:00,26.3,86.0,0.2,16.3,25.0,-6.888677666373397,-14.772816928697397
2026-09-14 01:00:00,26.2,86.0,0.2,16.3,25.0,-6.888677666373397,-14.772816928697397
2026-09-14 02:00:00,26.2,86.0,0.2,16.1,24.0,-6.548459953520382,-14.708081868045877
2026-09-14 03:00:00,26.3,86.0,0.3,16.5,23.0,-6.447063620073018,-15.188330081965264
2026-09-14 04:00:00,26.4,86.0,0.3,16.6,22.0,-6.218469450704145,-15.39125198580867
2026-09-14 05:00:00,26.5,85.0,0.3,17.3,21.0,-6.199765527133702,-16.15094137840159
2026-09-14 06:00:00,26.7,85.0,0.3,18.0,20.0,-6.156362579862034,-16.914467174146353
2026-09-14 07:00:00,26.9,85.0,0.3,18.3,20.0,-6.258968622859735,-17.196374960382126
2026-09-14 08:00:00,27.1,84.0,0.3,19.1,20.0,-6.53258473752027,-17.948129057010853
2026-09-14 09:00:00,27.3,83.0,0.4,19.9,20.0,-6.806200852180804,-18.699883153639576
2026-09-14 10:00:00,27.6,82.0,0.4,20.7,20.0,-7.079816966841339,-19.451637250268305
2026-09-14 11:00:00,27.8,82.0,0.4,21.7,21.0,-7.776584505133025,-20.258695254989274
2026-09-14 12:00:00,28.1,81.0,0.4,22.1,22.0,-8.278805714491662,-20.490763185926
2026-09-14 13:00:00,28.3,80.0,0.4,22.7,23.0,-8.869596616706515,-20.89546017337039
2026-09-14 14:00:00,28.3,80.0,0.4,22.9,24.0,-9.314269126435821,-20.920190980015562
2026-09-14 15:00:00,28.2,80.0,0.3,22.4,26.0,-9.819513688075341,-20.132986637101336
2026-09-14 16:00:00,28.0,81.0,0.3,21.9,27.0,-9.942391944296077,-19.513042879725255
2026-09-14 17:00:00,27.7,82.0,0.3,20.8,30.0,-10.40000000000001,-18.013328398716318
2026-09-14 18:00:00,27.4,83.0,0.3,19.8,33.0,-10.783852893297535,-16.605677245319395
2026-09-14 19:00:00,27.1,84.0,0.3,19.1,36.0,-11.226698318786239,-15.452224592561496
2026-09-14 20:00:00,26.9,85.0,0.3,18.2,38.0,-11.205038850926977,-14.341795715642341
2026-09-14 21:00:00,26.8,86.0,0.2,17.7,39.0,-11.138970921582128,-13.75548351778838
2026-09-14 22:00:00,26.6,86.0,0.2,17.1,41.0,-11.218609395737674,-12.905533821809403
2026-09-14 23:00:00,26.5,87.0,0.2,16.6,41.0,-10.890579881242422,-12.528179031698016
2026-09-15 00:00:00,26.4,88.0,0.2,15.8,41.0,-10.365732658050016,-11.924411367519799
2026-09-15 01:00:00,26.3,88.0,0.2,15.5,42.0,-10.3715243985623,-11.518744794899613
2026-09-15 02:00:00,26.3,88.0,0.2,15.5,42.0,-10.3715243985623,-11.518744794899613
2026-09-15 03:00:00,26.4,88.0,0.3,15.5,42.0,-10.3715243985623,-11.518744794899613
2026-09-15 04:00:00,26.5,88.0,0.3,16.1,42.0,-10.773002762377617,-11.96463169018605
2026-09-15 05:00:00,26.6,87.0,0.3,16.6,42.0,-11.107568065557047,-12.336204102924748
2026-09-15 06:00:00,26.8,86.0,0.3,17.3,42.0,-11.575959490008247,-12.856405480758923
2026-09-15 07:00:00,27.0,86.0,0.3,17.8,42.0,-11.910524793187674,-13.22797789349762
2026-09-15 08:00:00,27.2,85.0,0.3,18.4,42.0,-12.312003157002989,-13.673864788784055
2026-09-15 09:00:00,27.5,84.0,0.3,18.9,42.0,-12.646568460182417,-14.045437201522752
2026-09-15 10:00:00,27.8,83.0,0.3,19.1,41.0,-12.53072745371869,-14.414952982254947
2026-09-15 11:00:00,28.1,82.0,0.3,19.6,41.0,-12.858756968213944,-14.792307772366332
2026-09-15 12:00:00,28.4,81.0,0.3,19.9,41.0,-13.055574676911094,-15.018720646433161
2026-09-15 13:00:00,28.6,80.0,0.3,20.2,40.0,-12.984309715668097,-15.474097751003352
2026-09-15 14:00:00,28.7,80.0,0.3,19.9,41.0,-13.055574676911094,-15.018720646433161
2026-09-15 15:00:00,28.6,81.0,0.2,19.4,42.0,-12.981133763361846,-14.417009614261449
2026-09-15 16:00:00,28.3,82.0,0.2,18.3,43.0,-12.480569989143724,-13.38377273963082
2026-09-15 17:00:00,27.9,84.0,0.2,17.1,46.0,-12.300710585790934,-11.878658134848855
2026-09-15 18:00:00,27.5,85.0,0.2,16.1,48.0,-11.964631690186048,-10.773002762377619
2026-09-15 19:00:00,27.2,87.0,0.2,15.1,50.0,-11.567271091096568,-9.706092906266742
2026-09-15 20:00:00,27.1,87.0,0.2,14.8,51.0,-11.501760229563168,-9.313941787537598
