time,temperature_2m,relativehumidity_2m,precipitation,windspeed_10m,winddirection_10m,u,v
2026-03-15 00:00:00,8.7,9.0,0.0,1.4,140.0,-0.8999026535611551,1.0724622203665692
2026-03-15 01:00:00,8.5,9.0,0.0,1.4,130.0,-1.072462220366569,0.8999026535611552
2026-03-15 02:00:00,8.7,8.0,0.0,2.1,110.0,-1.9733545036504077,0.7182423009839046
2026-03-15 03:00:00,8.9,8.0,0.0,1.3,82.0,-1.2873484893640414,-0.18092503124808518
2026-03-15 04:00:00,8.4,9.0,0.0,1.1,72.0,-1.046162167924669,-0.33991869381244205
2026-03-15 05:00:00,7.8,8.0,0.0,2.0,80.0,-1.969615506024416,-0.34729635533386094
2026-03-15 06:00:00,7.3,8.0,0.0,2.5,90.0,-2.5,3.061616997868383e-16
2026-03-15 07:00:00,9.0,24.0,0.0,2.8,105.0,-2.704592313609391,0.7246933262870588
2026-03-15 08:00:00,13.0,21.0,0.0,3.0,73.0,-2.868914267889106,-0.8771151141682103
2026-03-15 09:00:00,14.4,19.0,0.0,5.4,345.0,1.397622843553612,-5.215999461960969
2026-03-15 10:00:00,14.8,32.0,0.0,7.9,344.0,2.1775351109542935,-7.59396739791272
2026-03-15 11:00:00,15.0,46.0,0.0,8.9,347.0,2.002064383660398,-8.671893576588594
2026-03-15 12:00:00,15.2,58.0,0.0,9.2,349.0,1.755442757464213,-9.030970087718508
2026-03-15 13:00:00,15.3,61.0,0.0,8.7,353.0,1.060263287624783,-8.6351515192795
2026-03-15 14:00:00,14.9,63.0,0.0,8.8,355.0,0.7669705361793917,-8.766513343207361
2026-03-15 15:00:00,13.7,68.0,0.0,9.2,7.0,-1.1211979593273538,-9.131424595100162
2026-03-15 16:00:00,12.8,74.0,0.0,8.6,8.0,-1.196888668256566,-8.516305391177504
2026-03-15 17:00:00,11.6,80.0,0.0,5.4,21.0,-1.935186927544624,-5.041334303084889
2026-03-15 18:00:00,8.6,95.0,0.0,3.4,106.0,-3.2682897661902843,0.9371670097777973
2026-03-15 19:00:00,7.8,91.0,0.0,2.3,157.0,-0.8986815955253296,2.1171611629406124
2026-03-15 20:00:00,8.3,90.0,0.0,1.6,153.0,-0.7263847995832747,1.4256104387013888
2026-03-15 21:00:00,8.2,90.0,0.0,3.1,211.0,1.5966180322211678,2.6572186321765483
2026-03-15 22:00:00,8.2,94.0,0.0,1.7000000000000002,193.0,0.3824167923845704,1.6564291101349
2026-03-15 23:00:00,7.4,96.0,0.0,0.4,153.0,-0.18159619989581868,0.3564026096753472
2026-03-16 00:00:00,6.8,96.0,0.0,1.2,141.0,-0.7551844692598048,0.9325751537483652
2026-03-16 01:00:00,6.7,98.0,0.0,0.6000000000000001,146.0,-0.33551574208244805,0.4974225435330251
2026-03-16 02:00:00,5.6,97.0,0.0,1.7000000000000002,139.0,-1.1153003492838622,1.2830062863787128
2026-03-16 03:00:00,5.6,99.0,0.0,1.4,140.0,-0.8999026535611551,1.0724622203665692
2026-03-16 04:00:00,5.4,97.0,0.0,1.0,149.0,-0.5150380749100543,0.8571673007021123
2026-03-16 05:00:00,4.9,93.0,0.0,1.7000000000000002,148.0,-0.9008627491964483,1.4416817634659245
2026-03-16 06:00:00,5.5,82.0,0.0,1.7000000000000002,139.0,-1.1153003492838622,1.2830062863787128
2026-03-16 07:00:00,8.6,70.0,0.0,1.0,135.0,-0.7071067811865475,0.7071067811865476
2026-03-16 08:00:00,12.2,44.0,0.0,1.4,320.0,0.8999026535611551,-1.0724622203665692
2026-03-16 09:00:00,13.4,54.0,0.0,6.5,326.0,3.634753872559854,-5.388744221607771
2026-03-16 10:00:00,13.6,71.0,0.0,8.9,324.0,5.2312887454030115,-7.200251249937033
2026-03-16 11:00:00,14.5,66.0,0.0,9.0,325.0,5.162187927159415,-7.372368398600926
2026-03-16 12:00:00,14.4,71.0,0.1,10.7,323.0,6.439420747726917,-8.545399957506033
2026-03-16 13:00:00,13.7,76.0,0.2,10.2,326.0,5.703767615401617,-8.456183240061424
2026-03-16 14:00:00,11.9,90.0,0.3,7.8,328.0,4.133370261018998,-6.614775150020122
2026-03-16 15:00:00,10.9,97.0,0.9,5.4,345.0,1.397622843553612,-5.215999461960969
2026-03-16 16:00:00,10.2,98.0,0.4,4.6,351.0,0.7195985391850622,-4.543366366737634
2026-03-16 17:00:00,9.8,99.0,0.2,3.8,357.0,0.19887663372318706,-3.7947922320673806
2026-03-16 18:00:00,9.4,100.0,0.1,2.9,338.0,1.0863591209061447,-2.6888331782436836
2026-03-16 19:00:00,9.3,100.0,0.1,0.9,323.0,0.5416335208368436,-0.7187719590425635
2026-03-16 20:00:00,9.7,99.0,0.0,3.4,106.0,-3.2682897661902843,0.9371670097777973
2026-03-16 21:00:00,8.8,99.0,0.0,1.1,99.0,-1.0864571746546514,0.1720779115442541
2026-03-16 22:00:00,8.6,99.0,0.0,0.8,135.0,-0.565685424949238,0.5656854249492381
2026-03-16 23:00:00,8.5,99.0,0.0,0.5,135.0,-0.35355339059327373,0.3535533905932738
2026-03-17 00:00:00,8.5,100.0,0.0,0.6000000000000001,198.0,0.1854101966249685,0.5706339097770922
2026-03-17 01:00:00,8.1,100.0,0.0,1.1,198.0,0.3399186938124422,1.0461621679246689
2026-03-17 02:00:00,8.4,100.0,0.0,2.6,245.0,2.3564002462952898,1.0988074805258186
2026-03-17 03:00:00,6.8,100.0,0.0,1.1,171.0,-0.17207791154425392,1.0864571746546516
2026-03-17 04:00:00,5.8,99.0,0.0,0.9,169.0,-0.17172809583889032,0.8834644651028976
2026-03-17 05:00:00,5.4,99.0,0.0,0.4,153.0,-0.18159619989581868,0.3564026096753472
2026-03-17 06:00:00,5.2,98.0,0.0,1.2,153.0,-0.544788599687456,1.0692078290260414
2026-03-17 07:00:00,6.8,97.0,0.0,1.0,149.0,-0.5150380749100543,0.8571673007021123
2026-03-17 08:00:00,12.9,64.0,0.0,0.6000000000000001,146.0,-0.33551574208244805,0.4974225435330251
2026-03-17 09:00:00,13.2,60.0,0.0,3.6,327.0,1.9607005260540975,-3.0192140446035265
2026-03-17 10:00:00,14.9,61.0,0.0,7.7,321.0,4.8457670110837485,-5.984023903218676
2026-03-17 11:00:00,15.5,65.0,0.0,8.6,319.0,5.642107649318362,-6.490502389915839
2026-03-17 12:00:00,14.4,81.0,0.4,10.3,316.0,7.154981215727672,-7.409199943488106
2026-03-17 13:00:00,12.9,92.0,0.7000000000000001,7.5,300.0,6.49519052838329,-3.7499999999999996
2026-03-17 14:00:00,12.5,90.0,0.3,6.2,300.0,5.36935750346352,-3.0999999999999996
2026-03-17 15:00:00,13.2,79.0,0.1,8.1,282.0,7.922995565943825,-1.6840846956238507
2026-03-17 16:00:00,13.3,76.0,0.0,8.4,286.0,8.074598245881878,-2.315353788862793
2026-03-17 17:00:00,11.4,88.0,0.0,7.1,279.0,7.012587218225478,-1.1106847017856392
2026-03-17 18:00:00,9.8,94.0,0.0,5.6,209.0,2.7149338733794877,4.897870359980616
2026-03-17 19:00:00,8.2,91.0,0.0,5.0,193.0,1.1247552717193245,4.871850323926176
2026-03-17 20:00:00,8.2,90.0,0.0,3.3,174.0,-0.3449439287832567,3.2819222547153015
2026-03-17 21:00:00,7.7,87.0,0.0,4.7,176.0,-0.3278554265973891,4.688551036221174
2026-03-17 22:00:00,7.4,86.0,0.0,4.3,182.0,0.15006783582075464,4.2973805561821115
2026-03-17 23:00:00,7.1,87.0,0.0,4.1,178.0,-0.1430879364802539,4.097502390778292
2026-03-18 00:00:00,6.5,87.0,0.0,4.4,173.0,-0.5362251109826485,4.367203067221817
2026-03-18 01:00:00,6.7,85.0,0.0,4.0,188.0,0.5566924038402619,3.9610722749662814
2026-03-18 02:00:00,5.8,92.0,0.0,4.8,165.0,-1.2423314164921,4.636443966187528
2026-03-18 03:00:00,5.4,92.0,0.0,5.8,178.0,-0.20241708087450552,5.796466796710755
2026-03-18 04:00:00,6.7,87.0,0.0,5.5,171.0,-0.8603895577212695,5.4322858732732575
2026-03-18 05:00:00,5.3,91.0,0.0,5.4,159.0,-1.9351869275446216,5.04133430308489
2026-03-18 06:00:00,5.7,83.0,0.0,3.9,158.0,-1.4609657143220571,3.616017032810471
2026-03-18 07:00:00,9.1,69.0,0.0,5.2,166.0,-1.2579938571182725,5.045537776635181
2026-03-18 08:00:00,13.8,49.0,0.0,5.1,234.0,4.125986671312232,2.997704786691613
2026-03-18 09:00:00,14.9,52.0,0.0,8.2,279.0,8.09904439288013,-1.282762613329893
2026-03-18 10:00:00,15.8,56.0,0.0,9.7,282.0,9.488031727117914,-2.0167434009322656
2026-03-18 11:00:00,17.0,56.0,0.0,11.1,277.0,11.017262283218674,-1.352749711797137
2026-03-18 12:00:00,17.1,59.0,0.0,13.0,284.0,12.613844441587954,-3.1449846427956807
2026-03-18 13:00:00,17.0,60.0,0.0,13.7,274.0,13.666627488559591,-0.9556636902945166
2026-03-18 14:00:00,17.6,53.0,0.0,11.2,268.0,11.193177262613872,0.3908743630680108
2026-03-18 15:00:00,17.2,52.0,0.0,12.6,272.0,12.592324420440606,-0.4397336584515122
2026-03-18 16:00:00,15.2,65.0,0.0,10.8,265.0,10.758902739390853,0.9412820216747082
2026-03-18 17:00:00,13.8,74.0,0.0,8.5,252.0,8.083980388508804,2.626644452187053
2026-03-18 18:00:00,10.6,94.0,0.0,6.3,215.0,3.613531549011591,5.160657879020648
2026-03-18 19:00:00,9.2,95.0,0.0,7.6,176.0,-0.5301492004553525,7.581486781974664
2026-03-18 20:00:00,8.8,90.0,0.0,6.0,159.0,-2.1502076972718016,5.601482558983211
2026-03-18 21:00:00,8.8,87.0,0.0,6.1,161.0,-1.9859657421886554,5.767663311155832
2026-03-18 22:00:00,9.2,81.0,0.0,6.4,164.0,-1.764079077228794,6.1520748540052415
2026-03-18 23:00:00,9.3,76.0,0.0,5.7,171.0,-0.8916764507293157,5.629823541392286
2026-03-19 00:00:00,9.8,72.0,0.0,4.7,187.0,0.5727859140041932,4.664966912714213
2026-03-19 01:00:00,9.9,74.0,0.0,5.0,215.0,2.8678821817552307,4.095760221444959
2026-03-19 02:00:00,9.5,79.0,0.0,4.2,200.0,1.436484601967809,3.9467090073008153
2026-03-19 03:00:00,9.1,80.0,0.0,4.1,214.0,2.292690904230062,3.399054047475671
2026-03-19 04:00:00,8.4,81.0,0.0,4.1,193.0,0.9222993228098461,3.9949172656194643
2026-03-19 05:00:00,7.8,83.0,0.0,3.9,202.0,1.4609657143220567,3.616017032810471
2026-03-19 06:00:00,7.9,82.0,0.0,6.7,186.0,0.7003407038932782,6.663296698967431
2026-03-19 07:00:00,9.5,79.0,0.0,6.1,168.0,-1.2682613139883319,5.966700364476214
2026-03-19 08:00:00,13.8,62.0,0.0,3.8,281.0,3.730183297101123,-0.7250741824308702
2026-03-19 09:00:00,14.9,62.0,0.0,7.1,291.0,6.628421028130132,-2.5444124417716316
2026-03-19 10:00:00,16.4,62.0,0.0,9.8,288.0,9.320353859692505,-3.0283665448744848
2026-03-19 11:00:00,16.4,62.0,0.1,10.3,275.0,10.260805390344979,-0.8977041503008791
2026-03-19 12:00:00,16.5,63.0,0.4,10.5,278.0,10.397814721786489,-1.4613175600806871
2026-03-19 13:00:00,15.1,74.0,0.4,8.1,282.0,7.922995565943825,-1.6840846956238507
2026-03-19 14:00:00,13.2,90.0,0.4,5.6,291.0,5.22805038838433,-2.0068605174536813
2026-03-19 15:00:00,12.6,94.0,0.8,6.1,270.0,6.1,0.0
2026-03-19 16:00:00,12.7,90.0,0.2,6.8,273.0,6.790680836331102,-0.3558845024520181
2026-03-19 17:00:00,12.5,94.0,0.1,5.2,241.0,4.548022477124858,2.521010025280953
2026-03-19 18:00:00,11.6,99.0,0.0,3.3,225.0,2.3334523779156067,2.3334523779156067
2026-03-19 19:00:00,10.6,99.0,0.0,2.4,167.0,-0.539882530425276,2.3384881554845647
2026-03-19 20:00:00,11.4,99.0,0.2,5.5,197.0,1.6080443759750522,5.259676157796695
2026-03-19 21:00:00,11.2,98.0,0.0,4.6,193.0,1.0347748499817786,4.482102298012082
2026-03-19 22:00:00,11.3,94.0,0.0,3.5,192.0,0.7276909178621581,3.4235166025683195
2026-03-19 23:00:00,11.2,95.0,0.0,3.3,186.0,0.3449439287832564,3.2819222547153015
2026-03-20 00:00:00,10.8,96.0,0.0,3.4,177.0,-0.17794225122600907,3.395340418165551
2026-03-20 01:00:00,10.7,96.0,0.0,3.8,175.0,-0.3311918224411013,3.785539852748633
2026-03-20 02:00:00,10.8,97.0,0.0,5.4,166.0,-1.3063782362382061,5.2395969218903815
2026-03-20 03:00:00,10.3,96.0,0.0,3.5,171.0,-0.5475206276408079,3.456909192082982
2026-03-20 04:00:00,10.2,93.0,0.0,3.6,186.0,0.3763024677635525,3.580278823325784
2026-03-20 05:00:00,9.9,93.0,0.0,3.6,171.0,-0.5631640741448309,3.555678026142496
2026-03-20 06:00:00,9.6,92.0,0.0,3.3,158.0,-1.2362017582725098,3.0597067200703982
2026-03-20 07:00:00,10.8,92.0,0.0,4.1,151.0,-1.9877194430099816,3.5859407992715226
2026-03-20 08:00:00,14.7,81.0,0.0,2.9,223.0,1.9777952441812454,2.1209257346955943
2026-03-20 09:00:00,13.6,82.0,0.6,6.3,288.0,5.991656052659467,-1.9468070645621685
2026-03-20 10:00:00,14.6,73.0,0.7000000000000001,7.6,295.0,6.887939181478539,-3.211898789229316
2026-03-20 11:00:00,15.7,63.0,0.7000000000000001,8.5,291.0,7.9354336252262145,-3.0461275711350524
2026-03-20 12:00:00,15.9,60.0,0.2,7.6,289.0,7.185941174554808,-2.474317973874391
2026-03-20 13:00:00,16.3,59.0,0.4,9.8,290.0,9.208987683701903,-3.3517974045915535
2026-03-20 14:00:00,15.1,70.0,0.3,7.9,274.0,7.880755997052612,-0.55107614257859
2026-03-20 15:00:00,15.1,69.0,0.1,9.2,272.0,9.19439560857568,-0.32107536966300887
2026-03-20 16:00:00,14.6,72.0,0.1,8.6,282.0,8.412069366310728,-1.7880405410327302
2026-03-20 17:00:00,13.3,84.0,0.0,5.3,303.0,4.444954010110747,-2.8865868855796433
2026-03-20 18:00:00,11.4,100.0,0.0,0.9,37.0,-0.5416335208368435,-0.7187719590425635
2026-03-20 19:00:00,10.6,99.0,0.0,2.7,148.0,-1.430782013429653,2.2897298596223505
2026-03-20 20:00:00,10.4,92.0,0.0,1.4,157.0,-0.5470235798849833,1.2887067948334163
2026-03-20 21:00:00,9.4,94.0,0.0,2.3,148.0,-1.218814307736371,1.9505106211597798
2026-03-20 22:00:00,9.9,88.0,0.0,2.1,149.0,-1.081579957311114,1.800051331474436
2026-03-20 23:00:00,9.2,88.0,0.0,2.6,155.0,-1.0988074805258183,2.35640024629529
2026-03-21 00:00:00,9.4,85.0,0.0,2.9,158.0,-1.086359120906145,2.6888331782436836
2026-03-21 01:00:00,9.2,85.0,0.0,4.8,160.0,-1.6416966879632098,4.51052457977236
2026-03-21 02:00:00,9.6,87.0,0.0,4.7,152.0,-2.2065163450936875,4.149853686436956
2026-03-21 03:00:00,10.1,87.0,0.0,5.9,166.0,-1.42733918403804,5.7247447850283795
2026-03-21 04:00:00,10.4,87.0,0.0,7.2,176.0,-0.5022466109577024,7.182461161870735
2026-03-21 05:00:00,10.2,87.0,0.0,7.9,164.0,-2.1775351109542926,7.59396739791272
2026-03-21 06:00:00,9.2,90.0,0.0,5.7,169.0,-1.0876112736463055,5.595274945651685
2026-03-21 07:00:00,12.1,78.0,0.0,6.3,173.0,-0.7677768634524283,6.253040755340329
2026-03-21 08:00:00,14.0,70.0,0.0,5.8,240.0,5.022947341949744,2.8999999999999995
2026-03-21 09:00:00,15.4,66.0,0.0,10.1,271.0,10.098461721079552,-0.17626930501656346
2026-03-21 10:00:00,16.2,63.0,0.0,10.6,266.0,10.574178932754137,0.7394186216877282
2026-03-21 11:00:00,16.5,62.0,0.1,11.5,273.0,11.4842396496776,-0.6018634967938541
2026-03-21 12:00:00,15.8,67.0,0.3,10.4,271.0,10.39841602962647,-0.18150502694774853
2026-03-21 13:00:00,14.4,76.0,0.3,8.3,276.0,8.25453173155667,-0.8675862451215239
2026-03-21 14:00:00,12.7,91.0,0.4,7.6,306.0,6.1485291572496,-4.467167917422795
2026-03-21 15:00:00,12.6,93.0,0.8,7.0,283.0,6.820590453496647,-1.574657380407055
2026-03-21 16:00:00,12.5,93.0,0.3,7.0,288.0,6.657395614066075,-2.1631189606246317
2026-03-21 17:00:00,12.1,95.0,0.2,4.4,282.0,4.303849443228746,-0.9148114395981412
2026-03-21 18:00:00,11.8,98.0,0.1,2.8,195.0,0.7246933262870581,2.7045923136093912
2026-03-21 19:00:00,11.1,98.0,0.2,3.2,153.0,-1.4527695991665495,2.8512208774027776
2026-03-21 20:00:00,11.2,99.0,0.0,4.0,150.0,-1.9999999999999991,3.464101615137755
2026-03-21 21:00:00,10.9,97.0,0.0,2.1,149.0,-1.081579957311114,1.800051331474436
2026-03-21 22:00:00,10.4,97.0,0.0,0.9,143.0,-0.5416335208368436,0.7187719590425634
2026-03-21 23:00:00,9.9,97.0,0.0,2.2,145.0,-1.2618681599723016,1.8021344974357818
2026-03-22 00:00:00,9.6,97.0,0.0,3.1,156.0,-1.260883593534981,2.8319909186920627
2026-03-22 01:00:00,9.7,93.0,0.0,3.8,161.0,-1.2371589869371953,3.592970587277404
2026-03-22 02:00:00,9.2,96.0,0.0,6.3,162.0,-1.9468070645621682,5.991656052659468
2026-03-22 03:00:00,9.5,95.0,0.0,5.7,162.0,-1.7613968679371999,5.421022142882376
2026-03-22 04:00:00,10.0,97.0,0.0,5.4,160.0,-1.8469087739586112,5.074340152243906
2026-03-22 05:00:00,10.3,95.0,0.0,4.8,160.0,-1.6416966879632098,4.51052457977236
2026-03-22 06:00:00,9.9,94.0,0.0,4.3,156.0,-1.748967565225941,3.9282454678631837
2026-03-22 07:00:00,11.9,91.0,0.0,5.5,161.0,-1.7906248495143615,5.200352165796243
2026-03-22 08:00:00,15.8,77.0,0.0,4.6,234.0,3.721478174124758,2.703812160545376
2026-03-22 09:00:00,16.9,60.0,0.0,5.6,287.0,5.355306633392998,-1.6372815464473258
2026-03-22 10:00:00,18.2,55.0,0.0,7.6,304.0,6.300685551418316,-4.249866066377677
2026-03-22 11:00:00,18.3,59.0,0.1,8.6,311.0,6.490502389915839,-5.642107649318362
2026-03-22 12:00:00,17.3,66.0,0.6,8.2,311.0,6.18861855782673,-5.379684037722159
2026-03-22 13:00:00,16.5,72.0,0.7000000000000001,8.2,311.0,6.18861855782673,-5.379684037722159
2026-03-22 14:00:00,15.8,75.0,0.3,7.2,302.0,6.105946292326267,-3.8154187024790756
2026-03-22 15:00:00,15.3,76.0,0.4,5.9,293.0,5.4309786353693985,-2.3053136580867153
2026-03-22 16:00:00,14.9,79.0,0.1,6.6,283.0,6.430842427582553,-1.484676958669509
2026-03-22 17:00:00,14.4,84.0,0.0,5.7,283.0,5.553909369275841,-1.2822210097600306
2026-03-22 18:00:00,12.5,99.0,0.0,1.8,217.0,1.0832670416736871,1.437543918085127
2026-03-22 19:00:00,11.4,96.0,0.0,2.5,176.0,-0.1743911843603133,2.4939101256495606
2026-03-22 20:00:00,12.3,95.0,0.0,2.5,159.0,-0.8959198738632507,2.3339510662430043
2026-03-22 21:00:00,11.7,95.0,0.0,2.4,167.0,-0.539882530425276,2.3384881554845647
2026-03-22 22:00:00,10.6,96.0,0.0,3.2,153.0,-1.4527695991665495,2.8512208774027776
2026-03-22 23:00:00,10.0,90.0,0.0,1.5,150.0,-0.7499999999999997,1.299038105676658
2026-03-23 00:00:00,9.0,91.0,0.0,2.1,149.0,-1.081579957311114,1.800051331474436
2026-03-23 01:00:00,8.9,87.0,0.0,2.3,151.0,-1.115062126566575,2.01162532642061
2026-03-23 02:00:00,8.2,91.0,0.0,4.9,152.0,-2.3004106576508656,4.326443205008742
2026-03-23 03:00:00,8.3,87.0,0.0,3.8,155.0,-1.6059493946146575,3.44396959073927
2026-03-23 04:00:00,8.2,88.0,0.0,2.8,153.0,-1.2711733992707306,2.49481826772743
2026-03-23 05:00:00,8.5,83.0,0.0,2.0,153.0,-0.9079809994790934,1.7820130483767358
2026-03-23 06:00:00,9.5,75.0,0.0,1.6,153.0,-0.7263847995832747,1.4256104387013888
2026-03-23 07:00:00,13.1,75.0,0.0,1.9,163.0,-0.5555062389731996,1.8169790363297675
2026-03-23 08:00:00,15.6,63.0,0.0,0.6000000000000001,214.0,0.3355157420824481,0.4974225435330251
2026-03-23 09:00:00,17.4,57.0,0.0,6.9,311.0,5.207496103537127,-4.5268073000345
2026-03-23 10:00:00,18.2,62.0,0.0,6.5,312.0,4.830441365603063,-4.349348941332579
2026-03-23 11:00:00,18.4,69.0,0.0,9.5,307.0,7.587037345449282,-5.717242719944458
2026-03-23 12:00:00,18.5,71.0,0.0,8.0,304.0,6.632300580440333,-4.473543227765975
2026-03-23 13:00:00,17.6,76.0,0.0,7.6,304.0,6.300685551418316,-4.249866066377677
2026-03-23 14:00:00,17.3,75.0,0.1,7.7,301.0,6.600188215406265,-3.9657931768074173
2026-03-23 15:00:00,16.5,82.0,0.1,6.2,292.0,5.748539898314082,-2.3225608791786545
2026-03-23 16:00:00,15.1,90.0,0.1,5.0,291.0,4.667902132486009,-1.7918397477265013
2026-03-23 17:00:00,14.4,96.0,0.1,4.2,290.0,3.9467090073008158,-1.4364846019678086
2026-03-23 18:00:00,13.4,100.0,0.1,2.7,278.0,2.67372378560224,-0.3757673725921767
2026-03-23 19:00:00,13.3,100.0,0.0,2.8,235.0,2.293625724009177,1.6060140217829288
2026-03-23 20:00:00,13.0,100.0,0.0,4.7,173.0,-0.5727859140041927,4.664966912714214
2026-03-23 21:00:00,12.5,98.0,0.0,2.9,176.0,-0.20229377385796346,2.89293574575349
2026-03-23 22:00:00,11.9,96.0,0.0,1.9,163.0,-0.5555062389731996,1.8169790363297675
2026-03-23 23:00:00,11.1,96.0,0.0,2.3,157.0,-0.8986815955253296,2.1171611629406124
2026-03-24 00:00:00,10.8,95.0,0.0,2.7,148.0,-1.430782013429653,2.2897298596223505
2026-03-24 01:00:00,9.9,96.0,0.0,4.1,151.0,-1.9877194430099816,3.5859407992715226
2026-03-24 02:00:00,9.8,97.0,0.0,4.7,152.0,-2.2065163450936875,4.149853686436956
2026-03-24 03:00:00,9.3,97.0,0.0,4.3,158.0,-1.6108083516884217,3.9868905746371857
2026-03-24 04:00:00,9.5,98.0,0.0,5.5,163.0,-1.6080443759750516,5.2596761577966955
2026-03-24 05:00:00,9.9,97.0,0.0,4.7,162.0,-1.4523798735622526,4.469965626587222
2026-03-24 06:00:00,9.8,94.0,0.0,4.3,163.0,-1.2571983303077676,4.112110450641053
2026-03-24 07:00:00,12.7,87.0,0.0,5.3,168.0,-1.1019319613341245,5.18418228388917
2026-03-24 08:00:00,16.1,79.0,0.0,3.4,252.0,3.233592155403522,1.0506577808748212
2026-03-24 09:00:00,17.9,67.0,0.0,7.7,267.0,7.689447417610219,0.40298686307066756
2026-03-24 10:00:00,18.0,68.0,0.4,11.9,269.0,11.898187572361056,0.20768363660367378
2026-03-24 11:00:00,18.7,65.0,0.5,13.2,266.0,13.167845463429678,0.920785453422454
2026-03-24 12:00:00,18.9,65.0,0.5,13.8,259.0,13.546455131577764,2.6331641361963185
2026-03-24 13:00:00,18.9,69.0,0.7000000000000001,15.4,265.0,15.341398350612883,1.3421984383139358
2026-03-24 14:00:00,17.1,82.0,0.7000000000000001,11.1,263.0,11.017262283218674,1.352749711797137
2026-03-24 15:00:00,17.6,75.0,0.0,10.4,244.0,9.347458081511338,4.559059926606405
2026-03-24 16:00:00,17.8,75.0,0.0,10.4,249.0,9.709236435570899,3.727026675271123
2026-03-24 17:00:00,16.8,82.0,0.0,8.1,245.0,7.341093074996865,3.4232079200996655
2026-03-24 18:00:00,15.2,89.0,0.0,8.2,212.0,4.34533796671228,6.953994388482692
2026-03-24 19:00:00,13.6,95.0,0.0,8.7,210.0,4.3500000000000005,7.534421012924615
2026-03-24 20:00:00,14.6,86.0,0.0,10.9,207.0,4.948496447161061,9.71197111365321
2026-03-24 21:00:00,13.7,88.0,0.0,10.0,210.0,5.000000000000001,8.660254037844386
2026-03-24 22:00:00,13.2,92.0,0.0,10.4,203.0,4.063603736288447,9.57325047590538
2026-03-24 23:00:00,12.9,88.0,0.0,9.6,213.0,5.22853473614426,8.051237452276071
2026-03-25 00:00:00,12.5,86.0,0.0,9.3,220.0,5.977924770084816,7.124213321006496
2026-03-25 01:00:00,12.3,86.0,0.0,8.3,228.0,6.168102051462372,5.553784032778524
2026-03-25 02:00:00,11.9,88.0,0.0,10.3,196.0,2.8390647649150917,9.900995468164686
2026-03-25 03:00:00,11.7,88.0,0.0,7.7,211.0,3.9657931768074173,6.600188215406265
2026-03-25 04:00:00,11.2,89.0,0.0,8.1,211.0,4.171808406771438,6.94305513568711
2026-03-25 05:00:00,10.7,89.0,0.0,7.2,193.0,1.6196475912758275,7.015464466453694
2026-03-25 06:00:00,10.2,87.0,0.0,6.4,202.0,2.397482197861837,5.93397666922744
2026-03-25 07:00:00,13.3,75.0,0.0,7.6,218.0,4.6790272124750025,5.988881727411087
2026-03-25 08:00:00,16.0,63.0,0.0,8.0,250.0,7.517540966287267,2.7361611466053497
2026-03-25 09:00:00,17.2,58.0,0.0,11.4,275.0,11.3566195582459,-0.9935754673233032
2026-03-25 10:00:00,17.8,62.0,0.0,12.7,276.0,12.63042807117707,-1.327511483499199
2026-03-25 11:00:00,17.4,72.0,0.0,12.1,274.0,12.070525008143873,-0.8440533323039161
2026-03-25 12:00:00,17.9,68.0,0.0,11.0,276.0,10.939740849051006,-1.1498130959441881
2026-03-25 13:00:00,18.1,66.0,0.0,11.7,279.0,11.555953584963111,-1.830283240970701
2026-03-25 14:00:00,17.1,76.0,0.0,11.3,290.0,10.618526614880766,-3.8648276195800566
2026-03-25 15:00:00,16.2,78.0,0.2,11.4,282.0,11.150882648365386,-2.3701932753224564
2026-03-25 16:00:00,16.0,76.0,0.1,10.3,276.0,10.243575522293215,-1.0766431716568308
2026-03-25 17:00:00,15.0,81.0,0.0,8.5,275.0,8.467654933779837,-0.7408238133550944
2026-03-25 18:00:00,13.0,98.0,0.0,4.9,234.0,3.9641832724372428,2.8801477362331185
2026-03-25 19:00:00,11.9,96.0,0.0,5.6,220.0,3.5996106142446203,4.289848881466277
2026-03-25 20:00:00,12.1,100.0,0.0,4.0,249.0,3.734321705988807,1.433471798181201
2026-03-25 21:00:00,12.1,100.0,0.0,7.7,219.0,4.8457670110837485,5.984023903218676
2026-03-25 22:00:00,12.1,96.0,0.0,7.5,217.0,4.513612673640363,5.989766325354696
2026-03-25 23:00:00,11.7,95.0,0.0,7.1,221.0,4.658019105832602,5.358438019581681
2026-03-26 00:00:00,11.7,93.0,0.0,7.1,255.0,6.858073366652385,1.8376152202278973
2026-03-26 01:00:00,11.4,92.0,0.0,5.9,207.0,2.6785439484633264,5.25693849271137
2026-03-26 02:00:00,11.7,88.0,0.0,5.4,201.0,1.935186927544622,5.04133430308489
2026-03-26 03:00:00,11.3,91.0,0.0,8.2,251.0,7.753252319914398,2.669658866548685
2026-03-26 04:00:00,11.3,93.0,0.0,7.9,229.0,5.962205683759899,5.182866329025008
2026-03-26 05:00:00,11.4,93.0,0.0,6.9,227.0,5.046340541172277,4.70578868443124
2026-03-26 06:00:00,11.2,94.0,0.0,7.1,246.0,6.486172749262466,2.8878301658381815
2026-03-26 07:00:00,13.4,87.0,0.0,8.8,244.0,7.909387607432671,3.8576660917438814
2026-03-26 08:00:00,15.6,71.0,0.0,7.1,240.0,6.148780366869515,3.5499999999999994
2026-03-26 09:00:00,17.5,57.0,0.0,10.1,271.0,10.098461721079552,-0.17626930501656346
2026-03-26 10:00:00,17.9,64.0,0.0,12.6,267.0,12.58273213790763,0.6594330486610923
2026-03-26 11:00:00,18.4,60.0,0.1,17.3,261.0,17.087008292295884,2.7063162451959943
2026-03-26 12:00:00,19.2,52.0,0.0,17.3,256.0,16.78611606457474,4.185248793874252
2026-03-26 13:00:00,19.8,48.0,0.0,18.5,254.0,17.7833413748589,5.099291082614484
2026-03-26 14:00:00,18.2,57.0,0.1,16.8,260.0,16.544770250605094,2.91728938480443
2026-03-26 15:00:00,17.3,63.0,0.2,16.2,253.0,15.492137046601174,4.736421616508335
2026-03-26 16:00:00,15.3,79.0,0.0,11.7,252.0,11.127361240653295,3.615498834186884
2026-03-26 17:00:00,13.5,94.0,0.0,10.7,243.0,9.533769808815537,4.85769834721315
2026-03-26 18:00:00,13.2,95.0,0.1,10.8,240.0,9.353074360871938,5.3999999999999995
2026-03-26 19:00:00,13.1,91.0,0.0,10.3,237.0,8.638306849837868,5.609782060654779
2026-03-26 20:00:00,12.8,96.0,0.0,10.2,224.0,7.085515378681771,7.33726596345424
2026-03-26 21:00:00,12.9,95.0,0.1,11.7,232.0,9.219725817198645,7.203239261310202
2026-03-26 22:00:00,12.8,95.0,0.1,11.8,236.0,9.782643356149492,6.598476260954814
2026-03-26 23:00:00,12.8,95.0,0.1,11.7,241.0,10.23305057353093,5.6722725568821435
2026-03-27 00:00:00,12.1,97.0,0.1,10.7,215.0,6.137267868956194,8.764926873892211
2026-03-27 01:00:00,12.3,98.0,0.3,10.1,235.0,8.273435647318816,5.7931220071455645
2026-03-27 02:00:00,11.9,97.0,0.7000000000000001,9.9,218.0,6.095048605724017,7.801306460706548
2026-03-27 03:00:00,12.2,95.0,0.1,9.9,207.0,4.494505947421514,8.820964589464841
2026-03-27 04:00:00,11.8,97.0,0.2,9.3,216.0,5.46640284632,7.523858047687012
2026-03-27 05:00:00,11.8,99.0,0.6,9.2,222.0,6.156001578501495,6.836932394392027
2026-03-27 06:00:00,12.1,98.0,1.1,7.7,231.0,5.984023903218676,4.845767011083748
2026-03-27 07:00:00,12.1,100.0,0.9,7.4,244.0,6.651075942613836,3.243946486239173
2026-03-27 08:00:00,13.5,97.0,1.6,9.3,238.0,7.886847294254762,4.928249157368806
2026-03-27 09:00:00,14.5,92.0,0.2,9.9,248.0,9.179120160211196,3.708605274817529
2026-03-27 10:00:00,15.4,79.0,0.2,12.7,249.0,11.856471416514461,4.551272959225313
2026-03-27 11:00:00,15.6,74.0,0.6,12.5,250.0,11.746157759823856,4.2752517915708586
2026-03-27 12:00:00,15.0,85.0,0.6,12.3,264.0,12.232619313029762,1.2857000981921378
2026-03-27 13:00:00,15.1,84.0,0.2,13.4,252.0,12.744157318355057,4.1408277246242955
2026-03-27 14:00:00,14.0,88.0,0.3,11.2,254.0,10.76613099450917,3.0871383851503906
2026-03-27 15:00:00,14.1,89.0,0.2,11.3,248.0,10.4771775566047,4.233054505599806
2026-03-27 16:00:00,13.8,89.0,0.6,9.1,243.0,8.108159370114148,4.131313547629875
2026-03-27 17:00:00,14.3,84.0,0.0,7.1,243.0,6.326146321737411,3.2233325481507817
2026-03-27 18:00:00,12.9,94.0,0.0,4.5,247.0,4.142271840535981,1.7582900782017319
2026-03-27 19:00:00,12.0,97.0,0.0,4.0,188.0,0.5566924038402619,3.9610722749662814
2026-03-27 20:00:00,13.0,97.0,0.0,5.6,209.0,2.7149338733794877,4.897870359980616
2026-03-27 21:00:00,12.0,98.0,0.0,4.9,186.0,0.512189470011502,4.873157287304539
2026-03-27 22:00:00,12.0,96.0,0.0,4.7,178.0,-0.1640276345017545,4.6971368869897505
2026-03-27 23:00:00,11.6,96.0,0.0,4.8,165.0,-1.2423314164921,4.636443966187528
2026-03-28 00:00:00,11.2,97.0,0.0,4.6,171.0,-0.7195985391850617,4.543366366737634
2026-03-28 01:00:00,10.9,97.0,0.0,3.8,177.0,-0.1988766337231866,3.7947922320673806
2026-03-28 02:00:00,11.9,93.0,0.0,4.8,205.0,2.0285676563553574,4.350277377775919
2026-03-28 03:00:00,11.7,96.0,0.0,4.7,184.0,0.3278554265973886,4.688551036221174
2026-03-28 04:00:00,11.9,95.0,0.0,4.7,203.0,1.8364363038995866,4.32637281122647
2026-03-28 05:00:00,12.0,93.0,0.0,3.6,207.0,1.6343657990623686,3.207623487078124
2026-03-28 06:00:00,11.9,92.0,0.0,3.8,253.0,3.6339580726595346,1.1110124779463997
2026-03-28 07:00:00,12.8,90.0,0.1,4.1,257.0,3.9949172656194643,0.9222993228098464
2026-03-28 08:00:00,14.0,91.0,0.0,4.3,265.0,4.283637201794505,0.3747696938149301
2026-03-28 09:00:00,15.3,80.0,0.1,9.3,286.0,8.939733772226367,-2.5634274090980926
2026-03-28 10:00:00,15.8,78.0,0.1,9.3,279.0,9.185501567534782,-1.4548405248741472
2026-03-28 11:00:00,16.2,75.0,0.1,10.7,282.0,10.46617932785172,-2.2246550917500247
2026-03-28 12:00:00,16.0,79.0,0.4,10.5,278.0,10.397814721786489,-1.4613175600806871
2026-03-28 13:00:00,15.7,87.0,0.8,9.5,281.0,9.325458242752807,-1.8126854560771757
2026-03-28 14:00:00,13.9,94.0,0.4,7.6,271.0,7.598842483188573,-0.1326382889233547
2026-03-28 15:00:00,13.8,92.0,1.1,8.2,251.0,7.753252319914398,2.669658866548685
2026-03-28 16:00:00,14.7,87.0,0.4,8.9,257.0,8.671893576588594,2.0020643836603984
2026-03-28 17:00:00,14.1,88.0,0.1,8.1,271.0,8.098766330766768,-0.14136449214199645
2026-03-28 18:00:00,12.8,97.0,0.0,5.3,258.0,5.18418228388917,1.1019319613341245
2026-03-28 19:00:00,11.8,100.0,0.0,6.2,187.0,0.7555899291119145,6.153786140176196
2026-03-28 20:00:00,11.3,98.0,0.0,4.3,163.0,-1.2571983303077676,4.112110450641053
2026-03-28 21:00:00,11.2,95.0,0.0,3.4,174.0,-0.3553967751100221,3.381374444252129
2026-03-28 22:00:00,10.8,97.0,0.0,3.8,161.0,-1.2371589869371953,3.592970587277404
2026-03-28 23:00:00,10.8,97.0,0.0,4.8,153.0,-2.179154398749824,4.276831316104166
2026-03-29 00:00:00,10.7,96.0,0.0,4.1,151.0,-1.9877194430099816,3.5859407992715226
2026-03-29 01:00:00,10.6,97.0,0.0,5.7,152.0,-2.6759879078795783,5.032801279295883
2026-03-29 02:00:00,11.3,92.0,0.0,5.7,162.0,-1.7613968679371999,5.421022142882376
2026-03-29 03:00:00,11.6,90.0,0.0,6.8,178.0,-0.2373165775770065,6.795857623729851
2026-03-29 04:00:00,12.0,91.0,0.0,4.8,200.0,1.6416966879632102,4.51052457977236
2026-03-29 05:00:00,12.1,91.0,0.0,4.1,182.0,0.14308793648025442,4.097502390778292
2026-03-29 06:00:00,12.2,92.0,0.0,5.3,208.0,2.4881992827652213,4.679622242152313
2026-03-29 07:00:00,13.0,89.0,0.0,6.8,230.0,5.20910221320905,4.370955745868467
2026-03-29 08:00:00,13.5,90.0,0.0,9.9,228.0,7.357133772226203,6.624393002952697
2026-03-29 09:00:00,15.1,79.0,0.0,13.4,243.0,11.93948742412413,6.083472696509927
2026-03-29 10:00:00,16.9,70.0,0.1,13.5,245.0,12.235155124994774,5.705346533499442
2026-03-29 11:00:00,17.8,67.0,0.1,14.0,255.0,13.522961568046956,3.6234666314352904
2026-03-29 12:00:00,17.8,66.0,0.1,14.5,256.0,14.06928803100195,3.507867486195182
2026-03-29 13:00:00,17.5,71.0,0.1,14.7,259.0,14.42991959668066,2.8048922320352085
2026-03-29 14:00:00,17.5,65.0,0.4,13.7,256.0,13.293051449981151,3.314329969715448
2026-03-29 15:00:00,16.7,73.0,0.2,12.6,253.0,12.049439925134246,3.683883479506483
2026-03-29 16:00:00,16.3,77.0,0.1,11.2,258.0,10.955253128218622,2.3286109371589045
2026-03-29 17:00:00,16.1,79.0,0.0,8.4,247.0,7.7322407690005,3.2821414793099
2026-03-29 18:00:00,14.2,92.0,0.0,5.6,225.0,3.9597979746446663,3.9597979746446654
2026-03-29 19:00:00,12.5,91.0,0.0,5.6,201.0,2.006860517453682,5.22805038838433
2026-03-29 20:00:00,13.0,93.0,0.0,4.5,194.0,1.0886485301985045,4.366330768241984
2026-03-29 21:00:00,12.0,90.0,0.0,4.5,185.0,0.3922008423644616,4.482876141412855
2026-03-29 22:00:00,11.0,93.0,0.0,5.5,169.0,-1.0494494745709964,5.3989495089621515
2026-03-29 23:00:00,10.8,93.0,0.0,5.3,170.0,-0.9203353416347306,5.2194810909647025
2026-03-30 00:00:00,10.7,94.0,0.0,5.8,173.0,-0.7068421917498547,5.756767679519668
2026-03-30 01:00:00,10.8,95.0,0.0,7.1,187.0,0.8652723381765471,7.047077676653386
2026-03-30 02:00:00,12.2,96.0,0.0,9.7,178.0,-0.3385251180142592,9.694091022085228
2026-03-30 03:00:00,12.4,92.0,0.0,10.3,175.0,-0.8977041503008799,10.260805390344979
2026-03-30 04:00:00,12.3,87.0,0.0,12.3,166.0,-2.975639315875914,11.934637433194757
2026-03-30 05:00:00,12.7,80.0,0.0,9.0,168.0,-1.8712052173598341,8.803328406604251
2026-03-30 06:00:00,13.6,72.0,0.0,9.3,171.0,-1.4548405248741467,9.185501567534782
2026-03-30 07:00:00,16.0,67.0,0.0,9.9,184.0,0.6905890900668399,9.87588409757226
2026-03-30 08:00:00,19.4,55.0,0.0,10.1,226.0,7.265331983420377,7.016049541635872
2026-03-30 09:00:00,20.8,44.0,0.0,15.5,257.0,15.102736004171147,3.4867413423299074
2026-03-30 10:00:00,20.4,53.0,0.1,16.6,258.0,16.237250172181177,3.4513340675748054
2026-03-30 11:00:00,21.2,46.0,0.0,17.7,253.0,16.926594180545727,5.17497917359244
2026-03-30 12:00:00,21.3,44.0,0.0,19.4,248.0,17.987366778595675,7.267367912268693
2026-03-30 13:00:00,19.1,59.0,0.6,19.8,251.0,18.721267796866474,6.446249458251703
2026-03-30 14:00:00,17.9,68.0,1.0,16.8,246.0,15.347563688395695,6.8331756036734435
2026-03-30 15:00:00,17.5,67.0,0.4,17.2,235.0,14.089415161770658,9.865514705237992
2026-03-30 16:00:00,18.1,59.0,0.1,14.3,230.0,10.954435536601386,9.191862818517512
2026-03-30 17:00:00,15.3,77.0,0.2,10.4,224.0,7.224447052773572,7.481133923521972
2026-03-30 18:00:00,14.3,82.0,0.4,13.3,212.0,7.047926214301626,11.279039678880466
2026-03-30 19:00:00,15.2,66.0,0.0,14.9,211.0,7.674067316159807,12.771792780461475
2026-03-30 20:00:00,15.7,55.0,0.0,16.8,229.0,12.67912094774257,11.021791687040523
2026-03-30 21:00:00,14.9,57.0,0.0,11.5,228.0,8.546165492990033,7.695001973126869
2026-03-30 22:00:00,13.4,62.0,0.0,10.3,191.0,1.9653326523784127,10.110759989510939
2026-03-30 23:00:00,13.4,60.0,0.0,11.0,191.0,2.098898949141994,10.797899017924303
2026-03-31 00:00:00,15.1,48.0,0.0,11.5,212.0,6.094071538681856,9.7525531057989
2026-03-31 01:00:00,15.3,48.0,0.0,11.5,211.0,5.9229378614656225,9.857423958074293
2026-03-31 02:00:00,14.9,50.0,0.0,13.5,224.0,9.377888001196464,9.71108730457179
2026-03-31 03:00:00,14.1,54.0,0.0,11.5,236.0,9.533932084382979,6.430718389913589
2026-03-31 04:00:00,12.9,58.0,0.0,7.7,201.0,2.759433211498813,7.188569284028453
2026-03-31 05:00:00,11.0,66.0,0.0,5.9,160.0,-2.0179188456214456,5.54418646263686
2026-03-31 06:00:00,11.9,67.0,0.2,7.3,173.0,-0.8896462068575758,7.245586906981651
2026-03-31 07:00:00,15.4,62.0,0.0,6.2,202.0,2.322560879178654,5.748539898314082
2026-03-31 08:00:00,17.1,53.0,0.0,7.0,226.0,5.0353786023705585,4.862608593212981
2026-03-31 09:00:00,19.2,44.0,0.0,8.5,246.0,7.765136389962107,3.4572614661443017
2026-03-31 10:00:00,20.4,39.0,0.0,13.4,258.0,13.107177849832997,2.786016656957975
2026-03-31 11:00:00,21.1,39.0,0.0,18.4,264.0,18.299202874776228,1.9233237241248238
2026-03-31 12:00:00,21.1,36.0,0.0,20.3,264.0,20.18879447597595,2.1219278043333656
2026-03-31 13:00:00,21.3,33.0,0.0,20.3,264.0,20.18879447597595,2.1219278043333656
2026-03-31 14:00:00,20.8,27.0,0.0,18.2,262.0,18.02287885109658,2.532950437473191
2026-03-31 15:00:00,18.1,52.0,0.0,12.8,255.0,12.363850576500075,3.3128837773122655
2026-03-31 16:00:00,17.8,60.0,0.1,13.9,237.0,11.657520894441394,7.570482586708876
2026-03-31 17:00:00,16.5,72.0,0.1,11.4,239.0,9.77170722800408,5.8714340539746175
2026-03-31 18:00:00,15.0,78.0,0.0,9.5,234.0,7.685661446562001,5.583959896778495
2026-03-31 19:00:00,14.1,71.0,0.0,10.6,204.0,4.311408416603482,9.683581851011569
2026-03-31 20:00:00,15.0,48.0,0.0,15.0,215.0,8.603646545265692,12.287280664334878
2026-03-31 21:00:00,15.7,44.0,0.0,17.4,224.0,12.08705564598655,12.516512525892528
2026-03-31 22:00:00,16.0,43.0,0.0,21.7,246.0,19.823936430844437,8.826185154744865
2026-03-31 23:00:00,14.3,52.0,0.0,17.8,240.0,15.41525218736301,8.899999999999999
2026-04-01 00:00:00,13.6,63.0,0.0,19.7,228.0,14.639953061904666,13.181872945269507
2026-04-01 01:00:00,13.1,65.0,0.0,20.9,231.0,16.24235059445069,13.152796172941601
2026-04-01 02:00:00,13.3,60.0,0.0,21.1,226.0,15.17806978714554,14.657291616684843
2026-04-01 03:00:00,13.4,57.0,0.2,24.9,236.0,20.643035556620536,13.923903296421598
2026-04-01 04:00:00,12.9,61.0,0.1,22.5,231.0,17.485784132781845,14.159708798621342
2026-04-01 05:00:00,10.2,92.0,1.9,20.2,210.0,10.100000000000001,17.493713156445658
2026-04-01 06:00:00,10.8,93.0,0.7000000000000001,20.8,206.0,9.11811985321281,18.694916163022675
2026-04-01 07:00:00,12.3,85.0,0.0,17.2,223.0,11.730371793074973,12.579283667849731
2026-04-01 08:00:00,13.5,87.0,0.0,12.5,249.0,11.669755331215022,4.4795993693162535
2026-04-01 09:00:00,14.1,84.0,0.2,13.9,232.0,10.953349475133434,8.55769450702665
2026-04-01 10:00:00,15.7,76.0,0.0,13.1,257.0,12.764247848686582,2.9468588119046313
2026-04-01 11:00:00,16.0,75.0,0.4,15.7,257.0,15.297610017128193,3.5317315531986804
2026-04-01 12:00:00,15.9,76.0,0.2,14.6,249.0,13.630274226859145,5.232172063361384
2026-04-01 13:00:00,16.5,76.0,0.1,15.7,248.0,14.556786516698562,5.881323516629818
2026-04-01 14:00:00,15.5,80.0,0.4,15.4,249.0,14.377138568056907,5.5188664229976245
2026-04-01 15:00:00,15.0,87.0,0.5,16.7,248.0,15.483970371265348,6.25593011004573
2026-04-01 16:00:00,14.5,87.0,0.6,13.9,241.0,12.157213929237601,6.738853721424086
2026-04-01 17:00:00,15.0,87.0,0.0,11.7,247.0,10.769906785393552,4.571554203324503
2026-04-01 18:00:00,13.3,94.0,0.0,9.2,228.0,6.836932394392027,6.156001578501495
2026-04-01 19:00:00,12.2,96.0,0.0,8.0,205.0,3.3809460939255955,7.2504622962931995
2026-04-01 20:00:00,11.2,92.0,0.0,3.4,205.0,1.436902089918378,3.0814464759246096
2026-04-01 21:00:00,10.2,97.0,0.0,4.0,183.0,0.20934382497177587,3.9945181390182953
2026-04-01 22:00:00,10.0,95.0,0.0,3.6,174.0,-0.3763024677635528,3.580278823325784
2026-04-01 23:00:00,10.3,92.0,0.0,3.1,177.0,-0.16224146435312592,3.0957515577391788
2026-04-02 00:00:00,10.4,92.0,0.0,3.3,167.0,-0.7423384793347546,3.2154212137912763
2026-04-02 01:00:00,9.6,94.0,0.0,3.7,166.0,-0.8951110137187709,3.590094187221187
2026-04-02 02:00:00,9.5,90.0,0.0,5.0,165.0,-1.2940952255126041,4.8296291314453415
2026-04-02 03:00:00,9.7,83.0,0.0,3.3,167.0,-0.7423384793347546,3.2154212137912763
2026-04-02 04:00:00,9.5,84.0,0.0,2.7,157.0,-1.0549740469210394,2.4853631043215887
2026-04-02 05:00:00,9.7,83.0,0.0,2.3,162.0,-0.7107390870623789,2.187429987478853
2026-04-02 06:00:00,10.0,81.0,0.0,1.9,158.0,-0.7117525274902329,1.761649323676896
2026-04-02 07:00:00,13.7,72.0,0.0,2.7,180.0,1.6532731788489269e-16,2.7
2026-04-02 08:00:00,15.2,72.0,0.0,3.5,305.0,2.8670321550114712,-2.007517527228661
2026-04-02 09:00:00,16.5,68.0,0.0,7.2,302.0,6.105946292326267,-3.8154187024790756
2026-04-02 10:00:00,17.8,60.0,0.0,9.1,280.0,8.961750552411093,-1.580198416769066
2026-04-02 11:00:00,18.9,56.0,0.0,11.0,275.0,10.9581416790092,-0.9587131702242399
2026-04-02 12:00:00,18.9,53.0,0.0,12.4,269.0,12.398111419939251,0.21640983982231554
2026-04-02 13:00:00,18.4,57.0,0.2,12.4,268.0,12.392446255036788,0.43275375911101205
2026-04-02 14:00:00,18.8,53.0,0.4,11.7,269.0,11.698218033329777,0.20419315531621707
2026-04-02 15:00:00,16.8,71.0,0.2,9.0,269.0,8.998629256407522,0.1570716579355516
2026-04-02 16:00:00,15.2,80.0,0.3,6.7,273.0,6.690817882855645,-0.3506509068277237
2026-04-02 17:00:00,15.2,81.0,0.1,7.5,260.0,7.3860581475915605,1.3023613325019774
2026-04-02 18:00:00,13.9,91.0,0.0,3.8,267.0,3.7947922320673806,0.19887663372318656
2026-04-02 19:00:00,12.0,96.0,0.0,3.1,183.0,0.1622414643531263,3.0957515577391788
2026-04-02 20:00:00,12.8,89.0,0.0,1.5,126.0,-1.213525491562421,0.8816778784387098
2026-04-02 21:00:00,12.9,88.0,0.0,1.4,180.0,8.572527594031472e-17,1.4
2026-04-02 22:00:00,12.5,91.0,0.2,1.2,117.0,-1.0692078290260414,0.5447885996874562
2026-04-02 23:00:00,12.1,90.0,0.4,2.7,138.0,-1.8066526371689173,2.0064910287889646
2026-04-03 00:00:00,12.1,98.0,1.2,4.0,153.0,-1.8159619989581868,3.5640260967534716
2026-04-03 01:00:00,12.2,100.0,1.1,3.1,277.0,3.076893070088098,-0.3777949645559572
2026-04-03 02:00:00,12.0,99.0,1.4,4.2,170.0,-0.7293223462011073,4.136192562651273
2026-04-03 03:00:00,12.2,99.0,1.9,6.3,167.0,-1.4171916423663498,6.1385314081469815
2026-04-03 04:00:00,12.4,98.0,0.5,5.7,208.0,2.675987907879578,5.032801279295883
2026-04-03 05:00:00,12.5,97.0,0.5,5.9,198.0,1.82320026681219,5.611233446141406
2026-04-03 06:00:00,12.8,97.0,1.0,3.9,196.0,1.0749856876862967,3.7489206141594438
2026-04-03 07:00:00,13.8,98.0,0.2,5.8,184.0,0.40458754771592637,5.78587149150698
2026-04-03 08:00:00,13.9,99.0,1.4,7.7,221.0,5.051654523226906,5.811263767715345
2026-04-03 09:00:00,14.5,98.0,0.7000000000000001,10.1,241.0,8.833659042107897,4.896577164488004
2026-04-03 10:00:00,16.3,92.0,0.3,14.3,253.0,13.675158010271407,4.180915377535136
2026-04-03 11:00:00,16.8,86.0,0.3,14.4,246.0,13.155054590053453,5.857007660291523
2026-04-03 12:00:00,18.4,73.0,0.2,15.7,252.0,14.93158730583391,4.8515668116866735
2026-04-03 13:00:00,18.8,64.0,0.1,15.9,245.0,14.410293813882735,6.719630361677122
2026-04-03 14:00:00,18.8,65.0,0.1,16.2,227.0,11.847929966230561,11.048373433012475
2026-04-03 15:00:00,17.3,76.0,0.1,13.9,241.0,12.157213929237601,6.738853721424086
2026-04-03 16:00:00,16.6,74.0,0.1,14.2,220.0,9.127584057548859,10.877831092289487
2026-04-03 17:00:00,15.5,83.0,0.3,12.2,236.0,10.114258385171507,6.822153422343112
2026-04-03 18:00:00,14.4,91.0,0.3,13.4,208.0,6.290918941330938,11.83149774430962
2026-04-03 19:00:00,14.4,90.0,0.0,13.9,200.0,4.754079992226797,13.061727428924126
2026-04-03 20:00:00,14.5,78.0,0.0,13.3,180.0,8.143901214329899e-16,13.3
2026-04-03 21:00:00,14.2,71.0,0.0,8.6,217.0,5.175609199107615,6.868265386406718
2026-04-03 22:00:00,13.7,76.0,0.0,13.6,233.0,10.861442936643183,8.184684314867857
2026-04-03 23:00:00,13.0,87.0,0.5,19.1,205.0,8.07200879924736,17.310478732400014
2026-04-04 00:00:00,13.4,82.0,0.0,22.1,204.0,8.988879811975185,20.18935461390148
2026-04-04 01:00:00,13.8,73.0,0.0,26.0,217.0,15.647190601953257,20.764523261229613
2026-04-04 02:00:00,12.7,89.0,0.1,21.9,215.0,12.56132395608791,17.939429769928918
2026-04-04 03:00:00,12.4,95.0,0.9,18.9,234.0,15.290421193686505,11.109141268327742
2026-04-04 04:00:00,12.8,94.0,0.3,16.8,222.0,11.241394186828819,12.484833068020224
2026-04-04 05:00:00,13.6,96.0,0.3,18.9,232.0,14.893403243167043,11.636001883654941
2026-04-04 06:00:00,13.7,94.0,0.2,14.5,234.0,11.730746418436738,8.52288615824086
2026-04-04 07:00:00,13.6,97.0,0.1,8.4,239.0,7.200205325897744,4.326319829244455
2026-04-04 08:00:00,14.0,88.0,1.9,12.0,251.0,11.346222907191802,3.9068178534858804
2026-04-04 09:00:00,14.0,97.0,0.6,11.4,235.0,9.338333304894507,6.538771374401925
2026-04-04 10:00:00,14.6,90.0,0.5,12.6,248.0,11.682516567541521,4.720043077040491
2026-04-04 11:00:00,14.0,94.0,0.8,12.2,236.0,10.114258385171507,6.822153422343112
2026-04-04 12:00:00,14.5,94.0,0.3,12.9,255.0,12.460443159128982,3.3387656818225175
2026-04-04 13:00:00,14.8,95.0,0.4,11.9,245.0,10.785062665736135,5.029157314714324
2026-04-04 14:00:00,13.0,100.0,4.3,10.0,249.0,9.335804264972017,3.5836794954530027
2026-04-04 15:00:00,13.7,96.0,1.1,11.8,246.0,10.77983640018269,4.799492388294443
2026-04-04 16:00:00,13.3,100.0,0.2,12.3,238.0,10.43099158272404,6.518006950068421
2026-04-04 17:00:00,13.6,99.0,0.1,8.3,237.0,6.9609657139470205,4.520503990624725
2026-04-04 18:00:00,12.4,99.0,2.0,8.4,235.0,6.880877172027532,4.818042065348787
2026-04-04 19:00:00,12.6,99.0,1.0,7.9,192.0,1.6425023574602997,7.727366045797065
2026-04-04 20:00:00,12.6,100.0,1.2,8.9,232.0,7.013295707099825,5.479387130398359
2026-04-04 21:00:00,12.6,99.0,4.7,8.3,193.0,1.867093751054079,8.087271537717454
2026-04-04 22:00:00,12.7,99.0,4.2,7.8,188.0,1.0855501874885105,7.724090936184249
2026-04-04 23:00:00,12.6,98.0,1.1,6.2,213.0,3.376762017093168,5.199757521261629
2026-04-05 00:00:00,12.1,98.0,0.3,7.6,223.0,5.183187536474988,5.558288132305695
2026-04-05 01:00:00,11.6,97.0,0.0,8.0,211.0,4.120304599280433,6.857338405616899
2026-04-05 02:00:00,11.5,95.0,0.0,4.4,215.0,2.5237363199446032,3.604268994871564
2026-04-05 03:00:00,11.4,95.0,0.0,8.5,179.0,-0.14834545471690955,8.498705408829325
2026-04-05 04:00:00,10.7,97.0,0.0,6.5,167.0,-1.4621818532351227,6.333405421104029
2026-04-05 05:00:00,11.1,95.0,0.0,6.6,171.0,-1.0324674692655234,6.518743047927909
2026-04-05 06:00:00,11.9,89.0,0.0,8.3,167.0,-1.86709375105408,8.087271537717454
2026-04-05 07:00:00,13.7,87.0,0.0,6.9,186.0,0.7212463965468089,6.862201078041086
2026-04-05 08:00:00,14.6,90.0,0.0,5.6,237.0,4.696555180494374,3.0499785960841517
2026-04-05 09:00:00,16.8,75.0,0.1,11.5,236.0,9.533932084382979,6.430718389913589
2026-04-05 10:00:00,19.3,57.0,0.0,12.6,260.0,12.408577687953821,2.1879670386033223
2026-04-05 11:00:00,18.6,62.0,0.1,13.8,264.0,13.724402156082173,1.442492793093618
2026-04-05 12:00:00,19.5,56.0,0.1,13.9,265.0,13.847106303475263,1.2114648241924486
2026-04-05 13:00:00,19.5,55.0,0.1,13.2,263.0,13.101609201665449,1.6086753329479466
2026-04-05 14:00:00,19.9,50.0,0.7000000000000001,9.8,256.0,9.508898117504765,2.370834576876744
2026-04-05 15:00:00,19.5,53.0,0.1,10.1,268.0,10.093847352892867,0.3524849166952598
2026-04-05 16:00:00,17.9,74.0,0.0,9.0,275.0,8.96575228282571,-0.7844016847289235
2026-04-05 17:00:00,16.5,85.0,0.0,7.4,274.0,7.381973971922699,-0.5161979057065272
2026-04-05 18:00:00,14.7,98.0,0.0,5.1,243.0,4.544133273360676,2.3153515486716882
2026-04-05 19:00:00,14.4,99.0,0.0,3.8,225.0,2.6870057685088806,2.68700576850888
2026-04-05 20:00:00,13.0,97.0,0.0,3.2,137.0,-2.1823947521999947,2.3403318451813457
2026-04-05 21:00:00,12.4,96.0,0.0,3.3,158.0,-1.2362017582725098,3.0597067200703982
2026-04-05 22:00:00,12.1,93.0,0.0,3.9,164.0,-1.0749856876862962,3.7489206141594438
2026-04-05 23:00:00,12.0,91.0,0.0,5.9,157.0,-2.3053136580867153,5.430978635369398
2026-04-06 00:00:00,11.5,93.0,0.0,5.9,157.0,-2.3053136580867153,5.430978635369398
2026-04-06 01:00:00,12.7,87.0,0.0,4.8,158.0,-1.798111648396378,4.45048250192058
2026-04-06 02:00:00,11.9,97.0,0.1,3.7,125.0,-3.0308625638692703,2.12223281449887
2026-04-06 03:00:00,12.4,99.0,2.9,5.1,135.0,-3.606244584051392,3.6062445840513924
2026-04-06 04:00:00,12.7,100.0,1.9,4.8,195.0,1.2423314164920995,4.636443966187528
2026-04-06 05:00:00,12.9,99.0,4.8,2.3,157.0,-0.8986815955253296,2.1171611629406124
2026-04-06 06:00:00,13.2,98.0,6.6,4.8,257.0,4.676976310969129,1.079765060850552
2026-04-06 07:00:00,13.0,99.0,9.2,11.1,202.0,4.158133186916623,10.29174078569134
2026-04-06 08:00:00,13.9,98.0,3.4,16.2,210.0,8.100000000000001,14.029611541307904
2026-04-06 09:00:00,15.9,93.0,1.5,14.6,238.0,12.38150220388382,7.736821257804792
2026-04-06 10:00:00,16.0,89.0,0.9,17.4,246.0,15.895690962981254,7.077217589518923
2026-04-06 11:00:00,16.3,96.0,1.8,13.0,231.0,10.10289749894062,8.181165083647887
2026-04-06 12:00:00,15.7,98.0,3.9,10.6,219.0,6.670796145128278,8.23774719144389
2026-04-06 13:00:00,15.1,99.0,8.1,11.9,218.0,7.326371556375334,9.377327967919992
2026-04-06 14:00:00,14.9,96.0,3.0,18.7,202.0,7.005143296877553,17.338338080398923
2026-04-06 15:00:00,16.3,90.0,0.2,17.6,214.0,9.841795101085145,14.591061276968736
2026-04-06 16:00:00,17.4,73.0,0.0,17.8,227.0,13.018095888821234,12.139570809112474
2026-04-06 17:00:00,16.6,69.0,0.0,16.7,221.0,10.956185784141471,12.603649989720292
2026-04-06 18:00:00,16.1,66.0,0.0,17.5,217.0,10.531762905160846,13.976121425827625
2026-04-06 19:00:00,15.3,68.0,0.0,15.2,203.0,5.93911315303696,13.991673772477093
2026-04-06 20:00:00,15.4,74.0,0.0,18.3,196.0,5.044163611451085,17.591089035671235
2026-04-06 21:00:00,15.7,63.0,0.0,15.6,202.0,5.843862857288227,14.464068131241884
2026-04-06 22:00:00,16.2,57.0,0.0,16.1,208.0,7.558492160852843,14.215456245028724
2026-04-06 23:00:00,15.3,59.0,0.0,18.8,206.0,8.241377559634657,16.89732807042434
2026-04-07 00:00:00,15.6,58.0,0.0,20.2,213.0,11.001708507303547,16.941145472497567
2026-04-07 01:00:00,15.6,54.0,0.0,19.2,217.0,11.554848444519328,15.333801792908021
2026-04-07 02:00:00,15.0,60.0,0.0,20.8,210.0,10.400000000000002,18.01332839871632
2026-04-07 03:00:00,14.9,63.0,0.0,18.2,210.0,9.100000000000001,15.761662348876781
2026-04-07 04:00:00,15.5,62.0,0.0,16.5,220.0,10.6059955598279,12.639733311463138
2026-04-07 05:00:00,15.5,69.0,0.1,15.1,209.0,7.32062526571969,13.206757577804876
2026-04-07 06:00:00,15.1,72.0,0.1,11.6,188.0,1.6144079711367594,11.487109597402215
2026-04-07 07:00:00,16.4,72.0,0.0,11.8,239.0,10.114574148284927,6.077449283938639
2026-04-07 08:00:00,16.4,75.0,0.1,9.1,214.0,5.088655421583796,7.5442419102508795
2026-04-07 09:00:00,16.9,81.0,0.4,11.2,268.0,11.193177262613872,0.3908743630680108
2026-04-07 10:00:00,15.2,94.0,1.2,9.4,246.0,8.587327301840448,3.8233244449125223
2026-04-07 11:00:00,16.7,94.0,0.3,10.0,257.0,9.743700647852352,2.24951054343865
2026-04-07 12:00:00,17.1,89.0,0.3,9.8,263.0,9.726952286084956,1.1943195653704453
2026-04-07 13:00:00,17.0,89.0,0.2,10.3,268.0,10.293725518296688,0.35946481603576
2026-04-07 14:00:00,15.6,97.0,0.5,6.8,281.0,6.675064847444115,-1.2975011685605047
2026-04-07 15:00:00,15.4,100.0,1.7000000000000002,7.1,276.0,7.06110545711474,-0.7421520892003396
2026-04-07 16:00:00,14.8,100.0,4.8,7.0,312.0,5.20201377834176,-4.683914244512008
2026-04-07 17:00:00,14.3,100.0,11.6,3.6,330.0,1.8000000000000005,-3.117691453623979
2026-04-07 18:00:00,14.8,100.0,5.5,8.1,245.0,7.341093074996865,3.4232079200996655
2026-04-07 19:00:00,15.1,100.0,0.4,7.8,262.0,7.724090936184249,1.0855501874885103
2026-04-07 20:00:00,14.7,98.0,0.1,5.3,235.0,4.341505834731656,3.039955112660544
2026-04-07 21:00:00,15.0,97.0,0.0,4.4,261.0,4.3458286986186065,0.6883116461770159
2026-04-07 22:00:00,15.0,95.0,0.0,3.9,254.0,3.7489206141594438,1.0749856876862967
2026-04-07 23:00:00,14.7,96.0,0.0,2.7,233.0,2.1563158771276907,1.6249005625105304
2026-04-08 00:00:00,14.7,96.0,0.0,1.1,198.0,0.3399186938124422,1.0461621679246689
2026-04-08 01:00:00,14.2,95.0,0.0,1.8,169.0,-0.34345619167778063,1.7669289302057951
2026-04-08 02:00:00,14.6,98.0,0.0,3.6,200.0,1.2312725159724078,3.38289343482927
2026-04-08 03:00:00,14.2,98.0,0.0,2.5,262.0,2.475670171853926,0.3479327524001636
2026-04-08 04:00:00,13.9,99.0,0.0,3.6,213.0,1.9607005260540975,3.0192140446035265
2026-04-08 05:00:00,13.9,98.0,0.0,4.0,219.0,2.51728156419935,3.1085838458278836
2026-04-08 06:00:00,14.5,93.0,0.0,4.1,221.0,2.6898420188610794,3.094309278913365
2026-04-08 07:00:00,15.3,97.0,0.1,5.2,258.0,5.08636752381579,1.0811407922523486
2026-04-08 08:00:00,16.8,97.0,0.2,5.9,259.0,5.791600382341218,1.1257730727216144
2026-04-08 09:00:00,16.9,98.0,0.3,6.7,265.0,6.674504477214695,0.5839434764093098
2026-04-08 10:00:00,17.9,93.0,0.2,9.8,283.0,9.548826634895306,-2.204520332569877
2026-04-08 11:00:00,17.9,90.0,0.6,11.1,256.0,10.77028256166356,2.6853330411563117
2026-04-08 12:00:00,19.4,80.0,0.3,12.1,273.0,12.083417370530343,-0.6332650705396203
2026-04-08 13:00:00,19.0,82.0,0.7000000000000001,11.9,267.0,11.88369146357943,0.6227978792910317
2026-04-08 14:00:00,19.6,73.0,0.7000000000000001,11.3,252.0,10.746938634135235,3.491892036436906
2026-04-08 15:00:00,19.8,70.0,0.3,12.8,259.0,12.5648279481301,2.4423551408197737
2026-04-08 16:00:00,19.0,76.0,0.1,11.5,256.0,11.15840085217396,2.782101799396179
2026-04-08 17:00:00,18.3,79.0,0.0,9.1,249.0,8.495581881124535,3.261148340862232
2026-04-08 18:00:00,16.4,94.0,0.0,6.2,249.0,5.788198644282651,2.2218812871808615
2026-04-08 19:00:00,16.1,97.0,0.0,5.9,192.0,1.226678975824781,5.771070844329453
2026-04-08 20:00:00,15.9,89.0,0.0,3.7,169.0,-0.7059932828932158,3.632020578756357
2026-04-08 21:00:00,16.1,88.0,0.0,3.8,188.0,0.5288577836482488,3.7630186612179672
2026-04-08 22:00:00,15.9,90.0,0.0,3.5,195.0,0.9058666578588226,3.380740392011739
2026-04-08 23:00:00,15.2,93.0,0.0,5.1,176.0,-0.35575801609503915,5.087576656325103
2026-04-09 00:00:00,15.0,93.0,0.0,5.9,166.0,-1.42733918403804,5.7247447850283795
2026-04-09 01:00:00,15.1,93.0,0.0,6.8,168.0,-1.4137994975607635,6.651403684989878
2026-04-09 02:00:00,15.2,93.0,0.0,5.9,160.0,-2.0179188456214456,5.54418646263686
2026-04-09 03:00:00,15.5,92.0,0.0,5.8,182.0,0.20241708087450627,5.796466796710755
2026-04-09 04:00:00,14.9,94.0,0.0,6.3,173.0,-0.7677768634524283,6.253040755340329
2026-04-09 05:00:00,14.8,93.0,0.0,7.2,162.0,-2.224922359499621,6.847606917325106
2026-04-09 06:00:00,14.8,92.0,0.0,7.4,157.0,-2.891410350820626,6.811735915548058
2026-04-09 07:00:00,17.4,82.0,0.0,6.3,177.0,-0.3297165243305462,6.291366068953815
2026-04-09 08:00:00,19.8,74.0,0.0,6.8,235.0,5.570233901165144,3.900319767187113
2026-04-09 09:00:00,21.3,64.0,0.0,12.2,246.0,11.14525458323973,4.962187045524762
2026-04-09 10:00:00,21.4,65.0,0.0,12.2,251.0,11.535326622311665,3.9719314843773117
2026-04-09 11:00:00,22.9,56.0,0.0,13.2,253.0,12.623222778712067,3.859306502340125
2026-04-09 12:00:00,23.2,56.0,0.0,14.7,253.0,14.05767991265662,4.2978640594242306
2026-04-09 13:00:00,24.0,45.0,0.0,16.3,249.0,15.21736095190439,5.841397577588395
2026-04-09 14:00:00,23.6,46.0,0.0,17.5,235.0,14.335160775057357,10.037587636143305
2026-04-09 15:00:00,23.5,43.0,0.0,16.7,240.0,14.462624243200127,8.349999999999998
2026-04-09 16:00:00,22.5,45.0,0.0,15.8,240.0,13.683201379794133,7.8999999999999995
2026-04-09 17:00:00,21.1,50.0,0.0,11.5,239.0,9.857423958074293,5.9229378614656225
2026-04-09 18:00:00,18.8,51.0,0.0,10.7,215.0,6.137267868956194,8.764926873892211
2026-04-09 19:00:00,17.9,47.0,0.0,10.9,192.0,2.266237429913578,10.661808847998481
2026-04-09 20:00:00,18.3,41.0,0.0,14.9,195.0,3.856403772027559,14.392294811707119
2026-04-09 21:00:00,17.8,40.0,0.0,11.9,195.0,3.079946636719997,11.494517332839914
2026-04-09 22:00:00,17.6,38.0,0.0,13.2,197.0,3.859306502340125,12.623222778712067
2026-04-09 23:00:00,18.1,33.0,0.0,15.5,205.0,6.550583056980841,14.047770699068074
2026-04-10 00:00:00,17.5,33.0,0.0,14.8,201.0,5.303845653270446,13.816990312158586
2026-04-10 01:00:00,17.0,34.0,0.0,14.0,195.0,3.6234666314352904,13.522961568046956
2026-04-10 02:00:00,16.8,35.0,0.0,16.4,184.0,1.1440061694036536,16.360050424261114
2026-04-10 03:00:00,16.5,36.0,0.0,12.8,189.0,2.002361152514956,12.642410759617764
2026-04-10 04:00:00,16.8,36.0,0.0,13.7,199.0,4.4602837160630475,12.953604485710638
2026-04-10 05:00:00,17.0,36.0,0.0,13.5,211.0,6.953014011285731,11.571758559478516
2026-04-10 06:00:00,16.5,40.0,0.0,12.9,215.0,7.3991360289284955,10.567061371327995
2026-04-10 07:00:00,17.6,47.0,0.0,13.4,213.0,7.2981630692013635,11.238185610468683
2026-04-10 08:00:00,19.7,50.0,0.0,16.4,223.0,11.184773105024973,11.994200706554395
2026-04-10 09:00:00,21.1,46.0,0.0,18.6,237.0,15.599272563784888,10.130286051279505
2026-04-10 10:00:00,22.2,41.0,0.0,20.5,241.0,17.929703996357613,9.93859721504991
2026-04-10 11:00:00,23.3,38.0,0.0,19.8,246.0,18.088200061323498,8.053385532900844
2026-04-10 12:00:00,23.3,39.0,0.0,19.0,248.0,17.61649323676896,7.117525274902328
2026-04-10 13:00:00,23.1,41.0,0.0,18.8,242.0,16.59941474574783,8.826065380374747
2026-04-10 14:00:00,22.4,44.0,0.0,18.7,242.0,16.511119986461935,8.779118224096157
2026-04-10 15:00:00,21.6,48.0,0.0,17.6,241.0,15.393306845653367,8.532649316335533
2026-04-10 16:00:00,20.7,53.0,0.0,15.8,233.0,12.618441058747226,9.508677365802363
2026-04-10 17:00:00,19.7,57.0,0.0,13.6,228.0,10.10676962649256,9.100176246480471
2026-04-10 18:00:00,17.7,65.0,0.0,10.0,208.0,4.694715627858908,8.829475928589268
2026-04-10 19:00:00,15.9,71.0,0.0,9.9,176.0,-0.6905890900668408,9.87588409757226
2026-04-10 20:00:00,15.5,74.0,0.0,11.4,174.0,-1.1916244812512506,11.337549607198316
2026-04-10 21:00:00,14.8,77.0,0.0,8.5,163.0,-2.4851594901432614,8.128590425685802
2026-04-10 22:00:00,14.4,77.0,0.0,8.3,162.0,-2.564841053312063,7.893769085249776
2026-04-10 23:00:00,14.4,74.0,0.0,7.8,165.0,-2.0187885517996627,7.534221445054732
2026-04-11 00:00:00,14.1,75.0,0.0,7.1,165.0,-1.837615220227898,6.858073366652385
2026-04-11 01:00:00,13.8,77.0,0.0,6.0,163.0,-1.75423022833642,5.737828535778213
2026-04-11 02:00:00,13.9,78.0,0.0,8.5,162.0,-2.6266444521870524,8.083980388508806
2026-04-11 03:00:00,13.8,79.0,0.0,7.0,168.0,-1.4553818357243153,6.84703320513664
2026-04-11 04:00:00,13.6,78.0,0.0,6.7,175.0,-0.5839434764093102,6.674504477214695
2026-04-11 05:00:00,13.6,77.0,0.0,7.2,181.0,0.1256573263484419,7.198903405126018
2026-04-11 06:00:00,13.9,78.0,0.0,6.7,180.0,4.1025667771436333e-16,6.7
2026-04-11 07:00:00,17.3,65.0,0.0,7.7,210.0,3.850000000000001,6.668395609140178
2026-04-11 08:00:00,19.5,54.0,0.0,6.9,233.0,5.510585019326321,4.152523659749133
2026-04-11 09:00:00,20.9,53.0,0.0,10.3,269.0,10.298431260110831,0.17975978630402017
2026-04-11 10:00:00,21.5,55.0,0.0,12.8,265.0,12.751292135574344,1.1155935071700245
2026-04-11 11:00:00,21.9,55.0,0.0,15.0,264.0,14.9178284305241,1.567926949014802
2026-04-11 12:00:00,21.9,56.0,0.0,16.1,266.0,16.060781209183173,1.1230792272804175
2026-04-11 13:00:00,21.9,54.0,0.0,15.9,264.0,15.812898136355546,1.6620025659556903
2026-04-11 14:00:00,21.4,56.0,0.0,12.6,259.0,12.368502511440566,2.4041933417444645
2026-04-11 15:00:00,21.0,56.0,0.0,12.9,261.0,12.741179593677277,2.0180045990189783
2026-04-11 16:00:00,20.0,64.0,0.0,10.8,255.0,10.431998923921938,2.795245687107224
2026-04-11 17:00:00,18.7,74.0,0.0,7.5,250.0,7.047694655894313,2.5651510749425155
2026-04-11 18:00:00,16.5,89.0,0.0,2.7,233.0,2.1563158771276907,1.6249005625105304
2026-04-11 19:00:00,14.8,86.0,0.0,4.5,151.0,-2.1816432911085166,3.9357886821272814
2026-04-11 20:00:00,14.8,78.0,0.0,5.5,139.0,-3.6083246594477894,4.150902691225246
2026-04-11 21:00:00,14.0,80.0,0.0,3.4,148.0,-1.8017254983928963,2.8833635269318485
2026-04-11 22:00:00,14.0,77.0,0.0,4.8,153.0,-2.179154398749824,4.276831316104166
2026-04-11 23:00:00,13.9,69.0,0.0,6.6,163.0,-1.929653251170062,6.311611389356035
2026-04-12 00:00:00,14.9,51.0,0.0,7.5,172.0,-1.0437982572004902,7.427010515561777
2026-04-12 01:00:00,14.7,44.0,0.0,6.8,169.0,-1.2975011685605047,6.675064847444115
2026-04-12 02:00:00,14.7,44.0,0.0,7.7,159.0,-2.7594332114988123,7.188569284028453
2026-04-12 03:00:00,13.8,43.0,0.0,6.7,160.0,-2.2915349602819806,6.295940559265587
2026-04-12 04:00:00,14.0,42.0,0.0,6.8,158.0,-2.547324835228202,6.304850211054155
2026-04-12 05:00:00,14.3,38.0,0.0,6.9,165.0,-1.785851411207394,6.664888201394572
2026-04-12 06:00:00,14.6,35.0,0.0,7.7,171.0,-1.2045453808097772,7.605200222582561
2026-04-12 07:00:00,17.1,39.0,0.0,8.1,185.0,0.7059615162560309,8.069177054543138
2026-04-12 08:00:00,19.5,29.0,0.0,8.6,231.0,6.68345526852995,5.412155363028601
2026-04-12 09:00:00,21.0,27.0,0.0,10.4,252.0,9.890987769469596,3.213776741499453
2026-04-12 10:00:00,22.3,27.0,0.0,12.2,262.0,12.081270438647158,1.6979118317127981
2026-04-12 11:00:00,22.4,31.0,0.0,13.1,268.0,13.092019833950154,0.4571834068027627
2026-04-12 12:00:00,23.2,29.0,0.0,13.9,267.0,13.880950533088576,0.7274697917769193
2026-04-12 13:00:00,23.6,26.0,0.0,14.3,266.0,14.265165918715487,0.9975175745409919
2026-04-12 14:00:00,23.1,28.0,0.0,14.0,255.0,13.522961568046956,3.6234666314352904
2026-04-12 15:00:00,22.3,35.0,0.0,13.6,262.0,13.467645734885357,1.89275417305689
2026-04-12 16:00:00,20.9,50.0,0.0,10.4,253.0,9.94556946201557,3.0406657291164625
2026-04-12 17:00:00,19.5,64.0,0.0,6.3,243.0,5.613341102386718,2.8601401483591444
2026-04-12 18:00:00,16.9,85.0,0.0,2.5,180.0,1.5308084989341916e-16,2.5
2026-04-12 19:00:00,14.5,83.0,0.0,4.6,149.0,-2.3691751445862494,3.9429695832297162
2026-04-12 20:00:00,14.8,81.0,0.0,5.3,142.0,-3.263005819225989,4.176456994115626
2026-04-12 21:00:00,13.8,80.0,0.0,1.4,140.0,-0.8999026535611551,1.0724622203665692
2026-04-12 22:00:00,13.5,75.0,0.0,2.3,141.0,-1.4474368994146256,1.7874357113510333
2026-04-12 23:00:00,12.7,68.0,0.0,2.6,141.0,-1.6362330167295769,2.020579499788125
2026-04-13 00:00:00,13.3,57.0,0.0,2.6,155.0,-1.0988074805258183,2.35640024629529
2026-04-13 01:00:00,13.4,54.0,0.0,3.4,164.0,-0.9371670097777968,3.2682897661902843
2026-04-13 02:00:00,12.9,55.0,0.0,2.1,165.0,-0.5435199947152938,2.0284442352070435
2026-04-13 03:00:00,13.2,56.0,0.0,4.0,175.0,-0.34862297099063294,3.984778792366982
2026-04-13 04:00:00,11.9,60.0,0.0,3.9,156.0,-1.586272907995621,3.562827284806143
2026-04-13 05:00:00,11.4,63.0,0.0,2.7,157.0,-1.0549740469210394,2.4853631043215887
2026-04-13 06:00:00,11.9,64.0,0.0,3.2,164.0,-0.882039538614397,3.0760374270026207
2026-04-13 07:00:00,16.3,59.0,0.0,4.2,170.0,-0.7293223462011073,4.136192562651273
2026-04-13 08:00:00,19.4,39.0,0.0,3.8,262.0,3.7630186612179672,0.5288577836482486
2026-04-13 09:00:00,20.8,35.0,0.0,8.1,287.0,7.746068523300587,-2.3682108082541675
2026-04-13 10:00:00,20.8,48.0,0.0,10.2,288.0,9.700776466210565,-3.1519733426244634
2026-04-13 11:00:00,21.2,51.0,0.0,11.5,284.0,11.15840085217396,-2.782101799396179
2026-04-13 12:00:00,21.3,55.0,0.0,12.6,283.0,12.277062816293963,-2.834383284732699
2026-04-13 13:00:00,21.2,61.0,0.0,12.7,278.0,12.576404473017943,-1.767498382192831
2026-04-13 14:00:00,21.6,59.0,0.0,10.3,269.0,10.298431260110831,0.17975978630402017
2026-04-13 15:00:00,20.9,62.0,0.0,12.4,270.0,12.4,0.0
2026-04-13 16:00:00,19.8,68.0,0.0,9.7,270.0,9.7,0.0
2026-04-13 17:00:00,18.7,74.0,0.0,6.5,270.0,6.5,0.0
2026-04-13 18:00:00,16.2,93.0,0.0,1.7000000000000002,238.0,1.4416817634659242,0.9008627491964484
2026-04-13 19:00:00,14.9,90.0,0.0,4.0,159.0,-1.433471798181201,3.734321705988807
2026-04-13 20:00:00,14.6,84.0,0.0,3.9,146.0,-2.180852323535912,3.233246532964663
2026-04-13 21:00:00,14.3,74.0,0.0,2.9,150.0,-1.4499999999999993,2.511473670974872
2026-04-13 22:00:00,14.3,67.0,0.0,3.0,155.0,-1.267854785222098,2.71892336110995
2026-04-13 23:00:00,14.1,63.0,0.0,2.9,158.0,-1.086359120906145,2.6888331782436836
2026-04-14 00:00:00,14.0,59.0,0.0,2.5,159.0,-0.8959198738632507,2.3339510662430043
2026-04-14 01:00:00,13.8,56.0,0.0,2.7,157.0,-1.0549740469210394,2.4853631043215887
2026-04-14 02:00:00,14.1,51.0,0.0,2.3,148.0,-1.218814307736371,1.9505106211597798
2026-04-14 03:00:00,14.2,47.0,0.0,0.8,153.0,-0.36319239979163737,0.7128052193506944
2026-04-14 04:00:00,14.3,45.0,0.0,0.8,153.0,-0.36319239979163737,0.7128052193506944
2026-04-14 05:00:00,14.2,44.0,0.0,1.5,166.0,-0.36288284339950166,1.4554435894139948
2026-04-14 06:00:00,15.0,52.0,0.0,2.3,176.0,-0.16043988961148825,2.2943973155975956
2026-04-14 07:00:00,18.4,51.0,0.0,3.5,208.0,1.643150469750618,3.090316575006244
2026-04-14 08:00:00,20.8,35.0,0.0,4.8,241.0,4.1981745942691,2.3270861771824176
2026-04-14 09:00:00,21.4,40.0,0.0,8.0,288.0,7.608452130361228,-2.472135954999579
2026-04-14 10:00:00,21.3,55.0,0.0,9.6,290.0,9.02104915954472,-3.2833933759264196
2026-04-14 11:00:00,21.6,57.0,0.0,10.4,280.0,10.242000631326963,-1.8059410477360756
2026-04-14 12:00:00,22.2,56.0,0.0,12.1,276.0,12.033714933956107,-1.264794405538607
2026-04-14 13:00:00,22.0,56.0,0.1,13.2,275.0,13.14977001481104,-1.1504558042690878
2026-04-14 14:00:00,21.7,59.0,0.1,11.9,268.0,11.89275084152724,0.41530401075976153
2026-04-14 15:00:00,20.8,67.0,0.0,12.4,272.0,12.392446255036788,-0.43275375911101205
2026-04-14 16:00:00,20.3,66.0,0.0,10.4,271.0,10.39841602962647,-0.18150502694774853
2026-04-14 17:00:00,18.8,73.0,0.0,7.4,270.0,7.4,0.0
2026-04-14 18:00:00,16.4,91.0,0.0,2.2,228.0,1.6349186160502676,1.4720873339894882
2026-04-14 19:00:00,14.4,91.0,0.0,3.4,155.0,-1.4369020899183778,3.08144647592461
2026-04-14 20:00:00,14.3,84.0,0.0,5.0,154.0,-2.1918557339453875,4.493970231495835
2026-04-14 21:00:00,15.1,68.0,0.0,4.3,158.0,-1.6108083516884217,3.9868905746371857
2026-04-14 22:00:00,15.1,59.0,0.0,4.8,167.0,-1.079765060850552,4.676976310969129
2026-04-14 23:00:00,14.9,57.0,0.0,5.3,188.0,0.737617435088347,5.248420764330323
2026-04-15 00:00:00,15.1,54.0,0.0,6.1,223.0,4.1601899963812405,4.461257579876939
2026-04-15 01:00:00,14.0,57.0,0.0,6.7,199.0,2.1813066348629504,6.334974456515423
2026-04-15 02:00:00,13.6,55.0,0.0,7.6,187.0,0.9262070098791209,7.543350752474047
2026-04-15 03:00:00,13.0,58.0,0.0,6.2,188.0,0.8628732259524059,6.139662026197737
2026-04-15 04:00:00,13.4,60.0,0.0,5.1,186.0,0.5330951626650325,5.072061666378193
2026-04-15 05:00:00,13.9,60.0,0.0,5.3,208.0,2.4881992827652213,4.679622242152313
2026-04-15 06:00:00,14.0,65.0,0.0,5.5,203.0,2.1490212066910055,5.062776693988422
2026-04-15 07:00:00,17.2,58.0,0.0,6.4,248.0,5.93397666922744,2.397482197861837
2026-04-15 08:00:00,19.4,57.0,0.0,7.0,257.0,6.820590453496647,1.574657380407055
2026-04-15 09:00:00,20.7,54.0,0.0,11.3,270.0,11.3,0.0
2026-04-15 10:00:00,20.6,58.0,0.0,11.6,276.0,11.53645398627197,-1.2125301739047802
2026-04-15 11:00:00,21.3,56.0,0.1,15.7,276.0,15.61399375728189,-1.6410968733021594
2026-04-15 12:00:00,21.0,61.0,0.5,14.3,274.0,14.265165918715487,-0.9975175745409919
2026-04-15 13:00:00,20.8,63.0,0.4,13.2,272.0,13.191958916652064,-0.4606733564730128
2026-04-15 14:00:00,19.6,76.0,0.0,11.2,265.0,11.157380618627549,0.9761443187737714
2026-04-15 15:00:00,19.0,82.0,0.6,10.3,258.0,10.0749202875582,2.1414904154229215
2026-04-15 16:00:00,18.4,86.0,0.1,9.4,262.0,9.308519846170762,1.3082271490246151
2026-04-15 17:00:00,16.9,92.0,0.1,8.0,256.0,7.762365810207972,1.9353751647973418
2026-04-15 18:00:00,16.7,90.0,0.0,5.1,238.0,4.325045290397772,2.702588247589345
2026-04-15 19:00:00,15.3,97.0,0.0,5.0,180.0,3.061616997868383e-16,5.0
2026-04-15 20:00:00,16.1,92.0,0.0,4.8,169.0,-0.915883177807415,4.711810480548787
2026-04-15 21:00:00,15.2,94.0,0.2,5.6,211.0,2.8842132194963033,4.800136883931828
2026-04-15 22:00:00,15.2,90.0,0.0,5.8,214.0,3.2433188401303314,4.808417920819242
2026-04-15 23:00:00,14.9,86.0,0.0,7.6,177.0,-0.3977532674463732,7.589584464134761
2026-04-16 00:00:00,13.6,90.0,0.0,6.5,172.0,-0.9046251562404248,6.436742446820207
2026-04-16 01:00:00,14.4,87.0,0.0,7.6,185.0,0.6623836448822018,7.571079705497266
2026-04-16 02:00:00,14.4,85.0,0.0,8.8,180.0,5.388445916248355e-16,8.8
2026-04-16 03:00:00,14.3,84.0,0.0,5.2,186.0,0.543548008991798,5.1715138559150216
2026-04-16 04:00:00,14.1,82.0,0.0,3.8,191.0,0.7250741824308706,3.730183297101123
2026-04-16 05:00:00,14.8,80.0,0.0,4.0,190.0,0.6945927106677217,3.939231012048832
2026-04-16 06:00:00,15.2,78.0,0.0,4.0,198.0,1.2360679774997898,3.804226065180614
2026-04-16 07:00:00,17.5,72.0,0.0,5.5,221.0,3.6083246594477902,4.150902691225246
2026-04-16 08:00:00,18.1,88.0,0.0,4.0,275.0,3.984778792366982,-0.34862297099063266
2026-04-16 09:00:00,20.2,68.0,0.0,6.1,270.0,6.1,0.0
2026-04-16 10:00:00,19.3,78.0,1.4,12.8,289.0,12.102637767671256,-4.167272377051606
2026-04-16 11:00:00,19.7,76.0,0.4,8.1,264.0,8.055627352483013,0.8466805524679931
2026-04-16 12:00:00,19.5,74.0,0.0,7.9,274.0,7.880755997052612,-0.55107614257859
2026-04-16 13:00:00,19.6,70.0,0.0,10.1,260.0,9.9465583054233,1.7538465944359962
2026-04-16 14:00:00,20.0,72.0,0.0,9.3,257.0,9.06164160250269,2.092044805397945
2026-04-16 15:00:00,18.0,86.0,2.9,12.1,268.0,12.092629006931059,0.42228391010026173
2026-04-16 16:00:00,18.0,85.0,0.7000000000000001,7.8,220.0,5.013743355555007,5.975146656328028
2026-04-16 17:00:00,17.7,86.0,0.0,6.9,263.0,6.848568446325122,0.8408984694955176
2026-04-16 18:00:00,16.9,94.0,0.0,4.7,254.0,4.517929970910099,1.2954955723398962
2026-04-16 19:00:00,15.4,100.0,0.0,4.9,197.0,1.4326213531414103,4.685893304218874
2026-04-16 20:00:00,16.1,97.0,0.0,4.7,220.0,3.021101765526735,3.6004088826591967
2026-04-16 21:00:00,15.7,99.0,0.0,4.6,216.0,2.703812160545376,3.721478174124758
2026-04-16 22:00:00,15.3,97.0,0.0,5.6,197.0,1.6372815464473258,5.355306633392998
2026-04-16 23:00:00,14.7,95.0,0.0,6.3,195.0,1.6305599841458807,6.085332705621131
2026-04-17 00:00:00,14.9,86.0,0.0,7.9,180.0,4.837354856632045e-16,7.9
2026-04-17 01:00:00,13.7,86.0,0.0,6.7,188.0,0.9324597764324386,6.6347960605685214
2026-04-17 02:00:00,13.4,81.0,0.0,7.0,176.0,-0.48829531620887734,6.982948351818769
2026-04-17 03:00:00,12.7,81.0,0.0,6.8,168.0,-1.4137994975607635,6.651403684989878
2026-04-17 04:00:00,12.5,79.0,0.0,7.1,165.0,-1.837615220227898,6.858073366652385
2026-04-17 05:00:00,13.1,73.0,0.0,6.6,171.0,-1.0324674692655234,6.518743047927909
2026-04-17 06:00:00,13.7,74.0,0.0,4.6,211.0,2.369175144586249,3.9429695832297162
2026-04-17 07:00:00,16.7,67.0,0.0,5.6,241.0,4.897870359980616,2.714933873379487
2026-04-17 08:00:00,18.4,60.0,0.0,4.2,260.0,4.136192562651273,0.7293223462011075
2026-04-17 09:00:00,20.0,59.0,0.0,9.2,277.0,9.131424595100162,-1.1211979593273567
2026-04-17 10:00:00,19.7,68.0,0.3,13.8,277.0,13.697136892650244,-1.6817969389910352
2026-04-17 11:00:00,19.3,70.0,0.5,11.9,267.0,11.88369146357943,0.6227978792910317
2026-04-17 12:00:00,20.4,65.0,0.2,13.7,266.0,13.666627488559591,0.9556636902945166
2026-04-17 13:00:00,19.9,69.0,0.3,11.7,270.0,11.7,0.0
2026-04-17 14:00:00,19.7,69.0,0.0,11.2,266.0,11.17271736291003,0.7812725059342034
2026-04-17 15:00:00,18.3,72.0,0.3,11.9,269.0,11.898187572361056,0.20768363660367378
2026-04-17 16:00:00,16.8,82.0,0.2,8.8,253.0,8.415481852474713,2.5728710015600837
2026-04-17 17:00:00,16.2,85.0,0.2,7.8,257.0,7.6000865053248345,1.754618223882147
2026-04-17 18:00:00,15.7,88.0,0.1,5.6,209.0,2.7149338733794877,4.897870359980616
2026-04-17 19:00:00,14.6,91.0,0.0,5.0,199.0,1.6278407722857837,4.7275928779965835
2026-04-17 20:00:00,14.5,90.0,0.0,2.6,205.0,1.0988074805258186,2.3564002462952898
2026-04-17 21:00:00,14.3,92.0,0.0,3.9,193.0,0.8773091119410732,3.8000432526624173
2026-04-17 22:00:00,13.6,95.0,0.0,3.8,191.0,0.7250741824308706,3.730183297101123
2026-04-17 23:00:00,13.1,96.0,0.0,4.2,170.0,-0.7293223462011073,4.136192562651273
2026-04-18 00:00:00,12.8,96.0,0.0,5.6,174.0,-0.5853593942988599,5.56932261406233
2026-04-18 01:00:00,12.2,98.0,0.0,6.2,172.0,-0.8628732259524052,6.139662026197737
2026-04-18 02:00:00,13.0,93.0,0.0,6.2,159.0,-2.2218812871808615,5.788198644282651
2026-04-18 03:00:00,12.0,95.0,0.0,5.5,161.0,-1.7906248495143615,5.200352165796243
2026-04-18 04:00:00,11.6,96.0,0.0,5.1,170.0,-0.8856057061013445,5.022519540362261
2026-04-18 05:00:00,11.9,95.0,0.0,7.9,167.0,-1.7771133293165338,7.697523511803359
2026-04-18 06:00:00,12.5,93.0,0.0,7.0,170.0,-1.2155372436685121,6.893654271085456
2026-04-18 07:00:00,16.0,82.0,0.0,6.6,196.0,1.8192065483921944,6.344327193192904
2026-04-18 08:00:00,17.2,76.0,0.1,7.3,253.0,6.981024718530159,2.1343134444759784
2026-04-18 09:00:00,17.8,71.0,0.2,10.9,257.0,10.620633706159065,2.4519664923481286
2026-04-18 10:00:00,17.8,70.0,0.2,11.5,260.0,11.325289159640393,1.9969540431696988
2026-04-18 11:00:00,17.7,74.0,0.5,13.1,263.0,13.002354586501317,1.5964883986074319
2026-04-18 12:00:00,17.6,84.0,0.1,12.2,256.0,11.837607860567156,2.951447126315946
2026-04-18 13:00:00,18.1,76.0,0.1,13.6,259.0,13.35012969488823,2.5950023371210094
2026-04-18 14:00:00,16.1,84.0,0.1,10.2,249.0,9.522520350271456,3.6553530853620626
2026-04-18 15:00:00,16.3,84.0,0.3,10.8,240.0,9.353074360871938,5.3999999999999995
2026-04-18 16:00:00,15.0,91.0,0.3,10.3,241.0,9.008582983535776,4.993539088537272
2026-04-18 17:00:00,14.8,90.0,0.4,9.3,242.0,8.211412613588022,4.366085533908785
2026-04-18 18:00:00,14.2,93.0,0.1,7.4,223.0,5.046787864462489,5.412017391981862
2026-04-18 19:00:00,13.2,99.0,0.0,6.5,210.0,3.250000000000001,5.629165124598851
2026-04-18 20:00:00,13.1,98.0,0.0,4.3,185.0,0.37476969381492997,4.283637201794505
2026-04-18 21:00:00,12.7,96.0,0.0,5.5,163.0,-1.6080443759750516,5.2596761577966955
2026-04-18 22:00:00,12.3,95.0,0.0,4.5,175.0,-0.39220084236446207,4.482876141412855
2026-04-18 23:00:00,12.0,95.0,0.0,4.9,163.0,-1.4326213531414098,4.685893304218874
2026-04-19 00:00:00,11.7,96.0,0.0,5.3,168.0,-1.1019319613341245,5.18418228388917
2026-04-19 01:00:00,11.7,96.0,0.0,5.1,170.0,-0.8856057061013445,5.022519540362261
2026-04-19 02:00:00,12.0,97.0,0.0,5.3,172.0,-0.7376174350883463,5.248420764330323
2026-04-19 03:00:00,12.2,95.0,0.0,5.9,180.0,3.612708057484692e-16,5.9
2026-04-19 04:00:00,12.1,96.0,0.0,5.1,198.0,1.575986671312232,4.850388233105282
2026-04-19 05:00:00,12.3,96.0,0.0,5.2,194.0,1.257993857118272,5.045537776635181
2026-04-19 06:00:00,12.6,96.0,0.0,5.7,226.0,4.100236861930312,3.9595527116162845
2026-04-19 07:00:00,14.0,85.0,0.0,7.5,246.0,6.851590932319507,3.0505248230685016
2026-04-19 08:00:00,16.5,73.0,0.0,7.2,252.0,6.8476069173251055,2.2249223594996215
2026-04-19 09:00:00,17.6,65.0,0.1,11.0,271.0,10.998324646720304,-0.19197647081011862
2026-04-19 10:00:00,17.9,64.0,0.2,13.2,273.0,13.181909858760374,-0.6908346224068586
2026-04-19 11:00:00,18.0,64.0,0.3,13.4,275.0,13.34900895442939,-1.1678869528186195
2026-04-19 12:00:00,17.8,64.0,0.4,11.8,282.0,11.542141688658909,-2.4533579516495605
2026-04-19 13:00:00,17.1,67.0,0.7000000000000001,9.7,292.0,8.993683389297837,-3.6336839561343464
2026-04-19 14:00:00,17.0,66.0,0.3,9.9,292.0,9.179120160211196,-3.708605274817529
2026-04-19 15:00:00,17.2,65.0,0.0,9.1,285.0,8.789925019230521,-2.3552533104329387
2026-04-19 16:00:00,16.9,69.0,0.0,7.5,280.0,7.3860581475915605,-1.3023613325019774
2026-04-19 17:00:00,16.2,74.0,0.0,6.6,279.0,6.518743047927909,-1.0324674692655236
2026-04-19 18:00:00,14.1,92.0,0.0,4.7,293.0,4.32637281122647,-1.8364363038995868
2026-04-19 19:00:00,11.9,97.0,0.0,4.5,187.0,0.5484120453231637,4.466457682385949
2026-04-19 20:00:00,12.2,95.0,0.0,3.4,186.0,0.35539677511002177,3.381374444252129
2026-04-19 21:00:00,12.1,91.0,0.0,2.7,184.0,0.18834247910913815,2.6934229357015256
2026-04-19 22:00:00,11.7,91.0,0.0,2.4,171.0,-0.37544271609655394,2.3704520174283306
2026-04-19 23:00:00,10.7,92.0,0.0,3.0,166.0,-0.7257656867990033,2.9108871788279895
2026-04-20 00:00:00,9.8,95.0,0.0,3.2,161.0,-1.0418180942629014,3.025659441917814
2026-04-20 01:00:00,9.1,97.0,0.0,3.8,155.0,-1.6059493946146575,3.44396959073927
2026-04-20 02:00:00,8.7,95.0,0.0,5.4,154.0,-2.367204192661019,4.853487850015502
2026-04-20 03:00:00,8.2,92.0,0.0,4.8,158.0,-1.798111648396378,4.45048250192058
2026-04-20 04:00:00,8.0,85.0,0.0,5.2,160.0,-1.7785047452934775,4.886401628086724
2026-04-20 05:00:00,8.0,78.0,0.0,4.2,160.0,-1.4364846019678086,3.9467090073008158
2026-04-20 06:00:00,9.1,73.0,0.0,3.5,159.0,-1.2542878234085508,3.267531492740206
2026-04-20 07:00:00,13.9,65.0,0.0,3.3,193.0,0.7423384793347542,3.2154212137912763
2026-04-20 08:00:00,16.6,40.0,0.0,4.3,268.0,4.2973805561821115,0.15006783582075417
2026-04-20 09:00:00,18.3,36.0,0.0,7.6,295.0,6.887939181478539,-3.211898789229316
2026-04-20 10:00:00,18.8,48.0,0.0,10.2,306.0,8.251973342624463,-5.995409573383226
2026-04-20 11:00:00,18.8,63.0,0.0,11.2,307.0,8.944717712529679,-6.74032825930294
2026-04-20 12:00:00,18.0,75.0,0.4,12.5,309.0,9.714324518212136,-7.866504888122967
2026-04-20 13:00:00,16.6,86.0,0.7000000000000001,7.6,315.0,5.374011537017761,-5.37401153701776
2026-04-20 14:00:00,14.6,96.0,1.2,6.2,316.0,4.306881896845783,-4.459906762099637
2026-04-20 15:00:00,14.9,94.0,1.3,4.6,279.0,4.543366366737634,-0.7195985391850619
2026-04-20 16:00:00,14.5,95.0,0.8,6.6,303.0,5.535225748439799,-3.5946176310991786
2026-04-20 17:00:00,14.2,96.0,0.6,3.3,324.0,1.9396913325651612,-2.6697560814373262
2026-04-20 18:00:00,13.5,99.0,0.1,0.7000000000000001,256.0,0.6792070083931976,0.16934532691976742
2026-04-20 19:00:00,12.2,100.0,0.0,1.9,163.0,-0.5555062389731996,1.8169790363297675
2026-04-20 20:00:00,12.7,99.0,0.0,1.5,150.0,-0.7499999999999997,1.299038105676658
2026-04-20 21:00:00,12.2,99.0,0.0,3.8,169.0,-0.7250741824308702,3.730183297101123
2026-04-20 22:00:00,11.7,99.0,0.0,4.9,174.0,-0.5121894700115025,4.873157287304539
2026-04-20 23:00:00,11.0,97.0,0.0,1.9,158.0,-0.7117525274902329,1.761649323676896
2026-04-21 00:00:00,10.4,97.0,0.0,2.7,152.0,-1.2675732195219056,2.383958500719103
2026-04-21 01:00:00,9.9,96.0,0.0,2.8,153.0,-1.2711733992707306,2.49481826772743
2026-04-21 02:00:00,9.3,97.0,0.0,2.9,150.0,-1.4499999999999993,2.511473670974872
2026-04-21 03:00:00,9.2,94.0,0.0,2.7,157.0,-1.0549740469210394,2.4853631043215887
2026-04-21 04:00:00,8.9,97.0,0.0,3.1,156.0,-1.260883593534981,2.8319909186920627
2026-04-21 05:00:00,8.7,97.0,0.0,2.3,151.0,-1.115062126566575,2.01162532642061
2026-04-21 06:00:00,9.2,96.0,0.0,3.6,147.0,-1.9607005260540975,3.019214044603526
2026-04-21 07:00:00,13.2,96.0,0.0,2.5,159.0,-0.8959198738632507,2.3339510662430043
2026-04-21 08:00:00,15.3,88.0,0.0,3.1,310.0,2.3747377736688318,-1.9926415900282717
2026-04-21 09:00:00,16.8,74.0,0.0,6.6,305.0,5.406403492307345,-3.7856044799169037
2026-04-21 10:00:00,18.2,67.0,0.5,8.1,294.0,7.399718206905066,-3.2945668089139817
2026-04-21 11:00:00,17.6,71.0,0.6,10.3,295.0,9.334970206477495,-4.352968095929205
2026-04-21 12:00:00,16.9,77.0,0.8,8.2,289.0,7.753252319914398,-2.669658866548685
2026-04-21 13:00:00,17.7,68.0,0.5,7.1,285.0,6.858073366652385,-1.8376152202278973
2026-04-21 14:00:00,17.7,73.0,0.3,10.1,268.0,10.093847352892867,0.3524849166952598
2026-04-21 15:00:00,17.7,67.0,0.1,9.2,273.0,9.18739171974208,-0.4814907974350832
2026-04-21 16:00:00,16.4,76.0,0.0,8.8,279.0,8.691657397237213,-1.3766232923540318
2026-04-21 17:00:00,15.0,87.0,0.2,6.9,298.0,6.092338390726597,-3.2393537832226467
2026-04-21 18:00:00,13.9,95.0,0.1,3.1,280.0,3.052904034337845,-0.5383093507674841
2026-04-21 19:00:00,12.8,99.0,0.0,2.3,176.0,-0.16043988961148825,2.2943973155975956
2026-04-21 20:00:00,12.9,97.0,0.0,2.1,160.0,-0.7182423009839043,1.9733545036504079
2026-04-21 21:00:00,13.4,95.0,0.0,1.9,221.0,1.2465121550819638,1.4339482024232668
2026-04-21 22:00:00,12.9,98.0,0.0,2.9,176.0,-0.20229377385796346,2.89293574575349
2026-04-21 23:00:00,12.5,95.0,0.0,3.1,170.0,-0.538309350767484,3.052904034337845
2026-04-22 00:00:00,12.9,92.0,0.0,3.8,180.0,2.326828918379971e-16,3.8
2026-04-22 01:00:00,12.9,91.0,0.0,3.3,186.0,0.3449439287832564,3.2819222547153015
2026-04-22 02:00:00,12.5,94.0,0.0,6.1,157.0,-2.3834598837845697,5.6150796060598855
2026-04-22 03:00:00,13.1,90.0,0.0,4.7,178.0,-0.1640276345017545,4.6971368869897505
2026-04-22 04:00:00,12.3,96.0,0.0,7.1,171.0,-1.1106847017856387,7.012587218225478
2026-04-22 05:00:00,12.7,94.0,0.0,7.3,173.0,-0.8896462068575758,7.245586906981651
2026-04-22 06:00:00,12.9,93.0,0.0,8.5,175.0,-0.740823813355095,8.467654933779837
2026-04-22 07:00:00,16.0,85.0,0.0,7.7,211.0,3.9657931768074173,6.600188215406265
2026-04-22 08:00:00,18.7,70.0,0.0,6.4,245.0,5.80036983703456,2.7047568751404767
2026-04-22 09:00:00,19.6,66.0,0.0,11.8,258.0,11.542141688658909,2.4533579516495605
2026-04-22 10:00:00,20.5,62.0,0.0,13.4,259.0,13.153804258198697,2.5568405380457007
2026-04-22 11:00:00,21.5,54.0,0.1,13.1,262.0,12.972511700514572,1.8231676225768572
2026-04-22 12:00:00,21.5,55.0,0.3,14.4,260.0,14.181231643375796,2.500533758403797
2026-04-22 13:00:00,21.3,56.0,0.4,15.8,251.0,14.939193494469206,5.143976840423076
2026-04-22 14:00:00,20.6,57.0,0.2,17.4,238.0,14.756036873121811,9.220595197657765
2026-04-22 15:00:00,20.0,59.0,0.1,15.0,238.0,12.72072144234639,7.948788963498074
2026-04-22 16:00:00,19.2,64.0,0.0,12.4,229.0,9.358398794762373,8.13513195948229
2026-04-22 17:00:00,18.4,67.0,0.0,8.9,232.0,7.013295707099825,5.479387130398359
2026-04-22 18:00:00,16.5,74.0,0.0,7.6,216.0,4.467167917422795,6.1485291572496
2026-04-22 19:00:00,15.2,72.0,0.0,9.9,192.0,2.0583257390958187,9.683661247264675
2026-04-22 20:00:00,16.6,48.0,0.0,14.3,194.0,3.459483107075248,13.87522888574675
2026-04-22 21:00:00,15.8,43.0,0.0,11.4,198.0,3.522793735874401,10.84204428576475
2026-04-22 22:00:00,16.0,41.0,0.0,12.5,208.0,5.8683945348236355,11.036844910736585
2026-04-22 23:00:00,16.3,41.0,0.0,12.5,212.0,6.623990802915062,10.600601201955325
2026-04-23 00:00:00,16.2,42.0,0.0,13.8,217.0,8.305047319498268,11.021170038652642
2026-04-23 01:00:00,16.3,44.0,0.1,14.8,212.0,7.842805110651433,12.551111823115106
2026-04-23 02:00:00,15.0,54.0,0.0,17.1,202.0,6.405772747412095,15.854843913092067
2026-04-23 03:00:00,14.5,62.0,0.0,14.6,200.0,4.993494092554765,13.719512263474261
2026-04-23 04:00:00,14.5,65.0,0.0,12.8,186.0,1.3379643298259642,12.729880260713898
2026-04-23 05:00:00,13.7,68.0,0.0,11.4,183.0,0.5966299011695613,11.384376696202143
2026-04-23 06:00:00,13.8,71.0,0.0,11.5,178.0,-0.401344212078761,11.492994510719601
2026-04-23 07:00:00,16.4,70.0,0.0,9.7,182.0,0.33852511801426044,9.694091022085228
2026-04-23 08:00:00,19.1,63.0,0.0,11.7,216.0,6.877087451821935,9.465498834186885
2026-04-23 09:00:00,20.5,58.0,0.1,13.6,250.0,12.779819642688354,4.651473949229095
2026-04-23 10:00:00,20.8,58.0,0.4,16.2,258.0,15.84599113188765,3.3681693912477013
2026-04-23 11:00:00,21.0,56.0,0.2,17.0,263.0,16.873284577902474,2.071778837887507
2026-04-23 12:00:00,20.3,62.0,0.4,15.2,253.0,14.535832290638139,4.444049911785599
2026-04-23 13:00:00,20.3,63.0,0.4,14.0,258.0,13.69406641027328,2.9107636714486307
2026-04-23 14:00:00,19.0,76.0,0.7000000000000001,15.6,239.0,13.371809890952951,8.034593968596845
2026-04-23 15:00:00,18.9,69.0,0.1,14.2,235.0,11.631959028903683,8.144785396184853
2026-04-23 16:00:00,17.8,75.0,0.4,15.0,237.0,12.58005851918136,8.169585525225406
2026-04-23 17:00:00,16.9,80.0,0.4,11.1,243.0,9.890172418490883,5.039294547108969
2026-04-23 18:00:00,14.9,93.0,0.5,9.5,224.0,6.599254519360474,6.833728103217185
2026-04-23 19:00:00,14.7,98.0,0.4,13.2,248.0,12.238826880281593,4.944807033090038
2026-04-23 20:00:00,14.5,92.0,0.2,8.4,191.0,1.6027955611629774,8.245668340960378
2026-04-23 21:00:00,13.9,93.0,0.0,10.0,250.0,9.396926207859085,3.420201433256687
2026-04-23 22:00:00,13.3,97.0,1.3,10.8,233.0,8.625263508510763,6.4996022500421216
2026-04-23 23:00:00,12.8,97.0,1.6,9.8,234.0,7.9283665448744856,5.760295472466237
2026-04-24 00:00:00,12.5,97.0,1.8,8.4,220.0,5.399415921366931,6.4347733221994154
2026-04-24 01:00:00,12.6,97.0,2.2,10.2,217.0,6.138513236150893,8.146082202482386
2026-04-24 02:00:00,12.7,95.0,1.3,15.8,224.0,10.975602253252157,11.365568845350687
2026-04-24 03:00:00,12.4,97.0,0.8,13.6,233.0,10.861442936643183,8.184684314867857
2026-04-24 04:00:00,12.7,98.0,0.5,12.4,231.0,9.63660992206644,7.803572849017984
2026-04-24 05:00:00,13.2,94.0,0.6,13.7,230.0,10.494808870729997,8.806190252705587
2026-04-24 06:00:00,12.9,95.0,0.0,13.9,232.0,10.953349475133434,8.55769450702665
2026-04-24 07:00:00,13.1,95.0,0.1,12.8,239.0,10.97174144898704,6.592487358848693
2026-04-24 08:00:00,13.8,96.0,1.0,7.3,245.0,6.616046845367545,3.085113310707106
2026-04-24 09:00:00,14.0,89.0,0.0,9.4,238.0,7.9716521038704045,4.981241083792126
2026-04-24 10:00:00,15.9,78.0,0.1,13.9,250.0,13.061727428924128,4.754079992226795
2026-04-24 11:00:00,15.6,79.0,0.4,12.0,256.0,11.643548715311958,2.903062747196013
2026-04-24 12:00:00,14.8,89.0,0.9,9.5,245.0,8.609923976848174,4.014873486536644
2026-04-24 13:00:00,14.3,98.0,3.0,6.1,242.0,5.385980316439454,2.8637765329939335
2026-04-24 14:00:00,13.8,100.0,1.3,6.8,252.0,6.467184310807044,2.1013155617496424
2026-04-24 15:00:00,13.9,100.0,2.1,5.9,239.0,5.057287074142463,3.0387246419693197
2026-04-24 16:00:00,13.6,95.0,2.3,8.2,260.0,8.075423574700105,1.4239150568688286
2026-04-24 17:00:00,13.0,98.0,4.0,8.9,249.0,8.308865795825096,3.1894747509531727
2026-04-24 18:00:00,13.1,100.0,3.5,8.0,245.0,7.2504622962931995,3.3809460939255955
2026-04-24 19:00:00,13.1,100.0,3.7,8.6,233.0,6.868265386406718,5.1756091991076145
2026-04-24 20:00:00,12.8,100.0,1.1,7.0,252.0,6.657395614066075,2.1631189606246317
2026-04-24 21:00:00,12.8,99.0,3.7,9.8,232.0,7.722505385345875,6.033482458191452
2026-04-24 22:00:00,12.5,97.0,2.5,9.6,218.0,5.91035016312632,7.564903234624531
2026-04-24 23:00:00,12.5,95.0,2.0,9.2,219.0,5.789747597658504,7.149742845404131
2026-04-25 00:00:00,12.2,94.0,1.1,8.3,228.0,6.168102051462372,5.553784032778524
2026-04-25 01:00:00,12.0,96.0,0.9,8.2,234.0,6.633939353874569,4.819839068798279
2026-04-25 02:00:00,12.1,97.0,1.2,7.9,227.0,5.777694242791447,5.387787044493738
2026-04-25 03:00:00,12.0,97.0,0.3,8.0,242.0,7.063580742871416,3.7557725022871264
2026-04-25 04:00:00,11.9,97.0,0.3,7.5,237.0,6.29002925959068,4.084792762612703
2026-04-25 05:00:00,11.8,98.0,0.2,7.1,255.0,6.858073366652385,1.8376152202278973
2026-04-25 06:00:00,12.0,98.0,0.0,8.6,229.0,6.490502389915839,5.642107649318362
2026-04-25 07:00:00,12.5,98.0,0.0,9.8,256.0,9.508898117504765,2.370834576876744
2026-04-25 08:00:00,13.8,96.0,0.1,8.3,254.0,7.978472076288048,2.287790053281093
2026-04-25 09:00:00,14.2,95.0,0.1,10.4,253.0,9.94556946201557,3.0406657291164625
2026-04-25 10:00:00,14.5,92.0,0.3,12.0,256.0,11.643548715311958,2.903062747196013
2026-04-25 11:00:00,14.3,90.0,0.3,11.3,256.0,10.964341706918761,2.7337174202762453
2026-04-25 12:00:00,14.9,87.0,0.2,11.2,270.0,11.2,0.0
2026-04-25 13:00:00,15.5,82.0,0.3,11.4,263.0,11.315026128711072,1.3893105148186813
2026-04-25 14:00:00,14.5,86.0,0.5,12.0,256.0,11.643548715311958,2.903062747196013
2026-04-25 15:00:00,13.7,92.0,0.3,9.8,252.0,9.320353859692505,3.0283665448744848
2026-04-25 16:00:00,13.4,96.0,1.1,11.6,258.0,11.346512168512145,2.411775613486008
2026-04-25 17:00:00,12.9,99.0,2.6,9.9,241.0,8.658735100680017,4.799615240438737
2026-04-25 18:00:00,12.9,100.0,0.1,9.4,239.0,8.057372626599856,4.841357904154509
2026-04-25 19:00:00,12.4,100.0,0.1,7.3,242.0,6.445517427870167,3.427142408337003
2026-04-25 20:00:00,12.6,100.0,0.2,5.7,252.0,5.421022142882375,1.7613968679372003
2026-04-25 21:00:00,12.6,99.0,0.1,5.5,238.0,4.664264528860342,2.914555953282627
2026-04-25 22:00:00,11.9,100.0,0.0,5.2,226.0,3.7405669617609862,3.612223526386786
2026-04-25 23:00:00,11.9,100.0,0.0,5.8,248.0,5.377666356487367,2.1727182418122895
2026-04-26 00:00:00,11.6,100.0,0.1,6.2,263.0,6.153786140176196,0.7555899291119144
2026-04-26 01:00:00,11.6,99.0,0.3,6.6,244.0,5.932040705574502,2.8932495688079105
2026-04-26 02:00:00,11.3,100.0,0.2,8.2,241.0,7.171881598543044,3.9754388860199636
2026-04-26 03:00:00,11.0,100.0,0.1,8.0,250.0,7.517540966287267,2.7361611466053497
2026-04-26 04:00:00,11.0,100.0,0.0,7.7,242.0,6.798696465013738,3.6149310334513594
2026-04-26 05:00:00,11.2,100.0,0.0,8.1,238.0,6.86918957886705,4.29234604028896
2026-04-26 06:00:00,11.5,99.0,0.0,7.8,232.0,6.146483878132431,4.802159507540135
2026-04-26 07:00:00,12.2,97.0,0.0,8.2,248.0,7.602907607447656,3.0717740660104784
2026-04-26 08:00:00,13.5,91.0,0.0,8.6,247.0,7.916341739690987,3.3602877050077544
2026-04-26 09:00:00,15.1,71.0,0.0,11.3,270.0,11.3,0.0
2026-04-26 10:00:00,16.4,62.0,0.0,12.6,272.0,12.592324420440606,-0.4397336584515122
2026-04-26 11:00:00,17.1,61.0,0.0,13.1,279.0,12.938717261796304,-2.049291492027024
2026-04-26 12:00:00,17.1,60.0,0.1,13.3,278.0,13.170565314262886,-1.8510022427688704
2026-04-26 13:00:00,17.4,62.0,0.1,13.5,278.0,13.3686189280112,-1.8788368629608834
2026-04-26 14:00:00,17.9,58.0,0.0,11.6,285.0,11.204739584953192,-3.0023009231892406
2026-04-26 15:00:00,17.3,63.0,0.0,11.8,286.0,11.342888012072164,-3.25252079864059
2026-04-26 16:00:00,16.3,69.0,0.0,10.1,287.0,9.658678035226657,-2.952954217699641
2026-04-26 17:00:00,14.9,80.0,0.0,7.9,287.0,7.55480757210798,-2.309736467309621
2026-04-26 18:00:00,13.2,93.0,0.0,4.9,287.0,4.685893304218874,-1.4326213531414103
2026-04-26 19:00:00,10.8,99.0,0.0,4.7,187.0,0.5727859140041932,4.664966912714213
2026-04-26 20:00:00,10.5,98.0,0.0,3.6,160.0,-1.2312725159724074,3.3828934348292705
2026-04-26 21:00:00,9.9,98.0,0.0,5.2,164.0,-1.433314250248395,4.998560818879258
2026-04-26 22:00:00,9.4,93.0,0.0,3.8,161.0,-1.2371589869371953,3.592970587277404
2026-04-26 23:00:00,9.2,86.0,0.0,4.0,159.0,-1.433471798181201,3.734321705988807
2026-04-27 00:00:00,8.9,85.0,0.0,3.5,159.0,-1.2542878234085508,3.267531492740206
2026-04-27 01:00:00,9.3,82.0,0.0,2.8,165.0,-0.7246933262870583,2.7045923136093912
2026-04-27 02:00:00,8.3,86.0,0.0,4.3,165.0,-1.1129218939408396,4.153481053042993
2026-04-27 03:00:00,8.0,83.0,0.0,3.1,159.0,-1.1109406435904308,2.8940993221413254
2026-04-27 04:00:00,7.1,83.0,0.0,3.1,149.0,-1.5966180322211683,2.6572186321765483
2026-04-27 05:00:00,7.2,72.0,0.0,1.5,150.0,-0.7499999999999997,1.299038105676658
2026-04-27 06:00:00,9.6,57.0,0.0,0.30000000000000004,135.0,-0.21213203435596428,0.2121320343559643
2026-04-27 07:00:00,13.6,49.0,0.0,2.7,20.0,-0.9234543869793052,-2.537170076121953
2026-04-27 08:00:00,15.5,47.0,0.0,2.7,352.0,0.3757673725921768,-2.67372378560224
2026-04-27 09:00:00,16.5,53.0,0.0,7.3,318.0,4.884653426419665,-5.424957225984977
2026-04-27 10:00:00,17.6,60.0,0.0,8.6,319.0,5.642107649318362,-6.490502389915839
2026-04-27 11:00:00,18.7,59.0,0.0,8.3,326.0,4.641301098807199,-6.881011852206847
2026-04-27 12:00:00,19.3,60.0,0.0,9.3,319.0,6.101348969611718,-7.01879909607178
2026-04-27 13:00:00,18.2,74.0,0.5,10.1,316.0,7.016049541635872,-7.265331983420376
2026-04-27 14:00:00,16.5,82.0,0.7000000000000001,8.8,325.0,5.0474726398892065,-7.208537989743128
2026-04-27 15:00:00,16.5,80.0,0.2,0.9,323.0,0.5416335208368436,-0.7187719590425635
2026-04-27 16:00:00,16.4,81.0,0.0,5.1,324.0,2.997704786691613,-4.125986671312232
2026-04-27 17:00:00,15.4,88.0,0.0,4.0,330.0,2.0000000000000004,-3.4641016151377544
2026-04-27 18:00:00,14.6,93.0,0.0,1.3,236.0,1.0777488443215542,0.726950774511971
2026-04-27 19:00:00,13.0,96.0,0.0,4.0,183.0,0.20934382497177587,3.9945181390182953
2026-04-27 20:00:00,12.8,92.0,0.0,2.9,184.0,0.20229377385796318,2.89293574575349
2026-04-27 21:00:00,12.3,90.0,0.0,1.5,159.0,-0.5375519243179504,1.4003706397458027
2026-04-27 22:00:00,11.6,85.0,0.0,1.2,153.0,-0.544788599687456,1.0692078290260414
2026-04-27 23:00:00,11.1,75.0,0.0,2.1,160.0,-0.7182423009839043,1.9733545036504079
2026-04-28 00:00:00,11.0,63.0,0.0,2.9,173.0,-0.35342109587492737,2.878383839759834
2026-04-28 01:00:00,11.1,59.0,0.0,2.3,176.0,-0.16043988961148825,2.2943973155975956
2026-04-28 02:00:00,10.2,61.0,0.0,3.1,159.0,-1.1109406435904308,2.8940993221413254
2026-04-28 03:00:00,10.2,61.0,0.0,3.1,170.0,-0.538309350767484,3.052904034337845
2026-04-28 04:00:00,10.1,63.0,0.0,3.0,166.0,-0.7257656867990033,2.9108871788279895
2026-04-28 05:00:00,10.3,66.0,0.0,3.3,171.0,-0.5162337346327617,3.2593715239639547
2026-04-28 06:00:00,10.9,70.0,0.0,3.1,159.0,-1.1109406435904308,2.8940993221413254
2026-04-28 07:00:00,14.8,62.0,0.0,3.4,186.0,0.35539677511002177,3.381374444252129
2026-04-28 08:00:00,17.2,56.0,0.0,3.1,263.0,3.076893070088098,0.3777949645559572
2026-04-28 09:00:00,18.5,53.0,0.0,6.5,293.0,5.983281547440862,-2.5397523351802795
2026-04-28 10:00:00,19.2,60.0,0.0,8.8,290.0,8.269295062915996,-3.009777261265885
2026-04-28 11:00:00,18.7,65.0,0.0,8.2,285.0,7.92059177557036,-2.12231616984067
2026-04-28 12:00:00,19.8,58.0,0.0,10.9,279.0,10.765802912487002,-1.7051356689385164
2026-04-28 13:00:00,19.0,64.0,0.4,10.8,275.0,10.758902739390853,-0.9412820216747082
2026-04-28 14:00:00,17.3,81.0,0.4,10.5,275.0,10.460044329963328,-0.9151352988504108
2026-04-28 15:00:00,17.2,79.0,0.6,10.4,271.0,10.39841602962647,-0.18150502694774853
2026-04-28 16:00:00,16.7,79.0,0.3,8.7,265.0,8.666893873398186,0.7582549619046259
2026-04-28 17:00:00,15.2,84.0,0.2,7.7,270.0,7.7,0.0
2026-04-28 18:00:00,14.3,93.0,0.0,3.2,236.0,2.6529202321761334,1.7894172911063901
2026-04-28 19:00:00,12.3,97.0,0.0,3.8,175.0,-0.3311918224411013,3.785539852748633
2026-04-28 20:00:00,12.8,96.0,0.0,2.5,159.0,-0.8959198738632507,2.3339510662430043
2026-04-28 21:00:00,12.9,93.0,0.0,2.5,201.0,0.895919873863251,2.3339510662430043
2026-04-28 22:00:00,12.3,93.0,0.0,3.5,159.0,-1.2542878234085508,3.267531492740206
2026-04-28 23:00:00,11.9,92.0,0.0,3.6,174.0,-0.3763024677635528,3.580278823325784
2026-04-29 00:00:00,12.2,90.0,0.0,2.3,162.0,-0.7107390870623789,2.187429987478853
2026-04-29 01:00:00,11.9,91.0,0.0,2.4,163.0,-0.701692091334568,2.2951314143112853
2026-04-29 02:00:00,10.8,96.0,0.0,4.3,152.0,-2.018727719979331,3.7966746492933856
2026-04-29 03:00:00,10.8,97.0,0.0,3.3,158.0,-1.2362017582725098,3.0597067200703982
2026-04-29 04:00:00,10.6,97.0,0.0,2.7,152.0,-1.2675732195219056,2.383958500719103
2026-04-29 05:00:00,10.4,96.0,0.0,3.4,148.0,-1.8017254983928963,2.8833635269318485
2026-04-29 06:00:00,11.3,92.0,0.0,3.6,150.0,-1.7999999999999992,3.1176914536239795
2026-04-29 07:00:00,15.6,78.0,0.0,4.7,220.0,3.021101765526735,3.6004088826591967
2026-04-29 08:00:00,17.9,70.0,0.0,3.2,273.0,3.1956145112146364,-0.1674750599774203
2026-04-29 09:00:00,18.9,70.0,0.0,9.0,265.0,8.96575228282571,0.7844016847289235
2026-04-29 10:00:00,19.6,66.0,0.0,8.9,261.0,8.790426231296726,1.3922667388580547
2026-04-29 11:00:00,19.3,66.0,0.0,13.5,251.0,12.764500770590777,4.395170085171616
2026-04-29 12:00:00,17.2,79.0,0.7000000000000001,6.7,232.0,5.279672049165037,4.124931884681911
2026-04-29 13:00:00,18.2,76.0,0.2,8.5,252.0,8.083980388508804,2.626644452187053
2026-04-29 14:00:00,19.0,63.0,0.0,15.8,243.0,14.077903082176213,7.173049895884839
2026-04-29 15:00:00,17.5,75.0,0.8,13.8,242.0,12.184676781453193,6.478707566445293
2026-04-29 16:00:00,16.1,91.0,0.5,10.3,237.0,8.638306849837868,5.609782060654779
2026-04-29 17:00:00,15.3,93.0,0.2,11.0,235.0,9.01067248717891,6.3093407998615065
2026-04-29 18:00:00,14.9,90.0,0.2,11.1,233.0,8.864854161524951,6.680146756987735
2026-04-29 19:00:00,14.7,91.0,0.1,11.0,230.0,8.426488874308758,7.070663706551931
2026-04-29 20:00:00,14.1,92.0,0.2,11.2,229.0,8.452747298495046,7.347861124693681
2026-04-29 21:00:00,13.5,95.0,0.2,11.1,238.0,9.413333867336327,5.882103832988574
2026-04-29 22:00:00,13.4,95.0,0.5,11.2,235.0,9.174502896036708,6.424056087131715
2026-04-29 23:00:00,13.3,97.0,0.3,11.7,223.0,7.979380812731232,8.556838308944293
2026-04-30 00:00:00,13.0,95.0,0.0,11.5,221.0,7.544678833390834,8.679160172561879
2026-04-30 01:00:00,13.2,92.0,0.0,11.5,211.0,5.9229378614656225,9.857423958074293
2026-04-30 02:00:00,13.3,92.0,0.0,8.4,205.0,3.5499933986218752,7.61298541110786
2026-04-30 03:00:00,13.2,94.0,0.2,8.8,208.0,4.13134975251584,7.7699388171585575
2026-04-30 04:00:00,13.1,94.0,0.0,8.5,197.0,2.4851594901432623,8.1285904256858
2026-04-30 05:00:00,13.3,93.0,0.1,7.6,205.0,3.211898789229316,6.887939181478539
2026-04-30 06:00:00,13.6,93.0,0.0,8.4,217.0,5.055246194477206,6.70853828439726
2026-04-30 07:00:00,14.5,92.0,0.0,10.9,241.0,9.533354807819414,5.284424860685074
2026-04-30 08:00:00,15.1,100.0,0.1,6.6,254.0,6.344327193192904,1.8192065483921944
2026-04-30 09:00:00,15.7,96.0,0.1,9.4,270.0,9.4,0.0
2026-04-30 10:00:00,14.9,97.0,0.3,8.0,265.0,7.969557584733964,0.6972459419812653
2026-04-30 11:00:00,16.3,90.0,0.1,10.7,261.0,10.568265244367973,1.67384877593047
2026-04-30 12:00:00,15.3,96.0,0.3,8.2,260.0,8.075423574700105,1.4239150568688286
2026-04-30 13:00:00,14.7,98.0,1.4,10.3,273.0,10.285884207972112,-0.5390603493023215
2026-04-30 14:00:00,13.9,100.0,2.2,6.8,288.0,6.467184310807044,-2.1013155617496424
2026-04-30 15:00:00,14.1,100.0,3.0,8.6,268.0,8.594761112364223,0.30013567164150834
2026-04-30 16:00:00,14.1,100.0,1.3,10.5,262.0,10.397814721786489,1.4613175600806871
2026-04-30 17:00:00,14.2,100.0,0.6,10.2,256.0,9.897016408015164,2.467603335116611
2026-04-30 18:00:00,13.7,100.0,0.3,10.3,255.0,9.949036010777405,2.6658361645559636
2026-04-30 19:00:00,13.4,100.0,0.3,9.3,236.0,7.710049424761888,5.200494002277947
2026-04-30 20:00:00,13.6,100.0,0.2,6.5,222.0,4.349348941332579,4.830441365603063
2026-04-30 21:00:00,13.6,100.0,0.0,7.3,224.0,5.07100610435068,5.251180542472153
2026-04-30 22:00:00,13.3,99.0,0.0,5.0,224.0,3.4732918522949863,3.5966990016932554
2026-04-30 23:00:00,13.3,100.0,0.0,4.4,261.0,4.3458286986186065,0.6883116461770159
2026-05-01 00:00:00,13.3,100.0,0.0,4.8,259.0,4.711810480548787,0.915883177807415
2026-05-01 01:00:00,13.5,100.0,0.0,6.2,255.0,5.9887401229922235,1.6046780796356286
2026-05-01 02:00:00,13.3,100.0,0.1,5.1,252.0,4.850388233105282,1.5759866713122317
2026-05-01 03:00:00,13.4,100.0,0.1,5.6,253.0,5.355306633392998,1.6372815464473258
2026-05-01 04:00:00,13.7,100.0,0.0,5.8,248.0,5.377666356487367,2.1727182418122895
2026-05-01 05:00:00,13.8,100.0,0.0,5.4,244.0,4.853487850015503,2.3672041926610183
2026-05-01 06:00:00,14.1,100.0,0.0,6.4,241.0,5.597566125692133,3.1027815695765573
2026-05-01 07:00:00,14.6,98.0,0.0,8.0,239.0,6.857338405616899,4.120304599280433
2026-05-01 08:00:00,15.7,93.0,0.0,8.0,250.0,7.517540966287267,2.7361611466053497
2026-05-01 09:00:00,17.0,83.0,0.1,10.3,266.0,10.27490971767619,0.7184916795644907
2026-05-01 10:00:00,17.2,82.0,0.2,11.0,275.0,10.9581416790092,-0.9587131702242399
2026-05-01 11:00:00,18.2,76.0,0.3,11.0,273.0,10.984924882300312,-0.5756955186723822
2026-05-01 12:00:00,17.6,80.0,0.3,11.3,277.0,11.215771513546938,-1.3771235804781665
2026-05-01 13:00:00,17.4,81.0,0.4,10.5,276.0,10.44247990136687,-1.0975488643103615
2026-05-01 14:00:00,17.4,78.0,0.3,9.3,278.0,9.209493039296605,-1.2943098389286087
2026-05-01 15:00:00,16.4,85.0,0.3,10.3,270.0,10.3,0.0
2026-05-01 16:00:00,16.1,86.0,0.2,8.8,268.0,8.794639277768043,0.30711557098200853
2026-05-01 17:00:00,15.8,87.0,0.0,8.2,260.0,8.075423574700105,1.4239150568688286
2026-05-01 18:00:00,14.9,92.0,0.0,5.8,244.0,5.213005468535169,2.5425526513766488
2026-05-01 19:00:00,13.3,97.0,0.0,4.3,175.0,-0.3747696938149304,4.283637201794505
2026-05-01 20:00:00,13.1,94.0,0.0,2.4,163.0,-0.701692091334568,2.2951314143112853
2026-05-01 21:00:00,13.4,92.0,0.0,2.4,197.0,0.7016920913345682,2.295131414311285
2026-05-01 22:00:00,13.5,92.0,0.0,2.5,201.0,0.895919873863251,2.3339510662430043
2026-05-01 23:00:00,13.5,94.0,0.0,2.8,195.0,0.7246933262870581,2.7045923136093912
2026-05-02 00:00:00,13.5,96.0,0.0,3.9,202.0,1.4609657143220567,3.616017032810471
2026-05-02 01:00:00,13.5,97.0,0.0,4.2,205.0,1.7749966993109376,3.80649270555393
2026-05-02 02:00:00,13.9,97.0,0.0,3.4,198.0,1.0506577808748212,3.233592155403522
2026-05-02 03:00:00,13.1,99.0,0.0,4.4,218.0,2.7089104914328965,3.467247315869577
2026-05-02 04:00:00,13.1,99.0,0.0,4.4,218.0,2.7089104914328965,3.467247315869577
2026-05-02 05:00:00,13.5,96.0,0.0,5.7,193.0,1.2822210097600302,5.553909369275841
2026-05-02 06:00:00,14.5,92.0,0.0,5.4,217.0,3.2498011250210617,4.312631754255381
2026-05-02 07:00:00,16.2,87.0,0.0,7.3,230.0,5.5921244347685395,4.692349550711737
2026-05-02 08:00:00,17.9,77.0,0.0,9.3,233.0,7.427310243439824,5.596879715314049
2026-05-02 09:00:00,18.8,69.0,0.1,11.8,249.0,11.01624903266698,4.228741804634543
2026-05-02 10:00:00,20.2,69.0,0.0,11.0,260.0,10.832885283134289,1.9101299543362336
2026-05-02 11:00:00,21.3,64.0,0.0,13.0,272.0,12.992080751248245,-0.4536934571325126
2026-05-02 12:00:00,20.9,64.0,0.0,14.2,268.0,14.191349743671159,0.49557285317551375
2026-05-02 13:00:00,20.1,68.0,0.0,13.6,262.0,13.467645734885357,1.89275417305689
2026-05-02 14:00:00,19.1,70.0,0.0,11.6,264.0,11.53645398627197,1.2125301739047802
2026-05-02 15:00:00,19.0,69.0,0.2,13.0,259.0,12.761153384819632,2.4805169398950824
2026-05-02 16:00:00,18.8,70.0,0.1,11.3,252.0,10.746938634135235,3.491892036436906
2026-05-02 17:00:00,17.9,78.0,0.0,10.5,250.0,9.866772518252038,3.5912115049195217
2026-05-02 18:00:00,16.5,89.0,0.0,6.7,232.0,5.279672049165037,4.124931884681911
2026-05-02 19:00:00,14.9,93.0,0.0,7.4,177.0,-0.38728607619778443,7.389858557183847
2026-05-02 20:00:00,15.4,92.0,0.0,6.2,168.0,-1.289052483070108,6.064515124549596
2026-05-02 21:00:00,14.6,93.0,0.0,5.4,174.0,-0.5644537016453293,5.370418234988676
2026-05-02 22:00:00,13.9,93.0,0.0,7.3,160.0,-2.4967470462773815,6.859756131737131
2026-05-02 23:00:00,13.8,93.0,0.0,5.7,156.0,-2.3183988655320618,5.207209108562825
2026-05-03 00:00:00,13.3,95.0,0.0,7.5,156.0,-3.050524823068502,6.851590932319507
2026-05-03 01:00:00,12.9,96.0,0.0,6.8,153.0,-3.0871353982289174,6.058844364480901
2026-05-03 02:00:00,12.1,97.0,0.0,7.8,157.0,-3.0477028022163353,7.179937856929034
2026-05-03 03:00:00,12.4,95.0,0.0,7.9,159.0,-2.831106801407872,7.375285369327894
2026-05-03 04:00:00,12.2,95.0,0.0,8.5,152.0,-3.990508283680073,7.505054539300878
2026-05-03 05:00:00,12.3,93.0,0.0,7.8,151.0,-3.7815150379214284,6.8220337156872874
2026-05-03 06:00:00,13.4,88.0,0.0,7.4,158.0,-2.7720887912777497,6.8611605237942275
2026-05-03 07:00:00,18.2,74.0,0.0,7.7,191.0,1.4692292643993958,7.558529312547013
2026-05-03 08:00:00,20.6,56.0,0.0,9.4,230.0,7.200817765318393,6.042203531053469
2026-05-03 09:00:00,21.5,54.0,0.0,14.9,248.0,13.815039433045133,5.581638241897089
2026-05-03 10:00:00,22.0,54.0,0.0,15.2,235.0,12.451111073192674,8.7183618325359
2026-05-03 11:00:00,23.0,48.0,0.0,17.8,243.0,15.85991613055295,8.081030895363932
2026-05-03 12:00:00,22.7,50.0,0.0,20.6,252.0,19.591764235680163,6.365750084123917
2026-05-03 13:00:00,20.6,63.0,0.1,16.7,236.0,13.844927461669194,9.338521487961472
2026-05-03 14:00:00,20.2,64.0,0.0,13.7,240.0,11.864548031846809,6.849999999999999
2026-05-03 15:00:00,19.5,69.0,0.3,15.0,241.0,13.119295607090937,7.272144303695056
2026-05-03 16:00:00,18.1,78.0,0.1,9.4,222.0,6.289827699773268,6.985561359487506
2026-05-03 17:00:00,18.3,77.0,0.0,9.9,251.0,9.360633898433237,3.2231247291258516
2026-05-03 18:00:00,17.1,84.0,0.0,7.4,252.0,7.037818220584136,2.286725758374611
2026-05-03 19:00:00,15.4,92.0,0.0,8.5,234.0,6.876644452187053,4.996174644486022
2026-05-03 20:00:00,14.8,99.0,0.0,6.2,188.0,0.8628732259524059,6.139662026197737
2026-05-03 21:00:00,14.5,97.0,0.0,6.0,189.0,0.9386067902413855,5.926130043570827
2026-05-03 22:00:00,14.4,96.0,0.0,4.0,234.0,3.23606797749979,2.3511410091698925
2026-05-03 23:00:00,14.6,95.0,0.0,6.8,191.0,1.2975011685605053,6.675064847444115
2026-05-04 00:00:00,13.8,96.0,0.0,3.1,159.0,-1.1109406435904308,2.8940993221413254
2026-05-04 01:00:00,14.0,94.0,0.0,4.9,184.0,0.34180672134621365,4.8880638462731385
2026-05-04 02:00:00,14.7,92.0,0.0,3.4,198.0,1.0506577808748212,3.233592155403522
2026-05-04 03:00:00,14.8,87.0,0.1,6.1,214.0,3.4110767111715554,5.057129192585754
2026-05-04 04:00:00,14.4,91.0,0.2,8.1,231.0,6.294882287801464,5.097495167503682
2026-05-04 05:00:00,13.9,96.0,1.3,8.4,211.0,4.326319829244455,7.200205325897744
2026-05-04 06:00:00,14.3,93.0,0.0,9.8,226.0,7.049530043318782,6.807652030498174
2026-05-04 07:00:00,15.1,94.0,0.0,7.9,249.0,7.375285369327894,2.831106801407872
2026-05-04 08:00:00,16.3,89.0,0.0,7.4,263.0,7.344841522145783,0.9018331411980913
2026-05-04 09:00:00,17.2,86.0,0.1,10.1,271.0,10.098461721079552,-0.17626930501656346
2026-05-04 10:00:00,18.6,74.0,0.0,10.9,257.0,10.620633706159065,2.4519664923481286
2026-05-04 11:00:00,18.6,77.0,0.0,10.8,265.0,10.758902739390853,0.9412820216747082
2026-05-04 12:00:00,17.6,89.0,7.5,14.6,260.0,14.378193193978237,2.535263393937183
2026-05-04 13:00:00,18.1,81.0,11.2,12.4,272.0,12.392446255036788,-0.43275375911101205
2026-05-04 14:00:00,16.4,92.0,10.5,9.9,258.0,9.683661247264677,2.0583257390958174
2026-05-04 15:00:00,16.0,97.0,4.2,10.6,247.0,9.757351446595868,4.141749961986302
2026-05-04 16:00:00,15.3,95.0,4.8,13.3,261.0,13.136254929915333,2.0805783850350705
2026-05-04 17:00:00,14.5,99.0,3.3,9.9,258.0,9.683661247264677,2.0583257390958174
2026-05-04 18:00:00,14.3,100.0,2.6,11.4,255.0,11.01155441969538,2.9505371141687364
2026-05-04 19:00:00,14.1,96.0,3.3,10.2,238.0,8.650090580795544,5.40517649517869
2026-05-04 20:00:00,13.8,96.0,3.0,9.5,216.0,5.583959896778495,7.685661446562001
2026-05-04 21:00:00,14.0,96.0,1.0,8.8,215.0,5.0474726398892065,7.208537989743128
2026-05-04 22:00:00,14.2,94.0,0.3,9.5,243.0,8.464561979789496,4.312909747525694
2026-05-04 23:00:00,14.1,96.0,0.1,8.2,238.0,6.953994388482692,4.34533796671228
2026-05-05 00:00:00,14.1,96.0,0.2,6.5,228.0,4.830441365603063,4.349348941332579
2026-05-05 01:00:00,14.1,96.0,0.7000000000000001,6.0,219.0,3.775922346299025,4.662875768741825
2026-05-05 02:00:00,14.0,96.0,0.8,5.2,194.0,1.257993857118272,5.045537776635181
2026-05-05 03:00:00,13.7,98.0,0.3,5.5,221.0,3.6083246594477902,4.150902691225246
2026-05-05 04:00:00,13.8,98.0,0.2,6.1,238.0,5.173093386554198,3.2325075118225497
2026-05-05 05:00:00,13.5,99.0,0.3,6.5,251.0,6.1458707413955596,2.1161930039715187
2026-05-05 06:00:00,13.9,98.0,0.2,7.4,238.0,6.275555911557553,3.9214025553257166
2026-05-05 07:00:00,14.3,100.0,0.2,7.2,238.0,6.105946292326267,3.8154187024790756
2026-05-05 08:00:00,14.2,100.0,0.3,7.7,239.0,6.600188215406265,3.9657931768074173
2026-05-05 09:00:00,15.2,100.0,0.4,8.8,250.0,8.269295062915996,3.009777261265885
2026-05-05 10:00:00,14.6,100.0,2.0,10.8,252.0,10.271410375987658,3.337383539249432
2026-05-05 11:00:00,14.8,99.0,1.2,10.9,254.0,10.477752485727676,3.004447178405291
2026-05-05 12:00:00,14.8,100.0,0.6,10.5,251.0,9.927945043792826,3.4184656218001455
2026-05-05 13:00:00,14.8,99.0,0.3,10.8,252.0,10.271410375987658,3.337383539249432
2026-05-05 14:00:00,14.1,100.0,0.4,9.0,267.0,8.987665812791164,0.4710236061864945
2026-05-05 15:00:00,14.0,100.0,1.6,8.4,279.0,8.296582060999157,-1.3140495063379394
2026-05-05 16:00:00,13.7,98.0,3.5,6.7,289.0,6.334974456515423,-2.18130663486295
2026-05-05 17:00:00,13.4,99.0,3.8,6.5,289.0,6.1458707413955596,-2.1161930039715187
2026-05-05 18:00:00,13.3,100.0,6.1,4.8,250.0,4.51052457977236,1.6416966879632098
2026-05-05 19:00:00,13.4,99.0,3.2,4.8,214.0,2.6841259366595844,3.9793803482642
2026-05-05 20:00:00,12.7,96.0,1.6,6.1,192.0,1.2682613139883325,5.966700364476214
2026-05-05 21:00:00,12.4,98.0,3.3,6.9,175.0,-0.6013746249588419,6.873743416833045
2026-05-05 22:00:00,12.6,96.0,1.2,5.9,182.0,0.2059070305447564,5.896405879412665
2026-05-05 23:00:00,12.5,95.0,0.4,5.4,184.0,0.3766849582182763,5.386845871403051
2026-05-06 00:00:00,12.7,95.0,0.4,5.2,186.0,0.543548008991798,5.1715138559150216
2026-05-06 01:00:00,12.7,94.0,0.3,4.5,180.0,2.755455298081545e-16,4.5
2026-05-06 02:00:00,12.6,92.0,0.9,3.5,171.0,-0.5475206276408079,3.456909192082982
2026-05-06 03:00:00,12.5,95.0,2.9,2.5,176.0,-0.1743911843603133,2.4939101256495606
2026-05-06 04:00:00,12.2,98.0,7.1,5.3,170.0,-0.9203353416347306,5.2194810909647025
2026-05-06 05:00:00,12.1,98.0,6.6,4.6,171.0,-0.7195985391850617,4.543366366737634
2026-05-06 06:00:00,12.6,97.0,1.8,5.6,178.0,-0.19543718153400533,5.596588631306936
2026-05-06 07:00:00,13.3,97.0,3.4,8.5,186.0,0.8884919377750544,8.453436110630323
2026-05-06 08:00:00,14.4,95.0,0.0,6.9,242.0,6.092338390726597,3.2393537832226467
2026-05-06 09:00:00,15.4,93.0,0.1,9.2,266.0,9.177589262390383,0.6417595584459528
2026-05-06 10:00:00,15.9,88.0,0.4,10.5,258.0,10.27054980770496,2.183072753586473
2026-05-06 11:00:00,16.8,80.0,0.5,12.0,261.0,11.852260087141653,1.8772135804827705
2026-05-06 12:00:00,17.3,78.0,0.8,12.7,263.0,12.605336125844788,1.5477406612453728
2026-05-06 13:00:00,17.4,76.0,1.0,11.9,266.0,11.871012198091908,0.8301020375550912
2026-05-06 14:00:00,18.9,71.0,0.4,11.9,276.0,11.834810554882452,-1.2438887128850764
2026-05-06 15:00:00,18.5,71.0,0.1,11.0,275.0,10.9581416790092,-0.9587131702242399
2026-05-06 16:00:00,17.9,75.0,0.0,10.1,280.0,9.9465583054233,-1.7538465944359962
2026-05-06 17:00:00,16.9,82.0,0.0,7.3,281.0,7.165878439167947,-1.392905666248777
2026-05-06 18:00:00,15.3,95.0,0.0,4.3,272.0,4.2973805561821115,-0.15006783582075417
2026-05-06 19:00:00,13.4,98.0,0.0,4.9,176.0,-0.34180672134621415,4.8880638462731385
2026-05-06 20:00:00,13.6,96.0,0.0,2.9,176.0,-0.20229377385796346,2.89293574575349
2026-05-06 21:00:00,12.9,95.0,0.0,2.8,169.0,-0.5342651870543255,2.748556113653459
2026-05-06 22:00:00,12.3,94.0,0.0,2.4,163.0,-0.701692091334568,2.2951314143112853
2026-05-06 23:00:00,11.6,95.0,0.0,2.8,153.0,-1.2711733992707306,2.49481826772743
2026-05-07 00:00:00,11.1,97.0,0.0,2.8,153.0,-1.2711733992707306,2.49481826772743
2026-05-07 01:00:00,10.9,96.0,0.0,3.1,152.0,-1.455361844636262,2.737137537862673
2026-05-07 02:00:00,10.9,96.0,0.0,4.4,148.0,-2.331644762626101,3.731411623088275
2026-05-07 03:00:00,11.5,95.0,0.0,3.9,156.0,-1.586272907995621,3.562827284806143
2026-05-07 04:00:00,11.4,96.0,0.0,4.3,158.0,-1.6108083516884217,3.9868905746371857
2026-05-07 05:00:00,11.1,97.0,0.0,4.5,157.0,-1.7582900782017319,4.142271840535981
2026-05-07 06:00:00,12.3,94.0,0.0,5.6,158.0,-2.0977969231291076,5.192229585574009
2026-05-07 07:00:00,15.8,84.0,0.0,3.5,219.0,2.202621368674431,2.720010865099398
2026-05-07 08:00:00,17.9,71.0,0.0,7.4,248.0,6.8611605237942275,2.772088791277749
2026-05-07 09:00:00,19.5,64.0,0.0,9.7,268.0,9.694091022085228,0.3385251180142594
2026-05-07 10:00:00,20.1,62.0,0.0,11.0,270.0,11.0,0.0
2026-05-07 11:00:00,21.2,56.0,0.0,11.3,269.0,11.298278955267222,0.1972121927413037
2026-05-07 12:00:00,21.5,61.0,0.0,12.7,277.0,12.605336125844788,-1.5477406612453728
2026-05-07 13:00:00,20.7,65.0,0.2,13.3,273.0,13.281772812235833,-0.696068218031153
2026-05-07 14:00:00,21.1,59.0,0.4,11.0,268.0,10.993299097210054,0.3838944637275107
2026-05-07 15:00:00,20.4,62.0,0.0,12.1,269.0,12.098157111392334,0.2111741178911305
2026-05-07 16:00:00,18.6,77.0,0.0,10.5,266.0,10.474422527728153,0.7324429743133156
2026-05-07 17:00:00,17.3,86.0,0.0,7.6,262.0,7.5260373224359345,1.0577155672964973
2026-05-07 18:00:00,16.2,95.0,0.0,4.9,262.0,4.852313536833695,0.6819481947043207
2026-05-07 19:00:00,15.5,98.0,0.0,4.6,228.0,3.4184661971960133,3.0780007892507477
2026-05-07 20:00:00,15.0,98.0,0.0,2.0,180.0,1.2246467991473532e-16,2.0
2026-05-07 21:00:00,14.7,97.0,0.0,2.8,195.0,0.7246933262870581,2.7045923136093912
2026-05-07 22:00:00,14.2,96.0,0.0,2.5,180.0,1.5308084989341916e-16,2.5
2026-05-07 23:00:00,13.3,97.0,0.0,2.7,184.0,0.18834247910913815,2.6934229357015256
2026-05-08 00:00:00,12.7,99.0,0.0,4.4,161.0,-1.4324998796114894,4.160281732636994
2026-05-08 01:00:00,12.5,98.0,0.0,4.3,165.0,-1.1129218939408396,4.153481053042993
2026-05-08 02:00:00,12.5,98.0,0.0,4.6,162.0,-1.4214781741247577,4.374859974957706
2026-05-08 03:00:00,12.7,98.0,0.0,4.7,182.0,0.1640276345017551,4.6971368869897505
2026-05-08 04:00:00,12.9,98.0,0.0,4.2,173.0,-0.5118512423016189,4.168693836893553
2026-05-08 05:00:00,12.9,98.0,0.0,4.7,178.0,-0.1640276345017545,4.6971368869897505
2026-05-08 06:00:00,13.7,96.0,0.0,5.8,171.0,-0.9073198972333387,5.728592375451799
2026-05-08 07:00:00,15.9,89.0,0.0,4.4,277.0,4.367203067221817,-0.5362251109826489
2026-05-08 08:00:00,18.2,74.0,0.0,5.5,281.0,5.3989495089621515,-1.0494494745709964
2026-05-08 09:00:00,17.7,78.0,0.2,8.8,289.0,8.320563465273988,-2.8649997592229792
2026-05-08 10:00:00,18.7,71.0,0.2,7.6,271.0,7.598842483188573,-0.1326382889233547
2026-05-08 11:00:00,18.1,75.0,0.4,10.0,284.0,9.702957262759965,-2.4192189559966772
2026-05-08 12:00:00,17.4,81.0,0.4,6.0,279.0,5.926130043570827,-0.9386067902413853
2026-05-08 13:00:00,18.9,79.0,0.2,6.6,313.0,4.826934430686525,-4.50118917641249
2026-05-08 14:00:00,16.9,95.0,0.5,7.1,306.0,5.744020660062127,-4.173275291276559
2026-05-08 15:00:00,17.9,86.0,0.4,4.9,294.0,4.476372742448745,-1.9930095510714212
2026-05-08 16:00:00,15.6,97.0,2.3,3.7,309.0,2.8754400573907923,-2.3284854468843985
2026-05-08 17:00:00,16.3,100.0,0.2,1.3,326.0,0.7269507745119709,-1.0777488443215544
2026-05-08 18:00:00,15.9,100.0,0.1,2.1,195.0,0.5435199947152936,2.0284442352070435
2026-05-08 19:00:00,15.3,100.0,0.0,3.4,177.0,-0.17794225122600907,3.395340418165551
2026-05-08 20:00:00,15.8,91.0,0.0,3.9,164.0,-1.0749856876862962,3.7489206141594438
2026-05-08 21:00:00,15.7,86.0,0.0,2.3,162.0,-0.7107390870623789,2.187429987478853
2026-05-08 22:00:00,15.4,88.0,1.2,2.9,169.0,-0.5533460865919799,2.8467188319982255
2026-05-08 23:00:00,15.0,85.0,2.0,2.8,153.0,-1.2711733992707306,2.49481826772743
2026-05-09 00:00:00,14.7,88.0,0.1,2.8,169.0,-0.5342651870543255,2.748556113653459
2026-05-09 01:00:00,14.5,91.0,0.2,2.9,173.0,-0.35342109587492737,2.878383839759834
2026-05-09 02:00:00,14.6,93.0,0.2,4.5,180.0,2.755455298081545e-16,4.5
2026-05-09 03:00:00,14.5,90.0,0.0,3.4,205.0,1.436902089918378,3.0814464759246096
2026-05-09 04:00:00,14.5,90.0,0.0,2.9,191.0,0.5533460865919803,2.8467188319982255
2026-05-09 05:00:00,14.8,90.0,0.0,2.7,188.0,0.3757673725921768,2.67372378560224
2026-05-09 06:00:00,15.0,93.0,0.0,4.3,197.0,1.257198330307768,4.112110450641052
2026-05-09 07:00:00,16.1,96.0,0.0,5.2,248.0,4.821356043747294,1.9479542857627425
2026-05-09 08:00:00,17.1,88.0,0.0,7.5,262.0,7.427010515561777,1.0437982572004907
2026-05-09 09:00:00,18.4,81.0,0.2,9.1,278.0,9.01143942554829,-1.2664752187365955
2026-05-09 10:00:00,19.4,76.0,0.1,11.0,289.0,10.400704331592486,-3.5812496990287235
2026-05-09 11:00:00,20.0,73.0,0.1,11.8,291.0,11.01624903266698,-4.228741804634543
2026-05-09 12:00:00,19.7,74.0,0.2,11.9,293.0,10.95400775608404,-4.649700429022358
2026-05-09 13:00:00,16.4,98.0,5.8,6.8,287.0,6.502872340548641,-1.98812759211461
2026-05-09 14:00:00,16.1,99.0,0.3,11.1,286.0,10.67000482491534,-3.0595746495686904
2026-05-09 15:00:00,16.9,94.0,0.4,9.2,281.0,9.030970087718508,-1.755442757464212
2026-05-09 16:00:00,16.7,90.0,0.1,9.5,279.0,9.38303923565381,-1.4861274178821933
2026-05-09 17:00:00,16.5,90.0,0.1,7.9,273.0,7.889173324561134,-0.4134540543192563
2026-05-09 18:00:00,15.7,94.0,0.1,4.5,268.0,4.497258721585931,0.15704773516125436
2026-05-09 19:00:00,14.9,98.0,1.5,2.1,165.0,-0.5435199947152938,2.0284442352070435
2026-05-09 20:00:00,14.9,93.0,0.0,3.5,189.0,0.5475206276408082,3.456909192082982
2026-05-09 21:00:00,14.9,90.0,0.0,2.4,197.0,0.7016920913345682,2.295131414311285
2026-05-09 22:00:00,14.9,88.0,0.0,1.8,217.0,1.0832670416736871,1.437543918085127
2026-05-09 23:00:00,14.3,90.0,0.0,2.6,196.0,0.7166571251241979,2.499280409439629
2026-05-10 00:00:00,13.6,92.0,0.0,2.4,163.0,-0.701692091334568,2.2951314143112853
2026-05-10 01:00:00,13.2,89.0,0.0,3.0,166.0,-0.7257656867990033,2.9108871788279895
2026-05-10 02:00:00,12.9,95.0,0.0,6.4,158.0,-2.3974821978618372,5.93397666922744
2026-05-10 03:00:00,13.6,88.0,0.0,3.8,183.0,0.19887663372318706,3.7947922320673806
2026-05-10 04:00:00,13.7,87.0,0.0,3.4,180.0,2.0818995585505003e-16,3.4
2026-05-10 05:00:00,14.2,89.0,0.0,4.2,205.0,1.7749966993109376,3.80649270555393
2026-05-10 06:00:00,15.0,89.0,0.0,4.0,190.0,0.6945927106677217,3.939231012048832
2026-05-10 07:00:00,16.0,92.0,0.0,4.7,263.0,4.664966912714213,0.5727859140041932
2026-05-10 08:00:00,18.0,85.0,0.0,7.2,274.0,7.182461161870735,-0.5022466109577022
2026-05-10 09:00:00,18.6,77.0,0.2,9.0,267.0,8.987665812791164,0.4710236061864945
2026-05-10 10:00:00,19.3,75.0,0.3,10.5,275.0,10.460044329963328,-0.9151352988504108
2026-05-10 11:00:00,19.3,78.0,0.1,11.2,276.0,11.13864522812466,-1.1707187885977188
2026-05-10 12:00:00,19.1,80.0,0.2,11.8,283.0,11.497566764465777,-2.654422441257607
2026-05-10 13:00:00,18.2,83.0,0.2,8.5,282.0,8.314254606237348,-1.7672493719509543
2026-05-10 14:00:00,17.3,98.0,0.2,9.0,276.0,8.950697058314459,-0.9407561694088813
2026-05-10 15:00:00,17.4,93.0,0.5,8.7,275.0,8.666893873398186,-0.7582549619046259
2026-05-10 16:00:00,16.8,94.0,0.5,7.2,270.0,7.2,0.0
2026-05-10 17:00:00,16.4,96.0,0.1,5.8,275.0,5.777929248932124,-0.5055033079364174
2026-05-10 18:00:00,15.9,98.0,0.0,5.5,229.0,4.150902691225246,3.6083246594477902
2026-05-10 19:00:00,15.5,97.0,0.0,5.8,187.0,0.7068421917498554,5.756767679519667
2026-05-10 20:00:00,15.7,98.0,0.0,5.8,180.0,3.5514757175273243e-16,5.8
2026-05-10 21:00:00,15.1,97.0,0.0,5.4,178.0,-0.18845728219350516,5.3967104659031175
2026-05-10 22:00:00,14.9,95.0,0.0,5.2,174.0,-0.5435480089917984,5.1715138559150216
2026-05-10 23:00:00,15.4,92.0,0.0,3.8,185.0,0.3311918224411009,3.785539852748633
2026-05-11 00:00:00,14.7,93.0,0.0,3.8,177.0,-0.1988766337231866,3.7947922320673806
2026-05-11 01:00:00,14.6,94.0,0.0,4.1,180.0,2.5105259382520737e-16,4.1
2026-05-11 02:00:00,14.6,96.0,0.0,7.1,161.0,-2.311533896645812,6.713181886755149
2026-05-11 03:00:00,14.5,93.0,0.0,5.2,174.0,-0.5435480089917984,5.1715138559150216
2026-05-11 04:00:00,14.0,98.0,0.0,6.0,170.0,-1.0418890660015818,5.908846518073248
2026-05-11 05:00:00,14.0,97.0,0.0,6.3,182.0,0.2198668292257568,6.296162210220303
2026-05-11 06:00:00,14.6,96.0,0.0,6.9,211.0,3.553762716879374,5.914454374844575
2026-05-11 07:00:00,15.7,92.0,0.0,8.0,245.0,7.2504622962931995,3.3809460939255955
2026-05-11 08:00:00,17.6,83.0,0.0,8.2,237.0,6.877098657152477,4.466040087123222
2026-05-11 09:00:00,19.0,75.0,0.1,12.8,248.0,11.86795333845488,4.794964395723674
2026-05-11 10:00:00,19.7,73.0,0.1,14.1,259.0,13.840943286612061,2.6904068348092816
2026-05-11 11:00:00,20.9,69.0,0.1,13.7,260.0,13.49186621626725,2.3789800340369456
2026-05-11 12:00:00,20.9,70.0,0.0,14.6,267.0,14.579991207416777,0.76410496114698
2026-05-11 13:00:00,20.6,71.0,0.1,13.7,266.0,13.666627488559591,0.9556636902945166
2026-05-11 14:00:00,19.6,75.0,0.2,12.8,261.0,12.642410759617764,2.0023611525149554
2026-05-11 15:00:00,18.9,76.0,0.3,12.3,249.0,11.483039245915583,4.4079257794071935
2026-05-11 16:00:00,18.7,75.0,0.2,11.7,255.0,11.301332167582098,3.0281828276994927
2026-05-11 17:00:00,17.5,86.0,0.0,8.4,254.0,8.074598245881878,2.315353788862793
2026-05-11 18:00:00,17.2,87.0,0.0,6.0,233.0,4.791813060283757,3.6108901389122896
2026-05-11 19:00:00,15.7,93.0,0.0,6.6,197.0,1.9296532511700626,6.311611389356034
2026-05-11 20:00:00,15.4,91.0,0.0,5.4,184.0,0.3766849582182763,5.386845871403051
2026-05-11 21:00:00,14.8,91.0,0.0,4.9,184.0,0.34180672134621365,4.8880638462731385
2026-05-11 22:00:00,14.5,88.0,0.0,6.2,170.0,-1.076618701534968,6.10580806867569
2026-05-11 23:00:00,13.9,92.0,0.0,4.9,170.0,-0.8508760705679586,4.82555798975982
2026-05-12 00:00:00,13.6,94.0,0.0,4.3,175.0,-0.3747696938149304,4.283637201794505
2026-05-12 01:00:00,13.2,95.0,0.0,4.7,173.0,-0.5727859140041927,4.664966912714214
2026-05-12 02:00:00,13.7,94.0,0.0,5.6,176.0,-0.3906362529671018,5.586358681455015
2026-05-12 03:00:00,12.9,97.0,0.0,4.9,180.0,3.0003846579110154e-16,4.9
2026-05-12 04:00:00,13.2,95.0,0.0,5.0,195.0,1.2940952255126037,4.8296291314453415
2026-05-12 05:00:00,14.0,94.0,0.0,6.6,213.0,3.5946176310991786,5.535225748439799
2026-05-12 06:00:00,14.9,92.0,0.0,7.1,216.0,4.173275291276559,5.744020660062127
2026-05-12 07:00:00,16.5,87.0,0.0,6.0,263.0,5.955276909847932,0.7312160604308848
2026-05-12 08:00:00,18.1,72.0,0.3,10.7,257.0,10.425759693202016,2.406976281479355
2026-05-12 09:00:00,18.7,73.0,0.3,12.4,271.0,12.398111419939251,-0.21640983982231554
2026-05-12 10:00:00,19.1,70.0,0.2,13.0,260.0,12.802500789158705,2.257426309670094
2026-05-12 11:00:00,19.0,70.0,0.1,12.5,264.0,12.431523692103417,1.3066057908456683
2026-05-12 12:00:00,19.4,70.0,0.3,12.4,272.0,12.392446255036788,-0.43275375911101205
2026-05-12 13:00:00,19.6,73.0,0.2,11.4,273.0,11.384376696202143,-0.5966299011695597
2026-05-12 14:00:00,19.2,74.0,0.2,9.1,285.0,8.789925019230521,-2.3552533104329387
2026-05-12 15:00:00,17.9,84.0,0.1,7.3,281.0,7.165878439167947,-1.392905666248777
2026-05-12 16:00:00,17.3,85.0,0.4,7.4,288.0,7.037818220584136,-2.286725758374611
2026-05-12 17:00:00,16.4,90.0,0.3,6.4,278.0,6.337715639946051,-0.8907078461444189
2026-05-12 18:00:00,16.0,96.0,0.0,4.2,252.0,3.994437368439645,1.2978713763747791
2026-05-12 19:00:00,15.6,99.0,0.1,3.5,208.0,1.643150469750618,3.090316575006244
2026-05-12 20:00:00,16.1,92.0,0.1,3.5,215.0,2.0075175272286616,2.8670321550114712
2026-05-12 21:00:00,15.6,95.0,0.0,2.9,248.0,2.6888331782436836,1.0863591209061447
2026-05-12 22:00:00,15.3,95.0,0.0,2.0,180.0,1.2246467991473532e-16,2.0
2026-05-12 23:00:00,15.3,94.0,0.0,2.1,195.0,0.5435199947152936,2.0284442352070435
2026-05-13 00:00:00,15.5,94.0,0.0,2.1,195.0,0.5435199947152936,2.0284442352070435
2026-05-13 01:00:00,15.3,96.0,0.0,2.2,215.0,1.2618681599723016,1.802134497435782
2026-05-13 02:00:00,15.5,95.0,0.0,2.7,262.0,2.67372378560224,0.3757673725921767
2026-05-13 03:00:00,14.7,99.0,0.1,3.6,297.0,3.2076234870781244,-1.6343657990623683
2026-05-13 04:00:00,14.6,100.0,0.0,2.7,233.0,2.1563158771276907,1.6249005625105304
2026-05-13 05:00:00,14.4,99.0,0.1,3.1,187.0,0.37779496455595724,3.076893070088098
2026-05-13 06:00:00,14.8,97.0,0.1,2.7,160.0,-0.9234543869793056,2.537170076121953
2026-05-13 07:00:00,16.1,93.0,0.0,2.5,201.0,0.895919873863251,2.3339510662430043
2026-05-13 08:00:00,17.4,93.0,0.1,2.0,275.0,1.992389396183491,-0.17431148549531633
2026-05-13 09:00:00,17.9,92.0,0.0,7.7,303.0,6.457763373179765,-4.193720569615708
2026-05-13 10:00:00,17.4,92.0,0.6,7.8,289.0,7.375044889674672,-2.5394316047658223
2026-05-13 11:00:00,17.5,90.0,0.5,7.6,275.0,7.571079705497266,-0.662383644882202
2026-05-13 12:00:00,17.7,89.0,0.3,8.3,275.0,8.268415994161488,-0.7233926648055629
2026-05-13 13:00:00,18.9,82.0,0.2,9.4,283.0,9.159078608981211,-2.114539910832331
2026-05-13 14:00:00,17.5,88.0,0.1,7.2,288.0,6.8476069173251055,-2.2249223594996215
2026-05-13 15:00:00,16.7,96.0,1.3,6.9,285.0,6.664888201394572,-1.785851411207393
2026-05-13 16:00:00,16.1,100.0,2.5,6.9,300.0,5.975575286112627,-3.4499999999999997
2026-05-13 17:00:00,15.6,100.0,2.3,2.9,281.0,2.8467188319982255,-0.5533460865919799
2026-05-13 18:00:00,16.2,99.0,1.2,4.2,211.0,2.1631599146222276,3.600102662948872
2026-05-13 19:00:00,16.1,97.0,1.6,4.5,247.0,4.142271840535981,1.7582900782017319
2026-05-13 20:00:00,16.0,97.0,0.9,3.5,279.0,3.456909192082982,-0.547520627640808
2026-05-13 21:00:00,16.0,98.0,1.1,3.9,233.0,3.114678489184442,2.347078590292988
2026-05-13 22:00:00,15.7,99.0,2.0,4.6,219.0,2.894873798829252,3.5748714227020657
2026-05-13 23:00:00,15.7,99.0,1.1,4.6,222.0,3.0780007892507477,3.4184661971960133
2026-05-14 00:00:00,15.6,98.0,0.2,4.8,239.0,4.114403043370139,2.47218275956826
2026-05-14 01:00:00,15.2,99.0,0.3,4.4,249.0,4.107753876587688,1.5768189779993214
2026-05-14 02:00:00,15.3,98.0,0.2,5.7,233.0,4.55222240726957,3.4303456319666754
2026-05-14 03:00:00,15.1,100.0,0.5,7.1,221.0,4.658019105832602,5.358438019581681
2026-05-14 04:00:00,15.1,99.0,1.2,5.9,252.0,5.611233446141406,1.8232002668121898
2026-05-14 05:00:00,15.1,100.0,1.9,6.9,240.0,5.975575286112627,3.4499999999999997
2026-05-14 06:00:00,15.5,98.0,1.2,5.7,212.0,3.020539806129268,4.8338741480916285
2026-05-14 07:00:00,16.5,97.0,0.5,4.8,214.0,2.6841259366595844,3.9793803482642
2026-05-14 08:00:00,15.3,97.0,0.2,3.9,313.0,2.8522794363147645,-2.659793604243744
2026-05-14 09:00:00,15.0,99.0,9.7,3.7,321.0,2.328485446884399,-2.8754400573907923
2026-05-14 10:00:00,15.3,99.0,9.5,0.6000000000000001,326.0,0.3355157420824481,-0.4974225435330251
2026-05-14 11:00:00,15.9,100.0,7.7,0.5,315.0,0.3535533905932738,-0.35355339059327373
2026-05-14 12:00:00,16.1,100.0,4.9,5.4,270.0,5.4,0.0
2026-05-14 13:00:00,16.1,100.0,3.5,4.6,239.0,3.9429695832297162,2.369175144586249
2026-05-14 14:00:00,16.2,97.0,2.2,3.2,207.0,1.45276959916655,2.851220877402777
2026-05-14 15:00:00,16.5,98.0,1.2,3.9,248.0,3.616017032810471,1.460965714322057
2026-05-14 16:00:00,16.1,100.0,1.6,5.1,262.0,5.050367150582009,0.7097828148963337
2026-05-14 17:00:00,15.7,99.0,1.0,5.3,232.0,4.176456994115626,3.263005819225989
2026-05-14 18:00:00,15.2,100.0,0.4,5.8,250.0,5.450217200558269,1.9837168312888784
2026-05-14 19:00:00,14.6,100.0,0.0,4.9,242.0,4.326443205008743,2.300410657650865
2026-05-14 20:00:00,14.5,97.0,0.0,2.3,184.0,0.16043988961148803,2.2943973155975956
2026-05-14 21:00:00,13.9,98.0,0.0,3.1,193.0,0.6973482684659813,3.0205472008342293
2026-05-14 22:00:00,13.8,97.0,0.0,5.1,176.0,-0.35575801609503915,5.087576656325103
2026-05-14 23:00:00,13.7,94.0,0.0,4.9,176.0,-0.34180672134621415,4.8880638462731385
2026-05-15 00:00:00,13.7,91.0,0.0,4.2,198.0,1.2978713763747793,3.994437368439645
2026-05-15 01:00:00,13.1,91.0,0.0,3.4,174.0,-0.3553967751100221,3.381374444252129
2026-05-15 02:00:00,13.0,95.0,0.0,2.9,158.0,-1.086359120906145,2.6888331782436836
2026-05-15 03:00:00,12.6,95.0,0.0,2.0,170.0,-0.3472963553338606,1.969615506024416
2026-05-15 04:00:00,13.5,93.0,0.0,1.7000000000000002,167.0,-0.3824167923845706,1.6564291101349
2026-05-15 05:00:00,13.9,92.0,0.0,1.5,166.0,-0.36288284339950166,1.4554435894139948
2026-05-15 06:00:00,14.1,92.0,0.0,2.5,184.0,0.1743911843603131,2.4939101256495606
2026-05-15 07:00:00,14.9,95.0,0.0,1.0,338.0,0.37460659341591196,-0.9271838545667874
2026-05-15 08:00:00,16.3,92.0,0.0,4.6,349.0,0.8777213787321065,-4.515485043859254
2026-05-15 09:00:00,16.5,92.0,0.3,6.5,330.0,3.250000000000001,-5.629165124598851
2026-05-15 10:00:00,17.8,84.0,0.4,7.9,333.0,3.58652494794242,-7.038951541088106
2026-05-15 11:00:00,15.8,98.0,2.3,5.5,337.0,2.1490212066910055,-5.062776693988422
2026-05-15 12:00:00,17.0,94.0,1.2,6.7,340.0,2.291534960281981,-6.295940559265586
2026-05-15 13:00:00,15.8,99.0,5.6,7.3,330.0,3.650000000000001,-6.3219854476264015
2026-05-15 14:00:00,14.8,99.0,4.9,5.8,334.0,2.542552651376649,-5.213005468535169
2026-05-15 15:00:00,16.0,98.0,5.1,5.1,342.0,1.575986671312232,-4.850388233105282
2026-05-15 16:00:00,16.6,99.0,3.6,2.4,297.0,2.138415658052083,-1.0895771993749122
2026-05-15 17:00:00,16.4,100.0,1.5,3.7,281.0,3.632020578756357,-0.7059932828932158
2026-05-15 18:00:00,15.9,100.0,0.4,1.5,306.0,1.2135254915624212,-0.8816778784387097
2026-05-15 19:00:00,14.9,99.0,0.1,3.0,155.0,-1.267854785222098,2.71892336110995
2026-05-15 20:00:00,14.7,98.0,0.1,3.4,137.0,-2.3187944242124945,2.48660258550518
2026-05-15 21:00:00,14.6,93.0,0.0,1.4,140.0,-0.8999026535611551,1.0724622203665692
2026-05-15 22:00:00,14.4,92.0,0.0,1.9,158.0,-0.7117525274902329,1.761649323676896
2026-05-15 23:00:00,14.3,92.0,0.0,2.0,153.0,-0.9079809994790934,1.7820130483767358
2026-05-16 00:00:00,14.2,92.0,0.0,1.9,158.0,-0.7117525274902329,1.761649323676896
2026-05-16 01:00:00,13.8,94.0,0.0,2.2,166.0,-0.5322281703192692,2.1346505978071924
2026-05-16 02:00:00,14.2,96.0,0.0,3.3,158.0,-1.2362017582725098,3.0597067200703982
2026-05-16 03:00:00,13.8,93.0,0.0,1.9,158.0,-0.7117525274902329,1.761649323676896
2026-05-16 04:00:00,13.4,94.0,0.2,2.8,140.0,-1.7998053071223101,2.1449244407331385
2026-05-16 05:00:00,13.2,94.0,0.3,2.1,142.0,-1.2928890981838825,1.6548225825741163
2026-05-16 06:00:00,14.2,95.0,0.0,1.7000000000000002,139.0,-1.1153003492838622,1.2830062863787128
2026-05-16 07:00:00,15.3,98.0,0.2,1.5,76.0,-1.4554435894139948,-0.3628828433995013
2026-05-16 08:00:00,16.6,96.0,0.1,2.7,37.0,-1.6249005625105304,-2.1563158771276907
2026-05-16 09:00:00,17.8,91.0,0.2,3.9,344.0,1.0749856876862967,-3.7489206141594438
2026-05-16 10:00:00,19.2,80.0,0.3,6.9,329.0,3.553762716879374,-5.914454374844575
2026-05-16 11:00:00,19.0,83.0,1.1,8.6,323.0,5.175609199107615,-6.868265386406718
2026-05-16 12:00:00,19.1,84.0,1.4,10.7,330.0,5.3500000000000005,-9.266471820493493
2026-05-16 13:00:00,16.4,100.0,2.9,5.1,315.0,3.6062445840513924,-3.606244584051392
2026-05-16 14:00:00,16.1,94.0,1.7000000000000002,8.6,334.0,3.769991862386066,-7.729628798172836
2026-05-16 15:00:00,16.2,94.0,1.1,3.1,347.0,0.6973482684659813,-3.0205472008342293
2026-05-16 16:00:00,16.9,90.0,0.4,3.9,347.0,0.8773091119410732,-3.8000432526624173
2026-05-16 17:00:00,16.4,92.0,0.2,3.0,335.0,1.2678547852220983,-2.7189233611099497
2026-05-16 18:00:00,15.6,99.0,0.2,2.4,351.0,0.3754427160965542,-2.3704520174283306
2026-05-16 19:00:00,14.7,99.0,0.0,1.3,124.0,-1.0777488443215542,0.726950774511971
2026-05-16 20:00:00,14.5,98.0,0.0,2.2,138.0,-1.4720873339894882,1.6349186160502676
2026-05-16 21:00:00,13.8,98.0,0.0,1.3,124.0,-1.0777488443215542,0.726950774511971
2026-05-16 22:00:00,14.1,96.0,0.0,1.3,146.0,-0.7269507745119708,1.0777488443215544
2026-05-16 23:00:00,14.2,94.0,0.0,1.2,153.0,-0.544788599687456,1.0692078290260414
2026-05-17 00:00:00,13.7,96.0,0.0,1.8,143.0,-1.0832670416736871,1.4375439180851268
2026-05-17 01:00:00,13.6,96.0,0.0,1.5,159.0,-0.5375519243179504,1.4003706397458027
2026-05-17 02:00:00,13.5,98.0,0.0,1.8,156.0,-0.7321259575364405,1.6443818237566816
2026-05-17 03:00:00,13.3,99.0,0.0,0.2,180.0,1.2246467991473533e-17,0.2
2026-05-17 04:00:00,13.2,99.0,0.0,0.8,153.0,-0.36319239979163737,0.7128052193506944
2026-05-17 05:00:00,13.7,96.0,0.0,0.8,153.0,-0.36319239979163737,0.7128052193506944
2026-05-17 06:00:00,14.6,94.0,0.0,0.9,169.0,-0.17172809583889032,0.8834644651028976
2026-05-17 07:00:00,15.9,97.0,0.0,3.1,301.0,2.6572186321765483,-1.5966180322211678
2026-05-17 08:00:00,17.4,87.0,0.0,4.0,333.0,1.8159619989581872,-3.564026096753471
2026-05-17 09:00:00,18.5,77.0,0.0,5.6,331.0,2.7149338733794877,-4.897870359980616
2026-05-17 10:00:00,20.1,65.0,0.1,8.0,329.0,4.120304599280433,-6.857338405616899
2026-05-17 11:00:00,20.7,67.0,0.1,10.0,327.0,5.446390350150271,-8.386705679454241
2026-05-17 12:00:00,19.9,70.0,0.4,9.7,331.0,4.70265331638947,-8.483811159252138
2026-05-17 13:00:00,19.7,70.0,0.6,8.9,333.0,4.040515447681967,-7.929958065276474
2026-05-17 14:00:00,18.9,84.0,1.0,8.9,331.0,4.3148056201924,-7.784115393540622
2026-05-17 15:00:00,17.4,93.0,1.2,8.1,336.0,3.2945668089139817,-7.399718206905066
2026-05-17 16:00:00,16.2,95.0,2.6,7.1,336.0,2.8878301658381815,-6.486172749262466
2026-05-17 17:00:00,15.8,94.0,1.8,4.8,349.0,0.9158831778074156,-4.711810480548787
2026-05-17 18:00:00,15.4,99.0,0.8,4.0,18.0,-1.2360679774997902,-3.804226065180614
2026-05-17 19:00:00,14.9,100.0,0.2,1.7000000000000002,122.0,-1.4416817634659242,0.9008627491964484
2026-05-17 20:00:00,15.0,99.0,0.4,2.6,115.0,-2.3564002462952898,1.0988074805258188
2026-05-17 21:00:00,15.1,96.0,0.0,0.7000000000000001,104.0,-0.6792070083931976,0.16934532691976742
2026-05-17 22:00:00,14.9,94.0,0.0,0.0,270.0,0.0,0.0
2026-05-17 23:00:00,13.9,99.0,0.0,1.1,171.0,-0.17207791154425392,1.0864571746546516
2026-05-18 00:00:00,13.2,100.0,0.0,2.2,156.0,-0.8948206147667607,2.0098000068137223
2026-05-18 01:00:00,12.4,100.0,0.0,2.3,157.0,-0.8986815955253296,2.1171611629406124
2026-05-18 02:00:00,13.3,98.0,0.0,1.0,149.0,-0.5150380749100543,0.8571673007021123
2026-05-18 03:00:00,12.7,99.0,0.0,0.0,270.0,0.0,0.0
2026-05-18 04:00:00,12.5,100.0,0.0,0.30000000000000004,135.0,-0.21213203435596428,0.2121320343559643
2026-05-18 05:00:00,12.1,99.0,0.0,0.30000000000000004,135.0,-0.21213203435596428,0.2121320343559643
2026-05-18 06:00:00,12.7,99.0,0.0,0.30000000000000004,135.0,-0.21213203435596428,0.2121320343559643
2026-05-18 07:00:00,15.1,99.0,0.0,1.7000000000000002,347.0,0.3824167923845704,-1.6564291101349
2026-05-18 08:00:00,16.6,88.0,0.0,2.3,18.0,-0.7107390870623793,-2.1874299874788528
2026-05-18 09:00:00,18.5,77.0,0.0,5.1,318.0,3.412566092430177,-3.7900386099347103
2026-05-18 10:00:00,19.8,70.0,0.0,8.1,313.0,5.9239649831152805,-5.524186716506238
2026-05-18 11:00:00,19.7,74.0,0.4,10.3,316.0,7.154981215727672,-7.409199943488106
2026-05-18 12:00:00,18.4,84.0,0.9,7.3,308.0,5.75247850132907,-4.494328769877305
2026-05-18 13:00:00,18.2,85.0,0.9,6.7,297.0,5.969743712062065,-3.0417363482549633
2026-05-18 14:00:00,19.0,80.0,0.8,7.3,301.0,6.25732129512542,-3.7597779468433954
2026-05-18 15:00:00,18.8,77.0,0.5,7.6,298.0,6.710401705727845,-3.56798387717277
2026-05-18 16:00:00,18.0,82.0,0.2,7.1,304.0,5.886166765140795,-3.970269614642303
2026-05-18 17:00:00,16.8,87.0,0.2,5.8,306.0,4.692298567374695,-3.409154463296344
2026-05-18 18:00:00,15.7,96.0,0.0,3.7,293.0,3.4058679577740296,-1.445705175410313
2026-05-18 19:00:00,15.0,100.0,0.0,2.3,212.0,1.2188143077363711,1.9505106211597796
2026-05-18 20:00:00,13.9,98.0,0.0,3.8,197.0,1.1110124779463997,3.6339580726595346
2026-05-18 21:00:00,12.9,97.0,0.0,4.0,170.0,-0.6945927106677212,3.939231012048832
2026-05-18 22:00:00,12.1,98.0,0.0,4.8,158.0,-1.798111648396378,4.45048250192058
2026-05-18 23:00:00,11.2,98.0,0.0,4.6,159.0,-1.648492567908381,4.294469961887128
2026-05-19 00:00:00,11.1,96.0,0.0,3.4,155.0,-1.4369020899183778,3.08144647592461
2026-05-19 01:00:00,11.0,96.0,0.0,4.0,153.0,-1.8159619989581868,3.5640260967534716
2026-05-19 02:00:00,10.8,94.0,0.0,4.4,161.0,-1.4324998796114894,4.160281732636994
2026-05-19 03:00:00,10.4,95.0,0.0,3.1,152.0,-1.455361844636262,2.737137537862673
2026-05-19 04:00:00,10.2,93.0,0.0,3.3,151.0,-1.599871746812912,2.886245033560006
2026-05-19 05:00:00,10.3,91.0,0.0,3.9,156.0,-1.586272907995621,3.562827284806143
2026-05-19 06:00:00,12.5,83.0,0.0,4.0,159.0,-1.433471798181201,3.734321705988807
2026-05-19 07:00:00,16.9,76.0,0.0,4.2,239.0,3.600102662948872,2.1631599146222276
2026-05-19 08:00:00,19.3,63.0,0.0,5.3,280.0,5.2194810909647025,-0.9203353416347307
2026-05-19 09:00:00,20.0,66.0,0.0,7.9,303.0,6.62549748676885,-4.3026483766187145
2026-05-19 10:00:00,20.4,68.0,0.0,8.8,303.0,7.380300997919732,-4.792823508132239
2026-05-19 11:00:00,21.1,64.0,0.0,10.0,296.0,8.98794046299167,-4.383711467890774
2026-05-19 12:00:00,20.8,67.0,0.0,10.2,288.0,9.700776466210565,-3.1519733426244634
2026-05-19 13:00:00,20.9,65.0,0.0,10.4,285.0,10.045628593406311,-2.6917180690662157
2026-05-19 14:00:00,20.6,65.0,0.0,10.1,272.0,10.093847352892867,-0.3524849166952598
2026-05-19 15:00:00,20.0,69.0,0.0,9.6,282.0,9.390216967044534,-1.9959522318504896
2026-05-19 16:00:00,19.0,77.0,0.1,9.0,280.0,8.863269777109872,-1.562833599002373
2026-05-19 17:00:00,17.9,85.0,0.1,7.5,278.0,7.427010515561777,-1.0437982572004907
2026-05-19 18:00:00,16.7,93.0,0.0,6.1,270.0,6.1,0.0
2026-05-19 19:00:00,15.3,100.0,0.0,5.1,198.0,1.575986671312232,4.850388233105282
2026-05-19 20:00:00,15.1,98.0,0.0,3.9,156.0,-1.586272907995621,3.562827284806143
2026-05-19 21:00:00,14.3,97.0,0.0,3.1,156.0,-1.260883593534981,2.8319909186920627
2026-05-19 22:00:00,13.7,96.0,0.0,3.6,150.0,-1.7999999999999992,3.1176914536239795
2026-05-19 23:00:00,13.3,94.0,0.0,3.2,153.0,-1.4527695991665495,2.8512208774027776
2026-05-20 00:00:00,13.2,92.0,0.0,2.7,157.0,-1.0549740469210394,2.4853631043215887
2026-05-20 01:00:00,13.0,91.0,0.0,3.6,160.0,-1.2312725159724074,3.3828934348292705
2026-05-20 02:00:00,13.5,86.0,0.0,4.3,158.0,-1.6108083516884217,3.9868905746371857
2026-05-20 03:00:00,13.8,81.0,0.0,2.9,169.0,-0.5533460865919799,2.8467188319982255
2026-05-20 04:00:00,13.9,78.0,0.0,3.2,180.0,1.9594348786357652e-16,3.2
2026-05-20 05:00:00,13.7,76.0,0.0,2.9,173.0,-0.35342109587492737,2.878383839759834
2026-05-20 06:00:00,14.8,75.0,0.0,3.5,156.0,-1.423578250765301,3.197409101749103
2026-05-20 07:00:00,18.1,67.0,0.0,1.3,262.0,1.2873484893640414,0.18092503124808507
2026-05-20 08:00:00,20.3,58.0,0.0,1.7000000000000002,302.0,1.4416817634659242,-0.9008627491964484
2026-05-20 09:00:00,21.3,66.0,0.0,6.8,307.0,5.430721468321591,-4.0923421574339285
2026-05-20 10:00:00,21.3,73.0,0.1,8.6,296.0,7.729628798172836,-3.7699918623860653
2026-05-20 11:00:00,20.8,77.0,0.4,10.1,286.0,9.708743128977021,-2.7839372937516913
2026-05-20 12:00:00,21.0,77.0,0.5,10.5,276.0,10.44247990136687,-1.0975488643103615
2026-05-20 13:00:00,21.4,73.0,0.3,10.5,274.0,10.474422527728153,-0.7324429743133156
2026-05-20 14:00:00,22.2,63.0,0.5,10.7,254.0,10.285500146540011,2.949319707241891
2026-05-20 15:00:00,22.1,61.0,0.0,11.5,262.0,11.38808279052806,1.6004906610407525
2026-05-20 16:00:00,21.3,66.0,0.0,10.4,259.0,10.208922707855706,1.984413551916066
2026-05-20 17:00:00,19.9,77.0,0.0,8.6,259.0,8.441993777649909,1.6409573602382852
2026-05-20 18:00:00,18.5,88.0,0.0,5.8,265.0,5.777929248932124,0.5055033079364174
2026-05-20 19:00:00,16.1,96.0,0.0,6.3,182.0,0.2198668292257568,6.296162210220303
2026-05-20 20:00:00,16.4,89.0,0.0,6.8,182.0,0.23731657757700733,6.795857623729851
2026-05-20 21:00:00,16.5,79.0,0.0,7.4,206.0,3.243946486239173,6.651075942613836
2026-05-20 22:00:00,16.4,79.0,0.0,6.8,217.0,4.0923421574339285,5.430721468321591
2026-05-20 23:00:00,15.7,84.0,0.0,5.9,194.0,1.4273391840380394,5.7247447850283795
2026-05-21 00:00:00,15.1,87.0,0.0,5.8,173.0,-0.7068421917498547,5.756767679519668
2026-05-21 01:00:00,14.8,89.0,0.0,5.3,168.0,-1.1019319613341245,5.18418228388917
2026-05-21 02:00:00,15.3,86.0,0.0,6.0,170.0,-1.0418890660015818,5.908846518073248
2026-05-21 03:00:00,14.5,90.0,0.0,4.9,174.0,-0.5121894700115025,4.873157287304539
2026-05-21 04:00:00,14.4,90.0,0.0,5.2,164.0,-1.433314250248395,4.998560818879258
2026-05-21 05:00:00,14.3,90.0,0.0,4.7,157.0,-1.8364363038995868,4.326372811226469
2026-05-21 06:00:00,16.0,85.0,0.0,4.0,159.0,-1.433471798181201,3.734321705988807
2026-05-21 07:00:00,19.1,75.0,0.0,3.4,252.0,3.233592155403522,1.0506577808748212
2026-05-21 08:00:00,20.4,71.0,0.0,7.6,265.0,7.571079705497266,0.662383644882202
2026-05-21 09:00:00,20.6,73.0,0.5,8.8,272.0,8.794639277768043,-0.30711557098200853
2026-05-21 10:00:00,21.0,76.0,0.5,10.1,271.0,10.098461721079552,-0.17626930501656346
2026-05-21 11:00:00,21.0,76.0,0.3,10.3,272.0,10.293725518296688,-0.35946481603576
2026-05-21 12:00:00,20.9,78.0,0.4,10.9,279.0,10.765802912487002,-1.7051356689385164
2026-05-21 13:00:00,19.5,85.0,0.8,9.0,270.0,9.0,0.0
2026-05-21 14:00:00,20.2,81.0,0.3,9.0,255.0,8.693332436601615,2.3293714059226867
2026-05-21 15:00:00,19.6,78.0,0.5,8.4,259.0,8.245668340960378,1.6027955611629765
2026-05-21 16:00:00,19.4,81.0,0.2,6.9,256.0,6.695040511304376,1.6692610796377074
2026-05-21 17:00:00,18.9,88.0,0.1,6.1,272.0,6.096284044816484,-0.2128869298852559
2026-05-21 18:00:00,17.8,95.0,0.1,4.6,261.0,4.543366366737634,0.7195985391850619
2026-05-21 19:00:00,16.7,100.0,0.1,3.5,192.0,0.7276909178621581,3.4235166025683195
2026-05-21 20:00:00,17.2,96.0,0.3,4.4,187.0,0.536225110982649,4.367203067221817
2026-05-21 21:00:00,16.9,95.0,0.1,4.7,196.0,1.2954955723398962,4.517929970910099
2026-05-21 22:00:00,16.1,96.0,0.0,5.3,208.0,2.4881992827652213,4.679622242152313
2026-05-21 23:00:00,16.4,95.0,0.0,6.7,182.0,0.23382662790675723,6.695918541027941
2026-05-22 00:00:00,16.2,95.0,0.1,6.7,178.0,-0.2338266279067564,6.695918541027941
2026-05-22 01:00:00,16.5,91.0,0.0,6.2,197.0,1.812704569280968,5.9290894869708195
2026-05-22 02:00:00,17.0,89.0,0.0,7.2,194.0,1.7418376483176072,6.986129229187175
2026-05-22 03:00:00,16.1,92.0,0.0,6.0,209.0,2.9088577214780225,5.247718242836374
2026-05-22 04:00:00,15.7,97.0,1.2,7.4,167.0,-1.6646378021446013,7.2103384794107415
2026-05-22 05:00:00,15.6,97.0,1.4,5.1,186.0,0.5330951626650325,5.072061666378193
2026-05-22 06:00:00,16.1,97.0,1.7000000000000002,6.1,182.0,0.21288692988525657,6.096284044816484
2026-05-22 07:00:00,17.4,97.0,0.6,8.5,226.0,6.1143883028785355,5.904596148901477
2026-05-22 08:00:00,18.8,94.0,0.1,9.6,232.0,7.56490323462453,5.91035016312632
2026-05-22 09:00:00,20.6,81.0,0.0,11.1,253.0,10.614982791189693,3.245325922422378
2026-05-22 10:00:00,21.4,74.0,0.1,13.5,261.0,13.33379259803436,2.111865278043117
2026-05-22 11:00:00,21.6,72.0,0.1,14.4,261.0,14.222712104569984,2.2526562965793246
2026-05-22 12:00:00,19.7,80.0,1.0,13.0,259.0,12.761153384819632,2.4805169398950824
2026-05-22 13:00:00,19.7,88.0,0.8,9.2,250.0,8.645172111230357,3.146585318596152
2026-05-22 14:00:00,21.7,72.0,0.7000000000000001,12.0,258.0,11.737771208805668,2.494940289813112
2026-05-22 15:00:00,20.1,79.0,0.5,9.0,250.0,8.457233587073176,3.0781812899310186
2026-05-22 16:00:00,19.8,84.0,0.2,8.0,260.0,7.878462024097664,1.3891854213354426
2026-05-22 17:00:00,18.9,88.0,0.0,8.2,230.0,6.281564433575619,5.270858399429621
2026-05-22 18:00:00,18.6,88.0,0.0,5.7,221.0,3.739536465245892,4.301844607269801
2026-05-22 19:00:00,17.4,91.0,0.0,6.9,187.0,0.8408984694955177,6.848568446325122
2026-05-22 20:00:00,17.7,88.0,0.0,7.4,183.0,0.3872860761977854,7.389858557183847
2026-05-22 21:00:00,17.3,87.0,0.0,6.3,183.0,0.329716524330547,6.291366068953815
2026-05-22 22:00:00,17.6,86.0,0.0,6.6,193.0,1.4846769586695083,6.430842427582553
2026-05-22 23:00:00,17.5,87.0,0.0,6.4,190.0,1.1113483370683548,6.3027696192781315
2026-05-23 00:00:00,17.4,86.0,0.0,6.9,200.0,2.359938988947115,6.483879083422767
2026-05-23 01:00:00,17.0,85.0,0.0,6.3,195.0,1.6305599841458807,6.085332705621131
2026-05-23 02:00:00,17.2,85.0,0.0,7.6,187.0,0.9262070098791209,7.543350752474047
2026-05-23 03:00:00,16.2,87.0,0.0,6.7,200.0,2.291534960281981,6.295940559265586
2026-05-23 04:00:00,15.7,89.0,0.0,6.9,171.0,-1.0793978087775926,6.815049550106451
2026-05-23 05:00:00,15.6,90.0,0.0,7.3,163.0,-2.1343134444759775,6.9810247185301595
2026-05-23 06:00:00,17.4,83.0,0.0,7.4,181.0,0.12914780763589864,7.398872944157295
2026-05-23 07:00:00,19.4,67.0,0.0,10.5,229.0,7.924450592339106,6.888619804400326
2026-05-23 08:00:00,18.7,75.0,0.0,11.9,214.0,6.654395551301887,9.865547113404997
2026-05-23 09:00:00,21.4,57.0,0.0,12.2,237.0,10.231780928934173,6.64459622718333
2026-05-23 10:00:00,23.2,51.0,0.0,13.0,244.0,11.684322601889171,5.698824908258006
2026-05-23 11:00:00,23.7,50.0,0.0,15.5,252.0,14.74137600257488,4.789763412811685
2026-05-23 12:00:00,23.7,53.0,0.2,16.2,251.0,15.317400924708933,5.274204102205938
2026-05-23 13:00:00,24.5,51.0,0.0,14.1,251.0,13.331811915950368,4.590510977845909
2026-05-23 14:00:00,22.3,60.0,0.0,10.7,245.0,9.697493321292153,4.522015400625484
2026-05-23 15:00:00,22.8,59.0,0.0,11.6,258.0,11.346512168512145,2.411775613486008
2026-05-23 16:00:00,22.6,62.0,0.0,10.1,258.0,9.879290767411437,2.0999080772593692
2026-05-23 17:00:00,21.3,73.0,0.0,7.5,260.0,7.3860581475915605,1.3023613325019774
2026-05-23 18:00:00,19.6,86.0,0.0,4.1,236.0,3.3990540474756705,2.2926909042300623
2026-05-23 19:00:00,17.1,91.0,0.0,5.1,163.0,-1.4910956940859568,4.877154255411481
2026-05-23 20:00:00,17.4,82.0,0.0,4.2,160.0,-1.4364846019678086,3.9467090073008158
2026-05-23 21:00:00,17.1,76.0,0.0,2.9,169.0,-0.5533460865919799,2.8467188319982255
2026-05-23 22:00:00,17.1,71.0,0.0,3.2,164.0,-0.882039538614397,3.0760374270026207
2026-05-23 23:00:00,16.6,69.0,0.0,2.0,153.0,-0.9079809994790934,1.7820130483767358
2026-05-24 00:00:00,16.4,67.0,0.0,1.9,146.0,-1.0624665165944187,1.5751713878545792
2026-05-24 01:00:00,16.1,66.0,0.0,2.0,153.0,-0.9079809994790934,1.7820130483767358
2026-05-24 02:00:00,16.1,64.0,0.0,3.1,152.0,-1.455361844636262,2.737137537862673
2026-05-24 03:00:00,17.3,58.0,0.0,1.3,164.0,-0.3583285625620988,1.2496402047198145
2026-05-24 04:00:00,17.2,58.0,0.0,1.1,162.0,-0.3399186938124421,1.046162167924669
2026-05-24 05:00:00,16.4,60.0,0.0,1.5,150.0,-0.7499999999999997,1.299038105676658
2026-05-24 06:00:00,17.2,64.0,0.0,2.7,157.0,-1.0549740469210394,2.4853631043215887
2026-05-24 07:00:00,20.2,68.0,0.0,3.9,164.0,-1.0749856876862962,3.7489206141594438
2026-05-24 08:00:00,22.7,45.0,0.0,2.7,247.0,2.485363104321589,1.0549740469210394
2026-05-24 09:00:00,23.9,49.0,0.0,7.8,277.0,7.741859982802311,-0.9505808785601503
2026-05-24 10:00:00,24.2,53.0,0.0,9.7,274.0,9.676371287520293,-0.6766377953180154
2026-05-24 11:00:00,22.9,62.0,0.0,9.2,259.0,9.030970087718508,1.755442757464212
2026-05-24 12:00:00,23.6,56.0,0.0,10.8,260.0,10.635923732531847,1.8754003188028476
2026-05-24 13:00:00,24.7,43.0,0.0,10.9,251.0,10.306152474032555,3.548692883583008
2026-05-24 14:00:00,22.3,59.0,0.0,7.0,235.0,5.7340643100229425,4.015035054457322
2026-05-24 15:00:00,22.5,55.0,0.0,8.7,248.0,8.066499534731049,3.2590773627184344
2026-05-24 16:00:00,23.1,56.0,0.0,10.2,260.0,10.045039080724521,1.7712114122026892
2026-05-24 17:00:00,21.9,70.0,0.0,7.4,252.0,7.037818220584136,2.286725758374611
2026-05-24 18:00:00,20.3,85.0,0.0,3.7,219.0,2.328485446884399,2.8754400573907923
2026-05-24 19:00:00,17.8,87.0,0.0,4.3,163.0,-1.2571983303077676,4.112110450641053
2026-05-24 20:00:00,17.9,82.0,0.0,4.8,155.0,-2.0285676563553565,4.35027737777592
2026-05-24 21:00:00,17.5,74.0,0.0,3.3,167.0,-0.7423384793347546,3.2154212137912763
2026-05-24 22:00:00,18.3,65.0,0.0,2.9,176.0,-0.20229377385796346,2.89293574575349
2026-05-24 23:00:00,17.7,64.0,0.0,2.8,165.0,-0.7246933262870583,2.7045923136093912
2026-05-25 00:00:00,17.2,63.0,0.0,2.9,158.0,-1.086359120906145,2.6888331782436836
2026-05-25 01:00:00,16.1,66.0,0.0,4.1,157.0,-1.6019976268060223,3.7740698991550046
2026-05-25 02:00:00,16.3,67.0,0.0,4.4,150.0,-2.1999999999999993,3.8105117766515306
2026-05-25 03:00:00,16.8,64.0,0.0,2.4,163.0,-0.701692091334568,2.2951314143112853
2026-05-25 04:00:00,16.0,67.0,0.0,3.6,162.0,-1.1124611797498105,3.423803458662553
2026-05-25 05:00:00,15.2,70.0,0.0,5.5,157.0,-2.149021206691006,5.062776693988422
2026-05-25 06:00:00,16.4,71.0,0.0,5.6,149.0,-2.8842132194963037,4.800136883931828
2026-05-25 07:00:00,21.4,68.0,0.0,4.3,178.0,-0.15006783582075411,4.2973805561821115
2026-05-25 08:00:00,23.1,49.0,0.0,5.6,239.0,4.800136883931828,2.8842132194963033
2026-05-25 09:00:00,24.0,51.0,0.0,8.7,253.0,8.319851376878407,2.5436338310878095
2026-05-25 10:00:00,25.0,50.0,0.0,10.2,256.0,9.897016408015164,2.467603335116611
2026-05-25 11:00:00,25.3,50.0,0.0,11.9,256.0,11.546519142684359,2.8788705576360463
2026-05-25 12:00:00,25.6,43.0,0.0,14.9,253.0,14.248940863849228,4.356338400368778
2026-05-25 13:00:00,25.6,41.0,0.0,14.9,249.0,13.910348354808306,5.339682448224974
2026-05-25 14:00:00,24.9,45.0,0.0,14.8,246.0,13.520472773110493,6.019702317521843
2026-05-25 15:00:00,24.5,48.0,0.0,13.0,243.0,11.583084814448783,5.901876496614108
2026-05-25 16:00:00,23.9,50.0,0.0,10.9,241.0,9.533354807819414,5.284424860685074
2026-05-25 17:00:00,22.5,60.0,0.0,8.5,235.0,6.96279237645643,4.875399708983892
2026-05-25 18:00:00,20.4,71.0,0.0,6.8,198.0,2.1013155617496424,6.467184310807044
2026-05-25 19:00:00,18.0,71.0,0.0,6.6,164.0,-1.8192065483921938,6.344327193192904
2026-05-25 20:00:00,18.8,55.0,0.0,8.1,168.0,-1.6840846956238507,7.922995565943825
2026-05-25 21:00:00,17.5,56.0,0.0,4.3,165.0,-1.1129218939408396,4.153481053042993
2026-05-25 22:00:00,17.6,54.0,0.0,4.8,169.0,-0.915883177807415,4.711810480548787
2026-05-25 23:00:00,16.9,56.0,0.0,3.8,163.0,-1.1110124779463992,3.633958072659535
2026-05-26 00:00:00,16.5,58.0,0.0,2.9,158.0,-1.086359120906145,2.6888331782436836
2026-05-26 01:00:00,16.3,59.0,0.0,3.0,155.0,-1.267854785222098,2.71892336110995
2026-05-26 02:00:00,16.2,62.0,0.0,5.9,160.0,-2.0179188456214456,5.54418646263686
2026-05-26 03:00:00,15.7,64.0,0.0,4.0,162.0,-1.2360679774997894,3.8042260651806146
2026-05-26 04:00:00,15.3,65.0,0.0,5.4,166.0,-1.3063782362382061,5.2395969218903815
2026-05-26 05:00:00,14.8,68.0,0.0,6.6,164.0,-1.8192065483921938,6.344327193192904
2026-05-26 06:00:00,16.4,69.0,0.0,7.8,158.0,-2.9219314286441143,7.232034065620942
2026-05-26 07:00:00,21.5,63.0,0.0,7.4,177.0,-0.38728607619778443,7.389858557183847
2026-05-26 08:00:00,23.7,40.0,0.0,10.2,228.0,7.580077219869421,6.825132184860354
2026-05-26 09:00:00,24.4,39.0,0.0,11.4,247.0,10.493755329357821,4.454334864777721
2026-05-26 10:00:00,25.0,40.0,0.0,12.9,245.0,11.691370452772784,5.451775576455023
2026-05-26 11:00:00,25.2,42.0,0.0,14.7,247.0,13.531421345750873,5.743747588792324
2026-05-26 12:00:00,25.0,43.0,0.0,16.3,243.0,14.523406344270397,7.400045145754612
2026-05-26 13:00:00,25.0,44.0,0.0,15.1,242.0,13.332508652169798,7.089020598066951
2026-05-26 14:00:00,24.7,45.0,0.0,15.0,244.0,13.481910694487505,6.5755672018361615
2026-05-26 15:00:00,23.9,48.0,0.0,13.7,242.0,12.0963820221673,6.431760410166704
2026-05-26 16:00:00,23.2,52.0,0.0,11.8,245.0,10.69443188703247,4.986895488540254
2026-05-26 17:00:00,22.0,65.0,0.0,9.6,236.0,7.958760696528399,5.36825187331917
2026-05-26 18:00:00,20.1,75.0,0.0,7.8,203.0,3.047702802216335,7.179937856929035
2026-05-26 19:00:00,18.0,80.0,0.0,8.4,173.0,-1.0237024846032379,8.337387673787106
2026-05-26 20:00:00,17.6,84.0,0.0,9.3,162.0,-2.8738580476870106,8.84482560154493
2026-05-26 21:00:00,16.7,87.0,0.0,7.4,162.0,-2.2867257583746103,7.037818220584137
2026-05-26 22:00:00,17.0,79.0,0.0,7.0,167.0,-1.5746573804070552,6.820590453496647
2026-05-26 23:00:00,16.6,75.0,0.0,6.3,167.0,-1.4171916423663498,6.1385314081469815
2026-05-27 00:00:00,16.6,72.0,0.0,6.6,164.0,-1.8192065483921938,6.344327193192904
2026-05-27 01:00:00,16.2,69.0,0.0,6.0,163.0,-1.75423022833642,5.737828535778213
2026-05-27 02:00:00,17.5,60.0,0.0,7.7,155.0,-3.254160615403385,6.978569960182205
2026-05-27 03:00:00,17.5,59.0,0.0,3.4,155.0,-1.4369020899183778,3.08144647592461
2026-05-27 04:00:00,17.6,58.0,0.0,3.6,162.0,-1.1124611797498105,3.423803458662553
2026-05-27 05:00:00,17.0,59.0,0.0,4.1,165.0,-1.0611580849203355,3.96029588778518
2026-05-27 06:00:00,18.2,64.0,0.0,4.8,165.0,-1.2423314164921,4.636443966187528
2026-05-27 07:00:00,22.2,66.0,0.0,4.7,176.0,-0.3278554265973891,4.688551036221174
2026-05-27 08:00:00,24.1,42.0,0.0,7.2,231.0,5.5954509224901905,4.53110681555883
2026-05-27 09:00:00,25.1,40.0,0.0,7.9,259.0,7.754854749236546,1.507391063474704
2026-05-27 10:00:00,25.5,43.0,0.0,10.8,266.0,10.773691742806102,0.7533699164365533
2026-05-27 11:00:00,25.4,51.0,0.0,13.3,267.0,13.281772812235833,0.696068218031153
2026-05-27 12:00:00,25.1,55.0,0.0,14.5,259.0,14.233594159991128,2.7667304329599
2026-05-27 13:00:00,25.3,52.0,0.0,14.2,258.0,13.88969593042004,2.9523460096121825
2026-05-27 14:00:00,24.9,54.0,0.0,13.2,256.0,12.807903586843153,3.193369021915614
2026-05-27 15:00:00,24.6,57.0,0.0,12.0,258.0,11.737771208805668,2.494940289813112
2026-05-27 16:00:00,24.2,51.0,0.0,9.6,256.0,9.314838972249566,2.32245019775681
2026-05-27 17:00:00,23.0,61.0,0.0,6.3,267.0,6.291366068953815,0.32971652433054616
2026-05-27 18:00:00,20.7,82.0,0.0,3.7,235.0,3.03086256386927,2.1222328144988705
2026-05-27 19:00:00,19.4,80.0,0.0,4.5,175.0,-0.39220084236446207,4.482876141412855
2026-05-27 20:00:00,18.5,79.0,0.0,3.6,174.0,-0.3763024677635528,3.580278823325784
2026-05-27 21:00:00,18.6,72.0,0.0,2.5,176.0,-0.1743911843603133,2.4939101256495606
2026-05-27 22:00:00,18.8,66.0,0.0,2.5,188.0,0.34793275240016364,2.475670171853926
2026-05-27 23:00:00,17.6,68.0,0.0,3.2,180.0,1.9594348786357652e-16,3.2
2026-05-28 00:00:00,16.2,72.0,0.0,3.9,164.0,-1.0749856876862962,3.7489206141594438
2026-05-28 01:00:00,15.7,73.0,0.0,3.1,156.0,-1.260883593534981,2.8319909186920627
2026-05-28 02:00:00,17.4,69.0,0.0,1.4,157.0,-0.5470235798849833,1.2887067948334163
2026-05-28 03:00:00,16.8,71.0,0.0,2.2,180.0,1.3471114790620887e-16,2.2
2026-05-28 04:00:00,16.2,74.0,0.0,2.3,162.0,-0.7107390870623789,2.187429987478853
2026-05-28 05:00:00,16.4,74.0,0.0,1.2,153.0,-0.544788599687456,1.0692078290260414
2026-05-28 06:00:00,17.8,77.0,0.0,2.2,166.0,-0.5322281703192692,2.1346505978071924
2026-05-28 07:00:00,20.2,70.0,0.0,3.5,208.0,1.643150469750618,3.090316575006244
2026-05-28 08:00:00,22.7,54.0,0.0,5.6,268.0,5.596588631306936,0.1954371815340054
2026-05-28 09:00:00,23.1,57.0,0.0,7.0,293.0,6.4435339741670825,-2.7351178994249166
2026-05-28 10:00:00,23.8,56.0,0.3,10.4,302.0,8.81970020002683,-5.5111603480253315
2026-05-28 11:00:00,23.6,59.0,0.6,9.8,301.0,8.400239546880702,-5.047373134118531
2026-05-28 12:00:00,22.8,62.0,0.1,7.2,283.0,7.015464466453694,-1.6196475912758281
2026-05-28 13:00:00,22.2,65.0,0.0,8.0,275.0,7.969557584733964,-0.6972459419812653
2026-05-28 14:00:00,23.9,60.0,0.0,9.8,288.0,9.320353859692505,-3.0283665448744848
2026-05-28 15:00:00,22.2,66.0,0.3,7.8,278.0,7.724090936184249,-1.0855501874885103
2026-05-28 16:00:00,21.3,74.0,0.1,7.4,273.0,7.389858557183847,-0.3872860761977844
2026-05-28 17:00:00,20.7,80.0,0.0,6.2,278.0,6.139662026197737,-0.8628732259524058
2026-05-28 18:00:00,19.5,91.0,0.0,3.4,276.0,3.381374444252129,-0.35539677511002177
2026-05-28 19:00:00,17.6,98.0,0.0,3.2,177.0,-0.1674750599774203,3.1956145112146364
2026-05-28 20:00:00,17.5,95.0,0.0,3.4,162.0,-1.050657780874821,3.2335921554035223
2026-05-28 21:00:00,16.7,94.0,0.0,3.8,169.0,-0.7250741824308702,3.730183297101123
2026-05-28 22:00:00,17.0,88.0,0.0,2.9,187.0,0.3534210958749277,2.8783838397598336
2026-05-28 23:00:00,16.2,90.0,0.0,4.0,172.0,-0.5566924038402614,3.9610722749662814
2026-05-29 00:00:00,15.5,89.0,0.0,4.1,165.0,-1.0611580849203355,3.96029588778518
2026-05-29 01:00:00,15.4,86.0,0.0,3.3,171.0,-0.5162337346327617,3.2593715239639547
2026-05-29 02:00:00,15.4,86.0,0.0,3.4,155.0,-1.4369020899183778,3.08144647592461
2026-05-29 03:00:00,15.2,87.0,0.0,3.1,170.0,-0.538309350767484,3.052904034337845
2026-05-29 04:00:00,15.5,85.0,0.0,3.4,174.0,-0.3553967751100221,3.381374444252129
2026-05-29 05:00:00,15.5,85.0,0.0,2.4,193.0,0.5398825304252758,2.3384881554845647
2026-05-29 06:00:00,17.1,82.0,0.0,5.9,192.0,1.226678975824781,5.771070844329453
2026-05-29 07:00:00,19.6,77.0,0.1,3.8,281.0,3.730183297101123,-0.7250741824308702
2026-05-29 08:00:00,21.0,73.0,0.0,6.3,285.0,6.085332705621131,-1.6305599841458807
2026-05-29 09:00:00,21.4,64.0,0.5,8.2,302.0,6.953994388482692,-4.34533796671228
2026-05-29 10:00:00,21.9,68.0,0.6,7.6,301.0,6.5144714853360535,-3.9142893693164114
2026-05-29 11:00:00,20.8,77.0,1.1,5.4,312.0,4.012982057577929,-3.6133052743378347
2026-05-29 12:00:00,22.2,78.0,0.2,5.7,311.0,4.301844607269801,-3.739536465245892
2026-05-29 13:00:00,22.9,77.0,0.1,7.2,323.0,4.333068166694749,-5.750175672340508
2026-05-29 14:00:00,21.2,78.0,3.1,7.8,328.0,4.133370261018998,-6.614775150020122
2026-05-29 15:00:00,20.0,92.0,0.9,1.3,344.0,0.35832856256209894,-1.2496402047198145
2026-05-29 16:00:00,19.0,99.0,1.3,4.0,357.0,0.20934382497177587,-3.9945181390182953
2026-05-29 17:00:00,19.0,100.0,0.7000000000000001,4.7,7.0,-0.5727859140041918,-4.664966912714214
2026-05-29 18:00:00,18.3,100.0,0.5,3.4,32.0,-1.801725498392897,-2.883363526931848
2026-05-29 19:00:00,17.5,98.0,0.8,2.2,104.0,-2.1346505978071924,0.5322281703192691
2026-05-29 20:00:00,16.8,98.0,0.1,2.9,120.0,-2.511473670974872,1.4499999999999997
2026-05-29 21:00:00,16.7,97.0,0.4,3.6,90.0,-3.6,4.4087284769304716e-16
2026-05-29 22:00:00,16.6,95.0,1.0,3.1,118.0,-2.7371375378626737,1.4553618446362613
2026-05-29 23:00:00,16.7,95.0,0.1,1.8,127.0,-1.4375439180851273,1.0832670416736867
2026-05-30 00:00:00,16.7,93.0,0.0,1.4,113.0,-1.2887067948334165,0.5470235798849833
2026-05-30 01:00:00,16.6,95.0,0.0,0.8,117.0,-0.7128052193506943,0.36319239979163753
2026-05-30 02:00:00,16.5,94.0,0.0,0.8,117.0,-0.7128052193506943,0.36319239979163753
2026-05-30 03:00:00,15.5,97.0,0.0,3.1,93.0,-3.0957515577391788,0.1622414643531258
2026-05-30 04:00:00,15.2,97.0,0.0,3.6,123.0,-3.019214044603526,1.9607005260540984
2026-05-30 05:00:00,15.0,98.0,0.0,3.9,137.0,-2.6597936042437436,2.852279436314765
2026-05-30 06:00:00,16.0,97.0,0.0,3.4,137.0,-2.3187944242124945,2.48660258550518
2026-05-30 07:00:00,18.4,99.0,0.0,2.0,27.0,-0.9079809994790938,-1.7820130483767356
2026-05-30 08:00:00,19.9,88.0,0.0,3.8,319.0,2.4930243101639276,-2.8678964048465336
2026-05-30 09:00:00,20.4,75.0,0.2,6.2,327.0,3.376762017093168,-5.199757521261629
2026-05-30 10:00:00,20.3,78.0,1.4,6.8,333.0,3.0871353982289182,-6.058844364480901
2026-05-30 11:00:00,18.1,95.0,1.8,5.6,339.0,2.006860517453682,-5.22805038838433
2026-05-30 12:00:00,18.7,97.0,1.3,6.8,338.0,2.5473248352282014,-6.304850211054155
2026-05-30 13:00:00,17.8,99.0,3.5,7.7,342.0,2.3794308566870956,-7.323135175472682
2026-05-30 14:00:00,17.4,100.0,3.9,6.6,351.0,1.032467469265524,-6.518743047927909
2026-05-30 15:00:00,17.3,99.0,1.6,7.2,342.0,2.224922359499622,-6.8476069173251055
2026-05-30 16:00:00,17.2,95.0,1.1,6.8,348.0,1.4137994975607642,-6.651403684989877
2026-05-30 17:00:00,17.1,95.0,0.2,5.0,13.0,-1.1247552717193263,-4.871850323926176
2026-05-30 18:00:00,17.3,97.0,0.0,5.0,60.0,-4.330127018922193,-2.5000000000000004
2026-05-30 19:00:00,16.7,98.0,0.0,5.5,109.0,-5.200352165796243,1.7906248495143613
2026-05-30 20:00:00,17.4,90.0,0.0,2.0,90.0,-2.0,2.4492935982947064e-16
2026-05-30 21:00:00,17.1,87.0,0.0,1.8,90.0,-1.8,2.2043642384652358e-16
2026-05-30 22:00:00,15.8,91.0,0.0,0.4,153.0,-0.18159619989581868,0.3564026096753472
2026-05-30 23:00:00,15.1,94.0,0.0,1.1,162.0,-0.3399186938124421,1.046162167924669
2026-05-31 00:00:00,15.2,93.0,0.0,1.0,158.0,-0.37460659341591207,0.9271838545667874
2026-05-31 01:00:00,14.7,94.0,0.0,1.3,164.0,-0.3583285625620988,1.2496402047198145
2026-05-31 02:00:00,14.8,95.0,0.0,0.6000000000000001,146.0,-0.33551574208244805,0.4974225435330251
2026-05-31 03:00:00,14.5,94.0,0.0,1.9,131.0,-1.4339482024232668,1.2465121550819638
2026-05-31 04:00:00,14.3,94.0,0.0,2.5,135.0,-1.7677669529663687,1.7677669529663689
2026-05-31 05:00:00,14.4,91.0,0.0,2.2,125.0,-1.8021344974357822,1.2618681599723012
2026-05-31 06:00:00,16.0,89.0,0.0,3.7,113.0,-3.4058679577740296,1.445705175410313
2026-05-31 07:00:00,17.7,93.0,0.0,3.6,45.0,-2.545584412271572,-2.545584412271571
2026-05-31 08:00:00,19.2,84.0,0.0,4.7,360.0,2.8779199779962803e-16,-4.7
2026-05-31 09:00:00,20.7,76.0,0.0,7.8,356.0,0.5441004952041768,-7.780999592026628
2026-05-31 10:00:00,21.1,75.0,0.1,9.4,357.0,0.4919579886836733,-9.387117626692994
2026-05-31 11:00:00,21.1,76.0,0.2,9.4,1.0,-0.16405262051046487,-9.398568334470077
2026-05-31 12:00:00,21.4,74.0,0.1,9.7,360.0,5.939536975864663e-16,-9.7
2026-05-31 13:00:00,21.6,72.0,0.2,9.7,1.0,-0.16928834244164992,-9.698522643016995
2026-05-31 14:00:00,21.1,76.0,0.3,10.5,357.0,0.5495275405509117,-10.485610114923025
2026-05-31 15:00:00,20.8,77.0,0.0,9.5,9.0,-1.4861274178821948,-9.383039235653808
2026-05-31 16:00:00,20.5,76.0,0.0,7.8,9.0,-1.220188827313802,-7.703969056642074
2026-05-31 17:00:00,19.6,82.0,0.0,6.6,16.0,-1.8192065483921926,-6.344327193192905
2026-05-31 18:00:00,18.2,90.0,0.0,5.6,33.0,-3.049978596084151,-4.696555180494374
2026-05-31 19:00:00,16.4,98.0,0.0,7.3,101.0,-7.165878439167947,1.3929056662487782
2026-05-31 20:00:00,16.9,93.0,0.0,4.8,105.0,-4.636443966187527,1.2423314164921009
2026-05-31 21:00:00,16.3,81.0,0.0,5.8,97.0,-5.756767679519667,0.7068421917498557
2026-05-31 22:00:00,16.6,70.0,0.0,5.3,98.0,-5.248420764330323,0.7376174350883462
2026-05-31 23:00:00,17.3,63.0,0.0,3.6,96.0,-3.580278823325784,0.37630246776355347
2026-06-01 00:00:00,17.2,62.0,0.0,3.5,102.0,-3.42351660256832,0.7276909178621576
2026-06-01 01:00:00,16.9,62.0,0.0,2.8,105.0,-2.704592313609391,0.7246933262870588
2026-06-01 02:00:00,17.0,63.0,0.0,0.9,101.0,-0.8834644651028976,0.17172809583889048
2026-06-01 03:00:00,15.9,66.0,0.0,1.5,111.0,-1.4003706397458027,0.5375519243179503
2026-06-01 04:00:00,16.0,66.0,0.0,0.5,135.0,-0.35355339059327373,0.3535533905932738
2026-06-01 05:00:00,15.8,67.0,0.0,0.30000000000000004,135.0,-0.21213203435596428,0.2121320343559643
2026-06-01 06:00:00,17.3,70.0,0.0,0.9,90.0,-0.9,1.1021821192326179e-16
2026-06-01 07:00:00,18.1,65.0,0.0,1.7000000000000002,347.0,0.3824167923845704,-1.6564291101349
2026-06-01 08:00:00,20.0,59.0,0.0,5.0,339.0,1.791839747726502,-4.667902132486009
2026-06-01 09:00:00,20.8,57.0,0.0,7.1,326.0,3.970269614642302,-5.886166765140796
2026-06-01 10:00:00,21.6,56.0,0.0,8.3,326.0,4.641301098807199,-6.881011852206847
2026-06-01 11:00:00,22.0,59.0,0.0,9.9,325.0,5.678406719875357,-8.109605238461018
2026-06-01 12:00:00,22.0,64.0,0.0,9.9,325.0,5.678406719875357,-8.109605238461018
2026-06-01 13:00:00,22.3,66.0,0.0,8.5,328.0,4.504313745982242,-7.20840881732962
2026-06-01 14:00:00,21.9,68.0,0.0,8.5,328.0,4.504313745982242,-7.20840881732962
2026-06-01 15:00:00,21.4,69.0,0.0,7.7,327.0,4.193720569615708,-6.457763373179765
2026-06-01 16:00:00,20.5,74.0,0.0,6.4,324.0,3.761825614671828,-5.177708763999664
2026-06-01 17:00:00,19.8,80.0,0.0,5.0,319.0,3.2802951449525364,-3.77354790111386
2026-06-01 18:00:00,18.5,91.0,0.0,2.3,315.0,1.6263455967290592,-1.626345596729059
2026-06-01 19:00:00,16.4,99.0,0.0,1.0,158.0,-0.37460659341591207,0.9271838545667874
2026-06-01 20:00:00,16.6,95.0,0.0,0.30000000000000004,135.0,-0.21213203435596428,0.2121320343559643
2026-06-01 21:00:00,16.3,92.0,0.0,0.4,153.0,-0.18159619989581868,0.3564026096753472
2026-06-01 22:00:00,15.6,92.0,0.0,0.6000000000000001,146.0,-0.33551574208244805,0.4974225435330251
2026-06-01 23:00:00,14.6,93.0,0.0,2.3,157.0,-0.8986815955253296,2.1171611629406124
2026-06-02 00:00:00,14.0,92.0,0.0,3.2,161.0,-1.0418180942629014,3.025659441917814
2026-06-02 01:00:00,13.3,94.0,0.0,3.5,156.0,-1.423578250765301,3.197409101749103
2026-06-02 02:00:00,13.6,93.0,0.0,3.7,151.0,-1.793795594911447,3.236092916415765
2026-06-02 03:00:00,12.9,96.0,0.0,4.7,162.0,-1.4523798735622526,4.469965626587222
2026-06-02 04:00:00,12.7,93.0,0.0,4.3,163.0,-1.2571983303077676,4.112110450641053
2026-06-02 05:00:00,12.6,89.0,0.0,4.4,161.0,-1.4324998796114894,4.160281732636994
2026-06-02 06:00:00,14.6,82.0,0.0,4.0,162.0,-1.2360679774997894,3.8042260651806146
2026-06-02 07:00:00,19.0,71.0,0.0,3.3,261.0,3.2593715239639547,0.5162337346327618
2026-06-02 08:00:00,20.5,65.0,0.0,5.9,297.0,5.256938492711371,-2.678543948463326
2026-06-02 09:00:00,21.1,70.0,0.0,8.5,302.0,7.20840881732962,-4.504313745982242
2026-06-02 10:00:00,22.0,69.0,0.0,9.9,297.0,8.820964589464843,-4.494505947421513
2026-06-02 11:00:00,21.7,71.0,0.2,10.4,296.0,9.347458081511338,-4.559059926606405
2026-06-02 12:00:00,21.3,73.0,0.3,9.6,293.0,8.836846593143427,-3.751018833497028
2026-06-02 13:00:00,21.4,72.0,0.3,9.8,293.0,9.020947563833916,-3.8291650591948834
2026-06-02 14:00:00,21.6,71.0,0.4,9.2,287.0,8.798003754859925,-2.689819683449178
2026-06-02 15:00:00,20.9,75.0,0.1,10.5,287.0,10.041199937611871,-3.069902899588736
2026-06-02 16:00:00,19.7,83.0,0.3,10.6,285.0,10.238813758664124,-2.74348187808672
2026-06-02 17:00:00,19.8,84.0,0.1,8.3,286.0,7.978472076288048,-2.287790053281093
2026-06-02 18:00:00,18.7,92.0,0.0,5.1,280.0,5.022519540362261,-0.8856057061013446
2026-06-02 19:00:00,16.8,99.0,0.0,3.6,180.0,2.2043642384652358e-16,3.6
2026-06-02 20:00:00,16.9,96.0,0.0,3.7,166.0,-0.8951110137187709,3.590094187221187
2026-06-02 21:00:00,16.2,92.0,0.0,3.3,171.0,-0.5162337346327617,3.2593715239639547
2026-06-02 22:00:00,15.5,92.0,0.0,3.5,165.0,-0.905866657858823,3.380740392011739
2026-06-02 23:00:00,14.9,91.0,0.0,4.6,162.0,-1.4214781741247577,4.374859974957706
2026-06-03 00:00:00,14.6,91.0,0.0,4.4,161.0,-1.4324998796114894,4.160281732636994
2026-06-03 01:00:00,14.4,93.0,0.0,4.3,158.0,-1.6108083516884217,3.9868905746371857
2026-06-03 02:00:00,14.3,95.0,0.0,3.7,151.0,-1.793795594911447,3.236092916415765
2026-06-03 03:00:00,14.0,97.0,0.0,2.4,153.0,-1.089577199374912,2.138415658052083
2026-06-03 04:00:00,14.1,97.0,0.0,1.6,153.0,-0.7263847995832747,1.4256104387013888
2026-06-03 05:00:00,14.2,96.0,0.0,1.5,150.0,-0.7499999999999997,1.299038105676658
2026-06-03 06:00:00,16.0,88.0,0.0,1.3,146.0,-0.7269507745119708,1.0777488443215544
2026-06-03 07:00:00,19.7,78.0,0.0,0.9,323.0,0.5416335208368436,-0.7187719590425635
2026-06-03 08:00:00,21.8,69.0,0.0,3.1,315.0,2.1920310216782974,-2.192031021678297
2026-06-03 09:00:00,22.4,70.0,0.1,7.2,309.0,5.5954509224901905,-4.53110681555883
2026-06-03 10:00:00,22.1,72.0,0.5,8.6,309.0,6.68345526852995,-5.412155363028601
2026-06-03 11:00:00,21.6,76.0,0.7000000000000001,8.4,310.0,6.4347733221994154,-5.39941592136693
2026-06-03 12:00:00,20.8,84.0,1.5,8.1,305.0,6.6351315587408335,-4.645969134443472
2026-06-03 13:00:00,21.4,81.0,0.8,8.7,291.0,8.122149710525655,-3.117801161044112
2026-06-03 14:00:00,21.9,75.0,0.3,8.1,288.0,7.703557781990743,-2.503037654437074
2026-06-03 15:00:00,22.1,70.0,0.1,9.7,281.0,9.52178367944234,-1.8508472551524844
2026-06-03 16:00:00,21.6,72.0,0.0,7.9,274.0,7.880755997052612,-0.55107614257859
2026-06-03 17:00:00,20.4,82.0,0.0,4.9,298.0,4.326443205008743,-2.300410657650865
2026-06-03 18:00:00,19.1,92.0,0.1,4.3,303.0,3.6062834421653234,-2.3419478505646163
2026-06-03 19:00:00,17.8,100.0,0.1,0.9,307.0,0.7187719590425635,-0.5416335208368435
2026-06-03 20:00:00,18.3,98.0,0.0,1.2,129.0,-0.9325751537483651,0.7551844692598049
2026-06-03 21:00:00,17.3,98.0,0.0,1.7000000000000002,139.0,-1.1153003492838622,1.2830062863787128
2026-06-03 22:00:00,16.7,96.0,0.0,1.2,141.0,-0.7551844692598048,0.9325751537483652
2026-06-03 23:00:00,16.0,95.0,0.0,1.9,158.0,-0.7117525274902329,1.761649323676896
2026-06-04 00:00:00,15.6,95.0,0.0,2.7,160.0,-0.9234543869793056,2.537170076121953
2026-06-04 01:00:00,15.6,91.0,0.0,2.8,162.0,-0.8652475842498525,2.66295824562643
2026-06-04 02:00:00,15.5,93.0,0.0,3.9,156.0,-1.586272907995621,3.562827284806143
2026-06-04 03:00:00,15.1,90.0,0.0,3.3,151.0,-1.599871746812912,2.886245033560006
2026-06-04 04:00:00,14.8,88.0,0.0,3.5,145.0,-2.0075175272286616,2.867032155011471
2026-06-04 05:00:00,15.0,86.0,0.0,1.0,149.0,-0.5150380749100543,0.8571673007021123
2026-06-04 06:00:00,17.3,83.0,0.0,0.8,135.0,-0.565685424949238,0.5656854249492381
2026-06-04 07:00:00,19.5,78.0,0.0,0.4,243.0,0.3564026096753472,0.1815961998958187
2026-06-04 08:00:00,21.6,71.0,0.0,2.4,306.0,1.9416407864998737,-1.4106846055019355
2026-06-04 09:00:00,21.9,75.0,0.0,6.0,295.0,5.437846722219899,-2.5357095704441965
2026-06-04 10:00:00,22.7,71.0,0.3,7.5,287.0,7.172285669722766,-2.192787785420526
2026-06-04 11:00:00,23.2,67.0,0.5,6.6,281.0,6.4787394107545815,-1.2593393694851955
2026-06-04 12:00:00,23.0,69.0,0.5,6.2,292.0,5.748539898314082,-2.3225608791786545
2026-06-04 13:00:00,21.7,81.0,0.7000000000000001,2.4,287.0,2.295131414311285,-0.7016920913345682
2026-06-04 14:00:00,20.1,93.0,0.7000000000000001,5.9,337.0,2.305313658086715,-5.4309786353693985
2026-06-04 15:00:00,19.7,100.0,4.6,0.4,270.0,0.4,0.0
2026-06-04 16:00:00,18.7,99.0,2.6,4.7,332.0,2.206516345093687,-4.149853686436956
2026-06-04 17:00:00,18.3,100.0,4.4,4.5,355.0,0.3922008423644616,-4.482876141412855
2026-06-04 18:00:00,17.9,99.0,10.4,1.9,29.0,-0.92113827846804,-1.6617774435648522
2026-06-04 19:00:00,17.9,98.0,12.5,2.7,160.0,-0.9234543869793056,2.537170076121953
2026-06-04 20:00:00,17.9,98.0,8.9,5.5,134.0,-3.9563689018625814,3.8206210375244845
2026-06-04 21:00:00,17.7,95.0,0.0,1.1,162.0,-0.3399186938124421,1.046162167924669
2026-06-04 22:00:00,17.2,93.0,0.0,1.5,150.0,-0.7499999999999997,1.299038105676658
2026-06-04 23:00:00,16.9,94.0,0.0,0.8,135.0,-0.565685424949238,0.5656854249492381
2026-06-05 00:00:00,17.4,93.0,0.2,3.1,93.0,-3.0957515577391788,0.1622414643531258
2026-06-05 01:00:00,16.7,94.0,0.1,1.9,131.0,-1.4339482024232668,1.2465121550819638
2026-06-05 02:00:00,16.4,98.0,1.1,5.4,143.0,-3.2498011250210617,4.312631754255381
2026-06-05 03:00:00,16.2,98.0,1.3,1.4,157.0,-0.5470235798849833,1.2887067948334163
2026-06-05 04:00:00,16.2,97.0,1.3,1.0,158.0,-0.37460659341591207,0.9271838545667874
2026-06-05 05:00:00,16.3,97.0,0.5,0.9,143.0,-0.5416335208368436,0.7187719590425634
2026-06-05 06:00:00,16.4,99.0,0.8,0.8,135.0,-0.565685424949238,0.5656854249492381
2026-06-05 07:00:00,16.9,99.0,1.4,1.9,229.0,1.4339482024232668,1.2465121550819638
2026-06-05 08:00:00,17.4,100.0,1.4,2.0,333.0,0.9079809994790936,-1.7820130483767356
2026-06-05 09:00:00,18.8,91.0,0.3,3.9,338.0,1.4609657143220567,-3.616017032810471
2026-06-05 10:00:00,19.0,88.0,0.1,5.3,342.0,1.6377900701872214,-5.040599536364313
2026-06-05 11:00:00,19.4,93.0,0.2,5.4,352.0,0.7515347451843536,-5.34744757120448
2026-06-05 12:00:00,19.4,92.0,0.4,6.1,336.0,2.481093522762381,-5.572627291619865
2026-06-05 13:00:00,17.9,98.0,2.1,5.6,335.0,2.366662265747917,-5.075323607405239
2026-06-05 14:00:00,17.8,99.0,3.3,8.5,343.0,2.4851594901432623,-8.1285904256858
2026-06-05 15:00:00,17.7,94.0,1.6,5.4,339.0,1.935186927544622,-5.04133430308489
2026-06-05 16:00:00,17.8,94.0,0.4,5.8,330.0,2.9000000000000004,-5.0229473419497435
2026-06-05 17:00:00,17.3,98.0,0.9,4.0,333.0,1.8159619989581872,-3.564026096753471
2026-06-05 18:00:00,17.2,99.0,0.3,3.7,14.0,-0.8951110137187709,-3.590094187221187
2026-06-05 19:00:00,16.9,100.0,0.0,1.4,23.0,-0.5470235798849833,-1.2887067948334163
2026-06-05 20:00:00,17.1,97.0,0.0,0.30000000000000004,45.0,-0.21213203435596434,-0.21213203435596428
2026-06-05 21:00:00,17.2,95.0,0.3,0.6000000000000001,56.0,-0.4974225435330252,-0.33551574208244805
2026-06-05 22:00:00,17.1,97.0,0.9,2.8,349.0,0.5342651870543257,-2.748556113653459
2026-06-05 23:00:00,16.9,100.0,1.3,3.1,315.0,2.1920310216782974,-2.192031021678297
2026-06-06 00:00:00,16.9,99.0,1.2,4.0,306.0,3.23606797749979,-2.3511410091698925
2026-06-06 01:00:00,17.1,100.0,0.1,1.2,153.0,-0.544788599687456,1.0692078290260414
2026-06-06 02:00:00,17.0,98.0,0.0,2.2,180.0,1.3471114790620887e-16,2.2
2026-06-06 03:00:00,16.5,98.0,0.0,4.5,223.0,3.068992620281243,3.291091657286267
2026-06-06 04:00:00,16.3,99.0,0.0,4.3,237.0,3.6062834421653234,2.3419478505646163
2026-06-06 05:00:00,16.4,99.0,0.0,5.7,229.0,4.301844607269801,3.739536465245892
2026-06-06 06:00:00,16.8,99.0,0.0,6.7,234.0,5.420413862312148,3.93816119035957
2026-06-06 07:00:00,17.5,99.0,0.0,6.5,246.0,5.938045474676906,2.6437881799927014
2026-06-06 08:00:00,18.2,98.0,0.1,8.4,261.0,8.296582060999157,1.3140495063379394
2026-06-06 09:00:00,19.1,90.0,0.1,10.1,264.0,10.04467114321956,1.0557374790033
2026-06-06 10:00:00,20.0,85.0,0.3,10.8,266.0,10.773691742806102,0.7533699164365533
2026-06-06 11:00:00,19.7,89.0,0.5,10.1,267.0,10.086158301021195,0.5285931580537327
2026-06-06 12:00:00,19.2,90.0,0.1,10.4,256.0,10.091075553270363,2.5159877142365445
2026-06-06 13:00:00,20.9,82.0,0.1,11.9,267.0,11.88369146357943,0.6227978792910317
2026-06-06 14:00:00,19.5,88.0,0.2,11.1,263.0,11.017262283218674,1.352749711797137
2026-06-06 15:00:00,20.4,76.0,0.6,9.8,256.0,9.508898117504765,2.370834576876744
2026-06-06 16:00:00,20.0,80.0,0.5,9.6,256.0,9.314838972249566,2.32245019775681
2026-06-06 17:00:00,19.6,84.0,0.2,9.3,254.0,8.939733772226367,2.5634274090980926
2026-06-06 18:00:00,18.7,92.0,0.1,6.8,248.0,6.304850211054155,2.547324835228202
2026-06-06 19:00:00,17.2,98.0,0.1,5.4,200.0,1.8469087739586119,5.074340152243905
2026-06-06 20:00:00,16.8,96.0,0.0,5.0,201.0,1.791839747726502,4.667902132486009
2026-06-06 21:00:00,16.6,96.0,0.0,6.4,190.0,1.1113483370683548,6.3027696192781315
2026-06-06 22:00:00,16.1,97.0,0.0,6.8,178.0,-0.2373165775770065,6.795857623729851
2026-06-06 23:00:00,16.1,95.0,0.0,7.4,162.0,-2.2867257583746103,7.037818220584137
2026-06-07 00:00:00,16.0,95.0,0.0,5.6,155.0,-2.366662265747916,5.07532360740524
2026-06-07 01:00:00,16.1,94.0,0.0,5.0,159.0,-1.7918397477265013,4.667902132486009
2026-06-07 02:00:00,16.5,94.0,0.0,2.7,160.0,-0.9234543869793056,2.537170076121953
2026-06-07 03:00:00,16.3,93.0,0.0,2.3,180.0,1.408343819019456e-16,2.3
2026-06-07 04:00:00,16.1,93.0,0.0,4.0,172.0,-0.5566924038402614,3.9610722749662814
2026-06-07 05:00:00,15.8,94.0,0.0,4.5,151.0,-2.1816432911085166,3.9357886821272814
2026-06-07 06:00:00,17.0,91.0,0.0,4.1,165.0,-1.0611580849203355,3.96029588778518
2026-06-07 07:00:00,18.9,88.0,0.0,3.6,229.0,2.716954488801979,2.3618125043658265
2026-06-07 08:00:00,20.8,67.0,0.0,4.4,302.0,3.7314116230882743,-2.3316447626261017
2026-06-07 09:00:00,21.5,70.0,0.2,6.0,287.0,5.737828535778212,-1.7542302283364206
2026-06-07 10:00:00,20.5,86.0,0.7000000000000001,6.6,296.0,5.932040705574502,-2.8932495688079105
2026-06-07 11:00:00,20.8,85.0,0.3,5.9,290.0,5.54418646263686,-2.0179188456214456
2026-06-07 12:00:00,21.3,83.0,0.3,9.0,285.0,8.693332436601615,-2.3293714059226867
2026-06-07 13:00:00,20.6,83.0,0.4,6.7,279.0,6.617511881987423,-1.048110915769547
2026-06-07 14:00:00,21.2,81.0,0.6,6.8,287.0,6.502872340548641,-1.98812759211461
2026-06-07 15:00:00,19.8,87.0,0.9,2.0,280.0,1.969615506024416,-0.34729635533386066
2026-06-07 16:00:00,19.9,82.0,0.2,3.8,315.0,2.6870057685088806,-2.68700576850888
2026-06-07 17:00:00,18.5,95.0,0.8,2.1,345.0,0.5435199947152936,-2.0284442352070435
2026-06-07 18:00:00,17.8,99.0,0.2,0.4,297.0,0.3564026096753472,-0.1815961998958187
2026-06-07 19:00:00,17.3,100.0,0.0,1.6,354.0,0.16724554122824553,-1.5912350325892373
2026-06-07 20:00:00,17.7,97.0,0.1,0.9,101.0,-0.8834644651028976,0.17172809583889048
2026-06-07 21:00:00,17.2,98.0,0.2,1.5,126.0,-1.213525491562421,0.8816778784387098
2026-06-07 22:00:00,17.1,96.0,0.0,0.9,180.0,5.5109105961630896e-17,0.9
2026-06-07 23:00:00,16.6,100.0,0.0,2.4,253.0,2.295131414311285,0.7016920913345682
2026-06-08 00:00:00,17.0,100.0,0.0,1.5,240.0,1.299038105676658,0.7499999999999999
2026-06-08 01:00:00,16.6,100.0,0.0,1.4,157.0,-0.5470235798849833,1.2887067948334163
2026-06-08 02:00:00,16.9,100.0,0.1,3.6,177.0,-0.18840944247459784,3.595066325116466
2026-06-08 03:00:00,16.4,100.0,0.1,4.5,182.0,0.15704773516125486,4.497258721585931
2026-06-08 04:00:00,16.4,99.0,0.0,4.0,190.0,0.6945927106677217,3.939231012048832
2026-06-08 05:00:00,16.5,99.0,0.1,3.4,183.0,0.17794225122600948,3.395340418165551
2026-06-08 06:00:00,16.7,100.0,0.5,4.4,201.0,1.5768189779993218,4.107753876587688
2026-06-08 07:00:00,17.3,100.0,0.2,4.1,218.0,2.524212048835199,3.23084408978756
2026-06-08 08:00:00,19.1,92.0,0.2,3.9,338.0,1.4609657143220567,-3.616017032810471
2026-06-08 09:00:00,19.1,96.0,0.7000000000000001,4.8,295.0,4.350277377775919,-2.0285676563553574
2026-06-08 10:00:00,20.1,99.0,3.9,8.0,312.0,5.945158603819154,-5.353044850870866
2026-06-08 11:00:00,19.3,98.0,5.3,6.9,329.0,3.553762716879374,-5.914454374844575
2026-06-08 12:00:00,18.9,99.0,5.7,8.1,325.0,4.645969134443473,-6.6351315587408335
2026-06-08 13:00:00,19.3,100.0,5.9,5.9,317.0,4.023790324368742,-4.314986839553106
2026-06-08 14:00:00,18.9,95.0,5.2,0.6000000000000001,304.0,0.49742254353302506,-0.33551574208244817
2026-06-08 15:00:00,18.7,99.0,2.7,3.2,333.0,1.45276959916655,-2.851220877402777
2026-06-08 16:00:00,18.2,100.0,3.1,2.3,299.0,2.01162532642061,-1.1150621265665752
2026-06-08 17:00:00,18.4,100.0,0.8,1.2,321.0,0.755184469259805,-0.9325751537483651
2026-06-08 18:00:00,17.7,100.0,2.5,4.3,312.0,3.195522749552795,-2.8772616073430903
2026-06-08 19:00:00,17.3,100.0,0.5,3.3,311.0,2.4905416147351476,-2.1649947956686737
2026-06-08 20:00:00,17.4,100.0,0.6,1.9,338.0,0.7117525274902327,-1.761649323676896
2026-06-08 21:00:00,17.3,99.0,0.1,1.2,129.0,-0.9325751537483651,0.7551844692598049
2026-06-08 22:00:00,17.2,99.0,0.5,0.30000000000000004,135.0,-0.21213203435596428,0.2121320343559643
2026-06-08 23:00:00,17.2,99.0,4.2,0.6000000000000001,72.0,-0.5706339097770923,-0.1854101966249684
2026-06-09 00:00:00,17.1,99.0,4.6,2.2,156.0,-0.8948206147667607,2.0098000068137223
2026-06-09 01:00:00,17.2,99.0,1.3,2.8,195.0,0.7246933262870581,2.7045923136093912
2026-06-09 02:00:00,17.5,99.0,0.3,3.0,115.0,-2.7189233611099497,1.2678547852220985
2026-06-09 03:00:00,17.1,100.0,1.3,2.2,104.0,-2.1346505978071924,0.5322281703192691
2026-06-09 04:00:00,17.2,100.0,0.9,2.0,275.0,1.992389396183491,-0.17431148549531633
2026-06-09 05:00:00,17.2,100.0,3.1,4.0,240.0,3.464101615137755,1.9999999999999998
2026-06-09 06:00:00,17.0,99.0,3.8,8.9,263.0,8.833660749607766,1.0846371563058126
2026-06-09 07:00:00,17.4,100.0,2.4,8.5,263.0,8.436642288951237,1.0358894189437535
2026-06-09 08:00:00,17.1,97.0,1.5,10.2,236.0,8.456183240061424,5.703767615401618
2026-06-09 09:00:00,17.7,100.0,2.7,7.6,243.0,6.7716495838315955,3.450327798020555
2026-06-09 10:00:00,17.4,100.0,5.1,6.3,257.0,6.1385314081469815,1.4171916423663495
2026-06-09 11:00:00,17.8,100.0,2.8,8.3,254.0,7.978472076288048,2.287790053281093
2026-06-09 12:00:00,18.1,100.0,3.9,8.1,258.0,7.922995565943825,1.6840846956238507
2026-06-09 13:00:00,17.9,99.0,2.6,8.4,254.0,8.074598245881878,2.315353788862793
2026-06-09 14:00:00,18.4,100.0,1.3,3.3,241.0,2.8862450335600056,1.5998717468129122
2026-06-09 15:00:00,18.7,100.0,1.3,3.5,291.0,3.267531492740206,-1.2542878234085508
2026-06-09 16:00:00,17.6,99.0,2.6,7.6,256.0,7.3742475196975725,1.8386064065574748
2026-06-09 17:00:00,17.2,100.0,3.3,5.1,260.0,5.022519540362261,0.8856057061013446
2026-06-09 18:00:00,16.9,100.0,1.1,8.6,234.0,6.957546151624547,5.054953169715269
2026-06-09 19:00:00,16.5,100.0,0.2,8.4,254.0,8.074598245881878,2.315353788862793
2026-06-09 20:00:00,16.5,99.0,0.4,5.1,262.0,5.050367150582009,0.7097828148963337
2026-06-09 21:00:00,16.3,100.0,1.2,5.6,225.0,3.9597979746446663,3.9597979746446654
2026-06-09 22:00:00,16.6,97.0,1.7000000000000002,3.7,157.0,-1.445705175410313,3.405867957774029
2026-06-09 23:00:00,16.5,97.0,0.2,3.3,229.0,2.4905416147351476,2.1649947956686737
2026-06-10 00:00:00,16.5,94.0,0.6,2.5,150.0,-1.2499999999999996,2.165063509461097
2026-06-10 01:00:00,16.9,90.0,1.4,1.3,188.0,0.18092503124808512,1.2873484893640414
2026-06-10 02:00:00,16.5,97.0,2.6,2.2,204.0,0.8948206147667606,2.0098000068137223
2026-06-10 03:00:00,16.6,97.0,0.9,2.7,143.0,-1.6249005625105308,2.1563158771276907
2026-06-10 04:00:00,16.8,93.0,0.2,2.6,192.0,0.5405703961261746,2.5431837619078945
2026-06-10 05:00:00,16.7,95.0,0.5,1.3,98.0,-1.2873484893640414,0.18092503124808493
2026-06-10 06:00:00,16.8,98.0,2.1,1.3,82.0,-1.2873484893640414,-0.18092503124808518
2026-06-10 07:00:00,17.3,100.0,5.3,0.6000000000000001,342.0,0.1854101966249685,-0.5706339097770922
2026-06-10 08:00:00,17.3,100.0,10.5,1.6,333.0,0.726384799583275,-1.4256104387013886
2026-06-10 09:00:00,17.3,100.0,7.5,6.2,322.0,3.8171011470190814,-4.885666672361677
2026-06-10 10:00:00,17.3,100.0,7.2,5.7,288.0,5.421022142882375,-1.7613968679372003
2026-06-10 11:00:00,18.0,100.0,3.4,4.7,288.0,4.469965626587221,-1.4523798735622528
2026-06-10 12:00:00,17.4,100.0,2.1,7.0,282.0,6.84703320513664,-1.4553818357243153
2026-06-10 13:00:00,17.7,99.0,0.3,8.3,269.0,8.298735869798048,0.14485497342945317
2026-06-10 14:00:00,17.9,98.0,0.1,8.2,284.0,7.95642495546317,-1.9837595439172753
2026-06-10 15:00:00,18.4,97.0,0.2,8.7,266.0,8.67880723726047,0.6068813215738901
2026-06-10 16:00:00,18.3,97.0,0.3,9.4,266.0,9.377102072442348,0.6557108531947778
2026-06-10 17:00:00,17.7,98.0,0.4,7.2,282.0,7.042662725283401,-1.4969641738878674
2026-06-10 18:00:00,17.2,99.0,0.5,5.0,272.0,4.9969541350954785,-0.17449748351250485
2026-06-10 19:00:00,16.8,100.0,0.4,5.9,252.0,5.611233446141406,1.8232002668121898
2026-06-10 20:00:00,16.6,100.0,0.5,4.8,250.0,4.51052457977236,1.6416966879632098
2026-06-10 21:00:00,16.6,99.0,0.1,6.0,226.0,4.316038802031907,4.1679502227539835
2026-06-10 22:00:00,16.7,100.0,0.0,6.6,233.0,5.270994366312133,3.9719791528035184
2026-06-10 23:00:00,16.8,100.0,0.0,6.4,241.0,5.597566125692133,3.1027815695765573
2026-06-11 00:00:00,16.7,100.0,0.2,7.1,263.0,7.047077676653386,0.865272338176547
2026-06-11 01:00:00,16.5,100.0,0.4,6.7,267.0,6.690817882855645,0.3506509068277237
2026-06-11 02:00:00,16.4,100.0,0.6,6.4,259.0,6.28241397406505,1.2211775704098868
2026-06-11 03:00:00,16.4,100.0,0.5,6.1,251.0,5.767663311155832,1.9859657421886558
2026-06-11 04:00:00,16.4,100.0,0.6,6.2,258.0,6.064515124549596,1.289052483070108
2026-06-11 05:00:00,16.4,100.0,0.4,6.3,235.0,5.160657879020648,3.61353154901159
2026-06-11 06:00:00,16.8,100.0,0.1,6.2,249.0,5.788198644282651,2.2218812871808615
2026-06-11 07:00:00,17.1,99.0,0.2,6.7,254.0,6.440453362786736,1.8467702839738944
2026-06-11 08:00:00,17.9,98.0,0.2,6.1,256.0,5.918803930283578,1.475723563157973
2026-06-11 09:00:00,18.3,99.0,1.7000000000000002,6.6,261.0,6.518743047927909,1.0324674692655236
2026-06-11 10:00:00,18.9,98.0,2.0,9.0,267.0,8.987665812791164,0.4710236061864945
2026-06-11 11:00:00,18.2,99.0,3.7,9.4,275.0,9.364230162062409,-0.8192639818279868
2026-06-11 12:00:00,18.4,100.0,3.9,10.2,283.0,9.9385746608094,-2.294500754307423
2026-06-11 13:00:00,17.2,100.0,4.3,7.5,297.0,6.682548931412759,-3.4049287480466006
2026-06-11 14:00:00,17.5,100.0,3.7,6.1,317.0,4.1601899963812405,-4.461257579876939
2026-06-11 15:00:00,16.5,100.0,6.1,5.1,278.0,5.050367150582009,-0.7097828148963337
2026-06-11 16:00:00,16.5,100.0,3.7,5.6,268.0,5.596588631306936,0.1954371815340054
2026-06-11 17:00:00,16.6,98.0,0.8,7.9,250.0,7.423571704208677,2.701959132272783
2026-06-11 18:00:00,16.7,98.0,0.1,5.5,238.0,4.664264528860342,2.914555953282627
2026-06-11 19:00:00,16.4,100.0,0.2,4.7,247.0,4.32637281122647,1.8364363038995868
2026-06-11 20:00:00,16.5,99.0,0.1,2.5,184.0,0.1743911843603131,2.4939101256495606
2026-06-11 21:00:00,16.1,97.0,0.0,3.1,180.0,1.8982025386783975e-16,3.1
2026-06-11 22:00:00,16.3,94.0,0.0,2.2,180.0,1.3471114790620887e-16,2.2
2026-06-11 23:00:00,16.3,96.0,0.0,2.7,250.0,2.537170076121953,0.9234543869793056
2026-06-12 00:00:00,15.5,99.0,0.0,1.8,174.0,-0.1881512338817764,1.790139411662892
2026-06-12 01:00:00,15.2,97.0,0.0,2.5,150.0,-1.2499999999999996,2.165063509461097
2026-06-12 02:00:00,16.3,97.0,0.0,2.4,171.0,-0.37544271609655394,2.3704520174283306
2026-06-12 03:00:00,15.9,97.0,0.0,2.4,193.0,0.5398825304252758,2.3384881554845647
2026-06-12 04:00:00,15.7,96.0,0.0,2.4,193.0,0.5398825304252758,2.3384881554845647
2026-06-12 05:00:00,15.5,98.0,0.0,2.2,222.0,1.4720873339894882,1.6349186160502676
2026-06-12 06:00:00,16.3,98.0,0.0,4.9,208.0,2.3004106576508656,4.326443205008742
2026-06-12 07:00:00,17.1,97.0,0.0,5.5,257.0,5.359035356318794,1.2372307988912574
2026-06-12 08:00:00,18.1,97.0,0.4,4.5,275.0,4.482876141412855,-0.39220084236446173
2026-06-12 09:00:00,18.3,100.0,1.8,5.4,255.0,5.215999461960969,1.397622843553612
2026-06-12 10:00:00,19.0,99.0,1.6,7.8,279.0,7.703969056642075,-1.2201888273138009
2026-06-12 11:00:00,18.6,100.0,2.2,9.2,273.0,9.18739171974208,-0.4814907974350832
2026-06-12 12:00:00,19.5,99.0,1.9,7.1,286.0,6.824958041162064,-1.957025226300694
2026-06-12 13:00:00,18.3,98.0,5.1,8.6,290.0,8.081356538758811,-2.9413732326007507
2026-06-12 14:00:00,18.0,97.0,2.9,7.2,307.0,5.750175672340508,-4.333068166694748
2026-06-12 15:00:00,17.9,100.0,4.0,7.3,303.0,6.122295146001595,-3.9758649556096977
2026-06-12 16:00:00,17.4,99.0,2.6,7.6,284.0,7.3742475196975725,-1.8386064065574748
2026-06-12 17:00:00,16.7,98.0,2.9,5.6,268.0,5.596588631306936,0.1954371815340054
2026-06-12 18:00:00,17.0,99.0,1.5,4.6,239.0,3.9429695832297162,2.369175144586249
2026-06-12 19:00:00,16.6,100.0,0.2,4.4,210.0,2.2000000000000006,3.81051177665153
2026-06-12 20:00:00,16.9,100.0,0.0,5.1,231.0,3.963444403430551,3.2095339943541705
2026-06-12 21:00:00,16.6,99.0,0.0,5.1,219.0,3.209533994354171,3.963444403430551
2026-06-12 22:00:00,16.0,99.0,0.0,3.0,213.0,1.6339171050450814,2.516011703836272
2026-06-12 23:00:00,16.4,98.0,0.1,2.6,192.0,0.5405703961261746,2.5431837619078945
2026-06-13 00:00:00,13.7,97.0,0.2,1.9,202.0,0.7117525274902327,1.761649323676896
2026-06-13 01:00:00,13.6,97.0,0.2,2.3,198.0,0.7107390870623791,2.1874299874788528
2026-06-13 02:00:00,13.6,97.0,0.2,2.4,207.0,1.0895771993749124,2.138415658052083
2026-06-13 03:00:00,13.7,97.0,0.1,2.6,214.0,1.4539015490239418,2.1554976886431088
2026-06-13 04:00:00,13.9,97.0,0.1,3.1,225.0,2.1920310216782974,2.192031021678297
2026-06-13 05:00:00,14.2,97.0,0.1,3.6,233.0,2.875087836170254,2.166534083347374
2026-06-13 06:00:00,14.5,97.0,0.1,4.0,243.0,3.5640260967534716,1.815961998958187
2026-06-13 07:00:00,14.8,96.0,0.1,4.7,247.0,4.32637281122647,1.8364363038995868
2026-06-13 08:00:00,15.2,95.0,0.1,5.8,248.0,5.377666356487367,2.1727182418122895
2026-06-13 09:00:00,15.7,93.0,0.6,7.3,250.0,6.859756131737131,2.4967470462773815
2026-06-13 10:00:00,16.3,90.0,0.6,8.9,249.0,8.308865795825096,3.1894747509531727
2026-06-13 11:00:00,17.0,87.0,0.6,10.8,249.0,10.08266860616978,3.8703738550892433
2026-06-13 12:00:00,17.6,84.0,0.6,12.4,248.0,11.497079796628164,4.645121758357309
2026-06-13 13:00:00,18.0,82.0,0.6,13.7,247.0,12.610916492298433,5.35301646030305
2026-06-13 14:00:00,18.2,81.0,0.6,14.3,245.0,12.960201354624095,6.043441142892003
2026-06-13 15:00:00,18.1,81.0,0.5,13.8,242.0,12.184676781453193,6.478707566445293
2026-06-13 16:00:00,17.7,83.0,0.5,12.8,238.0,10.855015630802253,6.782966582185023
2026-06-13 17:00:00,17.2,85.0,0.5,11.2,230.0,8.579697762932554,7.199221228489239
2026-06-13 18:00:00,16.6,87.0,0.5,10.0,221.0,6.560590289905073,7.54709580222772
2026-06-13 19:00:00,16.1,88.0,0.5,9.2,211.0,4.738350289172498,7.8859391664594325
2026-06-13 20:00:00,15.8,89.0,0.5,9.0,203.0,3.5165801564034633,8.284543681071963
2026-06-13 21:00:00,15.6,89.0,0.0,9.2,201.0,3.2969851358167634,8.588939923774255
2026-06-13 22:00:00,15.4,88.0,0.0,9.6,200.0,3.2833933759264204,9.02104915954472
2026-06-13 23:00:00,15.3,87.0,0.0,9.9,199.0,3.223124729125852,9.360633898433235
2026-06-14 00:00:00,15.3,85.0,0.0,10.4,200.0,3.557009490586956,9.772803256173447
2026-06-14 01:00:00,15.3,84.0,0.0,11.0,203.0,4.298042413382011,10.125553387976844
2026-06-14 02:00:00,15.4,83.0,0.0,11.4,204.0,4.636797731064123,10.41441821712565
2026-06-14 03:00:00,15.6,82.0,0.1,11.9,205.0,5.029157314714324,10.785062665736135
2026-06-14 04:00:00,15.9,82.0,0.1,12.6,207.0,5.72028029671829,11.226682204773434
2026-06-14 05:00:00,16.2,81.0,0.1,13.2,209.0,6.39948698725165,11.544980134240022
2026-06-14 06:00:00,16.6,81.0,0.1,14.0,209.0,6.787334683448719,12.24467589995154
2026-06-14 07:00:00,16.8,81.0,0.1,14.7,211.0,7.571059701177796,12.60035932032105
2026-06-14 08:00:00,17.0,81.0,0.1,15.2,211.0,7.828578738632823,13.028942970672107
2026-06-14 09:00:00,17.1,82.0,1.9,15.7,212.0,8.319732448461316,13.314355109655887
2026-06-14 10:00:00,17.1,82.0,1.9,16.5,212.0,8.74366785984788,13.992793586581028
2026-06-14 11:00:00,17.0,84.0,1.9,17.0,212.0,9.008627491964484,14.41681763465924
2026-06-14 12:00:00,16.9,85.0,1.9,17.3,211.0,8.910158695943938,14.828994302146544
2026-06-14 13:00:00,16.8,86.0,1.9,17.6,211.0,9.064670118416954,15.086144492357178
2026-06-14 14:00:00,16.7,86.0,1.9,17.9,210.0,8.950000000000001,15.50185472774145
2026-06-14 15:00:00,16.6,86.0,2.2,17.7,209.0,8.581130278360167,15.480768816367304
2026-06-14 16:00:00,16.4,85.0,2.2,17.4,207.0,7.899434695468114,15.503513520877599
2026-06-14 17:00:00,16.2,84.0,2.2,16.7,205.0,7.05772497106968,15.135340043512054
2026-06-14 18:00:00,16.1,84.0,2.2,16.5,203.0,6.447063620073016,15.188330081965265
2026-06-14 19:00:00,15.9,83.0,2.2,15.8,201.0,5.662213602815746,14.750570738655789
2026-06-14 20:00:00,15.8,82.0,2.2,15.3,199.0,4.981192763194499,14.466434206669547
2026-06-14 21:00:00,15.7,81.0,0.8,14.8,198.0,4.5734515167492225,14.075636441168273
2026-06-14 22:00:00,15.6,81.0,0.8,14.7,197.0,4.2978640594242306,14.05767991265662
2026-06-14 23:00:00,15.5,81.0,0.8,14.3,198.0,4.418943019561749,13.600108183020696
2026-06-15 00:00:00,15.5,80.0,0.8,13.9,197.0,4.063966695646041,13.292636107886192
2026-06-15 01:00:00,15.5,80.0,0.8,13.6,197.0,3.97625518422922,13.005744681097282
2026-06-15 02:00:00,15.6,80.0,0.8,13.2,197.0,3.859306502340125,12.623222778712067
2026-06-15 03:00:00,15.7,80.0,0.5,12.9,198.0,3.986319227436822,12.26862906020748
2026-06-15 04:00:00,15.9,81.0,0.5,12.2,199.0,3.971931484377312,11.535326622311663
2026-06-15 05:00:00,16.2,81.0,0.5,12.0,201.0,4.300415394543604,11.202965117966421
2026-06-15 06:00:00,16.4,82.0,0.5,11.4,204.0,4.636797731064123,10.41441821712565
2026-06-15 07:00:00,16.7,83.0,0.5,11.1,205.0,4.691062705321763,10.060016436106814
2026-06-15 08:00:00,16.9,83.0,0.5,10.9,207.0,4.948496447161061,9.71197111365321
2026-06-15 09:00:00,17.0,83.0,1.2,11.1,209.0,5.3813867847343415,9.708278749247292
2026-06-15 10:00:00,17.2,84.0,1.2,11.3,211.0,5.8199302464836125,9.68599049793387
2026-06-15 11:00:00,17.3,84.0,1.2,12.0,213.0,6.5356684201803255,10.064046815345089
2026-06-15 12:00:00,17.4,84.0,1.2,12.5,213.0,6.807987937687838,10.4833820993178
2026-06-15 13:00:00,17.5,84.0,1.2,12.7,215.0,7.284420741658286,10.403230962470195
2026-06-15 14:00:00,17.4,84.0,1.2,12.7,215.0,7.284420741658286,10.403230962470195
2026-06-15 15:00:00,17.3,84.0,1.2,12.2,214.0,6.822153422343111,10.114258385171508
2026-06-15 16:00:00,17.1,84.0,1.2,11.7,214.0,6.542556970607737,9.699739598893988
2026-06-15 17:00:00,16.8,84.0,1.2,11.0,212.0,5.829111906565254,9.328529057720685
2026-06-15 18:00:00,16.5,84.0,1.2,10.1,207.0,4.585304047369423,8.999165894302514
2026-06-15 19:00:00,16.2,84.0,1.2,9.5,205.0,4.014873486536644,8.609923976848174
2026-06-15 20:00:00,16.0,84.0,1.2,9.0,203.0,3.5165801564034633,8.284543681071963
2026-06-15 21:00:00,15.8,84.0,0.3,8.6,202.0,3.2216167033768426,7.973781149274371
2026-06-15 22:00:00,15.6,84.0,0.3,8.4,200.0,2.872969203935618,7.893418014601631
2026-06-15 23:00:00,15.5,84.0,0.3,8.1,201.0,2.902780391316933,7.5620014546273335
2026-06-16 00:00:00,15.3,83.0,0.3,8.0,198.0,2.4721359549995796,7.608452130361228
2026-06-16 01:00:00,15.3,83.0,0.3,8.0,198.0,2.4721359549995796,7.608452130361228
2026-06-16 02:00:00,15.3,83.0,0.3,7.6,199.0,2.474317973874391,7.185941174554807
2026-06-16 03:00:00,15.5,83.0,0.1,7.3,200.0,2.4967470462773824,6.8597561317371305
2026-06-16 04:00:00,15.9,82.0,0.1,7.1,204.0,2.8878301658381815,6.486172749262466
2026-06-16 05:00:00,16.3,82.0,0.1,7.2,207.0,3.268731598124737,6.415246974156248
2026-06-16 06:00:00,16.7,82.0,0.1,7.1,210.0,3.5500000000000007,6.148780366869514
2026-06-16 07:00:00,17.1,81.0,0.1,7.2,217.0,4.333068166694749,5.750175672340508
2026-06-16 08:00:00,17.4,81.0,0.1,7.4,219.0,4.656970893768798,5.750880114781585
2026-06-16 09:00:00,17.7,81.0,0.5,7.9,223.0,5.387787044493738,5.777694242791447
2026-06-16 10:00:00,18.0,81.0,0.5,8.7,225.0,6.151828996322964,6.151828996322962
2026-06-16 11:00:00,18.3,80.0,0.5,9.2,228.0,6.836932394392027,6.156001578501495
2026-06-16 12:00:00,18.5,80.0,0.5,10.0,229.0,7.54709580222772,6.560590289905073
2026-06-16 13:00:00,18.6,81.0,0.5,10.7,230.0,8.196675541373065,6.87782742364597
2026-06-16 14:00:00,18.6,81.0,0.5,10.7,230.0,8.196675541373065,6.87782742364597
2026-06-16 15:00:00,18.4,82.0,0.7000000000000001,10.5,229.0,7.924450592339106,6.888619804400326
2026-06-16 16:00:00,18.0,83.0,0.7000000000000001,9.9,226.0,7.121464023352647,6.877117867544073
2026-06-16 17:00:00,17.6,85.0,0.7000000000000001,9.2,222.0,6.156001578501495,6.836932394392027
2026-06-16 18:00:00,17.1,86.0,0.7000000000000001,8.2,218.0,5.048424097670398,6.46168817957512
2026-06-16 19:00:00,16.6,87.0,0.7000000000000001,7.6,211.0,3.9142893693164114,6.5144714853360535
2026-06-16 20:00:00,16.3,88.0,0.7000000000000001,7.2,207.0,3.268731598124737,6.415246974156248
2026-06-16 21:00:00,16.0,88.0,0.3,7.1,204.0,2.8878301658381815,6.486172749262466
2026-06-16 22:00:00,15.8,87.0,0.3,7.0,201.0,2.5085756468171025,6.535062985480412
2026-06-16 23:00:00,15.7,86.0,0.3,7.2,198.0,2.224922359499622,6.8476069173251055
2026-06-17 00:00:00,15.6,85.0,0.3,7.2,198.0,2.224922359499622,6.8476069173251055
2026-06-17 01:00:00,15.6,84.0,0.3,7.2,198.0,2.224922359499622,6.8476069173251055
2026-06-17 02:00:00,15.6,83.0,0.3,7.2,198.0,2.224922359499622,6.8476069173251055
2026-06-17 03:00:00,15.8,83.0,0.1,6.8,198.0,2.1013155617496424,6.467184310807044
2026-06-17 04:00:00,16.2,82.0,0.1,6.6,202.0,2.4724035165450187,6.1194134401407965
2026-06-17 05:00:00,16.6,82.0,0.1,6.3,204.0,2.5624408513775414,5.755336383148386
2026-06-17 06:00:00,17.0,82.0,0.1,5.8,210.0,2.9000000000000004,5.0229473419497435
2026-06-17 07:00:00,17.4,81.0,0.1,5.7,215.0,3.269385687200963,4.669166652447253
2026-06-17 08:00:00,17.8,81.0,0.1,5.9,218.0,3.6324027044213842,4.64926344627966
2026-06-17 09:00:00,18.1,80.0,0.4,6.4,223.0,4.36478950439999,4.6806636903626915
2026-06-17 10:00:00,18.5,80.0,0.4,7.1,225.0,5.020458146424487,5.020458146424486
2026-06-17 11:00:00,18.9,79.0,0.4,8.4,227.0,6.143371093601032,5.728786224524987
2026-06-17 12:00:00,19.2,78.0,0.4,9.2,228.0,6.836932394392027,6.156001578501495
2026-06-17 13:00:00,19.4,78.0,0.4,10.0,229.0,7.54709580222772,6.560590289905073
2026-06-17 14:00:00,19.4,78.0,0.4,10.5,229.0,7.924450592339106,6.888619804400326
2026-06-17 15:00:00,19.2,79.0,0.6,10.4,226.0,7.4811339235219725,7.224447052773572
2026-06-17 16:00:00,18.7,81.0,0.6,10.2,225.0,7.212489168102785,7.212489168102784
2026-06-17 17:00:00,18.1,83.0,0.6,9.4,220.0,6.04220353105347,7.200817765318393
2026-06-17 18:00:00,17.5,85.0,0.6,9.0,217.0,5.4163352083684355,7.187719590425635
2026-06-17 19:00:00,16.9,86.0,0.6,8.9,212.0,4.716281451675524,7.547628055792192
2026-06-17 20:00:00,16.5,87.0,0.6,8.5,208.0,3.9905082836800725,7.505054539300878
2026-06-17 21:00:00,16.2,87.0,0.2,8.4,205.0,3.5499933986218752,7.61298541110786
2026-06-17 22:00:00,15.9,86.0,0.2,8.6,202.0,3.2216167033768426,7.973781149274371
2026-06-17 23:00:00,15.7,86.0,0.2,8.6,202.0,3.2216167033768426,7.973781149274371
2026-06-18 00:00:00,15.6,84.0,0.2,8.8,199.0,2.8649997592229797,8.320563465273988
2026-06-18 01:00:00,15.6,83.0,0.2,8.8,199.0,2.8649997592229797,8.320563465273988
2026-06-18 02:00:00,15.7,82.0,0.2,8.8,199.0,2.8649997592229797,8.320563465273988
2026-06-18 03:00:00,16.0,81.0,0.0,8.4,200.0,2.872969203935618,7.893418014601631
2026-06-18 04:00:00,16.5,79.0,0.0,8.6,202.0,3.2216167033768426,7.973781149274371
2026-06-18 05:00:00,17.1,78.0,0.0,7.9,204.0,3.2132194802988217,7.217009115376547
2026-06-18 06:00:00,17.8,76.0,0.0,7.7,208.0,3.61493103345136,6.798696465013737
2026-06-18 07:00:00,18.4,75.0,0.0,7.8,214.0,4.361704647071825,6.466493065929326
2026-06-18 08:00:00,18.9,74.0,0.0,8.0,216.0,4.702282018339785,6.47213595499958
2026-06-18 09:00:00,19.3,73.0,0.2,8.4,220.0,5.399415921366931,6.4347733221994154
2026-06-18 10:00:00,19.8,72.0,0.2,9.2,225.0,6.505382386916237,6.505382386916236
2026-06-18 11:00:00,20.2,72.0,0.2,10.2,228.0,7.580077219869421,6.825132184860354
2026-06-18 12:00:00,20.6,71.0,0.2,11.2,230.0,8.579697762932554,7.199221228489239
2026-06-18 13:00:00,20.8,71.0,0.2,12.0,231.0,9.32575153748365,7.551844692598049
2026-06-18 14:00:00,20.8,72.0,0.2,12.3,232.0,9.69253226936268,7.572636146505597
2026-06-18 15:00:00,20.5,73.0,0.2,12.0,231.0,9.32575153748365,7.551844692598049
2026-06-18 16:00:00,19.9,76.0,0.2,11.2,228.0,8.323222045346816,7.494262791219212
2026-06-18 17:00:00,19.2,78.0,0.2,10.7,222.0,7.159697488039782,7.951649632608118
2026-06-18 18:00:00,18.5,81.0,0.2,9.8,216.0,5.760295472466237,7.9283665448744856
2026-06-18 19:00:00,17.8,83.0,0.2,9.0,209.0,4.363286582217034,7.871577364254562
2026-06-18 20:00:00,17.3,84.0,0.2,8.7,204.0,3.5386087947594613,7.947845481490627
2026-06-18 21:00:00,16.9,84.0,0.0,8.4,200.0,2.872969203935618,7.893418014601631
2026-06-18 22:00:00,16.5,83.0,0.0,8.7,197.0,2.5436338310878095,8.319851376878407
2026-06-18 23:00:00,16.2,81.0,0.0,8.6,195.0,2.2258437878816784,8.306962106085987
2026-06-19 00:00:00,16.0,79.0,0.0,8.8,192.0,1.8296228791962834,8.60769888645749
2026-06-19 01:00:00,15.9,77.0,0.0,8.8,192.0,1.8296228791962834,8.60769888645749
2026-06-19 02:00:00,16.1,75.0,0.0,8.8,192.0,1.8296228791962834,8.60769888645749
2026-06-19 03:00:00,16.5,73.0,0.0,8.9,194.0,2.1531048708370424,8.635631963856369
2026-06-19 04:00:00,17.1,72.0,0.0,8.8,199.0,2.8649997592229797,8.320563465273988
2026-06-19 05:00:00,17.9,70.0,0.0,8.7,204.0,3.5386087947594613,7.947845481490627
2026-06-19 06:00:00,18.7,68.0,0.0,8.9,212.0,4.716281451675524,7.547628055792192
2026-06-19 07:00:00,19.5,67.0,0.0,9.0,217.0,5.4163352083684355,7.187719590425635
2026-06-19 08:00:00,20.1,66.0,0.0,9.7,222.0,6.490566881680924,7.208504807130724
2026-06-19 09:00:00,20.6,65.0,0.1,10.4,226.0,7.4811339235219725,7.224447052773572
2026-06-19 10:00:00,21.1,65.0,0.1,11.5,231.0,8.937178556755166,7.23718449707313
2026-06-19 11:00:00,21.6,65.0,0.1,12.6,233.0,10.062807426595889,7.582869291715808
2026-06-19 12:00:00,21.9,65.0,0.1,13.8,237.0,11.573653837646852,7.516018683207374
2026-06-19 13:00:00,22.1,65.0,0.1,14.6,237.0,12.24459029200319,7.951729911219395
2026-06-19 14:00:00,22.1,66.0,0.1,14.6,237.0,12.24459029200319,7.951729911219395
2026-06-19 15:00:00,21.7,68.0,0.0,14.0,235.0,11.468128620045885,8.030070108914645
2026-06-19 16:00:00,21.1,71.0,0.0,12.8,232.0,10.086537646166041,7.880466884168427
2026-06-19 17:00:00,20.3,74.0,0.0,11.5,226.0,8.272407703894489,7.988571260278468
2026-06-19 18:00:00,19.5,77.0,0.0,10.2,219.0,6.419067988708342,7.926888806861102
2026-06-19 19:00:00,18.7,79.0,0.0,9.2,211.0,4.738350289172498,7.8859391664594325
2026-06-19 20:00:00,18.1,80.0,0.0,8.7,204.0,3.5386087947594613,7.947845481490627
2026-06-19 21:00:00,17.7,79.0,0.0,8.4,200.0,2.872969203935618,7.893418014601631
2026-06-19 22:00:00,17.3,78.0,0.0,8.6,195.0,2.2258437878816784,8.306962106085987
2026-06-19 23:00:00,16.9,75.0,0.0,8.5,192.0,1.7672493719509554,8.314254606237347
2026-06-20 00:00:00,16.7,73.0,0.0,8.8,192.0,1.8296228791962834,8.60769888645749
2026-06-20 01:00:00,16.6,70.0,0.0,8.8,192.0,1.8296228791962834,8.60769888645749
2026-06-20 02:00:00,16.7,68.0,0.0,8.8,192.0,1.8296228791962834,8.60769888645749
2026-06-20 03:00:00,17.1,67.0,0.0,8.9,194.0,2.1531048708370424,8.635631963856369
2026-06-20 04:00:00,17.7,65.0,0.0,8.8,199.0,2.8649997592229797,8.320563465273988
2026-06-20 05:00:00,18.5,64.0,0.0,8.7,204.0,3.5386087947594613,7.947845481490627
2026-06-20 06:00:00,19.3,63.0,0.0,8.9,212.0,4.716281451675524,7.547628055792192
2026-06-20 07:00:00,20.1,62.0,0.0,9.0,217.0,5.4163352083684355,7.187719590425635
2026-06-20 08:00:00,20.7,62.0,0.0,9.7,222.0,6.490566881680924,7.208504807130724
2026-06-20 09:00:00,21.2,62.0,0.1,10.4,226.0,7.4811339235219725,7.224447052773572
2026-06-20 10:00:00,21.7,62.0,0.1,11.5,231.0,8.937178556755166,7.23718449707313
2026-06-20 11:00:00,22.1,62.0,0.1,12.4,234.0,10.031810730249349,7.288537128426667
2026-06-20 12:00:00,22.4,63.0,0.1,13.8,237.0,11.573653837646852,7.516018683207374
2026-06-20 13:00:00,22.6,64.0,0.1,14.4,238.0,12.211892584652533,7.630837404958151
2026-06-20 14:00:00,22.5,65.0,0.1,14.4,238.0,12.211892584652533,7.630837404958151
2026-06-20 15:00:00,22.2,67.0,0.0,13.8,237.0,11.573653837646852,7.516018683207374
2026-06-20 16:00:00,21.6,70.0,0.0,12.6,233.0,10.062807426595889,7.582869291715808
2026-06-20 17:00:00,20.8,74.0,0.0,11.2,228.0,8.323222045346816,7.494262791219212
2026-06-20 18:00:00,19.9,77.0,0.0,9.4,220.0,6.04220353105347,7.200817765318393
2026-06-20 19:00:00,19.2,80.0,0.0,8.4,211.0,4.326319829244455,7.200205325897744
2026-06-20 20:00:00,18.6,81.0,0.0,7.9,204.0,3.2132194802988217,7.217009115376547
2026-06-20 21:00:00,18.1,81.0,0.0,7.6,199.0,2.474317973874391,7.185941174554807
2026-06-20 22:00:00,17.6,79.0,0.0,7.4,194.0,1.7902220274375409,7.180188374442374
2026-06-20 23:00:00,17.2,77.0,0.0,7.7,191.0,1.4692292643993958,7.558529312547013
2026-06-21 00:00:00,17.0,75.0,0.0,7.7,191.0,1.4692292643993958,7.558529312547013
2026-06-21 01:00:00,16.8,73.0,0.0,7.7,191.0,1.4692292643993958,7.558529312547013
2026-06-21 02:00:00,16.9,71.0,0.0,7.7,191.0,1.4692292643993958,7.558529312547013
2026-06-21 03:00:00,17.2,70.0,0.0,7.8,193.0,1.7546182238821464,7.6000865053248345
2026-06-21 04:00:00,17.8,68.0,0.0,7.6,199.0,2.474317973874391,7.185941174554807
2026-06-21 05:00:00,18.5,67.0,0.0,7.9,204.0,3.2132194802988217,7.217009115376547
2026-06-21 06:00:00,19.2,66.0,0.0,7.9,210.0,3.950000000000001,6.841600689897065
2026-06-21 07:00:00,20.0,65.0,0.0,8.2,218.0,5.048424097670398,6.46168817957512
2026-06-21 08:00:00,20.6,64.0,0.0,8.7,222.0,5.821436275322066,6.46535998165333
2026-06-21 09:00:00,21.1,64.0,0.1,9.2,225.0,6.505382386916237,6.505382386916236
2026-06-21 10:00:00,21.7,63.0,0.1,9.7,231.0,7.538315826132617,6.104407793183422
2026-06-21 11:00:00,22.2,63.0,0.1,10.6,235.0,8.683011669463312,6.079910225321088
2026-06-21 12:00:00,22.6,63.0,0.1,11.5,238.0,9.7525531057989,6.094071538681856
2026-06-21 13:00:00,22.8,64.0,0.1,11.6,240.0,10.045894683899489,5.799999999999999
2026-06-21 14:00:00,22.8,65.0,0.1,11.6,240.0,10.045894683899489,5.799999999999999
2026-06-21 15:00:00,22.5,67.0,0.0,11.0,238.0,9.328529057720685,5.829111906565254
2026-06-21 16:00:00,21.8,71.0,0.0,9.6,236.0,7.958760696528399,5.36825187331917
2026-06-21 17:00:00,21.0,74.0,0.0,8.2,229.0,6.18861855782673,5.379684037722159
2026-06-21 18:00:00,20.1,78.0,0.0,6.6,221.0,4.329989591337347,4.981083229470295
2026-06-21 19:00:00,19.3,81.0,0.0,5.6,207.0,2.542346798541462,4.989636535454859
2026-06-21 20:00:00,18.6,83.0,0.0,5.2,196.0,1.4333142502483958,4.998560818879258
2026-06-21 21:00:00,18.1,84.0,0.0,5.1,188.0,0.7097828148963339,5.050367150582009
2026-06-21 22:00:00,17.6,84.0,0.0,5.4,184.0,0.3766849582182763,5.386845871403051
2026-06-21 23:00:00,17.2,83.0,0.0,5.4,184.0,0.3766849582182763,5.386845871403051
2026-06-22 00:00:00,16.9,82.0,0.0,5.8,184.0,0.40458754771592637,5.78587149150698
2026-06-22 01:00:00,16.7,80.0,0.0,6.1,183.0,0.3192493330819582,6.0916401620029
2026-06-22 02:00:00,16.7,79.0,0.0,6.2,187.0,0.7555899291119145,6.153786140176196
2026-06-22 03:00:00,17.0,77.0,0.0,6.2,190.0,1.0766187015349686,6.10580806867569
2026-06-22 04:00:00,17.6,75.0,0.0,6.4,196.0,1.7640790772287946,6.1520748540052415
2026-06-22 05:00:00,18.3,73.0,0.0,6.6,202.0,2.4724035165450187,6.1194134401407965
2026-06-22 06:00:00,19.1,70.0,0.0,7.1,210.0,3.5500000000000007,6.148780366869514
2026-06-22 07:00:00,19.8,68.0,0.0,7.2,217.0,4.333068166694749,5.750175672340508
2026-06-22 08:00:00,20.4,67.0,0.0,7.7,221.0,5.051654523226906,5.811263767715345
2026-06-22 09:00:00,20.9,66.0,0.1,7.9,227.0,5.777694242791447,5.387787044493738
2026-06-22 10:00:00,21.4,65.0,0.1,8.7,232.0,6.85569355637848,5.356254835333226
2026-06-22 11:00:00,22.0,65.0,0.1,9.1,236.0,7.544241910250879,5.0886554215837965
2026-06-22 12:00:00,22.4,65.0,0.1,9.5,241.0,8.30888721782426,4.605691392340202
2026-06-22 13:00:00,22.6,65.0,0.1,9.8,242.0,8.652886410017485,4.60082131530173
2026-06-22 14:00:00,22.6,66.0,0.1,9.7,243.0,8.642763284627168,4.403707847473603
2026-06-22 15:00:00,22.2,68.0,0.0,9.0,241.0,7.871577364254562,4.363286582217033
2026-06-22 16:00:00,21.6,71.0,0.0,7.9,240.0,6.841600689897066,3.9499999999999997
2026-06-22 17:00:00,20.8,75.0,0.0,6.4,232.0,5.043268823083021,3.9402334420842133
2026-06-22 18:00:00,20.0,79.0,0.0,5.4,222.0,3.6133052743378347,4.012982057577929
2026-06-22 19:00:00,19.2,82.0,0.0,4.5,209.0,2.181643291108517,3.935788682127281
2026-06-22 20:00:00,18.6,84.0,0.0,4.1,195.0,1.061158084920335,3.96029588778518
2026-06-22 21:00:00,18.1,85.0,0.0,4.4,189.0,0.6883116461770161,4.3458286986186065
2026-06-22 22:00:00,17.6,85.0,0.0,4.7,184.0,0.3278554265973886,4.688551036221174
2026-06-22 23:00:00,17.2,84.0,0.0,5.1,184.0,0.35575801609503865,5.087576656325103
2026-06-23 00:00:00,16.8,83.0,0.0,5.4,184.0,0.3766849582182763,5.386845871403051
2026-06-23 01:00:00,16.7,82.0,0.0,5.8,187.0,0.7068421917498554,5.756767679519667
2026-06-23 02:00:00,16.7,81.0,0.0,6.2,190.0,1.0766187015349686,6.10580806867569
2026-06-23 03:00:00,16.9,79.0,0.0,6.7,196.0,1.8467702839738944,6.440453362786736
2026-06-23 04:00:00,17.5,77.0,0.0,7.3,200.0,2.4967470462773824,6.8597561317371305
2026-06-23 05:00:00,18.1,75.0,0.0,7.7,208.0,3.61493103345136,6.798696465013737
2026-06-23 06:00:00,18.8,73.0,0.0,8.4,211.0,4.326319829244455,7.200205325897744
2026-06-23 07:00:00,19.5,71.0,0.0,9.0,217.0,5.4163352083684355,7.187719590425635
2026-06-23 08:00:00,20.1,69.0,0.0,10.0,221.0,6.560590289905073,7.54709580222772
2026-06-23 09:00:00,20.7,68.0,0.1,10.7,225.0,7.566042558696059,7.566042558696057
2026-06-23 10:00:00,21.3,66.0,0.1,11.7,227.0,8.556838308944293,7.979380812731232
2026-06-23 11:00:00,22.0,65.0,0.1,12.8,232.0,10.086537646166041,7.880466884168427
2026-06-23 12:00:00,22.5,64.0,0.1,13.9,233.0,11.101033589657371,8.36522882181347
2026-06-23 13:00:00,22.8,64.0,0.1,14.5,235.0,11.87770464219038,8.316858327090168
2026-06-23 14:00:00,22.9,64.0,0.1,14.5,235.0,11.87770464219038,8.316858327090168
2026-06-23 15:00:00,22.6,66.0,0.0,13.9,233.0,11.101033589657371,8.36522882181347
2026-06-23 16:00:00,22.0,68.0,0.0,12.8,232.0,10.086537646166041,7.880466884168427
2026-06-23 17:00:00,21.1,72.0,0.0,11.5,226.0,8.272407703894489,7.988571260278468
2026-06-23 18:00:00,20.3,75.0,0.0,10.2,222.0,6.825132184860354,7.580077219869421
2026-06-23 19:00:00,19.5,78.0,0.0,9.3,216.0,5.46640284632,7.523858047687012
2026-06-23 20:00:00,18.9,79.0,0.0,8.7,210.0,4.3500000000000005,7.534421012924615
2026-06-23 21:00:00,18.4,79.0,0.0,8.9,207.0,4.040515447681967,7.929958065276474
2026-06-23 22:00:00,18.0,77.0,0.0,9.0,203.0,3.5165801564034633,8.284543681071963
2026-06-23 23:00:00,17.6,75.0,0.0,9.4,203.0,3.672872607799173,8.65274562245294
2026-06-24 00:00:00,17.4,72.0,0.0,9.7,202.0,3.633683956134346,8.993683389297837
2026-06-24 01:00:00,17.2,70.0,0.0,10.2,203.0,3.985457510590592,9.389149505214892
2026-06-24 02:00:00,17.3,68.0,0.0,10.6,204.0,4.311408416603482,9.683581851011569
2026-06-24 03:00:00,17.6,67.0,0.0,11.1,205.0,4.691062705321763,10.060016436106814
2026-06-24 04:00:00,18.1,65.0,0.0,11.4,208.0,5.351975815759156,10.065602558591767
2026-06-24 05:00:00,18.7,64.0,0.0,11.8,211.0,6.077449283938639,10.114574148284927
2026-06-24 06:00:00,19.4,63.0,0.0,12.5,213.0,6.807987937687838,10.4833820993178
2026-06-24 07:00:00,20.1,62.0,0.0,12.9,216.0,7.582429754572904,10.436319227436822
2026-06-24 08:00:00,20.6,61.0,0.0,13.3,218.0,8.188297621831255,10.480543022969403
2026-06-24 09:00:00,21.2,60.0,0.0,14.0,222.0,9.367828489024015,10.40402755668352
2026-06-24 10:00:00,21.8,60.0,0.0,15.0,224.0,10.419875556884959,10.790097005079765
2026-06-24 11:00:00,22.3,60.0,0.0,16.1,228.0,11.964631690186048,10.773002762377619
2026-06-24 12:00:00,22.8,60.0,0.0,16.9,230.0,12.946151088710728,10.863110603702513
2026-06-24 13:00:00,23.1,60.0,0.0,17.4,232.0,13.71138711275696,10.712509670666453
2026-06-24 14:00:00,23.1,61.0,0.0,17.4,232.0,13.71138711275696,10.712509670666453
2026-06-24 15:00:00,22.8,63.0,0.0,16.9,230.0,12.946151088710728,10.863110603702513
2026-06-24 16:00:00,22.2,66.0,0.0,15.8,229.0,11.924411367519799,10.365732658050016
2026-06-24 17:00:00,21.3,69.0,0.0,14.3,225.0,10.111626970967631,10.11162697096763
2026-06-24 18:00:00,20.5,72.0,0.0,13.0,219.0,8.181165083647887,10.10289749894062
2026-06-24 19:00:00,19.7,75.0,0.0,11.9,215.0,6.8255595925774495,9.747909327039002
2026-06-24 20:00:00,19.1,76.0,0.0,11.3,211.0,5.8199302464836125,9.68599049793387
2026-06-24 21:00:00,18.6,76.0,0.0,10.9,207.0,4.948496447161061,9.71197111365321
2026-06-24 22:00:00,18.3,75.0,0.0,11.1,205.0,4.691062705321763,10.060016436106814
2026-06-24 23:00:00,18.0,73.0,0.0,11.4,204.0,4.636797731064123,10.41441821712565
2026-06-25 00:00:00,17.8,71.0,0.0,11.6,202.0,4.345436483624579,10.755332712974734
2026-06-25 01:00:00,17.7,69.0,0.0,12.1,203.0,4.727846654720212,11.138108726774528
2026-06-25 02:00:00,17.8,68.0,0.0,12.1,203.0,4.727846654720212,11.138108726774528
2026-06-25 03:00:00,18.1,67.0,0.0,12.2,204.0,4.962187045524762,11.14525458323973
2026-06-25 04:00:00,18.5,66.0,0.0,12.4,206.0,5.435802220184561,11.145046174109671
2026-06-25 05:00:00,19.1,64.0,0.0,12.7,209.0,6.157082177128481,11.107670280670325
2026-06-25 06:00:00,19.8,63.0,0.0,12.8,212.0,6.782966582185023,10.855015630802253
2026-06-25 07:00:00,20.4,63.0,0.0,13.2,215.0,7.571208959833809,10.81280698461469
2026-06-25 08:00:00,20.9,62.0,0.0,13.6,217.0,8.184684314867857,10.861442936643183
2026-06-25 09:00:00,21.3,62.0,0.1,14.1,220.0,9.063305296580205,10.80122664797759
2026-06-25 10:00:00,21.8,61.0,0.1,14.8,223.0,10.093575728924979,10.824034783963723
2026-06-25 11:00:00,22.3,61.0,0.1,16.0,226.0,11.509436805418419,11.114533927343956
2026-06-25 12:00:00,22.6,62.0,0.1,16.6,228.0,12.336204102924745,11.107568065557048
2026-06-25 13:00:00,22.8,62.0,0.1,17.1,229.0,12.905533821809403,11.218609395737674
2026-06-25 14:00:00,22.8,63.0,0.1,17.1,229.0,12.905533821809403,11.218609395737674
2026-06-25 15:00:00,22.5,65.0,0.1,16.6,228.0,12.336204102924745,11.107568065557048
2026-06-25 16:00:00,22.0,67.0,0.1,15.3,225.0,10.818733752154179,10.818733752154177
2026-06-25 17:00:00,21.3,70.0,0.1,13.8,221.0,9.053614600069,10.414992207074254
2026-06-25 18:00:00,20.5,72.0,0.1,12.4,216.0,7.288537128426667,10.031810730249349
2026-06-25 19:00:00,19.8,74.0,0.1,11.3,211.0,5.8199302464836125,9.68599049793387
2026-06-25 20:00:00,19.3,75.0,0.1,10.8,206.0,4.734408385322037,9.706975700031006
2026-06-25 21:00:00,18.9,75.0,0.0,10.5,202.0,3.9333692308670756,9.735430472951268
2026-06-25 22:00:00,18.6,74.0,0.0,10.5,202.0,3.9333692308670756,9.735430472951268
2026-06-25 23:00:00,18.3,73.0,0.0,10.7,200.0,3.659615533584656,10.054711042409219
2026-06-26 00:00:00,18.1,71.0,0.0,10.8,201.0,3.870373855089244,10.08266860616978
2026-06-26 01:00:00,18.0,69.0,0.0,11.2,201.0,4.013721034907364,10.45610077676866
2026-06-26 02:00:00,18.1,68.0,0.0,11.3,202.0,4.233054505599806,10.4771775566047
2026-06-26 03:00:00,18.3,67.0,0.0,11.4,204.0,4.636797731064123,10.41441821712565
2026-06-26 04:00:00,18.8,66.0,0.0,11.8,207.0,5.357087896926653,10.51387698542274
2026-06-26 05:00:00,19.4,65.0,0.0,12.1,210.0,6.050000000000002,10.478907385791707
2026-06-26 06:00:00,20.0,63.0,0.0,12.2,214.0,6.822153422343111,10.114258385171508
2026-06-26 07:00:00,20.6,63.0,0.0,12.6,217.0,7.582869291715809,10.062807426595889
2026-06-26 08:00:00,21.1,62.0,0.0,13.0,219.0,8.181165083647887,10.10289749894062
2026-06-26 09:00:00,21.5,62.0,0.1,13.5,222.0,9.033263185844586,10.032455143944823
2026-06-26 10:00:00,22.0,61.0,0.1,14.3,225.0,10.111626970967631,10.11162697096763
2026-06-26 11:00:00,22.5,61.0,0.1,15.3,227.0,11.189711634773309,10.434574908956227
2026-06-26 12:00:00,22.9,62.0,0.1,16.1,230.0,12.333315534215547,10.348880515953283
2026-06-26 13:00:00,23.1,62.0,0.1,16.4,230.0,12.563128867151239,10.541716798859243
2026-06-26 14:00:00,23.1,63.0,0.1,16.4,230.0,12.563128867151239,10.541716798859243
2026-06-26 15:00:00,22.8,65.0,0.1,15.8,229.0,11.924411367519799,10.365732658050016
2026-06-26 16:00:00,22.2,67.0,0.1,14.5,226.0,10.430427104910443,10.07254637165546
2026-06-26 17:00:00,21.5,69.0,0.1,12.8,220.0,8.227681403987704,9.80536887192292
2026-06-26 18:00:00,20.7,72.0,0.1,11.4,215.0,6.538771374401926,9.338333304894507
2026-06-26 19:00:00,20.0,74.0,0.1,10.5,207.0,4.766900247265242,9.355568503977862
2026-06-26 20:00:00,19.5,75.0,0.1,9.7,202.0,3.633683956134346,8.993683389297837
2026-06-26 21:00:00,19.1,75.0,0.0,9.1,198.0,2.8120546488120217,8.654614298285896
2026-06-26 22:00:00,18.6,74.0,0.0,9.0,196.0,2.4807362023529924,8.65135526344487
2026-06-26 23:00:00,18.3,73.0,0.0,8.6,195.0,2.2258437878816784,8.306962106085987
2026-06-27 00:00:00,18.1,72.0,0.0,8.6,195.0,2.2258437878816784,8.306962106085987
2026-06-27 01:00:00,17.9,70.0,0.0,8.2,195.0,2.12231616984067,7.92059177557036
2026-06-27 02:00:00,18.0,69.0,0.0,8.3,198.0,2.564841053312064,7.893769085249775
2026-06-27 03:00:00,18.2,68.0,0.0,8.6,202.0,3.2216167033768426,7.973781149274371
2026-06-27 04:00:00,18.7,67.0,0.0,8.9,207.0,4.040515447681967,7.929958065276474
2026-06-27 05:00:00,19.3,66.0,0.0,9.7,211.0,4.995869326627525,8.31452281681049
2026-06-27 06:00:00,20.0,65.0,0.0,10.6,215.0,6.079910225321089,8.683011669463312
2026-06-27 07:00:00,20.6,64.0,0.0,11.2,220.0,7.1992212284892405,8.579697762932554
2026-06-27 08:00:00,21.1,64.0,0.0,12.0,221.0,7.872708347886087,9.056514962673264
2026-06-27 09:00:00,21.5,64.0,0.2,12.7,223.0,8.66137917279373,9.288192010563463
2026-06-27 10:00:00,22.0,64.0,0.2,13.7,225.0,9.687362902255702,9.6873629022557
2026-06-27 11:00:00,22.4,64.0,0.2,14.8,227.0,10.824034783963723,10.093575728924979
2026-06-27 12:00:00,22.8,64.0,0.2,15.5,228.0,11.518744794899611,10.371524398562302
2026-06-27 13:00:00,23.0,65.0,0.2,16.1,228.0,11.964631690186048,10.773002762377619
2026-06-27 14:00:00,23.0,66.0,0.2,16.1,228.0,11.964631690186048,10.773002762377619
2026-06-27 15:00:00,22.7,67.0,0.1,15.3,227.0,11.189711634773309,10.434574908956227
2026-06-27 16:00:00,22.2,69.0,0.1,13.7,225.0,9.687362902255702,9.6873629022557
2026-06-27 17:00:00,21.5,72.0,0.1,11.8,220.0,7.5848937943011645,9.03932442880394
2026-06-27 18:00:00,20.8,74.0,0.1,10.1,215.0,5.793122007145566,8.273435647318816
2026-06-27 19:00:00,20.1,76.0,0.1,8.5,208.0,3.9905082836800725,7.505054539300878
2026-06-27 20:00:00,19.6,77.0,0.1,7.4,203.0,2.8914103508206255,6.811735915548059
2026-06-27 21:00:00,19.1,78.0,0.0,6.8,198.0,2.1013155617496424,6.467184310807044
2026-06-27 22:00:00,18.7,78.0,0.0,6.3,193.0,1.4171916423663489,6.1385314081469815
2026-06-27 23:00:00,18.3,78.0,0.0,6.2,190.0,1.0766187015349686,6.10580806867569
2026-06-28 00:00:00,18.0,78.0,0.0,6.2,190.0,1.0766187015349686,6.10580806867569
2026-06-28 01:00:00,17.8,78.0,0.0,5.9,191.0,1.125773072721615,5.791600382341218
2026-06-28 02:00:00,17.8,77.0,0.0,5.9,191.0,1.125773072721615,5.791600382341218
2026-06-28 03:00:00,18.1,76.0,0.0,5.9,194.0,1.4273391840380394,5.7247447850283795
2026-06-28 04:00:00,18.6,75.0,0.0,5.8,202.0,2.1727182418122895,5.377666356487367
2026-06-28 05:00:00,19.3,73.0,0.0,6.3,211.0,3.244739871933341,5.400153994423308
2026-06-28 06:00:00,19.9,72.0,0.0,6.6,221.0,4.329989591337347,4.981083229470295
2026-06-28 07:00:00,20.6,71.0,0.0,7.1,225.0,5.020458146424487,5.020458146424486
2026-06-28 08:00:00,21.0,70.0,0.0,7.4,231.0,5.750880114781585,4.656970893768797
2026-06-28 09:00:00,21.3,70.0,0.3,7.5,235.0,6.143640332167439,4.301823272632845
2026-06-28 10:00:00,21.6,71.0,0.3,7.6,239.0,6.5144714853360535,3.9142893693164114
2026-06-28 11:00:00,21.8,72.0,0.3,7.2,243.0,6.415246974156249,3.2687315981247367
2026-06-28 12:00:00,22.0,74.0,0.3,7.1,246.0,6.486172749262466,2.8878301658381815
2026-06-28 13:00:00,22.0,75.0,0.3,7.0,249.0,6.535062985480412,2.5085756468171017
2026-06-28 14:00:00,22.1,75.0,0.3,7.0,249.0,6.535062985480412,2.5085756468171017
