time,temperature_2m,relativehumidity_2m,precipitation,windspeed_10m,winddirection_10m,u,v
2026-01-20 00:00:00,15.6,91.0,0.1,27.9,44.0,-19.380968535806023,-20.06958042944837
2026-01-20 01:00:00,15.6,91.0,0.2,27.4,40.0,-17.61238050541118,-20.989617741459995
2026-01-20 02:00:00,15.4,90.0,0.4,26.9,38.0,-16.5612936862602,-21.197489272020825
2026-01-20 03:00:00,14.8,91.0,0.6,29.2,34.0,-16.3284327813458,-24.20789711860722
2026-01-20 04:00:00,14.1,93.0,0.8,30.1,31.0,-15.50264605479264,-25.800735751133576
2026-01-20 05:00:00,13.7,90.0,0.7000000000000001,30.5,33.0,-16.611490567958324,-25.579452322335435
2026-01-20 06:00:00,13.6,86.0,0.2,29.5,38.0,-18.162013522106914,-23.246317231398304
2026-01-20 07:00:00,13.8,80.0,0.0,28.7,42.0,-19.20404840249923,-21.328256491201216
2026-01-20 08:00:00,14.4,78.0,0.0,28.5,57.0,-23.902111186444586,-15.522212497928273
2026-01-20 09:00:00,15.4,72.0,0.0,34.4,55.0,-28.178830323541316,-19.731029410475987
2026-01-20 10:00:00,15.6,71.0,0.0,36.0,49.0,-27.169544888019797,-23.618125043658253
2026-01-20 11:00:00,15.4,72.0,0.0,33.5,48.0,-24.895351653492707,-22.41587531302175
2026-01-20 12:00:00,15.8,68.0,0.0,32.7,47.0,-23.91526604294688,-22.3013463740437
2026-01-20 13:00:00,15.4,68.0,0.0,33.2,45.0,-23.475945135393385,-23.475945135393378
2026-01-20 14:00:00,15.2,70.0,0.0,33.2,46.0,-23.882081371243217,-23.062657899238715
2026-01-20 15:00:00,14.6,71.0,0.0,32.7,44.0,-22.715328714009214,-23.522411471073895
2026-01-20 16:00:00,13.8,72.0,0.0,31.6,43.0,-21.551148177974955,-23.110776971165787
2026-01-20 17:00:00,13.4,71.0,0.0,31.1,45.0,-21.991020894901634,-21.991020894901627
2026-01-20 18:00:00,12.9,73.0,0.0,30.3,45.0,-21.425335469952394,-21.42533546995239
2026-01-20 19:00:00,12.6,74.0,0.0,30.3,44.0,-21.04814862490762,-21.795995950261133
2026-01-20 20:00:00,13.1,76.0,0.0,28.9,48.0,-21.476885456296692,-19.337874523771003
2026-01-20 21:00:00,13.1,73.0,0.0,29.3,45.0,-20.718228688765848,-20.71822868876584
2026-01-20 22:00:00,12.7,75.0,0.0,28.9,45.0,-20.435385976291226,-20.435385976291222
2026-01-20 23:00:00,12.5,75.0,0.0,28.3,47.0,-20.697309755822527,-19.300553589768704
2026-01-21 00:00:00,12.1,77.0,0.0,28.4,44.0,-19.72829772103552,-20.42925032961769
2026-01-21 01:00:00,12.2,76.0,0.0,27.0,42.0,-18.066526371689168,-20.06491028788965
2026-01-21 02:00:00,11.9,77.0,0.0,28.8,43.0,-19.64155276979996,-21.06298660663211
2026-01-21 03:00:00,12.1,74.0,0.0,26.3,45.0,-18.596908345206206,-18.5969083452062
2026-01-21 04:00:00,11.8,76.0,0.0,27.3,41.0,-17.91041149144085,-20.603571540081678
2026-01-21 05:00:00,11.4,78.0,0.0,27.6,40.0,-17.74093802734849,-21.142826630083793
2026-01-21 06:00:00,11.1,78.0,0.0,26.9,41.0,-17.647987879844646,-20.301687707992567
2026-01-21 07:00:00,10.8,80.0,0.2,26.5,43.0,-18.07295654165621,-19.38087309290802
2026-01-21 08:00:00,11.9,77.0,0.1,27.2,46.0,-19.56604256921131,-18.894707676484728
2026-01-21 09:00:00,12.4,74.0,0.1,30.2,47.0,-22.08688178889895,-20.59635047388745
2026-01-21 10:00:00,12.6,71.0,0.0,31.1,46.0,-22.37146779053205,-21.60387532127482
2026-01-21 11:00:00,13.1,67.0,0.0,31.7,48.0,-23.5576909676334,-21.211440221575806
2026-01-21 12:00:00,12.9,68.0,0.0,30.9,40.0,-19.86213713931407,-23.670773292376417
2026-01-21 13:00:00,12.4,72.0,0.0,30.3,39.0,-19.068407848810086,-23.547522632146208
2026-01-21 14:00:00,12.4,73.0,0.0,30.5,45.0,-21.566756826189703,-21.566756826189696
2026-01-21 15:00:00,12.2,74.0,0.1,31.0,47.0,-22.671964750194288,-21.14194916193745
2026-01-21 16:00:00,12.1,72.0,0.0,31.8,46.0,-22.875005650769104,-22.090136180596115
2026-01-21 17:00:00,11.6,75.0,0.0,29.7,40.0,-19.090792007690222,-22.751519960633644
2026-01-21 18:00:00,11.2,76.0,0.0,28.5,40.0,-18.319446876066376,-21.83226662889087
2026-01-21 19:00:00,10.9,78.0,0.0,28.0,43.0,-19.09595408174996,-20.477903645336774
2026-01-21 20:00:00,10.8,82.0,0.0,26.2,55.0,-21.461783560371586,-15.027702632397409
2026-01-21 21:00:00,10.8,83.0,0.0,26.8,52.0,-21.118688196660152,-16.49972753872764
2026-01-21 22:00:00,10.9,82.0,0.1,26.7,50.0,-20.45338663127671,-17.162429178630596
2026-01-21 23:00:00,10.9,80.0,0.0,26.2,47.0,-19.16146698242227,-17.868357033637455
2026-01-22 00:00:00,10.9,80.0,0.0,25.8,46.0,-18.5589668487372,-17.92218595784213
2026-01-22 01:00:00,10.9,78.0,0.1,25.8,44.0,-17.922185957842128,-18.558966848737203
2026-01-22 02:00:00,10.9,82.0,0.2,27.1,46.0,-19.494108589177447,-18.825241839438828
2026-01-22 03:00:00,10.7,84.0,0.3,26.2,47.0,-19.16146698242227,-17.868357033637455
2026-01-22 04:00:00,10.5,86.0,0.5,26.9,48.0,-19.990595805341904,-17.999613311053285
2026-01-22 05:00:00,10.4,84.0,0.1,25.6,52.0,-20.173075292332086,-15.76093376833685
2026-01-22 06:00:00,10.6,81.0,0.0,25.2,50.0,-19.304319966598246,-16.19824776410079
2026-01-22 07:00:00,10.8,79.0,0.0,24.6,49.0,-18.565855673480197,-16.139052113166475
2026-01-22 08:00:00,11.8,79.0,0.0,25.5,54.0,-20.629933356561164,-14.988523933458062
2026-01-22 09:00:00,12.3,77.0,0.0,24.6,54.0,-19.90181806162371,-14.459517206394837
2026-01-22 10:00:00,12.1,78.0,0.0,29.6,52.0,-23.325118306758974,-18.223579669639484
2026-01-22 11:00:00,13.1,74.0,0.1,29.3,48.0,-21.77414338648765,-19.605526766314547
2026-01-22 12:00:00,13.7,68.0,0.0,29.2,49.0,-22.037519742504944,-19.156923646522806
2026-01-22 13:00:00,13.4,70.0,0.0,30.8,44.0,-21.395477810137116,-22.155665850430456
2026-01-22 14:00:00,12.8,75.0,0.0,27.4,48.0,-20.3621682180806,-18.334178614232716
2026-01-22 15:00:00,12.9,76.0,0.1,26.4,48.0,-19.619023392603207,-17.665048007873857
2026-01-22 16:00:00,12.5,80.0,0.1,25.1,46.0,-18.055428988500143,-17.435925098520833
2026-01-22 17:00:00,12.2,82.0,0.0,23.3,46.0,-16.76061734789057,-16.18554003169464
2026-01-22 18:00:00,11.9,84.0,0.1,23.3,46.0,-16.76061734789057,-16.18554003169464
2026-01-22 19:00:00,11.4,89.0,0.5,24.6,48.0,-18.2813627067439,-16.460612916427912
2026-01-22 20:00:00,11.0,94.0,0.2,22.8,49.0,-17.207378429079206,-14.958145860983562
2026-01-22 21:00:00,11.0,93.0,1.0,23.7,51.0,-18.418359286530208,-14.914893267881151
2026-01-22 22:00:00,10.9,93.0,1.0,24.2,58.0,-20.52276392698551,-12.824046194443556
2026-01-22 23:00:00,10.9,92.0,0.5,22.1,54.0,-17.879275575686343,-12.990054075663656
2026-01-23 00:00:00,11.2,90.0,0.2,23.1,51.0,-17.952071709656025,-14.53730103325125
2026-01-23 01:00:00,11.4,90.0,0.1,23.4,49.0,-17.660204177212865,-15.351781278377864
2026-01-23 02:00:00,11.5,91.0,0.1,23.6,47.0,-17.259947358212425,-16.095161297474963
2026-01-23 03:00:00,11.6,90.0,0.1,22.0,43.0,-15.003963921374968,-16.08978143562175
2026-01-23 04:00:00,11.6,91.0,0.1,22.8,45.0,-16.122034611053287,-16.122034611053284
2026-01-23 05:00:00,11.7,91.0,0.1,22.4,46.0,-16.113211527585783,-15.56034749828154
2026-01-23 06:00:00,11.8,89.0,0.0,21.8,48.0,-16.200557195407196,-14.58704721862311
2026-01-23 07:00:00,12.0,87.0,0.0,20.7,50.0,-15.857119972562844,-13.305703520511361
2026-01-23 08:00:00,13.4,87.0,0.0,21.6,56.0,-17.907211567188906,-12.07856671496813
2026-01-23 09:00:00,14.7,78.0,0.0,24.5,58.0,-20.77717835583244,-12.983021973713518
2026-01-23 10:00:00,15.9,71.0,0.0,28.7,60.0,-24.854929088613385,-14.350000000000003
2026-01-23 11:00:00,17.1,66.0,0.0,28.2,60.0,-24.42191638672117,-14.100000000000003
2026-01-23 12:00:00,18.1,63.0,0.0,26.1,55.0,-21.379868355942687,-14.970344988762305
2026-01-23 13:00:00,18.4,63.0,0.0,25.5,50.0,-19.534133299533938,-16.39108404700675
2026-01-23 14:00:00,18.5,64.0,0.0,22.1,56.0,-18.321730353466425,-12.358163166703502
2026-01-23 15:00:00,18.6,64.0,0.0,20.5,54.0,-16.584848384686424,-12.049597671995697
2026-01-23 16:00:00,17.9,67.0,0.0,20.2,46.0,-14.530663966840752,-14.032099083271746
2026-01-23 17:00:00,16.2,77.0,0.0,19.8,42.0,-13.24878600590539,-14.714267544452408
2026-01-23 18:00:00,15.1,82.0,0.0,20.1,43.0,-13.708167037256223,-14.700209402545328
2026-01-23 19:00:00,14.8,82.0,0.0,20.5,45.0,-14.495689014324228,-14.495689014324222
2026-01-23 20:00:00,14.9,84.0,0.0,19.6,36.0,-11.520590944932476,-15.85673308974897
2026-01-23 21:00:00,15.0,83.0,0.0,19.5,43.0,-13.298968021218723,-14.261397181573823
2026-01-23 22:00:00,14.8,86.0,0.0,19.5,48.0,-14.491324096809187,-13.048046823997735
2026-01-23 23:00:00,14.6,90.0,0.0,17.2,47.0,-12.579283667849733,-11.730371793074971
2026-01-24 00:00:00,14.4,92.0,0.0,17.4,37.0,-10.471581402845638,-13.896257874822894
2026-01-24 01:00:00,14.4,92.0,0.0,17.5,32.0,-9.273587124081088,-14.840841682737453
2026-01-24 02:00:00,14.7,92.0,0.0,14.6,27.0,-6.628261296197385,-13.008695253150169
2026-01-24 03:00:00,14.8,93.0,0.0,11.4,31.0,-5.871434053974621,-9.771707228004079
2026-01-24 04:00:00,15.1,91.0,0.0,11.9,39.0,-7.48891265349307,-9.24803694133795
2026-01-24 05:00:00,14.6,95.0,0.1,12.9,40.0,-8.29196016495636,-9.881973316234815
2026-01-24 06:00:00,14.6,95.0,0.0,14.8,33.0,-8.0606577182224,-12.412324405592276
2026-01-24 07:00:00,14.6,94.0,0.0,16.3,33.0,-8.87761627074494,-13.670330257510413
2026-01-24 08:00:00,15.6,88.0,0.0,18.6,46.0,-13.37972028629891,-12.920645690537352
2026-01-24 09:00:00,16.7,81.0,0.0,22.8,54.0,-18.445587471748805,-13.401503752268386
2026-01-24 10:00:00,18.2,71.0,0.0,25.0,64.0,-22.469851157479173,-10.959278669726936
2026-01-24 11:00:00,18.9,69.0,0.0,24.1,64.0,-21.660936515809926,-10.564744637616768
2026-01-24 12:00:00,19.1,67.0,0.0,25.0,55.0,-20.478801107224793,-14.339410908776154
2026-01-24 13:00:00,19.5,66.0,0.0,25.5,52.0,-20.09427421697141,-15.699367620804283
2026-01-24 14:00:00,19.2,69.0,0.0,25.9,49.0,-19.546978127769798,-16.991928850854134
2026-01-24 15:00:00,18.6,70.0,0.0,26.1,52.0,-20.567080669135446,-16.06876450599968
2026-01-24 16:00:00,17.8,73.0,0.0,24.8,49.0,-18.71679758952475,-16.270263918964574
2026-01-24 17:00:00,16.7,78.0,0.0,24.0,50.0,-18.385066634855473,-15.426902632476942
2026-01-24 18:00:00,15.7,84.0,0.0,24.6,52.0,-19.385064538725363,-15.145272293011192
2026-01-24 19:00:00,15.4,87.0,0.0,26.0,58.0,-22.049250500067078,-13.777900870063325
2026-01-24 20:00:00,15.2,88.0,0.0,26.7,55.0,-21.87135958251608,-15.314490850572932
2026-01-24 21:00:00,15.2,88.0,0.0,27.3,58.0,-23.151713025070432,-14.466795913566491
2026-01-24 22:00:00,15.1,90.0,0.0,25.0,57.0,-20.9667641986356,-13.615975875375677
2026-01-24 23:00:00,15.0,91.0,0.0,20.0,55.0,-16.383040885779835,-11.471528727020923
2026-01-25 00:00:00,14.6,95.0,0.0,15.0,53.0,-11.979532650709393,-9.027225347280726
2026-01-25 01:00:00,14.4,97.0,0.0,13.5,57.0,-11.322052667263225,-7.352626972702866
2026-01-25 02:00:00,13.8,99.0,0.0,7.7,90.0,-7.7,9.42978035343462e-16
2026-01-25 03:00:00,12.8,98.0,0.0,4.2,144.0,-2.468698059628387,3.3978713763747797
2026-01-25 04:00:00,13.1,92.0,0.0,5.8,182.0,0.20241708087450627,5.796466796710755
2026-01-25 05:00:00,13.1,90.0,0.0,6.5,161.0,-2.116193003971518,6.1458707413955596
2026-01-25 06:00:00,12.8,94.0,0.0,6.8,132.0,-5.0533848132462795,4.550088123240236
2026-01-25 07:00:00,12.8,93.0,0.0,4.6,126.0,-3.7214781741247576,2.7038121605453767
2026-01-25 08:00:00,15.2,90.0,0.0,7.1,41.0,-4.658019105832602,-5.358438019581681
2026-01-25 09:00:00,18.2,85.0,0.0,11.5,32.0,-6.094071538681858,-9.7525531057989
2026-01-25 10:00:00,20.4,74.0,0.0,13.6,46.0,-9.783021284605654,-9.447353838242364
2026-01-25 11:00:00,22.0,68.0,0.0,12.0,30.0,-6.000000000000005,-10.39230484541326
2026-01-25 12:00:00,22.9,66.0,0.0,12.6,29.0,-6.108601215103844,-11.02020830995639
2026-01-25 13:00:00,23.5,64.0,0.0,11.0,19.0,-3.581249699028723,-10.400704331592486
2026-01-25 14:00:00,22.8,68.0,0.0,11.4,11.0,-2.1752225472926088,-11.19054989130337
2026-01-25 15:00:00,23.2,66.0,0.0,7.1,21.0,-2.5444124417716347,-6.6284210281301315
2026-01-25 16:00:00,23.1,67.0,0.0,2.7,20.0,-0.9234543869793052,-2.537170076121953
2026-01-25 17:00:00,21.4,82.0,0.0,0.8,315.0,0.5656854249492381,-0.565685424949238
2026-01-25 18:00:00,18.6,90.0,0.0,5.7,198.0,1.7613968679372005,5.421022142882375
2026-01-25 19:00:00,17.9,90.0,0.0,13.8,195.0,3.571702822414786,13.329776402789143
2026-01-25 20:00:00,17.0,96.0,0.0,10.4,198.0,3.2137767414994536,9.890987769469596
2026-01-25 21:00:00,16.5,98.0,0.0,11.6,186.0,1.21253017390478,11.53645398627197
2026-01-25 22:00:00,16.5,97.0,0.0,11.2,183.0,0.5861627099209724,11.184650789251226
2026-01-25 23:00:00,15.9,98.0,0.0,7.2,174.0,-0.7526049355271056,7.160557646651568
2026-01-26 00:00:00,15.2,99.0,0.0,6.2,187.0,0.7555899291119145,6.153786140176196
2026-01-26 01:00:00,15.1,99.0,0.0,7.9,176.0,-0.5510761425785902,7.880755997052612
2026-01-26 02:00:00,14.6,99.0,0.0,4.4,168.0,-0.9148114395981412,4.303849443228746
2026-01-26 03:00:00,15.6,99.0,0.0,7.0,192.0,1.4553818357243162,6.847033205136639
2026-01-26 04:00:00,15.9,98.0,0.0,6.8,197.0,1.98812759211461,6.502872340548641
2026-01-26 05:00:00,15.9,98.0,0.0,5.3,208.0,2.4881992827652213,4.679622242152313
2026-01-26 06:00:00,15.4,100.0,0.0,7.4,212.0,3.9214025553257166,6.275555911557553
2026-01-26 07:00:00,15.6,100.0,0.0,7.8,217.0,4.694157180585977,6.229356978368884
2026-01-26 08:00:00,16.6,97.0,0.0,5.4,214.0,3.019641678742033,4.476802891797226
2026-01-26 09:00:00,18.2,91.0,0.0,4.8,257.0,4.676976310969129,1.079765060850552
2026-01-26 10:00:00,19.0,86.0,0.1,5.5,319.0,3.6083246594477902,-4.150902691225246
2026-01-26 11:00:00,19.0,86.0,0.0,9.8,328.0,5.193208789485408,-8.310871342332975
2026-01-26 12:00:00,18.5,88.0,0.0,8.9,341.0,2.897556574668695,-8.41511532283392
2026-01-26 13:00:00,19.5,81.0,0.0,8.1,329.0,4.171808406771438,-6.94305513568711
2026-01-26 14:00:00,19.3,82.0,0.0,10.3,299.0,9.008582983535776,-4.993539088537272
2026-01-26 15:00:00,18.7,85.0,0.0,7.6,285.0,7.341036279796919,-1.9670247427791576
2026-01-26 16:00:00,18.2,87.0,0.0,5.7,261.0,5.629823541392286,0.891676450729316
2026-01-26 17:00:00,18.0,87.0,0.0,4.6,206.0,2.016507275229756,4.134452612976168
2026-01-26 18:00:00,18.1,86.0,0.0,4.8,191.0,0.9158831778074156,4.711810480548787
2026-01-26 19:00:00,17.9,88.0,0.0,2.1,322.0,1.2928890981838825,-1.6548225825741163
2026-01-26 20:00:00,17.8,91.0,0.0,2.8,15.0,-0.7246933262870577,-2.7045923136093912
2026-01-26 21:00:00,16.6,96.0,0.0,5.1,17.0,-1.4910956940859592,-4.8771542554114795
2026-01-26 22:00:00,16.9,97.0,0.1,8.1,355.0,0.7059615162560309,-8.069177054543138
2026-01-26 23:00:00,16.6,99.0,0.0,8.7,30.0,-4.350000000000003,-7.534421012924613
2026-01-27 00:00:00,16.3,99.0,0.0,7.4,47.0,-5.412017391981863,-5.046787864462488
2026-01-27 01:00:00,16.4,98.0,0.0,7.8,68.0,-7.232034065620942,-2.921931428644114
2026-01-27 02:00:00,16.6,98.0,0.0,7.6,59.0,-6.5144714853360535,-3.9142893693164114
2026-01-27 03:00:00,16.6,98.0,0.0,8.2,49.0,-6.1886185578267305,-5.379684037722157
2026-01-27 04:00:00,16.5,97.0,0.0,10.5,37.0,-6.319057743096507,-8.385672855496574
2026-01-27 05:00:00,16.4,98.0,0.3,14.4,34.0,-8.05237780997875,-11.938141044792603
2026-01-27 06:00:00,16.2,94.0,0.3,20.6,40.0,-13.241424759542713,-15.780515528250946
2026-01-27 07:00:00,15.6,92.0,0.1,22.4,40.0,-14.398442456978483,-17.159395525865104
2026-01-27 08:00:00,16.1,89.0,0.1,22.5,40.0,-14.462721217947138,-17.235999970177
2026-01-27 09:00:00,16.9,85.0,0.1,23.7,46.0,-17.04835326802603,-16.463403379878237
2026-01-27 10:00:00,17.8,77.0,0.0,25.0,48.0,-18.578620636934858,-16.728265158971457
2026-01-27 11:00:00,17.5,77.0,0.3,25.0,43.0,-17.049959001562463,-18.283842540479263
2026-01-27 12:00:00,16.8,84.0,0.6,26.0,37.0,-15.647190601953255,-20.764523261229613
2026-01-27 13:00:00,17.1,80.0,0.2,28.0,39.0,-17.62097094939546,-21.760086920795175
2026-01-27 14:00:00,17.0,80.0,0.1,29.2,38.0,-17.977315079509214,-23.009914005316286
2026-01-27 15:00:00,16.5,80.0,0.1,26.9,37.0,-16.1888241227901,-21.483295220272176
2026-01-27 16:00:00,15.7,85.0,0.3,25.8,40.0,-16.58392032991272,-19.76394663246963
2026-01-27 17:00:00,15.2,87.0,0.2,25.0,39.0,-15.733009776245947,-19.428649036424265
2026-01-27 18:00:00,14.7,90.0,0.4,25.9,38.0,-15.945632210934543,-20.4094785184141
2026-01-27 19:00:00,14.4,90.0,0.2,26.5,40.0,-17.033871656693297,-20.300177742652913
2026-01-27 20:00:00,14.2,91.0,0.1,25.1,44.0,-17.435925098520833,-18.055428988500147
2026-01-27 21:00:00,14.4,90.0,0.1,25.6,43.0,-17.459158017599965,-18.722654761450766
2026-01-27 22:00:00,14.3,90.0,0.1,26.1,40.0,-16.77675661281868,-19.993759965405324
2026-01-27 23:00:00,14.2,88.0,0.1,24.4,40.0,-15.684017676351562,-18.69148441210306
2026-01-28 00:00:00,14.1,88.0,0.3,24.2,39.0,-15.229553463406075,-18.806932267258688
2026-01-28 01:00:00,13.9,88.0,0.1,24.4,37.0,-14.684286564909977,-19.486706445153946
2026-01-28 02:00:00,13.9,87.0,0.1,25.1,39.0,-15.79594181535093,-19.50636363256996
2026-01-28 03:00:00,13.9,86.0,0.0,24.4,37.0,-14.684286564909977,-19.486706445153946
2026-01-28 04:00:00,13.7,84.0,0.0,24.0,40.0,-15.426902632476947,-18.38506663485547
2026-01-28 05:00:00,13.5,83.0,0.0,24.1,40.0,-15.491181393445602,-18.461671079167367
2026-01-28 06:00:00,13.4,82.0,0.0,23.3,45.0,-16.47558800164656,-16.475588001646557
2026-01-28 07:00:00,13.4,82.0,0.0,22.8,43.0,-15.549562609424969,-16.674864396917087
2026-01-28 08:00:00,14.5,79.0,0.0,25.1,44.0,-17.435925098520833,-18.055428988500147
2026-01-28 09:00:00,15.1,75.0,0.0,27.5,47.0,-20.112226794527192,-18.754954901718705
2026-01-28 10:00:00,15.6,72.0,0.0,26.6,50.0,-20.376782186964817,-17.098150417661945
2026-01-28 11:00:00,16.2,70.0,0.0,26.6,44.0,-18.477912654209327,-19.13443868900812
2026-01-28 12:00:00,16.8,67.0,0.0,27.1,43.0,-18.482155557693712,-19.81968531387952
2026-01-28 13:00:00,16.5,68.0,0.0,26.7,39.0,-16.80285444103067,-20.749797170901115
2026-01-28 14:00:00,16.5,69.0,0.0,29.2,40.0,-18.76939820284695,-22.368497739074154
2026-01-28 15:00:00,15.4,74.0,0.0,29.2,38.0,-17.977315079509214,-23.009914005316286
2026-01-28 16:00:00,15.4,71.0,0.0,27.5,46.0,-19.781844509312904,-19.10310518762243
2026-01-28 17:00:00,15.0,73.0,0.0,26.5,51.0,-20.594367978609725,-16.676990362820696
2026-01-28 18:00:00,14.2,78.0,0.0,23.3,50.0,-17.84883552467219,-14.976951305696366
2026-01-28 19:00:00,14.1,79.0,0.0,23.3,53.0,-18.608207384101924,-14.022290039442728
2026-01-28 20:00:00,14.1,81.0,0.0,23.7,53.0,-18.927661588120838,-14.263016048703546
2026-01-28 21:00:00,14.2,82.0,0.0,24.7,51.0,-19.195505247987178,-15.544213658930989
2026-01-28 22:00:00,14.2,83.0,0.0,24.8,49.0,-18.71679758952475,-16.270263918964574
2026-01-28 23:00:00,14.2,83.0,0.0,25.4,50.0,-19.45752885522204,-16.326805286038095
2026-01-29 00:00:00,14.2,82.0,0.0,25.9,50.0,-19.84055107678153,-16.648199090881366
2026-01-29 01:00:00,14.0,83.0,0.0,26.7,46.0,-19.206372669041983,-18.54737849125523
2026-01-29 02:00:00,14.2,80.0,0.0,26.7,47.0,-19.527143833231854,-18.209356213668705
2026-01-29 03:00:00,14.4,77.0,0.0,25.9,48.0,-19.24745097986451,-17.33048270469443
2026-01-29 04:00:00,14.6,75.0,0.0,25.4,49.0,-19.16962333765841,-16.663899336358877
2026-01-29 05:00:00,14.6,75.0,0.0,25.3,50.0,-19.380924410910144,-16.262526525069443
2026-01-29 06:00:00,14.5,76.0,0.0,24.8,50.0,-18.997902189350654,-15.941132720226173
2026-01-29 07:00:00,14.4,78.0,0.0,23.3,52.0,-18.360650559036625,-14.344912375087835
2026-01-29 08:00:00,15.8,77.0,0.0,22.7,52.0,-17.88784410687259,-13.975515489892441
2026-01-29 09:00:00,17.5,70.0,0.0,21.8,50.0,-16.69976885999372,-14.012769891166556
2026-01-29 10:00:00,19.5,63.0,0.0,22.0,50.0,-16.852977748617516,-14.141327413103863
2026-01-29 11:00:00,21.1,57.0,0.0,22.6,53.0,-18.04916252706882,-13.601019523236294
2026-01-29 12:00:00,21.9,55.0,0.0,22.7,52.0,-17.88784410687259,-13.975515489892441
2026-01-29 13:00:00,22.1,54.0,0.0,22.8,49.0,-17.207378429079206,-14.958145860983562
2026-01-29 14:00:00,21.9,56.0,0.0,22.7,44.0,-15.768745009419238,-16.329013467687382
2026-01-29 15:00:00,21.1,59.0,0.0,23.7,49.0,-17.8866170512797,-15.548598987075017
2026-01-29 16:00:00,20.3,61.0,0.0,23.7,51.0,-18.418359286530208,-14.914893267881151
2026-01-29 17:00:00,18.8,66.0,0.0,23.2,55.0,-19.00432742750461,-13.30697332334427
2026-01-29 18:00:00,17.4,70.0,0.0,25.1,54.0,-20.306326558811186,-14.753409832541074
2026-01-29 19:00:00,16.7,75.0,0.0,24.2,53.0,-19.326979343144487,-14.563923560279571
2026-01-29 20:00:00,16.0,80.0,0.0,23.0,46.0,-16.544815407788974,-15.977142520556939
2026-01-29 21:00:00,16.2,80.0,0.0,19.8,51.0,-15.387490036848023,-12.460543742786784
2026-01-29 22:00:00,16.1,82.0,0.0,19.4,47.0,-14.188261811411907,-13.230768185212467
2026-01-29 23:00:00,16.5,80.0,0.0,19.0,59.0,-16.286178713340135,-9.78572342329103
2026-01-30 00:00:00,16.4,81.0,0.0,16.8,49.0,-12.679120947742572,-11.021791687040519
2026-01-30 01:00:00,16.5,81.0,0.0,18.0,66.0,-16.443818237566816,-7.321259575364404
2026-01-30 02:00:00,16.0,84.0,0.0,13.1,60.0,-11.344932789576145,-6.550000000000002
2026-01-30 03:00:00,15.6,87.0,0.0,12.3,55.0,-10.0755701447546,-7.054990167117868
2026-01-30 04:00:00,15.2,90.0,0.0,4.7,81.0,-4.6421352007971475,-0.7352419856890845
2026-01-30 05:00:00,15.1,92.0,0.0,0.5,360.0,3.061616997868383e-17,-0.5
2026-01-30 06:00:00,14.3,95.0,0.3,4.9,129.0,-3.808015211139158,3.0836699161442036
2026-01-30 07:00:00,13.9,95.0,0.0,4.2,168.0,-0.8732291014345893,4.108219923081984
2026-01-30 08:00:00,16.2,94.0,0.0,7.0,203.0,2.735117899424916,6.4435339741670825
2026-01-30 09:00:00,17.5,92.0,0.5,3.0,197.0,0.8771151141682103,2.868914267889106
2026-01-30 10:00:00,19.5,84.0,0.1,5.9,162.0,-1.8232002668121894,5.611233446141407
2026-01-30 11:00:00,21.4,70.0,0.0,5.3,262.0,5.248420764330323,0.7376174350883468
2026-01-30 12:00:00,21.5,70.0,0.0,10.2,294.0,9.318163667954527,-4.148713759373162
2026-01-30 13:00:00,21.2,73.0,0.0,9.5,302.0,8.056456913486047,-5.034233010215447
2026-01-30 14:00:00,20.1,80.0,0.0,11.1,310.0,8.503093318620655,-7.1349424675205855
2026-01-30 15:00:00,19.8,83.0,0.0,13.2,323.0,7.943958305607038,-10.541988732624265
2026-01-30 16:00:00,18.5,86.0,0.0,16.1,335.0,6.804154014025261,-14.591555371290065
2026-01-30 17:00:00,17.6,90.0,0.0,15.7,351.0,2.4560211011316255,-15.506706947343663
2026-01-30 18:00:00,17.1,92.0,0.0,13.3,13.0,-2.991849022773408,-12.959121861643627
2026-01-30 19:00:00,17.0,94.0,0.0,11.7,21.0,-4.192905009680018,-10.922890990017258
2026-01-30 20:00:00,17.0,96.0,0.0,10.4,17.0,-3.040665729116466,-9.945569462015568
2026-01-30 21:00:00,17.0,95.0,0.0,11.3,17.0,-3.3038002633669294,-10.8062437423823
2026-01-30 22:00:00,17.0,95.0,0.0,10.9,16.0,-3.0044471784052877,-10.477752485727677
2026-01-30 23:00:00,17.0,94.0,0.2,10.9,13.0,-2.4519664923481312,-10.620633706159063
2026-01-31 00:00:00,16.7,96.0,0.4,11.3,20.0,-3.864827619580055,-10.618526614880766
2026-01-31 01:00:00,16.4,98.0,0.6,11.1,25.0,-4.691062705321761,-10.060016436106816
2026-01-31 02:00:00,16.4,97.0,0.9,12.0,32.0,-6.35903117079846,-10.176577153877112
2026-01-31 03:00:00,16.3,97.0,0.2,14.0,20.0,-4.78828200655936,-13.155696691002717
2026-01-31 04:00:00,16.2,97.0,0.3,14.2,21.0,-5.0888248835432695,-13.256842056260263
2026-01-31 05:00:00,16.2,95.0,0.1,15.4,18.0,-4.758861713374192,-14.646270350945365
2026-01-31 06:00:00,16.2,95.0,0.1,14.6,21.0,-5.23217206336139,-13.630274226859143
2026-01-31 07:00:00,16.1,94.0,0.1,16.8,25.0,-7.099986797243746,-15.225970822215722
2026-01-31 08:00:00,16.4,94.0,0.1,15.9,39.0,-10.006194217692421,-12.356620787165832
2026-01-31 09:00:00,16.5,91.0,0.0,21.8,24.0,-8.866858819052442,-19.915290976608702
2026-01-31 10:00:00,16.1,87.0,0.2,23.0,24.0,-9.354942790743403,-21.011545525779823
2026-01-31 11:00:00,16.5,82.0,0.1,24.4,30.0,-12.20000000000001,-21.131019852340295
2026-01-31 12:00:00,16.6,81.0,0.1,23.5,34.0,-13.141033231562545,-19.482382955043484
2026-01-31 13:00:00,16.8,79.0,0.1,25.8,32.0,-13.671917017216689,-21.87964088083579
2026-01-31 14:00:00,16.6,80.0,0.1,25.0,35.0,-14.33941090877616,-20.47880110722479
2026-01-31 15:00:00,16.5,79.0,0.0,24.6,38.0,-15.145272293011189,-19.385064538725366
2026-01-31 16:00:00,16.0,79.0,0.0,25.8,35.0,-14.798272057856996,-21.134122742655983
2026-01-31 17:00:00,15.2,82.0,0.2,25.1,32.0,-13.300973532253446,-21.286007213526293
2026-01-31 18:00:00,14.5,89.0,0.6,26.2,35.0,-15.027702632397414,-21.46178356037158
2026-01-31 19:00:00,14.2,88.0,0.1,26.4,38.0,-16.253462948597374,-20.803483895217465
2026-01-31 20:00:00,14.1,86.0,0.1,24.5,40.0,-15.748296437320217,-18.76808885641496
2026-01-31 21:00:00,13.9,86.0,0.1,25.1,48.0,-18.652935119482596,-16.795178219607344
2026-01-31 22:00:00,13.9,88.0,0.3,26.4,46.0,-18.990570728940387,-18.33898098011753
2026-01-31 23:00:00,13.7,89.0,0.1,26.7,44.0,-18.547378491255227,-19.206372669041986
2026-02-01 00:00:00,13.8,86.0,0.1,27.1,43.0,-18.482155557693712,-19.81968531387952
2026-02-01 01:00:00,13.7,85.0,0.1,27.7,42.0,-18.53491779614037,-20.585111665723822
2026-02-01 02:00:00,13.1,91.0,0.7000000000000001,28.2,42.0,-18.869483099319798,-20.95668407846252
2026-02-01 03:00:00,12.9,92.0,0.7000000000000001,28.3,45.0,-20.0111219075793,-20.011121907579295
2026-02-01 04:00:00,12.7,91.0,0.4,27.8,47.0,-20.331632905012942,-18.959554409737454
2026-02-01 05:00:00,12.9,89.0,0.1,27.8,48.0,-20.65942614827156,-18.60183085677626
2026-02-01 06:00:00,13.0,87.0,0.0,27.1,46.0,-19.494108589177447,-18.825241839438828
2026-02-01 07:00:00,13.2,84.0,0.0,26.5,46.0,-19.062504708974252,-18.40844681716343
2026-02-01 08:00:00,14.1,84.0,0.2,26.8,49.0,-20.226216749970295,-17.58238197694559
2026-02-01 09:00:00,14.6,83.0,0.3,27.9,45.0,-19.72827919510468,-19.728279195104673
2026-02-01 10:00:00,15.3,78.0,0.2,30.7,44.0,-21.326011973091216,-22.08373187039659
2026-02-01 11:00:00,15.6,75.0,0.1,31.8,46.0,-22.875005650769104,-22.090136180596115
2026-02-01 12:00:00,15.9,75.0,0.3,29.9,42.0,-20.00700513012986,-22.22003028177409
2026-02-01 13:00:00,15.2,81.0,0.5,27.6,39.0,-17.369242792975527,-21.449228536212388
2026-02-01 14:00:00,15.8,78.0,0.4,29.0,40.0,-18.640840680909644,-22.21528885045036
2026-02-01 15:00:00,15.6,78.0,0.3,26.7,41.0,-17.516776074046543,-20.15074579194801
2026-02-01 16:00:00,15.8,77.0,0.1,26.5,53.0,-21.16384101625326,-15.948098113529282
2026-02-01 17:00:00,15.1,82.0,0.0,23.4,45.0,-16.546298679765215,-16.546298679765208
2026-02-01 18:00:00,14.4,85.0,0.0,24.3,33.0,-13.234728550865157,-20.379694801073803
2026-02-01 19:00:00,14.8,82.0,0.0,24.6,34.0,-13.756145425380366,-20.39432428485403
2026-02-01 20:00:00,14.7,86.0,0.0,26.3,37.0,-15.82773510889887,-21.004113914243803
2026-02-01 21:00:00,14.6,85.0,0.0,25.4,38.0,-15.637801473271715,-20.01547314161074
2026-02-01 22:00:00,14.6,84.0,0.0,24.7,35.0,-14.167337977870845,-20.233055493938092
2026-02-01 23:00:00,14.4,86.0,0.4,25.1,34.0,-14.03574187711574,-20.80884307113155
2026-02-02 00:00:00,14.2,88.0,0.2,25.1,34.0,-14.03574187711574,-20.80884307113155
2026-02-02 01:00:00,14.1,89.0,0.3,24.6,34.0,-13.756145425380366,-20.39432428485403
2026-02-02 02:00:00,13.9,93.0,0.4,22.8,35.0,-13.077542748803857,-18.67666660978901
2026-02-02 03:00:00,13.9,94.0,0.3,23.5,32.0,-12.453102709480318,-19.92913025967601
2026-02-02 04:00:00,14.0,92.0,0.2,23.5,35.0,-13.47904625424959,-19.250073040791303
2026-02-02 05:00:00,13.8,93.0,0.4,23.2,36.0,-13.63661785318538,-18.76919426949878
2026-02-02 06:00:00,13.9,91.0,0.1,24.3,38.0,-14.96057385041349,-19.14866131264335
2026-02-02 07:00:00,14.1,90.0,0.1,24.2,36.0,-14.224403105477853,-19.578211263873726
2026-02-02 08:00:00,14.8,88.0,0.1,25.1,34.0,-14.03574187711574,-20.80884307113155
2026-02-02 09:00:00,15.3,84.0,0.2,27.4,34.0,-15.321885555098456,-22.715629488008144
2026-02-02 10:00:00,15.4,81.0,0.1,27.9,36.0,-16.399208538960004,-22.571574143061028
2026-02-02 11:00:00,15.1,80.0,0.1,28.4,33.0,-15.467748594426766,-23.818244129650044
2026-02-02 12:00:00,14.6,79.0,0.2,31.1,31.0,-16.017684129702694,-26.65790305183569
2026-02-02 13:00:00,14.4,77.0,0.1,32.4,32.0,-17.169384161155843,-27.4767583154682
2026-02-02 14:00:00,14.3,77.0,0.0,31.2,37.0,-18.776628722343904,-24.917427913475535
2026-02-02 15:00:00,14.2,76.0,0.0,31.2,42.0,-20.87687491839637,-23.186118554894705
2026-02-02 16:00:00,14.2,76.0,0.0,32.1,46.0,-23.0908075908707,-22.298533691733816
2026-02-02 17:00:00,13.9,77.0,0.0,31.0,48.0,-23.037489589799222,-20.743048797124604
2026-02-02 18:00:00,13.6,80.0,0.0,29.3,46.0,-21.076656149922478,-20.353490254448623
2026-02-02 19:00:00,13.6,81.0,0.0,30.2,44.0,-20.978682787861718,-21.724061970227265
2026-02-02 20:00:00,13.5,84.0,0.0,29.7,48.0,-22.07140131667861,-19.873179008858088
2026-02-02 21:00:00,13.4,83.0,0.1,30.1,47.0,-22.013746418737036,-20.5281506378812
2026-02-02 22:00:00,13.4,82.0,0.0,29.9,50.0,-22.90472884925744,-19.21934952962752
2026-02-02 23:00:00,13.2,82.0,0.0,29.1,53.0,-23.240293342376223,-17.51281717372461
2026-02-03 00:00:00,13.2,82.0,0.0,28.5,53.0,-22.761112036347846,-17.15172815983338
2026-02-03 01:00:00,13.1,82.0,0.0,28.7,52.0,-22.615908628512923,-17.66948434184639
2026-02-03 02:00:00,13.4,80.0,0.0,29.6,55.0,-24.24690051095416,-16.977862515990967
2026-02-03 03:00:00,13.5,79.0,0.0,28.0,54.0,-22.652475842498532,-16.457987064189243
2026-02-03 04:00:00,13.4,78.0,0.0,28.8,55.0,-23.591578875522963,-16.51900136691013
2026-02-03 05:00:00,13.2,77.0,0.0,29.1,55.0,-23.837324488809664,-16.691074297815444
2026-02-03 06:00:00,13.4,75.0,0.0,30.0,56.0,-24.871127176651257,-16.7757871041224
2026-02-03 07:00:00,13.4,74.0,0.0,30.6,56.0,-25.36854972018428,-17.11130284620485
2026-02-03 08:00:00,14.7,73.0,0.0,30.4,55.0,-24.90222214638535,-17.436723665071803
2026-02-03 09:00:00,16.1,66.0,0.0,35.2,59.0,-30.172288984714356,-18.129340236833908
2026-02-03 10:00:00,17.2,63.0,0.0,35.6,64.0,-31.997068048250345,-15.606012825691158
2026-02-03 11:00:00,17.9,62.0,0.0,31.9,58.0,-27.05273426738999,-16.904424529039233
2026-02-03 12:00:00,19.0,58.0,0.0,30.5,58.0,-25.865466932770996,-16.162537559112746
2026-02-03 13:00:00,19.4,57.0,0.0,27.8,52.0,-21.906698950266872,-17.1153890140533
2026-02-03 14:00:00,19.8,58.0,0.0,26.4,60.0,-22.863070659909177,-13.200000000000003
2026-02-03 15:00:00,19.5,59.0,0.0,25.2,57.0,-21.134498312224686,-13.724903682378683
2026-02-03 16:00:00,18.4,63.0,0.0,24.2,53.0,-19.326979343144487,-14.563923560279571
2026-02-03 17:00:00,17.1,70.0,0.0,22.7,49.0,-17.131907471056927,-14.892539958084509
2026-02-03 18:00:00,15.8,76.0,0.0,21.5,45.0,-15.202795795510776,-15.20279579551077
2026-02-03 19:00:00,15.1,79.0,0.0,22.4,44.0,-15.560347498281537,-16.113211527585786
2026-02-03 20:00:00,15.2,80.0,0.0,20.9,44.0,-14.518359942593042,-15.034201827077808
2026-02-03 21:00:00,15.4,81.0,0.0,18.9,53.0,-15.094211139893833,-11.374303937573714
2026-02-03 22:00:00,15.3,83.0,0.0,16.8,55.0,-13.761754344055063,-9.636084130697576
2026-02-03 23:00:00,15.1,85.0,0.0,15.7,56.0,-13.015889889114156,-8.779328584490722
2026-02-04 00:00:00,14.9,87.0,0.0,14.5,53.0,-11.580214895685746,-8.726317835704702
2026-02-04 01:00:00,14.3,91.0,0.0,12.8,58.0,-10.855015630802255,-6.782966582185022
2026-02-04 02:00:00,14.0,93.0,0.0,10.5,39.0,-6.607864106023297,-8.16003259529819
2026-02-04 03:00:00,13.4,95.0,0.0,7.9,39.0,-4.971631089293719,-6.139453095510068
2026-02-04 04:00:00,12.9,97.0,0.0,5.5,54.0,-4.449593469062211,-3.2328188876086017
2026-02-04 05:00:00,12.2,99.0,0.0,4.5,74.0,-4.325677631722435,-1.2403681011764955
2026-02-04 06:00:00,11.6,100.0,0.0,4.5,88.0,-4.497258721585931,-0.15704773516125406
2026-02-04 07:00:00,11.3,100.0,0.0,6.2,102.0,-6.064515124549596,1.2890524830701078
2026-02-04 08:00:00,13.7,96.0,0.0,7.0,78.0,-6.847033205136639,-1.4553818357243165
2026-02-04 09:00:00,17.6,84.0,0.0,3.4,58.0,-2.8833635269318485,-1.8017254983928963
2026-02-04 10:00:00,19.9,68.0,0.0,4.8,312.0,3.5670951622914924,-3.2118269105225195
2026-02-04 11:00:00,20.5,67.0,0.0,10.3,310.0,7.890257764125474,-6.620712379771355
2026-02-04 12:00:00,20.4,71.0,0.0,11.7,323.0,7.0412357708789655,-9.344035467553326
2026-02-04 13:00:00,20.0,74.0,0.0,13.0,332.0,6.103130316216581,-11.47831870716605
2026-02-04 14:00:00,19.6,76.0,0.0,13.3,344.0,3.665976832366089,-12.784780555979642
2026-02-04 15:00:00,19.4,78.0,0.0,12.1,349.0,2.3087888440561932,-11.877688919716734
2026-02-04 16:00:00,19.0,81.0,0.0,10.1,358.0,0.3524849166952609,-10.093847352892867
2026-02-04 17:00:00,18.1,84.0,0.0,5.8,16.0,-1.5986966637385935,-5.57531783644225
2026-02-04 18:00:00,16.1,93.0,0.0,3.0,17.0,-0.8771151141682113,-2.8689142678891058
2026-02-04 19:00:00,15.4,96.0,0.0,3.1,54.0,-2.5079526825623377,-1.8221342821066664
2026-02-04 20:00:00,15.8,96.0,0.0,6.3,51.0,-4.896019557178916,-3.964718463613977
2026-02-04 21:00:00,15.5,96.0,0.0,4.4,97.0,-4.367203067221817,0.5362251109826492
2026-02-04 22:00:00,15.8,96.0,0.0,5.1,135.0,-3.606244584051392,3.6062445840513924
2026-02-04 23:00:00,15.4,96.0,0.0,4.5,140.0,-2.8925442435894273,3.447199994035401
2026-02-05 00:00:00,15.4,94.0,0.0,3.9,158.0,-1.4609657143220571,3.616017032810471
2026-02-05 01:00:00,15.9,88.0,0.0,4.9,172.0,-0.6819481947043203,4.852313536833695
2026-02-05 02:00:00,16.0,91.0,0.0,6.0,267.0,5.991777208527443,0.314015737457663
2026-02-05 03:00:00,16.6,95.0,0.0,6.5,278.0,6.436742446820207,-0.9046251562404254
2026-02-05 04:00:00,16.5,97.0,0.1,5.6,195.0,1.4493866525741161,5.4091846272187825
2026-02-05 05:00:00,16.5,97.0,0.1,5.0,195.0,1.2940952255126037,4.8296291314453415
2026-02-05 06:00:00,16.1,97.0,0.0,3.2,207.0,1.45276959916655,2.851220877402777
2026-02-05 07:00:00,16.2,97.0,0.6,2.0,243.0,1.7820130483767358,0.9079809994790935
2026-02-05 08:00:00,16.4,99.0,0.0,2.8,45.0,-1.9798989873223334,-1.9798989873223327
2026-02-05 09:00:00,17.2,97.0,0.4,4.1,52.0,-3.23084408978756,-2.5242120488351985
2026-02-05 10:00:00,18.5,94.0,0.0,3.9,53.0,-3.114678489184442,-2.3470785902929885
2026-02-05 11:00:00,20.4,84.0,0.0,3.8,85.0,-3.785539852748633,-0.3311918224411002
2026-02-05 12:00:00,22.1,67.0,0.0,1.5,240.0,1.299038105676658,0.7499999999999999
2026-02-05 13:00:00,23.5,58.0,0.0,3.8,225.0,2.6870057685088806,2.68700576850888
2026-02-05 14:00:00,24.4,55.0,0.0,6.8,233.0,5.430721468321591,4.0923421574339285
2026-02-05 15:00:00,24.0,55.0,0.0,9.3,254.0,8.939733772226367,2.5634274090980926
2026-02-05 16:00:00,22.8,59.0,0.0,6.9,264.0,6.862201078041086,0.721246396546809
2026-02-05 17:00:00,21.5,64.0,0.0,5.1,253.0,4.87715425541148,1.4910956940859574
2026-02-05 18:00:00,18.9,73.0,0.0,4.6,231.0,3.5748714227020657,2.8948737988292517
2026-02-05 19:00:00,18.2,74.0,0.0,4.7,208.0,2.206516345093687,4.149853686436956
2026-02-05 20:00:00,18.4,78.0,0.0,4.5,178.0,-0.1570477351612543,4.497258721585931
2026-02-05 21:00:00,17.8,84.0,0.0,5.3,152.0,-2.4881992827652217,4.679622242152313
2026-02-05 22:00:00,17.6,86.0,0.0,6.9,149.0,-3.553762716879375,5.914454374844575
2026-02-05 23:00:00,18.0,83.0,0.0,9.5,153.0,-4.312909747525693,8.464561979789496
2026-02-06 00:00:00,18.7,79.0,0.0,9.9,158.0,-3.7086052748175296,9.179120160211196
2026-02-06 01:00:00,19.1,76.0,0.0,10.7,163.0,-3.128377240533282,10.23246088880448
2026-02-06 02:00:00,18.8,79.0,0.0,8.8,163.0,-2.572871001560083,8.415481852474713
2026-02-06 03:00:00,18.0,83.0,0.0,3.6,290.0,3.3828934348292705,-1.2312725159724074
2026-02-06 04:00:00,17.3,91.0,0.0,7.3,327.0,3.9758649556096977,-6.122295146001595
2026-02-06 05:00:00,16.5,96.0,0.0,7.0,360.0,4.286263797015736e-16,-7.0
2026-02-06 06:00:00,15.8,98.0,0.0,2.2,85.0,-2.1916283358018402,-0.19174263404484748
2026-02-06 07:00:00,16.4,96.0,0.0,5.3,135.0,-3.7476659402887016,3.747665940288702
2026-02-06 08:00:00,17.8,92.0,0.0,3.1,118.0,-2.7371375378626737,1.4553618446362613
2026-02-06 09:00:00,19.1,89.0,0.8,2.0,27.0,-0.9079809994790938,-1.7820130483767356
2026-02-06 10:00:00,20.2,86.0,0.3,5.0,44.0,-3.4732918522949863,-3.596699001693256
2026-02-06 11:00:00,21.6,77.0,0.1,1.6,354.0,0.16724554122824553,-1.5912350325892373
2026-02-06 12:00:00,21.5,79.0,0.1,8.6,323.0,5.175609199107615,-6.868265386406718
2026-02-06 13:00:00,20.1,87.0,0.0,14.1,345.0,3.6493485359455424,-13.619554150675864
2026-02-06 14:00:00,19.3,87.0,0.0,15.2,10.0,-2.6394523005373407,-14.969077845785561
2026-02-06 15:00:00,18.5,88.0,0.2,15.2,17.0,-4.444049911785604,-14.535832290638137
2026-02-06 16:00:00,17.9,90.0,0.2,15.7,24.0,-6.385765296290061,-14.342663684988835
2026-02-06 17:00:00,17.2,93.0,0.4,15.6,24.0,-6.3450916319824815,-14.251309139224574
2026-02-06 18:00:00,17.0,97.0,0.5,15.2,24.0,-6.182396974752161,-13.885890956167534
2026-02-06 19:00:00,16.9,97.0,0.3,15.0,20.0,-5.130302149885028,-14.095389311788626
2026-02-06 20:00:00,16.5,95.0,0.2,15.0,26.0,-6.575567201836166,-13.481910694487503
2026-02-06 21:00:00,16.5,94.0,0.1,13.0,33.0,-7.080307455195351,-10.902717383290513
2026-02-06 22:00:00,16.4,94.0,0.0,11.5,49.0,-8.679160172561879,-7.544678833390831
2026-02-06 23:00:00,16.4,93.0,0.0,12.7,29.0,-6.157082177128477,-11.107670280670328
2026-02-07 00:00:00,16.2,91.0,0.1,18.7,21.0,-6.701480656497123,-17.45795397549767
2026-02-07 01:00:00,15.8,90.0,0.2,21.7,20.0,-7.421837110167007,-20.39132987105421
2026-02-07 02:00:00,15.4,89.0,0.1,23.3,22.0,-8.728333626590757,-21.603383811406147
2026-02-07 03:00:00,14.9,87.0,0.2,24.8,23.0,-9.690131986533991,-22.82852036562052
2026-02-07 04:00:00,14.2,87.0,0.2,24.8,30.0,-12.400000000000011,-21.47743001385407
2026-02-07 05:00:00,14.1,85.0,0.0,23.7,37.0,-14.263016048703543,-18.927661588120838
2026-02-07 06:00:00,13.9,82.0,0.0,26.0,39.0,-16.362330167295784,-20.205794997881235
2026-02-07 07:00:00,13.8,82.0,0.0,26.1,42.0,-17.4643088259662,-19.396079944959993
2026-02-07 08:00:00,14.2,82.0,0.0,26.5,47.0,-19.38087309290802,-18.072956541656207
2026-02-07 09:00:00,15.1,78.0,0.0,31.8,45.0,-22.485995641732217,-22.48599564173221
2026-02-07 10:00:00,15.1,77.0,0.0,32.2,42.0,-21.546005524755234,-23.9292633803721
2026-02-07 11:00:00,14.8,76.0,0.1,32.0,37.0,-19.258080740865545,-25.55633632151337
2026-02-07 12:00:00,14.4,75.0,0.1,33.7,35.0,-19.329525905030266,-27.60542389253902
2026-02-07 13:00:00,14.1,73.0,0.1,34.3,37.0,-20.642255294115255,-27.393197994622142
2026-02-07 14:00:00,13.9,74.0,0.1,35.1,39.0,-22.08914572584931,-27.27782324713967
2026-02-07 15:00:00,13.7,74.0,0.1,34.7,40.0,-22.30473005612292,-26.581742176228534
2026-02-07 16:00:00,13.6,74.0,0.1,34.1,41.0,-22.371612888576298,-25.735596685596526
2026-02-07 17:00:00,13.2,74.0,0.0,32.7,46.0,-23.52241147107389,-22.715328714009217
2026-02-07 18:00:00,12.8,76.0,0.0,30.3,47.0,-22.160017159060867,-20.664550309893702
2026-02-07 19:00:00,12.7,76.0,0.0,30.4,47.0,-22.233152529222785,-20.73275014589995
2026-02-07 20:00:00,12.6,81.0,0.0,30.6,52.0,-24.113129060365694,-18.83924114496514
2026-02-07 21:00:00,12.4,83.0,0.0,28.6,54.0,-23.1378860391235,-16.81065821556473
2026-02-07 22:00:00,12.3,81.0,0.0,29.1,51.0,-22.614947478397852,-18.313223379550276
2026-02-07 23:00:00,12.0,80.0,0.0,30.2,48.0,-22.442973729417307,-20.20774431203752
2026-02-08 00:00:00,11.5,81.0,0.3,30.5,45.0,-21.566756826189703,-21.566756826189696
2026-02-08 01:00:00,10.8,85.0,0.5,31.2,44.0,-21.673341158320714,-22.443401770565917
2026-02-08 02:00:00,11.0,82.0,0.1,30.5,45.0,-21.566756826189703,-21.566756826189696
2026-02-08 03:00:00,11.0,78.0,0.1,30.3,44.0,-21.04814862490762,-21.795995950261133
2026-02-08 04:00:00,10.8,75.0,0.0,30.5,42.0,-20.408483493945173,-22.66591717706053
2026-02-08 05:00:00,10.3,74.0,0.0,30.6,41.0,-20.075406287109523,-23.094113154816824
2026-02-08 06:00:00,9.9,74.0,0.0,30.8,38.0,-18.96237344003027,-24.270731211087043
2026-02-08 07:00:00,9.6,73.0,0.0,30.0,36.0,-17.633557568774197,-24.27050983124842
2026-02-08 08:00:00,9.6,69.0,0.0,31.9,38.0,-19.63960106288849,-25.137543040054435
2026-02-08 09:00:00,9.4,68.0,0.0,33.9,42.0,-22.683527555565288,-25.192609583683666
2026-02-08 10:00:00,10.1,64.0,0.0,35.6,44.0,-24.729837988340304,-25.608496892055985
2026-02-08 11:00:00,10.4,62.0,0.0,34.8,43.0,-23.73354293017495,-25.45110881634713
2026-02-08 12:00:00,10.3,62.0,0.0,33.1,40.0,-21.276269880624458,-25.35607106723817
2026-02-08 13:00:00,10.1,62.0,0.0,32.1,40.0,-20.633482270937918,-24.59002662411919
2026-02-08 14:00:00,9.9,60.0,0.0,33.5,50.0,-25.662488844485765,-21.533384924499064
2026-02-08 15:00:00,9.6,60.0,0.0,32.6,50.0,-24.973048845678683,-20.95487607578118
2026-02-08 16:00:00,9.4,59.0,0.0,33.2,52.0,-26.161957019743173,-20.439960980811854
2026-02-08 17:00:00,9.4,55.0,0.0,32.6,54.0,-26.37395401662329,-19.161799224734622
2026-02-08 18:00:00,8.9,59.0,0.0,28.4,50.0,-21.755662184578973,-18.255168115097714
2026-02-08 19:00:00,8.7,60.0,0.0,27.6,57.0,-23.147307675293703,-15.032037366414748
2026-02-08 20:00:00,9.1,62.0,0.0,28.7,59.0,-24.600701530150623,-14.781592749918554
2026-02-08 21:00:00,9.1,62.0,0.0,29.8,62.0,-26.31183826719602,-13.990252571019548
2026-02-08 22:00:00,9.2,64.0,0.0,30.5,62.0,-26.92990158219727,-14.31888266496967
2026-02-08 23:00:00,9.4,65.0,0.0,30.9,61.0,-27.02574895060733,-14.98061726561181
2026-02-09 00:00:00,9.5,65.0,0.0,30.3,59.0,-25.972169211274004,-15.605653669774641
2026-02-09 01:00:00,9.4,68.0,0.0,29.8,58.0,-25.2718332654615,-15.791594074149502
2026-02-09 02:00:00,9.3,67.0,0.0,31.1,60.0,-26.93339005769604,-15.550000000000004
2026-02-09 03:00:00,9.5,67.0,0.0,30.9,59.0,-26.48646959169527,-15.914676514720673
2026-02-09 04:00:00,9.2,72.0,0.0,31.2,59.0,-26.743619781905902,-16.06918793719369
2026-02-09 05:00:00,9.4,72.0,0.0,31.0,57.0,-25.998787606308145,-16.88381008546584
2026-02-09 06:00:00,9.6,71.0,0.0,31.5,57.0,-26.41812289028086,-17.156129602973355
2026-02-09 07:00:00,9.9,73.0,0.0,31.6,56.0,-26.197587292739325,-17.670495749675595
2026-02-09 08:00:00,11.1,69.0,0.0,34.1,63.0,-30.38332247482335,-15.481076041118543
2026-02-09 09:00:00,12.4,64.0,0.0,35.6,67.0,-32.769972782906876,-13.910028174218139
2026-02-09 10:00:00,13.9,59.0,0.0,35.5,71.0,-33.565909433775744,-11.557669483229065
2026-02-09 11:00:00,15.4,55.0,0.0,29.1,71.0,-27.514590549940117,-9.474033294703261
2026-02-09 12:00:00,17.2,49.0,0.0,22.9,64.0,-20.582383660250922,-10.038699261469873
2026-02-09 13:00:00,18.0,48.0,0.0,18.5,60.0,-16.021469970012113,-9.250000000000002
2026-02-09 14:00:00,18.1,49.0,0.0,12.8,55.0,-10.485146166899096,-7.3417783852933916
2026-02-09 15:00:00,17.6,50.0,0.0,15.7,49.0,-11.848940409497521,-10.300126755150961
2026-02-09 16:00:00,16.6,54.0,0.0,18.4,57.0,-15.431538450195802,-10.021358244276497
2026-02-09 17:00:00,15.7,58.0,0.0,15.8,58.0,-13.399159919271533,-8.372724374884635
2026-02-09 18:00:00,14.1,65.0,0.0,15.2,51.0,-11.812618614145956,-9.56566994395753
2026-02-09 19:00:00,13.1,70.0,0.0,14.6,64.0,-13.122393075967837,-6.400218743120531
2026-02-09 20:00:00,12.4,75.0,0.0,10.9,78.0,-10.661808847998481,-2.266237429913579
2026-02-09 21:00:00,12.1,77.0,0.0,6.6,79.0,-6.4787394107545815,-1.259339369485195
2026-02-09 22:00:00,11.9,78.0,0.0,6.5,84.0,-6.4643923198937765,-0.6794350112397477
2026-02-09 23:00:00,11.7,78.0,0.0,6.0,111.0,-5.601482558983211,2.150207697271801
2026-02-10 00:00:00,12.1,74.0,0.0,7.0,176.0,-0.48829531620887734,6.982948351818769
2026-02-10 01:00:00,12.6,76.0,0.0,10.0,206.0,4.383711467890775,8.98794046299167
2026-02-10 02:00:00,12.6,87.0,0.0,7.5,249.0,7.001853198729013,2.687759621589752
2026-02-10 03:00:00,11.8,92.0,0.0,4.3,272.0,4.2973805561821115,-0.15006783582075417
2026-02-10 04:00:00,12.6,96.0,0.0,8.9,322.0,5.479387130398359,-7.013295707099826
2026-02-10 05:00:00,12.4,98.0,0.0,4.6,334.0,2.016507275229756,-4.134452612976168
2026-02-10 06:00:00,12.6,99.0,0.0,0.4,63.0,-0.3564026096753472,-0.18159619989581868
2026-02-10 07:00:00,12.7,97.0,0.0,3.1,103.0,-3.020547200834229,0.6973482684659821
2026-02-10 08:00:00,14.2,91.0,0.0,5.3,82.0,-5.248420764330322,-0.7376174350883472
2026-02-10 09:00:00,15.9,81.0,0.0,3.6,99.0,-3.5556780261424956,0.5631640741448315
2026-02-10 10:00:00,17.9,72.0,0.0,0.8,27.0,-0.36319239979163753,-0.7128052193506943
2026-02-10 11:00:00,19.1,69.0,0.0,6.6,313.0,4.826934430686525,-4.50118917641249
2026-02-10 12:00:00,18.9,69.0,0.0,11.3,314.0,8.128539743826758,-7.84963958618667
2026-02-10 13:00:00,18.5,64.0,0.0,11.3,314.0,8.128539743826758,-7.84963958618667
2026-02-10 14:00:00,18.6,59.0,0.0,8.4,312.0,6.242416534010112,-5.620697093414409
2026-02-10 15:00:00,18.9,59.0,0.0,6.7,304.0,5.554551736118779,-3.7465924532540043
2026-02-10 16:00:00,18.6,60.0,0.0,5.2,295.0,4.7128004925905795,-2.197614961051637
2026-02-10 17:00:00,17.8,64.0,0.0,4.1,311.0,3.094309278913365,-2.6898420188610794
2026-02-10 18:00:00,15.6,78.0,0.0,2.4,333.0,1.0895771993749124,-2.138415658052083
2026-02-10 19:00:00,14.8,83.0,0.0,1.8,53.0,-1.437543918085127,-1.0832670416736871
2026-02-10 20:00:00,14.9,88.0,0.0,7.2,78.0,-7.0426627252834,-1.4969641738878685
2026-02-10 21:00:00,15.2,84.0,0.0,8.5,89.0,-8.498705408829325,-0.1483454547169109
2026-02-10 22:00:00,15.8,81.0,0.0,7.2,96.0,-7.160557646651568,0.7526049355271069
2026-02-10 23:00:00,15.9,80.0,0.0,4.6,111.0,-4.294469961887128,1.6484925679083808
2026-02-11 00:00:00,15.6,82.0,0.0,3.2,142.0,-1.9701167210421067,2.521634411541511
2026-02-11 01:00:00,15.5,80.0,0.0,4.8,193.0,1.0797650608505516,4.676976310969129
2026-02-11 02:00:00,15.6,77.0,0.0,6.6,197.0,1.9296532511700626,6.311611389356034
2026-02-11 03:00:00,15.5,80.0,0.0,4.5,230.0,3.447199994035401,2.892544243589427
2026-02-11 04:00:00,14.3,91.0,0.0,3.1,270.0,3.1,0.0
2026-02-11 05:00:00,14.3,94.0,0.0,0.4,153.0,-0.18159619989581868,0.3564026096753472
2026-02-11 06:00:00,13.4,94.0,0.0,3.7,125.0,-3.0308625638692703,2.12223281449887
2026-02-11 07:00:00,13.1,91.0,0.0,5.0,92.0,-4.9969541350954785,0.1744974835125057
2026-02-11 08:00:00,16.1,86.0,0.0,7.9,47.0,-5.777694242791448,-5.387787044493737
2026-02-11 09:00:00,18.1,75.0,0.0,13.1,36.0,-7.6999868050314,-10.59812262631181
2026-02-11 10:00:00,19.2,70.0,0.1,17.0,27.0,-7.717838495572297,-15.147110911202253
2026-02-11 11:00:00,18.9,74.0,0.0,22.5,30.0,-11.25000000000001,-19.485571585149863
2026-02-11 12:00:00,18.9,72.0,0.0,22.2,33.0,-12.090986577333599,-18.618486608388412
2026-02-11 13:00:00,19.0,71.0,0.0,24.6,35.0,-14.109980334235741,-20.151140289509193
2026-02-11 14:00:00,17.1,76.0,0.0,25.5,36.0,-14.988523933458067,-20.629933356561157
2026-02-11 15:00:00,16.4,77.0,0.0,24.7,39.0,-15.544213658930994,-19.19550524798717
2026-02-11 16:00:00,16.1,76.0,0.0,24.5,41.0,-16.073446210267427,-18.490384715457914
2026-02-11 17:00:00,15.3,79.0,0.0,24.2,41.0,-15.876628501570275,-18.263971841391083
2026-02-11 18:00:00,14.9,80.0,0.0,22.2,47.0,-16.236052175945588,-15.140363593387463
2026-02-11 19:00:00,14.4,82.0,0.0,23.0,46.0,-16.544815407788974,-15.977142520556939
2026-02-11 20:00:00,14.6,82.0,0.0,22.7,48.0,-16.86938753833685,-15.189264764346081
2026-02-11 21:00:00,14.8,84.0,0.0,21.9,46.0,-15.753541627416457,-15.213018313052041
2026-02-11 22:00:00,14.3,87.0,0.0,21.7,40.0,-13.948491130197906,-16.62316441568182
2026-02-11 23:00:00,14.4,88.0,0.0,21.9,46.0,-15.753541627416457,-15.213018313052041
2026-02-12 00:00:00,14.4,88.0,0.2,21.4,51.0,-16.630923575179175,-13.467456368466523
2026-02-12 01:00:00,14.2,89.0,0.0,21.7,48.0,-16.126242712859455,-14.520134157987224
2026-02-12 02:00:00,13.9,89.0,0.0,22.4,43.0,-15.276763265399968,-16.382322916269416
2026-02-12 03:00:00,14.1,86.0,0.0,22.1,46.0,-15.89740958748419,-15.351949987143843
2026-02-12 04:00:00,14.1,85.0,0.0,21.3,44.0,-14.796223290776641,-15.321937747213271
2026-02-12 05:00:00,14.3,84.0,0.0,20.5,45.0,-14.495689014324228,-14.495689014324222
2026-02-12 06:00:00,14.2,84.0,0.0,19.5,53.0,-15.57339244592221,-11.735392951464943
2026-02-12 07:00:00,14.4,83.0,0.0,20.0,55.0,-16.383040885779835,-11.471528727020923
2026-02-12 08:00:00,16.0,77.0,0.0,21.0,54.0,-16.9893568818739,-12.343490298141933
2026-02-12 09:00:00,17.9,70.0,0.0,22.1,51.0,-17.174925748199055,-13.907980642201412
2026-02-12 10:00:00,19.5,63.0,0.0,21.2,48.0,-15.754670300120758,-14.185568854807794
2026-02-12 11:00:00,21.2,57.0,0.0,18.6,43.0,-12.685169497162475,-13.603178850116572
2026-02-12 12:00:00,22.0,55.0,0.0,17.3,28.0,-8.12185803619591,-15.274993356459438
2026-02-12 13:00:00,22.1,56.0,0.0,19.3,21.0,-6.916501426224304,-18.018102231395993
2026-02-12 14:00:00,22.4,56.0,0.0,16.8,26.0,-7.364635266056506,-15.099739977826003
2026-02-12 15:00:00,22.2,57.0,0.0,16.2,23.0,-6.329844281526236,-14.912178625929531
2026-02-12 16:00:00,21.0,63.0,0.0,16.6,37.0,-9.990129384324002,-13.257349466785062
2026-02-12 17:00:00,20.0,66.0,0.0,15.7,48.0,-11.667373759995089,-10.505350519834074
2026-02-12 18:00:00,18.2,74.0,0.0,15.1,45.0,-10.67731239591687,-10.677312395916866
2026-02-12 19:00:00,17.2,78.0,0.0,16.6,53.0,-13.257349466785062,-9.990129384324003
2026-02-12 20:00:00,17.1,78.0,0.0,15.8,50.0,-12.103502201279854,-10.156044233047322
2026-02-12 21:00:00,16.7,81.0,0.0,14.7,62.0,-12.979329615026224,-6.901231972952595
2026-02-12 22:00:00,16.5,84.0,0.0,12.5,67.0,-11.506310668155505,-4.884139106115919
2026-02-12 23:00:00,16.1,87.0,0.0,9.8,55.0,-8.027690034032121,-5.6210490762402525
2026-02-13 00:00:00,15.2,92.0,0.0,10.0,67.0,-9.205048534524403,-3.9073112848927356
2026-02-13 01:00:00,14.6,95.0,0.0,8.8,73.0,-8.415481852474713,-2.5728710015600837
2026-02-13 02:00:00,14.4,96.0,0.0,8.3,56.0,-6.881011852206848,-4.641301098807197
2026-02-13 03:00:00,13.7,98.0,0.0,4.6,81.0,-4.543366366737634,-0.7195985391850613
2026-02-13 04:00:00,12.9,99.0,0.0,5.0,109.0,-4.727592877996584,1.6278407722857828
2026-02-13 05:00:00,12.1,98.0,0.0,3.9,106.0,-3.7489206141594438,1.0749856876862969
2026-02-13 06:00:00,11.6,96.0,0.0,3.7,133.0,-2.706008695990931,2.523393932231245
2026-02-13 07:00:00,12.4,88.0,0.0,6.1,152.0,-2.8637765329939344,5.385980316439453
2026-02-13 08:00:00,15.9,72.0,0.0,7.0,176.0,-0.48829531620887734,6.982948351818769
2026-02-13 09:00:00,18.5,68.0,0.0,6.9,231.0,5.3623071340531,4.342310698243878
2026-02-13 10:00:00,20.0,70.0,0.0,6.9,239.0,5.914454374844575,3.553762716879374
2026-02-13 11:00:00,20.8,71.0,0.0,9.4,270.0,9.4,0.0
2026-02-13 12:00:00,20.9,72.0,0.0,9.4,287.0,8.989264706052534,-2.7482940243937257
2026-02-13 13:00:00,21.0,73.0,0.0,9.9,292.0,9.179120160211196,-3.708605274817529
2026-02-13 14:00:00,20.6,74.0,0.0,10.2,312.0,7.580077219869421,-6.825132184860354
2026-02-13 15:00:00,20.5,76.0,0.0,8.1,315.0,5.727564927611035,-5.727564927611034
2026-02-13 16:00:00,19.9,79.0,0.0,6.6,311.0,4.981083229470295,-4.329989591337347
2026-02-13 17:00:00,18.7,86.0,0.0,4.1,322.0,2.524212048835199,-3.23084408978756
2026-02-13 18:00:00,16.9,95.0,0.0,1.7000000000000002,342.0,0.5253288904374107,-1.6167960777017611
2026-02-13 19:00:00,16.1,97.0,0.0,1.5,45.0,-1.0606601717798214,-1.0606601717798212
2026-02-13 20:00:00,16.2,96.0,0.0,4.6,99.0,-4.543366366737633,0.7195985391850624
2026-02-13 21:00:00,16.0,96.0,0.0,5.3,128.0,-4.176456994115626,3.2630058192259894
2026-02-13 22:00:00,15.6,96.0,0.0,4.8,143.0,-2.888712111129832,3.833450448227005
2026-02-13 23:00:00,14.5,96.0,0.0,3.6,150.0,-1.7999999999999992,3.1176914536239795
2026-02-14 00:00:00,13.8,95.0,0.0,4.6,201.0,1.6484925679083817,4.294469961887128
2026-02-14 01:00:00,13.8,96.0,0.0,4.8,228.0,3.5670951622914924,3.2118269105225195
2026-02-14 02:00:00,14.1,96.0,0.0,5.5,191.0,1.049449474570997,5.3989495089621515
2026-02-14 03:00:00,13.9,95.0,0.0,7.4,181.0,0.12914780763589864,7.398872944157295
2026-02-14 04:00:00,13.9,95.0,0.0,6.3,195.0,1.6305599841458807,6.085332705621131
2026-02-14 05:00:00,13.4,96.0,0.0,6.7,175.0,-0.5839434764093102,6.674504477214695
2026-02-14 06:00:00,13.8,94.0,0.0,9.4,169.0,-1.7936045565395213,9.227295524408042
2026-02-14 07:00:00,14.2,88.0,0.0,7.7,180.0,4.71489017671731e-16,7.7
2026-02-14 08:00:00,16.7,81.0,0.0,7.8,175.0,-0.6798147934317342,7.770318645115615
2026-02-14 09:00:00,19.8,69.0,0.0,7.4,181.0,0.12914780763589864,7.398872944157295
2026-02-14 10:00:00,22.3,58.0,0.0,6.5,222.0,4.349348941332579,4.830441365603063
2026-02-14 11:00:00,23.5,54.0,0.0,6.9,250.0,6.483879083422768,2.359938988947114
2026-02-14 12:00:00,24.1,53.0,0.0,8.3,257.0,8.087271537717454,1.8670937510540797
2026-02-14 13:00:00,24.0,54.0,0.0,10.8,265.0,10.758902739390853,0.9412820216747082
2026-02-14 14:00:00,23.3,59.0,0.0,11.6,274.0,11.57174298301396,-0.8091750954318535
2026-02-14 15:00:00,22.6,64.0,0.0,10.5,265.0,10.460044329963328,0.9151352988504108
2026-02-14 16:00:00,21.9,68.0,0.0,8.5,249.0,7.9354336252262145,3.0461275711350524
2026-02-14 17:00:00,21.1,72.0,0.0,6.7,224.0,4.654211082075282,4.819576662268962
2026-02-14 18:00:00,19.2,81.0,0.0,4.6,206.0,2.016507275229756,4.134452612976168
2026-02-14 19:00:00,18.6,83.0,0.0,5.4,186.0,0.5644537016453287,5.370418234988676
2026-02-14 20:00:00,18.4,84.0,0.0,5.9,160.0,-2.0179188456214456,5.54418646263686
2026-02-14 21:00:00,18.2,85.0,0.0,7.7,156.0,-3.131872151683662,7.034300023848027
2026-02-14 22:00:00,18.0,83.0,0.0,7.7,162.0,-2.3794308566870948,7.323135175472683
2026-02-14 23:00:00,17.5,83.0,0.0,6.7,177.0,-0.35065090682772376,6.690817882855645
2026-02-15 00:00:00,17.0,84.0,0.0,5.8,194.0,1.4031469944780726,5.627715212400779
2026-02-15 01:00:00,17.2,80.0,0.0,2.5,210.0,1.2500000000000002,2.1650635094610964
2026-02-15 02:00:00,17.0,82.0,0.0,3.5,189.0,0.5475206276408082,3.456909192082982
2026-02-15 03:00:00,16.6,82.0,0.0,2.6,196.0,0.7166571251241979,2.499280409439629
2026-02-15 04:00:00,16.1,83.0,0.0,2.2,166.0,-0.5322281703192692,2.1346505978071924
2026-02-15 05:00:00,15.4,85.0,0.0,1.7000000000000002,131.0,-1.2830062863787126,1.1153003492838625
2026-02-15 06:00:00,14.4,89.0,0.0,1.3,106.0,-1.2496402047198145,0.358328562562099
2026-02-15 07:00:00,14.2,92.0,0.0,3.0,107.0,-2.8689142678891066,0.8771151141682099
2026-02-15 08:00:00,18.5,75.0,0.0,6.4,117.0,-5.702441754805554,2.9055391983331003
2026-02-15 09:00:00,22.4,65.0,0.0,4.1,103.0,-3.994917265619464,0.9222993228098473
2026-02-15 10:00:00,24.2,59.0,0.0,2.0,360.0,1.2246467991473532e-16,-2.0
2026-02-15 11:00:00,24.9,59.0,0.0,6.8,325.0,3.900319767187114,-5.570233901165144
2026-02-15 12:00:00,24.7,63.0,0.0,11.1,321.0,6.985456340653196,-8.626320172172377
2026-02-15 13:00:00,24.0,68.0,0.0,12.3,323.0,7.402324784770196,-9.823216773581702
2026-02-15 14:00:00,23.8,68.0,0.0,11.6,328.0,6.147063465105177,-9.837357915414541
2026-02-15 15:00:00,23.1,71.0,0.0,11.4,342.0,3.522793735874401,-10.84204428576475
2026-02-15 16:00:00,22.2,74.0,0.0,11.0,356.0,0.7673212111853775,-10.973204552858066
2026-02-15 17:00:00,21.0,77.0,0.0,8.7,27.0,-3.9497173477340577,-7.751756760438799
2026-02-15 18:00:00,19.5,81.0,0.0,8.3,51.0,-6.450311480092858,-5.223359245713652
2026-02-15 19:00:00,18.4,88.0,0.0,8.0,56.0,-6.632300580440335,-4.4735432277659735
2026-02-15 20:00:00,17.8,93.0,0.0,4.5,50.0,-3.447199994035401,-2.892544243589427
2026-02-15 21:00:00,17.0,97.0,0.0,4.3,5.0,-0.37476969381493047,-4.283637201794505
2026-02-15 22:00:00,16.5,99.0,0.0,3.4,354.0,0.35539677511002177,-3.381374444252129
2026-02-15 23:00:00,16.8,100.0,0.0,0.30000000000000004,225.0,0.2121320343559643,0.21213203435596428
2026-02-16 00:00:00,16.8,98.0,0.0,5.4,180.0,3.3065463576978537e-16,5.4
2026-02-16 01:00:00,16.7,98.0,0.0,7.5,207.0,3.404928748046601,6.682548931412758
2026-02-16 02:00:00,16.9,100.0,0.0,9.2,266.0,9.177589262390383,0.6417595584459528
2026-02-16 03:00:00,16.9,99.0,0.0,7.6,277.0,7.543350752474047,-0.9262070098791207
2026-02-16 04:00:00,16.8,99.0,0.0,5.2,258.0,5.08636752381579,1.0811407922523486
2026-02-16 05:00:00,16.9,99.0,0.0,5.8,275.0,5.777929248932124,-0.5055033079364174
2026-02-16 06:00:00,16.9,99.0,0.0,4.6,291.0,4.294469961887128,-1.648492567908381
2026-02-16 07:00:00,16.9,99.0,0.0,3.6,290.0,3.3828934348292705,-1.2312725159724074
2026-02-16 08:00:00,17.2,99.0,0.0,3.9,217.0,2.3470785902929885,3.114678489184442
2026-02-16 09:00:00,18.4,93.0,0.1,2.3,288.0,2.1874299874788528,-0.710739087062379
2026-02-16 10:00:00,19.5,89.0,0.1,5.9,333.0,2.6785439484633264,-5.25693849271137
2026-02-16 11:00:00,20.2,85.0,0.1,10.3,344.0,2.8390647649150917,-9.900995468164686
2026-02-16 12:00:00,20.0,86.0,0.1,13.3,1.0,-0.23211700561587054,-13.297974345580005
2026-02-16 13:00:00,20.0,84.0,0.1,17.9,5.0,-1.5600877951830825,-17.831885095842242
2026-02-16 14:00:00,18.8,85.0,0.1,20.4,12.0,-4.2413984926823,-19.954211054969633
2026-02-16 15:00:00,18.1,86.0,0.1,20.8,25.0,-8.790459844206543,-18.85120197036232
2026-02-16 16:00:00,17.9,86.0,0.1,21.3,29.0,-10.326444911246975,-18.629399762069134
2026-02-16 17:00:00,17.0,88.0,0.2,22.3,28.0,-10.469215850125364,-19.689731320754074
2026-02-16 18:00:00,16.2,89.0,0.2,23.8,29.0,-11.538468961862817,-20.815949029917626
2026-02-16 19:00:00,15.9,88.0,0.2,25.9,30.0,-12.95000000000001,-22.430057958016953
2026-02-16 20:00:00,16.2,86.0,0.1,23.8,42.0,-15.925308431340824,-17.686846846361988
2026-02-16 21:00:00,16.4,85.0,0.0,23.5,41.0,-15.41738718127692,-17.73567513523514
2026-02-16 22:00:00,16.1,85.0,0.0,24.4,36.0,-14.341960155936347,-19.740014662748713
2026-02-16 23:00:00,15.9,86.0,0.0,24.7,39.0,-15.544213658930994,-19.19550524798717
2026-02-17 00:00:00,15.8,85.0,0.0,24.4,36.0,-14.341960155936347,-19.740014662748713
2026-02-17 01:00:00,15.2,85.0,0.1,26.7,31.0,-13.751516600098455,-22.886366928746394
2026-02-17 02:00:00,14.9,86.0,0.1,27.7,33.0,-15.086501269916246,-23.231174732088245
2026-02-17 03:00:00,14.6,87.0,0.4,26.2,40.0,-16.841035373787335,-20.07036440971722
2026-02-17 04:00:00,14.1,90.0,0.4,26.3,42.0,-17.59813494723797,-19.544708910055473
2026-02-17 05:00:00,13.9,89.0,0.0,25.1,41.0,-16.467081627661734,-18.94321046359158
2026-02-17 06:00:00,13.9,90.0,0.3,25.8,40.0,-16.58392032991272,-19.76394663246963
2026-02-17 07:00:00,13.9,89.0,0.2,26.8,42.0,-17.932700250417398,-19.91628132279417
2026-02-17 08:00:00,15.2,83.0,0.5,26.9,44.0,-18.686310165347024,-19.350240629109717
2026-02-17 09:00:00,15.8,79.0,0.1,29.0,43.0,-19.77795244181246,-21.209257346955944
2026-02-17 10:00:00,15.9,76.0,0.0,28.4,43.0,-19.36875342577496,-20.77044512598444
2026-02-17 11:00:00,16.9,70.0,0.0,28.8,43.0,-19.64155276979996,-21.06298660663211
2026-02-17 12:00:00,17.0,70.0,0.0,28.3,42.0,-18.936396159955684,-21.03099856101026
2026-02-17 13:00:00,16.3,73.0,0.4,27.0,39.0,-16.991650558345622,-20.982940959338205
2026-02-17 14:00:00,16.5,73.0,0.5,27.4,42.0,-18.334178614232712,-20.362168218080605
2026-02-17 15:00:00,16.3,75.0,0.3,27.2,50.0,-20.8364088528362,-17.483822983473868
2026-02-17 16:00:00,16.2,74.0,0.0,26.7,44.0,-18.547378491255227,-19.206372669041986
2026-02-17 17:00:00,15.8,75.0,0.0,26.9,47.0,-19.673414573555686,-18.345755885681204
2026-02-17 18:00:00,14.9,78.0,0.0,24.8,42.0,-16.594439037699683,-18.42999167183938
2026-02-17 19:00:00,14.5,81.0,0.0,25.9,36.0,-15.223638034375057,-20.953540154311135
2026-02-17 20:00:00,14.5,82.0,0.0,25.2,39.0,-15.858873854455913,-19.584078228715658
2026-02-17 21:00:00,14.4,81.0,0.0,25.1,39.0,-15.79594181535093,-19.50636363256996
2026-02-17 22:00:00,14.3,81.0,0.0,23.9,39.0,-15.040757346091123,-18.573788478821594
2026-02-17 23:00:00,14.0,82.0,0.0,23.4,39.0,-14.726097150566204,-18.18521549809311
2026-02-18 00:00:00,13.9,83.0,0.0,23.4,41.0,-15.351781278377869,-17.660204177212865
2026-02-18 01:00:00,13.6,86.0,0.1,22.5,43.0,-15.344963101406218,-16.455458286431334
2026-02-18 02:00:00,13.4,88.0,0.2,23.1,36.0,-13.577839327956132,-18.688292570061286
2026-02-18 03:00:00,13.4,86.0,0.1,22.5,36.0,-13.225168176580649,-18.202882373436314
2026-02-18 04:00:00,13.2,85.0,0.1,22.7,38.0,-13.975515489892437,-17.887844106872592
2026-02-18 05:00:00,12.9,84.0,0.1,23.3,39.0,-14.663165111461222,-18.107500901947414
2026-02-18 06:00:00,12.9,82.0,0.0,23.4,43.0,-15.958761625462467,-17.113676617888586
2026-02-18 07:00:00,13.1,77.0,0.0,24.8,42.0,-16.594439037699683,-18.42999167183938
2026-02-18 08:00:00,14.3,71.0,0.0,28.8,47.0,-21.062986606632112,-19.641552769799954
2026-02-18 09:00:00,15.1,66.0,0.0,28.2,50.0,-21.60245329595518,-18.126610593160407
2026-02-18 10:00:00,15.9,64.0,0.0,27.5,48.0,-20.436482700628343,-18.401091674868603
2026-02-18 11:00:00,16.0,63.0,0.0,27.4,44.0,-19.033639350576525,-19.709910529279043
2026-02-18 12:00:00,16.6,61.0,0.0,26.7,46.0,-19.206372669041983,-18.54737849125523
2026-02-18 13:00:00,17.1,59.0,0.0,27.4,42.0,-18.334178614232712,-20.362168218080605
2026-02-18 14:00:00,16.1,64.0,0.0,28.7,41.0,-18.828894132027557,-21.660164952393558
2026-02-18 15:00:00,15.6,66.0,0.0,28.2,41.0,-18.500864617532304,-21.28281016228217
2026-02-18 16:00:00,15.4,65.0,0.0,28.5,46.0,-20.501184309651556,-19.797763558081424
2026-02-18 17:00:00,14.8,66.0,0.0,27.9,51.0,-21.682372324649485,-17.558038910290467
2026-02-18 18:00:00,14.2,68.0,0.0,25.7,51.0,-19.972651209444148,-16.173534049980827
2026-02-18 19:00:00,14.0,70.0,0.0,26.1,54.0,-21.115343553186133,-15.341195084833547
2026-02-18 20:00:00,14.1,73.0,0.0,30.9,56.0,-25.617260991950793,-17.27906071724607
2026-02-18 21:00:00,13.9,76.0,0.0,30.0,53.0,-23.959065301418786,-18.054450694561453
2026-02-18 22:00:00,14.2,74.0,0.0,30.5,54.0,-24.6750183284359,-17.92745019492043
2026-02-18 23:00:00,14.4,70.0,0.0,31.7,55.0,-25.96711980396104,-18.18237303232816
2026-02-19 00:00:00,14.4,70.0,0.0,32.8,56.0,-27.19243237980537,-18.34152723384049
2026-02-19 01:00:00,14.2,71.0,0.0,31.5,55.0,-25.803289395103242,-18.067657745057954
2026-02-19 02:00:00,14.0,72.0,0.0,27.8,56.0,-23.047244517030165,-15.545562716486758
2026-02-19 03:00:00,14.0,75.0,0.0,23.0,60.0,-19.918584287042087,-11.500000000000002
2026-02-19 04:00:00,14.0,75.0,0.0,20.5,59.0,-17.571929664393302,-10.55828053565611
2026-02-19 05:00:00,14.1,75.0,0.0,18.0,58.0,-15.26486573081567,-9.538546756197686
2026-02-19 06:00:00,14.4,75.0,0.0,17.1,54.0,-13.834190603811605,-10.051127814201289
2026-02-19 07:00:00,14.6,76.0,0.0,16.3,57.0,-13.670330257510413,-8.877616270744943
2026-02-19 08:00:00,15.9,75.0,0.0,12.6,73.0,-12.049439925134246,-3.683883479506483
2026-02-19 09:00:00,18.1,68.0,0.0,9.6,85.0,-9.563469101680758,-0.8366951303775162
2026-02-19 10:00:00,19.5,63.0,0.0,7.0,89.0,-6.998933866094739,-0.12216684506098546
2026-02-19 11:00:00,20.6,60.0,0.0,1.7000000000000002,58.0,-1.4416817634659245,-0.9008627491964483
2026-02-19 12:00:00,21.2,59.0,0.0,3.8,25.0,-1.6059493946146568,-3.44396959073927
2026-02-19 13:00:00,21.7,57.0,0.0,10.1,33.0,-5.500854253651772,-8.470572736248783
2026-02-19 14:00:00,22.1,56.0,0.0,12.3,10.0,-2.135872585303243,-12.113135362050159
2026-02-19 15:00:00,22.1,56.0,0.0,15.8,1.0,-0.27574802170907925,-15.797593583470983
2026-02-19 16:00:00,20.6,62.0,0.0,18.0,11.0,-3.434561916777803,-17.66928930205795
2026-02-19 17:00:00,19.2,66.0,0.0,16.1,20.0,-5.506524307543264,-15.129051194653128
2026-02-19 18:00:00,17.9,74.0,0.0,9.3,32.0,-4.928249157368807,-7.886847294254762
2026-02-19 19:00:00,16.8,79.0,0.0,6.3,39.0,-3.9647184636139783,-4.8960195571789145
2026-02-19 20:00:00,16.6,77.0,0.0,8.6,39.0,-5.412155363028605,-6.683455268529946
2026-02-19 21:00:00,16.9,77.0,0.0,5.6,57.0,-4.696555180494374,-3.0499785960841517
2026-02-19 22:00:00,16.4,80.0,0.0,5.4,130.0,-4.136639992842481,3.4710530923073133
2026-02-19 23:00:00,16.1,83.0,0.0,7.6,192.0,1.5801288502149717,7.433921765576922
2026-02-20 00:00:00,15.2,92.0,0.0,8.3,219.0,5.2233592457136515,6.450311480092859
2026-02-20 01:00:00,15.1,94.0,0.0,7.3,228.0,5.424957225984977,4.884653426419665
2026-02-20 02:00:00,14.9,96.0,0.0,4.8,236.0,3.9793803482641996,2.684125936659585
2026-02-20 03:00:00,16.0,93.0,0.1,8.8,329.0,4.532335059208477,-7.543072246178589
2026-02-20 04:00:00,16.0,92.0,0.4,16.9,333.0,7.67243944559834,-15.058010258783414
2026-02-20 05:00:00,15.4,96.0,0.6,15.5,337.0,6.056332491583743,-14.267825228512827
2026-02-20 06:00:00,15.2,96.0,0.4,11.2,345.0,2.8987733051482323,-10.818369254437565
2026-02-20 07:00:00,15.2,96.0,0.3,8.5,356.0,0.5929300268250645,-8.479294427208506
2026-02-20 08:00:00,15.9,94.0,0.2,12.2,2.0,-0.42577385977050924,-12.192568089632967
2026-02-20 09:00:00,16.4,91.0,0.1,13.5,360.0,8.266365894244634e-16,-13.5
2026-02-20 10:00:00,17.1,83.0,0.0,11.0,10.0,-1.9101299543362336,-10.832885283134289
2026-02-20 11:00:00,18.0,77.0,0.0,5.8,9.0,-0.90731989723334,-5.7285923754517984
2026-02-20 12:00:00,19.6,68.0,0.0,7.2,325.0,4.129750341727532,-5.897894718880741
2026-02-20 13:00:00,19.8,69.0,0.0,14.4,336.0,5.857007660291523,-13.155054590053453
2026-02-20 14:00:00,19.1,70.0,0.0,15.1,352.0,2.1015138244969886,-14.953047837997712
2026-02-20 15:00:00,18.8,70.0,0.0,14.2,2.0,-0.4955728531755108,-14.191349743671159
2026-02-20 16:00:00,18.2,73.0,0.0,13.5,16.0,-3.721104303529485,-12.977032895167307
2026-02-20 17:00:00,17.4,76.0,0.0,14.8,32.0,-7.842805110651435,-12.551111823115106
2026-02-20 18:00:00,16.4,81.0,0.0,14.1,43.0,-9.61617687688123,-10.312087192830303
2026-02-20 19:00:00,15.4,90.0,0.0,13.8,41.0,-9.053614600069,-10.414992207074254
2026-02-20 20:00:00,15.2,90.0,0.0,14.4,59.0,-12.343209130110418,-7.41654827870478
2026-02-20 21:00:00,15.1,90.0,0.0,14.8,74.0,-14.22667309988712,-4.079432866091586
2026-02-20 22:00:00,14.9,92.0,0.0,15.3,77.0,-14.9078619912141,-3.4417511314611344
2026-02-20 23:00:00,14.6,93.0,0.0,13.5,77.0,-13.153995874600676,-3.0368392336421772
2026-02-21 00:00:00,14.3,94.0,0.0,10.4,73.0,-9.94556946201557,-3.0406657291164625
2026-02-21 01:00:00,13.7,96.0,0.0,7.5,70.0,-7.047694655894313,-2.565151074942515
2026-02-21 02:00:00,13.2,98.0,0.0,5.5,36.0,-3.232818887608603,-4.4495934690622105
2026-02-21 03:00:00,13.1,98.0,0.0,4.2,18.0,-1.2978713763747798,-3.994437368439645
2026-02-21 04:00:00,12.7,99.0,0.0,1.5,60.0,-1.299038105676658,-0.7500000000000002
2026-02-21 05:00:00,11.7,99.0,0.0,2.0,135.0,-1.414213562373095,1.4142135623730951
2026-02-21 06:00:00,11.4,98.0,0.0,2.7,152.0,-1.2675732195219056,2.383958500719103
2026-02-21 07:00:00,12.1,97.0,0.0,2.9,158.0,-1.086359120906145,2.6888331782436836
2026-02-21 08:00:00,14.2,96.0,0.0,4.3,180.0,2.632990618166809e-16,4.3
2026-02-21 09:00:00,17.9,81.0,0.0,4.1,236.0,3.3990540474756705,2.2926909042300623
2026-02-21 10:00:00,19.8,74.0,0.0,5.6,303.0,4.696555180494374,-3.0499785960841517
2026-02-21 11:00:00,21.0,70.0,0.0,7.8,318.0,5.219218729599094,-5.796529638723675
2026-02-21 12:00:00,21.1,72.0,0.0,9.1,309.0,7.072028249258435,-5.72681555855352
2026-02-21 13:00:00,20.9,74.0,0.0,10.9,316.0,7.57177623800307,-7.840803823691297
2026-02-21 14:00:00,20.5,73.0,0.0,11.9,333.0,5.402486946900607,-10.602977637841578
2026-02-21 15:00:00,20.3,72.0,0.0,10.0,339.0,3.583679495453004,-9.335804264972017
2026-02-21 16:00:00,20.2,72.0,0.0,7.4,338.0,2.7720887912777488,-6.8611605237942275
2026-02-21 17:00:00,19.6,75.0,0.0,5.7,342.0,1.7613968679372005,-5.421022142882375
2026-02-21 18:00:00,18.4,83.0,0.0,3.3,29.0,-1.5998717468129116,-2.8862450335600065
2026-02-21 19:00:00,17.5,89.0,0.0,3.4,58.0,-2.8833635269318485,-1.8017254983928963
2026-02-21 20:00:00,17.1,91.0,0.0,4.4,99.0,-4.345828698618606,0.6883116461770163
2026-02-21 21:00:00,16.2,95.0,0.0,4.1,128.0,-3.2308440897875594,2.5242120488351993
2026-02-21 22:00:00,15.7,97.0,0.0,4.9,147.0,-2.668731271573633,4.109485782932578
2026-02-21 23:00:00,15.8,96.0,0.0,7.1,161.0,-2.311533896645812,6.713181886755149
2026-02-22 00:00:00,16.5,91.0,0.0,8.6,181.0,0.15009069536063893,8.598690178344965
2026-02-22 01:00:00,16.9,87.0,0.0,8.4,196.0,2.315353788862793,8.074598245881878
2026-02-22 02:00:00,16.6,89.0,0.0,7.4,198.0,2.2867257583746112,7.037818220584136
2026-02-22 03:00:00,16.7,89.0,0.0,7.0,190.0,1.2155372436685128,6.893654271085456
2026-02-22 04:00:00,16.6,88.0,0.0,7.4,194.0,1.7902220274375409,7.180188374442374
2026-02-22 05:00:00,15.6,89.0,0.0,5.8,210.0,2.9000000000000004,5.0229473419497435
2026-02-22 06:00:00,15.1,90.0,0.0,4.4,199.0,1.4324998796114898,4.160281732636994
2026-02-22 07:00:00,15.8,86.0,0.0,4.8,169.0,-0.915883177807415,4.711810480548787
2026-02-22 08:00:00,18.8,81.0,0.0,0.8,27.0,-0.36319239979163753,-0.7128052193506943
2026-02-22 09:00:00,20.8,76.0,0.0,0.6000000000000001,18.0,-0.18541019662496858,-0.5706339097770922
2026-02-22 10:00:00,22.5,69.0,0.0,2.3,293.0,2.117161162940613,-0.8986815955253296
2026-02-22 11:00:00,23.8,61.0,0.0,6.9,301.0,5.914454374844575,-3.553762716879374
2026-02-22 12:00:00,23.9,56.0,0.0,11.3,318.0,7.561175851855099,-8.397536527894555
2026-02-22 13:00:00,23.8,52.0,0.0,11.7,333.0,5.3116888469526975,-10.424776333003903
2026-02-22 14:00:00,23.5,53.0,0.0,10.3,337.0,4.02453062343952,-9.481199990560137
2026-02-22 15:00:00,23.8,53.0,0.0,10.2,352.0,1.4195656297926678,-10.100734301164017
2026-02-22 16:00:00,23.0,60.0,0.0,14.0,9.0,-2.1900825105632347,-13.827636768331928
2026-02-22 17:00:00,21.4,62.0,0.0,15.5,28.0,-7.276809223181306,-13.685687689313369
2026-02-22 18:00:00,19.0,75.0,0.0,15.9,45.0,-11.242997820866108,-11.242997820866105
2026-02-22 19:00:00,19.5,79.0,0.0,18.7,49.0,-14.113069150165838,-12.268303842122481
2026-02-22 20:00:00,19.9,77.0,0.0,21.9,54.0,-17.717472176811352,-12.872497025205158
2026-02-22 21:00:00,19.5,82.0,0.0,23.5,58.0,-19.92913025967601,-12.453102709480312
2026-02-22 22:00:00,19.5,82.0,0.0,24.4,52.0,-19.227462388004017,-15.02213999794606
2026-02-22 23:00:00,19.7,80.0,0.0,26.0,53.0,-20.764523261229613,-15.647190601953257
2026-02-23 00:00:00,19.6,79.0,0.0,26.3,51.0,-20.43893878631833,-16.55112628461073
2026-02-23 01:00:00,19.4,81.0,0.0,25.4,48.0,-18.875878567125813,-16.995917401514998
2026-02-23 02:00:00,19.2,81.0,0.0,27.1,50.0,-20.759804408524307,-17.419544222505216
2026-02-23 03:00:00,19.1,84.0,0.0,25.8,42.0,-17.26356964405854,-19.173136497316776
2026-02-23 04:00:00,18.8,89.0,0.0,25.0,41.0,-16.401475724762683,-18.8677395055693
2026-02-23 05:00:00,18.5,91.0,0.0,21.3,42.0,-14.252481915443678,-15.8289847826685
2026-02-23 06:00:00,18.0,93.0,0.0,20.0,45.0,-14.142135623730955,-14.14213562373095
2026-02-23 07:00:00,18.0,92.0,0.0,19.9,44.0,-13.823701572134045,-14.314862026739158
2026-02-23 08:00:00,20.2,85.0,0.0,28.3,41.0,-18.566470520431356,-21.358281120304447
2026-02-23 09:00:00,22.0,75.0,0.0,25.7,47.0,-18.795790131612684,-17.52735785360621
2026-02-23 10:00:00,24.2,63.0,0.0,20.0,48.0,-14.862896509547884,-13.382612127177165
2026-02-23 11:00:00,26.0,54.0,0.0,17.1,34.0,-9.562198649349767,-14.176542490691217
2026-02-23 12:00:00,26.9,51.0,0.0,12.2,17.0,-3.5669347976173924,-11.66691802274903
2026-02-23 13:00:00,27.3,52.0,0.0,6.4,344.0,1.7640790772287946,-6.1520748540052415
2026-02-23 14:00:00,25.5,67.0,0.0,13.8,339.0,4.945477703725145,-12.883409885661385
2026-02-23 15:00:00,24.8,70.0,0.0,12.1,340.0,4.138443734240592,-11.37028071150949
2026-02-23 16:00:00,24.3,74.0,0.0,3.6,327.0,1.9607005260540975,-3.0192140446035265
2026-02-23 17:00:00,23.8,70.0,0.0,8.1,212.0,4.29234604028896,6.86918957886705
2026-02-23 18:00:00,22.0,79.0,0.0,9.9,207.0,4.494505947421514,8.820964589464841
2026-02-23 19:00:00,20.7,86.0,0.0,10.7,220.0,6.877827423645971,8.196675541373065
2026-02-23 20:00:00,21.8,85.0,0.0,11.4,201.0,4.085394624816424,10.6428168620681
2026-02-23 21:00:00,20.8,92.0,0.0,12.9,212.0,6.835958508608344,10.939820440417895
2026-02-23 22:00:00,20.1,95.0,0.0,12.3,205.0,5.198204619410603,11.147585780550795
2026-02-23 23:00:00,19.4,98.0,0.0,11.4,185.0,0.9935754673233028,11.3566195582459
2026-02-24 00:00:00,19.4,96.0,0.0,14.8,260.0,14.57515474458068,2.569993029470569
2026-02-24 01:00:00,18.9,94.0,0.0,8.8,253.0,8.415481852474713,2.5728710015600837
2026-02-24 02:00:00,18.9,95.0,0.0,9.2,223.0,6.274384912574986,6.728454054896368
2026-02-24 03:00:00,18.5,95.0,0.0,7.4,266.0,7.381973971922699,0.5161979057065272
2026-02-24 04:00:00,18.2,94.0,0.0,6.9,277.0,6.848568446325122,-0.8408984694955176
2026-02-24 05:00:00,18.0,94.0,0.3,3.5,298.0,3.0903165750062445,-1.6431504697506178
2026-02-24 06:00:00,18.0,95.0,0.3,4.0,297.0,3.5640260967534716,-1.815961998958187
2026-02-24 07:00:00,18.0,96.0,0.3,2.9,150.0,-1.4499999999999993,2.511473670974872
2026-02-24 08:00:00,19.4,92.0,0.1,1.9,214.0,1.062466516594419,1.5751713878545792
2026-02-24 09:00:00,20.9,85.0,0.0,4.8,295.0,4.350277377775919,-2.0285676563553574
2026-02-24 10:00:00,21.9,79.0,0.0,2.6,321.0,1.6362330167295775,-2.0205794997881243
2026-02-24 11:00:00,21.4,81.0,0.0,5.2,329.0,2.678197989532282,-4.457269963650984
2026-02-24 12:00:00,22.0,80.0,0.0,7.1,326.0,3.970269614642302,-5.886166765140796
2026-02-24 13:00:00,22.0,78.0,0.0,8.1,321.0,5.097495167503683,-6.294882287801464
2026-02-24 14:00:00,22.6,72.0,0.0,10.7,318.0,7.159697488039782,-7.951649632608118
2026-02-24 15:00:00,22.0,73.0,0.0,6.6,296.0,5.932040705574502,-2.8932495688079105
2026-02-24 16:00:00,21.6,74.0,0.0,3.8,301.0,3.2572357426680267,-1.9571446846582057
2026-02-24 17:00:00,20.2,81.0,0.2,9.7,325.0,5.563691432605148,-7.94577482960322
2026-02-24 18:00:00,19.5,85.0,0.1,5.0,2.0,-0.1744974835125038,-4.9969541350954785
2026-02-24 19:00:00,19.4,87.0,0.0,3.0,52.0,-2.3640322608201663,-1.8469844259769745
2026-02-24 20:00:00,19.5,91.0,0.0,2.9,22.0,-1.0863591209061456,-2.688833178243683
2026-02-24 21:00:00,19.5,92.0,0.0,4.1,49.0,-3.0943092789133653,-2.6898420188610785
2026-02-24 22:00:00,19.0,96.0,0.0,6.9,31.0,-3.553762716879376,-5.914454374844574
2026-02-24 23:00:00,18.7,97.0,0.0,8.5,62.0,-7.505054539300878,-3.9905082836800725
2026-02-25 00:00:00,18.8,97.0,0.3,8.0,38.0,-4.925291802605265,-6.304086028853777
2026-02-25 01:00:00,18.8,97.0,0.2,11.6,47.0,-8.483702938782379,-7.911180976724981
2026-02-25 02:00:00,18.5,96.0,0.7000000000000001,16.0,41.0,-10.496944463848116,-12.075353283564352
2026-02-25 03:00:00,18.1,97.0,0.6,18.0,40.0,-11.570176974357711,-13.788799976141602
2026-02-25 04:00:00,17.4,96.0,0.6,21.3,43.0,-14.52656506933122,-15.577833844488332
2026-02-25 05:00:00,17.1,94.0,0.6,21.4,45.0,-15.13208511739212,-15.132085117392114
2026-02-25 06:00:00,17.0,94.0,0.1,20.5,46.0,-14.746465906942348,-14.240496594409446
2026-02-25 07:00:00,16.9,92.0,0.0,21.6,46.0,-15.537739687314865,-15.004620801914344
2026-02-25 08:00:00,17.2,92.0,0.0,23.3,50.0,-17.84883552467219,-14.976951305696366
2026-02-25 09:00:00,18.4,84.0,0.0,25.1,54.0,-20.306326558811186,-14.753409832541074
2026-02-25 10:00:00,19.6,75.0,0.0,27.4,56.0,-22.715629488008144,-15.321885555098458
2026-02-25 11:00:00,20.8,70.0,0.0,27.8,55.0,-22.77242683123397,-15.945424930559083
2026-02-25 12:00:00,21.1,69.0,0.0,27.0,51.0,-20.98294095933821,-16.991650558345615
2026-02-25 13:00:00,21.5,67.0,0.0,27.6,45.0,-19.516147160748716,-19.516147160748712
2026-02-25 14:00:00,21.0,69.0,0.0,28.3,46.0,-20.357316349583826,-19.658831883989627
2026-02-25 15:00:00,20.3,70.0,0.0,27.3,48.0,-20.287853735532863,-18.26726555359683
2026-02-25 16:00:00,19.4,73.0,0.0,26.4,51.0,-20.51665338246403,-16.614058323715714
2026-02-25 17:00:00,18.9,74.0,0.0,26.6,47.0,-19.45400846306994,-18.14115637766246
2026-02-25 18:00:00,17.9,79.0,0.0,24.5,47.0,-17.918165689669678,-16.70895982153121
2026-02-25 19:00:00,17.5,81.0,0.0,24.1,48.0,-17.9097902940052,-16.126047613248485
2026-02-25 20:00:00,17.2,84.0,0.0,25.1,47.0,-18.35697791064118,-17.11815883756871
2026-02-25 21:00:00,17.5,83.0,0.0,24.3,48.0,-18.05841925910068,-16.259873734520255
2026-02-25 22:00:00,17.5,83.0,0.0,25.0,43.0,-17.049959001562463,-18.283842540479263
2026-02-25 23:00:00,17.6,84.0,0.0,23.7,48.0,-17.612532363814243,-15.85839537070494
2026-02-26 00:00:00,17.5,86.0,0.0,22.9,48.0,-17.018016503432328,-15.323090885617853
2026-02-26 01:00:00,17.2,87.0,0.0,22.3,49.0,-16.83002363896782,-14.630116346488307
2026-02-26 02:00:00,17.3,89.0,0.0,19.9,42.0,-13.315699066541276,-14.788582027000146
2026-02-26 03:00:00,17.3,90.0,0.0,16.8,46.0,-12.084908645689339,-11.670260623711156
2026-02-26 04:00:00,17.3,91.0,0.0,15.0,44.0,-10.419875556884959,-10.790097005079767
2026-02-26 05:00:00,17.1,92.0,0.0,14.4,43.0,-9.82077638489998,-10.531493303316054
2026-02-26 06:00:00,17.5,91.0,0.1,14.3,49.0,-10.792346997185643,-9.381644114564251
2026-02-26 07:00:00,17.5,91.0,0.0,13.8,51.0,-10.724614268106198,-8.68462139648776
2026-02-26 08:00:00,19.4,84.0,0.0,14.7,55.0,-12.041535051048179,-8.431573614360378
2026-02-26 09:00:00,21.6,76.0,0.0,12.4,64.0,-11.14504617410967,-5.435802220184561
2026-02-26 10:00:00,23.9,67.0,0.0,7.5,46.0,-5.395048502539883,-5.20993777844248
2026-02-26 11:00:00,25.0,63.0,0.0,9.6,348.0,1.9959522318504908,-9.390216967044534
2026-02-26 12:00:00,23.3,71.0,0.0,18.5,352.0,2.574702367761211,-18.319959271719053
2026-02-26 13:00:00,22.0,77.0,0.0,16.7,8.0,-2.3241907860330993,-16.537476747984222
2026-02-26 14:00:00,22.6,77.0,0.0,15.2,355.0,1.3247672897644036,-15.142159410994532
2026-02-26 15:00:00,22.0,79.0,0.0,14.9,2.0,-0.5200025008672613,-14.890923322584527
2026-02-26 16:00:00,21.4,81.0,0.0,13.9,5.0,-1.2114648241924497,-13.847106303475263
2026-02-26 17:00:00,20.5,83.0,0.0,11.1,16.0,-3.0595746495686877,-10.67000482491534
2026-02-26 18:00:00,19.5,89.0,0.0,8.2,15.0,-2.122316169840669,-7.92059177557036
2026-02-26 19:00:00,19.0,92.0,0.0,7.0,1.0,-0.12216684506098449,-6.998933866094739
2026-02-26 20:00:00,19.5,91.0,0.0,2.6,258.0,2.543183761907895,0.5405703961261743
2026-02-26 21:00:00,19.3,93.0,0.0,5.1,264.0,5.072061666378193,0.5330951626650327
2026-02-26 22:00:00,18.9,96.0,0.0,9.1,291.0,8.495581881124535,-3.261148340862232
2026-02-26 23:00:00,18.6,96.0,0.0,5.5,279.0,5.4322858732732575,-0.8603895577212698
2026-02-27 00:00:00,18.5,94.0,0.1,6.8,292.0,6.304850211054155,-2.547324835228202
2026-02-27 01:00:00,18.2,94.0,0.2,5.0,272.0,4.9969541350954785,-0.17449748351250485
2026-02-27 02:00:00,18.1,97.0,1.4,7.7,245.0,6.978569960182205,3.2541606154033857
2026-02-27 03:00:00,18.1,98.0,2.9,10.6,219.0,6.670796145128278,8.23774719144389
2026-02-27 04:00:00,18.1,98.0,2.7,11.2,237.0,9.393110360988748,6.099957192168303
2026-02-27 05:00:00,18.4,98.0,1.3,12.3,219.0,7.7406408099130015,9.558895325920743
2026-02-27 06:00:00,18.8,97.0,0.9,14.8,209.0,7.17518237964579,12.944371665663057
2026-02-27 07:00:00,19.2,94.0,1.6,11.3,207.0,5.1300926470568795,10.068373723328557
2026-02-27 08:00:00,19.8,92.0,0.9,13.5,205.0,5.705346533499442,12.235155124994774
2026-02-27 09:00:00,19.5,90.0,0.7000000000000001,14.1,196.0,3.886486717019688,13.553789912730297
2026-02-27 10:00:00,20.2,82.0,0.3,13.0,218.0,8.003599179233557,10.244139796887387
2026-02-27 11:00:00,23.4,61.0,0.0,14.4,234.0,11.649844718999244,8.464107633011613
2026-02-27 12:00:00,23.6,58.0,0.0,13.5,254.0,12.977032895167305,3.7211043035294886
2026-02-27 13:00:00,23.2,62.0,0.0,11.9,270.0,11.9,0.0
2026-02-27 14:00:00,22.9,67.0,0.0,10.9,289.0,10.306152474032555,-3.548692883583008
2026-02-27 15:00:00,21.5,80.0,0.0,15.5,345.0,4.011695199089072,-14.971850307480558
2026-02-27 16:00:00,19.9,84.0,0.0,16.5,6.0,-1.7247196439162804,-16.409611273576513
2026-02-27 17:00:00,19.0,83.0,0.0,14.0,31.0,-7.210533048740762,-12.000342209829569
2026-02-27 18:00:00,18.4,85.0,0.0,15.0,44.0,-10.419875556884959,-10.790097005079767
2026-02-27 19:00:00,17.8,88.0,0.3,17.3,48.0,-12.856405480758921,-11.575959490008248
2026-02-27 20:00:00,17.1,93.0,0.4,20.0,52.0,-15.76021507213444,-12.313229506513164
2026-02-27 21:00:00,17.0,94.0,0.4,19.4,57.0,-16.270209018141227,-10.565997279291524
2026-02-27 22:00:00,16.9,93.0,0.2,20.6,55.0,-16.874532112353233,-11.815674588831552
2026-02-27 23:00:00,16.7,93.0,0.1,22.9,48.0,-17.018016503432328,-15.323090885617853
2026-02-28 00:00:00,16.8,91.0,0.0,23.2,49.0,-17.509262261168313,-15.220569472579763
2026-02-28 01:00:00,16.8,91.0,0.1,23.4,46.0,-16.832551327924435,-16.255005868740536
2026-02-28 02:00:00,16.6,92.0,0.2,25.6,44.0,-17.78325428375033,-18.415098888669473
2026-02-28 03:00:00,16.5,90.0,0.1,25.0,43.0,-17.049959001562463,-18.283842540479263
2026-02-28 04:00:00,16.4,91.0,0.4,23.8,51.0,-18.496073882675905,-14.977825306986135
2026-02-28 05:00:00,16.2,92.0,0.4,24.2,51.0,-18.80693226725869,-15.22955346340607
2026-02-28 06:00:00,15.9,95.0,0.4,24.1,50.0,-18.46167107916737,-15.491181393445597
2026-02-28 07:00:00,16.1,93.0,0.2,23.2,49.0,-17.509262261168313,-15.220569472579763
2026-02-28 08:00:00,17.1,92.0,0.2,24.4,45.0,-17.25340546095176,-17.253405460951758
2026-02-28 09:00:00,18.5,85.0,0.0,25.6,49.0,-19.320565253702966,-16.79511114215698
2026-02-28 10:00:00,20.1,76.0,0.1,25.9,62.0,-22.868342655046206,-12.159313476154573
2026-02-28 11:00:00,21.0,73.0,0.0,22.1,64.0,-19.86334842321159,-9.688002344038612
2026-02-28 12:00:00,20.5,77.0,0.1,18.5,45.0,-13.081475451951132,-13.081475451951128
2026-02-28 13:00:00,20.1,81.0,0.5,18.7,36.0,-10.99158421786925,-15.128617794811515
2026-02-28 14:00:00,20.7,82.0,0.2,16.7,40.0,-10.734553081765208,-12.79294220008693
2026-02-28 15:00:00,21.4,77.0,0.0,19.0,37.0,-11.434485439888917,-15.174074690898564
2026-02-28 16:00:00,20.5,81.0,0.3,17.2,40.0,-11.055946886608478,-13.17596442164642
2026-02-28 17:00:00,19.2,90.0,0.5,19.1,43.0,-13.026168677193724,-13.968855700926158
2026-02-28 18:00:00,18.9,92.0,0.1,19.1,39.0,-12.020019469051903,-14.84348786382814
2026-02-28 19:00:00,18.5,95.0,0.6,20.1,44.0,-13.962633246225845,-14.45872998680689
2026-02-28 20:00:00,18.5,96.0,0.3,16.9,35.0,-9.693441774332683,-13.843669548483957
2026-02-28 21:00:00,18.5,96.0,0.0,14.0,48.0,-10.40402755668352,-9.367828489024015
2026-02-28 22:00:00,18.5,97.0,0.0,13.9,46.0,-9.99882322470725,-9.655751349380063
2026-02-28 23:00:00,18.6,96.0,0.0,12.6,49.0,-9.509340710806928,-8.26634376528039
2026-03-01 00:00:00,18.5,97.0,3.3,13.2,52.0,-10.40174194760873,-8.126731474298687
2026-03-01 01:00:00,18.5,97.0,0.7000000000000001,11.1,65.0,-10.060016436106816,-4.6910627053217615
2026-03-01 02:00:00,18.2,98.0,0.3,7.0,108.0,-6.657395614066075,2.1631189606246326
2026-03-01 03:00:00,18.0,99.0,0.7000000000000001,1.5,277.0,1.488819227461983,-0.1828040151077212
2026-03-01 04:00:00,18.0,100.0,0.8,4.2,83.0,-4.168693836893553,-0.5118512423016187
2026-03-01 05:00:00,17.8,99.0,0.6,7.8,119.0,-6.822033715687287,3.7815150379214297
2026-03-01 06:00:00,17.6,98.0,1.2,10.9,123.0,-9.141509190605122,5.936565481663798
2026-03-01 07:00:00,18.0,95.0,0.2,5.8,164.0,-1.5986966637385944,5.57531783644225
2026-03-01 08:00:00,18.8,96.0,0.0,4.0,3.0,-0.20934382497177723,-3.9945181390182953
2026-03-01 09:00:00,19.4,93.0,0.0,6.3,24.0,-2.5624408513775405,-5.755336383148386
2026-03-01 10:00:00,21.9,81.0,0.0,6.7,27.0,-3.041736348254964,-5.969743712062065
2026-03-01 11:00:00,23.6,75.0,0.0,6.3,307.0,5.031403713297944,-3.791434645857904
2026-03-01 12:00:00,23.7,76.0,0.0,6.3,294.0,5.755336383148386,-2.5624408513775414
2026-03-01 13:00:00,22.8,80.0,0.0,8.8,279.0,8.691657397237213,-1.3766232923540318
2026-03-01 14:00:00,23.8,78.0,0.4,6.5,293.0,5.983281547440862,-2.5397523351802795
2026-03-01 15:00:00,23.5,82.0,0.0,9.7,292.0,8.993683389297837,-3.6336839561343464
2026-03-01 16:00:00,22.0,86.0,0.1,10.2,288.0,9.700776466210565,-3.1519733426244634
2026-03-01 17:00:00,20.9,88.0,0.0,8.0,297.0,7.128052193506943,-3.631923997916374
2026-03-01 18:00:00,19.6,94.0,0.0,3.7,259.0,3.632020578756357,0.7059932828932158
2026-03-01 19:00:00,19.1,97.0,0.0,2.7,238.0,2.28972985962235,1.4307820134296534
2026-03-01 20:00:00,18.6,99.0,0.0,6.7,340.0,2.291534960281981,-6.295940559265586
2026-03-01 21:00:00,18.4,99.0,0.4,0.5,315.0,0.3535533905932738,-0.35355339059327373
2026-03-01 22:00:00,18.5,99.0,0.0,5.0,300.0,4.330127018922194,-2.4999999999999996
2026-03-01 23:00:00,18.6,97.0,0.3,1.3,262.0,1.2873484893640414,0.18092503124808507
2026-03-02 00:00:00,18.6,98.0,0.9,5.0,257.0,4.871850323926176,1.124755271719325
2026-03-02 01:00:00,18.5,98.0,14.9,6.8,217.0,4.0923421574339285,5.430721468321591
2026-03-02 02:00:00,18.9,97.0,11.9,1.7000000000000002,288.0,1.6167960777017611,-0.5253288904374106
2026-03-02 03:00:00,18.7,97.0,16.7,8.2,232.0,6.461688179575119,5.048424097670398
2026-03-02 04:00:00,19.1,96.0,6.0,13.9,205.0,5.874393838195722,12.597678239809435
2026-03-02 05:00:00,19.7,95.0,0.0,14.5,207.0,6.582862246223429,12.919594600731333
2026-03-02 06:00:00,20.2,93.0,0.0,17.6,236.0,14.591061276968734,9.841795101085147
2026-03-02 07:00:00,21.0,90.0,0.0,18.7,238.0,15.858499398125165,9.909490241160931
2026-03-02 08:00:00,22.4,90.0,0.0,20.6,241.0,18.017165967071552,9.987078177074544
2026-03-02 09:00:00,23.7,87.0,0.0,17.5,248.0,16.22571745491878,6.55561538477846
2026-03-02 10:00:00,24.4,84.0,0.0,19.0,257.0,18.51303123091947,4.274070032533435
2026-03-02 11:00:00,24.4,85.0,0.0,20.2,271.0,20.196923442159104,-0.3525386100331269
2026-03-02 12:00:00,24.1,83.0,0.0,21.9,277.0,21.73676072094495,-2.6689386205727295
2026-03-02 13:00:00,22.8,90.0,0.7000000000000001,17.9,276.0,17.80194192709209,-1.871059492490997
2026-03-02 14:00:00,24.0,85.0,0.8,16.5,262.0,16.33942313423591,2.29635616584108
2026-03-02 15:00:00,23.4,87.0,0.0,14.9,268.0,14.890923322584527,0.5200025008672644
2026-03-02 16:00:00,23.0,88.0,0.0,13.4,299.0,11.719904075667904,-6.4964489113009165
2026-03-02 17:00:00,21.4,91.0,0.2,11.6,330.0,5.800000000000001,-10.045894683899487
2026-03-02 18:00:00,20.2,92.0,0.3,8.6,360.0,5.265981236333618e-16,-8.6
2026-03-02 19:00:00,20.3,94.0,0.3,4.2,59.0,-3.600102662948872,-2.1631599146222276
2026-03-02 20:00:00,20.5,97.0,0.2,3.9,43.0,-2.6597936042437444,-2.8522794363147645
2026-03-02 21:00:00,20.6,97.0,0.7000000000000001,8.8,35.0,-5.047472639889208,-7.208537989743126
2026-03-02 22:00:00,20.0,98.0,1.1,17.1,41.0,-11.218609395737674,-12.905533821809403
2026-03-02 23:00:00,19.2,96.0,1.3,24.9,41.0,-16.335869821863632,-18.79226854754702
2026-03-03 00:00:00,17.9,94.0,0.8,28.5,45.0,-20.152543263816607,-20.152543263816604
2026-03-03 01:00:00,17.2,93.0,1.3,29.5,47.0,-21.574934197765533,-20.118951621843703
2026-03-03 02:00:00,17.1,89.0,0.5,29.9,52.0,-23.561521532840988,-18.408278112237177
2026-03-03 03:00:00,16.5,88.0,0.4,30.1,53.0,-24.038928852423517,-18.114632196876656
2026-03-03 04:00:00,16.0,87.0,0.1,29.8,55.0,-24.410730919811957,-17.092577803261175
2026-03-03 05:00:00,15.8,84.0,0.0,29.2,53.0,-23.32015689338095,-17.572998676039813
2026-03-03 06:00:00,15.6,83.0,0.1,29.3,50.0,-22.445102183386055,-18.833676963815602
2026-03-03 07:00:00,15.4,84.0,0.3,29.2,53.0,-23.32015689338095,-17.572998676039813
2026-03-03 08:00:00,14.9,88.0,0.8,26.1,57.0,-21.88930182337557,-14.215078813892207
2026-03-03 09:00:00,15.0,87.0,0.4,27.9,61.0,-24.401889829189145,-13.5261884048728
2026-03-03 10:00:00,15.4,86.0,0.2,27.2,54.0,-22.005262246998573,-15.987758862355266
2026-03-03 11:00:00,17.4,71.0,0.0,34.0,54.0,-27.50657780874822,-19.984698577944084
2026-03-03 12:00:00,18.0,70.0,0.0,35.2,54.0,-28.477398201998156,-20.69004088069505
2026-03-03 13:00:00,17.9,70.0,0.0,33.9,51.0,-26.34524809339131,-21.333961256589493
2026-03-03 14:00:00,17.1,73.0,0.0,33.1,51.0,-25.723531324225736,-20.830504943749627
2026-03-03 15:00:00,17.2,73.0,0.0,33.6,55.0,-27.523508688110127,-19.27216826139515
2026-03-03 16:00:00,17.0,73.0,0.0,33.2,51.0,-25.801245920371432,-20.89343698285461
2026-03-03 17:00:00,16.5,75.0,0.0,31.4,49.0,-23.697880818995042,-20.600253510301922
2026-03-03 18:00:00,15.9,79.0,0.0,29.8,48.0,-22.14571579922635,-19.940092069493975
2026-03-03 19:00:00,15.8,79.0,0.0,29.5,49.0,-22.26393261657178,-19.35374135521996
2026-03-03 20:00:00,15.4,80.0,0.0,28.5,56.0,-23.627570817818693,-15.93699774891628
2026-03-03 21:00:00,15.3,83.0,0.1,28.3,53.0,-22.601384934338387,-17.03136515520297
2026-03-03 22:00:00,15.2,84.0,0.1,28.9,53.0,-23.08056624036676,-17.392454169094197
2026-03-03 23:00:00,15.1,85.0,0.1,29.0,51.0,-22.53723288225215,-18.25029134044529
2026-03-04 00:00:00,15.1,84.0,0.1,30.5,52.0,-24.03432798500502,-18.777674997432573
2026-03-04 01:00:00,15.1,84.0,0.0,29.5,52.0,-23.2463172313983,-18.162013522106918
2026-03-04 02:00:00,15.0,86.0,0.1,28.7,53.0,-22.920839138357305,-17.272091164463788
2026-03-04 03:00:00,15.0,86.0,0.2,28.4,51.0,-22.07094530537797,-17.872699105815386
2026-03-04 04:00:00,14.9,85.0,0.0,29.0,54.0,-23.46149283687348,-17.045772316481717
2026-03-04 05:00:00,14.9,85.0,0.0,28.5,53.0,-22.761112036347846,-17.15172815983338
2026-03-04 06:00:00,15.0,83.0,0.1,29.7,50.0,-22.751519960633647,-19.090792007690215
2026-03-04 07:00:00,14.9,85.0,0.6,30.5,45.0,-21.566756826189703,-21.566756826189696
2026-03-04 08:00:00,15.6,84.0,0.2,29.3,46.0,-21.076656149922478,-20.353490254448623
2026-03-04 09:00:00,16.1,83.0,0.4,29.5,43.0,-20.11895162184371,-21.57493419776553
2026-03-04 10:00:00,16.0,88.0,1.5,27.9,46.0,-20.069580429448365,-19.380968535806026
2026-03-04 11:00:00,16.7,84.0,0.8,29.2,51.0,-22.692662074543545,-18.37615541865526
2026-03-04 12:00:00,17.9,76.0,0.1,30.5,53.0,-24.35838305644243,-18.355358206137474
2026-03-04 13:00:00,19.0,71.0,0.0,32.2,60.0,-27.886018001858925,-16.100000000000005
2026-03-04 14:00:00,18.6,76.0,0.0,29.7,52.0,-23.403919382119643,-18.285145817172047
2026-03-04 15:00:00,18.4,77.0,0.0,28.5,56.0,-23.627570817818693,-15.93699774891628
2026-03-04 16:00:00,18.2,77.0,0.0,27.6,55.0,-22.608596422376174,-15.830709643288875
2026-03-04 17:00:00,17.7,79.0,0.0,26.6,49.0,-20.07527483392574,-17.45117017114749
2026-03-04 18:00:00,17.2,83.0,0.2,26.6,45.0,-18.80904037956217,-18.809040379562163
2026-03-04 19:00:00,16.8,89.0,0.5,27.3,49.0,-20.60357154008168,-17.910411491440843
2026-03-04 20:00:00,17.2,89.0,0.0,25.3,55.0,-20.724546720511494,-14.511483839681468
2026-03-04 21:00:00,17.0,91.0,0.2,24.4,49.0,-18.414913757435638,-16.007840307368372
2026-03-04 22:00:00,16.9,93.0,0.2,26.5,44.0,-18.408446817163426,-19.062504708974256
2026-03-04 23:00:00,17.0,93.0,0.1,25.7,47.0,-18.795790131612684,-17.52735785360621
2026-03-05 00:00:00,17.0,94.0,0.5,22.8,42.0,-15.256177824981966,-16.94370202088459
2026-03-05 01:00:00,17.0,95.0,0.3,21.2,42.0,-14.185568854807793,-15.75467030012076
2026-03-05 02:00:00,17.7,96.0,0.1,17.6,28.0,-8.262699505031678,-15.539877634317117
2026-03-05 03:00:00,17.5,97.0,1.9,17.7,40.0,-11.377340691451748,-13.558986643205909
2026-03-05 04:00:00,17.2,97.0,0.9,13.3,65.0,-12.053893567587446,-5.620822881151301
2026-03-05 05:00:00,17.0,96.0,0.1,10.9,54.0,-8.81828523868693,-6.406859249987956
2026-03-05 06:00:00,16.5,97.0,0.0,10.4,46.0,-7.481133923521972,-7.224447052773573
2026-03-05 07:00:00,16.5,97.0,0.0,11.4,65.0,-10.33190877221781,-4.817848183843972
2026-03-05 08:00:00,17.2,98.0,0.0,5.6,25.0,-2.366662265747915,-5.07532360740524
2026-03-05 09:00:00,18.1,98.0,0.6,6.2,44.0,-4.306881896845783,-4.459906762099638
2026-03-05 10:00:00,18.4,96.0,0.4,6.7,93.0,-6.690817882855645,0.35065090682772354
2026-03-05 11:00:00,20.1,89.0,0.2,3.8,90.0,-3.8,4.653657836759942e-16
2026-03-05 12:00:00,20.7,83.0,0.0,2.9,90.0,-2.9,3.5514757175273243e-16
2026-03-05 13:00:00,21.2,80.0,0.0,1.3,326.0,0.7269507745119709,-1.0777488443215544
2026-03-05 14:00:00,21.7,80.0,0.0,2.5,278.0,2.475670171853926,-0.3479327524001636
2026-03-05 15:00:00,21.3,85.0,0.2,5.3,282.0,5.18418228388917,-1.1019319613341245
2026-03-05 16:00:00,21.0,88.0,0.7000000000000001,6.9,287.0,6.598502816144945,-2.017364762586884
2026-03-05 17:00:00,20.2,92.0,0.2,4.3,294.0,3.9282454678631837,-1.7489675652259409
2026-03-05 18:00:00,19.1,95.0,0.2,2.7,302.0,2.28972985962235,-1.4307820134296534
2026-03-05 19:00:00,18.5,96.0,0.0,1.7000000000000002,77.0,-1.6564291101349,-0.3824167923845705
2026-03-05 20:00:00,18.0,97.0,0.0,1.9,131.0,-1.4339482024232668,1.2465121550819638
2026-03-05 21:00:00,17.5,98.0,0.0,5.6,360.0,3.429011037612589e-16,-5.6
2026-03-05 22:00:00,18.3,96.0,0.0,13.9,21.0,-4.98131449867968,-12.976767928311103
2026-03-05 23:00:00,18.5,98.0,0.0,15.9,18.0,-4.913370210561666,-15.121798609092941
2026-03-06 00:00:00,18.4,99.0,0.1,13.6,15.0,-3.5199390133942803,-13.136591237531329
2026-03-06 01:00:00,18.4,98.0,0.2,17.1,14.0,-4.13686441475432,-16.592056919319543
2026-03-06 02:00:00,18.2,98.0,0.5,17.8,351.0,2.7845334777161104,-17.58085246259345
2026-03-06 03:00:00,18.0,97.0,0.8,19.6,357.0,1.025784742361702,-19.57313888118965
2026-03-06 04:00:00,17.5,97.0,0.5,23.0,12.0,-4.781968888808475,-22.497394816877527
2026-03-06 05:00:00,17.7,95.0,0.1,22.0,22.0,-8.24134505515007,-20.39804480046932
2026-03-06 06:00:00,17.4,93.0,0.1,22.0,24.0,-8.948206147667602,-20.09800006813722
2026-03-06 07:00:00,17.0,93.0,0.2,22.6,30.0,-11.300000000000011,-19.57217412552831
2026-03-06 08:00:00,17.0,94.0,0.2,24.4,31.0,-12.56692902780533,-20.914882137131535
2026-03-06 09:00:00,17.0,90.0,0.2,26.1,40.0,-16.77675661281868,-19.993759965405324
2026-03-06 10:00:00,17.4,86.0,0.2,26.2,43.0,-17.868357033637462,-19.161466982422265
2026-03-06 11:00:00,17.8,83.0,0.1,29.3,44.0,-20.35349025444862,-21.07665614992248
2026-03-06 12:00:00,17.9,80.0,0.1,31.7,42.0,-21.211440221575803,-23.557690967633402
2026-03-06 13:00:00,17.3,79.0,0.1,33.3,41.0,-21.84676566538389,-25.131829021418305
2026-03-06 14:00:00,17.0,76.0,0.1,35.6,46.0,-25.608496892055978,-24.729837988340307
2026-03-06 15:00:00,17.0,74.0,0.0,36.3,51.0,-28.21039840088804,-22.844330195109105
2026-03-06 16:00:00,17.0,75.0,0.0,34.5,50.0,-26.42853328760474,-22.176172534185604
2026-03-06 17:00:00,16.3,79.0,0.0,30.2,49.0,-22.792229322727717,-19.81298267551331
2026-03-06 18:00:00,15.6,82.0,0.0,29.2,50.0,-22.368497739074158,-18.769398202846947
2026-03-06 19:00:00,15.1,84.0,0.0,29.3,50.0,-22.445102183386055,-18.833676963815602
2026-03-06 20:00:00,14.9,83.0,0.0,28.7,56.0,-23.793378332329702,-16.04883632961043
2026-03-06 21:00:00,14.8,82.0,0.0,28.5,60.0,-24.6817240078565,-14.250000000000004
2026-03-06 22:00:00,14.6,82.0,0.0,28.5,57.0,-23.902111186444586,-15.522212497928273
2026-03-06 23:00:00,14.7,80.0,0.0,29.9,56.0,-24.78822341939575,-16.719867813775323
2026-03-07 00:00:00,14.6,79.0,0.0,29.6,59.0,-25.372152100782525,-15.245127017337603
2026-03-07 01:00:00,14.4,78.0,0.0,29.3,57.0,-24.573047640800926,-15.957923725940294
2026-03-07 02:00:00,14.5,76.0,0.0,30.8,61.0,-26.938286979893395,-14.932136303587178
2026-03-07 03:00:00,14.6,73.0,0.0,30.6,56.0,-25.36854972018428,-17.11130284620485
2026-03-07 04:00:00,14.6,71.0,0.0,30.7,59.0,-26.315036131554848,-15.811668899738661
2026-03-07 05:00:00,14.7,71.0,0.0,30.9,54.0,-24.99862512618588,-18.162564295837416
2026-03-07 06:00:00,14.9,70.0,0.0,30.6,49.0,-23.094113154816828,-20.075406287109516
2026-03-07 07:00:00,15.1,71.0,0.0,30.3,50.0,-23.211146626505034,-19.476464573502138
2026-03-07 08:00:00,15.4,70.0,0.0,33.8,55.0,-27.68733909696792,-19.38688354866536
2026-03-07 09:00:00,16.0,67.0,0.0,34.8,58.0,-29.512073746243626,-18.441190395315527
2026-03-07 10:00:00,16.8,64.0,0.0,36.9,58.0,-31.29297474817212,-19.554020850205255
2026-03-07 11:00:00,17.3,63.0,0.0,37.1,57.0,-31.114678070775234,-20.206108199057507
2026-03-07 12:00:00,17.6,62.0,0.0,37.7,57.0,-31.61788041154249,-20.532891620066522
2026-03-07 13:00:00,17.6,63.0,0.0,36.1,55.0,-29.571388798832604,-20.70610935227277
2026-03-07 14:00:00,17.7,63.0,0.0,39.0,60.0,-33.77499074759311,-19.500000000000004
2026-03-07 15:00:00,17.2,65.0,0.0,37.2,57.0,-31.198545127569776,-20.26057210255901
2026-03-07 16:00:00,16.1,69.0,0.0,37.4,56.0,-31.006005213558563,-20.913814589805924
2026-03-07 17:00:00,15.3,71.0,0.0,36.6,56.0,-30.342775155514534,-20.46646026702933
2026-03-07 18:00:00,14.7,72.0,0.0,35.6,53.0,-28.431424157683626,-21.424614824212924
2026-03-07 19:00:00,14.7,71.0,0.0,36.0,56.0,-29.845352611981507,-20.13094452494688
2026-03-07 20:00:00,14.4,72.0,0.0,37.5,57.0,-31.450146297953403,-20.423963813063516
2026-03-07 21:00:00,14.6,70.0,0.0,36.9,57.0,-30.946943957186146,-20.097180392054497
2026-03-07 22:00:00,14.9,68.0,0.0,37.2,59.0,-31.88662358611858,-19.159416386654016
2026-03-07 23:00:00,15.0,69.0,0.0,36.5,54.0,-29.529120294685587,-21.454161708675265
2026-03-08 00:00:00,15.1,70.0,0.0,35.6,54.0,-28.801004999748134,-20.92515498161204
2026-03-08 01:00:00,15.1,73.0,0.0,34.2,55.0,-28.01499991468352,-19.61631412320578
2026-03-08 02:00:00,14.9,75.0,0.0,33.0,55.0,-27.03201746153673,-18.928022399584524
2026-03-08 03:00:00,14.9,76.0,0.0,32.0,56.0,-26.52920232176134,-17.894172911063894
2026-03-08 04:00:00,15.2,77.0,0.0,31.2,63.0,-27.799403554677077,-14.164503591873856
2026-03-08 05:00:00,15.1,78.0,0.0,29.6,54.0,-23.946903033498447,-17.398443467857202
2026-03-08 06:00:00,15.4,77.0,0.0,29.1,55.0,-23.837324488809664,-16.691074297815444
2026-03-08 07:00:00,16.0,77.0,0.0,27.6,57.0,-23.147307675293703,-15.032037366414748
2026-03-08 08:00:00,17.5,75.0,0.0,23.0,55.0,-18.84049701864681,-13.192258036074062
2026-03-08 09:00:00,19.2,71.0,0.0,24.5,55.0,-20.069225085080298,-14.05262269060063
2026-03-08 10:00:00,19.8,69.0,0.0,25.7,47.0,-18.795790131612684,-17.52735785360621
2026-03-08 11:00:00,21.5,64.0,0.0,25.6,58.0,-21.71003126160451,-13.565933164370044
2026-03-08 12:00:00,21.0,66.0,0.0,25.9,49.0,-19.546978127769798,-16.991928850854134
2026-03-08 13:00:00,21.4,64.0,0.0,25.7,49.0,-19.396036211725242,-16.86071704505603
2026-03-08 14:00:00,20.9,66.0,0.0,27.6,45.0,-19.516147160748716,-19.516147160748712
2026-03-08 15:00:00,19.8,70.0,0.0,29.8,45.0,-21.07178207935912,-21.071782079359114
2026-03-08 16:00:00,18.1,74.0,0.0,30.8,50.0,-23.594168848064523,-19.79785837834541
2026-03-08 17:00:00,17.1,77.0,0.0,29.2,53.0,-23.32015689338095,-17.572998676039813
2026-03-08 18:00:00,16.5,79.0,0.0,27.7,56.0,-22.964340759774657,-15.489643426139683
2026-03-08 19:00:00,16.3,81.0,0.0,29.2,50.0,-22.368497739074158,-18.769398202846947
2026-03-08 20:00:00,16.3,83.0,0.0,28.8,47.0,-21.062986606632112,-19.641552769799954
2026-03-08 21:00:00,16.7,81.0,0.0,28.9,45.0,-20.435385976291226,-20.435385976291222
2026-03-08 22:00:00,16.6,83.0,0.0,29.8,45.0,-21.07178207935912,-21.071782079359114
2026-03-08 23:00:00,16.4,84.0,0.0,30.2,47.0,-22.08688178889895,-20.59635047388745
2026-03-09 00:00:00,16.4,84.0,0.0,28.4,51.0,-22.07094530537797,-17.872699105815386
2026-03-09 01:00:00,16.4,84.0,0.0,27.4,46.0,-19.70991052927904,-19.033639350576525
2026-03-09 02:00:00,16.5,86.0,0.0,26.0,46.0,-18.70283480880493,-18.061117631933932
2026-03-09 03:00:00,16.8,85.0,0.0,25.1,46.0,-18.055428988500143,-17.435925098520833
2026-03-09 04:00:00,16.6,86.0,0.0,23.0,45.0,-16.263455967290597,-16.263455967290593
2026-03-09 05:00:00,16.5,86.0,0.0,23.3,43.0,-15.890561789456218,-17.040541247726672
2026-03-09 06:00:00,16.4,86.0,0.1,23.2,42.0,-15.523830067525507,-17.24095995107555
2026-03-09 07:00:00,16.4,85.0,0.1,21.8,42.0,-14.587047218623107,-16.200557195407196
2026-03-09 08:00:00,16.5,83.0,0.1,23.7,45.0,-16.75843071412118,-16.758430714121175
2026-03-09 09:00:00,16.9,79.0,0.0,26.3,45.0,-18.596908345206206,-18.5969083452062
2026-03-09 10:00:00,17.0,76.0,0.0,27.5,44.0,-19.103105187622425,-19.781844509312908
2026-03-09 11:00:00,17.1,75.0,0.1,29.7,46.0,-21.364392070057935,-20.63135360263222
2026-03-09 12:00:00,16.9,75.0,0.1,29.7,43.0,-20.255351293856208,-21.72120493808936
2026-03-09 13:00:00,16.6,76.0,0.1,31.9,41.0,-20.92828302479718,-24.075235609106425
2026-03-09 14:00:00,16.1,74.0,0.1,30.7,45.0,-21.708178182427012,-21.708178182427005
2026-03-09 15:00:00,15.7,74.0,0.1,31.2,45.0,-22.06173157302029,-22.061731573020282
2026-03-09 16:00:00,15.1,75.0,0.1,29.5,46.0,-21.220524109990208,-20.492421928540423
2026-03-09 17:00:00,14.7,76.0,0.1,27.5,50.0,-21.066222185771895,-17.67665926637983
2026-03-09 18:00:00,14.2,79.0,0.0,27.4,55.0,-22.444766013518375,-15.715994356018664
2026-03-09 19:00:00,13.8,83.0,0.1,27.8,53.0,-22.202067179314742,-16.730457643626945
2026-03-09 20:00:00,13.9,81.0,0.2,27.8,52.0,-21.906698950266872,-17.1153890140533
2026-03-09 21:00:00,13.7,80.0,0.1,28.6,54.0,-23.1378860391235,-16.81065821556473
2026-03-09 22:00:00,13.5,82.0,0.0,27.8,57.0,-23.315041788882787,-15.140965173417753
2026-03-09 23:00:00,13.4,80.0,0.1,27.5,55.0,-22.526681217947274,-15.77335199965377
2026-03-10 00:00:00,13.1,83.0,0.2,27.8,58.0,-23.575737073148645,-14.731755545683093
2026-03-10 01:00:00,12.9,83.0,0.1,27.0,53.0,-21.563158771276907,-16.249005625105305
2026-03-10 02:00:00,12.1,89.0,0.3,27.5,57.0,-23.06344061849916,-14.977573462913245
2026-03-10 03:00:00,11.9,91.0,1.4,26.8,57.0,-22.476371220937367,-14.596326138402727
2026-03-10 04:00:00,11.8,92.0,0.8,26.4,57.0,-22.140902993759195,-14.378470524396715
2026-03-10 05:00:00,11.6,92.0,1.4,25.7,60.0,-22.256852877260073,-12.850000000000003
2026-03-10 06:00:00,11.5,92.0,2.2,25.0,62.0,-22.07368982147317,-11.736789069647271
2026-03-10 07:00:00,11.6,91.0,1.5,25.8,58.0,-21.879640880835794,-13.671917017216684
2026-03-10 08:00:00,11.7,90.0,0.8,27.9,61.0,-24.401889829189145,-13.5261884048728
2026-03-10 09:00:00,12.1,87.0,0.5,27.0,56.0,-22.38401445898613,-15.098208393710161
2026-03-10 10:00:00,12.8,86.0,0.2,26.5,54.0,-21.43895035093611,-15.576309185750535
2026-03-10 11:00:00,13.3,84.0,0.2,26.5,50.0,-20.300177742652917,-17.03387165669329
2026-03-10 12:00:00,13.9,77.0,0.1,29.5,49.0,-22.26393261657178,-19.35374135521996
2026-03-10 13:00:00,14.3,73.0,0.0,28.1,52.0,-22.14310217634889,-17.300087456650996
2026-03-10 14:00:00,14.9,71.0,0.0,28.9,51.0,-22.459518286106455,-18.187359301340305
2026-03-10 15:00:00,14.8,70.0,0.0,26.2,49.0,-19.77339100183663,-17.188746559551284
2026-03-10 16:00:00,14.4,69.0,0.0,25.0,49.0,-18.867739505569304,-16.401475724762676
2026-03-10 17:00:00,14.1,69.0,0.0,23.4,54.0,-18.93099766837377,-13.754174903643868
2026-03-10 18:00:00,13.7,71.0,0.0,21.1,57.0,-17.69594898364845,-11.491883638817072
2026-03-10 19:00:00,13.7,69.0,0.0,20.5,59.0,-17.571929664393302,-10.55828053565611
2026-03-10 20:00:00,13.8,70.0,0.0,20.6,61.0,-18.017165967071556,-9.987078177074542
2026-03-10 21:00:00,13.2,72.0,0.0,20.4,57.0,-17.10887958608665,-11.110636314306552
2026-03-10 22:00:00,13.1,72.0,0.0,20.7,53.0,-16.531755057978962,-12.457570979247402
2026-03-10 23:00:00,13.0,73.0,0.0,21.8,49.0,-16.452668848856433,-14.302086831993055
2026-03-11 00:00:00,12.9,73.0,0.0,21.0,46.0,-15.106135807111674,-14.587825779638944
2026-03-11 01:00:00,13.1,73.0,0.0,19.4,47.0,-14.188261811411907,-13.230768185212467
2026-03-11 02:00:00,13.5,77.0,0.0,19.2,44.0,-13.337440712812747,-13.811324166502102
2026-03-11 03:00:00,13.6,77.0,0.0,18.2,43.0,-12.412370153137473,-13.310637369468902
2026-03-11 04:00:00,13.4,77.0,0.0,17.6,44.0,-12.225987320078353,-12.660380485960262
2026-03-11 05:00:00,13.3,76.0,0.0,16.8,47.0,-12.286742187202066,-11.457572449049973
2026-03-11 06:00:00,13.1,76.0,0.0,17.1,48.0,-12.707776515663443,-11.442133368736476
2026-03-11 07:00:00,13.4,76.0,0.0,17.5,50.0,-13.405777754582115,-11.248783169514438
2026-03-11 08:00:00,14.9,72.0,0.0,20.4,52.0,-16.075419373577127,-12.559494096643427
2026-03-11 09:00:00,16.0,66.0,0.0,21.7,50.0,-16.62316441568182,-13.948491130197901
2026-03-11 10:00:00,17.4,62.0,0.0,21.8,48.0,-16.200557195407196,-14.58704721862311
2026-03-11 11:00:00,18.3,60.0,0.0,22.0,40.0,-14.141327413103868,-16.852977748617512
2026-03-11 12:00:00,18.4,59.0,0.0,23.9,35.0,-13.708476828790008,-19.577733858506896
2026-03-11 13:00:00,18.4,59.0,0.0,24.7,32.0,-13.089005826560163,-20.94678797506372
2026-03-11 14:00:00,18.4,60.0,0.0,23.4,34.0,-13.08511394121547,-19.39947919778798
2026-03-11 15:00:00,18.2,60.0,0.0,22.9,38.0,-14.098647784957569,-18.045446257593934
2026-03-11 16:00:00,17.7,61.0,0.0,23.2,43.0,-15.822361953449967,-16.967405877564754
2026-03-11 17:00:00,16.8,62.0,0.0,22.4,44.0,-15.560347498281537,-16.113211527585786
2026-03-11 18:00:00,15.4,66.0,0.0,23.4,47.0,-17.11367661788859,-15.958761625462461
2026-03-11 19:00:00,14.6,69.0,0.0,24.9,52.0,-19.621467764807377,-15.329970735608887
2026-03-11 20:00:00,14.5,74.0,0.0,24.2,46.0,-17.408023168195356,-16.810732565107735
2026-03-11 21:00:00,14.6,75.0,0.0,24.6,45.0,-17.394826817189074,-17.39482681718907
2026-03-11 22:00:00,14.7,75.0,0.0,24.1,47.0,-17.62562420902201,-16.436160477506213
2026-03-11 23:00:00,14.6,75.0,0.0,23.2,48.0,-17.240959951075546,-15.52383006752551
2026-03-12 00:00:00,14.4,77.0,0.0,22.1,45.0,-15.627059864222705,-15.6270598642227
2026-03-12 01:00:00,14.1,78.0,0.0,21.3,39.0,-13.404524329361546,-16.553208979033474
2026-03-12 02:00:00,14.1,81.0,0.0,22.2,40.0,-14.269884935041176,-17.00618663724131
2026-03-12 03:00:00,14.2,82.0,0.0,20.9,42.0,-13.984829672900133,-15.531726852477542
2026-03-12 04:00:00,14.1,82.0,0.0,19.9,46.0,-14.314862026739155,-13.823701572134047
2026-03-12 05:00:00,13.8,83.0,0.0,18.0,48.0,-13.376606858593096,-12.044350914459448
2026-03-12 06:00:00,13.7,83.0,0.0,18.8,46.0,-13.523588246366641,-13.05957736462915
2026-03-12 07:00:00,14.4,81.0,0.0,19.5,45.0,-13.78858223313768,-13.788582233137676
2026-03-12 08:00:00,16.0,72.0,0.0,22.5,45.0,-15.909902576697323,-15.909902576697318
2026-03-12 09:00:00,16.8,68.0,0.0,23.4,43.0,-15.958761625462467,-17.113676617888586
2026-03-12 10:00:00,17.3,66.0,0.0,24.2,40.0,-15.555460154414256,-18.538275523479264
2026-03-12 11:00:00,17.6,64.0,0.0,25.6,35.0,-14.683556770586788,-20.970292333798184
2026-03-12 12:00:00,17.5,60.0,0.0,26.1,33.0,-14.215078813892205,-21.88930182337557
2026-03-12 13:00:00,17.5,57.0,0.0,26.4,33.0,-14.378470524396711,-22.140902993759195
2026-03-12 14:00:00,17.4,57.0,0.0,27.4,36.0,-16.105315912813765,-22.167065645873556
2026-03-12 15:00:00,17.0,58.0,0.0,27.7,35.0,-15.888067286923985,-22.690511626805066
2026-03-12 16:00:00,15.9,61.0,0.0,28.9,39.0,-18.18735930134031,-22.459518286106448
2026-03-12 17:00:00,15.1,65.0,0.0,27.7,45.0,-19.58685783886737,-19.586857838867363
2026-03-12 18:00:00,13.9,68.0,0.0,23.9,58.0,-20.268349498138583,-12.665070415173593
2026-03-12 19:00:00,13.4,68.0,0.0,21.0,72.0,-19.972186842198226,-6.489356881873893
2026-03-12 20:00:00,12.4,69.0,0.0,18.2,88.0,-18.18891305174754,-0.6351708399855164
2026-03-12 21:00:00,12.1,66.0,0.0,18.7,97.0,-18.56061303569272,2.278956721676259
2026-03-12 22:00:00,12.1,65.0,0.0,19.4,90.0,-19.4,2.375814790345865e-15
2026-03-12 23:00:00,12.1,63.0,0.0,18.9,92.0,-18.888486630660907,0.6596004876772715
2026-03-13 00:00:00,12.1,62.0,0.0,18.4,87.0,-18.37478343948416,-0.9629815948701616
2026-03-13 01:00:00,12.0,61.0,0.0,18.3,83.0,-18.163594575036196,-2.2302089843141957
2026-03-13 02:00:00,11.8,59.0,0.0,18.2,78.0,-17.802286333355262,-3.7839927728832228
2026-03-13 03:00:00,11.8,58.0,0.0,18.7,76.0,-18.144530081361133,-4.523939447713782
2026-03-13 04:00:00,11.9,58.0,0.0,19.2,73.0,-18.36105131449028,-5.613536730676546
2026-03-13 05:00:00,11.9,58.0,0.0,18.9,76.0,-18.33858922661633,-4.572323826833715
2026-03-13 06:00:00,12.2,56.0,0.0,19.1,76.0,-18.532648371871534,-4.62070820595365
2026-03-13 07:00:00,12.4,57.0,0.0,20.2,72.0,-19.211341629162103,-6.242143286373935
2026-03-13 08:00:00,13.6,54.0,0.0,26.4,62.0,-23.30981645147567,-12.394049257547518
2026-03-13 09:00:00,14.9,50.0,0.0,29.6,58.0,-25.10222364623021,-15.685610221302863
2026-03-13 10:00:00,15.9,47.0,0.0,29.7,56.0,-24.622415904884743,-16.608029233081176
2026-03-13 11:00:00,16.9,45.0,0.0,28.3,52.0,-22.300704327070232,-17.423219751716125
2026-03-13 12:00:00,17.4,45.0,0.0,28.0,47.0,-20.477903645336777,-19.095954081749955
2026-03-13 13:00:00,17.7,45.0,0.0,29.7,43.0,-20.255351293856208,-21.72120493808936
2026-03-13 14:00:00,17.6,46.0,0.0,31.6,43.0,-21.551148177974955,-23.110776971165787
2026-03-13 15:00:00,17.3,47.0,0.0,32.8,45.0,-23.193102422918763,-23.193102422918756
2026-03-13 16:00:00,16.6,47.0,0.0,34.7,52.0,-27.343973150153257,-21.36345319380034
2026-03-13 17:00:00,15.7,51.0,0.0,34.4,54.0,-27.830184606498197,-20.21981267886107
2026-03-13 18:00:00,14.9,51.0,0.0,33.8,56.0,-28.021469952360412,-18.900720137311236
2026-03-13 19:00:00,14.4,54.0,0.0,34.4,56.0,-28.51889249589344,-19.236235879393686
2026-03-13 20:00:00,14.0,58.0,0.0,34.7,56.0,-28.767603767659953,-19.40399375043491
2026-03-13 21:00:00,14.1,60.0,0.0,35.2,55.0,-28.834151958972512,-20.189890559556826
2026-03-13 22:00:00,14.1,61.0,0.0,35.2,56.0,-29.182122553937475,-19.683590202170286
2026-03-13 23:00:00,14.0,62.0,0.0,33.6,58.0,-28.494416030855916,-17.80528727823568
2026-03-14 00:00:00,13.9,63.0,0.0,32.0,60.0,-27.712812921102035,-16.000000000000004
2026-03-14 01:00:00,13.8,65.0,0.0,28.9,59.0,-24.772134990291047,-14.884600364900564
2026-03-14 02:00:00,13.1,67.0,0.0,26.5,63.0,-23.61167289099175,-12.030748243097987
2026-03-14 03:00:00,12.8,70.0,0.0,22.1,64.0,-19.86334842321159,-9.688002344038612
2026-03-14 04:00:00,12.1,74.0,0.0,18.8,66.0,-17.174654603680896,-7.646648889825045
2026-03-14 05:00:00,11.7,78.0,0.0,15.9,68.0,-14.742223287611921,-5.956244835313001
2026-03-14 06:00:00,11.3,80.0,0.0,15.5,68.0,-14.371349745785205,-5.806402197946636
2026-03-14 07:00:00,12.1,80.0,0.0,16.4,63.0,-14.612506996689232,-7.445444195728565
2026-03-14 08:00:00,14.6,74.0,0.0,19.1,62.0,-16.864299023605504,-8.966906849210517
2026-03-14 09:00:00,17.0,64.0,0.0,19.6,68.0,-18.172803549509034,-7.342289230951876
2026-03-14 10:00:00,19.3,55.0,0.0,18.3,69.0,-17.08452180489879,-6.558133476678998
2026-03-14 11:00:00,20.9,49.0,0.0,17.9,56.0,-14.839772548735247,-10.009552972126365
2026-03-14 12:00:00,21.6,47.0,0.0,21.3,45.0,-15.061374439273466,-15.061374439273461
2026-03-14 13:00:00,21.8,47.0,0.0,24.4,44.0,-16.94966423919953,-17.551891128263087
2026-03-14 14:00:00,21.8,46.0,0.0,22.4,39.0,-14.096776759516366,-17.40806953663614
2026-03-14 15:00:00,21.2,47.0,0.0,24.7,43.0,-16.845359493543715,-18.06443642999351
2026-03-14 16:00:00,20.0,49.0,0.0,26.2,46.0,-18.846702768872657,-18.20004930602573
2026-03-14 17:00:00,18.5,55.0,0.0,26.7,46.0,-19.206372669041983,-18.54737849125523
2026-03-14 18:00:00,17.0,59.0,0.0,29.4,52.0,-23.167516156037625,-18.10044737457435
2026-03-14 19:00:00,15.9,63.0,0.0,28.5,55.0,-23.345833262236265,-16.346928436004816
2026-03-14 20:00:00,14.9,67.0,0.0,24.8,56.0,-20.56013179936504,-13.867984006074519
2026-03-14 21:00:00,14.4,70.0,0.0,20.3,61.0,-17.754780054929736,-9.84163529100064
2026-03-14 22:00:00,13.6,76.0,0.0,17.0,66.0,-15.530272779924214,-6.9145229322886035
2026-03-14 23:00:00,12.9,80.0,0.0,15.4,69.0,-14.377138568056907,-5.518866422997627
2026-03-15 00:00:00,12.7,81.0,0.0,14.1,68.0,-13.073292349391702,-5.28195296716436
2026-03-15 01:00:00,12.4,83.0,0.0,12.4,74.0,-11.919645029635154,-3.4179032121307875
2026-03-15 02:00:00,11.9,84.0,0.0,12.8,81.0,-12.642410759617764,-2.0023611525149536
2026-03-15 03:00:00,11.6,85.0,0.0,9.2,84.0,-9.149601437388114,-0.9616618620624121
2026-03-15 04:00:00,11.2,86.0,0.0,8.3,72.0,-7.893769085249776,-2.5648410533120627
2026-03-15 05:00:00,11.0,87.0,0.0,8.1,69.0,-7.5620014546273335,-2.9027803913169334
2026-03-15 06:00:00,10.9,87.0,0.0,9.9,69.0,-9.242446222322297,-3.5478427004984745
2026-03-15 07:00:00,12.1,81.0,0.0,11.5,70.0,-10.806465139037947,-3.9332316482451897
2026-03-15 08:00:00,15.5,73.0,0.0,11.1,65.0,-10.060016436106816,-4.6910627053217615
2026-03-15 09:00:00,18.8,63.0,0.0,7.1,52.0,-5.594876350607726,-4.371196474812173
2026-03-15 10:00:00,20.9,53.0,0.0,4.3,45.0,-3.040559159102155,-3.040559159102154
2026-03-15 11:00:00,22.4,48.0,0.0,2.9,4.0,-0.20229377385796418,-2.89293574575349
2026-03-15 12:00:00,23.4,48.0,0.0,8.5,5.0,-0.7408238133550951,-8.467654933779837
2026-03-15 13:00:00,23.2,55.0,0.0,15.7,16.0,-4.327506486326882,-15.091808626231607
2026-03-15 14:00:00,21.8,61.0,0.0,17.9,3.0,-0.936813616748703,-17.87546867210687
2026-03-15 15:00:00,20.0,70.0,0.0,19.6,2.0,-0.6840301353690149,-19.588060209574277
2026-03-15 16:00:00,19.3,70.0,0.0,19.8,7.0,-2.4130129994219143,-19.652413802498177
2026-03-15 17:00:00,18.6,74.0,0.0,17.7,15.0,-4.581097098314615,-17.09688712531651
2026-03-15 18:00:00,17.6,81.0,0.0,12.5,39.0,-7.866504888122973,-9.714324518212132
2026-03-15 19:00:00,17.5,79.0,0.0,11.9,60.0,-10.305702305034819,-5.950000000000001
2026-03-15 20:00:00,17.9,75.0,0.0,16.7,55.0,-13.679839139626162,-9.57872648706247
2026-03-15 21:00:00,17.1,80.0,0.0,13.0,66.0,-11.876090949353811,-5.287576359985403
2026-03-15 22:00:00,16.1,86.0,0.0,11.8,78.0,-11.542141688658907,-2.4533579516495623
2026-03-15 23:00:00,15.6,89.0,0.0,12.4,76.0,-12.031667005822356,-2.999831505435877
2026-03-16 00:00:00,15.3,89.0,0.0,12.2,71.0,-11.535326622311663,-3.971931484377312
2026-03-16 01:00:00,15.0,88.0,0.0,12.1,72.0,-11.507783847171359,-3.739105631936862
2026-03-16 02:00:00,14.8,85.0,0.0,9.6,86.0,-9.576614882494312,-0.6696621479436026
2026-03-16 03:00:00,14.1,85.0,0.0,8.7,68.0,-8.066499534731049,-3.2590773627184344
2026-03-16 04:00:00,13.8,88.0,0.0,8.9,62.0,-7.85823357644445,-4.178296908794429
2026-03-16 05:00:00,13.6,90.0,0.0,9.0,61.0,-7.871577364254563,-4.363286582217032
2026-03-16 06:00:00,13.7,92.0,0.0,8.5,62.0,-7.505054539300878,-3.9905082836800725
2026-03-16 07:00:00,14.7,89.0,0.0,10.4,64.0,-9.347458081511336,-4.559059926606405
2026-03-16 08:00:00,18.0,85.0,0.0,10.3,59.0,-8.828823197231758,-5.304892171573558
2026-03-16 09:00:00,20.5,75.0,0.0,7.7,53.0,-6.149493427364155,-4.633975678270772
2026-03-16 10:00:00,22.2,66.0,0.0,3.9,13.0,-0.8773091119410744,-3.800043252662417
2026-03-16 11:00:00,23.1,62.0,0.0,4.9,343.0,1.4326213531414103,-4.685893304218874
2026-03-16 12:00:00,23.6,60.0,0.0,7.6,342.0,2.3485291572496005,-7.228029523843166
2026-03-16 13:00:00,23.6,64.0,0.0,13.3,341.0,4.330056454280185,-12.575397055470914
2026-03-16 14:00:00,22.8,62.0,0.0,13.8,323.0,8.305047319498268,-11.021170038652642
2026-03-16 15:00:00,22.5,61.0,0.0,11.5,316.0,7.988571260278468,-8.272407703894487
2026-03-16 16:00:00,21.4,70.0,0.0,11.9,330.0,5.950000000000001,-10.305702305034819
2026-03-16 17:00:00,20.5,83.0,0.0,9.2,339.0,3.2969851358167634,-8.588939923774255
2026-03-16 18:00:00,19.6,90.0,0.0,5.9,329.0,3.0387246419693197,-5.057287074142463
2026-03-16 19:00:00,19.2,93.0,0.0,1.0,239.0,0.8571673007021123,0.5150380749100542
2026-03-16 20:00:00,18.6,92.0,0.0,8.1,183.0,0.4239212455678461,8.088899231512048
2026-03-16 21:00:00,18.3,92.0,0.0,7.2,181.0,0.1256573263484419,7.198903405126018
2026-03-16 22:00:00,17.7,92.0,0.0,7.4,174.0,-0.7735106281806363,7.359462025725223
2026-03-16 23:00:00,16.8,93.0,0.0,5.6,159.0,-2.0068605174536813,5.22805038838433
2026-03-17 00:00:00,16.1,92.0,0.0,4.6,132.0,-3.4184661971960124,3.078000789250748
2026-03-17 01:00:00,15.9,91.0,0.0,4.6,116.0,-4.134452612976168,2.0165072752297553
2026-03-17 02:00:00,16.0,91.0,0.0,6.8,93.0,-6.790680836331102,0.35588450245201786
2026-03-17 03:00:00,15.6,92.0,0.0,6.1,102.0,-5.966700364476214,1.2682613139883316
2026-03-17 04:00:00,14.8,93.0,0.0,2.4,171.0,-0.37544271609655394,2.3704520174283306
2026-03-17 05:00:00,14.9,97.0,0.0,9.8,224.0,6.807652030498174,7.049530043318781
2026-03-17 06:00:00,15.4,99.0,0.0,9.0,224.0,6.251925334130975,6.47405820304786
2026-03-17 07:00:00,16.1,97.0,0.0,10.0,229.0,7.54709580222772,6.560590289905073
2026-03-17 08:00:00,17.4,92.0,0.0,9.6,217.0,5.777424222259664,7.666900896454011
2026-03-17 09:00:00,19.1,80.0,0.0,6.0,217.0,3.61089013891229,4.791813060283757
2026-03-17 10:00:00,20.9,74.0,0.0,6.2,253.0,5.9290894869708195,1.812704569280968
2026-03-17 11:00:00,22.0,68.0,0.0,9.2,274.0,9.177589262390383,-0.6417595584459528
2026-03-17 12:00:00,22.0,68.0,0.0,12.9,285.0,12.460443159128982,-3.3387656818225175
2026-03-17 13:00:00,21.5,66.0,0.0,13.4,282.0,13.107177849832997,-2.786016656957975
2026-03-17 14:00:00,21.0,67.0,0.0,10.8,294.0,9.86629094254009,-4.3927557452186425
2026-03-17 15:00:00,20.2,73.0,0.0,8.3,286.0,7.978472076288048,-2.287790053281093
2026-03-17 16:00:00,19.6,75.0,0.0,7.6,274.0,7.581486781974664,-0.5301492004553523
2026-03-17 17:00:00,18.9,75.0,0.0,6.2,249.0,5.788198644282651,2.2218812871808615
2026-03-17 18:00:00,18.0,80.0,0.0,2.9,227.0,2.1209257346955943,1.9777952441812454
2026-03-17 19:00:00,16.4,88.0,0.0,2.1,285.0,2.0284442352070435,-0.5435199947152936
2026-03-17 20:00:00,15.8,92.0,0.0,3.1,152.0,-1.455361844636262,2.737137537862673
2026-03-17 21:00:00,15.8,92.0,0.0,7.0,132.0,-5.202013778341758,4.6839142445120086
2026-03-17 22:00:00,15.6,93.0,0.0,6.5,134.0,-4.6757087022012325,4.515279407983481
2026-03-17 23:00:00,15.2,93.0,0.0,6.9,150.0,-3.449999999999999,5.975575286112627
2026-03-18 00:00:00,14.9,92.0,0.0,6.4,164.0,-1.764079077228794,6.1520748540052415
2026-03-18 01:00:00,14.2,92.0,0.0,5.9,182.0,0.2059070305447564,5.896405879412665
2026-03-18 02:00:00,14.5,93.0,0.0,5.7,169.0,-1.0876112736463055,5.595274945651685
2026-03-18 03:00:00,15.5,86.0,0.0,7.9,177.0,-0.41345405431925636,7.889173324561134
2026-03-18 04:00:00,15.4,82.0,0.0,6.7,175.0,-0.5839434764093102,6.674504477214695
2026-03-18 05:00:00,14.8,81.0,0.0,5.0,159.0,-1.7918397477265013,4.667902132486009
2026-03-18 06:00:00,14.2,82.0,0.0,3.7,141.0,-2.328485446884398,2.875440057390793
2026-03-18 07:00:00,15.4,80.0,0.0,7.1,153.0,-3.2233325481507813,6.326146321737411
2026-03-18 08:00:00,19.4,69.0,0.0,8.0,172.0,-1.1133848076805228,7.922144549932563
2026-03-18 09:00:00,21.5,57.0,0.0,7.8,222.0,5.219218729599094,5.796529638723675
2026-03-18 10:00:00,22.3,57.0,0.0,9.3,245.0,8.428662419440846,3.930349834188505
2026-03-18 11:00:00,23.0,57.0,0.0,11.8,253.0,11.28439612036382,3.449986115728294
2026-03-18 12:00:00,23.2,58.0,0.0,14.9,259.0,14.626245033370193,2.8430540311105177
2026-03-18 13:00:00,23.0,61.0,0.0,16.5,259.0,16.196848526886455,3.148348423712989
2026-03-18 14:00:00,23.1,64.0,0.0,15.2,256.0,14.748495039395145,3.6772128131149495
2026-03-18 15:00:00,22.6,70.0,0.0,14.9,258.0,14.574399250933705,3.097884193184614
2026-03-18 16:00:00,22.0,74.0,0.0,12.7,247.0,11.690411638845992,4.962285331813777
2026-03-18 17:00:00,21.4,77.0,0.0,10.5,235.0,8.601096465034415,6.022552581685984
2026-03-18 18:00:00,20.4,82.0,0.0,10.1,219.0,6.356135949603359,7.849174210715406
2026-03-18 19:00:00,19.8,86.0,0.0,11.7,209.0,5.6722725568821435,10.23305057353093
2026-03-18 20:00:00,19.6,86.0,0.0,10.5,188.0,1.4613175600806874,10.397814721786489
2026-03-18 21:00:00,19.7,84.0,0.0,13.1,195.0,3.3905294908430217,12.653628324386794
2026-03-18 22:00:00,19.5,82.0,0.0,13.0,194.0,3.14498464279568,12.613844441587954
2026-03-18 23:00:00,19.2,82.0,0.0,11.9,194.0,2.8788705576360454,11.546519142684359
2026-03-19 00:00:00,18.1,86.0,0.0,6.5,185.0,0.5665123278597779,6.475265537596346
2026-03-19 01:00:00,17.0,90.0,0.0,5.1,162.0,-1.5759866713122312,4.850388233105283
2026-03-19 02:00:00,17.1,89.0,0.0,7.0,148.0,-3.7094348496324336,5.936336673094982
2026-03-19 03:00:00,16.6,90.0,0.0,5.5,163.0,-1.6080443759750516,5.2596761577966955
2026-03-19 04:00:00,16.8,92.0,0.0,8.4,335.0,3.5499933986218752,-7.61298541110786
2026-03-19 05:00:00,17.0,98.0,0.0,8.1,356.0,0.5650274373274143,-8.080268807104575
2026-03-19 06:00:00,17.2,99.0,0.1,7.3,40.0,-4.692349550711738,-5.592124434768539
2026-03-19 07:00:00,17.5,97.0,0.5,16.0,38.0,-9.85058360521053,-12.608172057707554
2026-03-19 08:00:00,18.0,96.0,0.4,15.7,22.0,-5.881323516629823,-14.55678651669856
2026-03-19 09:00:00,18.1,93.0,0.4,17.2,26.0,-7.539983724772137,-15.459257596345669
2026-03-19 10:00:00,18.9,86.0,0.2,20.3,29.0,-9.841635291000639,-17.75478005492974
2026-03-19 11:00:00,19.3,81.0,0.0,21.0,34.0,-11.743050972885678,-17.40978902365588
2026-03-19 12:00:00,20.2,76.0,0.0,22.2,34.0,-12.414082457050574,-18.40463411072193
2026-03-19 13:00:00,20.1,76.0,0.0,22.2,31.0,-11.43384526300321,-19.02911407558689
2026-03-19 14:00:00,19.0,81.0,0.0,23.8,31.0,-12.257906182859298,-20.40058175671027
2026-03-19 15:00:00,18.9,80.0,0.0,22.2,38.0,-13.667684752229608,-17.493838730069232
2026-03-19 16:00:00,19.1,78.0,0.0,21.3,45.0,-15.061374439273466,-15.061374439273461
2026-03-19 17:00:00,18.7,80.0,0.0,21.5,44.0,-14.935154964868442,-15.465805707281001
2026-03-19 18:00:00,18.0,82.0,0.0,22.8,37.0,-13.721382527866702,-18.20888962907828
2026-03-19 19:00:00,17.6,84.0,0.0,22.7,42.0,-15.18926476434608,-16.869387538336852
2026-03-19 20:00:00,17.3,85.0,0.0,21.8,44.0,-15.14355247600614,-15.681607647382597
2026-03-19 21:00:00,17.3,85.0,0.0,21.1,47.0,-15.4315631041645,-14.390165397318716
2026-03-19 22:00:00,17.1,86.0,0.0,20.7,49.0,-15.622488310611383,-13.580421900103495
2026-03-19 23:00:00,16.9,87.0,0.0,20.5,43.0,-13.98096638128122,-14.992750883192995
2026-03-20 00:00:00,16.9,88.0,0.0,19.9,41.0,-13.055574676911094,-15.018720646433161
2026-03-20 01:00:00,16.9,88.0,0.0,18.5,42.0,-12.378916217638876,-13.748179271331795
2026-03-20 02:00:00,16.8,89.0,0.0,18.0,41.0,-11.80906252182913,-13.584772444009896
2026-03-20 03:00:00,16.9,89.0,0.0,18.4,41.0,-12.071486133425333,-13.886656276099004
2026-03-20 04:00:00,17.0,89.0,0.0,18.6,41.0,-12.202697939223436,-14.03759819214356
2026-03-20 05:00:00,17.0,88.0,0.0,20.1,38.0,-12.374795654045728,-15.839016147495116
2026-03-20 06:00:00,17.1,86.0,0.0,21.9,42.0,-14.653960279258992,-16.274871677954934
2026-03-20 07:00:00,17.4,84.0,0.0,21.7,50.0,-16.62316441568182,-13.948491130197901
2026-03-20 08:00:00,19.1,80.0,0.0,24.7,52.0,-19.463865614086032,-15.206838440543757
2026-03-20 09:00:00,20.7,74.0,0.0,23.8,55.0,-19.495818654078004,-13.651119185154899
2026-03-20 10:00:00,22.5,67.0,0.0,22.0,53.0,-17.569981221040443,-13.239930509345065
2026-03-20 11:00:00,23.8,63.0,0.0,21.5,50.0,-16.469955527058026,-13.819933608260595
2026-03-20 12:00:00,24.8,61.0,0.0,20.5,52.0,-16.154220448937803,-12.621060244175993
2026-03-20 13:00:00,25.6,59.0,0.0,18.6,43.0,-12.685169497162475,-13.603178850116572
2026-03-20 14:00:00,25.5,60.0,0.0,18.7,14.0,-4.523939447713787,-18.144530081361133
2026-03-20 15:00:00,23.6,67.0,0.0,22.9,5.0,-1.9958665089213738,-22.812858586300973
2026-03-20 16:00:00,21.6,74.0,0.0,26.5,12.0,-5.509659806670634,-25.920911419445847
2026-03-20 17:00:00,20.0,81.0,0.0,25.5,23.0,-9.963643776476482,-23.472873763037228
2026-03-20 18:00:00,18.9,85.0,0.0,19.9,35.0,-11.414171083385822,-16.301125681350932
2026-03-20 19:00:00,18.7,86.0,0.0,19.2,43.0,-13.094368513199973,-14.041991071088072
2026-03-20 20:00:00,18.3,89.0,0.0,15.3,38.0,-9.419620572482568,-12.056564530182849
2026-03-20 21:00:00,18.1,90.0,0.0,15.4,36.0,-9.051892885304088,-12.458861713374189
2026-03-20 22:00:00,17.9,92.0,0.0,15.2,35.0,-8.718361832535905,-12.45111107319267
2026-03-20 23:00:00,18.2,90.0,0.0,16.4,35.0,-9.40665355615716,-13.43409352633946
2026-03-21 00:00:00,18.1,90.0,0.0,18.3,31.0,-9.425196770853997,-15.686161602848653
2026-03-21 01:00:00,18.0,88.0,0.0,17.7,29.0,-8.581130278360162,-15.480768816367307
2026-03-21 02:00:00,16.9,88.0,0.0,18.8,26.0,-8.241377559634662,-16.897328070424336
2026-03-21 03:00:00,16.8,87.0,0.0,17.8,35.0,-10.209660567048626,-14.58090638834405
2026-03-21 04:00:00,16.7,87.0,0.0,18.5,45.0,-13.081475451951132,-13.081475451951128
2026-03-21 05:00:00,16.8,87.0,0.0,17.1,53.0,-13.656667221808709,-10.291036895900028
2026-03-21 06:00:00,16.4,90.0,0.0,16.8,46.0,-12.084908645689339,-11.670260623711156
2026-03-21 07:00:00,17.1,86.0,0.0,18.3,47.0,-13.383772739630823,-12.48056998914372
2026-03-21 08:00:00,19.1,79.0,0.0,21.2,48.0,-15.754670300120758,-14.185568854807794
2026-03-21 09:00:00,20.0,76.0,0.0,22.7,42.0,-15.18926476434608,-16.869387538336852
2026-03-21 10:00:00,20.1,76.0,0.0,21.8,48.0,-16.200557195407196,-14.58704721862311
2026-03-21 11:00:00,21.0,72.0,0.0,21.8,47.0,-15.943510695297919,-14.867564249362465
2026-03-21 12:00:00,21.8,69.0,0.0,23.2,36.0,-13.63661785318538,-18.76919426949878
2026-03-21 13:00:00,21.3,71.0,0.0,24.5,33.0,-13.343656357868161,-20.547428914662888
2026-03-21 14:00:00,20.7,72.0,0.0,23.9,30.0,-11.95000000000001,-20.698007150448078
2026-03-21 15:00:00,19.5,76.0,0.0,23.2,30.0,-11.60000000000001,-20.09178936779897
2026-03-21 16:00:00,18.6,79.0,0.0,22.6,36.0,-13.283946701809896,-18.28378407287381
2026-03-21 17:00:00,18.5,79.0,0.0,22.2,38.0,-13.667684752229608,-17.493838730069232
2026-03-21 18:00:00,17.9,82.0,0.0,20.7,34.0,-11.575293101844453,-17.161077751889366
2026-03-21 19:00:00,17.5,84.0,0.0,20.1,39.0,-12.649339860101742,-15.62063382528511
2026-03-21 20:00:00,17.0,86.0,0.0,19.2,39.0,-12.082951508156887,-14.921202459973834
2026-03-21 21:00:00,17.0,86.0,0.0,18.0,44.0,-12.50385066826195,-12.948116406095721
2026-03-21 22:00:00,16.7,89.0,0.0,16.6,39.0,-10.446718491427308,-12.900622960185713
2026-03-21 23:00:00,16.6,90.0,0.0,15.8,30.0,-7.9000000000000075,-13.683201379794127
2026-03-22 00:00:00,16.8,91.0,0.0,14.2,36.0,-8.34655058255312,-11.488041320124251
2026-03-22 01:00:00,17.0,90.0,0.0,11.6,39.0,-7.300116536178119,-9.014893152900859
2026-03-22 02:00:00,17.5,88.0,0.0,12.3,32.0,-6.518006950068422,-10.43099158272404
2026-03-22 03:00:00,17.5,89.0,0.0,14.2,33.0,-7.733874297213383,-11.909122064825022
2026-03-22 04:00:00,17.2,89.0,0.0,14.3,31.0,-7.365044471213779,-12.257492400040205
2026-03-22 05:00:00,17.0,90.0,0.0,13.1,23.0,-5.118577783209487,-12.058613580226966
2026-03-22 06:00:00,17.0,89.0,0.0,12.8,35.0,-7.341778385293394,-10.485146166899092
2026-03-22 07:00:00,17.3,88.0,0.0,13.2,52.0,-10.40174194760873,-8.126731474298687
2026-03-22 08:00:00,18.5,85.0,0.0,14.2,54.0,-11.488041320124255,-8.346550582553117
2026-03-22 09:00:00,19.9,80.0,0.0,11.7,54.0,-9.465498834186885,-6.877087451821934
2026-03-22 10:00:00,21.9,71.0,0.0,10.3,33.0,-5.609782060654778,-8.638306849837868
2026-03-22 11:00:00,23.5,67.0,0.0,9.7,19.0,-3.1580110982344194,-9.171530183313372
2026-03-22 12:00:00,23.8,70.0,0.0,13.9,1.0,-0.24258844947824063,-13.897882962673838
2026-03-22 13:00:00,22.6,75.0,0.0,16.4,1.0,-0.28621946557144934,-16.397502200564816
2026-03-22 14:00:00,22.4,76.0,0.0,13.0,2.0,-0.4536934571325099,-12.992080751248245
2026-03-22 15:00:00,22.5,75.0,0.0,11.3,8.0,-1.572656040848744,-11.190029176779744
2026-03-22 16:00:00,22.2,76.0,0.0,10.4,1.0,-0.1815050269477484,-10.39841602962647
2026-03-22 17:00:00,20.4,83.0,0.0,11.5,2.0,-0.40134421207875876,-11.492994510719601
2026-03-22 18:00:00,18.8,89.0,0.0,10.1,20.0,-3.454403447589252,-9.490895469937675
2026-03-22 19:00:00,18.1,93.0,0.0,8.4,47.0,-6.143371093601033,-5.7287862245249865
2026-03-22 20:00:00,18.0,96.0,0.0,5.2,65.0,-4.71280049259058,-2.1976149610516362
2026-03-22 21:00:00,17.7,98.0,0.0,4.8,77.0,-4.676976310969129,-1.0797650608505518
2026-03-22 22:00:00,17.3,99.0,0.0,4.0,93.0,-3.9945181390182953,0.20934382497177523
2026-03-22 23:00:00,16.8,100.0,0.0,2.2,99.0,-2.172914349309303,0.3441558230885082
2026-03-23 00:00:00,16.7,99.0,0.0,0.6000000000000001,124.0,-0.49742254353302506,0.33551574208244817
2026-03-23 01:00:00,16.5,99.0,0.0,2.0,170.0,-0.3472963553338606,1.969615506024416
2026-03-23 02:00:00,17.2,99.0,0.0,4.6,216.0,2.703812160545376,3.721478174124758
2026-03-23 03:00:00,17.7,100.0,0.0,3.1,246.0,2.8319909186920627,1.2608835935349807
2026-03-23 04:00:00,17.8,100.0,0.0,0.9,281.0,0.8834644651028976,-0.17172809583889032
2026-03-23 05:00:00,17.8,99.0,0.0,1.1,99.0,-1.0864571746546514,0.1720779115442541
2026-03-23 06:00:00,18.0,98.0,0.0,2.5,82.0,-2.475670171853926,-0.3479327524001638
2026-03-23 07:00:00,18.4,97.0,0.0,5.1,84.0,-5.072061666378193,-0.5330951626650328
2026-03-23 08:00:00,20.0,88.0,0.0,8.6,70.0,-8.081356538758811,-2.9413732326007502
2026-03-23 09:00:00,22.2,79.0,0.0,7.2,32.0,-3.815418702479076,-6.105946292326267
2026-03-23 10:00:00,24.1,72.0,0.0,5.9,18.0,-1.8232002668121907,-5.611233446141406
2026-03-23 11:00:00,25.1,68.0,0.0,9.4,347.0,2.11453991083233,-9.159078608981211
2026-03-23 12:00:00,24.8,74.0,0.0,15.5,348.0,3.2226312076752714,-15.161287811373986
2026-03-23 13:00:00,23.9,78.0,0.0,16.4,357.0,0.858309682384281,-16.37752436997501
2026-03-23 14:00:00,23.5,78.0,0.0,15.1,352.0,2.1015138244969886,-14.953047837997712
2026-03-23 15:00:00,22.9,77.0,0.0,14.0,1.0,-0.24433369012196898,-13.997867732189478
2026-03-23 16:00:00,22.3,80.0,0.0,13.8,13.0,-3.1043245499453405,-13.446306894036246
2026-03-23 17:00:00,21.4,85.0,0.0,14.5,21.0,-5.196335268406861,-13.536916184209424
2026-03-23 18:00:00,20.2,91.0,0.0,14.3,31.0,-7.365044471213779,-12.257492400040205
2026-03-23 19:00:00,19.8,93.0,0.0,12.7,35.0,-7.2844207416582885,-10.403230962470193
2026-03-23 20:00:00,19.9,93.0,0.0,9.6,52.0,-7.564903234624531,-5.910350163126318
2026-03-23 21:00:00,19.6,95.0,0.0,8.3,46.0,-5.970520342810804,-5.765664474809679
2026-03-23 22:00:00,19.2,98.0,0.0,9.2,33.0,-5.010679122138248,-7.715769225097901
2026-03-23 23:00:00,19.2,98.0,0.0,8.8,31.0,-4.53233505920848,-7.543072246178587
2026-03-24 00:00:00,19.1,98.0,0.0,10.0,26.0,-4.383711467890778,-8.987940462991668
2026-03-24 01:00:00,19.1,99.0,0.0,9.3,29.0,-4.508729468290933,-8.133963276396383
2026-03-24 02:00:00,19.5,97.0,0.0,9.3,37.0,-5.596879715314049,-7.427310243439824
2026-03-24 03:00:00,19.4,97.0,0.0,8.4,47.0,-6.143371093601033,-5.7287862245249865
2026-03-24 04:00:00,19.4,96.0,0.0,7.8,38.0,-4.802159507540133,-6.1464838781324325
2026-03-24 05:00:00,19.3,97.0,0.0,8.0,23.0,-3.1258490279141906,-7.364038827619522
2026-03-24 06:00:00,19.2,97.0,0.0,7.3,28.0,-3.4271424083370023,-6.445517427870167
2026-03-24 07:00:00,19.8,95.0,0.0,8.3,33.0,-4.520503990624724,-6.9609657139470205
2026-03-24 08:00:00,20.8,91.0,0.0,5.3,38.0,-3.2630058192259876,-4.176456994115627
2026-03-24 09:00:00,21.6,87.0,0.1,0.9,360.0,5.5109105961630896e-17,-0.9
2026-03-24 10:00:00,22.5,82.0,0.1,8.3,316.0,5.765664474809678,-5.970520342810804
2026-03-24 11:00:00,22.4,84.0,0.0,12.3,316.0,8.544297956645666,-8.847879544165409
2026-03-24 12:00:00,21.5,85.0,0.0,11.2,320.0,7.1992212284892405,-8.579697762932554
2026-03-24 13:00:00,22.0,81.0,0.0,10.8,322.0,6.64914393351711,-8.510516138952598
2026-03-24 14:00:00,20.4,85.0,0.0,13.0,316.0,9.030558815966964,-9.351417404402465
2026-03-24 15:00:00,19.6,87.0,0.0,7.8,304.0,6.466493065929325,-4.361704647071826
2026-03-24 16:00:00,19.9,85.0,0.0,5.1,266.0,5.087576656325103,0.35575801609503904
2026-03-24 17:00:00,20.4,83.0,0.0,6.3,211.0,3.244739871933341,5.400153994423308
2026-03-24 18:00:00,20.0,85.0,0.0,4.8,228.0,3.5670951622914924,3.2118269105225195
2026-03-24 19:00:00,18.9,92.0,0.0,3.0,213.0,1.6339171050450814,2.516011703836272
2026-03-24 20:00:00,19.1,92.0,0.0,5.9,178.0,-0.20590703054475565,5.896405879412665
2026-03-24 21:00:00,19.3,91.0,0.0,9.7,178.0,-0.3385251180142592,9.694091022085228
2026-03-24 22:00:00,19.2,92.0,0.0,7.0,201.0,2.5085756468171025,6.535062985480412
2026-03-24 23:00:00,18.5,95.0,0.0,4.7,238.0,3.9858260519352022,2.490620541896063
2026-03-25 00:00:00,18.6,95.0,0.0,4.7,279.0,4.6421352007971475,-0.7352419856890852
2026-03-25 01:00:00,18.5,97.0,0.0,1.9,241.0,1.6617774435648518,0.9211382784680404
2026-03-25 02:00:00,18.4,98.0,0.0,2.8,165.0,-0.7246933262870583,2.7045923136093912
2026-03-25 03:00:00,18.5,98.0,0.0,1.1,261.0,1.0864571746546516,0.17207791154425398
2026-03-25 04:00:00,18.4,99.0,0.0,0.6000000000000001,214.0,0.3355157420824481,0.4974225435330251
2026-03-25 05:00:00,18.1,100.0,0.0,1.0,22.0,-0.3746065934159123,-0.9271838545667873
2026-03-25 06:00:00,18.4,99.0,0.0,6.2,17.0,-1.81270456928097,-5.9290894869708195
2026-03-25 07:00:00,19.0,93.0,0.0,7.9,35.0,-4.531253847173266,-6.4713011498830335
2026-03-25 08:00:00,20.8,89.0,0.0,9.1,25.0,-3.845826181840362,-8.247400862033516
2026-03-25 09:00:00,22.0,84.0,0.0,10.5,19.0,-3.4184656218001446,-9.927945043792826
2026-03-25 10:00:00,22.5,79.0,0.0,13.4,14.0,-3.2417534010355484,-13.001962732098352
2026-03-25 11:00:00,23.1,75.0,0.0,12.8,22.0,-4.794964395723677,-11.867953338454878
2026-03-25 12:00:00,24.0,68.0,0.0,12.6,24.0,-5.124881702755081,-11.510672766296771
2026-03-25 13:00:00,24.2,65.0,0.0,13.8,21.0,-4.9454777037251505,-12.883409885661383
2026-03-25 14:00:00,23.6,65.0,0.0,16.6,22.0,-6.218469450704145,-15.39125198580867
2026-03-25 15:00:00,22.8,68.0,0.0,17.4,27.0,-7.899434695468115,-15.503513520877599
2026-03-25 16:00:00,22.4,71.0,0.0,18.4,31.0,-9.476700578345001,-15.771878332918861
2026-03-25 17:00:00,21.5,73.0,0.0,19.2,47.0,-14.041991071088075,-13.094368513199969
2026-03-25 18:00:00,20.4,75.0,0.0,17.2,60.0,-14.895636945092344,-8.600000000000001
2026-03-25 19:00:00,18.9,78.0,0.0,19.1,67.0,-17.58164270094161,-7.462964554145126
2026-03-25 20:00:00,18.3,81.0,0.0,20.3,61.0,-17.754780054929736,-9.84163529100064
2026-03-25 21:00:00,17.7,82.0,0.0,22.4,63.0,-19.95854614181944,-10.169387194165845
2026-03-25 22:00:00,17.3,84.0,0.0,22.9,60.0,-19.831981746663644,-11.450000000000001
2026-03-25 23:00:00,17.1,83.0,0.0,22.6,54.0,-18.283784072873814,-13.28394670180989
2026-03-26 00:00:00,17.1,81.0,0.0,22.4,50.0,-17.159395525865108,-14.398442456978477
2026-03-26 01:00:00,17.0,79.0,0.0,22.7,60.0,-19.658776665906757,-11.350000000000001
2026-03-26 02:00:00,17.0,80.0,0.0,23.8,55.0,-19.495818654078004,-13.651119185154899
2026-03-26 03:00:00,16.9,80.0,0.0,24.3,55.0,-19.9053946762225,-13.937907403330422
2026-03-26 04:00:00,16.8,80.0,0.0,23.1,55.0,-18.92241222307571,-13.249615679709168
2026-03-26 05:00:00,16.6,80.0,0.0,23.2,54.0,-18.769194269498783,-13.636617853185374
2026-03-26 06:00:00,16.5,80.0,0.0,22.5,54.0,-18.20288237343632,-13.225168176580643
2026-03-26 07:00:00,17.4,78.0,0.0,20.5,56.0,-16.995270237378357,-11.463454521150307
2026-03-26 08:00:00,19.3,73.0,0.0,19.2,58.0,-16.28252344620338,-10.174449873277531
2026-03-26 09:00:00,21.6,66.0,0.0,16.6,58.0,-14.077598396196674,-8.796659786271201
2026-03-26 10:00:00,23.7,59.0,0.0,13.7,60.0,-11.864548031846809,-6.850000000000001
2026-03-26 11:00:00,25.5,55.0,0.0,7.7,25.0,-3.2541606154033835,-6.978569960182205
2026-03-26 12:00:00,26.5,54.0,0.0,10.8,355.0,0.941282021674708,-10.758902739390853
2026-03-26 13:00:00,26.4,55.0,0.0,16.3,347.0,3.6667021858049984,-15.882232055999335
2026-03-26 14:00:00,24.7,59.0,0.0,18.9,2.0,-0.6596004876772643,-18.888486630660907
2026-03-26 15:00:00,23.6,63.0,0.0,18.5,1.0,-0.3228695190897447,-18.49718236039324
2026-03-26 16:00:00,22.2,68.0,0.0,18.4,2.0,-0.642150739326014,-18.38879121715136
2026-03-26 17:00:00,21.0,74.0,0.0,15.5,3.0,-0.8112073217656367,-15.478757788695894
2026-03-26 18:00:00,20.1,79.0,0.1,10.7,8.0,-1.4891521802727044,-10.595868335534801
2026-03-26 19:00:00,19.6,84.0,0.0,6.2,7.0,-0.7555899291119125,-6.153786140176197
2026-03-26 20:00:00,18.5,91.0,0.0,11.2,12.0,-2.3286109371589094,-10.955253128218622
2026-03-26 21:00:00,18.8,92.0,0.1,5.6,17.0,-1.6372815464473276,-5.355306633392997
2026-03-26 22:00:00,18.5,95.0,0.1,6.1,2.0,-0.21288692988525462,-6.096284044816484
2026-03-26 23:00:00,18.1,97.0,0.7000000000000001,11.1,353.0,1.352749711797137,-11.017262283218674
2026-03-27 00:00:00,18.0,97.0,2.9,9.0,5.0,-0.7844016847289242,-8.96575228282571
2026-03-27 01:00:00,18.0,96.0,0.5,6.2,26.0,-2.717901110092282,-5.572523087054835
2026-03-27 02:00:00,18.5,96.0,0.2,10.4,8.0,-1.4474002499846848,-10.298787914912332
2026-03-27 03:00:00,18.4,96.0,0.1,9.4,23.0,-3.672872607799174,-8.652745622452938
2026-03-27 04:00:00,18.2,97.0,8.9,6.9,37.0,-4.152523659749133,-5.510585019326321
2026-03-27 05:00:00,18.1,96.0,8.7,5.5,54.0,-4.449593469062211,-3.2328188876086017
2026-03-27 06:00:00,18.2,95.0,0.0,6.0,29.0,-2.908857721478021,-5.247718242836376
2026-03-27 07:00:00,18.5,96.0,0.3,6.7,20.0,-2.2915349602819792,-6.295940559265587
2026-03-27 08:00:00,19.6,90.0,0.2,9.6,37.0,-5.777424222259663,-7.666900896454011
2026-03-27 09:00:00,21.2,84.0,2.9,10.2,18.0,-3.1519733426244647,-9.700776466210565
2026-03-27 10:00:00,21.0,87.0,11.5,12.6,355.0,1.0981623586204925,-12.552053195955994
2026-03-27 11:00:00,20.6,90.0,11.7,13.1,358.0,0.45718340680276415,-13.092019833950154
2026-03-27 12:00:00,21.1,87.0,1.5,12.1,358.0,0.42228391010026306,-12.092629006931059
2026-03-27 13:00:00,21.1,87.0,3.5,10.1,350.0,1.753846594435997,-9.9465583054233
2026-03-27 14:00:00,20.3,90.0,1.5,9.5,19.0,-3.092897467342988,-8.98242646819351
2026-03-27 15:00:00,21.7,82.0,0.1,10.3,359.0,0.17975978630402106,-10.298431260110831
2026-03-27 16:00:00,21.0,84.0,0.0,13.4,12.0,-2.7860166569579814,-13.107177849832995
2026-03-27 17:00:00,19.9,87.0,0.0,14.9,36.0,-8.758000259157852,-12.054353216186716
2026-03-27 18:00:00,19.2,88.0,0.0,13.4,46.0,-9.639153324537924,-9.308422164150565
2026-03-27 19:00:00,18.9,90.0,0.0,12.6,43.0,-8.593179336787482,-9.215056640401547
2026-03-27 20:00:00,19.1,90.0,0.0,14.8,37.0,-8.906862342650316,-11.819805548699934
2026-03-27 21:00:00,19.0,90.0,0.0,15.7,41.0,-10.300126755150965,-11.84894040949752
2026-03-27 22:00:00,19.1,90.0,0.0,16.1,49.0,-12.150824241586632,-10.562550366747164
2026-03-27 23:00:00,19.2,89.0,0.0,16.6,59.0,-14.228977191655066,-8.5496320435069
2026-03-28 00:00:00,18.9,90.0,0.0,15.8,55.0,-12.94260229976607,-9.06250769434653
2026-03-28 01:00:00,18.7,92.0,0.0,16.8,46.0,-12.084908645689339,-11.670260623711156
2026-03-28 02:00:00,19.0,93.0,0.0,17.1,39.0,-10.761378686952227,-13.289195940914198
2026-03-28 03:00:00,19.0,93.0,0.0,17.6,45.0,-12.44507934888324,-12.445079348883237
2026-03-28 04:00:00,19.0,92.0,0.0,17.1,39.0,-10.761378686952227,-13.289195940914198
2026-03-28 05:00:00,19.0,92.0,0.0,18.0,41.0,-11.80906252182913,-13.584772444009896
2026-03-28 06:00:00,18.9,93.0,0.0,19.9,38.0,-12.251663358980595,-15.681413996773768
2026-03-28 07:00:00,19.4,90.0,0.0,20.6,40.0,-13.241424759542713,-15.780515528250946
2026-03-28 08:00:00,19.4,91.0,0.1,20.1,43.0,-13.708167037256223,-14.700209402545328
2026-03-28 09:00:00,20.4,84.0,0.1,22.8,46.0,-16.400947447721244,-15.83821084646514
2026-03-28 10:00:00,22.0,76.0,0.0,23.0,58.0,-19.5051062115978,-12.18814307736371
2026-03-28 11:00:00,23.5,71.0,0.0,19.6,60.0,-16.974097914174997,-9.800000000000002
2026-03-28 12:00:00,24.2,70.0,0.0,18.3,44.0,-12.71224817939965,-13.163918346197317
2026-03-28 13:00:00,23.6,72.0,0.0,21.2,35.0,-12.159820450642183,-17.36602333892662
2026-03-28 14:00:00,25.2,65.0,0.0,16.6,49.0,-12.528179031698018,-10.890579881242418
2026-03-28 15:00:00,24.1,69.0,0.0,19.3,41.0,-12.66193925951679,-14.5658948982995
2026-03-28 16:00:00,23.5,72.0,0.0,20.3,48.0,-15.085839957191103,-13.583351309084822
2026-03-28 17:00:00,22.5,76.0,0.0,18.0,41.0,-11.80906252182913,-13.584772444009896
2026-03-28 18:00:00,21.0,84.0,0.0,17.6,37.0,-10.591944407476051,-14.055984976832354
2026-03-28 19:00:00,20.2,87.0,0.0,17.6,41.0,-11.546638910232929,-13.28288861192079
2026-03-28 20:00:00,19.9,91.0,0.0,18.0,39.0,-11.32776703889708,-13.988627306225471
2026-03-28 21:00:00,19.6,93.0,0.0,16.8,39.0,-10.572582569637277,-13.056052152477106
2026-03-28 22:00:00,19.5,95.0,0.0,12.2,41.0,-8.003920153684188,-9.207456878717817
2026-03-28 23:00:00,19.2,97.0,0.0,9.1,41.0,-5.970137163813616,-6.867857180027225
2026-03-29 00:00:00,19.0,98.0,0.0,8.6,22.0,-3.2216167033768457,-7.97378114927437
2026-03-29 01:00:00,18.5,98.0,0.0,3.2,87.0,-3.1956145112146364,-0.1674750599774194
2026-03-29 02:00:00,18.5,100.0,0.0,1.1,360.0,6.735557395310444e-17,-1.1
2026-03-29 03:00:00,18.9,99.0,0.0,0.2,90.0,-0.2,2.4492935982947065e-17
2026-03-29 04:00:00,19.6,97.0,0.1,4.8,335.0,2.0285676563553574,-4.350277377775919
2026-03-29 05:00:00,19.5,98.0,0.6,13.8,346.0,3.338522159275414,-13.390081022608753
2026-03-29 06:00:00,18.9,97.0,0.8,14.9,349.0,2.8430540311105195,-14.626245033370193
2026-03-29 07:00:00,19.0,95.0,0.2,12.5,353.0,1.5233667925643437,-12.406826895516526
2026-03-29 08:00:00,19.8,94.0,0.1,7.0,328.0,3.7094348496324345,-5.936336673094981
2026-03-29 09:00:00,20.0,91.0,0.1,12.6,331.0,6.108601215103848,-11.020208309956386
2026-03-29 10:00:00,20.1,89.0,0.1,9.8,336.0,3.9860191021428424,-8.95274548489749
2026-03-29 11:00:00,21.4,83.0,0.0,11.3,314.0,8.128539743826758,-7.84963958618667
2026-03-29 12:00:00,22.0,81.0,0.0,9.3,313.0,6.801589425058286,-6.3425847485812366
2026-03-29 13:00:00,22.5,79.0,0.0,10.9,309.0,8.470890979880982,-6.859592262443228
2026-03-29 14:00:00,22.0,79.0,0.0,11.9,319.0,7.807102444987037,-8.981044004650988
2026-03-29 15:00:00,21.9,79.0,0.0,10.6,326.0,5.927444776789915,-8.787798269083442
2026-03-29 16:00:00,21.4,80.0,0.0,9.2,337.0,3.594726382101318,-8.468644651762451
2026-03-29 17:00:00,21.2,80.0,0.0,6.1,358.0,0.21288692988525657,-6.096284044816484
2026-03-29 18:00:00,20.6,83.0,0.0,7.7,24.0,-3.1318721516836607,-7.0343000238480275
2026-03-29 19:00:00,19.5,88.0,0.0,10.1,40.0,-6.492154857834048,-7.737048875501676
2026-03-29 20:00:00,18.9,91.0,0.0,9.8,55.0,-8.027690034032121,-5.6210490762402525
2026-03-29 21:00:00,18.8,91.0,0.0,9.3,62.0,-8.21141261358802,-4.366085533908786
2026-03-29 22:00:00,18.4,93.0,0.0,8.0,80.0,-7.878462024097664,-1.3891854213354438
2026-03-29 23:00:00,18.0,95.0,0.0,6.0,81.0,-5.926130043570827,-0.9386067902413844
2026-03-30 00:00:00,17.5,98.0,0.0,1.1,171.0,-0.17207791154425392,1.0864571746546516
2026-03-30 01:00:00,18.1,97.0,0.0,6.5,242.0,5.739159353583025,3.05156515810829
2026-03-30 02:00:00,18.9,96.0,0.0,5.1,243.0,4.544133273360676,2.3153515486716882
2026-03-30 03:00:00,19.1,96.0,0.0,1.3,225.0,0.9192388155425119,0.9192388155425117
2026-03-30 04:00:00,19.1,97.0,0.0,8.5,117.0,-7.573555455601126,3.8589192477861483
2026-03-30 05:00:00,18.5,98.0,0.0,2.9,90.0,-2.9,3.5514757175273243e-16
2026-03-30 06:00:00,18.6,98.0,0.0,8.4,130.0,-6.434773322199415,5.3994159213669315
2026-03-30 07:00:00,20.1,91.0,0.0,8.8,139.0,-5.7733194551164635,6.641444305960396
2026-03-30 08:00:00,22.9,83.0,0.0,6.5,161.0,-2.116193003971518,6.1458707413955596
2026-03-30 09:00:00,24.5,75.0,0.0,8.8,223.0,6.001585568549987,6.4359125742487
2026-03-30 10:00:00,25.1,72.0,0.0,15.6,251.0,14.750089779349343,5.078863209531645
2026-03-30 11:00:00,25.2,73.0,0.0,16.5,246.0,15.073500051102915,6.711154610750704
2026-03-30 12:00:00,25.5,75.0,0.0,20.6,254.0,19.80199093632937,5.6781295298301835
2026-03-30 13:00:00,25.1,78.0,0.1,28.3,268.0,28.28276040464041,0.9876557566807774
2026-03-30 14:00:00,25.1,80.0,0.2,19.2,281.0,18.84724192219515,-3.66353271122966
2026-03-30 15:00:00,24.4,82.0,0.1,22.2,262.0,21.983951126062863,3.0896428413134527
2026-03-30 16:00:00,23.4,88.0,0.5,27.7,247.0,25.4979844406326,10.823252259152882
2026-03-30 17:00:00,22.5,93.0,1.1,28.4,227.0,20.77044512598444,19.368753425774955
2026-03-30 18:00:00,22.7,84.0,0.1,27.6,202.0,10.339141978279171,25.590274386043333
2026-03-30 19:00:00,24.2,68.0,0.0,20.3,191.0,3.873422606143862,19.92703182398758
2026-03-30 20:00:00,22.7,77.0,0.0,7.0,258.0,6.84703320513664,1.4553818357243153
2026-03-30 21:00:00,23.9,67.0,0.0,12.8,244.0,11.50456379262934,5.6111506789001915
2026-03-30 22:00:00,23.8,61.0,0.0,10.9,236.0,9.036509540849954,6.095202647831141
2026-03-30 23:00:00,23.5,72.0,0.0,18.7,256.0,18.144530081361133,4.523939447713786
2026-03-31 00:00:00,24.1,76.0,0.0,22.2,237.0,18.618486608388412,12.0909865773336
2026-03-31 01:00:00,23.4,79.0,0.0,18.1,212.0,9.59153868262101,15.349670540431312
2026-03-31 02:00:00,22.9,76.0,0.0,13.9,223.0,9.479777204868729,10.16581645250647
2026-03-31 03:00:00,23.1,81.0,0.0,24.3,249.0,22.686004363882002,8.708341173950798
2026-03-31 04:00:00,22.8,90.0,0.0,19.2,212.0,10.174449873277533,16.282523446203378
2026-03-31 05:00:00,22.6,88.0,0.0,17.9,216.0,10.521356016035268,14.481404199311559
2026-03-31 06:00:00,22.5,88.0,0.0,11.8,224.0,8.196968771416168,8.488209643996083
2026-03-31 07:00:00,23.3,85.0,0.0,11.6,237.0,9.728578588166918,6.317812806174314
2026-03-31 08:00:00,25.0,75.0,0.0,18.8,224.0,13.059577364629149,13.523588246366641
2026-03-31 09:00:00,26.0,69.0,0.0,14.9,221.0,9.775279531958558,11.245172745319303
2026-03-31 10:00:00,27.4,62.0,0.0,13.6,234.0,11.002631123499285,7.993879431177635
2026-03-31 11:00:00,27.1,66.0,0.0,15.9,273.0,15.878209602597725,-0.832141704262807
2026-03-31 12:00:00,26.5,73.0,0.0,14.6,294.0,13.337763681581972,-5.938354988906683
2026-03-31 13:00:00,25.0,83.0,0.0,12.7,322.0,7.81890073663586,-10.007736570805369
2026-03-31 14:00:00,24.9,84.0,0.0,15.7,343.0,4.590235764146967,-15.013984668619656
2026-03-31 15:00:00,23.7,86.0,0.1,10.2,351.0,1.5956315434103554,-10.074421074070404
2026-03-31 16:00:00,23.4,86.0,0.0,12.1,323.0,7.281961780139786,-9.663489671572243
2026-03-31 17:00:00,23.2,86.0,0.0,7.5,316.0,5.209937778442479,-5.395048502539883
2026-03-31 18:00:00,22.5,88.0,0.0,3.6,303.0,3.0192140446035265,-1.9607005260540975
2026-03-31 19:00:00,22.0,92.0,0.0,4.0,185.0,0.34862297099063255,3.984778792366982
2026-03-31 20:00:00,22.5,92.0,0.0,6.6,313.0,4.826934430686525,-4.50118917641249
2026-03-31 21:00:00,22.2,95.0,0.1,0.4,297.0,0.3564026096753472,-0.1815961998958187
2026-03-31 22:00:00,22.0,95.0,0.2,9.9,289.0,9.360633898433237,-3.2231247291258516
2026-03-31 23:00:00,21.5,96.0,0.4,11.4,286.0,10.958383333696835,-3.1422658563137906
2026-04-01 00:00:00,21.7,96.0,0.0,15.4,246.0,14.068600047696053,6.263744303367323
2026-04-01 01:00:00,22.6,92.0,0.0,23.1,246.0,21.10290007154408,9.395616455050986
2026-04-01 02:00:00,22.4,88.0,0.1,25.5,228.0,18.950193049673555,17.062830462150885
2026-04-01 03:00:00,22.6,76.0,0.1,29.8,241.0,26.063667272753992,14.447326683340846
2026-04-01 04:00:00,23.5,68.0,0.0,27.7,264.0,27.548256501701168,2.895438432514001
2026-04-01 05:00:00,21.1,91.0,1.2,20.3,281.0,19.92703182398758,-3.8734226061438597
2026-04-01 06:00:00,20.0,96.0,0.1,18.5,319.0,12.137092036324384,-13.962127234121283
2026-04-01 07:00:00,19.5,92.0,0.2,21.5,343.0,6.285991651538841,-20.560552253205262
2026-04-01 08:00:00,19.0,89.0,1.5,19.6,359.0,0.34206716617075855,-19.59701482506527
2026-04-01 09:00:00,20.1,83.0,0.3,19.5,3.0,-1.020551146737414,-19.47327592771419
2026-04-01 10:00:00,19.5,86.0,0.5,15.1,360.0,9.246083333562517e-16,-15.1
2026-04-01 11:00:00,20.0,82.0,0.2,14.8,14.0,-3.5804440548750835,-14.360376748884748
2026-04-01 12:00:00,20.9,77.0,0.1,14.6,13.0,-3.284285393420433,-14.225802945864432
2026-04-01 13:00:00,20.5,75.0,0.1,15.2,19.0,-4.948635947748781,-14.371882349109615
2026-04-01 14:00:00,20.5,73.0,0.0,17.7,38.0,-10.897208113264147,-13.947790338838981
2026-04-01 15:00:00,20.3,71.0,0.1,17.7,35.0,-10.15230292341352,-14.49899118391515
2026-04-01 16:00:00,19.3,72.0,0.0,18.3,43.0,-12.480569989143724,-13.38377273963082
2026-04-01 17:00:00,19.1,71.0,0.0,18.1,46.0,-13.020050386129586,-12.573316505307853
2026-04-01 18:00:00,18.3,71.0,0.0,17.2,55.0,-14.089415161770658,-9.865514705237993
2026-04-01 19:00:00,18.0,71.0,0.0,16.7,68.0,-15.483970371265348,-6.25593011004573
2026-04-01 20:00:00,17.4,75.0,0.0,18.2,60.0,-15.761662348876781,-9.100000000000001
2026-04-01 21:00:00,17.7,71.0,0.0,19.0,67.0,-17.489592215596367,-7.423891441296197
2026-04-01 22:00:00,17.5,71.0,0.0,20.4,69.0,-19.045040700542913,-7.310706170724129
2026-04-01 23:00:00,17.4,74.0,0.0,21.5,68.0,-19.93445287318593,-8.054041758442109
2026-04-02 00:00:00,17.4,75.0,0.0,21.5,67.0,-19.79085434922747,-8.400719262519381
2026-04-02 01:00:00,17.1,75.0,0.0,21.5,67.0,-19.79085434922747,-8.400719262519381
2026-04-02 02:00:00,16.8,76.0,0.0,20.6,63.0,-18.35473439828038,-9.352204294634662
2026-04-02 03:00:00,16.9,76.0,0.0,21.7,62.0,-19.159962765038713,-10.18753291245383
2026-04-02 04:00:00,16.9,76.0,0.0,22.9,62.0,-20.219499876469424,-10.750898787796901
2026-04-02 05:00:00,16.9,75.0,0.0,24.7,59.0,-21.172032327342173,-12.721440450278337
2026-04-02 06:00:00,17.0,74.0,0.0,26.1,61.0,-22.827574356338232,-12.653531088429395
2026-04-02 07:00:00,17.9,70.0,0.0,27.1,60.0,-23.469288442558287,-13.550000000000004
2026-04-02 08:00:00,19.4,67.0,0.0,24.3,58.0,-20.607568736601156,-12.877038120866876
2026-04-02 09:00:00,21.4,59.0,0.0,24.0,60.0,-20.784609690826528,-12.000000000000004
2026-04-02 10:00:00,23.2,52.0,0.0,22.4,63.0,-19.95854614181944,-10.169387194165845
2026-04-02 11:00:00,25.0,48.0,0.0,20.5,58.0,-17.384985971206735,-10.863344916780699
2026-04-02 12:00:00,25.9,47.0,0.0,18.3,50.0,-14.018613309077299,-11.763013257263669
2026-04-02 13:00:00,26.4,46.0,0.0,16.3,49.0,-12.301766157631187,-10.693762172545265
2026-04-02 14:00:00,26.2,47.0,0.0,16.8,51.0,-13.05605215247711,-10.572582569637273
2026-04-02 15:00:00,25.4,50.0,0.0,17.2,56.0,-14.25944624794672,-9.618117939696843
2026-04-02 16:00:00,24.0,56.0,0.0,16.2,69.0,-15.124002909254667,-5.805560782633867
2026-04-02 17:00:00,21.6,72.0,0.6,14.7,64.0,-13.212272480597754,-6.444055857799438
2026-04-02 18:00:00,20.4,73.0,0.0,14.9,75.0,-14.392294811707119,-3.85640377202756
2026-04-02 19:00:00,19.9,72.0,0.0,14.2,89.0,-14.197837271220756,-0.24782417140942764
2026-04-02 20:00:00,19.4,75.0,0.0,10.4,91.0,-10.39841602962647,0.18150502694774778
2026-04-02 21:00:00,20.2,74.0,0.0,6.3,110.0,-5.9200635109512225,2.154726902951714
2026-04-02 22:00:00,19.4,90.0,3.1,4.1,61.0,-3.5859407992715226,-1.9877194430099814
2026-04-02 23:00:00,18.6,95.0,4.4,6.6,49.0,-4.981083229470296,-4.3299895913373465
2026-04-03 00:00:00,18.6,97.0,4.0,6.3,87.0,-6.291366068953815,-0.32971652433054444
2026-04-03 01:00:00,18.4,99.0,5.6,1.1,342.0,0.3399186938124422,-1.0461621679246689
2026-04-03 02:00:00,18.2,98.0,5.4,9.6,323.0,5.777424222259664,-7.666900896454011
2026-04-03 03:00:00,18.4,98.0,2.6,4.2,355.0,0.3660541195401642,-4.184017731985332
2026-04-03 04:00:00,18.5,98.0,4.2,2.4,54.0,-1.9416407864998741,-1.4106846055019353
2026-04-03 05:00:00,18.4,99.0,2.9,7.8,143.0,-4.694157180585977,6.229356978368883
2026-04-03 06:00:00,18.3,97.0,4.8,1.5,111.0,-1.4003706397458027,0.5375519243179503
2026-04-03 07:00:00,18.6,97.0,5.7,4.9,170.0,-0.8508760705679586,4.82555798975982
2026-04-03 08:00:00,18.4,94.0,0.3,10.5,97.0,-10.42173459223388,1.2796281057540493
2026-04-03 09:00:00,19.4,96.0,1.8,5.4,105.0,-5.215999461960968,1.3976228435536135
2026-04-03 10:00:00,22.1,87.0,0.1,3.7,133.0,-2.706008695990931,2.523393932231245
2026-04-03 11:00:00,23.9,78.0,0.0,2.8,140.0,-1.7998053071223101,2.1449244407331385
2026-04-03 12:00:00,25.2,72.0,0.0,13.2,232.0,10.401741947608729,8.126731474298689
2026-04-03 13:00:00,25.4,76.0,0.0,11.7,261.0,11.555953584963111,1.830283240970701
2026-04-03 14:00:00,25.5,79.0,0.0,11.3,287.0,10.806243742382302,-3.303800263366926
2026-04-03 15:00:00,24.4,83.0,0.0,13.9,276.0,13.823854345618999,-1.4529456394203832
2026-04-03 16:00:00,23.9,86.0,0.0,15.2,253.0,14.535832290638139,4.444049911785599
2026-04-03 17:00:00,23.3,89.0,0.4,12.2,223.0,8.320379992762481,8.922515159753878
2026-04-03 18:00:00,22.9,90.0,0.1,16.0,211.0,8.240609198560866,13.714676811233797
2026-04-03 19:00:00,22.6,91.0,0.0,11.4,191.0,2.175222547292612,11.19054989130337
2026-04-03 20:00:00,23.8,76.0,0.1,22.3,250.0,20.95514544352576,7.627049196162413
2026-04-03 21:00:00,24.6,81.0,0.0,25.1,257.0,24.456688626109408,5.646271464031012
2026-04-03 22:00:00,24.0,78.0,0.2,25.9,218.0,15.94563221093455,20.409478518414097
2026-04-03 23:00:00,22.0,90.0,2.0,15.7,218.0,9.665885162612835,12.371768831625536
2026-04-04 00:00:00,21.6,89.0,2.5,11.3,217.0,6.800509761618147,9.02458126353441
2026-04-04 01:00:00,21.4,87.0,4.5,22.0,209.0,10.665811645419417,19.241633557066706
2026-04-04 02:00:00,21.2,89.0,0.9,43.4,221.0,28.472961858188015,32.75439578166831
2026-04-04 03:00:00,20.9,91.0,1.6,29.1,235.0,23.837324488809664,16.69107429781544
2026-04-04 04:00:00,20.5,93.0,0.5,28.0,246.0,25.579272813992823,11.388626006122406
2026-04-04 05:00:00,20.6,91.0,0.6,32.4,232.0,25.531548416857788,19.94743180055133
2026-04-04 06:00:00,21.1,88.0,0.3,32.0,237.0,26.83745817425357,17.428449120480867
2026-04-04 07:00:00,21.0,94.0,0.8,23.9,247.0,22.000065997513325,9.338473970893643
2026-04-04 08:00:00,20.8,92.0,2.4,10.3,216.0,6.054188098612474,8.332875042061959
2026-04-04 09:00:00,22.5,84.0,0.4,11.3,231.0,8.781749364463773,7.111320418863163
2026-04-04 10:00:00,23.2,81.0,0.0,5.2,224.0,3.612223526386786,3.740566961760986
2026-04-04 11:00:00,24.1,77.0,0.0,8.1,276.0,8.055627352483013,-0.8466805524679931
2026-04-04 12:00:00,23.0,80.0,1.7000000000000002,15.2,247.0,13.991673772477093,5.939113153036961
2026-04-04 13:00:00,22.0,86.0,2.6,10.8,285.0,10.431998923921938,-2.795245687107224
2026-04-04 14:00:00,22.2,82.0,0.6,8.0,80.0,-7.878462024097664,-1.3891854213354438
2026-04-04 15:00:00,23.2,76.0,0.3,7.5,63.0,-6.682548931412759,-3.4049287480466
2026-04-04 16:00:00,23.0,76.0,0.0,5.3,66.0,-4.8417909255057845,-2.155704208301741
2026-04-04 17:00:00,22.8,77.0,0.1,7.6,22.0,-2.8470101099609333,-7.046597294707583
2026-04-04 18:00:00,21.8,80.0,0.0,9.7,34.0,-5.424171163666242,-8.041664453783905
2026-04-04 19:00:00,20.9,81.0,0.0,10.2,62.0,-9.006065447161054,-4.7886099404160865
2026-04-04 20:00:00,19.3,94.0,0.0,12.4,109.0,-11.72443033743153,4.037045115268742
2026-04-04 21:00:00,19.1,94.0,3.9,11.7,86.0,-11.671499388039942,-0.8161507428062656
2026-04-04 22:00:00,19.0,94.0,3.3,11.1,61.0,-9.708278749247294,-5.38138678473434
2026-04-04 23:00:00,18.5,94.0,2.8,12.0,66.0,-10.96254549171121,-4.880839716909603
2026-04-05 00:00:00,18.5,91.0,7.0,9.7,87.0,-9.686706487119366,-0.5076587755565526
2026-04-05 01:00:00,18.5,93.0,0.1,5.4,90.0,-5.4,6.613092715395707e-16
2026-04-05 02:00:00,18.9,95.0,0.0,7.4,87.0,-7.389858557183847,-0.3872860761977824
2026-04-05 03:00:00,19.0,95.0,0.0,7.6,117.0,-6.771649583831595,3.450327798020556
2026-04-05 04:00:00,18.7,95.0,0.0,6.2,100.0,-6.10580806867569,1.0766187015349677
2026-04-05 05:00:00,18.9,95.0,0.0,7.8,151.0,-3.7815150379214284,6.8220337156872874
2026-04-05 06:00:00,19.1,95.0,0.0,4.0,172.0,-0.5566924038402614,3.9610722749662814
2026-04-05 07:00:00,20.1,94.0,0.0,2.5,86.0,-2.4939101256495606,-0.1743911843603132
2026-04-05 08:00:00,22.2,87.0,0.0,7.2,108.0,-6.8476069173251055,2.224922359499622
2026-04-05 09:00:00,24.1,74.0,0.0,6.1,175.0,-0.5316500307607152,6.076787658359647
2026-04-05 10:00:00,25.1,71.0,0.0,9.0,280.0,8.863269777109872,-1.562833599002373
2026-04-05 11:00:00,24.5,77.0,0.0,11.4,301.0,9.77170722800408,-5.8714340539746175
2026-04-05 12:00:00,23.9,81.0,0.0,8.4,285.0,8.113776940828174,-2.174079978861174
2026-04-05 13:00:00,23.9,83.0,0.3,9.9,279.0,9.778114571891864,-1.5487012038982857
2026-04-05 14:00:00,24.8,79.0,0.4,6.4,315.0,4.525483399593905,-4.525483399593904
2026-04-05 15:00:00,25.0,79.0,0.1,7.3,312.0,5.424957225984977,-4.884653426419665
2026-04-05 16:00:00,24.8,80.0,0.0,6.6,307.0,5.270994366312133,-3.9719791528035184
2026-04-05 17:00:00,24.2,81.0,0.0,5.7,311.0,4.301844607269801,-3.739536465245892
2026-04-05 18:00:00,23.5,86.0,0.2,3.2,317.0,2.182394752199995,-2.3403318451813457
2026-04-05 19:00:00,22.9,92.0,0.1,1.7000000000000002,283.0,1.6564291101349,-0.38241679238457055
2026-04-05 20:00:00,22.4,95.0,1.3,5.5,191.0,1.049449474570997,5.3989495089621515
2026-04-05 21:00:00,22.3,97.0,0.5,5.8,166.0,-1.403146994478073,5.627715212400779
2026-04-05 22:00:00,22.2,97.0,0.2,2.9,169.0,-0.5533460865919799,2.8467188319982255
2026-04-05 23:00:00,21.9,98.0,0.0,2.9,169.0,-0.5533460865919799,2.8467188319982255
2026-04-06 00:00:00,21.1,99.0,0.0,1.4,337.0,0.5470235798849832,-1.2887067948334165
2026-04-06 01:00:00,21.2,100.0,0.0,1.1,360.0,6.735557395310444e-17,-1.1
2026-04-06 02:00:00,21.2,100.0,0.1,1.6,27.0,-0.7263847995832751,-1.4256104387013886
2026-04-06 03:00:00,21.3,100.0,3.3,6.9,123.0,-5.786826918823426,3.758009341603689
2026-04-06 04:00:00,21.1,98.0,5.2,6.4,151.0,-3.102781569576557,5.597566125692134
2026-04-06 05:00:00,21.1,96.0,4.5,6.4,170.0,-1.111348337068354,6.3027696192781315
2026-04-06 06:00:00,21.0,98.0,4.4,7.6,207.0,3.4503277980205556,6.771649583831595
2026-04-06 07:00:00,21.5,96.0,1.8,13.5,217.0,8.124502812552652,10.781579385638453
2026-04-06 08:00:00,22.5,86.0,0.8,11.5,191.0,2.1943034468302667,11.288712609648135
2026-04-06 09:00:00,24.4,82.0,0.0,19.0,228.0,14.11975168407049,12.713481520818306
2026-04-06 10:00:00,26.2,74.0,0.0,20.3,230.0,15.550702195315255,13.048588476636747
2026-04-06 11:00:00,26.6,67.0,0.0,29.2,228.0,21.69982890393991,19.53861370567866
2026-04-06 12:00:00,25.8,73.0,0.0,28.5,235.0,23.345833262236265,16.346928436004813
2026-04-06 13:00:00,26.0,75.0,0.0,27.2,234.0,22.00526224699857,15.98775886235527
2026-04-06 14:00:00,24.6,82.0,0.0,24.6,228.0,18.2813627067439,16.460612916427912
2026-04-06 15:00:00,25.6,76.0,0.2,28.0,230.0,21.449244407331385,17.998053071223097
2026-04-06 16:00:00,26.0,73.0,0.0,30.5,242.0,26.929901582197274,14.318882664969669
2026-04-06 17:00:00,25.7,72.0,0.0,33.8,244.0,30.379238764911843,14.816944761470815
2026-04-06 18:00:00,25.6,76.0,0.0,33.6,241.0,29.3872221598837,16.289603240276925
2026-04-06 19:00:00,25.5,75.0,0.0,34.1,231.0,26.50067728568271,21.459825334799454
2026-04-06 20:00:00,25.4,77.0,0.0,32.3,235.0,26.45861103053443,18.526518894138785
2026-04-06 21:00:00,25.6,73.0,0.0,35.1,238.0,29.76648817509055,18.600166174585492
2026-04-06 22:00:00,25.7,71.0,0.0,36.1,230.0,27.65420439659511,23.204632709684066
2026-04-06 23:00:00,25.6,70.0,0.0,34.7,230.0,26.581742176228538,22.304730056122914
2026-04-07 00:00:00,25.5,69.0,0.0,36.5,231.0,28.36582759317944,22.970194273319066
2026-04-07 01:00:00,25.5,68.0,0.0,37.3,226.0,26.831374552631686,25.910757218120594
2026-04-07 02:00:00,25.5,60.0,0.0,33.4,226.0,24.025949331310947,23.20158957333051
2026-04-07 03:00:00,24.7,72.0,0.0,38.1,231.0,29.609261131510593,23.977106898998805
2026-04-07 04:00:00,23.6,80.0,0.1,37.5,230.0,28.726666616961676,24.104535363245223
2026-04-07 05:00:00,23.4,83.0,0.4,30.3,242.0,26.75331206362549,14.224988352412492
2026-04-07 06:00:00,23.1,82.0,2.1,33.0,239.0,28.286520923169707,16.99625647203179
2026-04-07 07:00:00,23.1,82.0,0.4,30.7,226.0,22.08373187039659,21.326011973091216
2026-04-07 08:00:00,21.9,94.0,1.5,18.7,7.0,-2.278956721676252,-18.56061303569272
2026-04-07 09:00:00,21.4,94.0,2.9,17.2,45.0,-12.16223663640862,-12.162236636408617
2026-04-07 10:00:00,22.1,90.0,1.0,18.9,32.0,-10.015474094007574,-16.02810901735645
2026-04-07 11:00:00,21.1,93.0,0.8,22.8,33.0,-12.417769998342616,-19.12168894915567
2026-04-07 12:00:00,21.1,92.0,0.8,20.3,38.0,-12.49792794911086,-15.99661829821646
2026-04-07 13:00:00,20.0,95.0,2.2,22.6,35.0,-12.96282746153365,-18.51283620093121
2026-04-07 14:00:00,19.8,95.0,1.3,21.7,40.0,-13.948491130197906,-16.62316441568182
2026-04-07 15:00:00,19.9,93.0,7.6,24.7,42.0,-16.527525977063796,-18.35567718929164
2026-04-07 16:00:00,19.7,95.0,8.5,21.2,49.0,-15.999843100722769,-13.90845141459875
2026-04-07 17:00:00,19.7,95.0,1.3,21.1,54.0,-17.070258581311396,-12.402268823371182
2026-04-07 18:00:00,19.8,93.0,0.0,22.9,55.0,-18.758581814217912,-13.134900392438956
2026-04-07 19:00:00,19.4,92.0,0.0,25.5,48.0,-18.950193049673555,-17.062830462150885
2026-04-07 20:00:00,19.7,91.0,0.0,25.8,52.0,-20.33067744305343,-15.884066063401981
2026-04-07 21:00:00,19.4,90.0,0.0,25.5,53.0,-20.365205506205967,-15.346283090377234
2026-04-07 22:00:00,19.4,90.0,0.0,25.6,53.0,-20.4450690572107,-15.406464592692439
2026-04-07 23:00:00,19.1,90.0,0.0,26.5,53.0,-21.16384101625326,-15.948098113529282
2026-04-08 00:00:00,19.0,89.0,0.0,26.1,54.0,-21.115343553186133,-15.341195084833547
2026-04-08 01:00:00,19.0,89.0,0.0,25.1,53.0,-20.04575130218705,-15.105557081116416
2026-04-08 02:00:00,19.2,88.0,0.0,24.4,53.0,-19.486706445153946,-14.68428656490998
2026-04-08 03:00:00,19.2,88.0,0.0,22.8,58.0,-19.335496592366514,-12.082159224517069
2026-04-08 04:00:00,19.4,88.0,0.0,21.0,64.0,-18.874674972282506,-9.205794082570627
2026-04-08 05:00:00,19.6,87.0,0.0,18.7,66.0,-17.083300057916635,-7.605975225517463
2026-04-08 06:00:00,19.8,88.0,0.0,18.1,52.0,-14.26299464028167,-11.143472703394414
2026-04-08 07:00:00,20.4,88.0,0.2,18.5,50.0,-14.171822197701093,-11.891570779200975
2026-04-08 08:00:00,20.5,94.0,2.5,20.7,59.0,-17.743363124533726,-10.661288150638121
2026-04-08 09:00:00,21.6,95.0,3.3,17.3,67.0,-15.924733964727219,-6.759648522864433
2026-04-08 10:00:00,22.1,98.0,10.6,7.9,79.0,-7.754854749236546,-1.5073910634747034
2026-04-08 11:00:00,23.9,89.0,0.7000000000000001,4.9,92.0,-4.897015052393569,0.17100753384225562
2026-04-08 12:00:00,25.7,77.0,0.1,6.7,218.0,4.124931884681911,5.279672049165038
2026-04-08 13:00:00,25.9,77.0,0.1,10.1,260.0,9.9465583054233,1.7538465944359962
2026-04-08 14:00:00,24.8,83.0,0.0,10.6,231.0,8.23774719144389,6.670796145128276
2026-04-08 15:00:00,24.9,82.0,0.0,10.3,248.0,9.549993702037911,3.858447912183894
2026-04-08 16:00:00,24.4,82.0,0.0,9.4,267.0,9.387117626692994,0.4919579886836721
2026-04-08 17:00:00,23.9,83.0,0.0,6.7,272.0,6.695918541027941,-0.2338266279067565
2026-04-08 18:00:00,23.1,88.0,0.0,2.7,242.0,2.383958500719103,1.2675732195219052
2026-04-08 19:00:00,22.6,90.0,0.0,6.5,186.0,0.6794350112397475,6.4643923198937765
2026-04-08 20:00:00,22.5,90.0,0.0,9.4,172.0,-1.3082271490246145,9.308519846170762
2026-04-08 21:00:00,22.0,93.0,0.0,9.2,192.0,1.9127875555233869,8.998957926751011
2026-04-08 22:00:00,21.9,93.0,0.0,9.6,197.0,2.806768365338273,9.18052565724514
2026-04-08 23:00:00,21.6,95.0,0.0,8.1,217.0,4.874701687531592,6.468947631383072
2026-04-09 00:00:00,21.5,96.0,0.0,7.1,232.0,5.594876350607725,4.371196474812174
2026-04-09 01:00:00,21.4,97.0,0.0,5.8,256.0,5.627715212400779,1.4031469944780728
2026-04-09 02:00:00,21.3,98.0,0.1,4.9,309.0,3.808015211139158,-3.0836699161442036
2026-04-09 03:00:00,21.3,96.0,0.0,3.3,311.0,2.4905416147351476,-2.1649947956686737
2026-04-09 04:00:00,21.1,97.0,0.0,1.5,277.0,1.488819227461983,-0.1828040151077212
2026-04-09 05:00:00,21.1,97.0,0.0,4.2,168.0,-0.8732291014345893,4.108219923081984
2026-04-09 06:00:00,21.4,97.0,0.0,9.6,176.0,-0.6696621479436031,9.576614882494312
2026-04-09 07:00:00,22.2,93.0,0.0,11.0,186.0,1.1498130959441881,10.939740849051006
2026-04-09 08:00:00,24.4,86.0,0.0,8.0,194.0,1.9353751647973414,7.762365810207972
2026-04-09 09:00:00,25.8,81.0,0.0,15.0,225.0,10.606601717798213,10.606601717798211
2026-04-09 10:00:00,25.8,82.0,0.0,15.3,240.0,13.250188677901912,7.6499999999999995
2026-04-09 11:00:00,25.4,85.0,0.0,13.3,251.0,12.575397055470916,4.330056454280184
2026-04-09 12:00:00,26.2,82.0,0.0,21.2,248.0,19.656297716815892,7.941659780417335
2026-04-09 13:00:00,26.8,78.0,0.0,28.5,241.0,24.926661653472777,13.817074177020606
2026-04-09 14:00:00,26.9,78.0,0.0,31.2,244.0,28.04237424453401,13.677179779819214
2026-04-09 15:00:00,26.5,80.0,0.0,31.4,246.0,28.685327369977667,12.771530592580126
2026-04-09 16:00:00,26.0,83.0,0.0,29.8,244.0,26.78406257971518,13.063460174314507
2026-04-09 17:00:00,25.4,86.0,0.0,28.0,239.0,24.000684419659144,14.421066097481516
2026-04-09 18:00:00,24.7,89.0,0.0,30.7,232.0,24.191930135726363,18.90080729249771
2026-04-09 19:00:00,24.3,91.0,0.0,31.6,229.0,23.848822735039597,20.73146531610003
2026-04-09 20:00:00,24.2,93.0,0.0,30.8,227.0,22.52569400987045,21.005549489924952
2026-04-09 21:00:00,24.5,92.0,0.0,31.4,224.0,21.812272832412514,22.587269730633643
2026-04-09 22:00:00,24.8,90.0,0.0,30.9,227.0,22.598829380032367,21.073749325931203
2026-04-09 23:00:00,24.8,90.0,0.0,33.6,235.0,27.523508688110127,19.272168261395148
2026-04-10 00:00:00,24.3,92.0,0.0,37.0,238.0,31.37777955778776,19.607012776628583
2026-04-10 01:00:00,24.1,92.0,0.0,38.3,238.0,32.480242082791115,20.295907820131745
2026-04-10 02:00:00,24.2,91.0,0.0,39.7,236.0,32.91279163043515,22.199958267788652
2026-04-10 03:00:00,24.2,88.0,0.0,38.3,235.0,31.373523296268385,21.967977512245064
2026-04-10 04:00:00,23.7,90.0,0.0,36.0,234.0,29.12461179749811,21.160269082529034
2026-04-10 05:00:00,23.2,90.0,0.0,32.9,231.0,25.568102131934342,20.70464086553965
2026-04-10 06:00:00,23.0,88.0,0.0,31.3,235.0,25.639458986245444,17.952942457787742
2026-04-10 07:00:00,24.0,77.0,0.0,31.6,239.0,27.08648670218675,16.275203167157713
2026-04-10 08:00:00,25.0,74.0,0.0,32.1,238.0,27.222343886621275,17.010408381885878
2026-04-10 09:00:00,25.6,76.0,0.0,31.4,240.0,27.193197678831375,15.699999999999998
2026-04-10 10:00:00,25.8,80.0,0.0,34.6,254.0,33.25965467946583,9.537052511268172
2026-04-10 11:00:00,26.0,80.0,0.0,34.7,253.0,33.183775031917335,10.145298153878967
2026-04-10 12:00:00,26.5,76.0,0.0,32.6,247.0,30.008458222549557,12.737834788750325
2026-04-10 13:00:00,26.6,74.0,0.0,31.1,241.0,27.200672892035207,15.077579189661083
2026-04-10 14:00:00,27.1,71.0,0.0,30.0,239.0,25.71501902106337,15.451142247301625
2026-04-10 15:00:00,27.0,70.0,0.0,30.5,240.0,26.41377481542538,15.249999999999998
2026-04-10 16:00:00,26.5,73.0,0.0,29.4,243.0,26.195591811138016,13.347320692342674
2026-04-10 17:00:00,25.9,70.0,0.0,28.9,241.0,25.276509536328536,14.01099802511914
2026-04-10 18:00:00,25.2,73.0,0.0,30.6,239.0,26.229319401484638,15.760165092247657
2026-04-10 19:00:00,24.8,78.0,0.0,31.2,238.0,26.45910060008049,16.53348104407599
2026-04-10 20:00:00,24.5,81.0,0.0,29.0,239.0,24.857851720361257,14.93610417239157
2026-04-10 21:00:00,24.5,81.0,0.0,25.6,233.0,20.4450690572107,15.406464592692437
2026-04-10 22:00:00,24.4,80.0,0.0,22.8,234.0,18.4455874717488,13.401503752268388
2026-04-10 23:00:00,23.9,80.0,0.0,17.1,217.0,10.291036895900028,13.656667221808709
2026-04-11 00:00:00,22.1,88.0,0.0,5.2,186.0,0.543548008991798,5.1715138559150216
2026-04-11 01:00:00,21.4,92.0,0.0,3.7,101.0,-3.632020578756357,0.7059932828932164
2026-04-11 02:00:00,21.4,93.0,0.0,4.0,117.0,-3.564026096753471,1.8159619989581874
2026-04-11 03:00:00,21.0,96.0,0.0,2.7,67.0,-2.485363104321589,-1.0549740469210387
2026-04-11 04:00:00,21.1,96.0,0.0,4.0,54.0,-3.2360679774997902,-2.351141009169892
2026-04-11 05:00:00,21.3,96.0,0.0,4.8,77.0,-4.676976310969129,-1.0797650608505518
2026-04-11 06:00:00,21.5,96.0,0.0,7.1,74.0,-6.824958041162064,-1.9570252263006929
2026-04-11 07:00:00,23.0,94.0,0.0,9.8,67.0,-9.020947563833916,-3.829165059194881
2026-04-11 08:00:00,24.8,88.0,0.0,7.2,65.0,-6.5254160666638805,-3.042851484533035
2026-04-11 09:00:00,26.5,80.0,0.0,2.6,39.0,-1.6362330167295784,-2.0205794997881235
2026-04-11 10:00:00,27.4,72.0,0.0,6.3,277.0,6.253040755340328,-0.7677768634524291
2026-04-11 11:00:00,27.5,69.0,0.0,12.1,268.0,12.092629006931059,0.42228391010026173
2026-04-11 12:00:00,26.5,80.0,0.0,16.0,267.0,15.978072556073181,0.8373752998871014
2026-04-11 13:00:00,26.0,83.0,0.0,17.3,261.0,17.087008292295884,2.7063162451959943
2026-04-11 14:00:00,26.2,79.0,0.0,14.0,270.0,14.0,0.0
2026-04-11 15:00:00,26.0,82.0,0.0,13.7,266.0,13.666627488559591,0.9556636902945166
2026-04-11 16:00:00,25.7,83.0,0.0,13.1,247.0,12.058613580226968,5.118577783209486
2026-04-11 17:00:00,25.4,84.0,0.0,14.6,246.0,13.337763681581972,5.938354988906683
2026-04-11 18:00:00,24.8,91.0,0.1,12.0,254.0,11.535140351259827,3.30764826980399
2026-04-11 19:00:00,24.6,92.0,0.0,12.5,243.0,11.137581552354598,5.674881246744334
2026-04-11 20:00:00,24.2,95.0,0.0,11.6,248.0,10.755332712974734,4.345436483624579
2026-04-11 21:00:00,24.5,92.0,0.0,13.1,232.0,10.322940872248056,8.065165326766124
2026-04-11 22:00:00,24.4,92.0,0.1,12.1,224.0,8.405366282553867,8.704011584097678
2026-04-11 23:00:00,24.2,93.0,0.1,11.4,215.0,6.538771374401926,9.338333304894507
2026-04-12 00:00:00,24.1,93.0,0.0,11.4,205.0,4.8178481838439735,10.33190877221781
2026-04-12 01:00:00,23.6,95.0,0.1,9.8,218.0,6.033482458191452,7.722505385345876
2026-04-12 02:00:00,23.8,97.0,0.1,9.7,211.0,4.995869326627525,8.31452281681049
2026-04-12 03:00:00,23.9,94.0,0.0,15.6,206.0,6.838589889909608,14.021187122267005
2026-04-12 04:00:00,23.6,90.0,0.0,18.2,210.0,9.100000000000001,15.761662348876781
2026-04-12 05:00:00,23.5,87.0,0.0,17.8,207.0,8.081030895363934,15.859916130552948
2026-04-12 06:00:00,23.0,89.0,0.0,14.3,204.0,5.8163339959839435,13.063700044289194
2026-04-12 07:00:00,23.4,89.0,0.0,11.7,200.0,4.001635676910325,10.994403663195127
2026-04-12 08:00:00,24.6,83.0,0.0,9.2,181.0,0.1605621392230091,9.1985987954388
2026-04-12 09:00:00,25.5,78.0,0.0,12.6,216.0,7.406094178885161,10.193614129124338
2026-04-12 10:00:00,26.5,72.0,0.0,16.3,235.0,13.352178321910566,9.34929591252205
2026-04-12 11:00:00,27.0,70.0,0.0,19.8,243.0,17.641929178929686,8.989011894843026
2026-04-12 12:00:00,27.0,74.0,0.0,21.3,247.0,19.60675337853698,8.322573036821531
2026-04-12 13:00:00,26.8,76.0,0.0,24.0,247.0,22.092116482858568,9.37754708374257
2026-04-12 14:00:00,26.4,79.0,0.0,24.0,255.0,23.18221983093764,6.211657082460498
2026-04-12 15:00:00,26.0,80.0,0.0,25.3,253.0,24.194510325864798,7.39700412948524
2026-04-12 16:00:00,25.9,81.0,0.0,25.0,248.0,23.179596364169686,9.3651648353978
2026-04-12 17:00:00,25.5,83.0,0.0,23.4,245.0,21.20760221665761,9.889267324732366
2026-04-12 18:00:00,25.1,84.0,0.0,23.2,239.0,19.886281376289006,11.948883337913257
2026-04-12 19:00:00,24.9,84.0,0.0,21.9,231.0,17.01949655590766,13.782116563991439
2026-04-12 20:00:00,24.5,81.0,0.0,19.2,217.0,11.554848444519328,15.333801792908021
2026-04-12 21:00:00,24.5,81.0,0.0,18.9,217.0,11.374303937573714,15.094211139893833
2026-04-12 22:00:00,24.1,82.0,0.0,18.2,206.0,7.978354871561209,16.35805164264484
2026-04-12 23:00:00,24.1,82.0,0.0,18.5,211.0,9.528204385836002,15.857595062989079
2026-04-13 00:00:00,24.1,83.0,0.0,19.3,221.0,12.66193925951679,14.5658948982995
2026-04-13 01:00:00,23.8,86.0,0.0,18.8,227.0,13.749449590440404,12.821569169174971
2026-04-13 02:00:00,23.7,86.0,0.0,17.8,223.0,12.139570809112474,13.018095888821234
2026-04-13 03:00:00,23.1,88.0,0.0,16.0,205.0,6.761892187851191,14.500924592586399
2026-04-13 04:00:00,22.5,89.0,0.0,12.2,206.0,5.348127990826745,10.965287364849837
2026-04-13 05:00:00,22.0,91.0,0.0,11.8,204.0,4.799492388294443,10.77983640018269
2026-04-13 06:00:00,21.7,91.0,0.0,11.5,190.0,1.9969540431696997,11.325289159640393
2026-04-13 07:00:00,23.1,83.0,0.0,9.3,193.0,2.092044805397944,9.06164160250269
2026-04-13 08:00:00,25.1,80.0,0.0,11.0,199.0,3.5812496990287244,10.400704331592484
2026-04-13 09:00:00,26.5,72.0,0.0,12.3,231.0,9.558895325920743,7.740640809913001
2026-04-13 10:00:00,27.0,70.0,0.0,15.1,255.0,14.585479976964931,3.908167581048063
2026-04-13 11:00:00,26.9,75.0,0.0,17.3,257.0,16.856602120784572,3.8916532401488646
2026-04-13 12:00:00,26.6,78.0,0.0,18.9,254.0,18.167846053234225,5.209546024941284
2026-04-13 13:00:00,26.4,80.0,0.0,19.2,255.0,18.545775864750112,4.969325665968398
2026-04-13 14:00:00,26.4,79.0,0.0,12.6,260.0,12.408577687953821,2.1879670386033223
2026-04-13 15:00:00,26.1,77.0,0.0,13.9,259.0,13.644617849922529,2.652245035733973
2026-04-13 16:00:00,25.9,79.0,0.0,13.9,253.0,13.292636107886192,4.063966695646041
2026-04-13 17:00:00,25.4,81.0,0.0,13.1,245.0,11.872632010180114,5.536299228803163
2026-04-13 18:00:00,24.7,86.0,0.0,9.0,227.0,6.582183314572534,6.137985240562486
2026-04-13 19:00:00,24.4,87.0,0.0,10.8,210.0,5.400000000000001,9.353074360871938
2026-04-13 20:00:00,24.6,89.0,0.0,11.3,228.0,8.397536527894555,7.561175851855099
2026-04-13 21:00:00,24.6,89.0,0.0,13.6,234.0,11.002631123499285,7.993879431177635
2026-04-13 22:00:00,24.4,90.0,0.0,13.9,231.0,10.802328864251896,8.74755343559274
2026-04-13 23:00:00,24.2,91.0,0.0,15.3,229.0,11.547056577408412,10.037703143554761
2026-04-14 00:00:00,23.9,92.0,0.0,16.5,226.0,11.869106705587745,11.461863112573454
2026-04-14 01:00:00,23.6,91.0,0.0,18.3,215.0,10.496448785224144,14.99048241048855
2026-04-14 02:00:00,23.5,91.0,0.0,16.6,214.0,9.282602197614398,13.762023704413695
2026-04-14 03:00:00,23.1,90.0,0.0,18.8,212.0,9.962482167584252,15.943304207740809
2026-04-14 04:00:00,23.1,86.0,0.0,20.5,212.0,10.8633449167807,17.38498597120673
2026-04-14 05:00:00,23.0,85.0,0.0,18.4,216.0,10.815248642181505,14.885912696499032
2026-04-14 06:00:00,23.0,85.0,0.0,17.2,225.0,12.162236636408618,12.162236636408617
2026-04-14 07:00:00,23.5,85.0,0.0,15.5,218.0,9.542752867547703,12.21416668090419
2026-04-14 08:00:00,25.5,76.0,0.0,15.5,225.0,10.960155108391488,10.960155108391486
2026-04-14 09:00:00,26.9,71.0,0.0,18.5,238.0,15.68888977889388,9.803506388314291
2026-04-14 10:00:00,27.5,67.0,0.0,20.8,239.0,17.829079854603936,10.712791958129127
2026-04-14 11:00:00,28.0,67.0,0.0,20.7,240.0,17.926725858337882,10.349999999999998
2026-04-14 12:00:00,28.0,69.0,0.0,22.3,243.0,19.869445489400604,10.123988144191893
2026-04-14 13:00:00,27.8,72.0,0.0,25.6,246.0,23.386763715650584,10.412458062740486
2026-04-14 14:00:00,27.2,75.0,0.0,22.1,248.0,20.490763185926003,8.278805714491655
2026-04-14 15:00:00,26.8,78.0,0.0,23.0,247.0,21.17161162940613,8.986815955253297
2026-04-14 16:00:00,26.3,81.0,0.0,21.3,243.0,18.978438965212238,9.669997644452346
2026-04-14 17:00:00,25.8,85.0,0.0,20.7,244.0,18.605036758392757,9.074282738533903
2026-04-14 18:00:00,25.0,88.0,0.0,18.4,244.0,16.537810451904672,8.066029100919023
2026-04-14 19:00:00,24.7,90.0,0.0,19.0,241.0,16.61777443564852,9.211382784680405
2026-04-14 20:00:00,24.6,88.0,0.0,18.0,221.0,11.80906252182913,13.584772444009896
2026-04-14 21:00:00,24.8,85.0,0.0,19.4,214.0,10.848342327332487,16.083328907567807
2026-04-14 22:00:00,24.6,81.0,0.0,18.6,219.0,11.705359273526978,14.45491488309966
2026-04-14 23:00:00,24.5,79.0,0.0,17.8,218.0,10.958774260796718,14.026591414199652
2026-04-15 00:00:00,24.2,78.0,0.0,17.5,214.0,9.78587581073807,14.50815751971323
2026-04-15 01:00:00,23.5,83.0,0.0,12.7,210.0,6.350000000000001,10.99852262806237
2026-04-15 02:00:00,23.3,84.0,0.0,9.0,233.0,7.187719590425635,5.416335208368435
2026-04-15 03:00:00,23.2,85.0,0.0,10.3,207.0,4.676102147317333,9.177367199140189
2026-04-15 04:00:00,22.6,90.0,0.0,6.5,172.0,-0.9046251562404248,6.436742446820207
2026-04-15 05:00:00,22.2,91.0,0.0,6.1,140.0,-3.92100441908789,4.6728711030257655
2026-04-15 06:00:00,22.1,90.0,0.0,5.3,123.0,-4.444954010110747,2.8865868855796446
2026-04-15 07:00:00,23.6,84.0,0.0,4.1,131.0,-3.094309278913365,2.6898420188610794
2026-04-15 08:00:00,26.3,73.0,0.0,3.6,127.0,-2.8750878361702545,2.1665340833473734
2026-04-15 09:00:00,27.2,70.0,0.0,5.4,278.0,5.34744757120448,-0.7515347451843534
2026-04-15 10:00:00,27.6,70.0,0.0,8.1,271.0,8.098766330766768,-0.14136449214199645
2026-04-15 11:00:00,27.6,72.0,0.0,11.3,272.0,11.293116345315783,-0.394364312738261
2026-04-15 12:00:00,27.2,75.0,0.0,12.8,276.0,12.729880260713898,-1.3379643298259645
2026-04-15 13:00:00,26.5,81.0,0.0,13.4,287.0,12.814483729904675,-3.917780843284673
2026-04-15 14:00:00,25.8,84.0,0.0,15.4,287.0,14.727093241830746,-4.502524252730146
2026-04-15 15:00:00,25.2,85.0,0.1,13.6,298.0,12.008087262881407,-6.384813253888114
2026-04-15 16:00:00,25.4,84.0,0.1,9.9,315.0,7.000357133746821,-7.00035713374682
2026-04-15 17:00:00,24.7,87.0,0.1,10.4,359.0,0.18150502694774942,-10.39841602962647
2026-04-15 18:00:00,24.0,90.0,0.1,9.3,32.0,-4.928249157368807,-7.886847294254762
2026-04-15 19:00:00,23.6,92.0,0.8,5.9,50.0,-4.51966221440197,-3.792446897150582
2026-04-15 20:00:00,21.2,98.0,0.1,10.8,91.0,-10.798355107689027,0.18848598952266116
2026-04-15 21:00:00,21.4,97.0,6.3,11.4,87.0,-11.384376696202143,-0.5966299011695566
2026-04-15 22:00:00,21.2,97.0,6.2,7.9,123.0,-6.625497486768849,4.302648376618716
2026-04-15 23:00:00,21.9,94.0,0.1,7.2,148.0,-3.8154187024790747,6.1059462923262675
2026-04-16 00:00:00,22.1,94.0,0.0,6.9,135.0,-4.879036790187178,4.879036790187178
2026-04-16 01:00:00,21.8,96.0,0.0,3.7,141.0,-2.328485446884398,2.875440057390793
2026-04-16 02:00:00,21.4,95.0,0.0,8.1,114.0,-7.3997182069050655,3.2945668089139835
2026-04-16 03:00:00,21.8,96.0,0.0,6.5,129.0,-5.05144874947031,4.090582541823943
2026-04-16 04:00:00,22.0,96.0,0.0,4.8,143.0,-2.888712111129832,3.833450448227005
2026-04-16 05:00:00,21.5,98.0,0.0,3.6,160.0,-1.2312725159724074,3.3828934348292705
2026-04-16 06:00:00,21.6,97.0,0.0,1.1,162.0,-0.3399186938124421,1.046162167924669
2026-04-16 07:00:00,22.9,97.0,0.0,3.8,11.0,-0.7250741824308695,-3.730183297101123
2026-04-16 08:00:00,24.5,88.0,0.0,10.7,48.0,-7.951649632608118,-7.159697488039782
2026-04-16 09:00:00,26.4,80.0,0.0,9.4,66.0,-8.587327301840448,-3.8233244449125223
2026-04-16 10:00:00,27.9,73.0,0.0,8.9,52.0,-7.013295707099826,-5.479387130398358
2026-04-16 11:00:00,28.7,70.0,0.1,9.2,20.0,-3.1465853185961503,-8.645172111230357
2026-04-16 12:00:00,28.8,70.0,0.2,8.3,355.0,0.7233926648055626,-8.268415994161488
2026-04-16 13:00:00,27.5,77.0,1.7000000000000002,8.6,334.0,3.769991862386066,-7.729628798172836
2026-04-16 14:00:00,26.8,81.0,0.0,7.1,313.0,5.19261128149611,-4.842188356443739
2026-04-16 15:00:00,26.5,79.0,0.1,13.2,275.0,13.14977001481104,-1.1504558042690878
2026-04-16 16:00:00,25.0,86.0,0.7000000000000001,14.3,282.0,13.987510690493423,-2.9731371786939587
2026-04-16 17:00:00,23.9,90.0,0.7000000000000001,15.1,293.0,13.899623287131849,-5.900040040188034
2026-04-16 18:00:00,22.9,93.0,0.0,12.6,301.0,10.800307988846615,-6.489479743866682
2026-04-16 19:00:00,22.5,94.0,0.0,12.1,303.0,10.14791387213963,-6.590132323681828
2026-04-16 20:00:00,23.1,94.0,0.0,11.2,328.0,5.935095759411895,-9.498138676951971
2026-04-16 21:00:00,22.9,96.0,0.2,10.3,338.0,3.8584479121838933,-9.549993702037911
2026-04-16 22:00:00,22.9,96.0,0.1,7.5,343.0,2.192787785420526,-7.172285669722766
2026-04-16 23:00:00,23.0,96.0,0.1,0.2,270.0,0.2,0.0
2026-04-17 00:00:00,22.6,98.0,0.0,4.8,195.0,1.2423314164920995,4.636443966187528
2026-04-17 01:00:00,22.2,98.0,0.0,6.6,281.0,6.4787394107545815,-1.2593393694851955
2026-04-17 02:00:00,22.5,98.0,0.0,5.6,255.0,5.4091846272187825,1.4493866525741161
2026-04-17 03:00:00,22.6,96.0,0.0,5.5,253.0,5.259676157796695,1.6080443759750522
2026-04-17 04:00:00,22.3,97.0,0.0,4.5,284.0,4.366330768241984,-1.0886485301985047
2026-04-17 05:00:00,21.9,98.0,0.0,5.9,317.0,4.023790324368742,-4.314986839553106
2026-04-17 06:00:00,21.9,98.0,0.1,7.8,318.0,5.219218729599094,-5.796529638723675
2026-04-17 07:00:00,22.4,95.0,0.1,7.5,320.0,4.820907072649045,-5.745333323392335
2026-04-17 08:00:00,23.5,89.0,0.0,5.6,274.0,5.586358681455015,-0.3906362529671017
2026-04-17 09:00:00,24.6,84.0,0.0,3.3,299.0,2.8862450335600056,-1.5998717468129122
2026-04-17 10:00:00,25.1,82.0,0.0,13.5,300.0,11.691342951089922,-6.749999999999999
2026-04-17 11:00:00,24.8,85.0,0.0,11.8,310.0,9.03932442880394,-7.584893794301164
2026-04-17 12:00:00,25.4,79.0,0.0,11.8,309.0,9.170322345192258,-7.425980614388082
2026-04-17 13:00:00,25.8,78.0,0.0,10.7,318.0,7.159697488039782,-7.951649632608118
2026-04-17 14:00:00,26.1,77.0,0.0,12.3,329.0,6.334968321393666,-10.543157798635983
2026-04-17 15:00:00,25.0,79.0,0.0,16.5,324.0,9.698456662825807,-13.348780407186633
2026-04-17 16:00:00,24.0,83.0,0.0,12.4,327.0,6.753524034186336,-10.399515042523259
2026-04-17 17:00:00,24.0,82.0,0.0,7.0,337.0,2.735117899424916,-6.4435339741670825
2026-04-17 18:00:00,23.8,83.0,0.0,4.7,32.0,-2.490620541896064,-3.9858260519352022
2026-04-17 19:00:00,23.1,88.0,0.0,5.7,28.0,-2.6759879078795774,-5.032801279295884
2026-04-17 20:00:00,23.0,90.0,0.1,6.7,52.0,-5.279672049165038,-4.12493188468191
2026-04-17 21:00:00,22.8,92.0,0.1,5.4,21.0,-1.935186927544624,-5.041334303084889
2026-04-17 22:00:00,22.7,92.0,0.0,6.1,60.0,-5.282754963085075,-3.0500000000000007
2026-04-17 23:00:00,22.0,95.0,0.0,7.8,85.0,-7.770318645115615,-0.6798147934317319
2026-04-18 00:00:00,21.6,96.0,0.0,3.1,10.0,-0.5383093507674841,-3.052904034337845
2026-04-18 01:00:00,21.8,96.0,0.1,5.2,90.0,-5.2,6.368163355566237e-16
2026-04-18 02:00:00,21.1,99.0,0.1,7.4,96.0,-7.359462025725223,0.7735106281806376
2026-04-18 03:00:00,21.1,96.0,0.4,3.9,112.0,-3.6160170328104706,1.4609657143220578
2026-04-18 04:00:00,21.3,96.0,0.1,5.4,116.0,-4.853487850015503,2.3672041926610174
2026-04-18 05:00:00,21.1,98.0,0.0,5.7,122.0,-4.8338741480916285,3.020539806129268
2026-04-18 06:00:00,21.1,97.0,0.0,3.5,62.0,-3.090316575006244,-1.643150469750618
2026-04-18 07:00:00,22.0,96.0,0.0,6.6,69.0,-6.161630814881531,-2.3652284669989827
2026-04-18 08:00:00,24.0,88.0,0.0,5.8,106.0,-5.57531783644225,1.5986966637385953
2026-04-18 09:00:00,25.4,81.0,0.1,3.4,328.0,1.8017254983928965,-2.883363526931848
2026-04-18 10:00:00,26.1,77.0,0.1,7.6,297.0,6.7716495838315955,-3.450327798020555
2026-04-18 11:00:00,25.5,80.0,5.3,9.9,292.0,9.179120160211196,-3.708605274817529
2026-04-18 12:00:00,25.7,80.0,0.3,12.6,298.0,11.12513967002248,-5.915341691102224
2026-04-18 13:00:00,25.8,72.0,0.6,10.5,294.0,9.59222730524731,-4.270734752295902
2026-04-18 14:00:00,25.4,79.0,0.7000000000000001,10.1,295.0,9.153708649070165,-4.268444443581064
2026-04-18 15:00:00,24.9,78.0,5.0,10.9,292.0,10.106304014777983,-4.083211868233441
2026-04-18 16:00:00,24.4,80.0,0.3,12.2,297.0,10.870279595098088,-5.53868409682247
2026-04-18 17:00:00,23.9,82.0,0.2,8.5,314.0,6.1143883028785355,-5.904596148901477
2026-04-18 18:00:00,23.1,86.0,0.0,5.2,338.0,1.9479542857627423,-4.821356043747294
2026-04-18 19:00:00,22.3,90.0,0.0,7.8,34.0,-4.361704647071823,-6.466493065929326
2026-04-18 20:00:00,22.0,92.0,0.0,10.5,49.0,-7.924450592339108,-6.888619804400324
2026-04-18 21:00:00,21.7,93.0,0.0,10.8,54.0,-8.737383539249434,-6.348080724758709
2026-04-18 22:00:00,21.2,94.0,0.0,11.7,52.0,-9.219725817198647,-7.2032392613102
2026-04-18 23:00:00,21.0,94.0,0.0,10.8,57.0,-9.05764213381058,-5.882101578162293
2026-04-19 00:00:00,20.8,94.0,0.0,11.5,58.0,-9.7525531057989,-6.094071538681855
2026-04-19 01:00:00,20.5,95.0,0.0,11.5,59.0,-9.857423958074293,-5.9229378614656225
2026-04-19 02:00:00,20.8,94.0,0.0,11.5,58.0,-9.7525531057989,-6.094071538681855
2026-04-19 03:00:00,20.9,92.0,0.0,10.3,63.0,-9.17736719914019,-4.676102147317331
2026-04-19 04:00:00,20.5,93.0,0.0,8.4,62.0,-7.416759780014986,-3.9435611274014835
2026-04-19 05:00:00,20.2,95.0,0.0,6.6,68.0,-6.1194134401407965,-2.472403516545019
2026-04-19 06:00:00,20.1,95.0,0.0,6.6,73.0,-6.311611389356034,-1.9296532511700626
2026-04-19 07:00:00,21.4,90.0,0.1,7.5,66.0,-6.851590932319507,-3.0505248230685016
2026-04-19 08:00:00,22.8,83.0,0.1,10.6,56.0,-8.787798269083444,-5.9274447767899145
2026-04-19 09:00:00,24.1,76.0,0.0,9.2,47.0,-6.7284540548963685,-6.274384912574985
2026-04-19 10:00:00,25.6,70.0,0.0,7.5,20.0,-2.565151074942514,-7.047694655894313
2026-04-19 11:00:00,26.1,70.0,0.0,12.4,357.0,0.6489658574125052,-12.383006230956715
2026-04-19 12:00:00,25.2,75.0,0.0,16.6,5.0,-1.446785329611127,-16.536831988322977
2026-04-19 13:00:00,25.1,74.0,0.0,15.4,14.0,-3.725597192234884,-14.942554184650346
2026-04-19 14:00:00,25.2,71.0,0.0,13.2,17.0,-3.8593065023401296,-12.623222778712066
2026-04-19 15:00:00,24.9,71.0,0.0,12.1,15.0,-3.1317104457404996,-11.687702498097726
2026-04-19 16:00:00,24.5,71.0,0.0,12.0,24.0,-4.880839716909601,-10.96254549171121
2026-04-19 17:00:00,23.9,73.0,0.0,11.9,27.0,-5.402486946900608,-10.602977637841578
2026-04-19 18:00:00,22.9,79.0,0.0,8.6,29.0,-4.169362734118496,-7.521729481398805
2026-04-19 19:00:00,22.1,83.0,0.0,8.2,54.0,-6.6339393538745695,-4.819839068798278
2026-04-19 20:00:00,22.0,85.0,0.0,10.6,69.0,-9.895952520870338,-3.7987002651801847
2026-04-19 21:00:00,21.8,83.0,0.0,10.5,83.0,-10.421734592233882,-1.2796281057540468
2026-04-19 22:00:00,21.0,87.0,0.0,9.2,91.0,-9.1985987954388,0.16056213922300763
2026-04-19 23:00:00,20.2,91.0,0.0,7.7,93.0,-7.689447417610219,0.40298686307066733
2026-04-20 00:00:00,19.6,87.0,0.0,4.2,110.0,-3.9467090073008153,1.4364846019678092
2026-04-20 01:00:00,19.3,87.0,0.0,4.1,128.0,-3.2308440897875594,2.5242120488351993
2026-04-20 02:00:00,19.3,87.0,0.0,3.9,146.0,-2.180852323535912,3.233246532964663
2026-04-20 03:00:00,19.8,86.0,0.0,4.2,160.0,-1.4364846019678086,3.9467090073008158
2026-04-20 04:00:00,20.6,84.0,0.0,4.3,175.0,-0.3747696938149304,4.283637201794505
2026-04-20 05:00:00,21.7,82.0,0.0,5.1,184.0,0.35575801609503865,5.087576656325103
2026-04-20 06:00:00,22.8,79.0,0.0,5.2,192.0,1.0811407922523493,5.086367523815789
2026-04-20 07:00:00,23.9,77.0,0.0,5.4,200.0,1.8469087739586119,5.074340152243905
2026-04-20 08:00:00,24.7,75.0,0.0,5.0,210.0,2.5000000000000004,4.330127018922193
2026-04-20 09:00:00,25.3,74.0,0.0,4.3,228.0,3.195522749552795,2.8772616073430903
2026-04-20 10:00:00,25.7,73.0,0.0,4.0,260.0,3.939231012048832,0.6945927106677213
2026-04-20 11:00:00,26.2,72.0,0.0,4.7,293.0,4.32637281122647,-1.8364363038995868
2026-04-20 12:00:00,26.4,71.0,0.0,6.4,313.0,4.6806636903626915,-4.36478950439999
2026-04-20 13:00:00,26.6,71.0,0.0,7.7,323.0,4.633975678270772,-6.149493427364155
2026-04-20 14:00:00,26.6,71.0,0.0,8.4,329.0,4.326319829244455,-7.200205325897744
2026-04-20 15:00:00,26.4,72.0,0.0,7.8,338.0,2.9219314286441134,-7.232034065620942
2026-04-20 16:00:00,26.1,73.0,0.0,6.2,353.0,0.7555899291119145,-6.153786140176196
2026-04-20 17:00:00,25.5,75.0,0.0,4.7,23.0,-1.836436303899587,-4.326372811226469
2026-04-20 18:00:00,25.0,77.0,0.0,5.2,56.0,-4.3109953772862175,-2.907803098047883
2026-04-20 19:00:00,24.4,78.0,0.0,6.2,80.0,-6.10580806867569,-1.0766187015349689
2026-04-20 20:00:00,24.0,79.0,0.0,7.2,90.0,-7.2,8.817456953860943e-16
2026-04-20 21:00:00,23.6,79.0,0.0,7.2,96.0,-7.160557646651568,0.7526049355271069
2026-04-20 22:00:00,23.1,79.0,0.0,6.3,103.0,-6.1385314081469815,1.4171916423663506
2026-04-20 23:00:00,22.6,79.0,0.0,5.0,111.0,-4.667902132486009,1.7918397477265011
2026-04-21 00:00:00,22.3,78.0,0.0,3.6,127.0,-2.8750878361702545,2.1665340833473734
2026-04-21 01:00:00,22.0,78.0,0.0,2.9,150.0,-1.4499999999999993,2.511473670974872
2026-04-21 02:00:00,22.0,77.0,0.0,2.6,164.0,-0.7166571251241975,2.499280409439629
2026-04-21 03:00:00,22.1,77.0,0.0,2.6,164.0,-0.7166571251241975,2.499280409439629
2026-04-21 04:00:00,22.5,76.0,0.0,2.7,157.0,-1.0549740469210394,2.4853631043215887
2026-04-21 05:00:00,23.0,76.0,0.0,2.6,146.0,-1.4539015490239415,2.1554976886431088
2026-04-21 06:00:00,23.5,75.0,0.0,2.8,130.0,-2.144924440733138,1.7998053071223103
2026-04-21 07:00:00,24.1,74.0,0.0,2.9,120.0,-2.511473670974872,1.4499999999999997
2026-04-21 08:00:00,24.6,73.0,0.0,2.7,113.0,-2.485363104321589,1.0549740469210394
2026-04-21 09:00:00,25.1,71.0,0.0,2.2,99.0,-2.172914349309303,0.3441558230885082
2026-04-21 10:00:00,25.7,69.0,0.0,1.3,56.0,-1.0777488443215544,-0.7269507745119708
2026-04-21 11:00:00,26.4,66.0,0.0,1.8,360.0,1.1021821192326179e-16,-1.8
2026-04-21 12:00:00,26.9,64.0,0.0,3.0,346.0,0.725765686799003,-2.9108871788279895
2026-04-21 13:00:00,27.3,62.0,0.0,4.0,333.0,1.8159619989581872,-3.564026096753471
2026-04-21 14:00:00,27.4,62.0,0.0,4.2,329.0,2.1631599146222276,-3.600102662948872
2026-04-21 15:00:00,27.2,63.0,0.0,3.6,323.0,2.1665340833473743,-2.875087836170254
2026-04-21 16:00:00,26.8,65.0,0.0,2.5,315.0,1.7677669529663689,-1.7677669529663687
2026-04-21 17:00:00,26.1,68.0,0.0,1.1,288.0,1.0461621679246689,-0.33991869381244216
2026-04-21 18:00:00,25.5,72.0,0.0,1.3,214.0,0.7269507745119709,1.0777488443215544
2026-04-21 19:00:00,24.8,75.0,0.0,2.5,180.0,1.5308084989341916e-16,2.5
2026-04-21 20:00:00,24.3,77.0,0.0,3.2,180.0,1.9594348786357652e-16,3.2
2026-04-21 21:00:00,23.9,79.0,0.0,3.6,180.0,2.2043642384652358e-16,3.6
2026-04-21 22:00:00,23.6,80.0,0.0,3.7,191.0,0.7059932828932162,3.632020578756357
2026-04-21 23:00:00,23.3,81.0,0.0,3.8,197.0,1.1110124779463997,3.6339580726595346
2026-04-22 00:00:00,23.0,82.0,0.0,3.5,204.0,1.4235782507653008,3.197409101749103
2026-04-22 01:00:00,22.9,83.0,0.0,3.9,214.0,2.1808523235359125,3.233246532964663
2026-04-22 02:00:00,22.9,83.0,0.0,3.8,221.0,2.4930243101639276,2.8678964048465336
2026-04-22 03:00:00,23.0,83.0,0.0,3.6,225.0,2.5455844122715714,2.545584412271571
2026-04-22 04:00:00,23.3,83.0,0.0,3.3,229.0,2.4905416147351476,2.1649947956686737
2026-04-22 05:00:00,23.6,82.0,0.0,2.9,240.0,2.511473670974872,1.4499999999999997
2026-04-22 06:00:00,24.0,81.0,0.0,3.1,249.0,2.8940993221413254,1.1109406435904308
2026-04-22 07:00:00,24.4,81.0,0.0,3.0,256.0,2.9108871788279895,0.7257656867990032
2026-04-22 08:00:00,24.8,80.0,0.0,3.7,259.0,3.632020578756357,0.7059932828932158
2026-04-22 09:00:00,25.2,79.0,0.1,4.8,257.0,4.676976310969129,1.079765060850552
2026-04-22 10:00:00,25.7,78.0,0.1,6.7,254.0,6.440453362786736,1.8467702839738944
2026-04-22 11:00:00,26.2,78.0,0.1,9.0,254.0,8.65135526344487,2.4807362023529924
2026-04-22 12:00:00,26.7,77.0,0.1,11.0,251.0,10.400704331592486,3.5812496990287235
2026-04-22 13:00:00,27.1,76.0,0.1,12.8,248.0,11.86795333845488,4.794964395723674
2026-04-22 14:00:00,27.3,76.0,0.1,13.9,245.0,12.597678239809435,5.874393838195722
2026-04-22 15:00:00,27.3,76.0,0.1,14.3,242.0,12.626150577882656,6.713443347838239
2026-04-22 16:00:00,27.2,77.0,0.1,14.3,236.0,11.855237287537095,7.996458519631681
2026-04-22 17:00:00,26.9,78.0,0.1,14.0,228.0,10.40402755668352,9.367828489024015
2026-04-22 18:00:00,26.6,79.0,0.1,14.0,222.0,9.367828489024015,10.40402755668352
2026-04-22 19:00:00,26.4,80.0,0.1,14.5,215.0,8.31685832709017,11.87770464219038
2026-04-22 20:00:00,26.1,80.0,0.1,14.9,212.0,7.895797037074753,12.635916632730748
2026-04-22 21:00:00,25.9,79.0,0.0,15.5,211.0,7.98309016110584,13.286093160882741
2026-04-22 22:00:00,25.7,78.0,0.0,16.2,212.0,8.58469208057792,13.7383791577341
2026-04-22 23:00:00,25.4,76.0,0.0,16.9,214.0,9.45036006865562,14.010734976180204
2026-04-23 00:00:00,25.2,74.0,0.0,17.6,215.0,10.094945279778413,14.417075979486256
2026-04-23 01:00:00,25.1,73.0,0.0,18.0,217.0,10.832670416736871,14.37543918085127
2026-04-23 02:00:00,25.1,71.0,0.0,18.7,218.0,11.51286958858981,14.735801092445701
2026-04-23 03:00:00,25.2,69.0,0.0,19.2,218.0,11.82070032625264,15.129806469249061
2026-04-23 04:00:00,25.4,68.0,0.0,19.7,220.0,12.662915910824825,15.091075529443867
2026-04-23 05:00:00,25.7,66.0,0.0,20.2,220.0,12.984309715668095,15.474097751003356
2026-04-23 06:00:00,26.0,65.0,0.0,20.4,221.0,13.383604191406347,15.396075436544548
2026-04-23 07:00:00,26.3,64.0,0.0,20.6,223.0,14.04916621728747,15.065886253354913
2026-04-23 08:00:00,26.4,64.0,0.0,20.6,224.0,14.309962431455345,14.818399886976213
2026-04-23 09:00:00,26.4,65.0,0.4,20.4,228.0,15.160154439738841,13.650264369720707
2026-04-23 10:00:00,26.4,67.0,0.4,20.0,232.0,15.760215072134438,12.313229506513165
2026-04-23 11:00:00,26.3,70.0,0.4,20.1,237.0,16.857278415703025,10.947244603802044
2026-04-23 12:00:00,26.1,73.0,0.4,19.8,243.0,17.641929178929686,8.989011894843026
2026-04-23 13:00:00,25.9,75.0,0.4,19.2,247.0,17.673693186286854,7.502037666994056
2026-04-23 14:00:00,25.6,78.0,0.4,18.3,250.0,17.196374960382126,6.258968622859737
2026-04-23 15:00:00,25.2,80.0,2.2,16.6,252.0,15.78753817049955,5.129682106624127
2026-04-23 16:00:00,24.7,83.0,2.2,14.2,254.0,13.649916082324127,3.914050452601388
2026-04-23 17:00:00,24.1,85.0,2.2,11.3,253.0,10.806243742382302,3.303800263366926
2026-04-23 18:00:00,23.5,88.0,2.2,8.3,252.0,7.893769085249775,2.5648410533120636
2026-04-23 19:00:00,23.0,89.0,2.2,5.6,255.0,5.4091846272187825,1.4493866525741161
2026-04-23 20:00:00,22.5,91.0,2.2,3.3,264.0,3.2819222547153015,0.3449439287832564
2026-04-23 21:00:00,22.1,92.0,2.3,1.8,307.0,1.437543918085127,-1.083267041673687
2026-04-23 22:00:00,21.8,93.0,2.3,2.5,360.0,1.5308084989341916e-16,-2.5
2026-04-23 23:00:00,21.5,93.0,2.3,4.5,14.0,-1.088648530198505,-4.366330768241984
2026-04-24 00:00:00,21.2,93.0,2.3,6.5,19.0,-2.116193003971518,-6.1458707413955596
2026-04-24 01:00:00,21.0,93.0,2.3,8.2,23.0,-3.203995253612045,-7.548139798310009
2026-04-24 02:00:00,20.8,93.0,2.3,10.0,26.0,-4.383711467890778,-8.987940462991668
2026-04-24 03:00:00,20.6,93.0,3.0,11.4,28.0,-5.351975815759155,-10.065602558591769
2026-04-24 04:00:00,20.4,93.0,3.0,12.9,30.0,-6.4500000000000055,-11.171727708819255
2026-04-24 05:00:00,20.2,93.0,3.0,14.2,30.0,-7.100000000000006,-12.297560733739024
2026-04-24 06:00:00,20.0,92.0,3.0,15.2,31.0,-7.828578738632828,-13.028942970672103
2026-04-24 07:00:00,20.0,92.0,3.0,16.2,32.0,-8.584692080577922,-13.7383791577341
2026-04-24 08:00:00,19.9,91.0,3.0,17.2,33.0,-9.367791402258463,-14.425133768661293
2026-04-24 09:00:00,20.0,90.0,1.3,18.0,33.0,-9.803502630270486,-15.096070223017634
2026-04-24 10:00:00,20.2,89.0,1.3,18.5,33.0,-10.075822147777998,-15.515405506990344
2026-04-24 11:00:00,20.4,87.0,1.3,19.0,33.0,-10.348141665285512,-15.934740790963057
2026-04-24 12:00:00,20.6,86.0,1.3,19.5,34.0,-10.904261617679559,-16.166232664823315
2026-04-24 13:00:00,20.7,85.0,1.3,19.5,34.0,-10.904261617679559,-16.166232664823315
2026-04-24 14:00:00,20.8,84.0,1.3,19.7,35.0,-11.299455796115613,-16.137295272493134
2026-04-24 15:00:00,20.7,84.0,0.6,19.6,36.0,-11.520590944932476,-15.85673308974897
2026-04-24 16:00:00,20.5,84.0,0.6,18.9,39.0,-11.894155390841934,-14.688058671536742
2026-04-24 17:00:00,20.2,84.0,0.6,18.1,41.0,-11.874668424728183,-13.660243402032174
2026-04-24 18:00:00,20.0,85.0,0.6,17.6,44.0,-12.225987320078353,-12.660380485960262
2026-04-24 19:00:00,19.7,85.0,0.6,17.1,48.0,-12.707776515663443,-11.442133368736476
2026-04-24 20:00:00,19.5,85.0,0.6,16.6,49.0,-12.528179031698018,-10.890579881242418
2026-04-24 21:00:00,19.4,85.0,0.5,16.4,50.0,-12.563128867151239,-10.541716798859243
2026-04-24 22:00:00,19.2,84.0,0.5,16.1,51.0,-12.512049979457231,-10.132058295902386
2026-04-24 23:00:00,19.1,84.0,0.5,15.9,52.0,-12.52937098234688,-9.789017457677966
2026-04-25 00:00:00,19.0,83.0,0.5,15.7,53.0,-12.538577507742497,-9.448495863487159
2026-04-25 01:00:00,18.9,83.0,0.5,15.7,53.0,-12.538577507742497,-9.448495863487159
2026-04-25 02:00:00,18.9,82.0,0.5,15.7,53.0,-12.538577507742497,-9.448495863487159
2026-04-25 03:00:00,19.0,81.0,0.3,15.7,53.0,-12.538577507742497,-9.448495863487159
2026-04-25 04:00:00,19.1,81.0,0.3,16.0,54.0,-12.944271909999161,-9.404564036679568
2026-04-25 05:00:00,19.3,80.0,0.3,16.0,54.0,-12.944271909999161,-9.404564036679568
2026-04-25 06:00:00,19.5,80.0,0.3,16.5,54.0,-13.348780407186634,-9.698456662825805
2026-04-25 07:00:00,19.7,79.0,0.3,16.7,53.0,-13.33721301778979,-10.050310886639208
2026-04-25 08:00:00,20.0,78.0,0.3,16.9,52.0,-13.317381735953601,-10.404678933003622
2026-04-25 09:00:00,20.4,77.0,0.2,17.1,49.0,-12.905533821809405,-11.218609395737671
2026-04-25 10:00:00,20.9,75.0,0.2,17.3,47.0,-12.65241903801165,-11.798571629081222
2026-04-25 11:00:00,21.4,73.0,0.2,17.8,43.0,-12.139570809112476,-13.018095888821234
2026-04-25 12:00:00,21.9,71.0,0.2,18.4,40.0,-11.827292018232326,-14.095217753389193
2026-04-25 13:00:00,22.3,70.0,0.2,18.7,38.0,-11.512869588589805,-14.735801092445703
2026-04-25 14:00:00,22.4,69.0,0.2,18.5,37.0,-11.133577928312892,-14.774756935874917
2026-04-25 15:00:00,22.3,69.0,0.1,18.2,38.0,-11.205038850926977,-14.341795715642341
2026-04-25 16:00:00,22.0,70.0,0.1,17.4,40.0,-11.184504408545786,-13.329173310270214
2026-04-25 17:00:00,21.5,72.0,0.1,16.6,42.0,-11.107568065557047,-12.336204102924748
2026-04-25 18:00:00,21.0,73.0,0.1,15.8,45.0,-11.172287142747454,-11.17228714274745
2026-04-25 19:00:00,20.5,75.0,0.1,14.8,49.0,-11.169701787297027,-9.709673629059505
2026-04-25 20:00:00,20.1,76.0,0.1,14.1,52.0,-11.11095162585478,-8.68082680209178
2026-04-25 21:00:00,19.7,77.0,0.0,13.2,55.0,-10.81280698461469,-7.571208959833809
2026-04-25 22:00:00,19.4,77.0,0.0,12.3,58.0,-10.430991582724042,-6.518006950068419
2026-04-25 23:00:00,19.1,78.0,0.0,11.1,61.0,-9.708278749247294,-5.38138678473434
2026-04-26 00:00:00,18.8,78.0,0.0,10.0,64.0,-8.98794046299167,-4.383711467890775
2026-04-26 01:00:00,18.7,78.0,0.0,9.0,67.0,-8.284543681071963,-3.516580156403462
2026-04-26 02:00:00,18.7,78.0,0.0,8.6,68.0,-7.973781149274371,-3.221616703376843
2026-04-26 03:00:00,19.0,77.0,0.0,8.2,67.0,-7.54813979831001,-3.203995253612043
2026-04-26 04:00:00,19.4,76.0,0.0,8.2,61.0,-7.171881598543045,-3.9754388860199628
2026-04-26 05:00:00,20.0,74.0,0.0,8.3,56.0,-6.881011852206848,-4.641301098807197
2026-04-26 06:00:00,20.6,72.0,0.0,8.7,52.0,-6.855693556378481,-5.3562548353332256
2026-04-26 07:00:00,21.3,70.0,0.0,9.2,45.0,-6.505382386916239,-6.505382386916236
2026-04-26 08:00:00,21.9,68.0,0.0,9.4,40.0,-6.042203531053471,-7.2008177653183925
2026-04-26 09:00:00,22.6,66.0,0.0,9.8,36.0,-5.760295472466238,-7.928366544874485
2026-04-26 10:00:00,23.4,63.0,0.0,10.3,29.0,-4.99353908853727,-9.00858298353578
2026-04-26 11:00:00,24.2,61.0,0.0,11.0,23.0,-4.298042413382012,-10.125553387976844
2026-04-26 12:00:00,24.9,59.0,0.0,11.5,20.0,-3.9332316482451883,-10.806465139037947
2026-04-26 13:00:00,25.4,57.0,0.0,11.6,16.0,-3.197393327477187,-11.1506356728845
2026-04-26 14:00:00,25.6,57.0,0.0,11.3,17.0,-3.3038002633669294,-10.8062437423823
2026-04-26 15:00:00,25.3,59.0,0.0,10.4,20.0,-3.557009490586953,-9.772803256173448
2026-04-26 16:00:00,24.7,62.0,0.0,9.2,26.0,-4.033014550459515,-8.268905225952334
2026-04-26 17:00:00,23.9,66.0,0.0,7.7,37.0,-4.6339756782707715,-6.149493427364155
2026-04-26 18:00:00,23.0,70.0,0.0,6.7,54.0,-5.420413862312149,-3.9381611903595695
2026-04-26 19:00:00,22.1,73.0,0.0,6.4,74.0,-6.1520748540052415,-1.7640790772287938
2026-04-26 20:00:00,21.5,75.0,0.0,6.1,87.0,-6.0916401620029,-0.31924933308195574
2026-04-26 21:00:00,21.0,75.0,0.0,5.9,101.0,-5.791600382341218,1.1257730727216153
2026-04-26 22:00:00,20.5,73.0,0.0,5.5,113.0,-5.062776693988422,2.149021206691006
2026-04-26 23:00:00,20.1,71.0,0.0,5.1,129.0,-3.963444403430551,3.2095339943541705
2026-04-27 00:00:00,19.8,69.0,0.0,4.9,144.0,-2.880147736233118,3.9641832724372428
2026-04-27 01:00:00,19.6,66.0,0.0,4.7,157.0,-1.8364363038995868,4.326372811226469
2026-04-27 02:00:00,19.7,65.0,0.0,4.8,167.0,-1.079765060850552,4.676976310969129
2026-04-27 03:00:00,20.0,65.0,0.0,4.7,176.0,-0.3278554265973891,4.688551036221174
2026-04-27 04:00:00,20.5,65.0,0.0,4.0,180.0,2.4492935982947064e-16,4.0
2026-04-27 05:00:00,21.3,65.0,0.0,3.3,186.0,0.3449439287832564,3.2819222547153015
2026-04-27 06:00:00,22.0,66.0,0.0,2.6,196.0,0.7166571251241979,2.499280409439629
2026-04-27 07:00:00,22.8,66.0,0.0,1.6,207.0,0.726384799583275,1.4256104387013886
2026-04-27 08:00:00,23.5,66.0,0.0,1.1,252.0,1.0461621679246689,0.33991869381244216
2026-04-27 09:00:00,24.1,65.0,0.0,1.8,307.0,1.437543918085127,-1.083267041673687
2026-04-27 10:00:00,24.9,63.0,0.0,3.2,333.0,1.45276959916655,-2.851220877402777
2026-04-27 11:00:00,25.6,61.0,0.0,5.0,339.0,1.791839747726502,-4.667902132486009
2026-04-27 12:00:00,26.2,60.0,0.0,6.7,344.0,1.8467702839738944,-6.440453362786736
2026-04-27 13:00:00,26.6,59.0,0.0,8.0,350.0,1.3891854213354433,-7.878462024097664
2026-04-27 14:00:00,26.7,59.0,0.0,8.7,353.0,1.060263287624783,-8.6351515192795
2026-04-27 15:00:00,26.5,61.0,0.0,8.3,360.0,5.082284216461516e-16,-8.3
2026-04-27 16:00:00,25.9,65.0,0.0,7.7,11.0,-1.4692292643993936,-7.558529312547013
2026-04-27 17:00:00,25.1,70.0,0.0,6.8,25.0,-2.873804179836754,-6.16289295184922
2026-04-27 18:00:00,24.2,74.0,0.0,6.6,45.0,-4.666904755831214,-4.666904755831213
2026-04-27 19:00:00,23.4,78.0,0.0,6.6,61.0,-5.772490067120012,-3.1997434936258236
2026-04-27 20:00:00,22.8,80.0,0.0,6.7,74.0,-6.440453362786736,-1.8467702839738933
2026-04-27 21:00:00,22.3,80.0,0.0,6.2,83.0,-6.153786140176197,-0.7555899291119134
2026-04-27 22:00:00,21.9,80.0,0.0,5.4,98.0,-5.34744757120448,0.7515347451843528
2026-04-27 23:00:00,21.5,78.0,0.0,4.8,117.0,-4.276831316104166,2.1791543987498248
2026-04-28 00:00:00,21.2,76.0,0.0,4.6,135.0,-3.252691193458118,3.2526911934581184
2026-04-28 01:00:00,21.0,74.0,0.0,4.7,157.0,-1.8364363038995868,4.326372811226469
2026-04-28 02:00:00,21.1,73.0,0.0,4.8,167.0,-1.079765060850552,4.676976310969129
2026-04-28 03:00:00,21.4,72.0,0.0,4.7,176.0,-0.3278554265973891,4.688551036221174
2026-04-28 04:00:00,21.9,72.0,0.0,4.0,180.0,2.4492935982947064e-16,4.0
2026-04-28 05:00:00,22.5,72.0,0.0,3.3,186.0,0.3449439287832564,3.2819222547153015
2026-04-28 06:00:00,23.2,72.0,0.0,2.3,198.0,0.7107390870623791,2.1874299874788528
2026-04-28 07:00:00,23.9,71.0,0.0,1.5,225.0,1.0606601717798214,1.0606601717798212
2026-04-28 08:00:00,24.5,71.0,0.0,1.4,270.0,1.4,0.0
2026-04-28 09:00:00,25.0,70.0,0.0,2.1,301.0,1.800051331474436,-1.0815799573111138
2026-04-28 10:00:00,25.6,69.0,0.0,3.6,315.0,2.5455844122715714,-2.545584412271571
2026-04-28 11:00:00,26.1,68.0,0.0,4.9,324.0,2.8801477362331185,-3.9641832724372428
2026-04-28 12:00:00,26.6,67.0,0.0,6.2,324.0,3.6442685642133337,-5.0159053651246746
2026-04-28 13:00:00,26.9,66.0,0.0,7.1,330.0,3.5500000000000007,-6.148780366869514
2026-04-28 14:00:00,27.0,67.0,0.0,7.4,331.0,3.587591189822895,-6.472185832831529
2026-04-28 15:00:00,26.8,69.0,0.0,6.8,335.0,2.873804179836756,-6.162892951849219
2026-04-28 16:00:00,26.3,72.0,0.0,5.7,342.0,1.7613968679372005,-5.421022142882375
2026-04-28 17:00:00,25.6,75.0,0.0,4.4,351.0,0.6883116461770161,-4.3458286986186065
2026-04-28 18:00:00,25.0,79.0,0.0,3.0,14.0,-0.7257656867990033,-2.9108871788279895
2026-04-28 19:00:00,24.3,82.0,0.0,2.5,45.0,-1.7677669529663693,-1.7677669529663687
2026-04-28 20:00:00,23.9,84.0,0.0,2.4,63.0,-2.138415658052083,-1.089577199374912
2026-04-28 21:00:00,23.6,85.0,0.0,2.3,72.0,-2.187429987478853,-0.7107390870623786
2026-04-28 22:00:00,23.3,86.0,0.0,1.5,76.0,-1.4554435894139948,-0.3628828433995013
2026-04-28 23:00:00,23.1,86.0,0.0,0.8,63.0,-0.7128052193506944,-0.36319239979163737
2026-04-29 00:00:00,23.0,85.0,0.0,0.4,360.0,2.4492935982947065e-17,-0.4
2026-04-29 01:00:00,22.9,85.0,0.0,0.8,297.0,0.7128052193506944,-0.3631923997916374
2026-04-29 02:00:00,22.8,85.0,0.0,1.3,304.0,1.0777488443215542,-0.726950774511971
2026-04-29 03:00:00,22.8,85.0,0.2,1.8,323.0,1.0832670416736871,-1.437543918085127
2026-04-29 04:00:00,22.9,84.0,0.2,2.3,342.0,0.7107390870623791,-2.1874299874788528
2026-04-29 05:00:00,23.1,84.0,0.2,3.2,360.0,1.9594348786357652e-16,-3.2
2026-04-29 06:00:00,23.2,84.0,0.2,4.3,5.0,-0.37476969381493047,-4.283637201794505
2026-04-29 07:00:00,23.4,83.0,0.2,5.5,11.0,-1.0494494745709955,-5.3989495089621515
2026-04-29 08:00:00,23.5,83.0,0.2,6.6,13.0,-1.4846769586695105,-6.430842427582552
2026-04-29 09:00:00,23.6,83.0,0.8,7.4,14.0,-1.7902220274375418,-7.180188374442374
2026-04-29 10:00:00,23.6,83.0,0.8,8.5,12.0,-1.767249371950958,-8.314254606237347
2026-04-29 11:00:00,23.7,83.0,0.8,9.3,13.0,-2.092044805397947,-9.061641602502688
2026-04-29 12:00:00,23.8,83.0,0.8,10.0,13.0,-2.2495105434386526,-9.743700647852352
2026-04-29 13:00:00,23.8,84.0,0.8,10.4,14.0,-2.515987714236545,-10.091075553270363
2026-04-29 14:00:00,23.7,84.0,0.8,10.8,15.0,-2.795245687107223,-10.431998923921938
2026-04-29 15:00:00,23.6,85.0,0.7000000000000001,11.0,19.0,-3.581249699028723,-10.400704331592486
2026-04-29 16:00:00,23.4,85.0,0.7000000000000001,11.0,23.0,-4.298042413382012,-10.125553387976844
2026-04-29 17:00:00,23.1,86.0,0.7000000000000001,10.8,30.0,-5.400000000000005,-9.353074360871934
2026-04-29 18:00:00,22.9,87.0,0.7000000000000001,11.1,36.0,-6.524416300446453,-8.980088637561915
2026-04-29 19:00:00,22.6,88.0,0.7000000000000001,11.0,41.0,-7.2166493188955805,-8.301805382450492
2026-04-29 20:00:00,22.4,88.0,0.7000000000000001,11.2,45.0,-7.9195959492893335,-7.919595949289331
2026-04-29 21:00:00,22.3,88.0,0.2,11.2,48.0,-8.323222045346816,-7.494262791219212
2026-04-29 22:00:00,22.1,88.0,0.2,11.2,50.0,-8.579697762932554,-7.199221228489239
2026-04-29 23:00:00,22.0,88.0,0.2,11.2,50.0,-8.579697762932554,-7.199221228489239
2026-04-30 00:00:00,21.9,88.0,0.2,11.0,52.0,-8.668118289673941,-6.77227622858224
2026-04-30 01:00:00,21.9,87.0,0.2,11.3,53.0,-9.02458126353441,-6.800509761618147
2026-04-30 02:00:00,21.9,87.0,0.2,11.5,51.0,-8.937178556755164,-7.237184497073133
2026-04-30 03:00:00,22.0,87.0,0.1,11.8,50.0,-9.03932442880394,-7.584893794301164
2026-04-30 04:00:00,22.2,86.0,0.1,12.7,47.0,-9.288192010563465,-8.661379172793728
2026-04-30 05:00:00,22.4,86.0,0.1,13.2,45.0,-9.333809511662428,-9.333809511662427
2026-04-30 06:00:00,22.6,85.0,0.1,14.0,42.0,-9.367828489024014,-10.404027556683522
2026-04-30 07:00:00,22.9,85.0,0.1,15.1,40.0,-9.706092906266745,-11.567271091096567
2026-04-30 08:00:00,23.1,84.0,0.1,15.6,38.0,-9.604319015080266,-12.292967756264865
2026-04-30 09:00:00,23.4,83.0,0.2,16.2,37.0,-9.749403375063181,-12.937895262766144
2026-04-30 10:00:00,23.7,82.0,0.2,17.3,36.0,-10.168684864659788,-13.99599400268659
2026-04-30 11:00:00,24.0,81.0,0.2,18.4,35.0,-10.553806428859252,-15.072397614917444
2026-04-30 12:00:00,24.3,80.0,0.2,19.0,33.0,-10.348141665285512,-15.934740790963057
2026-04-30 13:00:00,24.5,79.0,0.2,19.5,34.0,-10.904261617679559,-16.166232664823315
2026-04-30 14:00:00,24.5,79.0,0.2,19.5,34.0,-10.904261617679559,-16.166232664823315
2026-04-30 15:00:00,24.4,79.0,0.1,18.9,35.0,-10.840594647034775,-15.48197363706194
2026-04-30 16:00:00,24.1,80.0,0.1,18.0,37.0,-10.83267041673687,-14.37543918085127
2026-04-30 17:00:00,23.7,81.0,0.1,16.6,41.0,-10.890579881242422,-12.528179031698016
2026-04-30 18:00:00,23.3,82.0,0.1,15.5,44.0,-10.767204742114458,-11.149766905249093
2026-04-30 19:00:00,22.9,83.0,0.1,14.3,49.0,-10.792346997185643,-9.381644114564251
2026-04-30 20:00:00,22.6,84.0,0.1,13.3,52.0,-10.480543022969403,-8.188297621831254
2026-04-30 21:00:00,22.3,84.0,0.0,12.6,53.0,-10.062807426595889,-7.582869291715809
2026-04-30 22:00:00,22.1,85.0,0.0,11.6,54.0,-9.384597134749392,-6.818308926592687
2026-04-30 23:00:00,21.9,85.0,0.0,10.6,55.0,-8.683011669463312,-6.079910225321089
2026-05-01 00:00:00,21.8,85.0,0.0,9.8,54.0,-7.928366544874486,-5.760295472466236
2026-05-01 01:00:00,21.7,84.0,0.0,9.3,54.0,-7.523858047687013,-5.466402846319999
2026-05-01 02:00:00,21.8,84.0,0.0,9.0,53.0,-7.187719590425635,-5.4163352083684355
2026-05-01 03:00:00,22.0,83.0,0.0,9.2,51.0,-7.1497428454041305,-5.789747597658506
2026-05-01 04:00:00,22.3,83.0,0.0,9.4,50.0,-7.200817765318393,-6.042203531053469
2026-05-01 05:00:00,22.7,82.0,0.0,9.9,46.0,-7.121464023352646,-6.877117867544074
2026-05-01 06:00:00,23.1,81.0,0.0,10.7,45.0,-7.56604255869606,-7.566042558696057
2026-05-01 07:00:00,23.5,80.0,0.0,11.5,44.0,-7.988571260278468,-8.272407703894489
2026-05-01 08:00:00,23.9,79.0,0.0,12.0,41.0,-7.872708347886087,-9.056514962673264
2026-05-01 09:00:00,24.3,78.0,0.2,12.5,39.0,-7.866504888122973,-9.714324518212132
2026-05-01 10:00:00,24.8,76.0,0.2,13.1,37.0,-7.883776803291832,-10.462125181619536
2026-05-01 11:00:00,25.3,75.0,0.2,14.0,35.0,-8.03007010891465,-11.468128620045881
2026-05-01 12:00:00,25.8,74.0,0.2,14.6,33.0,-7.9517299112193935,-12.24459029200319
2026-05-01 13:00:00,26.0,73.0,0.2,14.9,32.0,-7.895797037074755,-12.635916632730748
2026-05-01 14:00:00,26.1,73.0,0.2,14.9,32.0,-7.895797037074755,-12.635916632730748
2026-05-01 15:00:00,25.9,74.0,0.1,14.3,34.0,-7.996458519631676,-11.855237287537099
2026-05-01 16:00:00,25.5,76.0,0.1,13.6,37.0,-8.184684314867857,-10.861442936643183
2026-05-01 17:00:00,25.0,78.0,0.1,12.5,41.0,-8.200737862381342,-9.43386975278465
2026-05-01 18:00:00,24.4,80.0,0.1,11.5,46.0,-8.272407703894487,-7.988571260278469
2026-05-01 19:00:00,23.8,82.0,0.1,10.5,52.0,-8.274112912870581,-6.464445490919411
2026-05-01 20:00:00,23.4,83.0,0.1,9.4,58.0,-7.971652103870405,-4.981241083792125
2026-05-01 21:00:00,23.1,84.0,0.0,8.2,61.0,-7.171881598543045,-3.9754388860199628
2026-05-01 22:00:00,22.9,84.0,0.0,7.0,69.0,-6.535062985480412,-2.508575646817103
2026-05-01 23:00:00,22.7,83.0,0.0,5.9,76.0,-5.7247447850283795,-1.4273391840380383
2026-05-02 00:00:00,22.5,83.0,0.0,4.7,86.0,-4.688551036221174,-0.3278554265973888
2026-05-02 01:00:00,22.5,83.0,0.0,3.6,96.0,-3.580278823325784,0.37630246776355347
2026-05-02 02:00:00,22.6,82.0,0.0,3.1,111.0,-2.8940993221413254,1.1109406435904308
2026-05-02 03:00:00,22.8,81.0,0.0,2.4,117.0,-2.138415658052083,1.0895771993749124
2026-05-02 04:00:00,23.3,80.0,0.0,2.1,121.0,-1.8000513314744357,1.0815799573111142
2026-05-02 05:00:00,23.8,79.0,0.0,1.3,124.0,-1.0777488443215542,0.726950774511971
2026-05-02 06:00:00,24.3,78.0,0.0,0.8,117.0,-0.7128052193506943,0.36319239979163753
2026-05-02 07:00:00,24.9,78.0,0.0,0.5,45.0,-0.35355339059327384,-0.35355339059327373
2026-05-02 08:00:00,25.3,77.0,0.0,0.8,333.0,0.3631923997916375,-0.7128052193506943
2026-05-02 09:00:00,25.6,77.0,0.3,1.5,315.0,1.0606601717798214,-1.0606601717798212
2026-05-02 10:00:00,25.9,76.0,0.3,2.5,315.0,1.7677669529663689,-1.7677669529663687
2026-05-02 11:00:00,26.2,76.0,0.3,3.6,315.0,2.5455844122715714,-2.545584412271571
2026-05-02 12:00:00,26.5,76.0,0.3,4.3,312.0,3.195522749552795,-2.8772616073430903
2026-05-02 13:00:00,26.6,76.0,0.3,5.1,309.0,3.963444403430551,-3.2095339943541705
2026-05-02 14:00:00,26.6,77.0,0.3,5.4,312.0,4.012982057577929,-3.6133052743378347
2026-05-02 15:00:00,26.4,78.0,0.2,5.1,315.0,3.6062445840513924,-3.606244584051392
2026-05-02 16:00:00,26.0,80.0,0.2,4.1,322.0,2.524212048835199,-3.23084408978756
2026-05-02 17:00:00,25.6,82.0,0.2,3.2,333.0,1.45276959916655,-2.851220877402777
2026-05-02 18:00:00,25.1,84.0,0.2,2.5,352.0,0.34793275240016364,-2.475670171853926
2026-05-02 19:00:00,24.6,86.0,0.2,1.8,11.0,-0.3434561916777803,-1.7669289302057951
2026-05-02 20:00:00,24.3,87.0,0.2,1.8,37.0,-1.083267041673687,-1.437543918085127
2026-05-02 21:00:00,24.0,88.0,0.0,1.8,53.0,-1.437543918085127,-1.0832670416736871
2026-05-02 22:00:00,23.7,88.0,0.0,1.1,72.0,-1.046162167924669,-0.33991869381244205
2026-05-02 23:00:00,23.5,88.0,0.0,1.1,108.0,-1.0461621679246689,0.3399186938124423
2026-05-03 00:00:00,23.3,88.0,0.0,1.3,146.0,-0.7269507745119708,1.0777488443215544
2026-05-03 01:00:00,23.2,88.0,0.0,1.5,166.0,-0.36288284339950166,1.4554435894139948
2026-05-03 02:00:00,23.2,87.0,0.0,1.8,180.0,1.1021821192326179e-16,1.8
2026-05-03 03:00:00,23.4,86.0,0.0,1.8,191.0,0.34345619167778085,1.7669289302057951
2026-05-03 04:00:00,23.8,85.0,0.0,1.5,194.0,0.3628828433995015,1.4554435894139948
2026-05-03 05:00:00,24.3,84.0,0.0,1.0,225.0,0.7071067811865476,0.7071067811865475
2026-05-03 06:00:00,24.8,82.0,0.0,1.1,252.0,1.0461621679246689,0.33991869381244216
2026-05-03 07:00:00,25.3,81.0,0.0,1.8,270.0,1.8,0.0
2026-05-03 08:00:00,25.7,80.0,0.0,2.2,279.0,2.1729143493093033,-0.34415582308850795
2026-05-03 09:00:00,26.1,79.0,0.2,2.9,277.0,2.8783838397598336,-0.35342109587492765
2026-05-03 10:00:00,26.5,78.0,0.2,4.0,275.0,3.984778792366982,-0.34862297099063266
2026-05-03 11:00:00,26.9,77.0,0.2,5.1,274.0,5.087576656325103,-0.35575801609503904
2026-05-03 12:00:00,27.3,77.0,0.2,6.1,273.0,6.0916401620029,-0.31924933308195735
2026-05-03 13:00:00,27.5,77.0,0.2,6.8,270.0,6.8,0.0
2026-05-03 14:00:00,27.6,77.0,0.2,7.2,267.0,7.190132650232932,0.37681888494919563
2026-05-03 15:00:00,27.5,78.0,0.2,6.9,261.0,6.815049550106451,1.079397808777593
2026-05-03 16:00:00,27.2,80.0,0.2,6.4,254.0,6.1520748540052415,1.7640790772287946
2026-05-03 17:00:00,26.8,82.0,0.2,6.1,242.0,5.385980316439454,2.8637765329939335
2026-05-03 18:00:00,26.3,84.0,0.2,5.9,227.0,4.314986839553106,4.023790324368742
2026-05-03 19:00:00,25.9,86.0,0.2,6.2,216.0,3.6442685642133337,5.0159053651246746
2026-05-03 20:00:00,25.6,87.0,0.2,6.4,207.0,2.9055391983331,5.702441754805554
2026-05-03 21:00:00,25.4,87.0,0.0,7.0,201.0,2.5085756468171025,6.535062985480412
2026-05-03 22:00:00,25.2,86.0,0.0,7.3,200.0,2.4967470462773824,6.8597561317371305
2026-05-03 23:00:00,25.0,85.0,0.0,7.6,199.0,2.474317973874391,7.185941174554807
2026-05-04 00:00:00,24.9,84.0,0.0,8.0,198.0,2.4721359549995796,7.608452130361228
2026-05-04 01:00:00,24.9,82.0,0.0,8.4,200.0,2.872969203935618,7.893418014601631
2026-05-04 02:00:00,25.0,81.0,0.0,8.9,201.0,3.1894747509531736,8.308865795825096
2026-05-04 03:00:00,25.3,80.0,0.0,9.5,205.0,4.014873486536644,8.609923976848174
2026-05-04 04:00:00,25.6,78.0,0.0,9.8,208.0,4.600821315301731,8.652886410017484
2026-05-04 05:00:00,26.1,77.0,0.0,10.4,214.0,5.815606196095767,8.621990754572435
2026-05-04 06:00:00,26.6,75.0,0.0,11.2,220.0,7.1992212284892405,8.579697762932554
2026-05-04 07:00:00,27.1,74.0,0.0,12.2,223.0,8.320379992762481,8.922515159753878
2026-05-04 08:00:00,27.5,73.0,0.0,13.0,226.0,9.351417404402465,9.030558815966964
2026-05-04 09:00:00,27.9,72.0,0.1,14.1,230.0,10.80122664797759,9.063305296580204
2026-05-04 10:00:00,28.3,71.0,0.1,15.4,233.0,12.29898685472831,9.267951356541543
2026-05-04 11:00:00,28.8,71.0,0.1,16.8,235.0,13.761754344055063,9.636084130697574
2026-05-04 12:00:00,29.1,70.0,0.1,18.0,237.0,15.096070223017634,9.803502630270488
2026-05-04 13:00:00,29.4,71.0,0.1,18.8,238.0,15.943304207740809,9.962482167584252
2026-05-04 14:00:00,29.4,71.0,0.1,19.1,238.0,16.197718636587737,10.121457946854214
2026-05-04 15:00:00,29.2,72.0,0.1,18.5,237.0,15.515405506990344,10.075822147778002
2026-05-04 16:00:00,28.8,74.0,0.1,17.6,235.0,14.417075979486256,10.094945279778411
2026-05-04 17:00:00,28.2,77.0,0.1,16.1,231.0,12.512049979457233,10.132058295902382
2026-05-04 18:00:00,27.6,79.0,0.1,14.5,226.0,10.430427104910443,10.07254637165546
2026-05-04 19:00:00,27.0,81.0,0.1,13.5,222.0,9.033263185844586,10.032455143944823
2026-05-04 20:00:00,26.6,82.0,0.1,12.6,217.0,7.582869291715809,10.062807426595889
2026-05-04 21:00:00,26.3,82.0,0.0,12.2,214.0,6.822153422343111,10.114258385171508
2026-05-04 22:00:00,26.0,81.0,0.0,11.5,212.0,6.094071538681856,9.7525531057989
2026-05-04 23:00:00,25.8,80.0,0.0,11.1,209.0,5.3813867847343415,9.708278749247292
2026-05-05 00:00:00,25.6,78.0,0.0,10.6,208.0,4.976398565530443,9.359244484304625
2026-05-05 01:00:00,25.6,77.0,0.0,10.6,208.0,4.976398565530443,9.359244484304625
2026-05-05 02:00:00,25.6,76.0,0.0,10.3,209.0,4.993539088537273,9.008582983535776
2026-05-05 03:00:00,25.7,75.0,0.0,10.2,212.0,5.40517649517869,8.650090580795544
2026-05-05 04:00:00,26.0,74.0,0.0,10.4,214.0,5.815606196095767,8.621990754572435
2026-05-05 05:00:00,26.4,74.0,0.0,10.5,218.0,6.464445490919412,8.274112912870581
2026-05-05 06:00:00,26.8,73.0,0.0,10.7,222.0,7.159697488039782,7.951649632608118
2026-05-05 07:00:00,27.2,72.0,0.0,11.2,225.0,7.919595949289333,7.919595949289331
2026-05-05 08:00:00,27.6,72.0,0.0,11.5,229.0,8.679160172561879,7.544678833390834
2026-05-05 09:00:00,27.9,72.0,0.2,12.0,231.0,9.32575153748365,7.551844692598049
2026-05-05 10:00:00,28.2,72.0,0.2,12.4,234.0,10.031810730249349,7.288537128426667
2026-05-05 11:00:00,28.6,73.0,0.2,13.3,237.0,11.154318553674141,7.24369916569986
2026-05-05 12:00:00,28.9,73.0,0.2,13.9,239.0,11.914625479759362,7.159029241249753
2026-05-05 13:00:00,29.1,74.0,0.2,14.2,240.0,12.29756073373903,7.099999999999999
2026-05-05 14:00:00,29.1,74.0,0.2,14.5,240.0,12.557368354874361,7.249999999999999
