time,temperature_2m,relativehumidity_2m,precipitation,windspeed_10m,winddirection_10m,u,v
2025-10-30 00:00:00,22.7,79.0,0.0,3.6,189.0,0.5631640741448314,3.555678026142496
2025-10-30 01:00:00,22.9,80.0,0.0,1.3,135.0,-0.9192388155425117,0.9192388155425119
2025-10-30 02:00:00,22.6,83.0,0.0,2.6,78.0,-2.5431837619078945,-0.5405703961261747
2025-10-30 03:00:00,22.4,85.0,0.0,4.2,80.0,-4.136192562651273,-0.729322346201108
2025-10-30 04:00:00,21.9,85.0,0.0,5.3,108.0,-5.040599536364313,1.6377900701872217
2025-10-30 05:00:00,21.4,86.0,0.3,2.7,113.0,-2.485363104321589,1.0549740469210394
2025-10-30 06:00:00,21.3,85.0,0.9,4.2,110.0,-3.9467090073008153,1.4364846019678092
2025-10-30 07:00:00,21.4,93.0,0.1,3.6,123.0,-3.019214044603526,1.9607005260540984
2025-10-30 08:00:00,24.2,87.0,0.1,2.3,32.0,-1.2188143077363713,-1.9505106211597796
2025-10-30 09:00:00,25.9,79.0,0.4,0.6000000000000001,236.0,0.49742254353302506,0.33551574208244817
2025-10-30 10:00:00,27.2,70.0,0.0,5.3,298.0,4.679622242152313,-2.4881992827652213
2025-10-30 11:00:00,28.4,66.0,0.0,4.0,291.0,3.734321705988807,-1.433471798181201
2025-10-30 12:00:00,28.8,64.0,0.0,8.3,281.0,8.147505622615611,-1.583714661625322
2025-10-30 13:00:00,26.9,76.0,1.0,6.1,268.0,6.096284044816484,0.2128869298852559
2025-10-30 14:00:00,27.9,71.0,0.1,5.6,292.0,5.192229585574009,-2.097796923129107
2025-10-30 15:00:00,28.0,71.0,0.0,3.5,255.0,3.380740392011739,0.9058666578588226
2025-10-30 16:00:00,26.2,82.0,0.0,11.3,292.0,10.4771775566047,-4.233054505599806
2025-10-30 17:00:00,23.2,95.0,1.5,6.5,302.0,5.512312625016769,-3.4444752175158317
2025-10-30 18:00:00,22.7,100.0,2.5,3.1,187.0,0.37779496455595724,3.076893070088098
2025-10-30 19:00:00,22.6,100.0,0.0,4.5,265.0,4.482876141412855,0.39220084236446173
2025-10-30 20:00:00,23.0,100.0,0.1,3.1,234.0,2.5079526825623373,1.8221342821066668
2025-10-30 21:00:00,22.5,97.0,4.6,4.0,270.0,4.0,0.0
2025-10-30 22:00:00,22.2,100.0,2.9,2.9,180.0,1.7757378587636622e-16,2.9
2025-10-30 23:00:00,22.1,100.0,1.4,2.0,135.0,-1.414213562373095,1.4142135623730951
2025-10-31 00:00:00,21.9,100.0,1.9,3.8,121.0,-3.2572357426680263,1.9571446846582066
2025-10-31 01:00:00,22.0,99.0,0.8,5.7,55.0,-4.669166652447253,-3.269385687200963
2025-10-31 02:00:00,22.0,100.0,0.3,9.7,25.0,-4.099397138884782,-8.791185534255504
2025-10-31 03:00:00,22.1,100.0,0.3,12.1,17.0,-3.537697627145119,-11.571287547152727
2025-10-31 04:00:00,21.6,100.0,0.4,10.7,22.0,-4.008290549550261,-9.920867243864624
2025-10-31 05:00:00,21.4,100.0,0.9,11.7,21.0,-4.192905009680018,-10.922890990017258
2025-10-31 06:00:00,21.1,100.0,1.5,13.1,23.0,-5.118577783209487,-12.058613580226966
2025-10-31 07:00:00,21.1,99.0,1.1,14.2,26.0,-6.224870284404903,-12.762875457448168
2025-10-31 08:00:00,21.8,98.0,0.4,15.9,22.0,-5.956244835313005,-14.74222328761192
2025-10-31 09:00:00,22.5,90.0,0.1,17.7,33.0,-9.640110919765977,-14.844469052634006
2025-10-31 10:00:00,23.6,81.0,0.1,20.5,31.0,-10.558280535656117,-17.5719296643933
2025-10-31 11:00:00,24.6,71.0,0.0,21.4,34.0,-11.966728134273977,-17.741404052677893
2025-10-31 12:00:00,25.5,65.0,0.0,22.0,30.0,-11.00000000000001,-19.052558883257646
2025-10-31 13:00:00,25.4,65.0,0.0,23.0,27.0,-10.441781494009579,-20.49315005633246
2025-10-31 14:00:00,24.9,66.0,0.0,19.2,28.0,-9.013854005489103,-16.952593782891398
2025-10-31 15:00:00,24.0,70.0,0.0,20.3,15.0,-5.254026615581169,-19.608294273668086
2025-10-31 16:00:00,22.2,75.0,0.0,20.4,22.0,-7.64197450568461,-18.91455063316246
2025-10-31 17:00:00,21.1,78.0,0.0,20.7,26.0,-9.074282738533908,-18.605036758392753
2025-10-31 18:00:00,20.4,81.0,0.0,20.0,29.0,-9.696192404926737,-17.49239414278792
2025-10-31 19:00:00,20.1,82.0,0.0,18.5,32.0,-9.803506388314293,-15.68888977889388
2025-10-31 20:00:00,20.3,81.0,0.0,16.7,32.0,-8.849651712694524,-14.162403205812312
2025-10-31 21:00:00,20.4,80.0,0.0,17.8,31.0,-9.16767773339897,-15.257577952497597
2025-10-31 22:00:00,20.0,82.0,0.0,18.0,26.0,-7.8906806422033995,-16.178292833385
2025-10-31 23:00:00,19.6,88.0,0.0,18.5,32.0,-9.803506388314293,-15.68888977889388
2025-11-01 00:00:00,19.8,86.0,0.0,18.5,34.0,-10.34506871420881,-15.337195092268274
2025-11-01 01:00:00,19.9,85.0,0.0,19.5,31.0,-10.043242460746063,-16.714762363691186
2025-11-01 02:00:00,19.9,83.0,0.1,19.3,32.0,-10.227441799700857,-16.36732825581902
2025-11-01 03:00:00,20.0,81.0,0.1,20.4,27.0,-9.261406194686757,-18.1765330934427
2025-11-01 04:00:00,19.6,81.0,0.1,21.2,30.0,-10.600000000000009,-18.35973856023009
2025-11-01 05:00:00,19.0,83.0,0.0,20.8,27.0,-9.443002394582576,-18.53293570311805
2025-11-01 06:00:00,18.7,84.0,0.0,19.7,31.0,-10.146250075728073,-16.886195823831606
2025-11-01 07:00:00,19.3,82.0,0.0,20.3,32.0,-10.757361063934063,-17.215376351975447
2025-11-01 08:00:00,20.9,78.0,0.0,18.6,26.0,-8.153703330276846,-16.717569261164503
2025-11-01 09:00:00,23.1,67.0,0.0,18.6,30.0,-9.30000000000001,-16.108072510390556
2025-11-01 10:00:00,24.4,62.0,0.0,18.2,25.0,-7.691652363680724,-16.49480172406703
2025-11-01 11:00:00,25.1,59.0,0.0,18.4,31.0,-9.476700578345001,-15.771878332918861
2025-11-01 12:00:00,25.5,58.0,0.0,18.1,24.0,-7.361933239671982,-16.535172783331078
2025-11-01 13:00:00,25.9,57.0,0.0,17.9,26.0,-7.8468435275244905,-16.088413428755086
2025-11-01 14:00:00,25.3,60.0,0.0,16.0,25.0,-6.761892187851187,-14.5009245925864
2025-11-01 15:00:00,24.6,62.0,0.0,15.9,25.0,-6.719630361677117,-14.410293813882737
2025-11-01 16:00:00,23.2,69.0,0.0,15.1,26.0,-6.619404316515074,-13.571790099117418
2025-11-01 17:00:00,21.5,77.0,0.0,9.4,31.0,-4.8413579041545125,-8.057372626599854
2025-11-01 18:00:00,20.9,78.0,0.0,5.6,68.0,-5.192229585574009,-2.097796923129107
2025-11-01 19:00:00,21.0,78.0,0.0,3.0,128.0,-2.364032260820166,1.8469844259769752
2025-11-01 20:00:00,20.6,78.0,0.2,2.8,153.0,-1.2711733992707306,2.49481826772743
2025-11-01 21:00:00,21.1,77.0,0.0,2.5,120.0,-2.165063509461097,1.2499999999999998
2025-11-01 22:00:00,20.4,91.0,1.8,7.6,118.0,-6.710401705727845,3.567983877172769
2025-11-01 23:00:00,20.3,94.0,1.3,5.3,108.0,-5.040599536364313,1.6377900701872217
2025-11-02 00:00:00,20.4,97.0,1.4,2.7,70.0,-2.537170076121953,-0.9234543869793055
2025-11-02 01:00:00,19.8,98.0,0.2,3.8,25.0,-1.6059493946146568,-3.44396959073927
2025-11-02 02:00:00,18.5,98.0,0.2,7.0,32.0,-3.709434849632435,-5.936336673094981
2025-11-02 03:00:00,19.0,94.0,0.1,5.8,97.0,-5.756767679519667,0.7068421917498557
2025-11-02 04:00:00,19.5,91.0,0.6,7.1,60.0,-6.148780366869514,-3.5500000000000007
2025-11-02 05:00:00,19.4,90.0,0.0,7.6,59.0,-6.5144714853360535,-3.9142893693164114
2025-11-02 06:00:00,18.8,93.0,0.5,9.3,54.0,-7.523858047687013,-5.466402846319999
2025-11-02 07:00:00,19.5,92.0,0.0,8.8,44.0,-6.1129936600391765,-6.330190242980131
2025-11-02 08:00:00,19.5,96.0,0.3,8.0,25.0,-3.3809460939255933,-7.2504622962932
2025-11-02 09:00:00,20.5,93.0,0.1,8.8,43.0,-6.001585568549988,-6.4359125742487
2025-11-02 10:00:00,21.7,86.0,0.1,10.4,34.0,-5.815606196095764,-8.621990754572435
2025-11-02 11:00:00,22.0,83.0,0.0,10.6,42.0,-7.092784427403896,-7.87733515006038
2025-11-02 12:00:00,23.1,77.0,0.0,10.8,36.0,-6.348080724758711,-8.737383539249432
2025-11-02 13:00:00,22.5,75.0,0.0,12.9,28.0,-6.056183159937991,-11.390023947880158
2025-11-02 14:00:00,22.0,75.0,0.0,14.4,26.0,-6.312544513762719,-12.942634266708003
2025-11-02 15:00:00,21.6,74.0,0.0,13.9,19.0,-4.5253973469544775,-13.142708200830505
2025-11-02 16:00:00,21.2,74.0,0.0,15.4,29.0,-7.466068151793587,-13.469143489946697
2025-11-02 17:00:00,20.8,73.0,0.0,14.0,28.0,-6.5726018790024705,-12.361266300024978
2025-11-02 18:00:00,20.4,70.0,0.0,17.2,28.0,-8.07491087991732,-15.186698597173544
2025-11-02 19:00:00,20.1,68.0,0.0,17.5,32.0,-9.273587124081088,-14.840841682737453
2025-11-02 20:00:00,19.6,74.0,0.0,18.7,31.0,-9.631212000818019,-16.029028523129497
2025-11-02 21:00:00,19.5,73.0,0.0,18.2,30.0,-9.100000000000009,-15.761662348876778
2025-11-02 22:00:00,19.3,71.0,0.0,16.3,36.0,-9.580899612367315,-13.186977008311642
2025-11-02 23:00:00,20.1,66.0,0.0,14.1,39.0,-8.873417513802714,-10.957758056543284
2025-11-03 00:00:00,20.4,65.0,0.0,9.0,61.0,-7.871577364254563,-4.363286582217032
2025-11-03 01:00:00,20.0,66.0,0.0,7.7,66.0,-7.034300023848027,-3.1318721516836616
2025-11-03 02:00:00,19.0,73.0,0.0,8.9,62.0,-7.85823357644445,-4.178296908794429
2025-11-03 03:00:00,19.2,75.0,0.1,12.5,35.0,-7.16970545438808,-10.239400553612395
2025-11-03 04:00:00,18.7,80.0,0.2,12.2,44.0,-8.474832119599766,-8.775945564131543
2025-11-03 05:00:00,18.7,82.0,0.2,10.0,26.0,-4.383711467890778,-8.987940462991668
2025-11-03 06:00:00,18.2,86.0,0.1,12.6,43.0,-8.593179336787482,-9.215056640401547
2025-11-03 07:00:00,19.1,81.0,0.0,10.2,44.0,-7.085515378681771,-7.337265963454241
2025-11-03 08:00:00,19.1,80.0,0.0,6.5,13.0,-1.462181853235124,-6.333405421104028
2025-11-03 09:00:00,20.2,79.0,0.0,4.2,102.0,-4.108219923081984,0.8732291014345892
2025-11-03 10:00:00,20.7,78.0,0.0,7.8,29.0,-3.781515037921427,-6.822033715687288
2025-11-03 11:00:00,21.6,73.0,0.0,12.9,32.0,-6.8359585086083445,-10.939820440417895
2025-11-03 12:00:00,24.4,64.0,0.0,13.7,32.0,-7.259893919994909,-11.618258917343034
2025-11-03 13:00:00,24.0,66.0,0.0,15.8,17.0,-4.619472934619246,-15.109615144215958
2025-11-03 14:00:00,22.8,68.0,0.0,19.3,30.0,-9.65000000000001,-16.71429029303966
2025-11-03 15:00:00,21.0,75.0,0.0,14.7,26.0,-6.444055857799443,-13.212272480597752
2025-11-03 16:00:00,20.1,81.0,0.0,11.4,26.0,-4.997431073395487,-10.246252127810502
2025-11-03 17:00:00,20.0,80.0,0.0,13.0,34.0,-7.269507745119705,-10.777488443215544
2025-11-03 18:00:00,19.6,79.0,0.0,13.1,36.0,-7.6999868050314,-10.59812262631181
2025-11-03 19:00:00,19.5,79.0,0.0,12.8,29.0,-6.205563139153112,-11.195132251384269
2025-11-03 20:00:00,19.5,79.0,0.0,9.7,12.0,-2.01674340093227,-9.488031727117914
2025-11-03 21:00:00,19.5,80.0,0.0,5.6,50.0,-4.289848881466277,-3.5996106142446194
2025-11-03 22:00:00,18.9,85.0,0.0,3.5,12.0,-0.7276909178621592,-3.4235166025683195
2025-11-03 23:00:00,19.4,83.0,0.1,1.3,172.0,-0.18092503124808496,1.2873484893640414
2025-11-04 00:00:00,19.9,79.0,0.0,2.6,192.0,0.5405703961261746,2.5431837619078945
2025-11-04 01:00:00,19.7,84.0,0.0,1.5,60.0,-1.299038105676658,-0.7500000000000002
2025-11-04 02:00:00,18.7,86.0,0.0,3.2,87.0,-3.1956145112146364,-0.1674750599774194
2025-11-04 03:00:00,19.5,82.0,0.0,3.8,101.0,-3.730183297101123,0.7250741824308709
2025-11-04 04:00:00,19.0,86.0,0.0,2.9,112.0,-2.688833178243683,1.0863591209061454
2025-11-04 05:00:00,19.2,85.0,0.0,2.8,108.0,-2.6629582456264296,0.8652475842498529
2025-11-04 06:00:00,19.0,83.0,0.0,1.7000000000000002,122.0,-1.4416817634659242,0.9008627491964484
2025-11-04 07:00:00,20.5,77.0,0.0,1.8,180.0,1.1021821192326179e-16,1.8
2025-11-04 08:00:00,21.3,83.0,0.0,8.1,21.0,-2.9027803913169357,-7.562001454627333
2025-11-04 09:00:00,23.4,76.0,0.0,7.4,26.0,-3.2439464862391754,-6.651075942613835
2025-11-04 10:00:00,23.8,76.0,0.1,10.4,18.0,-3.213776741499455,-9.890987769469596
2025-11-04 11:00:00,23.9,77.0,0.0,11.9,14.0,-2.8788705576360467,-11.546519142684359
2025-11-04 12:00:00,24.8,74.0,0.0,12.6,20.0,-4.3094538059034235,-11.840127021902445
2025-11-04 13:00:00,25.5,71.0,0.0,12.3,14.0,-2.975639315875914,-11.934637433194757
2025-11-04 14:00:00,23.5,85.0,0.0,14.8,10.0,-2.569993029470569,-14.57515474458068
2025-11-04 15:00:00,23.1,86.0,0.0,14.3,24.0,-5.816333995983942,-13.063700044289195
2025-11-04 16:00:00,22.0,91.0,0.2,13.0,18.0,-4.017220926874319,-12.363734711836996
2025-11-04 17:00:00,20.7,96.0,0.3,15.9,25.0,-6.719630361677117,-14.410293813882737
2025-11-04 18:00:00,19.8,98.0,0.2,18.0,25.0,-7.607128711332585,-16.3135401666597
2025-11-04 19:00:00,19.4,98.0,0.1,18.7,29.0,-9.065939898606498,-16.355388523506704
2025-11-04 20:00:00,19.0,100.0,0.0,16.5,40.0,-10.605995559827901,-12.639733311463136
2025-11-04 21:00:00,19.0,99.0,0.0,13.5,36.0,-7.935100905948389,-10.92172942406179
2025-11-04 22:00:00,19.1,98.0,0.0,11.1,34.0,-6.207041228525287,-9.202317055360965
2025-11-04 23:00:00,19.1,98.0,0.0,11.6,37.0,-6.98105426856376,-9.264171916548596
2025-11-05 00:00:00,19.0,98.0,0.0,9.9,46.0,-7.121464023352646,-6.877117867544074
2025-11-05 01:00:00,19.0,97.0,0.0,8.0,44.0,-5.557266963671978,-5.7547184027092095
2025-11-05 02:00:00,19.4,95.0,0.0,4.8,11.0,-0.9158831778074141,-4.711810480548787
2025-11-05 03:00:00,18.8,98.0,0.0,10.3,33.0,-5.609782060654778,-8.638306849837868
2025-11-05 04:00:00,19.0,98.0,0.0,10.7,27.0,-4.857698347213152,-9.533769808815535
2025-11-05 05:00:00,18.8,100.0,0.0,12.8,31.0,-6.592487358848698,-10.971741448987036
2025-11-05 06:00:00,18.8,100.0,0.0,13.9,33.0,-7.570482586708875,-11.657520894441394
2025-11-05 07:00:00,19.5,97.0,0.0,16.5,31.0,-8.4981282360159,-14.14326046158485
2025-11-05 08:00:00,21.3,93.0,0.0,17.5,32.0,-9.273587124081088,-14.840841682737453
2025-11-05 09:00:00,23.6,82.0,0.0,24.2,33.0,-13.180264647363652,-20.29582774427926
2025-11-05 10:00:00,25.0,75.0,0.0,24.9,37.0,-14.985194076486001,-19.88602420017759
2025-11-05 11:00:00,26.1,69.0,0.0,23.5,35.0,-13.47904625424959,-19.250073040791303
2025-11-05 12:00:00,26.5,66.0,0.0,22.6,31.0,-11.639860492967232,-19.371980995867734
2025-11-05 13:00:00,26.9,64.0,0.0,22.9,34.0,-12.805517489480096,-18.984960411510457
2025-11-05 14:00:00,26.9,64.0,0.0,21.6,29.0,-10.471887797320877,-18.891785674210954
2025-11-05 15:00:00,26.2,66.0,0.0,20.0,27.0,-9.079809994790939,-17.820130483767358
2025-11-05 16:00:00,24.8,74.0,0.0,17.1,25.0,-7.226772275765956,-15.497863158326718
2025-11-05 17:00:00,22.7,83.0,0.0,13.9,27.0,-6.310467946379703,-12.384990686218313
2025-11-05 18:00:00,21.4,88.0,0.0,11.3,34.0,-6.318879809219436,-9.368124569871974
2025-11-05 19:00:00,20.9,91.0,0.0,8.4,40.0,-5.3994159213669315,-6.434773322199415
2025-11-05 20:00:00,20.7,93.0,0.0,8.1,35.0,-4.645969134443476,-6.635131558740832
2025-11-05 21:00:00,20.8,92.0,0.0,7.6,45.0,-5.374011537017762,-5.37401153701776
2025-11-05 22:00:00,20.5,93.0,0.0,7.8,50.0,-5.975146656328028,-5.013743355555006
2025-11-05 23:00:00,20.2,93.0,0.0,7.0,58.0,-5.936336673094982,-3.7094348496324336
2025-11-06 00:00:00,20.2,91.0,0.0,7.6,59.0,-6.5144714853360535,-3.9142893693164114
2025-11-06 01:00:00,20.1,90.0,0.0,6.8,63.0,-6.058844364480901,-3.0871353982289174
2025-11-06 02:00:00,19.5,91.0,0.0,5.6,57.0,-4.696555180494374,-3.0499785960841517
2025-11-06 03:00:00,19.7,89.0,0.0,6.6,57.0,-5.535225748439799,-3.5946176310991786
2025-11-06 04:00:00,19.9,88.0,0.0,8.5,54.0,-6.876644452187055,-4.996174644486021
2025-11-06 05:00:00,19.5,88.0,0.0,6.1,71.0,-5.7676633111558315,-1.985965742188656
2025-11-06 06:00:00,19.0,88.0,0.0,4.5,83.0,-4.46645768238595,-0.5484120453231629
2025-11-06 07:00:00,21.1,80.0,0.0,3.5,102.0,-3.42351660256832,0.7276909178621576
2025-11-06 08:00:00,22.9,80.0,0.0,0.9,217.0,0.5416335208368436,0.7187719590425635
2025-11-06 09:00:00,25.7,67.0,0.0,1.9,229.0,1.4339482024232668,1.2465121550819638
2025-11-06 10:00:00,27.6,62.0,0.0,2.4,279.0,2.3704520174283306,-0.37544271609655405
2025-11-06 11:00:00,28.7,62.0,0.0,2.6,326.0,1.4539015490239418,-2.1554976886431088
2025-11-06 12:00:00,29.7,60.0,0.0,4.1,315.0,2.899137802864845,-2.8991378028648445
2025-11-06 13:00:00,29.9,61.0,0.0,5.3,327.0,2.8865868855796433,-4.444954010110747
2025-11-06 14:00:00,29.9,60.0,0.0,7.0,325.0,4.015035054457323,-5.7340643100229425
2025-11-06 15:00:00,28.6,65.0,0.0,10.4,9.0,-1.6269184364184028,-10.271958742189431
2025-11-06 16:00:00,26.9,71.0,0.0,10.1,17.0,-2.9529542176996446,-9.658678035226657
2025-11-06 17:00:00,24.7,80.0,0.0,6.4,25.0,-2.704756875140475,-5.800369837034561
2025-11-06 18:00:00,22.8,89.0,0.0,3.4,65.0,-3.08144647592461,-1.4369020899183775
2025-11-06 19:00:00,22.5,88.0,0.0,2.8,79.0,-2.748556113653459,-0.5342651870543251
2025-11-06 20:00:00,22.4,87.0,0.0,1.4,90.0,-1.4,1.7145055188062944e-16
2025-11-06 21:00:00,22.2,87.0,0.0,0.5,135.0,-0.35355339059327373,0.3535533905932738
2025-11-06 22:00:00,21.5,88.0,0.0,1.7000000000000002,122.0,-1.4416817634659242,0.9008627491964484
2025-11-06 23:00:00,20.9,86.0,0.0,1.5,144.0,-0.8816778784387096,1.2135254915624212
2025-11-07 00:00:00,20.8,79.0,0.0,3.9,158.0,-1.4609657143220571,3.616017032810471
2025-11-07 01:00:00,20.0,79.0,0.0,7.4,173.0,-0.9018331411980905,7.344841522145784
2025-11-07 02:00:00,21.0,76.0,0.0,5.5,167.0,-1.2372307988912576,5.359035356318794
2025-11-07 03:00:00,20.9,80.0,0.0,7.4,176.0,-0.5161979057065275,7.381973971922699
2025-11-07 04:00:00,20.7,83.0,0.0,6.3,175.0,-0.5490811793102469,6.276026597977997
2025-11-07 05:00:00,20.5,84.0,0.0,4.0,162.0,-1.2360679774997894,3.8042260651806146
2025-11-07 06:00:00,19.9,84.0,0.0,0.5,135.0,-0.35355339059327373,0.3535533905932738
2025-11-07 07:00:00,21.9,78.0,0.0,1.5,126.0,-1.213525491562421,0.8816778784387098
2025-11-07 08:00:00,25.0,73.0,0.0,5.5,38.0,-3.3861381142911195,-4.334059144836972
2025-11-07 09:00:00,27.0,68.0,0.0,5.7,11.0,-1.0876112736463044,-5.595274945651685
2025-11-07 10:00:00,28.2,65.0,0.0,6.9,351.0,1.0793978087775935,-6.815049550106451
2025-11-07 11:00:00,29.0,64.0,0.0,8.7,343.0,2.5436338310878095,-8.319851376878407
2025-11-07 12:00:00,29.2,65.0,0.0,9.6,340.0,3.2833933759264204,-9.02104915954472
2025-11-07 13:00:00,29.5,64.0,0.0,11.0,342.0,3.399186938124422,-10.461621679246688
2025-11-07 14:00:00,29.2,66.0,0.0,11.3,343.0,3.303800263366926,-10.806243742382302
2025-11-07 15:00:00,28.8,68.0,0.0,12.5,349.0,2.3851124422068115,-12.2703397930958
2025-11-07 16:00:00,27.4,76.0,0.0,9.7,348.0,2.0167434009322665,-9.488031727117914
2025-11-07 17:00:00,25.6,82.0,0.0,6.8,12.0,-1.4137994975607666,-6.651403684989877
2025-11-07 18:00:00,23.9,85.0,0.0,5.1,45.0,-3.606244584051393,-3.606244584051392
2025-11-07 19:00:00,22.8,87.0,0.0,3.8,65.0,-3.44396959073927,-1.6059493946146572
2025-11-07 20:00:00,22.5,89.0,0.0,1.5,76.0,-1.4554435894139948,-0.3628828433995013
2025-11-07 21:00:00,21.7,92.0,0.0,1.5,150.0,-0.7499999999999997,1.299038105676658
2025-11-07 22:00:00,21.0,91.0,0.0,2.2,138.0,-1.4720873339894882,1.6349186160502676
2025-11-07 23:00:00,20.4,88.0,0.0,2.1,149.0,-1.081579957311114,1.800051331474436
2025-11-08 00:00:00,19.8,83.0,0.0,2.2,156.0,-0.8948206147667607,2.0098000068137223
2025-11-08 01:00:00,19.1,82.0,0.0,3.4,164.0,-0.9371670097777968,3.2682897661902843
2025-11-08 02:00:00,18.9,83.0,0.0,6.7,153.0,-3.041736348254963,5.969743712062065
2025-11-08 03:00:00,19.5,82.0,0.0,6.7,160.0,-2.2915349602819806,6.295940559265587
2025-11-08 04:00:00,20.3,83.0,0.0,4.5,157.0,-1.7582900782017319,4.142271840535981
2025-11-08 05:00:00,20.1,82.0,0.0,1.3,124.0,-1.0777488443215542,0.726950774511971
2025-11-08 06:00:00,20.1,79.0,0.0,2.1,105.0,-2.028444235207043,0.5435199947152941
2025-11-08 07:00:00,22.1,75.0,0.0,3.8,85.0,-3.785539852748633,-0.3311918224411002
2025-11-08 08:00:00,24.2,81.0,0.0,4.2,43.0,-2.864393112262494,-3.071685546800516
2025-11-08 09:00:00,26.0,78.0,0.0,4.0,5.0,-0.348622970990633,-3.984778792366982
2025-11-08 10:00:00,27.4,73.0,0.0,5.8,340.0,1.983716831288879,-5.450217200558268
2025-11-08 11:00:00,28.0,70.0,0.1,6.5,337.0,2.539752335180279,-5.983281547440862
2025-11-08 12:00:00,29.1,64.0,0.0,5.9,329.0,3.0387246419693197,-5.057287074142463
2025-11-08 13:00:00,29.5,61.0,0.0,8.5,332.0,3.9905082836800725,-7.505054539300878
2025-11-08 14:00:00,28.7,66.0,0.0,9.1,324.0,5.348845795861505,-7.3620546488120215
2025-11-08 15:00:00,28.0,69.0,0.0,9.1,321.0,5.726815558553521,-7.072028249258435
2025-11-08 16:00:00,26.9,73.0,0.0,6.7,314.0,4.819576662268963,-4.654211082075282
2025-11-08 17:00:00,25.1,85.0,0.0,1.5,263.0,1.488819227461983,0.1828040151077212
2025-11-08 18:00:00,23.8,89.0,0.0,1.8,204.0,0.7321259575364404,1.6443818237566816
2025-11-08 19:00:00,23.2,90.0,0.0,0.7000000000000001,194.0,0.1693453269197674,0.6792070083931976
2025-11-08 20:00:00,22.8,95.0,0.0,2.9,176.0,-0.20229377385796346,2.89293574575349
2025-11-08 21:00:00,22.6,94.0,0.0,1.9,151.0,-0.9211382784680403,1.661777443564852
2025-11-08 22:00:00,22.5,92.0,0.0,0.9,127.0,-0.7187719590425636,0.5416335208368434
2025-11-08 23:00:00,22.1,92.0,0.0,0.8,117.0,-0.7128052193506943,0.36319239979163753
2025-11-09 00:00:00,21.7,92.0,0.0,0.4,117.0,-0.35640260967534715,0.18159619989581877
2025-11-09 01:00:00,21.0,94.0,0.0,0.6000000000000001,146.0,-0.33551574208244805,0.4974225435330251
2025-11-09 02:00:00,20.6,94.0,0.0,4.0,39.0,-2.5172815641993513,-3.1085838458278823
2025-11-09 03:00:00,20.5,92.0,0.0,1.5,54.0,-1.2135254915624214,-0.8816778784387096
2025-11-09 04:00:00,20.1,92.0,0.0,0.8,153.0,-0.36319239979163737,0.7128052193506944
2025-11-09 05:00:00,20.2,89.0,0.0,2.8,169.0,-0.5342651870543255,2.748556113653459
2025-11-09 06:00:00,20.2,83.0,0.0,6.0,175.0,-0.5229344564859494,5.977168188550474
2025-11-09 07:00:00,20.6,82.0,0.0,10.8,183.0,0.5652283274237949,10.785198975349399
2025-11-09 08:00:00,22.0,88.0,0.0,11.3,211.0,5.8199302464836125,9.68599049793387
2025-11-09 09:00:00,25.0,81.0,0.0,10.0,218.0,6.156614753256583,7.88010753606722
2025-11-09 10:00:00,26.8,74.0,0.0,5.4,210.0,2.7000000000000006,4.676537180435969
2025-11-09 11:00:00,28.2,68.0,0.0,1.1,72.0,-1.046162167924669,-0.33991869381244205
2025-11-09 12:00:00,29.6,61.0,0.0,6.1,45.0,-4.31335136523794,-4.313351365237939
2025-11-09 13:00:00,30.2,55.0,0.0,12.6,34.0,-7.045830583731407,-10.445873414193526
2025-11-09 14:00:00,30.4,53.0,0.0,13.2,26.0,-5.7864991376158255,-11.864081411149002
2025-11-09 15:00:00,29.1,57.0,0.0,14.2,21.0,-5.0888248835432695,-13.256842056260263
2025-11-09 16:00:00,26.6,67.0,0.0,14.6,22.0,-5.469256263872319,-13.536884276675094
2025-11-09 17:00:00,24.4,76.0,0.0,10.8,33.0,-5.882101578162292,-9.05764213381058
2025-11-09 18:00:00,23.5,78.0,0.0,9.9,37.0,-5.957968729205278,-7.906491549468199
2025-11-09 19:00:00,22.6,82.0,0.0,7.8,32.0,-4.133370261018999,-6.614775150020122
2025-11-09 20:00:00,22.5,88.0,0.0,5.7,28.0,-2.6759879078795774,-5.032801279295884
2025-11-09 21:00:00,22.4,89.0,0.0,5.6,31.0,-2.884213219496305,-4.8001368839318275
2025-11-09 22:00:00,22.1,89.0,0.0,6.5,56.0,-5.388744221607772,-3.6347538725598536
2025-11-09 23:00:00,21.5,90.0,0.0,4.5,53.0,-3.5938597952128175,-2.7081676041842178
2025-11-10 00:00:00,21.8,89.0,0.0,10.5,33.0,-5.718709867657783,-8.806040963426952
2025-11-10 01:00:00,21.4,91.0,0.0,14.6,33.0,-7.9517299112193935,-12.24459029200319
2025-11-10 02:00:00,21.9,86.0,0.0,17.0,39.0,-10.698446647847243,-13.2114813447685
2025-11-10 03:00:00,21.7,85.0,0.0,17.7,38.0,-10.897208113264147,-13.947790338838981
2025-11-10 04:00:00,21.6,87.0,0.0,23.5,33.0,-12.799017322853134,-19.708758346717467
2025-11-10 05:00:00,21.5,89.0,0.0,26.6,30.0,-13.300000000000013,-23.036275740666063
2025-11-10 06:00:00,22.0,87.0,0.0,28.6,29.0,-13.865555139045235,-25.014123624186727
2025-11-10 07:00:00,22.8,82.0,0.0,28.2,32.0,-14.943723251376381,-23.91495631161121
2025-11-10 08:00:00,22.8,83.0,0.0,28.4,20.0,-9.713372070448987,-26.6872704303198
2025-11-10 09:00:00,23.7,80.0,0.0,29.6,17.0,-8.65420245979302,-28.30662077650585
2025-11-10 10:00:00,24.1,78.0,0.0,24.5,10.0,-4.254380352839793,-24.127789948799098
2025-11-10 11:00:00,24.8,75.0,0.0,23.4,3.0,-1.2246613760848968,-23.367931113257026
2025-11-10 12:00:00,25.0,74.0,0.0,23.3,5.0,-2.0307288060204374,-23.211336465537673
2025-11-10 13:00:00,23.6,80.0,0.0,18.4,359.0,0.3211242784460182,-18.3971975908776
2025-11-10 14:00:00,24.0,81.0,0.0,14.9,12.0,-3.097884193184621,-14.574399250933704
2025-11-10 15:00:00,23.4,82.0,0.0,16.5,23.0,-6.447063620073018,-15.188330081965264
2025-11-10 16:00:00,22.0,87.0,0.0,13.3,2.0,-0.4641633061432601,-13.291897999353974
2025-11-10 17:00:00,21.2,87.0,0.0,16.2,8.0,-2.2546042355530664,-16.042342713613436
2025-11-10 18:00:00,21.5,83.0,0.0,19.9,26.0,-8.723585821102647,-17.886001521353418
2025-11-10 19:00:00,22.5,79.0,0.0,15.3,30.0,-7.6500000000000075,-13.250188677901908
2025-11-10 20:00:00,21.5,91.0,0.4,25.5,48.0,-18.950193049673555,-17.062830462150885
2025-11-10 21:00:00,21.4,93.0,0.0,19.4,41.0,-12.72754516241584,-14.641365856321777
2025-11-10 22:00:00,22.0,90.0,0.0,6.6,64.0,-5.932040705574502,-2.893249568807911
2025-11-10 23:00:00,22.0,89.0,0.0,10.7,25.0,-4.522015400625481,-9.697493321292155
2025-11-11 00:00:00,21.9,91.0,0.0,13.8,42.0,-9.234002367752243,-10.255398591588042
2025-11-11 01:00:00,22.0,91.0,1.0,9.9,46.0,-7.121464023352646,-6.877117867544074
2025-11-11 02:00:00,22.9,88.0,0.5,10.3,33.0,-5.609782060654778,-8.638306849837868
2025-11-11 03:00:00,23.1,84.0,0.0,9.8,83.0,-9.726952286084957,-1.1943195653704437
2025-11-11 04:00:00,23.0,84.0,0.0,4.5,61.0,-3.9357886821272814,-2.181643291108516
2025-11-11 05:00:00,22.1,89.0,0.6,10.1,47.0,-7.386672386353623,-6.888183436631233
2025-11-11 06:00:00,22.6,84.0,0.0,16.9,51.0,-13.133766748622806,-10.635514608742255
2025-11-11 07:00:00,22.8,84.0,0.0,22.7,52.0,-17.88784410687259,-13.975515489892441
2025-11-11 08:00:00,21.6,97.0,1.1,30.1,29.0,-14.59276956941474,-26.32605318489582
2025-11-11 09:00:00,22.8,92.0,0.1,34.5,33.0,-18.79004670801843,-28.93413459411713
2025-11-11 10:00:00,23.6,87.0,0.0,31.1,25.0,-13.143427940135744,-28.18617217683982
2025-11-11 11:00:00,24.3,82.0,0.0,29.4,23.0,-11.48749517758465,-27.062842691501743
2025-11-11 12:00:00,23.8,85.0,0.4,27.7,28.0,-13.004362289169173,-24.457648322192277
2025-11-11 13:00:00,23.9,83.0,0.0,25.5,21.0,-9.138382713405168,-23.80630087567864
2025-11-11 14:00:00,24.4,82.0,0.0,32.3,25.0,-13.650569854224582,-29.273741521283792
2025-11-11 15:00:00,23.2,87.0,0.0,35.3,25.0,-14.918424639446679,-31.992664882393743
2025-11-11 16:00:00,22.0,91.0,0.0,33.1,22.0,-12.399478242066698,-30.68978558616066
2025-11-11 17:00:00,22.4,84.0,0.0,37.3,29.0,-18.083398835188362,-32.62331507629947
2025-11-11 18:00:00,22.5,81.0,0.0,37.3,27.0,-16.9338456402851,-33.23454335222612
2025-11-11 19:00:00,22.5,82.0,0.0,36.2,29.0,-17.550108252917394,-31.661233398446136
2025-11-11 20:00:00,22.0,88.0,0.0,33.7,24.0,-13.707024871654465,-30.786481922555655
2025-11-11 21:00:00,21.6,91.0,0.0,33.3,22.0,-12.474399560749879,-30.875222357074016
2025-11-11 22:00:00,21.1,93.0,0.0,32.7,22.0,-12.249635604700334,-30.31891204433395
2025-11-11 23:00:00,20.2,95.0,0.1,27.7,27.0,-12.57553684278545,-24.680880720017786
2025-11-12 00:00:00,20.0,95.0,0.1,17.5,35.0,-10.037587636143313,-14.335160775057352
2025-11-12 01:00:00,20.6,94.0,0.0,14.3,37.0,-8.60595483107429,-11.420487793676289
2025-11-12 02:00:00,20.5,99.0,0.0,22.5,27.0,-10.214786244139805,-20.047646794238275
2025-11-12 03:00:00,20.8,98.0,0.2,24.2,29.0,-11.73239280996135,-21.16579691277338
2025-11-12 04:00:00,20.9,97.0,0.1,18.5,28.0,-8.685223911538978,-16.33453046789015
2025-11-12 05:00:00,20.9,99.0,0.1,10.5,39.0,-6.607864106023297,-8.16003259529819
2025-11-12 06:00:00,20.8,99.0,0.1,3.5,201.0,1.2542878234085513,3.267531492740206
2025-11-12 07:00:00,21.0,96.0,0.1,12.7,191.0,2.42327424128212,12.466665229785331
2025-11-12 08:00:00,21.9,98.0,0.0,8.2,68.0,-7.602907607447656,-3.0717740660104784
2025-11-12 09:00:00,22.9,95.0,0.4,7.3,80.0,-7.189096596989119,-1.2676316969685923
2025-11-12 10:00:00,22.9,99.0,0.6,13.8,21.0,-4.9454777037251505,-12.883409885661383
2025-11-12 11:00:00,22.5,97.0,0.9,22.7,3.0,-1.1880262067148357,-22.668890438928827
2025-11-12 12:00:00,21.5,96.0,1.7000000000000002,23.2,359.0,0.4048958293449795,-23.196466527628278
2025-11-12 13:00:00,21.9,96.0,1.8,25.6,14.0,-6.193200527351496,-24.83957059266551
2025-11-12 14:00:00,22.0,98.0,3.7,16.1,18.0,-4.9751736094366565,-15.312009912351973
2025-11-12 15:00:00,21.7,100.0,1.3,19.8,30.0,-9.90000000000001,-17.14730299493188
2025-11-12 16:00:00,21.1,100.0,1.5,21.6,33.0,-11.764203156324584,-18.11528426762116
2025-11-12 17:00:00,20.9,99.0,0.9,22.8,33.0,-12.417769998342616,-19.12168894915567
2025-11-12 18:00:00,20.6,99.0,0.5,25.1,33.0,-13.670439778877178,-21.050631255430144
2025-11-12 19:00:00,20.5,100.0,0.3,21.1,32.0,-11.181296475320627,-17.893814828900588
2025-11-12 20:00:00,20.9,99.0,0.2,9.6,64.0,-8.628422844472002,-4.208363009175144
2025-11-12 21:00:00,21.4,100.0,0.2,16.3,35.0,-9.349295912522056,-13.352178321910563
2025-11-12 22:00:00,21.4,100.0,0.7000000000000001,18.1,24.0,-7.361933239671982,-16.535172783331078
2025-11-12 23:00:00,21.1,100.0,1.8,16.4,32.0,-8.690675933424561,-13.907988776965384
2025-11-13 00:00:00,21.1,99.0,2.4,15.1,26.0,-6.619404316515074,-13.571790099117418
2025-11-13 01:00:00,21.0,99.0,2.0,17.0,34.0,-9.506279359002692,-14.09363873343571
2025-11-13 02:00:00,20.8,99.0,1.4,16.3,31.0,-8.395120621033888,-13.971827001444428
2025-11-13 03:00:00,20.9,99.0,1.7000000000000002,15.3,27.0,-6.946054646015068,-13.632399820082028
2025-11-13 04:00:00,20.2,100.0,3.6,20.6,21.0,-7.382379760633195,-19.231756785842354
2025-11-13 05:00:00,19.8,100.0,2.7,22.3,22.0,-8.353727033174845,-20.67619995683936
2025-11-13 06:00:00,19.8,100.0,1.5,21.6,27.0,-9.806194794374214,-19.245740922468745
2025-11-13 07:00:00,19.6,100.0,1.9,22.9,29.0,-11.102140303641113,-20.028791293492166
2025-11-13 08:00:00,19.4,99.0,1.9,24.9,34.0,-13.923903296421589,-20.64303555662054
2025-11-13 09:00:00,20.2,95.0,0.5,24.8,33.0,-13.507048068372669,-20.799030085046518
2025-11-13 10:00:00,21.2,91.0,0.1,25.4,27.0,-11.53135869338449,-22.63156571438454
2025-11-13 11:00:00,22.9,77.0,0.0,29.4,30.0,-14.700000000000012,-25.461146871262486
2025-11-13 12:00:00,23.1,72.0,0.0,31.3,29.0,-15.174541113710344,-27.375596833463096
2025-11-13 13:00:00,23.2,70.0,0.0,33.9,38.0,-20.870924013539806,-26.71356454726788
2025-11-13 14:00:00,23.3,72.0,0.0,27.3,27.0,-12.393940642889632,-24.32447811034244
2025-11-13 15:00:00,22.8,74.0,0.0,27.6,27.0,-12.530137792811496,-24.591780067598954
2025-11-13 16:00:00,22.2,75.0,0.0,26.9,26.0,-11.792183848626191,-24.177559845447586
2025-11-13 17:00:00,21.6,70.0,0.0,28.9,32.0,-15.314666736339625,-24.50858997892071
2025-11-13 18:00:00,21.1,72.0,0.0,29.0,30.0,-14.500000000000012,-25.114736709748712
2025-11-13 19:00:00,21.0,73.0,0.0,26.8,28.0,-12.581837882661873,-23.662995488619245
2025-11-13 20:00:00,20.9,81.0,0.2,24.8,23.0,-9.690131986533991,-22.82852036562052
2025-11-13 21:00:00,19.8,89.0,0.4,24.5,23.0,-9.57291264798721,-22.552368909584786
2025-11-13 22:00:00,19.4,91.0,0.1,25.7,26.0,-11.266138472479298,-23.099006989888586
2025-11-13 23:00:00,19.1,92.0,0.1,25.9,26.0,-11.353812701837112,-23.27876579914842
2025-11-14 00:00:00,18.9,92.0,0.0,25.9,28.0,-12.15931347615457,-22.86834265504621
2025-11-14 01:00:00,18.7,91.0,0.1,25.8,29.0,-12.508088202355491,-22.565188444196416
2025-11-14 02:00:00,18.6,92.0,0.0,23.8,25.0,-10.05831462942864,-21.570125331472273
2025-11-14 03:00:00,18.5,92.0,0.0,24.0,27.0,-10.895771993749126,-21.384156580520827
2025-11-14 04:00:00,18.3,92.0,0.0,22.5,27.0,-10.214786244139805,-20.047646794238275
2025-11-14 05:00:00,18.1,91.0,0.0,21.3,27.0,-9.66999764445235,-18.978438965212234
2025-11-14 06:00:00,18.0,89.0,0.0,20.8,34.0,-11.631212392191529,-17.24398150914487
2025-11-14 07:00:00,18.2,85.0,0.0,20.7,38.0,-12.744192539241121,-16.31182259965915
2025-11-14 08:00:00,20.0,78.0,0.0,18.7,30.0,-9.350000000000009,-16.194675050768996
2025-11-14 09:00:00,21.8,70.0,0.0,20.8,34.0,-11.631212392191529,-17.24398150914487
2025-11-14 10:00:00,23.2,63.0,0.0,20.9,34.0,-11.687131682538602,-17.326885266400375
2025-11-14 11:00:00,24.1,59.0,0.0,21.1,35.0,-12.102462807007079,-17.284108134497725
2025-11-14 12:00:00,24.8,56.0,0.0,20.1,33.0,-10.947244603802043,-16.857278415703025
2025-11-14 13:00:00,25.0,56.0,0.0,19.6,29.0,-9.502268556828202,-17.14254625993216
2025-11-14 14:00:00,25.2,55.0,0.0,18.9,28.0,-8.873012536653334,-16.68770950503372
2025-11-14 15:00:00,24.4,58.0,0.0,17.7,33.0,-9.640110919765977,-14.844469052634006
2025-11-14 16:00:00,23.0,62.0,0.0,16.2,27.0,-7.35464609578066,-14.434305691851558
2025-11-14 17:00:00,21.2,67.0,0.0,14.3,33.0,-7.788338200714886,-11.992989121619564
2025-11-14 18:00:00,20.1,71.0,0.0,12.8,42.0,-8.564871761393384,-9.512253766110648
2025-11-14 19:00:00,19.5,73.0,0.0,12.7,40.0,-8.163402643019051,-9.728764427611019
2025-11-14 20:00:00,19.7,76.0,0.0,13.9,39.0,-8.747553435592746,-10.80232886425189
2025-11-14 21:00:00,19.4,78.0,0.0,11.7,41.0,-7.6758906391889345,-8.830102088606433
2025-11-14 22:00:00,18.9,80.0,0.0,11.1,43.0,-7.570181796693734,-8.118026087972792
2025-11-14 23:00:00,18.5,82.0,0.0,9.9,46.0,-7.121464023352646,-6.877117867544074
2025-11-15 00:00:00,18.2,84.0,0.0,9.0,55.0,-7.372368398600926,-5.162187927159415
2025-11-15 01:00:00,17.8,84.0,0.0,5.4,75.0,-5.215999461960969,-1.3976228435536124
2025-11-15 02:00:00,17.0,87.0,0.0,2.2,99.0,-2.172914349309303,0.3441558230885082
2025-11-15 03:00:00,17.0,84.0,0.0,3.3,103.0,-3.215421213791276,0.7423384793347552
2025-11-15 04:00:00,17.0,84.0,0.0,4.8,61.0,-4.1981745942691,-2.327086177182417
2025-11-15 05:00:00,17.2,82.0,0.0,6.4,61.0,-5.597566125692134,-3.102781569576557
2025-11-15 06:00:00,16.9,82.0,0.0,6.3,66.0,-5.755336383148386,-2.5624408513775414
2025-11-15 07:00:00,17.9,79.0,0.0,9.4,48.0,-6.985561359487506,-6.289827699773268
2025-11-15 08:00:00,20.3,78.0,0.0,6.2,12.0,-1.2890524830701107,-6.064515124549595
2025-11-15 09:00:00,23.0,68.0,0.0,6.3,360.0,3.8576374173141627e-16,-6.3
2025-11-15 10:00:00,24.5,65.0,0.0,8.4,15.0,-2.1740799788611733,-8.113776940828174
2025-11-15 11:00:00,26.0,60.0,0.0,11.0,15.0,-2.847009496127727,-10.62518408917975
2025-11-15 12:00:00,26.5,57.0,0.0,13.3,13.0,-2.991849022773408,-12.959121861643627
2025-11-15 13:00:00,26.8,56.0,0.0,14.0,12.0,-2.910763671448637,-13.694066410273278
2025-11-15 14:00:00,26.1,59.0,0.0,13.9,1.0,-0.24258844947824063,-13.897882962673838
2025-11-15 15:00:00,25.4,61.0,0.0,13.5,12.0,-2.806807826039757,-13.204992609906375
2025-11-15 16:00:00,24.0,66.0,0.0,11.6,22.0,-4.3454364836245825,-10.755332712974733
2025-11-15 17:00:00,21.6,75.0,0.0,6.6,41.0,-4.329989591337347,-4.981083229470295
2025-11-15 18:00:00,19.6,84.0,0.0,4.8,65.0,-4.35027737777592,-2.0285676563553565
2025-11-15 19:00:00,19.0,85.0,0.0,3.7,101.0,-3.632020578756357,0.7059932828932164
2025-11-15 20:00:00,18.8,86.0,0.0,0.4,153.0,-0.18159619989581868,0.3564026096753472
2025-11-15 21:00:00,18.3,89.0,0.0,3.6,171.0,-0.5631640741448309,3.555678026142496
2025-11-15 22:00:00,17.2,91.0,0.0,5.0,167.0,-1.1247552717193252,4.871850323926176
2025-11-15 23:00:00,16.5,89.0,0.0,4.5,164.0,-1.2403681011764958,4.325677631722435
2025-11-16 00:00:00,16.0,88.0,0.0,3.3,167.0,-0.7423384793347546,3.2154212137912763
2025-11-16 01:00:00,15.7,88.0,0.0,3.3,171.0,-0.5162337346327617,3.2593715239639547
2025-11-16 02:00:00,15.4,91.0,0.0,2.8,153.0,-1.2711733992707306,2.49481826772743
2025-11-16 03:00:00,14.9,92.0,0.0,2.2,171.0,-0.34415582308850784,2.1729143493093033
2025-11-16 04:00:00,14.9,90.0,0.0,1.5,166.0,-0.36288284339950166,1.4554435894139948
2025-11-16 05:00:00,15.1,87.0,0.0,1.6,153.0,-0.7263847995832747,1.4256104387013888
2025-11-16 06:00:00,15.4,83.0,0.0,2.7,148.0,-1.430782013429653,2.2897298596223505
2025-11-16 07:00:00,16.9,79.0,0.0,3.6,150.0,-1.7999999999999992,3.1176914536239795
2025-11-16 08:00:00,21.0,74.0,0.0,4.0,10.0,-0.6945927106677213,-3.939231012048832
2025-11-16 09:00:00,23.6,66.0,0.0,4.5,14.0,-1.088648530198505,-4.366330768241984
2025-11-16 10:00:00,25.2,64.0,0.0,7.3,9.0,-1.1419715947936866,-7.210124886344505
2025-11-16 11:00:00,26.5,63.0,0.0,8.7,13.0,-1.9570741727916277,-8.477019563631545
2025-11-16 12:00:00,27.2,63.0,0.0,10.9,9.0,-1.7051356689385184,-10.765802912487
2025-11-16 13:00:00,27.0,64.0,0.0,13.0,6.0,-1.3588700224794936,-12.928784639787555
2025-11-16 14:00:00,26.7,65.0,0.0,12.9,8.0,-1.7953330023848493,-12.774458086766257
2025-11-16 15:00:00,26.1,69.0,0.0,12.1,10.0,-2.101142949769857,-11.916173811447717
2025-11-16 16:00:00,25.0,75.0,0.0,8.9,9.0,-1.3922667388580563,-8.790426231296726
2025-11-16 17:00:00,22.6,86.0,0.0,4.1,45.0,-2.8991378028648453,-2.8991378028648445
2025-11-16 18:00:00,21.1,87.0,0.0,2.2,125.0,-1.8021344974357822,1.2618681599723012
2025-11-16 19:00:00,20.5,87.0,0.0,2.3,141.0,-1.4474368994146256,1.7874357113510333
2025-11-16 20:00:00,20.4,91.0,0.0,2.8,165.0,-0.7246933262870583,2.7045923136093912
2025-11-16 21:00:00,20.0,91.0,0.0,4.1,167.0,-0.9222993228098465,3.9949172656194643
2025-11-16 22:00:00,19.6,87.0,0.0,3.9,164.0,-1.0749856876862962,3.7489206141594438
2025-11-16 23:00:00,18.5,89.0,0.0,6.2,165.0,-1.6046780796356293,5.9887401229922235
2025-11-17 00:00:00,17.9,90.0,0.0,7.2,168.0,-1.4969641738878674,7.042662725283401
2025-11-17 01:00:00,17.4,91.0,0.0,5.9,166.0,-1.42733918403804,5.7247447850283795
2025-11-17 02:00:00,16.4,93.0,0.0,4.8,151.0,-2.3270861771824176,4.1981745942691
2025-11-17 03:00:00,16.0,93.0,0.0,5.7,171.0,-0.8916764507293157,5.629823541392286
2025-11-17 04:00:00,16.0,94.0,0.0,5.2,166.0,-1.2579938571182725,5.045537776635181
2025-11-17 05:00:00,15.7,96.0,0.0,3.3,167.0,-0.7423384793347546,3.2154212137912763
2025-11-17 06:00:00,16.0,92.0,0.0,2.3,162.0,-0.7107390870623789,2.187429987478853
2025-11-17 07:00:00,17.3,88.0,0.0,1.8,169.0,-0.34345619167778063,1.7669289302057951
2025-11-17 08:00:00,21.6,82.0,0.0,4.5,344.0,1.2403681011764962,-4.325677631722435
2025-11-17 09:00:00,23.5,75.0,0.0,7.2,22.0,-2.6971674725945687,-6.675723752880868
2025-11-17 10:00:00,25.1,70.0,0.0,10.6,15.0,-2.7434818780867185,-10.238813758664124
2025-11-17 11:00:00,25.8,68.0,0.0,15.6,14.0,-3.7739815713548173,-15.136613329905545
2025-11-17 12:00:00,25.1,74.0,0.2,19.8,20.0,-6.771998837848238,-18.605913891560988
2025-11-17 13:00:00,24.9,76.0,0.1,19.9,21.0,-7.131522195951484,-18.578250487294312
2025-11-17 14:00:00,24.0,80.0,0.1,18.8,17.0,-5.496588048787458,-17.978529412105065
2025-11-17 15:00:00,23.1,82.0,0.2,20.5,24.0,-8.338101183053903,-18.72768188167332
2025-11-17 16:00:00,22.0,86.0,0.1,22.5,26.0,-9.86335080275425,-20.222866041731255
2025-11-17 17:00:00,20.6,91.0,0.1,22.8,27.0,-10.35098339406167,-20.314948751494786
2025-11-17 18:00:00,20.0,92.0,0.1,24.1,29.0,-11.683911847936718,-21.078334942059445
2025-11-17 19:00:00,19.5,93.0,0.0,25.4,29.0,-12.314164354256954,-22.215340561340657
2025-11-17 20:00:00,19.4,95.0,0.0,24.2,26.0,-10.608581752295681,-21.750815920439837
2025-11-17 21:00:00,19.2,94.0,0.0,26.6,26.0,-11.660672504589469,-23.907921631557837
2025-11-17 22:00:00,19.0,93.0,0.0,28.2,26.0,-12.362066339451992,-25.345992105636505
2025-11-17 23:00:00,18.9,93.0,0.0,28.8,25.0,-12.171405938132136,-26.101664266655522
2025-11-18 00:00:00,18.5,93.0,0.1,29.9,24.0,-12.161425627966421,-27.31500918351377
2025-11-18 01:00:00,18.1,93.0,0.1,29.6,24.0,-12.039404635043683,-27.04094554622099
2025-11-18 02:00:00,17.8,93.0,0.1,31.0,26.0,-13.58950555046141,-27.862615435274172
2025-11-18 03:00:00,17.6,92.0,0.0,31.0,27.0,-14.073705491925955,-27.621202249839403
2025-11-18 04:00:00,17.6,89.0,0.0,32.0,27.0,-14.527695991665501,-28.51220877402777
2025-11-18 05:00:00,17.8,87.0,0.0,32.4,27.0,-14.70929219156132,-28.868611383703115
2025-11-18 06:00:00,17.5,88.0,0.0,32.3,25.0,-13.650569854224582,-29.273741521283792
2025-11-18 07:00:00,17.4,88.0,0.0,31.3,24.0,-12.730856928272543,-28.593972824213413
2025-11-18 08:00:00,18.1,86.0,0.0,29.8,18.0,-9.208706432373438,-28.341484185595576
2025-11-18 09:00:00,18.3,84.0,0.0,33.4,20.0,-11.42347278707733,-31.38573353424934
2025-11-18 10:00:00,18.5,81.0,0.0,32.9,20.0,-11.252462715414495,-30.915887223856387
2025-11-18 11:00:00,19.0,77.0,0.0,34.8,21.0,-12.471204644176463,-32.48859884210261
2025-11-18 12:00:00,19.6,71.0,0.0,36.9,27.0,-16.75224944038928,-32.87814074255077
2025-11-18 13:00:00,18.8,74.0,0.0,38.6,28.0,-18.121602323535384,-34.081777084354584
2025-11-18 14:00:00,18.0,77.0,0.0,39.5,31.0,-20.34400395894715,-33.85810837773343
2025-11-18 15:00:00,17.5,77.0,0.0,37.4,31.0,-19.262424001636038,-32.058057046258995
2025-11-18 16:00:00,16.1,86.0,0.0,35.9,29.0,-17.404665366843492,-31.398847486304312
2025-11-18 17:00:00,15.4,89.0,0.0,32.7,25.0,-13.819617158920863,-29.63626463609846
2025-11-18 18:00:00,14.9,90.0,0.1,31.9,25.0,-13.481522549528302,-28.911218406469136
2025-11-18 19:00:00,14.6,93.0,1.0,30.2,26.0,-13.238808633030148,-27.143580198234837
2025-11-18 20:00:00,14.6,92.0,0.4,30.5,25.0,-12.889856983091324,-27.642387504617826
2025-11-18 21:00:00,14.4,93.0,1.2,28.9,21.0,-10.356833741859191,-26.980474325769126
2025-11-18 22:00:00,14.2,93.0,0.8,27.1,23.0,-10.588813582059322,-24.94568152856113
2025-11-18 23:00:00,14.2,92.0,0.0,26.3,24.0,-10.697173712893543,-24.026245536000406
2025-11-19 00:00:00,14.2,92.0,0.0,25.2,22.0,-9.440086154080989,-23.36503313508304
2025-11-19 01:00:00,13.8,92.0,0.0,25.8,23.0,-10.080863115023265,-23.74902521907296
2025-11-19 02:00:00,13.6,93.0,0.1,27.4,25.0,-11.579740371695156,-24.83283336480421
2025-11-19 03:00:00,13.3,94.0,0.4,28.4,27.0,-12.893330192603132,-25.304585286949642
2025-11-19 04:00:00,13.0,95.0,0.4,29.7,25.0,-12.551762373698764,-26.917341274988505
2025-11-19 05:00:00,12.8,95.0,0.5,29.6,27.0,-13.43811879229059,-26.373793115975687
2025-11-19 06:00:00,12.4,96.0,0.6,29.9,26.0,-13.107297288993424,-26.873941984345088
2025-11-19 07:00:00,12.2,96.0,0.6,28.1,29.0,-13.623150328922065,-24.57681377061703
2025-11-19 08:00:00,12.4,94.0,0.4,28.8,29.0,-13.9625170630945,-25.189047565614604
2025-11-19 09:00:00,13.1,90.0,0.2,28.1,31.0,-14.472569904972532,-24.08640114972935
2025-11-19 10:00:00,13.4,86.0,0.0,28.1,29.0,-13.623150328922065,-24.57681377061703
2025-11-19 11:00:00,15.0,76.0,0.0,28.1,30.0,-14.050000000000013,-24.335313846342718
2025-11-19 12:00:00,15.8,71.0,0.0,29.0,29.0,-14.059478987143768,-25.363971507042482
2025-11-19 13:00:00,15.8,71.0,0.0,30.1,31.0,-15.50264605479264,-25.800735751133576
2025-11-19 14:00:00,15.8,71.0,0.0,27.3,25.0,-11.537478545521088,-24.742202586100547
2025-11-19 15:00:00,15.1,73.0,0.0,26.7,25.0,-11.283907588476668,-24.198417913878554
2025-11-19 16:00:00,14.5,75.0,0.0,26.2,27.0,-11.894551093176128,-23.344370933735235
2025-11-19 17:00:00,13.5,80.0,0.0,24.6,29.0,-11.926316658059887,-21.515644795629143
2025-11-19 18:00:00,13.4,80.0,0.0,22.0,31.0,-11.330837648021198,-18.857680615446466
2025-11-19 19:00:00,12.9,84.0,0.0,22.1,27.0,-10.033190044243987,-19.69124418456293
2025-11-19 20:00:00,12.5,88.0,0.0,20.1,24.0,-8.175406525823583,-18.36226369861628
2025-11-19 21:00:00,13.1,84.0,0.0,21.1,29.0,-10.229482987197708,-18.454475820641257
2025-11-19 22:00:00,13.4,82.0,0.0,21.3,30.0,-10.65000000000001,-18.44634110060854
2025-11-19 23:00:00,13.7,79.0,0.0,21.8,31.0,-11.227830033039188,-18.686247155306045
2025-11-20 00:00:00,13.5,78.0,0.0,19.6,29.0,-9.502268556828202,-17.14254625993216
2025-11-20 01:00:00,13.2,78.0,0.0,18.3,33.0,-9.966894340774994,-15.34767139340126
2025-11-20 02:00:00,14.0,73.0,0.0,19.2,29.0,-9.308344708729667,-16.792698377076402
2025-11-20 03:00:00,13.9,73.0,0.0,19.7,28.0,-9.248589786882047,-17.39406757932086
2025-11-20 04:00:00,13.4,74.0,0.0,18.3,32.0,-9.697522535467652,-15.519280159662596
2025-11-20 05:00:00,13.4,74.0,0.0,17.5,32.0,-9.273587124081088,-14.840841682737453
2025-11-20 06:00:00,13.2,75.0,0.0,17.3,30.0,-8.650000000000007,-14.982239485470785
2025-11-20 07:00:00,13.6,77.0,0.0,16.2,29.0,-7.853915847990656,-14.168839255658215
2025-11-20 08:00:00,15.2,75.0,0.0,14.0,23.0,-5.470235798849833,-12.887067948334163
2025-11-20 09:00:00,17.5,67.0,0.0,17.8,26.0,-7.803006412845584,-15.99853402412517
2025-11-20 10:00:00,19.0,63.0,0.0,18.1,23.0,-7.072233425655857,-16.66113784748917
2025-11-20 11:00:00,20.2,59.0,0.0,18.4,26.0,-8.06602910091903,-16.53781045190467
2025-11-20 12:00:00,20.4,59.0,0.0,18.8,21.0,-6.737317451451654,-17.551312018147392
2025-11-20 13:00:00,20.1,59.0,0.0,18.0,25.0,-7.607128711332585,-16.3135401666597
2025-11-20 14:00:00,20.0,61.0,0.0,15.4,23.0,-6.017259378734817,-14.17577474316758
2025-11-20 15:00:00,20.0,61.0,0.0,15.3,25.0,-6.466059404632698,-13.866509141660746
2025-11-20 16:00:00,18.8,65.0,0.0,16.4,23.0,-6.40799050722409,-15.096279596620018
2025-11-20 17:00:00,17.1,69.0,0.0,14.9,31.0,-7.674067316159812,-12.771792780461471
2025-11-20 18:00:00,16.9,69.0,0.0,15.7,28.0,-7.3707035357384845,-13.862277207885153
2025-11-20 19:00:00,16.7,70.0,0.0,16.8,30.0,-8.400000000000007,-14.549226783578565
2025-11-20 20:00:00,16.5,76.0,0.0,10.3,35.0,-5.907837294415778,-8.437266056176615
2025-11-20 21:00:00,16.9,76.0,0.0,8.2,38.0,-5.048424097670396,-6.461688179575121
2025-11-20 22:00:00,16.6,78.0,0.0,10.5,37.0,-6.319057743096507,-8.385672855496574
2025-11-20 23:00:00,16.6,78.0,0.0,12.2,44.0,-8.474832119599766,-8.775945564131543
2025-11-21 00:00:00,16.6,79.0,0.0,13.2,30.0,-6.600000000000006,-11.431535329954587
2025-11-21 01:00:00,16.4,79.0,0.0,14.7,25.0,-6.212488447588277,-13.322724469438755
2025-11-21 02:00:00,16.9,79.0,0.0,12.7,15.0,-3.2870018728020116,-12.267257993871167
2025-11-21 03:00:00,17.1,79.0,0.0,12.3,34.0,-6.878072712690183,-10.197162142427015
2025-11-21 04:00:00,17.1,79.0,0.0,13.0,19.0,-4.232386007943036,-12.291741482791119
2025-11-21 05:00:00,16.9,79.0,0.0,16.0,27.0,-7.263847995832751,-14.256104387013885
2025-11-21 06:00:00,16.5,79.0,0.0,16.2,27.0,-7.35464609578066,-14.434305691851558
2025-11-21 07:00:00,16.6,80.0,0.0,15.0,33.0,-8.169585525225404,-12.58005851918136
2025-11-21 08:00:00,18.2,81.0,0.0,11.1,23.0,-4.3371155262309395,-10.217603873322087
2025-11-21 09:00:00,19.3,77.0,0.0,13.3,28.0,-6.243971785052348,-11.74320298502373
2025-11-21 10:00:00,21.4,69.0,0.0,16.1,20.0,-5.506524307543264,-15.129051194653128
2025-11-21 11:00:00,21.9,66.0,0.0,19.3,30.0,-9.65000000000001,-16.71429029303966
2025-11-21 12:00:00,22.3,63.0,0.0,20.9,25.0,-8.832721670380613,-18.941832749065984
2025-11-21 13:00:00,21.6,64.0,0.0,20.7,25.0,-8.748198018032472,-18.760571191658656
2025-11-21 14:00:00,22.6,64.0,0.0,19.5,23.0,-7.61925700554084,-17.949844642322585
2025-11-21 15:00:00,21.7,66.0,0.0,19.8,25.0,-8.367841582465843,-17.944894183325673
2025-11-21 16:00:00,19.9,72.0,0.0,19.4,26.0,-8.504400247708107,-17.436604498203835
2025-11-21 17:00:00,18.1,77.0,0.0,17.1,27.0,-7.763237545546253,-15.23621156362109
2025-11-21 18:00:00,17.5,78.0,0.0,15.3,30.0,-7.6500000000000075,-13.250188677901908
2025-11-21 19:00:00,17.0,80.0,0.0,17.0,32.0,-9.008627491964486,-14.41681763465924
2025-11-21 20:00:00,17.4,82.0,0.0,14.4,37.0,-8.666136333389495,-11.500351344681016
2025-11-21 21:00:00,17.1,82.0,0.0,11.9,31.0,-6.128953091429649,-10.200290878355135
2025-11-21 22:00:00,16.6,84.0,0.0,10.3,36.0,-6.0541880986124745,-8.332875042061959
2025-11-21 23:00:00,16.8,82.0,0.0,11.4,31.0,-5.871434053974621,-9.771707228004079
2025-11-22 00:00:00,16.9,80.0,0.0,10.2,37.0,-6.138513236150892,-8.146082202482386
2025-11-22 01:00:00,16.9,79.0,0.0,9.6,40.0,-6.170761052990779,-7.354026653942188
2025-11-22 02:00:00,15.6,85.0,0.0,5.8,39.0,-3.6500582680890594,-4.5074465764504295
2025-11-22 03:00:00,15.9,81.0,0.0,6.1,47.0,-4.46125757987694,-4.16018999638124
2025-11-22 04:00:00,15.8,81.0,0.0,6.6,47.0,-4.826934430686525,-4.501189176412489
2025-11-22 05:00:00,15.5,82.0,0.0,7.1,41.0,-4.658019105832602,-5.358438019581681
2025-11-22 06:00:00,15.5,82.0,0.0,7.7,51.0,-5.9840239032186755,-4.845767011083749
2025-11-22 07:00:00,16.3,79.0,0.0,7.2,55.0,-5.897894718880741,-4.129750341727532
2025-11-22 08:00:00,18.4,77.0,0.0,5.8,36.0,-3.409154463296345,-4.692298567374695
2025-11-22 09:00:00,20.9,69.0,0.0,5.7,35.0,-3.2693856872009643,-4.669166652447252
2025-11-22 10:00:00,22.5,64.0,0.0,7.5,21.0,-2.6877596215897555,-7.0018531987290125
2025-11-22 11:00:00,23.9,60.0,0.0,8.5,12.0,-1.767249371950958,-8.314254606237347
2025-11-22 12:00:00,24.5,58.0,0.0,11.1,7.0,-1.3527497117971337,-11.017262283218676
2025-11-22 13:00:00,24.5,58.0,0.0,12.5,15.0,-3.235238063781508,-12.074072828613353
2025-11-22 14:00:00,24.4,60.0,0.0,11.8,7.0,-1.4380582521807368,-11.7120445893676
2025-11-22 15:00:00,23.5,63.0,0.0,14.0,15.0,-3.6234666314352886,-13.522961568046956
2025-11-22 16:00:00,21.4,70.0,0.0,12.8,4.0,-0.8928828639248074,-12.768819843325751
2025-11-22 17:00:00,19.0,80.0,0.0,5.8,16.0,-1.5986966637385935,-5.57531783644225
2025-11-22 18:00:00,17.6,87.0,0.0,4.6,69.0,-4.294469961887128,-1.648492567908382
2025-11-22 19:00:00,17.3,87.0,0.0,4.8,68.0,-4.45048250192058,-1.7981116483963777
2025-11-22 20:00:00,17.2,86.0,0.0,0.6000000000000001,252.0,0.5706339097770922,0.18541019662496847
2025-11-22 21:00:00,17.0,86.0,0.0,0.6000000000000001,146.0,-0.33551574208244805,0.4974225435330251
2025-11-22 22:00:00,16.7,85.0,0.0,0.8,117.0,-0.7128052193506943,0.36319239979163753
2025-11-22 23:00:00,16.0,83.0,0.0,1.8,135.0,-1.2727922061357855,1.2727922061357857
2025-11-23 00:00:00,15.8,79.0,0.0,0.8,135.0,-0.565685424949238,0.5656854249492381
2025-11-23 01:00:00,15.4,75.0,0.0,1.8,135.0,-1.2727922061357855,1.2727922061357857
2025-11-23 02:00:00,15.6,75.0,0.0,0.4,153.0,-0.18159619989581868,0.3564026096753472
2025-11-23 03:00:00,16.1,69.0,0.0,0.0,270.0,0.0,0.0
2025-11-23 04:00:00,16.2,72.0,0.0,0.9,101.0,-0.8834644651028976,0.17172809583889048
2025-11-23 05:00:00,16.0,77.0,0.0,1.3,74.0,-1.2496402047198145,-0.3583285625620987
2025-11-23 06:00:00,15.6,78.0,0.0,2.8,63.0,-2.49481826772743,-1.2711733992707306
2025-11-23 07:00:00,16.7,75.0,0.0,4.9,54.0,-3.964183272437243,-2.880147736233118
2025-11-23 08:00:00,19.9,75.0,0.0,5.6,21.0,-2.006860517453684,-5.228050388384329
2025-11-23 09:00:00,22.8,64.0,0.0,5.6,6.0,-0.5853593942988587,-5.56932261406233
2025-11-23 10:00:00,24.8,63.0,0.0,8.9,354.0,0.9303033230821158,-8.851244868777632
2025-11-23 11:00:00,25.5,66.0,0.0,10.3,354.0,1.0766431716568308,-10.243575522293215
2025-11-23 12:00:00,26.1,65.0,0.0,10.9,351.0,1.705135668938517,-10.765802912487002
2025-11-23 13:00:00,25.5,68.0,0.0,13.1,348.0,2.723643149712649,-12.813733569612852
2025-11-23 14:00:00,24.5,73.0,0.0,12.7,347.0,2.8568783901670844,-12.374499822772487
2025-11-23 15:00:00,24.0,76.0,0.0,11.9,357.0,0.6227978792910333,-11.88369146357943
2025-11-23 16:00:00,23.1,80.0,0.0,11.2,356.0,0.7812725059342026,-11.17271736291003
2025-11-23 17:00:00,21.1,88.0,0.0,9.7,12.0,-2.01674340093227,-9.488031727117914
2025-11-23 18:00:00,19.6,92.0,0.0,8.4,53.0,-6.70853828439726,-5.055246194477206
2025-11-23 19:00:00,18.8,89.0,0.0,7.3,74.0,-7.017210380349728,-2.0121526974640926
2025-11-23 20:00:00,18.6,84.0,0.0,5.6,69.0,-5.22805038838433,-2.006860517453682
2025-11-23 21:00:00,18.7,76.0,0.0,3.4,84.0,-3.381374444252129,-0.3553967751100219
2025-11-23 22:00:00,18.5,73.0,0.0,3.6,84.0,-3.580278823325784,-0.3763024677635526
2025-11-23 23:00:00,17.8,71.0,0.0,3.4,96.0,-3.381374444252129,0.3553967751100227
2025-11-24 00:00:00,17.3,67.0,0.0,1.9,124.0,-1.575171387854579,1.0624665165944192
2025-11-24 01:00:00,16.5,61.0,0.0,2.9,173.0,-0.35342109587492737,2.878383839759834
2025-11-24 02:00:00,17.6,61.0,0.0,7.7,191.0,1.4692292643993958,7.558529312547013
2025-11-24 03:00:00,18.1,73.0,0.0,7.8,202.0,2.9219314286441134,7.232034065620942
2025-11-24 04:00:00,17.1,87.0,0.0,5.6,201.0,2.006860517453682,5.22805038838433
2025-11-24 05:00:00,16.5,82.0,0.0,4.7,173.0,-0.5727859140041927,4.664966912714214
2025-11-24 06:00:00,16.5,76.0,0.0,4.6,167.0,-1.034774849981779,4.482102298012082
2025-11-24 07:00:00,17.4,69.0,0.0,3.6,150.0,-1.7999999999999992,3.1176914536239795
2025-11-24 08:00:00,21.0,70.0,0.0,2.7,298.0,2.383958500719103,-1.2675732195219052
2025-11-24 09:00:00,23.0,69.0,0.0,5.3,278.0,5.248420764330323,-0.7376174350883468
2025-11-24 10:00:00,23.9,70.0,0.0,7.1,294.0,6.486172749262466,-2.8878301658381815
2025-11-24 11:00:00,24.5,70.0,0.0,6.7,308.0,5.279672049165037,-4.124931884681911
2025-11-24 12:00:00,25.1,69.0,0.0,7.7,321.0,4.8457670110837485,-5.984023903218676
2025-11-24 13:00:00,25.1,69.0,0.0,9.4,342.0,2.904759747124506,-8.939931253174443
2025-11-24 14:00:00,24.5,72.0,0.0,9.3,342.0,2.8738580476870115,-8.844825601544928
2025-11-24 15:00:00,24.2,74.0,0.0,12.4,358.0,0.4327537591110134,-12.392446255036788
2025-11-24 16:00:00,22.5,85.0,0.0,12.0,9.0,-1.8772135804827723,-11.852260087141651
2025-11-24 17:00:00,20.7,94.0,0.0,8.0,5.0,-0.697245941981266,-7.969557584733964
2025-11-24 18:00:00,19.1,98.0,0.0,4.4,60.0,-3.81051177665153,-2.2000000000000006
2025-11-24 19:00:00,19.4,96.0,0.0,3.9,62.0,-3.443495612149815,-1.8309390948649744
2025-11-24 20:00:00,18.8,98.0,0.0,4.1,23.0,-1.6019976268060225,-3.7740698991550046
2025-11-24 21:00:00,19.5,95.0,0.0,8.0,27.0,-3.6319239979163753,-7.128052193506942
2025-11-24 22:00:00,19.1,97.0,0.0,10.7,25.0,-4.522015400625481,-9.697493321292155
2025-11-24 23:00:00,18.6,97.0,0.0,12.4,21.0,-4.443762574361729,-11.5763972885653
2025-11-25 00:00:00,18.1,100.0,0.0,15.1,20.0,-5.164504164217595,-14.189358573867217
2025-11-25 01:00:00,17.8,98.0,0.2,16.2,23.0,-6.329844281526236,-14.912178625929531
2025-11-25 02:00:00,18.7,89.0,0.0,16.5,34.0,-9.226682907267318,-13.67911994715819
2025-11-25 03:00:00,18.6,87.0,0.0,18.0,26.0,-7.8906806422033995,-16.178292833385
2025-11-25 04:00:00,18.4,88.0,0.0,20.6,32.0,-10.916336843204023,-17.469790780822375
2025-11-25 05:00:00,18.2,85.0,0.0,22.2,29.0,-10.762773569468678,-19.41655749849459
2025-11-25 06:00:00,17.6,83.0,0.0,24.3,30.0,-12.150000000000011,-21.044417311961855
2025-11-25 07:00:00,17.7,73.0,0.0,25.7,32.0,-13.618925090793368,-21.794836071220146
2025-11-25 08:00:00,18.2,67.0,0.0,25.2,30.0,-12.60000000000001,-21.823840175367845
2025-11-25 09:00:00,19.5,57.0,0.0,28.7,28.0,-13.473833851955064,-25.340595915051203
2025-11-25 10:00:00,20.3,53.0,0.0,29.9,29.0,-14.49580764536547,-26.15112924346794
2025-11-25 11:00:00,21.1,50.0,0.0,30.1,29.0,-14.59276956941474,-26.32605318489582
2025-11-25 12:00:00,21.4,50.0,0.0,30.4,28.0,-14.271935508691078,-26.84160682291138
2025-11-25 13:00:00,21.2,50.0,0.0,30.1,30.0,-15.050000000000015,-26.067364653911596
2025-11-25 14:00:00,21.0,50.0,0.0,28.9,31.0,-14.884600364900574,-24.77213499029104
2025-11-25 15:00:00,20.2,53.0,0.0,29.2,28.0,-13.70856963334801,-25.782069711480666
2025-11-25 16:00:00,18.5,60.0,0.0,26.3,24.0,-10.697173712893543,-24.026245536000406
2025-11-25 17:00:00,16.7,66.0,0.0,24.2,27.0,-10.986570093697035,-21.562357885358498
2025-11-25 18:00:00,15.9,69.0,0.0,23.9,29.0,-11.586949923887449,-20.90341100063156
2025-11-25 19:00:00,15.5,70.0,0.0,23.0,32.0,-12.188143077363716,-19.5051062115978
2025-11-25 20:00:00,15.6,68.0,0.0,20.3,32.0,-10.757361063934063,-17.215376351975447
2025-11-25 21:00:00,15.6,69.0,0.0,18.0,33.0,-9.803502630270486,-15.096070223017634
2025-11-25 22:00:00,15.3,69.0,0.0,16.9,31.0,-8.70414346597992,-14.486127381865693
2025-11-25 23:00:00,15.1,69.0,0.0,16.3,31.0,-8.395120621033888,-13.971827001444428
2025-11-26 00:00:00,14.9,70.0,0.0,15.5,32.0,-8.213748595614678,-13.144745490424603
2025-11-26 01:00:00,14.5,72.0,0.0,14.5,36.0,-8.522886158240862,-11.730746418436736
2025-11-26 02:00:00,15.1,70.0,0.0,11.7,38.0,-7.203239261310199,-9.219725817198649
2025-11-26 03:00:00,14.9,71.0,0.0,12.2,34.0,-6.822153422343108,-10.11425838517151
2025-11-26 04:00:00,14.4,73.0,0.0,11.1,44.0,-7.710707912094869,-7.984671783759028
2025-11-26 05:00:00,14.3,73.0,0.0,10.2,45.0,-7.212489168102786,-7.212489168102784
2025-11-26 06:00:00,14.4,71.0,0.0,9.6,49.0,-7.245211970138612,-6.298166678308868
2025-11-26 07:00:00,14.8,72.0,0.0,8.3,60.0,-7.188010851410841,-4.150000000000001
2025-11-26 08:00:00,17.2,66.0,0.0,7.4,7.0,-0.9018331411980891,-7.344841522145784
2025-11-26 09:00:00,19.3,62.0,0.0,9.4,24.0,-3.823324444912521,-8.58732730184045
2025-11-26 10:00:00,21.2,56.0,0.0,11.0,26.0,-4.822082614679855,-9.886734509290836
2025-11-26 11:00:00,22.3,52.0,0.0,13.1,23.0,-5.118577783209487,-12.058613580226966
2025-11-26 12:00:00,22.8,51.0,0.0,14.1,22.0,-5.281952967164363,-13.0732923493917
2025-11-26 13:00:00,22.9,51.0,0.0,15.8,19.0,-5.1439768404230755,-14.939193494469206
2025-11-26 14:00:00,22.7,52.0,0.0,14.2,13.0,-3.1943049716828864,-13.836054919950339
2025-11-26 15:00:00,22.0,55.0,0.0,11.4,13.0,-2.564442019520064,-11.10781873855168
2025-11-26 16:00:00,20.2,61.0,0.0,8.6,20.0,-2.9413732326007493,-8.081356538758811
2025-11-26 17:00:00,18.0,72.0,0.0,0.5,270.0,0.5,0.0
2025-11-26 18:00:00,16.5,76.0,0.0,1.3,188.0,0.18092503124808512,1.2873484893640414
2025-11-26 19:00:00,15.9,81.0,0.0,2.0,170.0,-0.3472963553338606,1.969615506024416
2025-11-26 20:00:00,15.1,82.0,0.0,2.2,138.0,-1.4720873339894882,1.6349186160502676
2025-11-26 21:00:00,15.8,82.0,0.0,3.2,164.0,-0.882039538614397,3.0760374270026207
2025-11-26 22:00:00,15.8,82.0,0.0,3.2,161.0,-1.0418180942629014,3.025659441917814
2025-11-26 23:00:00,15.4,83.0,0.0,1.6,153.0,-0.7263847995832747,1.4256104387013888
2025-11-27 00:00:00,16.1,76.0,0.0,1.2,129.0,-0.9325751537483651,0.7551844692598049
2025-11-27 01:00:00,15.8,77.0,0.0,2.5,82.0,-2.475670171853926,-0.3479327524001638
2025-11-27 02:00:00,14.9,76.0,0.0,5.0,49.0,-3.7735479011138606,-3.280295144952535
2025-11-27 03:00:00,14.6,76.0,0.0,7.2,39.0,-4.531106815558832,-5.595450922490188
2025-11-27 04:00:00,15.1,75.0,0.0,12.5,37.0,-7.522687789400603,-9.982943875591161
2025-11-27 05:00:00,15.6,75.0,0.0,18.3,28.0,-8.591329598981801,-16.157940949318366
2025-11-27 06:00:00,15.6,80.0,0.0,19.3,24.0,-7.8500172113629425,-17.6314273325022
2025-11-27 07:00:00,16.1,79.0,0.0,22.0,26.0,-9.64416522935971,-19.77346901858167
2025-11-27 08:00:00,17.8,73.0,0.0,24.9,20.0,-8.516301568809146,-23.39834625756912
2025-11-27 09:00:00,18.8,67.0,0.0,29.9,27.0,-13.574315942212452,-26.641095073232197
2025-11-27 10:00:00,19.0,66.0,0.0,29.0,26.0,-12.712763256883255,-26.065027342675837
2025-11-27 11:00:00,20.2,61.0,0.0,29.0,28.0,-13.614675320790832,-25.60548019290888
2025-11-27 12:00:00,20.8,57.0,0.0,27.2,27.0,-12.348541592915677,-24.235377457923605
2025-11-27 13:00:00,20.0,56.0,0.0,25.8,25.0,-10.903551152910039,-23.38274090554557
2025-11-27 14:00:00,19.6,55.0,0.0,24.6,27.0,-11.168166293592854,-21.918760495033847
2025-11-27 15:00:00,18.8,55.0,0.0,22.1,27.0,-10.033190044243987,-19.69124418456293
2025-11-27 16:00:00,17.9,58.0,0.0,19.8,24.0,-8.053385532900842,-18.0882000613235
2025-11-27 17:00:00,17.1,60.0,0.0,19.2,28.0,-9.013854005489103,-16.952593782891398
2025-11-27 18:00:00,16.8,62.0,0.0,19.4,26.0,-8.504400247708107,-17.436604498203835
2025-11-27 19:00:00,16.2,66.0,0.0,20.5,29.0,-9.938597215049905,-17.929703996357617
2025-11-27 20:00:00,16.6,65.0,0.0,18.2,25.0,-7.691652363680724,-16.49480172406703
2025-11-27 21:00:00,16.3,65.0,0.0,16.0,27.0,-7.263847995832751,-14.256104387013885
2025-11-27 22:00:00,16.1,67.0,0.0,16.1,29.0,-7.805434885966024,-14.081377284944276
2025-11-27 23:00:00,16.1,67.0,0.0,14.4,28.0,-6.760390504116827,-12.714445337168549
2025-11-28 00:00:00,16.0,67.0,0.0,14.0,22.0,-5.244492307822772,-12.980573963935022
2025-11-28 01:00:00,15.7,69.0,0.0,13.0,26.0,-5.69882490825801,-11.684322601889168
2025-11-28 02:00:00,16.1,66.0,0.0,15.3,21.0,-5.483029628043101,-14.283780525407186
2025-11-28 03:00:00,15.8,68.0,0.0,15.8,30.0,-7.9000000000000075,-13.683201379794127
2025-11-28 04:00:00,15.5,68.0,0.0,16.1,34.0,-9.00300574587902,-13.347504918136176
2025-11-28 05:00:00,15.4,68.0,0.1,17.4,31.0,-8.961662503434948,-14.914711032216749
2025-11-28 06:00:00,15.1,70.0,0.0,16.3,33.0,-8.87761627074494,-13.670330257510413
2025-11-28 07:00:00,15.1,71.0,0.0,16.6,32.0,-8.796659786271205,-14.077598396196672
2025-11-28 08:00:00,16.1,72.0,0.0,10.0,28.0,-4.6947156278589075,-8.82947592858927
2025-11-28 09:00:00,18.1,68.0,0.0,11.1,32.0,-5.882103832988576,-9.413333867336327
2025-11-28 10:00:00,18.6,64.0,0.0,12.0,21.0,-4.3004153945436085,-11.20296511796642
2025-11-28 11:00:00,20.1,58.0,0.0,12.9,25.0,-5.451775576455019,-11.691370452772786
2025-11-28 12:00:00,21.2,54.0,0.0,13.4,22.0,-5.0197283517732245,-12.42426365119495
2025-11-28 13:00:00,21.2,53.0,0.0,13.8,20.0,-4.719877977894226,-12.967758166845536
2025-11-28 14:00:00,20.7,57.0,0.0,11.2,11.0,-2.1370607482172996,-10.994224454613835
2025-11-28 15:00:00,20.8,57.0,0.0,7.7,1.0,-0.13438352956708294,-7.698827252704213
2025-11-28 16:00:00,19.3,65.0,0.0,6.7,6.0,-0.7003407038932775,-6.663296698967432
2025-11-28 17:00:00,16.9,75.0,0.0,4.2,31.0,-2.163159914622229,-3.600102662948871
2025-11-28 18:00:00,17.1,75.0,0.0,2.0,90.0,-2.0,2.4492935982947064e-16
2025-11-28 19:00:00,15.9,78.0,0.0,2.4,117.0,-2.138415658052083,1.0895771993749124
2025-11-28 20:00:00,16.0,83.0,0.0,1.2,207.0,0.5447885996874562,1.0692078290260414
2025-11-28 21:00:00,15.9,81.0,0.0,2.1,160.0,-0.7182423009839043,1.9733545036504079
2025-11-28 22:00:00,15.1,84.0,0.0,2.3,151.0,-1.115062126566575,2.01162532642061
2025-11-28 23:00:00,14.9,82.0,0.0,1.5,173.0,-0.18280401510772104,1.4888192274619831
2025-11-29 00:00:00,14.9,81.0,0.0,1.3,164.0,-0.3583285625620988,1.2496402047198145
2025-11-29 01:00:00,14.6,80.0,0.0,1.4,157.0,-0.5470235798849833,1.2887067948334163
2025-11-29 02:00:00,14.4,82.0,0.0,3.6,153.0,-1.6343657990623681,3.2076234870781244
2025-11-29 03:00:00,15.0,77.0,0.0,2.8,162.0,-0.8652475842498525,2.66295824562643
2025-11-29 04:00:00,14.7,79.0,0.0,3.3,174.0,-0.3449439287832567,3.2819222547153015
2025-11-29 05:00:00,15.1,77.0,0.0,4.8,165.0,-1.2423314164921,4.636443966187528
2025-11-29 06:00:00,14.0,79.0,0.0,2.2,145.0,-1.2618681599723016,1.8021344974357818
2025-11-29 07:00:00,14.9,76.0,0.0,1.5,135.0,-1.0606601717798212,1.0606601717798214
2025-11-29 08:00:00,18.0,73.0,0.0,2.4,42.0,-1.6059134552612595,-1.7835475811457464
2025-11-29 09:00:00,20.3,67.0,0.0,3.6,360.0,2.2043642384652358e-16,-3.6
2025-11-29 10:00:00,22.2,62.0,0.0,4.9,354.0,0.512189470011502,-4.873157287304539
2025-11-29 11:00:00,23.5,58.0,0.0,6.5,341.0,2.116193003971519,-6.145870741395559
2025-11-29 12:00:00,24.2,56.0,0.0,8.0,332.0,3.755772502287127,-7.063580742871415
2025-11-29 13:00:00,24.5,55.0,0.0,8.9,322.0,5.479387130398359,-7.013295707099826
2025-11-29 14:00:00,23.6,59.0,0.0,7.9,319.0,5.182866329025008,-5.962205683759899
2025-11-29 15:00:00,22.6,65.0,0.0,10.1,336.0,4.108040095065582,-9.226809122190268
2025-11-29 16:00:00,21.1,75.0,0.0,7.8,351.0,1.220188827313801,-7.703969056642075
2025-11-29 17:00:00,18.6,87.0,0.0,1.6,360.0,9.797174393178826e-17,-1.6
2025-11-29 18:00:00,17.2,90.0,0.0,1.8,127.0,-1.4375439180851273,1.0832670416736867
2025-11-29 19:00:00,16.8,89.0,0.0,2.4,138.0,-1.6059134552612597,1.7835475811457462
2025-11-29 20:00:00,16.7,93.0,0.0,4.9,163.0,-1.4326213531414098,4.685893304218874
2025-11-29 21:00:00,16.1,92.0,0.0,4.1,151.0,-1.9877194430099816,3.5859407992715226
2025-11-29 22:00:00,16.2,87.0,0.0,2.2,145.0,-1.2618681599723016,1.8021344974357818
2025-11-29 23:00:00,15.9,85.0,0.0,1.2,141.0,-0.7551844692598048,0.9325751537483652
2025-11-30 00:00:00,14.6,88.0,0.0,1.3,146.0,-0.7269507745119708,1.0777488443215544
2025-11-30 01:00:00,12.9,91.0,0.0,1.8,143.0,-1.0832670416736871,1.4375439180851268
2025-11-30 02:00:00,11.8,88.0,0.0,2.3,129.0,-1.7874357113510329,1.4474368994146258
2025-11-30 03:00:00,11.4,83.0,0.0,3.9,137.0,-2.6597936042437436,2.852279436314765
2025-11-30 04:00:00,11.4,77.0,0.0,1.4,140.0,-0.8999026535611551,1.0724622203665692
2025-11-30 05:00:00,11.3,71.0,0.0,3.0,142.0,-1.846984425976975,2.3640322608201663
2025-11-30 06:00:00,10.9,68.0,0.0,2.4,144.0,-1.4106846055019353,1.9416407864998737
2025-11-30 07:00:00,12.1,65.0,0.0,3.2,146.0,-1.7894172911063895,2.652920232176134
2025-11-30 08:00:00,17.8,73.0,0.0,2.7,132.0,-2.006491028788964,1.8066526371689176
2025-11-30 09:00:00,22.1,55.0,0.0,2.3,337.0,0.8986815955253294,-2.117161162940613
2025-11-30 10:00:00,23.9,54.0,0.0,3.7,337.0,1.4457051754103127,-3.4058679577740296
2025-11-30 11:00:00,25.3,53.0,0.0,4.5,331.0,2.181643291108517,-3.935788682127281
2025-11-30 12:00:00,25.1,59.0,0.0,6.1,326.0,3.4110767111715554,-5.057129192585754
2025-11-30 13:00:00,24.0,66.0,0.1,8.6,306.0,6.957546151624547,-5.054953169715269
2025-11-30 14:00:00,22.9,68.0,2.0,5.3,8.0,-0.7376174350883489,-5.248420764330322
2025-11-30 15:00:00,22.0,78.0,1.6,7.1,336.0,2.8878301658381815,-6.486172749262466
2025-11-30 16:00:00,20.4,88.0,1.3,5.2,49.0,-3.924489817158415,-3.4115069507506366
2025-11-30 17:00:00,19.7,95.0,1.0,7.9,66.0,-7.217009115376547,-3.2132194802988217
2025-11-30 18:00:00,19.2,97.0,0.0,4.7,122.0,-3.9858260519352022,2.490620541896063
2025-11-30 19:00:00,18.6,98.0,0.0,0.8,135.0,-0.565685424949238,0.5656854249492381
2025-11-30 20:00:00,19.1,89.0,0.0,1.2,333.0,0.5447885996874562,-1.0692078290260414
2025-11-30 21:00:00,18.7,87.0,0.0,1.3,90.0,-1.3,1.5920408388915593e-16
2025-11-30 22:00:00,18.5,89.0,0.0,3.9,77.0,-3.8000432526624173,-0.8773091119410734
2025-11-30 23:00:00,17.4,89.0,0.0,3.3,81.0,-3.2593715239639547,-0.5162337346327613
2025-12-01 00:00:00,17.1,89.0,0.0,3.5,78.0,-3.4235166025683195,-0.7276909178621582
2025-12-01 01:00:00,17.5,91.0,0.0,4.3,22.0,-1.6108083516884228,-3.986890574637185
2025-12-01 02:00:00,17.7,97.0,2.3,10.9,66.0,-9.95764548830435,-4.433429409526222
2025-12-01 03:00:00,17.5,98.0,0.0,6.6,49.0,-4.981083229470296,-4.3299895913373465
2025-12-01 04:00:00,17.7,97.0,0.0,8.0,84.0,-7.956175162946186,-0.836227706141228
2025-12-01 05:00:00,17.7,98.0,2.5,8.5,55.0,-6.96279237645643,-4.875399708983893
2025-12-01 06:00:00,17.9,99.0,5.3,8.0,25.0,-3.3809460939255933,-7.2504622962932
2025-12-01 07:00:00,17.9,99.0,4.8,6.4,32.0,-3.3914832910925123,-5.4275078154011265
2025-12-01 08:00:00,18.1,99.0,3.8,3.5,35.0,-2.0075175272286625,-2.8670321550114704
2025-12-01 09:00:00,19.5,94.0,0.8,5.4,86.0,-5.386845871403051,-0.3766849582182765
2025-12-01 10:00:00,22.6,83.0,0.0,3.4,357.0,0.17794225122600948,-3.395340418165551
2025-12-01 11:00:00,22.4,80.0,0.0,10.1,2.0,-0.35248491669525767,-10.093847352892867
2025-12-01 12:00:00,23.7,71.0,0.0,11.9,360.0,7.286648454926752e-16,-11.9
2025-12-01 13:00:00,24.1,68.0,0.0,12.3,5.0,-1.0720156357961965,-12.253194786528471
2025-12-01 14:00:00,24.3,68.0,0.0,14.0,12.0,-2.910763671448637,-13.694066410273278
2025-12-01 15:00:00,24.5,69.0,0.0,14.8,16.0,-4.079432866091584,-14.226673099887122
2025-12-01 16:00:00,23.0,73.0,0.0,14.5,11.0,-2.7667304329598967,-14.233594159991128
2025-12-01 17:00:00,21.0,83.0,0.0,12.1,23.0,-4.727846654720214,-11.138108726774528
2025-12-01 18:00:00,19.2,94.0,0.0,10.5,41.0,-6.888619804400326,-7.924450592339106
2025-12-01 19:00:00,18.8,95.0,0.0,9.4,58.0,-7.971652103870405,-4.981241083792125
2025-12-01 20:00:00,18.8,90.0,0.0,4.2,59.0,-3.600102662948872,-2.1631599146222276
2025-12-01 21:00:00,18.7,86.0,0.0,3.0,104.0,-2.9108871788279895,0.7257656867990032
2025-12-01 22:00:00,18.5,82.0,0.0,2.3,108.0,-2.1874299874788528,0.7107390870623792
2025-12-01 23:00:00,18.5,79.0,0.0,2.2,90.0,-2.2,2.6942229581241775e-16
2025-12-02 00:00:00,18.3,80.0,0.0,2.2,81.0,-2.1729143493093033,-0.3441558230885076
2025-12-02 01:00:00,17.8,81.0,0.0,2.0,95.0,-1.992389396183491,0.1743114854953164
2025-12-02 02:00:00,17.8,84.0,0.0,1.7000000000000002,103.0,-1.6564291101348998,0.3824167923845709
2025-12-02 03:00:00,18.2,87.0,0.0,4.8,70.0,-4.51052457977236,-1.6416966879632096
2025-12-02 04:00:00,18.2,87.0,0.0,9.1,56.0,-7.54424191025088,-5.088655421583795
2025-12-02 05:00:00,18.3,88.0,0.0,10.7,44.0,-7.43284456391127,-7.696935863623567
2025-12-02 06:00:00,18.4,92.0,0.0,12.1,38.0,-7.449503851440462,-9.534930118641338
2025-12-02 07:00:00,17.9,95.0,0.0,11.2,48.0,-8.323222045346816,-7.494262791219212
2025-12-02 08:00:00,21.0,82.0,0.0,8.6,41.0,-5.642107649318362,-6.490502389915839
2025-12-02 09:00:00,23.5,74.0,0.0,10.2,21.0,-3.655353085362067,-9.522520350271456
2025-12-02 10:00:00,25.0,70.0,0.0,11.8,16.0,-3.252520798640587,-11.342888012072166
2025-12-02 11:00:00,26.2,63.0,0.0,11.8,12.0,-2.453357951649566,-11.542141688658907
2025-12-02 12:00:00,25.9,65.0,0.0,15.2,356.0,1.0602984009107035,-15.162973563949327
2025-12-02 13:00:00,24.9,70.0,0.0,17.6,359.0,0.30716235329619135,-17.59731943475249
2025-12-02 14:00:00,24.2,72.0,0.0,15.7,3.0,-0.8216745130142256,-15.678483695646808
2025-12-02 15:00:00,23.5,73.0,0.0,18.4,12.0,-3.82557511104678,-17.997915853502022
2025-12-02 16:00:00,22.3,75.0,0.0,17.6,22.0,-6.593076044120057,-16.318435840375457
2025-12-02 17:00:00,20.8,79.0,0.0,15.5,33.0,-8.441905042732918,-12.999393803154073
2025-12-02 18:00:00,19.4,85.0,0.0,13.9,39.0,-8.747553435592746,-10.80232886425189
2025-12-02 19:00:00,18.6,87.0,0.0,13.0,45.0,-9.19238815542512,-9.192388155425117
2025-12-02 20:00:00,18.9,87.0,0.0,12.8,48.0,-9.512253766110646,-8.564871761393386
2025-12-02 21:00:00,18.4,87.0,0.0,10.7,53.0,-8.545399957506033,-6.439420747726917
2025-12-02 22:00:00,17.7,88.0,0.0,10.3,54.0,-8.33287504206196,-6.054188098612473
2025-12-02 23:00:00,17.5,88.0,0.0,11.8,46.0,-8.488209643996083,-8.19696877141617
2025-12-03 00:00:00,17.4,89.0,0.0,12.6,42.0,-8.431045640121612,-9.363624801015169
2025-12-03 01:00:00,18.2,86.0,0.0,15.7,31.0,-8.086097776087856,-13.45752662102316
2025-12-03 02:00:00,18.0,88.0,0.0,17.1,28.0,-8.027963723638733,-15.098403837887652
2025-12-03 03:00:00,17.9,86.0,0.0,19.1,24.0,-7.7686698827477825,-17.44871824097368
2025-12-03 04:00:00,17.1,89.0,0.0,20.1,23.0,-7.853695682634404,-18.50214755439405
2025-12-03 05:00:00,16.9,90.0,0.1,22.4,37.0,-13.48065651860588,-17.889435425059357
2025-12-03 06:00:00,16.9,89.0,0.0,22.2,24.0,-9.029553476282763,-20.28070915966574
2025-12-03 07:00:00,16.5,90.0,0.1,23.1,29.0,-11.199102227690382,-20.203715234920047
2025-12-03 08:00:00,16.6,86.0,0.1,23.8,25.0,-10.05831462942864,-21.570125331472273
2025-12-03 09:00:00,16.5,86.0,0.1,24.9,26.0,-10.915441555048035,-22.37997175284925
2025-12-03 10:00:00,16.6,87.0,0.2,25.5,29.0,-12.36264531628159,-22.302802532054596
2025-12-03 11:00:00,16.9,85.0,0.2,25.1,25.0,-10.60771836969155,-22.748325454619916
2025-12-03 12:00:00,16.8,82.0,0.2,25.0,28.0,-11.73678906964727,-22.073689821473174
2025-12-03 13:00:00,16.8,77.0,0.0,25.8,27.0,-11.71295489328031,-22.98796832405989
2025-12-03 14:00:00,16.3,73.0,0.0,27.4,30.0,-13.700000000000012,-23.72909606369361
2025-12-03 15:00:00,16.2,70.0,0.0,27.7,28.0,-13.004362289169173,-24.457648322192277
2025-12-03 16:00:00,16.0,68.0,0.0,28.3,28.0,-13.28604522684071,-24.987416877907634
2025-12-03 17:00:00,15.2,70.0,0.0,27.6,29.0,-13.380745518798898,-24.13950391704733
2025-12-03 18:00:00,14.7,74.0,0.0,28.0,31.0,-14.421066097481525,-24.000684419659137
2025-12-03 19:00:00,14.6,75.0,0.0,28.8,29.0,-13.9625170630945,-25.189047565614604
2025-12-03 20:00:00,14.6,73.0,0.0,27.8,29.0,-13.477707442848164,-24.31442785847521
2025-12-03 21:00:00,14.4,73.0,0.0,28.0,29.0,-13.574669366897432,-24.489351799903087
2025-12-03 22:00:00,14.1,76.0,0.0,27.1,30.0,-13.550000000000013,-23.46928844255828
2025-12-03 23:00:00,14.1,75.0,0.0,25.5,29.0,-12.36264531628159,-22.302802532054596
2025-12-04 00:00:00,13.7,75.0,0.0,24.5,30.0,-12.25000000000001,-21.21762239271874
2025-12-04 01:00:00,13.1,75.0,0.0,22.6,29.0,-10.956697417567213,-19.76640538135035
2025-12-04 02:00:00,12.9,74.0,0.0,19.6,27.0,-8.89821379489512,-17.46372787409201
2025-12-04 03:00:00,12.8,72.0,0.0,18.1,30.0,-9.05000000000001,-15.675059808498336
2025-12-04 04:00:00,12.6,71.0,0.0,16.5,32.0,-8.743667859847882,-13.992793586581028
2025-12-04 05:00:00,12.6,71.0,0.0,15.5,33.0,-8.441905042732918,-12.999393803154073
2025-12-04 06:00:00,12.6,71.0,0.0,14.0,37.0,-8.425410324128675,-11.1808971406621
2025-12-04 07:00:00,12.9,70.0,0.0,13.6,40.0,-8.741911491736937,-10.418204426418098
2025-12-04 08:00:00,15.6,67.0,0.0,8.4,23.0,-3.2821414793099004,-7.732240769000499
2025-12-04 09:00:00,18.0,62.0,0.0,7.9,21.0,-2.8311068014078757,-7.3752853693278935
2025-12-04 10:00:00,19.9,57.0,0.0,9.7,15.0,-2.51054473749445,-9.369480515003962
2025-12-04 11:00:00,21.1,54.0,0.0,8.9,8.0,-1.2386405985445859,-8.813385811799975
2025-12-04 12:00:00,21.6,52.0,0.0,11.0,11.0,-2.098898949141991,-10.797899017924303
2025-12-04 13:00:00,21.8,51.0,0.0,12.7,23.0,-4.962285331813777,-11.69041163884599
2025-12-04 14:00:00,21.1,55.0,0.0,9.1,10.0,-1.580198416769066,-8.961750552411093
2025-12-04 15:00:00,20.9,55.0,0.0,10.4,20.0,-3.557009490586953,-9.772803256173448
2025-12-04 16:00:00,19.7,59.0,0.0,11.3,25.0,-4.7755863576699005,-10.241277993514146
2025-12-04 17:00:00,17.4,66.0,0.0,8.9,24.0,-3.619956123374621,-8.130554573019149
2025-12-04 18:00:00,16.0,70.0,0.0,7.5,60.0,-6.495190528383289,-3.750000000000001
2025-12-04 19:00:00,15.3,73.0,0.0,5.6,92.0,-5.596588631306936,0.19543718153400638
2025-12-04 20:00:00,14.6,78.0,0.0,1.0,112.0,-0.9271838545667873,0.37460659341591224
2025-12-04 21:00:00,14.8,78.0,0.0,2.8,153.0,-1.2711733992707306,2.49481826772743
2025-12-04 22:00:00,14.6,81.0,0.0,2.3,141.0,-1.4474368994146256,1.7874357113510333
2025-12-04 23:00:00,14.6,82.0,0.0,1.5,135.0,-1.0606601717798212,1.0606601717798214
2025-12-05 00:00:00,14.4,82.0,0.0,2.3,122.0,-1.9505106211597796,1.2188143077363711
2025-12-05 01:00:00,14.4,82.0,0.0,1.7000000000000002,131.0,-1.2830062863787126,1.1153003492838625
2025-12-05 02:00:00,14.4,82.0,0.0,1.4,140.0,-0.8999026535611551,1.0724622203665692
2025-12-05 03:00:00,13.9,85.0,0.0,2.0,135.0,-1.414213562373095,1.4142135623730951
2025-12-05 04:00:00,13.1,87.0,0.0,1.7000000000000002,139.0,-1.1153003492838622,1.2830062863787128
2025-12-05 05:00:00,12.8,87.0,0.0,2.4,132.0,-1.7835475811457455,1.60591345526126
2025-12-05 06:00:00,12.7,86.0,0.0,4.6,99.0,-4.543366366737633,0.7195985391850624
2025-12-05 07:00:00,13.8,83.0,0.0,5.5,81.0,-5.4322858732732575,-0.860389557721269
2025-12-05 08:00:00,15.9,79.0,0.0,5.1,18.0,-1.5759866713122324,-4.850388233105282
2025-12-05 09:00:00,18.5,70.0,0.0,8.3,24.0,-3.3759141375291413,-7.582427298433589
2025-12-05 10:00:00,20.1,66.0,0.0,11.3,25.0,-4.7755863576699005,-10.241277993514146
2025-12-05 11:00:00,21.4,61.0,0.0,12.8,20.0,-4.377857834568558,-12.02806554605963
2025-12-05 12:00:00,21.8,59.0,0.0,13.8,15.0,-3.571702822414785,-13.329776402789143
2025-12-05 13:00:00,21.6,59.0,0.0,16.0,21.0,-5.733887192724811,-14.937286823955226
2025-12-05 14:00:00,21.2,61.0,0.0,13.8,17.0,-4.0347295251737725,-13.197005632289889
2025-12-05 15:00:00,20.4,65.0,0.0,14.3,21.0,-5.124661678497801,-13.350200098909983
2025-12-05 16:00:00,18.9,70.0,0.0,13.6,20.0,-4.651473949229092,-12.779819642688354
2025-12-05 17:00:00,17.0,78.0,0.0,10.9,22.0,-4.083211868233444,-10.106304014777981
2025-12-05 18:00:00,15.8,83.0,0.0,11.0,30.0,-5.500000000000005,-9.526279441628823
2025-12-05 19:00:00,15.1,87.0,0.0,6.4,38.0,-3.940233442084212,-5.043268823083022
2025-12-05 20:00:00,14.7,91.0,0.0,7.5,44.0,-5.209937778442479,-5.3950485025398836
2025-12-05 21:00:00,14.5,91.0,0.0,5.3,78.0,-5.18418228388917,-1.1019319613341254
2025-12-05 22:00:00,14.4,90.0,0.0,5.2,65.0,-4.71280049259058,-2.1976149610516362
2025-12-05 23:00:00,14.0,90.0,0.0,4.5,76.0,-4.366330768241984,-1.0886485301985038
2025-12-06 00:00:00,14.2,88.0,0.0,1.7000000000000002,77.0,-1.6564291101349,-0.3824167923845705
2025-12-06 01:00:00,13.6,89.0,0.0,3.4,93.0,-3.395340418165551,0.17794225122600893
2025-12-06 02:00:00,13.7,91.0,0.0,2.2,48.0,-1.6349186160502676,-1.4720873339894882
2025-12-06 03:00:00,13.3,92.0,0.0,3.4,96.0,-3.381374444252129,0.3553967751100227
2025-12-06 04:00:00,13.1,91.0,0.0,4.7,81.0,-4.6421352007971475,-0.7352419856890845
2025-12-06 05:00:00,13.4,91.0,0.0,7.3,73.0,-6.981024718530159,-2.1343134444759784
2025-12-06 06:00:00,13.1,92.0,0.0,7.4,77.0,-7.2103384794107415,-1.6646378021446009
2025-12-06 07:00:00,13.6,89.0,0.0,8.6,74.0,-8.266850585069543,-2.370481260026191
2025-12-06 08:00:00,16.8,84.0,0.0,11.5,35.0,-6.5961290180370336,-9.420248509323404
2025-12-06 09:00:00,19.2,76.0,0.0,13.0,29.0,-6.302525063202379,-11.370056192812147
2025-12-06 10:00:00,20.9,69.0,0.0,15.2,24.0,-6.182396974752161,-13.885890956167534
2025-12-06 11:00:00,21.9,64.0,0.0,15.8,23.0,-6.173551830130527,-14.543976684548557
2025-12-06 12:00:00,22.6,59.0,0.0,16.4,26.0,-7.189286807340874,-14.740222359306335
2025-12-06 13:00:00,22.9,58.0,0.0,15.8,24.0,-6.4264389605976415,-14.434018230753097
2025-12-06 14:00:00,22.4,61.0,0.0,15.2,24.0,-6.182396974752161,-13.885890956167534
2025-12-06 15:00:00,22.0,62.0,0.0,13.5,27.0,-6.128871746483884,-12.028588076542965
2025-12-06 16:00:00,20.9,67.0,0.0,9.7,27.0,-4.403707847473605,-8.642763284627167
2025-12-06 17:00:00,18.0,80.0,0.0,3.9,56.0,-3.233246532964663,-2.180852323535912
2025-12-06 18:00:00,17.0,81.0,0.0,1.0,158.0,-0.37460659341591207,0.9271838545667874
2025-12-06 19:00:00,16.8,80.0,0.0,0.5,180.0,3.061616997868383e-17,0.5
2025-12-06 20:00:00,15.6,86.0,0.0,2.8,165.0,-0.7246933262870583,2.7045923136093912
2025-12-06 21:00:00,14.8,89.0,0.0,7.3,164.0,-2.012152697464093,7.017210380349728
2025-12-06 22:00:00,13.6,92.0,0.0,8.0,162.0,-2.4721359549995787,7.608452130361229
2025-12-06 23:00:00,13.2,92.0,0.0,8.2,157.0,-3.2039952536120446,7.548139798310009
2025-12-07 00:00:00,12.9,91.0,0.0,5.7,152.0,-2.6759879078795783,5.032801279295883
2025-12-07 01:00:00,12.6,89.0,0.0,3.0,142.0,-1.846984425976975,2.3640322608201663
2025-12-07 02:00:00,13.6,87.0,0.0,4.1,128.0,-3.2308440897875594,2.5242120488351993
2025-12-07 03:00:00,12.8,92.0,0.0,3.7,129.0,-2.8754400573907923,2.3284854468843985
2025-12-07 04:00:00,12.3,92.0,0.0,3.8,135.0,-2.68700576850888,2.6870057685088806
2025-12-07 05:00:00,11.4,94.0,0.0,3.7,141.0,-2.328485446884398,2.875440057390793
2025-12-07 06:00:00,11.1,92.0,0.0,2.3,135.0,-1.626345596729059,1.6263455967290592
2025-12-07 07:00:00,11.5,88.0,0.0,3.2,137.0,-2.1823947521999947,2.3403318451813457
2025-12-07 08:00:00,17.0,79.0,0.0,4.8,105.0,-4.636443966187527,1.2423314164921009
2025-12-07 09:00:00,21.6,55.0,0.0,2.2,294.0,2.0098000068137223,-0.8948206147667606
2025-12-07 10:00:00,22.8,58.0,0.0,5.5,302.0,4.664264528860342,-2.914555953282627
2025-12-07 11:00:00,23.4,60.0,0.0,6.8,312.0,5.05338481324628,-4.5500881232402355
2025-12-07 12:00:00,24.0,59.0,0.0,7.3,329.0,3.7597779468433954,-6.25732129512542
2025-12-07 13:00:00,24.2,59.0,0.0,7.7,332.0,3.61493103345136,-6.798696465013737
2025-12-07 14:00:00,24.1,60.0,0.0,7.3,324.0,4.290832341735054,-5.9058240589371165
2025-12-07 15:00:00,23.2,60.0,0.0,8.4,318.0,5.620697093414409,-6.242416534010112
2025-12-07 16:00:00,21.8,64.0,0.0,3.7,325.0,2.122232814498871,-3.03086256386927
2025-12-07 17:00:00,19.6,72.0,0.0,0.2,180.0,1.2246467991473533e-17,0.2
2025-12-07 18:00:00,17.4,80.0,0.0,1.9,163.0,-0.5555062389731996,1.8169790363297675
2025-12-07 19:00:00,17.5,80.0,0.0,3.8,155.0,-1.6059493946146575,3.44396959073927
2025-12-07 20:00:00,16.2,89.0,0.0,4.1,146.0,-2.2926909042300614,3.399054047475671
2025-12-07 21:00:00,15.2,88.0,0.0,6.6,135.0,-4.666904755831213,4.666904755831213
2025-12-07 22:00:00,14.1,84.0,0.0,6.6,139.0,-4.329989591337347,4.981083229470296
2025-12-07 23:00:00,13.9,70.0,0.0,6.8,138.0,-4.5500881232402355,5.05338481324628
2025-12-08 00:00:00,13.6,62.0,0.0,4.4,142.0,-2.7089104914328965,3.467247315869577
2025-12-08 01:00:00,13.3,62.0,0.0,1.5,144.0,-0.8816778784387096,1.2135254915624212
2025-12-08 02:00:00,15.6,54.0,0.0,5.6,107.0,-5.355306633392999,1.637281546447325
2025-12-08 03:00:00,16.0,53.0,0.0,7.2,117.0,-6.415246974156248,3.2687315981247376
2025-12-08 04:00:00,16.0,56.0,0.0,6.7,96.0,-6.663296698967431,0.7003407038932801
2025-12-08 05:00:00,15.4,60.0,0.0,5.4,96.0,-5.370418234988676,0.5644537016453302
2025-12-08 06:00:00,15.3,59.0,0.0,6.9,83.0,-6.848568446325123,-0.8408984694955165
2025-12-08 07:00:00,16.2,59.0,0.0,10.0,62.0,-8.829475928589268,-4.694715627858908
2025-12-08 08:00:00,18.0,70.0,0.0,17.6,26.0,-7.715332183487769,-15.818775214865337
2025-12-08 09:00:00,19.0,81.0,0.0,22.3,30.0,-11.150000000000011,-19.312366504392976
2025-12-08 10:00:00,20.5,72.0,0.0,27.5,34.0,-15.377804845445532,-22.798533245263652
2025-12-08 11:00:00,21.4,65.0,0.0,28.1,32.0,-14.890731324953062,-23.83015150199557
2025-12-08 12:00:00,21.8,62.0,0.0,29.5,35.0,-16.920504872355867,-24.164985306525253
2025-12-08 13:00:00,22.1,60.0,0.0,29.8,36.0,-17.516000518315703,-24.10870643237343
2025-12-08 14:00:00,21.6,62.0,0.0,28.0,35.0,-16.0601402178293,-22.936257240091763
2025-12-08 15:00:00,21.2,63.0,0.0,27.3,34.0,-15.265966264751382,-22.632725730752643
2025-12-08 16:00:00,19.4,73.0,0.0,25.7,30.0,-12.85000000000001,-22.256852877260066
2025-12-08 17:00:00,17.7,81.0,0.0,25.8,30.0,-12.900000000000011,-22.34345541763851
2025-12-08 18:00:00,17.1,84.0,0.0,26.1,28.0,-12.25320778871175,-23.044932173617994
2025-12-08 19:00:00,16.9,86.0,0.0,26.7,29.0,-12.944416860577194,-23.352346180621872
2025-12-08 20:00:00,16.9,87.0,0.0,24.0,32.0,-12.71806234159692,-20.353154307754224
2025-12-08 21:00:00,16.8,86.0,0.0,22.8,32.0,-12.082159224517074,-19.335496592366514
2025-12-08 22:00:00,16.6,87.0,0.0,20.5,35.0,-11.758316945196452,-16.792616907924327
2025-12-08 23:00:00,16.6,87.0,0.0,17.5,41.0,-11.481033007333878,-13.20741765389851
2025-12-09 00:00:00,16.7,85.0,0.0,12.9,55.0,-10.567061371327995,-7.3991360289284955
2025-12-09 01:00:00,16.5,84.0,0.0,12.3,61.0,-10.75782239781457,-5.963158329029945
2025-12-09 02:00:00,16.5,83.0,0.0,13.3,54.0,-10.759926025186804,-7.817543855489892
2025-12-09 03:00:00,16.3,88.0,0.0,12.8,50.0,-9.80536887192292,-8.227681403987702
2025-12-09 04:00:00,16.0,91.0,0.0,10.9,46.0,-7.840803823691297,-7.571776238003071
2025-12-09 05:00:00,15.8,93.0,0.0,11.1,54.0,-8.980088637561918,-6.52441630044645
2025-12-09 06:00:00,15.9,91.0,0.0,11.2,57.0,-9.393110360988748,-6.099957192168303
2025-12-09 07:00:00,16.1,89.0,0.0,10.7,63.0,-9.533769808815537,-4.857698347213149
2025-12-09 08:00:00,17.5,87.0,0.0,18.7,43.0,-12.753369333168724,-13.676314220278487
2025-12-09 09:00:00,19.0,82.0,0.0,19.7,40.0,-12.662915910824827,-15.091075529443865
2025-12-09 10:00:00,20.8,75.0,0.0,16.5,37.0,-9.929947882008797,-13.177485915780332
2025-12-09 11:00:00,22.0,72.0,0.0,12.5,33.0,-6.807987937687837,-10.4833820993178
2025-12-09 12:00:00,23.4,68.0,0.0,7.7,41.0,-5.051654523226906,-5.811263767715345
2025-12-09 13:00:00,24.5,62.0,0.0,4.2,18.0,-1.2978713763747798,-3.994437368439645
2025-12-09 14:00:00,24.2,63.0,0.0,4.4,305.0,3.604268994871564,-2.523736319944603
2025-12-09 15:00:00,23.7,65.0,0.0,6.8,331.0,3.2967054176750925,-5.947414008547891
2025-12-09 16:00:00,22.1,74.0,0.0,8.0,9.0,-1.2514757203218483,-7.901506724761101
2025-12-09 17:00:00,19.9,83.0,0.0,5.4,8.0,-0.7515347451843555,-5.34744757120448
2025-12-09 18:00:00,18.2,91.0,0.0,3.3,49.0,-2.490541614735148,-2.1649947956686733
2025-12-09 19:00:00,17.5,92.0,0.0,2.6,78.0,-2.5431837619078945,-0.5405703961261747
2025-12-09 20:00:00,16.6,94.0,0.0,2.6,78.0,-2.5431837619078945,-0.5405703961261747
2025-12-09 21:00:00,16.3,93.0,0.0,2.5,150.0,-1.2499999999999996,2.165063509461097
2025-12-09 22:00:00,15.9,91.0,0.0,2.2,156.0,-0.8948206147667607,2.0098000068137223
2025-12-09 23:00:00,14.9,91.0,0.0,5.0,161.0,-1.6278407722857833,4.727592877996584
2025-12-10 00:00:00,14.3,91.0,0.0,9.1,170.0,-1.5801984167690657,8.961750552411093
2025-12-10 01:00:00,14.8,89.0,0.0,10.2,173.0,-1.243067302732503,10.123970746741485
2025-12-10 02:00:00,15.2,88.0,0.0,8.0,155.0,-3.3809460939255946,7.2504622962932
2025-12-10 03:00:00,14.9,90.0,0.0,7.3,157.0,-2.8523372379716982,6.719685430202814
2025-12-10 04:00:00,14.1,90.0,0.0,4.8,151.0,-2.3270861771824176,4.1981745942691
2025-12-10 05:00:00,13.4,92.0,0.0,4.6,149.0,-2.3691751445862494,3.9429695832297162
2025-12-10 06:00:00,12.3,92.0,0.0,3.3,151.0,-1.599871746812912,2.886245033560006
2025-12-10 07:00:00,13.0,89.0,0.0,2.2,156.0,-0.8948206147667607,2.0098000068137223
2025-12-10 08:00:00,19.2,84.0,0.0,1.4,247.0,1.2887067948334165,0.5470235798849833
2025-12-10 09:00:00,20.7,80.0,0.0,2.8,310.0,2.1449244407331385,-1.7998053071223097
2025-12-10 10:00:00,21.6,76.0,0.0,7.2,348.0,1.496964173887868,-7.0426627252834
2025-12-10 11:00:00,22.0,72.0,0.0,6.1,336.0,2.481093522762381,-5.572627291619865
2025-12-10 12:00:00,22.8,70.0,0.0,6.1,310.0,4.6728711030257655,-3.921004419087889
2025-12-10 13:00:00,22.7,70.0,0.0,8.2,293.0,7.54813979831001,-3.2039952536120446
2025-12-10 14:00:00,20.6,77.0,0.0,9.8,306.0,7.9283665448744856,-5.760295472466237
2025-12-10 15:00:00,20.3,80.0,0.1,8.7,315.0,6.151828996322964,-6.151828996322962
2025-12-10 16:00:00,19.0,87.0,0.0,8.1,335.0,3.4232079200996655,-7.341093074996865
2025-12-10 17:00:00,17.6,96.0,0.0,6.3,347.0,1.4171916423663489,-6.1385314081469815
2025-12-10 18:00:00,17.0,100.0,0.0,4.7,9.0,-0.7352419856890859,-4.6421352007971475
2025-12-10 19:00:00,17.0,100.0,0.0,6.2,7.0,-0.7555899291119125,-6.153786140176197
2025-12-10 20:00:00,17.0,100.0,0.0,5.0,21.0,-1.7918397477265036,-4.667902132486008
2025-12-10 21:00:00,17.0,99.0,0.0,5.5,36.0,-3.232818887608603,-4.4495934690622105
2025-12-10 22:00:00,16.4,100.0,0.0,5.6,33.0,-3.049978596084151,-4.696555180494374
2025-12-10 23:00:00,15.6,100.0,0.0,4.4,99.0,-4.345828698618606,0.6883116461770163
2025-12-11 00:00:00,14.6,99.0,0.0,4.2,133.0,-3.071685546800516,2.864393112262494
2025-12-11 01:00:00,14.2,92.0,0.0,4.6,141.0,-2.894873798829251,3.5748714227020666
2025-12-11 02:00:00,15.4,80.0,0.0,3.6,160.0,-1.2312725159724074,3.3828934348292705
2025-12-11 03:00:00,15.1,76.0,0.0,0.0,270.0,0.0,0.0
2025-12-11 04:00:00,14.9,77.0,0.0,3.6,70.0,-3.3828934348292705,-1.2312725159724072
2025-12-11 05:00:00,14.6,81.0,0.0,4.0,82.0,-3.961072274966281,-0.5566924038402621
2025-12-11 06:00:00,14.7,82.0,0.0,5.5,79.0,-5.3989495089621515,-1.049449474570996
2025-12-11 07:00:00,15.0,80.0,0.0,7.3,79.0,-7.165878439167947,-1.3929056662487764
2025-12-11 08:00:00,17.4,75.0,0.0,7.2,55.0,-5.897894718880741,-4.129750341727532
2025-12-11 09:00:00,19.0,74.0,0.0,11.6,16.0,-3.197393327477187,-11.1506356728845
2025-12-11 10:00:00,20.2,70.0,0.0,14.9,21.0,-5.3396824482249805,-13.910348354808304
2025-12-11 11:00:00,21.4,63.0,0.0,16.4,21.0,-5.877234372542931,-15.310718994554106
2025-12-11 12:00:00,22.0,59.0,0.0,18.7,20.0,-6.395776680190002,-17.572252008696488
2025-12-11 13:00:00,22.1,56.0,0.0,19.7,24.0,-8.01271186859326,-17.99684551555924
2025-12-11 14:00:00,21.7,56.0,0.0,21.3,27.0,-9.66999764445235,-18.978438965212234
2025-12-11 15:00:00,21.2,58.0,0.0,22.7,27.0,-10.305584344087714,-20.225848099075947
2025-12-11 16:00:00,20.2,63.0,0.0,21.7,29.0,-10.520368759345509,-18.979247644924893
2025-12-11 17:00:00,18.1,75.0,0.0,20.8,25.0,-8.790459844206543,-18.85120197036232
2025-12-11 18:00:00,16.6,85.0,0.0,18.7,30.0,-9.350000000000009,-16.194675050768996
2025-12-11 19:00:00,16.0,88.0,0.0,16.5,33.0,-8.986544077747945,-13.838064371099497
2025-12-11 20:00:00,16.3,86.0,0.0,13.7,34.0,-7.660942777549228,-11.357814744004072
2025-12-11 21:00:00,16.1,88.0,0.0,12.1,42.0,-8.096480336942182,-8.992052388276472
2025-12-11 22:00:00,15.9,89.0,0.0,11.7,46.0,-8.416275663962217,-8.127502934370268
2025-12-11 23:00:00,15.8,90.0,0.0,11.2,55.0,-9.174502896036708,-6.424056087131716
2025-12-12 00:00:00,15.6,89.0,0.0,9.0,67.0,-8.284543681071963,-3.516580156403462
2025-12-12 01:00:00,15.5,87.0,0.0,7.7,72.0,-7.323135175472683,-2.3794308566870943
2025-12-12 02:00:00,15.1,87.0,0.0,6.2,60.0,-5.36935750346352,-3.100000000000001
2025-12-12 03:00:00,16.2,82.0,0.0,6.9,67.0,-6.351483488821839,-2.6960447865759876
2025-12-12 04:00:00,16.2,81.0,0.0,8.5,63.0,-7.573555455601127,-3.858919247786147
2025-12-12 05:00:00,16.2,81.0,0.0,9.2,57.0,-7.715769225097901,-5.0106791221382485
2025-12-12 06:00:00,16.0,83.0,0.0,8.9,62.0,-7.85823357644445,-4.178296908794429
2025-12-12 07:00:00,16.1,82.0,0.0,8.4,65.0,-7.612985411107861,-3.549993398621874
2025-12-12 08:00:00,18.2,79.0,0.0,8.2,40.0,-5.270858399429623,-6.2815644335756184
2025-12-12 09:00:00,20.1,75.0,0.0,12.5,41.0,-8.200737862381342,-9.43386975278465
2025-12-12 10:00:00,20.5,75.0,0.0,15.0,38.0,-9.234922129884872,-11.820161304100832
2025-12-12 11:00:00,22.4,66.0,0.0,17.5,39.0,-11.013106843372162,-13.600054325496984
2025-12-12 12:00:00,22.8,63.0,0.0,18.0,37.0,-10.83267041673687,-14.37543918085127
2025-12-12 13:00:00,22.8,63.0,0.0,18.3,34.0,-10.233230133514663,-15.171387577757267
2025-12-12 14:00:00,21.8,67.0,0.0,19.9,29.0,-9.647711442902102,-17.404932172073977
2025-12-12 15:00:00,21.2,69.0,0.0,17.2,30.0,-8.600000000000007,-14.89563694509234
2025-12-12 16:00:00,19.7,76.0,0.0,15.9,26.0,-6.970101233946336,-14.290825336156752
2025-12-12 17:00:00,17.8,84.0,0.0,14.4,24.0,-5.857007660291521,-13.155054590053455
2025-12-12 18:00:00,17.0,88.0,0.0,11.3,46.0,-8.128539743826758,-7.849639586186671
2025-12-12 19:00:00,16.8,89.0,0.0,10.7,42.0,-7.1596974880397815,-7.951649632608119
2025-12-12 20:00:00,17.4,87.0,0.0,11.5,60.0,-9.959292143521044,-5.750000000000001
2025-12-12 21:00:00,17.3,86.0,0.0,7.8,77.0,-7.6000865053248345,-1.7546182238821468
2025-12-12 22:00:00,16.0,87.0,0.0,2.1,142.0,-1.2928890981838825,1.6548225825741163
2025-12-12 23:00:00,15.3,86.0,0.0,4.9,176.0,-0.34180672134621415,4.8880638462731385
2025-12-13 00:00:00,15.2,81.0,0.0,2.5,159.0,-0.8959198738632507,2.3339510662430043
2025-12-13 01:00:00,15.4,80.0,0.0,3.5,118.0,-3.0903165750062445,1.6431504697506174
2025-12-13 02:00:00,16.1,83.0,0.0,5.7,49.0,-4.301844607269802,-3.7395364652458905
2025-12-13 03:00:00,17.0,84.0,0.0,7.9,57.0,-6.62549748676885,-4.3026483766187145
2025-12-13 04:00:00,16.9,88.0,0.0,10.4,53.0,-8.305809304491845,-6.258876240781303
2025-12-13 05:00:00,17.4,90.0,0.0,12.9,28.0,-6.056183159937991,-11.390023947880158
2025-12-13 06:00:00,17.1,93.0,0.0,14.1,27.0,-6.401266046327612,-12.563191991055985
2025-12-13 07:00:00,17.4,91.0,0.0,13.2,44.0,-9.169490490058763,-9.495285364470195
2025-12-13 08:00:00,18.1,89.0,0.0,9.4,38.0,-5.787217868061186,-7.407301083903188
2025-12-13 09:00:00,19.8,82.0,0.0,15.3,25.0,-6.466059404632698,-13.866509141660746
2025-12-13 10:00:00,20.0,81.0,0.0,20.2,31.0,-10.4037691131831,-17.314779474182664
2025-12-13 11:00:00,20.5,78.0,0.0,21.8,32.0,-11.55223996028387,-18.487448496210085
2025-12-13 12:00:00,19.5,84.0,0.2,20.6,16.0,-5.678129529830177,-19.80199093632937
2025-12-13 13:00:00,18.0,90.0,0.4,18.7,26.0,-8.197540444955754,-16.807448665794418
2025-12-13 14:00:00,18.0,88.0,0.5,20.2,31.0,-10.4037691131831,-17.314779474182664
2025-12-13 15:00:00,17.8,88.0,0.2,20.4,33.0,-11.11063631430655,-17.10887958608665
2025-12-13 16:00:00,17.0,91.0,0.2,19.7,28.0,-9.248589786882047,-17.39406757932086
2025-12-13 17:00:00,16.2,95.0,0.2,21.1,31.0,-10.86730338060215,-18.086230044814567
2025-12-13 18:00:00,15.6,98.0,0.2,22.3,28.0,-10.469215850125364,-19.689731320754074
2025-12-13 19:00:00,15.1,98.0,0.2,23.3,29.0,-11.296064151739648,-20.378639176347928
2025-12-13 20:00:00,14.9,96.0,0.1,22.0,30.0,-11.00000000000001,-19.052558883257646
2025-12-13 21:00:00,14.7,94.0,0.1,24.7,29.0,-11.97479762008452,-21.60310676634308
2025-12-13 22:00:00,14.4,94.0,0.1,25.2,34.0,-14.091661167462814,-20.891746828387053
2025-12-13 23:00:00,14.2,92.0,0.0,26.4,31.0,-13.597005177625437,-22.62921673853576
2025-12-14 00:00:00,14.0,92.0,0.0,25.8,34.0,-14.427176909545262,-21.38916937192008
2025-12-14 01:00:00,13.7,90.0,0.0,27.0,34.0,-15.098208393710157,-22.38401445898613
2025-12-14 02:00:00,13.7,87.0,0.0,25.6,33.0,-13.942759296384692,-21.469966539402858
2025-12-14 03:00:00,13.6,86.0,0.1,27.1,29.0,-13.13834070867573,-23.70219406347763
2025-12-14 04:00:00,13.2,87.0,0.1,27.8,33.0,-15.14096517341775,-23.315041788882787
2025-12-14 05:00:00,12.6,88.0,0.1,28.5,31.0,-14.678585134936553,-24.429268070010195
2025-12-14 06:00:00,12.4,84.0,0.1,29.5,35.0,-16.920504872355867,-24.164985306525253
2025-12-14 07:00:00,11.9,83.0,0.0,26.4,28.0,-12.394049257547515,-23.309816451475672
2025-12-14 08:00:00,12.6,76.0,0.0,25.4,23.0,-9.924570663627554,-23.38082327769198
2025-12-14 09:00:00,13.7,67.0,0.0,26.6,27.0,-12.076147293071948,-23.700773543410584
2025-12-14 10:00:00,15.2,54.0,0.0,26.7,23.0,-10.432521130663611,-24.577479587180154
2025-12-14 11:00:00,16.0,49.0,0.0,28.3,26.0,-12.4059034541309,-25.43587151026642
2025-12-14 12:00:00,16.2,48.0,0.0,29.2,27.0,-13.25652259239477,-26.017390506300337
2025-12-14 13:00:00,15.9,51.0,0.0,29.1,27.0,-13.211123542420816,-25.928289853881505
2025-12-14 14:00:00,15.6,54.0,0.0,26.0,27.0,-11.803752993228219,-23.166169628897563
2025-12-14 15:00:00,14.9,56.0,0.0,25.4,30.0,-12.70000000000001,-21.997045256124732
2025-12-14 16:00:00,13.9,61.0,0.0,21.5,31.0,-11.073318610566172,-18.42909696509541
2025-12-14 17:00:00,12.1,66.0,0.0,20.4,28.0,-9.577219880832171,-18.01213089432211
2025-12-14 18:00:00,11.2,68.0,0.0,21.0,29.0,-10.181002025173074,-18.367013849927314
2025-12-14 19:00:00,10.6,70.0,0.0,20.0,32.0,-10.5983852846641,-16.96096192312852
2025-12-14 20:00:00,10.4,72.0,0.0,15.1,32.0,-8.001780889921395,-12.805526251962032
2025-12-14 21:00:00,10.6,71.0,0.0,15.0,40.0,-9.641814145298092,-11.490666646784668
2025-12-14 22:00:00,10.9,70.0,0.0,12.5,46.0,-8.991747504233139,-8.683229630737467
2025-12-14 23:00:00,10.9,71.0,0.0,9.0,53.0,-7.187719590425635,-5.4163352083684355
2025-12-15 00:00:00,10.6,73.0,0.0,7.5,63.0,-6.682548931412759,-3.4049287480466
2025-12-15 01:00:00,10.4,73.0,0.0,6.0,69.0,-5.601482558983211,-2.1502076972718025
2025-12-15 02:00:00,9.3,76.0,0.0,3.4,87.0,-3.395340418165551,-0.17794225122600812
2025-12-15 03:00:00,10.1,65.0,0.0,4.4,120.0,-3.8105117766515306,2.1999999999999997
2025-12-15 04:00:00,9.9,62.0,0.0,4.4,117.0,-3.920428706428819,1.9975581988540063
2025-12-15 05:00:00,10.2,61.0,0.0,4.2,110.0,-3.9467090073008153,1.4364846019678092
2025-12-15 06:00:00,10.4,64.0,0.0,3.1,114.0,-2.831990918692062,1.2608835935349814
2025-12-15 07:00:00,10.9,70.0,0.0,2.4,138.0,-1.6059134552612597,1.7835475811457462
2025-12-15 08:00:00,12.8,68.0,0.0,1.5,201.0,0.5375519243179505,1.4003706397458027
2025-12-15 09:00:00,16.9,60.0,0.0,3.2,227.0,2.3403318451813457,2.182394752199995
2025-12-15 10:00:00,19.0,59.0,0.0,4.0,275.0,3.984778792366982,-0.34862297099063266
2025-12-15 11:00:00,20.5,58.0,0.0,4.8,295.0,4.350277377775919,-2.0285676563553574
2025-12-15 12:00:00,21.4,57.0,0.0,5.6,291.0,5.22805038838433,-2.0068605174536813
2025-12-15 13:00:00,22.4,55.0,0.0,4.6,281.0,4.515485043859254,-0.877721378732106
2025-12-15 14:00:00,21.4,57.0,0.0,10.1,265.0,10.06156645072663,0.8802730017513475
2025-12-15 15:00:00,20.5,60.0,0.0,8.3,288.0,7.893769085249775,-2.5648410533120636
2025-12-15 16:00:00,19.5,63.0,0.0,6.8,307.0,5.430721468321591,-4.0923421574339285
2025-12-15 17:00:00,17.5,73.0,0.0,1.2,321.0,0.755184469259805,-0.9325751537483651
2025-12-15 18:00:00,16.4,74.0,0.0,1.1,81.0,-1.0864571746546516,-0.1720779115442538
2025-12-15 19:00:00,14.9,80.0,0.0,3.1,126.0,-2.507952682562337,1.822134282106667
2025-12-15 20:00:00,14.4,84.0,0.0,2.6,141.0,-1.6362330167295769,2.020579499788125
2025-12-15 21:00:00,14.7,83.0,0.0,5.9,137.0,-4.023790324368741,4.314986839553106
2025-12-15 22:00:00,13.9,85.0,0.0,4.7,137.0,-3.2053922922937423,3.437362397610102
2025-12-15 23:00:00,13.2,85.0,0.0,2.8,140.0,-1.7998053071223101,2.1449244407331385
2025-12-16 00:00:00,13.3,82.0,0.0,4.1,146.0,-2.2926909042300614,3.399054047475671
2025-12-16 01:00:00,13.1,80.0,0.0,3.6,143.0,-2.1665340833473743,2.8750878361702537
2025-12-16 02:00:00,13.1,79.0,0.0,1.8,143.0,-1.0832670416736871,1.4375439180851268
2025-12-16 03:00:00,13.1,79.0,0.0,2.5,150.0,-1.2499999999999996,2.165063509461097
2025-12-16 04:00:00,12.6,78.0,0.0,2.1,142.0,-1.2928890981838825,1.6548225825741163
2025-12-16 05:00:00,12.5,77.0,0.0,1.8,143.0,-1.0832670416736871,1.4375439180851268
2025-12-16 06:00:00,12.1,79.0,0.0,1.2,141.0,-0.7551844692598048,0.9325751537483652
2025-12-16 07:00:00,12.4,82.0,0.0,0.9,143.0,-0.5416335208368436,0.7187719590425634
2025-12-16 08:00:00,15.6,82.0,0.0,2.5,45.0,-1.7677669529663693,-1.7677669529663687
2025-12-16 09:00:00,18.3,74.0,0.0,4.6,342.0,1.4214781741247582,-4.3748599749577055
2025-12-16 10:00:00,19.6,69.0,0.0,7.6,346.0,1.8386064065574743,-7.3742475196975725
2025-12-16 11:00:00,20.9,65.0,0.0,8.6,345.0,2.2258437878816784,-8.306962106085987
2025-12-16 12:00:00,21.5,62.0,0.0,9.6,343.0,2.806768365338273,-9.18052565724514
2025-12-16 13:00:00,21.5,64.0,0.0,10.6,339.0,3.7987002651801838,-9.895952520870338
2025-12-16 14:00:00,21.2,65.0,0.0,9.9,338.0,3.7086052748175287,-9.179120160211196
2025-12-16 15:00:00,20.6,69.0,0.0,10.2,346.0,2.46760333511661,-9.897016408015164
2025-12-16 16:00:00,19.3,74.0,0.0,10.1,2.0,-0.35248491669525767,-10.093847352892867
2025-12-16 17:00:00,17.2,87.0,0.0,7.6,8.0,-1.0577155672965002,-7.526037322435934
2025-12-16 18:00:00,16.1,93.0,0.0,8.3,48.0,-6.168102051462372,-5.553784032778524
2025-12-16 19:00:00,15.5,92.0,0.0,7.2,72.0,-6.847606917325106,-2.2249223594996206
2025-12-16 20:00:00,14.8,92.0,0.0,4.8,65.0,-4.35027737777592,-2.0285676563553565
2025-12-16 21:00:00,15.3,88.0,0.0,5.8,64.0,-5.213005468535168,-2.542552651376649
2025-12-16 22:00:00,15.2,86.0,0.0,5.8,56.0,-4.808417920819243,-3.2433188401303306
2025-12-16 23:00:00,14.6,86.0,0.0,5.3,62.0,-4.679622242152313,-2.4881992827652213
2025-12-17 00:00:00,14.5,84.0,0.0,5.2,70.0,-4.886401628086724,-1.778504745293477
2025-12-17 01:00:00,14.1,82.0,0.0,5.2,59.0,-4.457269963650984,-2.678197989532282
2025-12-17 02:00:00,13.4,82.0,0.0,6.0,57.0,-5.032023407672544,-3.2678342100901627
2025-12-17 03:00:00,14.4,78.0,0.0,7.1,60.0,-6.148780366869514,-3.5500000000000007
2025-12-17 04:00:00,14.9,75.0,0.0,9.7,56.0,-8.041664453783905,-5.424171163666243
2025-12-17 05:00:00,15.1,72.0,0.0,10.7,61.0,-9.358430866391535,-5.187462936635805
2025-12-17 06:00:00,15.1,66.0,0.0,10.7,61.0,-9.358430866391535,-5.187462936635805
2025-12-17 07:00:00,15.4,66.0,0.0,11.4,59.0,-9.77170722800408,-5.8714340539746175
2025-12-17 08:00:00,18.4,56.0,0.0,9.5,54.0,-7.685661446562002,-5.583959896778493
2025-12-17 09:00:00,21.1,61.0,0.0,9.4,8.0,-1.308227149024619,-9.30851984617076
2025-12-17 10:00:00,23.0,62.0,0.0,14.2,15.0,-3.6752304404557927,-13.71614673330477
2025-12-17 11:00:00,23.9,56.0,0.0,17.9,22.0,-6.705458022144829,-16.59659099674549
2025-12-17 12:00:00,23.7,57.0,0.0,19.3,21.0,-6.916501426224304,-18.018102231395993
2025-12-17 13:00:00,23.2,57.0,0.0,19.8,19.0,-6.446249458251701,-18.721267796866474
2025-12-17 14:00:00,24.0,53.0,0.0,19.4,20.0,-6.635190780517969,-18.230036843246623
2025-12-17 15:00:00,23.2,54.0,0.0,19.9,22.0,-7.454671208976654,-18.450958705879067
2025-12-17 16:00:00,22.1,57.0,0.0,17.8,24.0,-7.239912246749242,-16.261109146038297
2025-12-17 17:00:00,20.1,65.0,0.0,18.0,29.0,-8.726573164434063,-15.743154728509127
2025-12-17 18:00:00,18.4,75.0,0.0,16.5,33.0,-8.986544077747945,-13.838064371099497
2025-12-17 19:00:00,17.6,78.0,0.0,15.4,41.0,-10.103309046453813,-11.62252753543069
2025-12-17 20:00:00,18.0,78.0,0.0,12.6,42.0,-8.431045640121612,-9.363624801015169
2025-12-17 21:00:00,17.7,77.0,0.0,11.8,43.0,-8.047580648737483,-8.629973679106213
2025-12-17 22:00:00,17.4,76.0,0.0,9.8,40.0,-6.299318574928087,-7.507235542565984
2025-12-17 23:00:00,17.2,77.0,0.0,9.3,40.0,-5.977924770084818,-7.124213321006495
2025-12-18 00:00:00,17.0,78.0,0.0,7.1,52.0,-5.594876350607726,-4.371196474812173
2025-12-18 01:00:00,15.7,81.0,0.0,3.4,87.0,-3.395340418165551,-0.17794225122600812
2025-12-18 02:00:00,15.8,83.0,0.0,1.3,82.0,-1.2873484893640414,-0.18092503124808518
2025-12-18 03:00:00,15.1,85.0,0.0,2.4,81.0,-2.3704520174283306,-0.3754427160965537
2025-12-18 04:00:00,14.9,87.0,0.0,4.8,77.0,-4.676976310969129,-1.0797650608505518
2025-12-18 05:00:00,14.8,86.0,0.0,5.6,75.0,-5.4091846272187825,-1.4493866525741164
2025-12-18 06:00:00,14.6,84.0,0.0,4.5,90.0,-4.5,5.51091059616309e-16
2025-12-18 07:00:00,14.4,84.0,0.0,2.8,108.0,-2.6629582456264296,0.8652475842498529
2025-12-18 08:00:00,17.5,74.0,0.0,3.0,115.0,-2.7189233611099497,1.2678547852220985
2025-12-18 09:00:00,19.4,70.0,0.0,3.1,10.0,-0.5383093507674841,-3.052904034337845
2025-12-18 10:00:00,20.0,70.0,0.0,5.7,37.0,-3.4303456319666754,-4.55222240726957
2025-12-18 11:00:00,22.7,61.0,0.0,7.6,25.0,-3.2118987892293136,-6.88793918147854
2025-12-18 12:00:00,23.6,61.0,0.0,8.6,12.0,-1.788040541032734,-8.412069366310728
2025-12-18 13:00:00,23.9,61.0,0.0,10.2,9.0,-1.5956315434103565,-10.074421074070404
2025-12-18 14:00:00,23.7,62.0,0.0,9.5,19.0,-3.092897467342988,-8.98242646819351
2025-12-18 15:00:00,24.0,60.0,0.0,8.1,29.0,-3.926957923995328,-7.084419627829107
2025-12-18 16:00:00,22.8,67.0,0.0,5.6,358.0,0.19543718153400605,-5.596588631306936
2025-12-18 17:00:00,20.3,78.0,0.0,2.9,47.0,-2.1209257346955948,-1.9777952441812452
2025-12-18 18:00:00,18.9,81.0,0.0,2.3,151.0,-1.115062126566575,2.01162532642061
2025-12-18 19:00:00,18.7,81.0,0.0,9.2,197.0,2.689819683449178,8.798003754859925
2025-12-18 20:00:00,18.4,81.0,0.0,4.7,203.0,1.8364363038995866,4.32637281122647
2025-12-18 21:00:00,18.5,79.0,0.0,7.7,201.0,2.759433211498813,7.188569284028453
2025-12-18 22:00:00,17.7,83.0,0.6,10.2,198.0,3.151973342624464,9.700776466210565
2025-12-18 23:00:00,17.0,91.0,0.4,9.9,180.0,6.062001655779399e-16,9.9
2025-12-19 00:00:00,17.2,87.0,0.0,10.0,189.0,1.5643446504023093,9.876883405951379
2025-12-19 01:00:00,17.6,84.0,0.0,9.2,182.0,0.3210753696630099,9.19439560857568
2025-12-19 02:00:00,17.9,81.0,0.0,6.5,193.0,1.462181853235122,6.333405421104029
2025-12-19 03:00:00,17.8,83.0,0.0,6.9,185.0,0.6013746249588412,6.873743416833045
2025-12-19 04:00:00,17.5,83.0,0.0,6.8,169.0,-1.2975011685605047,6.675064847444115
2025-12-19 05:00:00,17.4,83.0,0.0,3.8,180.0,2.326828918379971e-16,3.8
2025-12-19 06:00:00,16.6,87.0,0.0,1.5,150.0,-0.7499999999999997,1.299038105676658
2025-12-19 07:00:00,17.4,84.0,0.0,1.5,111.0,-1.4003706397458027,0.5375519243179503
2025-12-19 08:00:00,18.7,85.0,0.0,4.9,54.0,-3.964183272437243,-2.880147736233118
2025-12-19 09:00:00,20.3,80.0,0.0,5.2,4.0,-0.362733663469453,-5.187333061351086
2025-12-19 10:00:00,21.5,74.0,0.0,6.9,7.0,-0.8408984694955155,-6.848568446325123
2025-12-19 11:00:00,22.4,71.0,0.0,7.8,353.0,0.9505808785601504,-7.741859982802311
2025-12-19 12:00:00,22.1,76.0,0.0,10.5,344.0,2.8941922360784913,-10.093247807352348
2025-12-19 13:00:00,21.5,77.0,0.0,9.0,355.0,0.7844016847289232,-8.96575228282571
2025-12-19 14:00:00,21.6,78.0,0.0,8.1,360.0,4.959819536546781e-16,-8.1
2025-12-19 15:00:00,21.8,80.0,0.1,10.2,347.0,2.294500754307422,-9.9385746608094
2025-12-19 16:00:00,20.2,90.0,0.2,7.1,350.0,1.232902061435206,-6.992135046386677
2025-12-19 17:00:00,18.4,100.0,1.1,9.6,340.0,3.2833933759264204,-9.02104915954472
2025-12-19 18:00:00,18.0,100.0,0.6,13.4,4.0,-0.9347367481712828,-13.367358273481644
2025-12-19 19:00:00,17.7,100.0,4.6,14.9,15.0,-3.8564037720275572,-14.392294811707119
2025-12-19 20:00:00,18.6,92.0,1.5,10.0,81.0,-9.876883405951379,-1.5643446504023073
2025-12-19 21:00:00,19.0,86.0,0.0,7.6,7.0,-0.9262070098791184,-7.543350752474048
2025-12-19 22:00:00,18.2,94.0,0.2,8.0,48.0,-5.945158603819154,-5.353044850870866
2025-12-19 23:00:00,18.4,88.0,0.1,8.6,36.0,-5.05495316971527,-6.9575461516245465
2025-12-20 00:00:00,17.9,92.0,0.1,5.3,33.0,-2.886586885579643,-4.444954010110747
2025-12-20 01:00:00,17.5,92.0,0.4,5.9,72.0,-5.611233446141407,-1.8232002668121892
2025-12-20 02:00:00,17.5,94.0,0.4,6.5,44.0,-4.515279407983482,-4.6757087022012325
2025-12-20 03:00:00,17.4,94.0,0.4,4.3,33.0,-2.341947850564616,-3.6062834421653234
2025-12-20 04:00:00,17.5,95.0,0.0,5.1,58.0,-4.325045290397773,-2.702588247589344
2025-12-20 05:00:00,17.1,96.0,1.1,3.6,360.0,2.2043642384652358e-16,-3.6
2025-12-20 06:00:00,17.5,93.0,0.0,4.7,86.0,-4.688551036221174,-0.3278554265973888
2025-12-20 07:00:00,17.5,87.0,0.0,4.0,63.0,-3.5640260967534716,-1.8159619989581868
2025-12-20 08:00:00,18.2,97.0,0.0,5.1,356.0,0.35575801609503865,-5.087576656325103
2025-12-20 09:00:00,19.1,91.0,0.0,7.5,33.0,-4.084792762612702,-6.29002925959068
2025-12-20 10:00:00,20.3,83.0,0.0,7.6,28.0,-3.5679838771727694,-6.710401705727845
2025-12-20 11:00:00,21.4,78.0,0.0,7.1,9.0,-1.1106847017856403,-7.012587218225477
2025-12-20 12:00:00,22.5,73.0,0.0,10.6,4.0,-0.7394186216877311,-10.574178932754137
2025-12-20 13:00:00,22.6,74.0,0.0,11.9,3.0,-0.6227978792910372,-11.88369146357943
2025-12-20 14:00:00,22.6,74.0,0.0,10.0,6.0,-1.0452846326765335,-9.945218953682733
2025-12-20 15:00:00,22.9,75.0,0.0,12.1,1.0,-0.21117411789113033,-12.098157111392334
2025-12-20 16:00:00,21.7,81.0,0.0,11.9,359.0,0.20768363660367484,-11.898187572361056
2025-12-20 17:00:00,19.6,92.0,0.0,7.4,1.0,-0.1291478076358979,-7.398872944157295
2025-12-20 18:00:00,18.5,97.0,0.0,7.8,37.0,-4.694157180585976,-6.229356978368884
2025-12-20 19:00:00,17.9,99.0,0.0,7.3,50.0,-5.5921244347685395,-4.692349550711737
2025-12-20 20:00:00,18.2,98.0,0.0,5.9,52.0,-4.64926344627966,-3.6324027044213834
2025-12-20 21:00:00,18.4,93.0,0.0,5.6,63.0,-4.98963653545486,-2.542346798541461
2025-12-20 22:00:00,18.5,87.0,0.0,7.5,50.0,-5.745333323392335,-4.820907072649044
2025-12-20 23:00:00,17.6,85.0,0.0,7.0,58.0,-5.936336673094982,-3.7094348496324336
2025-12-21 00:00:00,17.5,80.0,0.0,6.9,59.0,-5.914454374844575,-3.553762716879374
2025-12-21 01:00:00,17.2,78.0,0.0,7.8,53.0,-6.229356978368884,-4.694157180585977
2025-12-21 02:00:00,17.5,81.0,0.0,12.1,52.0,-9.534930118641336,-7.449503851440464
2025-12-21 03:00:00,18.3,82.0,0.0,14.1,35.0,-8.087427752549754,-11.55004382447478
2025-12-21 04:00:00,18.0,89.0,0.0,16.9,36.0,-9.933570763742797,-13.672387204936609
2025-12-21 05:00:00,18.2,85.0,0.0,16.6,34.0,-9.282602197614393,-13.762023704413696
2025-12-21 06:00:00,17.6,88.0,0.0,18.0,29.0,-8.726573164434063,-15.743154728509127
2025-12-21 07:00:00,17.5,93.0,0.0,21.4,25.0,-9.044030801250962,-19.39498664258431
2025-12-21 08:00:00,18.5,89.0,0.0,24.0,29.0,-11.635430885912085,-20.990872971345503
2025-12-21 09:00:00,19.7,81.0,0.0,25.8,38.0,-15.88406606340198,-20.330677443053432
2025-12-21 10:00:00,20.6,74.0,0.0,26.5,30.0,-13.250000000000012,-22.949673200287616
2025-12-21 11:00:00,21.2,68.0,0.0,27.8,36.0,-16.340430013730757,-22.490672443623538
2025-12-21 12:00:00,21.3,66.0,0.0,29.7,31.0,-15.296630824828618,-25.45786883085273
2025-12-21 13:00:00,20.5,69.0,0.0,31.1,31.0,-16.017684129702694,-26.65790305183569
2025-12-21 14:00:00,19.9,71.0,0.0,30.1,32.0,-15.950569853419472,-25.526247694308424
2025-12-21 15:00:00,19.1,72.0,0.0,30.7,30.0,-15.350000000000014,-26.586979896182257
2025-12-21 16:00:00,17.5,79.0,0.0,30.0,29.0,-14.544288607390104,-26.23859121418188
2025-12-21 17:00:00,16.0,86.0,0.0,28.7,26.0,-12.58125191284653,-25.795389128786088
2025-12-21 18:00:00,15.6,86.0,0.0,29.5,29.0,-14.301883797266937,-25.80128136061218
2025-12-21 19:00:00,15.4,85.0,0.0,29.4,29.0,-14.253402835242301,-25.71381938989824
2025-12-21 20:00:00,15.4,85.0,0.0,26.1,33.0,-14.215078813892205,-21.88930182337557
2025-12-21 21:00:00,15.5,81.0,0.0,24.4,32.0,-12.930030047290202,-20.692373546216793
2025-12-21 22:00:00,15.5,78.0,0.0,21.2,31.0,-10.918807188093155,-18.171946774884777
2025-12-21 23:00:00,15.4,78.0,0.0,19.6,29.0,-9.502268556828202,-17.14254625993216
2025-12-22 00:00:00,14.9,82.0,0.0,19.7,30.0,-9.850000000000009,-17.060700454553434
2025-12-22 01:00:00,14.8,83.0,0.0,18.5,29.0,-8.968977974557232,-16.180464582078827
2025-12-22 02:00:00,15.8,77.0,0.0,15.0,32.0,-7.9487889634980755,-12.72072144234639
2025-12-22 03:00:00,15.8,77.0,0.0,13.3,32.0,-7.0479262143016275,-11.279039678880466
2025-12-22 04:00:00,15.2,79.0,0.0,12.5,35.0,-7.16970545438808,-10.239400553612395
2025-12-22 05:00:00,14.9,81.0,0.0,12.5,37.0,-7.522687789400603,-9.982943875591161
2025-12-22 06:00:00,14.8,81.0,0.0,11.7,36.0,-6.877087451821937,-9.465498834186883
2025-12-22 07:00:00,14.9,82.0,0.0,12.3,38.0,-7.5726361465055945,-9.692532269362683
2025-12-22 08:00:00,17.0,74.0,0.0,12.0,18.0,-3.7082039324993707,-11.412678195541842
2025-12-22 09:00:00,19.5,68.0,0.0,10.8,32.0,-5.723128053718614,-9.1589194384894
2025-12-22 10:00:00,21.5,61.0,0.0,13.2,30.0,-6.600000000000006,-11.431535329954587
2025-12-22 11:00:00,23.2,55.0,0.0,10.9,27.0,-4.9484964471610615,-9.71197111365321
2025-12-22 12:00:00,24.2,53.0,0.0,10.3,12.0,-2.141490415422926,-10.074920287558198
2025-12-22 13:00:00,24.6,51.0,0.0,10.5,6.0,-1.0975488643103604,-10.442479901366871
2025-12-22 14:00:00,24.5,54.0,0.0,10.6,358.0,0.36993466504651146,-10.593542766402415
2025-12-22 15:00:00,23.5,58.0,0.0,10.3,6.0,-1.0766431716568297,-10.243575522293217
2025-12-22 16:00:00,21.2,67.0,0.0,10.2,10.0,-1.7712114122026892,-10.045039080724521
2025-12-22 17:00:00,18.5,79.0,0.0,4.9,10.0,-0.8508760705679587,-4.82555798975982
2025-12-22 18:00:00,16.8,84.0,0.0,3.1,40.0,-1.9926415900282723,-2.3747377736688318
2025-12-22 19:00:00,16.4,84.0,0.0,2.6,56.0,-2.1554976886431088,-1.4539015490239415
2025-12-22 20:00:00,15.8,86.0,0.0,2.2,66.0,-2.0098000068137223,-0.8948206147667606
2025-12-22 21:00:00,15.2,85.0,0.0,1.1,162.0,-0.3399186938124421,1.046162167924669
2025-12-22 22:00:00,14.9,83.0,0.0,1.9,158.0,-0.7117525274902329,1.761649323676896
2025-12-22 23:00:00,15.2,72.0,0.0,6.6,171.0,-1.0324674692655234,6.518743047927909
2025-12-23 00:00:00,14.6,73.0,0.0,10.1,181.0,0.17626930501656435,10.098461721079552
2025-12-23 01:00:00,14.8,79.0,0.0,9.6,189.0,1.5017708643862169,9.481808069713322
2025-12-23 02:00:00,14.9,80.0,0.0,3.0,147.0,-1.6339171050450814,2.5160117038362717
2025-12-23 03:00:00,15.0,77.0,0.0,2.5,135.0,-1.7677669529663687,1.7677669529663689
2025-12-23 04:00:00,13.9,80.0,0.0,1.4,130.0,-1.072462220366569,0.8999026535611552
2025-12-23 05:00:00,13.4,83.0,0.0,1.0,135.0,-0.7071067811865475,0.7071067811865476
2025-12-23 06:00:00,13.2,83.0,0.0,4.5,124.0,-3.730669076497687,2.516368065618361
2025-12-23 07:00:00,13.9,80.0,0.0,4.2,115.0,-3.80649270555393,1.774996699310938
2025-12-23 08:00:00,17.6,73.0,0.0,3.7,61.0,-3.236092916415765,-1.7937955949114468
2025-12-23 09:00:00,19.8,66.0,0.0,4.0,21.0,-1.4334717981812028,-3.7343217059888065
2025-12-23 10:00:00,21.4,63.0,0.0,4.5,353.0,0.5484120453231637,-4.466457682385949
2025-12-23 11:00:00,22.9,62.0,0.0,6.0,344.0,1.653824134901995,-5.767570175629913
2025-12-23 12:00:00,23.9,62.0,0.0,7.0,347.0,1.5746573804070545,-6.820590453496647
2025-12-23 13:00:00,24.2,65.0,0.0,8.2,346.0,1.9837595439172748,-7.95642495546317
2025-12-23 14:00:00,23.4,73.0,0.0,7.3,330.0,3.650000000000001,-6.3219854476264015
2025-12-23 15:00:00,22.6,78.0,0.0,6.6,344.0,1.8192065483921944,-6.344327193192904
2025-12-23 16:00:00,21.5,83.0,0.0,5.9,2.0,-0.2059070305447545,-5.896405879412665
2025-12-23 17:00:00,19.0,95.0,0.0,3.3,347.0,0.7423384793347542,-3.2154212137912763
2025-12-23 18:00:00,17.4,98.0,0.0,2.9,86.0,-2.89293574575349,-0.2022937738579633
2025-12-23 19:00:00,17.4,93.0,0.0,2.6,78.0,-2.5431837619078945,-0.5405703961261747
2025-12-23 20:00:00,17.2,97.0,0.0,0.9,101.0,-0.8834644651028976,0.17172809583889048
2025-12-23 21:00:00,16.4,94.0,0.0,1.4,130.0,-1.072462220366569,0.8999026535611552
2025-12-23 22:00:00,15.9,90.0,0.0,2.2,132.0,-1.634918616050267,1.4720873339894884
2025-12-23 23:00:00,15.3,84.0,0.0,2.3,141.0,-1.4474368994146256,1.7874357113510333
2025-12-24 00:00:00,15.0,78.0,0.0,2.2,145.0,-1.2618681599723016,1.8021344974357818
2025-12-24 01:00:00,14.3,75.0,0.0,2.1,149.0,-1.081579957311114,1.800051331474436
2025-12-24 02:00:00,12.9,81.0,0.0,3.3,126.0,-2.6697560814373262,1.9396913325651617
2025-12-24 03:00:00,13.6,80.0,0.0,2.2,138.0,-1.4720873339894882,1.6349186160502676
2025-12-24 04:00:00,13.4,81.0,0.0,1.3,135.0,-0.9192388155425117,0.9192388155425119
2025-12-24 05:00:00,13.1,80.0,0.0,1.5,135.0,-1.0606601717798212,1.0606601717798214
2025-12-24 06:00:00,12.4,82.0,0.0,1.0,135.0,-0.7071067811865475,0.7071067811865476
2025-12-24 07:00:00,12.6,81.0,0.0,3.2,128.0,-2.5216344115415104,1.9701167210421069
2025-12-24 08:00:00,16.9,76.0,0.0,2.4,138.0,-1.6059134552612597,1.7835475811457462
2025-12-24 09:00:00,21.5,58.0,0.0,3.5,325.0,2.0075175272286616,-2.8670321550114712
2025-12-24 10:00:00,23.3,56.0,0.0,4.9,332.0,2.3004106576508656,-4.326443205008742
2025-12-24 11:00:00,24.9,56.0,0.0,6.8,342.0,2.1013155617496424,-6.467184310807044
2025-12-24 12:00:00,25.5,61.0,0.0,9.2,334.0,4.033014550459512,-8.268905225952336
2025-12-24 13:00:00,25.4,62.0,0.0,8.7,338.0,3.259077362718434,-8.066499534731049
2025-12-24 14:00:00,25.5,61.0,0.0,7.7,336.0,3.1318721516836616,-7.034300023848027
2025-12-24 15:00:00,24.9,62.0,0.0,7.0,359.0,0.12216684506098519,-6.998933866094739
2025-12-24 16:00:00,24.0,64.0,0.0,7.7,357.0,0.40298686307066856,-7.689447417610219
2025-12-24 17:00:00,21.5,71.0,0.0,7.6,3.0,-0.39775326744637673,-7.589584464134761
2025-12-24 18:00:00,19.9,78.0,0.0,8.9,32.0,-4.716281451675525,-7.547628055792192
2025-12-24 19:00:00,18.5,86.0,0.0,4.8,70.0,-4.51052457977236,-1.6416966879632096
2025-12-24 20:00:00,18.5,88.0,0.0,0.0,270.0,0.0,0.0
2025-12-24 21:00:00,18.5,88.0,0.0,3.8,180.0,2.326828918379971e-16,3.8
2025-12-24 22:00:00,18.1,87.0,0.0,5.0,165.0,-1.2940952255126041,4.8296291314453415
2025-12-24 23:00:00,17.3,87.0,0.0,1.9,163.0,-0.5555062389731996,1.8169790363297675
2025-12-25 00:00:00,16.5,89.0,0.0,1.1,162.0,-0.3399186938124421,1.046162167924669
2025-12-25 01:00:00,16.6,87.0,0.0,0.9,180.0,5.5109105961630896e-17,0.9
2025-12-25 02:00:00,16.2,95.0,0.0,1.6,174.0,-0.1672455412282457,1.5912350325892373
2025-12-25 03:00:00,16.1,93.0,0.6,1.9,119.0,-1.6617774435648518,0.9211382784680405
2025-12-25 04:00:00,16.0,93.0,1.1,3.4,65.0,-3.08144647592461,-1.4369020899183775
2025-12-25 05:00:00,16.3,94.0,0.1,7.6,36.0,-4.467167917422796,-6.1485291572496
2025-12-25 06:00:00,16.0,100.0,0.1,13.4,22.0,-5.0197283517732245,-12.42426365119495
2025-12-25 07:00:00,15.2,100.0,1.1,19.4,20.0,-6.635190780517969,-18.230036843246623
2025-12-25 08:00:00,14.2,100.0,1.0,23.7,31.0,-12.206402375368292,-20.314865026640057
2025-12-25 09:00:00,13.4,97.0,0.3,24.7,31.0,-12.721440450278346,-21.17203232734217
2025-12-25 10:00:00,14.1,85.0,0.1,30.9,37.0,-18.596084215398292,-24.67783726046135
2025-12-25 11:00:00,14.9,76.0,0.0,31.9,34.0,-17.838253620716817,-26.446298564505835
2025-12-25 12:00:00,14.9,75.0,0.2,32.2,33.0,-17.53737692748387,-27.005192287842657
2025-12-25 13:00:00,13.9,80.0,0.3,30.0,31.0,-15.451142247301634,-25.715019021063362
2025-12-25 14:00:00,13.4,79.0,0.4,30.3,34.0,-16.943544975163622,-25.11983844841777
2025-12-25 15:00:00,13.1,79.0,0.1,32.1,34.0,-17.950092201410964,-26.612106079016844
2025-12-25 16:00:00,12.6,79.0,0.0,30.8,37.0,-18.535902713083086,-24.59797370945662
2025-12-25 17:00:00,11.8,83.0,0.0,29.4,30.0,-14.700000000000012,-25.461146871262486
2025-12-25 18:00:00,11.3,87.0,0.0,29.8,30.0,-14.900000000000013,-25.807557032776263
2025-12-25 19:00:00,11.1,89.0,0.2,30.1,33.0,-16.39363495395231,-25.243984095157266
2025-12-25 20:00:00,10.5,92.0,0.3,29.1,30.0,-14.550000000000013,-25.20133925012716
2025-12-25 21:00:00,10.3,94.0,0.4,29.7,30.0,-14.850000000000012,-25.72095449239782
2025-12-25 22:00:00,10.1,94.0,0.2,29.1,31.0,-14.987607979882586,-24.943568450431464
2025-12-25 23:00:00,10.4,91.0,0.1,28.5,29.0,-13.8170741770206,-24.926661653472785
2025-12-26 00:00:00,10.5,89.0,0.0,28.0,30.0,-14.000000000000012,-24.248711305964274
2025-12-26 01:00:00,10.4,88.0,0.1,27.4,31.0,-14.112043252535493,-23.48638403923787
2025-12-26 02:00:00,9.9,92.0,0.5,26.2,28.0,-12.300154944990338,-23.133226932903888
2025-12-26 03:00:00,9.7,96.0,0.9,26.5,28.0,-12.440996413826104,-23.398111210761567
2025-12-26 04:00:00,9.4,95.0,0.5,24.8,26.0,-10.871604440369127,-22.29009234821934
2025-12-26 05:00:00,9.4,93.0,0.1,25.1,30.0,-12.550000000000011,-21.737237634989405
2025-12-26 06:00:00,9.6,90.0,0.1,24.1,30.0,-12.050000000000011,-20.871212231204964
2025-12-26 07:00:00,9.8,87.0,0.1,24.7,28.0,-11.5959476008115,-21.808805543615495
2025-12-26 08:00:00,10.4,85.0,0.2,21.6,30.0,-10.80000000000001,-18.70614872174387
2025-12-26 09:00:00,11.4,82.0,0.0,19.2,32.0,-10.174449873277537,-16.282523446203378
2025-12-26 10:00:00,11.1,88.0,0.9,19.7,28.0,-9.248589786882047,-17.39406757932086
2025-12-26 11:00:00,10.6,98.0,1.3,16.8,37.0,-10.11049238895441,-13.41707656879452
2025-12-26 12:00:00,11.1,98.0,0.9,15.5,31.0,-7.983090161105845,-13.286093160882738
2025-12-26 13:00:00,11.1,98.0,1.1,15.0,29.0,-7.272144303695052,-13.11929560709094
2025-12-26 14:00:00,11.6,97.0,0.7000000000000001,12.1,28.0,-5.680605909709278,-10.683665873593016
2025-12-26 15:00:00,12.0,95.0,0.1,10.8,18.0,-3.337383539249434,-10.271410375987658
2025-12-26 16:00:00,11.9,95.0,0.0,10.8,24.0,-4.392755745218642,-9.866290942540092
2025-12-26 17:00:00,11.8,93.0,0.0,11.1,32.0,-5.882103832988576,-9.413333867336327
2025-12-26 18:00:00,11.9,90.0,0.0,8.7,34.0,-4.864978260195495,-7.212626881228863
2025-12-26 19:00:00,11.9,88.0,0.0,7.1,41.0,-4.658019105832602,-5.358438019581681
2025-12-26 20:00:00,11.8,92.0,0.0,2.9,112.0,-2.688833178243683,1.0863591209061454
2025-12-26 21:00:00,12.2,85.0,2.8,4.7,72.0,-4.469965626587222,-1.4523798735622524
2025-12-26 22:00:00,11.9,86.0,2.9,4.4,69.0,-4.107753876587688,-1.576818977999322
2025-12-26 23:00:00,11.9,86.0,3.8,2.5,82.0,-2.475670171853926,-0.3479327524001638
2025-12-27 00:00:00,11.8,86.0,2.1,2.5,94.0,-2.4939101256495606,0.1743911843603138
2025-12-27 01:00:00,11.9,84.0,0.0,0.9,90.0,-0.9,1.1021821192326179e-16
2025-12-27 02:00:00,11.4,88.0,1.0,0.30000000000000004,225.0,0.2121320343559643,0.21213203435596428
2025-12-27 03:00:00,11.4,95.0,0.9,4.1,157.0,-1.6019976268060223,3.7740698991550046
2025-12-27 04:00:00,11.6,91.0,0.4,1.9,119.0,-1.6617774435648518,0.9211382784680405
2025-12-27 05:00:00,12.2,87.0,0.0,2.4,103.0,-2.3384881554845642,0.5398825304252765
2025-12-27 06:00:00,12.4,88.0,0.3,2.5,60.0,-2.1650635094610964,-1.2500000000000002
2025-12-27 07:00:00,12.4,90.0,0.3,1.8,37.0,-1.083267041673687,-1.437543918085127
2025-12-27 08:00:00,12.2,100.0,1.1,2.5,150.0,-1.2499999999999996,2.165063509461097
2025-12-27 09:00:00,13.7,97.0,0.2,3.9,16.0,-1.0749856876862955,-3.748920614159444
2025-12-27 10:00:00,14.7,94.0,0.1,3.1,347.0,0.6973482684659813,-3.0205472008342293
2025-12-27 11:00:00,15.6,92.0,0.0,2.9,313.0,2.1209257346955943,-1.9777952441812454
2025-12-27 12:00:00,16.9,81.0,0.0,7.2,321.0,4.5311068155588305,-5.5954509224901905
2025-12-27 13:00:00,17.5,75.0,0.1,9.0,337.0,3.5165801564034633,-8.284543681071963
2025-12-27 14:00:00,17.2,75.0,0.1,13.4,356.0,0.9347367481712782,-13.367358273481644
2025-12-27 15:00:00,16.0,80.0,0.3,17.5,8.0,-2.435529266801152,-17.32969120297748
2025-12-27 16:00:00,14.6,91.0,0.4,15.9,16.0,-4.382633957490282,-15.284060965419272
2025-12-27 17:00:00,13.8,92.0,0.1,17.8,30.0,-8.900000000000007,-15.415252187363004
2025-12-27 18:00:00,13.4,93.0,0.0,15.5,32.0,-8.213748595614678,-13.144745490424603
2025-12-27 19:00:00,12.5,97.0,0.0,12.8,29.0,-6.205563139153112,-11.195132251384269
2025-12-27 20:00:00,12.6,96.0,0.0,11.2,44.0,-7.7801737491407685,-8.056605763792893
2025-12-27 21:00:00,12.8,95.0,0.0,13.2,39.0,-8.307029161857859,-10.25832669123201
2025-12-27 22:00:00,12.7,96.0,0.0,11.8,46.0,-8.488209643996083,-8.19696877141617
2025-12-27 23:00:00,12.5,96.0,0.0,9.0,61.0,-7.871577364254563,-4.363286582217032
2025-12-28 00:00:00,12.3,95.0,0.0,4.3,105.0,-4.153481053042993,1.1129218939408403
2025-12-28 01:00:00,12.1,92.0,0.0,2.3,141.0,-1.4474368994146256,1.7874357113510333
2025-12-28 02:00:00,12.5,89.0,0.0,2.1,160.0,-0.7182423009839043,1.9733545036504079
2025-12-28 03:00:00,12.0,88.0,0.0,2.7,157.0,-1.0549740469210394,2.4853631043215887
2025-12-28 04:00:00,11.2,92.0,0.0,1.8,156.0,-0.7321259575364405,1.6443818237566816
2025-12-28 05:00:00,11.9,89.0,0.0,2.9,150.0,-1.4499999999999993,2.511473670974872
2025-12-28 06:00:00,12.3,87.0,0.0,2.1,160.0,-0.7182423009839043,1.9733545036504079
2025-12-28 07:00:00,12.2,84.0,0.0,3.6,160.0,-1.2312725159724074,3.3828934348292705
2025-12-28 08:00:00,14.2,76.0,0.0,3.1,183.0,0.1622414643531263,3.0957515577391788
2025-12-28 09:00:00,15.9,75.0,0.0,4.3,178.0,-0.15006783582075411,4.2973805561821115
2025-12-28 10:00:00,17.2,71.0,0.1,2.8,140.0,-1.7998053071223101,2.1449244407331385
2025-12-28 11:00:00,17.8,70.0,0.1,2.8,11.0,-0.5342651870543249,-2.748556113653459
2025-12-28 12:00:00,18.4,70.0,0.0,4.6,26.0,-2.0165072752297575,-4.134452612976167
2025-12-28 13:00:00,18.4,76.0,0.0,8.3,20.0,-2.838767189603049,-7.79944875252304
2025-12-28 14:00:00,18.2,78.0,0.0,10.1,10.0,-1.7538465944359962,-9.9465583054233
2025-12-28 15:00:00,17.6,82.0,0.2,15.7,18.0,-4.851566811686676,-14.93158730583391
2025-12-28 16:00:00,16.5,87.0,0.0,15.5,27.0,-7.036852745962977,-13.810601124919701
2025-12-28 17:00:00,15.9,88.0,0.0,15.7,30.0,-7.850000000000007,-13.596598839415682
2025-12-28 18:00:00,15.1,91.0,0.0,14.4,31.0,-7.416548278704785,-12.343209130110415
2025-12-28 19:00:00,14.5,94.0,0.0,11.4,39.0,-7.1742524579681515,-8.859463960609466
2025-12-28 20:00:00,15.0,92.0,0.0,8.9,34.0,-4.9768168408896445,-7.378434395739872
2025-12-28 21:00:00,14.1,94.0,0.0,8.9,28.0,-4.178296908794428,-7.858233576444451
2025-12-28 22:00:00,13.8,95.0,0.0,9.0,43.0,-6.137985240562488,-6.582183314572534
2025-12-28 23:00:00,13.4,95.0,0.0,8.3,68.0,-7.695625992904336,-3.10923472535207
2025-12-29 00:00:00,12.9,95.0,0.0,7.7,78.0,-7.531736525650303,-1.6009200192967483
2025-12-29 01:00:00,12.6,94.0,0.0,8.1,87.0,-8.088899231512048,-0.42392124556784283
2025-12-29 02:00:00,13.0,93.0,0.0,7.9,79.0,-7.754854749236546,-1.5073910634747034
2025-12-29 03:00:00,13.1,90.0,0.0,8.4,80.0,-8.272385125302547,-1.458644692402216
2025-12-29 04:00:00,12.9,89.0,0.0,8.6,79.0,-8.441993777649909,-1.6409573602382845
2025-12-29 05:00:00,13.1,87.0,0.0,8.3,76.0,-8.053454528090771,-2.0079517334772405
2025-12-29 06:00:00,12.9,86.0,0.0,7.8,77.0,-7.6000865053248345,-1.7546182238821468
2025-12-29 07:00:00,13.1,84.0,0.0,7.3,83.0,-7.245586906981651,-0.8896462068575753
2025-12-29 08:00:00,15.9,82.0,0.0,7.7,53.0,-6.149493427364155,-4.633975678270772
2025-12-29 09:00:00,18.4,76.0,0.0,8.5,38.0,-5.233122540268093,-6.698091405657138
2025-12-29 10:00:00,20.4,70.0,0.0,11.0,23.0,-4.298042413382012,-10.125553387976844
2025-12-29 11:00:00,21.8,64.0,0.0,10.2,30.0,-5.100000000000004,-8.83345911860127
2025-12-29 12:00:00,22.5,61.0,0.0,10.9,22.0,-4.083211868233444,-10.106304014777981
2025-12-29 13:00:00,22.9,59.0,0.0,9.1,21.0,-3.261148340862236,-8.495581881124535
2025-12-29 14:00:00,23.5,54.0,0.0,5.5,349.0,1.049449474570997,-5.3989495089621515
2025-12-29 15:00:00,23.4,53.0,0.0,4.4,328.0,2.3316447626261017,-3.7314116230882743
2025-12-29 16:00:00,22.5,61.0,0.0,3.0,335.0,1.2678547852220983,-2.7189233611099497
2025-12-29 17:00:00,20.4,68.0,0.0,0.9,90.0,-0.9,1.1021821192326179e-16
2025-12-29 18:00:00,18.4,72.0,0.0,0.8,153.0,-0.36319239979163737,0.7128052193506944
2025-12-29 19:00:00,17.6,73.0,0.0,1.5,159.0,-0.5375519243179504,1.4003706397458027
2025-12-29 20:00:00,16.5,81.0,0.0,3.5,171.0,-0.5475206276408079,3.456909192082982
2025-12-29 21:00:00,16.6,77.0,0.0,9.7,168.0,-2.0167434009322656,9.488031727117914
2025-12-29 22:00:00,15.1,81.0,0.0,9.6,168.0,-1.9959522318504896,9.390216967044534
2025-12-29 23:00:00,14.2,81.0,0.0,7.4,162.0,-2.2867257583746103,7.037818220584137
2025-12-30 00:00:00,14.2,78.0,0.0,6.9,160.0,-2.359938988947114,6.483879083422768
2025-12-30 01:00:00,14.1,79.0,0.0,7.6,161.0,-2.4743179738743906,7.185941174554808
2025-12-30 02:00:00,14.9,74.0,0.0,9.1,159.0,-3.261148340862232,8.495581881124535
2025-12-30 03:00:00,14.0,77.0,0.0,8.0,160.0,-2.7361611466053497,7.517540966287267
2025-12-30 04:00:00,13.0,81.0,0.0,5.7,156.0,-2.3183988655320618,5.207209108562825
2025-12-30 05:00:00,11.9,88.0,0.0,1.8,156.0,-0.7321259575364405,1.6443818237566816
2025-12-30 06:00:00,11.9,91.0,0.0,2.3,148.0,-1.218814307736371,1.9505106211597798
2025-12-30 07:00:00,12.9,87.0,0.0,5.3,142.0,-3.263005819225989,4.176456994115626
2025-12-30 08:00:00,16.5,79.0,0.0,9.6,52.0,-7.564903234624531,-5.910350163126318
2025-12-30 09:00:00,17.8,83.0,0.0,14.8,26.0,-6.487892972478351,-13.30215188522767
2025-12-30 10:00:00,18.9,82.0,0.0,19.7,36.0,-11.579369470161723,-15.937634789186461
2025-12-30 11:00:00,19.4,81.0,0.0,20.5,35.0,-11.758316945196452,-16.792616907924327
2025-12-30 12:00:00,20.0,78.0,0.1,19.7,32.0,-10.439409505394138,-16.70654749428159
2025-12-30 13:00:00,19.5,80.0,0.2,20.2,30.0,-10.100000000000009,-17.493713156445654
2025-12-30 14:00:00,18.5,83.0,0.1,19.1,31.0,-9.837227230782041,-16.37189544341034
2025-12-30 15:00:00,18.2,84.0,0.0,21.2,31.0,-10.918807188093155,-18.171946774884777
2025-12-30 16:00:00,17.6,85.0,0.0,22.0,33.0,-11.982058770330593,-18.450752494799328
2025-12-30 17:00:00,16.8,90.0,0.0,19.8,29.0,-9.59923048087747,-17.31747020136004
2025-12-30 18:00:00,15.9,95.0,0.0,19.6,27.0,-8.89821379489512,-17.46372787409201
2025-12-30 19:00:00,15.4,95.0,0.0,20.6,28.0,-9.67111419338935,-18.188720412893897
2025-12-30 20:00:00,15.2,96.0,0.0,18.7,33.0,-10.184749954781005,-15.683139620579428
2025-12-30 21:00:00,15.2,96.0,0.0,18.4,32.0,-9.75051446189097,-15.604084969278237
2025-12-30 22:00:00,14.9,96.0,0.0,17.0,34.0,-9.506279359002692,-14.09363873343571
2025-12-30 23:00:00,14.9,96.0,0.0,15.8,37.0,-9.508677365802363,-12.618441058747226
2025-12-31 00:00:00,14.9,96.0,0.0,15.1,39.0,-9.502737904852552,-11.734904018000256
2025-12-31 01:00:00,14.6,97.0,0.0,13.8,40.0,-8.870469013674246,-10.571413315041896
2025-12-31 02:00:00,14.5,98.0,0.0,13.5,42.0,-9.033263185844584,-10.032455143944825
2025-12-31 03:00:00,14.5,97.0,0.0,13.8,35.0,-7.91535482164444,-11.304298211188085
2025-12-31 04:00:00,14.4,97.0,0.0,14.4,37.0,-8.666136333389495,-11.500351344681016
2025-12-31 05:00:00,14.4,97.0,0.0,15.0,38.0,-9.234922129884872,-11.820161304100832
2025-12-31 06:00:00,14.4,97.0,0.0,15.4,37.0,-9.267951356541543,-12.29898685472831
2025-12-31 07:00:00,14.5,97.0,0.0,16.2,35.0,-9.291938268886952,-13.270263117481663
2025-12-31 08:00:00,15.9,90.0,0.0,21.7,30.0,-10.850000000000009,-18.792751262122312
2025-12-31 09:00:00,17.2,82.0,0.0,26.0,35.0,-14.912987345127206,-21.29795315151378
2025-12-31 10:00:00,18.3,76.0,0.0,27.2,36.0,-15.987758862355271,-22.005262246998566
2025-12-31 11:00:00,18.3,75.0,0.0,27.4,33.0,-14.923109559411738,-22.97957356170462
2025-12-31 12:00:00,17.9,76.0,0.0,26.8,33.0,-14.596326138402723,-22.476371220937367
2025-12-31 13:00:00,17.6,77.0,0.0,26.7,35.0,-15.314490850572938,-21.871359582516074
2025-12-31 14:00:00,16.9,81.0,0.0,23.7,39.0,-14.914893267881157,-18.4183592865302
2025-12-31 15:00:00,17.7,76.0,0.0,26.3,36.0,-15.458752135292047,-21.277146952061116
2025-12-31 16:00:00,16.9,81.0,0.0,25.5,36.0,-14.988523933458067,-20.629933356561157
2025-12-31 17:00:00,15.8,87.0,0.0,22.3,31.0,-11.485349070494216,-19.1148308056571
2025-12-31 18:00:00,14.9,92.0,0.0,21.5,31.0,-11.073318610566172,-18.42909696509541
2025-12-31 19:00:00,14.7,92.0,0.0,20.9,31.0,-10.764295765620139,-17.914796584674143
2025-12-31 20:00:00,14.4,96.0,0.0,16.3,38.0,-10.035282047808227,-12.84457528378957
2025-12-31 21:00:00,14.6,95.0,0.0,16.8,39.0,-10.572582569637277,-13.056052152477106
2025-12-31 22:00:00,14.5,95.0,0.0,16.1,36.0,-9.46334256190882,-13.025173609436653
2025-12-31 23:00:00,14.4,96.0,0.0,17.2,32.0,-9.114611344811125,-14.586427253890525
2026-01-01 00:00:00,14.3,97.0,0.0,18.0,34.0,-10.065472262473438,-14.922676305990754
2026-01-01 01:00:00,14.3,96.0,0.0,18.2,33.0,-9.91243043727349,-15.263804336606718
2026-01-01 02:00:00,14.2,95.0,0.0,19.7,34.0,-11.016100198373707,-16.332040179334324
2026-01-01 03:00:00,14.1,95.0,0.0,21.7,32.0,-11.499248033860548,-18.40264368659444
2026-01-01 04:00:00,14.1,93.0,0.0,21.3,33.0,-11.600811445820074,-17.863683097237534
2026-01-01 05:00:00,13.9,92.0,0.0,19.2,26.0,-8.416726018350293,-17.256845688944
2026-01-01 06:00:00,13.6,93.0,0.0,18.0,31.0,-9.270685348380981,-15.429011412638019
2026-01-01 07:00:00,13.4,95.0,0.1,18.5,24.0,-7.5246278969023015,-16.90059096638812
2026-01-01 08:00:00,14.0,93.0,0.1,14.7,28.0,-6.901231972952593,-12.979329615026225
2026-01-01 09:00:00,15.4,86.0,0.1,21.2,35.0,-12.159820450642183,-17.36602333892662
2026-01-01 10:00:00,16.9,78.0,0.0,24.7,39.0,-15.544213658930994,-19.19550524798717
2026-01-01 11:00:00,17.6,71.0,0.0,25.6,35.0,-14.683556770586788,-20.970292333798184
2026-01-01 12:00:00,17.4,71.0,0.0,25.5,38.0,-15.699367620804281,-20.094274216971414
2026-01-01 13:00:00,17.5,69.0,0.0,25.3,39.0,-15.921805893560897,-19.661792824861354
2026-01-01 14:00:00,17.5,69.0,0.0,25.1,33.0,-13.670439778877178,-21.050631255430144
2026-01-01 15:00:00,16.2,73.0,0.0,26.1,30.0,-13.050000000000013,-22.603263038773843
2026-01-01 16:00:00,15.2,76.0,0.0,28.2,35.0,-16.174855505099508,-23.10008764894956
2026-01-01 17:00:00,14.0,81.0,0.0,26.8,32.0,-14.201836281449895,-22.727688976992216
2026-01-01 18:00:00,13.2,85.0,0.0,27.5,31.0,-14.163547060026499,-23.572100769308083
2026-01-01 19:00:00,13.1,86.0,0.0,26.6,30.0,-13.300000000000013,-23.036275740666063
2026-01-01 20:00:00,12.9,88.0,0.0,25.3,29.0,-12.265683392232322,-22.127878590626718
2026-01-01 21:00:00,12.6,90.0,0.0,26.2,28.0,-12.300154944990338,-23.133226932903888
2026-01-01 22:00:00,12.6,89.0,0.0,26.0,29.0,-12.605050126404757,-22.740112385624293
2026-01-01 23:00:00,12.4,89.0,0.1,25.9,32.0,-13.72490894364001,-21.96444569045143
2026-01-02 00:00:00,12.1,90.0,0.0,25.8,31.0,-13.287982332679405,-22.114916358114492
2026-01-02 01:00:00,11.9,89.0,0.0,26.4,32.0,-13.989868575756612,-22.388469738529643
2026-01-02 02:00:00,11.6,91.0,0.0,26.0,32.0,-13.77790087006333,-22.049250500067075
2026-01-02 03:00:00,11.6,88.0,0.0,26.6,34.0,-14.874531232321859,-22.052399429964115
2026-01-02 04:00:00,11.4,86.0,0.0,26.6,32.0,-14.095852428603255,-22.55807935776093
2026-01-02 05:00:00,11.2,84.0,0.0,26.9,30.0,-13.450000000000012,-23.29608336180139
2026-01-02 06:00:00,11.0,84.0,0.0,27.5,28.0,-12.910467976611995,-24.281058803620493
2026-01-02 07:00:00,10.2,87.0,0.1,28.5,31.0,-14.678585134936553,-24.429268070010195
2026-01-02 08:00:00,10.6,82.0,0.3,29.4,34.0,-16.440271362039947,-24.37370463311823
2026-01-02 09:00:00,11.1,77.0,0.1,33.3,32.0,-17.646311498965726,-28.24000160200898
2026-01-02 10:00:00,11.5,72.0,0.0,34.3,33.0,-18.681118901015424,-28.76640048052804
2026-01-02 11:00:00,11.4,72.0,0.0,33.4,32.0,-17.699303425389047,-28.324806411624625
2026-01-02 12:00:00,11.4,70.0,0.0,31.9,32.0,-16.90442452903924,-27.052734267389987
2026-01-02 13:00:00,11.1,71.0,0.0,32.4,32.0,-17.169384161155843,-27.4767583154682
2026-01-02 14:00:00,11.6,68.0,0.0,29.8,28.0,-13.990252571019544,-26.311838267196023
2026-01-02 15:00:00,11.4,68.0,0.0,31.7,29.0,-15.368464961808877,-27.72544471631885
2026-01-02 16:00:00,10.3,72.0,0.0,31.2,33.0,-16.992737892468842,-26.16652171989723
2026-01-02 17:00:00,9.2,77.0,0.0,28.3,30.0,-14.150000000000013,-24.508518927099608
2026-01-02 18:00:00,8.6,79.0,0.0,28.8,30.0,-14.400000000000013,-24.941531628991825
2026-01-02 19:00:00,8.1,79.0,0.0,28.5,30.0,-14.250000000000012,-24.681724007856495
2026-01-02 20:00:00,8.6,73.0,0.0,26.1,31.0,-13.442493755152423,-22.372066548325126
2026-01-02 21:00:00,8.9,70.0,0.0,26.9,30.0,-13.450000000000012,-23.29608336180139
2026-01-02 22:00:00,9.1,66.0,0.0,24.7,29.0,-11.97479762008452,-21.60310676634308
2026-01-02 23:00:00,8.6,70.0,0.0,23.5,30.0,-11.75000000000001,-20.3515969889343
2026-01-03 00:00:00,8.3,73.0,0.0,20.8,31.0,-10.712791958129134,-17.829079854603933
2026-01-03 01:00:00,8.1,72.0,0.0,18.6,33.0,-10.130286051279503,-15.599272563784888
2026-01-03 02:00:00,8.2,69.0,0.0,17.1,34.0,-9.562198649349767,-14.176542490691217
2026-01-03 03:00:00,8.1,71.0,0.0,16.4,35.0,-9.40665355615716,-13.43409352633946
2026-01-03 04:00:00,8.1,71.0,0.0,16.4,36.0,-9.63967813759656,-13.267878707749135
2026-01-03 05:00:00,8.1,71.0,0.0,16.0,38.0,-9.85058360521053,-12.608172057707554
2026-01-03 06:00:00,8.1,71.0,0.0,16.0,36.0,-9.404564036679572,-12.944271909999157
2026-01-03 07:00:00,8.4,71.0,0.0,15.8,35.0,-9.062507694346532,-12.942602299766067
2026-01-03 08:00:00,10.9,66.0,0.0,14.2,32.0,-7.5248535521115105,-12.042282965421247
2026-01-03 09:00:00,13.1,61.0,0.0,15.4,30.0,-7.700000000000007,-13.336791218280352
2026-01-03 10:00:00,14.9,54.0,0.0,15.5,25.0,-6.550583056980837,-14.047770699068076
2026-01-03 11:00:00,16.2,50.0,0.0,15.8,23.0,-6.173551830130527,-14.543976684548557
2026-01-03 12:00:00,16.9,49.0,0.0,16.9,22.0,-6.330851428728917,-15.669407142178704
2026-01-03 13:00:00,17.0,49.0,0.0,18.2,21.0,-6.522296681724472,-16.99116376224907
2026-01-03 14:00:00,17.4,50.0,0.0,15.2,14.0,-3.67721281311495,-14.748495039395145
2026-01-03 15:00:00,17.0,51.0,0.0,16.8,19.0,-5.4695449948802315,-15.884712070068524
2026-01-03 16:00:00,15.7,55.0,0.0,16.6,23.0,-6.486136732921946,-15.280380567310509
2026-01-03 17:00:00,13.6,62.0,0.0,11.6,21.0,-4.157068214725488,-10.82953294736754
2026-01-03 18:00:00,11.8,70.0,0.0,7.5,44.0,-5.209937778442479,-5.3950485025398836
2026-01-03 19:00:00,10.5,77.0,0.0,4.9,86.0,-4.8880638462731385,-0.34180672134621387
2026-01-03 20:00:00,11.1,74.0,0.0,0.6000000000000001,162.0,-0.18541019662496844,0.5706339097770923
2026-01-03 21:00:00,11.4,73.0,0.0,5.0,180.0,3.061616997868383e-16,5.0
2026-01-03 22:00:00,11.1,74.0,0.0,6.7,185.0,0.5839434764093095,6.674504477214695
2026-01-03 23:00:00,10.6,78.0,0.0,11.2,196.0,3.0871383851503906,10.76613099450917
2026-01-04 00:00:00,11.1,80.0,0.0,9.4,193.0,2.11453991083233,9.159078608981211
2026-01-04 01:00:00,11.1,81.0,0.0,5.2,164.0,-1.433314250248395,4.998560818879258
2026-01-04 02:00:00,11.4,76.0,0.0,2.9,137.0,-1.9777952441812452,2.1209257346955948
2026-01-04 03:00:00,11.1,73.0,0.0,3.9,103.0,-3.800043252662417,0.8773091119410743
2026-01-04 04:00:00,10.9,69.0,0.0,4.4,109.0,-4.160281732636994,1.4324998796114892
2026-01-04 05:00:00,10.3,68.0,0.0,3.1,114.0,-2.831990918692062,1.2608835935349814
2026-01-04 06:00:00,10.1,67.0,0.0,4.0,117.0,-3.564026096753471,1.8159619989581874
2026-01-04 07:00:00,10.6,66.0,0.0,3.5,129.0,-2.720010865099398,2.2026213686744307
2026-01-04 08:00:00,13.5,66.0,0.0,4.3,105.0,-4.153481053042993,1.1129218939408403
2026-01-04 09:00:00,16.5,56.0,0.0,3.0,14.0,-0.7257656867990033,-2.9108871788279895
2026-01-04 10:00:00,18.0,54.0,0.0,4.7,342.0,1.452379873562253,-4.469965626587221
2026-01-04 11:00:00,19.2,50.0,0.0,5.5,319.0,3.6083246594477902,-4.150902691225246
2026-01-04 12:00:00,19.9,48.0,0.0,7.0,316.0,4.862608593212981,-5.035378602370558
2026-01-04 13:00:00,19.9,49.0,0.0,8.6,331.0,4.169362734118499,-7.521729481398803
2026-01-04 14:00:00,19.1,54.0,0.0,7.3,332.0,3.4271424083370032,-6.445517427870166
2026-01-04 15:00:00,19.0,54.0,0.0,7.2,347.0,1.6196475912758275,-7.015464466453694
2026-01-04 16:00:00,18.0,57.0,0.0,7.2,348.0,1.496964173887868,-7.0426627252834
2026-01-04 17:00:00,15.1,74.0,0.0,4.3,15.0,-1.1129218939408387,-4.153481053042993
2026-01-04 18:00:00,13.3,77.0,0.0,2.7,70.0,-2.537170076121953,-0.9234543869793055
2026-01-04 19:00:00,12.8,77.0,0.0,1.5,120.0,-1.299038105676658,0.7499999999999999
2026-01-04 20:00:00,12.1,78.0,0.0,2.8,153.0,-1.2711733992707306,2.49481826772743
2026-01-04 21:00:00,11.6,80.0,0.0,3.9,146.0,-2.180852323535912,3.233246532964663
2026-01-04 22:00:00,11.4,81.0,0.0,2.4,144.0,-1.4106846055019353,1.9416407864998737
2026-01-04 23:00:00,11.6,79.0,0.0,1.9,151.0,-0.9211382784680403,1.661777443564852
2026-01-05 00:00:00,11.6,78.0,0.0,2.4,153.0,-1.089577199374912,2.138415658052083
2026-01-05 01:00:00,11.5,77.0,0.0,4.2,162.0,-1.297871376374779,3.9944373684396455
2026-01-05 02:00:00,11.2,79.0,0.0,5.0,159.0,-1.7918397477265013,4.667902132486009
2026-01-05 03:00:00,11.6,76.0,0.0,4.5,151.0,-2.1816432911085166,3.9357886821272814
2026-01-05 04:00:00,11.6,77.0,0.0,2.8,145.0,-1.606014021782929,2.2936257240091766
2026-01-05 05:00:00,11.1,81.0,0.0,2.7,143.0,-1.6249005625105308,2.1563158771276907
2026-01-05 06:00:00,11.4,82.0,0.0,2.6,141.0,-1.6362330167295769,2.020579499788125
2026-01-05 07:00:00,10.7,83.0,0.0,1.9,139.0,-1.2465121550819636,1.433948202423267
2026-01-05 08:00:00,14.7,86.0,0.0,4.4,122.0,-3.7314116230882743,2.3316447626261017
2026-01-05 09:00:00,16.4,81.0,0.1,4.5,5.0,-0.3922008423644621,-4.482876141412855
2026-01-05 10:00:00,17.5,75.0,0.3,8.6,350.0,1.4933743279356015,-8.469346675904989
2026-01-05 11:00:00,18.2,73.0,0.4,8.6,360.0,5.265981236333618e-16,-8.6
2026-01-05 12:00:00,18.4,71.0,0.8,10.3,360.0,6.30693101560887e-16,-10.3
2026-01-05 13:00:00,17.9,74.0,0.5,12.6,1.0,-0.21990032110977206,-12.59808095897053
2026-01-05 14:00:00,16.6,80.0,0.4,14.0,1.0,-0.24433369012196898,-13.997867732189478
2026-01-05 15:00:00,16.6,79.0,0.2,14.6,16.0,-4.0243053949281835,-14.034420760699458
2026-01-05 16:00:00,16.4,77.0,0.0,15.3,25.0,-6.466059404632698,-13.866509141660746
2026-01-05 17:00:00,15.4,82.0,0.0,14.9,21.0,-5.3396824482249805,-13.910348354808304
2026-01-05 18:00:00,14.4,90.0,0.0,16.5,20.0,-5.643332364873531,-15.50492824296749
2026-01-05 19:00:00,13.5,92.0,0.0,18.2,25.0,-7.691652363680724,-16.49480172406703
2026-01-05 20:00:00,13.4,89.0,0.1,16.5,31.0,-8.4981282360159,-14.14326046158485
2026-01-05 21:00:00,13.1,89.0,0.0,18.2,27.0,-8.262627095259754,-16.216318740228292
2026-01-05 22:00:00,12.7,90.0,0.0,19.9,26.0,-8.723585821102647,-17.886001521353418
2026-01-05 23:00:00,12.1,91.0,0.0,20.3,26.0,-8.898934279818278,-18.245519139873085
2026-01-06 00:00:00,11.7,91.0,0.0,21.2,28.0,-9.952797131060883,-18.71848896860925
2026-01-06 01:00:00,11.4,89.0,0.0,22.2,27.0,-10.078589094217941,-19.780344836981765
2026-01-06 02:00:00,11.1,89.0,0.0,20.0,30.0,-10.000000000000009,-17.320508075688767
2026-01-06 03:00:00,11.1,88.0,0.0,20.9,24.0,-8.500795840284221,-19.093100064730358
2026-01-06 04:00:00,10.4,90.0,0.0,21.3,27.0,-9.66999764445235,-18.978438965212234
2026-01-06 05:00:00,10.1,89.0,0.0,21.3,28.0,-9.999744287339473,-18.806783727895144
2026-01-06 06:00:00,9.9,89.0,0.0,21.3,28.0,-9.999744287339473,-18.806783727895144
2026-01-06 07:00:00,9.7,89.0,0.0,20.3,30.0,-10.15000000000001,-17.5803156968241
2026-01-06 08:00:00,10.9,84.0,0.0,16.1,22.0,-6.031166153996188,-14.927660058525277
2026-01-06 09:00:00,13.0,72.0,0.0,21.1,27.0,-9.57919954450444,-18.800237660374563
2026-01-06 10:00:00,14.6,64.0,0.0,21.5,30.0,-10.750000000000009,-18.619546181365425
2026-01-06 11:00:00,15.4,61.0,0.0,21.3,27.0,-9.66999764445235,-18.978438965212234
2026-01-06 12:00:00,15.2,63.0,0.0,21.0,25.0,-8.874983496554682,-19.03246352776965
2026-01-06 13:00:00,14.0,69.0,0.0,21.7,23.0,-8.478865488217242,-19.974955319917953
2026-01-06 14:00:00,12.4,78.0,0.0,18.8,22.0,-7.042603956219152,-17.4310564658556
2026-01-06 15:00:00,12.2,76.0,0.1,18.8,26.0,-8.241377559634662,-16.897328070424336
2026-01-06 16:00:00,11.7,78.0,0.0,18.0,27.0,-8.171828995311845,-16.03811743539062
2026-01-06 17:00:00,11.1,81.0,0.0,16.3,23.0,-6.368917394375163,-15.004229111274777
2026-01-06 18:00:00,10.6,84.0,0.0,16.6,27.0,-7.536242295676479,-14.790708301526907
2026-01-06 19:00:00,10.4,84.0,0.0,16.9,34.0,-9.450360068655616,-14.010734976180206
2026-01-06 20:00:00,9.8,90.0,0.1,16.5,30.0,-8.250000000000007,-14.289419162443233
2026-01-06 21:00:00,9.6,89.0,0.0,14.7,36.0,-8.640443208699356,-11.892549817311725
2026-01-06 22:00:00,9.6,86.0,0.0,14.3,44.0,-9.93361469756366,-10.286559144842712
2026-01-06 23:00:00,9.6,84.0,0.0,16.4,40.0,-10.541716798859246,-12.563128867151237
2026-01-07 00:00:00,9.5,79.0,0.0,17.2,40.0,-11.055946886608478,-13.17596442164642
2026-01-07 01:00:00,9.4,76.0,0.0,17.4,38.0,-10.71250967066645,-13.711387112756963
2026-01-07 02:00:00,8.8,77.0,0.0,18.3,29.0,-8.872016050507964,-16.005540640650946
2026-01-07 03:00:00,8.8,76.0,0.0,20.6,36.0,-12.108376197224949,-16.665750084123918
2026-01-07 04:00:00,8.9,74.0,0.0,22.1,35.0,-12.676039243358126,-18.103260178786716
2026-01-07 05:00:00,8.6,74.0,0.0,23.1,35.0,-13.249615679709173,-18.922412223075707
2026-01-07 06:00:00,8.6,70.0,0.0,23.3,37.0,-14.022290039442725,-18.608207384101924
2026-01-07 07:00:00,8.4,69.0,0.0,24.4,36.0,-14.341960155936347,-19.740014662748713
2026-01-07 08:00:00,9.2,67.0,0.0,24.1,33.0,-13.12580074386215,-20.21196068748472
2026-01-07 09:00:00,10.6,60.0,0.0,27.7,32.0,-14.678763619259778,-23.490932263532997
2026-01-07 10:00:00,11.9,55.0,0.0,27.0,35.0,-15.486563781478253,-22.117105195802772
2026-01-07 11:00:00,13.0,52.0,0.0,27.2,33.0,-14.814181752408734,-22.811839448115535
2026-01-07 12:00:00,13.4,52.0,0.0,27.4,33.0,-14.923109559411738,-22.97957356170462
2026-01-07 13:00:00,12.9,54.0,0.0,26.1,34.0,-14.594934780586486,-21.637880643686593
2026-01-07 14:00:00,13.3,54.0,0.0,22.4,27.0,-10.16938719416585,-19.958546141819436
2026-01-07 15:00:00,13.0,54.0,0.0,21.9,28.0,-10.281427225011006,-19.3365522836105
2026-01-07 16:00:00,12.0,58.0,0.0,21.0,29.0,-10.181002025173074,-18.367013849927314
2026-01-07 17:00:00,10.4,64.0,0.0,18.1,30.0,-9.05000000000001,-15.675059808498336
2026-01-07 18:00:00,9.1,69.0,0.0,16.9,34.0,-9.450360068655616,-14.010734976180206
2026-01-07 19:00:00,8.7,72.0,0.0,15.9,39.0,-10.006194217692421,-12.356620787165832
2026-01-07 20:00:00,8.6,73.0,0.0,12.4,33.0,-6.753524034186334,-10.399515042523259
2026-01-07 21:00:00,9.6,69.0,0.0,10.3,41.0,-6.7574079986022255,-7.7735086762945524
2026-01-07 22:00:00,10.4,66.0,0.0,10.6,39.0,-6.670796145128281,-8.237747191443887
2026-01-07 23:00:00,9.9,69.0,0.0,12.0,43.0,-8.183980320749983,-8.776244419430046
2026-01-08 00:00:00,9.8,72.0,0.0,12.6,41.0,-8.266343765280391,-9.509340710806928
2026-01-08 01:00:00,9.9,72.0,0.0,13.6,40.0,-8.741911491736937,-10.418204426418098
2026-01-08 02:00:00,10.1,72.0,0.0,12.1,30.0,-6.050000000000005,-10.478907385791704
2026-01-08 03:00:00,10.4,71.0,0.0,14.8,38.0,-9.11178983481974,-11.662559153379489
2026-01-08 04:00:00,10.5,70.0,0.0,15.2,39.0,-9.565669943957534,-11.812618614145952
2026-01-08 05:00:00,10.8,68.0,0.0,16.7,33.0,-9.09547188475095,-14.005798484688581
2026-01-08 06:00:00,10.7,66.0,0.0,19.5,30.0,-9.750000000000009,-16.887495373796547
2026-01-08 07:00:00,10.2,70.0,0.0,21.1,30.0,-10.55000000000001,-18.273136019851652
2026-01-08 08:00:00,11.7,67.0,0.0,21.3,24.0,-8.663490497514543,-19.458518247787403
2026-01-08 09:00:00,13.1,59.0,0.0,27.7,29.0,-13.42922648082353,-24.226965887761267
2026-01-08 10:00:00,14.0,53.0,0.0,29.2,32.0,-15.473642515609585,-24.76300440776764
2026-01-08 11:00:00,14.7,50.0,0.0,29.5,30.0,-14.750000000000012,-25.547749411640932
2026-01-08 12:00:00,15.6,48.0,0.0,27.2,32.0,-14.413803987143176,-23.066908215454784
2026-01-08 13:00:00,15.9,46.0,0.0,27.0,28.0,-12.67573219521905,-23.83958500719103
2026-01-08 14:00:00,15.1,50.0,0.0,26.6,26.0,-11.660672504589469,-23.907921631557837
2026-01-08 15:00:00,14.1,53.0,0.0,28.1,29.0,-13.623150328922065,-24.57681377061703
2026-01-08 16:00:00,12.7,56.0,0.0,26.7,30.0,-13.350000000000012,-23.122878281044503
2026-01-08 17:00:00,11.2,58.0,0.0,25.0,30.0,-12.50000000000001,-21.65063509461096
2026-01-08 18:00:00,10.1,59.0,0.0,24.2,32.0,-12.82404619444356,-20.522763926985508
2026-01-08 19:00:00,9.4,61.0,0.0,22.3,34.0,-12.47000174739765,-18.487537867977434
2026-01-08 20:00:00,9.4,60.0,0.0,20.6,31.0,-10.609784343147123,-17.657646394463512
2026-01-08 21:00:00,9.1,62.0,0.0,20.1,30.0,-10.05000000000001,-17.40711061606721
2026-01-08 22:00:00,8.6,64.0,0.0,19.0,31.0,-9.785723423291035,-16.28617871334013
2026-01-08 23:00:00,8.6,65.0,0.0,18.3,35.0,-10.49644878522415,-14.990482410488546
2026-01-09 00:00:00,8.5,65.0,0.0,18.6,36.0,-10.932805692640004,-15.047716095374021
2026-01-09 01:00:00,8.4,64.0,0.0,18.6,38.0,-11.451303441057242,-14.657000017085032
2026-01-09 02:00:00,8.8,60.0,0.0,19.5,37.0,-11.735392951464942,-15.57339244592221
2026-01-09 03:00:00,8.4,61.0,0.0,19.3,35.0,-11.070025221575195,-15.809634454777537
2026-01-09 04:00:00,8.3,61.0,0.0,18.6,34.0,-10.400988004555886,-15.420098849523779
2026-01-09 05:00:00,8.9,58.0,0.0,18.6,31.0,-9.579708193327015,-15.943311793059287
2026-01-09 06:00:00,8.8,58.0,0.0,18.4,31.0,-9.476700578345001,-15.771878332918861
2026-01-09 07:00:00,8.8,59.0,0.0,19.0,31.0,-9.785723423291035,-16.28617871334013
2026-01-09 08:00:00,9.6,63.0,0.0,16.2,19.0,-5.274204102205937,-15.317400924708933
2026-01-09 09:00:00,11.8,59.0,0.0,18.8,21.0,-6.737317451451654,-17.551312018147392
2026-01-09 10:00:00,13.4,53.0,0.0,20.7,23.0,-8.088134359727968,-19.054450466465514
2026-01-09 11:00:00,14.9,49.0,0.0,18.3,17.0,-5.3504021964260895,-17.50037703412355
2026-01-09 12:00:00,16.1,46.0,0.0,15.9,18.0,-4.913370210561666,-15.121798609092941
2026-01-09 13:00:00,16.9,43.0,0.0,15.2,11.0,-2.900296729723478,-14.920733188404492
2026-01-09 14:00:00,16.9,45.0,0.0,10.8,359.0,0.18848598952266288,-10.798355107689027
2026-01-09 15:00:00,16.5,47.0,0.0,12.2,352.0,1.6979118317127986,-12.081270438647158
2026-01-09 16:00:00,15.4,51.0,0.0,11.8,352.0,1.6422425913287726,-11.685163211150531
2026-01-09 17:00:00,13.1,60.0,0.0,10.1,354.0,1.0557374790032998,-10.04467114321956
2026-01-09 18:00:00,11.4,65.0,0.0,11.1,20.0,-3.796423590914921,-10.430588090723584
2026-01-09 19:00:00,10.6,68.0,0.0,11.8,40.0,-7.584893794301166,-9.03932442880394
2026-01-09 20:00:00,10.1,71.0,0.0,9.2,40.0,-5.913646009116163,-7.047608876694596
2026-01-09 21:00:00,10.6,70.0,0.0,9.6,47.0,-7.020995535544038,-6.5471842565999845
2026-01-09 22:00:00,10.1,73.0,0.0,6.3,72.0,-5.991656052659468,-1.9468070645621678
2026-01-09 23:00:00,9.6,76.0,0.0,3.7,76.0,-3.590094187221187,-0.8951110137187698
2026-01-10 00:00:00,9.4,75.0,0.0,2.9,79.0,-2.8467188319982255,-0.5533460865919797
2026-01-10 01:00:00,9.4,74.0,0.0,2.0,90.0,-2.0,2.4492935982947064e-16
2026-01-10 02:00:00,8.1,81.0,0.0,0.4,207.0,0.18159619989581874,0.35640260967534715
2026-01-10 03:00:00,8.4,78.0,0.0,2.8,117.0,-2.4948182677274295,1.271173399270731
2026-01-10 04:00:00,8.4,77.0,0.0,6.1,56.0,-5.057129192585755,-3.4110767111715545
2026-01-10 05:00:00,9.4,72.0,0.0,9.5,51.0,-7.382886633841222,-5.9785437149734575
2026-01-10 06:00:00,9.1,72.0,0.0,12.2,53.0,-9.743353222576973,-7.34214328245499
2026-01-10 07:00:00,9.1,74.0,0.0,13.3,48.0,-9.883826178849343,-8.899437064572815
2026-01-10 08:00:00,10.9,74.0,0.0,12.3,27.0,-5.584083146796427,-10.959380247516924
2026-01-10 09:00:00,13.9,63.0,0.0,10.2,34.0,-5.703767615401615,-8.456183240061426
2026-01-10 10:00:00,16.5,55.0,0.0,10.7,20.0,-3.6596155335846534,-10.05471104240922
2026-01-10 11:00:00,18.1,53.0,0.0,10.9,16.0,-3.0044471784052877,-10.477752485727677
2026-01-10 12:00:00,19.4,53.0,0.0,11.7,2.0,-0.4083241114192589,-11.69287267612342
2026-01-10 13:00:00,19.5,54.0,0.0,14.3,354.0,1.4947570247274444,-14.221663103766309
2026-01-10 14:00:00,18.1,60.0,0.0,13.5,348.0,2.8068078260397527,-13.204992609906375
2026-01-10 15:00:00,16.4,69.0,0.0,14.3,353.0,1.7427316106936093,-14.193409968470904
2026-01-10 16:00:00,15.8,71.0,0.0,11.0,5.0,-0.9587131702242407,-10.9581416790092
2026-01-10 17:00:00,14.9,74.0,0.0,9.5,2.0,-0.33154521867375725,-9.49421285668141
2026-01-10 18:00:00,13.9,78.0,0.0,9.1,32.0,-4.8222653045221655,-7.717237675023476
2026-01-10 19:00:00,13.4,79.0,0.0,13.3,36.0,-7.817543855489895,-10.7599260251868
2026-01-10 20:00:00,13.6,76.0,0.0,11.2,24.0,-4.555450402448961,-10.23170912559713
2026-01-10 21:00:00,13.6,75.0,0.0,12.9,37.0,-7.763413798661423,-10.302398079610077
2026-01-10 22:00:00,13.5,74.0,0.0,13.3,41.0,-8.725585085573748,-10.037637416962868
2026-01-10 23:00:00,13.6,73.0,0.0,14.5,38.0,-8.927091392222042,-11.42615592729747
2026-01-11 00:00:00,13.6,72.0,0.0,16.0,36.0,-9.404564036679572,-12.944271909999157
2026-01-11 01:00:00,13.3,72.0,0.0,18.0,32.0,-9.53854675619769,-15.264865730815668
2026-01-11 02:00:00,12.6,76.0,0.0,17.1,35.0,-9.808157061602895,-14.007499957341757
2026-01-11 03:00:00,12.5,74.0,0.0,20.2,37.0,-12.156663467671375,-16.132437302955314
2026-01-11 04:00:00,12.4,69.0,0.0,20.2,35.0,-11.586244014291136,-16.54687129463763
2026-01-11 05:00:00,12.2,65.0,0.0,21.2,33.0,-11.546347542318571,-17.779816040442988
2026-01-11 06:00:00,12.3,63.0,0.0,21.3,32.0,-11.287280328167267,-18.063424448131872
2026-01-11 07:00:00,12.4,62.0,0.0,22.8,31.0,-11.742868107949242,-19.543414456008158
2026-01-11 08:00:00,13.7,61.0,0.0,19.3,21.0,-6.916501426224304,-18.018102231395993
2026-01-11 09:00:00,15.4,59.0,0.0,23.3,22.0,-8.728333626590757,-21.603383811406147
2026-01-11 10:00:00,17.2,49.0,0.0,25.1,29.0,-12.168721468183055,-21.95295464919884
2026-01-11 11:00:00,18.5,43.0,0.0,25.8,29.0,-12.508088202355491,-22.565188444196416
2026-01-11 12:00:00,19.1,42.0,0.0,26.7,29.0,-12.944416860577194,-23.352346180621872
2026-01-11 13:00:00,18.9,45.0,0.0,27.0,28.0,-12.67573219521905,-23.83958500719103
2026-01-11 14:00:00,18.2,47.0,0.0,26.5,29.0,-12.847454936527926,-23.177422239193994
2026-01-11 15:00:00,17.4,48.0,0.0,25.7,32.0,-13.618925090793368,-21.794836071220146
2026-01-11 16:00:00,15.4,53.0,0.0,23.2,30.0,-11.60000000000001,-20.09178936779897
2026-01-11 17:00:00,13.1,59.0,0.0,20.2,30.0,-10.100000000000009,-17.493713156445654
2026-01-11 18:00:00,11.5,63.0,0.0,18.3,35.0,-10.49644878522415,-14.990482410488546
2026-01-11 19:00:00,11.1,64.0,0.0,15.1,38.0,-9.296488277417437,-11.898962379461503
2026-01-11 20:00:00,11.5,63.0,0.0,11.1,36.0,-6.524416300446453,-8.980088637561915
2026-01-11 21:00:00,11.1,66.0,0.0,7.5,53.0,-5.989766325354696,-4.513612673640363
2026-01-11 22:00:00,10.5,72.0,0.0,4.1,88.0,-4.097502390778292,-0.14308793648025367
2026-01-11 23:00:00,10.6,75.0,0.0,2.4,132.0,-1.7835475811457455,1.60591345526126
2026-01-12 00:00:00,10.4,80.0,0.0,2.0,135.0,-1.414213562373095,1.4142135623730951
2026-01-12 01:00:00,10.2,82.0,0.0,2.2,138.0,-1.4720873339894882,1.6349186160502676
2026-01-12 02:00:00,10.4,79.0,0.0,1.5,135.0,-1.0606601717798212,1.0606601717798214
2026-01-12 03:00:00,11.1,79.0,0.0,4.0,153.0,-1.8159619989581868,3.5640260967534716
2026-01-12 04:00:00,11.2,80.0,0.0,2.3,151.0,-1.115062126566575,2.01162532642061
2026-01-12 05:00:00,10.9,82.0,0.0,1.0,149.0,-0.5150380749100543,0.8571673007021123
2026-01-12 06:00:00,10.8,82.0,0.0,1.1,162.0,-0.3399186938124421,1.046162167924669
2026-01-12 07:00:00,11.2,81.0,0.0,1.3,146.0,-0.7269507745119708,1.0777488443215544
2026-01-12 08:00:00,13.5,74.0,0.0,7.2,215.0,4.129750341727532,5.897894718880741
2026-01-12 09:00:00,16.0,67.0,0.0,5.2,248.0,4.821356043747294,1.9479542857627425
2026-01-12 10:00:00,17.4,62.0,0.0,6.8,272.0,6.795857623729851,-0.23731657757700658
2026-01-12 11:00:00,17.6,61.0,0.0,9.4,273.0,9.387117626692994,-0.4919579886836721
2026-01-12 12:00:00,17.1,61.0,0.0,10.3,274.0,10.27490971767619,-0.7184916795644907
2026-01-12 13:00:00,16.8,62.0,0.0,8.1,276.0,8.055627352483013,-0.8466805524679931
2026-01-12 14:00:00,17.0,63.0,0.0,7.8,285.0,7.534221445054732,-2.0187885517996618
2026-01-12 15:00:00,17.2,62.0,0.0,5.1,287.0,4.87715425541148,-1.4910956940859574
2026-01-12 16:00:00,16.5,66.0,0.0,2.2,256.0,2.1346505978071924,0.5322281703192691
2026-01-12 17:00:00,15.9,78.0,0.0,0.8,297.0,0.7128052193506944,-0.3631923997916374
2026-01-12 18:00:00,14.8,79.0,0.0,1.5,284.0,1.4554435894139948,-0.3628828433995016
2026-01-12 19:00:00,14.9,78.0,0.3,4.5,143.0,-2.7081676041842178,3.593859795212817
2026-01-12 20:00:00,14.6,81.0,0.2,1.6,207.0,0.726384799583275,1.4256104387013886
2026-01-12 21:00:00,14.9,80.0,0.0,1.3,172.0,-0.18092503124808496,1.2873484893640414
2026-01-12 22:00:00,14.9,80.0,0.4,3.0,163.0,-0.87711511416821,2.8689142678891066
2026-01-12 23:00:00,15.1,81.0,0.2,3.8,161.0,-1.2371589869371953,3.592970587277404
2026-01-13 00:00:00,14.6,84.0,0.0,6.3,165.0,-1.6305599841458813,6.085332705621131
2026-01-13 01:00:00,13.8,88.0,0.0,6.0,151.0,-2.908857721478022,5.247718242836375
2026-01-13 02:00:00,12.6,87.0,0.0,3.0,163.0,-0.87711511416821,2.8689142678891066
2026-01-13 03:00:00,13.4,80.0,0.0,0.30000000000000004,135.0,-0.21213203435596428,0.2121320343559643
2026-01-13 04:00:00,13.4,80.0,0.0,3.2,63.0,-2.8512208774027776,-1.4527695991665495
2026-01-13 05:00:00,11.9,84.0,0.0,4.3,75.0,-4.153481053042993,-1.1129218939408394
2026-01-13 06:00:00,11.9,82.0,0.0,5.0,77.0,-4.871850323926176,-1.1247552717193248
2026-01-13 07:00:00,12.5,79.0,0.0,7.7,74.0,-7.401715058725055,-2.122407639790892
2026-01-13 08:00:00,14.9,62.0,0.0,6.2,75.0,-5.9887401229922235,-1.604678079635629
2026-01-13 09:00:00,16.7,63.0,0.0,6.9,51.0,-5.362307134053099,-4.34231069824388
2026-01-13 10:00:00,19.0,39.0,0.0,11.5,30.0,-5.750000000000005,-9.959292143521042
2026-01-13 11:00:00,19.9,35.0,0.0,13.3,19.0,-4.330056454280184,-12.575397055470916
2026-01-13 12:00:00,20.0,37.0,0.0,14.6,10.0,-2.535263393937183,-14.378193193978237
2026-01-13 13:00:00,19.8,41.0,0.0,15.4,7.0,-1.8767878884392666,-15.28521073527636
2026-01-13 14:00:00,19.0,47.0,0.0,15.7,2.0,-0.547922098229262,-15.690435984199803
2026-01-13 15:00:00,18.6,53.0,0.0,15.7,9.0,-2.4560211011316273,-15.50670694734366
2026-01-13 16:00:00,18.0,53.0,0.0,14.7,25.0,-6.212488447588277,-13.322724469438755
2026-01-13 17:00:00,16.5,57.0,0.0,12.7,30.0,-6.350000000000005,-10.998522628062366
2026-01-13 18:00:00,14.3,64.0,0.0,11.3,48.0,-8.397536527894555,-7.561175851855099
2026-01-13 19:00:00,13.4,67.0,0.0,9.9,69.0,-9.242446222322297,-3.5478427004984745
2026-01-13 20:00:00,12.9,70.0,0.0,5.2,76.0,-5.045537776635181,-1.2579938571182712
2026-01-13 21:00:00,13.1,67.0,0.0,5.7,81.0,-5.629823541392286,-0.8916764507293152
2026-01-13 22:00:00,13.1,65.0,0.0,6.8,93.0,-6.790680836331102,0.35588450245201786
2026-01-13 23:00:00,12.3,67.0,0.0,6.9,107.0,-6.598502816144945,2.0173647625868827
2026-01-14 00:00:00,11.4,69.0,0.0,5.6,121.0,-4.800136883931828,2.884213219496304
2026-01-14 01:00:00,10.8,70.0,0.0,5.2,124.0,-4.310995377286217,2.907803098047884
2026-01-14 02:00:00,9.8,73.0,0.0,4.5,133.0,-3.291091657286267,3.068992620281244
2026-01-14 03:00:00,8.5,77.0,0.0,3.4,155.0,-1.4369020899183778,3.08144647592461
2026-01-14 04:00:00,7.4,79.0,0.0,2.9,158.0,-1.086359120906145,2.6888331782436836
2026-01-14 05:00:00,7.0,79.0,0.0,2.5,159.0,-0.8959198738632507,2.3339510662430043
2026-01-14 06:00:00,6.6,79.0,0.0,3.2,161.0,-1.0418180942629014,3.025659441917814
2026-01-14 07:00:00,6.6,78.0,0.0,4.6,162.0,-1.4214781741247577,4.374859974957706
2026-01-14 08:00:00,11.9,71.0,0.0,3.6,143.0,-2.1665340833473743,2.8750878361702537
2026-01-14 09:00:00,19.0,49.0,0.0,4.5,236.0,3.730669076497687,2.516368065618361
2026-01-14 10:00:00,20.8,43.0,0.0,7.2,267.0,7.190132650232932,0.37681888494919563
2026-01-14 11:00:00,21.4,45.0,0.0,8.1,275.0,8.069177054543138,-0.7059615162560311
2026-01-14 12:00:00,22.2,45.0,0.0,8.5,269.0,8.498705408829325,0.14834545471690985
2026-01-14 13:00:00,22.9,42.0,0.0,8.1,270.0,8.1,0.0
2026-01-14 14:00:00,22.3,44.0,0.0,10.3,265.0,10.260805390344979,0.8977041503008791
2026-01-14 15:00:00,22.0,45.0,0.0,8.4,259.0,8.245668340960378,1.6027955611629765
2026-01-14 16:00:00,20.9,50.0,0.0,6.2,255.0,5.9887401229922235,1.6046780796356286
2026-01-14 17:00:00,18.5,65.0,0.0,1.9,214.0,1.062466516594419,1.5751713878545792
2026-01-14 18:00:00,15.5,70.0,0.0,3.2,161.0,-1.0418180942629014,3.025659441917814
2026-01-14 19:00:00,15.2,69.0,0.0,5.7,145.0,-3.269385687200963,4.669166652447252
2026-01-14 20:00:00,15.2,67.0,0.0,5.9,160.0,-2.0179188456214456,5.54418646263686
2026-01-14 21:00:00,16.6,55.0,0.0,7.2,167.0,-1.6196475912758284,7.015464466453694
2026-01-14 22:00:00,16.5,52.0,0.0,7.8,165.0,-2.0187885517996627,7.534221445054732
2026-01-14 23:00:00,16.4,51.0,0.0,8.9,171.0,-1.3922667388580543,8.790426231296726
2026-01-15 00:00:00,15.9,53.0,0.0,11.9,183.0,0.6227978792910333,11.88369146357943
2026-01-15 01:00:00,15.3,56.0,0.0,13.2,190.0,2.2921559452034814,12.999462339761145
2026-01-15 02:00:00,15.1,59.0,0.0,13.1,188.0,1.8231676225768576,12.972511700514572
2026-01-15 03:00:00,14.9,60.0,0.0,11.5,194.0,2.782101799396178,11.15840085217396
2026-01-15 04:00:00,14.2,64.0,0.0,9.9,185.0,0.8628418532018156,9.862327511108282
2026-01-15 05:00:00,13.7,65.0,0.0,7.7,177.0,-0.4029868630706676,7.689447417610219
2026-01-15 06:00:00,12.6,72.0,0.0,3.8,185.0,0.3311918224411009,3.785539852748633
2026-01-15 07:00:00,12.9,78.0,0.0,0.30000000000000004,135.0,-0.21213203435596428,0.2121320343559643
2026-01-15 08:00:00,15.9,77.0,0.0,1.3,82.0,-1.2873484893640414,-0.18092503124808518
2026-01-15 09:00:00,18.2,76.0,0.0,4.2,342.0,1.2978713763747793,-3.994437368439645
2026-01-15 10:00:00,19.9,66.0,0.0,8.0,342.0,2.4721359549995796,-7.608452130361228
2026-01-15 11:00:00,21.1,54.0,0.0,8.5,356.0,0.5929300268250645,-8.479294427208506
2026-01-15 12:00:00,22.5,38.0,0.0,8.8,5.0,-0.7669705361793927,-8.766513343207361
2026-01-15 13:00:00,22.6,37.0,0.0,10.5,5.0,-0.9151352988504116,-10.460044329963328
2026-01-15 14:00:00,22.9,40.0,0.0,10.2,352.0,1.4195656297926678,-10.100734301164017
2026-01-15 15:00:00,21.5,53.0,0.0,11.2,349.0,2.1370607482173027,-10.994224454613835
2026-01-15 16:00:00,19.1,68.0,0.0,7.8,356.0,0.5441004952041768,-7.780999592026628
2026-01-15 17:00:00,17.9,77.0,0.0,5.5,9.0,-0.8603895577212707,-5.4322858732732575
2026-01-15 18:00:00,17.2,79.0,0.0,6.5,44.0,-4.515279407983482,-4.6757087022012325
2026-01-15 19:00:00,17.4,70.0,0.0,8.5,63.0,-7.573555455601127,-3.858919247786147
2026-01-15 20:00:00,17.1,63.0,0.0,7.9,47.0,-5.777694242791448,-5.387787044493737
2026-01-15 21:00:00,17.1,61.0,0.0,6.0,63.0,-5.346039145130208,-2.72394299843728
2026-01-15 22:00:00,16.7,62.0,0.0,4.1,67.0,-3.774069899155005,-1.6019976268060214
2026-01-15 23:00:00,15.9,66.0,0.0,3.1,83.0,-3.0768930700880985,-0.3777949645559567
2026-01-16 00:00:00,15.8,64.0,0.0,2.6,106.0,-2.499280409439629,0.716657125124198
2026-01-16 01:00:00,15.3,66.0,0.0,2.3,122.0,-1.9505106211597796,1.2188143077363711
2026-01-16 02:00:00,15.1,68.0,0.0,1.2,129.0,-0.9325751537483651,0.7551844692598049
2026-01-16 03:00:00,16.1,66.0,0.0,2.4,107.0,-2.2951314143112853,0.7016920913345678
2026-01-16 04:00:00,16.4,66.0,0.0,3.0,76.0,-2.9108871788279895,-0.7257656867990026
2026-01-16 05:00:00,16.2,63.0,0.0,5.5,49.0,-4.150902691225246,-3.608324659447789
2026-01-16 06:00:00,15.9,65.0,0.0,7.3,67.0,-6.719685430202815,-2.852337237971697
2026-01-16 07:00:00,15.9,67.0,0.0,4.9,84.0,-4.873157287304539,-0.5121894700115022
2026-01-16 08:00:00,16.6,68.0,0.2,7.9,69.0,-7.375285369327894,-2.8311068014078735
2026-01-16 09:00:00,18.0,67.0,0.0,8.2,19.0,-2.6696588665486845,-7.753252319914398
2026-01-16 10:00:00,18.7,72.0,0.0,9.4,32.0,-4.981241083792128,-7.9716521038704045
2026-01-16 11:00:00,19.2,73.0,0.0,9.4,23.0,-3.672872607799174,-8.652745622452938
2026-01-16 12:00:00,20.5,69.0,0.0,10.2,21.0,-3.655353085362067,-9.522520350271456
2026-01-16 13:00:00,21.8,66.0,0.0,9.5,359.0,0.16579786115419418,-9.498553103985717
2026-01-16 14:00:00,19.1,85.0,0.4,6.4,10.0,-1.1113483370683541,-6.3027696192781315
2026-01-16 15:00:00,19.6,85.0,0.1,7.0,357.0,0.3663516937006078,-6.9904067432820165
2026-01-16 16:00:00,18.7,88.0,0.1,6.1,19.0,-1.9859657421886554,-5.767663311155832
2026-01-16 17:00:00,18.0,93.0,0.0,7.8,15.0,-2.018788551799661,-7.534221445054732
2026-01-16 18:00:00,17.2,97.0,0.1,8.1,35.0,-4.645969134443476,-6.635131558740832
2026-01-16 19:00:00,17.0,97.0,0.1,8.0,40.0,-5.142300877492316,-6.128355544951823
2026-01-16 20:00:00,16.7,98.0,0.1,5.8,64.0,-5.213005468535168,-2.542552651376649
2026-01-16 21:00:00,17.1,94.0,0.2,9.0,52.0,-7.092096782460498,-5.540953277930924
2026-01-16 22:00:00,16.6,97.0,0.1,9.5,69.0,-8.869014051723417,-3.404495520680354
2026-01-16 23:00:00,16.5,97.0,0.4,8.6,68.0,-7.973781149274371,-3.221616703376843
2026-01-17 00:00:00,16.9,91.0,0.1,12.1,73.0,-11.571287547152728,-3.5376976271451146
2026-01-17 01:00:00,16.7,91.0,0.0,11.9,70.0,-11.18234218735231,-4.070039705575457
2026-01-17 02:00:00,15.9,91.0,0.0,10.3,52.0,-8.116510762149238,-6.34131319585428
2026-01-17 03:00:00,16.0,90.0,0.0,12.5,47.0,-9.141921270239632,-8.52497950078123
2026-01-17 04:00:00,15.8,90.0,0.0,14.5,41.0,-9.512855920362355,-10.943288913230194
2026-01-17 05:00:00,15.2,90.0,0.0,14.0,44.0,-9.725217186425962,-10.070757204741117
2026-01-17 06:00:00,14.6,84.0,0.0,13.0,51.0,-10.10289749894062,-8.181165083647889
2026-01-17 07:00:00,14.9,71.0,0.0,12.2,54.0,-9.87000733137436,-7.170980077968171
2026-01-17 08:00:00,18.4,60.0,0.0,9.3,54.0,-7.523858047687013,-5.466402846319999
2026-01-17 09:00:00,20.9,55.0,0.0,9.1,27.0,-4.131313547629877,-8.108159370114146
2026-01-17 10:00:00,23.3,42.0,0.0,13.0,24.0,-5.287576359985401,-11.876090949353813
2026-01-17 11:00:00,24.4,36.0,0.0,17.5,17.0,-5.116504832647899,-16.735333229353117
2026-01-17 12:00:00,24.2,40.0,0.0,19.3,15.0,-4.995207570478648,-18.64236844737902
2026-01-17 13:00:00,24.0,44.0,0.0,19.9,17.0,-5.818196923982468,-19.030464643664402
2026-01-17 14:00:00,23.0,50.0,0.0,17.5,14.0,-4.233633172994186,-16.980175209829937
2026-01-17 15:00:00,21.3,65.0,0.0,16.5,11.0,-3.148348423712986,-16.196848526886455
2026-01-17 16:00:00,19.6,71.0,0.0,16.2,17.0,-4.736421616508341,-15.492137046601172
2026-01-17 17:00:00,17.8,78.0,0.0,14.5,19.0,-4.720738239628771,-13.710019346190094
2026-01-17 18:00:00,16.5,82.0,0.0,13.0,18.0,-4.017220926874319,-12.363734711836996
2026-01-17 19:00:00,15.5,84.0,0.0,12.0,36.0,-7.0534230275096785,-9.708203932499368
2026-01-17 20:00:00,15.3,87.0,0.0,8.4,28.0,-3.9435611274014826,-7.416759780014987
2026-01-17 21:00:00,14.9,89.0,0.0,9.2,28.0,-4.319138377630194,-8.123117854302128
2026-01-17 22:00:00,14.2,92.0,0.0,9.4,43.0,-6.410784584587487,-6.874724795220202
2026-01-17 23:00:00,14.2,90.0,0.0,10.2,37.0,-6.138513236150892,-8.146082202482386
2026-01-18 00:00:00,14.8,86.0,0.0,11.0,40.0,-7.070663706551934,-8.426488874308756
2026-01-18 01:00:00,14.8,83.0,0.0,10.5,51.0,-8.160032595298194,-6.607864106023295
2026-01-18 02:00:00,14.4,84.0,0.0,9.8,36.0,-5.760295472466238,-7.928366544874485
2026-01-18 03:00:00,15.1,76.0,0.0,12.9,47.0,-9.4344627508873,-8.79777884480623
2026-01-18 04:00:00,14.9,79.0,0.0,12.4,34.0,-6.9339920030372575,-10.28006589968252
2026-01-18 05:00:00,14.5,85.0,0.0,13.8,55.0,-11.304298211188087,-7.915354821644438
2026-01-18 06:00:00,14.9,79.0,0.0,12.4,41.0,-8.13513195948229,-9.358398794762373
2026-01-18 07:00:00,15.2,80.0,0.0,12.5,45.0,-8.838834764831846,-8.838834764831843
2026-01-18 08:00:00,16.2,83.0,0.0,13.1,34.0,-7.32542703546678,-10.860392200471049
2026-01-18 09:00:00,17.4,80.0,0.0,15.9,33.0,-8.659760656738928,-13.334862030332243
2026-01-18 10:00:00,19.6,71.0,0.0,16.7,33.0,-9.09547188475095,-14.005798484688581
2026-01-18 11:00:00,21.6,62.0,0.0,17.1,28.0,-8.027963723638733,-15.098403837887652
2026-01-18 12:00:00,23.0,56.0,0.0,17.0,24.0,-6.914522932288602,-15.530272779924216
2026-01-18 13:00:00,23.2,54.0,0.0,18.3,15.0,-4.736388525376127,-17.67644262108995
2026-01-18 14:00:00,22.0,62.0,0.0,18.2,9.0,-2.847107263732205,-17.975927798831506
2026-01-18 15:00:00,21.4,66.0,0.0,16.1,10.0,-2.7957356604375785,-15.855404823496551
2026-01-18 16:00:00,20.5,69.0,0.0,16.0,12.0,-3.3265870530841566,-15.65036161174089
2026-01-18 17:00:00,18.9,76.0,0.0,13.1,9.0,-2.0492914920270264,-12.938717261796302
2026-01-18 18:00:00,17.0,85.0,0.0,12.1,18.0,-3.7391056319368654,-11.507783847171357
2026-01-18 19:00:00,16.0,90.0,0.0,10.0,38.0,-6.156614753256581,-7.8801075360672215
2026-01-18 20:00:00,15.4,93.0,0.0,7.6,38.0,-4.679027212475001,-5.988881727411088
2026-01-18 21:00:00,15.2,93.0,0.0,9.0,46.0,-6.47405820304786,-6.251925334130976
2026-01-18 22:00:00,14.9,94.0,0.0,10.4,45.0,-7.353910524340096,-7.353910524340094
2026-01-18 23:00:00,14.7,94.0,0.0,12.0,41.0,-7.872708347886087,-9.056514962673264
2026-01-19 00:00:00,14.4,96.0,0.0,14.5,37.0,-8.7263178357047,-11.580214895685746
2026-01-19 01:00:00,14.2,99.0,0.0,14.9,38.0,-9.173355982352305,-11.74136022874016
2026-01-19 02:00:00,14.8,95.0,0.0,13.9,40.0,-8.934747774642899,-10.648017759353793
2026-01-19 03:00:00,14.8,94.0,0.0,15.8,30.0,-7.9000000000000075,-13.683201379794127
2026-01-19 04:00:00,14.5,96.0,0.0,16.6,32.0,-8.796659786271205,-14.077598396196672
2026-01-19 05:00:00,14.3,95.0,0.0,17.2,34.0,-9.618117939696841,-14.25944624794672
2026-01-19 06:00:00,14.2,94.0,0.0,17.8,35.0,-10.209660567048626,-14.58090638834405
2026-01-19 07:00:00,14.2,93.0,0.0,17.9,32.0,-9.485554829774369,-15.180060921200024
2026-01-19 08:00:00,16.2,82.0,0.0,15.6,29.0,-7.563030075842854,-13.644067431374577
2026-01-19 09:00:00,18.5,72.0,0.0,18.8,26.0,-8.241377559634662,-16.897328070424336
2026-01-19 10:00:00,20.4,63.0,0.0,21.5,27.0,-9.760795744400259,-19.15664027004991
2026-01-19 11:00:00,22.0,56.0,0.0,22.7,27.0,-10.305584344087714,-20.225848099075947
2026-01-19 12:00:00,23.0,50.0,0.0,23.8,25.0,-10.05831462942864,-21.570125331472273
2026-01-19 13:00:00,22.0,59.0,0.0,23.6,16.0,-6.505041597281174,-22.68577602414433
2026-01-19 14:00:00,21.4,62.0,0.0,24.8,11.0,-4.732063085338306,-24.344354149502067
2026-01-19 15:00:00,20.0,70.0,0.0,24.8,17.0,-7.25081827712388,-23.716357947883278
2026-01-19 16:00:00,18.4,78.0,0.0,24.6,25.0,-10.3964092388212,-22.295171561101593
2026-01-19 17:00:00,16.8,85.0,0.0,22.3,28.0,-10.469215850125364,-19.689731320754074
2026-01-19 18:00:00,15.6,92.0,0.0,20.0,29.0,-9.696192404926737,-17.49239414278792
2026-01-19 19:00:00,15.3,92.0,0.0,20.3,35.0,-11.643601657926242,-16.62878649906653
2026-01-19 20:00:00,15.6,90.0,0.0,18.3,43.0,-12.480569989143724,-13.38377273963082
2026-01-19 21:00:00,15.8,86.0,0.0,17.9,45.0,-12.657211383239202,-12.657211383239199
2026-01-19 22:00:00,15.5,87.0,0.0,16.7,37.0,-10.050310886639206,-13.33721301778979
2026-01-19 23:00:00,14.9,90.0,0.0,16.5,34.0,-9.226682907267318,-13.67911994715819
2026-01-20 00:00:00,14.5,93.0,0.0,16.5,29.0,-7.9993587340645576,-14.431225167800033
2026-01-20 01:00:00,14.1,95.0,0.0,17.1,29.0,-8.29024450621236,-14.955996992083673
2026-01-20 02:00:00,14.2,94.0,0.0,17.7,30.0,-8.850000000000007,-15.328649646984559
2026-01-20 03:00:00,14.1,93.0,0.0,20.5,25.0,-8.663674365684333,-18.579309634251327
2026-01-20 04:00:00,13.8,92.0,0.1,23.4,24.0,-9.517637447973721,-21.37696370883686
2026-01-20 05:00:00,13.1,94.0,0.3,25.8,25.0,-10.903551152910039,-23.38274090554557
2026-01-20 06:00:00,12.6,93.0,0.2,28.1,30.0,-14.050000000000013,-24.335313846342718
2026-01-20 07:00:00,12.1,92.0,0.1,27.6,30.0,-13.800000000000013,-23.9023011444505
2026-01-20 08:00:00,13.4,86.0,0.0,22.2,31.0,-11.43384526300321,-19.02911407558689
2026-01-20 09:00:00,15.4,75.0,0.0,24.4,27.0,-11.077368193644944,-21.740559190196173
2026-01-20 10:00:00,16.9,64.0,0.0,28.7,31.0,-14.781592749918563,-24.600701530150616
2026-01-20 11:00:00,17.7,59.0,0.0,30.5,34.0,-17.05538355585777,-25.285645962928776
2026-01-20 12:00:00,17.8,59.0,0.0,29.9,32.0,-15.844586000572829,-25.356638075077136
2026-01-20 13:00:00,18.1,58.0,0.0,29.0,31.0,-14.93610417239158,-24.85785172036125
2026-01-20 14:00:00,17.9,60.0,0.0,26.0,26.0,-11.39764981651602,-23.368645203778335
2026-01-20 15:00:00,16.6,64.0,0.0,27.5,27.0,-12.484738742837541,-24.502679415180115
2026-01-20 16:00:00,14.9,69.0,0.0,27.5,30.0,-13.750000000000012,-23.815698604072054
2026-01-20 17:00:00,12.9,76.0,0.0,25.8,27.0,-11.71295489328031,-22.98796832405989
2026-01-20 18:00:00,11.6,80.0,0.0,25.3,29.0,-12.265683392232322,-22.127878590626718
2026-01-20 19:00:00,10.9,82.0,0.0,25.4,28.0,-11.924577694761624,-22.426868858616743
2026-01-20 20:00:00,11.1,83.0,0.0,24.1,27.0,-10.941171043723081,-21.473257232939666
2026-01-20 21:00:00,11.1,83.0,0.0,24.9,26.0,-10.915441555048035,-22.37997175284925
2026-01-20 22:00:00,10.9,84.0,0.0,25.2,28.0,-11.830683382204446,-22.25027934004496
2026-01-20 23:00:00,10.5,84.0,0.0,23.7,28.0,-11.12647603802561,-20.92585795075657
2026-01-21 00:00:00,10.1,86.0,0.0,23.2,26.0,-10.170210605506604,-20.852021874140668
2026-01-21 01:00:00,9.7,88.0,0.0,24.1,27.0,-10.941171043723081,-21.473257232939666
2026-01-21 02:00:00,10.2,84.0,0.0,24.5,27.0,-11.122767243618899,-21.829659842615012
2026-01-21 03:00:00,9.9,86.0,0.0,25.6,26.0,-11.22230135780039,-23.00912758525867
2026-01-21 04:00:00,9.9,85.0,0.0,25.4,25.0,-10.734503848213759,-23.02021779073091
2026-01-21 05:00:00,9.7,85.0,0.0,26.4,25.0,-11.157122109954457,-23.92652557776756
2026-01-21 06:00:00,9.6,85.0,0.0,27.5,26.0,-12.055206536699638,-24.716836273227088
2026-01-21 07:00:00,9.5,84.0,0.0,26.7,28.0,-12.534890726383283,-23.57470072933335
2026-01-21 08:00:00,11.1,80.0,0.0,25.8,25.0,-10.903551152910039,-23.38274090554557
2026-01-21 09:00:00,12.3,72.0,0.0,26.6,26.0,-11.660672504589469,-23.907921631557837
2026-01-21 10:00:00,12.9,68.0,0.0,27.2,30.0,-13.600000000000012,-23.555890982936724
2026-01-21 11:00:00,13.5,65.0,0.0,26.1,30.0,-13.050000000000013,-22.603263038773843
2026-01-21 12:00:00,13.6,64.0,0.0,25.3,24.0,-10.290437069817743,-23.112700078357804
2026-01-21 13:00:00,13.5,65.0,0.0,26.8,28.0,-12.581837882661873,-23.662995488619245
2026-01-21 14:00:00,12.1,72.0,0.0,22.8,30.0,-11.400000000000011,-19.745379206285197
2026-01-21 15:00:00,12.8,69.0,0.0,24.6,28.0,-11.549000444532913,-21.720510784329605
2026-01-21 16:00:00,12.6,70.0,0.0,25.4,26.0,-11.134627128442574,-22.829368775998837
2026-01-21 17:00:00,10.8,77.0,0.0,25.7,24.0,-10.453131727048062,-23.478118261414846
2026-01-21 18:00:00,9.7,84.0,0.0,25.5,25.0,-10.776765674387828,-23.110848569434577
2026-01-21 19:00:00,9.6,82.0,0.0,26.7,26.0,-11.704509619268375,-23.997801036187752
2026-01-21 20:00:00,9.0,86.0,0.0,22.2,26.0,-9.731839458717525,-19.953227827841502
2026-01-21 21:00:00,9.0,86.0,0.0,22.1,24.0,-8.988879811975183,-20.189354613901482
2026-01-21 22:00:00,8.6,90.0,0.0,21.8,23.0,-8.51793860106617,-20.0670058052632
2026-01-21 23:00:00,8.6,91.0,0.0,21.5,27.0,-9.760795744400259,-19.15664027004991
2026-01-22 00:00:00,8.8,88.0,0.0,21.9,26.0,-9.600328114680801,-19.683589613951753
2026-01-22 01:00:00,9.0,87.0,0.0,22.4,24.0,-9.110900804897922,-20.46341825119426
2026-01-22 02:00:00,9.4,87.0,0.0,20.7,24.0,-8.419448511669062,-18.91039097320184
2026-01-22 03:00:00,9.7,84.0,0.0,21.9,22.0,-8.203884395808478,-20.30532641501264
2026-01-22 04:00:00,9.1,91.0,0.4,23.6,31.0,-12.154898567877286,-20.229148296569846
2026-01-22 05:00:00,8.8,96.0,0.4,21.8,27.0,-9.896992894322123,-19.42394222730642
2026-01-22 06:00:00,8.6,96.0,0.0,20.9,22.0,-7.829277802392566,-19.378142560445852
2026-01-22 07:00:00,8.4,95.0,0.0,19.4,23.0,-7.580183892691911,-17.85779415697734
2026-01-22 08:00:00,9.8,90.0,0.0,17.9,26.0,-7.8468435275244905,-16.088413428755086
2026-01-22 09:00:00,12.1,76.0,0.0,22.9,32.0,-12.135151150940395,-19.420301401982154
2026-01-22 10:00:00,12.4,76.0,0.0,20.8,22.0,-7.7918171430509755,-19.285424174989178
2026-01-22 11:00:00,14.2,65.0,0.0,23.3,35.0,-13.36433096697938,-19.086242631933505
2026-01-22 12:00:00,14.4,63.0,0.0,22.6,27.0,-10.26018529411376,-20.136747446657115
2026-01-22 13:00:00,14.4,62.0,0.0,22.9,28.0,-10.750898787796897,-20.219499876469428
2026-01-22 14:00:00,12.6,73.0,0.0,19.2,24.0,-7.809343547055361,-17.540072786737937
2026-01-22 15:00:00,12.9,72.0,0.0,20.7,27.0,-9.397603344608621,-18.443835050699214
2026-01-22 16:00:00,12.6,73.0,0.0,19.8,31.0,-10.197753883219079,-16.97191255390182
2026-01-22 17:00:00,11.8,79.0,0.0,19.6,29.0,-9.502268556828202,-17.14254625993216
2026-01-22 18:00:00,10.9,85.0,0.0,18.2,18.0,-5.624109297624045,-17.309228596571792
2026-01-22 19:00:00,10.1,91.0,0.2,19.4,31.0,-9.991738653255057,-16.629045633620972
2026-01-22 20:00:00,9.8,94.0,0.2,14.0,26.0,-6.137196055047088,-12.583116648188335
2026-01-22 21:00:00,9.7,98.0,0.2,15.7,30.0,-7.850000000000007,-13.596598839415682
2026-01-22 22:00:00,9.6,98.0,0.0,14.1,28.0,-6.619549035281059,-12.44956105931087
2026-01-22 23:00:00,9.5,98.0,0.0,12.2,27.0,-5.538684096822472,-10.870279595098086
2026-01-23 00:00:00,9.6,96.0,0.0,11.2,35.0,-6.424056087131719,-9.174502896036705
2026-01-23 01:00:00,9.6,96.0,0.0,12.2,33.0,-6.644596227183329,-10.231780928934173
2026-01-23 02:00:00,9.3,98.0,0.1,8.3,34.0,-4.6413010988071965,-6.881011852206848
2026-01-23 03:00:00,9.9,95.0,0.0,9.4,30.0,-4.700000000000005,-8.140638795573722
2026-01-23 04:00:00,10.0,96.0,0.1,11.5,39.0,-7.237184497073135,-8.937178556755162
2026-01-23 05:00:00,9.9,97.0,0.0,11.6,24.0,-4.718145059679281,-10.597127308654171
2026-01-23 06:00:00,9.7,99.0,0.0,12.1,30.0,-6.050000000000005,-10.478907385791704
2026-01-23 07:00:00,9.4,99.0,0.0,10.2,42.0,-6.825132184860353,-7.5800772198694215
2026-01-23 08:00:00,11.2,94.0,0.0,6.7,36.0,-3.938161190359571,-5.420413862312147
2026-01-23 09:00:00,14.1,80.0,0.0,6.7,14.0,-1.6208767005177742,-6.500981366049176
2026-01-23 10:00:00,16.9,68.0,0.0,7.0,13.0,-1.5746573804070567,-6.820590453496646
2026-01-23 11:00:00,18.7,61.0,0.0,7.3,350.0,1.267631696968592,-7.189096596989119
2026-01-23 12:00:00,20.0,54.0,0.0,7.2,332.0,3.380195252058414,-6.357222668584273
2026-01-23 13:00:00,20.1,54.0,0.0,8.5,342.0,2.6266444521870533,-8.083980388508804
2026-01-23 14:00:00,19.9,54.0,0.0,7.6,263.0,7.543350752474047,0.9262070098791207
2026-01-23 15:00:00,19.6,56.0,0.0,7.1,306.0,5.744020660062127,-4.173275291276559
2026-01-23 16:00:00,18.5,61.0,0.0,9.4,347.0,2.11453991083233,-9.159078608981211
2026-01-23 17:00:00,17.1,68.0,0.0,9.3,15.0,-2.407017119453442,-8.983110184488336
2026-01-23 18:00:00,15.1,79.0,0.0,8.7,18.0,-2.6884478510620435,-8.274191691767834
2026-01-23 19:00:00,13.6,89.0,0.0,7.3,30.0,-3.650000000000003,-6.3219854476264
2026-01-23 20:00:00,12.5,95.0,0.0,1.7000000000000002,148.0,-0.9008627491964483,1.4416817634659245
2026-01-23 21:00:00,12.1,95.0,0.0,0.4,153.0,-0.18159619989581868,0.3564026096753472
2026-01-23 22:00:00,12.1,93.0,0.0,3.1,130.0,-2.3747377736688318,1.9926415900282723
2026-01-23 23:00:00,11.6,91.0,0.0,1.8,143.0,-1.0832670416736871,1.4375439180851268
2026-01-24 00:00:00,10.9,90.0,0.0,0.8,153.0,-0.36319239979163737,0.7128052193506944
2026-01-24 01:00:00,10.9,87.0,0.0,1.9,158.0,-0.7117525274902329,1.761649323676896
2026-01-24 02:00:00,11.2,90.0,0.0,4.0,159.0,-1.433471798181201,3.734321705988807
2026-01-24 03:00:00,11.2,91.0,0.0,5.2,168.0,-1.0811407922523486,5.08636752381579
2026-01-24 04:00:00,12.0,88.0,0.0,3.0,166.0,-0.7257656867990033,2.9108871788279895
2026-01-24 05:00:00,12.5,86.0,0.0,1.9,163.0,-0.5555062389731996,1.8169790363297675
2026-01-24 06:00:00,12.1,90.0,0.0,3.3,103.0,-3.215421213791276,0.7423384793347552
2026-01-24 07:00:00,12.1,90.0,0.0,6.1,71.0,-5.7676633111558315,-1.985965742188656
2026-01-24 08:00:00,14.5,83.0,0.0,12.1,42.0,-8.096480336942182,-8.992052388276472
2026-01-24 09:00:00,17.0,76.0,0.0,14.9,37.0,-8.96704384496552,-11.899669099704663
2026-01-24 10:00:00,19.4,67.0,0.0,15.0,24.0,-6.101049646137001,-13.703181864639015
2026-01-24 11:00:00,20.5,62.0,0.0,12.2,14.0,-2.951447126315947,-11.837607860567156
2026-01-24 12:00:00,21.4,58.0,0.0,12.1,7.0,-1.4746190552022806,-12.009808434859996
2026-01-24 13:00:00,21.4,58.0,0.0,13.3,3.0,-0.6960682180311593,-13.281772812235833
2026-01-24 14:00:00,21.2,59.0,0.0,10.3,1.0,-0.17975978630402004,-10.298431260110831
2026-01-24 15:00:00,20.9,61.0,0.0,12.2,13.0,-2.744402862995156,-11.887314790379868
2026-01-24 16:00:00,19.5,67.0,0.0,12.3,15.0,-3.1834742547610038,-11.88088766335554
2026-01-24 17:00:00,17.6,74.0,0.0,9.9,21.0,-3.547842700498477,-9.242446222322297
2026-01-24 18:00:00,15.4,85.0,0.0,5.6,40.0,-3.5996106142446207,-4.289848881466276
2026-01-24 19:00:00,14.1,90.0,0.0,4.0,82.0,-3.961072274966281,-0.5566924038402621
2026-01-24 20:00:00,13.2,91.0,0.0,1.7000000000000002,131.0,-1.2830062863787126,1.1153003492838625
2026-01-24 21:00:00,12.5,92.0,0.0,3.2,164.0,-0.882039538614397,3.0760374270026207
2026-01-24 22:00:00,10.9,95.0,0.0,4.6,171.0,-0.7195985391850617,4.543366366737634
2026-01-24 23:00:00,10.4,94.0,0.0,7.0,168.0,-1.4553818357243153,6.84703320513664
2026-01-25 00:00:00,10.1,91.0,0.0,7.7,169.0,-1.469229264399395,7.558529312547013
2026-01-25 01:00:00,10.6,89.0,0.0,10.6,176.0,-0.7394186216877284,10.574178932754137
2026-01-25 02:00:00,12.3,86.0,0.0,10.2,167.0,-2.294500754307423,9.9385746608094
2026-01-25 03:00:00,12.6,85.0,0.0,5.9,162.0,-1.8232002668121894,5.611233446141407
2026-01-25 04:00:00,12.4,85.0,0.0,4.8,143.0,-2.888712111129832,3.833450448227005
2026-01-25 05:00:00,12.0,84.0,0.0,5.0,139.0,-3.280295144952536,3.7735479011138606
2026-01-25 06:00:00,10.1,88.0,0.0,3.9,137.0,-2.6597936042437436,2.852279436314765
2026-01-25 07:00:00,9.4,89.0,0.0,2.2,132.0,-1.634918616050267,1.4720873339894884
2026-01-25 08:00:00,15.6,73.0,0.0,7.1,71.0,-6.713181886755148,-2.311533896645813
2026-01-25 09:00:00,18.7,63.0,0.0,8.5,2.0,-0.2966457219712565,-8.494822029662314
2026-01-25 10:00:00,20.0,63.0,0.0,8.4,345.0,2.174079978861174,-8.113776940828174
2026-01-25 11:00:00,20.8,64.0,0.0,8.1,357.0,0.4239212455678461,-8.088899231512048
2026-01-25 12:00:00,22.0,63.0,0.0,7.8,345.0,2.0187885517996618,-7.534221445054732
2026-01-25 13:00:00,22.0,66.0,0.0,8.6,338.0,3.2216167033768426,-7.973781149274371
2026-01-25 14:00:00,22.0,67.0,0.0,8.7,313.0,6.3627772040867825,-5.933385732543736
2026-01-25 15:00:00,21.1,73.0,0.0,8.0,288.0,7.608452130361228,-2.472135954999579
2026-01-25 16:00:00,20.0,78.0,0.0,7.4,267.0,7.389858557183847,0.3872860761977844
2026-01-25 17:00:00,18.4,87.0,0.0,8.8,255.0,8.500147271343803,2.2776075969021825
2026-01-25 18:00:00,16.6,97.0,0.0,8.8,231.0,6.838884460821345,5.5380194412385695
2026-01-25 19:00:00,15.9,99.0,0.0,9.3,202.0,3.4838413187679813,8.622809847471125
2026-01-25 20:00:00,15.8,100.0,0.0,8.8,200.0,3.009777261265886,8.269295062915994
2026-01-25 21:00:00,15.6,100.0,0.0,9.0,186.0,0.9407561694088811,8.950697058314459
2026-01-25 22:00:00,16.0,97.0,0.0,7.3,191.0,1.3929056662487778,7.165878439167947
2026-01-25 23:00:00,15.6,96.0,0.0,6.5,177.0,-0.34018371557913496,6.49109197590473
2026-01-26 00:00:00,15.4,95.0,0.0,8.1,177.0,-0.4239212455678451,8.088899231512048
2026-01-26 01:00:00,15.0,95.0,0.0,7.9,169.0,-1.507391063474704,7.754854749236546
2026-01-26 02:00:00,15.2,96.0,0.0,8.0,175.0,-0.6972459419812659,7.969557584733964
2026-01-26 03:00:00,15.4,93.0,0.0,8.2,194.0,1.9837595439172748,7.95642495546317
2026-01-26 04:00:00,14.9,94.0,0.0,5.2,182.0,0.18147738285300563,5.196832300499298
2026-01-26 05:00:00,13.9,93.0,0.0,4.4,150.0,-2.1999999999999993,3.8105117766515306
2026-01-26 06:00:00,14.4,87.0,0.0,6.9,171.0,-1.0793978087775926,6.815049550106451
2026-01-26 07:00:00,15.0,86.0,0.0,8.4,190.0,1.4586446924022156,8.272385125302547
2026-01-26 08:00:00,16.9,85.0,0.0,6.8,212.0,3.603450996785793,5.766727053863696
2026-01-26 09:00:00,18.1,91.0,0.1,3.8,245.0,3.4439695907392696,1.605949394614658
2026-01-26 10:00:00,19.9,80.0,0.1,5.6,277.0,5.558258449191403,-0.6824683230688259
2026-01-26 11:00:00,20.1,78.0,0.1,5.8,309.0,4.507446576450431,-3.6500582680890568
2026-01-26 12:00:00,22.0,67.0,0.0,6.3,333.0,2.860140148359145,-5.613341102386717
2026-01-26 13:00:00,21.9,66.0,0.1,11.6,323.0,6.981054268563761,-9.264171916548596
2026-01-26 14:00:00,19.8,76.0,0.0,3.8,315.0,2.6870057685088806,-2.68700576850888
2026-01-26 15:00:00,19.9,76.0,0.0,3.8,311.0,2.8678964048465336,-2.4930243101639276
2026-01-26 16:00:00,19.5,78.0,0.0,3.9,304.0,3.2332465329646625,-2.180852323535913
2026-01-26 17:00:00,18.9,87.0,0.0,1.1,108.0,-1.0461621679246689,0.3399186938124423
2026-01-26 18:00:00,18.2,86.0,0.0,0.9,127.0,-0.7187719590425636,0.5416335208368434
2026-01-26 19:00:00,17.8,86.0,0.0,2.2,114.0,-2.009800006813722,0.894820614766761
2026-01-26 20:00:00,17.0,89.0,0.0,1.4,180.0,8.572527594031472e-17,1.4
2026-01-26 21:00:00,16.4,90.0,0.0,2.0,153.0,-0.9079809994790934,1.7820130483767358
2026-01-26 22:00:00,17.0,85.0,0.3,1.5,126.0,-1.213525491562421,0.8816778784387098
2026-01-26 23:00:00,16.9,91.0,0.9,3.8,19.0,-1.2371589869371953,-3.592970587277404
2026-01-27 00:00:00,16.3,99.0,0.6,5.6,33.0,-3.049978596084151,-4.696555180494374
2026-01-27 01:00:00,16.0,100.0,0.5,6.8,40.0,-4.370955745868469,-5.209102213209049
2026-01-27 02:00:00,16.2,100.0,0.3,5.6,42.0,-3.747131395609605,-4.161611022673408
2026-01-27 03:00:00,16.3,100.0,0.0,6.1,14.0,-1.4757235631579735,-5.918803930283578
2026-01-27 04:00:00,15.9,100.0,0.2,8.8,35.0,-5.047472639889208,-7.208537989743126
2026-01-27 05:00:00,15.9,99.0,0.5,9.0,59.0,-7.714505706319011,-4.635342674190487
2026-01-27 06:00:00,15.8,100.0,0.3,11.6,18.0,-3.5845971347493917,-11.03225558902378
2026-01-27 07:00:00,15.6,100.0,0.7000000000000001,11.9,32.0,-6.30603924437514,-10.09177234426147
2026-01-27 08:00:00,15.8,100.0,0.4,11.1,32.0,-5.882103832988576,-9.413333867336327
2026-01-27 09:00:00,16.9,90.0,0.1,15.2,36.0,-8.934335834845593,-12.2970583144992
2026-01-27 10:00:00,17.1,90.0,0.0,16.0,34.0,-8.947086455531945,-13.26460116088067
2026-01-27 11:00:00,17.5,86.0,0.0,15.6,29.0,-7.563030075842854,-13.644067431374577
2026-01-27 12:00:00,19.5,71.0,0.0,18.9,32.0,-10.015474094007574,-16.02810901735645
2026-01-27 13:00:00,19.5,70.0,0.0,21.0,34.0,-11.743050972885678,-17.40978902365588
2026-01-27 14:00:00,19.1,71.0,0.0,17.8,16.0,-4.90634493354258,-17.11045818770208
2026-01-27 15:00:00,17.5,76.0,0.0,20.4,25.0,-8.621412539510262,-18.48867885554766
2026-01-27 16:00:00,16.6,80.0,0.0,19.9,34.0,-11.127938779067856,-16.49784769384533
2026-01-27 17:00:00,15.4,86.0,0.1,18.4,27.0,-8.353425195207663,-16.394520045065967
2026-01-27 18:00:00,14.0,95.0,0.2,17.2,24.0,-6.995870260903762,-15.712981871452737
2026-01-27 19:00:00,13.2,99.0,0.9,18.5,28.0,-8.685223911538978,-16.33453046789015
2026-01-27 20:00:00,13.6,99.0,0.8,11.9,29.0,-5.7692344809314084,-10.407974514958813
2026-01-27 21:00:00,13.4,100.0,0.0,12.0,22.0,-4.495279120990947,-11.126206254801447
2026-01-27 22:00:00,13.2,99.0,0.1,14.1,27.0,-6.401266046327612,-12.563191991055985
2026-01-27 23:00:00,13.1,100.0,0.1,15.0,27.0,-6.809857496093204,-13.365097862825516
2026-01-28 00:00:00,13.7,93.0,0.2,25.4,27.0,-11.53135869338449,-22.63156571438454
2026-01-28 01:00:00,13.7,93.0,0.2,25.9,25.0,-10.945812979084108,-23.473371684249233
2026-01-28 02:00:00,13.7,92.0,0.2,26.3,25.0,-11.114860283780388,-23.835894799063897
2026-01-28 03:00:00,13.7,92.0,0.1,26.6,25.0,-11.241645762302598,-24.107787135174892
2026-01-28 04:00:00,13.7,91.0,0.1,26.6,25.0,-11.241645762302598,-24.107787135174892
2026-01-28 05:00:00,13.7,91.0,0.1,26.7,26.0,-11.704509619268375,-23.997801036187752
2026-01-28 06:00:00,13.8,90.0,0.1,26.7,26.0,-11.704509619268375,-23.997801036187752
2026-01-28 07:00:00,13.9,89.0,0.1,27.2,26.0,-11.923695192662914,-24.447198059337335
2026-01-28 08:00:00,14.1,88.0,0.1,27.5,26.0,-12.055206536699638,-24.716836273227088
2026-01-28 09:00:00,14.4,86.0,0.0,28.2,25.0,-11.917834981087717,-25.55787959443353
2026-01-28 10:00:00,14.9,84.0,0.0,29.2,24.0,-11.876709977813363,-26.675527363163948
2026-01-28 11:00:00,15.4,82.0,0.0,30.2,23.0,-11.80008008037607,-27.799246574263694
2026-01-28 12:00:00,15.9,79.0,0.0,31.0,22.0,-11.612804395893281,-28.742699491570406
2026-01-28 13:00:00,16.3,77.0,0.0,31.7,21.0,-11.360264000586032,-29.594499519961293
2026-01-28 14:00:00,16.5,76.0,0.0,32.0,21.0,-11.467774385449623,-29.874573647910452
2026-01-28 15:00:00,16.5,76.0,0.0,31.7,21.0,-11.360264000586032,-29.594499519961293
2026-01-28 16:00:00,16.2,76.0,0.0,31.2,22.0,-11.687725714576464,-28.928136262483765
2026-01-28 17:00:00,15.9,77.0,0.0,30.6,24.0,-12.446141278119484,-27.95449100386359
2026-01-28 18:00:00,15.5,78.0,0.0,29.6,24.0,-12.039404635043683,-27.04094554622099
2026-01-28 19:00:00,15.1,79.0,0.0,28.3,26.0,-12.4059034541309,-25.43587151026642
2026-01-28 20:00:00,14.8,79.0,0.0,27.4,27.0,-12.439339692863586,-24.413578762761276
2026-01-28 21:00:00,14.7,79.0,0.0,26.2,27.0,-11.894551093176128,-23.344370933735235
2026-01-28 22:00:00,14.5,79.0,0.0,24.6,27.0,-11.168166293592854,-21.918760495033847
2026-01-28 23:00:00,14.4,78.0,0.0,23.2,28.0,-10.891740256632666,-20.484384154327106
2026-01-29 00:00:00,14.3,78.0,0.0,21.6,28.0,-10.140585756175241,-19.071668005752823
2026-01-29 01:00:00,14.3,77.0,0.0,20.3,27.0,-9.216007144712803,-18.087432441023868
2026-01-29 02:00:00,14.4,77.0,0.0,19.0,27.0,-8.625819495051392,-16.929123959578988
2026-01-29 03:00:00,14.5,77.0,0.0,18.2,27.0,-8.262627095259754,-16.216318740228292
2026-01-29 04:00:00,14.6,77.0,0.0,17.2,26.0,-7.539983724772137,-15.459257596345669
2026-01-29 05:00:00,14.8,77.0,0.0,16.4,26.0,-7.189286807340874,-14.740222359306335
2026-01-29 06:00:00,15.0,76.0,0.0,15.9,25.0,-6.719630361677117,-14.410293813882737
2026-01-29 07:00:00,15.3,76.0,0.0,15.8,24.0,-6.4264389605976415,-14.434018230753097
2026-01-29 08:00:00,15.7,75.0,0.0,15.6,23.0,-6.095405604432671,-14.359875713858068
2026-01-29 09:00:00,16.3,74.0,0.0,16.2,21.0,-5.805560782633871,-15.124002909254665
2026-01-29 10:00:00,17.1,72.0,0.0,17.1,18.0,-5.284190603811604,-16.263066428647125
2026-01-29 11:00:00,17.9,69.0,0.0,18.3,16.0,-5.04416361145108,-17.59108903567124
2026-01-29 12:00:00,18.7,67.0,0.0,19.6,13.0,-4.409040665139759,-19.09765326979061
2026-01-29 13:00:00,19.3,66.0,0.0,20.6,12.0,-4.282980830845852,-20.149840575116396
2026-01-29 14:00:00,19.6,65.0,0.0,20.9,11.0,-3.9879080033697822,-20.516008134056175
2026-01-29 15:00:00,19.5,66.0,0.0,20.5,11.0,-3.9115844052191644,-20.12335726067711
2026-01-29 16:00:00,19.2,67.0,0.0,19.5,12.0,-4.054277970946316,-19.073878214309207
2026-01-29 17:00:00,18.7,69.0,0.0,18.1,13.0,-4.071614083623961,-17.63609817261276
2026-01-29 18:00:00,18.1,72.0,0.0,16.8,15.0,-4.348159957722347,-16.22755388165635
2026-01-29 19:00:00,17.6,74.0,0.0,15.0,17.0,-4.385575570841056,-14.34457133944553
2026-01-29 20:00:00,17.3,75.0,0.0,14.0,18.0,-4.326237921249266,-13.31479122813215
2026-01-29 21:00:00,17.1,76.0,0.0,13.0,19.0,-4.232386007943036,-12.291741482791119
2026-01-29 22:00:00,16.9,76.0,0.0,11.8,20.0,-4.0358376912428895,-11.08837292527372
2026-01-29 23:00:00,16.8,77.0,0.0,10.8,21.0,-3.870373855089248,-10.082668606169777
2026-01-30 00:00:00,16.7,77.0,0.0,9.7,22.0,-3.633683956134349,-8.993683389297836
2026-01-30 01:00:00,16.7,77.0,0.0,9.0,23.0,-3.5165801564034647,-8.284543681071963
2026-01-30 02:00:00,16.7,77.0,0.0,8.6,22.0,-3.2216167033768457,-7.97378114927437
2026-01-30 03:00:00,16.7,77.0,0.0,8.2,23.0,-3.203995253612045,-7.548139798310009
2026-01-30 04:00:00,16.8,78.0,0.0,8.1,21.0,-2.9027803913169357,-7.562001454627333
2026-01-30 05:00:00,16.9,78.0,0.0,8.1,21.0,-2.9027803913169357,-7.562001454627333
2026-01-30 06:00:00,17.1,79.0,0.0,8.3,18.0,-2.564841053312065,-7.893769085249775
2026-01-30 07:00:00,17.3,79.0,0.0,8.7,17.0,-2.5436338310878126,-8.319851376878407
2026-01-30 08:00:00,17.5,79.0,0.0,9.3,13.0,-2.092044805397947,-9.061641602502688
2026-01-30 09:00:00,17.8,79.0,0.0,10.2,10.0,-1.7712114122026892,-10.045039080724521
2026-01-30 10:00:00,18.2,78.0,0.0,11.3,7.0,-1.3771235804781632,-11.21577151354694
2026-01-30 11:00:00,18.6,78.0,0.0,12.6,5.0,-1.0981623586204938,-12.552053195955994
2026-01-30 12:00:00,19.0,77.0,0.0,14.1,3.0,-0.7379369830255147,-14.080676440039491
2026-01-30 13:00:00,19.2,77.0,0.0,15.5,3.0,-0.8112073217656367,-15.478757788695894
2026-01-30 14:00:00,19.3,78.0,0.0,16.2,3.0,-0.8478424911356978,-16.177798463024097
2026-01-30 15:00:00,19.2,79.0,0.0,16.6,4.0,-1.1579574641524848,-16.55956323431308
2026-01-30 16:00:00,18.8,81.0,0.0,16.3,5.0,-1.4206386067868295,-16.237973578895453
2026-01-30 17:00:00,18.4,84.0,0.0,16.0,8.0,-2.2267696153610532,-15.844289099865124
2026-01-30 18:00:00,17.9,86.0,0.0,15.7,11.0,-2.9957012274117503,-15.411546780128324
2026-01-30 19:00:00,17.5,88.0,0.0,15.5,13.0,-3.4867413423299114,-15.102736004171145
2026-01-30 20:00:00,17.1,90.0,0.0,15.3,15.0,-3.959931390068566,-14.778665142222746
2026-01-30 21:00:00,16.9,91.0,0.1,15.3,15.0,-3.959931390068566,-14.778665142222746
2026-01-30 22:00:00,16.7,91.0,0.1,15.4,16.0,-4.244815279581783,-14.803430117450112
2026-01-30 23:00:00,16.6,92.0,0.1,15.3,15.0,-3.959931390068566,-14.778665142222746
2026-01-31 00:00:00,16.5,92.0,0.1,15.3,15.0,-3.959931390068566,-14.778665142222746
2026-01-31 01:00:00,16.5,92.0,0.1,15.6,15.0,-4.037577103599322,-15.068442890109464
2026-01-31 02:00:00,16.4,92.0,0.1,16.0,14.0,-3.8707503295946846,-15.524731620415944
2026-01-31 03:00:00,16.3,92.0,0.2,16.3,14.0,-3.9433268982745853,-15.815820338298742
2026-01-31 04:00:00,16.3,93.0,0.2,17.1,15.0,-4.425805671253103,-16.51733162954307
2026-01-31 05:00:00,16.2,93.0,0.2,17.9,15.0,-4.632860907335119,-17.290072290574322
2026-01-31 06:00:00,16.2,93.0,0.2,18.9,14.0,-4.5723238268337205,-18.33858922661633
2026-01-31 07:00:00,16.2,93.0,0.2,19.7,15.0,-5.098735188519656,-19.028738777894645
2026-01-31 08:00:00,16.2,93.0,0.2,20.5,15.0,-5.305790424601673,-19.8014794389259
2026-01-31 09:00:00,16.2,93.0,0.4,21.3,16.0,-5.871075678902076,-20.474874123486195
2026-01-31 10:00:00,16.2,92.0,0.4,22.1,16.0,-6.091585563555676,-21.24388348023685
2026-01-31 11:00:00,16.3,91.0,0.4,22.9,16.0,-6.312095448209274,-22.012892836987504
2026-01-31 12:00:00,16.3,90.0,0.4,23.7,17.0,-6.929209401928869,-22.664422716323937
2026-01-31 13:00:00,16.3,89.0,0.4,24.6,18.0,-7.60181806162371,-23.395990300860777
2026-01-31 14:00:00,16.2,89.0,0.4,25.4,18.0,-7.849031657123668,-24.156835513896898
2026-01-31 15:00:00,16.0,89.0,0.6,26.3,19.0,-8.56244246222322,-24.867138538262033
2026-01-31 16:00:00,15.7,89.0,0.6,26.9,20.0,-9.200341855460483,-25.277731499140934
2026-01-31 17:00:00,15.4,89.0,0.6,27.5,22.0,-10.301681318937588,-25.497556000586652
2026-01-31 18:00:00,15.0,90.0,0.6,28.2,23.0,-11.018617823397522,-25.958236867358814
2026-01-31 19:00:00,14.7,90.0,0.6,28.8,24.0,-11.714015320583043,-26.31010918010691
2026-01-31 20:00:00,14.5,90.0,0.6,29.3,25.0,-12.382715069002487,-26.55481816017385
2026-01-31 21:00:00,14.3,90.0,0.3,29.8,25.0,-12.594024199872836,-27.00797205369217
2026-01-31 22:00:00,14.2,89.0,0.3,29.9,26.0,-13.107297288993424,-26.873941984345088
2026-01-31 23:00:00,14.1,89.0,0.3,30.3,25.0,-12.805333330743185,-27.461125947210498
2026-02-01 00:00:00,14.0,88.0,0.3,30.3,25.0,-12.805333330743185,-27.461125947210498
2026-02-01 01:00:00,14.0,87.0,0.3,30.3,25.0,-12.805333330743185,-27.461125947210498
2026-02-01 02:00:00,13.9,87.0,0.3,30.3,25.0,-12.805333330743185,-27.461125947210498
2026-02-01 03:00:00,13.9,87.0,0.3,30.1,25.0,-12.720809678395046,-27.27986438980317
2026-02-01 04:00:00,13.9,87.0,0.3,29.8,25.0,-12.594024199872836,-27.00797205369217
2026-02-01 05:00:00,14.0,87.0,0.3,29.2,24.0,-11.876709977813363,-26.675527363163948
2026-02-01 06:00:00,14.0,86.0,0.3,28.7,24.0,-11.673341656275463,-26.21875463434265
2026-02-01 07:00:00,14.1,86.0,0.3,28.2,23.0,-11.018617823397522,-25.958236867358814
2026-02-01 08:00:00,14.2,86.0,0.3,27.7,23.0,-10.823252259152884,-25.497984440632596
2026-02-01 09:00:00,14.3,86.0,0.3,27.6,22.0,-10.33914197827918,-25.59027438604333
2026-02-01 10:00:00,14.5,85.0,0.3,27.1,22.0,-10.151838681571224,-25.126682458759937
2026-02-01 11:00:00,14.7,84.0,0.3,27.0,21.0,-9.675934637723119,-25.206671515424443
2026-02-01 12:00:00,14.8,84.0,0.3,26.9,20.0,-9.200341855460483,-25.277731499140934
2026-02-01 13:00:00,14.9,83.0,0.3,26.4,20.0,-9.02933178379765,-24.80788518874798
2026-02-01 14:00:00,15.0,83.0,0.3,26.4,20.0,-9.02933178379765,-24.80788518874798
2026-02-01 15:00:00,14.9,83.0,0.3,26.1,20.0,-8.926725740799949,-24.52597740251221
2026-02-01 16:00:00,14.8,84.0,0.3,26.1,20.0,-8.926725740799949,-24.52597740251221
2026-02-01 17:00:00,14.6,85.0,0.3,25.7,20.0,-8.789917683469682,-24.150100354197846
2026-02-01 18:00:00,14.4,86.0,0.3,25.4,21.0,-9.102545918450637,-23.71294283302892
2026-02-01 19:00:00,14.2,87.0,0.3,25.5,22.0,-9.552468132105764,-23.643188291453075
2026-02-01 20:00:00,14.0,87.0,0.3,25.2,22.0,-9.440086154080989,-23.36503313508304
2026-02-01 21:00:00,13.9,87.0,0.1,24.9,22.0,-9.327704176056216,-23.086877978713
2026-02-01 22:00:00,13.9,87.0,0.1,24.7,23.0,-9.651058873685063,-22.736469880275273
2026-02-01 23:00:00,13.8,87.0,0.1,24.3,24.0,-9.883700426741942,-22.199154620715206
2026-02-02 00:00:00,13.8,87.0,0.1,24.0,24.0,-9.761679433819202,-21.92509098342242
2026-02-02 01:00:00,13.8,86.0,0.1,23.8,25.0,-10.05831462942864,-21.570125331472273
2026-02-02 02:00:00,13.8,86.0,0.1,23.8,25.0,-10.05831462942864,-21.570125331472273
2026-02-02 03:00:00,13.8,86.0,0.0,23.8,25.0,-10.05831462942864,-21.570125331472273
2026-02-02 04:00:00,13.9,85.0,0.0,23.8,25.0,-10.05831462942864,-21.570125331472273
2026-02-02 05:00:00,14.0,85.0,0.0,23.8,25.0,-10.05831462942864,-21.570125331472273
2026-02-02 06:00:00,14.1,84.0,0.0,23.8,25.0,-10.05831462942864,-21.570125331472273
2026-02-02 07:00:00,14.3,84.0,0.0,24.2,25.0,-10.22736193412492,-21.93264844628693
2026-02-02 08:00:00,14.4,83.0,0.0,24.5,24.0,-9.965047755357102,-22.381863712243725
2026-02-02 09:00:00,14.7,82.0,0.0,25.1,24.0,-10.209089741202583,-22.929990986829285
2026-02-02 10:00:00,15.0,81.0,0.0,26.3,23.0,-10.276228679267902,-24.20927764579918
2026-02-02 11:00:00,15.3,80.0,0.0,27.3,23.0,-10.666959807757175,-25.12978249925162
2026-02-02 12:00:00,15.6,78.0,0.0,28.7,22.0,-10.751209231036682,-26.610176626066796
2026-02-02 13:00:00,15.8,77.0,0.0,29.5,22.0,-11.050894505769413,-27.351923709720225
2026-02-02 14:00:00,15.8,77.0,0.0,29.9,22.0,-11.200737143135777,-27.72279725154694
2026-02-02 15:00:00,15.7,77.0,0.0,29.9,22.0,-11.200737143135777,-27.72279725154694
2026-02-02 16:00:00,15.4,78.0,0.0,29.4,23.0,-11.48749517758465,-27.062842691501743
2026-02-02 17:00:00,15.0,79.0,0.0,28.4,24.0,-11.551320663352723,-25.944690997049868
2026-02-02 18:00:00,14.5,80.0,0.0,27.9,25.0,-11.791049502565507,-25.285987258322535
2026-02-02 19:00:00,14.1,81.0,0.0,26.9,26.0,-11.792183848626191,-24.177559845447586
2026-02-02 20:00:00,13.9,81.0,0.0,26.2,27.0,-11.894551093176128,-23.344370933735235
2026-02-02 21:00:00,13.7,81.0,0.0,25.6,28.0,-12.018472007318804,-22.60345837718853
2026-02-02 22:00:00,13.6,81.0,0.0,25.3,28.0,-11.877630538483036,-22.338574099330852
2026-02-02 23:00:00,13.5,80.0,0.0,24.5,28.0,-11.502053288254324,-21.63221602504371
2026-02-03 00:00:00,13.4,80.0,0.0,24.0,28.0,-11.267317506861378,-21.190742228614248
2026-02-03 01:00:00,13.4,79.0,0.0,23.7,28.0,-11.12647603802561,-20.92585795075657
2026-02-03 02:00:00,13.5,79.0,0.0,22.9,28.0,-10.750898787796897,-20.219499876469428
2026-02-03 03:00:00,13.5,79.0,0.0,22.1,28.0,-10.375321537568187,-19.513141802182286
2026-02-03 04:00:00,13.6,78.0,0.0,21.3,28.0,-9.999744287339473,-18.806783727895144
2026-02-03 05:00:00,13.8,78.0,0.0,20.5,28.0,-9.62416703711076,-18.100425653608003
2026-02-03 06:00:00,14.0,78.0,0.0,19.7,28.0,-9.248589786882047,-17.39406757932086
2026-02-03 07:00:00,14.3,77.0,0.0,18.8,29.0,-9.114420860631133,-16.442850494220643
2026-02-03 08:00:00,14.7,76.0,0.0,18.2,27.0,-8.262627095259754,-16.216318740228292
2026-02-03 09:00:00,15.3,74.0,0.0,17.9,25.0,-7.564866885158515,-16.222909387956033
2026-02-03 10:00:00,16.2,72.0,0.0,17.4,22.0,-6.518154725436873,-16.132999069462098
2026-02-03 11:00:00,17.1,70.0,0.0,17.4,18.0,-5.376895702124087,-16.54838338353567
2026-02-03 12:00:00,18.0,67.0,0.0,17.5,14.0,-4.233633172994186,-16.980175209829937
2026-02-03 13:00:00,18.7,66.0,0.0,17.3,12.0,-3.5968722511472446,-16.921953492694836
2026-02-03 14:00:00,19.0,65.0,0.0,16.8,10.0,-2.91728938480443,-16.544770250605094
2026-02-03 15:00:00,19.0,66.0,0.0,15.7,9.0,-2.4560211011316273,-15.50670694734366
2026-02-03 16:00:00,18.6,68.0,0.0,14.3,10.0,-2.483168940637104,-14.082750868074575
2026-02-03 17:00:00,18.0,70.0,0.0,12.9,13.0,-2.901868601035862,-12.569373835729534
2026-02-03 18:00:00,17.4,73.0,0.0,11.3,17.0,-3.3038002633669294,-10.8062437423823
2026-02-03 19:00:00,16.8,75.0,0.0,9.6,20.0,-3.283393375926418,-9.02104915954472
2026-02-03 20:00:00,16.4,77.0,0.0,8.2,23.0,-3.203995253612045,-7.548139798310009
2026-02-03 21:00:00,16.1,78.0,0.0,6.8,25.0,-2.873804179836754,-6.16289295184922
2026-02-03 22:00:00,15.9,78.0,0.0,5.6,27.0,-2.5423467985414625,-4.989636535454859
2026-02-03 23:00:00,15.8,79.0,0.0,4.0,27.0,-1.8159619989581877,-3.564026096753471
2026-02-04 00:00:00,15.7,79.0,0.0,2.7,23.0,-1.0549740469210394,-2.4853631043215887
2026-02-04 01:00:00,15.6,79.0,0.0,1.6,27.0,-0.7263847995832751,-1.4256104387013886
2026-02-04 02:00:00,15.6,79.0,0.0,1.1,18.0,-0.33991869381244233,-1.0461621679246689
2026-02-04 03:00:00,15.6,80.0,0.0,1.1,18.0,-0.33991869381244233,-1.0461621679246689
2026-02-04 04:00:00,15.6,81.0,0.0,1.1,360.0,6.735557395310444e-17,-1.1
2026-02-04 05:00:00,15.7,82.0,0.0,1.8,360.0,1.1021821192326179e-16,-1.8
2026-02-04 06:00:00,15.8,83.0,0.0,2.2,9.0,-0.3441558230885083,-2.172914349309303
2026-02-04 07:00:00,16.0,83.0,0.0,2.9,360.0,1.7757378587636622e-16,-2.9
2026-02-04 08:00:00,16.3,83.0,0.0,3.6,360.0,2.2043642384652358e-16,-3.6
2026-02-04 09:00:00,16.8,82.0,0.0,4.3,355.0,0.37476969381492997,-4.283637201794505
2026-02-04 10:00:00,17.4,80.0,0.0,5.5,349.0,1.049449474570997,-5.3989495089621515
2026-02-04 11:00:00,18.1,78.0,0.0,6.7,344.0,1.8467702839738944,-6.440453362786736
2026-02-04 12:00:00,18.8,76.0,0.0,7.6,341.0,2.474317973874391,-7.185941174554807
2026-02-04 13:00:00,19.3,75.0,0.0,8.4,340.0,2.872969203935618,-7.893418014601631
2026-02-04 14:00:00,19.5,74.0,0.0,8.4,340.0,2.872969203935618,-7.893418014601631
2026-02-04 15:00:00,19.4,75.0,0.0,7.9,344.0,2.1775351109542935,-7.59396739791272
2026-02-04 16:00:00,19.0,76.0,0.0,6.6,351.0,1.032467469265524,-6.518743047927909
2026-02-04 17:00:00,18.4,78.0,0.0,5.1,4.0,-0.35575801609504043,-5.087576656325103
2026-02-04 18:00:00,17.8,80.0,0.0,4.0,27.0,-1.8159619989581877,-3.564026096753471
2026-02-04 19:00:00,17.3,82.0,0.0,3.8,49.0,-2.867896404846534,-2.4930243101639267
2026-02-04 20:00:00,16.9,83.0,0.0,3.9,68.0,-3.616017032810471,-1.460965714322057
2026-02-04 21:00:00,16.7,83.0,0.0,3.7,79.0,-3.632020578756357,-0.7059932828932155
2026-02-04 22:00:00,16.5,83.0,0.0,2.9,83.0,-2.878383839759834,-0.3534210958749272
2026-02-04 23:00:00,16.4,82.0,0.0,2.2,81.0,-2.1729143493093033,-0.3441558230885076
2026-02-05 00:00:00,16.3,81.0,0.0,1.4,90.0,-1.4,1.7145055188062944e-16
2026-02-05 01:00:00,16.2,80.0,0.0,0.7000000000000001,90.0,-0.7000000000000001,8.572527594031473e-17
2026-02-05 02:00:00,16.2,80.0,0.0,0.4,90.0,-0.4,4.898587196589413e-17
2026-02-05 03:00:00,16.2,80.0,0.0,0.4,90.0,-0.4,4.898587196589413e-17
2026-02-05 04:00:00,16.3,80.0,0.0,0.7000000000000001,90.0,-0.7000000000000001,8.572527594031473e-17
2026-02-05 05:00:00,16.3,81.0,0.0,1.4,90.0,-1.4,1.7145055188062944e-16
2026-02-05 06:00:00,16.5,81.0,0.0,1.8,79.0,-1.7669289302057951,-0.3434561916777805
2026-02-05 07:00:00,16.7,81.0,0.0,2.3,72.0,-2.187429987478853,-0.7107390870623786
2026-02-05 08:00:00,17.0,80.0,0.0,2.4,63.0,-2.138415658052083,-1.089577199374912
2026-02-05 09:00:00,17.6,78.0,0.0,2.3,39.0,-1.447436899414627,-1.7874357113510322
2026-02-05 10:00:00,18.4,76.0,0.0,3.3,13.0,-0.7423384793347553,-3.215421213791276
2026-02-05 11:00:00,19.3,73.0,0.0,4.7,356.0,0.3278554265973886,-4.688551036221174
2026-02-05 12:00:00,20.1,71.0,0.0,5.9,346.0,1.4273391840380394,-5.7247447850283795
2026-02-05 13:00:00,20.8,69.0,0.0,7.3,340.0,2.4967470462773824,-6.8597561317371305
2026-02-05 14:00:00,21.1,68.0,0.0,7.6,341.0,2.474317973874391,-7.185941174554807
2026-02-05 15:00:00,20.9,69.0,0.0,7.1,345.0,1.8376152202278973,-6.858073366652385
2026-02-05 16:00:00,20.5,71.0,0.0,6.2,353.0,0.7555899291119145,-6.153786140176196
2026-02-05 17:00:00,19.8,73.0,0.0,5.2,12.0,-1.0811407922523508,-5.086367523815789
2026-02-05 18:00:00,19.1,76.0,0.0,4.4,35.0,-2.523736319944604,-3.604268994871563
2026-02-05 19:00:00,18.4,78.0,0.0,4.7,58.0,-3.9858260519352027,-2.4906205418960625
2026-02-05 20:00:00,17.9,80.0,0.0,5.0,69.0,-4.667902132486009,-1.7918397477265022
2026-02-05 21:00:00,17.6,81.0,0.0,4.9,73.0,-4.685893304218874,-1.4326213531414103
2026-02-05 22:00:00,17.4,80.0,0.0,4.0,80.0,-3.939231012048832,-0.6945927106677219
2026-02-05 23:00:00,17.2,80.0,0.0,3.0,76.0,-2.9108871788279895,-0.7257656867990026
2026-02-06 00:00:00,17.0,80.0,0.0,1.8,79.0,-1.7669289302057951,-0.3434561916777805
2026-02-06 01:00:00,16.9,79.0,0.0,0.8,63.0,-0.7128052193506944,-0.36319239979163737
2026-02-06 02:00:00,16.9,79.0,0.0,0.5,45.0,-0.35355339059327384,-0.35355339059327373
2026-02-06 03:00:00,16.8,79.0,0.0,1.0,45.0,-0.7071067811865477,-0.7071067811865475
2026-02-06 04:00:00,16.8,80.0,0.0,1.5,45.0,-1.0606601717798214,-1.0606601717798212
2026-02-06 05:00:00,16.8,81.0,0.0,2.6,56.0,-2.1554976886431088,-1.4539015490239415
2026-02-06 06:00:00,16.9,82.0,0.0,3.4,58.0,-2.8833635269318485,-1.8017254983928963
2026-02-06 07:00:00,17.1,82.0,0.0,3.9,56.0,-3.233246532964663,-2.180852323535912
2026-02-06 08:00:00,17.4,82.0,0.0,4.1,52.0,-3.23084408978756,-2.5242120488351985
2026-02-06 09:00:00,18.0,80.0,0.0,3.3,41.0,-2.1649947956686737,-2.4905416147351476
2026-02-06 10:00:00,18.9,77.0,0.0,2.5,8.0,-0.3479327524001646,-2.475670171853926
2026-02-06 11:00:00,19.9,74.0,0.0,3.1,324.0,1.8221342821066668,-2.5079526825623373
2026-02-06 12:00:00,20.8,71.0,0.0,4.2,301.0,3.600102662948872,-2.1631599146222276
2026-02-06 13:00:00,21.5,69.0,0.0,5.5,293.0,5.062776693988422,-2.149021206691006
2026-02-06 14:00:00,21.8,68.0,0.0,6.2,291.0,5.788198644282651,-2.2218812871808615
2026-02-06 15:00:00,21.6,69.0,0.0,5.7,288.0,5.421022142882375,-1.7613968679372003
2026-02-06 16:00:00,21.2,72.0,0.0,4.2,290.0,3.9467090073008158,-1.4364846019678086
2026-02-06 17:00:00,20.5,76.0,0.0,2.3,288.0,2.1874299874788528,-0.710739087062379
2026-02-06 18:00:00,19.7,79.0,0.0,0.5,315.0,0.3535533905932738,-0.35355339059327373
2026-02-06 19:00:00,18.9,83.0,0.0,2.1,59.0,-1.800051331474436,-1.0815799573111138
2026-02-06 20:00:00,18.2,85.0,0.0,4.4,55.0,-3.604268994871564,-2.5237363199446032
2026-02-06 21:00:00,17.6,86.0,0.1,7.9,43.0,-5.387787044493739,-5.777694242791447
2026-02-06 22:00:00,17.0,87.0,0.1,12.4,36.0,-7.288537128426668,-10.031810730249347
2026-02-06 23:00:00,16.4,87.0,0.1,17.9,30.0,-8.950000000000006,-15.501854727741446
2026-02-07 00:00:00,15.8,86.0,0.1,23.7,28.0,-11.12647603802561,-20.92585795075657
2026-02-07 01:00:00,15.3,86.0,0.1,28.2,27.0,-12.802532092655223,-25.12638398211197
2026-02-07 02:00:00,14.8,85.0,0.1,31.7,26.0,-13.896365353213763,-28.49177126768359
2026-02-07 03:00:00,14.4,84.0,0.2,33.5,27.0,-15.208681741274821,-29.84871856031032
2026-02-07 04:00:00,14.1,84.0,0.2,34.3,28.0,-16.102874603556053,-30.285102435061194
2026-02-07 05:00:00,13.7,83.0,0.2,34.3,30.0,-17.150000000000013,-29.704671349806233
2026-02-07 06:00:00,13.5,81.0,0.2,33.9,31.0,-17.459790739450845,-29.0579714938016
2026-02-07 07:00:00,13.4,80.0,0.2,33.5,32.0,-17.752295351812368,-28.40961122124027
2026-02-07 08:00:00,13.4,78.0,0.2,33.7,32.0,-17.85827920465901,-28.579220840471557
2026-02-07 09:00:00,13.7,76.0,0.0,34.0,32.0,-18.01725498392897,-28.83363526931848
2026-02-07 10:00:00,14.2,73.0,0.0,34.4,31.0,-17.717309776905875,-29.486555144152657
2026-02-07 11:00:00,14.8,70.0,0.0,34.5,30.0,-17.250000000000014,-29.877876430563123
2026-02-07 12:00:00,15.5,67.0,0.0,34.8,28.0,-16.337610384948995,-30.726576231490657
2026-02-07 13:00:00,15.9,64.0,0.0,34.9,28.0,-16.384557541227586,-30.81487099077655
2026-02-07 14:00:00,16.1,62.0,0.0,34.5,27.0,-15.662672241014368,-30.739725084498687
2026-02-07 15:00:00,16.0,60.0,0.0,33.8,28.0,-15.868138822163106,-29.84362863863173
2026-02-07 16:00:00,15.6,59.0,0.0,32.7,30.0,-16.350000000000016,-28.31903070375114
2026-02-07 17:00:00,15.1,58.0,0.0,31.2,31.0,-16.0691879371937,-26.7436197819059
2026-02-07 18:00:00,14.6,57.0,0.0,29.9,34.0,-16.719867813775323,-24.78822341939575
2026-02-07 19:00:00,14.1,56.0,0.0,28.9,36.0,-16.986993791252477,-23.380591137435978
2026-02-07 20:00:00,13.7,55.0,0.0,28.0,37.0,-16.85082064825735,-22.3617942813242
2026-02-07 21:00:00,13.5,54.0,0.0,27.4,38.0,-16.86912442392303,-21.591494648824185
2026-02-07 22:00:00,13.3,52.0,0.0,26.9,38.0,-16.5612936862602,-21.197489272020825
2026-02-07 23:00:00,13.2,50.0,0.0,26.9,38.0,-16.5612936862602,-21.197489272020825
2026-02-08 00:00:00,13.1,49.0,0.0,26.4,38.0,-16.253462948597374,-20.803483895217465
2026-02-08 01:00:00,13.1,48.0,0.0,26.4,38.0,-16.253462948597374,-20.803483895217465
2026-02-08 02:00:00,13.1,47.0,0.0,26.2,37.0,-15.767553606583665,-20.92425036323907
2026-02-08 03:00:00,13.2,47.0,0.0,26.2,37.0,-15.767553606583665,-20.92425036323907
2026-02-08 04:00:00,13.2,48.0,0.0,25.7,37.0,-15.46664609500764,-20.524932608215426
2026-02-08 05:00:00,13.3,50.0,0.0,25.7,37.0,-15.46664609500764,-20.524932608215426
2026-02-08 06:00:00,13.5,51.0,0.0,25.8,36.0,-15.16485950914581,-20.87263845487364
2026-02-08 07:00:00,13.7,52.0,0.0,25.8,36.0,-15.16485950914581,-20.87263845487364
2026-02-08 08:00:00,14.0,53.0,0.0,25.9,35.0,-14.8556297014921,-21.21603794708488
2026-02-08 09:00:00,14.6,53.0,0.0,26.3,33.0,-14.32400662089521,-22.057035936964652
2026-02-08 10:00:00,15.3,53.0,0.0,27.0,31.0,-13.906028022571471,-23.14351711895703
2026-02-08 11:00:00,16.1,52.0,0.0,28.0,29.0,-13.574669366897432,-24.489351799903087
2026-02-08 12:00:00,16.9,52.0,0.0,28.8,28.0,-13.520781008233653,-25.428890674337097
2026-02-08 13:00:00,17.5,51.0,0.0,29.3,26.0,-12.844274600919977,-26.33466555656559
2026-02-08 14:00:00,17.7,52.0,0.0,29.1,26.0,-12.756600371562163,-26.154906747305755
2026-02-08 15:00:00,17.5,53.0,0.0,28.3,26.0,-12.4059034541309,-25.43587151026642
2026-02-08 16:00:00,16.9,56.0,0.0,26.9,26.0,-11.792183848626191,-24.177559845447586
2026-02-08 17:00:00,16.1,58.0,0.0,25.4,27.0,-11.53135869338449,-22.63156571438454
2026-02-08 18:00:00,15.3,61.0,0.0,23.4,29.0,-11.344545113764282,-20.466101147061863
2026-02-08 19:00:00,14.6,63.0,0.0,21.6,30.0,-10.80000000000001,-18.70614872174387
2026-02-08 20:00:00,14.1,65.0,0.0,19.4,31.0,-9.991738653255057,-16.629045633620972
2026-02-08 21:00:00,13.8,66.0,0.0,17.2,33.0,-9.367791402258463,-14.425133768661293
2026-02-08 22:00:00,13.5,67.0,0.0,14.7,36.0,-8.640443208699356,-11.892549817311725
2026-02-08 23:00:00,13.4,68.0,0.0,12.3,40.0,-7.906287599144436,-9.422346650363428
2026-02-09 00:00:00,13.3,68.0,0.0,9.7,45.0,-6.858935777509512,-6.85893577750951
2026-02-09 01:00:00,13.3,69.0,0.0,7.7,53.0,-6.149493427364155,-4.633975678270772
2026-02-09 02:00:00,13.4,69.0,0.0,6.1,62.0,-5.385980316439453,-2.863776532993934
2026-02-09 03:00:00,13.5,69.0,0.0,4.9,73.0,-4.685893304218874,-1.4326213531414103
2026-02-09 04:00:00,13.6,70.0,0.0,4.3,90.0,-4.3,5.265981236333618e-16
2026-02-09 05:00:00,13.8,70.0,0.0,3.8,107.0,-3.633958072659535,1.111012477946399
2026-02-09 06:00:00,14.0,70.0,0.0,3.4,122.0,-2.883363526931848,1.8017254983928965
2026-02-09 07:00:00,14.4,70.0,0.0,3.1,126.0,-2.507952682562337,1.822134282106667
2026-02-09 08:00:00,14.8,69.0,0.0,2.3,141.0,-1.4474368994146256,1.7874357113510333
2026-02-09 09:00:00,15.4,68.0,0.0,0.7000000000000001,180.0,4.2862637970157366e-17,0.7000000000000001
2026-02-09 10:00:00,16.2,66.0,0.0,2.1,301.0,1.800051331474436,-1.0815799573111138
2026-02-09 11:00:00,17.1,64.0,0.0,4.6,309.0,3.5748714227020657,-2.8948737988292517
2026-02-09 12:00:00,17.9,62.0,0.0,7.4,313.0,5.412017391981862,-5.046787864462489
2026-02-09 13:00:00,18.5,61.0,0.0,9.4,317.0,6.410784584587486,-6.874724795220202
2026-02-09 14:00:00,18.8,61.0,0.0,10.5,319.0,6.888619804400326,-7.924450592339106
2026-02-09 15:00:00,18.7,62.0,0.0,10.0,322.0,6.156614753256583,-7.88010753606722
2026-02-09 16:00:00,18.2,65.0,0.0,8.4,329.0,4.326319829244455,-7.200205325897744
2026-02-09 17:00:00,17.6,68.0,0.0,6.8,342.0,2.1013155617496424,-6.467184310807044
2026-02-09 18:00:00,16.9,71.0,0.0,5.0,360.0,3.061616997868383e-16,-5.0
2026-02-09 19:00:00,16.2,74.0,0.0,4.3,24.0,-1.7489675652259404,-3.928245467863184
2026-02-09 20:00:00,15.7,76.0,0.0,4.6,45.0,-3.2526911934581193,-3.252691193458118
2026-02-09 21:00:00,15.4,77.0,0.0,4.7,58.0,-3.9858260519352027,-2.4906205418960625
2026-02-09 22:00:00,15.1,76.0,0.0,4.5,61.0,-3.9357886821272814,-2.181643291108516
2026-02-09 23:00:00,14.9,75.0,0.0,3.9,68.0,-3.616017032810471,-1.460965714322057
2026-02-10 00:00:00,14.8,74.0,0.0,3.4,72.0,-3.2335921554035223,-1.0506577808748208
2026-02-10 01:00:00,14.7,74.0,0.0,3.3,77.0,-3.2154212137912763,-0.7423384793347544
2026-02-10 02:00:00,14.6,73.0,0.0,3.0,76.0,-2.9108871788279895,-0.7257656867990026
2026-02-10 03:00:00,14.6,73.0,0.0,3.0,76.0,-2.9108871788279895,-0.7257656867990026
2026-02-10 04:00:00,14.7,73.0,0.0,3.0,76.0,-2.9108871788279895,-0.7257656867990026
2026-02-10 05:00:00,14.8,74.0,0.0,3.1,69.0,-2.8940993221413254,-1.1109406435904314
2026-02-10 06:00:00,15.0,74.0,0.0,2.9,60.0,-2.5114736709748717,-1.4500000000000002
2026-02-10 07:00:00,15.3,74.0,0.0,3.1,54.0,-2.5079526825623377,-1.8221342821066664
2026-02-10 08:00:00,15.6,73.0,0.0,3.3,41.0,-2.1649947956686737,-2.4905416147351476
2026-02-10 09:00:00,16.2,72.0,0.0,3.9,22.0,-1.460965714322058,-3.6160170328104706
2026-02-10 10:00:00,17.1,69.0,0.0,5.1,8.0,-0.7097828148963357,-5.050367150582008
2026-02-10 11:00:00,18.0,67.0,0.0,6.8,360.0,4.1637991171010006e-16,-6.8
2026-02-10 12:00:00,18.8,64.0,0.0,8.7,353.0,1.060263287624783,-8.6351515192795
2026-02-10 13:00:00,19.5,62.0,0.0,9.8,352.0,1.3638963894086416,-9.70462707366739
2026-02-10 14:00:00,19.8,62.0,0.0,10.5,352.0,1.4613175600806874,-10.397814721786489
2026-02-10 15:00:00,19.6,63.0,0.0,10.5,356.0,0.732442974313315,-10.474422527728153
2026-02-10 16:00:00,19.1,66.0,0.0,9.7,2.0,-0.33852511801425733,-9.694091022085228
2026-02-10 17:00:00,18.4,69.0,0.0,8.9,14.0,-2.1531048708370433,-8.635631963856369
2026-02-10 18:00:00,17.6,72.0,0.0,8.4,25.0,-3.549993398621873,-7.612985411107861
2026-02-10 19:00:00,16.8,75.0,0.0,8.5,36.0,-4.996174644486023,-6.876644452187052
2026-02-10 20:00:00,16.3,77.0,0.0,8.4,43.0,-5.728786224524988,-6.143371093601032
2026-02-10 21:00:00,15.9,78.0,0.0,8.1,45.0,-5.727564927611036,-5.727564927611034
2026-02-10 22:00:00,15.6,78.0,0.0,7.9,43.0,-5.387787044493739,-5.777694242791447
2026-02-10 23:00:00,15.4,79.0,0.0,7.7,37.0,-4.6339756782707715,-6.149493427364155
2026-02-11 00:00:00,15.2,78.0,0.0,7.3,33.0,-3.9758649556096968,-6.122295146001595
2026-02-11 01:00:00,15.1,78.0,0.0,7.2,27.0,-3.268731598124738,-6.415246974156248
2026-02-11 02:00:00,15.1,78.0,0.0,7.1,24.0,-2.8878301658381806,-6.486172749262467
2026-02-11 03:00:00,15.1,78.0,0.0,7.1,24.0,-2.8878301658381806,-6.486172749262467
2026-02-11 04:00:00,15.3,78.0,0.0,7.1,24.0,-2.8878301658381806,-6.486172749262467
2026-02-11 05:00:00,15.6,78.0,0.0,7.1,24.0,-2.8878301658381806,-6.486172749262467
2026-02-11 06:00:00,15.9,78.0,0.0,7.2,27.0,-3.268731598124738,-6.415246974156248
2026-02-11 07:00:00,16.2,77.0,0.0,7.6,25.0,-3.2118987892293136,-6.88793918147854
2026-02-11 08:00:00,16.6,77.0,0.0,8.2,23.0,-3.203995253612045,-7.548139798310009
2026-02-11 09:00:00,17.1,76.0,0.0,9.1,18.0,-2.8120546488120226,-8.654614298285896
2026-02-11 10:00:00,17.7,75.0,0.0,10.7,12.0,-2.2246550917500296,-10.46617932785172
2026-02-11 11:00:00,18.4,73.0,0.0,12.4,8.0,-1.7257464519048162,-12.279324052395472
2026-02-11 12:00:00,19.1,72.0,0.0,14.1,4.0,-0.9835662797921707,-14.06565310866352
2026-02-11 13:00:00,19.5,71.0,0.0,15.5,3.0,-0.8112073217656367,-15.478757788695894
2026-02-11 14:00:00,19.7,71.0,0.0,16.2,3.0,-0.8478424911356978,-16.177798463024097
2026-02-11 15:00:00,19.5,73.0,0.0,15.9,5.0,-1.3857763096877662,-15.839495699658755
2026-02-11 16:00:00,19.0,75.0,0.0,14.9,8.0,-2.0736792043049808,-14.754994224249398
2026-02-11 17:00:00,18.3,79.0,0.0,13.8,15.0,-3.571702822414785,-13.329776402789143
2026-02-11 18:00:00,17.5,82.0,0.0,12.8,22.0,-4.794964395723677,-11.867953338454878
2026-02-11 19:00:00,17.0,84.0,0.0,11.9,29.0,-5.7692344809314084,-10.407974514958813
2026-02-11 20:00:00,16.8,85.0,0.0,11.8,31.0,-6.077449283938643,-10.114574148284923
