time,temperature_2m,relativehumidity_2m,precipitation,windspeed_10m,winddirection_10m,u,v
2026-06-03 00:00:00,26.7,65.0,0.0,6.7,175.0,-0.5839434764093102,6.674504477214695
2026-06-03 01:00:00,26.2,66.0,0.0,8.3,162.0,-2.564841053312063,7.893769085249776
2026-06-03 02:00:00,26.1,68.0,0.0,8.3,147.0,-4.520503990624725,6.96096571394702
2026-06-03 03:00:00,25.2,72.0,0.0,8.4,152.0,-3.943561127401484,7.416759780014986
2026-06-03 04:00:00,24.7,73.0,0.0,7.1,150.0,-3.549999999999998,6.148780366869515
2026-06-03 05:00:00,24.3,74.0,0.0,7.0,140.0,-4.499513267805775,5.362311101832846
2026-06-03 06:00:00,25.2,70.0,0.0,6.7,136.0,-4.654211082075283,4.819576662268962
2026-06-03 07:00:00,27.8,60.0,0.0,6.3,156.0,-2.5624408513775414,5.755336383148386
2026-06-03 08:00:00,29.5,55.0,0.0,6.5,177.0,-0.34018371557913496,6.49109197590473
2026-06-03 09:00:00,31.0,49.0,0.0,7.9,192.0,1.6425023574602997,7.727366045797065
2026-06-03 10:00:00,32.6,45.0,0.0,8.7,186.0,0.909397630428585,8.652340489703978
2026-06-03 11:00:00,34.2,42.0,0.0,9.1,189.0,1.4235536318661013,8.987963899415753
2026-06-03 12:00:00,35.4,41.0,0.0,8.9,208.0,4.178296908794429,7.85823357644445
2026-06-03 13:00:00,35.3,43.0,0.1,10.3,234.0,8.332875042061959,6.054188098612474
2026-06-03 14:00:00,34.6,45.0,0.7000000000000001,11.7,255.0,11.301332167582098,3.0281828276994927
2026-06-03 15:00:00,33.4,51.0,0.4,11.7,270.0,11.7,0.0
2026-06-03 16:00:00,32.7,53.0,0.3,8.8,272.0,8.794639277768043,-0.30711557098200853
2026-06-03 17:00:00,32.0,54.0,0.0,8.0,275.0,7.969557584733964,-0.6972459419812653
2026-06-03 18:00:00,30.9,57.0,0.0,8.7,278.0,8.61533219805166,-1.2108059783525693
2026-06-03 19:00:00,29.6,63.0,0.0,7.5,281.0,7.36220387585748,-1.431067465324086
2026-06-03 20:00:00,29.3,64.0,0.0,3.5,215.0,2.0075175272286616,2.8670321550114712
2026-06-03 21:00:00,28.6,67.0,0.0,4.7,148.0,-2.4906205418960625,3.9858260519352027
2026-06-03 22:00:00,28.0,71.0,0.0,6.8,143.0,-4.0923421574339285,5.4307214683215905
2026-06-03 23:00:00,27.7,72.0,0.0,4.8,146.0,-2.684125936659584,3.9793803482642
2026-06-04 00:00:00,27.4,75.0,0.0,4.5,140.0,-2.8925442435894273,3.447199994035401
2026-06-04 01:00:00,27.1,76.0,0.0,4.2,130.0,-3.2173866610997073,2.6997079606834657
2026-06-04 02:00:00,27.0,76.0,0.0,4.2,126.0,-3.3978713763747788,2.468698059628388
2026-06-04 03:00:00,26.3,78.0,0.0,5.2,146.0,-2.907803098047883,4.3109953772862175
2026-06-04 04:00:00,25.9,78.0,0.0,7.0,148.0,-3.7094348496324336,5.936336673094982
2026-06-04 05:00:00,25.8,78.0,0.0,6.3,153.0,-2.860140148359144,5.613341102386718
2026-06-04 06:00:00,26.3,75.0,0.0,4.0,122.0,-3.392192384625704,2.1196770569328196
2026-06-04 07:00:00,27.9,72.0,0.0,3.7,169.0,-0.7059932828932158,3.632020578756357
2026-06-04 08:00:00,29.8,67.0,0.0,7.3,191.0,1.3929056662487778,7.165878439167947
2026-06-04 09:00:00,31.3,61.0,0.0,9.2,197.0,2.689819683449178,8.798003754859925
2026-06-04 10:00:00,31.6,61.0,0.1,16.9,208.0,7.934069411081555,14.921814319315862
2026-06-04 11:00:00,30.5,66.0,0.1,18.4,212.0,9.750514461890969,15.604084969278237
2026-06-04 12:00:00,31.2,63.0,0.2,16.5,220.0,10.6059955598279,12.639733311463138
2026-06-04 13:00:00,30.1,67.0,0.6,18.1,221.0,11.874668424728183,13.660243402032174
2026-06-04 14:00:00,28.3,81.0,2.6,9.7,215.0,5.563691432605148,7.94577482960322
2026-06-04 15:00:00,27.7,86.0,2.3,6.0,243.0,5.346039145130208,2.7239429984372805
2026-06-04 16:00:00,25.7,95.0,12.3,9.8,194.0,2.3708345768767436,9.508898117504765
2026-06-04 17:00:00,25.8,96.0,6.0,7.6,214.0,4.249866066377676,6.300685551418317
2026-06-04 18:00:00,25.7,96.0,6.2,1.2,117.0,-1.0692078290260414,0.5447885996874562
2026-06-04 19:00:00,25.8,96.0,2.8,5.2,25.0,-2.197614961051636,-4.71280049259058
2026-06-04 20:00:00,26.3,92.0,1.6,5.2,196.0,1.4333142502483958,4.998560818879258
2026-06-04 21:00:00,25.7,96.0,0.0,6.6,191.0,1.2593393694851964,6.4787394107545815
2026-06-04 22:00:00,25.6,98.0,0.0,5.4,201.0,1.935186927544622,5.04133430308489
2026-06-04 23:00:00,25.7,98.0,0.5,2.3,61.0,-2.01162532642061,-1.115062126566575
2026-06-05 00:00:00,25.6,99.0,0.9,4.2,348.0,0.8732291014345898,-4.108219923081983
2026-06-05 01:00:00,25.4,99.0,0.3,7.0,325.0,4.015035054457323,-5.7340643100229425
2026-06-05 02:00:00,25.5,95.0,0.1,4.5,5.0,-0.3922008423644621,-4.482876141412855
2026-06-05 03:00:00,25.5,95.0,0.9,3.9,313.0,2.8522794363147645,-2.659793604243744
2026-06-05 04:00:00,25.2,95.0,0.7000000000000001,4.2,329.0,2.1631599146222276,-3.600102662948872
2026-06-05 05:00:00,25.0,94.0,0.8,3.7,11.0,-0.7059932828932151,-3.632020578756357
2026-06-05 06:00:00,24.9,96.0,0.9,3.3,319.0,2.1649947956686737,-2.4905416147351476
2026-06-05 07:00:00,25.1,95.0,0.6,2.8,27.0,-1.2711733992707313,-2.4948182677274295
2026-06-05 08:00:00,25.3,94.0,0.3,10.3,12.0,-2.141490415422926,-10.074920287558198
2026-06-05 09:00:00,26.4,87.0,0.2,9.8,8.0,-1.363896389408645,-9.704627073667389
2026-06-05 10:00:00,27.7,79.0,0.0,6.6,13.0,-1.4846769586695105,-6.430842427582552
2026-06-05 11:00:00,29.0,72.0,0.1,8.5,354.0,0.8884919377750544,-8.453436110630323
2026-06-05 12:00:00,30.0,67.0,0.0,9.4,340.0,3.214989347261287,-8.833110635387538
2026-06-05 13:00:00,30.4,66.0,0.0,9.5,331.0,4.605691392340202,-8.30888721782426
2026-06-05 14:00:00,30.8,63.0,0.0,8.5,342.0,2.6266444521870533,-8.083980388508804
2026-06-05 15:00:00,30.6,65.0,0.0,8.4,326.0,4.697220389154273,-6.963915609462351
2026-06-05 16:00:00,27.5,87.0,4.0,5.9,288.0,5.611233446141406,-1.8232002668121898
2026-06-05 17:00:00,26.9,89.0,2.1,3.9,248.0,3.616017032810471,1.460965714322057
2026-06-05 18:00:00,26.0,90.0,6.9,3.1,225.0,2.1920310216782974,2.192031021678297
2026-06-05 19:00:00,25.3,96.0,0.9,6.1,177.0,-0.3192493330819574,6.0916401620029
2026-06-05 20:00:00,25.7,92.0,2.0,1.1,72.0,-1.046162167924669,-0.33991869381244205
2026-06-05 21:00:00,25.7,94.0,0.1,0.0,270.0,0.0,0.0
2026-06-05 22:00:00,25.2,95.0,1.0,2.9,266.0,2.89293574575349,0.20229377385796338
2026-06-05 23:00:00,25.1,95.0,1.0,2.5,274.0,2.4939101256495606,-0.17439118436031326
2026-06-06 00:00:00,25.0,95.0,1.0,1.9,299.0,1.6617774435648518,-0.9211382784680404
2026-06-06 01:00:00,24.8,97.0,0.7000000000000001,2.4,36.0,-1.4106846055019358,-1.9416407864998735
2026-06-06 02:00:00,24.7,98.0,0.1,3.6,330.0,1.8000000000000005,-3.117691453623979
2026-06-06 03:00:00,24.7,98.0,0.5,5.2,319.0,3.411506950750638,-3.9244898171584146
2026-06-06 04:00:00,24.3,97.0,1.2,9.1,328.0,4.822265304522165,-7.717237675023476
2026-06-06 05:00:00,24.1,98.0,1.4,9.9,351.0,1.5487012038982861,-9.778114571891864
2026-06-06 06:00:00,24.0,97.0,1.2,5.4,40.0,-3.4710530923073133,-4.136639992842481
2026-06-06 07:00:00,24.5,95.0,0.3,1.2,51.0,-0.9325751537483649,-0.7551844692598051
2026-06-06 08:00:00,25.3,91.0,0.4,0.5,135.0,-0.35355339059327373,0.3535533905932738
2026-06-06 09:00:00,26.2,87.0,0.3,2.5,176.0,-0.1743911843603133,2.4939101256495606
2026-06-06 10:00:00,25.3,90.0,1.9,4.1,165.0,-1.0611580849203355,3.96029588778518
2026-06-06 11:00:00,26.6,85.0,2.4,5.6,140.0,-3.5996106142446203,4.289848881466277
2026-06-06 12:00:00,28.4,73.0,0.1,3.9,137.0,-2.6597936042437436,2.852279436314765
2026-06-06 13:00:00,30.2,68.0,0.1,5.1,163.0,-1.4910956940859568,4.877154255411481
2026-06-06 14:00:00,31.2,66.0,0.0,4.3,152.0,-2.018727719979331,3.7966746492933856
2026-06-06 15:00:00,31.9,63.0,0.0,3.8,197.0,1.1110124779463997,3.6339580726595346
2026-06-06 16:00:00,30.5,68.0,0.0,7.2,243.0,6.415246974156249,3.2687315981247367
2026-06-06 17:00:00,26.2,93.0,3.0,6.3,207.0,2.860140148359145,5.613341102386717
2026-06-06 18:00:00,25.1,92.0,2.0,8.7,201.0,3.117801161044113,8.122149710525655
2026-06-06 19:00:00,24.6,100.0,2.8,4.3,197.0,1.257198330307768,4.112110450641052
2026-06-06 20:00:00,25.3,95.0,0.1,5.8,124.0,-4.808417920819242,3.243318840130332
2026-06-06 21:00:00,25.4,96.0,0.0,4.1,157.0,-1.6019976268060223,3.7740698991550046
2026-06-06 22:00:00,25.5,96.0,0.0,6.4,164.0,-1.764079077228794,6.1520748540052415
2026-06-06 23:00:00,25.8,94.0,0.0,10.1,179.0,-0.1762693050165631,10.098461721079552
2026-06-07 00:00:00,25.5,94.0,0.0,8.5,179.0,-0.14834545471690955,8.498705408829325
2026-06-07 01:00:00,25.1,96.0,0.0,5.8,171.0,-0.9073198972333387,5.728592375451799
2026-06-07 02:00:00,25.1,94.0,0.0,6.3,114.0,-5.755336383148385,2.5624408513775427
2026-06-07 03:00:00,24.7,94.0,0.0,6.4,140.0,-4.113840701993852,4.90268443596146
2026-06-07 04:00:00,24.5,93.0,0.0,7.5,127.0,-5.989766325354697,4.5136126736403615
2026-06-07 05:00:00,24.3,92.0,0.0,7.0,138.0,-4.683914244512008,5.20201377834176
2026-06-07 06:00:00,24.8,90.0,0.0,4.9,147.0,-2.668731271573633,4.109485782932578
2026-06-07 07:00:00,27.2,81.0,0.0,5.1,184.0,0.35575801609503865,5.087576656325103
2026-06-07 08:00:00,28.5,76.0,0.0,7.8,154.0,-3.4192949449548045,7.0105935611335015
2026-06-07 09:00:00,29.3,72.0,0.1,6.6,167.0,-1.4846769586695092,6.430842427582553
2026-06-07 10:00:00,30.8,69.0,0.0,6.1,183.0,0.3192493330819582,6.0916401620029
2026-06-07 11:00:00,31.7,66.0,0.1,7.8,212.0,4.133370261018998,6.614775150020122
2026-06-07 12:00:00,31.8,65.0,0.1,7.3,237.0,6.122295146001595,3.9758649556096977
2026-06-07 13:00:00,32.7,62.0,0.0,8.6,209.0,4.169362734118499,7.521729481398803
2026-06-07 14:00:00,33.1,62.0,0.2,7.0,170.0,-1.2155372436685121,6.893654271085456
2026-06-07 15:00:00,27.5,87.0,2.8,10.8,252.0,10.271410375987658,3.337383539249432
2026-06-07 16:00:00,27.2,90.0,1.9,4.6,159.0,-1.648492567908381,4.294469961887128
2026-06-07 17:00:00,26.7,90.0,1.5,6.0,151.0,-2.908857721478022,5.247718242836375
2026-06-07 18:00:00,26.7,91.0,0.4,2.2,171.0,-0.34415582308850784,2.1729143493093033
2026-06-07 19:00:00,26.0,92.0,1.0,1.8,96.0,-1.790139411662892,0.18815123388177674
2026-06-07 20:00:00,25.6,97.0,0.0,7.2,71.0,-6.8077337443150805,-2.344090712091529
2026-06-07 21:00:00,25.7,98.0,0.0,4.5,43.0,-3.068992620281244,-3.291091657286267
2026-06-07 22:00:00,25.8,98.0,0.0,1.4,67.0,-1.2887067948334165,-0.547023579884983
2026-06-07 23:00:00,26.0,99.0,0.0,0.4,117.0,-0.35640260967534715,0.18159619989581877
2026-06-08 00:00:00,25.9,98.0,0.4,1.8,225.0,1.2727922061357857,1.2727922061357855
2026-06-08 01:00:00,25.5,100.0,1.1,3.7,203.0,1.4457051754103127,3.4058679577740296
2026-06-08 02:00:00,25.3,99.0,0.8,1.7000000000000002,257.0,1.6564291101349,0.38241679238457055
2026-06-08 03:00:00,25.5,98.0,0.7000000000000001,3.2,183.0,0.1674750599774207,3.1956145112146364
2026-06-08 04:00:00,25.5,97.0,0.3,4.9,163.0,-1.4326213531414098,4.685893304218874
2026-06-08 05:00:00,25.4,97.0,0.1,1.8,135.0,-1.2727922061357855,1.2727922061357857
2026-06-08 06:00:00,25.5,97.0,0.0,3.1,239.0,2.6572186321765483,1.5966180322211678
2026-06-08 07:00:00,25.8,95.0,0.0,4.6,234.0,3.721478174124758,2.703812160545376
2026-06-08 08:00:00,26.4,87.0,0.0,8.4,211.0,4.326319829244455,7.200205325897744
2026-06-08 09:00:00,27.4,81.0,0.1,8.7,202.0,3.259077362718434,8.066499534731049
2026-06-08 10:00:00,28.2,80.0,0.5,7.9,201.0,2.831106801407873,7.375285369327894
2026-06-08 11:00:00,29.9,72.0,0.1,11.7,194.0,2.8304861785161117,11.352459997429158
2026-06-08 12:00:00,28.2,79.0,0.7000000000000001,10.1,231.0,7.849174210715406,6.356135949603358
2026-06-08 13:00:00,26.6,91.0,3.6,9.5,212.0,5.034233010215447,8.056456913486047
2026-06-08 14:00:00,26.3,92.0,6.9,6.5,172.0,-0.9046251562404248,6.436742446820207
2026-06-08 15:00:00,26.6,90.0,0.7000000000000001,4.0,148.0,-2.119677056932819,3.3921923846257043
2026-06-08 16:00:00,26.9,90.0,1.7000000000000002,2.0,80.0,-1.969615506024416,-0.34729635533386094
2026-06-08 17:00:00,26.4,94.0,1.5,5.0,322.0,3.0783073766282913,-3.94005376803361
2026-06-08 18:00:00,26.1,94.0,0.4,5.6,2.0,-0.19543718153400425,-5.596588631306936
2026-06-08 19:00:00,25.7,97.0,1.5,3.3,77.0,-3.2154212137912763,-0.7423384793347544
2026-06-08 20:00:00,25.7,96.0,1.6,1.9,29.0,-0.92113827846804,-1.6617774435648522
2026-06-08 21:00:00,25.1,96.0,6.3,5.9,230.0,4.51966221440197,3.792446897150582
2026-06-08 22:00:00,25.3,97.0,3.4,1.9,61.0,-1.661777443564852,-0.9211382784680402
2026-06-08 23:00:00,25.5,96.0,0.7000000000000001,3.0,76.0,-2.9108871788279895,-0.7257656867990026
2026-06-09 00:00:00,25.4,96.0,1.2,3.1,167.0,-0.6973482684659816,3.0205472008342293
2026-06-09 01:00:00,25.2,95.0,1.0,9.1,187.0,1.1090110249868421,9.032169979936029
2026-06-09 02:00:00,24.7,95.0,1.4,11.9,181.0,0.20768363660367484,11.898187572361056
2026-06-09 03:00:00,24.5,96.0,3.3,9.2,168.0,-1.9127875555233858,8.998957926751011
2026-06-09 04:00:00,24.3,97.0,6.2,14.9,171.0,-2.3308735290994393,14.716556274867553
2026-06-09 05:00:00,24.3,98.0,2.9,12.5,200.0,4.27525179157086,11.746157759823854
2026-06-09 06:00:00,24.2,98.0,1.5,10.4,201.0,3.727026675271124,9.709236435570899
2026-06-09 07:00:00,24.6,96.0,0.7000000000000001,9.7,164.0,-2.6736823514248904,9.324238450601692
2026-06-09 08:00:00,25.3,96.0,1.3,7.1,128.0,-5.594876350607725,4.371196474812175
2026-06-09 09:00:00,25.9,93.0,0.5,5.0,154.0,-2.1918557339453875,4.493970231495835
2026-06-09 10:00:00,26.2,91.0,2.6,1.8,169.0,-0.34345619167778063,1.7669289302057951
2026-06-09 11:00:00,26.2,92.0,2.2,2.2,246.0,2.0098000068137223,0.8948206147667606
2026-06-09 12:00:00,26.1,93.0,1.9,3.2,326.0,1.78941729110639,-2.652920232176134
2026-06-09 13:00:00,26.6,94.0,1.3,1.8,349.0,0.34345619167778085,-1.7669289302057951
2026-06-09 14:00:00,27.0,86.0,2.4,5.1,188.0,0.7097828148963339,5.050367150582009
2026-06-09 15:00:00,25.8,91.0,2.0,8.5,215.0,4.875399708983893,6.96279237645643
2026-06-09 16:00:00,25.6,94.0,3.7,9.6,201.0,3.4403323156348837,8.962372094373137
2026-06-09 17:00:00,26.2,90.0,0.4,4.7,162.0,-1.4523798735622526,4.469965626587222
2026-06-09 18:00:00,25.7,94.0,0.1,0.4,333.0,0.18159619989581874,-0.35640260967534715
2026-06-09 19:00:00,24.7,99.0,3.1,3.9,56.0,-3.233246532964663,-2.180852323535912
2026-06-09 20:00:00,24.5,98.0,3.4,0.2,90.0,-0.2,2.4492935982947065e-17
2026-06-09 21:00:00,24.5,98.0,0.6,3.5,15.0,-0.9058666578588221,-3.380740392011739
2026-06-09 22:00:00,24.3,98.0,0.7000000000000001,5.1,333.0,2.3153515486716887,-4.544133273360675
2026-06-09 23:00:00,23.8,99.0,2.2,8.8,349.0,1.6791191593135955,-8.638319214339443
2026-06-10 00:00:00,23.8,99.0,2.3,1.8,101.0,-1.7669289302057951,0.34345619167778096
2026-06-10 01:00:00,24.0,97.0,3.4,1.5,126.0,-1.213525491562421,0.8816778784387098
2026-06-10 02:00:00,23.7,96.0,4.7,3.4,6.0,-0.35539677511002143,-3.3813744442521294
2026-06-10 03:00:00,23.6,96.0,1.0,5.2,338.0,1.9479542857627423,-4.821356043747294
2026-06-10 04:00:00,23.4,97.0,1.0,5.1,6.0,-0.5330951626650321,-5.072061666378194
2026-06-10 05:00:00,23.2,97.0,3.0,5.3,10.0,-0.9203353416347307,-5.2194810909647025
2026-06-10 06:00:00,23.1,97.0,11.6,5.2,360.0,3.1840816777831187e-16,-5.2
2026-06-10 07:00:00,23.2,97.0,9.1,6.0,3.0,-0.31401573745766587,-5.991777208527443
2026-06-10 08:00:00,24.1,95.0,16.2,2.9,274.0,2.89293574575349,-0.20229377385796338
2026-06-10 09:00:00,24.3,98.0,2.1,4.2,282.0,4.108219923081984,-0.8732291014345893
2026-06-10 10:00:00,24.8,95.0,0.8,3.0,303.0,2.516011703836272,-1.6339171050450814
2026-06-10 11:00:00,25.8,89.0,0.4,2.8,259.0,2.748556113653459,0.5342651870543255
2026-06-10 12:00:00,26.2,86.0,0.2,3.2,232.0,2.5216344115415104,1.9701167210421067
2026-06-10 13:00:00,27.2,81.0,0.3,1.3,254.0,1.2496402047198145,0.35832856256209894
2026-06-10 14:00:00,28.0,78.0,1.0,1.8,90.0,-1.8,2.2043642384652358e-16
2026-06-10 15:00:00,28.8,75.0,0.0,3.0,303.0,2.516011703836272,-1.6339171050450814
2026-06-10 16:00:00,26.1,86.0,2.9,11.5,311.0,8.679160172561879,-7.544678833390834
2026-06-10 17:00:00,25.3,90.0,2.8,10.3,356.0,0.71849167956449,-10.27490971767619
2026-06-10 18:00:00,24.8,91.0,2.1,9.1,339.0,3.2611483408622335,-8.495581881124535
2026-06-10 19:00:00,23.8,93.0,0.2,11.3,359.0,0.19721219274130466,-11.298278955267222
2026-06-10 20:00:00,24.2,94.0,0.1,7.4,360.0,4.531193156845207e-16,-7.4
2026-06-10 21:00:00,23.8,95.0,0.3,8.5,356.0,0.5929300268250645,-8.479294427208506
2026-06-10 22:00:00,24.0,95.0,0.1,2.3,360.0,1.408343819019456e-16,-2.3
2026-06-10 23:00:00,24.2,94.0,0.2,0.7000000000000001,284.0,0.6792070083931976,-0.16934532691976742
2026-06-11 00:00:00,24.2,94.0,0.2,0.9,53.0,-0.7187719590425635,-0.5416335208368436
2026-06-11 01:00:00,24.2,95.0,0.3,0.8,27.0,-0.36319239979163753,-0.7128052193506943
2026-06-11 02:00:00,24.2,96.0,0.2,1.5,60.0,-1.299038105676658,-0.7500000000000002
2026-06-11 03:00:00,24.1,96.0,0.1,1.4,23.0,-0.5470235798849833,-1.2887067948334163
2026-06-11 04:00:00,24.1,96.0,0.2,3.1,360.0,1.8982025386783975e-16,-3.1
2026-06-11 05:00:00,23.7,97.0,0.2,5.3,352.0,0.737617435088347,-5.248420764330323
2026-06-11 06:00:00,23.8,96.0,0.1,4.4,7.0,-0.5362251109826476,-4.367203067221817
2026-06-11 07:00:00,24.7,93.0,0.1,3.0,17.0,-0.8771151141682113,-2.8689142678891058
2026-06-11 08:00:00,24.7,93.0,0.2,1.2,39.0,-0.7551844692598054,-0.9325751537483646
2026-06-11 09:00:00,25.1,93.0,2.3,1.6,297.0,1.4256104387013888,-0.7263847995832748
2026-06-11 10:00:00,25.7,88.0,0.5,4.6,301.0,3.9429695832297162,-2.369175144586249
2026-06-11 11:00:00,26.8,80.0,0.7000000000000001,2.7,337.0,1.0549740469210391,-2.485363104321589
2026-06-11 12:00:00,27.1,81.0,0.7000000000000001,2.2,360.0,1.3471114790620887e-16,-2.2
2026-06-11 13:00:00,25.8,88.0,10.1,7.1,289.0,6.713181886755149,-2.3115338966458125
2026-06-11 14:00:00,25.4,91.0,10.1,3.3,311.0,2.4905416147351476,-2.1649947956686737
2026-06-11 15:00:00,26.9,85.0,0.1,2.5,69.0,-2.3339510662430043,-0.8959198738632511
2026-06-11 16:00:00,27.5,80.0,0.0,3.2,117.0,-2.851220877402777,1.4527695991665501
2026-06-11 17:00:00,25.8,91.0,1.7000000000000002,4.5,185.0,0.3922008423644616,4.482876141412855
2026-06-11 18:00:00,25.2,96.0,5.0,5.6,202.0,2.0977969231291067,5.192229585574009
2026-06-11 19:00:00,24.8,96.0,2.9,3.7,247.0,3.4058679577740296,1.445705175410313
2026-06-11 20:00:00,25.5,93.0,1.2,2.1,38.0,-1.292889098183882,-1.6548225825741165
2026-06-11 21:00:00,25.1,97.0,0.0,0.9,90.0,-0.9,1.1021821192326179e-16
2026-06-11 22:00:00,25.0,98.0,0.0,0.5,315.0,0.3535533905932738,-0.35355339059327373
2026-06-11 23:00:00,24.7,98.0,0.0,2.5,300.0,2.165063509461097,-1.2499999999999998
2026-06-12 00:00:00,24.3,98.0,0.0,2.0,315.0,1.4142135623730951,-1.414213562373095
2026-06-12 01:00:00,24.2,97.0,0.0,2.2,104.0,-2.1346505978071924,0.5322281703192691
2026-06-12 02:00:00,24.7,95.0,0.0,1.8,114.0,-1.6443818237566814,0.7321259575364408
2026-06-12 03:00:00,24.4,95.0,0.5,1.5,126.0,-1.213525491562421,0.8816778784387098
2026-06-12 04:00:00,24.0,96.0,0.0,0.9,143.0,-0.5416335208368436,0.7187719590425634
2026-06-12 05:00:00,24.1,94.0,0.0,0.5,135.0,-0.35355339059327373,0.3535533905932738
2026-06-12 06:00:00,24.4,94.0,0.5,2.2,24.0,-0.8948206147667603,-2.0098000068137223
2026-06-12 07:00:00,25.1,93.0,0.2,1.6,63.0,-1.4256104387013888,-0.7263847995832747
2026-06-12 08:00:00,26.8,82.0,0.0,1.5,339.0,0.5375519243179505,-1.4003706397458027
2026-06-12 09:00:00,27.7,80.0,0.4,4.1,293.0,3.774069899155005,-1.6019976268060223
2026-06-12 10:00:00,29.0,76.0,0.2,3.0,256.0,2.9108871788279895,0.7257656867990032
2026-06-12 11:00:00,30.4,69.0,0.2,5.0,199.0,1.6278407722857837,4.7275928779965835
2026-06-12 12:00:00,26.2,87.0,11.1,11.3,260.0,11.128327609037951,1.962224407636313
2026-06-12 13:00:00,26.8,89.0,3.4,6.4,306.0,5.177708763999664,-3.761825614671828
2026-06-12 14:00:00,25.3,92.0,2.4,7.6,326.0,4.249866066377676,-6.300685551418317
2026-06-12 15:00:00,26.2,85.0,0.8,3.6,342.0,1.112461179749811,-3.4238034586625528
2026-06-12 16:00:00,26.6,81.0,0.4,1.7000000000000002,283.0,1.6564291101349,-0.38241679238457055
2026-06-12 17:00:00,26.6,82.0,0.2,1.5,315.0,1.0606601717798214,-1.0606601717798212
2026-06-12 18:00:00,26.4,85.0,0.1,5.2,160.0,-1.7785047452934775,4.886401628086724
2026-06-12 19:00:00,25.6,91.0,0.0,4.8,155.0,-2.0285676563553565,4.35027737777592
2026-06-12 20:00:00,25.1,93.0,0.0,5.8,154.0,-2.5425526513766497,5.213005468535168
2026-06-12 21:00:00,24.3,94.0,0.1,5.1,174.0,-0.5330951626650331,5.072061666378193
2026-06-12 22:00:00,23.9,96.0,0.1,2.7,172.0,-0.37576737259217646,2.67372378560224
2026-06-12 23:00:00,23.8,97.0,0.6,0.9,349.0,0.17172809583889043,-0.8834644651028976
2026-06-13 00:00:00,23.8,96.0,0.3,0.9,53.0,-0.7187719590425635,-0.5416335208368436
2026-06-13 01:00:00,23.6,97.0,0.0,1.8,127.0,-1.4375439180851273,1.0832670416736867
2026-06-13 02:00:00,23.6,98.0,0.0,1.7000000000000002,162.0,-0.5253288904374105,1.6167960777017614
2026-06-13 03:00:00,23.3,98.0,0.0,0.6000000000000001,146.0,-0.33551574208244805,0.4974225435330251
2026-06-13 04:00:00,23.3,97.0,0.0,2.0,135.0,-1.414213562373095,1.4142135623730951
2026-06-13 05:00:00,22.8,98.0,0.0,3.0,142.0,-1.846984425976975,2.3640322608201663
2026-06-13 06:00:00,23.1,99.0,0.0,2.3,119.0,-2.01162532642061,1.1150621265665754
2026-06-13 07:00:00,24.9,90.0,0.0,1.3,214.0,0.7269507745119709,1.0777488443215544
2026-06-13 08:00:00,26.8,81.0,0.0,4.1,236.0,3.3990540474756705,2.2926909042300623
2026-06-13 09:00:00,28.2,73.0,0.2,5.9,223.0,4.023790324368742,4.314986839553106
2026-06-13 10:00:00,29.0,70.0,0.4,8.8,221.0,5.773319455116464,6.641444305960395
2026-06-13 11:00:00,29.2,69.0,0.5,9.8,242.0,8.652886410017485,4.60082131530173
2026-06-13 12:00:00,28.5,73.0,1.3,11.0,265.0,10.9581416790092,0.9587131702242399
2026-06-13 13:00:00,28.6,70.0,0.3,9.6,276.0,9.547410195535424,-1.0034732473694732
2026-06-13 14:00:00,29.6,62.0,1.1,9.7,266.0,9.676371287520293,0.6766377953180154
2026-06-13 15:00:00,28.0,73.0,0.5,6.1,242.0,5.385980316439454,2.8637765329939335
2026-06-13 16:00:00,28.0,73.0,0.0,4.0,216.0,2.3511410091698925,3.23606797749979
2026-06-13 17:00:00,27.9,76.0,0.0,3.8,161.0,-1.2371589869371953,3.592970587277404
2026-06-13 18:00:00,27.1,80.0,0.0,5.4,159.0,-1.9351869275446216,5.04133430308489
2026-06-13 19:00:00,26.2,87.0,0.0,7.2,174.0,-0.7526049355271056,7.160557646651568
2026-06-13 20:00:00,26.1,90.0,0.0,5.5,163.0,-1.6080443759750516,5.2596761577966955
2026-06-13 21:00:00,25.8,91.0,0.1,7.6,165.0,-1.9670247427791583,7.341036279796919
2026-06-13 22:00:00,25.7,88.0,0.0,9.5,155.0,-4.0148734865366436,8.609923976848176
2026-06-13 23:00:00,25.0,88.0,0.2,7.6,165.0,-1.9670247427791583,7.341036279796919
2026-06-14 00:00:00,24.4,92.0,0.0,6.5,182.0,0.226846728566257,6.496040375624123
2026-06-14 01:00:00,24.0,94.0,0.0,7.9,169.0,-1.507391063474704,7.754854749236546
2026-06-14 02:00:00,24.6,91.0,0.0,9.2,147.0,-5.0106791221382485,7.715769225097899
2026-06-14 03:00:00,24.5,89.0,0.0,9.8,156.0,-3.986019102142843,8.95274548489749
2026-06-14 04:00:00,24.6,86.0,0.0,9.3,137.0,-6.342584748581236,6.801589425058287
2026-06-14 05:00:00,24.5,84.0,0.0,9.2,129.0,-7.149742845404131,5.789747597658503
2026-06-14 06:00:00,24.5,85.0,0.0,6.9,165.0,-1.785851411207394,6.664888201394572
2026-06-14 07:00:00,25.6,83.0,0.0,5.0,159.0,-1.7918397477265013,4.667902132486009
2026-06-14 08:00:00,26.3,88.0,0.0,3.2,177.0,-0.1674750599774203,3.1956145112146364
2026-06-14 09:00:00,25.6,91.0,1.6,8.1,204.0,3.2945668089139817,7.399718206905066
2026-06-14 10:00:00,25.2,93.0,3.6,10.9,193.0,2.4519664923481277,10.620633706159065
2026-06-14 11:00:00,24.7,94.0,2.6,11.0,170.0,-1.9101299543362333,10.832885283134289
2026-06-14 12:00:00,25.0,93.0,3.5,11.2,169.0,-2.137060748217302,10.994224454613835
2026-06-14 13:00:00,25.1,94.0,2.8,11.9,184.0,0.8301020375550903,11.871012198091908
2026-06-14 14:00:00,26.4,90.0,4.6,8.0,175.0,-0.6972459419812659,7.969557584733964
2026-06-14 15:00:00,25.1,94.0,3.7,9.7,198.0,2.99746484543699,9.225248208062988
2026-06-14 16:00:00,24.7,94.0,2.8,12.8,174.0,-1.3379643298259656,12.729880260713898
2026-06-14 17:00:00,24.9,91.0,0.1,11.8,144.0,-6.935865977051182,9.54640053362438
2026-06-14 18:00:00,24.9,88.0,0.2,13.0,118.0,-11.47831870716605,6.103130316216579
2026-06-14 19:00:00,24.0,92.0,2.6,10.8,111.0,-10.08266860616978,3.8703738550892424
2026-06-14 20:00:00,24.1,91.0,0.6,9.4,144.0,-5.525181371549246,7.604759747124507
2026-06-14 21:00:00,23.6,94.0,0.3,8.3,160.0,-2.8387671896030504,7.79944875252304
2026-06-14 22:00:00,23.4,93.0,0.3,13.1,127.0,-10.462125181619538,7.8837768032918305
2026-06-14 23:00:00,23.7,85.0,0.0,13.9,130.0,-10.648017759353793,8.934747774642899
2026-06-15 00:00:00,24.4,81.0,0.0,11.9,142.0,-7.326371556375334,9.377327967919992
2026-06-15 01:00:00,24.4,79.0,0.0,12.3,127.0,-9.823216773581704,7.402324784770193
2026-06-15 02:00:00,24.6,80.0,0.0,12.0,137.0,-8.183980320749981,8.776244419430046
2026-06-15 03:00:00,23.9,83.0,0.0,9.2,130.0,-7.047608876694596,5.913646009116163
2026-06-15 04:00:00,23.3,90.0,0.5,10.9,141.0,-6.859592262443226,8.470890979880984
2026-06-15 05:00:00,23.3,90.0,0.1,11.9,138.0,-7.962654215670414,8.843423423180992
2026-06-15 06:00:00,23.6,87.0,0.1,9.5,117.0,-8.464561979789494,4.312909747525695
2026-06-15 07:00:00,23.4,94.0,2.3,9.4,142.0,-5.787217868061188,7.407301083903187
2026-06-15 08:00:00,25.8,85.0,2.9,9.9,213.0,5.391926446648768,8.302838622659698
2026-06-15 09:00:00,24.5,94.0,4.9,4.3,222.0,2.8772616073430903,3.195522749552795
2026-06-15 10:00:00,25.0,94.0,4.0,4.0,170.0,-0.6945927106677212,3.939231012048832
2026-06-15 11:00:00,25.7,91.0,3.0,10.2,172.0,-1.4195656297926664,10.100734301164017
2026-06-15 12:00:00,25.7,90.0,2.4,10.1,163.0,-2.95295421769964,9.658678035226659
2026-06-15 13:00:00,25.2,93.0,4.7,9.7,169.0,-1.8508472551524844,9.52178367944234
2026-06-15 14:00:00,25.0,92.0,2.4,8.8,152.0,-4.13134975251584,7.7699388171585575
2026-06-15 15:00:00,25.3,91.0,2.6,7.0,132.0,-5.202013778341758,4.6839142445120086
2026-06-15 16:00:00,25.8,90.0,1.0,8.5,138.0,-5.6876101540502955,6.316731016557851
2026-06-15 17:00:00,25.2,92.0,0.5,9.6,142.0,-5.91035016312632,7.564903234624531
2026-06-15 18:00:00,25.2,94.0,0.1,7.9,181.0,0.13787401085454043,7.898796791735491
2026-06-15 19:00:00,24.7,96.0,0.5,7.3,155.0,-3.085113310707105,6.616046845367546
2026-06-15 20:00:00,24.1,92.0,1.4,10.5,142.0,-6.464445490919412,8.274112912870581
2026-06-15 21:00:00,23.7,94.0,0.7000000000000001,8.2,142.0,-5.048424097670398,6.46168817957512
2026-06-15 22:00:00,23.3,95.0,0.4,7.3,149.0,-3.759777946843396,6.25732129512542
2026-06-15 23:00:00,23.2,93.0,1.1,13.4,154.0,-5.874173366973639,12.043840220408837
2026-06-16 00:00:00,23.3,90.0,0.1,11.6,150.0,-5.799999999999997,10.045894683899489
2026-06-16 01:00:00,22.8,92.0,0.6,9.4,122.0,-7.9716521038704045,4.981241083792126
2026-06-16 02:00:00,23.2,94.0,3.5,11.7,136.0,-8.127502934370268,8.416275663962217
2026-06-16 03:00:00,22.9,94.0,0.2,6.9,118.0,-6.092338390726597,3.2393537832226458
2026-06-16 04:00:00,22.7,95.0,0.0,6.0,107.0,-5.737828535778213,1.7542302283364197
2026-06-16 05:00:00,22.7,95.0,0.0,5.9,142.0,-3.6324027044213842,4.64926344627966
2026-06-16 06:00:00,23.2,93.0,0.0,7.2,127.0,-5.750175672340509,4.333068166694747
2026-06-16 07:00:00,25.6,85.0,0.0,7.0,154.0,-3.0685980275235427,6.291558324094169
2026-06-16 08:00:00,27.2,82.0,0.0,5.3,123.0,-4.444954010110747,2.8865868855796446
2026-06-16 09:00:00,29.1,65.0,0.0,8.0,166.0,-1.9353751647973423,7.762365810207972
2026-06-16 10:00:00,30.1,65.0,0.0,7.4,187.0,0.9018331411980914,7.344841522145783
2026-06-16 11:00:00,31.2,65.0,0.0,11.7,225.0,8.273149339882606,8.273149339882604
2026-06-16 12:00:00,28.3,81.0,2.8,6.5,224.0,4.515279407983482,4.6757087022012325
2026-06-16 13:00:00,29.6,73.0,0.1,7.4,198.0,2.2867257583746112,7.037818220584136
2026-06-16 14:00:00,28.1,83.0,0.0,7.6,208.0,3.5679838771727703,6.710401705727844
2026-06-16 15:00:00,27.2,79.0,0.7000000000000001,13.2,212.0,6.994934287878304,11.194234869264822
2026-06-16 16:00:00,25.9,90.0,2.2,11.5,178.0,-0.401344212078761,11.492994510719601
2026-06-16 17:00:00,26.7,85.0,0.2,7.0,134.0,-5.0353786023705585,4.86260859321298
2026-06-16 18:00:00,26.7,87.0,0.0,5.5,117.0,-4.900535883036023,2.4969477485675076
2026-06-16 19:00:00,26.0,91.0,0.0,6.6,143.0,-3.971979152803519,5.270994366312132
2026-06-16 20:00:00,25.3,92.0,0.0,7.5,207.0,3.404928748046601,6.682548931412758
2026-06-16 21:00:00,24.9,94.0,0.0,5.5,142.0,-3.3861381142911204,4.334059144836971
2026-06-16 22:00:00,24.4,94.0,0.0,5.8,106.0,-5.57531783644225,1.5986966637385953
2026-06-16 23:00:00,23.9,96.0,0.0,4.5,151.0,-2.1816432911085166,3.9357886821272814
2026-06-17 00:00:00,23.8,95.0,0.0,6.2,173.0,-0.7555899291119137,6.153786140176197
2026-06-17 01:00:00,23.7,93.0,0.0,7.6,152.0,-3.5679838771727708,6.710401705727844
2026-06-17 02:00:00,24.2,88.0,0.3,6.5,157.0,-2.5397523351802795,5.983281547440861
2026-06-17 03:00:00,23.7,89.0,0.0,4.9,170.0,-0.8508760705679586,4.82555798975982
2026-06-17 04:00:00,23.4,91.0,0.5,2.1,128.0,-1.654822582574116,1.2928890981838828
2026-06-17 05:00:00,23.4,90.0,0.4,7.2,89.0,-7.198903405126018,-0.12565732634844218
2026-06-17 06:00:00,24.0,85.0,0.0,8.6,102.0,-8.412069366310728,1.78804054103273
2026-06-17 07:00:00,25.1,79.0,0.0,8.1,103.0,-7.892397524760404,1.822103540185308
2026-06-17 08:00:00,28.0,72.0,0.0,6.4,169.0,-1.2211775704098868,6.28241397406505
2026-06-17 09:00:00,29.3,66.0,0.0,7.4,179.0,-0.12914780763589773,7.398872944157295
2026-06-17 10:00:00,30.6,63.0,0.0,7.9,210.0,3.950000000000001,6.841600689897065
2026-06-17 11:00:00,31.7,61.0,0.0,13.4,220.0,8.613353969799627,10.264995537794306
2026-06-17 12:00:00,31.9,60.0,0.2,14.5,224.0,10.07254637165546,10.430427104910441
2026-06-17 13:00:00,30.4,66.0,0.9,9.0,202.0,3.3714593407432076,8.344654691101088
2026-06-17 14:00:00,29.2,79.0,0.6,7.1,161.0,-2.311533896645812,6.713181886755149
2026-06-17 15:00:00,27.2,80.0,1.9,13.3,249.0,12.416619672412784,4.766293728952494
2026-06-17 16:00:00,25.2,88.0,1.3,6.1,120.0,-5.282754963085075,3.0499999999999994
2026-06-17 17:00:00,25.1,91.0,1.6,10.0,76.0,-9.702957262759965,-2.419218955996675
2026-06-17 18:00:00,25.8,86.0,0.0,5.9,102.0,-5.771070844329454,1.22667897582478
2026-06-17 19:00:00,25.5,86.0,0.0,6.3,117.0,-5.613341102386717,2.8601401483591453
2026-06-17 20:00:00,24.3,90.0,0.0,10.4,107.0,-9.94556946201557,3.0406657291164607
2026-06-17 21:00:00,24.6,90.0,0.0,8.9,124.0,-7.378434395739871,4.976816840889648
2026-06-17 22:00:00,24.5,90.0,0.0,6.9,135.0,-4.879036790187178,4.879036790187178
2026-06-17 23:00:00,24.2,92.0,0.0,7.2,129.0,-5.5954509224901905,4.53110681555883
2026-06-18 00:00:00,24.0,92.0,0.0,6.5,134.0,-4.6757087022012325,4.515279407983481
2026-06-18 01:00:00,23.7,95.0,0.0,3.5,145.0,-2.0075175272286616,2.867032155011471
2026-06-18 02:00:00,24.3,94.0,0.0,2.1,110.0,-1.9733545036504077,0.7182423009839046
2026-06-18 03:00:00,23.7,96.0,0.0,5.5,128.0,-4.334059144836971,3.3861381142911213
2026-06-18 04:00:00,23.7,93.0,0.0,7.8,122.0,-6.614775150020122,4.133370261018998
2026-06-18 05:00:00,24.0,87.0,0.0,9.6,116.0,-8.628422844472004,4.208363009175142
2026-06-18 06:00:00,24.4,84.0,0.0,9.3,109.0,-8.793322753073648,3.0277838364515564
2026-06-18 07:00:00,26.9,77.0,0.0,6.1,118.0,-5.385980316439454,2.863776532993933
2026-06-18 08:00:00,28.9,69.0,0.0,3.5,156.0,-1.423578250765301,3.197409101749103
2026-06-18 09:00:00,30.4,62.0,0.0,4.8,209.0,2.327086177182418,4.1981745942691
2026-06-18 10:00:00,31.3,59.0,0.0,6.2,237.0,5.199757521261629,3.376762017093168
2026-06-18 11:00:00,31.7,59.0,0.0,6.4,243.0,5.702441754805555,2.9055391983330994
2026-06-18 12:00:00,31.2,64.0,0.2,7.7,254.0,7.401715058725055,2.1224076397908935
2026-06-18 13:00:00,31.5,66.0,0.4,7.6,248.0,7.046597294707584,2.847010109960931
2026-06-18 14:00:00,29.2,75.0,0.2,10.1,259.0,9.914434552821406,1.9271708533031024
2026-06-18 15:00:00,29.9,74.0,1.6,2.8,195.0,0.7246933262870581,2.7045923136093912
2026-06-18 16:00:00,27.9,84.0,0.5,4.9,96.0,-4.873157287304539,0.5121894700115034
2026-06-18 17:00:00,27.2,86.0,0.7000000000000001,9.7,133.0,-7.094130905705953,6.615384092606236
2026-06-18 18:00:00,27.4,82.0,0.1,8.7,128.0,-6.85569355637848,5.356254835333227
2026-06-18 19:00:00,26.7,84.0,0.0,8.8,118.0,-7.769938817158558,4.131349752515838
2026-06-18 20:00:00,26.8,86.0,0.0,7.9,141.0,-4.971631089293715,6.1394530955100715
2026-06-18 21:00:00,26.1,88.0,0.0,8.0,142.0,-4.925291802605266,6.304086028853776
2026-06-18 22:00:00,25.6,88.0,0.0,7.8,140.0,-5.013743355555007,5.975146656328028
2026-06-18 23:00:00,25.0,91.0,0.0,6.9,137.0,-4.705788684431239,5.0463405411722775
2026-06-19 00:00:00,24.3,94.0,0.0,5.5,128.0,-4.334059144836971,3.3861381142911213
2026-06-19 01:00:00,23.6,96.0,0.0,4.2,115.0,-3.80649270555393,1.774996699310938
2026-06-19 02:00:00,24.0,95.0,0.0,2.5,135.0,-1.7677669529663687,1.7677669529663689
2026-06-19 03:00:00,23.2,96.0,0.0,6.7,134.0,-4.819576662268963,4.654211082075281
2026-06-19 04:00:00,22.9,92.0,0.0,8.0,130.0,-6.128355544951823,5.142300877492316
2026-06-19 05:00:00,22.6,89.0,0.0,8.5,126.0,-6.876644452187052,4.996174644486023
2026-06-19 06:00:00,23.2,86.0,0.0,8.3,124.0,-6.881011852206846,4.6413010988072
2026-06-19 07:00:00,26.1,76.0,0.0,5.7,114.0,-5.207209108562824,2.3183988655320626
2026-06-19 08:00:00,28.9,66.0,0.0,4.6,149.0,-2.3691751445862494,3.9429695832297162
2026-06-19 09:00:00,30.4,59.0,0.0,7.4,202.0,2.7720887912777488,6.8611605237942275
2026-06-19 10:00:00,31.2,57.0,0.0,8.3,213.0,4.520503990624725,6.9609657139470205
2026-06-19 11:00:00,31.9,58.0,0.0,8.0,222.0,5.353044850870866,5.945158603819154
2026-06-19 12:00:00,32.5,55.0,0.0,10.3,227.0,7.5329431266774565,7.024583108643735
2026-06-19 13:00:00,32.7,56.0,0.1,12.1,233.0,9.663489671572243,7.281961780139784
2026-06-19 14:00:00,32.7,54.0,0.1,9.8,242.0,8.652886410017485,4.60082131530173
2026-06-19 15:00:00,32.1,57.0,0.0,11.0,247.0,10.125553387976844,4.298042413382012
2026-06-19 16:00:00,31.4,59.0,0.0,11.3,252.0,10.746938634135235,3.491892036436906
2026-06-19 17:00:00,30.6,63.0,0.0,10.1,251.0,9.5497376135531,3.2882383600172824
2026-06-19 18:00:00,29.7,68.0,0.0,6.7,232.0,5.279672049165037,4.124931884681911
2026-06-19 19:00:00,28.0,77.0,0.0,6.2,188.0,0.8628732259524059,6.139662026197737
2026-06-19 20:00:00,27.7,83.0,0.0,5.4,180.0,3.3065463576978537e-16,5.4
2026-06-19 21:00:00,26.6,86.0,0.0,8.0,155.0,-3.3809460939255946,7.2504622962932
2026-06-19 22:00:00,26.1,85.0,0.0,8.1,149.0,-4.171808406771439,6.94305513568711
2026-06-19 23:00:00,25.5,85.0,0.0,7.5,145.0,-4.301823272632846,6.143640332167438
2026-06-20 00:00:00,25.1,86.0,0.0,7.0,136.0,-4.862608593212982,5.035378602370558
2026-06-20 01:00:00,24.5,88.0,0.0,7.5,130.0,-5.745333323392334,4.820907072649046
2026-06-20 02:00:00,25.1,84.0,0.0,7.1,126.0,-5.744020660062126,4.17327529127656
2026-06-20 03:00:00,24.5,84.0,0.0,7.8,138.0,-5.219218729599094,5.796529638723675
2026-06-20 04:00:00,23.7,86.0,0.0,7.7,131.0,-5.811263767715345,5.051654523226906
2026-06-20 05:00:00,23.2,86.0,0.0,8.1,129.0,-6.294882287801464,5.097495167503682
2026-06-20 06:00:00,24.0,82.0,0.0,8.7,130.0,-6.664586655135107,5.592252204272893
2026-06-20 07:00:00,26.5,76.0,0.0,5.4,130.0,-4.136639992842481,3.4710530923073133
2026-06-20 08:00:00,28.9,67.0,0.0,5.4,201.0,1.935186927544622,5.04133430308489
2026-06-20 09:00:00,30.2,60.0,0.0,6.8,217.0,4.0923421574339285,5.430721468321591
2026-06-20 10:00:00,31.3,56.0,0.0,6.9,225.0,4.879036790187178,4.879036790187178
2026-06-20 11:00:00,32.0,55.0,0.0,7.1,229.0,5.358438019581681,4.658019105832602
2026-06-20 12:00:00,32.5,56.0,0.0,7.8,241.0,6.822033715687287,3.781515037921429
2026-06-20 13:00:00,32.6,57.0,0.0,9.9,251.0,9.360633898433237,3.2231247291258516
2026-06-20 14:00:00,32.2,59.0,0.0,10.4,259.0,10.208922707855706,1.984413551916066
2026-06-20 15:00:00,31.4,58.0,0.0,11.7,270.0,11.7,0.0
2026-06-20 16:00:00,30.9,56.0,0.0,7.9,273.0,7.889173324561134,-0.4134540543192563
2026-06-20 17:00:00,30.5,59.0,0.0,5.2,254.0,4.998560818879258,1.4333142502483958
2026-06-20 18:00:00,29.4,67.0,0.0,5.4,256.0,5.2395969218903815,1.306378236238206
2026-06-20 19:00:00,27.7,78.0,0.0,3.9,208.0,1.8309390948649744,3.443495612149815
2026-06-20 20:00:00,27.3,82.0,0.0,4.8,153.0,-2.179154398749824,4.276831316104166
2026-06-20 21:00:00,26.6,85.0,0.0,7.4,157.0,-2.891410350820626,6.811735915548058
2026-06-20 22:00:00,26.0,88.0,0.0,6.3,183.0,0.329716524330547,6.291366068953815
2026-06-20 23:00:00,25.2,93.0,0.0,5.7,189.0,0.8916764507293163,5.629823541392286
2026-06-21 00:00:00,24.6,96.0,0.0,6.0,155.0,-2.535709570444196,5.4378467222199
2026-06-21 01:00:00,24.1,96.0,0.0,6.9,143.0,-4.152523659749134,5.51058501932632
2026-06-21 02:00:00,24.6,91.0,0.0,5.4,105.0,-5.215999461960968,1.3976228435536135
2026-06-21 03:00:00,23.9,89.0,0.0,6.7,124.0,-5.554551736118779,3.7465924532540043
2026-06-21 04:00:00,23.1,87.0,0.0,6.9,131.0,-5.207496103537127,4.5268073000345
2026-06-21 05:00:00,22.5,85.0,0.0,7.6,128.0,-5.988881727411086,4.679027212475003
2026-06-21 06:00:00,23.2,79.0,0.0,8.2,130.0,-6.2815644335756184,5.270858399429623
2026-06-21 07:00:00,26.0,74.0,0.0,6.0,131.0,-4.528257481336632,3.9363541739430437
2026-06-21 08:00:00,28.8,65.0,0.0,6.9,157.0,-2.6960447865759893,6.351483488821838
2026-06-21 09:00:00,30.3,60.0,0.0,4.6,219.0,2.894873798829252,3.5748714227020657
2026-06-21 10:00:00,31.4,59.0,0.0,4.8,245.0,4.350277377775919,2.0285676563553574
2026-06-21 11:00:00,32.3,58.0,0.0,4.9,253.0,4.685893304218874,1.4326213531414103
2026-06-21 12:00:00,32.8,58.0,0.0,5.7,257.0,5.553909369275841,1.2822210097600306
2026-06-21 13:00:00,32.8,60.0,0.0,7.3,263.0,7.24558690698165,0.8896462068575766
2026-06-21 14:00:00,32.6,61.0,0.0,8.8,266.0,8.778563642286453,0.6138569689483027
2026-06-21 15:00:00,31.7,64.0,0.0,8.5,269.0,8.498705408829325,0.14834545471690985
2026-06-21 16:00:00,31.1,67.0,0.0,6.9,256.0,6.695040511304376,1.6692610796377074
2026-06-21 17:00:00,30.2,70.0,0.0,5.8,256.0,5.627715212400779,1.4031469944780728
2026-06-21 18:00:00,29.1,75.0,0.0,6.5,264.0,6.4643923198937765,0.6794350112397476
2026-06-21 19:00:00,27.9,83.0,0.0,3.1,263.0,3.076893070088098,0.3777949645559572
2026-06-21 20:00:00,27.7,82.0,0.0,2.5,225.0,1.7677669529663689,1.7677669529663687
2026-06-21 21:00:00,27.2,86.0,0.0,2.0,170.0,-0.3472963553338606,1.969615506024416
2026-06-21 22:00:00,26.5,90.0,0.0,4.5,157.0,-1.7582900782017319,4.142271840535981
2026-06-21 23:00:00,26.0,93.0,0.0,7.6,175.0,-0.6623836448822026,7.571079705497266
2026-06-22 00:00:00,25.6,95.0,0.0,6.3,175.0,-0.5490811793102469,6.276026597977997
2026-06-22 01:00:00,25.0,97.0,0.0,5.3,162.0,-1.6377900701872208,5.040599536364314
2026-06-22 02:00:00,25.2,96.0,0.0,5.1,148.0,-2.702588247589344,4.325045290397773
2026-06-22 03:00:00,24.5,96.0,0.0,6.6,147.0,-3.5946176310991786,5.535225748439798
2026-06-22 04:00:00,24.0,97.0,0.0,8.1,141.0,-5.0974951675036815,6.294882287801465
2026-06-22 05:00:00,23.8,96.0,0.0,8.1,141.0,-5.0974951675036815,6.294882287801465
2026-06-22 06:00:00,24.4,92.0,0.0,7.1,144.0,-4.173275291276559,5.744020660062127
2026-06-22 07:00:00,26.8,82.0,0.0,5.7,167.0,-1.2822210097600306,5.553909369275841
2026-06-22 08:00:00,28.3,70.0,0.0,6.0,185.0,0.5229344564859488,5.977168188550474
2026-06-22 09:00:00,29.7,63.0,0.0,5.6,205.0,2.366662265747917,5.075323607405239
2026-06-22 10:00:00,30.9,61.0,0.0,6.4,220.0,4.113840701993852,4.90268443596146
2026-06-22 11:00:00,32.0,59.0,0.0,7.2,233.0,5.750175672340508,4.333068166694748
2026-06-22 12:00:00,32.7,59.0,0.0,7.8,232.0,6.146483878132431,4.802159507540135
2026-06-22 13:00:00,33.1,59.0,0.0,7.7,234.0,6.229430856687095,4.525946442652043
2026-06-22 14:00:00,33.0,61.0,0.0,8.9,256.0,8.635631963856369,2.153104870837043
2026-06-22 15:00:00,32.3,63.0,0.0,10.1,254.0,9.708743128977021,2.7839372937516913
2026-06-22 16:00:00,31.5,65.0,0.0,9.7,252.0,9.225248208062988,2.9974648454369897
2026-06-22 17:00:00,30.9,67.0,0.0,7.0,230.0,5.362311101832846,4.499513267805774
2026-06-22 18:00:00,30.2,69.0,0.0,7.1,214.0,3.970269614642302,5.886166765140796
2026-06-22 19:00:00,28.7,77.0,0.0,7.4,209.0,3.587591189822895,6.472185832831529
2026-06-22 20:00:00,28.2,81.0,0.0,7.2,202.0,2.697167472594566,6.675723752880869
2026-06-22 21:00:00,27.3,85.0,0.0,7.0,192.0,1.4553818357243162,6.847033205136639
2026-06-22 22:00:00,26.8,89.0,0.0,7.1,186.0,0.7421520892003395,7.06110545711474
2026-06-22 23:00:00,26.3,91.0,0.0,8.1,180.0,4.959819536546781e-16,8.1
2026-06-23 00:00:00,26.1,91.0,0.0,7.1,174.0,-0.7421520892003401,7.06110545711474
2026-06-23 01:00:00,25.9,91.0,0.0,8.0,162.0,-2.4721359549995787,7.608452130361229
2026-06-23 02:00:00,26.0,90.0,0.0,7.6,146.0,-4.249866066377675,6.300685551418317
2026-06-23 03:00:00,25.7,90.0,0.0,8.1,152.0,-3.8027196585657164,7.151875502157307
2026-06-23 04:00:00,25.4,91.0,0.0,7.6,144.0,-4.4671679174227945,6.1485291572496
2026-06-23 05:00:00,25.1,92.0,0.0,6.5,141.0,-4.0905825418239425,5.051448749470311
2026-06-23 06:00:00,25.4,89.0,0.0,6.0,139.0,-3.9363541739430428,4.528257481336633
2026-06-23 07:00:00,26.7,81.0,0.0,7.1,153.0,-3.2233325481507813,6.326146321737411
2026-06-23 08:00:00,28.8,69.0,0.0,7.6,175.0,-0.6623836448822026,7.571079705497266
2026-06-23 09:00:00,30.3,61.0,0.0,6.5,185.0,0.5665123278597779,6.475265537596346
2026-06-23 10:00:00,31.8,54.0,0.0,5.8,189.0,0.9073198972333393,5.728592375451799
2026-06-23 11:00:00,32.9,53.0,0.0,6.1,208.0,2.863776532993934,5.385980316439453
2026-06-23 12:00:00,33.9,50.0,0.0,6.6,223.0,4.50118917641249,4.826934430686525
2026-06-23 13:00:00,32.8,55.0,0.1,8.9,252.0,8.464402995026866,2.750251249937032
2026-06-23 14:00:00,33.1,57.0,1.4,9.1,253.0,8.702373279263622,2.6605825129769043
2026-06-23 15:00:00,32.4,59.0,0.4,8.2,238.0,6.953994388482692,4.34533796671228
2026-06-23 16:00:00,32.6,58.0,0.3,7.4,238.0,6.275555911557553,3.9214025553257166
2026-06-23 17:00:00,32.0,62.0,0.0,8.2,241.0,7.171881598543044,3.9754388860199636
2026-06-23 18:00:00,30.7,69.0,0.0,7.6,256.0,7.3742475196975725,1.8386064065574748
2026-06-23 19:00:00,29.3,77.0,0.0,6.1,256.0,5.918803930283578,1.475723563157973
2026-06-23 20:00:00,28.8,76.0,0.0,4.6,228.0,3.4184661971960133,3.0780007892507477
2026-06-23 21:00:00,28.0,81.0,0.0,6.8,235.0,5.570233901165144,3.900319767187113
2026-06-23 22:00:00,27.3,85.0,0.0,5.4,222.0,3.6133052743378347,4.012982057577929
2026-06-23 23:00:00,26.8,89.0,0.0,4.7,178.0,-0.1640276345017545,4.6971368869897505
2026-06-24 00:00:00,26.5,89.0,0.0,6.8,158.0,-2.547324835228202,6.304850211054155
2026-06-24 01:00:00,26.0,89.0,0.0,7.2,148.0,-3.8154187024790747,6.1059462923262675
2026-06-24 02:00:00,25.9,88.0,0.0,5.2,110.0,-4.886401628086723,1.7785047452934781
2026-06-24 03:00:00,25.1,89.0,0.0,7.0,130.0,-5.362311101832845,4.499513267805776
2026-06-24 04:00:00,24.7,88.0,0.0,7.4,129.0,-5.750880114781585,4.656970893768797
2026-06-24 05:00:00,24.5,86.0,0.0,8.6,127.0,-6.868265386406719,5.175609199107614
2026-06-24 06:00:00,25.1,79.0,0.0,7.5,114.0,-6.851590932319506,3.0505248230685034
2026-06-24 07:00:00,27.4,69.0,0.0,6.0,117.0,-5.346039145130207,2.7239429984372814
2026-06-24 08:00:00,29.5,65.0,0.0,7.3,149.0,-3.759777946843396,6.25732129512542
2026-06-24 09:00:00,31.0,58.0,0.0,5.5,171.0,-0.8603895577212695,5.4322858732732575
2026-06-24 10:00:00,32.1,54.0,0.0,5.3,208.0,2.4881992827652213,4.679622242152313
2026-06-24 11:00:00,32.4,54.0,0.3,5.9,225.0,4.171930009000631,4.17193000900063
2026-06-24 12:00:00,32.4,56.0,1.0,9.0,226.0,6.474058203047861,6.251925334130975
2026-06-24 13:00:00,32.0,60.0,1.2,7.6,227.0,5.558288132305695,5.183187536474988
2026-06-24 14:00:00,33.8,51.0,1.4,4.5,236.0,3.730669076497687,2.516368065618361
2026-06-24 15:00:00,33.4,53.0,0.8,6.4,241.0,5.597566125692133,3.1027815695765573
2026-06-24 16:00:00,32.2,60.0,0.8,10.0,256.0,9.702957262759965,2.4192189559966772
2026-06-24 17:00:00,31.0,70.0,0.3,8.3,252.0,7.893769085249775,2.5648410533120636
2026-06-24 18:00:00,29.9,76.0,0.0,6.5,238.0,5.512312625016769,3.4444752175158317
2026-06-24 19:00:00,28.9,83.0,0.0,3.9,196.0,1.0749856876862967,3.7489206141594438
2026-06-24 20:00:00,28.9,83.0,0.2,5.9,135.0,-4.17193000900063,4.171930009000631
2026-06-24 21:00:00,28.1,85.0,0.0,5.6,165.0,-1.4493866525741166,5.4091846272187825
2026-06-24 22:00:00,27.3,87.0,0.0,6.1,156.0,-2.4810935227623814,5.572627291619865
2026-06-24 23:00:00,26.5,88.0,0.1,10.1,151.0,-4.896577164488003,8.833659042107898
2026-06-25 00:00:00,26.1,88.0,0.2,6.9,129.0,-5.3623071340531,4.342310698243878
2026-06-25 01:00:00,25.5,92.0,0.4,4.7,83.0,-4.664966912714214,-0.5727859140041924
2026-06-25 02:00:00,24.9,98.0,0.1,6.6,147.0,-3.5946176310991786,5.535225748439798
2026-06-25 03:00:00,24.9,98.0,0.0,9.3,152.0,-4.366085533908786,8.21141261358802
2026-06-25 04:00:00,24.9,95.0,0.0,6.2,154.0,-2.7179011100922805,5.572523087054835
2026-06-25 05:00:00,24.7,93.0,0.0,7.5,169.0,-1.431067465324086,7.36220387585748
2026-06-25 06:00:00,25.2,89.0,0.0,9.6,174.0,-1.003473247369474,9.547410195535424
2026-06-25 07:00:00,27.0,79.0,0.0,9.0,181.0,0.1570716579355524,8.998629256407522
2026-06-25 08:00:00,29.2,73.0,0.0,9.6,177.0,-0.5024251799322609,9.586843533643908
2026-06-25 09:00:00,30.1,71.0,0.0,10.1,205.0,4.268444443581064,9.153708649070165
2026-06-25 10:00:00,29.1,74.0,0.5,12.4,201.0,4.443762574361725,11.576397288565301
2026-06-25 11:00:00,30.8,69.0,0.6,7.6,176.0,-0.5301492004553525,7.581486781974664
2026-06-25 12:00:00,29.1,78.0,0.9,8.0,239.0,6.857338405616899,4.120304599280433
2026-06-25 13:00:00,28.0,84.0,9.7,7.6,278.0,7.5260373224359345,-1.0577155672964973
2026-06-25 14:00:00,26.3,90.0,19.4,9.2,249.0,8.588939923774255,3.296985135816762
2026-06-25 15:00:00,27.0,91.0,1.6,8.1,223.0,5.524186716506238,5.9239649831152805
2026-06-25 16:00:00,27.7,89.0,0.6,8.0,190.0,1.3891854213354433,7.878462024097664
2026-06-25 17:00:00,27.6,88.0,0.4,9.6,146.0,-5.368251873319168,7.9587606965284
2026-06-25 18:00:00,27.3,90.0,0.6,6.7,128.0,-5.279672049165037,4.124931884681911
2026-06-25 19:00:00,26.5,94.0,0.8,6.9,123.0,-5.786826918823426,3.758009341603689
2026-06-25 20:00:00,25.5,95.0,0.5,9.7,137.0,-6.6153840926062335,7.094130905705954
2026-06-25 21:00:00,25.1,93.0,0.1,10.8,127.0,-8.625263508510765,6.499602250042121
2026-06-25 22:00:00,25.0,91.0,0.0,10.7,119.0,-9.358430866391533,5.187462936635807
2026-06-25 23:00:00,25.2,89.0,0.0,8.8,131.0,-6.641444305960395,5.773319455116464
2026-06-26 00:00:00,25.4,87.0,0.0,8.1,135.0,-5.727564927611034,5.727564927611035
2026-06-26 01:00:00,25.1,89.0,0.0,7.6,194.0,1.8386064065574743,7.3742475196975725
2026-06-26 02:00:00,25.0,91.0,0.1,7.3,218.0,4.494328769877305,5.752478501329071
2026-06-26 03:00:00,24.4,96.0,1.2,6.5,228.0,4.830441365603063,4.349348941332579
2026-06-26 04:00:00,24.1,99.0,6.1,4.5,270.0,4.5,0.0
2026-06-26 05:00:00,24.2,98.0,4.2,4.7,198.0,1.452379873562253,4.469965626587221
2026-06-26 06:00:00,24.6,97.0,3.0,5.8,154.0,-2.5425526513766497,5.213005468535168
2026-06-26 07:00:00,24.6,96.0,2.0,5.8,166.0,-1.403146994478073,5.627715212400779
2026-06-26 08:00:00,25.4,93.0,0.5,2.7,233.0,2.1563158771276907,1.6249005625105304
2026-06-26 09:00:00,25.2,95.0,1.1,5.1,222.0,3.412566092430177,3.7900386099347103
2026-06-26 10:00:00,25.4,94.0,0.8,5.8,110.0,-5.450217200558268,1.9837168312888795
2026-06-26 11:00:00,25.9,90.0,0.4,5.2,124.0,-4.310995377286217,2.907803098047884
2026-06-26 12:00:00,27.4,81.0,0.3,3.1,140.0,-1.9926415900282721,2.3747377736688318
2026-06-26 13:00:00,27.5,79.0,0.2,5.4,186.0,0.5644537016453287,5.370418234988676
2026-06-26 14:00:00,26.4,90.0,0.2,5.0,193.0,1.1247552717193245,4.871850323926176
2026-06-26 15:00:00,26.7,89.0,0.8,2.9,223.0,1.9777952441812454,2.1209257346955943
2026-06-26 16:00:00,27.0,88.0,0.5,2.8,191.0,0.5342651870543257,2.748556113653459
2026-06-26 17:00:00,26.7,92.0,1.4,3.0,232.0,2.364032260820166,1.846984425976975
2026-06-26 18:00:00,25.9,93.0,8.3,4.2,216.0,2.4686980596283874,3.3978713763747797
2026-06-26 19:00:00,25.6,97.0,1.1,3.6,41.0,-2.3618125043658265,-2.716954488801979
2026-06-26 20:00:00,26.5,91.0,0.3,2.1,121.0,-1.8000513314744357,1.0815799573111142
2026-06-26 21:00:00,26.2,92.0,0.2,2.2,360.0,1.3471114790620887e-16,-2.2
2026-06-26 22:00:00,26.1,92.0,0.0,0.8,225.0,0.5656854249492381,0.565685424949238
2026-06-26 23:00:00,25.4,96.0,0.0,6.8,282.0,6.651403684989878,-1.4137994975607635
2026-06-27 00:00:00,24.8,98.0,0.0,6.9,261.0,6.815049550106451,1.079397808777593
2026-06-27 01:00:00,24.5,98.0,0.1,4.4,215.0,2.5237363199446032,3.604268994871564
2026-06-27 02:00:00,24.6,97.0,1.6,0.5,225.0,0.3535533905932738,0.35355339059327373
2026-06-27 03:00:00,24.6,98.0,0.6,3.5,99.0,-3.456909192082982,0.5475206276408084
2026-06-27 04:00:00,24.7,98.0,0.2,4.2,130.0,-3.2173866610997073,2.6997079606834657
2026-06-27 05:00:00,24.6,97.0,0.2,5.6,151.0,-2.714933873379487,4.897870359980616
2026-06-27 06:00:00,24.5,97.0,0.1,6.4,164.0,-1.764079077228794,6.1520748540052415
2026-06-27 07:00:00,25.2,96.0,0.1,5.3,204.0,2.155704208301741,4.8417909255057845
2026-06-27 08:00:00,25.2,96.0,0.0,4.5,124.0,-3.730669076497687,2.516368065618361
2026-06-27 09:00:00,25.9,94.0,2.5,8.7,122.0,-7.378018436560906,4.610297598828883
2026-06-27 10:00:00,27.2,82.0,0.8,8.7,173.0,-1.060263287624782,8.635151519279502
2026-06-27 11:00:00,27.8,77.0,0.2,9.4,169.0,-1.7936045565395213,9.227295524408042
2026-06-27 12:00:00,28.8,73.0,0.1,10.5,196.0,2.8941922360784913,10.093247807352348
2026-06-27 13:00:00,29.8,69.0,0.0,14.8,206.0,6.487892972478346,13.302151885227673
2026-06-27 14:00:00,26.8,82.0,0.0,6.3,178.0,-0.219866829225756,6.296162210220303
2026-06-27 15:00:00,26.7,82.0,0.9,7.6,183.0,0.3977532674463741,7.589584464134761
2026-06-27 16:00:00,25.1,93.0,2.0,10.7,172.0,-1.4891521802726992,10.595868335534803
2026-06-27 17:00:00,24.7,95.0,2.5,3.9,112.0,-3.6160170328104706,1.4609657143220578
2026-06-27 18:00:00,25.2,94.0,1.9,1.4,220.0,0.8999026535611551,1.0724622203665692
2026-06-27 19:00:00,24.4,99.0,3.0,6.7,275.0,6.674504477214695,-0.5839434764093098
2026-06-27 20:00:00,25.0,99.0,1.4,5.3,322.0,3.263005819225989,-4.176456994115626
2026-06-27 21:00:00,24.8,99.0,0.1,3.5,21.0,-1.2542878234085526,-3.267531492740206
2026-06-27 22:00:00,24.6,99.0,0.0,2.8,105.0,-2.704592313609391,0.7246933262870588
2026-06-27 23:00:00,24.9,95.0,0.0,9.2,133.0,-6.728454054896368,6.274384912574987
2026-06-28 00:00:00,25.1,91.0,0.0,7.5,159.0,-2.687759621589752,7.001853198729013
2026-06-28 01:00:00,25.0,92.0,0.0,5.8,180.0,3.5514757175273243e-16,5.8
2026-06-28 02:00:00,25.3,94.0,0.0,1.5,126.0,-1.213525491562421,0.8816778784387098
2026-06-28 03:00:00,24.6,96.0,0.0,1.3,135.0,-0.9192388155425117,0.9192388155425119
2026-06-28 04:00:00,24.6,96.0,0.0,3.9,124.0,-3.2332465329646625,2.180852323535913
2026-06-28 05:00:00,24.6,94.0,0.0,5.2,110.0,-4.886401628086723,1.7785047452934781
2026-06-28 06:00:00,24.5,94.0,0.0,7.0,116.0,-6.2915583240941695,3.068598027523541
2026-06-28 07:00:00,26.4,85.0,0.0,6.2,112.0,-5.748539898314082,2.322560879178656
2026-06-28 08:00:00,28.4,78.0,0.0,5.0,90.0,-5.0,6.123233995736766e-16
2026-06-28 09:00:00,29.8,65.0,0.0,4.1,146.0,-2.2926909042300614,3.399054047475671
2026-06-28 10:00:00,30.7,61.0,0.0,5.5,203.0,2.1490212066910055,5.062776693988422
2026-06-28 11:00:00,30.3,63.0,0.0,5.3,235.0,4.341505834731656,3.039955112660544
2026-06-28 12:00:00,30.0,66.0,0.0,4.3,268.0,4.2973805561821115,0.15006783582075417
2026-06-28 13:00:00,29.6,69.0,0.2,7.8,265.0,7.770318645115615,0.6798147934317337
2026-06-28 14:00:00,28.5,79.0,0.9,7.0,260.0,6.893654271085456,1.2155372436685123
2026-06-28 15:00:00,29.2,79.0,0.3,4.0,216.0,2.3511410091698925,3.23606797749979
2026-06-28 16:00:00,28.4,81.0,0.6,6.7,183.0,0.3506509068277246,6.690817882855645
2026-06-28 17:00:00,27.6,84.0,1.1,6.0,159.0,-2.1502076972718016,5.601482558983211
2026-06-28 18:00:00,27.4,87.0,0.1,4.2,140.0,-2.6997079606834653,3.2173866610997077
2026-06-28 19:00:00,27.0,89.0,0.0,4.5,119.0,-3.935788682127281,2.181643291108517
2026-06-28 20:00:00,26.4,91.0,0.0,6.4,126.0,-5.1777087639996635,3.761825614671829
2026-06-28 21:00:00,26.0,93.0,0.0,3.0,104.0,-2.9108871788279895,0.7257656867990032
2026-06-28 22:00:00,25.5,96.0,0.0,2.5,111.0,-2.3339510662430043,0.8959198738632506
2026-06-28 23:00:00,25.0,97.0,0.0,2.9,97.0,-2.8783838397598336,0.35342109587492787
2026-06-29 00:00:00,24.7,97.0,0.0,4.3,107.0,-4.112110450641053,1.2571983303077674
2026-06-29 01:00:00,24.7,95.0,0.0,4.9,114.0,-4.476372742448744,1.9930095510714223
2026-06-29 02:00:00,25.0,96.0,0.0,4.5,88.0,-4.497258721585931,-0.15704773516125406
2026-06-29 03:00:00,24.6,96.0,0.0,1.4,90.0,-1.4,1.7145055188062944e-16
2026-06-29 04:00:00,24.5,94.0,0.0,3.1,62.0,-2.737137537862673,-1.4553618446362617
2026-06-29 05:00:00,24.3,94.0,0.0,4.8,68.0,-4.45048250192058,-1.7981116483963777
2026-06-29 06:00:00,24.7,93.0,0.0,4.7,94.0,-4.688551036221174,0.32785542659739
2026-06-29 07:00:00,26.6,89.0,0.0,3.1,121.0,-2.657218632176548,1.5966180322211687
2026-06-29 08:00:00,28.9,76.0,0.0,2.1,121.0,-1.8000513314744357,1.0815799573111142
2026-06-29 09:00:00,30.2,68.0,0.0,0.4,333.0,0.18159619989581874,-0.35640260967534715
2026-06-29 10:00:00,31.3,63.0,0.0,3.2,308.0,2.5216344115415104,-1.9701167210421067
2026-06-29 11:00:00,32.0,62.0,0.0,5.5,319.0,3.6083246594477902,-4.150902691225246
2026-06-29 12:00:00,32.2,64.0,0.0,7.9,327.0,4.3026483766187145,-6.62549748676885
2026-06-29 13:00:00,30.5,66.0,0.7000000000000001,8.6,321.0,5.412155363028602,-6.68345526852995
2026-06-29 14:00:00,32.1,61.0,1.4,4.6,296.0,4.134452612976168,-2.0165072752297557
2026-06-29 15:00:00,31.2,63.0,0.3,4.0,267.0,3.9945181390182953,0.20934382497177534
2026-06-29 16:00:00,29.4,72.0,0.8,3.7,305.0,3.03086256386927,-2.1222328144988705
2026-06-29 17:00:00,28.2,79.0,0.4,2.8,345.0,0.7246933262870581,-2.7045923136093912
2026-06-29 18:00:00,27.2,85.0,0.5,1.7000000000000002,342.0,0.5253288904374107,-1.6167960777017611
2026-06-29 19:00:00,26.6,91.0,0.1,2.1,121.0,-1.8000513314744357,1.0815799573111142
2026-06-29 20:00:00,25.8,95.0,0.4,8.5,136.0,-5.9045961489014775,6.114388302878535
2026-06-29 21:00:00,25.7,94.0,0.1,9.4,103.0,-9.159078608981211,2.114539910832333
2026-06-29 22:00:00,25.7,91.0,0.0,8.5,86.0,-8.479294427208506,-0.5929300268250648
2026-06-29 23:00:00,25.3,93.0,0.2,6.9,121.0,-5.914454374844575,3.5537627168793753
2026-06-30 00:00:00,24.6,96.0,0.0,8.3,110.0,-7.799448752523039,2.8387671896030517
2026-06-30 01:00:00,24.4,96.0,0.0,6.6,107.0,-6.311611389356035,1.9296532511700615
2026-06-30 02:00:00,24.6,97.0,0.0,5.1,84.0,-5.072061666378193,-0.5330951626650328
2026-06-30 03:00:00,24.2,97.0,0.0,4.6,101.0,-4.515485043859254,0.8777213787321068
2026-06-30 04:00:00,23.9,97.0,0.0,4.2,102.0,-4.108219923081984,0.8732291014345892
2026-06-30 05:00:00,23.6,97.0,0.0,4.5,92.0,-4.497258721585931,0.15704773516125514
2026-06-30 06:00:00,24.6,91.0,0.0,6.4,80.0,-6.3027696192781315,-1.111348337068355
2026-06-30 07:00:00,26.8,86.0,0.0,5.1,80.0,-5.022519540362261,-0.8856057061013454
2026-06-30 08:00:00,29.4,71.0,0.0,4.0,5.0,-0.348622970990633,-3.984778792366982
2026-06-30 09:00:00,30.6,66.0,0.0,6.1,346.0,1.4757235631579728,-5.918803930283578
2026-06-30 10:00:00,31.6,63.0,0.0,8.2,346.0,1.9837595439172748,-7.95642495546317
2026-06-30 11:00:00,32.2,60.0,0.0,10.2,337.0,3.985457510590592,-9.389149505214892
2026-06-30 12:00:00,32.3,59.0,0.0,10.3,333.0,4.676102147317333,-9.177367199140189
2026-06-30 13:00:00,32.2,59.0,0.0,9.9,335.0,4.183920791232925,-8.972447091662834
2026-06-30 14:00:00,32.5,58.0,0.0,10.9,336.0,4.433429409526222,-9.95764548830435
2026-06-30 15:00:00,32.0,59.0,0.0,9.4,325.0,5.391618501699834,-7.700029216316524
2026-06-30 16:00:00,31.4,61.0,0.0,9.1,322.0,5.60251942546349,-7.17089785782117
2026-06-30 17:00:00,30.6,64.0,0.0,9.5,324.0,5.583959896778495,-7.685661446562001
2026-06-30 18:00:00,29.6,68.0,0.0,9.0,334.0,3.945340321101697,-8.089146416692504
2026-06-30 19:00:00,28.4,74.0,0.0,7.7,336.0,3.1318721516836616,-7.034300023848027
2026-06-30 20:00:00,28.3,79.0,0.0,7.0,337.0,2.735117899424916,-6.4435339741670825
2026-06-30 21:00:00,27.8,82.0,0.0,5.8,351.0,0.9073198972333393,-5.728592375451799
2026-06-30 22:00:00,27.3,84.0,0.0,2.9,60.0,-2.5114736709748717,-1.4500000000000002
2026-06-30 23:00:00,26.7,88.0,0.0,3.0,57.0,-2.516011703836272,-1.6339171050450814
2026-07-01 00:00:00,26.1,91.0,0.0,4.2,54.0,-3.39787137637478,-2.468698059628387
2026-07-01 01:00:00,25.6,93.0,0.0,3.7,76.0,-3.590094187221187,-0.8951110137187698
2026-07-01 02:00:00,25.9,92.0,0.0,4.5,76.0,-4.366330768241984,-1.0886485301985038
2026-07-01 03:00:00,25.2,93.0,0.0,6.0,87.0,-5.991777208527443,-0.31401573745766137
2026-07-01 04:00:00,24.9,92.0,0.0,5.9,78.0,-5.771070844329453,-1.2266789758247811
2026-07-01 05:00:00,24.6,92.0,0.0,6.1,71.0,-5.7676633111558315,-1.985965742188656
2026-07-01 06:00:00,25.2,90.0,0.0,6.4,58.0,-5.427507815401127,-3.391483291092511
2026-07-01 07:00:00,27.5,83.0,0.0,4.2,36.0,-2.468698059628388,-3.3978713763747788
2026-07-01 08:00:00,29.5,75.0,0.0,6.7,357.0,0.3506509068277246,-6.690817882855645
2026-07-01 09:00:00,30.6,71.0,0.0,6.6,338.0,2.4724035165450187,-6.1194134401407965
2026-07-01 10:00:00,31.6,67.0,0.0,7.0,325.0,4.015035054457323,-5.7340643100229425
2026-07-01 11:00:00,32.3,63.0,0.0,6.6,334.0,2.893249568807911,-5.932040705574502
2026-07-01 12:00:00,32.4,62.0,0.1,8.0,329.0,4.120304599280433,-6.857338405616899
2026-07-01 13:00:00,32.0,64.0,0.7000000000000001,10.3,329.0,5.304892171573558,-8.828823197231758
2026-07-01 14:00:00,31.4,67.0,0.9,9.5,335.0,4.014873486536644,-8.609923976848174
2026-07-01 15:00:00,30.5,72.0,1.0,7.9,344.0,2.1775351109542935,-7.59396739791272
2026-07-01 16:00:00,30.6,71.0,0.4,9.9,339.0,3.547842700498474,-9.242446222322297
2026-07-01 17:00:00,29.9,75.0,0.1,11.4,345.0,2.9505371141687364,-11.01155441969538
2026-07-01 18:00:00,29.0,80.0,0.0,9.5,345.0,2.458780928473947,-9.176295349746148
2026-07-01 19:00:00,27.9,85.0,0.0,7.7,332.0,3.61493103345136,-6.798696465013737
2026-07-01 20:00:00,27.9,85.0,0.0,6.7,344.0,1.8467702839738944,-6.440453362786736
2026-07-01 21:00:00,27.3,88.0,0.0,7.6,357.0,0.3977532674463741,-7.589584464134761
2026-07-01 22:00:00,26.9,90.0,0.0,7.4,7.0,-0.9018331411980891,-7.344841522145784
2026-07-01 23:00:00,26.5,92.0,0.0,6.1,5.0,-0.5316500307607153,-6.076787658359647
2026-07-02 00:00:00,26.3,94.0,0.0,3.5,21.0,-1.2542878234085526,-3.267531492740206
2026-07-02 01:00:00,26.1,95.0,0.0,2.3,94.0,-2.2943973155975956,0.1604398896114887
2026-07-02 02:00:00,26.4,95.0,0.0,2.1,105.0,-2.028444235207043,0.5435199947152941
2026-07-02 03:00:00,25.9,97.0,0.0,2.4,126.0,-1.9416407864998735,1.4106846055019358
2026-07-02 04:00:00,25.6,97.0,0.0,2.7,82.0,-2.67372378560224,-0.3757673725921769
2026-07-02 05:00:00,25.4,96.0,0.0,3.6,99.0,-3.5556780261424956,0.5631640741448315
2026-07-02 06:00:00,25.9,91.0,0.0,3.9,127.0,-3.1146784891844423,2.3470785902929876
2026-07-02 07:00:00,27.6,82.0,0.0,2.6,124.0,-2.1554976886431083,1.453901549023942
2026-07-02 08:00:00,29.3,77.0,0.0,1.0,329.0,0.5150380749100542,-0.8571673007021123
2026-07-02 09:00:00,30.8,71.0,0.0,3.7,241.0,3.2360929164157644,1.7937955949114472
2026-07-02 10:00:00,31.4,68.0,0.3,5.2,256.0,5.045537776635181,1.2579938571182723
2026-07-02 11:00:00,31.2,70.0,0.5,6.7,265.0,6.674504477214695,0.5839434764093098
2026-07-02 12:00:00,31.4,70.0,0.4,7.6,285.0,7.341036279796919,-1.9670247427791576
2026-07-02 13:00:00,31.6,69.0,0.3,5.2,297.0,4.633233925779513,-2.360750598645643
2026-07-02 14:00:00,32.3,63.0,1.1,6.2,316.0,4.306881896845783,-4.459906762099637
2026-07-02 15:00:00,29.8,75.0,1.0,4.8,285.0,4.636443966187528,-1.2423314164920995
2026-07-02 16:00:00,29.5,73.0,0.8,6.9,57.0,-5.786826918823426,-3.758009341603687
2026-07-02 17:00:00,29.3,76.0,0.1,5.0,75.0,-4.8296291314453415,-1.294095225512604
2026-07-02 18:00:00,29.2,78.0,0.0,1.9,29.0,-0.92113827846804,-1.6617774435648522
2026-07-02 19:00:00,28.5,84.0,0.0,2.5,90.0,-2.5,3.061616997868383e-16
2026-07-02 20:00:00,29.3,77.0,0.0,2.0,315.0,1.4142135623730951,-1.414213562373095
2026-07-02 21:00:00,28.5,82.0,0.0,3.3,49.0,-2.490541614735148,-2.1649947956686733
2026-07-02 22:00:00,27.9,87.0,0.0,1.3,90.0,-1.3,1.5920408388915593e-16
2026-07-02 23:00:00,25.7,94.0,0.7000000000000001,4.0,162.0,-1.2360679774997894,3.8042260651806146
2026-07-03 00:00:00,25.4,95.0,0.7000000000000001,6.4,117.0,-5.702441754805554,2.9055391983331003
2026-07-03 01:00:00,25.2,96.0,0.1,5.8,146.0,-3.2433188401303306,4.808417920819242
2026-07-03 02:00:00,25.6,96.0,0.0,4.0,120.0,-3.464101615137755,1.9999999999999998
2026-07-03 03:00:00,25.1,99.0,0.0,2.4,63.0,-2.138415658052083,-1.089577199374912
2026-07-03 04:00:00,25.1,98.0,0.0,3.8,59.0,-3.2572357426680267,-1.9571446846582057
2026-07-03 05:00:00,25.2,95.0,0.0,4.0,82.0,-3.961072274966281,-0.5566924038402621
2026-07-03 06:00:00,25.7,92.0,0.0,5.7,101.0,-5.595274945651685,1.0876112736463064
2026-07-03 07:00:00,27.3,84.0,0.0,4.0,90.0,-4.0,4.898587196589413e-16
2026-07-03 08:00:00,29.5,73.0,0.0,2.9,4.0,-0.20229377385796418,-2.89293574575349
2026-07-03 09:00:00,30.9,67.0,0.0,3.8,329.0,1.9571446846582057,-3.2572357426680267
2026-07-03 10:00:00,31.9,62.0,0.0,4.5,337.0,1.7582900782017317,-4.142271840535981
2026-07-03 11:00:00,32.5,60.0,0.0,5.9,329.0,3.0387246419693197,-5.057287074142463
2026-07-03 12:00:00,33.1,59.0,0.1,7.0,325.0,4.015035054457323,-5.7340643100229425
2026-07-03 13:00:00,32.8,61.0,0.2,9.2,318.0,6.156001578501495,-6.836932394392027
2026-07-03 14:00:00,33.3,56.0,0.7000000000000001,10.1,331.0,4.896577164488004,-8.833659042107897
2026-07-03 15:00:00,31.3,66.0,1.2,9.4,310.0,7.200817765318393,-6.042203531053469
2026-07-03 16:00:00,29.1,76.0,1.9,4.2,348.0,0.8732291014345898,-4.108219923081983
2026-07-03 17:00:00,27.7,82.0,1.7000000000000002,3.0,107.0,-2.8689142678891066,0.8771151141682099
2026-07-03 18:00:00,26.5,91.0,0.9,5.4,82.0,-5.34744757120448,-0.7515347451843538
2026-07-03 19:00:00,26.3,93.0,0.1,0.5,225.0,0.3535533905932738,0.35355339059327373
2026-07-03 20:00:00,25.8,93.0,0.0,8.5,128.0,-6.698091405657136,5.233122540268097
2026-07-03 21:00:00,25.5,89.0,0.0,8.5,114.0,-7.765136389962106,3.4572614661443035
2026-07-03 22:00:00,25.2,90.0,0.0,8.8,101.0,-8.638319214339443,1.679119159313596
2026-07-03 23:00:00,25.2,91.0,0.0,6.8,101.0,-6.675064847444115,1.2975011685605058
2026-07-04 00:00:00,24.8,94.0,0.0,5.4,92.0,-5.3967104659031175,0.1884572821935062
2026-07-04 01:00:00,24.5,97.0,0.0,4.5,95.0,-4.482876141412855,0.39220084236446184
2026-07-04 02:00:00,25.5,92.0,0.0,2.8,75.0,-2.7045923136093912,-0.7246933262870582
2026-07-04 03:00:00,25.0,94.0,0.0,3.0,115.0,-2.7189233611099497,1.2678547852220985
2026-07-04 04:00:00,24.8,95.0,0.0,2.9,120.0,-2.511473670974872,1.4499999999999997
2026-07-04 05:00:00,24.5,95.0,0.0,3.1,118.0,-2.7371375378626737,1.4553618446362613
2026-07-04 06:00:00,24.8,93.0,0.0,4.6,111.0,-4.294469961887128,1.6484925679083808
2026-07-04 07:00:00,27.2,80.0,0.0,2.9,133.0,-2.1209257346955943,1.9777952441812459
2026-07-04 08:00:00,29.3,73.0,0.0,3.3,167.0,-0.7423384793347546,3.2154212137912763
2026-07-04 09:00:00,30.5,67.0,0.0,5.1,188.0,0.7097828148963339,5.050367150582009
2026-07-04 10:00:00,31.6,61.0,0.0,6.2,206.0,2.7179011100922805,5.572523087054836
2026-07-04 11:00:00,32.7,57.0,0.0,6.5,204.0,2.6437881799927014,5.938045474676906
2026-07-04 12:00:00,33.6,52.0,0.0,7.1,199.0,2.311533896645813,6.713181886755148
2026-07-04 13:00:00,34.2,49.0,0.0,6.9,197.0,2.017364762586884,6.598502816144945
2026-07-04 14:00:00,34.3,48.0,0.0,6.0,233.0,4.791813060283757,3.6108901389122896
2026-07-04 15:00:00,33.7,53.0,0.0,7.7,269.0,7.698827252704213,0.13438352956708305
2026-07-04 16:00:00,32.2,61.0,0.3,9.2,281.0,9.030970087718508,-1.755442757464212
2026-07-04 17:00:00,30.7,66.0,0.1,10.3,282.0,10.0749202875582,-2.1414904154229215
2026-07-04 18:00:00,28.9,75.0,0.2,3.7,215.0,2.122232814498871,3.03086256386927
2026-07-04 19:00:00,27.8,85.0,0.2,3.7,101.0,-3.632020578756357,0.7059932828932164
2026-07-04 20:00:00,25.8,96.0,0.0,8.1,125.0,-6.635131558740834,4.6459691344434715
2026-07-04 21:00:00,25.6,97.0,0.8,7.4,133.0,-5.412017391981862,5.04678786446249
2026-07-04 22:00:00,25.9,95.0,0.1,4.5,130.0,-3.4471999940354006,2.8925442435894277
2026-07-04 23:00:00,25.8,96.0,0.1,5.6,123.0,-4.696555180494374,3.0499785960841526
2026-07-05 00:00:00,25.7,96.0,0.0,5.7,118.0,-5.032801279295884,2.675987907879577
2026-07-05 01:00:00,25.6,96.0,0.0,3.3,135.0,-2.3334523779156067,2.3334523779156067
2026-07-05 02:00:00,26.6,89.0,0.0,2.2,132.0,-1.634918616050267,1.4720873339894884
2026-07-05 03:00:00,26.4,86.0,0.0,3.2,161.0,-1.0418180942629014,3.025659441917814
2026-07-05 04:00:00,25.8,88.0,0.0,4.1,139.0,-2.689842018861079,3.0943092789133653
2026-07-05 05:00:00,25.6,89.0,0.0,5.1,129.0,-3.963444403430551,3.2095339943541705
2026-07-05 06:00:00,26.0,87.0,0.0,6.8,132.0,-5.0533848132462795,4.550088123240236
2026-07-05 07:00:00,27.8,80.0,0.0,5.7,169.0,-1.0876112736463055,5.595274945651685
2026-07-05 08:00:00,29.5,67.0,0.0,5.7,198.0,1.7613968679372005,5.421022142882375
2026-07-05 09:00:00,30.7,64.0,0.0,6.2,201.0,2.2218812871808624,5.788198644282651
2026-07-05 10:00:00,31.8,58.0,0.1,6.8,212.0,3.603450996785793,5.766727053863696
2026-07-05 11:00:00,32.8,54.0,0.1,6.9,213.0,3.758009341603687,5.786826918823426
2026-07-05 12:00:00,33.3,53.0,0.3,6.9,229.0,5.207496103537127,4.5268073000345
2026-07-05 13:00:00,33.1,54.0,0.3,7.8,241.0,6.822033715687287,3.781515037921429
2026-07-05 14:00:00,33.2,53.0,0.8,9.0,254.0,8.65135526344487,2.4807362023529924
2026-07-05 15:00:00,31.9,59.0,0.6,9.1,263.0,9.032169979936029,1.109011024986842
2026-07-05 16:00:00,31.3,62.0,0.8,8.6,268.0,8.594761112364223,0.30013567164150834
2026-07-05 17:00:00,30.6,65.0,0.4,7.8,261.0,7.703969056642075,1.2201888273138009
2026-07-05 18:00:00,29.4,72.0,0.3,6.9,255.0,6.664888201394572,1.785851411207393
2026-07-05 19:00:00,28.1,81.0,0.4,5.4,256.0,5.2395969218903815,1.306378236238206
2026-07-05 20:00:00,25.4,99.0,0.1,8.7,111.0,-8.122149710525655,3.1178011610441114
2026-07-05 21:00:00,25.0,98.0,2.5,7.1,124.0,-5.886166765140795,3.970269614642303
2026-07-05 22:00:00,25.2,97.0,0.6,8.5,138.0,-5.6876101540502955,6.316731016557851
2026-07-05 23:00:00,25.0,91.0,0.2,11.7,144.0,-6.877087451821934,9.465498834186885
2026-07-06 00:00:00,24.0,91.0,0.5,11.8,133.0,-8.629973679106213,8.047580648737483
2026-07-06 01:00:00,24.2,90.0,0.1,7.2,115.0,-6.52541606666388,3.0428514845330366
2026-07-06 02:00:00,24.3,92.0,0.0,6.0,97.0,-5.955276909847932,0.7312160604308853
2026-07-06 03:00:00,24.5,94.0,0.0,5.6,119.0,-4.897870359980616,2.714933873379488
2026-07-06 04:00:00,24.5,94.0,0.0,3.2,128.0,-2.5216344115415104,1.9701167210421069
2026-07-06 05:00:00,24.2,97.0,0.0,3.2,133.0,-2.3403318451813457,2.1823947521999956
2026-07-06 06:00:00,24.7,94.0,0.0,6.1,140.0,-3.92100441908789,4.6728711030257655
2026-07-06 07:00:00,27.1,82.0,0.0,6.1,166.0,-1.4757235631579735,5.918803930283578
2026-07-06 08:00:00,29.0,72.0,0.0,7.8,187.0,0.9505808785601504,7.741859982802311
2026-07-06 09:00:00,30.1,66.0,0.0,7.1,196.0,1.957025226300694,6.824958041162064
2026-07-06 10:00:00,31.2,62.0,0.0,7.6,208.0,3.5679838771727703,6.710401705727844
2026-07-06 11:00:00,32.3,55.0,0.0,7.5,210.0,3.750000000000001,6.495190528383289
2026-07-06 12:00:00,33.3,51.0,0.0,8.5,224.0,5.904596148901477,6.114388302878535
2026-07-06 13:00:00,33.5,50.0,0.0,8.5,242.0,7.505054539300879,3.990508283680072
2026-07-06 14:00:00,33.6,49.0,0.1,10.0,252.0,9.510565162951535,3.090169943749474
2026-07-06 15:00:00,32.0,57.0,0.7000000000000001,9.2,263.0,9.131424595100162,1.1211979593273567
2026-07-06 16:00:00,31.7,58.0,0.6,7.9,267.0,7.889173324561134,0.4134540543192563
2026-07-06 17:00:00,31.0,62.0,0.3,7.4,267.0,7.389858557183847,0.3872860761977844
2026-07-06 18:00:00,30.1,66.0,0.0,6.7,262.0,6.6347960605685214,0.9324597764324385
2026-07-06 19:00:00,29.1,71.0,0.0,4.5,256.0,4.366330768241984,1.0886485301985047
2026-07-06 20:00:00,29.2,74.0,0.0,3.4,245.0,3.0814464759246096,1.436902089918378
2026-07-06 21:00:00,28.4,80.0,0.0,3.6,240.0,3.1176914536239795,1.7999999999999998
2026-07-06 22:00:00,28.0,82.0,0.0,4.0,210.0,2.0000000000000004,3.4641016151377544
2026-07-06 23:00:00,27.5,84.0,0.0,5.3,198.0,1.6377900701872214,5.040599536364313
2026-07-07 00:00:00,27.1,85.0,0.0,4.3,204.0,1.7489675652259409,3.9282454678631837
2026-07-07 01:00:00,26.8,86.0,0.0,3.6,225.0,2.5455844122715714,2.545584412271571
2026-07-07 02:00:00,27.0,84.0,0.0,3.6,279.0,3.555678026142496,-0.5631640741448312
2026-07-07 03:00:00,26.2,90.0,0.0,2.8,255.0,2.7045923136093912,0.7246933262870581
2026-07-07 04:00:00,26.0,91.0,0.0,3.6,180.0,2.2043642384652358e-16,3.6
2026-07-07 05:00:00,26.1,86.0,0.0,7.2,177.0,-0.3768188849491957,7.190132650232932
2026-07-07 06:00:00,26.3,80.0,0.0,9.4,151.0,-4.557210430315568,8.221425247110322
2026-07-07 07:00:00,27.6,74.0,0.0,8.1,156.0,-3.294566808913982,7.399718206905066
2026-07-07 08:00:00,29.2,67.0,0.0,7.0,192.0,1.4553818357243162,6.847033205136639
2026-07-07 09:00:00,30.6,64.0,0.0,7.2,212.0,3.8154187024790756,6.105946292326267
2026-07-07 10:00:00,32.0,57.0,0.0,7.6,207.0,3.4503277980205556,6.771649583831595
2026-07-07 11:00:00,33.3,50.0,0.0,8.3,207.0,3.768121147838239,7.3953541507634535
2026-07-07 12:00:00,34.1,46.0,0.0,7.8,220.0,5.013743355555007,5.975146656328028
2026-07-07 13:00:00,34.7,45.0,0.0,7.5,235.0,6.143640332167439,4.301823272632845
2026-07-07 14:00:00,34.4,45.0,0.0,10.2,252.0,9.700776466210565,3.1519733426244634
2026-07-07 15:00:00,32.6,53.0,0.5,9.8,263.0,9.726952286084956,1.1943195653704453
2026-07-07 16:00:00,31.8,57.0,0.7000000000000001,10.8,260.0,10.635923732531847,1.8754003188028476
2026-07-07 17:00:00,30.8,61.0,0.3,6.4,254.0,6.1520748540052415,1.7640790772287946
2026-07-07 18:00:00,29.6,68.0,0.3,2.8,252.0,2.6629582456264296,0.8652475842498527
2026-07-07 19:00:00,28.7,75.0,0.0,3.0,237.0,2.516011703836272,1.6339171050450814
2026-07-07 20:00:00,27.9,86.0,0.0,2.2,156.0,-0.8948206147667607,2.0098000068137223
2026-07-07 21:00:00,27.5,90.0,0.0,2.0,153.0,-0.9079809994790934,1.7820130483767358
2026-07-07 22:00:00,27.2,92.0,0.0,2.9,133.0,-2.1209257346955943,1.9777952441812459
2026-07-07 23:00:00,27.0,93.0,0.0,3.9,158.0,-1.4609657143220571,3.616017032810471
2026-07-08 00:00:00,26.8,93.0,0.0,5.0,182.0,0.1744974835125054,4.9969541350954785
2026-07-08 01:00:00,26.5,94.0,0.0,5.3,168.0,-1.1019319613341245,5.18418228388917
2026-07-08 02:00:00,26.7,90.0,0.0,5.3,142.0,-3.263005819225989,4.176456994115626
2026-07-08 03:00:00,26.0,92.0,0.0,5.5,139.0,-3.6083246594477894,4.150902691225246
2026-07-08 04:00:00,25.4,93.0,0.0,4.5,133.0,-3.291091657286267,3.068992620281244
2026-07-08 05:00:00,24.9,94.0,0.0,4.9,118.0,-4.326443205008743,2.3004106576508647
2026-07-08 06:00:00,25.2,91.0,0.0,5.3,114.0,-4.841790925505784,2.155704208301742
2026-07-08 07:00:00,27.7,79.0,0.0,3.4,137.0,-2.3187944242124945,2.48660258550518
2026-07-08 08:00:00,29.3,73.0,0.0,3.0,166.0,-0.7257656867990033,2.9108871788279895
2026-07-08 09:00:00,30.7,66.0,0.0,2.7,212.0,1.4307820134296534,2.28972985962235
2026-07-08 10:00:00,32.2,60.0,0.0,3.3,257.0,3.2154212137912763,0.7423384793347545
2026-07-08 11:00:00,33.2,53.0,0.0,5.9,281.0,5.791600382341218,-1.1257730727216144
2026-07-08 12:00:00,33.7,49.0,0.0,8.5,287.0,8.1285904256858,-2.4851594901432623
2026-07-08 13:00:00,33.8,47.0,0.0,9.5,285.0,9.176295349746148,-2.458780928473947
2026-07-08 14:00:00,33.8,46.0,0.0,8.1,291.0,7.5620014546273335,-2.902780391316932
2026-07-08 15:00:00,33.2,49.0,0.0,8.7,291.0,8.122149710525655,-3.117801161044112
2026-07-08 16:00:00,32.8,49.0,0.0,7.6,282.0,7.4339217655769225,-1.5801288502149708
2026-07-08 17:00:00,32.0,51.0,0.0,7.2,276.0,7.160557646651568,-0.7526049355271051
2026-07-08 18:00:00,31.1,53.0,0.0,4.9,272.0,4.897015052393569,-0.17100753384225476
2026-07-08 19:00:00,29.7,61.0,0.0,4.3,246.0,3.9282454678631837,1.7489675652259409
2026-07-08 20:00:00,29.7,61.0,0.0,5.7,279.0,5.629823541392286,-0.891676450729316
2026-07-08 21:00:00,28.6,68.0,0.0,6.5,275.0,6.475265537596346,-0.5665123278597781
2026-07-08 22:00:00,27.9,74.0,0.0,2.2,228.0,1.6349186160502676,1.4720873339894882
2026-07-08 23:00:00,27.4,76.0,0.0,2.2,145.0,-1.2618681599723016,1.8021344974357818
2026-07-09 00:00:00,27.0,79.0,0.0,0.9,127.0,-0.7187719590425636,0.5416335208368434
2026-07-09 01:00:00,26.2,84.0,0.0,0.6000000000000001,108.0,-0.5706339097770922,0.18541019662496852
2026-07-09 02:00:00,26.3,82.0,0.0,1.3,98.0,-1.2873484893640414,0.18092503124808493
2026-07-09 03:00:00,25.1,87.0,0.0,2.1,110.0,-1.9733545036504077,0.7182423009839046
2026-07-09 04:00:00,24.4,88.0,0.0,3.7,119.0,-3.2360929164157644,1.7937955949114477
2026-07-09 05:00:00,24.1,88.0,0.0,5.4,124.0,-4.476802891797225,3.0196416787420333
2026-07-09 06:00:00,24.7,81.0,0.0,4.6,111.0,-4.294469961887128,1.6484925679083808
2026-07-09 07:00:00,27.3,70.0,0.0,2.2,125.0,-1.8021344974357822,1.2618681599723012
2026-07-09 08:00:00,29.6,59.0,0.0,2.0,355.0,0.17431148549531628,-1.992389396183491
2026-07-09 09:00:00,31.5,50.0,0.0,2.8,333.0,1.271173399270731,-2.4948182677274295
2026-07-09 10:00:00,32.7,47.0,0.0,3.5,332.0,1.643150469750618,-3.090316575006244
2026-07-09 11:00:00,33.5,44.0,0.0,6.3,329.0,3.244739871933341,-5.400153994423308
2026-07-09 12:00:00,33.5,48.0,0.0,10.3,320.0,6.620712379771356,-7.890257764125474
2026-07-09 13:00:00,34.0,46.0,0.0,9.1,328.0,4.822265304522165,-7.717237675023476
2026-07-09 14:00:00,33.5,47.0,0.0,11.1,343.0,3.245325922422378,-10.614982791189693
2026-07-09 15:00:00,33.0,48.0,0.0,10.4,352.0,1.447400249984681,-10.298787914912332
2026-07-09 16:00:00,33.4,47.0,0.0,9.4,359.0,0.16405262051046582,-9.398568334470077
2026-07-09 17:00:00,32.9,49.0,0.0,7.6,360.0,4.653657836759942e-16,-7.6
2026-07-09 18:00:00,31.6,56.0,0.0,10.1,354.0,1.0557374790032998,-10.04467114321956
2026-07-09 19:00:00,30.3,64.0,0.0,10.4,358.0,0.36295476570601126,-10.393664600998596
2026-07-09 20:00:00,30.0,64.0,0.0,7.2,3.0,-0.376818884949199,-7.190132650232932
2026-07-09 21:00:00,29.5,66.0,0.0,3.6,327.0,1.9607005260540975,-3.0192140446035265
2026-07-09 22:00:00,29.0,68.0,0.0,4.0,265.0,3.984778792366982,0.34862297099063266
2026-07-09 23:00:00,28.3,71.0,0.0,4.2,227.0,3.071685546800516,2.8643931122624937
2026-07-10 00:00:00,27.6,76.0,0.0,5.6,195.0,1.4493866525741161,5.4091846272187825
2026-07-10 01:00:00,26.9,81.0,0.0,6.6,154.0,-2.8932495688079114,5.932040705574502
2026-07-10 02:00:00,26.8,83.0,0.0,7.5,136.0,-5.20993777844248,5.395048502539883
2026-07-10 03:00:00,26.3,85.0,0.0,7.8,109.0,-7.375044889674672,2.5394316047658214
2026-07-10 04:00:00,26.2,84.0,0.0,5.4,96.0,-5.370418234988676,0.5644537016453302
2026-07-10 05:00:00,26.0,82.0,0.0,4.9,57.0,-4.109485782932578,-2.668731271573633
2026-07-10 06:00:00,26.3,79.0,0.0,3.2,52.0,-2.521634411541511,-1.9701167210421062
2026-07-10 07:00:00,27.7,73.0,0.0,2.9,60.0,-2.5114736709748717,-1.4500000000000002
2026-07-10 08:00:00,29.9,63.0,0.0,4.2,18.0,-1.2978713763747798,-3.994437368439645
2026-07-10 09:00:00,31.2,55.0,0.0,4.5,346.0,1.0886485301985045,-4.366330768241984
2026-07-10 10:00:00,32.8,50.0,0.0,6.1,34.0,-3.411076711171554,-5.057129192585755
2026-07-10 11:00:00,35.1,43.0,0.0,9.9,35.0,-5.678406719875359,-8.109605238461016
2026-07-10 12:00:00,35.6,47.0,0.0,13.7,4.0,-0.9556636902945204,-13.666627488559591
2026-07-10 13:00:00,35.0,48.0,0.0,18.0,11.0,-3.434561916777803,-17.66928930205795
2026-07-10 14:00:00,35.0,46.0,0.0,18.9,18.0,-5.840421193686509,-17.9749681579784
2026-07-10 15:00:00,33.5,51.0,0.0,24.1,12.0,-5.0106717487080115,-23.573357177684716
2026-07-10 16:00:00,31.6,61.0,0.1,22.7,7.0,-2.7664340952968405,-22.530797642258012
2026-07-10 17:00:00,30.3,67.0,0.0,22.0,13.0,-4.948923195565036,-21.436141425275174
2026-07-10 18:00:00,27.8,74.0,0.1,20.0,5.0,-1.743114854953165,-19.92389396183491
2026-07-10 19:00:00,26.8,78.0,0.0,14.2,358.0,0.4955728531755153,-14.191349743671159
2026-07-10 20:00:00,27.5,78.0,0.0,14.7,12.0,-3.0563018550210685,-14.37876973078694
2026-07-10 21:00:00,27.0,79.0,0.0,16.8,358.0,0.5863115446020182,-16.78976589392081
2026-07-10 22:00:00,27.6,75.0,0.0,23.6,356.0,1.6462527803613556,-23.54251158613185
2026-07-10 23:00:00,26.4,79.0,0.1,25.4,356.0,1.7718144331007808,-25.33812687659953
2026-07-11 00:00:00,25.3,84.0,0.2,23.6,357.0,1.2351285673334778,-23.567657020207943
2026-07-11 01:00:00,25.2,87.0,0.2,20.2,355.0,1.7605460035026943,-20.12313290145326
2026-07-11 02:00:00,25.6,89.0,0.5,19.6,354.0,2.048757880046008,-19.492629149218157
2026-07-11 03:00:00,25.5,90.0,0.4,22.6,351.0,3.535418909909219,-22.321756497450114
2026-07-11 04:00:00,25.6,93.0,0.9,29.1,346.0,7.03992716195033,-28.235605634631497
2026-07-11 05:00:00,25.1,95.0,1.3,30.9,341.0,10.060055972726143,-29.216523986018885
2026-07-11 06:00:00,25.0,96.0,0.9,28.2,336.0,11.469973334737565,-25.761981905521345
2026-07-11 07:00:00,25.2,95.0,1.4,28.2,333.0,12.80253209265522,-25.12638398211197
2026-07-11 08:00:00,25.3,94.0,3.3,30.6,326.0,17.111302846204854,-25.36854972018428
2026-07-11 09:00:00,25.3,93.0,1.8,30.6,326.0,17.111302846204854,-25.36854972018428
2026-07-11 10:00:00,25.5,95.0,1.7000000000000002,28.8,318.0,19.27096146313512,-21.402570973748954
2026-07-11 11:00:00,25.3,95.0,2.1,25.7,307.0,20.524932608215426,-15.46664609500764
2026-07-11 12:00:00,25.3,96.0,2.1,24.3,304.0,20.145613013087512,-13.58838755433915
2026-07-11 13:00:00,25.4,96.0,1.6,24.0,301.0,20.572015216850694,-12.360913797841299
2026-07-11 14:00:00,25.4,94.0,1.8,20.7,273.0,20.67163136941968,-1.0833542942289374
2026-07-11 15:00:00,25.3,94.0,3.3,16.8,249.0,15.68415116515299,6.020581552361045
2026-07-11 16:00:00,25.6,96.0,2.1,14.7,216.0,8.640443208699354,11.892549817311727
2026-07-11 17:00:00,25.6,96.0,1.8,14.0,192.0,2.9107636714486325,13.694066410273278
2026-07-11 18:00:00,25.2,96.0,1.2,12.3,175.0,-1.0720156357961963,12.253194786528471
2026-07-11 19:00:00,24.6,94.0,4.2,11.2,131.0,-8.452747298495046,7.347861124693681
2026-07-11 20:00:00,24.7,91.0,2.2,12.6,153.0,-5.720280296718288,11.226682204773436
2026-07-11 21:00:00,24.7,85.0,0.2,14.2,142.0,-8.742392949624348,11.189752701215452
2026-07-11 22:00:00,24.8,83.0,0.5,16.4,129.0,-12.745193767894321,10.320854413217333
2026-07-11 23:00:00,25.4,79.0,0.0,12.9,133.0,-9.434462750887299,8.797778844806231
2026-07-12 00:00:00,25.1,82.0,0.4,11.5,145.0,-6.596129018037031,9.420248509323404
2026-07-12 01:00:00,24.2,90.0,1.8,12.7,150.0,-6.349999999999997,10.998522628062371
2026-07-12 02:00:00,24.8,88.0,0.9,15.9,168.0,-3.305795884002374,15.552546851667511
2026-07-12 03:00:00,24.3,89.0,2.4,12.8,146.0,-7.157669164425558,10.611680928704535
2026-07-12 04:00:00,25.6,82.0,0.0,13.4,160.0,-4.583069920563961,12.591881118531173
2026-07-12 05:00:00,26.5,79.0,0.0,14.2,177.0,-0.7431705786498025,14.180539393514948
2026-07-12 06:00:00,26.3,80.0,0.1,15.7,193.0,3.531731553198679,15.297610017128193
2026-07-12 07:00:00,25.8,90.0,3.2,15.3,178.0,-0.5339622995482647,15.290679653392166
2026-07-12 08:00:00,29.4,71.0,0.5,16.9,181.0,0.29494566879009276,16.89742604814301
2026-07-12 09:00:00,31.3,66.0,0.0,13.3,171.0,-2.08057838503507,13.136254929915333
2026-07-12 10:00:00,32.8,57.0,0.0,18.9,192.0,3.9295309564556535,18.486989653868925
2026-07-12 11:00:00,33.3,55.0,0.0,19.0,198.0,5.871322893124002,18.070073809607916
2026-07-12 12:00:00,32.9,60.0,0.5,19.1,198.0,5.902224592561497,18.165179461237432
2026-07-12 13:00:00,33.4,57.0,0.0,17.9,210.0,8.950000000000001,15.50185472774145
2026-07-12 14:00:00,32.9,58.0,0.0,16.6,209.0,8.047839696089197,14.51868713851397
2026-07-12 15:00:00,32.3,62.0,0.0,13.5,205.0,5.705346533499442,12.235155124994774
2026-07-12 16:00:00,31.9,66.0,0.0,11.9,200.0,4.070039705575459,11.18234218735231
2026-07-12 17:00:00,31.1,70.0,0.0,10.4,198.0,3.2137767414994536,9.890987769469596
2026-07-12 18:00:00,30.4,74.0,0.0,11.9,200.0,4.070039705575459,11.18234218735231
2026-07-12 19:00:00,29.1,80.0,0.0,9.7,202.0,3.633683956134346,8.993683389297837
2026-07-12 20:00:00,29.1,80.0,0.0,9.1,202.0,3.4089200000847986,8.437373076557765
2026-07-12 21:00:00,28.3,82.0,0.0,9.7,183.0,0.5076587755565565,9.686706487119366
2026-07-12 22:00:00,27.8,85.0,0.0,8.8,181.0,0.15358117664809567,8.798659717376244
2026-07-12 23:00:00,27.3,87.0,0.0,6.7,194.0,1.6208767005177735,6.500981366049176
2026-07-13 00:00:00,26.8,89.0,0.0,7.6,214.0,4.249866066377676,6.300685551418317
2026-07-13 01:00:00,26.6,89.0,0.0,6.8,202.0,2.5473248352282014,6.304850211054155
2026-07-13 02:00:00,26.8,89.0,0.0,2.9,94.0,-2.89293574575349,0.20229377385796402
2026-07-13 03:00:00,26.4,93.0,0.0,2.2,81.0,-2.1729143493093033,-0.3441558230885076
2026-07-13 04:00:00,26.1,93.0,0.1,3.7,101.0,-3.632020578756357,0.7059932828932164
2026-07-13 05:00:00,25.6,94.0,0.0,6.1,113.0,-5.6150796060598855,2.3834598837845697
2026-07-13 06:00:00,25.6,91.0,0.0,5.3,98.0,-5.248420764330323,0.7376174350883462
2026-07-13 07:00:00,27.3,82.0,0.0,3.2,109.0,-3.025659441917814,1.0418180942629012
2026-07-13 08:00:00,28.8,77.0,0.0,1.5,194.0,0.3628828433995015,1.4554435894139948
2026-07-13 09:00:00,29.9,73.0,0.0,6.3,204.0,2.5624408513775414,5.755336383148386
2026-07-13 10:00:00,30.7,70.0,0.0,4.4,218.0,2.7089104914328965,3.467247315869577
2026-07-13 11:00:00,31.9,65.0,0.0,2.7,238.0,2.28972985962235,1.4307820134296534
2026-07-13 12:00:00,32.7,61.0,0.0,3.4,286.0,3.2682897661902843,-0.9371670097777971
2026-07-13 13:00:00,30.7,69.0,0.2,8.8,313.0,6.4359125742487,-6.001585568549987
2026-07-13 14:00:00,31.1,71.0,0.2,8.4,318.0,5.620697093414409,-6.242416534010112
2026-07-13 15:00:00,29.4,76.0,0.4,8.7,354.0,0.909397630428585,-8.652340489703978
2026-07-13 16:00:00,28.6,79.0,0.3,7.1,330.0,3.5500000000000007,-6.148780366869514
2026-07-13 17:00:00,27.5,87.0,1.6,2.1,38.0,-1.292889098183882,-1.6548225825741165
2026-07-13 18:00:00,26.6,93.0,1.0,4.5,40.0,-2.8925442435894277,-3.4471999940354006
2026-07-13 19:00:00,26.5,95.0,1.0,3.5,55.0,-2.8670321550114712,-2.0075175272286616
2026-07-13 20:00:00,26.3,95.0,0.2,8.1,118.0,-7.151875502157308,3.8027196585657146
2026-07-13 21:00:00,26.4,94.0,0.0,5.9,108.0,-5.611233446141406,1.8232002668121905
2026-07-13 22:00:00,26.4,95.0,0.0,4.1,135.0,-2.8991378028648445,2.899137802864845
2026-07-13 23:00:00,25.9,98.0,0.0,3.3,144.0,-1.9396913325651608,2.6697560814373262
2026-07-14 00:00:00,25.7,98.0,0.0,4.2,108.0,-3.994437368439645,1.2978713763747796
2026-07-14 01:00:00,25.5,99.0,0.1,5.2,115.0,-4.7128004925905795,2.1976149610516376
2026-07-14 02:00:00,26.1,94.0,0.0,6.6,81.0,-6.518743047927909,-1.0324674692655227
2026-07-14 03:00:00,26.1,93.0,0.0,0.6000000000000001,342.0,0.1854101966249685,-0.5706339097770922
2026-07-14 04:00:00,25.5,96.0,0.0,1.9,319.0,1.2465121550819638,-1.4339482024232668
2026-07-14 05:00:00,25.7,93.0,0.0,1.1,99.0,-1.0864571746546514,0.1720779115442541
2026-07-14 06:00:00,25.7,95.0,0.0,4.7,118.0,-4.149853686436957,2.206516345093686
2026-07-14 07:00:00,27.2,87.0,0.0,1.3,146.0,-0.7269507745119708,1.0777488443215544
2026-07-14 08:00:00,28.7,79.0,0.0,3.2,56.0,-2.6529202321761343,-1.7894172911063895
2026-07-14 09:00:00,29.7,74.0,0.0,3.2,34.0,-1.789417291106389,-2.6529202321761343
2026-07-14 10:00:00,31.0,68.0,0.0,1.5,21.0,-0.5375519243179511,-1.4003706397458024
2026-07-14 11:00:00,31.9,63.0,0.1,3.9,283.0,3.8000432526624173,-0.8773091119410735
2026-07-14 12:00:00,32.4,64.0,0.2,1.7000000000000002,229.0,1.2830062863787126,1.1153003492838625
2026-07-14 13:00:00,28.3,82.0,5.8,7.0,238.0,5.936336673094981,3.7094348496324345
2026-07-14 14:00:00,30.2,75.0,1.6,7.1,234.0,5.744020660062127,4.173275291276559
2026-07-14 15:00:00,29.5,79.0,1.6,9.6,160.0,-3.2833933759264196,9.02104915954472
2026-07-14 16:00:00,29.0,81.0,0.5,3.6,221.0,2.3618125043658265,2.716954488801979
2026-07-14 17:00:00,29.3,79.0,0.4,1.2,207.0,0.5447885996874562,1.0692078290260414
2026-07-14 18:00:00,28.9,81.0,0.5,1.5,249.0,1.4003706397458027,0.5375519243179504
2026-07-14 19:00:00,27.8,93.0,0.2,0.8,207.0,0.3631923997916375,0.7128052193506943
2026-07-14 20:00:00,27.4,97.0,0.1,2.3,94.0,-2.2943973155975956,0.1604398896114887
2026-07-14 21:00:00,27.3,97.0,0.0,1.8,135.0,-1.2727922061357855,1.2727922061357857
2026-07-14 22:00:00,26.9,98.0,0.0,2.2,166.0,-0.5322281703192692,2.1346505978071924
2026-07-14 23:00:00,26.5,100.0,0.0,0.7000000000000001,90.0,-0.7000000000000001,8.572527594031473e-17
2026-07-15 00:00:00,26.3,99.0,0.0,1.8,37.0,-1.083267041673687,-1.437543918085127
2026-07-15 01:00:00,26.1,99.0,0.0,1.0,292.0,0.9271838545667874,-0.374606593415912
2026-07-15 02:00:00,26.3,96.0,0.0,0.5,135.0,-0.35355339059327373,0.3535533905932738
2026-07-15 03:00:00,25.9,97.0,0.0,2.1,110.0,-1.9733545036504077,0.7182423009839046
2026-07-15 04:00:00,25.5,97.0,0.0,1.3,124.0,-1.0777488443215542,0.726950774511971
2026-07-15 05:00:00,25.2,98.0,0.0,2.5,120.0,-2.165063509461097,1.2499999999999998
2026-07-15 06:00:00,25.3,96.0,0.0,4.2,110.0,-3.9467090073008153,1.4364846019678092
2026-07-15 07:00:00,27.3,88.0,0.0,1.9,197.0,0.5555062389731998,1.8169790363297673
2026-07-15 08:00:00,29.0,74.0,0.0,6.7,183.0,0.3506509068277246,6.690817882855645
2026-07-15 09:00:00,30.2,67.0,0.0,7.4,187.0,0.9018331411980914,7.344841522145783
2026-07-15 10:00:00,31.6,63.0,0.0,7.9,200.0,2.701959132272784,7.423571704208676
2026-07-15 11:00:00,33.0,56.0,0.1,10.9,211.0,5.613915016519591,9.343123577653024
2026-07-15 12:00:00,33.7,53.0,0.1,13.4,224.0,9.308422164150564,9.639153324537924
2026-07-15 13:00:00,33.7,52.0,0.4,16.9,226.0,12.156842625723204,11.739726460757053
2026-07-15 14:00:00,33.9,53.0,0.2,15.0,220.0,9.64181414529809,11.49066664678467
2026-07-15 15:00:00,33.1,54.0,0.2,17.5,219.0,11.013106843372157,13.600054325496991
2026-07-15 16:00:00,31.5,62.0,0.8,16.1,214.0,9.003005745879024,13.347504918136172
2026-07-15 17:00:00,30.3,67.0,0.3,12.8,204.0,5.206229031370243,11.693381857825292
2026-07-15 18:00:00,29.5,74.0,0.1,9.7,184.0,0.6766377953180147,9.676371287520293
2026-07-15 19:00:00,28.6,78.0,0.0,7.9,196.0,2.1775351109542935,7.59396739791272
2026-07-15 20:00:00,28.1,82.0,0.0,6.6,171.0,-1.0324674692655234,6.518743047927909
2026-07-15 21:00:00,27.4,86.0,0.0,6.8,155.0,-2.8738041798367555,6.16289295184922
2026-07-15 22:00:00,26.7,90.0,0.0,5.5,142.0,-3.3861381142911204,4.334059144836971
2026-07-15 23:00:00,26.0,95.0,0.0,3.5,165.0,-0.905866657858823,3.380740392011739
2026-07-16 00:00:00,25.3,99.0,0.0,2.9,158.0,-1.086359120906145,2.6888331782436836
2026-07-16 01:00:00,25.0,100.0,0.0,1.3,106.0,-1.2496402047198145,0.358328562562099
2026-07-16 02:00:00,26.0,94.0,0.0,2.4,77.0,-2.3384881554845647,-0.5398825304252759
2026-07-16 03:00:00,25.5,94.0,0.0,5.1,107.0,-4.877154255411481,1.4910956940859565
2026-07-16 04:00:00,25.0,94.0,0.0,6.3,127.0,-5.031403713297945,3.7914346458579034
2026-07-16 05:00:00,24.8,94.0,0.0,5.9,133.0,-4.314986839553106,4.023790324368742
2026-07-16 06:00:00,25.0,93.0,0.0,5.8,141.0,-3.6500582680890563,4.507446576450432
2026-07-16 07:00:00,27.6,80.0,0.0,4.2,160.0,-1.4364846019678086,3.9467090073008158
2026-07-16 08:00:00,29.7,69.0,0.0,5.0,199.0,1.6278407722857837,4.7275928779965835
2026-07-16 09:00:00,30.9,62.0,0.0,7.4,203.0,2.8914103508206255,6.811735915548059
2026-07-16 10:00:00,31.8,61.0,0.0,8.9,208.0,4.178296908794429,7.85823357644445
2026-07-16 11:00:00,32.5,58.0,0.3,12.3,211.0,6.334968321393666,10.543157798635983
2026-07-16 12:00:00,32.9,58.0,0.3,13.6,227.0,9.946410342020718,9.27517769684998
2026-07-16 13:00:00,28.9,76.0,2.8,16.2,240.0,14.029611541307906,8.099999999999998
2026-07-16 14:00:00,29.9,73.0,3.2,12.9,263.0,12.803845356173055,1.5721145299264025
2026-07-16 15:00:00,29.5,77.0,1.9,10.9,220.0,7.006384945583279,8.34988442999686
2026-07-16 16:00:00,27.1,88.0,4.6,6.9,163.0,-2.017364762586883,6.598502816144945
2026-07-16 17:00:00,26.1,87.0,2.3,10.5,200.0,3.5912115049195226,9.866772518252038
2026-07-16 18:00:00,26.3,93.0,0.9,6.8,158.0,-2.547324835228202,6.304850211054155
2026-07-16 19:00:00,26.2,94.0,0.2,8.9,167.0,-2.002064383660399,8.671893576588594
2026-07-16 20:00:00,26.4,93.0,0.0,7.6,173.0,-0.92620700987912,7.543350752474048
2026-07-16 21:00:00,26.1,93.0,0.0,6.4,172.0,-0.8907078461444183,6.337715639946051
2026-07-16 22:00:00,25.8,94.0,0.0,5.5,139.0,-3.6083246594477894,4.150902691225246
2026-07-16 23:00:00,25.5,96.0,0.0,4.3,147.0,-2.3419478505646163,3.606283442165323
2026-07-17 00:00:00,25.0,98.0,0.0,6.1,135.0,-4.313351365237939,4.31335136523794
2026-07-17 01:00:00,25.0,95.0,0.0,7.0,140.0,-4.499513267805775,5.362311101832846
2026-07-17 02:00:00,24.9,97.0,0.0,5.2,119.0,-4.548022477124858,2.5210100252809533
2026-07-17 03:00:00,24.6,96.0,0.0,7.4,154.0,-3.2439464862391736,6.6510759426138355
2026-07-17 04:00:00,24.8,91.0,0.0,8.7,148.0,-4.610297598828882,7.3780184365609065
2026-07-17 05:00:00,25.1,85.0,0.0,8.3,136.0,-5.765664474809679,5.970520342810804
2026-07-17 06:00:00,25.5,83.0,0.0,6.4,133.0,-4.6806636903626915,4.364789504399991
2026-07-17 07:00:00,27.5,76.0,0.0,4.7,171.0,-0.7352419856890848,4.6421352007971475
2026-07-17 08:00:00,28.5,72.0,0.0,4.4,189.0,0.6883116461770161,4.3458286986186065
2026-07-17 09:00:00,30.0,65.0,0.0,6.7,188.0,0.9324597764324386,6.6347960605685214
2026-07-17 10:00:00,31.1,63.0,0.0,8.0,198.0,2.4721359549995796,7.608452130361228
2026-07-17 11:00:00,31.5,61.0,0.4,12.5,208.0,5.8683945348236355,11.036844910736585
2026-07-17 12:00:00,31.9,62.0,0.5,12.1,215.0,6.940274879847658,9.9117397358968
2026-07-17 13:00:00,29.7,75.0,1.1,16.1,242.0,14.215456245028726,7.558492160852842
2026-07-17 14:00:00,31.6,62.0,3.8,13.1,195.0,3.3905294908430217,12.653628324386794
2026-07-17 15:00:00,31.1,65.0,0.6,13.2,208.0,6.197024628773759,11.654908225737834
2026-07-17 16:00:00,28.3,84.0,2.0,11.7,201.0,4.192905009680014,10.92289099001726
2026-07-17 17:00:00,28.5,80.0,0.3,9.6,183.0,0.5024251799322621,9.586843533643908
2026-07-17 18:00:00,27.9,82.0,0.0,10.5,200.0,3.5912115049195226,9.866772518252038
2026-07-17 19:00:00,27.3,84.0,0.0,6.0,183.0,0.3140157374576638,5.991777208527443
2026-07-17 20:00:00,26.5,86.0,0.0,9.4,175.0,-0.8192639818279874,9.364230162062409
2026-07-17 21:00:00,26.1,88.0,0.0,8.0,166.0,-1.9353751647973423,7.762365810207972
2026-07-17 22:00:00,26.2,87.0,0.0,9.0,165.0,-2.3293714059226875,8.693332436601615
2026-07-17 23:00:00,26.0,87.0,0.0,7.9,159.0,-2.831106801407872,7.375285369327894
2026-07-18 00:00:00,25.5,90.0,0.0,7.1,150.0,-3.549999999999998,6.148780366869515
2026-07-18 01:00:00,25.1,91.0,0.0,7.5,153.0,-3.4049287480466,6.682548931412759
2026-07-18 02:00:00,25.6,87.0,0.0,7.8,146.0,-4.361704647071824,6.466493065929326
2026-07-18 03:00:00,25.1,88.0,0.0,7.8,148.0,-4.133370261018997,6.614775150020123
2026-07-18 04:00:00,25.2,86.0,0.0,7.0,157.0,-2.7351178994249166,6.443533974167082
2026-07-18 05:00:00,25.4,85.0,0.0,6.3,175.0,-0.5490811793102469,6.276026597977997
2026-07-18 06:00:00,25.9,82.0,0.0,7.6,168.0,-1.5801288502149708,7.4339217655769225
2026-07-18 07:00:00,27.8,76.0,0.0,6.5,175.0,-0.5665123278597786,6.475265537596346
2026-07-18 08:00:00,29.6,65.0,0.0,8.8,200.0,3.009777261265886,8.269295062915994
2026-07-18 09:00:00,30.4,64.0,0.0,9.4,206.0,4.120688779817328,8.44866403521217
2026-07-18 10:00:00,30.8,63.0,0.3,11.2,213.0,6.099957192168303,9.393110360988748
2026-07-18 11:00:00,29.7,72.0,1.2,10.9,237.0,9.141509190605122,5.936565481663796
2026-07-18 12:00:00,31.5,68.0,0.4,8.6,247.0,7.916341739690987,3.3602877050077544
2026-07-18 13:00:00,30.9,71.0,0.3,12.0,253.0,11.475657071556425,3.5084604566728412
2026-07-18 14:00:00,27.4,87.0,7.4,10.0,206.0,4.383711467890775,8.98794046299167
2026-07-18 15:00:00,27.3,92.0,1.5,8.6,169.0,-1.6409573602382852,8.441993777649909
2026-07-18 16:00:00,26.6,91.0,1.3,9.5,202.0,3.5587626374511636,8.80824661838448
2026-07-18 17:00:00,26.0,95.0,3.9,6.6,171.0,-1.0324674692655234,6.518743047927909
2026-07-18 18:00:00,25.8,95.0,0.9,10.4,178.0,-0.36295476570600993,10.393664600998596
2026-07-18 19:00:00,25.4,97.0,0.2,6.5,166.0,-1.5724923213978406,6.306922220793977
2026-07-18 20:00:00,25.7,93.0,0.0,6.6,159.0,-2.365228466998982,6.161630814881531
2026-07-18 21:00:00,25.2,96.0,0.0,7.3,191.0,1.3929056662487778,7.165878439167947
2026-07-18 22:00:00,25.2,94.0,0.1,8.5,181.0,0.14834545471691057,8.498705408829325
2026-07-18 23:00:00,25.5,91.0,0.1,8.6,179.0,-0.1500906953606379,8.598690178344965
2026-07-19 00:00:00,25.3,91.0,0.1,7.8,143.0,-4.694157180585977,6.229356978368883
2026-07-19 01:00:00,24.7,92.0,0.1,6.5,124.0,-5.38874422160777,3.634753872559855
2026-07-19 02:00:00,25.3,90.0,0.0,5.9,140.0,-3.7924468971505823,4.51966221440197
2026-07-19 03:00:00,24.9,92.0,0.0,6.6,139.0,-4.329989591337347,4.981083229470296
2026-07-19 04:00:00,24.5,94.0,0.0,6.5,138.0,-4.349348941332579,4.830441365603063
2026-07-19 05:00:00,24.4,93.0,0.0,6.6,171.0,-1.0324674692655234,6.518743047927909
2026-07-19 06:00:00,24.6,92.0,0.0,8.5,179.0,-0.14834545471690955,8.498705408829325
2026-07-19 07:00:00,26.6,83.0,0.0,8.3,196.0,2.287790053281093,7.978472076288048
2026-07-19 08:00:00,27.7,80.0,0.0,5.9,180.0,3.612708057484692e-16,5.9
2026-07-19 09:00:00,29.4,75.0,0.0,9.9,209.0,4.7996152404387376,8.658735100680017
2026-07-19 10:00:00,29.3,77.0,0.3,9.4,228.0,6.985561359487506,6.289827699773268
2026-07-19 11:00:00,27.0,89.0,4.7,5.2,224.0,3.612223526386786,3.740566961760986
2026-07-19 12:00:00,29.0,81.0,0.7000000000000001,5.5,226.0,3.9563689018625814,3.820621037524485
2026-07-19 13:00:00,29.4,79.0,0.7000000000000001,10.5,217.0,6.319057743096508,8.385672855496574
2026-07-19 14:00:00,31.2,71.0,2.8,8.5,222.0,5.6876101540502955,6.316731016557851
2026-07-19 15:00:00,29.1,76.0,1.3,11.4,205.0,4.8178481838439735,10.33190877221781
2026-07-19 16:00:00,27.3,85.0,1.4,9.8,185.0,0.8541262789270498,9.762708041299106
2026-07-19 17:00:00,25.5,91.0,2.8,11.2,192.0,2.328610937158906,10.955253128218622
2026-07-19 18:00:00,25.9,94.0,0.9,8.9,151.0,-4.314805620192399,7.784115393540623
2026-07-19 19:00:00,25.5,95.0,0.1,7.1,139.0,-4.658019105832601,5.358438019581682
2026-07-19 20:00:00,26.1,93.0,0.0,6.3,153.0,-2.860140148359144,5.613341102386718
2026-07-19 21:00:00,25.7,95.0,0.0,2.9,176.0,-0.20229377385796346,2.89293574575349
2026-07-19 22:00:00,25.6,94.0,0.0,7.3,216.0,4.290832341735054,5.9058240589371165
2026-07-19 23:00:00,25.4,94.0,0.0,7.6,208.0,3.5679838771727703,6.710401705727844
2026-07-20 00:00:00,25.4,92.0,0.0,9.1,207.0,4.131313547629876,8.108159370114146
2026-07-20 01:00:00,25.2,91.0,0.0,7.2,192.0,1.496964173887868,7.0426627252834
2026-07-20 02:00:00,25.7,88.0,0.0,6.5,150.0,-3.2499999999999987,5.629165124598852
2026-07-20 03:00:00,25.1,92.0,0.0,5.8,124.0,-4.808417920819242,3.243318840130332
2026-07-20 04:00:00,24.7,94.0,0.0,5.7,127.0,-4.55222240726957,3.4303456319666745
2026-07-20 05:00:00,24.3,95.0,0.0,6.7,128.0,-5.279672049165037,4.124931884681911
2026-07-20 06:00:00,24.2,94.0,0.0,6.6,139.0,-4.329989591337347,4.981083229470296
2026-07-20 07:00:00,26.4,86.0,0.0,5.4,178.0,-0.18845728219350516,5.3967104659031175
2026-07-20 08:00:00,28.3,70.0,0.0,7.2,183.0,0.3768188849491966,7.190132650232932
2026-07-20 09:00:00,29.1,69.0,0.0,7.9,191.0,1.507391063474705,7.754854749236546
2026-07-20 10:00:00,30.1,67.0,0.0,9.0,210.0,4.500000000000001,7.794228634059947
2026-07-20 11:00:00,31.3,64.0,0.0,10.6,224.0,7.3633787268653705,7.625001883589701
2026-07-20 12:00:00,32.0,61.0,0.1,11.6,228.0,8.620479975537773,7.761915033762755
2026-07-20 13:00:00,31.9,61.0,0.1,11.0,229.0,8.301805382450492,7.2166493188955805
2026-07-20 14:00:00,32.5,57.0,1.4,9.0,235.0,7.372368398600926,5.162187927159414
2026-07-20 15:00:00,29.1,75.0,1.5,12.3,233.0,9.823216773581702,7.402324784770194
2026-07-20 16:00:00,27.7,78.0,1.1,10.6,199.0,3.4510224372458613,10.022496901352756
2026-07-20 17:00:00,27.4,87.0,1.8,6.1,113.0,-5.6150796060598855,2.3834598837845697
2026-07-20 18:00:00,26.8,92.0,0.7000000000000001,7.6,177.0,-0.3977532674463732,7.589584464134761
2026-07-20 19:00:00,26.3,96.0,0.2,4.7,184.0,0.3278554265973886,4.688551036221174
2026-07-20 20:00:00,26.8,89.0,0.0,6.9,139.0,-4.526807300034499,5.207496103537128
2026-07-20 21:00:00,26.7,88.0,0.0,7.1,170.0,-1.232902061435205,6.992135046386677
2026-07-20 22:00:00,26.5,89.0,0.0,6.1,161.0,-1.9859657421886554,5.767663311155832
2026-07-20 23:00:00,25.8,93.0,0.0,5.2,155.0,-2.1976149610516367,4.71280049259058
2026-07-21 00:00:00,25.4,95.0,0.0,4.9,170.0,-0.8508760705679586,4.82555798975982
2026-07-21 01:00:00,25.2,95.0,0.0,6.1,156.0,-2.4810935227623814,5.572627291619865
2026-07-21 02:00:00,25.7,91.0,0.0,6.4,119.0,-5.597566125692133,3.102781569576558
2026-07-21 03:00:00,25.2,91.0,0.0,7.5,117.0,-6.682548931412758,3.4049287480466015
2026-07-21 04:00:00,24.7,91.0,0.0,6.5,122.0,-5.512312625016769,3.4444752175158317
2026-07-21 05:00:00,23.9,93.0,0.0,6.3,117.0,-5.613341102386717,2.8601401483591453
2026-07-21 06:00:00,23.9,91.0,0.0,7.1,124.0,-5.886166765140795,3.970269614642303
2026-07-21 07:00:00,26.2,83.0,0.0,5.9,113.0,-5.4309786353693985,2.3053136580867153
2026-07-21 08:00:00,29.2,70.0,0.0,6.2,144.0,-3.644268564213333,5.0159053651246746
2026-07-21 09:00:00,30.4,66.0,0.0,7.1,186.0,0.7421520892003395,7.06110545711474
2026-07-21 10:00:00,31.4,62.0,0.0,7.0,206.0,3.0685980275235423,6.2915583240941695
2026-07-21 11:00:00,32.3,58.0,0.0,8.2,218.0,5.048424097670398,6.46168817957512
2026-07-21 12:00:00,32.7,57.0,0.1,9.2,223.0,6.274384912574986,6.728454054896368
2026-07-21 13:00:00,31.5,62.0,0.3,10.7,245.0,9.697493321292153,4.522015400625484
2026-07-21 14:00:00,30.1,72.0,1.4,8.9,257.0,8.671893576588594,2.0020643836603984
2026-07-21 15:00:00,29.9,77.0,0.2,3.8,172.0,-0.5288577836482483,3.7630186612179672
2026-07-21 16:00:00,27.5,86.0,1.4,8.7,137.0,-5.933385732543735,6.362777204086783
2026-07-21 17:00:00,27.3,87.0,0.5,5.1,135.0,-3.606244584051392,3.6062445840513924
2026-07-21 18:00:00,27.7,87.0,0.1,2.8,198.0,0.8652475842498528,2.6629582456264296
2026-07-21 19:00:00,27.2,92.0,0.0,5.1,144.0,-2.9977047866916124,4.125986671312232
2026-07-21 20:00:00,27.7,88.0,0.0,5.0,145.0,-2.8678821817552307,4.095760221444959
2026-07-21 21:00:00,27.3,89.0,0.0,6.0,153.0,-2.72394299843728,5.346039145130208
2026-07-21 22:00:00,26.9,89.0,0.0,5.9,149.0,-3.0387246419693206,5.057287074142463
2026-07-21 23:00:00,26.5,91.0,0.0,5.8,150.0,-2.8999999999999986,5.022947341949744
2026-07-22 00:00:00,26.2,92.0,0.0,5.8,158.0,-2.17271824181229,5.377666356487367
2026-07-22 01:00:00,26.0,91.0,0.0,6.0,151.0,-2.908857721478022,5.247718242836375
2026-07-22 02:00:00,26.6,87.0,0.0,6.1,140.0,-3.92100441908789,4.6728711030257655
2026-07-22 03:00:00,25.7,89.0,0.0,6.2,144.0,-3.644268564213333,5.0159053651246746
2026-07-22 04:00:00,24.8,92.0,0.0,5.2,139.0,-3.4115069507506375,3.924489817158415
2026-07-22 05:00:00,24.3,93.0,0.0,5.5,126.0,-4.4495934690622105,3.232818887608603
2026-07-22 06:00:00,24.6,88.0,0.0,6.2,120.0,-5.36935750346352,3.0999999999999996
2026-07-22 07:00:00,27.1,80.0,0.0,4.0,126.0,-3.2360679774997894,2.351141009169893
2026-07-22 08:00:00,29.1,74.0,0.0,5.3,162.0,-1.6377900701872208,5.040599536364314
2026-07-22 09:00:00,30.1,69.0,0.0,5.1,190.0,0.885605706101345,5.022519540362261
2026-07-22 10:00:00,31.1,63.0,0.0,5.2,211.0,2.678197989532282,4.457269963650984
2026-07-22 11:00:00,32.1,59.0,0.0,5.7,233.0,4.55222240726957,3.4303456319666754
2026-07-22 12:00:00,32.3,59.0,0.1,8.3,252.0,7.893769085249775,2.5648410533120636
2026-07-22 13:00:00,31.3,65.0,1.2,8.8,258.0,8.607698886457491,1.8296228791962823
2026-07-22 14:00:00,31.8,60.0,0.7000000000000001,9.3,254.0,8.939733772226367,2.5634274090980926
2026-07-22 15:00:00,31.1,64.0,0.4,8.5,258.0,8.314254606237348,1.7672493719509543
2026-07-22 16:00:00,31.1,64.0,0.2,6.0,254.0,5.767570175629913,1.653824134901995
2026-07-22 17:00:00,30.4,67.0,0.0,5.9,247.0,5.4309786353693985,2.3053136580867153
2026-07-22 18:00:00,29.4,73.0,0.0,5.1,252.0,4.850388233105282,1.5759866713122317
2026-07-22 19:00:00,28.1,84.0,0.0,4.0,249.0,3.734321705988807,1.433471798181201
2026-07-22 20:00:00,28.5,84.0,0.0,3.4,122.0,-2.883363526931848,1.8017254983928965
2026-07-22 21:00:00,27.8,88.0,0.0,3.8,121.0,-3.2572357426680263,1.9571446846582066
2026-07-22 22:00:00,27.2,90.0,0.0,4.2,130.0,-3.2173866610997073,2.6997079606834657
2026-07-22 23:00:00,26.5,93.0,0.0,4.4,120.0,-3.8105117766515306,2.1999999999999997
2026-07-23 00:00:00,25.7,96.0,0.0,4.5,130.0,-3.4471999940354006,2.8925442435894277
2026-07-23 01:00:00,25.3,95.0,0.0,6.0,141.0,-3.7759223462990237,4.662875768741826
2026-07-23 02:00:00,25.5,94.0,0.0,3.9,118.0,-3.4434956121498153,1.8309390948649737
2026-07-23 03:00:00,24.9,94.0,0.0,5.7,127.0,-4.55222240726957,3.4303456319666745
2026-07-23 04:00:00,24.8,92.0,0.0,5.7,127.0,-4.55222240726957,3.4303456319666745
2026-07-23 05:00:00,24.7,91.0,0.0,5.8,129.0,-4.507446576450431,3.6500582680890568
2026-07-23 06:00:00,24.8,88.0,0.0,5.8,129.0,-4.507446576450431,3.6500582680890568
2026-07-23 07:00:00,27.0,81.0,0.0,3.2,137.0,-2.1823947521999947,2.3403318451813457
2026-07-23 08:00:00,28.9,76.0,0.0,2.6,205.0,1.0988074805258186,2.3564002462952898
2026-07-23 09:00:00,30.1,71.0,0.0,3.8,245.0,3.4439695907392696,1.605949394614658
2026-07-23 10:00:00,30.9,66.0,0.0,5.4,264.0,5.370418234988676,0.5644537016453288
2026-07-23 11:00:00,31.1,64.0,0.1,7.0,271.0,6.998933866094739,-0.12216684506098457
2026-07-23 12:00:00,30.2,68.0,0.5,7.0,282.0,6.84703320513664,-1.4553818357243153
2026-07-23 13:00:00,30.3,70.0,1.0,3.8,287.0,3.6339580726595346,-1.1110124779463997
2026-07-23 14:00:00,31.3,64.0,0.7000000000000001,8.4,310.0,6.4347733221994154,-5.39941592136693
2026-07-23 15:00:00,31.3,63.0,0.1,7.7,323.0,4.633975678270772,-6.149493427364155
2026-07-23 16:00:00,30.8,62.0,0.1,4.9,356.0,0.34180672134621365,-4.8880638462731385
2026-07-23 17:00:00,30.5,64.0,0.0,2.8,63.0,-2.49481826772743,-1.2711733992707306
2026-07-23 18:00:00,29.9,68.0,0.0,2.5,98.0,-2.475670171853926,0.3479327524001633
2026-07-23 19:00:00,28.4,81.0,0.0,3.9,137.0,-2.6597936042437436,2.852279436314765
2026-07-23 20:00:00,28.4,85.0,0.0,3.4,115.0,-3.0814464759246096,1.4369020899183782
2026-07-23 21:00:00,27.5,90.0,0.0,4.3,118.0,-3.796674649293386,2.01872771997933
2026-07-23 22:00:00,26.9,93.0,0.0,4.7,108.0,-4.469965626587221,1.4523798735622533
2026-07-23 23:00:00,26.3,95.0,0.0,5.0,116.0,-4.493970231495835,2.1918557339453866
2026-07-24 00:00:00,25.8,96.0,0.0,4.7,106.0,-4.517929970910099,1.2954955723398964
2026-07-24 01:00:00,25.2,96.0,0.0,6.0,107.0,-5.737828535778213,1.7542302283364197
2026-07-24 02:00:00,25.3,94.0,0.0,3.8,95.0,-3.785539852748633,0.3311918224411011
2026-07-24 03:00:00,24.6,95.0,0.0,3.5,114.0,-3.197409101749103,1.4235782507653014
2026-07-24 04:00:00,24.1,91.0,0.0,6.0,119.0,-5.247718242836374,2.908857721478023
2026-07-24 05:00:00,23.7,88.0,0.0,6.1,114.0,-5.572627291619864,2.4810935227623823
2026-07-24 06:00:00,24.0,84.0,0.0,5.9,113.0,-5.4309786353693985,2.3053136580867153
2026-07-24 07:00:00,26.1,80.0,0.0,4.5,124.0,-3.730669076497687,2.516368065618361
2026-07-24 08:00:00,28.7,80.0,0.0,4.4,353.0,0.536225110982649,-4.367203067221817
2026-07-24 09:00:00,29.8,74.0,0.1,7.5,343.0,2.192787785420526,-7.172285669722766
2026-07-24 10:00:00,30.3,72.0,0.0,8.9,331.0,4.3148056201924,-7.784115393540622
2026-07-24 11:00:00,30.6,69.0,0.0,8.7,322.0,5.356254835333226,-6.855693556378481
2026-07-24 12:00:00,30.1,70.0,0.0,8.3,311.0,6.264089515849008,-5.445289940621211
2026-07-24 13:00:00,30.7,66.0,0.0,6.3,301.0,5.400153994423308,-3.244739871933341
2026-07-24 14:00:00,31.7,60.0,0.0,7.2,298.0,6.357222668584274,-3.3801952520584138
2026-07-24 15:00:00,31.6,62.0,0.0,5.6,297.0,4.98963653545486,-2.5423467985414616
2026-07-24 16:00:00,31.6,64.0,0.0,4.9,264.0,4.873157287304539,0.5121894700115021
2026-07-24 17:00:00,31.1,66.0,0.0,5.2,239.0,4.457269963650984,2.678197989532282
2026-07-24 18:00:00,30.0,72.0,0.0,6.5,228.0,4.830441365603063,4.349348941332579
2026-07-24 19:00:00,28.6,80.0,0.0,3.3,261.0,3.2593715239639547,0.5162337346327618
2026-07-24 20:00:00,28.6,79.0,0.0,6.9,231.0,5.3623071340531,4.342310698243878
2026-07-24 21:00:00,27.6,81.0,0.0,6.8,168.0,-1.4137994975607635,6.651403684989878
2026-07-24 22:00:00,26.9,84.0,0.1,8.5,151.0,-4.120881772093864,7.434267510684864
2026-07-24 23:00:00,27.2,85.0,0.0,11.5,170.0,-1.9969540431696986,11.325289159640393
2026-07-25 00:00:00,26.8,89.0,0.0,8.0,171.0,-1.2514757203218465,7.901506724761102
2026-07-25 01:00:00,26.4,90.0,0.0,8.8,152.0,-4.13134975251584,7.7699388171585575
2026-07-25 02:00:00,26.4,91.0,0.0,6.7,160.0,-2.2915349602819806,6.295940559265587
2026-07-25 03:00:00,26.4,90.0,0.0,8.0,152.0,-3.7557725022871273,7.063580742871415
2026-07-25 04:00:00,26.5,89.0,0.0,9.1,150.0,-4.549999999999998,7.880831174438392
2026-07-25 05:00:00,26.6,88.0,0.0,5.6,123.0,-4.696555180494374,3.0499785960841526
2026-07-25 06:00:00,26.9,85.0,0.0,5.0,111.0,-4.667902132486009,1.7918397477265011
2026-07-25 07:00:00,27.4,80.0,0.0,4.1,105.0,-3.9602958877851795,1.0611580849203361
2026-07-25 08:00:00,29.3,70.0,0.0,2.8,27.0,-1.2711733992707313,-2.4948182677274295
2026-07-25 09:00:00,30.7,64.0,0.0,2.5,352.0,0.34793275240016364,-2.475670171853926
2026-07-25 10:00:00,30.9,66.0,0.0,4.5,284.0,4.366330768241984,-1.0886485301985047
2026-07-25 11:00:00,32.6,62.0,0.0,6.2,292.0,5.748539898314082,-2.3225608791786545
2026-07-25 12:00:00,32.6,60.0,0.0,7.5,303.0,6.29002925959068,-4.084792762612703
2026-07-25 13:00:00,33.2,57.0,0.3,9.4,294.0,8.587327301840448,-3.8233244449125223
2026-07-25 14:00:00,31.9,63.0,0.2,5.9,235.0,4.8329970613050515,3.384100974471172
2026-07-25 15:00:00,30.1,70.0,0.5,5.3,232.0,4.176456994115626,3.263005819225989
2026-07-25 16:00:00,29.3,75.0,0.4,3.4,180.0,2.0818995585505003e-16,3.4
2026-07-25 17:00:00,29.2,74.0,0.0,3.6,217.0,2.1665340833473743,2.875087836170254
2026-07-25 18:00:00,28.2,81.0,0.2,5.1,231.0,3.963444403430551,3.2095339943541705
2026-07-25 19:00:00,27.2,88.0,0.3,7.0,267.0,6.9904067432820165,0.36635169370060683
2026-07-25 20:00:00,28.1,83.0,0.1,5.0,193.0,1.1247552717193245,4.871850323926176
2026-07-25 21:00:00,27.5,89.0,0.0,0.4,333.0,0.18159619989581874,-0.35640260967534715
2026-07-25 22:00:00,27.1,91.0,0.0,4.7,198.0,1.452379873562253,4.469965626587221
2026-07-25 23:00:00,26.8,92.0,0.0,5.4,214.0,3.019641678742033,4.476802891797226
2026-07-26 00:00:00,26.4,93.0,0.0,4.6,193.0,1.0347748499817786,4.482102298012082
2026-07-26 01:00:00,26.4,92.0,0.0,4.0,95.0,-3.984778792366982,0.3486229709906328
2026-07-26 02:00:00,26.3,92.0,0.0,3.3,84.0,-3.2819222547153015,-0.3449439287832565
2026-07-26 03:00:00,26.1,94.0,0.0,1.2,51.0,-0.9325751537483649,-0.7551844692598051
2026-07-26 04:00:00,25.7,96.0,0.0,1.9,61.0,-1.661777443564852,-0.9211382784680402
2026-07-26 05:00:00,25.5,97.0,0.0,1.3,90.0,-1.3,1.5920408388915593e-16
2026-07-26 06:00:00,25.8,96.0,0.0,1.8,79.0,-1.7669289302057951,-0.3434561916777805
2026-07-26 07:00:00,27.1,87.0,0.0,4.0,352.0,0.5566924038402619,-3.9610722749662814
2026-07-26 08:00:00,28.7,79.0,0.0,4.9,33.0,-2.668731271573632,-4.109485782932578
2026-07-26 09:00:00,29.8,68.0,0.0,9.6,13.0,-2.1595301217011063,-9.353952621938257
2026-07-26 10:00:00,30.6,63.0,0.0,13.0,359.0,0.22688128368468677,-12.998020037033086
2026-07-26 11:00:00,31.6,59.0,0.0,13.9,356.0,0.9696149850433408,-13.866140298611557
2026-07-26 12:00:00,32.1,57.0,0.0,13.7,360.0,8.388830574159369e-16,-13.7
2026-07-26 13:00:00,31.7,58.0,0.1,14.8,359.0,0.2582956152717973,-14.79774588831459
2026-07-26 14:00:00,31.2,59.0,0.2,16.1,349.0,3.0720248255623734,-15.80419765350739
2026-07-26 15:00:00,29.9,67.0,0.8,10.7,347.0,2.4069762814793543,-10.425759693202016
2026-07-26 16:00:00,29.4,69.0,0.3,6.5,14.0,-1.5724923213978406,-6.306922220793977
2026-07-26 17:00:00,28.6,72.0,0.0,1.8,281.0,1.7669289302057951,-0.34345619167778063
2026-07-26 18:00:00,27.8,77.0,0.0,1.6,174.0,-0.1672455412282457,1.5912350325892373
2026-07-26 19:00:00,27.2,83.0,0.0,3.4,183.0,0.17794225122600948,3.395340418165551
2026-07-26 20:00:00,25.4,94.0,0.0,2.3,113.0,-2.117161162940613,0.8986815955253296
2026-07-26 21:00:00,25.5,95.0,0.0,2.3,129.0,-1.7874357113510329,1.4474368994146258
2026-07-26 22:00:00,25.3,97.0,0.0,2.2,185.0,0.19174263404484793,2.1916283358018402
2026-07-26 23:00:00,24.9,100.0,0.0,3.7,203.0,1.4457051754103127,3.4058679577740296
2026-07-27 00:00:00,24.7,99.0,0.0,5.3,172.0,-0.7376174350883463,5.248420764330323
2026-07-27 01:00:00,24.6,99.0,0.0,2.1,160.0,-0.7182423009839043,1.9733545036504079
2026-07-27 02:00:00,25.4,97.0,0.0,3.5,189.0,0.5475206276408082,3.456909192082982
2026-07-27 03:00:00,25.1,97.0,0.0,5.4,172.0,-0.7515347451843529,5.34744757120448
2026-07-27 04:00:00,25.0,96.0,0.1,4.0,144.0,-2.351141009169892,3.23606797749979
2026-07-27 05:00:00,24.8,96.0,0.1,4.1,103.0,-3.994917265619464,0.9222993228098473
2026-07-27 06:00:00,24.9,96.0,0.0,2.7,143.0,-1.6249005625105308,2.1563158771276907
2026-07-27 07:00:00,25.7,94.0,0.0,2.3,219.0,1.447436899414626,1.7874357113510329
2026-07-27 08:00:00,27.7,78.0,0.0,4.1,90.0,-4.1,5.021051876504147e-16
2026-07-27 09:00:00,29.1,72.0,0.0,1.3,106.0,-1.2496402047198145,0.358328562562099
2026-07-27 10:00:00,30.4,66.0,0.0,1.1,261.0,1.0864571746546516,0.17207791154425398
2026-07-27 11:00:00,30.0,66.0,0.1,1.2,321.0,0.755184469259805,-0.9325751537483651
2026-07-27 12:00:00,28.9,72.0,0.6,1.5,315.0,1.0606601717798214,-1.0606601717798212
2026-07-27 13:00:00,27.0,83.0,0.6,3.8,273.0,3.7947922320673806,-0.19887663372318656
2026-07-27 14:00:00,29.9,69.0,0.8,3.6,354.0,0.3763024677635525,-3.580278823325784
2026-07-27 15:00:00,25.9,91.0,3.6,4.2,320.0,2.6997079606834653,-3.2173866610997077
2026-07-27 16:00:00,25.6,95.0,1.3,4.6,169.0,-0.877721378732106,4.515485043859254
2026-07-27 17:00:00,25.8,94.0,0.9,1.7000000000000002,72.0,-1.6167960777017614,-0.5253288904374105
2026-07-27 18:00:00,25.5,96.0,0.4,1.9,311.0,1.4339482024232668,-1.2465121550819638
2026-07-27 19:00:00,25.4,96.0,0.3,2.0,85.0,-1.992389396183491,-0.1743114854953159
2026-07-27 20:00:00,26.4,93.0,0.1,3.9,37.0,-2.347078590292988,-3.114678489184442
2026-07-27 21:00:00,26.2,94.0,0.0,4.5,14.0,-1.088648530198505,-4.366330768241984
2026-07-27 22:00:00,26.0,94.0,0.0,3.4,342.0,1.0506577808748212,-3.233592155403522
2026-07-27 23:00:00,25.7,94.0,0.0,2.6,335.0,1.0988074805258186,-2.3564002462952898
2026-07-28 00:00:00,25.6,95.0,0.0,0.5,45.0,-0.35355339059327384,-0.35355339059327373
2026-07-28 01:00:00,25.4,95.0,0.0,1.3,90.0,-1.3,1.5920408388915593e-16
2026-07-28 02:00:00,25.8,93.0,0.0,3.4,74.0,-3.2682897661902843,-0.9371670097777965
2026-07-28 03:00:00,25.6,92.0,0.0,4.4,71.0,-4.160281732636994,-1.4324998796114898
2026-07-28 04:00:00,25.1,93.0,0.0,3.7,61.0,-3.236092916415765,-1.7937955949114468
2026-07-28 05:00:00,24.7,94.0,0.0,3.9,56.0,-3.233246532964663,-2.180852323535912
2026-07-28 06:00:00,24.8,94.0,0.0,5.7,58.0,-4.8338741480916285,-3.020539806129267
2026-07-28 07:00:00,26.4,87.0,0.0,3.1,93.0,-3.0957515577391788,0.1622414643531258
2026-07-28 08:00:00,28.4,78.0,0.0,5.8,26.0,-2.542552651376651,-5.213005468535167
2026-07-28 09:00:00,30.0,72.0,0.0,6.4,10.0,-1.1113483370683541,-6.3027696192781315
2026-07-28 10:00:00,31.1,67.0,0.0,10.1,356.0,0.7045403848156648,-10.075396907624224
2026-07-28 11:00:00,31.7,64.0,0.0,13.2,355.0,1.1504558042690873,-13.14977001481104
2026-07-28 12:00:00,31.7,63.0,0.0,12.0,8.0,-1.6700772115207898,-11.883216824898843
2026-07-28 13:00:00,32.1,61.0,0.1,9.9,12.0,-2.058325739095822,-9.683661247264675
2026-07-28 14:00:00,31.5,61.0,0.3,5.6,320.0,3.5996106142446203,-4.289848881466277
2026-07-28 15:00:00,30.1,63.0,0.3,4.8,29.0,-2.3270861771824167,-4.1981745942691004
2026-07-28 16:00:00,27.8,78.0,0.8,4.7,94.0,-4.688551036221174,0.32785542659739
2026-07-28 17:00:00,28.1,78.0,0.1,5.5,107.0,-5.2596761577966955,1.6080443759750513
2026-07-28 18:00:00,28.0,79.0,0.0,3.9,77.0,-3.8000432526624173,-0.8773091119410734
2026-07-28 19:00:00,27.4,84.0,0.0,3.9,77.0,-3.8000432526624173,-0.8773091119410734
2026-07-28 20:00:00,28.0,81.0,0.0,5.9,2.0,-0.2059070305447545,-5.896405879412665
2026-07-28 21:00:00,27.4,85.0,0.0,6.5,347.0,1.462181853235122,-6.333405421104029
2026-07-28 22:00:00,26.9,90.0,0.0,4.7,337.0,1.8364363038995866,-4.32637281122647
2026-07-28 23:00:00,26.7,91.0,0.0,1.8,90.0,-1.8,2.2043642384652358e-16
2026-07-29 00:00:00,26.1,93.0,0.0,4.6,126.0,-3.7214781741247576,2.7038121605453767
2026-07-29 01:00:00,25.5,94.0,0.0,3.3,126.0,-2.6697560814373262,1.9396913325651617
2026-07-29 02:00:00,25.3,96.0,0.0,2.9,47.0,-2.1209257346955948,-1.9777952441812452
2026-07-29 03:00:00,25.0,97.0,0.6,4.8,135.0,-3.3941125496954276,3.394112549695428
2026-07-29 04:00:00,24.8,96.0,0.2,5.2,104.0,-5.045537776635181,1.2579938571182723
2026-07-29 05:00:00,24.3,97.0,0.0,5.2,94.0,-5.187333061351086,0.36273366346945274
2026-07-29 06:00:00,24.3,97.0,0.0,5.8,76.0,-5.627715212400779,-1.4031469944780715
2026-07-29 07:00:00,26.0,93.0,0.0,4.3,92.0,-4.2973805561821115,0.15006783582075492
2026-07-29 08:00:00,28.2,81.0,0.0,3.0,65.0,-2.71892336110995,-1.2678547852220978
2026-07-29 09:00:00,29.4,75.0,0.0,3.0,33.0,-1.633917105045081,-2.516011703836272
2026-07-29 10:00:00,30.4,68.0,0.0,4.5,353.0,0.5484120453231637,-4.466457682385949
2026-07-29 11:00:00,31.3,64.0,0.0,5.6,343.0,1.6372815464473258,-5.355306633392998
2026-07-29 12:00:00,31.7,62.0,0.0,6.5,358.0,0.226846728566257,-6.496040375624123
2026-07-29 13:00:00,32.7,59.0,0.0,5.1,333.0,2.3153515486716887,-4.544133273360675
2026-07-29 14:00:00,31.9,61.0,0.1,7.9,317.0,5.387787044493738,-5.777694242791447
2026-07-29 15:00:00,29.7,74.0,0.4,1.2,243.0,1.0692078290260414,0.5447885996874561
2026-07-29 16:00:00,29.1,76.0,0.2,2.8,195.0,0.7246933262870581,2.7045923136093912
2026-07-29 17:00:00,28.8,78.0,0.0,5.1,188.0,0.7097828148963339,5.050367150582009
2026-07-29 18:00:00,28.4,80.0,0.0,4.3,197.0,1.257198330307768,4.112110450641052
2026-07-29 19:00:00,27.9,85.0,0.0,2.3,198.0,0.7107390870623791,2.1874299874788528
2026-07-29 20:00:00,27.1,89.0,0.0,4.9,170.0,-0.8508760705679586,4.82555798975982
2026-07-29 21:00:00,26.6,91.0,0.0,7.8,195.0,2.0187885517996618,7.534221445054732
2026-07-29 22:00:00,26.4,93.0,0.0,6.1,168.0,-1.2682613139883319,5.966700364476214
2026-07-29 23:00:00,26.5,93.0,0.1,5.9,153.0,-2.6785439484633256,5.256938492711371
2026-07-30 00:00:00,26.7,91.0,0.0,6.3,141.0,-3.9647184636139747,4.896019557178917
2026-07-30 01:00:00,26.5,92.0,0.0,6.6,158.0,-2.4724035165450196,6.1194134401407965
2026-07-30 02:00:00,27.1,88.0,0.0,5.7,152.0,-2.6759879078795783,5.032801279295883
2026-07-30 03:00:00,26.7,90.0,0.0,6.0,159.0,-2.1502076972718016,5.601482558983211
2026-07-30 04:00:00,26.3,91.0,0.0,3.0,123.0,-2.5160117038362717,1.6339171050450818
2026-07-30 05:00:00,25.6,91.0,0.4,3.8,131.0,-2.8678964048465336,2.4930243101639276
2026-07-30 06:00:00,25.6,94.0,1.0,3.8,101.0,-3.730183297101123,0.7250741824308709
2026-07-30 07:00:00,26.3,93.0,0.0,4.8,127.0,-3.8334504482270058,2.888712111129831
2026-07-30 08:00:00,28.2,82.0,0.0,3.3,126.0,-2.6697560814373262,1.9396913325651617
2026-07-30 09:00:00,28.8,79.0,0.0,0.6000000000000001,326.0,0.3355157420824481,-0.4974225435330251
2026-07-30 10:00:00,30.0,74.0,0.0,3.5,309.0,2.720010865099398,-2.2026213686744307
2026-07-30 11:00:00,30.8,69.0,0.0,3.4,302.0,2.883363526931848,-1.8017254983928965
2026-07-30 12:00:00,32.0,63.0,0.0,1.0,225.0,0.7071067811865476,0.7071067811865475
2026-07-30 13:00:00,32.0,63.0,0.0,3.3,261.0,3.2593715239639547,0.5162337346327618
2026-07-30 14:00:00,30.0,75.0,0.0,0.6000000000000001,198.0,0.1854101966249685,0.5706339097770922
2026-07-30 15:00:00,30.8,73.0,0.1,6.7,189.0,1.0481109157695472,6.617511881987423
2026-07-30 16:00:00,27.5,87.0,5.1,4.8,307.0,3.8334504482270053,-2.8887121111298315
2026-07-30 17:00:00,26.4,93.0,1.2,6.3,207.0,2.860140148359145,5.613341102386717
2026-07-30 18:00:00,26.6,94.0,0.9,4.4,199.0,1.4324998796114898,4.160281732636994
2026-07-30 19:00:00,26.3,98.0,0.3,3.9,283.0,3.8000432526624173,-0.8773091119410735
2026-07-30 20:00:00,27.2,92.0,0.0,3.6,123.0,-3.019214044603526,1.9607005260540984
2026-07-30 21:00:00,26.9,95.0,0.0,2.3,151.0,-1.115062126566575,2.01162532642061
2026-07-30 22:00:00,26.4,97.0,0.0,2.2,138.0,-1.4720873339894882,1.6349186160502676
2026-07-30 23:00:00,26.2,96.0,0.0,5.9,142.0,-3.6324027044213842,4.64926344627966
2026-07-31 00:00:00,26.1,93.0,0.0,7.9,147.0,-4.3026483766187145,6.625497486768849
2026-07-31 01:00:00,25.7,92.0,0.0,7.3,142.0,-4.494328769877305,5.752478501329071
2026-07-31 02:00:00,26.1,93.0,0.0,6.9,155.0,-2.9160660060108254,6.253523730552885
2026-07-31 03:00:00,25.8,93.0,0.0,7.4,131.0,-5.584850893648513,4.8548368145297545
2026-07-31 04:00:00,25.7,93.0,0.0,6.3,127.0,-5.031403713297945,3.7914346458579034
2026-07-31 05:00:00,25.2,95.0,0.0,4.5,130.0,-3.4471999940354006,2.8925442435894277
2026-07-31 06:00:00,25.1,97.0,0.0,4.1,113.0,-3.774069899155005,1.6019976268060223
2026-07-31 07:00:00,26.7,90.0,0.0,1.2,27.0,-0.5447885996874563,-1.0692078290260414
2026-07-31 08:00:00,28.8,81.0,0.0,4.5,313.0,3.291091657286267,-3.068992620281243
2026-07-31 09:00:00,29.4,77.0,0.0,4.6,309.0,3.5748714227020657,-2.8948737988292517
2026-07-31 10:00:00,31.3,68.0,0.0,3.6,333.0,1.6343657990623686,-3.207623487078124
2026-07-31 11:00:00,31.9,63.0,0.0,3.2,3.0,-0.1674750599774218,-3.1956145112146364
2026-07-31 12:00:00,31.9,63.0,0.0,4.0,360.0,2.4492935982947064e-16,-4.0
2026-07-31 13:00:00,31.5,67.0,0.3,3.5,15.0,-0.9058666578588221,-3.380740392011739
2026-07-31 14:00:00,28.6,80.0,4.1,1.7000000000000002,103.0,-1.6564291101348998,0.3824167923845709
2026-07-31 15:00:00,28.9,84.0,0.7000000000000001,4.9,204.0,1.9930095510714212,4.476372742448745
2026-07-31 16:00:00,30.3,74.0,0.1,7.2,252.0,6.8476069173251055,2.2249223594996215
2026-07-31 17:00:00,27.9,83.0,1.2,10.3,186.0,1.0766431716568308,10.243575522293215
2026-07-31 18:00:00,27.0,88.0,0.4,7.8,134.0,-5.610850442641479,5.4183352895801775
2026-07-31 19:00:00,26.8,89.0,0.1,1.6,153.0,-0.7263847995832747,1.4256104387013888
2026-07-31 20:00:00,26.6,92.0,0.0,5.7,131.0,-4.301844607269801,3.739536465245892
2026-07-31 21:00:00,26.1,95.0,0.0,5.5,229.0,4.150902691225246,3.6083246594477902
2026-07-31 22:00:00,26.0,95.0,0.0,3.5,195.0,0.9058666578588226,3.380740392011739
2026-07-31 23:00:00,25.0,99.0,0.2,0.6000000000000001,342.0,0.1854101966249685,-0.5706339097770922
2026-08-01 00:00:00,24.7,98.0,1.8,6.3,187.0,0.7677768634524291,6.253040755340328
2026-08-01 01:00:00,24.7,97.0,0.9,5.7,198.0,1.7613968679372005,5.421022142882375
2026-08-01 02:00:00,26.3,94.0,0.5,1.9,124.0,-1.575171387854579,1.0624665165944192
2026-08-01 03:00:00,25.9,96.0,0.0,4.0,122.0,-3.392192384625704,2.1196770569328196
2026-08-01 04:00:00,25.5,96.0,0.0,3.4,115.0,-3.0814464759246096,1.4369020899183782
2026-08-01 05:00:00,25.4,96.0,0.0,3.4,90.0,-3.4,4.1637991171010006e-16
2026-08-01 06:00:00,25.5,95.0,0.0,5.3,80.0,-5.2194810909647025,-0.9203353416347314
2026-08-01 07:00:00,27.2,91.0,0.0,0.2,360.0,1.2246467991473533e-17,-0.2
2026-08-01 08:00:00,29.1,76.0,0.0,1.9,56.0,-1.5751713878545794,-1.0624665165944187
2026-08-01 09:00:00,30.6,68.0,0.0,1.9,338.0,0.7117525274902327,-1.761649323676896
2026-08-01 10:00:00,31.2,64.0,0.0,2.7,323.0,1.6249005625105308,-2.1563158771276907
2026-08-01 11:00:00,31.0,64.0,0.0,3.9,332.0,1.8309390948649744,-3.443495612149815
2026-08-01 12:00:00,31.6,63.0,0.0,5.3,305.0,4.341505834731656,-3.039955112660544
2026-08-01 13:00:00,30.0,67.0,0.0,5.2,78.0,-5.086367523815789,-1.0811407922523495
2026-08-01 14:00:00,31.0,68.0,0.6,7.0,77.0,-6.820590453496647,-1.574657380407055
2026-08-01 15:00:00,31.1,69.0,0.5,4.0,95.0,-3.984778792366982,0.3486229709906328
2026-08-01 16:00:00,31.3,66.0,0.4,2.6,141.0,-1.6362330167295769,2.020579499788125
2026-08-01 17:00:00,31.2,65.0,0.2,1.0,292.0,0.9271838545667874,-0.374606593415912
2026-08-01 18:00:00,30.0,71.0,0.0,4.7,317.0,3.205392292293743,-3.437362397610101
2026-08-01 19:00:00,28.8,79.0,0.0,6.6,317.0,4.50118917641249,-4.826934430686525
2026-08-01 20:00:00,29.0,77.0,0.0,1.0,338.0,0.37460659341591196,-0.9271838545667874
2026-08-01 21:00:00,28.1,83.0,0.0,3.6,189.0,0.5631640741448314,3.555678026142496
2026-08-01 22:00:00,27.3,88.0,0.0,6.3,173.0,-0.7677768634524283,6.253040755340329
2026-08-01 23:00:00,26.4,90.0,0.0,5.3,170.0,-0.9203353416347306,5.2194810909647025
2026-08-02 00:00:00,26.0,90.0,0.0,5.6,159.0,-2.0068605174536813,5.22805038838433
2026-08-02 01:00:00,25.6,91.0,0.0,6.8,162.0,-2.101315561749642,6.467184310807045
2026-08-02 02:00:00,26.1,89.0,0.0,4.7,157.0,-1.8364363038995868,4.326372811226469
2026-08-02 03:00:00,25.6,90.0,0.0,5.6,163.0,-1.6372815464473252,5.355306633392999
2026-08-02 04:00:00,25.3,92.0,0.0,4.6,121.0,-3.942969583229716,2.36917514458625
2026-08-02 05:00:00,25.1,94.0,0.0,4.0,82.0,-3.961072274966281,-0.5566924038402621
2026-08-02 06:00:00,25.5,93.0,0.0,2.3,72.0,-2.187429987478853,-0.7107390870623786
2026-08-02 07:00:00,26.9,86.0,0.0,2.0,45.0,-1.4142135623730954,-1.414213562373095
2026-08-02 08:00:00,29.0,70.0,0.0,5.7,13.0,-1.282221009760032,-5.55390936927584
2026-08-02 09:00:00,30.2,62.0,0.0,6.2,10.0,-1.0766187015349682,-6.10580806867569
2026-08-02 10:00:00,31.4,57.0,0.0,7.1,350.0,1.232902061435206,-6.992135046386677
2026-08-02 11:00:00,32.3,55.0,0.0,8.9,332.0,4.178296908794429,-7.85823357644445
2026-08-02 12:00:00,33.0,52.0,0.0,9.9,339.0,3.547842700498474,-9.242446222322297
2026-08-02 13:00:00,33.2,51.0,0.0,7.8,334.0,3.419294944954804,-7.010593561133502
2026-08-02 14:00:00,32.5,51.0,0.0,9.9,325.0,5.678406719875357,-8.109605238461018
2026-08-02 15:00:00,31.5,55.0,0.0,9.9,322.0,6.095048605724017,-7.801306460706548
2026-08-02 16:00:00,31.0,57.0,0.0,8.1,335.0,3.4232079200996655,-7.341093074996865
2026-08-02 17:00:00,30.6,59.0,0.0,7.2,332.0,3.380195252058414,-6.357222668584273
2026-08-02 18:00:00,29.6,64.0,0.0,6.4,313.0,4.6806636903626915,-4.36478950439999
2026-08-02 19:00:00,28.4,74.0,0.0,6.9,287.0,6.598502816144945,-2.017364762586884
2026-08-02 20:00:00,28.5,77.0,0.0,4.9,303.0,4.109485782932578,-2.668731271573633
2026-08-02 21:00:00,27.7,83.0,0.0,6.6,303.0,5.535225748439799,-3.5946176310991786
2026-08-02 22:00:00,27.6,85.0,0.0,4.5,317.0,3.068992620281243,-3.291091657286267
2026-08-02 23:00:00,27.3,87.0,0.0,1.8,281.0,1.7669289302057951,-0.34345619167778063
2026-08-03 00:00:00,27.0,88.0,0.0,2.3,209.0,1.1150621265665752,2.01162532642061
2026-08-03 01:00:00,26.6,90.0,0.0,3.1,152.0,-1.455361844636262,2.737137537862673
2026-08-03 02:00:00,27.0,88.0,0.0,1.1,108.0,-1.0461621679246689,0.3399186938124423
2026-08-03 03:00:00,26.5,89.0,0.0,1.9,112.0,-1.7616493236768958,0.7117525274902332
2026-08-03 04:00:00,26.4,90.0,0.0,2.1,38.0,-1.292889098183882,-1.6548225825741165
2026-08-03 05:00:00,26.2,92.0,0.0,3.6,27.0,-1.634365799062369,-3.207623487078124
2026-08-03 06:00:00,26.3,91.0,0.0,3.6,20.0,-1.2312725159724067,-3.3828934348292705
2026-08-03 07:00:00,27.6,80.0,0.0,3.2,360.0,1.9594348786357652e-16,-3.2
2026-08-03 08:00:00,29.2,69.0,0.0,5.5,17.0,-1.608044375975054,-5.259676157796695
2026-08-03 09:00:00,30.6,62.0,0.0,5.8,9.0,-0.90731989723334,-5.7285923754517984
2026-08-03 10:00:00,31.8,59.0,0.0,8.3,5.0,-0.7233926648055635,-8.268415994161488
2026-08-03 11:00:00,32.8,56.0,0.0,7.9,1.0,-0.13787401085453962,-7.898796791735491
2026-08-03 12:00:00,33.4,54.0,0.0,8.5,343.0,2.4851594901432623,-8.1285904256858
2026-08-03 13:00:00,32.6,57.0,0.0,9.5,335.0,4.014873486536644,-8.609923976848174
2026-08-03 14:00:00,32.5,59.0,0.0,10.6,336.0,4.311408416603482,-9.683581851011569
2026-08-03 15:00:00,32.7,58.0,0.0,8.2,346.0,1.9837595439172748,-7.95642495546317
2026-08-03 16:00:00,31.4,64.0,0.0,10.2,343.0,2.982191388171915,-9.75430851082296
2026-08-03 17:00:00,30.5,70.0,0.1,9.7,359.0,0.1692883424416509,-9.698522643016995
2026-08-03 18:00:00,29.0,78.0,0.3,7.7,16.0,-2.1224076397908913,-7.401715058725056
2026-08-03 19:00:00,28.3,84.0,0.3,4.0,10.0,-0.6945927106677213,-3.939231012048832
2026-08-03 20:00:00,27.7,94.0,0.0,5.3,125.0,-4.341505834731657,3.0399551126605435
2026-08-03 21:00:00,27.3,96.0,0.0,5.5,144.0,-3.2328188876086017,4.449593469062211
2026-08-03 22:00:00,27.0,96.0,0.0,5.3,145.0,-3.0399551126605444,4.341505834731656
2026-08-03 23:00:00,26.7,96.0,0.0,4.1,157.0,-1.6019976268060223,3.7740698991550046
2026-08-04 00:00:00,26.3,98.0,0.0,4.7,182.0,0.1640276345017551,4.6971368869897505
2026-08-04 01:00:00,26.3,97.0,0.0,7.4,179.0,-0.12914780763589773,7.398872944157295
2026-08-04 02:00:00,26.9,93.0,0.0,8.0,172.0,-1.1133848076805228,7.922144549932563
2026-08-04 03:00:00,26.4,93.0,0.0,8.0,160.0,-2.7361611466053497,7.517540966287267
2026-08-04 04:00:00,25.3,93.0,1.2,8.2,130.0,-6.2815644335756184,5.270858399429623
2026-08-04 05:00:00,25.2,95.0,0.9,6.3,125.0,-5.160657879020649,3.613531549011589
2026-08-04 06:00:00,25.4,95.0,0.0,6.9,139.0,-4.526807300034499,5.207496103537128
2026-08-04 07:00:00,26.5,91.0,0.0,5.6,119.0,-4.897870359980616,2.714933873379488
2026-08-04 08:00:00,28.8,79.0,0.0,3.6,147.0,-1.9607005260540975,3.019214044603526
2026-08-04 09:00:00,29.9,73.0,0.0,2.3,157.0,-0.8986815955253296,2.1171611629406124
2026-08-04 10:00:00,31.3,65.0,0.0,0.2,360.0,1.2246467991473533e-17,-0.2
2026-08-04 11:00:00,32.5,60.0,0.0,3.1,24.0,-1.2608835935349803,-2.831990918692063
2026-08-04 12:00:00,33.1,57.0,0.0,6.1,341.0,1.985965742188656,-5.7676633111558315
2026-08-04 13:00:00,32.8,59.0,0.2,8.8,321.0,5.53801944123857,-6.838884460821345
2026-08-04 14:00:00,32.6,60.0,0.2,10.8,324.0,6.34808072475871,-8.737383539249434
2026-08-04 15:00:00,31.9,61.0,0.2,4.1,272.0,4.097502390778292,-0.14308793648025397
2026-08-04 16:00:00,30.3,68.0,0.2,6.0,183.0,0.3140157374576638,5.991777208527443
2026-08-04 17:00:00,29.4,74.0,0.1,5.1,176.0,-0.35575801609503915,5.087576656325103
2026-08-04 18:00:00,28.8,79.0,0.0,5.2,166.0,-1.2579938571182725,5.045537776635181
2026-08-04 19:00:00,28.0,85.0,0.0,6.0,155.0,-2.535709570444196,5.4378467222199
2026-08-04 20:00:00,27.6,85.0,0.0,7.1,139.0,-4.658019105832601,5.358438019581682
2026-08-04 21:00:00,27.3,87.0,0.0,4.8,138.0,-3.2118269105225195,3.5670951622914924
2026-08-04 22:00:00,27.2,88.0,0.0,7.6,161.0,-2.4743179738743906,7.185941174554808
2026-08-04 23:00:00,27.0,88.0,0.0,8.8,168.0,-1.8296228791962823,8.607698886457491
2026-08-05 00:00:00,26.8,87.0,0.0,9.0,165.0,-2.3293714059226875,8.693332436601615
2026-08-05 01:00:00,26.3,89.0,0.0,7.4,129.0,-5.750880114781585,4.656970893768797
2026-08-05 02:00:00,26.6,86.0,0.8,7.5,107.0,-7.172285669722767,2.1927877854205247
2026-08-05 03:00:00,25.9,89.0,0.0,6.5,104.0,-6.306922220793977,1.5724923213978403
2026-08-05 04:00:00,25.1,93.0,0.0,5.4,94.0,-5.386845871403051,0.37668495821827785
2026-08-05 05:00:00,24.5,94.0,0.0,5.0,90.0,-5.0,6.123233995736766e-16
2026-08-05 06:00:00,24.5,93.0,0.0,4.6,101.0,-4.515485043859254,0.8777213787321068
2026-08-05 07:00:00,26.9,82.0,0.0,3.7,104.0,-3.590094187221187,0.8951110137187707
2026-08-05 08:00:00,29.2,67.0,0.0,2.7,176.0,-0.1883424791091384,2.6934229357015256
2026-08-05 09:00:00,30.8,58.0,0.0,1.7000000000000002,212.0,0.9008627491964484,1.4416817634659242
2026-08-05 10:00:00,32.2,52.0,0.0,2.2,228.0,1.6349186160502676,1.4720873339894882
2026-08-05 11:00:00,33.4,48.0,0.0,1.7000000000000002,229.0,1.2830062863787126,1.1153003492838625
2026-08-05 12:00:00,34.1,47.0,0.0,4.9,306.0,3.9641832724372428,-2.8801477362331185
2026-08-05 13:00:00,34.0,49.0,0.0,7.5,323.0,4.513612673640363,-5.989766325354696
2026-08-05 14:00:00,34.7,46.0,0.0,8.4,340.0,2.872969203935618,-7.893418014601631
2026-08-05 15:00:00,34.4,47.0,0.0,8.3,340.0,2.8387671896030513,-7.799448752523039
2026-08-05 16:00:00,34.2,48.0,0.0,7.3,350.0,1.267631696968592,-7.189096596989119
2026-08-05 17:00:00,32.8,54.0,0.0,9.9,360.0,6.062001655779399e-16,-9.9
2026-08-05 18:00:00,31.3,63.0,0.0,10.3,3.0,-0.5390603493023264,-10.285884207972112
2026-08-05 19:00:00,29.8,70.0,0.0,3.6,57.0,-3.0192140446035265,-1.9607005260540975
2026-08-05 20:00:00,29.5,70.0,0.0,4.6,154.0,-2.0165072752297566,4.134452612976167
2026-08-05 21:00:00,28.3,76.0,0.0,10.1,190.0,1.753846594435997,9.9465583054233
2026-08-05 22:00:00,27.1,83.0,0.0,7.4,180.0,4.531193156845207e-16,7.4
2026-08-05 23:00:00,27.0,83.0,0.0,4.7,152.0,-2.2065163450936875,4.149853686436956
2026-08-06 00:00:00,27.1,83.0,0.0,4.1,131.0,-3.094309278913365,2.6898420188610794
2026-08-06 01:00:00,26.8,83.0,0.0,5.1,129.0,-3.963444403430551,3.2095339943541705
2026-08-06 02:00:00,27.2,80.0,0.0,4.8,135.0,-3.3941125496954276,3.394112549695428
2026-08-06 03:00:00,26.4,83.0,0.0,1.9,131.0,-1.4339482024232668,1.2465121550819638
2026-08-06 04:00:00,25.9,85.0,0.0,1.5,120.0,-1.299038105676658,0.7499999999999999
2026-08-06 05:00:00,25.5,86.0,0.0,3.4,93.0,-3.395340418165551,0.17794225122600893
2026-08-06 06:00:00,25.4,85.0,0.0,1.4,90.0,-1.4,1.7145055188062944e-16
2026-08-06 07:00:00,28.0,71.0,0.0,2.2,355.0,0.19174263404484793,-2.1916283358018402
2026-08-06 08:00:00,29.7,63.0,0.0,1.9,319.0,1.2465121550819638,-1.4339482024232668
2026-08-06 09:00:00,31.3,58.0,0.0,1.5,277.0,1.488819227461983,-0.1828040151077212
2026-08-06 10:00:00,32.4,54.0,0.0,1.6,297.0,1.4256104387013888,-0.7263847995832748
2026-08-06 11:00:00,33.9,48.0,0.0,4.2,320.0,2.6997079606834653,-3.2173866610997077
2026-08-06 12:00:00,34.5,47.0,0.0,6.4,324.0,3.761825614671828,-5.177708763999664
2026-08-06 13:00:00,34.3,49.0,0.0,7.7,335.0,3.2541606154033857,-6.978569960182205
2026-08-06 14:00:00,34.4,48.0,0.4,9.9,356.0,0.6905890900668399,-9.87588409757226
2026-08-06 15:00:00,32.1,60.0,1.2,13.7,17.0,-4.005492354701498,-13.101375156693583
2026-08-06 16:00:00,31.7,63.0,0.8,12.7,6.0,-1.3275114834991977,-12.630428071177072
2026-08-06 17:00:00,31.0,67.0,0.3,13.4,5.0,-1.1678869528186206,-13.34900895442939
2026-08-06 18:00:00,30.4,70.0,0.0,8.1,17.0,-2.3682108082541706,-7.746068523300586
2026-08-06 19:00:00,29.7,74.0,0.0,4.6,11.0,-0.8777213787321051,-4.515485043859254
2026-08-06 20:00:00,29.3,80.0,0.0,2.7,127.0,-2.156315877127691,1.6249005625105302
2026-08-06 21:00:00,28.6,86.0,0.0,4.3,213.0,2.3419478505646163,3.6062834421653234
2026-08-06 22:00:00,27.8,90.0,0.0,6.8,197.0,1.98812759211461,6.502872340548641
2026-08-06 23:00:00,27.2,92.0,0.0,7.7,168.0,-1.600920019296747,7.531736525650304
2026-08-07 00:00:00,26.9,88.0,0.0,8.7,156.0,-3.538608794759462,7.947845481490627
2026-08-07 01:00:00,26.4,89.0,0.0,8.2,142.0,-5.048424097670398,6.46168817957512
2026-08-07 02:00:00,26.4,88.0,0.1,5.7,108.0,-5.421022142882375,1.7613968679372007
2026-08-07 03:00:00,26.1,88.0,0.1,5.4,86.0,-5.386845871403051,-0.3766849582182765
2026-08-07 04:00:00,25.9,88.0,0.0,5.3,82.0,-5.248420764330322,-0.7376174350883472
2026-08-07 05:00:00,25.3,90.0,0.0,3.8,85.0,-3.785539852748633,-0.3311918224411002
2026-08-07 06:00:00,25.1,91.0,0.0,2.7,67.0,-2.485363104321589,-1.0549740469210387
2026-08-07 07:00:00,27.9,77.0,0.0,3.4,360.0,2.0818995585505003e-16,-3.4
2026-08-07 08:00:00,29.1,78.0,0.0,0.9,259.0,0.8834644651028976,0.17172809583889032
2026-08-07 09:00:00,30.6,70.0,0.1,3.3,315.0,2.3334523779156067,-2.3334523779156067
2026-08-07 10:00:00,31.6,66.0,0.2,6.9,313.0,5.046340541172277,-4.70578868443124
2026-08-07 11:00:00,32.3,63.0,0.2,12.6,336.0,5.124881702755083,-11.510672766296771
2026-08-07 12:00:00,33.0,60.0,0.1,10.4,339.0,3.727026675271124,-9.709236435570899
2026-08-07 13:00:00,34.0,56.0,0.0,12.0,327.0,6.5356684201803255,-10.064046815345089
2026-08-07 14:00:00,34.0,51.0,0.2,15.2,339.0,5.4471928330885655,-14.190422482757466
2026-08-07 15:00:00,33.2,53.0,0.0,16.4,345.0,4.24463233968134,-15.84118355114072
2026-08-07 16:00:00,32.5,55.0,0.0,14.2,342.0,4.388041320124254,-13.50500253139118
2026-08-07 17:00:00,31.7,57.0,0.0,12.0,341.0,3.9068178534858813,-11.346222907191802
2026-08-07 18:00:00,30.5,60.0,0.0,10.0,346.0,2.419218955996677,-9.702957262759965
2026-08-07 19:00:00,29.3,66.0,0.0,6.3,329.0,3.244739871933341,-5.400153994423308
2026-08-07 20:00:00,29.2,71.0,0.0,1.8,225.0,1.2727922061357857,1.2727922061357855
2026-08-07 21:00:00,28.1,77.0,0.0,5.3,145.0,-3.0399551126605444,4.341505834731656
2026-08-07 22:00:00,27.4,81.0,0.0,7.6,146.0,-4.249866066377675,6.300685551418317
2026-08-07 23:00:00,26.8,85.0,0.0,5.3,188.0,0.737617435088347,5.248420764330323
2026-08-08 00:00:00,26.2,89.0,0.0,7.0,154.0,-3.0685980275235427,6.291558324094169
2026-08-08 01:00:00,25.8,89.0,0.1,8.0,121.0,-6.857338405616898,4.120304599280435
2026-08-08 02:00:00,24.5,97.0,12.3,11.5,100.0,-11.325289159640393,1.9969540431696982
2026-08-08 03:00:00,24.4,94.0,15.1,7.5,130.0,-5.745333323392334,4.820907072649046
2026-08-08 04:00:00,24.8,96.0,4.6,2.4,253.0,2.295131414311285,0.7016920913345682
2026-08-08 05:00:00,24.4,96.0,4.6,10.1,89.0,-10.098461721079552,-0.17626930501656474
2026-08-08 06:00:00,24.5,94.0,0.2,9.0,123.0,-7.548035111508815,4.901751315135246
2026-08-08 07:00:00,25.0,93.0,0.4,9.6,104.0,-9.314838972249566,2.32245019775681
2026-08-08 08:00:00,25.8,87.0,0.2,13.2,64.0,-11.864081411149003,-5.786499137615822
2026-08-08 09:00:00,28.0,78.0,0.6,6.9,113.0,-6.351483488821839,2.6960447865759893
2026-08-08 10:00:00,30.5,63.0,0.0,5.9,130.0,-4.51966221440197,3.792446897150583
2026-08-08 11:00:00,30.7,64.0,0.4,7.5,15.0,-1.9411428382689047,-7.244443697168013
2026-08-08 12:00:00,31.8,62.0,0.3,9.4,355.0,0.8192639818279865,-9.364230162062409
2026-08-08 13:00:00,32.6,56.0,0.2,12.2,344.0,3.3627757409673897,-11.72739269044749
2026-08-08 14:00:00,32.9,53.0,0.0,13.9,335.0,5.874393838195722,-12.597678239809435
2026-08-08 15:00:00,32.5,56.0,0.1,11.8,341.0,3.84170422259445,-11.157119192071939
2026-08-08 16:00:00,31.9,58.0,0.1,9.8,353.0,1.1943195653704455,-9.726952286084956
2026-08-08 17:00:00,28.2,75.0,0.9,13.0,29.0,-6.302525063202379,-11.370056192812147
2026-08-08 18:00:00,28.3,66.0,0.0,12.4,19.0,-4.037045115268742,-11.72443033743153
2026-08-08 19:00:00,28.2,56.0,0.0,14.4,29.0,-6.98125853154725,-12.594523782807302
2026-08-08 20:00:00,28.0,80.0,0.0,4.6,249.0,4.294469961887128,1.648492567908381
2026-08-08 21:00:00,25.3,96.0,1.0,4.3,178.0,-0.15006783582075411,4.2973805561821115
2026-08-08 22:00:00,24.7,92.0,0.0,9.9,136.0,-6.877117867544074,7.121464023352646
2026-08-08 23:00:00,24.4,88.0,0.0,12.1,111.0,-11.29632316061614,4.336252189498133
2026-08-09 00:00:00,24.1,91.0,0.8,13.6,154.0,-5.961847596331454,12.22359902966867
2026-08-09 01:00:00,23.8,91.0,0.1,12.6,128.0,-9.928935495444696,7.757334589103296
2026-08-09 02:00:00,23.5,93.0,1.6,13.1,119.0,-11.457518163526084,6.351006025227017
2026-08-09 03:00:00,23.4,94.0,4.5,17.1,145.0,-9.80815706160289,14.007499957341759
2026-08-09 04:00:00,23.4,94.0,3.7,14.2,147.0,-7.733874297213384,11.90912206482502
2026-08-09 05:00:00,23.6,92.0,0.1,16.2,151.0,-7.853915847990659,14.168839255658213
2026-08-09 06:00:00,24.1,90.0,0.0,11.2,139.0,-7.347861124693679,8.452747298495048
2026-08-09 07:00:00,24.7,89.0,0.3,10.2,129.0,-7.926888806861102,6.419067988708341
2026-08-09 08:00:00,25.0,94.0,1.5,10.0,131.0,-7.54709580222772,6.560590289905073
2026-08-09 09:00:00,24.5,98.0,0.8,13.0,114.0,-11.87609094935381,5.2875763599854055
2026-08-09 10:00:00,23.7,98.0,5.1,12.1,62.0,-10.683665873593014,-5.680605909709279
2026-08-09 11:00:00,24.3,91.0,3.7,12.0,123.0,-10.064046815345087,6.535668420180327
2026-08-09 12:00:00,24.1,97.0,2.4,13.5,144.0,-7.935100905948386,10.921729424061791
2026-08-09 13:00:00,25.1,96.0,1.3,8.5,142.0,-5.233122540268096,6.698091405657137
2026-08-09 14:00:00,27.1,80.0,0.5,8.4,115.0,-7.61298541110786,3.549993398621876
2026-08-09 15:00:00,26.6,82.0,0.3,9.0,116.0,-8.089146416692504,3.9453403211016957
2026-08-09 16:00:00,28.5,79.0,0.1,10.6,177.0,-0.5547611361752047,10.585473068398482
2026-08-09 17:00:00,25.9,95.0,2.1,13.7,225.0,9.687362902255702,9.6873629022557
2026-08-09 18:00:00,25.9,95.0,0.5,11.7,193.0,2.6319273358232196,11.400129757987251
2026-08-09 19:00:00,25.9,95.0,0.2,9.9,177.0,-0.518125966805144,9.886432394070281
2026-08-09 20:00:00,27.0,82.0,0.1,11.1,163.0,-3.245325922422377,10.614982791189695
2026-08-09 21:00:00,27.3,77.0,0.0,11.2,170.0,-1.9448595898696193,11.029846833736729
2026-08-09 22:00:00,25.6,89.0,1.4,10.9,167.0,-2.451966492348129,10.620633706159065
2026-08-09 23:00:00,25.0,93.0,1.5,11.9,182.0,0.41530401075976286,11.89275084152724
2026-08-10 00:00:00,24.8,94.0,2.0,9.2,180.0,5.633375276077824e-16,9.2
2026-08-10 01:00:00,24.6,96.0,3.4,7.2,145.0,-4.129750341727532,5.897894718880741
2026-08-10 02:00:00,25.5,90.0,0.1,10.8,120.0,-9.353074360871938,5.3999999999999995
2026-08-10 03:00:00,26.1,84.0,0.0,12.8,181.0,0.22339080239723008,12.798050498001809
2026-08-10 04:00:00,26.4,79.0,0.0,16.1,185.0,1.4032074582372962,16.038734639277106
2026-08-10 05:00:00,25.7,81.0,0.2,12.4,156.0,-5.043534374139924,11.32796367476825
2026-08-10 06:00:00,26.1,81.0,0.0,10.1,151.0,-4.896577164488003,8.833659042107898
2026-08-10 07:00:00,27.6,79.0,0.0,10.2,159.0,-3.6553530853620626,9.522520350271456
2026-08-10 08:00:00,28.5,81.0,0.0,9.0,160.0,-3.0781812899310186,8.457233587073176
2026-08-10 09:00:00,29.9,73.0,0.0,12.2,180.0,7.470345474798854e-16,12.2
2026-08-10 10:00:00,30.8,70.0,0.0,11.4,162.0,-3.5227937358743997,10.842044285764752
2026-08-10 11:00:00,32.0,62.0,0.0,14.9,195.0,3.856403772027559,14.392294811707119
2026-08-10 12:00:00,32.4,59.0,0.1,17.1,208.0,8.027963723638734,15.09840383788765
2026-08-10 13:00:00,29.9,74.0,0.6,20.4,217.0,12.277026472301786,16.292164404964772
2026-08-10 14:00:00,29.7,73.0,1.6,12.6,204.0,5.124881702755083,11.510672766296771
2026-08-10 15:00:00,29.4,79.0,0.2,17.0,208.0,7.981016567360145,15.010109078601756
2026-08-10 16:00:00,29.8,71.0,0.1,18.4,217.0,11.07339642599769,14.694893384870188
2026-08-10 17:00:00,29.5,71.0,0.0,18.0,217.0,10.832670416736871,14.37543918085127
2026-08-10 18:00:00,28.5,76.0,0.0,16.2,219.0,10.194990335007367,12.589764575602928
2026-08-10 19:00:00,27.8,78.0,0.2,14.0,212.0,7.418869699264869,11.872673346189963
2026-08-10 20:00:00,28.8,70.0,0.0,7.6,181.0,0.13263828892335533,7.598842483188573
2026-08-10 21:00:00,28.2,75.0,0.0,5.4,150.0,-2.699999999999999,4.676537180435969
2026-08-10 22:00:00,27.9,79.0,0.0,4.0,153.0,-1.8159619989581868,3.5640260967534716
2026-08-10 23:00:00,27.8,80.0,0.0,5.8,164.0,-1.5986966637385944,5.57531783644225
2026-08-11 00:00:00,27.7,79.0,0.0,7.1,171.0,-1.1106847017856387,7.012587218225478
2026-08-11 01:00:00,27.7,74.0,0.0,8.0,186.0,0.8362277061412277,7.956175162946186
2026-08-11 02:00:00,27.0,83.0,0.0,5.5,131.0,-4.150902691225246,3.6083246594477902
2026-08-11 03:00:00,25.9,91.0,0.7000000000000001,4.4,99.0,-4.345828698618606,0.6883116461770163
2026-08-11 04:00:00,25.1,97.0,1.0,7.3,83.0,-7.245586906981651,-0.8896462068575753
2026-08-11 05:00:00,25.0,96.0,0.0,7.3,101.0,-7.165878439167947,1.3929056662487782
2026-08-11 06:00:00,25.2,95.0,0.0,6.4,112.0,-5.933976669227439,2.3974821978618386
2026-08-11 07:00:00,27.1,89.0,0.0,4.3,118.0,-3.796674649293386,2.01872771997933
2026-08-11 08:00:00,29.7,78.0,0.0,4.8,167.0,-1.079765060850552,4.676976310969129
2026-08-11 09:00:00,31.0,68.0,0.0,9.4,198.0,2.904759747124506,8.939931253174443
2026-08-11 10:00:00,31.5,67.0,0.1,13.1,205.0,5.536299228803163,11.872632010180114
2026-08-11 11:00:00,32.4,63.0,0.2,14.0,215.0,8.030070108914646,11.468128620045885
2026-08-11 12:00:00,32.9,62.0,0.2,13.1,214.0,7.325427035466783,10.860392200471047
2026-08-11 13:00:00,33.2,60.0,0.1,13.0,219.0,8.181165083647887,10.10289749894062
2026-08-11 14:00:00,33.3,56.0,0.3,13.4,216.0,7.87632238071914,10.840827724624296
2026-08-11 15:00:00,31.2,65.0,0.7000000000000001,13.4,209.0,6.496448911300917,11.719904075667904
2026-08-11 16:00:00,31.0,71.0,0.6,7.3,191.0,1.3929056662487778,7.165878439167947
2026-08-11 17:00:00,30.5,74.0,0.7000000000000001,7.8,167.0,-1.7546182238821473,7.6000865053248345
2026-08-11 18:00:00,29.4,80.0,0.1,8.8,165.0,-2.277607596902184,8.500147271343803
2026-08-11 19:00:00,27.7,90.0,0.5,6.6,145.0,-3.7856044799169046,5.406403492307345
2026-08-11 20:00:00,27.8,88.0,0.0,6.8,122.0,-5.766727053863696,3.603450996785793
2026-08-11 21:00:00,27.6,87.0,0.1,3.8,135.0,-2.68700576850888,2.6870057685088806
2026-08-11 22:00:00,27.1,90.0,0.0,3.1,140.0,-1.9926415900282721,2.3747377736688318
2026-08-11 23:00:00,26.4,94.0,0.0,5.2,136.0,-3.6122235263867863,3.740566961760986
2026-08-12 00:00:00,25.9,95.0,0.0,6.7,126.0,-5.420413862312147,3.938161190359571
2026-08-12 01:00:00,25.6,95.0,0.0,6.1,135.0,-4.313351365237939,4.31335136523794
2026-08-12 02:00:00,25.6,97.0,0.0,5.4,120.0,-4.676537180435969,2.6999999999999997
2026-08-12 03:00:00,25.2,96.0,0.0,7.0,119.0,-6.12233794997577,3.39366734172436
2026-08-12 04:00:00,25.0,94.0,0.0,7.5,125.0,-6.14364033216744,4.301823272632845
2026-08-12 05:00:00,25.1,91.0,0.0,8.0,134.0,-5.7547184027092095,5.557266963671977
2026-08-12 06:00:00,25.2,90.0,0.0,7.0,132.0,-5.202013778341758,4.6839142445120086
2026-08-12 07:00:00,27.2,80.0,0.0,4.1,124.0,-3.3990540474756705,2.2926909042300623
2026-08-12 08:00:00,29.5,70.0,0.0,6.9,194.0,1.669261079637707,6.695040511304376
2026-08-12 09:00:00,30.2,69.0,0.0,9.5,205.0,4.014873486536644,8.609923976848174
2026-08-12 10:00:00,30.7,71.0,0.3,13.4,206.0,5.874173366973638,12.043840220408839
2026-08-12 11:00:00,31.7,67.0,0.1,12.3,220.0,7.906287599144434,9.42234665036343
2026-08-12 12:00:00,30.3,72.0,0.6,14.7,205.0,6.212488447588282,13.322724469438754
2026-08-12 13:00:00,30.8,73.0,1.2,8.4,173.0,-1.0237024846032379,8.337387673787106
2026-08-12 14:00:00,32.0,61.0,0.1,10.3,215.0,5.907837294415776,8.437266056176616
2026-08-12 15:00:00,30.4,69.0,1.1,5.8,200.0,1.983716831288879,5.450217200558268
2026-08-12 16:00:00,31.6,63.0,0.1,6.2,190.0,1.0766187015349686,6.10580806867569
2026-08-12 17:00:00,31.3,64.0,0.0,7.6,162.0,-2.3485291572495997,7.228029523843167
2026-08-12 18:00:00,29.9,74.0,0.0,6.7,149.0,-3.450755101897364,5.743020914704153
2026-08-12 19:00:00,28.8,79.0,0.0,7.9,150.0,-3.9499999999999984,6.841600689897066
2026-08-12 20:00:00,28.7,80.0,0.0,11.1,133.0,-8.118026087972792,7.570181796693734
2026-08-12 21:00:00,28.0,82.0,0.0,8.6,150.0,-4.299999999999998,7.447818472546173
2026-08-12 22:00:00,27.4,84.0,0.0,6.1,152.0,-2.8637765329939344,5.385980316439453
2026-08-12 23:00:00,27.3,84.0,0.0,6.0,163.0,-1.75423022833642,5.737828535778213
2026-08-13 00:00:00,27.3,82.0,0.0,5.9,153.0,-2.6785439484633256,5.256938492711371
2026-08-13 01:00:00,26.7,85.0,0.0,6.3,145.0,-3.613531549011591,5.160657879020648
2026-08-13 02:00:00,26.6,86.0,0.0,3.7,125.0,-3.0308625638692703,2.12223281449887
2026-08-13 03:00:00,25.6,91.0,0.0,6.1,150.0,-3.0499999999999985,5.282754963085075
2026-08-13 04:00:00,25.3,90.0,0.0,6.7,142.0,-4.124931884681911,5.279672049165038
2026-08-13 05:00:00,24.9,90.0,0.0,6.9,133.0,-5.046340541172277,4.705788684431241
2026-08-13 06:00:00,24.9,88.0,0.0,6.0,127.0,-4.791813060283758,3.610890138912289
2026-08-13 07:00:00,27.0,80.0,0.0,5.1,153.0,-2.315351548671688,4.544133273360676
2026-08-13 08:00:00,29.1,70.0,0.0,7.1,174.0,-0.7421520892003401,7.06110545711474
2026-08-13 09:00:00,30.3,65.0,0.0,8.8,181.0,0.15358117664809567,8.798659717376244
2026-08-13 10:00:00,31.5,61.0,0.0,10.4,201.0,3.727026675271124,9.709236435570899
2026-08-13 11:00:00,32.6,56.0,0.2,11.5,211.0,5.9229378614656225,9.857423958074293
2026-08-13 12:00:00,33.4,56.0,0.1,9.4,220.0,6.04220353105347,7.200817765318393
2026-08-13 13:00:00,33.3,57.0,0.2,9.9,233.0,7.906491549468199,5.957968729205278
2026-08-13 14:00:00,33.2,56.0,0.5,9.6,232.0,7.56490323462453,5.91035016312632
2026-08-13 15:00:00,32.5,59.0,0.2,8.8,226.0,6.330190242980131,6.1129936600391765
2026-08-13 16:00:00,32.2,59.0,0.1,7.7,216.0,4.525946442652043,6.229430856687095
2026-08-13 17:00:00,31.6,61.0,0.2,6.8,215.0,3.900319767187114,5.570233901165144
2026-08-13 18:00:00,30.4,70.0,0.1,4.5,157.0,-1.7582900782017319,4.142271840535981
2026-08-13 19:00:00,28.9,79.0,0.1,6.4,130.0,-4.902684435961459,4.113840701993853
2026-08-13 20:00:00,28.5,81.0,0.0,8.8,141.0,-5.538019441238569,6.838884460821346
2026-08-13 21:00:00,28.0,82.0,0.0,7.9,168.0,-1.6425023574602988,7.727366045797066
2026-08-13 22:00:00,27.8,79.0,0.1,7.5,207.0,3.404928748046601,6.682548931412758
2026-08-13 23:00:00,27.1,84.0,0.4,8.3,214.0,4.641301098807199,6.881011852206847
2026-08-14 00:00:00,26.6,93.0,0.0,6.9,186.0,0.7212463965468089,6.862201078041086
2026-08-14 01:00:00,26.1,95.0,0.0,4.7,130.0,-3.6004088826591962,3.0211017655267356
2026-08-14 02:00:00,26.4,94.0,0.0,4.0,129.0,-3.1085838458278836,2.5172815641993496
2026-08-14 03:00:00,25.6,96.0,0.0,2.7,122.0,-2.28972985962235,1.4307820134296534
2026-08-14 04:00:00,25.1,97.0,0.0,4.2,149.0,-2.163159914622228,3.600102662948872
2026-08-14 05:00:00,24.8,96.0,0.0,5.1,138.0,-3.412566092430177,3.7900386099347103
2026-08-14 06:00:00,24.7,94.0,0.0,5.6,123.0,-4.696555180494374,3.0499785960841526
2026-08-14 07:00:00,26.3,88.0,0.0,2.3,157.0,-0.8986815955253296,2.1171611629406124
2026-08-14 08:00:00,28.7,75.0,0.0,3.8,188.0,0.5288577836482488,3.7630186612179672
2026-08-14 09:00:00,29.3,71.0,0.0,5.4,195.0,1.397622843553612,5.215999461960969
2026-08-14 10:00:00,30.2,66.0,0.0,7.5,191.0,1.431067465324087,7.36220387585748
2026-08-14 11:00:00,31.7,64.0,0.0,8.7,198.0,2.6884478510620426,8.274191691767834
2026-08-14 12:00:00,31.5,66.0,0.1,13.6,209.0,6.593410835350185,11.894828017095781
2026-08-14 13:00:00,31.1,72.0,2.2,9.9,196.0,2.7288098225882917,9.516490789789357
2026-08-14 14:00:00,33.1,60.0,1.9,9.5,207.0,4.312909747525695,8.464561979789494
2026-08-14 15:00:00,30.2,72.0,1.9,10.9,189.0,1.705135668938517,10.765802912487002
2026-08-14 16:00:00,29.7,72.0,0.5,10.4,191.0,1.9844135519160673,10.208922707855706
2026-08-14 17:00:00,29.0,77.0,0.9,11.9,170.0,-2.0664133142364705,11.719212260845277
2026-08-14 18:00:00,28.3,79.0,0.0,9.2,181.0,0.1605621392230091,9.1985987954388
2026-08-14 19:00:00,27.6,84.0,0.0,9.9,195.0,2.5623085465149553,9.562665680261777
2026-08-14 20:00:00,27.3,88.0,0.0,9.5,123.0,-7.967370395481527,5.17407083264276
2026-08-14 21:00:00,26.4,88.0,0.0,5.7,122.0,-4.8338741480916285,3.020539806129268
2026-08-14 22:00:00,25.6,92.0,0.0,4.9,141.0,-3.0836699161442027,3.8080152111391583
2026-08-14 23:00:00,25.3,96.0,0.0,5.3,192.0,1.101931961334125,5.18418228388917
2026-08-15 00:00:00,25.3,94.0,0.0,7.5,169.0,-1.431067465324086,7.36220387585748
2026-08-15 01:00:00,25.2,93.0,0.0,6.4,135.0,-4.525483399593904,4.525483399593905
2026-08-15 02:00:00,25.4,89.0,0.3,7.7,120.0,-6.668395609140179,3.8499999999999996
2026-08-15 03:00:00,24.6,92.0,0.7000000000000001,10.2,129.0,-7.926888806861102,6.419067988708341
2026-08-15 04:00:00,24.6,91.0,0.3,10.6,122.0,-8.989309819258114,5.617144200871972
2026-08-15 05:00:00,24.5,92.0,0.0,6.0,147.0,-3.2678342100901627,5.032023407672543
2026-08-15 06:00:00,24.4,96.0,0.0,6.1,178.0,-0.21288692988525582,6.096284044816484
2026-08-15 07:00:00,26.3,88.0,0.0,6.6,139.0,-4.329989591337347,4.981083229470296
2026-08-15 08:00:00,28.3,75.0,0.2,9.6,177.0,-0.5024251799322609,9.586843533643908
2026-08-15 09:00:00,28.9,75.0,0.3,9.0,181.0,0.1570716579355524,8.998629256407522
2026-08-15 10:00:00,30.3,67.0,0.0,12.2,180.0,7.470345474798854e-16,12.2
2026-08-15 11:00:00,31.4,63.0,0.0,12.1,179.0,-0.21117411789113005,12.098157111392334
2026-08-15 12:00:00,32.1,61.0,0.1,11.2,185.0,0.9761443187737711,11.157380618627549
2026-08-15 13:00:00,31.9,64.0,0.2,11.5,207.0,5.2208907470047885,10.24657502816623
2026-08-15 14:00:00,28.4,81.0,9.4,13.4,200.0,4.583069920563962,12.591881118531171
2026-08-15 15:00:00,27.8,84.0,1.5,12.1,176.0,-0.8440533323039164,12.070525008143873
2026-08-15 16:00:00,28.3,80.0,0.2,8.5,155.0,-3.5922552247959443,7.703616189811525
2026-08-15 17:00:00,28.5,78.0,0.0,7.5,140.0,-4.820907072649045,5.745333323392335
2026-08-15 18:00:00,28.1,78.0,0.0,6.1,150.0,-3.0499999999999985,5.282754963085075
2026-08-15 19:00:00,27.1,88.0,0.0,5.1,170.0,-0.8856057061013445,5.022519540362261
2026-08-15 20:00:00,26.9,92.0,0.0,2.9,176.0,-0.20229377385796346,2.89293574575349
2026-08-15 21:00:00,26.7,93.0,0.0,6.8,198.0,2.1013155617496424,6.467184310807044
2026-08-15 22:00:00,26.7,91.0,0.0,8.0,171.0,-1.2514757203218465,7.901506724761102
2026-08-15 23:00:00,26.3,92.0,0.0,8.4,160.0,-2.872969203935617,7.8934180146016315
2026-08-16 00:00:00,25.8,93.0,0.0,7.8,185.0,0.6798147934317335,7.770318645115615
2026-08-16 01:00:00,25.5,95.0,0.0,6.9,187.0,0.8408984694955177,6.848568446325122
2026-08-16 02:00:00,25.7,95.0,0.0,6.5,129.0,-5.05144874947031,4.090582541823943
2026-08-16 03:00:00,25.3,95.0,0.0,5.5,136.0,-3.8206210375244853,3.956368901862581
2026-08-16 04:00:00,24.7,96.0,0.8,6.2,111.0,-5.788198644282651,2.2218812871808615
2026-08-16 05:00:00,24.7,95.0,0.4,7.3,110.0,-6.8597561317371305,2.496747046277383
2026-08-16 06:00:00,24.7,96.0,0.0,6.0,111.0,-5.601482558983211,2.150207697271801
2026-08-16 07:00:00,25.9,95.0,0.0,2.9,158.0,-1.086359120906145,2.6888331782436836
2026-08-16 08:00:00,28.5,76.0,0.0,4.8,222.0,3.2118269105225195,3.5670951622914924
2026-08-16 09:00:00,29.6,72.0,0.0,9.4,204.0,3.8233244449125223,8.587327301840448
2026-08-16 10:00:00,30.6,68.0,0.0,10.7,205.0,4.522015400625484,9.697493321292153
2026-08-16 11:00:00,31.6,68.0,0.0,8.8,208.0,4.13134975251584,7.7699388171585575
2026-08-16 12:00:00,32.5,65.0,0.0,9.2,215.0,5.276903214429624,7.536198807458724
2026-08-16 13:00:00,30.0,78.0,1.5,8.6,234.0,6.957546151624547,5.054953169715269
2026-08-16 14:00:00,27.1,90.0,10.2,8.4,130.0,-6.434773322199415,5.3994159213669315
2026-08-16 15:00:00,26.7,94.0,2.6,6.9,104.0,-6.695040511304376,1.6692610796377074
2026-08-16 16:00:00,27.9,90.0,0.9,4.1,113.0,-3.774069899155005,1.6019976268060223
2026-08-16 17:00:00,28.3,85.0,0.2,4.3,132.0,-3.195522749552794,2.8772616073430908
2026-08-16 18:00:00,27.2,91.0,0.2,5.2,211.0,2.678197989532282,4.457269963650984
2026-08-16 19:00:00,26.7,94.0,0.1,2.4,228.0,1.7835475811457462,1.6059134552612597
2026-08-16 20:00:00,26.9,94.0,0.0,1.4,247.0,1.2887067948334165,0.5470235798849833
2026-08-16 21:00:00,26.4,98.0,0.0,1.3,286.0,1.2496402047198145,-0.35832856256209894
2026-08-16 22:00:00,26.3,98.0,0.1,0.9,349.0,0.17172809583889043,-0.8834644651028976
2026-08-16 23:00:00,26.2,98.0,0.1,0.4,90.0,-0.4,4.898587196589413e-17
2026-08-17 00:00:00,26.0,97.0,0.1,2.4,153.0,-1.089577199374912,2.138415658052083
2026-08-17 01:00:00,25.8,97.0,0.1,2.8,130.0,-2.144924440733138,1.7998053071223103
2026-08-17 02:00:00,25.9,98.0,0.0,4.0,100.0,-3.939231012048832,0.6945927106677211
2026-08-17 03:00:00,25.6,98.0,0.0,2.6,78.0,-2.5431837619078945,-0.5405703961261747
2026-08-17 04:00:00,25.4,97.0,0.0,2.4,107.0,-2.2951314143112853,0.7016920913345678
2026-08-17 05:00:00,25.0,97.0,0.0,2.6,106.0,-2.499280409439629,0.716657125124198
2026-08-17 06:00:00,24.9,97.0,0.0,3.5,105.0,-3.380740392011739,0.9058666578588236
2026-08-17 07:00:00,26.4,95.0,0.0,1.5,135.0,-1.0606601717798212,1.0606601717798214
2026-08-17 08:00:00,27.6,81.0,0.0,1.9,107.0,-1.8169790363297675,0.5555062389731995
2026-08-17 09:00:00,29.2,75.0,0.0,0.5,270.0,0.5,0.0
2026-08-17 10:00:00,30.5,71.0,0.0,2.4,306.0,1.9416407864998737,-1.4106846055019355
2026-08-17 11:00:00,31.6,65.0,0.0,3.7,317.0,2.5233939322312446,-2.706008695990931
2026-08-17 12:00:00,31.6,64.0,0.2,5.0,334.0,2.1918557339453875,-4.493970231495835
2026-08-17 13:00:00,31.4,67.0,0.3,7.3,300.0,6.321985447626402,-3.6499999999999995
2026-08-17 14:00:00,31.8,62.0,0.9,11.0,354.0,1.1498130959441881,-10.939740849051006
2026-08-17 15:00:00,31.0,67.0,0.1,9.9,5.0,-0.8628418532018167,-9.862327511108282
2026-08-17 16:00:00,30.7,68.0,0.0,9.4,353.0,1.1455718280083864,-9.329933825428427
2026-08-17 17:00:00,30.0,70.0,0.0,8.8,340.0,3.009777261265886,-8.269295062915994
2026-08-17 18:00:00,29.1,75.0,0.0,5.9,333.0,2.6785439484633264,-5.25693849271137
2026-08-17 19:00:00,28.4,80.0,0.0,2.9,266.0,2.89293574575349,0.20229377385796338
2026-08-17 20:00:00,28.3,87.0,0.0,3.8,175.0,-0.3311918224411013,3.785539852748633
2026-08-17 21:00:00,27.8,90.0,0.0,4.9,174.0,-0.5121894700115025,4.873157287304539
2026-08-17 22:00:00,27.0,94.0,0.0,6.8,151.0,-3.2967054176750916,5.9474140085478915
2026-08-17 23:00:00,26.6,94.0,0.0,7.3,150.0,-3.649999999999998,6.321985447626402
2026-08-18 00:00:00,26.2,93.0,0.0,7.9,147.0,-4.3026483766187145,6.625497486768849
2026-08-18 01:00:00,26.0,92.0,0.0,7.9,147.0,-4.3026483766187145,6.625497486768849
2026-08-18 02:00:00,26.5,92.0,0.0,7.4,133.0,-5.412017391981862,5.04678786446249
2026-08-18 03:00:00,26.1,93.0,0.0,5.7,125.0,-4.669166652447254,3.269385687200962
2026-08-18 04:00:00,25.5,95.0,0.0,5.9,117.0,-5.25693849271137,2.6785439484633264
2026-08-18 05:00:00,25.1,96.0,0.0,4.1,103.0,-3.994917265619464,0.9222993228098473
2026-08-18 06:00:00,24.9,96.0,0.0,4.3,88.0,-4.2973805561821115,-0.15006783582075386
2026-08-18 07:00:00,27.2,85.0,0.0,3.1,54.0,-2.5079526825623377,-1.8221342821066664
2026-08-18 08:00:00,29.4,76.0,0.0,2.4,351.0,0.3754427160965542,-2.3704520174283306
2026-08-18 09:00:00,30.6,67.0,0.0,3.1,329.0,1.5966180322211678,-2.6572186321765483
2026-08-18 10:00:00,31.6,62.0,0.0,4.3,312.0,3.195522749552795,-2.8772616073430903
2026-08-18 11:00:00,32.5,59.0,0.0,3.6,307.0,2.875087836170254,-2.166534083347374
2026-08-18 12:00:00,32.4,60.0,0.0,5.4,307.0,4.312631754255381,-3.2498011250210608
2026-08-18 13:00:00,32.6,63.0,0.0,7.3,293.0,6.719685430202815,-2.8523372379716982
2026-08-18 14:00:00,31.9,66.0,0.0,9.7,298.0,8.564591650731591,-4.553874159023141
2026-08-18 15:00:00,31.8,65.0,0.0,8.4,301.0,7.200205325897744,-4.326319829244455
2026-08-18 16:00:00,31.3,66.0,0.0,7.3,310.0,5.5921244347685395,-4.692349550711737
2026-08-18 17:00:00,30.6,68.0,0.0,5.6,315.0,3.9597979746446663,-3.9597979746446654
2026-08-18 18:00:00,29.8,71.0,0.0,3.8,295.0,3.4439695907392696,-1.605949394614658
2026-08-18 19:00:00,29.0,78.0,0.0,4.7,288.0,4.469965626587221,-1.4523798735622528
2026-08-18 20:00:00,29.3,78.0,0.0,5.5,289.0,5.200352165796243,-1.7906248495143617
2026-08-18 21:00:00,28.9,79.0,0.0,2.4,216.0,1.4106846055019355,1.9416407864998737
2026-08-18 22:00:00,28.1,83.0,0.0,5.8,166.0,-1.403146994478073,5.627715212400779
2026-08-18 23:00:00,27.6,86.0,0.0,6.1,156.0,-2.4810935227623814,5.572627291619865
2026-08-19 00:00:00,27.1,90.0,0.0,8.0,153.0,-3.6319239979163735,7.128052193506943
2026-08-19 01:00:00,26.9,91.0,0.0,6.9,150.0,-3.449999999999999,5.975575286112627
2026-08-19 02:00:00,27.1,90.0,0.0,5.1,135.0,-3.606244584051392,3.6062445840513924
2026-08-19 03:00:00,26.7,89.0,0.0,6.1,113.0,-5.6150796060598855,2.3834598837845697
2026-08-19 04:00:00,26.3,86.0,0.0,6.3,114.0,-5.755336383148385,2.5624408513775427
2026-08-19 05:00:00,26.1,84.0,0.0,5.4,132.0,-4.012982057577928,3.613305274337835
2026-08-19 06:00:00,25.7,85.0,0.0,6.4,119.0,-5.597566125692133,3.102781569576558
2026-08-19 07:00:00,26.6,83.0,0.0,4.0,98.0,-3.9610722749662814,0.5566924038402613
2026-08-19 08:00:00,27.9,85.0,0.1,2.6,65.0,-2.35640024629529,-1.0988074805258181
2026-08-19 09:00:00,29.2,76.0,0.0,1.0,315.0,0.7071067811865476,-0.7071067811865475
2026-08-19 10:00:00,30.2,72.0,0.0,1.4,310.0,1.0724622203665692,-0.8999026535611548
2026-08-19 11:00:00,30.3,72.0,0.1,5.3,278.0,5.248420764330323,-0.7376174350883468
2026-08-19 12:00:00,30.1,73.0,0.4,6.6,254.0,6.344327193192904,1.8192065483921944
2026-08-19 13:00:00,29.7,74.0,0.5,7.2,212.0,3.8154187024790756,6.105946292326267
2026-08-19 14:00:00,30.6,70.0,1.1,2.0,185.0,0.17431148549531628,1.992389396183491
2026-08-19 15:00:00,29.7,75.0,1.0,2.0,117.0,-1.7820130483767356,0.9079809994790937
2026-08-19 16:00:00,28.9,78.0,1.1,3.0,107.0,-2.8689142678891066,0.8771151141682099
2026-08-19 17:00:00,28.1,85.0,0.7000000000000001,7.7,169.0,-1.469229264399395,7.558529312547013
2026-08-19 18:00:00,26.9,92.0,2.1,3.5,152.0,-1.6431504697506183,3.090316575006244
2026-08-19 19:00:00,26.4,97.0,0.6,4.8,160.0,-1.6416966879632098,4.51052457977236
2026-08-19 20:00:00,26.3,90.0,0.0,4.1,299.0,3.585940799271522,-1.9877194430099818
2026-08-19 21:00:00,26.2,91.0,0.0,6.2,224.0,4.306881896845783,4.459906762099637
2026-08-19 22:00:00,25.9,93.0,0.0,3.9,167.0,-0.8773091119410736,3.8000432526624173
2026-08-19 23:00:00,25.8,93.0,0.1,4.7,148.0,-2.4906205418960625,3.9858260519352027
2026-08-20 00:00:00,25.7,93.0,0.0,7.3,150.0,-3.649999999999998,6.321985447626402
2026-08-20 01:00:00,25.3,93.0,0.0,8.1,145.0,-4.645969134443473,6.635131558740833
2026-08-20 02:00:00,25.3,93.0,0.0,6.9,143.0,-4.152523659749134,5.51058501932632
2026-08-20 03:00:00,25.0,94.0,0.0,5.4,130.0,-4.136639992842481,3.4710530923073133
2026-08-20 04:00:00,24.8,96.0,0.0,2.9,94.0,-2.89293574575349,0.20229377385796402
2026-08-20 05:00:00,24.5,98.0,0.0,2.3,113.0,-2.117161162940613,0.8986815955253296
2026-08-20 06:00:00,24.7,96.0,0.0,1.1,90.0,-1.1,1.3471114790620887e-16
2026-08-20 07:00:00,26.4,87.0,0.0,2.2,95.0,-2.1916283358018402,0.19174263404484804
2026-08-20 08:00:00,27.0,80.0,0.0,9.4,198.0,2.904759747124506,8.939931253174443
2026-08-20 09:00:00,28.2,76.0,0.4,7.4,206.0,3.243946486239173,6.651075942613836
2026-08-20 10:00:00,29.8,66.0,0.0,8.7,212.0,4.610297598828883,7.378018436560906
2026-08-20 11:00:00,30.5,63.0,0.3,13.9,209.0,6.7388537214240865,12.157213929237601
2026-08-20 12:00:00,30.8,66.0,0.6,15.0,212.0,7.948788963498074,12.72072144234639
2026-08-20 13:00:00,30.0,66.0,0.7000000000000001,19.2,214.0,10.736503746638338,15.9175213930568
2026-08-20 14:00:00,28.9,69.0,1.1,14.6,190.0,2.535263393937184,14.378193193978237
2026-08-20 15:00:00,27.9,80.0,0.4,6.9,174.0,-0.7212463965468096,6.862201078041086
2026-08-20 16:00:00,29.4,73.0,0.1,6.6,159.0,-2.365228466998982,6.161630814881531
2026-08-20 17:00:00,25.9,91.0,5.4,11.1,203.0,4.337115526230938,10.217603873322087
2026-08-20 18:00:00,25.8,93.0,2.5,6.4,153.0,-2.905539198333099,5.702441754805555
2026-08-20 19:00:00,25.5,95.0,0.4,4.9,163.0,-1.4326213531414098,4.685893304218874
2026-08-20 20:00:00,26.0,95.0,0.1,6.1,150.0,-3.0499999999999985,5.282754963085075
2026-08-20 21:00:00,25.6,94.0,0.2,5.4,160.0,-1.8469087739586112,5.074340152243906
2026-08-20 22:00:00,25.9,91.0,0.1,5.8,189.0,0.9073198972333393,5.728592375451799
2026-08-20 23:00:00,25.5,92.0,0.0,7.6,225.0,5.374011537017761,5.37401153701776
2026-08-21 00:00:00,25.1,93.0,0.2,5.9,182.0,0.2059070305447564,5.896405879412665
2026-08-21 01:00:00,25.0,94.0,2.0,3.4,122.0,-2.883363526931848,1.8017254983928965
2026-08-21 02:00:00,25.4,94.0,0.1,3.6,93.0,-3.595066325116466,0.1884094424745977
2026-08-21 03:00:00,25.0,94.0,0.0,1.4,140.0,-0.8999026535611551,1.0724622203665692
2026-08-21 04:00:00,24.8,96.0,0.0,2.2,166.0,-0.5322281703192692,2.1346505978071924
2026-08-21 05:00:00,24.8,96.0,0.0,3.3,151.0,-1.599871746812912,2.886245033560006
2026-08-21 06:00:00,24.9,94.0,0.0,8.6,221.0,5.642107649318362,6.490502389915839
2026-08-21 07:00:00,24.8,92.0,0.0,9.5,205.0,4.014873486536644,8.609923976848174
2026-08-21 08:00:00,28.0,76.0,4.0,2.2,279.0,2.1729143493093033,-0.34415582308850795
2026-08-21 09:00:00,29.1,73.0,0.0,8.8,244.0,7.909387607432671,3.8576660917438814
2026-08-21 10:00:00,29.1,70.0,0.3,14.5,219.0,9.125145670222643,11.268616441126078
2026-08-21 11:00:00,30.0,68.0,0.1,16.0,207.0,7.263847995832749,14.256104387013885
2026-08-21 12:00:00,27.5,83.0,1.2,18.3,208.0,8.591329598981803,16.157940949318363
2026-08-21 13:00:00,27.5,89.0,1.9,13.1,207.0,5.947275546588063,11.672185466867617
2026-08-21 14:00:00,26.4,92.0,2.0,12.4,190.0,2.1532374030699373,12.21161613735138
2026-08-21 15:00:00,25.5,92.0,4.6,14.1,201.0,5.0529880885887355,13.163484013610544
2026-08-21 16:00:00,26.3,96.0,4.2,9.6,193.0,2.159530121701103,9.353952621938259
2026-08-21 17:00:00,25.6,95.0,3.2,10.7,192.0,2.224655091750026,10.46617932785172
2026-08-21 18:00:00,25.2,94.0,2.9,11.1,187.0,1.352749711797137,11.017262283218674
2026-08-21 19:00:00,24.8,97.0,3.8,9.5,178.0,-0.3315452186737591,9.49421285668141
2026-08-21 20:00:00,25.3,95.0,6.8,10.4,166.0,-2.515987714236545,10.091075553270363
2026-08-21 21:00:00,25.0,96.0,0.6,9.0,154.0,-3.9453403211016975,8.089146416692502
2026-08-21 22:00:00,24.3,97.0,5.0,12.0,168.0,-2.494940289813112,11.737771208805668
2026-08-21 23:00:00,24.2,96.0,2.7,9.7,125.0,-7.945774829603221,5.563691432605145
2026-08-22 00:00:00,24.5,94.0,0.6,9.0,133.0,-6.582183314572534,6.137985240562488
2026-08-22 01:00:00,24.6,94.0,0.2,10.1,151.0,-4.896577164488003,8.833659042107898
2026-08-22 02:00:00,25.2,94.0,0.3,6.7,126.0,-5.420413862312147,3.938161190359571
2026-08-22 03:00:00,25.2,93.0,0.0,6.9,105.0,-6.664888201394571,1.785851411207395
2026-08-22 04:00:00,25.1,93.0,0.0,4.5,124.0,-3.730669076497687,2.516368065618361
2026-08-22 05:00:00,24.7,94.0,0.2,5.9,142.0,-3.6324027044213842,4.64926344627966
2026-08-22 06:00:00,24.8,95.0,0.0,4.7,162.0,-1.4523798735622526,4.469965626587222
2026-08-22 07:00:00,25.7,93.0,0.0,5.1,243.0,4.544133273360676,2.3153515486716882
2026-08-22 08:00:00,25.8,96.0,0.2,5.4,188.0,0.7515347451843536,5.34744757120448
2026-08-22 09:00:00,26.2,100.0,5.2,7.9,179.0,-0.13787401085453949,7.898796791735491
2026-08-22 10:00:00,25.8,94.0,4.0,9.3,172.0,-1.2943098389286078,9.209493039296605
2026-08-22 11:00:00,25.5,94.0,2.2,9.6,176.0,-0.6696621479436031,9.576614882494312
2026-08-22 12:00:00,26.4,90.0,1.0,10.3,182.0,0.35946481603576114,10.293725518296688
2026-08-22 13:00:00,26.3,92.0,1.4,8.9,188.0,1.2386405985445827,8.813385811799977
2026-08-22 14:00:00,28.4,80.0,1.0,10.8,198.0,3.3373835392494327,10.271410375987658
2026-08-22 15:00:00,26.2,92.0,4.4,11.6,192.0,2.4117756134860096,11.346512168512144
2026-08-22 16:00:00,26.0,90.0,3.0,12.2,194.0,2.9514471263159456,11.837607860567156
2026-08-22 17:00:00,25.8,94.0,0.7000000000000001,11.9,198.0,3.6773022330618748,11.317572543912327
2026-08-22 18:00:00,25.6,93.0,0.1,7.4,176.0,-0.5161979057065275,7.381973971922699
2026-08-22 19:00:00,25.4,93.0,0.1,3.4,137.0,-2.3187944242124945,2.48660258550518
2026-08-22 20:00:00,25.4,95.0,0.8,3.4,137.0,-2.3187944242124945,2.48660258550518
2026-08-22 21:00:00,25.5,93.0,0.0,2.9,180.0,1.7757378587636622e-16,2.9
2026-08-22 22:00:00,25.3,94.0,0.0,4.6,189.0,0.7195985391850622,4.543366366737634
2026-08-22 23:00:00,25.2,94.0,0.0,4.8,165.0,-1.2423314164921,4.636443966187528
2026-08-23 00:00:00,25.0,93.0,0.1,5.2,136.0,-3.6122235263867863,3.740566961760986
2026-08-23 01:00:00,24.9,93.0,0.1,4.2,85.0,-4.184017731985332,-0.36605411954016337
2026-08-23 02:00:00,25.0,94.0,0.0,4.0,27.0,-1.8159619989581877,-3.564026096753471
2026-08-23 03:00:00,24.6,96.0,0.0,4.4,339.0,1.5768189779993218,-4.107753876587688
2026-08-23 04:00:00,24.8,92.0,0.0,0.5,225.0,0.3535533905932738,0.35355339059327373
2026-08-23 05:00:00,24.4,94.0,1.2,0.6000000000000001,146.0,-0.33551574208244805,0.4974225435330251
2026-08-23 06:00:00,24.5,94.0,0.5,3.1,45.0,-2.192031021678298,-2.192031021678297
2026-08-23 07:00:00,24.9,94.0,0.1,6.3,37.0,-3.791434645857904,-5.031403713297944
2026-08-23 08:00:00,27.9,75.0,0.1,8.4,7.0,-1.0237024846032363,-8.337387673787106
2026-08-23 09:00:00,29.0,68.0,0.0,9.7,358.0,0.33852511801426044,-9.694091022085228
2026-08-23 10:00:00,29.1,69.0,0.0,2.8,18.0,-0.8652475842498532,-2.6629582456264296
2026-08-23 11:00:00,29.0,71.0,0.0,5.4,217.0,3.2498011250210617,4.312631754255381
2026-08-23 12:00:00,28.9,76.0,0.1,7.1,214.0,3.970269614642302,5.886166765140796
2026-08-23 13:00:00,27.6,88.0,1.1,6.8,207.0,3.0871353982289182,6.058844364480901
2026-08-23 14:00:00,26.8,84.0,1.3,1.0,158.0,-0.37460659341591207,0.9271838545667874
2026-08-23 15:00:00,27.3,82.0,0.2,3.2,34.0,-1.789417291106389,-2.6529202321761343
2026-08-23 16:00:00,27.0,85.0,0.9,7.1,15.0,-1.8376152202278964,-6.858073366652385
2026-08-23 17:00:00,26.5,93.0,1.9,5.9,259.0,5.791600382341218,1.1257730727216144
2026-08-23 18:00:00,26.0,95.0,2.7,2.6,344.0,0.7166571251241979,-2.499280409439629
2026-08-23 19:00:00,26.2,91.0,3.1,2.3,225.0,1.6263455967290592,1.626345596729059
2026-08-23 20:00:00,25.4,94.0,5.1,5.1,141.0,-3.20953399435417,3.963444403430552
2026-08-23 21:00:00,25.3,96.0,3.6,6.3,85.0,-6.276026597977997,-0.549081179310245
2026-08-23 22:00:00,25.1,96.0,3.5,3.2,183.0,0.1674750599774207,3.1956145112146364
2026-08-23 23:00:00,24.6,97.0,7.7,7.4,183.0,0.3872860761977854,7.389858557183847
2026-08-24 00:00:00,24.6,97.0,4.3,4.5,104.0,-4.366330768241984,1.0886485301985047
2026-08-24 01:00:00,24.3,98.0,4.7,8.0,152.0,-3.7557725022871273,7.063580742871415
2026-08-24 02:00:00,24.7,96.0,3.9,7.9,139.0,-5.182866329025007,5.9622056837599
2026-08-24 03:00:00,24.4,97.0,2.7,5.8,92.0,-5.796466796710755,0.20241708087450663
2026-08-24 04:00:00,24.1,98.0,5.2,4.6,239.0,3.9429695832297162,2.369175144586249
2026-08-24 05:00:00,24.1,97.0,12.5,9.1,172.0,-1.2664752187365946,9.01143942554829
2026-08-24 06:00:00,24.1,94.0,12.7,12.1,122.0,-10.261381963492754,6.4120230972217795
2026-08-24 07:00:00,23.9,95.0,3.9,9.5,143.0,-5.717242719944459,7.587037345449281
2026-08-24 08:00:00,24.8,98.0,3.2,5.0,19.0,-1.6278407722857833,-4.727592877996584
2026-08-24 09:00:00,24.8,97.0,8.0,2.5,270.0,2.5,0.0
2026-08-24 10:00:00,25.3,94.0,5.5,2.6,56.0,-2.1554976886431088,-1.4539015490239415
2026-08-24 11:00:00,26.0,93.0,1.9,4.9,92.0,-4.897015052393569,0.17100753384225562
2026-08-24 12:00:00,26.6,91.0,1.4,6.3,75.0,-6.085332705621131,-1.6305599841458809
2026-08-24 13:00:00,27.0,89.0,0.9,3.6,183.0,0.1884094424745983,3.595066325116466
2026-08-24 14:00:00,25.8,94.0,3.6,9.2,192.0,1.9127875555233869,8.998957926751011
2026-08-24 15:00:00,25.5,96.0,9.6,5.2,155.0,-2.1976149610516367,4.71280049259058
2026-08-24 16:00:00,25.5,96.0,5.8,4.9,57.0,-4.109485782932578,-2.668731271573633
2026-08-24 17:00:00,25.6,96.0,3.2,2.0,350.0,0.34729635533386083,-1.969615506024416
2026-08-24 18:00:00,25.6,94.0,2.8,4.2,65.0,-3.8064927055539304,-1.774996699310937
2026-08-24 19:00:00,25.4,95.0,0.6,2.9,169.0,-0.5533460865919799,2.8467188319982255
2026-08-24 20:00:00,25.3,97.0,0.5,1.9,112.0,-1.7616493236768958,0.7117525274902332
2026-08-24 21:00:00,25.0,97.0,0.0,2.4,77.0,-2.3384881554845647,-0.5398825304252759
2026-08-24 22:00:00,24.7,98.0,0.0,1.7000000000000002,198.0,0.5253288904374107,1.6167960777017611
2026-08-24 23:00:00,24.7,98.0,0.0,1.1,270.0,1.1,0.0
2026-08-25 00:00:00,24.6,96.0,4.9,2.3,45.0,-1.6263455967290597,-1.626345596729059
2026-08-25 01:00:00,24.5,96.0,14.4,6.7,109.0,-6.334974456515423,2.181306634862949
2026-08-25 02:00:00,24.9,93.0,15.5,9.0,102.0,-8.803328406604251,1.871205217359834
2026-08-25 03:00:00,24.3,94.0,7.2,9.1,129.0,-7.072028249258435,5.72681555855352
2026-08-25 04:00:00,24.0,96.0,8.7,5.2,134.0,-3.7405669617609862,3.6122235263867855
2026-08-25 05:00:00,23.7,99.0,8.3,4.8,127.0,-3.8334504482270058,2.888712111129831
2026-08-25 06:00:00,24.1,96.0,25.7,6.2,105.0,-5.988740122992223,1.6046780796356304
2026-08-25 07:00:00,24.3,95.0,29.3,4.8,59.0,-4.114403043370139,-2.47218275956826
2026-08-25 08:00:00,25.4,93.0,18.4,5.7,114.0,-5.207209108562824,2.3183988655320626
2026-08-25 09:00:00,25.3,94.0,1.9,2.7,176.0,-0.1883424791091384,2.6934229357015256
2026-08-25 10:00:00,25.6,94.0,0.7000000000000001,1.8,180.0,1.1021821192326179e-16,1.8
2026-08-25 11:00:00,25.6,96.0,4.5,2.4,167.0,-0.539882530425276,2.3384881554845647
2026-08-25 12:00:00,25.8,96.0,3.8,3.1,121.0,-2.657218632176548,1.5966180322211687
2026-08-25 13:00:00,26.0,94.0,4.4,4.2,130.0,-3.2173866610997073,2.6997079606834657
2026-08-25 14:00:00,27.3,84.0,2.9,6.3,141.0,-3.9647184636139747,4.896019557178917
2026-08-25 15:00:00,27.3,84.0,0.6,2.3,151.0,-1.115062126566575,2.01162532642061
2026-08-25 16:00:00,26.4,91.0,2.1,1.5,173.0,-0.18280401510772104,1.4888192274619831
2026-08-25 17:00:00,25.8,97.0,2.8,4.5,113.0,-4.142271840535981,1.7582900782017319
2026-08-25 18:00:00,25.6,96.0,1.1,3.8,73.0,-3.6339580726595346,-1.1110124779463997
2026-08-25 19:00:00,25.3,97.0,0.6,2.0,85.0,-1.992389396183491,-0.1743114854953159
2026-08-25 20:00:00,26.0,95.0,0.3,1.3,344.0,0.35832856256209894,-1.2496402047198145
2026-08-25 21:00:00,25.4,96.0,0.4,2.5,98.0,-2.475670171853926,0.3479327524001633
2026-08-25 22:00:00,24.8,98.0,0.1,1.5,45.0,-1.0606601717798214,-1.0606601717798212
2026-08-25 23:00:00,24.8,98.0,0.2,2.4,318.0,1.6059134552612597,-1.7835475811457462
2026-08-26 00:00:00,24.8,96.0,0.5,2.2,145.0,-1.2618681599723016,1.8021344974357818
2026-08-26 01:00:00,24.3,98.0,0.2,7.5,170.0,-1.3023613325019774,7.3860581475915605
2026-08-26 02:00:00,24.4,98.0,0.4,5.8,176.0,-0.4045875477159269,5.78587149150698
2026-08-26 03:00:00,24.4,98.0,0.5,6.3,143.0,-3.7914346458579047,5.031403713297944
2026-08-26 04:00:00,24.2,98.0,0.3,3.6,171.0,-0.5631640741448309,3.555678026142496
2026-08-26 05:00:00,24.0,99.0,0.3,2.2,132.0,-1.634918616050267,1.4720873339894884
2026-08-26 06:00:00,23.7,100.0,0.3,3.9,106.0,-3.7489206141594438,1.0749856876862969
2026-08-26 07:00:00,24.5,97.0,0.4,4.7,94.0,-4.688551036221174,0.32785542659739
2026-08-26 08:00:00,26.6,83.0,0.1,2.4,81.0,-2.3704520174283306,-0.3754427160965537
2026-08-26 09:00:00,28.1,77.0,0.1,3.2,133.0,-2.3403318451813457,2.1823947521999956
2026-08-26 10:00:00,29.6,71.0,0.0,4.7,189.0,0.7352419856890854,4.6421352007971475
2026-08-26 11:00:00,31.0,67.0,0.0,5.4,214.0,3.019641678742033,4.476802891797226
2026-08-26 12:00:00,30.7,67.0,0.0,6.8,241.0,5.947414008547891,3.296705417675092
2026-08-26 13:00:00,27.8,80.0,0.6,9.6,254.0,9.228112281007862,2.646118615843192
2026-08-26 14:00:00,26.5,93.0,1.6,7.6,135.0,-5.37401153701776,5.374011537017761
2026-08-26 15:00:00,27.6,86.0,0.3,6.7,134.0,-4.819576662268963,4.654211082075281
2026-08-26 16:00:00,25.8,93.0,2.7,5.3,145.0,-3.0399551126605444,4.341505834731656
2026-08-26 17:00:00,25.8,94.0,3.6,4.8,101.0,-4.711810480548787,0.9158831778074158
2026-08-26 18:00:00,25.6,94.0,1.1,0.7000000000000001,284.0,0.6792070083931976,-0.16934532691976742
2026-08-26 19:00:00,25.1,98.0,0.8,1.0,338.0,0.37460659341591196,-0.9271838545667874
2026-08-26 20:00:00,26.3,97.0,0.3,3.9,118.0,-3.4434956121498153,1.8309390948649737
2026-08-26 21:00:00,25.4,98.0,0.0,6.2,150.0,-3.0999999999999988,5.36935750346352
2026-08-26 22:00:00,25.1,97.0,0.1,6.7,161.0,-2.1813066348629495,6.334974456515423
2026-08-26 23:00:00,24.8,98.0,0.0,6.7,172.0,-0.9324597764324379,6.6347960605685214
2026-08-27 00:00:00,24.5,98.0,0.0,6.1,166.0,-1.4757235631579735,5.918803930283578
2026-08-27 01:00:00,24.6,97.0,0.0,8.1,179.0,-0.14136449214199615,8.098766330766768
2026-08-27 02:00:00,25.4,95.0,0.0,8.0,166.0,-1.9353751647973423,7.762365810207972
2026-08-27 03:00:00,24.8,95.0,0.0,8.5,159.0,-3.0461275711350524,7.9354336252262145
2026-08-27 04:00:00,24.5,95.0,0.0,6.2,144.0,-3.644268564213333,5.0159053651246746
2026-08-27 05:00:00,23.5,98.0,0.2,6.3,108.0,-5.991656052659467,1.9468070645621693
2026-08-27 06:00:00,23.4,98.0,0.2,7.6,115.0,-6.887939181478539,3.211898789229316
2026-08-27 07:00:00,25.1,93.0,0.0,6.3,129.0,-4.896019557178916,3.9647184636139756
2026-08-27 08:00:00,25.2,96.0,1.3,5.9,50.0,-4.51966221440197,-3.792446897150582
2026-08-27 09:00:00,27.0,92.0,2.6,3.2,199.0,1.0418180942629016,3.0256594419178136
2026-08-27 10:00:00,26.8,91.0,1.9,9.0,190.0,1.5628335990023738,8.863269777109872
2026-08-27 11:00:00,28.5,78.0,0.2,6.5,174.0,-0.6794350112397481,6.4643923198937765
2026-08-27 12:00:00,29.6,74.0,0.0,5.8,154.0,-2.5425526513766497,5.213005468535168
2026-08-27 13:00:00,29.0,80.0,0.9,3.9,167.0,-0.8773091119410736,3.8000432526624173
2026-08-27 14:00:00,31.7,68.0,0.3,6.7,226.0,4.819576662268963,4.654211082075282
2026-08-27 15:00:00,29.7,77.0,0.3,3.9,152.0,-1.8309390948649746,3.443495612149815
2026-08-27 16:00:00,26.4,90.0,1.0,13.1,162.0,-4.04812262631181,12.458840363466512
2026-08-27 17:00:00,26.7,89.0,0.5,9.6,147.0,-5.22853473614426,8.05123745227607
2026-08-27 18:00:00,26.7,90.0,0.0,7.3,169.0,-1.392905666248777,7.165878439167947
2026-08-27 19:00:00,26.1,93.0,0.0,8.1,156.0,-3.294566808913982,7.399718206905066
2026-08-27 20:00:00,27.3,91.0,0.0,8.3,174.0,-0.8675862451215246,8.25453173155667
2026-08-27 21:00:00,26.9,91.0,0.0,9.5,165.0,-2.458780928473948,9.176295349746148
2026-08-27 22:00:00,26.5,90.0,0.0,9.7,156.0,-3.9453454378352624,8.861390939133228
2026-08-27 23:00:00,26.2,87.0,0.0,10.7,151.0,-5.187462936635805,9.358430866391535
2026-08-28 00:00:00,26.1,85.0,0.0,10.1,140.0,-6.4921548578340476,7.737048875501678
2026-08-28 01:00:00,25.8,85.0,0.0,10.7,136.0,-7.432844563911272,7.696935863623566
2026-08-28 02:00:00,26.2,84.0,0.0,9.9,134.0,-7.121464023352647,6.877117867544072
2026-08-28 03:00:00,26.0,83.0,0.0,10.4,136.0,-7.224447052773573,7.481133923521972
2026-08-28 04:00:00,25.4,83.0,0.1,8.5,156.0,-3.457261466144302,7.765136389962107
2026-08-28 05:00:00,24.7,91.0,1.1,6.2,221.0,4.067565979741145,4.679199397381186
2026-08-28 06:00:00,23.7,97.0,8.6,11.2,210.0,5.6000000000000005,9.699484522385712
2026-08-28 07:00:00,24.8,93.0,1.7000000000000002,13.0,163.0,-3.8008321613955767,12.431961827519462
2026-08-28 08:00:00,28.4,77.0,0.0,10.7,163.0,-3.128377240533282,10.23246088880448
2026-08-28 09:00:00,29.5,74.0,0.0,13.0,180.0,7.960204194457795e-16,13.0
2026-08-28 10:00:00,26.6,91.0,2.3,9.4,200.0,3.214989347261287,8.833110635387538
2026-08-28 11:00:00,28.8,81.0,0.5,9.8,116.0,-8.808181653731838,4.296037238532958
2026-08-28 12:00:00,30.2,74.0,0.1,12.2,193.0,2.744402862995152,11.88731479037987
2026-08-28 13:00:00,27.6,85.0,1.8,13.2,197.0,3.859306502340125,12.623222778712067
2026-08-28 14:00:00,28.1,84.0,0.9,9.3,122.0,-7.886847294254762,4.928249157368806
2026-08-28 15:00:00,28.5,82.0,0.5,11.0,140.0,-7.070663706551933,8.426488874308758
2026-08-28 16:00:00,28.8,82.0,0.1,11.1,151.0,-5.381386784734341,9.708278749247294
2026-08-28 17:00:00,28.7,80.0,0.0,11.1,157.0,-4.337115526230939,10.217603873322087
2026-08-28 18:00:00,28.1,83.0,0.0,8.9,159.0,-3.1894747509531727,8.308865795825096
2026-08-28 19:00:00,27.3,85.0,0.0,6.8,155.0,-2.8738041798367555,6.16289295184922
2026-08-28 20:00:00,27.4,85.0,0.0,3.9,114.0,-3.562827284806143,1.5862729079956217
2026-08-28 21:00:00,27.5,82.0,0.0,4.2,173.0,-0.5118512423016189,4.168693836893553
2026-08-28 22:00:00,27.4,83.0,0.0,5.5,167.0,-1.2372307988912576,5.359035356318794
2026-08-28 23:00:00,26.7,86.0,0.0,3.6,120.0,-3.1176914536239795,1.7999999999999998
2026-08-29 00:00:00,26.2,88.0,0.0,3.6,110.0,-3.38289343482927,1.231272515972408
2026-08-29 01:00:00,26.2,87.0,0.0,6.0,131.0,-4.528257481336632,3.9363541739430437
2026-08-29 02:00:00,26.0,87.0,0.0,10.0,206.0,4.383711467890775,8.98794046299167
2026-08-29 03:00:00,25.3,89.0,0.0,5.9,137.0,-4.023790324368741,4.314986839553106
2026-08-29 04:00:00,24.8,92.0,0.0,4.1,167.0,-0.9222993228098465,3.9949172656194643
2026-08-29 05:00:00,24.7,92.0,0.0,4.6,129.0,-3.5748714227020657,2.8948737988292517
2026-08-29 06:00:00,24.6,92.0,0.0,7.7,102.0,-7.531736525650304,1.6009200192967468
2026-08-29 07:00:00,26.5,84.0,0.0,6.0,107.0,-5.737828535778213,1.7542302283364197
2026-08-29 08:00:00,29.0,75.0,0.0,1.8,96.0,-1.790139411662892,0.18815123388177674
2026-08-29 09:00:00,30.3,71.0,0.1,2.4,36.0,-1.4106846055019358,-1.9416407864998735
2026-08-29 10:00:00,31.3,68.0,0.0,3.7,305.0,3.03086256386927,-2.1222328144988705
2026-08-29 11:00:00,31.9,66.0,0.0,5.5,259.0,5.3989495089621515,1.0494494745709964
2026-08-29 12:00:00,30.9,67.0,0.7000000000000001,11.8,201.0,4.228741804634545,11.01624903266698
2026-08-29 13:00:00,30.5,68.0,1.2,11.0,190.0,1.9101299543362344,10.832885283134289
2026-08-29 14:00:00,28.8,81.0,1.2,4.3,204.0,1.7489675652259409,3.9282454678631837
2026-08-29 15:00:00,27.2,89.0,7.2,4.7,196.0,1.2954955723398962,4.517929970910099
2026-08-29 16:00:00,27.6,89.0,0.6,4.9,39.0,-3.083669916144206,-3.808015211139156
2026-08-29 17:00:00,28.1,85.0,0.2,2.7,53.0,-2.1563158771276907,-1.6249005625105308
2026-08-29 18:00:00,26.8,95.0,2.0,2.8,195.0,0.7246933262870581,2.7045923136093912
2026-08-29 19:00:00,26.4,98.0,0.7000000000000001,1.9,236.0,1.575171387854579,1.0624665165944192
2026-08-29 20:00:00,26.8,96.0,1.1,4.4,52.0,-3.467247315869577,-2.708910491432896
2026-08-29 21:00:00,26.2,96.0,0.0,3.3,49.0,-2.490541614735148,-2.1649947956686733
2026-08-29 22:00:00,26.1,95.0,0.0,0.9,79.0,-0.8834644651028976,-0.17172809583889026
2026-08-29 23:00:00,26.0,95.0,0.0,1.4,50.0,-1.0724622203665692,-0.8999026535611548
2026-08-30 00:00:00,25.7,95.0,0.0,1.8,24.0,-0.7321259575364402,-1.6443818237566818
2026-08-30 01:00:00,25.4,96.0,0.0,3.1,13.0,-0.6973482684659823,-3.020547200834229
2026-08-30 02:00:00,25.9,95.0,0.0,2.2,48.0,-1.6349186160502676,-1.4720873339894882
2026-08-30 03:00:00,25.5,96.0,0.2,3.7,43.0,-2.523393932231245,-2.706008695990931
2026-08-30 04:00:00,25.4,95.0,0.1,1.7000000000000002,49.0,-1.2830062863787128,-1.115300349283862
2026-08-30 05:00:00,25.4,95.0,0.0,2.3,39.0,-1.447436899414627,-1.7874357113510322
2026-08-30 06:00:00,25.4,94.0,0.0,2.9,43.0,-1.9777952441812459,-2.1209257346955943
2026-08-30 07:00:00,26.3,89.0,0.0,4.4,19.0,-1.4324998796114894,-4.160281732636994
2026-08-30 08:00:00,28.4,79.0,0.0,0.9,323.0,0.5416335208368436,-0.7187719590425635
2026-08-30 09:00:00,29.6,73.0,0.0,3.9,313.0,2.8522794363147645,-2.659793604243744
2026-08-30 10:00:00,30.5,69.0,0.0,6.3,336.0,2.5624408513775414,-5.755336383148386
2026-08-30 11:00:00,31.0,67.0,0.0,9.6,347.0,2.159530121701103,-9.353952621938259
2026-08-30 12:00:00,31.0,66.0,0.2,10.2,334.0,4.47138569724859,-9.167699272251504
2026-08-30 13:00:00,28.4,79.0,0.8,8.8,314.0,6.330190242980131,-6.1129936600391765
2026-08-30 14:00:00,28.7,78.0,3.1,6.4,306.0,5.177708763999664,-3.761825614671828
2026-08-30 15:00:00,26.6,86.0,8.0,3.0,245.0,2.7189233611099497,1.2678547852220983
2026-08-30 16:00:00,26.1,92.0,6.6,1.6,96.0,-1.5912350325892373,0.16724554122824598
2026-08-30 17:00:00,26.1,94.0,1.8,4.0,69.0,-3.734321705988807,-1.4334717981812017
2026-08-30 18:00:00,26.1,96.0,1.1,3.0,57.0,-2.516011703836272,-1.6339171050450814
2026-08-30 19:00:00,26.0,98.0,0.1,3.8,357.0,0.19887663372318706,-3.7947922320673806
2026-08-30 20:00:00,26.6,96.0,0.0,3.1,45.0,-2.192031021678298,-2.192031021678297
2026-08-30 21:00:00,26.2,97.0,0.0,3.7,14.0,-0.8951110137187709,-3.590094187221187
2026-08-30 22:00:00,26.2,95.0,0.0,0.8,27.0,-0.36319239979163753,-0.7128052193506943
2026-08-30 23:00:00,25.6,96.0,0.0,2.8,101.0,-2.748556113653459,0.5342651870543259
2026-08-31 00:00:00,25.2,97.0,0.0,2.0,95.0,-1.992389396183491,0.1743114854953164
2026-08-31 01:00:00,24.9,98.0,0.0,3.2,56.0,-2.6529202321761343,-1.7894172911063895
2026-08-31 02:00:00,25.3,95.0,0.0,1.4,90.0,-1.4,1.7145055188062944e-16
2026-08-31 03:00:00,25.1,94.0,0.0,3.6,57.0,-3.0192140446035265,-1.9607005260540975
2026-08-31 04:00:00,24.8,94.0,0.0,3.0,65.0,-2.71892336110995,-1.2678547852220978
2026-08-31 05:00:00,24.8,92.0,0.0,5.1,36.0,-2.9977047866916133,-4.125986671312231
2026-08-31 06:00:00,24.8,93.0,0.0,1.2,231.0,0.9325751537483651,0.7551844692598049
2026-08-31 07:00:00,25.4,94.0,0.0,0.9,143.0,-0.5416335208368436,0.7187719590425634
2026-08-31 08:00:00,26.9,88.0,0.1,3.7,293.0,3.4058679577740296,-1.445705175410313
2026-08-31 09:00:00,27.4,83.0,0.5,3.5,294.0,3.197409101749103,-1.4235782507653008
2026-08-31 10:00:00,28.0,81.0,1.1,2.5,278.0,2.475670171853926,-0.3479327524001636
2026-08-31 11:00:00,27.8,82.0,0.9,5.3,225.0,3.747665940288702,3.7476659402887016
2026-08-31 12:00:00,25.2,100.0,3.8,5.1,207.0,2.3153515486716887,4.544133273360675
2026-08-31 13:00:00,25.9,95.0,0.8,3.7,223.0,2.5233939322312446,2.706008695990931
2026-08-31 14:00:00,27.2,87.0,1.2,3.3,279.0,3.2593715239639547,-0.5162337346327618
2026-08-31 15:00:00,27.0,84.0,1.8,4.2,190.0,0.7293223462011078,4.136192562651273
2026-08-31 16:00:00,26.3,90.0,2.3,5.5,169.0,-1.0494494745709964,5.3989495089621515
2026-08-31 17:00:00,26.1,90.0,0.3,6.2,170.0,-1.076618701534968,6.10580806867569
2026-08-31 18:00:00,25.4,95.0,0.6,6.7,189.0,1.0481109157695472,6.617511881987423
2026-08-31 19:00:00,24.8,97.0,0.4,9.3,212.0,4.928249157368806,7.886847294254762
2026-08-31 20:00:00,25.3,97.0,0.5,1.8,45.0,-1.272792206135786,-1.2727922061357855
2026-08-31 21:00:00,25.2,98.0,0.1,2.3,58.0,-1.9505106211597798,-1.218814307736371
2026-08-31 22:00:00,25.0,97.0,2.2,1.1,360.0,6.735557395310444e-17,-1.1
2026-08-31 23:00:00,24.9,96.0,3.7,1.9,73.0,-1.8169790363297673,-0.5555062389731998
2026-09-01 00:00:00,24.9,95.0,1.4,3.3,84.0,-3.2819222547153015,-0.3449439287832565
2026-09-01 01:00:00,24.9,94.0,1.4,2.9,90.0,-2.9,3.5514757175273243e-16
2026-09-01 02:00:00,25.0,94.0,1.4,2.9,97.0,-2.8783838397598336,0.35342109587492787
2026-09-01 03:00:00,25.0,94.0,1.0,2.9,97.0,-2.8783838397598336,0.35342109587492787
2026-09-01 04:00:00,25.1,94.0,1.0,3.2,90.0,-3.2,3.9188697572715305e-16
2026-09-01 05:00:00,25.2,94.0,1.0,3.3,77.0,-3.2154212137912763,-0.7423384793347544
2026-09-01 06:00:00,25.3,95.0,1.0,3.8,73.0,-3.6339580726595346,-1.1110124779463997
2026-09-01 07:00:00,25.4,95.0,1.0,3.4,72.0,-3.2335921554035223,-1.0506577808748208
2026-09-01 08:00:00,25.5,95.0,1.0,3.0,76.0,-2.9108871788279895,-0.7257656867990026
2026-09-01 09:00:00,25.7,95.0,1.8,1.8,101.0,-1.7669289302057951,0.34345619167778096
2026-09-01 10:00:00,26.0,95.0,1.8,2.5,172.0,-0.3479327524001634,2.475670171853926
2026-09-01 11:00:00,26.3,94.0,1.8,4.8,193.0,1.0797650608505516,4.676976310969129
2026-09-01 12:00:00,26.6,94.0,1.8,7.4,203.0,2.8914103508206255,6.811735915548059
2026-09-01 13:00:00,26.7,94.0,1.8,9.2,206.0,4.033014550459512,8.268905225952336
2026-09-01 14:00:00,26.8,94.0,1.8,10.1,207.0,4.585304047369423,8.999165894302514
2026-09-01 15:00:00,26.6,94.0,2.2,9.7,207.0,4.403707847473604,8.642763284627167
2026-09-01 16:00:00,26.4,95.0,2.2,8.0,207.0,3.6319239979163744,7.128052193506942
2026-09-01 17:00:00,26.0,95.0,2.2,6.0,205.0,2.5357095704441965,5.437846722219899
2026-09-01 18:00:00,25.6,96.0,2.2,3.4,198.0,1.0506577808748212,3.233592155403522
2026-09-01 19:00:00,25.3,96.0,2.2,1.5,166.0,-0.36288284339950166,1.4554435894139948
2026-09-01 20:00:00,25.0,96.0,2.2,1.1,108.0,-1.0461621679246689,0.3399186938124423
2026-09-01 21:00:00,24.9,95.0,0.1,1.5,76.0,-1.4554435894139948,-0.3628828433995013
2026-09-01 22:00:00,24.8,94.0,0.1,1.9,68.0,-1.761649323676896,-0.7117525274902328
2026-09-01 23:00:00,24.7,93.0,0.1,2.4,63.0,-2.138415658052083,-1.089577199374912
2026-09-02 00:00:00,24.6,92.0,0.1,2.4,63.0,-2.138415658052083,-1.089577199374912
2026-09-02 01:00:00,24.7,91.0,0.1,2.6,56.0,-2.1554976886431088,-1.4539015490239415
2026-09-02 02:00:00,24.8,90.0,0.1,2.6,56.0,-2.1554976886431088,-1.4539015490239415
2026-09-02 03:00:00,25.1,89.0,0.3,2.6,56.0,-2.1554976886431088,-1.4539015490239415
2026-09-02 04:00:00,25.4,89.0,0.3,2.3,51.0,-1.7874357113510326,-1.4474368994146265
2026-09-02 05:00:00,25.8,88.0,0.3,2.3,51.0,-1.7874357113510326,-1.4474368994146265
2026-09-02 06:00:00,26.3,88.0,0.3,1.8,53.0,-1.437543918085127,-1.0832670416736871
2026-09-02 07:00:00,26.7,88.0,0.3,1.5,45.0,-1.0606601717798214,-1.0606601717798212
2026-09-02 08:00:00,27.1,87.0,0.3,1.3,34.0,-0.7269507745119705,-1.0777488443215544
2026-09-02 09:00:00,27.6,86.0,0.7000000000000001,1.1,18.0,-0.33991869381244233,-1.0461621679246689
2026-09-02 10:00:00,28.1,85.0,0.7000000000000001,1.5,346.0,0.3628828433995015,-1.4554435894139948
2026-09-02 11:00:00,28.7,84.0,0.7000000000000001,2.1,329.0,1.0815799573111138,-1.800051331474436
2026-09-02 12:00:00,29.1,83.0,0.7000000000000001,2.3,321.0,1.447436899414626,-1.7874357113510329
2026-09-02 13:00:00,29.5,82.0,0.7000000000000001,2.8,320.0,1.7998053071223101,-2.1449244407331385
2026-09-02 14:00:00,29.6,82.0,0.7000000000000001,3.1,315.0,2.1920310216782974,-2.192031021678297
2026-09-02 15:00:00,29.4,83.0,1.2,3.1,315.0,2.1920310216782974,-2.192031021678297
2026-09-02 16:00:00,29.0,85.0,1.2,2.5,315.0,1.7677669529663689,-1.7677669529663687
2026-09-02 17:00:00,28.5,87.0,1.2,2.0,315.0,1.4142135623730951,-1.414213562373095
2026-09-02 18:00:00,28.0,89.0,1.2,1.3,326.0,0.7269507745119709,-1.0777488443215544
2026-09-02 19:00:00,27.4,91.0,1.2,0.8,333.0,0.3631923997916375,-0.7128052193506943
2026-09-02 20:00:00,27.1,92.0,1.2,0.7000000000000001,360.0,4.2862637970157366e-17,-0.7000000000000001
2026-09-02 21:00:00,26.8,92.0,0.9,0.8,27.0,-0.36319239979163753,-0.7128052193506943
2026-09-02 22:00:00,26.6,92.0,0.9,0.8,27.0,-0.36319239979163753,-0.7128052193506943
2026-09-02 23:00:00,26.5,92.0,0.9,1.3,34.0,-0.7269507745119705,-1.0777488443215544
2026-09-03 00:00:00,26.4,91.0,0.9,1.5,45.0,-1.0606601717798214,-1.0606601717798212
2026-09-03 01:00:00,26.3,90.0,0.9,1.8,37.0,-1.083267041673687,-1.437543918085127
2026-09-03 02:00:00,26.4,90.0,0.9,1.8,37.0,-1.083267041673687,-1.437543918085127
2026-09-03 03:00:00,26.5,90.0,1.1,1.8,37.0,-1.083267041673687,-1.437543918085127
2026-09-03 04:00:00,26.7,90.0,1.1,1.6,27.0,-0.7263847995832751,-1.4256104387013886
2026-09-03 05:00:00,27.0,90.0,1.1,1.6,27.0,-0.7263847995832751,-1.4256104387013886
2026-09-03 06:00:00,27.3,90.0,1.1,1.5,14.0,-0.36288284339950166,-1.4554435894139948
2026-09-03 07:00:00,27.6,90.0,1.1,1.5,14.0,-0.36288284339950166,-1.4554435894139948
2026-09-03 08:00:00,27.8,90.0,1.1,1.4,360.0,8.572527594031472e-17,-1.4
2026-09-03 09:00:00,28.1,90.0,2.0,1.5,346.0,0.3628828433995015,-1.4554435894139948
2026-09-03 10:00:00,28.4,89.0,2.0,1.1,342.0,0.3399186938124422,-1.0461621679246689
2026-09-03 11:00:00,28.7,88.0,2.0,1.3,326.0,0.7269507745119709,-1.0777488443215544
2026-09-03 12:00:00,28.9,87.0,2.0,1.5,315.0,1.0606601717798214,-1.0606601717798212
2026-09-03 13:00:00,29.1,87.0,2.0,1.3,304.0,1.0777488443215542,-0.726950774511971
2026-09-03 14:00:00,29.1,87.0,2.0,1.3,304.0,1.0777488443215542,-0.726950774511971
2026-09-03 15:00:00,28.9,88.0,2.7,1.0,315.0,0.7071067811865476,-0.7071067811865475
2026-09-03 16:00:00,28.5,89.0,2.7,0.8,333.0,0.3631923997916375,-0.7128052193506943
2026-09-03 17:00:00,28.0,90.0,2.7,1.1,360.0,6.735557395310444e-17,-1.1
2026-09-03 18:00:00,27.5,92.0,2.7,1.3,34.0,-0.7269507745119705,-1.0777488443215544
2026-09-03 19:00:00,27.0,93.0,2.7,1.5,45.0,-1.0606601717798214,-1.0606601717798212
2026-09-03 20:00:00,26.7,94.0,2.7,1.8,53.0,-1.437543918085127,-1.0832670416736871
2026-09-03 21:00:00,26.4,94.0,1.4,2.1,59.0,-1.800051331474436,-1.0815799573111138
2026-09-03 22:00:00,26.3,94.0,1.4,1.9,68.0,-1.761649323676896,-0.7117525274902328
2026-09-03 23:00:00,26.1,94.0,1.4,2.3,72.0,-2.187429987478853,-0.7107390870623786
2026-09-04 00:00:00,26.0,93.0,1.4,2.3,72.0,-2.187429987478853,-0.7107390870623786
2026-09-04 01:00:00,26.0,92.0,1.4,2.2,81.0,-2.1729143493093033,-0.3441558230885076
2026-09-04 02:00:00,26.1,92.0,1.4,2.2,81.0,-2.1729143493093033,-0.3441558230885076
2026-09-04 03:00:00,26.2,92.0,0.8,2.2,81.0,-2.1729143493093033,-0.3441558230885076
2026-09-04 04:00:00,26.4,91.0,0.8,1.8,79.0,-1.7669289302057951,-0.3434561916777805
2026-09-04 05:00:00,26.7,91.0,0.8,1.5,76.0,-1.4554435894139948,-0.3628828433995013
2026-09-04 06:00:00,27.1,91.0,0.8,1.5,76.0,-1.4554435894139948,-0.3628828433995013
2026-09-04 07:00:00,27.4,90.0,0.8,1.1,72.0,-1.046162167924669,-0.33991869381244205
2026-09-04 08:00:00,27.6,90.0,0.8,0.8,63.0,-0.7128052193506944,-0.36319239979163737
2026-09-04 09:00:00,27.9,89.0,1.7000000000000002,0.8,27.0,-0.36319239979163753,-0.7128052193506943
2026-09-04 10:00:00,28.1,89.0,1.7000000000000002,1.1,360.0,6.735557395310444e-17,-1.1
2026-09-04 11:00:00,28.4,88.0,1.7000000000000002,1.5,346.0,0.3628828433995015,-1.4554435894139948
2026-09-04 12:00:00,28.6,87.0,1.7000000000000002,1.8,349.0,0.34345619167778085,-1.7669289302057951
2026-09-04 13:00:00,28.7,87.0,1.7000000000000002,2.3,342.0,0.7107390870623791,-2.1874299874788528
2026-09-04 14:00:00,28.7,87.0,1.7000000000000002,2.3,342.0,0.7107390870623791,-2.1874299874788528
2026-09-04 15:00:00,28.5,87.0,1.7000000000000002,2.2,351.0,0.34415582308850806,-2.1729143493093033
2026-09-04 16:00:00,28.2,88.0,1.7000000000000002,1.8,360.0,1.1021821192326179e-16,-1.8
2026-09-04 17:00:00,27.8,89.0,1.7000000000000002,1.8,11.0,-0.3434561916777803,-1.7669289302057951
2026-09-04 18:00:00,27.3,90.0,1.7000000000000002,1.8,37.0,-1.083267041673687,-1.437543918085127
2026-09-04 19:00:00,26.9,91.0,1.7000000000000002,1.8,53.0,-1.437543918085127,-1.0832670416736871
2026-09-04 20:00:00,26.6,92.0,1.7000000000000002,1.9,68.0,-1.761649323676896,-0.7117525274902328
2026-09-04 21:00:00,26.3,92.0,0.6,1.8,79.0,-1.7669289302057951,-0.3434561916777805
2026-09-04 22:00:00,26.1,93.0,0.6,1.8,79.0,-1.7669289302057951,-0.3434561916777805
2026-09-04 23:00:00,25.9,93.0,0.6,1.8,90.0,-1.8,2.2043642384652358e-16
2026-09-05 00:00:00,25.8,92.0,0.6,1.8,101.0,-1.7669289302057951,0.34345619167778096
2026-09-05 01:00:00,25.8,92.0,0.6,1.5,104.0,-1.4554435894139948,0.3628828433995016
2026-09-05 02:00:00,25.8,92.0,0.6,1.5,104.0,-1.4554435894139948,0.3628828433995016
2026-09-05 03:00:00,26.0,92.0,0.3,1.1,108.0,-1.0461621679246689,0.3399186938124423
2026-09-05 04:00:00,26.3,91.0,0.3,1.1,90.0,-1.1,1.3471114790620887e-16
2026-09-05 05:00:00,26.6,91.0,0.3,0.8,63.0,-0.7128052193506944,-0.36319239979163737
2026-09-05 06:00:00,27.0,90.0,0.3,1.1,18.0,-0.33991869381244233,-1.0461621679246689
2026-09-05 07:00:00,27.4,89.0,0.3,1.4,360.0,8.572527594031472e-17,-1.4
2026-09-05 08:00:00,27.8,88.0,0.3,2.2,351.0,0.34415582308850806,-2.1729143493093033
2026-09-05 09:00:00,28.3,86.0,0.4,3.0,346.0,0.725765686799003,-2.9108871788279895
2026-09-05 10:00:00,29.0,84.0,0.4,4.5,346.0,1.0886485301985045,-4.366330768241984
2026-09-05 11:00:00,29.6,82.0,0.4,5.5,349.0,1.049449474570997,-5.3989495089621515
2026-09-05 12:00:00,30.2,79.0,0.4,7.0,348.0,1.4553818357243162,-6.847033205136639
2026-09-05 13:00:00,30.6,78.0,0.4,7.7,349.0,1.4692292643993958,-7.558529312547013
2026-09-05 14:00:00,30.7,77.0,0.4,8.0,350.0,1.3891854213354433,-7.878462024097664
2026-09-05 15:00:00,30.4,78.0,0.2,7.6,352.0,1.0577155672964975,-7.5260373224359345
2026-09-05 16:00:00,29.8,79.0,0.2,6.8,357.0,0.35588450245201897,-6.790680836331102
2026-09-05 17:00:00,29.1,82.0,0.2,5.8,4.0,-0.40458754771592836,-5.78587149150698
2026-09-05 18:00:00,28.3,84.0,0.2,4.8,13.0,-1.0797650608505531,-4.6769763109691285
2026-09-05 19:00:00,27.5,86.0,0.2,4.0,27.0,-1.8159619989581877,-3.564026096753471
2026-09-05 20:00:00,26.9,88.0,0.2,3.6,37.0,-2.166534083347374,-2.875087836170254
2026-09-05 21:00:00,26.3,89.0,0.0,3.6,45.0,-2.545584412271572,-2.545584412271571
2026-09-05 22:00:00,25.8,89.0,0.0,3.1,54.0,-2.5079526825623377,-1.8221342821066664
2026-09-05 23:00:00,25.3,90.0,0.0,2.9,60.0,-2.5114736709748717,-1.4500000000000002
2026-09-06 00:00:00,24.8,89.0,0.0,2.9,60.0,-2.5114736709748717,-1.4500000000000002
2026-09-06 01:00:00,24.5,89.0,0.0,2.7,67.0,-2.485363104321589,-1.0549740469210387
2026-09-06 02:00:00,24.5,89.0,0.0,2.4,63.0,-2.138415658052083,-1.089577199374912
2026-09-06 03:00:00,24.7,89.0,0.0,2.1,59.0,-1.800051331474436,-1.0815799573111138
2026-09-06 04:00:00,25.0,88.0,0.0,1.8,53.0,-1.437543918085127,-1.0832670416736871
2026-09-06 05:00:00,25.6,88.0,0.0,1.8,37.0,-1.083267041673687,-1.437543918085127
2026-09-06 06:00:00,26.2,87.0,0.0,1.6,27.0,-0.7263847995832751,-1.4256104387013886
2026-09-06 07:00:00,26.9,86.0,0.0,1.8,360.0,1.1021821192326179e-16,-1.8
2026-09-06 08:00:00,27.5,84.0,0.0,2.5,352.0,0.34793275240016364,-2.475670171853926
2026-09-06 09:00:00,28.2,82.0,0.0,3.3,347.0,0.7423384793347542,-3.2154212137912763
2026-09-06 10:00:00,29.0,78.0,0.0,4.9,343.0,1.4326213531414103,-4.685893304218874
2026-09-06 11:00:00,29.9,74.0,0.0,6.5,341.0,2.116193003971519,-6.145870741395559
2026-09-06 12:00:00,30.7,71.0,0.0,7.6,341.0,2.474317973874391,-7.185941174554807
2026-09-06 13:00:00,31.2,69.0,0.0,8.8,341.0,2.8649997592229797,-8.320563465273988
2026-09-06 14:00:00,31.3,68.0,0.0,9.1,342.0,2.8120546488120217,-8.654614298285896
2026-09-06 15:00:00,30.9,69.0,0.0,8.7,343.0,2.5436338310878095,-8.319851376878407
2026-09-06 16:00:00,30.1,73.0,0.0,7.3,349.0,1.3929056662487778,-7.165878439167947
2026-09-06 17:00:00,29.0,77.0,0.0,6.2,353.0,0.7555899291119145,-6.153786140176196
2026-09-06 18:00:00,27.9,82.0,0.0,4.3,5.0,-0.37476969381493047,-4.283637201794505
2026-09-06 19:00:00,26.7,85.0,0.0,3.5,24.0,-1.4235782507653003,-3.1974091017491033
2026-09-06 20:00:00,25.8,88.0,0.0,3.1,45.0,-2.192031021678298,-2.192031021678297
2026-09-06 21:00:00,25.0,89.0,0.0,2.9,60.0,-2.5114736709748717,-1.4500000000000002
2026-09-06 22:00:00,24.3,89.0,0.0,3.1,69.0,-2.8940993221413254,-1.1109406435904314
2026-09-06 23:00:00,23.5,89.0,0.0,2.9,83.0,-2.878383839759834,-0.3534210958749272
2026-09-07 00:00:00,22.9,89.0,0.0,2.9,90.0,-2.9,3.5514757175273243e-16
2026-09-07 01:00:00,22.5,88.0,0.0,2.9,90.0,-2.9,3.5514757175273243e-16
2026-09-07 02:00:00,22.4,87.0,0.0,2.9,97.0,-2.8783838397598336,0.35342109587492787
2026-09-07 03:00:00,22.6,86.0,0.0,2.6,106.0,-2.499280409439629,0.716657125124198
2026-09-07 04:00:00,23.1,85.0,0.0,2.3,108.0,-2.1874299874788528,0.7107390870623792
2026-09-07 05:00:00,23.8,85.0,0.0,1.9,112.0,-1.7616493236768958,0.7117525274902332
2026-09-07 06:00:00,24.6,83.0,0.0,1.6,117.0,-1.4256104387013886,0.7263847995832751
2026-09-07 07:00:00,25.4,82.0,0.0,0.8,117.0,-0.7128052193506943,0.36319239979163753
2026-09-07 08:00:00,26.2,80.0,0.0,0.4,90.0,-0.4,4.898587196589413e-17
2026-09-07 09:00:00,27.0,77.0,0.0,1.1,342.0,0.3399186938124422,-1.0461621679246689
2026-09-07 10:00:00,28.1,74.0,0.0,2.4,333.0,1.0895771993749124,-2.138415658052083
2026-09-07 11:00:00,29.1,70.0,0.0,4.3,336.0,1.7489675652259409,-3.9282454678631837
2026-09-07 12:00:00,30.0,66.0,0.0,6.0,335.0,2.5357095704441965,-5.437846722219899
2026-09-07 13:00:00,30.7,64.0,0.0,7.2,333.0,3.268731598124737,-6.415246974156248
2026-09-07 14:00:00,30.9,63.0,0.0,7.6,335.0,3.211898789229316,-6.887939181478539
2026-09-07 15:00:00,30.5,65.0,0.0,7.1,336.0,2.8878301658381815,-6.486172749262466
2026-09-07 16:00:00,29.7,68.0,0.0,6.0,343.0,1.7542302283364206,-5.737828535778212
2026-09-07 17:00:00,28.6,72.0,0.0,4.7,351.0,0.7352419856890854,-4.6421352007971475
2026-09-07 18:00:00,27.3,77.0,0.0,3.3,13.0,-0.7423384793347553,-3.215421213791276
2026-09-07 19:00:00,26.2,81.0,0.0,2.5,45.0,-1.7677669529663693,-1.7677669529663687
2026-09-07 20:00:00,25.2,84.0,0.0,2.7,67.0,-2.485363104321589,-1.0549740469210387
2026-09-07 21:00:00,24.5,85.0,0.0,2.9,83.0,-2.878383839759834,-0.3534210958749272
2026-09-07 22:00:00,23.7,86.0,0.0,3.2,90.0,-3.2,3.9188697572715305e-16
2026-09-07 23:00:00,23.0,86.0,0.0,3.3,96.0,-3.2819222547153015,0.3449439287832573
2026-09-08 00:00:00,22.4,86.0,0.0,3.3,96.0,-3.2819222547153015,0.3449439287832573
2026-09-08 01:00:00,22.0,86.0,0.0,3.3,103.0,-3.215421213791276,0.7423384793347552
2026-09-08 02:00:00,21.9,85.0,0.0,3.0,104.0,-2.9108871788279895,0.7257656867990032
2026-09-08 03:00:00,22.0,84.0,0.0,2.6,106.0,-2.499280409439629,0.716657125124198
2026-09-08 04:00:00,22.5,84.0,0.0,2.4,117.0,-2.138415658052083,1.0895771993749124
2026-09-08 05:00:00,23.1,82.0,0.0,2.1,121.0,-1.8000513314744357,1.0815799573111142
2026-09-08 06:00:00,23.8,81.0,0.0,1.5,135.0,-1.0606601717798212,1.0606601717798214
2026-09-08 07:00:00,24.6,80.0,0.0,1.3,146.0,-0.7269507745119708,1.0777488443215544
2026-09-08 08:00:00,25.3,78.0,0.0,0.4,180.0,2.4492935982947065e-17,0.4
2026-09-08 09:00:00,26.2,76.0,0.0,1.0,315.0,0.7071067811865476,-0.7071067811865475
2026-09-08 10:00:00,27.2,73.0,0.0,2.9,330.0,1.4500000000000002,-2.5114736709748717
2026-09-08 11:00:00,28.3,69.0,0.0,5.0,330.0,2.5000000000000004,-4.330127018922193
2026-09-08 12:00:00,29.2,66.0,0.0,6.6,331.0,3.199743493625825,-5.772490067120011
2026-09-08 13:00:00,29.9,64.0,0.0,8.2,331.0,3.975438886019964,-7.171881598543044
2026-09-08 14:00:00,30.1,64.0,0.0,8.9,333.0,4.040515447681967,-7.929958065276474
2026-09-08 15:00:00,29.8,66.0,0.0,8.4,335.0,3.5499933986218752,-7.61298541110786
2026-09-08 16:00:00,29.0,69.0,0.0,7.3,340.0,2.4967470462773824,-6.8597561317371305
2026-09-08 17:00:00,27.9,73.0,0.0,5.5,349.0,1.049449474570997,-5.3989495089621515
2026-09-08 18:00:00,26.7,78.0,0.0,4.0,5.0,-0.348622970990633,-3.984778792366982
2026-09-08 19:00:00,25.6,82.0,0.0,3.2,27.0,-1.4527695991665501,-2.851220877402777
2026-09-08 20:00:00,24.7,85.0,0.0,2.8,50.0,-2.1449244407331385,-1.7998053071223097
2026-09-08 21:00:00,24.0,87.0,0.0,2.7,67.0,-2.485363104321589,-1.0549740469210387
2026-09-08 22:00:00,23.3,88.0,0.0,2.6,74.0,-2.499280409439629,-0.7166571251241974
2026-09-08 23:00:00,22.7,88.0,0.0,2.5,82.0,-2.475670171853926,-0.3479327524001638
2026-09-09 00:00:00,22.2,88.0,0.0,2.2,90.0,-2.2,2.6942229581241775e-16
2026-09-09 01:00:00,21.9,88.0,0.0,2.2,99.0,-2.172914349309303,0.3441558230885082
2026-09-09 02:00:00,21.8,88.0,0.0,1.8,101.0,-1.7669289302057951,0.34345619167778096
2026-09-09 03:00:00,22.0,87.0,0.0,1.6,117.0,-1.4256104387013886,0.7263847995832751
2026-09-09 04:00:00,22.4,87.0,0.0,1.3,124.0,-1.0777488443215542,0.726950774511971
2026-09-09 05:00:00,23.0,86.0,0.0,1.0,135.0,-0.7071067811865475,0.7071067811865476
2026-09-09 06:00:00,23.7,84.0,0.0,0.8,153.0,-0.36319239979163737,0.7128052193506944
2026-09-09 07:00:00,24.5,83.0,0.0,0.7000000000000001,180.0,4.2862637970157366e-17,0.7000000000000001
2026-09-09 08:00:00,25.1,81.0,0.0,0.4,270.0,0.4,0.0
2026-09-09 09:00:00,25.9,79.0,0.0,1.3,326.0,0.7269507745119709,-1.0777488443215544
2026-09-09 10:00:00,26.7,76.0,0.0,3.2,333.0,1.45276959916655,-2.851220877402777
2026-09-09 11:00:00,27.6,73.0,0.0,5.4,340.0,1.8469087739586119,-5.074340152243905
2026-09-09 12:00:00,28.4,70.0,0.0,7.2,342.0,2.224922359499622,-6.8476069173251055
2026-09-09 13:00:00,29.0,69.0,0.0,8.7,343.0,2.5436338310878095,-8.319851376878407
2026-09-09 14:00:00,29.2,68.0,0.0,9.3,344.0,2.5634274090980926,-8.939733772226367
2026-09-09 15:00:00,28.9,69.0,0.1,9.3,347.0,2.092044805397944,-9.06164160250269
2026-09-09 16:00:00,28.3,72.0,0.1,8.0,350.0,1.3891854213354433,-7.878462024097664
2026-09-09 17:00:00,27.5,75.0,0.1,6.8,357.0,0.35588450245201897,-6.790680836331102
2026-09-09 18:00:00,26.6,79.0,0.1,5.4,8.0,-0.7515347451843555,-5.34744757120448
2026-09-09 19:00:00,25.7,82.0,0.1,4.6,18.0,-1.4214781741247586,-4.3748599749577055
2026-09-09 20:00:00,25.1,84.0,0.1,3.9,34.0,-2.1808523235359116,-3.233246532964663
2026-09-09 21:00:00,24.6,85.0,0.1,3.6,45.0,-2.545584412271572,-2.545584412271571
2026-09-09 22:00:00,24.1,86.0,0.1,3.1,54.0,-2.5079526825623377,-1.8221342821066664
2026-09-09 23:00:00,23.7,87.0,0.1,2.7,67.0,-2.485363104321589,-1.0549740469210387
2026-09-10 00:00:00,23.4,87.0,0.1,2.2,81.0,-2.1729143493093033,-0.3441558230885076
2026-09-10 01:00:00,23.2,87.0,0.1,2.2,90.0,-2.2,2.6942229581241775e-16
2026-09-10 02:00:00,23.2,87.0,0.1,1.8,101.0,-1.7669289302057951,0.34345619167778096
2026-09-10 03:00:00,23.4,87.0,0.0,1.5,104.0,-1.4554435894139948,0.3628828433995016
2026-09-10 04:00:00,23.8,86.0,0.0,1.1,108.0,-1.0461621679246689,0.3399186938124423
2026-09-10 05:00:00,24.3,86.0,0.0,0.7000000000000001,90.0,-0.7000000000000001,8.572527594031473e-17
2026-09-10 06:00:00,24.9,85.0,0.0,0.4,360.0,2.4492935982947065e-17,-0.4
2026-09-10 07:00:00,25.5,84.0,0.0,0.8,333.0,0.3631923997916375,-0.7128052193506943
2026-09-10 08:00:00,26.0,83.0,0.0,1.6,333.0,0.726384799583275,-1.4256104387013886
2026-09-10 09:00:00,26.6,81.0,0.1,2.7,337.0,1.0549740469210391,-2.485363104321589
2026-09-10 10:00:00,27.3,79.0,0.1,4.1,345.0,1.061158084920335,-3.96029588778518
2026-09-10 11:00:00,28.0,77.0,0.1,5.9,346.0,1.4273391840380394,-5.7247447850283795
2026-09-10 12:00:00,28.5,75.0,0.1,7.3,349.0,1.3929056662487778,-7.165878439167947
2026-09-10 13:00:00,28.9,73.0,0.1,8.4,353.0,1.023702484603239,-8.337387673787106
2026-09-10 14:00:00,29.1,73.0,0.1,9.1,353.0,1.1090110249868421,-9.032169979936029
2026-09-10 15:00:00,28.8,74.0,0.4,9.0,355.0,0.7844016847289232,-8.96575228282571
2026-09-10 16:00:00,28.3,76.0,0.4,8.3,360.0,5.082284216461516e-16,-8.3
2026-09-10 17:00:00,27.6,79.0,0.4,7.2,3.0,-0.376818884949199,-7.190132650232932
2026-09-10 18:00:00,26.8,82.0,0.4,6.2,10.0,-1.0766187015349682,-6.10580806867569
2026-09-10 19:00:00,26.1,84.0,0.4,5.4,20.0,-1.8469087739586103,-5.074340152243906
2026-09-10 20:00:00,25.5,86.0,0.4,4.8,27.0,-2.179154398749825,-4.276831316104166
2026-09-10 21:00:00,25.1,87.0,0.1,4.4,35.0,-2.523736319944604,-3.604268994871563
2026-09-10 22:00:00,24.8,88.0,0.1,4.1,38.0,-2.524212048835198,-3.2308440897875603
2026-09-10 23:00:00,24.5,88.0,0.1,3.8,41.0,-2.4930243101639276,-2.8678964048465336
2026-09-11 00:00:00,24.3,88.0,0.1,3.3,49.0,-2.490541614735148,-2.1649947956686733
2026-09-11 01:00:00,24.2,88.0,0.1,3.1,45.0,-2.192031021678298,-2.192031021678297
2026-09-11 02:00:00,24.2,88.0,0.1,2.8,50.0,-2.1449244407331385,-1.7998053071223097
2026-09-11 03:00:00,24.4,88.0,0.0,2.5,45.0,-1.7677669529663693,-1.7677669529663687
2026-09-11 04:00:00,24.7,88.0,0.0,2.5,45.0,-1.7677669529663693,-1.7677669529663687
2026-09-11 05:00:00,25.1,87.0,0.0,2.3,39.0,-1.447436899414627,-1.7874357113510322
2026-09-11 06:00:00,25.6,87.0,0.0,2.4,27.0,-1.0895771993749126,-2.138415658052083
2026-09-11 07:00:00,26.1,86.0,0.0,2.6,16.0,-0.7166571251241971,-2.4992804094396295
2026-09-11 08:00:00,26.6,85.0,0.0,2.9,7.0,-0.35342109587492676,-2.878383839759834
2026-09-11 09:00:00,27.1,83.0,0.3,3.6,360.0,2.2043642384652358e-16,-3.6
2026-09-11 10:00:00,27.7,81.0,0.3,4.3,355.0,0.37476969381492997,-4.283637201794505
2026-09-11 11:00:00,28.4,79.0,0.3,5.4,352.0,0.7515347451843536,-5.34744757120448
2026-09-11 12:00:00,28.9,77.0,0.3,6.2,350.0,1.0766187015349686,-6.10580806867569
2026-09-11 13:00:00,29.3,75.0,0.3,6.9,351.0,1.0793978087775935,-6.815049550106451
2026-09-11 14:00:00,29.4,75.0,0.3,7.3,351.0,1.1419715947936857,-7.210124886344506
2026-09-11 15:00:00,29.2,76.0,0.5,7.2,354.0,0.752604935527105,-7.160557646651568
2026-09-11 16:00:00,28.6,78.0,0.5,6.5,357.0,0.3401837155791358,-6.49109197590473
2026-09-11 17:00:00,27.9,81.0,0.5,6.1,3.0,-0.31924933308196024,-6.0916401620029
2026-09-11 18:00:00,27.1,84.0,0.5,5.5,11.0,-1.0494494745709955,-5.3989495089621515
2026-09-11 19:00:00,26.4,86.0,0.5,5.0,21.0,-1.7918397477265036,-4.667902132486008
2026-09-11 20:00:00,25.9,88.0,0.5,4.5,29.0,-2.1816432911085157,-3.935788682127282
2026-09-11 21:00:00,25.5,89.0,0.2,4.4,35.0,-2.523736319944604,-3.604268994871563
2026-09-11 22:00:00,25.1,89.0,0.2,3.8,41.0,-2.4930243101639276,-2.8678964048465336
2026-09-11 23:00:00,24.8,90.0,0.2,3.6,45.0,-2.545584412271572,-2.545584412271571
2026-09-12 00:00:00,24.6,89.0,0.2,3.1,54.0,-2.5079526825623377,-1.8221342821066664
2026-09-12 01:00:00,24.4,89.0,0.2,3.1,54.0,-2.5079526825623377,-1.8221342821066664
2026-09-12 02:00:00,24.5,89.0,0.2,2.9,60.0,-2.5114736709748717,-1.4500000000000002
2026-09-12 03:00:00,24.7,89.0,0.0,2.6,56.0,-2.1554976886431088,-1.4539015490239415
2026-09-12 04:00:00,25.1,88.0,0.0,2.6,56.0,-2.1554976886431088,-1.4539015490239415
2026-09-12 05:00:00,25.5,88.0,0.0,2.5,45.0,-1.7677669529663693,-1.7677669529663687
2026-09-12 06:00:00,26.1,87.0,0.0,2.6,34.0,-1.453901549023941,-2.1554976886431088
2026-09-12 07:00:00,26.6,86.0,0.0,2.7,23.0,-1.0549740469210394,-2.4853631043215887
2026-09-12 08:00:00,27.1,85.0,0.0,3.0,14.0,-0.7257656867990033,-2.9108871788279895
2026-09-12 09:00:00,27.6,83.0,0.4,3.6,6.0,-0.3763024677635521,-3.5802788233257843
2026-09-12 10:00:00,28.3,81.0,0.4,4.3,360.0,2.632990618166809e-16,-4.3
2026-09-12 11:00:00,28.9,79.0,0.4,5.4,360.0,3.3065463576978537e-16,-5.4
2026-09-12 12:00:00,29.4,77.0,0.4,6.5,357.0,0.3401837155791358,-6.49109197590473
2026-09-12 13:00:00,29.8,75.0,0.4,7.2,357.0,0.3768188849491966,-7.190132650232932
2026-09-12 14:00:00,29.8,75.0,0.4,7.6,357.0,0.3977532674463741,-7.589584464134761
2026-09-12 15:00:00,29.5,76.0,0.3,7.6,360.0,4.653657836759942e-16,-7.6
2026-09-12 16:00:00,28.9,78.0,0.3,7.2,3.0,-0.376818884949199,-7.190132650232932
2026-09-12 17:00:00,28.2,81.0,0.3,6.9,6.0,-0.7212463965468082,-6.862201078041087
2026-09-12 18:00:00,27.3,84.0,0.3,6.3,13.0,-1.417191642366351,-6.1385314081469815
2026-09-12 19:00:00,26.5,86.0,0.3,5.7,18.0,-1.7613968679372012,-5.421022142882375
2026-09-12 20:00:00,25.9,88.0,0.3,5.5,23.0,-2.149021206691006,-5.062776693988422
2026-09-12 21:00:00,25.4,89.0,0.1,5.3,28.0,-2.488199282765221,-4.679622242152313
2026-09-12 22:00:00,24.9,90.0,0.1,5.0,30.0,-2.500000000000002,-4.330127018922192
2026-09-12 23:00:00,24.5,90.0,0.1,4.6,39.0,-2.894873798829254,-3.5748714227020644
2026-09-13 00:00:00,24.2,90.0,0.1,4.3,42.0,-2.87726160734309,-3.195522749552796
2026-09-13 01:00:00,24.0,89.0,0.1,4.1,45.0,-2.8991378028648453,-2.8991378028648445
2026-09-13 02:00:00,24.0,89.0,0.1,4.1,45.0,-2.8991378028648453,-2.8991378028648445
2026-09-13 03:00:00,24.2,88.0,0.0,3.8,41.0,-2.4930243101639276,-2.8678964048465336
2026-09-13 04:00:00,24.6,87.0,0.0,3.6,37.0,-2.166534083347374,-2.875087836170254
2026-09-13 05:00:00,25.2,86.0,0.0,3.7,29.0,-1.7937955949114464,-3.2360929164157652
2026-09-13 06:00:00,25.8,85.0,0.0,3.9,22.0,-1.460965714322058,-3.6160170328104706
2026-09-13 07:00:00,26.4,84.0,0.0,4.0,10.0,-0.6945927106677213,-3.939231012048832
2026-09-13 08:00:00,27.0,82.0,0.0,4.7,4.0,-0.32785542659739025,-4.688551036221174
2026-09-13 09:00:00,27.7,80.0,0.1,5.8,360.0,3.5514757175273243e-16,-5.8
2026-09-13 10:00:00,28.4,77.0,0.1,6.9,354.0,0.7212463965468089,-6.862201078041086
2026-09-13 11:00:00,29.2,75.0,0.1,8.4,353.0,1.023702484603239,-8.337387673787106
2026-09-13 12:00:00,29.9,72.0,0.1,9.8,352.0,1.3638963894086416,-9.70462707366739
2026-09-13 13:00:00,30.3,70.0,0.1,10.9,351.0,1.705135668938517,-10.765802912487002
2026-09-13 14:00:00,30.4,70.0,0.1,11.3,351.0,1.7677094549546095,-11.160878248725057
2026-09-13 15:00:00,30.1,71.0,0.2,11.3,353.0,1.3771235804781667,-11.215771513546938
2026-09-13 16:00:00,29.5,74.0,0.2,10.5,354.0,1.0975488643103612,-10.44247990136687
2026-09-13 17:00:00,28.6,77.0,0.2,9.4,358.0,0.3280552690035102,-9.394273773979501
2026-09-13 18:00:00,27.6,81.0,0.2,8.3,5.0,-0.7233926648055635,-8.268415994161488
2026-09-13 19:00:00,26.7,84.0,0.2,7.3,11.0,-1.3929056662487755,-7.165878439167947
2026-09-13 20:00:00,26.1,86.0,0.2,6.7,16.0,-1.8467702839738926,-6.440453362786737
2026-09-13 21:00:00,25.6,87.0,0.1,6.2,21.0,-2.2218812871808646,-5.78819864428265
2026-09-13 22:00:00,25.1,88.0,0.1,6.0,25.0,-2.5357095704441948,-5.4378467222199
2026-09-13 23:00:00,24.7,88.0,0.1,5.5,32.0,-2.9145559532826275,-4.664264528860342
2026-09-14 00:00:00,24.4,88.0,0.1,5.2,34.0,-2.907803098047882,-4.3109953772862175
2026-09-14 01:00:00,24.2,87.0,0.1,4.9,36.0,-2.880147736233119,-3.9641832724372423
2026-09-14 02:00:00,24.2,87.0,0.1,4.9,36.0,-2.880147736233119,-3.9641832724372423
2026-09-14 03:00:00,24.5,86.0,0.0,4.7,32.0,-2.490620541896064,-3.9858260519352022
2026-09-14 04:00:00,24.9,85.0,0.0,4.5,29.0,-2.1816432911085157,-3.935788682127282
2026-09-14 05:00:00,25.5,84.0,0.0,4.7,23.0,-1.836436303899587,-4.326372811226469
2026-09-14 06:00:00,26.1,83.0,0.0,4.8,13.0,-1.0797650608505531,-4.6769763109691285
2026-09-14 07:00:00,26.8,81.0,0.0,5.1,4.0,-0.35575801609504043,-5.087576656325103
2026-09-14 08:00:00,27.3,80.0,0.0,5.8,360.0,3.5514757175273243e-16,-5.8
2026-09-14 09:00:00,27.9,79.0,0.2,6.5,357.0,0.3401837155791358,-6.49109197590473
2026-09-14 10:00:00,28.5,77.0,0.2,8.0,352.0,1.1133848076805237,-7.922144549932563
2026-09-14 11:00:00,29.0,76.0,0.2,9.1,351.0,1.4235536318661013,-8.987963899415753
2026-09-14 12:00:00,29.5,75.0,0.2,10.6,350.0,1.8406706832694624,-10.438962181929405
2026-09-14 13:00:00,29.9,74.0,0.2,11.4,349.0,2.175222547292612,-11.19054989130337
2026-09-14 14:00:00,29.9,74.0,0.2,11.7,349.0,2.2324652459055754,-11.485038046337667
2026-09-14 15:00:00,29.7,75.0,0.2,11.3,351.0,1.7677094549546095,-11.160878248725057
2026-09-14 16:00:00,29.1,77.0,0.2,10.1,354.0,1.0557374790032998,-10.04467114321956
2026-09-14 17:00:00,28.4,80.0,0.2,8.6,360.0,5.265981236333618e-16,-8.6
2026-09-14 18:00:00,27.6,83.0,0.2,7.2,6.0,-0.7526049355271042,-7.160557646651569
2026-09-14 19:00:00,26.9,85.0,0.2,6.3,13.0,-1.417191642366351,-6.1385314081469815
2026-09-14 20:00:00,26.3,87.0,0.2,5.5,23.0,-2.149021206691006,-5.062776693988422
2026-09-14 21:00:00,25.9,88.0,0.0,5.0,30.0,-2.500000000000002,-4.330127018922192
2026-09-14 22:00:00,25.4,88.0,0.0,4.7,32.0,-2.490620541896064,-3.9858260519352022
2026-09-14 23:00:00,25.0,89.0,0.0,4.9,36.0,-2.880147736233119,-3.9641832724372423
2026-09-15 00:00:00,24.7,89.0,0.0,4.6,39.0,-2.894873798829254,-3.5748714227020644
2026-09-15 01:00:00,24.6,88.0,0.0,4.4,35.0,-2.523736319944604,-3.604268994871563
2026-09-15 02:00:00,24.6,88.0,0.0,4.4,35.0,-2.523736319944604,-3.604268994871563
2026-09-15 03:00:00,24.8,87.0,0.0,4.2,31.0,-2.163159914622229,-3.600102662948871
2026-09-15 04:00:00,25.2,87.0,0.0,4.0,27.0,-1.8159619989581877,-3.564026096753471
2026-09-15 05:00:00,25.8,86.0,0.0,3.8,17.0,-1.111012477946401,-3.633958072659534
2026-09-15 06:00:00,26.4,85.0,0.0,4.0,10.0,-0.6945927106677213,-3.939231012048832
2026-09-15 07:00:00,27.0,83.0,0.0,4.0,360.0,2.4492935982947064e-16,-4.0
2026-09-15 08:00:00,27.6,82.0,0.0,4.3,355.0,0.37476969381492997,-4.283637201794505
2026-09-15 09:00:00,28.2,80.0,0.1,4.7,351.0,0.7352419856890854,-4.6421352007971475
2026-09-15 10:00:00,29.0,78.0,0.1,5.6,345.0,1.4493866525741161,-5.4091846272187825
2026-09-15 11:00:00,29.7,75.0,0.1,6.4,344.0,1.7640790772287946,-6.1520748540052415
2026-09-15 12:00:00,30.4,73.0,0.1,7.2,342.0,2.224922359499622,-6.8476069173251055
2026-09-15 13:00:00,30.8,71.0,0.1,7.6,341.0,2.474317973874391,-7.185941174554807
2026-09-15 14:00:00,30.9,71.0,0.1,7.6,341.0,2.474317973874391,-7.185941174554807
2026-09-15 15:00:00,30.6,72.0,0.2,7.2,342.0,2.224922359499622,-6.8476069173251055
2026-09-15 16:00:00,29.9,75.0,0.2,6.3,347.0,1.4171916423663489,-6.1385314081469815
2026-09-15 17:00:00,29.0,79.0,0.2,5.1,356.0,0.35575801609503865,-5.087576656325103
2026-09-15 18:00:00,28.0,82.0,0.2,4.3,5.0,-0.37476969381493047,-4.283637201794505
2026-09-15 19:00:00,27.1,86.0,0.2,3.4,18.0,-1.0506577808748216,-3.233592155403522
2026-09-15 20:00:00,26.4,88.0,0.2,3.1,36.0,-1.822134282106667,-2.507952682562337
2026-09-15 21:00:00,25.9,89.0,0.0,3.1,45.0,-2.192031021678298,-2.192031021678297
2026-09-15 22:00:00,25.5,90.0,0.0,2.9,60.0,-2.5114736709748717,-1.4500000000000002
2026-09-15 23:00:00,25.1,90.0,0.0,2.7,67.0,-2.485363104321589,-1.0549740469210387
2026-09-16 00:00:00,24.8,90.0,0.0,2.6,74.0,-2.499280409439629,-0.7166571251241974
2026-09-16 01:00:00,24.7,89.0,0.0,2.6,74.0,-2.499280409439629,-0.7166571251241974
2026-09-16 02:00:00,24.7,89.0,0.0,2.5,82.0,-2.475670171853926,-0.3479327524001638
2026-09-16 03:00:00,24.9,88.0,0.0,2.2,81.0,-2.1729143493093033,-0.3441558230885076
2026-09-16 04:00:00,25.4,88.0,0.0,2.2,81.0,-2.1729143493093033,-0.3441558230885076
2026-09-16 05:00:00,25.9,87.0,0.0,1.8,79.0,-1.7669289302057951,-0.3434561916777805
2026-09-16 06:00:00,26.6,86.0,0.0,1.1,72.0,-1.046162167924669,-0.33991869381244205
2026-09-16 07:00:00,27.2,84.0,0.0,0.8,63.0,-0.7128052193506944,-0.36319239979163737
2026-09-16 08:00:00,27.8,83.0,0.0,0.8,27.0,-0.36319239979163753,-0.7128052193506943
2026-09-16 09:00:00,28.5,81.0,0.2,1.1,360.0,6.735557395310444e-17,-1.1
2026-09-16 10:00:00,29.2,78.0,0.2,1.6,333.0,0.726384799583275,-1.4256104387013886
2026-09-16 11:00:00,29.9,76.0,0.2,2.1,329.0,1.0815799573111138,-1.800051331474436
2026-09-16 12:00:00,30.6,73.0,0.2,2.9,330.0,1.4500000000000002,-2.5114736709748717
2026-09-16 13:00:00,31.0,71.0,0.2,3.4,328.0,1.8017254983928965,-2.883363526931848
2026-09-16 14:00:00,31.1,71.0,0.2,3.4,328.0,1.8017254983928965,-2.883363526931848
2026-09-16 15:00:00,30.7,73.0,0.2,3.2,333.0,1.45276959916655,-2.851220877402777
2026-09-16 16:00:00,29.8,76.0,0.2,2.5,352.0,0.34793275240016364,-2.475670171853926
2026-09-16 17:00:00,28.7,80.0,0.2,2.2,9.0,-0.3441558230885083,-2.172914349309303
2026-09-16 18:00:00,27.7,84.0,0.2,2.3,39.0,-1.447436899414627,-1.7874357113510322
2026-09-16 19:00:00,26.8,87.0,0.2,2.6,56.0,-2.1554976886431088,-1.4539015490239415
2026-09-16 20:00:00,26.5,88.0,0.2,2.9,60.0,-2.5114736709748717,-1.4500000000000002
