time,temperature_2m,relativehumidity_2m,precipitation,windspeed_10m,winddirection_10m,u,v
2026-02-21 00:00:00,17.9,90.0,0.0,7.5,55.0,-6.143640332167439,-4.301823272632846
2026-02-21 01:00:00,17.6,97.0,0.0,6.0,61.0,-5.247718242836375,-2.9088577214780216
2026-02-21 02:00:00,17.5,100.0,0.0,9.3,34.0,-5.200494002277943,-7.710049424761889
2026-02-21 03:00:00,18.0,97.0,0.0,9.2,26.0,-4.033014550459515,-8.268905225952334
2026-02-21 04:00:00,18.4,91.0,0.0,12.2,28.0,-5.727553065987867,-10.771960632878908
2026-02-21 05:00:00,17.8,94.0,0.0,12.0,44.0,-8.335900445507967,-8.632077604063815
2026-02-21 06:00:00,17.2,93.0,0.0,11.0,50.0,-8.426488874308758,-7.070663706551931
2026-02-21 07:00:00,17.0,93.0,0.0,8.8,57.0,-7.380300997919732,-4.792823508132239
2026-02-21 08:00:00,18.3,85.0,0.0,9.1,36.0,-5.348845795861506,-7.362054648812021
2026-02-21 09:00:00,19.4,81.0,0.0,10.5,25.0,-4.437491748277341,-9.516231763884825
2026-02-21 10:00:00,20.1,78.0,0.0,11.3,8.0,-1.572656040848744,-11.190029176779744
2026-02-21 11:00:00,20.4,77.0,0.0,13.6,352.0,1.8927541730568902,-13.467645734885357
2026-02-21 12:00:00,20.4,76.0,0.0,14.9,348.0,3.097884193184616,-14.574399250933704
2026-02-21 13:00:00,20.0,80.0,0.0,16.7,344.0,4.6031438421438855,-16.053070322169926
2026-02-21 14:00:00,20.0,82.0,0.0,16.2,337.0,6.329844281526234,-14.912178625929533
2026-02-21 15:00:00,20.0,80.0,0.0,15.6,338.0,5.843862857288227,-14.464068131241884
2026-02-21 16:00:00,19.8,81.0,0.0,15.9,348.0,3.3057958840023756,-15.55254685166751
2026-02-21 17:00:00,19.6,84.0,0.0,12.3,8.0,-1.7118291418088099,-12.180297245521315
2026-02-21 18:00:00,19.5,84.0,0.0,8.9,25.0,-3.7613025294922227,-8.066139304626185
2026-02-21 19:00:00,19.5,84.0,0.0,7.2,32.0,-3.815418702479076,-6.105946292326267
2026-02-21 20:00:00,19.4,88.0,0.0,6.5,85.0,-6.475265537596346,-0.5665123278597767
2026-02-21 21:00:00,19.2,89.0,0.0,5.0,90.0,-5.0,6.123233995736766e-16
2026-02-21 22:00:00,19.2,88.0,0.0,4.8,101.0,-4.711810480548787,0.9158831778074158
2026-02-21 23:00:00,19.2,88.0,0.0,5.0,116.0,-4.493970231495835,2.1918557339453866
2026-02-22 00:00:00,18.6,94.0,0.0,6.7,128.0,-5.279672049165037,4.124931884681911
2026-02-22 01:00:00,18.2,97.0,0.0,7.2,125.0,-5.897894718880742,4.129750341727531
2026-02-22 02:00:00,18.1,100.0,0.0,4.6,101.0,-4.515485043859254,0.8777213787321068
2026-02-22 03:00:00,18.0,100.0,0.0,4.4,109.0,-4.160281732636994,1.4324998796114892
2026-02-22 04:00:00,17.9,100.0,0.0,4.1,119.0,-3.585940799271522,1.9877194430099823
2026-02-22 05:00:00,17.4,100.0,0.0,5.3,114.0,-4.841790925505784,2.155704208301742
2026-02-22 06:00:00,17.2,100.0,0.0,7.3,110.0,-6.8597561317371305,2.496747046277383
2026-02-22 07:00:00,17.4,98.0,0.0,7.3,113.0,-6.719685430202815,2.8523372379716982
2026-02-22 08:00:00,20.0,82.0,0.0,7.8,61.0,-6.8220337156872874,-3.781515037921428
2026-02-22 09:00:00,21.4,74.0,0.0,9.1,34.0,-5.088655421583794,-7.54424191025088
2026-02-22 10:00:00,22.0,76.0,0.0,10.2,7.0,-1.243067302732501,-10.123970746741485
2026-02-22 11:00:00,22.3,77.0,0.0,12.3,353.0,1.4989929238833142,-12.208317665188261
2026-02-22 12:00:00,22.0,82.0,0.0,19.0,348.0,3.9503221255374297,-18.584804413942305
2026-02-22 13:00:00,21.8,81.0,0.0,21.1,352.0,2.9365524302573816,-20.894656250447134
2026-02-22 14:00:00,22.0,78.0,0.0,23.7,350.0,4.11546181070625,-23.33994374638933
2026-02-22 15:00:00,21.8,78.0,0.0,23.8,357.0,1.2455957585820665,-23.76738292715886
2026-02-22 16:00:00,21.5,77.0,0.0,22.0,8.0,-3.0618082211214483,-21.785897512314545
2026-02-22 17:00:00,21.3,79.0,0.0,19.4,7.0,-2.3642652620598548,-19.25539534184165
2026-02-22 18:00:00,20.9,84.0,0.0,19.0,7.0,-2.315517524697796,-18.85837688118512
2026-02-22 19:00:00,21.0,86.0,0.0,21.6,11.0,-4.121474300133364,-21.203147162469545
2026-02-22 20:00:00,21.3,86.0,0.0,19.9,13.0,-4.476525981442919,-19.389964289226178
2026-02-22 21:00:00,21.5,82.0,0.0,16.9,16.0,-4.658271313307281,-16.24532266135759
2026-02-22 22:00:00,21.1,86.0,0.0,15.0,16.0,-4.1345603372549835,-14.418925439074785
2026-02-22 23:00:00,20.9,88.0,0.0,14.7,22.0,-5.506716923213911,-13.629602662131774
2026-02-23 00:00:00,20.5,89.0,0.0,10.3,44.0,-7.154981215727672,-7.409199943488108
2026-02-23 01:00:00,20.2,89.0,0.0,6.8,73.0,-6.502872340548641,-1.98812759211461
2026-02-23 02:00:00,19.5,95.0,0.0,4.8,77.0,-4.676976310969129,-1.0797650608505518
2026-02-23 03:00:00,19.4,96.0,0.0,2.3,23.0,-0.8986815955253298,-2.1171611629406124
2026-02-23 04:00:00,19.1,97.0,0.0,7.3,65.0,-6.616046845367546,-3.0851133107071047
2026-02-23 05:00:00,18.1,100.0,0.0,8.3,72.0,-7.893769085249776,-2.5648410533120627
2026-02-23 06:00:00,17.5,100.0,0.0,10.5,82.0,-10.397814721786487,-1.461317560080688
2026-02-23 07:00:00,17.4,96.0,0.0,9.9,91.0,-9.898492182048274,0.17277882372910605
2026-02-23 08:00:00,20.0,75.0,0.0,5.3,55.0,-4.341505834731656,-3.0399551126605444
2026-02-23 09:00:00,21.9,69.0,0.0,11.0,10.0,-1.9101299543362336,-10.832885283134289
2026-02-23 10:00:00,22.2,76.0,0.0,18.5,10.0,-3.212491286838211,-18.218943430725847
2026-02-23 11:00:00,22.6,80.0,0.0,22.3,3.0,-1.167091824217658,-22.269438625026996
2026-02-23 12:00:00,22.1,85.0,0.0,28.1,357.0,1.4706403704267255,-28.061489926603524
2026-02-23 13:00:00,21.6,87.0,0.0,29.2,357.0,1.5282099222939638,-29.159982414833554
2026-02-23 14:00:00,21.5,85.0,0.0,29.3,354.0,3.062683973742246,-29.139491534290407
2026-02-23 15:00:00,21.3,85.0,0.0,28.0,354.0,2.926796971494297,-27.84661307031165
2026-02-23 16:00:00,21.5,84.0,0.0,25.3,356.0,1.7648387857263685,-25.238370471573553
2026-02-23 17:00:00,21.5,84.0,0.0,22.7,357.0,1.188026206714828,-22.668890438928827
2026-02-23 18:00:00,21.2,85.0,0.0,18.8,10.0,-3.2645857401382905,-18.514385756629512
2026-02-23 19:00:00,21.1,85.0,0.0,16.6,12.0,-3.4513340675748125,-16.237250172181174
2026-02-23 20:00:00,21.0,89.0,0.0,25.1,8.0,-3.4932448340976525,-24.855728525413415
2026-02-23 21:00:00,20.9,89.0,0.0,19.3,9.0,-3.019185175276459,-19.062384973486157
2026-02-23 22:00:00,20.9,89.0,0.0,16.6,13.0,-3.7341875021081634,-16.174543075434904
2026-02-23 23:00:00,20.3,91.0,0.0,13.5,36.0,-7.935100905948389,-10.92172942406179
2026-02-24 00:00:00,20.5,91.0,0.0,17.1,338.0,6.405772747412095,-15.854843913092067
2026-02-24 01:00:00,20.8,87.0,0.0,22.8,344.0,6.284531712627581,-21.91676666739367
2026-02-24 02:00:00,20.5,89.0,0.0,21.5,10.0,-3.733435819839002,-21.17336668976247
2026-02-24 03:00:00,20.1,88.0,0.0,17.5,34.0,-9.785875810738066,-14.508157519713233
2026-02-24 04:00:00,20.1,88.0,0.1,13.0,22.0,-4.86988571440686,-12.053390109368236
2026-02-24 05:00:00,20.4,88.0,0.0,10.5,4.0,-0.7324429743133186,-10.474422527728153
2026-02-24 06:00:00,20.6,87.0,0.0,11.2,18.0,-3.4609903369994126,-10.651832982505718
2026-02-24 07:00:00,20.5,88.0,0.0,11.4,59.0,-9.77170722800408,-5.8714340539746175
2026-02-24 08:00:00,21.0,87.0,0.0,12.0,49.0,-9.056514962673266,-7.872708347886085
2026-02-24 09:00:00,21.6,83.0,0.0,10.8,48.0,-8.025964115155858,-7.226610548675669
2026-02-24 10:00:00,22.5,82.0,0.0,3.6,27.0,-1.634365799062369,-3.207623487078124
2026-02-24 11:00:00,22.6,81.0,0.0,11.4,335.0,4.8178481838439735,-10.33190877221781
2026-02-24 12:00:00,21.9,86.0,0.0,17.5,343.0,5.116504832647894,-16.73533322935312
2026-02-24 13:00:00,22.0,85.0,0.0,15.5,359.0,0.27051229977789576,-15.497639274924065
2026-02-24 14:00:00,21.5,87.0,0.0,19.6,357.0,1.025784742361702,-19.57313888118965
2026-02-24 15:00:00,21.5,87.0,0.0,18.2,360.0,1.1144285872240915e-15,-18.2
2026-02-24 16:00:00,21.5,87.0,0.0,17.7,10.0,-3.073572744704667,-17.43109722831608
2026-02-24 17:00:00,21.6,85.0,0.0,15.1,17.0,-4.41481274131333,-14.440201815041833
2026-02-24 18:00:00,21.6,84.0,0.0,12.0,26.0,-5.260453761468932,-10.785528555590002
2026-02-24 19:00:00,21.5,86.0,0.0,12.3,11.0,-2.346950643131499,-12.074014356406268
2026-02-24 20:00:00,21.6,88.0,0.0,18.5,11.0,-3.529966414466075,-18.160102893781783
2026-02-24 21:00:00,21.5,89.0,0.0,16.7,27.0,-7.581641345650433,-14.87980895394574
2026-02-24 22:00:00,21.4,89.0,0.0,13.7,23.0,-5.353016460303051,-12.610916492298431
2026-02-24 23:00:00,21.5,88.0,0.0,14.6,18.0,-4.511648117874234,-13.885425137909241
2026-02-25 00:00:00,21.5,89.0,0.0,15.5,18.0,-4.789763412811687,-14.74137600257488
2026-02-25 01:00:00,21.4,90.0,0.0,17.3,19.0,-5.63232907210881,-16.35747135786818
2026-02-25 02:00:00,21.5,89.0,0.0,21.6,20.0,-7.387635095834441,-20.297360608975623
2026-02-25 03:00:00,21.1,91.0,0.8,18.6,28.0,-8.73217106781757,-16.422825227176045
2026-02-25 04:00:00,20.6,93.0,3.0,18.4,36.0,-10.815248642181507,-14.88591269649903
2026-02-25 05:00:00,21.0,89.0,0.2,20.2,30.0,-10.100000000000009,-17.493713156445654
2026-02-25 06:00:00,21.0,90.0,0.0,20.6,26.0,-9.030445623855002,-18.515157353762838
2026-02-25 07:00:00,20.4,92.0,0.0,23.8,25.0,-10.05831462942864,-21.570125331472273
2026-02-25 08:00:00,20.6,90.0,0.0,27.1,17.0,-7.923273197986176,-25.915858886598258
2026-02-25 09:00:00,21.0,86.0,0.0,29.5,20.0,-10.089594228107222,-27.7209323131843
2026-02-25 10:00:00,21.5,83.0,0.0,30.0,13.0,-6.7485316303159575,-29.231101943557054
2026-02-25 11:00:00,21.6,82.0,0.0,32.6,10.0,-5.660930591941929,-32.10473274819798
2026-02-25 12:00:00,21.5,83.0,0.0,34.7,7.0,-4.2288662161586075,-34.44135146195388
2026-02-25 13:00:00,21.4,84.0,0.0,37.9,5.0,-3.3032026501362477,-37.75577905767715
2026-02-25 14:00:00,21.5,82.0,0.0,40.4,5.0,-3.521092007005393,-40.24626580290652
2026-02-25 15:00:00,21.2,83.0,0.0,38.4,9.0,-6.007083457544872,-37.92723227885328
2026-02-25 16:00:00,21.2,82.0,0.0,36.0,10.0,-6.251334396009492,-35.45307910843949
2026-02-25 17:00:00,21.1,83.0,0.0,33.2,11.0,-6.3348586465012815,-32.590022490462445
2026-02-25 18:00:00,21.0,84.0,0.0,33.9,10.0,-5.886673222908938,-33.38498282711385
2026-02-25 19:00:00,20.9,84.0,0.0,32.3,15.0,-8.359855156811415,-31.199404189136903
2026-02-25 20:00:00,20.8,85.0,0.0,30.3,16.0,-8.351811881255067,-29.126229386931065
2026-02-25 21:00:00,20.5,86.0,0.0,27.3,16.0,-7.52489981380407,-26.24244429911611
2026-02-25 22:00:00,20.5,87.0,0.0,27.4,10.0,-4.757960068073891,-26.9837324325345
2026-02-25 23:00:00,20.5,86.0,0.0,26.9,17.0,-7.864798857041627,-25.724597935405647
2026-02-26 00:00:00,20.2,86.0,0.0,20.6,31.0,-10.609784343147123,-17.657646394463512
2026-02-26 01:00:00,19.9,86.0,0.0,16.0,30.0,-8.000000000000007,-13.856406460551014
2026-02-26 02:00:00,20.3,86.0,0.0,15.8,19.0,-5.1439768404230755,-14.939193494469206
2026-02-26 03:00:00,20.4,87.0,0.0,16.5,22.0,-6.181008791362553,-15.298533600351991
2026-02-26 04:00:00,20.6,87.0,0.0,18.6,19.0,-6.0555676729031145,-17.586645506147295
2026-02-26 05:00:00,20.6,87.0,0.0,19.4,22.0,-7.267367912268698,-17.98736677859567
2026-02-26 06:00:00,20.5,86.0,0.0,16.1,30.0,-8.050000000000008,-13.94300900092946
2026-02-26 07:00:00,20.6,85.0,0.0,14.6,24.0,-5.938354988906681,-13.337763681581974
2026-02-26 08:00:00,21.0,82.0,0.0,15.8,26.0,-6.926264119267429,-14.200945931526837
2026-02-26 09:00:00,21.5,80.0,0.0,15.9,12.0,-3.305795884002381,-15.55254685166751
2026-02-26 10:00:00,21.6,81.0,0.0,17.8,6.0,-1.8606066461642299,-17.70248973755527
2026-02-26 11:00:00,21.9,82.0,0.0,20.3,1.0,-0.354283850676855,-20.296908211674744
2026-02-26 12:00:00,22.2,81.0,0.0,21.5,3.0,-1.1252230592233026,-21.470534997223336
2026-02-26 13:00:00,22.0,83.0,0.0,21.6,2.0,-0.7538291287740165,-21.58684186361247
2026-02-26 14:00:00,21.6,85.0,0.0,23.4,350.0,4.063367357406172,-23.044501420485666
2026-02-26 15:00:00,21.4,86.0,0.0,20.6,351.0,3.222549979828757,-20.34637981625984
2026-02-26 16:00:00,21.0,89.0,0.0,23.7,346.0,5.733548925712124,-22.996008712741116
2026-02-26 17:00:00,20.5,90.0,0.0,23.1,358.0,0.806178373827775,-23.085928104141114
2026-02-26 18:00:00,20.4,88.0,0.0,21.1,9.0,-3.300767212348875,-20.840223986557405
2026-02-26 19:00:00,20.4,87.0,0.0,17.9,4.0,-1.2486408800198479,-17.856396499650852
2026-02-26 20:00:00,20.7,87.0,0.0,16.5,11.0,-3.148348423712986,-16.196848526886455
2026-02-26 21:00:00,20.6,88.0,0.0,10.2,26.0,-4.471385697248593,-9.1676992722515
2026-02-26 22:00:00,20.6,89.0,0.0,8.4,25.0,-3.549993398621873,-7.612985411107861
2026-02-26 23:00:00,20.5,91.0,0.7000000000000001,8.9,24.0,-3.619956123374621,-8.130554573019149
2026-02-27 00:00:00,20.8,91.0,0.0,7.4,14.0,-1.7902220274375418,-7.180188374442374
2026-02-27 01:00:00,20.6,91.0,0.3,8.6,350.0,1.4933743279356015,-8.469346675904989
2026-02-27 02:00:00,20.3,91.0,1.5,10.1,343.0,2.952954217699641,-9.658678035226657
2026-02-27 03:00:00,20.4,91.0,2.5,9.5,349.0,1.8126854560771768,-9.325458242752807
2026-02-27 04:00:00,20.1,92.0,3.1,9.2,21.0,-3.296985135816766,-8.588939923774255
2026-02-27 05:00:00,20.0,93.0,1.8,14.1,87.0,-14.080676440039491,-0.7379369830255043
2026-02-27 06:00:00,20.3,91.0,0.4,10.6,91.0,-10.598385568657747,0.18499550823520444
2026-02-27 07:00:00,20.6,91.0,0.0,11.5,87.0,-11.4842396496776,-0.601863496793851
2026-02-27 08:00:00,21.3,89.0,0.0,8.7,83.0,-8.635151519279502,-1.0602632876247815
2026-02-27 09:00:00,22.7,84.0,0.0,12.6,37.0,-7.582869291715808,-10.062807426595889
2026-02-27 10:00:00,23.8,71.0,0.0,19.0,35.0,-10.897952290669881,-15.56388884149084
2026-02-27 11:00:00,24.1,64.0,0.0,16.6,16.0,-4.575580106562182,-15.956944152576098
2026-02-27 12:00:00,23.3,69.0,0.1,10.2,23.0,-3.9854575105905927,-9.38914950521489
2026-02-27 13:00:00,22.9,68.0,0.3,12.3,32.0,-6.518006950068422,-10.43099158272404
2026-02-27 14:00:00,23.4,67.0,0.0,17.1,359.0,0.29843615007754953,-17.097395587174294
2026-02-27 15:00:00,22.5,75.0,0.0,18.4,352.0,2.5607850576652043,-18.220932464844893
2026-02-27 16:00:00,22.1,81.0,0.0,20.3,347.0,4.566506403180458,-19.779712315140277
2026-02-27 17:00:00,22.1,84.0,0.0,20.0,1.0,-0.3490481287456699,-19.996953903127825
2026-02-27 18:00:00,22.0,85.0,0.1,25.6,17.0,-7.4847156409020705,-24.481401752653706
2026-02-27 19:00:00,20.9,89.0,0.0,23.7,22.0,-8.878176263957121,-21.974257353232858
2026-02-27 20:00:00,21.2,88.0,0.0,23.7,15.0,-6.134011368929738,-22.89244208305092
2026-02-27 21:00:00,21.2,87.0,0.0,23.5,16.0,-6.477477861699474,-22.589649854550498
2026-02-27 22:00:00,21.1,85.0,0.0,23.5,21.0,-8.421646814314567,-21.93914002268424
2026-02-27 23:00:00,20.8,86.0,0.0,18.3,24.0,-7.443280568287142,-16.7178818748596
2026-02-28 00:00:00,20.6,88.0,0.1,21.6,20.0,-7.387635095834441,-20.297360608975623
2026-02-28 01:00:00,20.2,90.0,0.1,22.6,24.0,-9.192248133513083,-20.646127342722785
2026-02-28 02:00:00,20.1,90.0,0.0,24.8,19.0,-8.074090230537484,-23.44886067486306
2026-02-28 03:00:00,20.0,89.0,0.0,30.2,22.0,-11.31311912116055,-28.000952407916976
2026-02-28 04:00:00,19.9,90.0,0.0,28.0,27.0,-12.711733992707314,-24.948182677274296
2026-02-28 05:00:00,19.3,92.0,0.0,22.7,22.0,-8.503569670541209,-21.047073498666073
2026-02-28 06:00:00,19.5,90.0,0.7000000000000001,28.0,20.0,-9.57656401311872,-26.311393382005434
2026-02-28 07:00:00,19.2,91.0,0.8,24.1,39.0,-15.166621424301093,-18.72921767111299
2026-02-28 08:00:00,19.4,91.0,1.5,18.0,26.0,-7.8906806422033995,-16.178292833385
2026-02-28 09:00:00,20.0,89.0,0.0,19.0,26.0,-8.329051788992476,-17.07708687968417
2026-02-28 10:00:00,20.3,87.0,0.1,17.2,30.0,-8.600000000000007,-14.89563694509234
2026-02-28 11:00:00,20.7,85.0,0.0,11.1,39.0,-6.9854563406532,-8.626320172172374
2026-02-28 12:00:00,21.0,84.0,0.2,11.8,33.0,-6.426740613177318,-9.896312701756004
2026-02-28 13:00:00,21.7,80.0,0.0,11.6,22.0,-4.3454364836245825,-10.755332712974733
2026-02-28 14:00:00,21.8,81.0,0.0,14.9,9.0,-2.3308735290994425,-14.716556274867552
2026-02-28 15:00:00,21.5,84.0,0.4,19.2,10.0,-3.3340450112050624,-18.908308857834392
2026-02-28 16:00:00,21.6,84.0,0.0,22.7,22.0,-8.503569670541209,-21.047073498666073
2026-02-28 17:00:00,21.5,86.0,0.0,21.4,23.0,-8.36164614967046,-19.69880386388222
2026-02-28 18:00:00,21.5,87.0,0.0,22.7,15.0,-5.875192323827218,-21.92651625676185
2026-02-28 19:00:00,21.8,85.0,0.0,24.4,16.0,-6.725551481934772,-23.454785380894982
2026-02-28 20:00:00,21.0,90.0,0.0,17.1,34.0,-9.562198649349767,-14.176542490691217
2026-02-28 21:00:00,20.9,91.0,1.1,17.8,23.0,-6.955014087109074,-16.384986391453438
2026-02-28 22:00:00,21.1,89.0,0.6,19.7,29.0,-9.550749518852836,-17.2300082306461
2026-02-28 23:00:00,21.1,89.0,0.1,14.9,35.0,-8.546288901630591,-12.205365459905975
2026-03-01 00:00:00,20.7,93.0,0.4,16.2,15.0,-4.192868530660834,-15.647998385882905
2026-03-01 01:00:00,20.7,92.0,3.5,14.7,27.0,-6.6736603461713395,-13.097795905569006
2026-03-01 02:00:00,20.8,89.0,0.2,14.7,29.0,-7.126701417621151,-12.85690969494912
2026-03-01 03:00:00,20.6,90.0,0.4,10.4,39.0,-6.544932066918314,-8.082317999152494
2026-03-01 04:00:00,20.9,90.0,0.0,12.7,38.0,-7.818900736635857,-10.00773657080537
2026-03-01 05:00:00,20.6,92.0,2.8,15.1,36.0,-8.875557309616346,-12.216156615061704
2026-03-01 06:00:00,20.5,91.0,2.1,10.6,43.0,-7.229182616662484,-7.752349237163207
2026-03-01 07:00:00,20.5,92.0,0.0,10.1,39.0,-6.356135949603362,-7.849174210715402
2026-03-01 08:00:00,21.5,86.0,0.0,9.4,52.0,-7.407301083903187,-5.787217868061187
2026-03-01 09:00:00,22.3,80.0,0.0,7.3,16.0,-2.0121526974640918,-7.017210380349729
2026-03-01 10:00:00,22.5,83.0,0.0,13.3,344.0,3.665976832366089,-12.784780555979642
2026-03-01 11:00:00,22.2,87.0,0.0,13.8,351.0,2.158795617555187,-13.630099100212902
2026-03-01 12:00:00,22.0,87.0,0.0,18.9,359.0,0.32985048166465997,-18.897121438455795
2026-03-01 13:00:00,21.7,87.0,0.0,17.9,4.0,-1.2486408800198479,-17.856396499650852
2026-03-01 14:00:00,22.5,87.0,0.0,18.0,351.0,2.8158203707241567,-17.77839013071248
2026-03-01 15:00:00,22.5,87.0,0.0,14.8,350.0,2.56999302947057,-14.57515474458068
2026-03-01 16:00:00,22.4,89.0,0.0,13.7,349.0,2.614083236658665,-13.448292413232997
2026-03-01 17:00:00,22.0,90.0,0.0,12.1,11.0,-2.3087888440561897,-11.877688919716734
2026-03-01 18:00:00,22.0,90.0,0.0,9.9,22.0,-3.7086052748175318,-9.179120160211195
2026-03-01 19:00:00,22.0,90.0,0.0,8.6,31.0,-4.429327444226469,-7.371638786038164
2026-03-01 20:00:00,22.4,89.0,0.1,5.2,34.0,-2.907803098047882,-4.3109953772862175
2026-03-01 21:00:00,22.2,91.0,0.0,1.7000000000000002,302.0,1.4416817634659242,-0.9008627491964484
2026-03-01 22:00:00,22.6,91.0,0.8,15.5,255.0,14.971850307480558,4.011695199089072
2026-03-01 23:00:00,22.8,93.0,0.6,21.9,231.0,17.01949655590766,13.782116563991439
2026-03-02 00:00:00,22.7,92.0,0.7000000000000001,20.0,223.0,13.63996720124997,14.627074032383408
2026-03-02 01:00:00,22.5,94.0,0.4,10.3,227.0,7.5329431266774565,7.024583108643735
2026-03-02 02:00:00,22.3,95.0,1.3,4.4,240.0,3.8105117766515306,2.1999999999999997
2026-03-02 03:00:00,22.2,95.0,0.2,3.3,131.0,-2.4905416147351476,2.1649947956686737
2026-03-02 04:00:00,22.0,96.0,0.3,10.4,124.0,-8.621990754572433,5.815606196095768
2026-03-02 05:00:00,22.1,94.0,0.1,10.3,137.0,-7.024583108643734,7.532943126677457
2026-03-02 06:00:00,22.1,92.0,0.0,9.1,142.0,-5.60251942546349,7.17089785782117
2026-03-02 07:00:00,21.8,95.0,0.0,10.1,133.0,-7.386672386353621,6.888183436631236
2026-03-02 08:00:00,23.0,92.0,0.0,5.2,207.0,2.3607505986456436,4.633233925779512
2026-03-02 09:00:00,23.6,89.0,0.0,5.2,209.0,2.521010025280953,4.548022477124858
2026-03-02 10:00:00,24.1,87.0,0.0,5.1,225.0,3.6062445840513924,3.606244584051392
2026-03-02 11:00:00,25.0,82.0,0.0,5.4,220.0,3.471053092307313,4.136639992842482
2026-03-02 12:00:00,24.5,85.0,0.0,15.1,278.0,14.953047837997712,-2.101513824496988
2026-03-02 13:00:00,23.9,89.0,0.0,16.7,288.0,15.882643822129063,-5.160583806061621
2026-03-02 14:00:00,24.0,88.0,0.0,13.8,292.0,12.795137193021667,-5.1695709891395865
2026-03-02 15:00:00,23.5,89.0,0.0,8.3,300.0,7.188010851410842,-4.1499999999999995
2026-03-02 16:00:00,23.2,90.0,0.0,8.6,307.0,6.868265386406718,-5.1756091991076145
2026-03-02 17:00:00,23.0,91.0,0.0,7.7,307.0,6.149493427364155,-4.6339756782707715
2026-03-02 18:00:00,22.8,92.0,0.0,6.6,305.0,5.406403492307345,-3.7856044799169037
2026-03-02 19:00:00,22.5,93.0,0.0,10.6,346.0,2.5643720933564773,-10.285134698525562
2026-03-02 20:00:00,22.9,93.0,0.0,14.1,355.0,1.2288959727419797,-14.046345243093612
2026-03-02 21:00:00,22.8,94.0,0.0,14.7,26.0,-6.444055857799443,-13.212272480597752
2026-03-02 22:00:00,22.5,94.0,0.0,12.3,29.0,-5.963158329029944,-10.757822397814572
2026-03-02 23:00:00,22.5,93.0,0.0,14.7,22.0,-5.506716923213911,-13.629602662131774
2026-03-03 00:00:00,22.4,90.0,0.0,15.9,31.0,-8.189105391069866,-13.628960081163584
2026-03-03 01:00:00,22.3,88.0,0.0,17.6,23.0,-6.8768678614112195,-16.20088542076295
2026-03-03 02:00:00,22.0,90.0,0.0,24.1,24.0,-9.802353098126783,-22.016445529186687
2026-03-03 03:00:00,21.4,92.0,0.0,23.5,25.0,-9.93152915090643,-21.298232995361275
2026-03-03 04:00:00,20.9,89.0,0.1,24.2,25.0,-10.22736193412492,-21.93264844628693
2026-03-03 05:00:00,20.2,87.0,0.2,30.1,18.0,-9.301411530685922,-28.626801140484122
2026-03-03 06:00:00,19.4,88.0,0.6,35.3,19.0,-11.49255585233763,-33.37680571865588
2026-03-03 07:00:00,18.6,90.0,4.3,36.4,23.0,-14.222613077009568,-33.506376665668824
2026-03-03 08:00:00,18.5,88.0,2.9,43.4,25.0,-18.341632559546344,-39.33375795739061
2026-03-03 09:00:00,18.0,89.0,2.9,37.0,28.0,-17.370447823077956,-32.6690609357803
2026-03-03 10:00:00,18.2,90.0,1.8,37.6,20.0,-12.859957389045137,-35.33244254155016
2026-03-03 11:00:00,18.6,89.0,0.9,37.8,26.0,-16.570429348627137,-33.9744149501085
2026-03-03 12:00:00,19.4,84.0,0.0,33.0,24.0,-13.422309221501402,-30.147000102205833
2026-03-03 13:00:00,20.4,78.0,0.0,34.9,15.0,-9.03278467407797,-33.71081133748848
2026-03-03 14:00:00,20.5,78.0,0.1,40.3,16.0,-11.108185439425053,-38.738846346314254
2026-03-03 15:00:00,20.5,78.0,0.2,39.2,17.0,-11.460970825131295,-37.487146433750986
2026-03-03 16:00:00,20.2,79.0,0.1,38.1,16.0,-10.501783256627657,-36.624070615249956
2026-03-03 17:00:00,20.0,79.0,0.2,34.8,22.0,-13.036309450873746,-32.265998138924196
2026-03-03 18:00:00,19.7,79.0,0.0,35.5,20.0,-12.141715088061233,-33.35908803789975
2026-03-03 19:00:00,19.4,80.0,0.0,37.0,22.0,-13.860443956388755,-34.30580261897113
2026-03-03 20:00:00,19.0,83.0,0.0,37.7,22.0,-14.122668571779894,-34.95483131716789
2026-03-03 21:00:00,18.7,85.0,0.0,34.8,26.0,-15.255315908259904,-31.278032811211002
2026-03-03 22:00:00,18.5,85.0,0.0,35.4,29.0,-17.162260556720323,-30.961537632734615
2026-03-03 23:00:00,18.3,85.0,0.0,32.1,29.0,-15.562388809907413,-28.075292599174613
2026-03-04 00:00:00,18.7,84.0,0.0,33.6,26.0,-14.729270532113013,-30.199479955652006
2026-03-04 01:00:00,18.6,84.0,0.0,33.6,29.0,-16.289603240276918,-29.387222159883706
2026-03-04 02:00:00,18.5,84.0,0.0,34.7,32.0,-18.388198468892217,-29.427268936627982
2026-03-04 03:00:00,18.1,86.0,0.6,29.0,32.0,-15.367658662762945,-24.593394788536354
2026-03-04 04:00:00,18.2,88.0,0.1,31.1,31.0,-16.017684129702694,-26.65790305183569
2026-03-04 05:00:00,18.1,88.0,0.0,26.6,31.0,-13.70001279260745,-22.800650198676184
2026-03-04 06:00:00,18.2,88.0,0.0,26.6,27.0,-12.076147293071948,-23.700773543410584
2026-03-04 07:00:00,18.5,87.0,0.1,28.6,23.0,-11.174910274793232,-26.32643880873979
2026-03-04 08:00:00,18.5,88.0,1.6,30.5,19.0,-9.929828710943278,-28.838316555779162
2026-03-04 09:00:00,19.0,85.0,0.1,40.2,23.0,-15.707391365268808,-37.0042951087881
2026-03-04 10:00:00,19.0,82.0,0.1,34.5,28.0,-16.196768916113232,-30.461691953632982
2026-03-04 11:00:00,19.2,80.0,0.1,26.1,28.0,-12.25320778871175,-23.044932173617994
2026-03-04 12:00:00,19.5,79.0,0.1,24.5,20.0,-8.379493511478879,-23.022469209254755
2026-03-04 13:00:00,20.3,77.0,0.0,26.5,15.0,-6.8587046952167965,-25.59703439666031
2026-03-04 14:00:00,20.6,77.0,0.1,26.0,9.0,-4.067296091046007,-25.67989685547358
2026-03-04 15:00:00,20.5,78.0,0.0,28.1,10.0,-4.879513792440743,-27.673097859643047
2026-03-04 16:00:00,20.9,77.0,0.0,26.2,11.0,-4.999195678865469,-25.718632206328795
2026-03-04 17:00:00,21.0,79.0,0.0,31.1,9.0,-4.865111862751186,-30.717107392508783
2026-03-04 18:00:00,20.6,82.0,0.0,32.0,16.0,-8.820395386143964,-30.760374270026208
2026-03-04 19:00:00,20.6,81.0,0.0,31.1,15.0,-8.049272302688392,-30.040293197590024
2026-03-04 20:00:00,20.6,83.0,0.0,25.9,25.0,-10.945812979084108,-23.473371684249233
2026-03-04 21:00:00,20.2,84.0,0.2,18.7,32.0,-9.909490241160933,-15.858499398125165
2026-03-04 22:00:00,20.1,88.0,0.2,20.7,14.0,-5.007783238913123,-20.085121533913128
2026-03-04 23:00:00,20.3,87.0,0.2,25.5,16.0,-7.028752573333471,-24.512173246427135
2026-03-05 00:00:00,20.2,87.0,0.8,26.6,26.0,-11.660672504589469,-23.907921631557837
2026-03-05 01:00:00,19.9,89.0,0.6,20.5,35.0,-11.758316945196452,-16.792616907924327
2026-03-05 02:00:00,20.0,88.0,0.4,15.4,45.0,-10.889444430272835,-10.889444430272832
2026-03-05 03:00:00,20.2,86.0,0.2,16.4,43.0,-11.184773105024975,-11.994200706554395
2026-03-05 04:00:00,20.0,88.0,0.3,15.2,43.0,-10.366375072949978,-11.11657626461139
2026-03-05 05:00:00,19.9,91.0,0.6,14.4,28.0,-6.760390504116827,-12.714445337168549
2026-03-05 06:00:00,19.9,91.0,0.3,12.8,28.0,-6.009236003659402,-11.301729188594265
2026-03-05 07:00:00,20.0,91.0,0.0,11.8,36.0,-6.935865977051185,-9.546400533624379
2026-03-05 08:00:00,20.5,88.0,0.0,18.2,23.0,-7.111306538504784,-16.753188332834412
2026-03-05 09:00:00,21.0,87.0,0.0,17.5,12.0,-3.6384545893107965,-17.117583012841596
2026-03-05 10:00:00,20.8,89.0,1.0,23.4,1.0,-0.4083863106324338,-23.396436066659554
2026-03-05 11:00:00,20.9,88.0,0.0,30.1,2.0,-1.050474850745273,-30.081663893274783
2026-03-05 12:00:00,20.5,89.0,0.0,29.0,3.0,-1.5177427310453848,-28.96025650788264
2026-03-05 13:00:00,20.4,87.0,0.4,25.8,358.0,0.9004070149245279,-25.78428333709267
2026-03-05 14:00:00,20.5,90.0,0.1,27.9,9.0,-4.3645215746224455,-27.55650470260434
2026-03-05 15:00:00,20.6,89.0,0.0,29.5,5.0,-2.571094411055918,-29.387743593706492
2026-03-05 16:00:00,20.3,89.0,0.1,31.1,359.0,0.5427698401995199,-31.09526331936377
2026-03-05 17:00:00,19.9,89.0,0.3,30.8,359.0,0.5375341182683349,-30.79530901081685
2026-03-05 18:00:00,20.0,88.0,0.1,25.2,12.0,-5.239374608607546,-24.6493195384919
2026-03-05 19:00:00,20.0,89.0,0.0,25.2,14.0,-6.096431769111628,-24.45145230215511
2026-03-05 20:00:00,20.5,89.0,0.0,27.9,13.0,-6.27613441619384,-27.184924807508057
2026-03-05 21:00:00,20.4,90.0,0.2,29.1,10.0,-5.053161970107673,-28.657905612655256
2026-03-05 22:00:00,20.4,89.0,0.1,34.2,6.0,-3.574873443753745,-34.01264882159495
2026-03-05 23:00:00,20.0,90.0,0.1,36.0,6.0,-3.7630246776355207,-35.80278823325784
2026-03-06 00:00:00,20.0,89.0,0.1,32.0,16.0,-8.820395386143964,-30.760374270026208
2026-03-06 01:00:00,20.0,89.0,0.1,32.2,16.0,-8.875522857307365,-30.952626609213876
2026-03-06 02:00:00,20.0,88.0,0.3,32.2,8.0,-4.48137385091412,-31.886631813478566
2026-03-06 03:00:00,20.0,87.0,0.4,30.9,12.0,-6.424471246268777,-30.22476086267459
2026-03-06 04:00:00,19.8,87.0,0.2,27.9,21.0,-9.998465792313889,-26.046893899271925
2026-03-06 05:00:00,19.8,89.0,0.0,24.1,25.0,-10.18510010795085,-21.842017667583267
2026-03-06 06:00:00,20.0,89.0,0.0,25.6,28.0,-12.018472007318804,-22.60345837718853
2026-03-06 07:00:00,20.2,88.0,0.0,30.1,27.0,-13.665114042160363,-26.819296378069872
2026-03-06 08:00:00,20.5,87.0,0.0,36.1,20.0,-12.346927174056635,-33.92290361037129
2026-03-06 09:00:00,21.0,84.0,0.0,38.2,25.0,-16.14401759849471,-34.620957464800036
2026-03-06 10:00:00,20.9,83.0,0.0,40.4,21.0,-14.478065161630148,-37.716649230486944
2026-03-06 11:00:00,20.7,83.0,0.0,43.2,17.0,-12.630457644022243,-41.31236545760313
2026-03-06 12:00:00,20.5,82.0,0.0,46.1,14.0,-11.152599387144685,-44.73063298132344
2026-03-06 13:00:00,20.4,83.0,0.0,50.2,13.0,-11.292542928062037,-48.91337725221881
2026-03-06 14:00:00,20.1,83.0,0.0,52.5,14.0,-12.700899518982558,-50.94052562948981
2026-03-06 15:00:00,19.9,84.0,0.0,51.5,14.0,-12.458977623382891,-49.97022990321382
2026-03-06 16:00:00,19.6,83.0,0.0,50.4,14.0,-12.192863538223255,-48.90290460431022
2026-03-06 17:00:00,19.9,78.0,0.0,49.0,19.0,-15.952839568400675,-46.33041020436652
2026-03-06 18:00:00,19.6,78.0,0.0,48.2,21.0,-17.273335168083495,-44.99857655716512
2026-03-06 19:00:00,19.0,81.0,0.0,48.1,23.0,-18.794167280334072,-44.276283451062376
2026-03-06 20:00:00,18.6,84.0,0.0,46.4,22.0,-17.38174593449833,-43.02133085189893
2026-03-06 21:00:00,18.2,84.0,0.0,44.1,25.0,-18.637465342764834,-39.96817340831627
2026-03-06 22:00:00,18.0,84.0,0.0,40.1,25.0,-16.946992295802037,-36.34294226016967
2026-03-06 23:00:00,18.0,84.0,0.0,42.9,24.0,-17.449001987951824,-39.19110013286758
2026-03-07 00:00:00,17.8,84.0,0.0,41.2,29.0,-19.97415635414908,-36.03433193414312
2026-03-07 01:00:00,17.7,84.0,0.0,39.7,26.0,-17.403334527526386,-35.682123638076924
2026-03-07 02:00:00,17.6,84.0,0.0,38.9,28.0,-18.26244379237115,-34.34666136221226
2026-03-07 03:00:00,17.5,85.0,0.0,37.2,24.0,-15.130603122419764,-33.98389102430476
2026-03-07 04:00:00,17.6,85.0,0.0,38.3,26.0,-16.789614922021677,-34.42381197325809
2026-03-07 05:00:00,17.5,83.0,0.0,36.0,26.0,-15.781361284406799,-32.35658566677
2026-03-07 06:00:00,18.0,82.0,0.0,40.3,22.0,-15.096645714661264,-37.36550933904152
2026-03-07 07:00:00,18.1,80.0,0.0,43.8,24.0,-17.815064966720044,-40.01329104474592
2026-03-07 08:00:00,18.5,76.0,0.0,44.2,23.0,-17.270315879225905,-40.68631452259786
2026-03-07 09:00:00,18.8,74.0,0.0,43.4,24.0,-17.652370309489722,-39.64787286168888
2026-03-07 10:00:00,19.3,72.0,0.0,41.3,20.0,-14.12543191935011,-38.809305238458016
2026-03-07 11:00:00,19.3,74.0,0.0,45.9,15.0,-11.879794170205697,-44.335995426668234
2026-03-07 12:00:00,19.6,73.0,0.0,46.8,14.0,-11.321944714064452,-45.40983998971663
2026-03-07 13:00:00,19.5,74.0,0.0,50.2,13.0,-11.292542928062037,-48.91337725221881
2026-03-07 14:00:00,19.5,75.0,0.0,45.8,12.0,-9.522355439453397,-44.799160113608295
2026-03-07 15:00:00,19.4,76.0,0.0,46.5,14.0,-11.249368145384553,-45.11875127183384
2026-03-07 16:00:00,19.4,75.0,0.0,46.2,14.0,-11.176791576704652,-44.827662553951036
2026-03-07 17:00:00,19.0,79.0,0.0,47.5,14.0,-11.49129004098422,-46.08904699810983
2026-03-07 18:00:00,18.5,80.0,0.0,45.3,16.0,-12.486372218510049,-43.54515482600585
2026-03-07 19:00:00,18.2,80.0,0.0,41.6,20.0,-14.228037962347813,-39.09121302469379
2026-03-07 20:00:00,18.0,81.0,0.0,37.7,18.0,-11.649940687935525,-35.85483066432729
2026-03-07 21:00:00,17.7,82.0,0.0,37.1,21.0,-13.295450928130657,-34.635833823046184
2026-03-07 22:00:00,17.5,82.0,0.0,31.7,23.0,-12.38617677310998,-29.180003854442354
2026-03-07 23:00:00,17.2,83.0,0.0,26.4,25.0,-11.157122109954457,-23.92652557776756
2026-03-08 00:00:00,17.0,84.0,0.0,21.6,31.0,-11.124822418057178,-18.51481369516562
2026-03-08 01:00:00,16.8,84.0,0.0,16.8,35.0,-9.63608413069758,-13.76175434405506
2026-03-08 02:00:00,16.7,85.0,0.0,12.4,36.0,-7.288537128426668,-10.031810730249347
2026-03-08 03:00:00,17.2,84.0,0.0,15.0,20.0,-5.130302149885028,-14.095389311788626
2026-03-08 04:00:00,17.8,80.0,0.0,16.4,27.0,-7.445444195728569,-14.61250699668923
2026-03-08 05:00:00,16.9,85.0,0.0,9.8,44.0,-6.807652030498174,-7.049530043318782
2026-03-08 06:00:00,15.9,100.0,0.0,6.9,53.0,-5.510585019326321,-4.152523659749134
2026-03-08 07:00:00,16.5,92.0,0.0,7.1,49.0,-5.358438019581682,-4.6580191058326
2026-03-08 08:00:00,18.5,80.0,0.0,12.6,28.0,-5.915341691102223,-11.12513967002248
2026-03-08 09:00:00,19.4,74.0,0.0,15.1,12.0,-3.1394665313481727,-14.770028771080463
2026-03-08 10:00:00,19.9,75.0,0.0,22.3,7.0,-2.717686357934782,-22.133779181601483
2026-03-08 11:00:00,20.2,76.0,0.0,32.1,9.0,-5.021546327791416,-31.70479573310392
2026-03-08 12:00:00,20.8,74.0,0.0,37.4,12.0,-7.775897236584216,-36.58272026744433
2026-03-08 13:00:00,20.9,75.0,0.0,36.9,8.0,-5.135487425426429,-36.54089173656394
2026-03-08 14:00:00,20.0,83.0,0.0,41.2,7.0,-5.021016948292064,-40.89290144762247
2026-03-08 15:00:00,20.2,81.0,0.0,39.5,9.0,-6.179161369089126,-39.013689453507936
2026-03-08 16:00:00,20.4,80.0,0.0,39.5,9.0,-6.179161369089126,-39.013689453507936
2026-03-08 17:00:00,20.2,81.0,0.0,40.9,12.0,-8.503588154446375,-40.00623687001265
2026-03-08 18:00:00,19.5,85.0,0.0,37.8,12.0,-7.8590619129113195,-36.97397930773785
2026-03-08 19:00:00,19.5,83.0,0.0,32.2,16.0,-8.875522857307365,-30.952626609213876
2026-03-08 20:00:00,19.5,83.0,0.0,34.1,14.0,-8.249536639948673,-33.08708426601148
2026-03-08 21:00:00,19.5,82.0,0.0,29.4,19.0,-9.571703741040405,-27.798246122619915
2026-03-08 22:00:00,19.0,84.0,0.0,27.3,24.0,-11.103910355969344,-24.939790993643008
2026-03-08 23:00:00,19.0,83.0,0.0,25.9,24.0,-10.534479055663223,-23.660827352943365
2026-03-09 00:00:00,18.9,84.0,0.0,24.3,24.0,-9.883700426741942,-22.199154620715206
2026-03-09 01:00:00,18.7,85.0,0.0,23.5,24.0,-9.558311112281302,-21.468318254601122
2026-03-09 02:00:00,18.4,88.0,0.0,19.1,26.0,-8.372888903671386,-17.16696628431409
2026-03-09 03:00:00,18.3,89.0,0.0,19.2,23.0,-7.502037666994057,-17.67369318628685
2026-03-09 04:00:00,18.5,89.0,0.0,19.5,33.0,-10.620461182793026,-16.35407607493577
2026-03-09 05:00:00,18.1,90.0,0.0,18.3,41.0,-12.005880230526284,-13.811185318076728
2026-03-09 06:00:00,18.2,90.0,0.0,19.8,29.0,-9.59923048087747,-17.31747020136004
2026-03-09 07:00:00,18.6,87.0,0.0,25.2,30.0,-12.60000000000001,-21.823840175367845
2026-03-09 08:00:00,18.8,84.0,0.0,22.4,33.0,-12.199914384336603,-18.786220721977497
2026-03-09 09:00:00,19.6,80.0,0.0,28.1,23.0,-10.979544710548595,-25.866186382013574
2026-03-09 10:00:00,20.1,78.0,0.0,33.3,17.0,-9.735977767267144,-31.844948373569075
2026-03-09 11:00:00,20.1,78.0,0.0,37.0,13.0,-8.323189010723015,-36.0516923970537
2026-03-09 12:00:00,19.6,80.0,0.0,42.4,13.0,-9.537924704179886,-41.31329074689397
2026-03-09 13:00:00,19.6,79.0,0.0,44.9,13.0,-10.10030234003955,-43.74921590885705
2026-03-09 14:00:00,19.4,79.0,0.0,47.1,12.0,-9.792640637516486,-46.070751994562244
2026-03-09 15:00:00,19.0,78.0,0.0,46.3,15.0,-11.983321788246704,-44.72236575718386
2026-03-09 16:00:00,18.7,79.0,0.0,47.0,16.0,-12.954955723398948,-45.179299709100995
2026-03-09 17:00:00,18.5,78.0,0.0,45.1,17.0,-13.185963882995443,-43.1293444939329
2026-03-09 18:00:00,17.9,80.0,0.0,47.5,19.0,-15.46448733671494,-44.91213234096755
2026-03-09 19:00:00,17.8,76.0,0.0,47.2,21.0,-16.914967218538195,-44.06499613066792
2026-03-09 20:00:00,17.7,76.0,0.0,45.2,22.0,-16.932218022399237,-41.90871022641879
2026-03-09 21:00:00,17.4,79.0,0.0,47.5,22.0,-17.793813187255832,-44.0412330919224
2026-03-09 22:00:00,17.2,79.0,0.0,46.7,22.0,-17.494127912523105,-43.29948600826897
2026-03-09 23:00:00,16.9,79.0,0.0,45.8,26.0,-20.07739852293976,-41.16476732050184
2026-03-10 00:00:00,16.5,80.0,0.0,40.3,27.0,-18.29581713950374,-35.90756292479122
2026-03-10 01:00:00,16.6,80.0,0.0,44.1,20.0,-15.083088320661984,-41.440444576658564
2026-03-10 02:00:00,16.6,80.0,0.0,47.7,21.0,-17.094151193310847,-44.53178634391652
2026-03-10 03:00:00,16.4,80.0,0.0,43.5,24.0,-17.693043973797305,-39.73922740745314
2026-03-10 04:00:00,16.0,81.0,0.0,43.1,23.0,-16.8405116378877,-39.67375918380018
2026-03-10 05:00:00,16.0,81.0,0.0,45.8,23.0,-17.89548568480874,-42.159122288121765
2026-03-10 06:00:00,15.8,85.0,0.0,44.5,24.0,-18.099780616873105,-40.65277286509574
2026-03-10 07:00:00,15.4,85.0,0.0,39.8,27.0,-18.068821889633966,-35.46205966269704
2026-03-10 08:00:00,15.6,87.0,0.1,37.7,22.0,-14.122668571779894,-34.95483131716789
2026-03-10 09:00:00,15.6,85.0,0.6,36.7,25.0,-15.51009020588366,-33.26149578424506
2026-03-10 10:00:00,16.0,83.0,0.0,36.7,24.0,-14.927234800881864,-33.52711829548346
2026-03-10 11:00:00,16.5,78.0,0.0,36.4,21.0,-13.044593363448945,-33.98232752449814
2026-03-10 12:00:00,16.9,76.0,0.0,37.8,17.0,-11.051650438519461,-36.14831977540273
2026-03-10 13:00:00,17.5,73.0,0.0,39.3,17.0,-11.490207995603567,-37.58277690934729
2026-03-10 14:00:00,17.5,74.0,0.0,36.4,14.0,-8.805956999827908,-35.31876443644627
2026-03-10 15:00:00,17.2,76.0,0.0,37.7,17.0,-11.02241326804719,-36.05268929980643
2026-03-10 16:00:00,17.5,73.0,0.0,34.6,20.0,-11.833896959068133,-32.513364679192435
2026-03-10 17:00:00,17.4,73.0,0.0,34.2,22.0,-12.811545494824202,-31.70968782618413
2026-03-10 18:00:00,17.0,75.0,0.0,32.2,23.0,-12.581542337354618,-29.64025628116858
2026-03-10 19:00:00,16.6,76.0,0.0,32.5,23.0,-12.6987616759014,-29.91640773720431
2026-03-10 20:00:00,16.7,77.0,0.0,33.4,22.0,-12.51186022009147,-30.967940742530693
2026-03-10 21:00:00,16.4,76.0,0.0,29.5,26.0,-12.931948830277793,-26.51442436582542
2026-03-10 22:00:00,16.1,77.0,0.0,27.7,26.0,-12.142880766057454,-24.89659508248692
2026-03-10 23:00:00,16.0,78.0,0.0,26.2,27.0,-11.894551093176128,-23.344370933735235
2026-03-11 00:00:00,15.8,80.0,0.0,24.6,27.0,-11.168166293592854,-21.918760495033847
2026-03-11 01:00:00,15.8,81.0,0.0,24.1,28.0,-11.314264663139967,-21.27903698790014
2026-03-11 02:00:00,15.9,80.0,0.0,25.8,32.0,-13.671917017216689,-21.87964088083579
2026-03-11 03:00:00,16.0,78.0,0.0,25.8,32.0,-13.671917017216689,-21.87964088083579
2026-03-11 04:00:00,15.9,78.0,0.0,26.5,33.0,-14.432934427898214,-22.224770050553737
2026-03-11 05:00:00,15.9,80.0,0.0,27.4,30.0,-13.700000000000012,-23.72909606369361
2026-03-11 06:00:00,15.9,81.0,0.0,27.9,30.0,-13.950000000000012,-24.16210876558583
2026-03-11 07:00:00,16.2,80.0,0.0,29.4,27.0,-13.347320692342679,-26.195591811138012
2026-03-11 08:00:00,17.0,76.0,0.0,27.1,27.0,-12.303142542941723,-24.14627680550477
2026-03-11 09:00:00,17.8,73.0,0.0,29.7,20.0,-10.157998256772355,-27.908870837341478
2026-03-11 10:00:00,18.4,72.0,0.0,32.6,14.0,-7.8866537965491705,-31.631640676597485
2026-03-11 11:00:00,18.6,73.0,0.0,34.5,9.0,-5.396989043887971,-34.07524775053225
2026-03-11 12:00:00,18.5,75.0,0.0,36.8,6.0,-3.8466474482496436,-36.598405749552455
2026-03-11 13:00:00,18.5,76.0,0.0,38.6,7.0,-4.704156655438681,-38.312281453355034
2026-03-11 14:00:00,18.5,76.0,0.0,37.3,7.0,-4.545726509011989,-37.02197145622131
2026-03-11 15:00:00,18.5,77.0,0.0,35.6,11.0,-6.792800235404989,-34.94592773073684
2026-03-11 16:00:00,18.5,78.0,0.0,32.9,11.0,-6.277615947888317,-32.295534335428144
2026-03-11 17:00:00,18.2,81.0,0.0,32.4,11.0,-6.182211450200045,-31.804720743704312
2026-03-11 18:00:00,18.2,82.0,0.0,32.1,14.0,-7.765692848749336,-31.14649281345949
2026-03-11 19:00:00,18.2,81.0,0.0,31.0,17.0,-9.063522846404851,-29.645447434854095
2026-03-11 20:00:00,18.5,78.0,0.0,27.9,21.0,-9.998465792313889,-26.046893899271925
2026-03-11 21:00:00,18.3,76.0,0.0,26.0,24.0,-10.575152719970802,-23.752181898707626
2026-03-11 22:00:00,18.0,77.0,0.0,24.4,20.0,-8.345291497146311,-22.928499947176164
2026-03-11 23:00:00,17.8,80.0,0.0,23.3,22.0,-8.728333626590757,-21.603383811406147
2026-03-12 00:00:00,17.5,82.0,0.0,22.0,24.0,-8.948206147667602,-20.09800006813722
2026-03-12 01:00:00,17.5,83.0,0.0,23.5,21.0,-8.421646814314567,-21.93914002268424
2026-03-12 02:00:00,17.4,83.0,0.0,27.9,23.0,-10.90139848485074,-25.682085411323083
2026-03-12 03:00:00,17.4,83.0,0.0,31.1,25.0,-13.143427940135744,-28.18617217683982
2026-03-12 04:00:00,17.2,81.0,0.0,30.8,29.0,-14.932136303587175,-26.938286979893395
2026-03-12 05:00:00,17.0,81.0,0.0,29.7,33.0,-16.1757793399463,-24.908515867979094
2026-03-12 06:00:00,16.9,81.0,0.0,29.4,30.0,-14.700000000000012,-25.461146871262486
2026-03-12 07:00:00,17.1,81.0,0.0,31.6,26.0,-13.852528238534857,-28.401891863053674
2026-03-12 08:00:00,18.5,74.0,0.0,37.2,22.0,-13.935365275071938,-34.49123938988449
2026-03-12 09:00:00,18.8,72.0,0.0,38.8,20.0,-13.270381561035938,-36.460073686493246
2026-03-12 10:00:00,19.1,70.0,0.0,37.9,17.0,-11.080887608991736,-36.243950250999035
2026-03-12 11:00:00,19.3,70.0,0.0,38.7,12.0,-8.046182434647305,-37.85431214839828
2026-03-12 12:00:00,18.9,74.0,0.0,44.9,11.0,-8.567323892406852,-44.07506053680011
2026-03-12 13:00:00,18.7,74.0,0.0,46.5,11.0,-8.872618285009324,-45.645664030316375
2026-03-12 14:00:00,18.6,73.0,0.0,47.1,11.0,-8.98710368223525,-46.23464034038498
2026-03-12 15:00:00,18.8,70.0,0.0,46.9,14.0,-11.34613690362442,-45.506869562344235
2026-03-12 16:00:00,18.7,70.0,0.0,47.4,15.0,-12.268022737859477,-45.78488416610184
2026-03-12 17:00:00,18.4,71.0,0.0,48.0,15.0,-12.42331416492099,-46.36443966187528
2026-03-12 18:00:00,18.0,70.0,0.0,47.0,21.0,-16.843293628629134,-43.87828004536848
2026-03-12 19:00:00,17.5,68.0,0.0,42.7,24.0,-17.367654659336665,-39.00839104133907
2026-03-12 20:00:00,17.8,60.0,0.0,46.2,25.0,-19.524963692420304,-41.871419761093236
2026-03-12 21:00:00,18.0,52.0,0.0,49.8,24.0,-20.255484825174843,-45.494563790601525
2026-03-12 22:00:00,18.0,46.0,0.0,46.8,24.0,-19.035274895947442,-42.75392741767372
2026-03-12 23:00:00,17.8,44.0,0.0,47.6,21.0,-17.058314398356316,-44.438428301266796
2026-03-13 00:00:00,17.8,43.0,0.0,49.1,23.0,-19.184898408823347,-45.19678830451482
2026-03-13 01:00:00,17.4,49.0,0.0,54.3,22.0,-20.341138022484035,-50.346083302976545
2026-03-13 02:00:00,16.9,55.0,0.0,54.3,20.0,-18.5716937825838,-51.02530930867483
2026-03-13 03:00:00,16.6,55.0,0.0,51.6,22.0,-19.329700220261074,-47.842686895646224
2026-03-13 04:00:00,16.1,57.0,0.0,49.1,23.0,-19.184898408823347,-45.19678830451482
2026-03-13 05:00:00,15.8,59.0,0.0,46.7,23.0,-18.24714370044909,-42.98757665622896
2026-03-13 06:00:00,15.4,59.0,0.0,44.3,26.0,-19.419841802756142,-39.816576251053085
2026-03-13 07:00:00,15.4,61.0,0.0,43.9,28.0,-20.609801606300604,-38.7613993265069
2026-03-13 08:00:00,15.9,61.0,0.0,40.3,28.0,-18.919703980271397,-35.582787992214755
2026-03-13 09:00:00,16.5,60.0,0.0,42.9,24.0,-17.449001987951824,-39.19110013286758
2026-03-13 10:00:00,17.0,60.0,0.0,43.3,21.0,-15.51733221531152,-40.42403246732883
2026-03-13 11:00:00,17.6,60.0,0.0,42.9,16.0,-11.824842564549252,-41.23812675575388
2026-03-13 12:00:00,18.1,58.0,0.0,43.7,13.0,-9.830361074826913,-42.579971831114776
2026-03-13 13:00:00,18.0,64.0,0.0,47.9,10.0,-8.317747710245962,-47.172291369284764
2026-03-13 14:00:00,17.5,68.0,0.0,46.8,9.0,-7.321132963882812,-46.22381433985244
2026-03-13 15:00:00,17.7,67.0,0.0,46.6,12.0,-9.688684792107606,-45.58167819419534
2026-03-13 16:00:00,17.6,69.0,0.0,46.0,13.0,-10.347748499817802,-44.821022980120816
2026-03-13 17:00:00,17.6,70.0,0.0,45.1,13.0,-10.145292550908323,-43.944089921814104
2026-03-13 18:00:00,17.9,66.0,0.0,41.9,15.0,-10.844517989795614,-40.47229212151196
2026-03-13 19:00:00,17.8,65.0,0.0,38.6,16.0,-10.639601934536158,-37.104701463219115
2026-03-13 20:00:00,17.5,66.0,0.0,32.6,18.0,-10.073954016623292,-31.004442431222007
2026-03-13 21:00:00,17.0,68.0,0.0,24.9,24.0,-10.127742412587422,-22.747281895300762
2026-03-13 22:00:00,16.4,70.0,0.0,17.4,22.0,-6.518154725436873,-16.132999069462098
2026-03-13 23:00:00,16.1,72.0,0.0,12.9,23.0,-5.040431557511632,-11.87451260953648
2026-03-14 00:00:00,15.8,72.0,0.0,7.1,63.0,-6.326146321737411,-3.2233325481507813
2026-03-14 01:00:00,14.8,78.0,0.0,7.3,118.0,-6.445517427870167,3.427142408337002
2026-03-14 02:00:00,14.1,81.0,0.0,8.4,145.0,-4.818042065348788,6.880877172027531
2026-03-14 03:00:00,14.1,86.0,0.0,8.8,157.0,-3.4384339307056093,8.100442710381476
2026-03-14 04:00:00,14.7,81.0,0.0,8.7,156.0,-3.538608794759462,7.947845481490627
2026-03-14 05:00:00,14.6,84.0,0.0,9.7,130.0,-7.430631098254085,6.235039813959433
2026-03-14 06:00:00,14.2,85.0,0.0,10.1,109.0,-9.5497376135531,3.2882383600172815
2026-03-14 07:00:00,14.8,81.0,0.0,8.9,83.0,-8.833660749607766,-1.084637156305811
2026-03-14 08:00:00,17.2,67.0,0.0,10.2,48.0,-7.580077219869421,-6.825132184860354
2026-03-14 09:00:00,18.4,61.0,0.0,10.2,28.0,-4.788609940416086,-9.006065447161054
2026-03-14 10:00:00,18.9,63.0,0.0,13.7,4.0,-0.9556636902945204,-13.666627488559591
2026-03-14 11:00:00,19.0,67.0,0.0,16.3,352.0,2.268521545649067,-16.141369520487597
2026-03-14 12:00:00,19.0,71.0,0.0,19.7,347.0,4.431535770574139,-19.195090276269134
2026-03-14 13:00:00,19.2,70.0,0.0,20.6,354.0,2.1532863433136615,-20.48715104458643
2026-03-14 14:00:00,19.5,71.0,0.0,23.1,358.0,0.806178373827775,-23.085928104141114
2026-03-14 15:00:00,19.6,69.0,0.0,24.7,5.0,-2.1527468458671586,-24.606009042866113
2026-03-14 16:00:00,18.9,73.0,0.0,33.7,3.0,-1.7637217253872233,-33.65381532122914
2026-03-14 17:00:00,18.4,76.0,0.0,35.7,6.0,-3.7316661386552252,-35.50443166464736
2026-03-14 18:00:00,18.4,77.0,0.0,32.1,10.0,-5.574106503108464,-31.61232887169188
2026-03-14 19:00:00,18.5,78.0,0.0,28.2,12.0,-5.863109681060826,-27.583762340693315
2026-03-14 20:00:00,18.7,77.0,0.0,24.8,13.0,-5.578786147727858,-24.16437760667383
2026-03-14 21:00:00,18.7,75.0,0.0,20.3,18.0,-6.273044985811436,-19.306447280791616
2026-03-14 22:00:00,18.4,75.0,0.0,17.7,20.0,-6.053756536864333,-16.63255938791058
2026-03-14 23:00:00,17.8,80.0,0.0,15.1,20.0,-5.164504164217595,-14.189358573867217
2026-03-15 00:00:00,17.5,82.0,0.0,15.5,15.0,-4.01169519908907,-14.971850307480558
2026-03-15 01:00:00,17.5,82.0,0.0,14.9,15.0,-3.8564037720275572,-14.392294811707119
2026-03-15 02:00:00,17.5,81.0,0.0,14.2,13.0,-3.1943049716828864,-13.836054919950339
2026-03-15 03:00:00,17.5,79.0,0.0,11.7,20.0,-4.001635676910322,-10.994403663195127
2026-03-15 04:00:00,17.4,79.0,0.0,8.3,11.0,-1.5837146616253204,-8.147505622615611
2026-03-15 05:00:00,17.6,79.0,0.0,9.0,359.0,0.1570716579355524,-8.998629256407522
2026-03-15 06:00:00,17.7,79.0,0.0,9.8,355.0,0.8541262789270498,-9.762708041299106
2026-03-15 07:00:00,17.6,78.0,0.0,6.0,10.0,-1.041889066001582,-5.908846518073248
2026-03-15 08:00:00,18.5,79.0,0.0,2.6,56.0,-2.1554976886431088,-1.4539015490239415
2026-03-15 09:00:00,19.1,73.0,0.0,1.8,114.0,-1.6443818237566814,0.7321259575364408
2026-03-15 10:00:00,19.6,78.0,0.0,1.8,307.0,1.437543918085127,-1.083267041673687
2026-03-15 11:00:00,20.1,72.0,0.0,8.3,312.0,6.168102051462372,-5.553784032778524
2026-03-15 12:00:00,19.5,75.0,0.0,13.8,319.0,9.053614600069,-10.414992207074254
2026-03-15 13:00:00,19.3,77.0,0.0,14.7,336.0,5.979028653214263,-13.429118227346232
2026-03-15 14:00:00,19.5,78.0,0.0,17.7,345.0,4.581097098314617,-17.09688712531651
2026-03-15 15:00:00,19.5,78.0,0.0,18.2,357.0,0.9525144036215801,-18.17505753253324
2026-03-15 16:00:00,19.5,79.0,0.0,17.1,8.0,-2.3798600264171257,-16.933583975480854
2026-03-15 17:00:00,19.0,82.0,0.0,20.6,21.0,-7.382379760633195,-19.231756785842354
2026-03-15 18:00:00,18.8,84.0,0.0,19.6,27.0,-8.89821379489512,-17.46372787409201
2026-03-15 19:00:00,18.7,86.0,0.0,17.5,19.0,-5.697442703000242,-16.546575072988045
2026-03-15 20:00:00,19.0,86.0,0.0,15.9,22.0,-5.956244835313005,-14.74222328761192
2026-03-15 21:00:00,18.9,86.0,0.0,13.1,34.0,-7.32542703546678,-10.860392200471049
2026-03-15 22:00:00,18.5,88.0,0.0,11.7,44.0,-8.127502934370268,-8.41627566396222
2026-03-15 23:00:00,18.5,88.0,0.0,9.3,37.0,-5.596879715314049,-7.427310243439824
2026-03-16 00:00:00,18.4,89.0,0.0,6.3,15.0,-1.63055998414588,-6.085332705621131
2026-03-16 01:00:00,18.5,90.0,0.0,5.0,13.0,-1.1247552717193263,-4.871850323926176
2026-03-16 02:00:00,18.5,95.0,0.0,5.4,354.0,0.5644537016453287,-5.370418234988676
2026-03-16 03:00:00,18.5,93.0,0.0,4.5,40.0,-2.8925442435894277,-3.4471999940354006
2026-03-16 04:00:00,18.4,94.0,0.0,3.7,35.0,-2.122232814498872,-3.030862563869269
2026-03-16 05:00:00,18.5,92.0,0.0,4.2,7.0,-0.5118512423016182,-4.168693836893553
2026-03-16 06:00:00,18.6,92.0,0.0,8.8,340.0,3.009777261265886,-8.269295062915994
2026-03-16 07:00:00,18.5,91.0,0.0,7.9,349.0,1.507391063474705,-7.754854749236546
2026-03-16 08:00:00,19.4,88.0,0.0,4.7,9.0,-0.7352419856890859,-4.6421352007971475
2026-03-16 09:00:00,20.0,85.0,0.0,2.9,30.0,-1.4500000000000013,-2.5114736709748713
2026-03-16 10:00:00,20.4,84.0,0.0,6.2,330.0,3.100000000000001,-5.36935750346352
2026-03-16 11:00:00,20.5,82.0,0.0,10.8,324.0,6.34808072475871,-8.737383539249434
2026-03-16 12:00:00,20.2,80.0,0.0,13.9,321.0,8.747553435592742,-10.802328864251896
2026-03-16 13:00:00,20.4,79.0,0.0,14.9,328.0,7.895797037074753,-12.635916632730748
2026-03-16 14:00:00,20.6,81.0,0.0,18.4,339.0,6.593970271633527,-17.17787984754851
2026-03-16 15:00:00,20.4,84.0,0.0,17.7,345.0,4.581097098314617,-17.09688712531651
2026-03-16 16:00:00,20.1,87.0,0.0,19.4,354.0,2.027852187392477,-19.2937247701445
2026-03-16 17:00:00,19.5,90.0,0.0,20.7,358.0,0.7224195817417723,-20.68739011929528
2026-03-16 18:00:00,19.0,90.0,0.0,20.7,359.0,0.36126481325177046,-20.6968472897373
2026-03-16 19:00:00,18.8,90.0,0.0,19.2,10.0,-3.3340450112050624,-18.908308857834392
2026-03-16 20:00:00,19.0,89.0,0.0,17.7,13.0,-3.981633661886415,-17.24635014669866
2026-03-16 21:00:00,18.8,90.0,0.0,14.6,26.0,-6.400218743120535,-13.122393075967835
2026-03-16 22:00:00,18.6,91.0,0.0,13.0,24.0,-5.287576359985401,-11.876090949353813
2026-03-16 23:00:00,18.3,94.0,0.0,12.2,28.0,-5.727553065987867,-10.771960632878908
2026-03-17 00:00:00,18.3,94.0,0.0,10.1,19.0,-3.288238360017282,-9.5497376135531
2026-03-17 01:00:00,18.1,96.0,0.0,9.2,20.0,-3.1465853185961503,-8.645172111230357
2026-03-17 02:00:00,18.0,98.0,0.0,10.1,16.0,-2.7839372937516886,-9.708743128977021
2026-03-17 03:00:00,18.0,98.0,0.0,9.6,3.0,-0.5024251799322653,-9.586843533643908
2026-03-17 04:00:00,18.0,97.0,0.0,10.8,349.0,2.0607371500666853,-10.601573581234772
2026-03-17 05:00:00,18.0,91.0,0.0,11.8,344.0,3.25252079864059,-11.342888012072164
2026-03-17 06:00:00,18.0,90.0,0.0,10.8,359.0,0.18848598952266288,-10.798355107689027
2026-03-17 07:00:00,18.0,89.0,0.0,8.8,26.0,-3.8576660917438845,-7.909387607432668
2026-03-17 08:00:00,18.2,90.0,0.0,10.4,18.0,-3.213776741499455,-9.890987769469596
2026-03-17 09:00:00,18.7,85.0,0.0,7.9,16.0,-2.1775351109542913,-7.593967397912721
2026-03-17 10:00:00,19.4,81.0,0.0,8.8,351.0,1.3766232923540322,-8.691657397237213
2026-03-17 11:00:00,19.5,81.0,0.0,11.6,339.0,4.157068214725484,-10.82953294736754
2026-03-17 12:00:00,19.5,81.0,0.0,14.4,340.0,4.925090063889631,-13.53157373931708
2026-03-17 13:00:00,19.4,82.0,0.0,16.7,338.0,6.255930110045729,-15.483970371265348
2026-03-17 14:00:00,19.6,80.0,0.0,17.9,341.0,5.827669964783105,-16.924782503227767
2026-03-17 15:00:00,19.6,80.0,0.0,16.5,352.0,2.2963561658410803,-16.33942313423591
2026-03-17 16:00:00,19.5,82.0,0.0,17.0,355.0,1.4816476267101883,-16.935309867559674
2026-03-17 17:00:00,19.4,85.0,0.0,16.4,1.0,-0.28621946557144934,-16.397502200564816
2026-03-17 18:00:00,19.2,87.0,0.0,12.8,24.0,-5.206229031370242,-11.693381857825294
2026-03-17 19:00:00,19.0,84.0,0.0,9.9,38.0,-6.095048605724015,-7.80130646070655
2026-03-17 20:00:00,19.1,79.0,0.0,6.8,63.0,-6.058844364480901,-3.0871353982289174
2026-03-17 21:00:00,19.4,79.0,0.0,5.2,34.0,-2.907803098047882,-4.3109953772862175
2026-03-17 22:00:00,19.6,81.0,0.0,3.5,351.0,0.5475206276408082,-3.456909192082982
2026-03-17 23:00:00,19.8,82.0,0.0,1.0,112.0,-0.9271838545667873,0.37460659341591224
2026-03-18 00:00:00,18.9,88.0,0.0,6.5,113.0,-5.983281547440862,2.5397523351802795
2026-03-18 01:00:00,17.8,92.0,0.0,7.3,107.0,-6.9810247185301595,2.134313444475977
2026-03-18 02:00:00,17.8,93.0,0.0,5.9,108.0,-5.611233446141406,1.8232002668121905
2026-03-18 03:00:00,17.8,90.0,0.0,7.2,109.0,-6.807733744315081,2.3440907120915275
2026-03-18 04:00:00,18.0,86.0,0.0,7.3,101.0,-7.165878439167947,1.3929056662487782
2026-03-18 05:00:00,18.2,83.0,0.0,7.9,117.0,-7.038951541088106,3.5865249479424204
2026-03-18 06:00:00,18.1,85.0,0.0,6.4,133.0,-4.6806636903626915,4.364789504399991
2026-03-18 07:00:00,18.0,86.0,0.0,5.2,149.0,-2.6781979895322823,4.457269963650984
2026-03-18 08:00:00,20.0,72.0,0.0,3.2,207.0,1.45276959916655,2.851220877402777
2026-03-18 09:00:00,22.2,67.0,0.0,5.6,225.0,3.9597979746446663,3.9597979746446654
2026-03-18 10:00:00,23.0,68.0,0.0,6.3,255.0,6.085332705621131,1.6305599841458807
2026-03-18 11:00:00,23.5,67.0,0.0,10.0,276.0,9.945218953682733,-1.0452846326765348
2026-03-18 12:00:00,23.7,67.0,0.0,15.7,279.0,15.506706947343663,-2.4560211011316246
2026-03-18 13:00:00,23.7,70.0,0.0,18.0,273.0,17.975331625582328,-0.942047212372989
2026-03-18 14:00:00,24.0,69.0,0.0,21.3,267.0,21.270809090272422,1.1147558679747036
2026-03-18 15:00:00,23.5,72.0,0.0,22.0,265.0,21.9162833580184,1.9174263404484797
2026-03-18 16:00:00,23.6,73.0,0.0,20.9,259.0,20.516008134056175,3.9879080033697862
2026-03-18 17:00:00,23.4,76.0,0.0,19.1,261.0,18.86484730536713,2.98789828226841
2026-03-18 18:00:00,23.0,80.0,0.0,13.8,258.0,13.49843689012652,2.8691813332850793
2026-03-18 19:00:00,22.5,85.0,0.0,5.1,234.0,4.125986671312232,2.997704786691613
2026-03-18 20:00:00,22.0,86.0,0.0,5.5,117.0,-4.900535883036023,2.4969477485675076
2026-03-18 21:00:00,21.5,86.0,0.0,8.3,120.0,-7.188010851410842,4.1499999999999995
2026-03-18 22:00:00,21.5,83.0,0.0,9.9,138.0,-6.624393002952697,7.357133772226203
2026-03-18 23:00:00,21.5,82.0,0.0,10.3,142.0,-6.341313195854281,8.116510762149238
2026-03-19 00:00:00,21.1,83.0,0.0,8.5,136.0,-5.9045961489014775,6.114388302878535
2026-03-19 01:00:00,20.8,84.0,0.0,5.8,116.0,-5.213005468535169,2.5425526513766483
2026-03-19 02:00:00,20.9,85.0,0.0,4.8,119.0,-4.1981745942691,2.3270861771824185
2026-03-19 03:00:00,20.1,87.0,0.0,7.9,125.0,-6.471301149883036,4.5312538471732635
2026-03-19 04:00:00,19.9,86.0,0.0,9.3,119.0,-8.133963276396381,4.5087294682909365
2026-03-19 05:00:00,19.7,85.0,0.0,9.6,110.0,-9.02104915954472,3.2833933759264213
2026-03-19 06:00:00,19.6,85.0,0.0,7.4,104.0,-7.180188374442374,1.7902220274375413
2026-03-19 07:00:00,20.4,87.0,0.1,10.0,13.0,-2.2495105434386526,-9.743700647852352
2026-03-19 08:00:00,21.3,86.0,0.2,16.6,358.0,0.579331645261518,-16.58988772851699
2026-03-19 09:00:00,21.5,86.0,0.0,16.7,14.0,-4.040095656514452,-16.20393862880914
2026-03-19 10:00:00,21.8,85.0,0.0,17.5,9.0,-2.7376031382040433,-17.28454596041491
2026-03-19 11:00:00,21.5,86.0,0.0,22.5,1.0,-0.3926791448388787,-22.496573141018803
2026-03-19 12:00:00,21.1,86.0,0.0,28.6,359.0,0.49913882410631094,-28.59564408147279
2026-03-19 13:00:00,21.1,86.0,0.0,32.8,358.0,1.1447034918420353,-32.780019126226335
2026-03-19 14:00:00,20.6,87.0,0.0,33.5,2.0,-1.1691331395337754,-33.47959270513971
2026-03-19 15:00:00,21.0,84.0,0.0,31.8,8.0,-4.425704610530094,-31.490524585981934
2026-03-19 16:00:00,20.9,84.0,0.0,30.9,8.0,-4.300448819666034,-30.59928332411452
2026-03-19 17:00:00,20.6,86.0,0.0,30.2,9.0,-4.7243208442149776,-29.828187885973158
2026-03-19 18:00:00,20.5,87.0,0.0,30.0,9.0,-4.693033951206931,-29.63065021785413
2026-03-19 19:00:00,20.3,89.0,0.0,33.9,10.0,-5.886673222908938,-33.38498282711385
2026-03-19 20:00:00,20.5,87.0,0.0,31.2,15.0,-8.075154207198644,-30.13688578021893
2026-03-19 21:00:00,20.5,86.0,0.0,26.7,20.0,-9.13193782679535,-25.089792974983755
2026-03-19 22:00:00,20.4,86.0,0.0,22.8,20.0,-7.798059267825243,-21.424991753918714
2026-03-19 23:00:00,20.1,87.0,0.0,24.5,15.0,-6.341066605011755,-23.665182744082173
2026-03-20 00:00:00,20.1,87.0,0.0,29.2,16.0,-8.048610789856367,-28.068841521398916
2026-03-20 01:00:00,20.0,86.0,0.0,27.7,25.0,-11.706525850217366,-25.104725700915207
2026-03-20 02:00:00,19.5,88.0,0.0,24.3,27.0,-11.03196914367099,-21.651458537777337
2026-03-20 03:00:00,19.5,89.0,0.0,24.5,26.0,-10.740093096332405,-22.020454134329587
2026-03-20 04:00:00,19.5,89.0,0.0,25.3,23.0,-9.885497550778629,-23.28877279234674
2026-03-20 05:00:00,19.5,88.0,0.0,26.3,27.0,-11.939950143150083,-23.433471586154074
2026-03-20 06:00:00,19.6,88.0,0.0,24.5,30.0,-12.25000000000001,-21.21762239271874
2026-03-20 07:00:00,19.9,86.0,0.0,22.7,30.0,-11.35000000000001,-19.65877666590675
2026-03-20 08:00:00,20.6,83.0,0.0,23.1,25.0,-9.762481846210152,-20.935709880546618
2026-03-20 09:00:00,21.4,79.0,0.0,22.2,17.0,-6.490651844844764,-21.229965582379382
2026-03-20 10:00:00,21.6,79.0,0.0,25.3,5.0,-2.2050402915157536,-25.203725861721164
2026-03-20 11:00:00,21.4,81.0,0.0,26.0,4.0,-1.8136683173472652,-25.93666530675543
2026-03-20 12:00:00,21.5,83.0,0.0,25.2,0.0,-4.6291649007769944e-15,-25.2
2026-03-20 13:00:00,21.1,86.0,0.0,26.7,350.0,4.6364063437070415,-26.294367005425954
2026-03-20 14:00:00,20.6,87.0,0.0,29.0,347.0,6.523580575972082,-28.256731878771824
2026-03-20 15:00:00,20.1,89.0,0.0,28.8,354.0,3.01041974210842,-28.64223058660627
2026-03-20 16:00:00,20.0,89.0,0.0,29.8,5.0,-2.5972411338802157,-29.686602003134016
2026-03-20 17:00:00,20.2,85.0,0.0,28.8,13.0,-6.47859036510332,-28.061857865814773
2026-03-20 18:00:00,20.4,85.0,0.0,25.9,16.0,-7.13900751566027,-24.89667792480246
2026-03-20 19:00:00,20.6,85.0,0.0,21.8,13.0,-4.9039329846962625,-21.241267412318127
2026-03-20 20:00:00,20.7,89.0,0.0,24.7,14.0,-5.975470821311794,-23.96630443901711
2026-03-20 21:00:00,20.9,88.0,0.0,22.6,19.0,-7.35784029073174,-21.36871980854456
2026-03-20 22:00:00,20.9,87.0,0.0,19.6,19.0,-6.3811358273602705,-18.53216408174661
2026-03-20 23:00:00,20.6,89.0,0.0,22.2,20.0,-7.592847181829842,-20.861176181447167
2026-03-21 00:00:00,20.6,89.0,0.0,24.9,17.0,-7.280055447596154,-23.81198842347958
2026-03-21 01:00:00,20.6,88.0,0.0,25.1,19.0,-8.171760676874632,-23.732516247542854
2026-03-21 02:00:00,20.5,89.0,0.0,31.2,26.0,-13.677179779819225,-28.042374244534003
2026-03-21 03:00:00,20.0,89.0,0.0,29.0,30.0,-14.500000000000012,-25.114736709748712
2026-03-21 04:00:00,19.5,90.0,0.0,24.8,30.0,-12.400000000000011,-21.47743001385407
2026-03-21 05:00:00,19.5,89.0,0.0,19.7,33.0,-10.72938898979603,-16.521810188524853
2026-03-21 06:00:00,19.6,89.0,0.0,18.5,29.0,-8.968977974557232,-16.180464582078827
2026-03-21 07:00:00,20.1,86.0,0.0,20.2,19.0,-6.576476720034564,-19.0994752271062
2026-03-21 08:00:00,21.0,84.0,0.0,22.7,11.0,-4.331364195047563,-22.282937064261972
2026-03-21 09:00:00,21.0,83.0,0.0,28.3,9.0,-4.427095360638538,-27.951580038842398
2026-03-21 10:00:00,21.1,82.0,0.0,31.0,4.0,-2.162450686067893,-30.92448555805455
2026-03-21 11:00:00,21.4,81.0,0.0,31.5,3.0,-1.6485826216527457,-31.456830344769077
2026-03-21 12:00:00,20.9,83.0,0.0,34.3,4.0,-2.3926470494235073,-34.21644692391197
2026-03-21 13:00:00,21.0,83.0,0.0,33.3,6.0,-3.4807978268128568,-33.117579115763505
2026-03-21 14:00:00,20.9,84.0,0.0,35.5,3.0,-1.8579264466245229,-35.45134848378737
2026-03-21 15:00:00,20.8,82.0,0.0,36.5,7.0,-4.448231034287872,-36.22793453490826
2026-03-21 16:00:00,20.2,85.0,0.0,35.2,10.0,-6.112415853875948,-34.66523290602972
2026-03-21 17:00:00,20.2,85.0,0.0,34.8,12.0,-7.23532684045804,-34.03953650553643
2026-03-21 18:00:00,20.0,87.0,0.0,32.8,16.0,-9.040905270797563,-31.52938362677686
2026-03-21 19:00:00,20.2,85.0,0.0,28.6,19.0,-9.31124921747468,-27.041831262140462
2026-03-21 20:00:00,20.0,87.0,0.0,29.6,17.0,-8.65420245979302,-28.30662077650585
2026-03-21 21:00:00,20.2,86.0,0.0,24.9,19.0,-8.1066470459832,-23.543412532422987
2026-03-21 22:00:00,20.2,86.0,0.0,25.6,11.0,-4.884710281639542,-25.1296558962602
2026-03-21 23:00:00,20.0,87.0,0.0,27.9,13.0,-6.27613441619384,-27.184924807508057
2026-03-22 00:00:00,20.0,85.0,0.0,26.4,21.0,-9.460913867995938,-24.646523259526123
2026-03-22 01:00:00,19.9,86.0,0.0,23.1,27.0,-10.487180543983534,-20.582250708751296
2026-03-22 02:00:00,19.9,86.0,0.0,22.1,25.0,-9.339863584469452,-20.02940209350997
2026-03-22 03:00:00,19.8,86.0,0.0,19.9,29.0,-9.647711442902102,-17.404932172073977
2026-03-22 04:00:00,19.9,87.0,0.0,19.8,20.0,-6.771998837848238,-18.605913891560988
2026-03-22 05:00:00,20.0,87.0,0.0,21.6,15.0,-5.590491374214446,-20.863997847843876
2026-03-22 06:00:00,20.0,87.0,0.0,23.8,19.0,-7.748522076080328,-22.50334209926374
2026-03-22 07:00:00,19.9,87.0,0.0,21.3,27.0,-9.66999764445235,-18.978438965212234
2026-03-22 08:00:00,20.2,85.0,0.0,17.4,27.0,-7.899434695468115,-15.503513520877599
2026-03-22 09:00:00,20.9,82.0,0.0,14.2,15.0,-3.6752304404557927,-13.71614673330477
2026-03-22 10:00:00,21.1,81.0,0.0,16.7,360.0,1.02258007728804e-15,-16.7
2026-03-22 11:00:00,21.2,81.0,0.0,19.3,358.0,0.6735602863582709,-19.288242961468548
2026-03-22 12:00:00,21.0,84.0,0.0,21.1,353.0,2.571443145848612,-20.942723799631896
2026-03-22 13:00:00,21.0,84.0,0.0,21.2,350.0,3.6813413665389247,-20.87792436385881
2026-03-22 14:00:00,20.8,85.0,0.0,21.0,344.0,5.788384472156983,-20.186495614704697
2026-03-22 15:00:00,20.7,85.0,0.0,19.0,350.0,3.2993153756716778,-18.711347307231954
2026-03-22 16:00:00,20.4,87.0,0.0,16.8,351.0,2.6280990126758796,-16.593164121998313
2026-03-22 17:00:00,20.3,88.0,0.0,13.2,355.0,1.1504558042690873,-13.14977001481104
2026-03-22 18:00:00,20.1,90.0,0.0,11.7,360.0,7.164183775012015e-16,-11.7
2026-03-22 19:00:00,20.2,90.0,0.0,10.1,10.0,-1.7538465944359962,-9.9465583054233
2026-03-22 20:00:00,20.5,91.0,0.0,9.6,17.0,-2.806768365338276,-9.18052565724514
2026-03-22 21:00:00,20.5,91.0,0.0,6.6,22.0,-2.472403516545021,-6.119413440140796
2026-03-22 22:00:00,20.5,92.0,0.0,3.7,35.0,-2.122232814498872,-3.030862563869269
2026-03-22 23:00:00,20.7,92.0,0.0,3.4,16.0,-0.9371670097777962,-3.2682897661902843
2026-03-23 00:00:00,20.8,93.0,0.0,4.3,5.0,-0.37476969381493047,-4.283637201794505
2026-03-23 01:00:00,21.0,93.0,0.0,7.8,7.0,-0.950580878560148,-7.741859982802312
2026-03-23 02:00:00,20.7,96.0,0.0,9.0,16.0,-2.4807362023529897,-8.651355263444872
2026-03-23 03:00:00,20.2,100.0,0.0,7.9,43.0,-5.387787044493739,-5.777694242791447
2026-03-23 04:00:00,20.0,100.0,0.0,8.2,50.0,-6.281564433575619,-5.270858399429621
2026-03-23 05:00:00,20.1,96.0,0.0,9.4,47.0,-6.874724795220204,-6.410784584587485
2026-03-23 06:00:00,20.2,93.0,0.0,9.8,41.0,-6.429378484106972,-7.396153886183166
2026-03-23 07:00:00,20.8,91.0,0.0,10.9,39.0,-6.859592262443233,-8.470890979880979
2026-03-23 08:00:00,21.6,87.0,0.0,8.9,36.0,-5.231288745403012,-7.200251249937032
2026-03-23 09:00:00,22.2,83.0,0.0,8.2,9.0,-1.2827626133298944,-8.099044392880128
2026-03-23 10:00:00,22.5,82.0,0.0,10.3,347.0,2.3169958597418088,-10.036011667287923
2026-03-23 11:00:00,22.1,85.0,0.0,16.2,341.0,5.274204102205939,-15.31740092470893
2026-03-23 12:00:00,22.1,86.0,0.0,18.7,347.0,4.206584716230274,-18.220720211483897
2026-03-23 13:00:00,22.2,85.0,0.0,21.4,349.0,4.083312501058061,-21.006821725780007
2026-03-23 14:00:00,22.2,86.0,0.0,25.2,346.0,6.096431769111625,-24.45145230215511
2026-03-23 15:00:00,21.8,87.0,0.0,24.3,350.0,4.2196507173064095,-23.930828398196656
2026-03-23 16:00:00,21.7,87.0,0.0,22.3,360.0,1.3654811810492988e-15,-22.3
2026-03-23 17:00:00,21.5,89.0,0.0,21.4,6.0,-2.2369091139277817,-21.28276856088105
2026-03-23 18:00:00,21.4,88.0,0.0,19.5,14.0,-4.717476964193522,-18.920766662381933
2026-03-23 19:00:00,21.5,87.0,0.0,15.6,24.0,-6.3450916319824815,-14.251309139224574
2026-03-23 20:00:00,21.4,88.0,0.0,10.7,22.0,-4.008290549550261,-9.920867243864624
2026-03-23 21:00:00,21.5,88.0,0.0,10.0,13.0,-2.2495105434386526,-9.743700647852352
2026-03-23 22:00:00,21.6,89.0,0.0,11.0,3.0,-0.5756955186723873,-10.984924882300312
2026-03-23 23:00:00,21.8,90.0,0.0,14.8,3.0,-0.7745721523955758,-14.779717114367694
2026-03-24 00:00:00,21.9,91.0,0.0,17.5,9.0,-2.7376031382040433,-17.28454596041491
2026-03-24 01:00:00,21.8,90.0,0.0,16.2,19.0,-5.274204102205937,-15.317400924708933
2026-03-24 02:00:00,21.4,92.0,0.0,15.5,28.0,-7.276809223181306,-13.685687689313369
2026-03-24 03:00:00,21.3,92.0,0.0,14.6,22.0,-5.469256263872319,-13.536884276675094
2026-03-24 04:00:00,21.5,91.0,0.0,13.4,20.0,-4.5830699205639585,-12.591881118531173
2026-03-24 05:00:00,21.5,92.0,0.0,11.9,18.0,-3.677302233061876,-11.317572543912327
2026-03-24 06:00:00,21.5,92.0,0.0,10.2,23.0,-3.9854575105905927,-9.38914950521489
2026-03-24 07:00:00,21.4,92.0,0.0,9.7,29.0,-4.702653316389467,-8.48381115925214
2026-03-24 08:00:00,22.1,87.0,0.0,12.1,15.0,-3.1317104457404996,-11.687702498097726
2026-03-24 09:00:00,22.7,84.0,0.0,12.7,8.0,-1.7674983821928358,-12.576404473017941
2026-03-24 10:00:00,22.8,83.0,0.0,11.9,1.0,-0.20768363660367362,-11.898187572361056
2026-03-24 11:00:00,22.9,82.0,0.0,12.1,356.0,0.8440533323039153,-12.070525008143873
2026-03-24 12:00:00,22.4,85.0,0.0,17.4,342.0,5.376895702124085,-16.54838338353567
2026-03-24 13:00:00,22.6,84.0,0.0,19.5,330.0,9.750000000000002,-16.887495373796554
2026-03-24 14:00:00,22.1,86.0,0.0,22.3,337.0,8.713304165310804,-20.52725823198942
2026-03-24 15:00:00,22.0,85.0,0.0,18.3,353.0,2.2302089843141992,-18.163594575036193
2026-03-24 16:00:00,22.1,84.0,0.0,13.2,4.0,-0.9207854534224577,-13.167845463429678
2026-03-24 17:00:00,22.1,84.0,0.0,10.9,8.0,-1.5169868004647176,-10.793921949283115
2026-03-24 18:00:00,22.0,84.0,0.0,6.5,360.0,3.9801020972288977e-16,-6.5
2026-03-24 19:00:00,22.1,86.0,0.0,6.1,341.0,1.985965742188656,-5.7676633111558315
2026-03-24 20:00:00,22.5,87.0,0.0,7.7,12.0,-1.6009200192967503,-7.531736525650303
2026-03-24 21:00:00,22.5,88.0,0.0,6.4,27.0,-2.9055391983331003,-5.702441754805554
2026-03-24 22:00:00,22.5,88.0,0.0,5.6,61.0,-4.897870359980616,-2.7149338733794868
2026-03-24 23:00:00,21.8,91.0,0.0,9.1,128.0,-7.170897857821169,5.602519425463491
2026-03-25 00:00:00,21.4,91.0,0.0,4.9,129.0,-3.808015211139158,3.0836699161442036
2026-03-25 01:00:00,21.5,92.0,0.0,4.5,124.0,-3.730669076497687,2.516368065618361
2026-03-25 02:00:00,21.5,94.0,0.0,3.3,68.0,-3.0597067200703982,-1.2362017582725096
2026-03-25 03:00:00,21.5,96.0,0.0,4.4,32.0,-2.331644762626102,-3.7314116230882743
2026-03-25 04:00:00,21.5,98.0,0.0,5.9,18.0,-1.8232002668121907,-5.611233446141406
2026-03-25 05:00:00,22.0,96.0,0.0,6.9,28.0,-3.239353783222646,-6.092338390726597
2026-03-25 06:00:00,22.4,93.0,0.0,9.4,24.0,-3.823324444912521,-8.58732730184045
2026-03-25 07:00:00,23.0,86.0,0.0,12.4,30.0,-6.2000000000000055,-10.738715006927036
2026-03-25 08:00:00,23.6,82.0,0.0,13.0,19.0,-4.232386007943036,-12.291741482791119
2026-03-25 09:00:00,23.9,84.0,0.0,16.2,4.0,-1.1300548746548345,-16.16053761420915
2026-03-25 10:00:00,23.9,84.0,0.0,19.6,357.0,1.025784742361702,-19.57313888118965
2026-03-25 11:00:00,23.6,86.0,0.0,24.0,358.0,0.8375879208600259,-23.985379848458297
2026-03-25 12:00:00,23.3,86.0,0.0,25.9,1.0,-0.45201732672564254,-25.896055304550533
2026-03-25 13:00:00,23.0,86.0,0.0,26.1,359.0,0.4555078080131019,-26.096024843581812
2026-03-25 14:00:00,23.3,84.0,0.0,25.7,360.0,1.5736711369043489e-15,-25.7
2026-03-25 15:00:00,23.5,82.0,0.0,26.8,5.0,-2.3357739056372413,-26.69801790885878
2026-03-25 16:00:00,23.6,79.0,0.0,28.2,8.0,-3.9246814470738562,-27.92555953851228
2026-03-25 17:00:00,23.2,80.0,0.0,25.9,11.0,-4.9419529802525055,-25.424144051294494
2026-03-25 18:00:00,22.9,84.0,0.0,20.2,16.0,-5.567874587503377,-19.417486257954042
2026-03-25 19:00:00,22.9,85.0,0.0,20.1,15.0,-5.202262806560665,-19.415109108410274
2026-03-25 20:00:00,23.2,79.0,0.0,18.0,19.0,-5.860226780228819,-17.019334360787703
2026-03-25 21:00:00,23.1,83.0,0.0,15.3,22.0,-5.731480879263458,-14.185912974871847
2026-03-25 22:00:00,23.0,85.0,0.0,15.2,17.0,-4.444049911785604,-14.535832290638137
2026-03-25 23:00:00,22.8,87.0,0.0,18.9,10.0,-3.281950557904983,-18.61286653193073
2026-03-26 00:00:00,22.4,88.0,0.0,24.2,9.0,-3.785714053973591,-23.902057842402332
2026-03-26 01:00:00,21.8,88.0,0.0,24.1,20.0,-8.242685454148612,-22.646592160940394
2026-03-26 02:00:00,21.5,85.0,0.0,20.3,20.0,-6.943008909511072,-19.07576020195394
2026-03-26 03:00:00,21.4,84.0,0.0,21.7,18.0,-6.705668777936362,-20.63792640360483
2026-03-26 04:00:00,21.0,86.0,0.0,19.9,22.0,-7.454671208976654,-18.450958705879067
2026-03-26 05:00:00,20.8,85.0,0.0,17.4,26.0,-7.627657954129952,-15.639016405605501
2026-03-26 06:00:00,20.6,86.0,0.0,18.2,20.0,-6.224766608527167,-17.10240569830353
2026-03-26 07:00:00,21.0,84.0,0.0,17.8,23.0,-6.955014087109074,-16.384986391453438
2026-03-26 08:00:00,21.9,79.0,0.0,9.3,27.0,-4.222111647577787,-8.28636067495182
2026-03-26 09:00:00,22.9,74.0,0.0,5.6,4.0,-0.39063625296710325,-5.586358681455015
2026-03-26 10:00:00,23.4,75.0,0.0,12.6,347.0,2.8343832847326977,-12.277062816293963
2026-03-26 11:00:00,23.2,77.0,0.0,17.5,351.0,2.737603138204041,-17.28454596041491
2026-03-26 12:00:00,23.4,77.0,0.0,16.4,343.0,4.794895957452883,-15.68339799779378
2026-03-26 13:00:00,23.5,77.0,0.0,17.3,330.0,8.650000000000002,-14.982239485470789
2026-03-26 14:00:00,22.5,79.0,0.0,22.6,338.0,8.466109011199611,-20.9543551132094
2026-03-26 15:00:00,22.1,81.0,0.0,25.2,346.0,6.096431769111625,-24.45145230215511
2026-03-26 16:00:00,21.9,81.0,0.0,26.3,360.0,1.6104105408787695e-15,-26.3
2026-03-26 17:00:00,21.8,82.0,0.0,26.7,10.0,-4.63640634370704,-26.294367005425954
2026-03-26 18:00:00,21.5,83.0,0.1,22.4,23.0,-8.752377278159733,-20.61930871733466
2026-03-26 19:00:00,21.6,80.0,0.2,16.6,32.0,-8.796659786271205,-14.077598396196672
2026-03-26 20:00:00,20.9,88.0,0.1,11.4,49.0,-8.603689214539603,-7.479072930491781
2026-03-26 21:00:00,21.0,89.0,0.1,7.4,72.0,-7.037818220584137,-2.28672575837461
2026-03-26 22:00:00,21.2,89.0,0.0,7.9,55.0,-6.471301149883035,-4.531253847173265
2026-03-26 23:00:00,21.4,87.0,0.0,10.0,64.0,-8.98794046299167,-4.383711467890775
2026-03-27 00:00:00,21.5,88.0,0.0,8.4,34.0,-4.697220389154271,-6.963915609462352
2026-03-27 01:00:00,21.8,89.0,0.0,14.5,12.0,-3.0147195168575167,-14.18314021064018
2026-03-27 02:00:00,22.0,88.0,0.0,19.7,5.0,-1.7169681321288675,-19.625035552407386
2026-03-27 03:00:00,21.5,88.0,1.4,18.1,19.0,-5.892783595674536,-17.113886218347638
2026-03-27 04:00:00,21.4,90.0,0.2,14.2,30.0,-7.100000000000006,-12.297560733739024
2026-03-27 05:00:00,20.8,92.0,0.1,13.6,59.0,-11.657475289548728,-7.004517818776736
2026-03-27 06:00:00,20.5,91.0,0.0,10.1,50.0,-7.737048875501678,-6.492154857834046
2026-03-27 07:00:00,21.2,88.0,0.0,12.5,33.0,-6.807987937687837,-10.4833820993178
2026-03-27 08:00:00,21.9,84.0,0.0,13.5,45.0,-9.545941546018394,-9.54594154601839
2026-03-27 09:00:00,22.8,78.0,0.0,13.2,24.0,-5.368923688600561,-12.058800040882332
2026-03-27 10:00:00,23.2,78.0,0.0,17.1,358.0,0.5967813936127685,-17.089583142026537
2026-03-27 11:00:00,22.6,84.0,0.0,26.8,1.0,-0.46772449251919773,-26.795918230191287
2026-03-27 12:00:00,22.9,82.0,0.0,25.9,1.0,-0.45201732672564254,-25.896055304550533
2026-03-27 13:00:00,23.1,82.0,0.0,26.7,4.0,-1.862497848968153,-26.634960141937306
2026-03-27 14:00:00,23.4,79.0,0.0,25.1,11.0,-4.78930578395127,-24.638842304536368
2026-03-27 15:00:00,23.5,79.0,0.0,22.3,11.0,-4.255040596896945,-21.890286190882907
2026-03-27 16:00:00,23.5,79.0,0.0,21.3,11.0,-4.0642316015204,-20.908659007435244
2026-03-27 17:00:00,23.1,82.0,0.0,22.4,4.0,-1.562545011868413,-22.34543472582006
2026-03-27 18:00:00,22.6,86.0,0.0,23.8,7.0,-2.9004903730425027,-23.622598409063468
2026-03-27 19:00:00,22.4,87.0,0.0,23.9,11.0,-4.560334989499416,-23.460889684399167
2026-03-27 20:00:00,22.4,89.0,0.0,25.6,16.0,-7.0563163089151715,-24.60829941602097
2026-03-27 21:00:00,22.4,88.0,0.0,25.8,18.0,-7.972638454873647,-24.53725812041496
2026-03-27 22:00:00,22.2,88.0,0.0,25.7,22.0,-9.627389450788945,-23.828625062366434
2026-03-27 23:00:00,22.0,88.0,0.0,20.6,23.0,-8.049061246879042,-18.96239998112027
2026-03-28 00:00:00,22.0,87.0,0.0,19.0,22.0,-7.117525274902333,-17.61649323676896
2026-03-28 01:00:00,21.9,88.0,0.0,19.8,24.0,-8.053385532900842,-18.0882000613235
2026-03-28 02:00:00,21.8,89.0,0.0,21.8,30.0,-10.90000000000001,-18.879353802500756
2026-03-28 03:00:00,21.5,89.0,0.0,18.2,35.0,-10.439091141589044,-14.908567206059645
2026-03-28 04:00:00,21.6,88.0,0.0,18.6,20.0,-6.361574665857435,-17.478282746617896
2026-03-28 05:00:00,22.0,86.0,0.0,22.6,17.0,-6.607600526733859,-21.6124874847646
2026-03-28 06:00:00,21.8,88.0,0.0,23.6,23.0,-9.221254632346863,-21.72391454147759
2026-03-28 07:00:00,21.6,88.0,0.1,22.5,31.0,-11.588356685476226,-19.286264265797524
2026-03-28 08:00:00,22.3,83.0,0.1,18.8,26.0,-8.241377559634662,-16.897328070424336
2026-03-28 09:00:00,23.0,79.0,0.0,18.6,28.0,-8.73217106781757,-16.422825227176045
2026-03-28 10:00:00,23.7,75.0,0.0,14.2,18.0,-4.388041320124255,-13.50500253139118
2026-03-28 11:00:00,23.8,77.0,0.0,16.6,4.0,-1.1579574641524848,-16.55956323431308
2026-03-28 12:00:00,23.6,82.0,0.0,23.3,352.0,3.2427332523695256,-23.07324600167859
2026-03-28 13:00:00,23.2,84.0,0.0,27.0,358.0,0.9422864109675292,-26.983552329515586
2026-03-28 14:00:00,23.4,82.0,0.0,24.2,351.0,3.7857140539735883,-23.902057842402332
2026-03-28 15:00:00,23.1,85.0,0.0,26.5,353.0,3.2295376002364087,-26.302473018495032
2026-03-28 16:00:00,22.6,87.0,0.0,27.5,354.0,2.87453273986047,-27.349352122627515
2026-03-28 17:00:00,22.5,87.0,0.0,28.3,357.0,1.4811075616753142,-28.26121583355444
2026-03-28 18:00:00,22.7,84.0,0.0,25.3,6.0,-2.64457012067163,-25.161403952817317
2026-03-28 19:00:00,22.8,85.0,0.0,24.3,16.0,-6.697987746353073,-23.358659211301152
2026-03-28 20:00:00,22.9,86.0,0.0,20.9,20.0,-7.148220995506472,-19.639575774425484
2026-03-28 21:00:00,23.0,85.0,0.0,17.4,16.0,-4.79608999121578,-16.72595350932675
2026-03-28 22:00:00,23.1,84.0,0.0,13.5,9.0,-2.111865278043119,-13.333792598034359
2026-03-28 23:00:00,23.0,85.0,0.0,11.0,24.0,-4.474103073833801,-10.04900003406861
2026-03-29 00:00:00,22.8,86.0,0.0,8.1,28.0,-3.802719658565715,-7.151875502157308
2026-03-29 01:00:00,22.5,88.0,0.0,6.6,22.0,-2.472403516545021,-6.119413440140796
2026-03-29 02:00:00,22.4,90.0,0.0,7.9,4.0,-0.551076142578592,-7.880755997052612
2026-03-29 03:00:00,22.2,90.0,1.0,10.1,3.0,-0.5285931580537375,-10.086158301021195
2026-03-29 04:00:00,22.2,89.0,0.1,13.1,359.0,0.22862652432841513,-13.098004806548726
2026-03-29 05:00:00,22.1,88.0,0.3,17.0,7.0,-2.0717788378875017,-16.873284577902474
2026-03-29 06:00:00,22.0,91.0,0.1,18.3,24.0,-7.443280568287142,-16.7178818748596
2026-03-29 07:00:00,22.0,89.0,0.0,17.1,27.0,-7.763237545546253,-15.23621156362109
2026-03-29 08:00:00,23.0,85.0,0.0,11.9,6.0,-1.243888712885075,-11.834810554882454
2026-03-29 09:00:00,23.4,83.0,0.0,11.8,12.0,-2.453357951649566,-11.542141688658907
2026-03-29 10:00:00,23.7,83.0,0.0,13.2,354.0,1.3797757151330257,-13.127689018861206
2026-03-29 11:00:00,23.5,84.0,0.0,17.4,346.0,4.2094409834342175,-16.883145637202336
2026-03-29 12:00:00,23.5,82.0,0.0,15.4,346.0,3.7255971922348823,-14.942554184650346
2026-03-29 13:00:00,23.4,83.0,0.0,17.7,335.0,7.480343232810379,-16.041647830548705
2026-03-29 14:00:00,23.0,85.0,0.0,19.9,343.0,5.818196923982462,-19.030464643664402
2026-03-29 15:00:00,23.1,84.0,0.0,17.9,351.0,2.8001769242201333,-17.679621296652964
2026-03-29 16:00:00,22.9,85.0,0.0,17.7,4.0,-1.2346895852710227,-17.65688368959889
2026-03-29 17:00:00,22.8,85.0,0.0,17.5,2.0,-0.6107411922937633,-17.489339472834175
2026-03-29 18:00:00,22.6,86.0,0.0,16.8,9.0,-2.6280990126758814,-16.593164121998313
2026-03-29 19:00:00,22.6,86.0,0.0,16.5,6.0,-1.7247196439162804,-16.409611273576513
2026-03-29 20:00:00,22.9,85.0,0.0,16.4,15.0,-4.244632339681338,-15.84118355114072
2026-03-29 21:00:00,22.9,85.0,0.0,12.9,16.0,-3.5557218900392855,-12.400275877604315
2026-03-29 22:00:00,22.8,85.0,0.0,7.1,7.0,-0.8652723381765449,-7.0470776766533865
2026-03-29 23:00:00,23.0,84.0,0.0,2.5,278.0,2.475670171853926,-0.3479327524001636
2026-03-30 00:00:00,22.9,85.0,0.0,5.2,226.0,3.7405669617609862,3.612223526386786
2026-03-30 01:00:00,22.8,85.0,0.0,2.6,164.0,-0.7166571251241975,2.499280409439629
2026-03-30 02:00:00,22.6,88.0,0.0,6.8,117.0,-6.058844364480901,3.0871353982289187
2026-03-30 03:00:00,21.8,92.0,0.0,12.2,119.0,-10.670360427100627,5.914677367005313
2026-03-30 04:00:00,21.5,90.0,0.0,11.1,137.0,-7.570181796693731,8.118026087972794
2026-03-30 05:00:00,21.5,90.0,0.0,7.1,204.0,2.8878301658381815,6.486172749262466
2026-03-30 06:00:00,21.6,91.0,0.0,8.9,218.0,5.479387130398359,7.013295707099826
2026-03-30 07:00:00,22.2,87.0,0.0,10.3,165.0,-2.665836164555965,9.949036010777405
2026-03-30 08:00:00,23.6,81.0,0.0,8.9,173.0,-1.0846371563058117,8.833660749607766
2026-03-30 09:00:00,25.0,78.0,0.0,8.7,210.0,4.3500000000000005,7.534421012924615
2026-03-30 10:00:00,25.8,77.0,0.0,14.4,244.0,12.942634266708005,6.312544513762715
2026-03-30 11:00:00,26.1,75.0,0.0,18.4,244.0,16.537810451904672,8.066029100919023
2026-03-30 12:00:00,26.4,74.0,0.0,23.3,239.0,19.97199810635922,12.000387145404263
2026-03-30 13:00:00,26.3,76.0,0.0,27.4,248.0,25.404837615129974,10.264220659595988
2026-03-30 14:00:00,26.4,78.0,0.0,28.8,248.0,26.702895011523477,10.788669890378266
2026-03-30 15:00:00,26.0,81.0,0.0,30.1,246.0,27.49771827504229,12.242772956581588
2026-03-30 16:00:00,25.5,82.0,0.4,26.1,240.0,22.60326303877385,13.049999999999999
2026-03-30 17:00:00,25.0,87.0,0.0,15.1,216.0,8.875557309616344,12.216156615061706
2026-03-30 18:00:00,25.8,82.0,0.0,21.7,143.0,-13.05938600239945,17.330390568026253
2026-03-30 19:00:00,25.3,79.0,0.0,17.8,137.0,-12.139570809112472,13.018095888821236
2026-03-30 20:00:00,25.1,79.0,0.0,8.2,151.0,-3.975438886019963,7.171881598543045
2026-03-30 21:00:00,24.7,79.0,0.0,7.4,167.0,-1.6646378021446013,7.2103384794107415
2026-03-30 22:00:00,24.4,80.0,0.0,9.3,196.0,2.5634274090980926,8.939733772226367
2026-03-30 23:00:00,24.0,85.0,0.0,9.5,216.0,5.583959896778495,7.685661446562001
2026-03-31 00:00:00,24.4,86.0,0.0,11.3,224.0,7.84963958618667,8.128539743826758
2026-03-31 01:00:00,24.1,89.0,0.0,8.9,218.0,5.479387130398359,7.013295707099826
2026-03-31 02:00:00,23.2,89.0,0.0,10.8,132.0,-8.025964115155857,7.22661054867567
2026-03-31 03:00:00,23.1,86.0,0.2,3.5,159.0,-1.2542878234085508,3.267531492740206
2026-03-31 04:00:00,22.9,88.0,0.0,8.4,138.0,-5.620697093414409,6.242416534010112
2026-03-31 05:00:00,22.3,90.0,0.0,11.8,119.0,-10.32051254424487,5.720753518906779
2026-03-31 06:00:00,22.5,82.0,0.0,9.8,134.0,-7.049530043318782,6.807652030498173
2026-03-31 07:00:00,22.9,77.0,0.0,11.2,138.0,-7.494262791219212,8.323222045346816
2026-03-31 08:00:00,24.4,74.0,0.0,4.1,119.0,-3.585940799271522,1.9877194430099823
2026-03-31 09:00:00,25.5,78.0,0.0,4.0,172.0,-0.5566924038402614,3.9610722749662814
2026-03-31 10:00:00,26.1,78.0,0.0,7.8,251.0,7.375044889674672,2.5394316047658223
2026-03-31 11:00:00,26.2,82.0,0.0,14.7,258.0,14.378769730786942,3.0563018550210623
2026-03-31 12:00:00,26.1,84.0,0.0,18.1,265.0,18.031124035460596,1.577518943732613
2026-03-31 13:00:00,26.4,81.0,0.0,21.3,253.0,20.369291302012655,6.227517310594293
2026-03-31 14:00:00,26.5,80.0,0.0,21.4,247.0,19.698803863882222,8.361646149670458
2026-03-31 15:00:00,26.0,83.0,0.0,24.3,253.0,23.238205569901762,7.104632424762504
2026-03-31 16:00:00,25.5,86.0,0.0,22.2,259.0,21.79212347253814,4.235959697359294
2026-03-31 17:00:00,25.2,88.0,0.0,19.5,261.0,19.259922641605186,3.050472068284502
2026-03-31 18:00:00,24.9,90.0,0.0,16.3,254.0,15.668565643794599,4.492888899817086
2026-03-31 19:00:00,24.6,90.0,0.0,8.6,202.0,3.2216167033768426,7.973781149274371
2026-03-31 20:00:00,24.6,88.0,0.0,6.3,182.0,0.2198668292257568,6.296162210220303
2026-03-31 21:00:00,24.5,89.0,0.0,10.9,186.0,1.1393602496174227,10.84028865951418
2026-03-31 22:00:00,24.6,87.0,0.0,15.6,235.0,12.778771890908272,8.947792407076317
2026-03-31 23:00:00,24.8,85.0,0.0,18.0,229.0,13.584772444009896,11.80906252182913
2026-04-01 00:00:00,25.0,83.0,0.0,15.2,204.0,6.182396974752163,13.885890956167533
2026-04-01 01:00:00,24.5,88.0,0.0,14.1,161.0,-4.590510977845908,13.331811915950368
2026-04-01 02:00:00,24.2,89.0,0.0,13.5,153.0,-6.12887174648388,12.028588076542967
2026-04-01 03:00:00,24.1,89.0,0.8,12.7,169.0,-2.423274241282119,12.466665229785331
2026-04-01 04:00:00,23.9,91.0,0.1,10.5,199.0,3.418465621800146,9.927945043792826
2026-04-01 05:00:00,23.8,91.0,1.1,8.4,170.0,-1.4586446924022145,8.272385125302547
2026-04-01 06:00:00,23.4,92.0,0.3,13.3,150.0,-6.649999999999998,11.518137870333035
2026-04-01 07:00:00,23.5,90.0,0.0,5.3,172.0,-0.7376174350883463,5.248420764330323
2026-04-01 08:00:00,25.0,79.0,0.0,5.8,60.0,-5.0229473419497435,-2.9000000000000004
2026-04-01 09:00:00,24.4,82.0,0.4,5.0,347.0,1.1247552717193245,-4.871850323926176
2026-04-01 10:00:00,23.0,89.0,0.2,15.9,305.0,13.02451750419497,-9.119865337981633
2026-04-01 11:00:00,22.2,88.0,2.1,29.4,15.0,-7.609279926014106,-28.398219292898606
2026-04-01 12:00:00,21.6,90.0,8.2,21.9,31.0,-11.279333840530192,-18.771963885376255
2026-04-01 13:00:00,21.8,90.0,3.6,20.6,38.0,-12.682626391708558,-16.233021524298476
2026-04-01 14:00:00,23.0,81.0,0.1,22.9,15.0,-5.926956132847722,-22.119701422019663
2026-04-01 15:00:00,23.0,81.0,0.2,25.8,20.0,-8.82411969780225,-24.244069616276438
2026-04-01 16:00:00,22.8,83.0,0.0,28.0,14.0,-6.773813076790698,-27.1682803357279
2026-04-01 17:00:00,22.9,82.0,0.0,26.9,19.0,-8.757783354897514,-25.434449683621622
2026-04-01 18:00:00,22.7,81.0,0.0,22.8,24.0,-9.273595462128242,-20.828836434251304
2026-04-01 19:00:00,22.3,83.0,0.0,22.7,23.0,-8.869596616706515,-20.89546017337039
2026-04-01 20:00:00,22.2,82.0,0.0,22.7,20.0,-7.7638572534926755,-21.33102249184012
2026-04-01 21:00:00,22.0,81.0,0.0,23.6,22.0,-8.84071560461553,-21.881538967776184
2026-04-01 22:00:00,21.6,80.0,0.0,20.0,34.0,-11.183858069414931,-16.580751451100838
2026-04-01 23:00:00,21.7,77.0,0.0,18.9,37.0,-11.374303937573712,-15.094211139893833
2026-04-02 00:00:00,21.9,77.0,0.0,18.4,32.0,-9.75051446189097,-15.604084969278237
2026-04-02 01:00:00,22.0,76.0,0.0,18.8,26.0,-8.241377559634662,-16.897328070424336
2026-04-02 02:00:00,22.0,74.0,0.0,23.5,25.0,-9.93152915090643,-21.298232995361275
2026-04-02 03:00:00,21.8,75.0,0.0,22.1,26.0,-9.688002344038619,-19.863348423211587
2026-04-02 04:00:00,21.6,76.0,0.0,23.5,23.0,-9.182181519497934,-21.631864056132347
2026-04-02 05:00:00,21.7,75.0,0.0,24.2,27.0,-10.986570093697035,-21.562357885358498
2026-04-02 06:00:00,21.3,75.0,0.0,20.3,35.0,-11.643601657926242,-16.62878649906653
2026-04-02 07:00:00,21.0,76.0,0.0,15.0,40.0,-9.641814145298092,-11.490666646784668
2026-04-02 08:00:00,22.1,75.0,0.0,12.5,16.0,-3.445466947712486,-12.015771199228988
2026-04-02 09:00:00,22.9,71.0,0.0,14.7,12.0,-3.0563018550210685,-14.37876973078694
2026-04-02 10:00:00,23.5,68.0,0.0,13.8,18.0,-4.264434522374277,-13.12457992487312
2026-04-02 11:00:00,24.4,66.0,0.0,12.0,9.0,-1.8772135804827723,-11.852260087141651
2026-04-02 12:00:00,24.4,68.0,0.0,18.9,348.0,3.9295309564556535,-18.486989653868925
2026-04-02 13:00:00,24.0,73.0,0.0,24.9,357.0,1.3031653104493046,-24.86587541538889
2026-04-02 14:00:00,24.2,74.0,0.0,24.4,354.0,2.5504945037307443,-24.266334246985867
2026-04-02 15:00:00,24.1,74.0,0.0,22.0,359.0,0.3839529416202392,-21.99664929344061
2026-04-02 16:00:00,23.6,77.0,0.8,20.1,12.0,-4.179024985436972,-19.660766774749494
2026-04-02 17:00:00,23.7,76.0,0.0,14.7,24.0,-5.979028653214261,-13.429118227346233
2026-04-02 18:00:00,23.5,77.0,0.0,11.0,40.0,-7.070663706551934,-8.426488874308756
2026-04-02 19:00:00,23.2,78.0,0.0,5.0,44.0,-3.4732918522949863,-3.596699001693256
2026-04-02 20:00:00,22.8,84.0,0.0,11.7,347.0,2.6319273358232196,-11.400129757987251
2026-04-02 21:00:00,22.8,85.0,0.2,12.8,346.0,3.0966002636757466,-12.419785296332755
2026-04-02 22:00:00,22.9,84.0,0.1,12.3,357.0,0.6437322617882109,-12.283143277481258
2026-04-02 23:00:00,22.8,82.0,0.1,9.4,360.0,5.755839955992561e-16,-9.4
2026-04-03 00:00:00,22.5,84.0,0.2,11.9,22.0,-4.457818461649357,-11.03348786934477
2026-04-03 01:00:00,22.1,87.0,0.1,14.3,33.0,-7.788338200714886,-11.992989121619564
2026-04-03 02:00:00,21.8,87.0,0.4,18.8,27.0,-8.535021395103483,-16.750922654741316
2026-04-03 03:00:00,21.7,86.0,0.5,16.2,15.0,-4.192868530660834,-15.647998385882905
2026-04-03 04:00:00,21.5,87.0,2.8,13.6,20.0,-4.651473949229092,-12.779819642688354
2026-04-03 05:00:00,21.4,87.0,0.1,15.1,29.0,-7.320625265719686,-13.20675757780488
2026-04-03 06:00:00,21.4,87.0,0.0,9.1,76.0,-8.829691109111568,-2.2014892499569743
2026-04-03 07:00:00,21.5,87.0,0.0,8.0,104.0,-7.762365810207972,1.9353751647973418
2026-04-03 08:00:00,22.5,87.0,0.2,13.1,113.0,-12.058613580226968,5.118577783209486
2026-04-03 09:00:00,24.1,82.0,0.0,9.4,176.0,-0.6557108531947782,9.377102072442348
2026-04-03 10:00:00,25.6,76.0,0.0,11.4,219.0,7.174252457968148,8.85946396060947
2026-04-03 11:00:00,26.3,73.0,0.0,12.5,242.0,11.036844910736587,5.8683945348236355
2026-04-03 12:00:00,26.1,76.0,0.0,14.8,243.0,13.186896557987845,6.719059396145292
2026-04-03 13:00:00,27.1,72.0,0.0,20.2,233.0,16.132437302955314,12.156663467671375
2026-04-03 14:00:00,28.4,64.0,0.0,29.2,218.0,17.97731507950922,23.009914005316283
2026-04-03 15:00:00,27.9,68.0,0.0,29.9,223.0,20.391750965868702,21.867475678413197
2026-04-03 16:00:00,27.5,71.0,0.0,33.8,215.0,19.38688354866536,27.68733909696792
2026-04-03 17:00:00,26.8,75.0,0.0,31.9,216.0,18.750349548129893,25.80764212056082
2026-04-03 18:00:00,26.4,77.0,0.0,32.3,207.0,14.66389314158736,28.779510731284276
2026-04-03 19:00:00,26.2,77.0,0.0,30.2,197.0,8.82962548262665,28.88040363008367
2026-04-03 20:00:00,26.3,74.0,0.0,28.8,197.0,8.42030509601482,27.54157697173542
2026-04-03 21:00:00,26.0,75.0,0.4,25.9,187.0,3.1564159941933196,25.706945327510237
2026-04-03 22:00:00,25.6,78.0,0.1,20.2,184.0,1.4090807696313297,20.15079381524845
2026-04-03 23:00:00,25.3,77.0,1.0,19.5,177.0,-1.0205511467374049,19.47327592771419
2026-04-04 00:00:00,25.2,79.0,0.0,28.0,184.0,1.9531812648355065,27.931793407275077
2026-04-04 01:00:00,25.1,78.0,0.0,23.8,196.0,6.56016906844458,22.87802836333199
2026-04-04 02:00:00,22.7,90.0,11.3,13.6,206.0,5.961847596331453,12.223599029668671
2026-04-04 03:00:00,22.6,89.0,6.8,15.7,185.0,1.3683451611382327,15.640256760040405
2026-04-04 04:00:00,22.4,91.0,5.8,12.4,211.0,6.386472128884671,10.628874528706193
2026-04-04 05:00:00,22.6,89.0,0.3,19.9,190.0,3.455598735571915,19.59767428494294
2026-04-04 06:00:00,22.8,87.0,0.6,20.7,182.0,0.7224195817417723,20.68739011929528
2026-04-04 07:00:00,22.6,89.0,0.4,23.4,183.0,1.2246613760848888,23.367931113257026
2026-04-04 08:00:00,22.1,84.0,0.4,5.4,240.0,4.676537180435969,2.6999999999999997
2026-04-04 09:00:00,22.4,84.0,0.9,9.2,160.0,-3.146585318596152,8.645172111230357
2026-04-04 10:00:00,22.2,88.0,0.3,10.2,135.0,-7.212489168102784,7.212489168102785
2026-04-04 11:00:00,22.2,90.0,1.2,6.4,153.0,-2.905539198333099,5.702441754805555
2026-04-04 12:00:00,22.5,89.0,4.6,3.9,204.0,1.5862729079956208,3.562827284806143
2026-04-04 13:00:00,23.2,88.0,0.9,9.9,159.0,-3.5478427004984727,9.242446222322297
2026-04-04 14:00:00,23.9,77.0,0.4,5.2,110.0,-4.886401628086723,1.7785047452934781
2026-04-04 15:00:00,24.6,75.0,0.0,7.0,134.0,-5.0353786023705585,4.86260859321298
2026-04-04 16:00:00,24.4,78.0,0.1,15.0,153.0,-6.8098574960932,13.365097862825518
2026-04-04 17:00:00,23.7,83.0,0.0,13.4,187.0,1.6330492016289764,13.300118431993715
2026-04-04 18:00:00,23.4,85.0,0.4,9.5,159.0,-3.4044955206803524,8.869014051723417
2026-04-04 19:00:00,22.7,92.0,3.3,9.5,148.0,-5.034233010215446,8.056456913486048
2026-04-04 20:00:00,22.5,88.0,3.1,17.4,160.0,-5.951150493866635,16.350651601674805
2026-04-04 21:00:00,22.0,89.0,2.1,20.3,163.0,-5.935145605871554,19.412986546049623
2026-04-04 22:00:00,22.0,89.0,0.1,15.2,164.0,-4.189687808418386,14.611177778262446
2026-04-04 23:00:00,22.5,84.0,0.8,15.1,192.0,3.1394665313481678,14.770028771080463
2026-04-05 00:00:00,22.2,82.0,3.3,17.3,176.0,-1.2067869957733683,17.257858069494958
2026-04-05 01:00:00,21.9,82.0,0.0,14.6,181.0,0.2548051339843405,14.597776349283313
2026-04-05 02:00:00,21.6,86.0,0.0,11.5,180.0,7.041719095097281e-16,11.5
2026-04-05 03:00:00,21.5,86.0,0.0,14.5,169.0,-2.7667304329599,14.233594159991128
2026-04-05 04:00:00,21.4,88.0,0.0,13.2,166.0,-3.193369021915615,12.807903586843153
2026-04-05 05:00:00,21.4,89.0,0.0,13.2,158.0,-4.944807033090039,12.238826880281593
2026-04-05 06:00:00,21.2,90.0,0.0,11.4,159.0,-4.0853946248164235,10.6428168620681
2026-04-05 07:00:00,21.8,88.0,0.0,9.9,180.0,6.062001655779399e-16,9.9
2026-04-05 08:00:00,22.6,82.0,0.0,4.5,178.0,-0.1570477351612543,4.497258721585931
2026-04-05 09:00:00,24.1,77.0,0.0,4.6,167.0,-1.034774849981779,4.482102298012082
2026-04-05 10:00:00,25.2,76.0,0.0,7.0,228.0,5.20201377834176,4.683914244512008
2026-04-05 11:00:00,26.0,75.0,0.2,11.1,257.0,10.81550771911611,2.4969567032169016
2026-04-05 12:00:00,25.6,77.0,0.3,14.1,272.0,14.09141066096925,-0.4920829035052637
2026-04-05 13:00:00,25.9,80.0,0.3,12.1,247.0,11.138108726774528,4.727846654720213
2026-04-05 14:00:00,25.4,82.0,0.5,17.0,247.0,15.648582508691486,6.642429184317654
2026-04-05 15:00:00,25.3,83.0,0.1,16.5,250.0,15.50492824296749,5.643332364873534
2026-04-05 16:00:00,25.2,83.0,0.0,16.5,247.0,15.188330081965265,6.447063620073017
2026-04-05 17:00:00,25.1,83.0,0.0,12.1,243.0,10.78117894267925,5.4932850468485155
2026-04-05 18:00:00,25.0,84.0,0.0,10.4,233.0,8.305809304491845,6.258876240781302
2026-04-05 19:00:00,25.0,84.0,0.0,10.9,211.0,5.613915016519591,9.343123577653024
2026-04-05 20:00:00,24.8,88.0,0.0,8.4,170.0,-1.4586446924022145,8.272385125302547
2026-04-05 21:00:00,24.5,88.0,0.1,8.7,201.0,3.117801161044113,8.122149710525655
2026-04-05 22:00:00,24.5,87.0,0.1,5.1,184.0,0.35575801609503865,5.087576656325103
2026-04-05 23:00:00,24.2,88.0,0.0,8.0,166.0,-1.9353751647973423,7.762365810207972
2026-04-06 00:00:00,24.3,87.0,0.0,9.5,179.0,-0.16579786115419304,9.498553103985717
2026-04-06 01:00:00,24.5,87.0,0.0,12.8,175.0,-1.1155935071700254,12.751292135574344
2026-04-06 02:00:00,23.5,93.0,2.9,11.9,190.0,2.066413314236472,11.719212260845277
2026-04-06 03:00:00,23.5,90.0,8.6,14.8,178.0,-0.5165125511970141,14.790984239882619
2026-04-06 04:00:00,23.6,90.0,1.9,18.6,168.0,-3.8671574492103242,18.19354537364879
2026-04-06 05:00:00,23.2,93.0,9.7,24.8,181.0,0.43281967964463325,24.796222839878503
2026-04-06 06:00:00,23.5,92.0,0.5,19.5,194.0,4.717476964193519,18.920766662381933
2026-04-06 07:00:00,23.5,91.0,6.1,16.7,217.0,10.050310886639208,13.33721301778979
2026-04-06 08:00:00,22.9,92.0,5.7,19.5,182.0,0.6805401856987711,19.488121126872368
2026-04-06 09:00:00,23.2,92.0,5.2,17.1,191.0,3.2628338209389183,16.785824836955054
2026-04-06 10:00:00,23.6,94.0,4.9,17.9,174.0,-1.8710594924909985,17.80194192709209
2026-04-06 11:00:00,23.5,89.0,6.9,18.8,170.0,-3.2645857401382896,18.514385756629512
2026-04-06 12:00:00,24.0,89.0,1.2,15.3,197.0,4.4732870822578725,14.631462766234442
2026-04-06 13:00:00,25.1,88.0,0.7000000000000001,10.1,209.0,4.896577164488004,8.833659042107897
2026-04-06 14:00:00,27.0,73.0,0.0,27.2,196.0,7.497336078222377,26.146318129522275
2026-04-06 15:00:00,27.4,70.0,0.1,25.6,197.0,7.484715640902062,24.48140175265371
2026-04-06 16:00:00,27.2,72.0,0.0,24.8,199.0,8.074090230537488,23.448860674863056
2026-04-06 17:00:00,26.8,78.0,0.1,22.3,204.0,9.070227140590346,20.37206370543
2026-04-06 18:00:00,26.4,81.0,0.0,21.3,199.0,6.934601689937439,20.139545660265448
2026-04-06 19:00:00,26.0,81.0,0.0,21.1,192.0,4.386936676254725,20.6389143754833
2026-04-06 20:00:00,25.8,84.0,0.0,23.2,188.0,3.2288159422735188,22.97421919480443
2026-04-06 21:00:00,25.5,84.0,0.0,20.8,185.0,1.8128394491512894,20.72084972030831
2026-04-06 22:00:00,25.2,85.0,0.2,21.6,187.0,2.632377817551186,21.438996875452556
2026-04-06 23:00:00,24.8,90.0,0.3,18.5,196.0,5.099291082614484,17.7833413748589
2026-04-07 00:00:00,24.9,89.0,0.2,21.5,194.0,5.201320755392855,20.861358114933925
2026-04-07 01:00:00,24.9,89.0,0.0,22.8,192.0,4.740386550644915,22.301765296730768
2026-04-07 02:00:00,24.7,88.0,0.0,21.1,191.0,4.026069802445098,20.712333570745713
2026-04-07 03:00:00,24.8,87.0,0.0,19.4,190.0,3.3687746467384496,19.105270408436834
2026-04-07 04:00:00,24.7,86.0,0.0,18.9,188.0,2.630371608145237,18.716066499215678
2026-04-07 05:00:00,24.8,83.0,0.3,19.2,188.0,2.6721235384332567,19.01314691983815
2026-04-07 06:00:00,24.6,85.0,0.2,15.2,184.0,1.0602984009107035,15.162973563949327
2026-04-07 07:00:00,25.1,81.0,0.1,11.7,175.0,-1.0197221901476012,11.655477967673422
2026-04-07 08:00:00,25.2,84.0,0.0,8.2,131.0,-6.18861855782673,5.379684037722159
2026-04-07 09:00:00,26.1,81.0,0.4,13.4,169.0,-2.5568405380457007,13.153804258198697
2026-04-07 10:00:00,26.6,77.0,0.0,12.3,185.0,1.0720156357961952,12.253194786528471
2026-04-07 11:00:00,26.5,78.0,0.3,7.6,207.0,3.4503277980205556,6.771649583831595
2026-04-07 12:00:00,26.6,77.0,0.3,15.3,210.0,7.650000000000002,13.250188677901912
2026-04-07 13:00:00,26.5,79.0,0.4,15.9,228.0,11.816002725090568,10.639176641105847
2026-04-07 14:00:00,24.3,88.0,1.4,17.3,329.0,8.910158695943938,-14.828994302146544
2026-04-07 15:00:00,23.1,91.0,1.4,36.6,16.0,-10.08832722290216,-35.18217807134248
2026-04-07 16:00:00,23.0,90.0,0.2,31.2,25.0,-13.185689766309814,-28.27680295554348
2026-04-07 17:00:00,22.8,90.0,0.0,24.7,27.0,-11.213565343566808,-22.007861147452683
2026-04-07 18:00:00,22.6,88.0,0.0,19.1,31.0,-9.837227230782041,-16.37189544341034
2026-04-07 19:00:00,22.4,91.0,0.0,16.5,20.0,-5.643332364873531,-15.50492824296749
2026-04-07 20:00:00,22.4,90.0,0.0,19.6,29.0,-9.502268556828202,-17.14254625993216
2026-04-07 21:00:00,22.3,92.0,1.4,14.4,42.0,-9.635480731567558,-10.701285486874479
2026-04-07 22:00:00,22.4,93.0,0.0,12.3,31.0,-6.334968321393671,-10.54315779863598
2026-04-07 23:00:00,22.3,94.0,0.0,13.0,24.0,-5.287576359985401,-11.876090949353813
2026-04-08 00:00:00,22.2,95.0,0.0,10.4,32.0,-5.511160348025332,-8.81970020002683
2026-04-08 01:00:00,22.5,95.0,0.0,9.2,35.0,-5.276903214429626,-7.536198807458722
2026-04-08 02:00:00,22.3,97.0,0.1,7.8,48.0,-5.796529638723675,-5.219218729599094
2026-04-08 03:00:00,22.4,98.0,1.5,10.5,12.0,-2.183072753586478,-10.270549807704958
2026-04-08 04:00:00,22.5,93.0,1.2,13.8,36.0,-8.111436481636131,-11.164434522374274
2026-04-08 05:00:00,22.4,95.0,0.7000000000000001,9.0,85.0,-8.96575228282571,-0.7844016847289215
2026-04-08 06:00:00,22.2,95.0,0.3,1.5,111.0,-1.4003706397458027,0.5375519243179503
2026-04-08 07:00:00,22.7,94.0,1.3,2.4,312.0,1.7835475811457462,-1.6059134552612597
2026-04-08 08:00:00,23.5,90.0,2.8,5.8,200.0,1.983716831288879,5.450217200558268
2026-04-08 09:00:00,23.5,90.0,0.1,7.9,192.0,1.6425023574602997,7.727366045797065
2026-04-08 10:00:00,24.6,84.0,0.0,11.4,168.0,-2.3701932753224564,11.150882648365386
2026-04-08 11:00:00,25.8,81.0,0.0,6.5,194.0,1.57249232139784,6.306922220793977
2026-04-08 12:00:00,25.5,82.0,0.1,10.3,293.0,9.481199990560137,-4.02453062343952
2026-04-08 13:00:00,24.9,85.0,0.0,13.8,318.0,9.234002367752245,-10.25539859158804
2026-04-08 14:00:00,24.7,82.0,0.0,9.5,331.0,4.605691392340202,-8.30888721782426
2026-04-08 15:00:00,25.0,80.0,0.0,10.7,340.0,3.659615533584656,-10.054711042409219
2026-04-08 16:00:00,24.5,83.0,0.0,14.2,344.0,3.914050452601388,-13.649916082324127
2026-04-08 17:00:00,24.2,85.0,0.0,15.7,360.0,9.613477373306721e-16,-15.7
2026-04-08 18:00:00,24.0,89.0,0.0,17.1,2.0,-0.5967813936127631,-17.089583142026537
2026-04-08 19:00:00,23.5,91.0,0.0,18.0,14.0,-4.35459412079402,-17.465323072967937
2026-04-08 20:00:00,23.3,91.0,0.0,15.6,11.0,-2.976620327874096,-15.313384061783557
2026-04-08 21:00:00,23.4,91.0,0.0,14.4,9.0,-2.252656296579327,-14.222712104569982
2026-04-08 22:00:00,23.3,92.0,0.0,12.8,11.0,-2.442355140819771,-12.5648279481301
2026-04-08 23:00:00,23.3,92.0,0.0,12.5,12.0,-2.5988961352219975,-12.22684500917257
2026-04-09 00:00:00,23.4,90.0,0.0,10.3,22.0,-3.858447912183897,-9.54999370203791
2026-04-09 01:00:00,23.2,91.0,0.0,7.9,33.0,-4.302648376618714,-6.62549748676885
2026-04-09 02:00:00,23.2,92.0,0.0,8.7,17.0,-2.5436338310878126,-8.319851376878407
2026-04-09 03:00:00,23.2,92.0,0.0,8.2,23.0,-3.203995253612045,-7.548139798310009
2026-04-09 04:00:00,23.1,94.0,0.0,7.6,43.0,-5.183187536474989,-5.558288132305695
2026-04-09 05:00:00,22.9,97.0,0.0,7.7,79.0,-7.558529312547013,-1.4692292643993945
2026-04-09 06:00:00,22.5,97.0,0.0,8.3,108.0,-7.893769085249775,2.5648410533120645
2026-04-09 07:00:00,22.6,95.0,0.0,7.8,128.0,-6.146483878132431,4.802159507540136
2026-04-09 08:00:00,23.5,92.0,0.0,3.3,186.0,0.3449439287832564,3.2819222547153015
2026-04-09 09:00:00,25.2,86.0,0.0,5.8,219.0,3.650058268089057,4.507446576450431
2026-04-09 10:00:00,26.2,83.0,0.0,10.9,234.0,8.818285238686927,6.406859249987957
2026-04-09 11:00:00,26.8,79.0,0.0,16.6,241.0,14.51868713851397,8.047839696089197
2026-04-09 12:00:00,27.1,78.0,0.0,21.0,234.0,16.989356881873896,12.343490298141935
2026-04-09 13:00:00,27.2,79.0,0.0,24.1,231.0,18.729217671113,15.166621424301082
2026-04-09 14:00:00,27.2,80.0,0.0,20.8,226.0,14.962267847043945,14.448894105547144
2026-04-09 15:00:00,27.1,80.0,0.0,20.8,221.0,13.646027803002552,15.697959268633658
2026-04-09 16:00:00,26.9,82.0,0.0,23.4,221.0,15.351781278377869,17.660204177212865
2026-04-09 17:00:00,26.6,83.0,0.0,25.4,220.0,16.3268052860381,19.45752885522204
2026-04-09 18:00:00,26.3,86.0,0.0,25.6,219.0,16.11060201087584,19.894936613298455
2026-04-09 19:00:00,25.8,89.0,0.0,23.6,211.0,12.154898567877279,20.229148296569853
2026-04-09 20:00:00,25.6,91.0,0.0,20.3,204.0,8.256753854438745,18.544972790144797
2026-04-09 21:00:00,25.5,92.0,0.0,19.4,197.0,5.6720110716210925,18.552312265682886
2026-04-09 22:00:00,25.2,93.0,0.0,19.0,198.0,5.871322893124002,18.070073809607916
2026-04-09 23:00:00,25.0,94.0,0.0,19.9,200.0,6.806200852180809,18.699883153639576
2026-04-10 00:00:00,24.9,94.0,0.0,19.0,202.0,7.117525274902327,17.61649323676896
2026-04-10 01:00:00,25.0,93.0,0.0,19.7,208.0,9.24858978688205,17.394067579320858
2026-04-10 02:00:00,25.0,92.0,0.0,19.6,210.0,9.800000000000002,16.974097914174997
2026-04-10 03:00:00,24.9,90.0,0.0,19.3,205.0,8.156532451595499,17.491740289807346
2026-04-10 04:00:00,24.9,87.0,0.0,17.1,198.0,5.284190603811602,16.263066428647125
2026-04-10 05:00:00,24.5,89.0,0.0,15.1,177.0,-0.790272939268452,15.079305974794064
2026-04-10 06:00:00,23.6,95.0,0.0,15.7,158.0,-5.881323516629819,14.556786516698562
2026-04-10 07:00:00,23.5,95.0,0.0,16.7,163.0,-4.882607468869702,15.970289424582694
2026-04-10 08:00:00,25.2,86.0,0.0,15.2,204.0,6.182396974752163,13.885890956167533
2026-04-10 09:00:00,26.0,82.0,0.0,16.5,212.0,8.74366785984788,13.992793586581028
2026-04-10 10:00:00,26.7,79.0,0.0,17.8,226.0,12.804248446027993,12.364918994170152
2026-04-10 11:00:00,26.6,77.0,0.0,23.2,246.0,21.19425461730834,9.436290119358565
2026-04-10 12:00:00,26.2,77.0,0.0,23.3,250.0,21.894838064311667,7.969069339488081
2026-04-10 13:00:00,26.4,77.0,0.0,21.5,246.0,19.64122733931592,8.744837826129704
2026-04-10 14:00:00,26.6,78.0,0.0,20.3,245.0,18.398048076843995,8.5791507133362
2026-04-10 15:00:00,26.4,79.0,0.0,18.9,237.0,15.850873734168513,10.29367776178401
2026-04-10 16:00:00,26.5,79.0,0.0,17.8,225.0,12.586500705120548,12.586500705120546
2026-04-10 17:00:00,26.2,80.0,0.0,18.0,219.0,11.327767038897075,13.988627306225476
2026-04-10 18:00:00,26.0,80.0,0.0,16.9,211.0,8.704143465979914,14.486127381865698
2026-04-10 19:00:00,25.4,82.0,0.0,17.1,209.0,8.290244506212366,14.95599699208367
2026-04-10 20:00:00,25.0,84.0,0.0,14.8,217.0,8.906862342650317,11.819805548699934
2026-04-10 21:00:00,24.9,87.0,0.0,14.8,214.0,8.276054971367053,12.269756073814618
2026-04-10 22:00:00,24.9,87.0,0.0,13.5,199.0,4.395170085171616,12.764500770590775
2026-04-10 23:00:00,24.5,88.0,0.0,12.8,171.0,-2.0023611525149545,12.642410759617764
2026-04-11 00:00:00,23.9,91.0,0.0,12.5,160.0,-4.2752517915708586,11.746157759823856
2026-04-11 01:00:00,23.5,92.0,0.0,11.2,165.0,-2.898773305148233,10.818369254437565
2026-04-11 02:00:00,23.4,93.0,0.0,11.2,169.0,-2.137060748217302,10.994224454613835
2026-04-11 03:00:00,23.3,93.0,0.0,11.5,163.0,-3.3622746043114717,10.997504693574909
2026-04-11 04:00:00,23.1,93.0,0.0,11.8,160.0,-4.035837691242891,11.08837292527372
2026-04-11 05:00:00,23.0,93.0,0.0,11.0,157.0,-4.298042413382012,10.125553387976844
2026-04-11 06:00:00,23.0,92.0,0.0,10.9,156.0,-4.433429409526223,9.95764548830435
2026-04-11 07:00:00,23.5,89.0,0.0,9.3,152.0,-4.366085533908786,8.21141261358802
2026-04-11 08:00:00,24.6,85.0,0.0,9.3,158.0,-3.4838413187679826,8.622809847471125
2026-04-11 09:00:00,25.9,84.0,0.0,10.8,178.0,-0.3769145643870103,10.793420931806235
2026-04-11 10:00:00,26.6,81.0,0.0,12.8,202.0,4.794964395723674,11.86795333845488
2026-04-11 11:00:00,27.3,75.0,0.0,16.2,214.0,9.058925036226098,13.430408675391675
2026-04-11 12:00:00,27.6,72.0,0.0,19.5,222.0,13.048046823997735,14.491324096809187
2026-04-11 13:00:00,27.6,73.0,0.0,22.4,228.0,16.64644409069363,14.988525582438424
2026-04-11 14:00:00,27.5,75.0,0.0,22.7,232.0,17.88784410687259,13.975515489892443
2026-04-11 15:00:00,27.2,77.0,0.0,22.3,231.0,17.33035494049045,14.033844720411373
2026-04-11 16:00:00,27.0,79.0,0.0,22.3,229.0,16.830023638967816,14.630116346488313
2026-04-11 17:00:00,26.8,80.0,0.0,21.1,225.0,14.919953083036155,14.919953083036152
2026-04-11 18:00:00,26.3,83.0,0.0,17.4,219.0,10.950174804267172,13.522339729351293
2026-04-11 19:00:00,25.9,85.0,0.0,13.8,204.0,5.612965674446043,12.606927315467892
2026-04-11 20:00:00,25.5,89.0,0.0,11.3,209.0,5.47834870878361,9.883202690675173
2026-04-11 21:00:00,25.5,89.0,0.0,11.2,199.0,3.646363329920155,10.589808046712347
2026-04-11 22:00:00,25.2,90.0,0.0,11.6,185.0,1.0110066158728344,11.555858497864248
2026-04-11 23:00:00,24.6,93.0,0.0,12.5,176.0,-0.8719559218015667,12.469550628247802
2026-04-12 00:00:00,24.0,95.0,0.0,11.6,176.0,-0.8091750954318538,11.57174298301396
2026-04-12 01:00:00,23.6,96.0,0.0,11.0,184.0,0.7673212111853775,10.973204552858066
2026-04-12 02:00:00,23.8,97.0,0.0,10.4,179.0,-0.18150502694774817,10.39841602962647
2026-04-12 03:00:00,23.6,96.0,0.0,11.8,172.0,-1.6422425913287713,11.685163211150531
2026-04-12 04:00:00,23.2,98.0,0.0,12.9,160.0,-4.4120598489011265,12.122034808138219
2026-04-12 05:00:00,22.8,98.0,0.0,12.6,155.0,-5.324990097932812,11.419478116661791
2026-04-12 06:00:00,22.3,97.0,0.0,13.7,150.0,-6.849999999999997,11.864548031846809
2026-04-12 07:00:00,22.8,93.0,0.0,12.7,153.0,-5.7656793466922425,11.315782857192271
2026-04-12 08:00:00,24.5,83.0,0.0,10.9,161.0,-3.5486928835830076,10.306152474032555
2026-04-12 09:00:00,25.8,80.0,0.0,13.0,182.0,0.453693457132514,12.992080751248245
2026-04-12 10:00:00,26.8,76.0,0.0,17.5,208.0,8.21575234875309,15.451582875031221
2026-04-12 11:00:00,27.5,72.0,0.0,21.9,224.0,15.21301831305204,15.753541627416457
2026-04-12 12:00:00,27.6,71.0,0.0,24.2,226.0,17.40802316819536,16.810732565107735
2026-04-12 13:00:00,27.9,69.0,0.0,26.2,225.0,18.526197667087548,18.526197667087544
2026-04-12 14:00:00,27.9,69.0,0.0,24.6,223.0,16.777159657537464,17.991301059831596
2026-04-12 15:00:00,27.7,71.0,0.0,22.7,224.0,15.768745009419238,16.32901346768738
2026-04-12 16:00:00,27.4,73.0,0.0,20.5,222.0,13.717177430356594,15.234468922286583
2026-04-12 17:00:00,27.1,76.0,0.0,18.0,216.0,10.580134541264517,14.562305898749054
2026-04-12 18:00:00,26.8,78.0,0.0,15.2,210.0,7.600000000000001,13.163586137523467
2026-04-12 19:00:00,26.4,79.0,0.0,13.8,208.0,6.478707566445294,12.184676781453192
2026-04-12 20:00:00,26.1,80.0,0.0,12.6,193.0,2.8343832847326977,12.277062816293963
2026-04-12 21:00:00,26.0,80.0,0.0,12.0,194.0,2.903062747196012,11.643548715311958
2026-04-12 22:00:00,25.5,83.0,0.0,11.3,179.0,-0.1972121927413033,11.298278955267222
2026-04-12 23:00:00,24.8,85.0,0.0,12.3,165.0,-3.1834742547610064,11.88088766335554
2026-04-13 00:00:00,24.2,88.0,0.0,12.4,158.0,-4.64512175835731,11.497079796628164
2026-04-13 01:00:00,23.6,91.0,0.0,10.0,159.0,-3.5836794954530027,9.335804264972017
2026-04-13 02:00:00,23.4,92.0,0.0,7.3,164.0,-2.012152697464093,7.017210380349728
2026-04-13 03:00:00,23.2,94.0,0.0,7.6,175.0,-0.6623836448822026,7.571079705497266
2026-04-13 04:00:00,23.2,94.0,0.0,8.8,160.0,-3.009777261265885,8.269295062915996
2026-04-13 05:00:00,22.9,96.0,0.0,8.3,136.0,-5.765664474809679,5.970520342810804
2026-04-13 06:00:00,22.6,95.0,0.0,9.8,137.0,-6.683583928612484,7.167266275867872
2026-04-13 07:00:00,23.3,89.0,0.0,9.8,144.0,-5.760295472466236,7.9283665448744856
2026-04-13 08:00:00,25.4,79.0,0.0,8.5,156.0,-3.457261466144302,7.765136389962107
2026-04-13 09:00:00,26.4,78.0,0.0,10.7,197.0,3.128377240533283,10.232460888804479
2026-04-13 10:00:00,27.0,74.0,0.0,13.1,218.0,8.065165326766124,10.322940872248058
2026-04-13 11:00:00,27.4,71.0,0.0,15.3,232.0,12.056564530182845,9.419620572482572
2026-04-13 12:00:00,27.1,74.0,0.0,18.0,248.0,16.689309382202175,6.742918681486416
2026-04-13 13:00:00,27.0,74.0,0.0,17.6,248.0,16.31843584037546,6.5930760441200515
2026-04-13 14:00:00,27.3,75.0,0.0,17.1,252.0,16.263066428647125,5.284190603811601
2026-04-13 15:00:00,27.1,75.0,0.0,17.8,252.0,16.928805990053732,5.500502499874064
2026-04-13 16:00:00,26.8,77.0,0.0,16.2,253.0,15.492137046601174,4.736421616508335
2026-04-13 17:00:00,26.3,80.0,0.0,12.9,249.0,12.043187501813902,4.622946549134373
2026-04-13 18:00:00,26.0,81.0,0.0,10.6,242.0,9.359244484304625,4.976398565530443
2026-04-13 19:00:00,25.6,84.0,0.0,9.4,218.0,5.787217868061188,7.407301083903187
2026-04-13 20:00:00,25.5,87.0,0.0,10.1,207.0,4.585304047369423,8.999165894302514
2026-04-13 21:00:00,25.2,88.0,0.0,10.3,186.0,1.0766431716568308,10.243575522293215
2026-04-13 22:00:00,24.6,91.0,0.0,9.6,177.0,-0.5024251799322609,9.586843533643908
2026-04-13 23:00:00,24.2,92.0,0.0,9.0,174.0,-0.940756169408882,8.950697058314459
2026-04-14 00:00:00,23.9,93.0,0.0,8.3,174.0,-0.8675862451215246,8.25453173155667
2026-04-14 01:00:00,23.5,95.0,0.0,9.6,164.0,-2.6461186158431906,9.228112281007862
2026-04-14 02:00:00,23.7,95.0,0.0,8.5,180.0,5.204748896376251e-16,8.5
2026-04-14 03:00:00,23.5,96.0,0.0,9.3,164.0,-2.5634274090980913,8.939733772226367
2026-04-14 04:00:00,23.1,95.0,0.0,11.2,143.0,-6.740328259302942,8.944717712529679
2026-04-14 05:00:00,22.6,94.0,0.0,12.5,136.0,-8.683229630737467,8.991747504233139
2026-04-14 06:00:00,22.5,93.0,0.0,11.5,141.0,-7.2371844970731285,8.937178556755166
2026-04-14 07:00:00,23.1,88.0,0.0,9.4,149.0,-4.841357904154511,8.057372626599856
2026-04-14 08:00:00,25.5,75.0,0.0,9.4,156.0,-3.8233244449125228,8.587327301840448
2026-04-14 09:00:00,26.9,74.0,0.0,11.7,179.0,-0.20419315531621668,11.698218033329777
2026-04-14 10:00:00,27.4,75.0,0.0,12.7,216.0,7.464872704114408,10.274515828561832
2026-04-14 11:00:00,27.8,72.0,0.0,17.3,237.0,14.509000825455837,9.422255305759968
2026-04-14 12:00:00,27.8,72.0,0.0,19.2,240.0,16.627687752661224,9.599999999999998
2026-04-14 13:00:00,27.7,73.0,0.0,20.1,236.0,16.66365520835634,11.239777359762014
2026-04-14 14:00:00,27.7,75.0,0.0,19.7,240.0,17.06070045455344,9.849999999999998
2026-04-14 15:00:00,27.6,75.0,0.0,19.9,243.0,17.73102983134852,9.03441094481698
2026-04-14 16:00:00,27.5,77.0,0.0,21.3,245.0,19.304355863880645,9.001768975076898
2026-04-14 17:00:00,26.9,81.0,0.0,18.6,239.0,15.94331179305929,9.579708193327008
2026-04-14 18:00:00,26.5,82.0,0.0,15.8,228.0,11.74168824254283,10.572263580469961
2026-04-14 19:00:00,26.0,86.0,0.0,12.5,224.0,8.683229630737465,8.991747504233139
2026-04-14 20:00:00,25.8,84.0,0.0,9.4,215.0,5.391618501699834,7.700029216316524
2026-04-14 21:00:00,25.6,84.0,0.0,8.3,194.0,2.007951733477242,8.053454528090771
2026-04-14 22:00:00,25.4,85.0,0.0,10.3,165.0,-2.665836164555965,9.949036010777405
2026-04-14 23:00:00,25.0,86.0,0.0,11.2,158.0,-4.195593846258215,10.384459171148018
2026-04-15 00:00:00,24.3,89.0,0.0,9.1,163.0,-2.6605825129769034,8.702373279263623
2026-04-15 01:00:00,24.0,88.0,0.0,7.6,165.0,-1.9670247427791583,7.341036279796919
2026-04-15 02:00:00,23.7,91.0,0.0,8.5,153.0,-3.858919247786147,7.573555455601127
2026-04-15 03:00:00,23.5,91.0,0.0,8.0,146.0,-4.4735432277659735,6.632300580440334
2026-04-15 04:00:00,23.6,89.0,0.0,8.1,143.0,-4.874701687531592,6.468947631383071
2026-04-15 05:00:00,23.8,86.0,0.0,10.0,152.0,-4.694715627858909,8.829475928589268
2026-04-15 06:00:00,23.2,91.0,0.0,8.8,137.0,-6.001585568549986,6.435912574248701
2026-04-15 07:00:00,23.8,86.0,0.0,7.8,134.0,-5.610850442641479,5.4183352895801775
2026-04-15 08:00:00,25.5,81.0,0.0,6.2,147.0,-3.376762017093168,5.1997575212616285
2026-04-15 09:00:00,26.8,79.0,0.0,6.5,172.0,-0.9046251562404248,6.436742446820207
2026-04-15 10:00:00,27.3,79.0,0.0,6.7,232.0,5.279672049165037,4.124931884681911
2026-04-15 11:00:00,27.2,80.0,0.1,10.9,251.0,10.306152474032555,3.548692883583008
2026-04-15 12:00:00,27.5,78.0,0.0,13.9,253.0,13.292636107886192,4.063966695646041
2026-04-15 13:00:00,27.0,83.0,0.0,17.1,258.0,16.72632397254808,3.5552899129836852
2026-04-15 14:00:00,26.8,81.0,0.0,22.3,260.0,21.961212892172238,3.8723543619725467
2026-04-15 15:00:00,26.5,82.0,0.0,22.9,257.0,22.313074483581886,5.151379144474508
2026-04-15 16:00:00,26.2,84.0,0.0,20.0,259.0,19.63254366895328,3.816179907530896
2026-04-15 17:00:00,26.0,85.0,0.0,18.4,262.0,18.220932464844893,2.560785057665204
2026-04-15 18:00:00,25.9,84.0,0.0,15.4,263.0,15.285210735276358,1.8767878884392712
2026-04-15 19:00:00,25.7,85.0,0.0,9.9,280.0,9.74959675482086,-1.7191169589026103
2026-04-15 20:00:00,25.8,87.0,0.0,13.8,283.0,13.446306894036248,-3.1043245499453374
2026-04-15 21:00:00,25.7,87.0,0.1,9.5,303.0,7.967370395481528,-5.174070832642757
2026-04-15 22:00:00,25.5,89.0,0.0,6.3,355.0,0.5490811793102462,-6.276026597977997
2026-04-15 23:00:00,25.5,89.0,0.0,6.8,32.0,-3.603450996785794,-5.766727053863696
2026-04-16 00:00:00,25.1,91.0,0.0,7.0,86.0,-6.982948351818769,-0.4882953162088769
2026-04-16 01:00:00,24.7,94.0,0.0,4.6,108.0,-4.3748599749577055,1.4214781741247584
2026-04-16 02:00:00,24.5,94.0,0.0,9.4,30.0,-4.700000000000005,-8.140638795573722
2026-04-16 03:00:00,24.6,94.0,0.0,11.8,20.0,-4.0358376912428895,-11.08837292527372
2026-04-16 04:00:00,24.7,91.0,0.0,17.2,10.0,-2.9867486558712018,-16.938693351809977
2026-04-16 05:00:00,24.7,91.0,0.0,19.7,8.0,-2.7417100889132966,-19.50828095420893
2026-04-16 06:00:00,24.8,89.0,0.0,19.1,11.0,-3.644451811692002,-18.749079203850382
2026-04-16 07:00:00,25.0,87.0,0.0,18.9,8.0,-2.6303716081452437,-18.716066499215675
2026-04-16 08:00:00,25.7,87.0,0.0,21.2,6.0,-2.216003421274251,-21.083864181807396
2026-04-16 09:00:00,25.8,86.0,0.0,18.2,9.0,-2.847107263732205,-17.975927798831506
2026-04-16 10:00:00,26.1,84.0,0.0,16.6,355.0,1.4467853296111253,-16.536831988322977
2026-04-16 11:00:00,25.9,86.0,0.0,19.1,337.0,7.462964554145128,-17.58164270094161
2026-04-16 12:00:00,26.0,84.0,0.0,17.2,328.0,9.114611344811124,-14.586427253890525
2026-04-16 13:00:00,25.7,87.0,0.0,19.8,327.0,10.783852893297537,-16.605677245319395
2026-04-16 14:00:00,25.2,87.0,0.0,16.2,324.0,9.522121087138064,-13.106075308874148
2026-04-16 15:00:00,25.0,87.0,0.0,15.1,327.0,8.224049428726909,-12.663925575975902
2026-04-16 16:00:00,24.7,88.0,0.0,15.8,343.0,4.619472934619242,-15.10961514421596
2026-04-16 17:00:00,24.5,89.0,0.0,15.1,352.0,2.1015138244969886,-14.953047837997712
2026-04-16 18:00:00,24.6,87.0,0.0,13.5,357.0,0.7065354092797436,-13.481498719186746
2026-04-16 19:00:00,24.8,85.0,0.0,12.8,9.0,-2.002361152514957,-12.642410759617762
2026-04-16 20:00:00,24.6,88.0,0.0,13.6,11.0,-2.5950023371210067,-13.35012969488823
2026-04-16 21:00:00,24.6,88.0,0.0,11.8,29.0,-5.720753518906775,-10.320512544244872
2026-04-16 22:00:00,24.6,87.0,0.0,9.7,59.0,-8.31452281681049,-4.995869326627525
2026-04-16 23:00:00,24.5,87.0,0.0,8.6,79.0,-8.441993777649909,-1.6409573602382845
2026-04-17 00:00:00,24.3,88.0,0.0,5.4,84.0,-5.370418234988676,-0.5644537016453289
2026-04-17 01:00:00,24.4,87.0,0.0,2.2,360.0,1.3471114790620887e-16,-2.2
2026-04-17 02:00:00,24.5,90.0,0.0,5.4,358.0,0.18845728219350585,-5.3967104659031175
2026-04-17 03:00:00,24.4,91.0,0.0,5.2,49.0,-3.924489817158415,-3.4115069507506366
2026-04-17 04:00:00,24.4,92.0,0.0,5.8,36.0,-3.409154463296345,-4.692298567374695
2026-04-17 05:00:00,24.8,85.0,0.0,7.3,344.0,2.012152697464094,-7.017210380349728
2026-04-17 06:00:00,24.8,82.0,0.0,15.0,328.0,7.948788963498074,-12.72072144234639
2026-04-17 07:00:00,25.0,80.0,0.0,16.1,342.0,4.975173609436655,-15.312009912351973
2026-04-17 08:00:00,25.2,79.0,0.0,9.9,19.0,-3.2231247291258507,-9.360633898433237
2026-04-17 09:00:00,25.7,76.0,0.0,8.4,19.0,-2.7347724974401157,-7.942356035034262
2026-04-17 10:00:00,25.6,78.0,0.0,11.4,335.0,4.8178481838439735,-10.33190877221781
2026-04-17 11:00:00,25.5,80.0,0.0,10.2,337.0,3.985457510590592,-9.389149505214892
2026-04-17 12:00:00,25.6,79.0,0.0,11.3,351.0,1.7677094549546095,-11.160878248725057
2026-04-17 13:00:00,25.7,79.0,0.0,9.7,4.0,-0.676637795318018,-9.676371287520293
2026-04-17 14:00:00,26.0,78.0,0.0,17.1,311.0,12.905533821809403,-11.218609395737674
2026-04-17 15:00:00,25.6,82.0,0.0,19.2,317.0,13.09436851319997,-14.041991071088072
2026-04-17 16:00:00,25.0,84.0,0.0,18.6,335.0,7.86069966837701,-16.85732483888169
2026-04-17 17:00:00,25.0,84.0,0.0,14.7,19.0,-4.785851870520203,-13.899123061309957
2026-04-17 18:00:00,25.1,83.0,0.0,12.9,25.0,-5.451775576455019,-11.691370452772786
2026-04-17 19:00:00,25.0,84.0,0.0,14.4,9.0,-2.252656296579327,-14.222712104569982
2026-04-17 20:00:00,25.0,84.0,0.0,15.7,9.0,-2.4560211011316273,-15.50670694734366
2026-04-17 21:00:00,24.8,87.0,0.0,14.1,17.0,-4.122441036590593,-13.483897059078798
2026-04-17 22:00:00,24.5,88.0,0.0,11.7,31.0,-6.025945476447637,-10.028857418214711
2026-04-17 23:00:00,24.1,89.0,0.0,9.9,52.0,-7.801306460706548,-6.095048605724016
2026-04-18 00:00:00,24.1,90.0,0.0,6.1,43.0,-4.160189996381241,-4.461257579876939
2026-04-18 01:00:00,24.4,89.0,0.0,5.6,356.0,0.3906362529671013,-5.586358681455015
2026-04-18 02:00:00,24.5,89.0,0.0,7.6,27.0,-3.4503277980205564,-6.771649583831595
2026-04-18 03:00:00,24.1,92.0,0.0,7.6,45.0,-5.374011537017762,-5.37401153701776
2026-04-18 04:00:00,24.0,94.0,0.0,7.7,30.0,-3.8500000000000036,-6.668395609140176
2026-04-18 05:00:00,24.0,91.0,0.0,7.7,33.0,-4.193720569615707,-6.457763373179765
2026-04-18 06:00:00,24.2,89.0,0.0,7.1,41.0,-4.658019105832602,-5.358438019581681
2026-04-18 07:00:00,24.6,85.0,0.0,6.6,61.0,-5.772490067120012,-3.1997434936258236
2026-04-18 08:00:00,25.5,81.0,0.0,5.6,360.0,3.429011037612589e-16,-5.6
2026-04-18 09:00:00,25.5,82.0,0.1,12.0,343.0,3.5084604566728412,-11.475657071556425
2026-04-18 10:00:00,25.2,85.0,0.0,14.5,346.0,3.507867486195181,-14.06928803100195
2026-04-18 11:00:00,25.5,83.0,0.0,14.5,349.0,2.766730432959901,-14.233594159991128
2026-04-18 12:00:00,25.7,82.0,0.0,15.6,345.0,4.0375771035993235,-15.068442890109464
2026-04-18 13:00:00,25.4,84.0,0.0,19.9,337.0,7.775549456936546,-18.318046583703563
2026-04-18 14:00:00,24.9,86.0,0.0,14.3,332.0,6.71344334783824,-12.626150577882655
2026-04-18 15:00:00,25.0,86.0,0.0,16.3,352.0,2.268521545649067,-16.141369520487597
2026-04-18 16:00:00,24.6,87.0,0.0,13.8,6.0,-1.4424927930936164,-13.724402156082174
2026-04-18 17:00:00,24.8,85.0,0.0,13.2,2.0,-0.46067335647301,-13.191958916652064
2026-04-18 18:00:00,24.7,85.0,0.0,12.5,21.0,-4.479599369316259,-11.66975533121502
2026-04-18 19:00:00,24.6,84.0,0.0,12.9,28.0,-6.056183159937991,-11.390023947880158
2026-04-18 20:00:00,24.6,85.0,0.0,14.1,21.0,-5.05298808858874,-13.163484013610542
2026-04-18 21:00:00,24.6,86.0,0.1,11.3,39.0,-7.111320418863168,-8.781749364463767
2026-04-18 22:00:00,24.8,85.0,0.0,12.2,22.0,-4.57020043967413,-11.311643025714805
2026-04-18 23:00:00,24.8,86.0,0.0,12.7,25.0,-5.3672519241068795,-11.510108895365455
2026-04-19 00:00:00,24.4,89.0,0.0,13.8,37.0,-8.305047319498266,-11.021170038652642
2026-04-19 01:00:00,24.0,87.0,0.0,12.1,46.0,-8.704011584097678,-8.405366282553867
2026-04-19 02:00:00,24.1,87.0,0.0,13.2,29.0,-6.399486987251646,-11.544980134240026
2026-04-19 03:00:00,24.0,87.0,0.0,14.7,29.0,-7.126701417621151,-12.85690969494912
2026-04-19 04:00:00,24.0,83.0,0.0,14.7,28.0,-6.901231972952593,-12.979329615026225
2026-04-19 05:00:00,24.0,85.0,0.0,15.1,33.0,-8.224049428726907,-12.663925575975902
2026-04-19 06:00:00,23.8,86.0,0.0,15.3,36.0,-8.993114360074841,-12.377960013936695
2026-04-19 07:00:00,24.0,82.0,0.0,18.1,37.0,-10.892851919052074,-14.455302731856001
2026-04-19 08:00:00,24.5,79.0,0.0,17.1,29.0,-8.29024450621236,-14.955996992083673
2026-04-19 09:00:00,25.1,75.0,0.0,17.3,23.0,-6.759648522864437,-15.924733964727217
2026-04-19 10:00:00,25.4,74.0,0.0,16.2,12.0,-3.3681693912477084,-15.845991131887649
2026-04-19 11:00:00,25.2,78.0,0.0,19.6,357.0,1.025784742361702,-19.57313888118965
2026-04-19 12:00:00,24.9,81.0,0.0,22.6,355.0,1.969719786097074,-22.514000176873452
2026-04-19 13:00:00,25.2,80.0,0.0,24.1,353.0,2.9370511760640547,-23.92036225455586
2026-04-19 14:00:00,25.3,79.0,0.0,23.2,354.0,2.42506034780956,-23.07290797254394
2026-04-19 15:00:00,25.0,81.0,0.0,21.6,1.0,-0.3769719790453236,-21.596710215378053
2026-04-19 16:00:00,24.9,82.0,0.0,18.9,4.0,-1.3183973537639733,-18.853960549910674
2026-04-19 17:00:00,24.8,83.0,0.0,16.4,2.0,-0.5723517459210125,-16.390009563113168
2026-04-19 18:00:00,24.6,83.0,0.0,13.6,8.0,-1.892754173056895,-13.467645734885355
2026-04-19 19:00:00,24.5,84.0,0.0,12.1,15.0,-3.1317104457404996,-11.687702498097726
2026-04-19 20:00:00,24.7,84.0,0.0,15.1,15.0,-3.9081675810480614,-14.585479976964931
2026-04-19 21:00:00,24.6,85.0,0.0,11.4,28.0,-5.351975815759155,-10.065602558591769
2026-04-19 22:00:00,24.4,86.0,0.0,9.2,48.0,-6.836932394392027,-6.156001578501495
2026-04-19 23:00:00,24.1,88.0,0.0,7.3,73.0,-6.981024718530159,-2.1343134444759784
2026-04-20 00:00:00,23.6,90.0,0.0,7.3,120.0,-6.321985447626402,3.6499999999999995
2026-04-20 01:00:00,23.0,95.0,0.0,7.5,147.0,-4.084792762612703,6.290029259590679
2026-04-20 02:00:00,22.8,96.0,0.0,6.9,155.0,-2.9160660060108254,6.253523730552885
2026-04-20 03:00:00,22.4,96.0,0.0,5.9,157.0,-2.3053136580867153,5.430978635369398
2026-04-20 04:00:00,22.2,97.0,0.0,4.0,177.0,-0.20934382497177537,3.9945181390182953
2026-04-20 05:00:00,22.5,96.0,0.0,4.1,182.0,0.14308793648025442,4.097502390778292
2026-04-20 06:00:00,22.6,97.0,0.0,5.6,151.0,-2.714933873379487,4.897870359980616
2026-04-20 07:00:00,23.4,91.0,0.0,5.4,146.0,-3.0196416787420324,4.476802891797226
2026-04-20 08:00:00,24.5,83.0,0.0,3.7,191.0,0.7059932828932162,3.632020578756357
2026-04-20 09:00:00,25.4,79.0,0.0,3.0,232.0,2.364032260820166,1.846984425976975
2026-04-20 10:00:00,25.8,80.0,0.0,7.4,288.0,7.037818220584136,-2.286725758374611
2026-04-20 11:00:00,25.9,80.0,0.0,10.7,310.0,8.196675541373065,-6.87782742364597
2026-04-20 12:00:00,25.8,80.0,0.0,13.0,327.0,7.080307455195352,-10.902717383290513
2026-04-20 13:00:00,25.8,79.0,0.0,15.0,337.0,5.860966927339105,-13.807572801786606
2026-04-20 14:00:00,25.5,79.0,0.0,16.0,351.0,2.502951440643695,-15.803013449522204
2026-04-20 15:00:00,25.5,77.0,0.0,15.1,2.0,-0.5269824002077614,-15.090801487988346
2026-04-20 16:00:00,25.5,76.0,0.0,12.3,15.0,-3.1834742547610038,-11.88088766335554
2026-04-20 17:00:00,25.4,77.0,0.0,12.0,22.0,-4.495279120990947,-11.126206254801447
2026-04-20 18:00:00,25.2,78.0,0.0,11.3,25.0,-4.7755863576699005,-10.241277993514146
2026-04-20 19:00:00,25.0,80.0,0.0,8.6,26.0,-3.7699918623860684,-7.729628798172834
2026-04-20 20:00:00,25.5,84.0,0.0,9.5,11.0,-1.812685456077174,-9.325458242752807
2026-04-20 21:00:00,25.4,84.0,0.0,7.2,32.0,-3.815418702479076,-6.105946292326267
2026-04-20 22:00:00,25.2,84.0,0.0,2.6,74.0,-2.499280409439629,-0.7166571251241974
2026-04-20 23:00:00,24.4,92.0,0.0,6.6,163.0,-1.929653251170062,6.311611389356035
2026-04-21 00:00:00,24.0,88.0,0.0,7.0,184.0,0.4882953162088766,6.982948351818769
2026-04-21 01:00:00,23.4,88.0,0.0,8.1,175.0,-0.7059615162560317,8.069177054543138
2026-04-21 02:00:00,23.0,90.0,0.0,6.6,163.0,-1.929653251170062,6.311611389356035
2026-04-21 03:00:00,23.2,92.0,0.0,5.4,130.0,-4.136639992842481,3.4710530923073133
2026-04-21 04:00:00,23.6,92.0,0.0,4.2,78.0,-4.108219923081983,-0.87322910143459
2026-04-21 05:00:00,24.0,94.0,0.0,6.6,41.0,-4.329989591337347,-4.981083229470295
2026-04-21 06:00:00,24.3,89.0,0.0,9.0,46.0,-6.47405820304786,-6.251925334130976
2026-04-21 07:00:00,24.8,85.0,0.0,8.4,25.0,-3.549993398621873,-7.612985411107861
2026-04-21 08:00:00,25.5,82.0,0.0,10.9,13.0,-2.4519664923481312,-10.620633706159063
2026-04-21 09:00:00,25.8,79.0,0.0,10.9,6.0,-1.1393602496174215,-10.840288659514181
2026-04-21 10:00:00,25.7,78.0,0.0,11.7,355.0,1.0197221901476001,-11.655477967673422
2026-04-21 11:00:00,25.5,79.0,0.0,13.4,336.0,5.450271017215723,-12.241509132410853
2026-04-21 12:00:00,25.6,78.0,0.0,12.0,336.0,4.880839716909603,-10.96254549171121
2026-04-21 13:00:00,25.9,77.0,0.0,9.1,338.0,3.4089200000847986,-8.437373076557765
2026-04-21 14:00:00,26.1,76.0,0.0,11.3,331.0,5.47834870878361,-9.883202690675173
2026-04-21 15:00:00,26.0,76.0,0.0,10.8,334.0,4.734408385322037,-9.706975700031006
2026-04-21 16:00:00,25.8,74.0,0.0,8.0,346.0,1.9353751647973414,-7.762365810207972
2026-04-21 17:00:00,25.9,73.0,0.0,7.9,348.0,1.6425023574602997,-7.727366045797065
2026-04-21 18:00:00,25.5,78.0,0.0,7.1,351.0,1.1106847017856396,-7.012587218225478
2026-04-21 19:00:00,25.5,78.0,0.0,3.5,24.0,-1.4235782507653003,-3.1974091017491033
2026-04-21 20:00:00,25.5,79.0,0.0,5.2,117.0,-4.633233925779512,2.3607505986456436
2026-04-21 21:00:00,25.0,77.0,0.0,6.7,134.0,-4.819576662268963,4.654211082075281
2026-04-21 22:00:00,24.9,78.0,0.0,4.6,198.0,1.4214781741247582,4.3748599749577055
2026-04-21 23:00:00,24.7,82.0,0.0,4.4,201.0,1.5768189779993218,4.107753876587688
2026-04-22 00:00:00,24.3,88.0,0.0,4.9,144.0,-2.880147736233118,3.9641832724372428
2026-04-22 01:00:00,24.0,92.0,0.0,5.6,149.0,-2.8842132194963037,4.800136883931828
2026-04-22 02:00:00,24.0,92.0,0.0,6.6,158.0,-2.4724035165450196,6.1194134401407965
2026-04-22 03:00:00,23.6,91.0,0.0,7.0,145.0,-4.015035054457323,5.734064310022942
2026-04-22 04:00:00,23.3,95.0,0.0,6.1,150.0,-3.0499999999999985,5.282754963085075
2026-04-22 05:00:00,23.2,96.0,0.0,8.3,139.0,-5.44528994062121,6.264089515849009
2026-04-22 06:00:00,23.1,93.0,0.0,6.2,144.0,-3.644268564213333,5.0159053651246746
2026-04-22 07:00:00,24.1,84.0,0.0,6.4,164.0,-1.764079077228794,6.1520748540052415
2026-04-22 08:00:00,25.9,76.0,0.0,10.9,174.0,-1.1393602496174238,10.84028865951418
2026-04-22 09:00:00,27.0,74.0,0.0,11.9,190.0,2.066413314236472,11.719212260845277
2026-04-22 10:00:00,28.4,67.0,0.0,17.2,198.0,5.315092303249096,16.35817208027664
2026-04-22 11:00:00,29.1,62.0,0.0,21.5,203.0,8.400719262519385,19.79085434922747
2026-04-22 12:00:00,29.6,60.0,0.0,25.0,213.0,13.615975875375677,20.9667641986356
2026-04-22 13:00:00,29.7,61.0,0.0,28.1,219.0,17.683902988500435,21.837801516940882
2026-04-22 14:00:00,29.0,65.0,0.0,30.7,222.0,20.542309615216947,22.814546142156004
2026-04-22 15:00:00,28.6,67.0,0.0,29.4,216.0,17.28088641739871,23.785099634623453
2026-04-22 16:00:00,28.5,70.0,0.0,28.3,211.0,14.575577519954534,24.25783460986978
2026-04-22 17:00:00,28.1,74.0,0.0,25.8,212.0,13.671917017216687,21.87964088083579
2026-04-22 18:00:00,27.7,76.0,0.0,22.8,208.0,10.703951631518311,20.131205117183534
2026-04-22 19:00:00,27.3,79.0,0.0,22.0,203.0,8.596084826764022,20.251106775953687
2026-04-22 20:00:00,27.1,83.0,0.0,19.8,201.0,7.095685400996948,18.484892444644593
2026-04-22 21:00:00,26.9,84.0,0.0,18.6,200.0,6.36157466585744,17.478282746617896
2026-04-22 22:00:00,26.6,85.0,0.0,17.6,200.0,6.019554522531772,16.538590125831988
2026-04-22 23:00:00,26.5,87.0,0.0,17.4,196.0,4.796089991215785,16.725953509326747
2026-04-23 00:00:00,26.3,88.0,0.0,16.8,201.0,6.020581552361047,15.68415116515299
2026-04-23 01:00:00,26.0,89.0,0.0,16.3,200.0,5.574928336208402,15.316989718810307
2026-04-23 02:00:00,26.0,91.0,0.0,17.3,211.0,8.910158695943938,14.828994302146544
2026-04-23 03:00:00,25.9,90.0,0.0,15.6,232.0,12.292967756264861,9.60431901508027
2026-04-23 04:00:00,25.8,89.0,0.0,13.4,198.0,4.140827724624296,12.744157318355057
2026-04-23 05:00:00,25.4,90.0,0.0,12.8,182.0,0.4467135577920138,12.792202585844427
2026-04-23 06:00:00,24.8,94.0,0.0,10.8,152.0,-5.070292878087622,9.535834002876411
2026-04-23 07:00:00,24.9,91.0,0.0,11.3,149.0,-5.819930246483613,9.68599049793387
2026-04-23 08:00:00,26.9,70.0,0.0,14.7,197.0,4.2978640594242306,14.05767991265662
2026-04-23 09:00:00,27.4,64.0,0.2,17.0,203.0,6.6424291843176535,15.648582508691486
2026-04-23 10:00:00,26.1,76.0,0.3,18.9,216.0,11.109141268327742,15.290421193686505
2026-04-23 11:00:00,26.0,79.0,1.6,14.3,208.0,6.71344334783824,12.626150577882655
2026-04-23 12:00:00,26.0,78.0,1.8,12.8,215.0,7.3417783852933916,10.485146166899096
2026-04-23 13:00:00,25.5,80.0,1.0,7.9,168.0,-1.6425023574602988,7.727366045797066
2026-04-23 14:00:00,28.0,74.0,0.4,24.0,234.0,19.41640786499874,14.106846055019355
2026-04-23 15:00:00,27.8,74.0,0.0,25.1,224.0,17.435925098520833,18.055428988500143
2026-04-23 16:00:00,27.5,74.0,0.0,26.2,223.0,17.86835703363746,19.161466982422265
2026-04-23 17:00:00,27.4,76.0,0.0,24.7,229.0,18.64132663150247,16.20465801606553
2026-04-23 18:00:00,26.9,79.0,0.0,19.3,225.0,13.647160876900369,13.647160876900367
2026-04-23 19:00:00,26.5,81.0,0.0,13.9,213.0,7.570482586708876,11.657520894441394
2026-04-23 20:00:00,26.6,78.0,0.0,11.3,190.0,1.9622244076363138,11.128327609037951
2026-04-23 21:00:00,26.2,80.0,0.6,9.9,213.0,5.391926446648768,8.302838622659698
2026-04-23 22:00:00,24.8,87.0,1.0,11.2,199.0,3.646363329920155,10.589808046712347
2026-04-23 23:00:00,24.0,86.0,0.6,3.1,167.0,-0.6973482684659816,3.0205472008342293
2026-04-24 00:00:00,23.5,87.0,0.4,14.2,120.0,-12.29756073373903,7.099999999999999
2026-04-24 01:00:00,23.2,86.0,0.0,14.4,132.0,-10.701285486874474,9.63548073156756
2026-04-24 02:00:00,23.5,86.0,0.0,11.3,155.0,-4.775586357669903,10.241277993514146
2026-04-24 03:00:00,23.4,86.0,0.1,11.9,157.0,-4.649700429022358,10.954007756084039
2026-04-24 04:00:00,23.6,85.0,0.1,6.9,157.0,-2.6960447865759893,6.351483488821838
2026-04-24 05:00:00,23.8,81.0,0.0,5.8,120.0,-5.022947341949744,2.8999999999999995
2026-04-24 06:00:00,23.5,87.0,0.0,8.8,43.0,-6.001585568549988,-6.4359125742487
2026-04-24 07:00:00,24.2,83.0,0.0,6.6,33.0,-3.5946176310991778,-5.535225748439799
2026-04-24 08:00:00,24.8,84.0,0.0,11.0,4.0,-0.7673212111853813,-10.973204552858066
2026-04-24 09:00:00,24.6,84.0,0.0,16.3,17.0,-4.765658786980615,-15.587767522197476
2026-04-24 10:00:00,24.1,86.0,1.4,17.5,24.0,-7.117891253826501,-15.987045508745517
2026-04-24 11:00:00,24.0,87.0,1.5,19.7,30.0,-9.850000000000009,-17.060700454553434
2026-04-24 12:00:00,23.6,89.0,1.5,17.1,37.0,-10.291036895900026,-13.656667221808709
2026-04-24 13:00:00,23.8,88.0,0.7000000000000001,17.3,29.0,-8.387206430261628,-15.13092093351155
2026-04-24 14:00:00,23.0,90.0,0.3,14.3,15.0,-3.7011123449660452,-13.812739315933678
2026-04-24 15:00:00,23.5,87.0,2.8,15.7,16.0,-4.327506486326882,-15.091808626231607
2026-04-24 16:00:00,23.5,87.0,0.9,16.8,32.0,-8.902643639117844,-14.247208015427956
2026-04-24 17:00:00,23.4,87.0,0.7000000000000001,21.9,39.0,-13.782116563991448,-17.019496555907654
2026-04-24 18:00:00,22.8,89.0,1.0,18.6,46.0,-13.37972028629891,-12.920645690537352
2026-04-24 19:00:00,22.6,89.0,0.4,15.5,39.0,-9.754466061272486,-12.045762402583044
2026-04-24 20:00:00,22.6,87.0,0.9,22.9,28.0,-10.750898787796897,-20.219499876469428
2026-04-24 21:00:00,22.0,91.0,1.7000000000000002,22.2,41.0,-14.564510443589262,-16.754552680945537
2026-04-24 22:00:00,21.8,91.0,0.7000000000000001,17.5,41.0,-11.481033007333878,-13.20741765389851
2026-04-24 23:00:00,22.0,90.0,0.5,14.0,23.0,-5.470235798849833,-12.887067948334163
2026-04-25 00:00:00,22.6,86.0,0.1,18.2,18.0,-5.624109297624045,-17.309228596571792
2026-04-25 01:00:00,22.5,87.0,0.2,18.6,28.0,-8.73217106781757,-16.422825227176045
2026-04-25 02:00:00,21.7,91.0,0.4,15.4,32.0,-8.160756669191358,-13.05994068080896
2026-04-25 03:00:00,21.9,90.0,0.5,19.1,19.0,-6.218351750131692,-18.059404793946953
2026-04-25 04:00:00,22.2,87.0,0.4,25.3,18.0,-7.818129957686174,-24.061729862267384
2026-04-25 05:00:00,21.6,88.0,0.2,22.9,31.0,-11.794371915440246,-19.629131186078364
2026-04-25 06:00:00,21.2,88.0,0.0,18.6,35.0,-10.668521716129463,-15.236228023775244
2026-04-25 07:00:00,21.5,86.0,0.0,16.4,36.0,-9.63967813759656,-13.267878707749135
2026-04-25 08:00:00,22.4,84.0,0.0,16.9,30.0,-8.450000000000006,-14.635829323957008
2026-04-25 09:00:00,22.8,80.0,0.3,17.8,30.0,-8.900000000000007,-15.415252187363004
2026-04-25 10:00:00,23.6,74.0,0.1,17.1,35.0,-9.808157061602895,-14.007499957341757
2026-04-25 11:00:00,24.1,71.0,0.0,15.2,19.0,-4.948635947748781,-14.371882349109615
2026-04-25 12:00:00,24.2,73.0,0.0,19.4,360.0,1.1879073951729326e-15,-19.4
2026-04-25 13:00:00,23.4,79.0,0.8,26.1,360.0,1.598164072887296e-15,-26.1
2026-04-25 14:00:00,23.5,77.0,0.0,23.8,3.0,-1.2455957585820745,-23.76738292715886
2026-04-25 15:00:00,23.9,75.0,0.0,19.8,12.0,-4.116651478191644,-19.36732249452935
2026-04-25 16:00:00,24.0,75.0,0.0,19.3,14.0,-4.669092585073589,-18.726707517126734
2026-04-25 17:00:00,24.1,75.0,0.0,16.3,18.0,-5.036977008311646,-15.502221215611003
2026-04-25 18:00:00,23.9,76.0,0.0,14.0,20.0,-4.78828200655936,-13.155696691002717
2026-04-25 19:00:00,23.6,78.0,0.0,14.9,15.0,-3.8564037720275572,-14.392294811707119
2026-04-25 20:00:00,23.8,79.0,0.0,16.9,27.0,-7.672439445598342,-15.058010258783414
2026-04-25 21:00:00,23.3,83.0,0.0,16.1,31.0,-8.292113006051878,-13.800393541304006
2026-04-25 22:00:00,23.1,85.0,0.0,17.8,23.0,-6.955014087109074,-16.384986391453438
2026-04-25 23:00:00,23.2,82.0,0.0,20.7,23.0,-8.088134359727968,-19.054450466465514
2026-04-26 00:00:00,23.0,83.0,0.0,18.3,29.0,-8.872016050507964,-16.005540640650946
2026-04-26 01:00:00,22.2,87.0,0.0,13.6,49.0,-10.264050291029701,-8.922402794270896
2026-04-26 02:00:00,22.1,86.0,0.0,14.3,36.0,-8.405329107782368,-11.568943019561747
2026-04-26 03:00:00,21.8,87.0,0.0,11.9,35.0,-6.825559592577452,-9.747909327039
2026-04-26 04:00:00,22.1,85.0,0.0,12.6,26.0,-5.523476449542379,-11.324804983369502
2026-04-26 05:00:00,22.2,86.0,0.0,15.9,29.0,-7.708472961916756,-13.906453343516397
2026-04-26 06:00:00,22.5,82.0,0.0,18.7,24.0,-7.6059752255174615,-17.083300057916638
2026-04-26 07:00:00,22.9,81.0,0.0,19.5,26.0,-8.548237362387017,-17.526483902833753
2026-04-26 08:00:00,23.6,78.0,0.0,20.2,16.0,-5.567874587503377,-19.417486257954042
2026-04-26 09:00:00,24.0,76.0,0.0,21.6,13.0,-4.85894277382749,-21.04639339936108
2026-04-26 10:00:00,24.1,76.0,0.0,23.7,10.0,-4.115461810706249,-23.33994374638933
2026-04-26 11:00:00,24.3,75.0,0.0,23.4,8.0,-3.25665056246554,-23.17227280855274
2026-04-26 12:00:00,24.5,75.0,0.0,22.6,5.0,-1.9697197860970765,-22.514000176873452
2026-04-26 13:00:00,24.7,74.0,0.0,21.3,3.0,-1.1147558679747138,-21.270809090272422
2026-04-26 14:00:00,24.8,74.0,0.0,20.6,355.0,1.7954083006017578,-20.521610780689958
2026-04-26 15:00:00,24.5,75.0,0.0,18.7,357.0,0.9786823817430521,-18.67437229991053
2026-04-26 16:00:00,24.6,75.0,0.0,17.6,360.0,1.077689183249671e-15,-17.6
2026-04-26 17:00:00,24.6,76.0,0.0,17.7,4.0,-1.2346895852710227,-17.65688368959889
2026-04-26 18:00:00,24.5,75.0,0.0,16.3,13.0,-3.6667021858050037,-15.882232055999333
2026-04-26 19:00:00,23.8,81.0,0.0,16.2,30.0,-8.100000000000007,-14.0296115413079
2026-04-26 20:00:00,23.6,81.0,0.0,14.4,42.0,-9.635480731567558,-10.701285486874479
2026-04-26 21:00:00,23.5,81.0,0.0,10.3,55.0,-8.437266056176616,-5.907837294415776
2026-04-26 22:00:00,23.2,83.0,0.0,7.7,65.0,-6.978569960182205,-3.2541606154033844
2026-04-26 23:00:00,22.4,94.0,0.0,7.6,121.0,-6.514471485336053,3.914289369316413
2026-04-27 00:00:00,21.5,95.0,0.0,9.2,152.0,-4.319138377630196,8.123117854302127
2026-04-27 01:00:00,21.9,90.0,0.0,8.0,162.0,-2.4721359549995787,7.608452130361229
2026-04-27 02:00:00,22.0,87.0,0.0,9.2,169.0,-1.755442757464212,9.030970087718508
2026-04-27 03:00:00,21.9,88.0,0.0,9.0,165.0,-2.3293714059226875,8.693332436601615
2026-04-27 04:00:00,21.6,91.0,0.0,8.2,190.0,1.4239150568688292,8.075423574700105
2026-04-27 05:00:00,21.8,91.0,0.0,9.2,187.0,1.1211979593273569,9.131424595100162
2026-04-27 06:00:00,21.8,94.0,0.0,10.4,163.0,-3.040665729116461,9.94556946201557
2026-04-27 07:00:00,22.5,87.0,0.0,9.8,149.0,-5.047373134118533,8.400239546880702
2026-04-27 08:00:00,24.0,81.0,0.0,4.7,164.0,-1.2954955723398955,4.517929970910099
2026-04-27 09:00:00,24.7,77.0,0.0,2.0,207.0,0.9079809994790936,1.7820130483767356
2026-04-27 10:00:00,25.2,74.0,0.0,4.6,279.0,4.543366366737634,-0.7195985391850619
2026-04-27 11:00:00,25.5,73.0,0.0,8.9,298.0,7.858233576444451,-4.178296908794429
2026-04-27 12:00:00,25.4,74.0,0.0,12.0,311.0,9.056514962673264,-7.872708347886087
2026-04-27 13:00:00,25.2,72.0,0.0,11.4,322.0,7.018540818712505,-8.98332259111663
2026-04-27 14:00:00,25.8,65.0,0.0,11.7,322.0,7.203239261310202,-9.219725817198647
2026-04-27 15:00:00,25.5,67.0,0.0,12.8,338.0,4.794964395723674,-11.86795333845488
2026-04-27 16:00:00,25.2,67.0,0.0,13.4,348.0,2.786016656957977,-13.107177849832995
2026-04-27 17:00:00,25.0,70.0,0.0,13.2,3.0,-0.6908346224068648,-13.181909858760374
2026-04-27 18:00:00,24.8,73.0,0.0,10.8,28.0,-5.070292878087621,-9.535834002876411
2026-04-27 19:00:00,24.1,77.0,0.0,8.7,48.0,-6.46535998165333,-5.821436275322066
2026-04-27 20:00:00,24.2,80.0,0.0,7.3,52.0,-5.752478501329071,-4.4943287698773045
2026-04-27 21:00:00,23.9,83.0,0.0,6.5,56.0,-5.388744221607772,-3.6347538725598536
2026-04-27 22:00:00,23.9,84.0,0.0,6.3,53.0,-5.031403713297944,-3.7914346458579047
2026-04-27 23:00:00,23.6,87.0,0.0,6.4,72.0,-6.086761704288984,-1.9777087639996627
2026-04-28 00:00:00,22.9,94.0,0.0,8.0,98.0,-7.922144549932563,1.1133848076805226
2026-04-28 01:00:00,22.1,95.0,0.0,8.0,121.0,-6.857338405616898,4.120304599280435
2026-04-28 02:00:00,22.0,92.0,0.0,6.6,125.0,-5.406403492307346,3.785604479916903
2026-04-28 03:00:00,22.0,94.0,0.0,6.4,135.0,-4.525483399593904,4.525483399593905
2026-04-28 04:00:00,22.4,92.0,0.0,6.6,131.0,-4.981083229470295,4.329989591337347
2026-04-28 05:00:00,22.1,93.0,0.0,7.2,129.0,-5.5954509224901905,4.53110681555883
2026-04-28 06:00:00,21.6,95.0,0.0,7.0,125.0,-5.734064310022943,4.0150350544573215
2026-04-28 07:00:00,22.6,88.0,0.0,5.6,121.0,-4.800136883931828,2.884213219496304
2026-04-28 08:00:00,24.4,75.0,0.0,3.1,177.0,-0.16224146435312592,3.0957515577391788
2026-04-28 09:00:00,25.8,67.0,0.0,1.0,225.0,0.7071067811865476,0.7071067811865475
2026-04-28 10:00:00,26.5,63.0,0.0,5.9,317.0,4.023790324368742,-4.314986839553106
2026-04-28 11:00:00,26.4,64.0,0.0,10.2,330.0,5.1000000000000005,-8.833459118601272
2026-04-28 12:00:00,26.5,59.0,0.0,10.4,340.0,3.557009490586956,-9.772803256173447
2026-04-28 13:00:00,26.5,58.0,0.0,12.4,351.0,1.9397873664988636,-12.247335423379708
2026-04-28 14:00:00,26.4,63.0,0.0,14.2,359.0,0.24782417140942709,-14.197837271220756
2026-04-28 15:00:00,26.0,65.0,0.0,12.5,21.0,-4.479599369316259,-11.66975533121502
2026-04-28 16:00:00,26.2,62.0,0.0,10.5,25.0,-4.437491748277341,-9.516231763884825
2026-04-28 17:00:00,26.2,60.0,0.0,8.0,38.0,-4.925291802605265,-6.304086028853777
2026-04-28 18:00:00,25.9,62.0,0.0,5.3,35.0,-3.0399551126605457,-4.341505834731655
2026-04-28 19:00:00,25.3,70.0,0.0,7.0,26.0,-3.068598027523544,-6.291558324094168
2026-04-28 20:00:00,25.6,76.0,0.0,16.0,9.0,-2.5029514406436966,-15.803013449522203
2026-04-28 21:00:00,25.0,76.0,0.0,16.4,15.0,-4.244632339681338,-15.84118355114072
2026-04-28 22:00:00,24.6,77.0,0.0,14.2,36.0,-8.34655058255312,-11.488041320124251
2026-04-28 23:00:00,24.4,75.0,0.0,12.1,52.0,-9.534930118641336,-7.449503851440464
2026-04-29 00:00:00,24.2,75.0,0.0,9.7,56.0,-8.041664453783905,-5.424171163666243
2026-04-29 01:00:00,24.0,79.0,0.0,10.7,53.0,-8.545399957506033,-6.439420747726917
2026-04-29 02:00:00,24.0,80.0,0.0,12.7,47.0,-9.288192010563465,-8.661379172793728
2026-04-29 03:00:00,24.2,78.0,0.0,11.8,56.0,-9.782643356149494,-6.598476260954811
2026-04-29 04:00:00,24.1,80.0,0.0,10.9,52.0,-8.58931721431327,-6.710710081049674
2026-04-29 05:00:00,23.9,83.0,0.0,10.4,56.0,-8.621990754572435,-5.815606196095766
2026-04-29 06:00:00,24.0,86.0,0.0,12.8,35.0,-7.341778385293394,-10.485146166899092
2026-04-29 07:00:00,24.8,83.0,0.0,13.4,26.0,-5.874173366973642,-12.043840220408836
2026-04-29 08:00:00,25.4,79.0,0.0,15.3,15.0,-3.959931390068566,-14.778665142222746
2026-04-29 09:00:00,25.9,78.0,0.0,15.3,18.0,-4.7279600139366975,-14.55116469931585
2026-04-29 10:00:00,26.0,80.0,0.0,13.0,358.0,0.453693457132514,-12.992080751248245
2026-04-29 11:00:00,25.0,85.0,1.0,11.9,1.0,-0.20768363660367362,-11.898187572361056
2026-04-29 12:00:00,25.6,81.0,0.1,9.2,340.0,3.146585318596153,-8.645172111230355
2026-04-29 13:00:00,26.0,79.0,0.0,9.3,314.0,6.689860143149456,-6.460322845268675
2026-04-29 14:00:00,27.1,78.0,0.0,11.9,273.0,11.88369146357943,-0.6227978792910317
2026-04-29 15:00:00,26.1,83.0,0.0,18.0,286.0,17.30271052688974,-4.961472404705985
2026-04-29 16:00:00,25.5,87.0,0.0,14.9,343.0,4.356338400368778,-14.248940863849228
2026-04-29 17:00:00,25.4,88.0,0.0,15.4,11.0,-2.938458528798787,-15.117058625094026
2026-04-29 18:00:00,24.9,89.0,0.0,14.1,23.0,-5.509308911698761,-12.979118433679407
2026-04-29 19:00:00,23.0,83.0,4.8,16.4,9.0,-2.5655252266597888,-16.198088785760255
2026-04-29 20:00:00,23.5,87.0,0.5,9.7,2.0,-0.33852511801425733,-9.694091022085228
2026-04-29 21:00:00,23.8,86.0,1.3,7.1,24.0,-2.8878301658381806,-6.486172749262467
2026-04-29 22:00:00,23.8,88.0,0.2,14.2,22.0,-5.319413626505955,-13.16601073484838
2026-04-29 23:00:00,23.9,89.0,0.0,12.0,73.0,-11.475657071556425,-3.5084604566728412
2026-04-30 00:00:00,23.6,92.0,0.0,8.4,75.0,-8.113776940828174,-2.1740799788611747
2026-04-30 01:00:00,23.8,91.0,0.0,7.4,34.0,-4.138027485683525,-6.13487803690731
2026-04-30 02:00:00,24.0,91.0,0.0,13.2,4.0,-0.9207854534224577,-13.167845463429678
2026-04-30 03:00:00,23.9,89.0,0.1,26.9,17.0,-7.864798857041627,-25.724597935405647
2026-04-30 04:00:00,23.0,93.0,0.1,27.3,23.0,-10.666959807757175,-25.12978249925162
2026-04-30 05:00:00,22.5,91.0,0.1,22.9,30.0,-11.45000000000001,-19.831981746663637
2026-04-30 06:00:00,22.4,90.0,0.0,21.4,25.0,-9.044030801250962,-19.39498664258431
2026-04-30 07:00:00,22.4,88.0,0.0,24.7,26.0,-10.82776732569022,-22.20021294358942
2026-04-30 08:00:00,22.8,87.0,0.8,22.5,27.0,-10.214786244139805,-20.047646794238275
2026-04-30 09:00:00,22.9,87.0,2.8,25.2,17.0,-7.367766959012974,-24.09887985026849
2026-04-30 10:00:00,22.9,87.0,4.7,32.6,18.0,-10.073954016623292,-31.004442431222007
2026-04-30 11:00:00,22.9,87.0,2.4,33.9,20.0,-11.594482858740163,-31.855579844642293
2026-04-30 12:00:00,23.1,85.0,5.9,34.4,19.0,-11.199544513326188,-32.5258390006165
2026-04-30 13:00:00,23.1,85.0,3.9,34.3,19.0,-11.166987697880472,-32.431287143056565
2026-04-30 14:00:00,22.2,90.0,0.0,36.0,19.0,-11.720453560457639,-34.038668721575405
2026-04-30 15:00:00,22.1,88.0,0.1,36.0,19.0,-11.720453560457639,-34.038668721575405
2026-04-30 16:00:00,22.3,86.0,0.4,35.6,19.0,-11.590226298674777,-33.66046129133568
2026-04-30 17:00:00,22.5,83.0,0.1,33.4,20.0,-11.42347278707733,-31.38573353424934
2026-04-30 18:00:00,21.9,86.0,0.0,32.2,22.0,-12.062332307992376,-29.855320117050553
2026-04-30 19:00:00,21.8,85.0,0.0,29.6,25.0,-12.509500547524695,-26.826710496284843
2026-04-30 20:00:00,21.6,86.0,0.0,28.3,24.0,-11.510646999045143,-25.853336451285607
2026-04-30 21:00:00,21.8,85.0,0.0,28.1,25.0,-11.875573154913647,-25.467248815729867
2026-04-30 22:00:00,21.8,85.0,0.0,28.5,21.0,-10.213486562041071,-26.607042155170248
2026-04-30 23:00:00,21.5,87.0,0.0,26.8,23.0,-10.47159424351254,-24.6695300725254
2026-05-01 00:00:00,21.6,85.0,0.0,26.6,26.0,-11.660672504589469,-23.907921631557837
2026-05-01 01:00:00,21.7,84.0,0.0,27.6,28.0,-12.957415132890585,-24.369353562906387
2026-05-01 02:00:00,22.0,82.0,0.0,30.1,27.0,-13.665114042160363,-26.819296378069872
2026-05-01 03:00:00,22.0,82.0,0.0,29.7,28.0,-13.943305414740955,-26.22354350791013
2026-05-01 04:00:00,22.0,81.0,0.0,29.1,25.0,-12.298191416654346,-26.373556602766516
2026-05-01 05:00:00,21.8,83.0,0.0,27.5,25.0,-11.622002197869227,-24.923464143507875
2026-05-01 06:00:00,21.7,83.0,0.0,26.5,24.0,-10.778521041508702,-24.208954627528925
2026-05-01 07:00:00,21.9,82.0,0.0,27.4,26.0,-12.01136942202073,-24.62695686859717
2026-05-01 08:00:00,22.3,80.0,0.0,23.5,21.0,-8.421646814314567,-21.93914002268424
2026-05-01 09:00:00,22.9,78.0,0.0,24.4,16.0,-6.725551481934772,-23.454785380894982
2026-05-01 10:00:00,23.3,76.0,0.0,26.7,12.0,-5.551242144834186,-26.116540939592607
2026-05-01 11:00:00,23.5,75.0,0.0,28.1,9.0,-4.395808467630492,-27.75404237072337
2026-05-01 12:00:00,23.6,76.0,0.0,28.9,5.0,-2.518800965407323,-28.790026774851444
2026-05-01 13:00:00,23.8,77.0,0.0,29.2,7.0,-3.5585848274302974,-28.982347627926604
2026-05-01 14:00:00,23.5,79.0,0.0,28.3,1.0,-0.493903102175123,-28.295689772925872
2026-05-01 15:00:00,23.9,77.0,0.0,26.2,5.0,-2.2834804599886462,-26.100301090003732
2026-05-01 16:00:00,24.0,76.0,0.0,24.7,10.0,-4.289109988373179,-24.324751499401536
2026-05-01 17:00:00,24.0,77.0,0.0,21.3,14.0,-5.152936376272924,-20.667298969678725
2026-05-01 18:00:00,23.8,80.0,0.0,20.4,12.0,-4.2413984926823,-19.954211054969633
2026-05-01 19:00:00,23.8,81.0,0.0,17.0,20.0,-5.814342436536365,-15.974774553360444
2026-05-01 20:00:00,24.2,81.0,0.0,13.0,14.0,-3.144984642795681,-12.613844441587954
2026-05-01 21:00:00,24.5,80.0,0.0,11.7,13.0,-2.631927335823223,-11.40012975798725
2026-05-01 22:00:00,24.6,81.0,0.0,9.7,3.0,-0.5076587755565597,-9.686706487119366
2026-05-01 23:00:00,24.8,79.0,0.0,10.6,359.0,0.18499550823520614,-10.598385568657747
2026-05-02 00:00:00,24.7,80.0,0.0,10.0,354.0,1.0452846326765346,-9.945218953682733
2026-05-02 01:00:00,24.6,80.0,0.0,7.4,357.0,0.3872860761977854,-7.389858557183847
2026-05-02 02:00:00,24.7,77.0,0.0,3.7,349.0,0.7059932828932162,-3.632020578756357
2026-05-02 03:00:00,24.6,77.0,0.0,1.8,6.0,-0.18815123388177604,-1.7901394116628921
2026-05-02 04:00:00,24.1,82.0,0.0,3.9,47.0,-2.852279436314765,-2.6597936042437436
2026-05-02 05:00:00,23.8,86.0,0.0,4.0,58.0,-3.3921923846257043,-2.119677056932819
2026-05-02 06:00:00,23.9,88.0,0.0,5.0,35.0,-2.867882181755232,-4.095760221444958
2026-05-02 07:00:00,24.6,82.0,0.0,5.9,18.0,-1.8232002668121907,-5.611233446141406
2026-05-02 08:00:00,25.0,81.0,0.0,5.9,12.0,-1.226678975824783,-5.771070844329453
2026-05-02 09:00:00,25.5,78.0,0.0,7.6,12.0,-1.5801288502149744,-7.433921765576922
2026-05-02 10:00:00,25.7,77.0,0.0,7.9,21.0,-2.8311068014078757,-7.3752853693278935
2026-05-02 11:00:00,26.0,77.0,0.0,8.8,355.0,0.7669705361793917,-8.766513343207361
2026-05-02 12:00:00,25.7,77.0,0.0,13.5,335.0,5.705346533499442,-12.235155124994774
2026-05-02 13:00:00,25.6,77.0,0.0,14.0,327.0,7.624946490210379,-11.741387951235936
2026-05-02 14:00:00,25.6,76.0,0.0,13.6,329.0,7.004517818776736,-11.657475289548728
2026-05-02 15:00:00,25.4,78.0,0.0,11.4,341.0,3.711476960811587,-10.77891176183221
2026-05-02 16:00:00,25.2,79.0,0.0,10.7,355.0,0.932566447399942,-10.659283269581676
2026-05-02 17:00:00,25.1,79.0,0.0,8.1,3.0,-0.4239212455678489,-8.088899231512048
2026-05-02 18:00:00,25.0,79.0,0.0,4.6,13.0,-1.0347748499817802,-4.482102298012081
2026-05-02 19:00:00,25.0,79.0,0.0,2.2,24.0,-0.8948206147667603,-2.0098000068137223
2026-05-02 20:00:00,25.4,80.0,0.0,3.1,31.0,-1.596618032221169,-2.6572186321765474
2026-05-02 21:00:00,25.4,81.0,0.0,1.5,60.0,-1.299038105676658,-0.7500000000000002
2026-05-02 22:00:00,25.5,81.0,0.0,2.4,171.0,-0.37544271609655394,2.3704520174283306
2026-05-02 23:00:00,25.4,82.0,0.0,3.9,196.0,1.0749856876862967,3.7489206141594438
2026-05-03 00:00:00,25.2,82.0,0.0,6.4,169.0,-1.2211775704098868,6.28241397406505
2026-05-03 01:00:00,24.5,88.0,0.0,7.0,159.0,-2.5085756468171017,6.535062985480412
2026-05-03 02:00:00,24.1,89.0,0.0,4.8,169.0,-0.915883177807415,4.711810480548787
2026-05-03 03:00:00,23.8,91.0,0.0,7.8,154.0,-3.4192949449548045,7.0105935611335015
2026-05-03 04:00:00,23.8,90.0,0.0,9.0,151.0,-4.363286582217033,7.871577364254563
2026-05-03 05:00:00,23.9,90.0,0.0,9.4,154.0,-4.120688779817328,8.44866403521217
2026-05-03 06:00:00,24.1,89.0,0.0,9.8,166.0,-2.3708345768767445,9.508898117504765
2026-05-03 07:00:00,25.4,85.0,0.0,8.3,174.0,-0.8675862451215246,8.25453173155667
2026-05-03 08:00:00,26.8,83.0,0.0,9.0,211.0,4.635342674190487,7.714505706319011
2026-05-03 09:00:00,27.6,79.0,0.0,14.4,227.0,10.531493303316054,9.820776384899979
2026-05-03 10:00:00,28.2,75.0,0.0,17.0,221.0,11.153003492838623,12.830062863787123
2026-05-03 11:00:00,28.5,74.0,0.0,20.5,236.0,16.995270237378353,11.463454521150311
2026-05-03 12:00:00,28.3,77.0,0.0,24.9,252.0,23.68130725574932,7.69452315993619
2026-05-03 13:00:00,27.4,83.0,0.1,22.4,253.0,21.421226533571993,6.549126185789303
2026-05-03 14:00:00,27.2,85.0,0.0,20.0,263.0,19.85092303282644,2.4373868681029496
2026-05-03 15:00:00,26.8,88.0,0.0,9.0,254.0,8.65135526344487,2.4807362023529924
2026-05-03 16:00:00,27.0,85.0,0.0,1.4,157.0,-0.5470235798849833,1.2887067948334163
2026-05-03 17:00:00,27.0,85.0,0.0,2.6,74.0,-2.499280409439629,-0.7166571251241974
2026-05-03 18:00:00,26.5,88.0,0.0,4.3,358.0,0.15006783582075464,-4.2973805561821115
2026-05-03 19:00:00,26.2,89.0,0.0,6.5,56.0,-5.388744221607772,-3.6347538725598536
2026-05-03 20:00:00,26.2,94.0,0.0,4.2,12.0,-0.8732291014345911,-4.108219923081983
2026-05-03 21:00:00,26.0,95.0,0.0,5.5,52.0,-4.334059144836971,-3.38613811429112
2026-05-03 22:00:00,25.9,95.0,0.0,9.3,336.0,3.7826507806049423,-8.495972756076188
2026-05-03 23:00:00,25.6,96.0,0.0,12.1,335.0,5.1136809670624634,-10.966324223143465
2026-05-04 00:00:00,25.5,90.0,1.2,20.8,346.0,5.031975428473088,-20.182151106540726
2026-05-04 01:00:00,25.0,90.0,0.0,18.4,20.0,-6.293170637192301,-17.290344222460714
2026-05-04 02:00:00,24.8,91.0,0.0,15.2,35.0,-8.718361832535905,-12.45111107319267
2026-05-04 03:00:00,24.6,91.0,0.0,19.4,25.0,-8.198794277769563,-17.58237106851101
2026-05-04 04:00:00,24.1,91.0,0.0,27.0,18.0,-8.343458848123584,-25.678525939969145
2026-05-04 05:00:00,23.5,89.0,0.0,28.0,24.0,-11.388626006122403,-25.579272813992826
2026-05-04 06:00:00,22.9,86.0,0.0,28.9,25.0,-12.213667764306205,-26.192295045359185
2026-05-04 07:00:00,22.9,84.0,0.0,32.0,26.0,-14.027876697250488,-28.761409481573338
2026-05-04 08:00:00,23.5,80.0,0.0,38.1,19.0,-12.404146684817668,-36.02425773033397
2026-05-04 09:00:00,23.5,81.0,0.0,36.1,22.0,-13.523298022314433,-33.47133714986102
2026-05-04 10:00:00,23.6,80.0,0.0,35.7,16.0,-9.840253602666861,-34.31704254499799
2026-05-04 11:00:00,24.0,77.0,0.0,39.4,16.0,-10.860111819189756,-37.873710819969766
2026-05-04 12:00:00,24.1,71.0,0.0,41.1,17.0,-12.016477064104496,-39.304125470080756
2026-05-04 13:00:00,24.0,71.0,0.0,39.1,17.0,-11.431733654659022,-37.391515958154685
2026-05-04 14:00:00,24.3,71.0,0.0,33.3,16.0,-9.178723948706063,-32.01001447474602
2026-05-04 15:00:00,24.4,72.0,0.0,31.3,14.0,-7.572155332269602,-30.37025623243869
2026-05-04 16:00:00,24.3,75.0,0.0,29.1,12.0,-6.0502302027968105,-28.464095181353745
2026-05-04 17:00:00,24.0,77.0,0.0,37.0,11.0,-7.05993282893215,-36.320205787563566
2026-05-04 18:00:00,22.7,83.0,0.0,31.6,18.0,-9.764937022248343,-30.053385914926853
2026-05-04 19:00:00,22.2,86.0,0.1,18.5,31.0,-9.528204385836007,-15.857595062989073
2026-05-04 20:00:00,21.9,88.0,0.4,15.2,43.0,-10.366375072949978,-11.11657626461139
2026-05-04 21:00:00,21.8,89.0,0.1,12.5,30.0,-6.250000000000005,-10.82531754730548
2026-05-04 22:00:00,22.2,88.0,0.0,14.5,14.0,-3.507867486195183,-14.06928803100195
2026-05-04 23:00:00,22.7,86.0,0.0,18.5,15.0,-4.7881523343966315,-17.869627786347763
2026-05-05 00:00:00,22.8,85.0,0.0,16.0,24.0,-6.507786289212802,-14.616727322281616
2026-05-05 01:00:00,22.4,89.0,0.3,11.9,31.0,-6.128953091429649,-10.200290878355135
2026-05-05 02:00:00,22.5,89.0,0.1,7.1,36.0,-4.17327529127656,-5.744020660062126
2026-05-05 03:00:00,22.8,87.0,0.1,7.3,9.0,-1.1419715947936866,-7.210124886344505
2026-05-05 04:00:00,22.9,89.0,0.1,10.9,8.0,-1.5169868004647176,-10.793921949283115
2026-05-05 05:00:00,23.0,87.0,0.4,15.4,11.0,-2.938458528798787,-15.117058625094026
2026-05-05 06:00:00,22.9,86.0,0.1,18.0,12.0,-3.7424104347196763,-17.6066568132085
2026-05-05 07:00:00,22.8,85.0,0.1,17.7,20.0,-6.053756536864333,-16.63255938791058
2026-05-05 08:00:00,23.0,85.0,0.1,15.7,34.0,-8.77932858449072,-13.015889889114156
2026-05-05 09:00:00,23.0,85.0,1.3,12.0,28.0,-5.633658753430689,-10.595371114307124
2026-05-05 10:00:00,23.6,81.0,0.2,8.8,31.0,-4.53233505920848,-7.543072246178587
2026-05-05 11:00:00,23.8,81.0,0.0,11.7,357.0,0.6123306880424444,-11.683965556628513
2026-05-05 12:00:00,23.0,83.0,0.2,17.7,345.0,4.581097098314617,-17.09688712531651
2026-05-05 13:00:00,22.8,82.0,0.6,15.7,354.0,1.6410968733021591,-15.61399375728189
2026-05-05 14:00:00,22.7,84.0,0.8,13.8,351.0,2.158795617555187,-13.630099100212902
2026-05-05 15:00:00,22.8,84.0,3.2,13.7,3.0,-0.717002600528337,-13.681224626137661
2026-05-05 16:00:00,22.8,85.0,2.5,11.6,5.0,-1.0110066158728357,-11.555858497864248
2026-05-05 17:00:00,22.8,86.0,3.9,11.7,15.0,-3.0281828276994913,-11.301332167582098
2026-05-05 18:00:00,22.5,90.0,2.5,12.0,33.0,-6.535668420180324,-10.064046815345089
2026-05-05 19:00:00,22.5,88.0,1.6,10.3,33.0,-5.609782060654778,-8.638306849837868
2026-05-05 20:00:00,22.4,88.0,2.9,12.3,55.0,-10.0755701447546,-7.054990167117868
2026-05-05 21:00:00,22.2,87.0,0.1,10.8,52.0,-8.510516138952598,-6.6491439335171085
2026-05-05 22:00:00,22.2,87.0,0.6,10.9,9.0,-1.7051356689385184,-10.765802912487
2026-05-05 23:00:00,22.4,87.0,0.2,13.0,2.0,-0.4536934571325099,-12.992080751248245
2026-05-06 00:00:00,22.5,88.0,0.0,14.2,7.0,-1.7305446763530898,-14.094155353306773
2026-05-06 01:00:00,22.9,87.0,0.0,12.7,23.0,-4.962285331813777,-11.69041163884599
2026-05-06 02:00:00,22.6,90.0,0.2,14.9,37.0,-8.96704384496552,-11.899669099704663
2026-05-06 03:00:00,22.2,91.0,1.1,12.1,48.0,-8.99205238827647,-8.096480336942184
2026-05-06 04:00:00,22.0,91.0,1.0,9.7,80.0,-9.552635204218417,-1.6843873233692255
2026-05-06 05:00:00,22.0,92.0,0.0,10.1,55.0,-8.273435647318816,-5.793122007145566
2026-05-06 06:00:00,22.1,92.0,0.0,7.1,71.0,-6.713181886755148,-2.311533896645813
2026-05-06 07:00:00,22.9,88.0,0.0,7.1,36.0,-4.17327529127656,-5.744020660062126
2026-05-06 08:00:00,23.2,80.0,0.0,10.8,15.0,-2.795245687107223,-10.431998923921938
2026-05-06 09:00:00,23.4,79.0,0.0,13.1,19.0,-4.264942823388752,-12.38629334035105
2026-05-06 10:00:00,24.1,76.0,0.0,13.7,13.0,-3.0818294445109538,-13.34886988755772
2026-05-06 11:00:00,24.5,77.0,0.0,16.1,6.0,-1.6829082586092192,-16.011802515429203
2026-05-06 12:00:00,24.6,79.0,0.0,19.6,1.0,-0.34206716617075655,-19.59701482506527
2026-05-06 13:00:00,24.8,78.0,0.0,21.2,360.0,1.2981256070961944e-15,-21.2
2026-05-06 14:00:00,24.8,80.0,0.0,24.3,2.0,-0.8480577698707685,-24.285197096564026
2026-05-06 15:00:00,24.8,80.0,0.0,22.0,4.0,-1.5346424223707626,-21.946409105716132
2026-05-06 16:00:00,24.9,80.0,0.0,20.0,5.0,-1.743114854953165,-19.92389396183491
2026-05-06 17:00:00,25.0,79.0,0.0,18.6,12.0,-3.867157449210332,-18.193545373648785
2026-05-06 18:00:00,24.8,81.0,0.0,16.7,19.0,-5.436988179434516,-15.79016021250859
2026-05-06 19:00:00,24.3,84.0,0.0,14.5,21.0,-5.196335268406861,-13.536916184209424
2026-05-06 20:00:00,24.6,85.0,0.0,12.5,20.0,-4.275251791570857,-11.746157759823856
2026-05-06 21:00:00,24.5,85.0,0.0,10.2,18.0,-3.1519733426244647,-9.700776466210565
2026-05-06 22:00:00,24.4,88.0,0.0,8.7,24.0,-3.5386087947594604,-7.947845481490628
2026-05-06 23:00:00,24.2,91.0,0.0,6.4,36.0,-3.761825614671829,-5.1777087639996635
2026-05-07 00:00:00,23.9,92.0,0.0,5.4,53.0,-4.312631754255381,-3.2498011250210617
2026-05-07 01:00:00,23.3,98.0,0.0,5.7,79.0,-5.595274945651685,-1.087611273646305
2026-05-07 02:00:00,23.0,100.0,0.0,6.3,51.0,-4.896019557178916,-3.964718463613977
2026-05-07 03:00:00,23.1,100.0,0.0,4.6,72.0,-4.374859974957706,-1.4214781741247573
2026-05-07 04:00:00,23.0,100.0,0.0,5.8,85.0,-5.777929248932124,-0.5055033079364161
2026-05-07 05:00:00,22.8,100.0,0.0,6.2,83.0,-6.153786140176197,-0.7555899291119134
2026-05-07 06:00:00,23.0,100.0,0.0,5.2,61.0,-4.548022477124858,-2.5210100252809524
2026-05-07 07:00:00,24.4,88.0,0.0,5.8,26.0,-2.542552651376651,-5.213005468535167
2026-05-07 08:00:00,25.0,84.0,0.0,6.9,30.0,-3.4500000000000033,-5.975575286112625
2026-05-07 09:00:00,25.5,82.0,0.0,6.0,29.0,-2.908857721478021,-5.247718242836376
2026-05-07 10:00:00,25.8,81.0,0.0,9.4,359.0,0.16405262051046582,-9.398568334470077
2026-05-07 11:00:00,25.9,81.0,0.0,11.9,359.0,0.20768363660367484,-11.898187572361056
2026-05-07 12:00:00,25.5,85.0,0.0,14.6,351.0,2.2839431895873714,-14.420249772689012
2026-05-07 13:00:00,25.4,86.0,0.0,15.0,346.0,3.628828433995015,-14.554435894139948
2026-05-07 14:00:00,25.5,84.0,0.0,12.1,345.0,3.131710445740501,-11.687702498097726
2026-05-07 15:00:00,25.5,82.0,0.0,11.1,338.0,4.158133186916623,-10.29174078569134
2026-05-07 16:00:00,25.5,82.0,0.0,12.1,345.0,3.131710445740501,-11.687702498097726
2026-05-07 17:00:00,25.2,83.0,0.0,11.2,357.0,0.5861627099209724,-11.184650789251226
2026-05-07 18:00:00,25.1,84.0,0.0,9.3,10.0,-1.6149280523024523,-9.158712103013535
2026-05-07 19:00:00,24.9,85.0,0.0,7.2,39.0,-4.531106815558832,-5.595450922490188
2026-05-07 20:00:00,25.0,87.0,0.0,7.3,54.0,-5.905824058937117,-4.290832341735053
2026-05-07 21:00:00,24.6,89.0,0.0,6.5,84.0,-6.4643923198937765,-0.6794350112397477
2026-05-07 22:00:00,24.5,90.0,0.0,5.3,102.0,-5.18418228388917,1.1019319613341243
2026-05-07 23:00:00,24.3,92.0,0.0,5.6,115.0,-5.075323607405239,2.366662265747917
2026-05-08 00:00:00,24.2,92.0,0.0,5.0,125.0,-4.0957602214449595,2.86788218175523
2026-05-08 01:00:00,24.0,95.0,0.0,1.9,124.0,-1.575171387854579,1.0624665165944192
2026-05-08 02:00:00,24.1,98.0,0.0,3.7,325.0,2.122232814498871,-3.03086256386927
2026-05-08 03:00:00,24.2,99.0,0.0,2.3,23.0,-0.8986815955253298,-2.1171611629406124
2026-05-08 04:00:00,24.3,98.0,0.0,3.2,90.0,-3.2,3.9188697572715305e-16
2026-05-08 05:00:00,24.0,98.0,0.0,5.6,69.0,-5.22805038838433,-2.006860517453682
2026-05-08 06:00:00,23.9,97.0,0.0,7.7,65.0,-6.978569960182205,-3.2541606154033844
2026-05-08 07:00:00,25.0,86.0,0.0,9.2,40.0,-5.913646009116163,-7.047608876694596
2026-05-08 08:00:00,25.8,85.0,0.0,16.8,9.0,-2.6280990126758814,-16.593164121998313
2026-05-08 09:00:00,26.0,81.0,0.0,17.7,13.0,-3.981633661886415,-17.24635014669866
2026-05-08 10:00:00,26.0,82.0,0.0,17.9,12.0,-3.7216192656378997,-17.50884205313512
2026-05-08 11:00:00,26.0,83.0,0.0,18.7,8.0,-2.602536987953231,-18.518012885467364
2026-05-08 12:00:00,25.9,85.0,0.0,22.7,4.0,-1.5834719539916506,-22.644703940898008
2026-05-08 13:00:00,25.7,86.0,0.0,28.7,8.0,-3.994267997553889,-28.420693572883067
2026-05-08 14:00:00,25.6,84.0,0.0,25.5,5.0,-2.222471440065285,-25.40296480133951
2026-05-08 15:00:00,25.5,87.0,0.0,26.6,5.0,-2.3183427570877098,-26.498778969240433
2026-05-08 16:00:00,25.2,87.0,0.0,29.3,8.0,-4.077771858129929,-29.01485441412801
2026-05-08 17:00:00,25.0,88.0,0.0,32.1,9.0,-5.021546327791416,-31.70479573310392
2026-05-08 18:00:00,24.9,88.0,0.0,33.1,14.0,-8.007614744349004,-32.11678853973549
2026-05-08 19:00:00,24.7,87.0,0.0,33.7,16.0,-9.288978891032864,-32.39451915312135
2026-05-08 20:00:00,24.2,84.0,0.0,34.7,18.0,-10.722889704810681,-33.00166111544183
2026-05-08 21:00:00,23.8,86.0,0.0,33.1,19.0,-10.776305912531885,-31.29666485233739
2026-05-08 22:00:00,23.6,86.0,0.0,32.7,18.0,-10.104855716060786,-31.099548082851523
2026-05-08 23:00:00,23.5,86.0,0.0,33.4,20.0,-11.42347278707733,-31.38573353424934
2026-05-09 00:00:00,23.3,86.0,0.0,31.7,24.0,-12.893551585502863,-28.95939100727045
2026-05-09 01:00:00,23.1,87.0,0.0,28.6,25.0,-12.086882285783997,-25.920402709248194
2026-05-09 02:00:00,22.8,88.0,0.0,28.3,21.0,-10.14181297213201,-26.420326069870807
2026-05-09 03:00:00,22.9,88.0,0.0,29.8,22.0,-11.163276483794187,-27.630078866090262
2026-05-09 04:00:00,22.8,88.0,0.0,31.1,25.0,-13.143427940135744,-28.18617217683982
2026-05-09 05:00:00,22.6,87.0,0.0,28.3,29.0,-13.720112252971333,-24.751737712044907
2026-05-09 06:00:00,22.5,88.0,0.0,25.7,27.0,-11.667555843306355,-22.898867671641053
2026-05-09 07:00:00,22.7,86.0,0.0,28.3,25.0,-11.960096807261786,-25.648510373137196
2026-05-09 08:00:00,23.5,83.0,0.0,30.6,19.0,-9.962385526388994,-28.932868413339097
2026-05-09 09:00:00,23.6,82.0,0.0,32.8,17.0,-9.589791914905776,-31.366795995587555
2026-05-09 10:00:00,23.9,80.0,0.0,32.1,14.0,-7.765692848749336,-31.14649281345949
2026-05-09 11:00:00,24.1,79.0,0.0,32.3,12.0,-6.715547613413641,-31.594167503701918
2026-05-09 12:00:00,24.4,78.0,0.0,31.8,9.0,-4.974615988279347,-31.40848923092538
2026-05-09 13:00:00,24.5,79.0,0.0,36.6,9.0,-5.725501420472456,-36.14939326578204
2026-05-09 14:00:00,24.6,78.0,0.0,32.8,3.0,-1.716619364768573,-32.75504873995002
2026-05-09 15:00:00,24.5,80.0,0.0,34.7,6.0,-3.627137675387572,-34.50990976927909
2026-05-09 16:00:00,24.4,81.0,0.0,32.7,8.0,-4.5509604013941525,-32.38176584784935
2026-05-09 17:00:00,24.4,81.0,0.0,32.4,9.0,-5.068476667303485,-32.00110223528246
2026-05-09 18:00:00,24.4,83.0,0.0,30.5,16.0,-8.406939352418465,-29.31848172611873
2026-05-09 19:00:00,23.9,85.0,0.0,30.2,20.0,-10.32900832843519,-28.378717147734434
2026-05-09 20:00:00,23.5,85.0,0.0,27.5,14.0,-6.652852128990864,-26.683132472589904
2026-05-09 21:00:00,23.4,86.0,0.0,25.1,20.0,-8.584705597474281,-23.586284781726302
2026-05-09 22:00:00,23.1,87.0,0.0,20.7,16.0,-5.705693265411877,-19.898117105923202
2026-05-09 23:00:00,23.3,87.0,0.0,22.8,12.0,-4.740386550644923,-22.301765296730768
2026-05-10 00:00:00,23.4,87.0,0.0,23.5,16.0,-6.477477861699474,-22.589649854550498
2026-05-10 01:00:00,23.4,86.0,0.0,20.3,23.0,-7.931841908332259,-18.686248525084537
2026-05-10 02:00:00,23.2,86.0,0.0,15.7,30.0,-7.850000000000007,-13.596598839415682
2026-05-10 03:00:00,23.1,85.0,0.0,14.3,23.0,-5.587455137396616,-13.163219404369896
2026-05-10 04:00:00,23.5,84.0,0.0,17.1,17.0,-4.999556150758805,-16.352811326967906
2026-05-10 05:00:00,23.9,83.0,0.0,16.8,25.0,-7.099986797243746,-15.225970822215722
2026-05-10 06:00:00,23.8,83.0,0.0,13.4,37.0,-8.064321310237448,-10.701715834633724
2026-05-10 07:00:00,23.6,84.0,0.0,14.7,24.0,-5.979028653214261,-13.429118227346233
2026-05-10 08:00:00,24.4,82.0,0.0,17.2,16.0,-4.74096252005238,-16.533701170139086
2026-05-10 09:00:00,24.8,81.0,0.0,21.0,13.0,-4.723972141221171,-20.461771360489937
2026-05-10 10:00:00,25.2,79.0,0.0,20.7,10.0,-3.594517277705458,-20.385520487352704
2026-05-10 11:00:00,25.0,81.0,0.0,23.8,8.0,-3.312319802849567,-23.568380036049373
2026-05-10 12:00:00,24.5,85.0,0.0,29.7,360.0,1.8186004967338196e-15,-29.7
2026-05-10 13:00:00,25.0,84.0,0.0,31.3,1.0,-0.5462603214869735,-31.295232858395046
2026-05-10 14:00:00,24.3,85.0,0.0,31.2,2.0,-1.0888642971180238,-31.180993802995786
2026-05-10 15:00:00,24.4,85.0,0.0,29.0,7.0,-3.534210958749268,-28.78383839759834
2026-05-10 16:00:00,24.5,83.0,0.0,26.9,10.0,-4.671135979240425,-26.491328556028396
2026-05-10 17:00:00,24.7,84.0,0.0,26.8,13.0,-6.028688256415589,-26.113117736244302
2026-05-10 18:00:00,24.7,84.0,0.0,24.0,23.0,-9.377547083742572,-22.092116482858565
2026-05-10 19:00:00,24.5,86.0,0.0,18.8,26.0,-8.241377559634662,-16.897328070424336
2026-05-10 20:00:00,24.9,84.0,0.0,21.2,10.0,-3.681341366538923,-20.87792436385881
2026-05-10 21:00:00,25.0,84.0,0.0,18.5,21.0,-6.6298070665880635,-17.27123789019823
2026-05-10 22:00:00,24.8,86.0,0.0,15.0,29.0,-7.272144303695052,-13.11929560709094
2026-05-10 23:00:00,24.6,87.0,0.0,14.5,23.0,-5.665601363094471,-13.347320375060384
2026-05-11 00:00:00,24.7,87.0,0.0,16.4,23.0,-6.40799050722409,-15.096279596620018
2026-05-11 01:00:00,24.4,89.0,0.0,13.5,42.0,-9.033263185844584,-10.032455143944825
2026-05-11 02:00:00,24.0,90.0,0.0,10.2,51.0,-7.926888806861101,-6.419067988708343
2026-05-11 03:00:00,23.9,92.0,0.0,9.8,36.0,-5.760295472466238,-7.928366544874485
2026-05-11 04:00:00,24.1,91.0,0.0,12.6,26.0,-5.523476449542379,-11.324804983369502
2026-05-11 05:00:00,24.0,91.0,0.0,14.5,25.0,-6.127964795240138,-13.141462912031425
2026-05-11 06:00:00,24.1,91.0,0.0,16.3,18.0,-5.036977008311646,-15.502221215611003
2026-05-11 07:00:00,24.2,90.0,0.2,18.1,17.0,-5.291927855481542,-17.30911608293094
2026-05-11 08:00:00,24.6,90.0,0.1,16.3,21.0,-5.841397577588402,-15.217360951904388
2026-05-11 09:00:00,25.1,86.0,0.0,14.9,15.0,-3.8564037720275572,-14.392294811707119
2026-05-11 10:00:00,25.5,84.0,0.0,14.2,7.0,-1.7305446763530898,-14.094155353306773
2026-05-11 11:00:00,25.6,83.0,0.0,12.3,354.0,1.2857000981921376,-12.232619313029762
2026-05-11 12:00:00,25.2,86.0,0.0,17.5,343.0,5.116504832647894,-16.73533322935312
2026-05-11 13:00:00,25.1,85.0,0.0,16.7,344.0,4.6031438421438855,-16.053070322169926
2026-05-11 14:00:00,25.4,83.0,0.0,16.4,335.0,6.93093949254747,-14.863447707401058
2026-05-11 15:00:00,25.0,83.0,0.0,17.6,349.0,3.358238318627191,-17.276638428678886
2026-05-11 16:00:00,25.0,83.0,0.0,17.1,357.0,0.8949448517543419,-17.076565044303212
2026-05-11 17:00:00,24.8,85.0,0.0,15.1,9.0,-2.3621604221074888,-14.914093942986579
2026-05-11 18:00:00,24.6,86.0,0.0,12.4,14.0,-2.9998315054358806,-12.031667005822356
2026-05-11 19:00:00,24.5,87.0,0.0,11.0,15.0,-2.847009496127727,-10.62518408917975
2026-05-11 20:00:00,24.7,88.0,0.0,9.6,16.0,-2.6461186158431893,-9.228112281007862
2026-05-11 21:00:00,24.6,89.0,0.0,9.2,11.0,-1.7554427574642102,-9.030970087718508
2026-05-11 22:00:00,24.8,89.0,0.0,7.3,28.0,-3.4271424083370023,-6.445517427870167
2026-05-11 23:00:00,24.5,89.0,0.0,4.8,77.0,-4.676976310969129,-1.0797650608505518
2026-05-12 00:00:00,24.0,92.0,0.0,2.8,101.0,-2.748556113653459,0.5342651870543259
2026-05-12 01:00:00,24.0,94.0,0.0,2.0,80.0,-1.969615506024416,-0.34729635533386094
2026-05-12 02:00:00,24.3,94.0,0.0,8.4,350.0,1.4586446924022156,-8.272385125302547
2026-05-12 03:00:00,24.7,90.0,0.0,13.9,2.0,-0.4851030041647606,-13.891532495565432
2026-05-12 04:00:00,24.7,88.0,0.0,15.5,15.0,-4.01169519908907,-14.971850307480558
2026-05-12 05:00:00,24.5,90.0,0.0,12.6,27.0,-5.720280296718291,-11.226682204773434
2026-05-12 06:00:00,24.5,88.0,0.0,11.8,29.0,-5.720753518906775,-10.320512544244872
2026-05-12 07:00:00,25.0,86.0,0.0,12.0,32.0,-6.35903117079846,-10.176577153877112
2026-05-12 08:00:00,25.6,82.0,0.0,10.7,8.0,-1.4891521802727044,-10.595868335534801
2026-05-12 09:00:00,25.8,82.0,0.0,14.9,12.0,-3.097884193184621,-14.574399250933704
2026-05-12 10:00:00,25.9,81.0,0.0,13.9,10.0,-2.4137096695703315,-13.688827766869691
2026-05-12 11:00:00,26.0,80.0,0.0,14.8,3.0,-0.7745721523955758,-14.779717114367694
2026-05-12 12:00:00,26.1,81.0,0.0,16.1,356.0,1.1230792272804164,-16.060781209183173
2026-05-12 13:00:00,25.8,83.0,0.0,16.8,357.0,0.8792440648814587,-16.77697618387684
2026-05-12 14:00:00,26.1,79.0,0.0,13.9,349.0,2.652245035733974,-13.644617849922529
2026-05-12 15:00:00,25.9,80.0,0.0,14.9,345.0,3.856403772027559,-14.392294811707119
2026-05-12 16:00:00,25.6,82.0,0.0,17.3,352.0,2.4076946466091327,-17.131637589229168
2026-05-12 17:00:00,25.7,83.0,0.0,14.8,3.0,-0.7745721523955758,-14.779717114367694
2026-05-12 18:00:00,25.7,83.0,0.0,12.4,13.0,-2.789393073863929,-12.082188803336916
2026-05-12 19:00:00,25.6,83.0,0.0,8.9,19.0,-2.897556574668694,-8.41511532283392
2026-05-12 20:00:00,26.1,82.0,0.0,11.4,13.0,-2.564442019520064,-11.10781873855168
2026-05-12 21:00:00,25.9,84.0,0.0,10.3,16.0,-2.8390647649150886,-9.900995468164686
2026-05-12 22:00:00,25.9,85.0,0.0,11.6,8.0,-1.6144079711367636,-11.487109597402215
2026-05-12 23:00:00,25.9,85.0,0.0,12.1,6.0,-1.2647944055386056,-12.033714933956107
2026-05-13 00:00:00,25.7,86.0,0.0,11.3,7.0,-1.3771235804781632,-11.21577151354694
2026-05-13 01:00:00,25.8,85.0,0.0,7.9,12.0,-1.6425023574603024,-7.727366045797065
2026-05-13 02:00:00,25.5,85.0,0.0,5.1,42.0,-3.4125660924301764,-3.7900386099347108
2026-05-13 03:00:00,24.9,91.0,0.0,5.1,96.0,-5.072061666378193,0.533095162665034
2026-05-13 04:00:00,24.2,98.0,0.0,4.6,121.0,-3.942969583229716,2.36917514458625
2026-05-13 05:00:00,24.0,96.0,0.0,4.8,146.0,-2.684125936659584,3.9793803482642
2026-05-13 06:00:00,24.0,95.0,0.0,4.1,131.0,-3.094309278913365,2.6898420188610794
2026-05-13 07:00:00,25.1,86.0,0.0,3.0,128.0,-2.364032260820166,1.8469844259769752
2026-05-13 08:00:00,26.0,78.0,0.0,4.1,157.0,-1.6019976268060223,3.7740698991550046
2026-05-13 09:00:00,27.0,72.0,0.0,2.9,173.0,-0.35342109587492737,2.878383839759834
2026-05-13 10:00:00,27.6,69.0,0.0,3.1,249.0,2.8940993221413254,1.1109406435904308
2026-05-13 11:00:00,27.1,76.0,0.0,8.9,315.0,6.293250352560274,-6.293250352560273
2026-05-13 12:00:00,26.5,82.0,0.1,12.3,320.0,7.906287599144434,-9.42234665036343
2026-05-13 13:00:00,26.6,79.0,0.0,11.2,318.0,7.494262791219212,-8.323222045346816
2026-05-13 14:00:00,26.5,76.0,0.0,9.7,344.0,2.6736823514248917,-9.324238450601692
2026-05-13 15:00:00,26.2,80.0,0.0,14.7,353.0,1.791479348055668,-14.590428429127433
2026-05-13 16:00:00,25.9,83.0,0.0,17.2,15.0,-4.451687575763355,-16.613924212171973
2026-05-13 17:00:00,25.5,83.0,0.0,19.7,28.0,-9.248589786882047,-17.39406757932086
2026-05-13 18:00:00,25.6,81.0,0.0,14.1,47.0,-10.312087192830305,-9.616176876881227
2026-05-13 19:00:00,25.5,81.0,0.0,10.6,60.0,-9.17986928011505,-5.300000000000001
2026-05-13 20:00:00,25.9,83.0,0.0,8.1,6.0,-0.8466805524679922,-8.055627352483015
2026-05-13 21:00:00,25.9,85.0,0.0,8.6,12.0,-1.788040541032734,-8.412069366310728
2026-05-13 22:00:00,25.6,87.0,0.0,7.7,33.0,-4.193720569615707,-6.457763373179765
2026-05-13 23:00:00,25.3,90.0,0.0,7.6,62.0,-6.710401705727844,-3.5679838771727703
2026-05-14 00:00:00,24.9,92.0,0.0,5.8,92.0,-5.796466796710755,0.20241708087450663
2026-05-14 01:00:00,24.9,92.0,0.0,2.8,153.0,-1.2711733992707306,2.49481826772743
2026-05-14 02:00:00,25.1,92.0,0.0,1.3,262.0,1.2873484893640414,0.18092503124808507
2026-05-14 03:00:00,25.0,93.0,0.0,2.8,191.0,0.5342651870543257,2.748556113653459
2026-05-14 04:00:00,24.6,95.0,0.0,4.7,173.0,-0.5727859140041927,4.664966912714214
2026-05-14 05:00:00,24.5,96.0,0.0,5.4,138.0,-3.6133052743378347,4.012982057577929
2026-05-14 06:00:00,24.3,95.0,0.0,8.1,143.0,-4.874701687531592,6.468947631383071
2026-05-14 07:00:00,24.8,89.0,0.0,6.0,143.0,-3.61089013891229,4.791813060283756
2026-05-14 08:00:00,24.7,85.0,0.0,8.5,358.0,0.29664572197125916,-8.494822029662314
2026-05-14 09:00:00,24.6,87.0,0.3,7.2,55.0,-5.897894718880741,-4.129750341727532
2026-05-14 10:00:00,25.5,82.0,0.0,6.8,78.0,-6.651403684989877,-1.4137994975607646
2026-05-14 11:00:00,26.1,80.0,0.0,5.3,24.0,-2.1557042083017404,-4.841790925505785
2026-05-14 12:00:00,26.2,81.0,0.3,6.6,26.0,-2.8932495688079127,-5.932040705574501
2026-05-14 13:00:00,24.5,88.0,1.7000000000000002,5.4,360.0,3.3065463576978537e-16,-5.4
2026-05-14 14:00:00,25.2,84.0,3.1,14.1,353.0,1.7183577420125795,-13.99490073814264
2026-05-14 15:00:00,25.0,88.0,9.2,12.9,127.0,-10.302398079610079,7.763413798661421
2026-05-14 16:00:00,25.1,89.0,3.1,13.2,128.0,-10.401741947608729,8.12673147429869
2026-05-14 17:00:00,25.2,90.0,2.3,10.8,126.0,-8.737383539249432,6.348080724758711
2026-05-14 18:00:00,25.3,88.0,2.4,7.5,159.0,-2.687759621589752,7.001853198729013
2026-05-14 19:00:00,25.1,90.0,0.6,7.6,162.0,-2.3485291572495997,7.228029523843167
2026-05-14 20:00:00,25.6,87.0,0.0,9.6,37.0,-5.777424222259663,-7.666900896454011
2026-05-14 21:00:00,25.0,93.0,0.0,13.0,64.0,-11.68432260188917,-5.698824908258007
2026-05-14 22:00:00,24.6,94.0,0.0,9.2,74.0,-8.843607602632533,-2.5358636735163906
2026-05-14 23:00:00,24.5,94.0,0.0,6.2,82.0,-6.139662026197736,-0.8628732259524062
2026-05-15 00:00:00,24.9,93.0,0.0,4.3,28.0,-2.01872771997933,-3.796674649293386
2026-05-15 01:00:00,25.2,91.0,0.0,7.8,5.0,-0.6798147934317343,-7.770318645115615
2026-05-15 02:00:00,25.6,88.0,0.0,15.5,15.0,-4.01169519908907,-14.971850307480558
2026-05-15 03:00:00,25.0,90.0,0.1,15.5,32.0,-8.213748595614678,-13.144745490424603
2026-05-15 04:00:00,24.4,92.0,0.4,13.3,50.0,-10.188391093482409,-8.549075208830972
2026-05-15 05:00:00,24.5,91.0,0.0,12.4,47.0,-9.068785900077716,-8.456779664774979
2026-05-15 06:00:00,24.8,87.0,0.0,14.3,44.0,-9.93361469756366,-10.286559144842712
2026-05-15 07:00:00,25.2,79.0,0.0,13.7,46.0,-9.85495526463952,-9.516819675288263
2026-05-15 08:00:00,25.9,83.0,0.0,17.0,17.0,-4.970318980286531,-16.2571808513716
2026-05-15 09:00:00,26.2,82.0,0.0,18.4,16.0,-5.0717273470327795,-17.68721520526507
2026-05-15 10:00:00,26.5,80.0,0.0,18.8,14.0,-4.548131637273754,-18.241559653988734
2026-05-15 11:00:00,26.5,83.0,0.0,21.6,4.0,-1.5067398328731125,-21.547383485612205
2026-05-15 12:00:00,26.2,85.0,0.0,25.1,7.0,-3.058920519469194,-24.912908406197186
2026-05-15 13:00:00,26.1,86.0,0.0,24.1,6.0,-2.519135964750446,-23.96797767837539
2026-05-15 14:00:00,26.0,88.0,0.0,23.5,354.0,2.4564188867898564,-23.37126454115442
2026-05-15 15:00:00,25.9,90.0,0.0,22.7,359.0,0.39616962612633766,-22.69654268005008
2026-05-15 16:00:00,25.8,89.0,0.0,20.6,4.0,-1.4369833591289871,-20.54981943535238
2026-05-15 17:00:00,25.9,88.0,0.0,19.6,359.0,0.34206716617075855,-19.59701482506527
2026-05-15 18:00:00,26.3,86.0,0.0,12.9,7.0,-1.5721145299263986,-12.803845356173055
2026-05-15 19:00:00,26.2,87.0,0.0,7.1,24.0,-2.8878301658381806,-6.486172749262467
2026-05-15 20:00:00,26.6,85.0,0.0,10.3,354.0,1.0766431716568308,-10.243575522293215
2026-05-15 21:00:00,26.7,84.0,0.0,8.7,346.0,2.1047204917171087,-8.441572818601168
2026-05-15 22:00:00,26.8,81.0,0.0,7.1,339.0,2.5444124417716325,-6.628421028130132
2026-05-15 23:00:00,26.6,80.0,0.0,7.7,332.0,3.61493103345136,-6.798696465013737
2026-05-16 00:00:00,26.6,80.0,0.0,6.7,329.0,3.450755101897363,-5.743020914704153
2026-05-16 01:00:00,26.4,81.0,0.0,2.1,70.0,-1.9733545036504079,-0.7182423009839042
2026-05-16 02:00:00,25.5,92.0,0.0,5.6,84.0,-5.56932261406233,-0.5853593942988595
2026-05-16 03:00:00,24.6,99.0,0.0,6.8,122.0,-5.766727053863696,3.603450996785793
2026-05-16 04:00:00,24.4,99.0,0.0,6.1,137.0,-4.16018999638124,4.46125757987694
2026-05-16 05:00:00,24.3,98.0,0.0,4.6,121.0,-3.942969583229716,2.36917514458625
2026-05-16 06:00:00,24.2,100.0,0.0,4.9,114.0,-4.476372742448744,1.9930095510714223
2026-05-16 07:00:00,25.5,89.0,0.0,5.1,108.0,-4.850388233105282,1.5759866713122321
2026-05-16 08:00:00,27.0,77.0,0.0,2.5,98.0,-2.475670171853926,0.3479327524001633
2026-05-16 09:00:00,27.8,72.0,0.0,2.2,355.0,0.19174263404484793,-2.1916283358018402
2026-05-16 10:00:00,27.5,74.0,0.0,8.4,313.0,6.143371093601032,-5.728786224524987
2026-05-16 11:00:00,27.0,80.0,0.0,11.7,319.0,7.6758906391889345,-8.830102088606433
2026-05-16 12:00:00,27.2,79.0,0.0,9.1,322.0,5.60251942546349,-7.17089785782117
2026-05-16 13:00:00,27.1,79.0,0.0,12.2,324.0,7.170980077968172,-9.870007331374358
2026-05-16 14:00:00,27.7,76.0,0.0,14.3,354.0,1.4947570247274444,-14.221663103766309
2026-05-16 15:00:00,27.5,75.0,0.0,8.3,359.0,0.1448549734294539,-8.298735869798048
2026-05-16 16:00:00,27.9,72.0,0.0,2.8,72.0,-2.66295824562643,-0.8652475842498524
2026-05-16 17:00:00,27.8,72.0,0.0,9.7,158.0,-3.633683956134347,8.993683389297837
2026-05-16 18:00:00,26.8,81.0,0.0,15.5,165.0,-4.011695199089073,14.971850307480558
2026-05-16 19:00:00,25.9,86.0,0.0,13.5,176.0,-0.941712395545692,13.467114678507627
2026-05-16 20:00:00,26.5,83.0,0.0,7.7,181.0,0.13438352956708371,7.698827252704213
2026-05-16 21:00:00,26.0,86.0,0.0,8.5,167.0,-1.9120839619228527,8.2821455506745
2026-05-16 22:00:00,26.0,86.0,0.0,6.0,159.0,-2.1502076972718016,5.601482558983211
2026-05-16 23:00:00,25.9,88.0,0.0,7.1,144.0,-4.173275291276559,5.744020660062127
2026-05-17 00:00:00,25.5,89.0,0.0,9.2,125.0,-7.536198807458725,5.276903214429622
2026-05-17 01:00:00,25.1,90.0,0.0,8.7,124.0,-7.212626881228862,4.864978260195498
2026-05-17 02:00:00,24.9,90.0,0.0,9.2,140.0,-5.913646009116162,7.047608876694597
2026-05-17 03:00:00,24.6,91.0,0.0,10.3,144.0,-6.054188098612473,8.332875042061959
2026-05-17 04:00:00,24.5,91.0,0.0,9.7,146.0,-5.424171163666243,8.041664453783904
2026-05-17 05:00:00,24.4,91.0,0.0,9.4,140.0,-6.04220353105347,7.200817765318393
2026-05-17 06:00:00,24.5,90.0,0.0,9.1,128.0,-7.170897857821169,5.602519425463491
2026-05-17 07:00:00,25.5,83.0,0.0,8.0,128.0,-6.304086028853775,4.925291802605267
2026-05-17 08:00:00,27.0,74.0,0.0,7.8,97.0,-7.741859982802311,0.9505808785601508
2026-05-17 09:00:00,27.6,70.0,0.0,5.8,94.0,-5.78587149150698,0.40458754771592803
2026-05-17 10:00:00,27.9,68.0,0.0,3.8,5.0,-0.33119182244110135,-3.785539852748633
2026-05-17 11:00:00,27.5,70.0,0.0,8.8,351.0,1.3766232923540322,-8.691657397237213
2026-05-17 12:00:00,27.2,74.0,0.0,13.5,344.0,3.7211043035294886,-12.977032895167305
2026-05-17 13:00:00,27.3,75.0,0.0,14.9,330.0,7.450000000000002,-12.903778516388135
2026-05-17 14:00:00,26.8,80.0,0.0,18.4,337.0,7.189452764202636,-16.937289303524903
2026-05-17 15:00:00,26.9,77.0,0.0,13.1,339.0,4.694620139043435,-12.229903587113343
2026-05-17 16:00:00,26.8,75.0,0.0,8.0,355.0,0.6972459419812651,-7.969557584733964
2026-05-17 17:00:00,26.8,73.0,0.0,1.7000000000000002,328.0,0.9008627491964484,-1.4416817634659242
2026-05-17 18:00:00,26.9,72.0,0.0,2.7,242.0,2.383958500719103,1.2675732195219052
2026-05-17 19:00:00,26.8,74.0,0.0,5.2,164.0,-1.433314250248395,4.998560818879258
2026-05-17 20:00:00,26.6,77.0,0.0,10.4,172.0,-1.4474002499846796,10.298787914912332
2026-05-17 21:00:00,25.6,84.0,0.0,13.7,159.0,-4.909640908770613,12.790051843011664
2026-05-17 22:00:00,25.2,87.0,0.0,12.3,162.0,-3.8009090308118525,11.69799515043039
2026-05-17 23:00:00,25.2,87.0,0.0,11.1,166.0,-2.6853330411563126,10.77028256166356
2026-05-18 00:00:00,25.3,86.0,0.0,12.1,174.0,-1.264794405538608,12.033714933956107
2026-05-18 01:00:00,25.1,86.0,0.0,12.3,184.0,0.8580046270527404,12.270037818195838
2026-05-18 02:00:00,25.2,87.0,0.0,13.8,186.0,1.4424927930936178,13.724402156082173
2026-05-18 03:00:00,25.3,83.0,0.0,15.5,179.0,-0.27051229977789387,15.497639274924065
2026-05-18 04:00:00,24.9,86.0,0.0,15.7,163.0,-4.590235764146965,15.013984668619658
2026-05-18 05:00:00,24.5,87.0,0.0,14.7,158.0,-5.506716923213907,13.629602662131774
2026-05-18 06:00:00,24.5,88.0,0.0,13.7,158.0,-5.132110329797995,12.702418807564987
2026-05-18 07:00:00,25.2,85.0,0.0,13.7,162.0,-4.233532822936779,13.029474273243604
2026-05-18 08:00:00,26.6,78.0,0.0,9.9,165.0,-2.5623085465149567,9.562665680261777
2026-05-18 09:00:00,27.5,73.0,0.0,7.9,192.0,1.6425023574602997,7.727366045797065
2026-05-18 10:00:00,28.0,70.0,0.0,7.3,230.0,5.5921244347685395,4.692349550711737
2026-05-18 11:00:00,28.0,71.0,0.0,12.5,258.0,12.226845009172571,2.5988961352219917
2026-05-18 12:00:00,27.4,72.0,0.0,16.1,266.0,16.060781209183173,1.1230792272804175
2026-05-18 13:00:00,27.4,72.0,0.0,14.8,260.0,14.57515474458068,2.569993029470569
2026-05-18 14:00:00,27.1,71.0,0.0,14.2,262.0,14.061806576130298,1.9762580336329292
2026-05-18 15:00:00,27.0,69.0,0.0,10.8,281.0,10.601573581234772,-2.060737150066684
2026-05-18 16:00:00,26.9,70.0,0.0,8.3,312.0,6.168102051462372,-5.553784032778524
2026-05-18 17:00:00,27.0,70.0,0.0,5.6,345.0,1.4493866525741161,-5.4091846272187825
2026-05-18 18:00:00,26.9,71.0,0.0,6.0,27.0,-2.7239429984372814,-5.346039145130207
2026-05-18 19:00:00,26.5,76.0,0.0,8.0,52.0,-6.304086028853776,-4.9252918026052654
2026-05-18 20:00:00,26.6,78.0,0.0,10.2,48.0,-7.580077219869421,-6.825132184860354
2026-05-18 21:00:00,26.1,81.0,0.0,7.9,57.0,-6.62549748676885,-4.3026483766187145
2026-05-18 22:00:00,25.6,86.0,0.0,5.1,84.0,-5.072061666378193,-0.5330951626650328
2026-05-18 23:00:00,25.2,90.0,0.0,5.8,129.0,-4.507446576450431,3.6500582680890568
2026-05-19 00:00:00,24.9,92.0,0.0,5.4,143.0,-3.2498011250210617,4.312631754255381
2026-05-19 01:00:00,24.8,87.0,0.0,6.0,153.0,-2.72394299843728,5.346039145130208
2026-05-19 02:00:00,24.7,87.0,0.0,5.0,134.0,-3.596699001693256,3.473291852294986
2026-05-19 03:00:00,24.4,88.0,0.0,7.0,154.0,-3.0685980275235427,6.291558324094169
2026-05-19 04:00:00,24.4,88.0,0.0,8.0,166.0,-1.9353751647973423,7.762365810207972
2026-05-19 05:00:00,24.4,88.0,0.0,9.8,162.0,-3.0283665448744843,9.320353859692506
2026-05-19 06:00:00,24.5,86.0,0.0,11.4,164.0,-3.1422658563137893,10.958383333696835
2026-05-19 07:00:00,25.4,82.0,0.0,10.4,170.0,-1.8059410477360751,10.242000631326963
2026-05-19 08:00:00,26.9,75.0,0.0,10.0,200.0,3.4202014332566884,9.396926207859083
2026-05-19 09:00:00,27.5,70.0,0.0,10.2,216.0,5.995409573383226,8.251973342624463
2026-05-19 10:00:00,27.5,72.0,0.0,13.4,244.0,12.043840220408839,5.874173366973637
2026-05-19 11:00:00,26.8,77.0,0.3,14.8,260.0,14.57515474458068,2.569993029470569
2026-05-19 12:00:00,26.8,77.0,0.1,13.7,272.0,13.691654330161612,-0.47812310482426323
2026-05-19 13:00:00,27.0,76.0,0.0,14.3,281.0,14.037268723301596,-2.7285686338845907
2026-05-19 14:00:00,26.6,75.0,0.0,12.3,280.0,12.113135362050159,-2.135872585303243
2026-05-19 15:00:00,26.7,75.0,0.0,9.5,270.0,9.5,0.0
2026-05-19 16:00:00,26.7,75.0,0.0,9.7,268.0,9.694091022085228,0.3385251180142594
2026-05-19 17:00:00,26.7,75.0,0.0,8.9,263.0,8.833660749607766,1.0846371563058126
2026-05-19 18:00:00,26.6,74.0,0.0,8.3,246.0,7.582427298433588,3.375914137529142
2026-05-19 19:00:00,26.4,75.0,0.0,6.3,233.0,5.031403713297944,3.791434645857904
2026-05-19 20:00:00,26.7,75.0,0.0,2.9,240.0,2.511473670974872,1.4499999999999997
2026-05-19 21:00:00,26.5,76.0,0.0,4.9,182.0,0.1710075338422553,4.897015052393569
2026-05-19 22:00:00,26.1,78.0,0.0,6.8,182.0,0.23731657757700733,6.795857623729851
2026-05-19 23:00:00,25.6,84.0,0.0,7.7,192.0,1.6009200192967479,7.531736525650303
2026-05-20 00:00:00,25.3,86.0,0.0,9.3,193.0,2.092044805397944,9.06164160250269
2026-05-20 01:00:00,24.9,87.0,0.0,9.8,175.0,-0.8541262789270507,9.762708041299106
2026-05-20 02:00:00,24.7,87.0,0.0,9.6,163.0,-2.806768365338272,9.180525657245141
2026-05-20 03:00:00,24.5,84.0,0.0,9.9,161.0,-3.2231247291258507,9.360633898433237
2026-05-20 04:00:00,24.5,85.0,0.0,10.1,168.0,-2.0999080772593692,9.879290767411437
2026-05-20 05:00:00,24.4,86.0,0.0,10.7,172.0,-1.4891521802726992,10.595868335534803
2026-05-20 06:00:00,24.5,84.0,0.0,9.8,174.0,-1.024378940023005,9.746314574609078
2026-05-20 07:00:00,25.6,79.0,0.0,10.3,180.0,6.30693101560887e-16,10.3
2026-05-20 08:00:00,27.0,74.0,0.0,9.7,177.0,-0.5076587755565553,9.686706487119366
2026-05-20 09:00:00,28.0,71.0,0.0,10.8,175.0,-0.941282021674709,10.758902739390853
2026-05-20 10:00:00,28.5,71.0,0.0,11.4,198.0,3.522793735874401,10.84204428576475
2026-05-20 11:00:00,28.7,71.0,0.0,17.8,236.0,14.756868791479741,9.953633681779296
2026-05-20 12:00:00,28.6,72.0,0.0,21.0,235.0,17.20219293006883,12.045105163371968
2026-05-20 13:00:00,28.6,72.0,0.0,21.4,236.0,17.74140405267789,11.966728134273984
2026-05-20 14:00:00,28.5,73.0,0.0,22.8,237.0,19.12168894915567,12.417769998342617
2026-05-20 15:00:00,28.5,72.0,0.0,21.9,236.0,18.155922838955412,12.246324586009356
2026-05-20 16:00:00,28.5,71.0,0.0,21.7,227.0,15.870375325136,14.799364413356216
2026-05-20 17:00:00,28.5,73.0,0.0,19.1,223.0,13.026168677193722,13.968855700926158
2026-05-20 18:00:00,28.2,74.0,0.0,14.8,220.0,9.513256623360784,11.337457758160875
2026-05-20 19:00:00,28.0,75.0,0.0,12.1,215.0,6.940274879847658,9.9117397358968
2026-05-20 20:00:00,27.8,80.0,0.0,6.9,211.0,3.553762716879374,5.914454374844575
2026-05-20 21:00:00,27.5,80.0,0.0,8.4,200.0,2.872969203935618,7.893418014601631
2026-05-20 22:00:00,27.2,81.0,0.0,10.6,210.0,5.300000000000001,9.17986928011505
2026-05-20 23:00:00,27.0,82.0,0.0,10.3,192.0,2.1414904154229224,10.074920287558198
2026-05-21 00:00:00,26.6,83.0,0.0,9.2,177.0,-0.48149079743508333,9.18739171974208
2026-05-21 01:00:00,26.1,85.0,0.0,9.0,164.0,-2.4807362023529915,8.65135526344487
2026-05-21 02:00:00,26.2,85.0,0.0,7.8,167.0,-1.7546182238821473,7.6000865053248345
2026-05-21 03:00:00,26.0,86.0,0.0,9.8,160.0,-3.3517974045915535,9.208987683701903
2026-05-21 04:00:00,25.8,86.0,0.0,10.4,162.0,-3.2137767414994522,9.890987769469598
2026-05-21 05:00:00,25.8,85.0,0.0,10.9,160.0,-3.728019562249789,10.242649566566403
2026-05-21 06:00:00,26.0,84.0,0.0,10.4,160.0,-3.557009490586955,9.772803256173448
2026-05-21 07:00:00,26.7,80.0,0.0,9.7,158.0,-3.633683956134347,8.993683389297837
2026-05-21 08:00:00,28.1,77.0,0.0,7.6,185.0,0.6623836448822018,7.571079705497266
2026-05-21 09:00:00,28.6,75.0,0.0,8.1,201.0,2.902780391316933,7.5620014546273335
2026-05-21 10:00:00,28.9,75.0,0.0,7.5,233.0,5.989766325354696,4.513612673640362
2026-05-21 11:00:00,28.8,78.0,0.0,12.0,258.0,11.737771208805668,2.494940289813112
2026-05-21 12:00:00,28.8,78.0,0.0,16.3,254.0,15.668565643794599,4.492888899817086
2026-05-21 13:00:00,28.5,79.0,0.0,18.1,253.0,17.30911608293094,5.291927855481536
2026-05-21 14:00:00,28.5,81.0,0.0,17.6,262.0,17.42871800985164,2.449446576897152
2026-05-21 15:00:00,28.0,86.0,0.0,17.3,270.0,17.3,0.0
2026-05-21 16:00:00,27.6,87.0,0.0,11.5,272.0,11.492994510719601,-0.40134421207876114
2026-05-21 17:00:00,27.4,87.0,0.0,8.2,285.0,7.92059177557036,-2.12231616984067
2026-05-21 18:00:00,27.2,87.0,0.0,3.9,307.0,3.114678489184442,-2.347078590292988
2026-05-21 19:00:00,27.1,87.0,0.0,3.0,346.0,0.725765686799003,-2.9108871788279895
2026-05-21 20:00:00,27.8,84.0,0.0,3.6,41.0,-2.3618125043658265,-2.716954488801979
2026-05-21 21:00:00,27.8,83.0,0.0,3.2,71.0,-3.0256594419178136,-1.0418180942629016
2026-05-21 22:00:00,27.6,84.0,0.0,3.6,342.0,1.112461179749811,-3.4238034586625528
2026-05-21 23:00:00,27.6,85.0,0.0,3.2,357.0,0.1674750599774207,-3.1956145112146364
2026-05-22 00:00:00,27.0,86.0,0.0,2.2,9.0,-0.3441558230885083,-2.172914349309303
2026-05-22 01:00:00,27.0,88.0,0.0,1.3,326.0,0.7269507745119709,-1.0777488443215544
2026-05-22 02:00:00,27.0,88.0,0.0,1.1,288.0,1.0461621679246689,-0.33991869381244216
2026-05-22 03:00:00,27.1,87.0,0.4,1.0,225.0,0.7071067811865476,0.7071067811865475
2026-05-22 04:00:00,27.4,86.0,0.4,2.2,180.0,1.3471114790620887e-16,2.2
2026-05-22 05:00:00,27.8,84.0,0.4,4.0,170.0,-0.6945927106677212,3.939231012048832
2026-05-22 06:00:00,28.2,82.0,0.4,5.6,165.0,-1.4493866525741166,5.4091846272187825
2026-05-22 07:00:00,28.6,80.0,0.4,6.7,164.0,-1.8467702839738938,6.440453362786736
2026-05-22 08:00:00,29.0,78.0,0.4,7.0,168.0,-1.4553818357243153,6.84703320513664
2026-05-22 09:00:00,29.4,76.0,0.1,6.5,180.0,3.9801020972288977e-16,6.5
2026-05-22 10:00:00,29.9,74.0,0.1,6.0,205.0,2.5357095704441965,5.437846722219899
2026-05-22 11:00:00,30.5,72.0,0.1,7.2,233.0,5.750175672340508,4.333068166694748
2026-05-22 12:00:00,30.9,70.0,0.1,9.1,252.0,8.654614298285896,2.8120546488120213
2026-05-22 13:00:00,31.2,69.0,0.1,10.9,262.0,10.793921949283117,1.5169868004647133
2026-05-22 14:00:00,31.3,69.0,0.1,11.9,267.0,11.88369146357943,0.6227978792910317
2026-05-22 15:00:00,31.1,70.0,0.0,11.5,268.0,11.492994510719601,0.40134421207876114
2026-05-22 16:00:00,30.7,72.0,0.0,9.7,270.0,9.7,0.0
2026-05-22 17:00:00,30.1,74.0,0.0,7.6,270.0,7.6,0.0
2026-05-22 18:00:00,29.5,77.0,0.0,5.0,270.0,5.0,0.0
2026-05-22 19:00:00,28.9,79.0,0.0,2.9,263.0,2.8783838397598336,0.35342109587492765
2026-05-22 20:00:00,28.5,81.0,0.0,1.9,248.0,1.761649323676896,0.7117525274902328
2026-05-22 21:00:00,28.1,82.0,0.0,2.5,225.0,1.7677669529663689,1.7677669529663687
2026-05-22 22:00:00,27.8,84.0,0.0,3.9,214.0,2.1808523235359125,3.233246532964663
2026-05-22 23:00:00,27.4,85.0,0.0,5.5,212.0,2.914555953282627,4.664264528860342
2026-05-23 00:00:00,27.2,85.0,0.0,7.6,211.0,3.9142893693164114,6.5144714853360535
2026-05-23 01:00:00,27.0,85.0,0.0,8.9,212.0,4.716281451675524,7.547628055792192
2026-05-23 02:00:00,27.0,85.0,0.0,10.0,210.0,5.000000000000001,8.660254037844386
2026-05-23 03:00:00,27.2,84.0,0.0,10.3,209.0,4.993539088537273,9.008582983535776
2026-05-23 04:00:00,27.4,82.0,0.0,10.1,207.0,4.585304047369423,8.999165894302514
2026-05-23 05:00:00,27.8,80.0,0.0,9.8,204.0,3.9860191021428424,8.95274548489749
2026-05-23 06:00:00,28.3,78.0,0.0,9.4,203.0,3.672872607799173,8.65274562245294
2026-05-23 07:00:00,28.7,76.0,0.0,8.9,201.0,3.1894747509531736,8.308865795825096
2026-05-23 08:00:00,29.2,73.0,0.0,9.0,203.0,3.5165801564034633,8.284543681071963
2026-05-23 09:00:00,29.8,70.0,0.0,9.5,209.0,4.605691392340202,8.30888721782426
2026-05-23 10:00:00,30.6,66.0,0.0,10.5,218.0,6.464445490919412,8.274112912870581
2026-05-23 11:00:00,31.4,62.0,0.0,12.0,226.0,8.632077604063815,8.335900445507967
2026-05-23 12:00:00,32.1,58.0,0.0,13.6,233.0,10.861442936643183,8.184684314867857
2026-05-23 13:00:00,32.5,56.0,0.0,14.8,236.0,12.269756073814616,8.276054971367055
2026-05-23 14:00:00,32.7,55.0,0.0,15.4,237.0,12.91552674635953,8.387441139231417
2026-05-23 15:00:00,32.5,57.0,0.0,15.1,237.0,12.663925575975902,8.224049428726909
2026-05-23 16:00:00,31.9,60.0,0.0,14.7,234.0,11.892549817311727,8.640443208699354
2026-05-23 17:00:00,31.1,64.0,0.0,13.6,230.0,10.4182044264181,8.741911491736934
2026-05-23 18:00:00,30.3,69.0,0.0,12.5,224.0,8.683229630737465,8.991747504233139
2026-05-23 19:00:00,29.5,74.0,0.0,11.5,219.0,7.237184497073131,8.937178556755166
2026-05-23 20:00:00,28.9,77.0,0.0,11.2,213.0,6.099957192168303,9.393110360988748
2026-05-23 21:00:00,28.5,79.0,0.0,11.1,209.0,5.3813867847343415,9.708278749247292
2026-05-23 22:00:00,28.1,82.0,0.0,10.8,206.0,4.734408385322037,9.706975700031006
2026-05-23 23:00:00,27.7,84.0,0.0,11.0,203.0,4.298042413382011,10.125553387976844
2026-05-24 00:00:00,27.4,85.0,0.0,11.0,199.0,3.5812496990287244,10.400704331592484
2026-05-24 01:00:00,27.3,86.0,0.0,10.9,197.0,3.186851581477831,10.423721839997087
2026-05-24 02:00:00,27.3,86.0,0.0,10.8,195.0,2.795245687107224,10.431998923921938
2026-05-24 03:00:00,27.5,85.0,0.0,10.4,194.0,2.515987714236544,10.091075553270363
2026-05-24 04:00:00,27.8,84.0,0.0,9.5,191.0,1.8126854560771768,9.325458242752807
2026-05-24 05:00:00,28.2,82.0,0.0,9.1,189.0,1.4235536318661013,8.987963899415753
2026-05-24 06:00:00,28.8,80.0,0.0,8.4,187.0,1.023702484603239,8.337387673787106
2026-05-24 07:00:00,29.3,77.0,0.0,7.6,188.0,1.0577155672964975,7.5260373224359345
2026-05-24 08:00:00,29.9,75.0,0.0,7.4,194.0,1.7902220274375409,7.180188374442374
2026-05-24 09:00:00,30.5,72.0,0.0,7.9,204.0,3.2132194802988217,7.217009115376547
2026-05-24 10:00:00,31.3,68.0,0.0,9.2,219.0,5.789747597658504,7.149742845404131
2026-05-24 11:00:00,32.1,64.0,0.0,11.2,228.0,8.323222045346816,7.494262791219212
2026-05-24 12:00:00,32.8,60.0,0.0,13.4,234.0,10.840827724624296,7.87632238071914
2026-05-24 13:00:00,33.3,58.0,0.0,15.2,239.0,13.028942970672107,7.828578738632823
2026-05-24 14:00:00,33.5,57.0,0.0,16.3,239.0,13.971827001444431,8.395120621033882
2026-05-24 15:00:00,33.2,58.0,0.0,16.0,239.0,13.714676811233797,8.240609198560866
2026-05-24 16:00:00,32.6,61.0,0.0,15.3,236.0,12.684274860092138,8.555651423102429
2026-05-24 17:00:00,31.7,65.0,0.0,14.1,232.0,11.110951625854778,8.680826802091781
2026-05-24 18:00:00,30.8,70.0,0.0,12.5,226.0,8.99174750423314,8.683229630737465
2026-05-24 19:00:00,30.0,74.0,0.0,11.8,220.0,7.5848937943011645,9.03932442880394
2026-05-24 20:00:00,29.3,77.0,0.0,11.2,213.0,6.099957192168303,9.393110360988748
2026-05-24 21:00:00,28.8,80.0,0.0,11.1,209.0,5.3813867847343415,9.708278749247292
2026-05-24 22:00:00,28.4,82.0,0.0,11.4,204.0,4.636797731064123,10.41441821712565
2026-05-24 23:00:00,28.0,84.0,0.0,12.0,201.0,4.300415394543604,11.202965117966421
2026-05-25 00:00:00,27.7,86.0,0.0,12.4,197.0,3.625409138561936,11.858178973941639
2026-05-25 01:00:00,27.5,87.0,0.0,13.1,196.0,3.610849361202689,12.592528216791978
2026-05-25 02:00:00,27.5,87.0,0.0,13.4,194.0,3.241753401035547,13.001962732098352
2026-05-25 03:00:00,27.7,86.0,0.0,13.3,193.0,2.991849022773404,12.959121861643629
2026-05-25 04:00:00,28.0,85.0,0.0,13.3,193.0,2.991849022773404,12.959121861643629
2026-05-25 05:00:00,28.5,82.0,0.0,13.3,193.0,2.991849022773404,12.959121861643629
2026-05-25 06:00:00,29.1,79.0,0.0,12.9,193.0,2.9018686010358574,12.569373835729534
2026-05-25 07:00:00,29.6,77.0,0.0,13.0,194.0,3.14498464279568,12.613844441587954
2026-05-25 08:00:00,30.2,74.0,0.0,12.9,198.0,3.986319227436822,12.26862906020748
2026-05-25 09:00:00,30.8,71.0,0.0,13.0,204.0,5.287576359985403,11.876090949353811
2026-05-25 10:00:00,31.5,67.0,0.0,13.8,213.0,7.516018683207374,11.573653837646852
2026-05-25 11:00:00,32.3,63.0,0.0,14.8,223.0,10.093575728924979,10.824034783963723
2026-05-25 12:00:00,33.0,60.0,0.0,16.4,230.0,12.563128867151239,10.541716798859243
2026-05-25 13:00:00,33.4,58.0,0.0,17.6,235.0,14.417075979486256,10.094945279778411
2026-05-25 14:00:00,33.6,57.0,0.0,18.0,237.0,15.096070223017634,9.803502630270488
2026-05-25 15:00:00,33.3,58.0,0.0,17.7,237.0,14.844469052634006,9.640110919765979
2026-05-25 16:00:00,32.7,62.0,0.0,16.6,236.0,13.762023704413693,9.2826021976144
2026-05-25 17:00:00,31.8,66.0,0.0,15.3,231.0,11.890333210291656,9.628601983062513
2026-05-25 18:00:00,30.9,70.0,0.0,14.0,226.0,10.070757204741117,9.725217186425962
2026-05-25 19:00:00,30.1,75.0,0.0,12.8,220.0,8.227681403987704,9.80536887192292
2026-05-25 20:00:00,29.4,78.0,0.0,12.2,214.0,6.822153422343111,10.114258385171508
2026-05-25 21:00:00,28.9,81.0,0.0,12.1,210.0,6.050000000000002,10.478907385791707
2026-05-25 22:00:00,28.5,83.0,0.0,12.2,204.0,4.962187045524762,11.14525458323973
2026-05-25 23:00:00,28.1,85.0,0.0,12.4,202.0,4.645121758357308,11.497079796628164
2026-05-26 00:00:00,27.7,87.0,0.0,13.0,199.0,4.232386007943038,12.291741482791117
2026-05-26 01:00:00,27.6,88.0,0.0,13.2,197.0,3.859306502340125,12.623222778712067
2026-05-26 02:00:00,27.5,88.0,0.0,13.5,196.0,3.7211043035294886,12.977032895167305
2026-05-26 03:00:00,27.7,87.0,0.0,13.5,196.0,3.7211043035294886,12.977032895167305
2026-05-26 04:00:00,28.0,85.0,0.0,13.5,196.0,3.7211043035294886,12.977032895167305
2026-05-26 05:00:00,28.5,83.0,0.0,13.5,196.0,3.7211043035294886,12.977032895167305
2026-05-26 06:00:00,29.1,80.0,0.0,13.1,196.0,3.610849361202689,12.592528216791978
2026-05-26 07:00:00,29.6,77.0,0.0,13.0,199.0,4.232386007943038,12.291741482791117
2026-05-26 08:00:00,30.2,74.0,0.0,12.9,203.0,5.040431557511631,11.874512609536481
2026-05-26 09:00:00,30.8,71.0,0.0,13.2,209.0,6.39948698725165,11.544980134240022
2026-05-26 10:00:00,31.5,67.0,0.0,13.6,217.0,8.184684314867857,10.861442936643183
2026-05-26 11:00:00,32.3,63.0,0.0,14.8,225.0,10.465180361560904,10.465180361560902
2026-05-26 12:00:00,32.9,59.0,0.0,15.9,232.0,12.529370982346878,9.789017457677968
2026-05-26 13:00:00,33.4,57.0,0.0,16.9,236.0,14.010734976180203,9.450360068655622
2026-05-26 14:00:00,33.5,56.0,0.0,17.3,239.0,14.828994302146544,8.910158695943938
2026-05-26 15:00:00,33.3,57.0,0.0,17.0,238.0,14.41681763465924,9.008627491964484
2026-05-26 16:00:00,32.7,60.0,0.0,16.1,236.0,13.34750491813617,9.003005745879026
2026-05-26 17:00:00,31.8,64.0,0.0,14.6,232.0,11.50495700265814,8.98865753975461
2026-05-26 18:00:00,31.0,68.0,0.0,13.2,227.0,9.65386886137305,9.00237835282498
2026-05-26 19:00:00,30.1,72.0,0.0,12.0,221.0,7.872708347886087,9.056514962673264
2026-05-26 20:00:00,29.5,75.0,0.0,11.6,216.0,6.818308926592688,9.38459713474939
2026-05-26 21:00:00,28.9,78.0,0.0,11.5,212.0,6.094071538681856,9.7525531057989
2026-05-26 22:00:00,28.4,80.0,0.0,11.4,208.0,5.351975815759156,10.065602558591767
2026-05-26 23:00:00,28.0,83.0,0.0,11.6,206.0,5.085105302753298,10.426010937070338
2026-05-27 00:00:00,27.6,85.0,0.0,11.3,202.0,4.233054505599806,10.4771775566047
2026-05-27 01:00:00,27.4,87.0,0.0,11.6,202.0,4.345436483624579,10.755332712974734
2026-05-27 02:00:00,27.3,87.0,0.0,11.8,200.0,4.035837691242892,11.088372925273719
2026-05-27 03:00:00,27.5,86.0,0.0,11.7,198.0,3.615498834186885,11.127361240653295
2026-05-27 04:00:00,27.9,85.0,0.0,12.1,197.0,3.5376976271451146,11.571287547152728
2026-05-27 05:00:00,28.4,82.0,0.0,12.0,196.0,3.30764826980399,11.535140351259827
2026-05-27 06:00:00,29.0,80.0,0.0,12.0,196.0,3.30764826980399,11.535140351259827
2026-05-27 07:00:00,29.6,77.0,0.0,12.1,197.0,3.5376976271451146,11.571287547152728
2026-05-27 08:00:00,30.1,74.0,0.0,12.3,201.0,4.407925779407195,11.483039245915583
2026-05-27 09:00:00,30.8,71.0,0.0,12.9,207.0,5.856477446640154,11.493984162029944
2026-05-27 10:00:00,31.5,67.0,0.0,13.5,214.0,7.549104196855081,11.192007229493063
2026-05-27 11:00:00,32.3,63.0,0.0,14.8,223.0,10.093575728924979,10.824034783963723
2026-05-27 12:00:00,33.0,59.0,0.0,16.1,228.0,11.964631690186048,10.773002762377619
2026-05-27 13:00:00,33.5,57.0,0.0,17.2,233.0,13.736530772813436,10.351218398215229
2026-05-27 14:00:00,33.7,56.0,0.0,17.6,235.0,14.417075979486256,10.094945279778411
2026-05-27 15:00:00,33.4,57.0,0.0,17.1,235.0,14.00749995734176,9.808157061602888
2026-05-27 16:00:00,32.8,60.0,0.0,16.0,234.0,12.94427190999916,9.40456403667957
2026-05-27 17:00:00,32.0,65.0,0.0,14.1,232.0,11.110951625854778,8.680826802091781
2026-05-27 18:00:00,31.1,69.0,0.0,12.2,227.0,8.922515159753878,8.320379992762481
2026-05-27 19:00:00,30.2,74.0,0.0,10.9,224.0,7.57177623800307,7.840803823691297
2026-05-27 20:00:00,29.5,77.0,0.0,10.0,218.0,6.156614753256583,7.88010753606722
2026-05-27 21:00:00,28.9,80.0,0.0,9.6,214.0,5.368251873319169,7.9587606965284
2026-05-27 22:00:00,28.4,83.0,0.0,9.5,209.0,4.605691392340202,8.30888721782426
2026-05-27 23:00:00,27.8,86.0,0.0,10.0,206.0,4.383711467890775,8.98794046299167
2026-05-28 00:00:00,27.4,88.0,0.0,10.2,203.0,3.985457510590592,9.389149505214892
2026-05-28 01:00:00,27.1,89.0,0.0,10.7,200.0,3.659615533584656,10.054711042409219
2026-05-28 02:00:00,27.0,90.0,0.0,10.9,197.0,3.186851581477831,10.423721839997087
2026-05-28 03:00:00,27.1,89.0,0.0,11.2,195.0,2.8987733051482323,10.818369254437565
2026-05-28 04:00:00,27.5,87.0,0.0,11.7,191.0,2.2324652459055754,11.485038046337667
2026-05-28 05:00:00,28.0,85.0,0.0,12.0,189.0,1.877213580482771,11.852260087141653
2026-05-28 06:00:00,28.6,82.0,0.0,12.3,187.0,1.4989929238833142,12.208317665188261
2026-05-28 07:00:00,29.3,79.0,0.0,12.3,187.0,1.4989929238833142,12.208317665188261
2026-05-28 08:00:00,29.9,76.0,0.0,12.4,190.0,2.1532374030699373,12.21161613735138
2026-05-28 09:00:00,30.5,73.0,0.0,12.4,197.0,3.625409138561936,11.858178973941639
2026-05-28 10:00:00,31.4,69.0,0.0,12.6,207.0,5.72028029671829,11.226682204773434
2026-05-28 11:00:00,32.2,65.0,0.0,13.0,219.0,8.181165083647887,10.10289749894062
2026-05-28 12:00:00,32.9,61.0,0.0,14.1,230.0,10.80122664797759,9.063305296580204
2026-05-28 13:00:00,33.4,59.0,0.0,15.2,239.0,13.028942970672107,7.828578738632823
2026-05-28 14:00:00,33.6,58.0,0.0,15.5,242.0,13.685687689313369,7.276809223181307
2026-05-28 15:00:00,33.4,59.0,0.0,14.8,244.0,13.302151885227673,6.487892972478346
2026-05-28 16:00:00,32.8,63.0,0.0,13.5,245.0,12.235155124994774,5.705346533499442
2026-05-28 17:00:00,31.9,67.0,0.0,11.6,244.0,10.426010937070338,5.0851053027532975
2026-05-28 18:00:00,31.0,72.0,0.0,9.3,242.0,8.211412613588022,4.366085533908785
2026-05-28 19:00:00,30.2,76.0,0.0,7.6,239.0,6.5144714853360535,3.9142893693164114
2026-05-28 20:00:00,29.5,80.0,0.0,6.2,234.0,5.0159053651246746,3.6442685642133337
2026-05-28 21:00:00,28.9,83.0,0.0,5.4,228.0,4.012982057577929,3.6133052743378347
2026-05-28 22:00:00,28.4,86.0,0.0,4.9,216.0,2.8801477362331185,3.9641832724372428
2026-05-28 23:00:00,27.9,88.0,0.0,4.7,203.0,1.8364363038995866,4.32637281122647
2026-05-29 00:00:00,27.5,90.0,0.0,4.8,193.0,1.0797650608505516,4.676976310969129
2026-05-29 01:00:00,27.2,92.0,0.0,5.1,184.0,0.35575801609503865,5.087576656325103
2026-05-29 02:00:00,27.1,92.0,0.0,5.4,180.0,3.3065463576978537e-16,5.4
2026-05-29 03:00:00,27.3,91.0,0.0,5.8,176.0,-0.4045875477159269,5.78587149150698
2026-05-29 04:00:00,27.6,89.0,0.0,6.2,173.0,-0.7555899291119137,6.153786140176197
2026-05-29 05:00:00,28.1,87.0,0.0,6.2,173.0,-0.7555899291119137,6.153786140176197
2026-05-29 06:00:00,28.7,84.0,0.0,6.5,174.0,-0.6794350112397481,6.4643923198937765
2026-05-29 07:00:00,29.3,81.0,0.0,6.1,177.0,-0.3192493330819574,6.0916401620029
2026-05-29 08:00:00,29.8,78.0,0.0,5.0,180.0,3.061616997868383e-16,5.0
2026-05-29 09:00:00,30.4,75.0,0.0,3.3,193.0,0.7423384793347542,3.2154212137912763
2026-05-29 10:00:00,31.2,71.0,0.0,2.3,252.0,2.1874299874788528,0.710739087062379
2026-05-29 11:00:00,31.9,67.0,0.0,3.9,304.0,3.2332465329646625,-2.180852323535913
2026-05-29 12:00:00,32.5,63.0,0.0,6.9,317.0,4.70578868443124,-5.046340541172277
2026-05-29 13:00:00,33.0,61.0,0.0,9.3,324.0,5.46640284632,-7.523858047687012
2026-05-29 14:00:00,33.1,60.0,0.0,11.3,329.0,5.8199302464836125,-9.68599049793387
2026-05-29 15:00:00,32.9,61.0,0.0,12.2,336.0,4.962187045524762,-11.14525458323973
2026-05-29 16:00:00,32.3,64.0,0.0,13.2,343.0,3.859306502340125,-12.623222778712067
2026-05-29 17:00:00,31.4,68.0,0.0,13.8,351.0,2.158795617555187,-13.630099100212902
2026-05-29 18:00:00,30.6,73.0,0.0,14.4,359.0,0.2513146526968838,-14.397806810252035
2026-05-29 19:00:00,29.7,77.0,0.0,14.8,4.0,-1.0323958114130587,-14.763947943845398
2026-05-29 20:00:00,29.1,80.0,0.0,15.3,8.0,-2.129348444689007,-15.151101451746026
2026-05-29 21:00:00,28.7,82.0,0.0,15.3,9.0,-2.393447315115535,-15.111631611105606
2026-05-29 22:00:00,28.2,84.0,0.0,14.7,11.0,-2.8048922320352054,-14.42991959668066
2026-05-29 23:00:00,27.9,86.0,0.0,14.0,12.0,-2.910763671448637,-13.694066410273278
2026-05-30 00:00:00,27.6,87.0,0.0,12.9,13.0,-2.901868601035862,-12.569373835729534
2026-05-30 01:00:00,27.4,88.0,0.0,12.6,13.0,-2.834383284732702,-12.277062816293963
2026-05-30 02:00:00,27.3,88.0,0.0,12.2,14.0,-2.951447126315947,-11.837607860567156
2026-05-30 03:00:00,27.4,87.0,0.1,12.2,14.0,-2.951447126315947,-11.837607860567156
2026-05-30 04:00:00,27.6,86.0,0.1,12.7,15.0,-3.2870018728020116,-12.267257993871167
2026-05-30 05:00:00,27.9,84.0,0.1,13.4,14.0,-3.2417534010355484,-13.001962732098352
2026-05-30 06:00:00,28.3,82.0,0.1,14.1,13.0,-3.1718098662485,-13.738617913471815
2026-05-30 07:00:00,28.6,80.0,0.1,14.8,14.0,-3.5804440548750835,-14.360376748884748
2026-05-30 08:00:00,29.0,78.0,0.1,15.9,13.0,-3.576721764067458,-15.492484030085238
2026-05-30 09:00:00,29.4,76.0,0.3,17.3,12.0,-3.5968722511472446,-16.921953492694836
2026-05-30 10:00:00,29.8,73.0,0.3,19.1,11.0,-3.644451811692002,-18.749079203850382
2026-05-30 11:00:00,30.3,70.0,0.3,21.2,10.0,-3.681341366538923,-20.87792436385881
2026-05-30 12:00:00,30.7,68.0,0.3,23.0,9.0,-3.597992695925314,-22.716831833688165
2026-05-30 13:00:00,31.0,66.0,0.3,24.4,8.0,-3.395823663425606,-24.16254087729431
2026-05-30 14:00:00,31.0,65.0,0.3,25.5,8.0,-3.5489140744816785,-25.25183575291004
2026-05-30 15:00:00,30.8,65.0,0.0,25.8,8.0,-3.5906660047696985,-25.548916173532515
2026-05-30 16:00:00,30.3,67.0,0.0,25.9,9.0,-4.051652644541984,-25.581128021414063
2026-05-30 17:00:00,29.7,68.0,0.0,25.6,10.0,-4.4453933482734165,-25.211078477112526
2026-05-30 18:00:00,29.0,71.0,0.0,24.9,11.0,-4.75114398487596,-24.44251686784683
2026-05-30 19:00:00,28.3,73.0,0.0,23.9,12.0,-4.969089410544458,-23.377727657537953
2026-05-30 20:00:00,27.8,74.0,0.0,23.2,13.0,-5.218864460777674,-22.605385503017455
2026-05-30 21:00:00,27.4,75.0,0.0,22.2,13.0,-4.993913406433808,-21.631015438232218
2026-05-30 22:00:00,27.0,76.0,0.0,20.4,14.0,-4.935206670233223,-19.794032816030327
2026-05-30 23:00:00,26.7,77.0,0.0,19.0,15.0,-4.917561856947892,-18.352590699492296
2026-05-31 00:00:00,26.4,78.0,0.0,17.3,17.0,-5.058030491703352,-16.544072278160513
2026-05-31 01:00:00,26.2,78.0,0.0,16.3,18.0,-5.036977008311646,-15.502221215611003
2026-05-31 02:00:00,26.1,78.0,0.0,15.6,19.0,-5.078863209531644,-14.750089779349343
2026-05-31 03:00:00,26.2,77.0,0.0,15.7,20.0,-5.369716250212996,-14.753174146338761
2026-05-31 04:00:00,26.4,76.0,0.0,16.5,20.0,-5.643332364873531,-15.50492824296749
2026-05-31 05:00:00,26.7,74.0,0.0,17.8,21.0,-6.378949501906353,-16.61773159165019
2026-05-31 06:00:00,27.0,72.0,0.0,19.4,22.0,-7.267367912268698,-17.98736677859567
2026-05-31 07:00:00,27.4,69.0,0.0,20.5,22.0,-7.679435165026202,-19.00726901861914
2026-05-31 08:00:00,27.8,67.0,0.0,21.9,20.0,-7.490241138832141,-20.579268395211393
2026-05-31 09:00:00,28.4,64.0,0.0,23.1,18.0,-7.138292570061289,-21.969405526418047
2026-05-31 10:00:00,29.1,60.0,0.0,24.6,15.0,-6.3669485095220075,-23.76177532671108
2026-05-31 11:00:00,29.8,56.0,0.0,26.2,13.0,-5.89371762380927,-25.52849569737316
2026-05-31 12:00:00,30.5,53.0,0.0,27.8,10.0,-4.827419339140663,-27.377655533739382
2026-05-31 13:00:00,31.0,50.0,0.0,29.1,9.0,-4.552242932670723,-28.741730711318507
2026-05-31 14:00:00,31.1,49.0,0.0,29.4,8.0,-4.091689168225935,-29.113881221002163
2026-05-31 15:00:00,30.9,50.0,0.0,29.1,8.0,-4.0499372379379155,-28.816800800379696
2026-05-31 16:00:00,30.3,52.0,0.0,28.4,9.0,-4.442738807142561,-28.050348872901907
2026-05-31 17:00:00,29.6,56.0,0.0,27.1,11.0,-5.1709237747043595,-26.602096671431696
2026-05-31 18:00:00,28.7,60.0,0.0,25.4,12.0,-5.280956946771099,-24.84494905863866
2026-05-31 19:00:00,27.9,63.0,0.0,23.8,15.0,-6.159893273439991,-22.989034665679828
2026-05-31 20:00:00,27.3,66.0,0.0,22.1,16.0,-6.091585563555676,-21.24388348023685
2026-05-31 21:00:00,26.8,68.0,0.0,20.0,18.0,-6.180339887498951,-19.02113032590307
2026-05-31 22:00:00,26.4,71.0,0.0,17.4,18.0,-5.376895702124087,-16.54838338353567
2026-05-31 23:00:00,25.9,73.0,0.0,14.9,20.0,-5.0961001355524616,-14.001420049710037
2026-06-01 00:00:00,25.6,74.0,0.0,12.3,21.0,-4.407925779407199,-11.483039245915581
2026-06-01 01:00:00,25.4,76.0,0.0,10.2,23.0,-3.9854575105905927,-9.38914950521489
2026-06-01 02:00:00,25.3,76.0,0.0,8.4,25.0,-3.549993398621873,-7.612985411107861
2026-06-01 03:00:00,25.5,76.0,0.0,7.4,29.0,-3.5875911898228927,-6.4721858328315305
2026-06-01 04:00:00,25.8,75.0,0.0,6.5,34.0,-3.6347538725598527,-5.388744221607772
2026-06-01 05:00:00,26.2,73.0,0.0,5.9,38.0,-3.632402704421383,-4.649263446279661
2026-06-01 06:00:00,26.7,71.0,0.0,5.9,38.0,-3.632402704421383,-4.649263446279661
2026-06-01 07:00:00,27.3,69.0,0.0,5.4,37.0,-3.2498011250210608,-4.312631754255381
2026-06-01 08:00:00,27.8,67.0,0.0,5.5,32.0,-2.9145559532826275,-4.664264528860342
2026-06-01 09:00:00,28.5,65.0,0.0,5.7,18.0,-1.7613968679372012,-5.421022142882375
2026-06-01 10:00:00,29.4,61.0,0.0,6.8,3.0,-0.3558845024520213,-6.790680836331102
2026-06-01 11:00:00,30.3,58.0,0.0,8.4,350.0,1.4586446924022156,-8.272385125302547
2026-06-01 12:00:00,31.2,55.0,0.0,10.6,342.0,3.275580140374443,-10.081199072728626
2026-06-01 13:00:00,31.8,53.0,0.0,12.0,339.0,4.300415394543604,-11.202965117966421
2026-06-01 14:00:00,32.1,52.0,0.0,12.6,336.0,5.124881702755083,-11.510672766296771
2026-06-01 15:00:00,31.9,53.0,0.0,12.1,337.0,4.727846654720212,-11.138108726774528
2026-06-01 16:00:00,31.3,55.0,0.0,10.7,340.0,3.659615533584656,-10.054711042409219
2026-06-01 17:00:00,30.6,58.0,0.0,9.3,347.0,2.092044805397944,-9.06164160250269
2026-06-01 18:00:00,29.7,61.0,0.0,7.2,354.0,0.752604935527105,-7.160557646651568
2026-06-01 19:00:00,28.9,64.0,0.0,5.4,4.0,-0.37668495821827813,-5.386845871403051
2026-06-01 20:00:00,28.3,67.0,0.0,3.8,17.0,-1.111012477946401,-3.633958072659534
2026-06-01 21:00:00,27.8,70.0,0.0,1.8,37.0,-1.083267041673687,-1.437543918085127
2026-06-01 22:00:00,27.3,72.0,0.0,1.5,166.0,-0.36288284339950166,1.4554435894139948
2026-06-01 23:00:00,26.9,75.0,0.0,4.7,189.0,0.7352419856890854,4.6421352007971475
2026-06-02 00:00:00,26.6,78.0,0.0,7.4,194.0,1.7902220274375409,7.180188374442374
2026-06-02 01:00:00,26.4,79.0,0.0,10.0,195.0,2.5881904510252074,9.659258262890683
2026-06-02 02:00:00,26.4,80.0,0.0,11.3,197.0,3.303800263366926,10.806243742382302
2026-06-02 03:00:00,26.6,79.0,0.0,11.3,197.0,3.303800263366926,10.806243742382302
2026-06-02 04:00:00,27.0,78.0,0.0,10.2,198.0,3.151973342624464,9.700776466210565
2026-06-02 05:00:00,27.5,76.0,0.0,8.8,199.0,2.8649997592229797,8.320563465273988
2026-06-02 06:00:00,28.1,73.0,0.0,7.0,201.0,2.5085756468171025,6.535062985480412
2026-06-02 07:00:00,28.7,70.0,0.0,5.3,208.0,2.4881992827652213,4.679622242152313
2026-06-02 08:00:00,29.2,68.0,0.0,4.8,222.0,3.2118269105225195,3.5670951622914924
2026-06-02 09:00:00,29.8,65.0,0.0,5.5,238.0,4.664264528860342,2.914555953282627
2026-06-02 10:00:00,30.6,62.0,0.0,7.2,252.0,6.8476069173251055,2.2249223594996215
2026-06-02 11:00:00,31.3,59.0,0.0,9.5,259.0,9.325458242752807,1.8126854560771757
2026-06-02 12:00:00,31.9,57.0,0.0,11.6,265.0,11.555858497864248,1.0110066158728348
2026-06-02 13:00:00,32.4,55.0,0.0,13.4,265.0,13.34900895442939,1.1678869528186195
2026-06-02 14:00:00,32.6,54.0,0.0,13.7,267.0,13.681224626137661,0.7170026005283305
2026-06-02 15:00:00,32.4,55.0,0.0,13.0,267.0,12.98218395180946,0.6803674311582698
2026-06-02 16:00:00,31.9,57.0,0.0,10.8,266.0,10.773691742806102,0.7533699164365533
2026-06-02 17:00:00,31.2,60.0,0.0,8.4,263.0,8.337387673787106,1.0237024846032388
2026-06-02 18:00:00,30.5,63.0,0.0,5.6,255.0,5.4091846272187825,1.4493866525741161
2026-06-02 19:00:00,29.8,66.0,0.0,3.4,238.0,2.883363526931848,1.8017254983928965
2026-06-02 20:00:00,29.2,69.0,0.0,2.4,207.0,1.0895771993749124,2.138415658052083
2026-06-02 21:00:00,28.7,71.0,0.0,2.5,180.0,1.5308084989341916e-16,2.5
2026-06-02 22:00:00,28.2,74.0,0.0,3.3,174.0,-0.3449439287832567,3.2819222547153015
2026-06-02 23:00:00,27.8,76.0,0.0,4.4,171.0,-0.6883116461770157,4.3458286986186065
2026-06-03 00:00:00,27.4,78.0,0.0,4.7,171.0,-0.7352419856890848,4.6421352007971475
2026-06-03 01:00:00,27.1,80.0,0.0,5.1,172.0,-0.7097828148963332,5.050367150582009
2026-06-03 02:00:00,27.1,80.0,0.0,5.1,172.0,-0.7097828148963332,5.050367150582009
2026-06-03 03:00:00,27.3,79.0,0.0,4.5,166.0,-1.088648530198505,4.366330768241984
2026-06-03 04:00:00,27.8,77.0,0.0,3.8,163.0,-1.1110124779463992,3.633958072659535
2026-06-03 05:00:00,28.4,74.0,0.0,2.9,150.0,-1.4499999999999993,2.511473670974872
2026-06-03 06:00:00,29.0,71.0,0.0,1.8,127.0,-1.4375439180851273,1.0832670416736867
2026-06-03 07:00:00,29.7,68.0,0.0,1.5,76.0,-1.4554435894139948,-0.3628828433995013
2026-06-03 08:00:00,30.1,66.0,0.0,2.6,34.0,-1.453901549023941,-2.1554976886431088
2026-06-03 09:00:00,30.5,65.0,0.2,4.5,14.0,-1.088648530198505,-4.366330768241984
2026-06-03 10:00:00,30.9,63.0,0.2,6.8,360.0,4.1637991171010006e-16,-6.8
2026-06-03 11:00:00,31.2,62.0,0.2,9.4,356.0,0.6557108531947772,-9.377102072442348
2026-06-03 12:00:00,31.5,61.0,0.2,12.0,351.0,1.877213580482771,-11.852260087141653
2026-06-03 13:00:00,31.6,61.0,0.2,13.8,351.0,2.158795617555187,-13.630099100212902
2026-06-03 14:00:00,31.5,62.0,0.2,15.3,352.0,2.129348444689002,-15.151101451746028
2026-06-03 15:00:00,31.2,64.0,0.4,15.5,355.0,1.3509140125887011,-15.441017820422056
2026-06-03 16:00:00,30.6,66.0,0.4,15.1,360.0,9.246083333562517e-16,-15.1
2026-06-03 17:00:00,29.8,69.0,0.4,14.5,7.0,-1.767105479374634,-14.39191919879917
2026-06-03 18:00:00,29.1,73.0,0.4,14.1,15.0,-3.6493485359455407,-13.619554150675864
2026-06-03 19:00:00,28.4,76.0,0.4,13.6,22.0,-5.094649670456407,-12.609700422108308
2026-06-03 20:00:00,27.8,78.0,0.4,12.9,27.0,-5.856477446640155,-11.493984162029944
2026-06-03 21:00:00,27.5,80.0,0.2,12.1,30.0,-6.050000000000005,-10.478907385791704
2026-06-03 22:00:00,27.2,81.0,0.2,11.0,32.0,-5.829111906565255,-9.328529057720685
2026-06-03 23:00:00,27.0,83.0,0.2,9.6,34.0,-5.368251873319167,-7.958760696528401
2026-06-04 00:00:00,26.8,84.0,0.2,8.0,36.0,-4.702282018339786,-6.472135954999579
2026-06-04 01:00:00,26.7,84.0,0.2,6.7,36.0,-3.938161190359571,-5.420413862312147
2026-06-04 02:00:00,26.6,85.0,0.2,5.9,38.0,-3.632402704421383,-4.649263446279661
2026-06-04 03:00:00,26.6,85.0,0.4,5.4,37.0,-3.2498011250210608,-4.312631754255381
2026-06-04 04:00:00,26.7,85.0,0.4,5.1,39.0,-3.2095339943541727,-3.96344440343055
2026-06-04 05:00:00,26.8,85.0,0.4,5.1,39.0,-3.2095339943541727,-3.96344440343055
2026-06-04 06:00:00,27.0,84.0,0.4,5.1,39.0,-3.2095339943541727,-3.96344440343055
2026-06-04 07:00:00,27.1,83.0,0.4,4.9,36.0,-2.880147736233119,-3.9641832724372423
2026-06-04 08:00:00,27.2,83.0,0.4,4.9,36.0,-2.880147736233119,-3.9641832724372423
2026-06-04 09:00:00,27.4,83.0,1.1,4.7,32.0,-2.490620541896064,-3.9858260519352022
2026-06-04 10:00:00,27.5,82.0,1.1,4.2,31.0,-2.163159914622229,-3.600102662948871
2026-06-04 11:00:00,27.7,82.0,1.1,4.0,27.0,-1.8159619989581877,-3.564026096753471
2026-06-04 12:00:00,27.9,82.0,1.1,4.0,27.0,-1.8159619989581877,-3.564026096753471
2026-06-04 13:00:00,27.9,82.0,1.1,3.9,22.0,-1.460965714322058,-3.6160170328104706
2026-06-04 14:00:00,27.9,82.0,1.1,3.9,22.0,-1.460965714322058,-3.6160170328104706
2026-06-04 15:00:00,27.8,83.0,1.8,4.0,27.0,-1.8159619989581877,-3.564026096753471
2026-06-04 16:00:00,27.5,84.0,1.8,4.5,29.0,-2.1816432911085157,-3.935788682127282
2026-06-04 17:00:00,27.2,85.0,1.8,5.2,34.0,-2.907803098047882,-4.3109953772862175
2026-06-04 18:00:00,26.8,87.0,1.8,5.7,35.0,-3.2693856872009643,-4.669166652447252
2026-06-04 19:00:00,26.5,88.0,1.8,6.4,38.0,-3.940233442084212,-5.043268823083022
2026-06-04 20:00:00,26.2,89.0,1.8,6.6,41.0,-4.329989591337347,-4.981083229470295
2026-06-04 21:00:00,26.1,90.0,2.1,6.9,43.0,-4.705788684431241,-5.046340541172277
2026-06-04 22:00:00,25.9,90.0,2.1,6.6,45.0,-4.666904755831214,-4.666904755831213
2026-06-04 23:00:00,25.8,91.0,2.1,6.1,50.0,-4.6728711030257655,-3.921004419087889
2026-06-05 00:00:00,25.8,91.0,2.1,5.9,52.0,-4.64926344627966,-3.6324027044213834
2026-06-05 01:00:00,25.7,91.0,2.1,6.2,54.0,-5.015905365124675,-3.644268564213333
2026-06-05 02:00:00,25.7,91.0,2.1,6.2,54.0,-5.015905365124675,-3.644268564213333
2026-06-05 03:00:00,25.7,91.0,2.2,6.7,54.0,-5.420413862312149,-3.9381611903595695
2026-06-05 04:00:00,25.7,91.0,2.2,7.7,49.0,-5.811263767715346,-5.051654523226905
2026-06-05 05:00:00,25.7,90.0,2.2,8.1,45.0,-5.727564927611036,-5.727564927611034
2026-06-05 06:00:00,25.8,90.0,2.2,9.2,42.0,-6.1560015785014945,-6.8369323943920275
2026-06-05 07:00:00,25.8,89.0,2.2,10.2,39.0,-6.4190679887083455,-7.9268888068611
2026-06-05 08:00:00,25.9,89.0,2.2,11.3,37.0,-6.800509761618146,-9.02458126353441
2026-06-05 09:00:00,26.1,89.0,2.1,12.1,37.0,-7.281961780139784,-9.663489671572243
2026-06-05 10:00:00,26.3,88.0,2.1,13.0,34.0,-7.269507745119705,-10.777488443215544
2026-06-05 11:00:00,26.5,88.0,2.1,13.8,33.0,-7.516018683207372,-11.573653837646852
2026-06-05 12:00:00,26.7,87.0,2.1,14.4,32.0,-7.630837404958152,-12.211892584652533
2026-06-05 13:00:00,26.9,87.0,2.1,15.2,31.0,-7.828578738632828,-13.028942970672103
2026-06-05 14:00:00,26.9,87.0,2.1,15.8,30.0,-7.9000000000000075,-13.683201379794127
2026-06-05 15:00:00,26.9,87.0,2.4,16.4,29.0,-7.950877772039924,-14.343763197086092
2026-06-05 16:00:00,26.8,87.0,2.4,16.8,28.0,-7.887122254802965,-14.833519560029973
2026-06-05 17:00:00,26.6,87.0,2.4,17.1,28.0,-8.027963723638733,-15.098403837887652
2026-06-05 18:00:00,26.5,87.0,2.4,17.2,26.0,-7.539983724772137,-15.459257596345669
2026-06-05 19:00:00,26.3,88.0,2.4,17.6,26.0,-7.715332183487769,-15.818775214865337
2026-06-05 20:00:00,26.2,88.0,2.4,17.9,25.0,-7.564866885158515,-16.222909387956033
2026-06-05 21:00:00,26.1,88.0,1.9,18.2,25.0,-7.691652363680724,-16.49480172406703
2026-06-05 22:00:00,26.0,89.0,1.9,18.5,24.0,-7.5246278969023015,-16.90059096638812
2026-06-05 23:00:00,25.9,89.0,1.9,18.7,23.0,-7.30667210274942,-17.213440759560633
2026-06-06 00:00:00,25.9,90.0,1.9,19.1,22.0,-7.154985934243926,-17.709211622225638
2026-06-06 01:00:00,25.8,90.0,1.9,19.9,22.0,-7.454671208976654,-18.450958705879067
2026-06-06 02:00:00,25.8,90.0,1.9,20.5,22.0,-7.679435165026202,-19.00726901861914
2026-06-06 03:00:00,25.8,90.0,2.3,21.7,21.0,-7.776584505133025,-20.258695254989274
2026-06-06 04:00:00,25.9,90.0,2.3,23.1,21.0,-8.278299634496447,-21.56570785208536
2026-06-06 05:00:00,26.0,90.0,2.3,24.7,21.0,-8.851688353768928,-23.05943653448088
2026-06-06 06:00:00,26.0,90.0,2.3,26.2,21.0,-9.389240278086879,-24.459807174226682
2026-06-06 07:00:00,26.1,89.0,2.3,28.4,20.0,-9.713372070448987,-26.6872704303198
2026-06-06 08:00:00,26.1,89.0,2.3,30.5,19.0,-9.929828710943278,-28.838316555779162
2026-06-06 09:00:00,26.1,89.0,2.0,33.6,17.0,-9.823689278683966,-32.13183980035799
2026-06-06 10:00:00,26.0,88.0,2.0,37.4,16.0,-10.308837107555759,-35.95118742809313
2026-06-06 11:00:00,26.0,88.0,2.0,41.5,14.0,-10.039758667386213,-40.267272640453854
2026-06-06 12:00:00,25.9,87.0,2.0,45.3,12.0,-9.418399594044518,-44.31008631324139
2026-06-06 13:00:00,25.8,87.0,2.0,48.1,11.0,-9.177912677611795,-47.21626752383264
2026-06-06 14:00:00,25.8,87.0,2.0,49.1,11.0,-9.368721672988341,-48.197894707280305
