time,temperature_2m,relativehumidity_2m,precipitation,windspeed_10m,winddirection_10m,u,v
2025-10-30 00:00:00,24.1,87.0,0.0,0.6000000000000001,72.0,-0.5706339097770923,-0.1854101966249684
2025-10-30 01:00:00,23.4,89.0,0.0,2.8,130.0,-2.144924440733138,1.7998053071223103
2025-10-30 02:00:00,24.2,86.0,0.0,2.5,184.0,0.1743911843603131,2.4939101256495606
2025-10-30 03:00:00,24.1,86.0,0.0,2.6,155.0,-1.0988074805258183,2.35640024629529
2025-10-30 04:00:00,24.6,83.0,0.0,4.4,148.0,-2.331644762626101,3.731411623088275
2025-10-30 05:00:00,24.6,82.0,0.0,6.1,146.0,-3.4110767111715545,5.057129192585754
2025-10-30 06:00:00,24.1,85.0,0.6,0.4,360.0,2.4492935982947065e-17,-0.4
2025-10-30 07:00:00,24.1,90.0,0.3,7.6,117.0,-6.771649583831595,3.450327798020556
2025-10-30 08:00:00,25.6,82.0,0.0,8.2,68.0,-7.602907607447656,-3.0717740660104784
2025-10-30 09:00:00,28.2,67.0,0.0,5.5,27.0,-2.496947748567508,-4.900535883036023
2025-10-30 10:00:00,29.1,61.0,0.0,9.8,319.0,6.429378484106972,-7.396153886183166
2025-10-30 11:00:00,29.4,60.0,0.0,11.5,315.0,8.131727983645296,-8.131727983645296
2025-10-30 12:00:00,28.5,68.0,0.0,17.3,332.0,8.121858036195912,-15.274993356459436
2025-10-30 13:00:00,28.8,64.0,0.0,16.7,348.0,3.472125236656583,-16.335064932254554
2025-10-30 14:00:00,29.2,65.0,0.0,17.6,346.0,4.257825362554152,-17.07720478245754
2025-10-30 15:00:00,28.0,73.0,0.0,17.1,352.0,2.3798600264171195,-16.933583975480854
2025-10-30 16:00:00,26.6,83.0,0.0,20.4,346.0,4.93520667023322,-19.794032816030327
2025-10-30 17:00:00,25.1,88.0,0.0,23.3,355.0,2.0307288060204347,-23.211336465537673
2025-10-30 18:00:00,24.9,88.0,0.0,20.4,3.0,-1.0676535073560638,-20.372042508993303
2025-10-30 19:00:00,24.9,88.0,0.0,15.4,23.0,-6.017259378734817,-14.17577474316758
2025-10-30 20:00:00,25.2,90.0,0.0,9.5,15.0,-2.458780928473946,-9.176295349746148
2025-10-30 21:00:00,25.2,89.0,0.1,14.5,14.0,-3.507867486195183,-14.06928803100195
2025-10-30 22:00:00,25.0,90.0,0.0,15.5,15.0,-4.01169519908907,-14.971850307480558
2025-10-30 23:00:00,24.6,90.0,0.0,15.8,17.0,-4.619472934619246,-15.109615144215958
2025-10-31 00:00:00,24.4,91.0,0.0,16.5,20.0,-5.643332364873531,-15.50492824296749
2025-10-31 01:00:00,24.5,90.0,0.0,14.4,23.0,-5.626528250245543,-13.25526988971514
2025-10-31 02:00:00,24.1,91.0,0.0,13.7,21.0,-4.909640908770619,-12.790051843011662
2025-10-31 03:00:00,24.2,89.0,0.0,14.5,20.0,-4.959292078222194,-13.625543001395672
2025-10-31 04:00:00,24.4,88.0,0.0,15.6,21.0,-5.590540012906691,-14.563854653356346
2025-10-31 05:00:00,24.2,87.0,0.0,14.6,30.0,-7.300000000000006,-12.6439708952528
2025-10-31 06:00:00,24.1,87.0,0.0,16.5,23.0,-6.447063620073018,-15.188330081965264
2025-10-31 07:00:00,24.7,83.0,0.0,19.5,24.0,-7.931364539978102,-17.814136424030718
2025-10-31 08:00:00,26.0,75.0,0.0,19.8,12.0,-4.116651478191644,-19.36732249452935
2025-10-31 09:00:00,26.9,70.0,0.0,24.1,15.0,-6.237538986970748,-23.27881241356655
2025-10-31 10:00:00,27.9,61.0,0.0,22.5,14.0,-5.443242650992525,-21.83165384120992
2025-10-31 11:00:00,28.5,56.0,0.0,24.2,9.0,-3.785714053973591,-23.902057842402332
2025-10-31 12:00:00,28.8,56.0,0.0,26.5,2.0,-0.9248366626162702,-26.483856916006037
2025-10-31 13:00:00,28.1,59.0,0.0,30.6,1.0,-0.5340436369808751,-30.595339471785575
2025-10-31 14:00:00,27.0,63.0,0.0,32.6,3.0,-1.7061521735199845,-32.55532283299911
2025-10-31 15:00:00,26.2,64.0,0.0,28.9,6.0,-3.020872588435182,-28.7416827761431
2025-10-31 16:00:00,25.0,70.0,0.0,30.4,5.0,-2.6495345795288108,-30.284318821989064
2025-10-31 17:00:00,24.3,70.0,0.0,28.2,11.0,-5.380813669618558,-27.681886573224123
2025-10-31 18:00:00,23.6,71.0,0.0,26.3,13.0,-5.916212729243656,-25.625932703851685
2025-10-31 19:00:00,23.4,71.0,0.0,24.5,18.0,-7.570916362186216,-23.30088464923126
2025-10-31 20:00:00,23.1,72.0,0.0,22.2,17.0,-6.490651844844764,-21.229965582379382
2025-10-31 21:00:00,23.2,70.0,0.0,21.3,21.0,-7.633237325314905,-19.885263084390395
2025-10-31 22:00:00,23.2,70.0,0.0,20.0,24.0,-8.134732861516001,-18.27090915285202
2025-10-31 23:00:00,23.3,71.0,0.0,21.6,21.0,-7.740747710178496,-20.165337212339555
2025-11-01 00:00:00,23.0,74.0,0.0,22.2,21.0,-7.955768479905675,-20.725485468237874
2025-11-01 01:00:00,22.6,76.0,0.0,21.1,20.0,-7.216625024171607,-19.82751429858267
2025-11-01 02:00:00,22.9,74.0,0.0,24.1,19.0,-7.846192522417476,-22.78699767194354
2025-11-01 03:00:00,22.6,72.0,0.0,23.0,23.0,-8.986815955253299,-21.171611629406126
2025-11-01 04:00:00,22.5,71.0,0.0,20.7,25.0,-8.748198018032472,-18.760571191658656
2025-11-01 05:00:00,22.4,70.0,0.0,22.0,21.0,-7.884094889996616,-20.538769382938437
2025-11-01 06:00:00,22.2,70.0,0.0,22.9,22.0,-8.578490989224392,-21.23251026957943
2025-11-01 07:00:00,22.6,68.0,0.0,21.4,27.0,-9.715396694426303,-19.06753961763107
2025-11-01 08:00:00,24.6,60.0,0.0,19.6,27.0,-8.89821379489512,-17.46372787409201
2025-11-01 09:00:00,26.2,55.0,0.0,16.6,24.0,-6.7518282750582825,-15.164854596867178
2025-11-01 10:00:00,28.0,51.0,0.0,14.1,10.0,-2.4484393051037174,-13.885789317472133
2025-11-01 11:00:00,28.8,49.0,0.0,17.8,358.0,0.6212110413045192,-17.789156720939904
2025-11-01 12:00:00,29.1,49.0,0.0,18.5,350.0,3.2124912868382127,-18.218943430725847
2025-11-01 13:00:00,28.9,51.0,0.0,23.2,350.0,4.028637721872785,-22.847539869883224
2025-11-01 14:00:00,28.6,51.0,0.0,17.2,342.0,5.315092303249096,-16.35817208027664
2025-11-01 15:00:00,28.5,51.0,0.0,13.7,346.0,3.314329969715447,-13.293051449981151
2025-11-01 16:00:00,28.0,52.0,0.0,11.6,355.0,1.0110066158728344,-11.555858497864248
2025-11-01 17:00:00,26.9,57.0,0.0,11.6,356.0,0.8091750954318527,-11.57174298301396
2025-11-01 18:00:00,25.8,63.0,0.0,12.8,358.0,0.4467135577920138,-12.792202585844427
2025-11-01 19:00:00,25.0,66.0,0.0,9.8,6.0,-1.024378940023003,-9.74631457460908
2025-11-01 20:00:00,24.5,68.0,0.0,12.4,3.0,-0.6489658574125095,-12.383006230956715
2025-11-01 21:00:00,23.8,72.0,0.0,8.0,354.0,0.8362277061412277,-7.956175162946186
2025-11-01 22:00:00,23.4,76.0,0.0,4.9,350.0,0.8508760705679591,-4.82555798975982
2025-11-01 23:00:00,23.4,78.0,0.0,5.4,354.0,0.5644537016453287,-5.370418234988676
2025-11-02 00:00:00,23.0,78.0,0.0,4.4,78.0,-4.303849443228745,-0.9148114395981419
2025-11-02 01:00:00,23.0,78.0,0.0,3.5,156.0,-1.423578250765301,3.197409101749103
2025-11-02 02:00:00,22.2,84.0,0.0,2.0,175.0,-0.17431148549531647,1.992389396183491
2025-11-02 03:00:00,22.2,84.0,0.0,3.6,333.0,1.6343657990623686,-3.207623487078124
2025-11-02 04:00:00,22.2,83.0,0.0,6.9,23.0,-2.6960447865759893,-6.351483488821838
2025-11-02 05:00:00,22.3,81.0,0.0,8.6,49.0,-6.49050238991584,-5.64210764931836
2025-11-02 06:00:00,22.0,81.0,0.0,8.3,44.0,-5.765664474809678,-5.970520342810805
2025-11-02 07:00:00,23.0,77.0,0.0,9.2,31.0,-4.738350289172501,-7.885939166459431
2025-11-02 08:00:00,25.1,68.0,0.0,11.8,19.0,-3.8417042225944487,-11.157119192071939
2025-11-02 09:00:00,26.7,60.0,0.0,13.7,9.0,-2.143152171051165,-13.531330266153386
2025-11-02 10:00:00,27.2,58.0,0.0,18.0,2.0,-0.6281909406450137,-17.989034886343724
2025-11-02 11:00:00,27.5,57.0,0.0,17.3,2.0,-0.6037612929532632,-17.289461307430358
2025-11-02 12:00:00,26.8,60.0,0.0,17.0,355.0,1.4816476267101883,-16.935309867559674
2025-11-02 13:00:00,27.2,59.0,0.0,15.7,356.0,1.095176637782766,-15.66175558907924
2025-11-02 14:00:00,26.5,64.0,0.0,19.0,353.0,2.3155175246978024,-18.85837688118512
2025-11-02 15:00:00,26.0,65.0,0.0,19.9,7.0,-2.4251999337624284,-19.75166841766231
2025-11-02 16:00:00,25.5,63.0,0.0,22.4,12.0,-4.657221874317819,-21.910506256437245
2025-11-02 17:00:00,24.5,64.0,0.0,22.7,15.0,-5.875192323827218,-21.92651625676185
2025-11-02 18:00:00,24.0,64.0,0.0,24.0,13.0,-5.398825304252766,-23.38488155484564
2025-11-02 19:00:00,23.8,60.0,0.0,24.6,16.0,-6.780678953098173,-23.64703772008265
2025-11-02 20:00:00,23.6,57.0,0.0,24.2,18.0,-7.478211263873731,-23.015567694342714
2025-11-02 21:00:00,22.7,63.0,0.0,19.2,27.0,-8.7166175949993,-17.107325264416662
2025-11-02 22:00:00,22.1,67.0,0.0,15.7,20.0,-5.369716250212996,-14.753174146338761
2025-11-02 23:00:00,22.0,68.0,0.0,15.2,27.0,-6.900655596041113,-13.54329916766319
2025-11-03 00:00:00,21.9,67.0,0.0,11.4,35.0,-6.538771374401929,-9.338333304894505
2025-11-03 01:00:00,22.0,67.0,0.0,7.4,43.0,-5.04678786446249,-5.412017391981862
2025-11-03 02:00:00,21.6,70.0,0.0,7.8,61.0,-6.8220337156872874,-3.781515037921428
2025-11-03 03:00:00,21.6,71.0,0.0,9.9,22.0,-3.7086052748175318,-9.179120160211195
2025-11-03 04:00:00,22.0,70.0,0.0,11.5,34.0,-6.430718389913586,-9.53393208438298
2025-11-03 05:00:00,21.5,73.0,0.0,11.7,37.0,-7.041235770878965,-9.344035467553326
2025-11-03 06:00:00,21.5,73.0,0.0,11.7,36.0,-6.877087451821937,-9.465498834186883
2025-11-03 07:00:00,22.1,70.0,0.0,9.8,31.0,-5.047373134118534,-8.4002395468807
2025-11-03 08:00:00,23.8,64.0,0.0,10.6,28.0,-4.976398565530442,-9.359244484304625
2025-11-03 09:00:00,25.9,57.0,0.0,12.6,17.0,-3.683883479506487,-12.049439925134244
2025-11-03 10:00:00,26.7,54.0,0.0,13.4,15.0,-3.4681752043737766,-12.943406072273516
2025-11-03 11:00:00,27.5,51.0,0.0,18.2,4.0,-1.2695678221430855,-18.1556657147288
2025-11-03 12:00:00,28.6,48.0,0.0,19.4,359.0,0.3385766848833018,-19.39704528603399
2025-11-03 13:00:00,28.5,50.0,0.0,23.1,351.0,3.6136361424293346,-22.815600667747685
2025-11-03 14:00:00,27.2,55.0,0.0,28.1,351.0,4.39580846763049,-27.754042370723372
2025-11-03 15:00:00,26.4,59.0,0.0,29.2,360.0,1.7879843267551358e-15,-29.2
2025-11-03 16:00:00,25.1,63.0,0.0,26.6,5.0,-2.3183427570877098,-26.498778969240433
2025-11-03 17:00:00,23.9,66.0,0.0,24.0,8.0,-3.3401544230415796,-23.766433649797687
2025-11-03 18:00:00,22.9,70.0,0.0,21.5,14.0,-5.2013207553928575,-20.861358114933925
2025-11-03 19:00:00,22.4,74.0,0.0,18.5,15.0,-4.7881523343966315,-17.869627786347763
2025-11-03 20:00:00,22.2,76.0,0.0,14.4,8.0,-2.004092653824948,-14.259860189878612
2025-11-03 21:00:00,22.1,77.0,0.0,15.6,11.0,-2.976620327874096,-15.313384061783557
2025-11-03 22:00:00,21.7,78.0,0.0,12.6,22.0,-4.720043077040494,-11.68251656754152
2025-11-03 23:00:00,21.4,78.0,0.0,7.5,48.0,-5.573586191080457,-5.018479547691436
2025-11-04 00:00:00,21.0,80.0,0.0,4.9,39.0,-3.083669916144206,-3.808015211139156
2025-11-04 01:00:00,20.7,82.0,0.0,2.6,34.0,-1.453901549023941,-2.1554976886431088
2025-11-04 02:00:00,20.5,83.0,0.0,1.3,74.0,-1.2496402047198145,-0.3583285625620987
2025-11-04 03:00:00,20.2,85.0,0.0,1.1,351.0,0.17207791154425403,-1.0864571746546516
2025-11-04 04:00:00,20.0,86.0,0.0,3.2,43.0,-2.1823947521999956,-2.3403318451813457
2025-11-04 05:00:00,20.1,86.0,0.0,4.2,59.0,-3.600102662948872,-2.1631599146222276
2025-11-04 06:00:00,19.8,88.0,0.0,4.0,95.0,-3.984778792366982,0.3486229709906328
2025-11-04 07:00:00,21.2,81.0,0.0,4.4,120.0,-3.8105117766515306,2.1999999999999997
2025-11-04 08:00:00,24.2,72.0,0.0,5.4,26.0,-2.36720419266102,-4.853487850015501
2025-11-04 09:00:00,26.4,63.0,0.0,10.1,1.0,-0.17626930501656332,-10.098461721079552
2025-11-04 10:00:00,27.8,57.0,0.0,14.3,355.0,1.2463271212915115,-14.245584182711962
2025-11-04 11:00:00,28.0,58.0,0.0,19.2,353.0,2.339891393378832,-19.056886111513382
2025-11-04 12:00:00,28.1,59.0,0.0,22.0,351.0,3.4415582308850805,-21.72914349309303
2025-11-04 13:00:00,27.8,61.0,0.0,25.7,348.0,5.343330454016418,-25.1383933388588
2025-11-04 14:00:00,27.0,65.0,0.0,27.6,355.0,2.405498499835365,-27.49497366733218
2025-11-04 15:00:00,25.9,72.0,0.0,28.7,4.0,-2.0020107964564042,-28.630088242456953
2025-11-04 16:00:00,25.2,76.0,0.0,25.3,6.0,-2.64457012067163,-25.161403952817317
2025-11-04 17:00:00,24.6,78.0,0.0,25.3,9.0,-3.9577919655178455,-24.988515017056983
2025-11-04 18:00:00,23.8,82.0,0.0,25.8,14.0,-6.241584906471429,-25.03362973792071
2025-11-04 19:00:00,23.5,82.0,0.0,20.4,22.0,-7.64197450568461,-18.91455063316246
2025-11-04 20:00:00,22.9,82.0,0.0,21.6,17.0,-6.315228822011122,-20.656182728801564
2025-11-04 21:00:00,22.4,84.0,0.0,19.6,26.0,-8.592074477065925,-17.616363307463672
2025-11-04 22:00:00,22.1,85.0,0.0,14.3,27.0,-6.4920641462755215,-12.74139329589366
2025-11-04 23:00:00,21.9,86.0,0.0,14.0,24.0,-5.694313003061201,-12.789636406996413
2025-11-05 00:00:00,22.0,85.0,0.0,13.8,24.0,-5.612965674446041,-12.606927315467894
2025-11-05 01:00:00,21.9,87.0,0.0,15.7,2.0,-0.547922098229262,-15.690435984199803
2025-11-05 02:00:00,22.0,88.0,0.0,20.2,5.0,-1.7605460035026965,-20.12313290145326
2025-11-05 03:00:00,22.2,86.0,0.0,22.6,15.0,-5.849310419316967,-21.829923674132946
2025-11-05 04:00:00,22.0,84.0,0.0,19.7,28.0,-9.248589786882047,-17.39406757932086
2025-11-05 05:00:00,21.6,86.0,0.0,19.1,24.0,-7.7686698827477825,-17.44871824097368
2025-11-05 06:00:00,21.9,85.0,0.0,21.4,27.0,-9.715396694426303,-19.06753961763107
2025-11-05 07:00:00,22.9,81.0,0.0,23.3,22.0,-8.728333626590757,-21.603383811406147
2025-11-05 08:00:00,25.0,74.0,0.0,22.3,14.0,-5.394858271872592,-21.63759469595472
2025-11-05 09:00:00,26.5,69.0,0.0,25.8,7.0,-3.144229059852797,-25.60769071234611
2025-11-05 10:00:00,27.7,64.0,0.0,28.0,11.0,-5.342651870543249,-27.485561136534592
2025-11-05 11:00:00,28.5,62.0,0.0,26.6,5.0,-2.3183427570877098,-26.498778969240433
2025-11-05 12:00:00,28.5,62.0,0.0,27.7,2.0,-0.966716058659271,-27.683125908428952
2025-11-05 13:00:00,28.1,63.0,0.0,30.6,2.0,-1.0679245990965234,-30.581359306784332
2025-11-05 14:00:00,28.2,63.0,0.0,29.4,358.0,1.0260452030535316,-29.382090314361413
2025-11-05 15:00:00,27.2,68.0,0.0,29.5,358.0,1.029535152723782,-29.482029397063325
2025-11-05 16:00:00,25.9,76.0,0.0,28.8,359.0,0.5026293053937676,-28.79561362050407
2025-11-05 17:00:00,24.5,82.0,0.0,26.1,1.0,-0.4555078080130993,-26.096024843581812
2025-11-05 18:00:00,24.3,83.0,0.0,24.0,5.0,-2.091737825943798,-23.908672754201895
2025-11-05 19:00:00,24.2,82.0,0.0,22.0,10.0,-3.820259908672467,-21.665770566268577
2025-11-05 20:00:00,23.9,81.0,0.0,19.0,13.0,-4.27407003253344,-18.513031230919466
2025-11-05 21:00:00,23.6,82.0,0.0,17.3,21.0,-6.199765527133702,-16.15094137840159
2025-11-05 22:00:00,23.2,84.0,0.0,16.5,25.0,-6.973201318721536,-14.954078486104725
2025-11-05 23:00:00,23.0,85.0,0.0,15.7,25.0,-6.635106709328976,-14.229032256475405
2025-11-06 00:00:00,22.8,86.0,0.0,15.2,23.0,-5.939113153036962,-13.99167377247709
2025-11-06 01:00:00,22.6,86.0,0.0,13.7,23.0,-5.353016460303051,-12.610916492298431
2025-11-06 02:00:00,22.2,88.0,0.0,13.2,28.0,-6.197024628773757,-11.654908225737836
2025-11-06 03:00:00,22.1,87.0,0.0,12.2,26.0,-5.3481279908267485,-10.965287364849834
2025-11-06 04:00:00,21.8,88.0,0.0,11.6,36.0,-6.81830892659269,-9.38459713474939
2025-11-06 05:00:00,21.5,89.0,0.0,8.7,45.0,-6.151828996322965,-6.151828996322962
2025-11-06 06:00:00,21.2,90.0,0.0,6.0,25.0,-2.5357095704441948,-5.4378467222199
2025-11-06 07:00:00,22.7,83.0,0.0,8.2,29.0,-3.975438886019962,-7.171881598543046
2025-11-06 08:00:00,24.5,75.0,0.0,2.7,42.0,-1.806652637168917,-2.006491028788965
2025-11-06 09:00:00,27.2,64.0,0.0,3.9,336.0,1.5862729079956208,-3.562827284806143
2025-11-06 10:00:00,28.9,59.0,0.0,7.4,321.0,4.656970893768798,-5.750880114781585
2025-11-06 11:00:00,29.5,57.0,0.0,12.5,324.0,7.347315653655914,-10.112712429686843
2025-11-06 12:00:00,29.7,57.0,0.0,13.0,333.0,5.901876496614109,-11.583084814448782
2025-11-06 13:00:00,30.2,55.0,0.0,13.1,335.0,5.536299228803163,-11.872632010180114
2025-11-06 14:00:00,29.8,55.0,0.0,14.3,336.0,5.8163339959839435,-13.063700044289194
2025-11-06 15:00:00,28.9,60.0,0.0,15.6,343.0,4.560998593674693,-14.918354193023353
2025-11-06 16:00:00,27.9,65.0,0.0,15.8,359.0,0.27574802170908086,-15.797593583470983
2025-11-06 17:00:00,26.4,75.0,0.0,14.4,4.0,-1.0044932219154084,-14.36492232374147
2025-11-06 18:00:00,25.5,79.0,0.0,15.1,3.0,-0.790272939268459,-15.079305974794064
2025-11-06 19:00:00,25.4,80.0,0.0,16.3,5.0,-1.4206386067868295,-16.237973578895453
2025-11-06 20:00:00,25.0,81.0,0.0,13.8,6.0,-1.4424927930936164,-13.724402156082174
2025-11-06 21:00:00,24.6,82.0,0.0,11.5,14.0,-2.7821017993961794,-11.15840085217396
2025-11-06 22:00:00,24.1,84.0,0.0,6.1,14.0,-1.4757235631579735,-5.918803930283578
2025-11-06 23:00:00,23.4,88.0,0.0,3.3,6.0,-0.3449439287832561,-3.281922254715302
2025-11-07 00:00:00,23.0,90.0,0.0,2.4,9.0,-0.3754427160965545,-2.37045201742833
2025-11-07 01:00:00,22.8,92.0,0.0,1.2,39.0,-0.7551844692598054,-0.9325751537483646
2025-11-07 02:00:00,22.5,92.0,0.0,4.5,143.0,-2.7081676041842178,3.593859795212817
2025-11-07 03:00:00,22.5,92.0,0.0,5.4,150.0,-2.699999999999999,4.676537180435969
2025-11-07 04:00:00,22.5,92.0,0.0,6.8,145.0,-3.900319767187114,5.570233901165143
2025-11-07 05:00:00,22.5,91.0,0.0,5.0,136.0,-3.4732918522949867,3.5966990016932554
2025-11-07 06:00:00,22.4,92.0,0.0,1.4,90.0,-1.4,1.7145055188062944e-16
2025-11-07 07:00:00,23.8,84.0,0.0,2.8,45.0,-1.9798989873223334,-1.9798989873223327
2025-11-07 08:00:00,26.5,72.0,0.0,3.9,37.0,-2.347078590292988,-3.114678489184442
2025-11-07 09:00:00,28.6,63.0,0.0,2.7,337.0,1.0549740469210391,-2.485363104321589
2025-11-07 10:00:00,29.9,58.0,0.0,6.5,309.0,5.05144874947031,-4.090582541823943
2025-11-07 11:00:00,30.1,58.0,0.0,11.8,324.0,6.935865977051184,-9.54640053362438
2025-11-07 12:00:00,29.6,59.0,0.0,14.5,333.0,6.582862246223429,-12.919594600731333
2025-11-07 13:00:00,29.4,58.0,0.0,15.5,338.0,5.806402197946635,-14.371349745785205
2025-11-07 14:00:00,29.2,62.0,0.0,16.6,339.0,5.948907962451987,-15.49743507985355
2025-11-07 15:00:00,28.7,64.0,0.0,18.3,350.0,3.177761651304827,-18.02198188012341
2025-11-07 16:00:00,27.8,70.0,0.0,20.2,359.0,0.3525386100331287,-20.196923442159104
2025-11-07 17:00:00,26.0,80.0,0.0,18.9,2.0,-0.6596004876772643,-18.888486630660907
2025-11-07 18:00:00,25.0,87.0,0.0,17.5,2.0,-0.6107411922937633,-17.489339472834175
2025-11-07 19:00:00,24.9,88.0,0.0,18.8,4.0,-1.311421706389561,-18.754204144884696
2025-11-07 20:00:00,25.4,85.0,0.0,16.9,8.0,-2.3520254062251125,-16.735530361732536
2025-11-07 21:00:00,25.2,84.0,0.0,14.3,12.0,-2.973137178693965,-13.987510690493421
2025-11-07 22:00:00,24.8,86.0,0.0,13.5,16.0,-3.721104303529485,-12.977032895167307
2025-11-07 23:00:00,24.2,89.0,0.0,9.7,18.0,-2.997464845436991,-9.225248208062988
2025-11-08 00:00:00,23.5,92.0,0.0,4.0,360.0,2.4492935982947064e-16,-4.0
2025-11-08 01:00:00,23.1,95.0,0.0,3.7,349.0,0.7059932828932162,-3.632020578756357
2025-11-08 02:00:00,22.7,97.0,0.0,1.1,72.0,-1.046162167924669,-0.33991869381244205
2025-11-08 03:00:00,22.5,97.0,0.0,1.8,127.0,-1.4375439180851273,1.0832670416736867
2025-11-08 04:00:00,22.6,97.0,0.0,6.4,133.0,-4.6806636903626915,4.364789504399991
2025-11-08 05:00:00,22.5,97.0,0.0,9.2,135.0,-6.505382386916236,6.505382386916237
2025-11-08 06:00:00,22.6,96.0,0.0,8.2,130.0,-6.2815644335756184,5.270858399429623
2025-11-08 07:00:00,23.6,90.0,0.0,8.3,138.0,-5.553784032778524,6.168102051462372
2025-11-08 08:00:00,26.3,78.0,0.0,6.6,151.0,-3.199743493625824,5.772490067120012
2025-11-08 09:00:00,28.9,66.0,0.0,7.7,191.0,1.4692292643993958,7.558529312547013
2025-11-08 10:00:00,30.6,57.0,0.0,7.1,260.0,6.992135046386677,1.2329020614352053
2025-11-08 11:00:00,29.7,65.0,0.0,14.1,322.0,8.680826802091781,-11.11095162585478
2025-11-08 12:00:00,28.7,69.0,0.0,15.9,333.0,7.218448945858794,-14.167003734595049
2025-11-08 13:00:00,29.0,64.0,0.0,14.0,330.0,7.000000000000002,-12.12435565298214
2025-11-08 14:00:00,29.0,65.0,0.0,14.7,327.0,8.006193814720898,-12.328457348797732
2025-11-08 15:00:00,28.3,68.0,0.0,16.8,337.0,6.564282958619799,-15.464481538001
2025-11-08 16:00:00,27.1,73.0,0.0,17.0,347.0,3.8241679238457036,-16.564291101349
2025-11-08 17:00:00,25.7,81.0,0.0,15.5,357.0,0.8112073217656315,-15.478757788695894
2025-11-08 18:00:00,24.7,87.0,0.0,13.7,358.0,0.4781231048242648,-13.691654330161612
2025-11-08 19:00:00,24.6,89.0,0.0,12.5,355.0,1.0894467843457267,-12.45243372614682
2025-11-08 20:00:00,24.6,90.0,0.0,13.6,353.0,1.657423070310006,-13.49862766232198
2025-11-08 21:00:00,24.8,88.0,0.0,12.8,5.0,-1.1155935071700256,-12.751292135574344
2025-11-08 22:00:00,24.7,88.0,0.0,9.9,9.0,-1.5487012038982872,-9.778114571891864
2025-11-08 23:00:00,24.4,89.0,0.0,6.9,355.0,0.6013746249588412,-6.873743416833045
2025-11-09 00:00:00,24.0,91.0,0.0,6.5,355.0,0.5665123278597779,-6.475265537596346
2025-11-09 01:00:00,23.8,92.0,0.0,7.6,15.0,-1.9670247427791567,-7.341036279796919
2025-11-09 02:00:00,23.5,94.0,0.0,7.0,46.0,-5.035378602370558,-4.862608593212982
2025-11-09 03:00:00,22.9,96.0,0.0,3.5,39.0,-2.2026213686744325,-2.720010865099397
2025-11-09 04:00:00,22.9,96.0,0.0,5.2,2.0,-0.18147738285300397,-5.196832300499298
2025-11-09 05:00:00,23.0,95.0,0.0,8.2,14.0,-1.9837595439172757,-7.95642495546317
2025-11-09 06:00:00,22.9,93.0,0.0,5.2,16.0,-1.4333142502483942,-4.998560818879259
2025-11-09 07:00:00,24.4,84.0,0.0,3.6,33.0,-1.960700526054097,-3.0192140446035265
2025-11-09 08:00:00,26.3,76.0,0.0,1.2,153.0,-0.544788599687456,1.0692078290260414
2025-11-09 09:00:00,28.7,64.0,0.0,4.6,234.0,3.721478174124758,2.703812160545376
2025-11-09 10:00:00,30.4,57.0,0.0,5.1,260.0,5.022519540362261,0.8856057061013446
2025-11-09 11:00:00,31.1,55.0,0.0,8.1,323.0,4.874701687531592,-6.468947631383072
2025-11-09 12:00:00,31.6,54.0,0.0,14.5,340.0,4.959292078222198,-13.62554300139567
2025-11-09 13:00:00,31.0,57.0,0.0,23.6,345.0,6.1081294644194895,-22.795849500422012
2025-11-09 14:00:00,30.9,60.0,0.0,27.0,354.0,2.822268508226643,-26.85209117494338
2025-11-09 15:00:00,29.3,66.0,0.0,30.0,356.0,2.092694212323757,-29.926921507794727
2025-11-09 16:00:00,27.3,75.0,0.0,29.8,356.0,2.078742917574932,-29.72740869774276
2025-11-09 17:00:00,25.8,85.0,0.0,24.5,356.0,1.7090336067310683,-24.44031923136569
2025-11-09 18:00:00,25.0,89.0,0.0,24.5,359.0,0.42758395771344815,-24.496268531331587
2025-11-09 19:00:00,25.0,87.0,0.0,23.7,5.0,-2.0655911031195004,-23.609814344774367
2025-11-09 20:00:00,25.1,84.0,0.0,19.9,16.0,-5.4851833807582775,-19.129107749172547
2025-11-09 21:00:00,25.0,86.0,0.0,21.8,11.0,-4.159636099208672,-21.399472599159076
2025-11-09 22:00:00,24.8,85.0,0.0,22.7,19.0,-7.390397106177455,-21.463271666104493
2025-11-09 23:00:00,24.4,86.0,0.0,19.0,15.0,-4.917561856947892,-18.352590699492296
2025-11-10 00:00:00,24.1,85.0,0.0,19.9,17.0,-5.818196923982468,-19.030464643664402
2025-11-10 01:00:00,23.9,84.0,0.0,20.0,19.0,-6.511363089143133,-18.910371511986337
2025-11-10 02:00:00,24.0,83.0,0.0,20.2,14.0,-4.8868222911132895,-19.599973670775128
2025-11-10 03:00:00,24.2,80.0,0.0,26.6,15.0,-6.884586599727049,-25.693626979289217
2025-11-10 04:00:00,24.4,78.0,0.0,27.3,18.0,-8.436163946436068,-25.96384289485769
2025-11-10 05:00:00,24.2,79.0,0.0,28.9,20.0,-9.88438214211182,-27.157116740712752
2025-11-10 06:00:00,24.2,79.0,0.0,32.0,20.0,-10.944644586421393,-30.07016386514907
2025-11-10 07:00:00,24.6,78.0,0.0,30.1,20.0,-10.294806314102624,-28.284747885655847
2025-11-10 08:00:00,26.0,72.0,0.0,26.8,16.0,-7.387081135895571,-25.76181345114695
2025-11-10 09:00:00,26.8,68.0,0.0,26.6,15.0,-6.884586599727049,-25.693626979289217
2025-11-10 10:00:00,28.0,63.0,0.0,27.6,12.0,-5.73836266657017,-26.996873780253036
2025-11-10 11:00:00,28.4,61.0,0.0,27.6,8.0,-3.841177586497817,-27.33139869726734
2025-11-10 12:00:00,27.1,68.0,0.0,31.8,6.0,-3.324005131911377,-31.625796272711096
2025-11-10 13:00:00,26.6,69.0,0.0,30.9,6.0,-3.2299295149704887,-30.730726566879646
2025-11-10 14:00:00,26.4,72.0,0.1,31.6,4.0,-2.204304570314368,-31.523023988210447
2025-11-10 15:00:00,26.4,72.0,0.0,29.4,12.0,-6.112603710042137,-28.75753946157388
2025-11-10 16:00:00,25.5,75.0,0.0,30.3,10.0,-5.261539783307989,-29.839674916269903
2025-11-10 17:00:00,24.5,78.0,0.1,32.2,11.0,-6.144049651124737,-31.60839530701478
2025-11-10 18:00:00,23.6,83.0,0.6,34.4,11.0,-6.563829440953135,-33.767975110599636
2025-11-10 19:00:00,22.6,89.0,1.7000000000000002,27.9,15.0,-7.2210513583603255,-26.949330553465003
2025-11-10 20:00:00,23.1,88.0,0.2,20.8,19.0,-6.771817612708858,-19.66678637246579
2025-11-10 21:00:00,23.7,85.0,0.0,22.1,9.0,-3.457201677389106,-21.827912327152543
2025-11-10 22:00:00,23.5,84.0,0.0,24.1,24.0,-9.802353098126783,-22.016445529186687
2025-11-10 23:00:00,23.2,86.0,0.0,20.7,26.0,-9.074282738533908,-18.605036758392753
2025-11-11 00:00:00,22.9,92.0,1.0,13.3,23.0,-5.196724008907342,-12.242714550917457
2025-11-11 01:00:00,22.5,97.0,3.5,3.3,68.0,-3.0597067200703982,-1.2362017582725096
2025-11-11 02:00:00,22.8,93.0,0.4,9.7,19.0,-3.1580110982344194,-9.171530183313372
2025-11-11 03:00:00,23.0,93.0,0.0,3.5,9.0,-0.5475206276408087,-3.456909192082982
2025-11-11 04:00:00,23.1,94.0,0.2,2.2,48.0,-1.6349186160502676,-1.4720873339894882
2025-11-11 05:00:00,23.0,96.0,0.5,7.4,18.0,-2.286725758374612,-7.037818220584136
2025-11-11 06:00:00,23.0,95.0,0.7000000000000001,6.9,6.0,-0.7212463965468082,-6.862201078041087
2025-11-11 07:00:00,22.9,96.0,0.0,12.5,36.0,-7.347315653655915,-10.112712429686841
2025-11-11 08:00:00,24.9,84.0,0.0,23.9,12.0,-4.969089410544458,-23.377727657537953
2025-11-11 09:00:00,25.9,77.0,0.0,19.8,20.0,-6.771998837848238,-18.605913891560988
2025-11-11 10:00:00,27.2,72.0,0.0,10.7,17.0,-3.1283772405332866,-10.232460888804477
2025-11-11 11:00:00,28.4,67.0,0.0,15.2,26.0,-6.663241431193981,-13.661669503747335
2025-11-11 12:00:00,28.1,68.0,0.0,19.3,22.0,-7.229907252927108,-17.894648393138997
2025-11-11 13:00:00,29.0,65.0,0.0,24.5,16.0,-6.753115217516473,-23.550911550488816
2025-11-11 14:00:00,29.0,66.0,0.0,27.9,6.0,-2.9163441251675284,-27.74716088077483
2025-11-11 15:00:00,27.0,73.0,0.0,33.6,8.0,-4.676216192258212,-33.273007109716765
2025-11-11 16:00:00,25.9,76.0,0.0,31.4,9.0,-4.912042202263255,-31.01341389468732
2025-11-11 17:00:00,24.8,78.0,0.0,29.7,10.0,-5.157350876707831,-29.248790264462578
2025-11-11 18:00:00,23.8,81.0,0.0,25.0,9.0,-3.910861626005776,-24.69220851487844
2025-11-11 19:00:00,23.5,81.0,0.0,22.2,17.0,-6.490651844844764,-21.229965582379382
2025-11-11 20:00:00,23.5,82.0,0.0,18.7,13.0,-4.20658471623028,-18.220720211483897
2025-11-11 21:00:00,23.5,83.0,0.0,26.4,11.0,-5.037357477940778,-25.914957643018326
2025-11-11 22:00:00,23.7,83.0,0.0,28.0,10.0,-4.862148974674049,-27.574617084341824
2025-11-11 23:00:00,23.7,83.0,0.0,27.4,15.0,-7.091641835809065,-26.46636764032047
2025-11-12 00:00:00,23.5,81.0,0.0,31.5,20.0,-10.773634514758559,-29.600317554756117
2025-11-12 01:00:00,23.1,81.0,0.0,26.8,24.0,-10.900542034431442,-24.483018264821705
2025-11-12 02:00:00,23.1,83.0,0.0,25.5,11.0,-4.865629382101887,-25.031493177915433
2025-11-12 03:00:00,23.2,87.0,0.4,28.5,19.0,-9.278692402028964,-26.94727940458053
2025-11-12 04:00:00,23.2,89.0,0.5,18.4,26.0,-8.06602910091903,-16.53781045190467
2025-11-12 05:00:00,23.4,89.0,0.2,19.3,16.0,-5.319800967268079,-18.552350731609557
2025-11-12 06:00:00,23.6,89.0,2.4,21.1,7.0,-2.5714431458486056,-20.9427237996319
2025-11-12 07:00:00,23.6,92.0,6.8,22.8,17.0,-6.6660748676784065,-21.803748435957207
2025-11-12 08:00:00,24.7,85.0,0.4,31.5,19.0,-10.255396865400435,-29.78383513137848
2025-11-12 09:00:00,24.6,85.0,0.3,32.0,5.0,-2.788983767925064,-31.878230338935857
2025-11-12 10:00:00,24.8,86.0,0.1,39.9,9.0,-6.241735155105218,-39.408764789745995
2025-11-12 11:00:00,24.5,85.0,0.3,41.8,4.0,-2.915820602504449,-41.69817730086065
2025-11-12 12:00:00,23.6,81.0,0.1,40.6,18.0,-12.546089971622871,-38.61289456158323
2025-11-12 13:00:00,24.1,77.0,0.1,38.5,18.0,-11.897154283435482,-36.61567587736341
2025-11-12 14:00:00,23.5,82.0,0.4,41.9,7.0,-5.106325488675666,-41.587683753771394
2025-11-12 15:00:00,24.4,81.0,0.1,39.6,14.0,-9.580107065746844,-38.42371076052946
2025-11-12 16:00:00,24.5,82.0,0.0,37.5,13.0,-8.435664537894947,-36.538877429446316
2025-11-12 17:00:00,24.2,83.0,0.0,39.3,17.0,-11.490207995603567,-37.58277690934729
2025-11-12 18:00:00,24.0,83.0,0.0,39.1,16.0,-10.777420612444656,-37.585332311188274
2025-11-12 19:00:00,23.9,83.0,0.0,39.7,13.0,-8.930556857451451,-38.682491571973834
2025-11-12 20:00:00,24.0,84.0,0.0,37.6,11.0,-7.174418226158077,-36.90918209763217
2025-11-12 21:00:00,24.2,88.0,0.1,35.7,14.0,-8.63661167290814,-34.639557428053074
2025-11-12 22:00:00,23.7,92.0,0.7000000000000001,35.5,9.0,-5.553423508928201,-35.06293609112738
2025-11-12 23:00:00,23.4,93.0,1.7000000000000002,33.9,11.0,-6.468424943264862,-33.27716151887581
2025-11-13 00:00:00,23.5,92.0,0.5,33.2,20.0,-11.355068758412196,-31.19779501009216
2025-11-13 01:00:00,23.5,90.0,0.1,32.1,17.0,-9.385131721599862,-30.697382666413436
2025-11-13 02:00:00,23.5,89.0,0.1,30.6,6.0,-3.198570975990193,-30.432369998269166
2025-11-13 03:00:00,23.6,87.0,0.0,36.3,5.0,-3.163753461739994,-36.16186754073036
2025-11-13 04:00:00,23.2,90.0,0.2,34.9,5.0,-3.041735421893273,-34.76719496340192
2025-11-13 05:00:00,23.0,88.0,0.1,34.3,7.0,-4.1801184787965475,-34.044333001297346
2025-11-13 06:00:00,23.0,85.0,0.0,33.0,9.0,-5.162337346327624,-32.59371523963954
2025-11-13 07:00:00,23.1,83.0,0.0,34.8,12.0,-7.23532684045804,-34.03953650553643
2025-11-13 08:00:00,23.5,75.0,0.0,36.8,14.0,-8.902725758067774,-35.706882726956664
2025-11-13 09:00:00,24.2,72.0,0.0,37.0,16.0,-10.19858216522896,-35.566682749717806
2025-11-13 10:00:00,24.8,70.0,0.0,37.6,13.0,-8.458159643329333,-36.636314435924845
2025-11-13 11:00:00,25.5,68.0,0.0,38.2,7.0,-4.655408918076622,-37.91526299269851
2025-11-13 12:00:00,25.7,66.0,0.0,39.7,4.0,-2.7693320076417858,-39.60329279531502
2025-11-13 13:00:00,25.5,65.0,0.0,40.0,6.0,-4.181138530706134,-39.78087581473093
2025-11-13 14:00:00,25.8,66.0,0.0,39.6,6.0,-4.139327145399073,-39.38306705658363
2025-11-13 15:00:00,24.9,70.0,0.0,37.6,8.0,-5.232908596098476,-37.23407938468304
2025-11-13 16:00:00,24.4,73.0,0.0,33.0,9.0,-5.162337346327624,-32.59371523963954
2025-11-13 17:00:00,23.4,78.0,0.0,31.2,9.0,-4.880755309255208,-30.815876226568296
2025-11-13 18:00:00,23.6,68.0,0.0,31.0,19.0,-10.092612788171856,-29.311075843578823
2025-11-13 19:00:00,23.5,65.0,0.0,29.0,24.0,-11.795362649198204,-26.49281827163543
2025-11-13 20:00:00,23.2,69.0,0.0,26.4,25.0,-11.157122109954457,-23.92652557776756
2025-11-13 21:00:00,23.1,73.0,0.0,25.7,22.0,-9.627389450788945,-23.828625062366434
2025-11-13 22:00:00,22.6,76.0,0.0,25.8,26.0,-11.309975587158206,-23.188886394518505
2025-11-13 23:00:00,21.9,80.0,0.0,23.4,31.0,-12.051890952895274,-20.057714836429422
2025-11-14 00:00:00,21.6,82.0,0.0,23.9,27.0,-10.85037294377517,-21.295055928101988
2025-11-14 01:00:00,21.0,86.0,0.4,26.1,24.0,-10.615826384278384,-23.843536444471887
2025-11-14 02:00:00,21.3,82.0,0.6,24.1,23.0,-9.4166201965915,-22.18416696820381
2025-11-14 03:00:00,20.8,86.0,0.4,24.1,26.0,-10.564744637616775,-21.660936515809922
2025-11-14 04:00:00,20.8,86.0,0.1,24.6,25.0,-10.3964092388212,-22.295171561101593
2025-11-14 05:00:00,20.6,83.0,0.0,23.9,24.0,-9.721005769511622,-21.83373643765816
2025-11-14 06:00:00,20.5,82.0,0.0,23.3,27.0,-10.577978643931443,-20.76045201358897
2025-11-14 07:00:00,20.9,79.0,0.0,22.2,25.0,-9.382125410643521,-20.12003287221363
2025-11-14 08:00:00,22.7,71.0,0.0,18.5,27.0,-8.398824245181618,-16.483620697484803
2025-11-14 09:00:00,24.5,64.0,0.0,18.2,23.0,-7.111306538504784,-16.753188332834412
2025-11-14 10:00:00,26.1,59.0,0.0,17.7,15.0,-4.581097098314615,-17.09688712531651
2025-11-14 11:00:00,27.1,56.0,0.0,19.8,7.0,-2.4130129994219143,-19.652413802498177
2025-11-14 12:00:00,27.6,54.0,0.0,22.2,5.0,-1.934857488998013,-22.11552229763675
2025-11-14 13:00:00,27.8,52.0,0.0,24.3,3.0,-1.2717637367035466,-24.266697694536145
2025-11-14 14:00:00,27.5,53.0,0.0,22.7,2.0,-0.7922185751467673,-22.686171773333474
2025-11-14 15:00:00,27.0,56.0,0.0,23.8,1.0,-0.41536727320734723,-23.796375144722113
2025-11-14 16:00:00,25.5,60.0,0.0,25.1,3.0,-1.3136325016979022,-25.065601322339806
2025-11-14 17:00:00,23.9,66.0,0.0,24.3,7.0,-2.9614250447450763,-24.118871484884128
2025-11-14 18:00:00,23.2,66.0,0.0,23.1,11.0,-4.407687793198181,-22.67558793764104
2025-11-14 19:00:00,22.5,67.0,0.0,20.2,16.0,-5.567874587503377,-19.417486257954042
2025-11-14 20:00:00,22.0,70.0,0.0,18.4,23.0,-7.189452764202638,-16.9372893035249
2025-11-14 21:00:00,21.7,72.0,0.0,15.8,24.0,-6.4264389605976415,-14.434018230753097
2025-11-14 22:00:00,21.1,76.0,0.0,13.9,29.0,-6.738853721424082,-12.157213929237605
2025-11-14 23:00:00,20.6,79.0,0.0,9.9,44.0,-6.877117867544073,-7.121464023352647
2025-11-15 00:00:00,20.1,81.0,0.0,9.0,35.0,-5.162187927159417,-7.3723683986009245
2025-11-15 01:00:00,19.7,83.0,0.0,8.9,40.0,-5.720809726210201,-6.817795543758904
2025-11-15 02:00:00,19.4,84.0,0.0,10.1,46.0,-7.265331983420376,-7.016049541635873
2025-11-15 03:00:00,19.5,85.0,0.0,7.8,38.0,-4.802159507540133,-6.1464838781324325
2025-11-15 04:00:00,19.8,85.0,0.0,7.6,25.0,-3.2118987892293136,-6.88793918147854
2025-11-15 05:00:00,19.8,85.0,0.0,9.3,27.0,-4.222111647577787,-8.28636067495182
2025-11-15 06:00:00,19.6,83.0,0.0,11.7,38.0,-7.203239261310199,-9.219725817198649
2025-11-15 07:00:00,20.2,79.0,0.0,12.5,37.0,-7.522687789400603,-9.982943875591161
2025-11-15 08:00:00,22.2,74.0,0.0,7.6,19.0,-2.4743179738743906,-7.185941174554808
2025-11-15 09:00:00,24.5,64.0,0.0,10.4,14.0,-2.515987714236545,-10.091075553270363
2025-11-15 10:00:00,26.1,58.0,0.0,12.7,8.0,-1.7674983821928358,-12.576404473017941
2025-11-15 11:00:00,26.9,57.0,0.0,13.9,356.0,0.9696149850433408,-13.866140298611557
2025-11-15 12:00:00,27.1,57.0,0.0,16.6,356.0,1.157957464152479,-16.55956323431308
2025-11-15 13:00:00,27.4,55.0,0.0,19.8,359.0,0.34555764745821527,-19.79698436409655
2025-11-15 14:00:00,26.8,58.0,0.0,23.4,1.0,-0.4083863106324338,-23.396436066659554
2025-11-15 15:00:00,25.8,63.0,0.0,23.8,8.0,-3.312319802849567,-23.568380036049373
2025-11-15 16:00:00,25.0,66.0,0.0,20.7,10.0,-3.594517277705458,-20.385520487352704
2025-11-15 17:00:00,23.9,73.0,0.0,16.5,6.0,-1.7247196439162804,-16.409611273576513
2025-11-15 18:00:00,23.3,75.0,0.0,17.2,6.0,-1.7978895682036378,-17.105776600334302
2025-11-15 19:00:00,23.1,74.0,0.0,16.3,7.0,-1.986470297503899,-16.17850227175355
2025-11-15 20:00:00,22.9,75.0,0.0,18.0,12.0,-3.7424104347196763,-17.6066568132085
2025-11-15 21:00:00,22.5,75.0,0.0,16.5,14.0,-3.9917112773945185,-16.00987948355394
2025-11-15 22:00:00,22.2,76.0,0.0,14.5,19.0,-4.720738239628771,-13.710019346190094
2025-11-15 23:00:00,21.7,78.0,0.0,11.1,30.0,-5.550000000000005,-9.612881982007266
2025-11-16 00:00:00,20.8,81.0,0.0,5.0,41.0,-3.2802951449525364,-3.77354790111386
2025-11-16 01:00:00,20.1,85.0,0.0,4.2,18.0,-1.2978713763747798,-3.994437368439645
2025-11-16 02:00:00,19.6,88.0,0.0,3.4,90.0,-3.4,4.1637991171010006e-16
2025-11-16 03:00:00,19.5,90.0,0.0,2.6,115.0,-2.3564002462952898,1.0988074805258188
2025-11-16 04:00:00,19.0,92.0,0.0,4.4,83.0,-4.367203067221817,-0.5362251109826482
2025-11-16 05:00:00,18.7,94.0,0.0,6.8,73.0,-6.502872340548641,-1.98812759211461
2025-11-16 06:00:00,19.1,92.0,0.0,6.5,58.0,-5.5123126250167696,-3.4444752175158313
2025-11-16 07:00:00,20.8,85.0,0.0,9.1,41.0,-5.970137163813616,-6.867857180027225
2025-11-16 08:00:00,22.9,76.0,0.0,6.4,45.0,-4.525483399593905,-4.525483399593904
2025-11-16 09:00:00,25.0,66.0,0.0,7.5,10.0,-1.3023613325019774,-7.3860581475915605
2025-11-16 10:00:00,26.5,61.0,0.0,10.4,360.0,6.368163355566237e-16,-10.4
2025-11-16 11:00:00,27.4,61.0,0.0,14.8,358.0,0.516512551197016,-14.790984239882619
2025-11-16 12:00:00,27.4,64.0,0.0,19.0,355.0,1.6559591122055046,-18.927699263743165
2025-11-16 13:00:00,27.1,66.0,0.0,22.3,354.0,2.330984730868672,-22.177838266712495
2025-11-16 14:00:00,27.0,67.0,0.0,22.7,353.0,2.766434095296848,-22.53079764225801
2025-11-16 15:00:00,26.3,70.0,0.0,23.6,359.0,0.41187679191989296,-23.596405605690837
2025-11-16 16:00:00,25.1,76.0,0.0,22.7,1.0,-0.3961696261263354,-22.69654268005008
2025-11-16 17:00:00,23.8,84.0,0.0,18.9,359.0,0.32985048166465997,-18.897121438455795
2025-11-16 18:00:00,23.2,88.0,0.0,18.4,4.0,-1.2835191168919107,-18.355178524780765
2025-11-16 19:00:00,23.0,90.0,0.0,15.4,5.0,-1.3421984383139371,-15.341398350612883
2025-11-16 20:00:00,22.8,93.0,0.0,10.5,17.0,-3.0699028995887394,-10.041199937611871
2025-11-16 21:00:00,22.3,96.0,0.0,7.0,13.0,-1.5746573804070567,-6.820590453496646
2025-11-16 22:00:00,22.1,96.0,0.0,5.3,10.0,-0.9203353416347307,-5.2194810909647025
2025-11-16 23:00:00,21.7,96.0,0.0,4.9,360.0,3.0003846579110154e-16,-4.9
2025-11-17 00:00:00,21.6,97.0,0.0,5.2,16.0,-1.4333142502483942,-4.998560818879259
2025-11-17 01:00:00,21.5,98.0,0.0,4.4,58.0,-3.731411623088275,-2.331644762626101
2025-11-17 02:00:00,20.9,99.0,0.0,3.4,93.0,-3.395340418165551,0.17794225122600893
2025-11-17 03:00:00,21.0,99.0,0.0,2.6,124.0,-2.1554976886431083,1.453901549023942
2025-11-17 04:00:00,21.0,99.0,0.0,3.0,123.0,-2.5160117038362717,1.6339171050450818
2025-11-17 05:00:00,20.8,99.0,0.0,2.9,97.0,-2.8783838397598336,0.35342109587492787
2025-11-17 06:00:00,20.8,98.0,0.0,3.5,35.0,-2.0075175272286625,-2.8670321550114704
2025-11-17 07:00:00,20.9,99.0,0.0,4.5,50.0,-3.447199994035401,-2.892544243589427
2025-11-17 08:00:00,21.1,98.0,0.0,8.3,63.0,-7.395354150763454,-3.768121147838238
2025-11-17 09:00:00,24.0,81.0,0.0,6.7,16.0,-1.8467702839738926,-6.440453362786737
2025-11-17 10:00:00,25.8,73.0,0.0,13.2,338.0,4.944807033090037,-12.238826880281593
2025-11-17 11:00:00,27.0,68.0,0.0,19.5,356.0,1.3602512380104421,-19.452498980066572
2025-11-17 12:00:00,26.9,68.0,0.0,24.7,356.0,1.7229849014798932,-24.639832041417655
2025-11-17 13:00:00,26.4,71.0,0.0,26.8,358.0,0.9353065116270289,-26.783674164111765
2025-11-17 14:00:00,25.9,72.0,0.0,29.9,358.0,1.0434949514047822,-29.881785727870962
2025-11-17 15:00:00,25.0,76.0,0.0,30.3,3.0,-1.5857794741612126,-30.258474903063586
2025-11-17 16:00:00,24.2,78.0,0.0,32.4,5.0,-2.823846065024127,-32.27670821817255
2025-11-17 17:00:00,23.1,83.0,0.0,30.5,7.0,-3.7170149738569886,-30.272657625060322
2025-11-17 18:00:00,22.9,82.0,0.0,30.9,15.0,-7.997508493667887,-29.84710803233221
2025-11-17 19:00:00,22.7,80.0,0.0,29.5,19.0,-9.604260556486121,-27.892797980179846
2025-11-17 20:00:00,22.5,81.0,0.0,27.8,18.0,-8.590672443623543,-26.43937115300527
2025-11-17 21:00:00,22.2,81.0,0.0,28.1,22.0,-10.526445274987136,-26.053866313326726
2025-11-17 22:00:00,22.0,81.0,0.0,27.5,22.0,-10.301681318937588,-25.497556000586652
2025-11-17 23:00:00,21.7,81.0,0.0,28.9,20.0,-9.88438214211182,-27.157116740712752
2025-11-18 00:00:00,21.5,80.0,0.0,31.8,22.0,-11.91248967062601,-29.48444657522384
2025-11-18 01:00:00,21.3,80.0,0.0,32.6,21.0,-11.682795155176803,-30.434721903808775
2025-11-18 02:00:00,21.2,78.0,0.0,32.2,21.0,-11.539447975358684,-30.061289733209897
2025-11-18 03:00:00,20.6,78.0,0.0,30.9,24.0,-12.568162271042222,-28.228554641156368
2025-11-18 04:00:00,20.5,77.0,0.0,31.9,23.0,-12.464322998807834,-29.36410482513284
2025-11-18 05:00:00,20.5,75.0,0.0,30.6,22.0,-11.462961758526916,-28.371825949743695
2025-11-18 06:00:00,20.5,75.0,0.0,30.6,20.0,-10.465816385765457,-28.7545941960488
2025-11-18 07:00:00,20.5,74.0,0.0,32.6,23.0,-12.737834788750327,-30.008458222549553
2025-11-18 08:00:00,21.5,69.0,0.0,32.7,21.0,-11.718631950131334,-30.528079946458497
2025-11-18 09:00:00,22.8,64.0,0.0,33.9,20.0,-11.594482858740163,-31.855579844642293
2025-11-18 10:00:00,23.5,61.0,0.0,32.4,19.0,-10.548408204411874,-30.634801849417865
2025-11-18 11:00:00,23.9,58.0,0.0,35.2,17.0,-10.291484006240347,-33.661927409898844
2025-11-18 12:00:00,23.6,60.0,0.0,39.6,16.0,-10.915239290353156,-38.065963159157434
2025-11-18 13:00:00,23.0,62.0,0.0,43.7,13.0,-9.830361074826913,-42.579971831114776
2025-11-18 14:00:00,22.5,63.0,0.0,43.1,11.0,-8.223867700729073,-42.308131606594316
2025-11-18 15:00:00,21.5,64.0,0.0,43.7,12.0,-9.085740888736103,-42.74505015206731
2025-11-18 16:00:00,20.8,65.0,0.0,41.3,15.0,-10.6892265627341,-39.89273662573852
2025-11-18 17:00:00,19.6,70.0,0.0,37.7,15.0,-9.757478000365028,-36.415403651097876
2025-11-18 18:00:00,19.1,73.0,0.0,40.9,13.0,-9.200498122664088,-39.85173564971612
2025-11-18 19:00:00,18.6,73.0,0.0,39.9,19.0,-12.99016936284055,-37.72619116641274
2025-11-18 20:00:00,18.2,76.0,0.0,33.5,18.0,-10.352069311560744,-31.860393295887643
2025-11-18 21:00:00,18.0,75.0,0.0,30.1,19.0,-9.799601449160415,-28.46010912553944
2025-11-18 22:00:00,18.0,73.0,0.0,30.4,22.0,-11.388040439843733,-28.186389178830332
2025-11-18 23:00:00,18.0,72.0,0.0,28.2,24.0,-11.469973334737562,-25.761981905521345
2025-11-19 00:00:00,17.8,74.0,0.0,29.3,21.0,-10.50018092167731,-27.35390649636801
2025-11-19 01:00:00,18.0,73.0,0.0,32.8,23.0,-12.81598101444818,-30.192559193240037
2025-11-19 02:00:00,17.9,72.0,0.0,31.6,22.0,-11.83756835194283,-29.29900980431048
2025-11-19 03:00:00,17.6,72.0,0.0,33.1,21.0,-11.861979129949454,-30.901512117057376
2025-11-19 04:00:00,17.5,72.0,0.0,34.2,20.0,-11.697088901737866,-32.13748763087807
2025-11-19 05:00:00,17.1,71.0,0.0,36.0,22.0,-13.485837362972843,-33.378618764404344
2025-11-19 06:00:00,16.9,70.0,0.0,34.7,20.0,-11.8680989734007,-32.60733394127102
2025-11-19 07:00:00,16.5,71.0,0.0,31.9,22.0,-11.949950329967601,-29.577164960680513
2025-11-19 08:00:00,16.8,69.0,0.0,31.8,20.0,-10.87624055775626,-29.882225340991887
2025-11-19 09:00:00,17.6,65.0,0.0,32.4,21.0,-11.611121565267743,-30.24800581850933
2025-11-19 10:00:00,18.5,61.0,0.0,32.0,19.0,-10.418180942629013,-30.25659441917814
2025-11-19 11:00:00,19.0,59.0,0.0,32.3,20.0,-11.047250629419093,-30.35207165138484
2025-11-19 12:00:00,20.1,55.0,0.0,31.0,18.0,-9.579526825623374,-29.48275200514976
2025-11-19 13:00:00,20.4,54.0,0.0,33.3,15.0,-8.618674201913937,-32.16533001542597
2025-11-19 14:00:00,19.8,58.0,0.0,31.8,13.0,-7.153443528134916,-30.984968060170477
2025-11-19 15:00:00,19.5,58.0,0.0,28.9,16.0,-7.965919583111267,-27.780463012617417
2025-11-19 16:00:00,18.8,62.0,0.0,30.4,14.0,-7.3544256262299,-29.49699007879029
2025-11-19 17:00:00,17.7,65.0,0.0,30.1,16.0,-8.296684410091666,-28.933977047743404
2025-11-19 18:00:00,17.2,65.0,0.0,28.2,22.0,-10.563905934328726,-26.1465846987834
2025-11-19 19:00:00,17.0,66.0,0.0,26.9,22.0,-10.07691736288804,-24.94124568784658
2025-11-19 20:00:00,16.8,70.0,0.0,24.0,22.0,-8.990558241981894,-22.252412509602895
2025-11-19 21:00:00,16.8,70.0,0.0,24.3,24.0,-9.883700426741942,-22.199154620715206
2025-11-19 22:00:00,16.9,69.0,0.0,24.0,29.0,-11.635430885912085,-20.990872971345503
2025-11-19 23:00:00,16.6,70.0,0.0,21.7,31.0,-11.176326225548182,-18.60053042523583
2025-11-20 00:00:00,16.5,70.0,0.0,20.6,29.0,-9.98707817707454,-18.01716596707156
2025-11-20 01:00:00,16.5,69.0,0.0,21.3,24.0,-8.663490497514543,-19.458518247787403
2025-11-20 02:00:00,16.8,66.0,0.0,20.0,29.0,-9.696192404926737,-17.49239414278792
2025-11-20 03:00:00,16.9,64.0,0.0,19.7,30.0,-9.850000000000009,-17.060700454553434
2025-11-20 04:00:00,16.7,65.0,0.0,21.7,28.0,-10.187532912453829,-19.159962765038713
2025-11-20 05:00:00,16.6,64.0,0.0,21.4,27.0,-9.715396694426303,-19.06753961763107
2025-11-20 06:00:00,16.6,64.0,0.0,21.7,23.0,-8.478865488217242,-19.974955319917953
2025-11-20 07:00:00,17.0,62.0,0.0,21.0,28.0,-9.858902818503706,-18.541899450037466
2025-11-20 08:00:00,18.4,61.0,0.0,20.0,22.0,-7.492131868318246,-18.543677091335745
2025-11-20 09:00:00,20.4,55.0,0.0,22.8,18.0,-7.045587471748805,-21.6840885715295
2025-11-20 10:00:00,22.0,50.0,0.0,21.9,18.0,-6.767472176811351,-20.82813770686386
2025-11-20 11:00:00,22.0,51.0,0.0,20.7,13.0,-4.6564868249180105,-20.169460341054368
2025-11-20 12:00:00,22.5,51.0,0.0,20.4,9.0,-3.191263086820713,-20.148842148140808
2025-11-20 13:00:00,21.9,54.0,0.0,22.7,10.0,-3.9418136330393185,-22.35513599337712
2025-11-20 14:00:00,21.9,54.0,0.0,22.7,8.0,-3.1592293917934944,-22.479085160433645
2025-11-20 15:00:00,21.7,54.0,0.0,24.7,13.0,-5.556291042293472,-24.066940600195306
2025-11-20 16:00:00,21.8,54.0,0.0,23.1,15.0,-5.978719941868227,-22.31288658727748
2025-11-20 17:00:00,21.4,56.0,0.0,23.3,15.0,-6.030483750888731,-22.50607175253529
2025-11-20 18:00:00,20.8,59.0,0.0,22.4,21.0,-8.027442069814736,-20.912201553537315
2025-11-20 19:00:00,20.2,59.0,0.0,20.8,22.0,-7.7918171430509755,-19.285424174989178
2025-11-20 20:00:00,20.2,63.0,0.0,18.1,17.0,-5.291927855481542,-17.30911608293094
2025-11-20 21:00:00,19.9,65.0,0.0,16.6,22.0,-6.218469450704145,-15.39125198580867
2025-11-20 22:00:00,19.9,66.0,0.0,17.6,23.0,-6.8768678614112195,-16.20088542076295
2025-11-20 23:00:00,19.5,68.0,0.0,17.3,29.0,-8.387206430261628,-15.13092093351155
2025-11-21 00:00:00,19.4,68.0,0.0,15.0,32.0,-7.9487889634980755,-12.72072144234639
2025-11-21 01:00:00,19.5,68.0,0.0,14.7,25.0,-6.212488447588277,-13.322724469438755
2025-11-21 02:00:00,19.8,69.0,0.0,18.2,27.0,-8.262627095259754,-16.216318740228292
2025-11-21 03:00:00,20.0,68.0,0.0,19.9,30.0,-9.950000000000008,-17.233905535310324
2025-11-21 04:00:00,19.8,69.0,0.0,18.1,32.0,-9.591538682621012,-15.349670540431312
2025-11-21 05:00:00,19.6,69.0,0.0,16.5,29.0,-7.9993587340645576,-14.431225167800033
2025-11-21 06:00:00,19.8,68.0,0.0,17.3,24.0,-7.036543925211342,-15.804336417216998
2025-11-21 07:00:00,19.8,69.0,0.1,19.9,27.0,-9.034410944816983,-17.73102983134852
2025-11-21 08:00:00,19.5,76.0,0.0,11.8,27.0,-5.357087896926654,-10.51387698542274
2025-11-21 09:00:00,20.2,73.0,0.0,11.3,18.0,-3.4918920364369077,-10.746938634135235
2025-11-21 10:00:00,21.8,66.0,0.0,14.2,9.0,-2.2213694035712805,-14.025174436450953
2025-11-21 11:00:00,22.8,62.0,0.0,17.4,11.0,-3.320076519551876,-17.080312991989352
2025-11-21 12:00:00,23.8,59.0,0.0,18.4,10.0,-3.1951264690715178,-18.120462655424625
2025-11-21 13:00:00,24.0,58.0,0.0,22.0,9.0,-3.4415582308850827,-21.72914349309303
2025-11-21 14:00:00,24.4,57.0,0.0,17.1,11.0,-3.262833820938913,-16.785824836955054
2025-11-21 15:00:00,24.0,62.0,0.0,23.4,12.0,-4.8651335651355785,-22.88865385717105
2025-11-21 16:00:00,23.6,62.0,0.0,23.6,8.0,-3.2844851826575536,-23.37032642230106
2025-11-21 17:00:00,22.5,66.0,0.0,25.4,7.0,-3.095481322490738,-25.21067225168958
2025-11-21 18:00:00,21.2,69.0,0.0,23.3,15.0,-6.030483750888731,-22.50607175253529
2025-11-21 19:00:00,20.4,70.0,0.0,20.6,21.0,-7.382379760633195,-19.231756785842354
2025-11-21 20:00:00,19.6,75.0,0.0,18.3,20.0,-6.258968622859735,-17.196374960382126
2025-11-21 21:00:00,19.3,77.0,0.0,16.7,22.0,-6.255930110045735,-15.483970371265347
2025-11-21 22:00:00,18.9,79.0,0.0,14.6,29.0,-7.078220455596518,-12.769447724235182
2025-11-21 23:00:00,18.4,81.0,0.0,11.9,35.0,-6.825559592577452,-9.747909327039
2025-11-22 00:00:00,18.0,83.0,0.0,10.3,35.0,-5.907837294415778,-8.437266056176615
2025-11-22 01:00:00,17.9,83.0,0.0,11.2,32.0,-5.935095759411896,-9.498138676951971
2025-11-22 02:00:00,17.7,82.0,0.0,12.9,35.0,-7.399136028928498,-10.567061371327991
2025-11-22 03:00:00,17.7,81.0,0.0,12.3,34.0,-6.878072712690183,-10.197162142427015
2025-11-22 04:00:00,17.6,80.0,0.0,12.7,35.0,-7.2844207416582885,-10.403230962470193
2025-11-22 05:00:00,17.4,81.0,0.0,11.2,35.0,-6.424056087131719,-9.174502896036705
2025-11-22 06:00:00,17.1,81.0,0.0,11.6,33.0,-6.317812806174313,-9.728578588166918
2025-11-22 07:00:00,17.9,76.0,0.0,13.3,33.0,-7.2436991656998595,-11.154318553674141
2025-11-22 08:00:00,20.2,68.0,0.0,9.8,26.0,-4.296037238532962,-8.808181653731836
2025-11-22 09:00:00,22.9,58.0,0.0,11.0,21.0,-3.942047444998308,-10.269384691469218
2025-11-22 10:00:00,24.6,53.0,0.0,11.3,9.0,-1.7677094549546108,-11.160878248725057
2025-11-22 11:00:00,25.8,50.0,0.0,12.6,358.0,0.4397336584515136,-12.592324420440606
2025-11-22 12:00:00,26.2,50.0,0.0,15.2,354.0,1.5888326416683325,-15.116732809597753
2025-11-22 13:00:00,26.4,51.0,0.0,17.5,352.0,2.4355292668011455,-17.329691202977482
2025-11-22 14:00:00,26.1,54.0,0.0,21.0,350.0,3.646611731005539,-20.680962813256368
2025-11-22 15:00:00,24.9,60.0,0.0,24.2,357.0,1.266530141079244,-24.166834741060686
2025-11-22 16:00:00,23.6,66.0,0.0,25.0,1.0,-0.43631016093208747,-24.996192378909782
2025-11-22 17:00:00,22.3,72.0,0.0,24.0,3.0,-1.2560629498306635,-23.967108834109773
2025-11-22 18:00:00,21.8,73.0,0.0,22.4,12.0,-4.657221874317819,-21.910506256437245
2025-11-22 19:00:00,21.5,73.0,0.0,18.0,14.0,-4.35459412079402,-17.465323072967937
2025-11-22 20:00:00,21.0,75.0,0.0,15.9,15.0,-4.115222817130078,-15.358220637996187
2025-11-22 21:00:00,20.6,78.0,0.0,16.3,22.0,-6.106087472679371,-15.113096829438634
2025-11-22 22:00:00,20.2,80.0,0.0,14.7,23.0,-5.743747588792325,-13.531421345750871
2025-11-22 23:00:00,19.7,83.0,0.0,12.3,27.0,-5.584083146796427,-10.959380247516924
2025-11-23 00:00:00,19.1,87.0,0.0,11.4,23.0,-4.454334864777722,-10.49375532935782
2025-11-23 01:00:00,19.0,88.0,0.0,9.7,27.0,-4.403707847473605,-8.642763284627167
2025-11-23 02:00:00,18.5,91.0,0.0,10.6,28.0,-4.976398565530442,-9.359244484304625
2025-11-23 03:00:00,18.6,90.0,0.0,9.8,43.0,-6.683583928612487,-7.167266275867871
2025-11-23 04:00:00,18.2,91.0,0.0,8.5,46.0,-6.114388302878535,-5.9045961489014775
2025-11-23 05:00:00,18.1,92.0,0.0,8.7,42.0,-5.821436275322065,-6.4653599816533305
2025-11-23 06:00:00,18.5,90.0,0.0,9.6,40.0,-6.170761052990779,-7.354026653942188
2025-11-23 07:00:00,18.9,87.0,0.0,9.2,47.0,-6.7284540548963685,-6.274384912574985
2025-11-23 08:00:00,20.9,76.0,0.0,8.9,36.0,-5.231288745403012,-7.200251249937032
2025-11-23 09:00:00,23.5,65.0,0.0,10.4,23.0,-4.063603736288448,-9.573250475905379
2025-11-23 10:00:00,25.6,55.0,0.0,9.5,19.0,-3.092897467342988,-8.98242646819351
2025-11-23 11:00:00,26.8,53.0,0.0,13.0,350.0,2.2574263096700955,-12.802500789158705
2025-11-23 12:00:00,26.3,59.0,0.0,20.0,351.0,3.1286893008046186,-19.753766811902757
2025-11-23 13:00:00,25.8,63.0,0.0,23.5,354.0,2.4564188867898564,-23.37126454115442
2025-11-23 14:00:00,25.2,66.0,0.0,23.4,353.0,2.851742635680451,-23.22557994840693
2025-11-23 15:00:00,24.8,67.0,0.0,23.4,2.0,-0.8166482228385178,-23.38574535224684
2025-11-23 16:00:00,23.9,72.0,0.0,23.8,4.0,-1.6602040751101887,-23.742024396183815
2025-11-23 17:00:00,22.5,81.0,0.0,20.2,5.0,-1.7605460035026965,-20.12313290145326
2025-11-23 18:00:00,22.2,84.0,0.0,17.3,11.0,-3.300995620014222,-16.98215027364459
2025-11-23 19:00:00,22.0,85.0,0.0,14.0,15.0,-3.6234666314352886,-13.522961568046956
2025-11-23 20:00:00,21.6,89.0,0.0,13.6,12.0,-2.8275989951215332,-13.302807369979755
2025-11-23 21:00:00,21.2,92.0,0.0,12.1,17.0,-3.537697627145119,-11.571287547152727
2025-11-23 22:00:00,20.7,94.0,0.0,7.8,19.0,-2.539431604765822,-7.375044889674672
2025-11-23 23:00:00,19.9,95.0,0.0,4.4,21.0,-1.5768189779993234,-4.1077538765876875
2025-11-24 00:00:00,19.6,95.0,0.0,2.3,23.0,-0.8986815955253298,-2.1171611629406124
2025-11-24 01:00:00,19.4,95.0,0.0,2.1,52.0,-1.6548225825741163,-1.2928890981838823
2025-11-24 02:00:00,18.8,98.0,0.0,3.4,122.0,-2.883363526931848,1.8017254983928965
2025-11-24 03:00:00,18.6,96.0,0.0,4.4,120.0,-3.8105117766515306,2.1999999999999997
2025-11-24 04:00:00,18.6,97.0,0.0,4.4,111.0,-4.107753876587688,1.5768189779993211
2025-11-24 05:00:00,18.4,96.0,0.0,4.8,103.0,-4.6769763109691285,1.079765060850553
2025-11-24 06:00:00,18.1,95.0,0.0,4.2,100.0,-4.136192562651273,0.7293223462011071
2025-11-24 07:00:00,18.5,90.0,0.0,5.4,104.0,-5.2395969218903815,1.306378236238206
2025-11-24 08:00:00,20.6,80.0,0.0,4.3,85.0,-4.283637201794505,-0.37476969381492914
2025-11-24 09:00:00,24.0,66.0,0.0,2.5,4.0,-0.17439118436031395,-2.4939101256495606
2025-11-24 10:00:00,25.4,60.0,0.0,6.7,324.0,3.93816119035957,-5.420413862312148
2025-11-24 11:00:00,25.5,64.0,0.0,10.7,337.0,4.180823074835229,-9.849401931941111
2025-11-24 12:00:00,25.8,67.0,0.0,15.7,350.0,2.7262763893708075,-15.461481722291666
2025-11-24 13:00:00,25.7,67.0,0.0,21.9,355.0,1.908710766173713,-21.816663888209227
2025-11-24 14:00:00,25.5,68.0,0.0,20.4,351.0,3.191263086820711,-20.148842148140808
2025-11-24 15:00:00,24.6,71.0,0.0,22.9,358.0,0.7991984744872747,-22.88604993873729
2025-11-24 16:00:00,23.6,75.0,0.0,22.4,6.0,-2.341437577195435,-22.27729045624932
2025-11-24 17:00:00,22.5,82.0,0.0,18.7,8.0,-2.602536987953231,-18.518012885467364
2025-11-24 18:00:00,21.9,87.0,0.0,17.4,7.0,-2.120526575249561,-17.270303038559003
2025-11-24 19:00:00,21.5,91.0,0.0,17.2,11.0,-3.2819147204765673,-16.883987555299818
2025-11-24 20:00:00,21.2,93.0,0.0,15.9,14.0,-3.846558140034718,-15.427702047788344
2025-11-24 21:00:00,21.2,94.0,0.0,19.1,16.0,-5.264673496104679,-18.360098392421893
2025-11-24 22:00:00,21.4,93.0,0.0,20.2,16.0,-5.567874587503377,-19.417486257954042
2025-11-24 23:00:00,21.5,90.0,0.0,20.7,18.0,-6.396651783561414,-19.686869887309676
2025-11-25 00:00:00,21.5,89.0,0.0,21.1,17.0,-6.1690429696497535,-20.17803035082005
2025-11-25 01:00:00,21.1,88.0,0.0,24.4,18.0,-7.54001466274872,-23.205778997601744
2025-11-25 02:00:00,21.2,85.0,0.0,22.5,19.0,-7.3252834752860245,-21.27416795098463
2025-11-25 03:00:00,21.1,81.0,0.0,21.8,21.0,-7.812421300087556,-20.352053297638996
2025-11-25 04:00:00,21.1,76.0,0.0,25.5,18.0,-7.879933356561163,-24.251941165526414
2025-11-25 05:00:00,20.9,73.0,0.0,25.0,19.0,-8.139203861428916,-23.637964389982923
2025-11-25 06:00:00,20.6,73.0,0.0,27.8,18.0,-8.590672443623543,-26.43937115300527
2025-11-25 07:00:00,20.7,68.0,0.0,32.2,18.0,-9.950347218873313,-30.624019824703947
2025-11-25 08:00:00,21.9,53.0,0.0,31.6,17.0,-9.238945869238492,-30.219230288431916
2025-11-25 09:00:00,22.8,46.0,0.0,34.0,13.0,-7.648335847691419,-33.12858220269799
2025-11-25 10:00:00,23.4,43.0,0.0,36.2,12.0,-7.526403207602905,-35.408943146563765
2025-11-25 11:00:00,23.8,42.0,0.0,36.6,12.0,-7.6095678839300085,-35.800202186857284
2025-11-25 12:00:00,24.0,42.0,0.0,37.1,11.0,-7.079013728469805,-36.41836850590833
2025-11-25 13:00:00,24.0,43.0,0.0,37.1,10.0,-6.442347391443116,-36.53636763675292
2025-11-25 14:00:00,23.5,44.0,0.0,35.7,7.0,-4.350735559563755,-35.4338976135952
2025-11-25 15:00:00,23.4,44.0,0.0,34.2,8.0,-4.759720052834251,-33.86716795096171
2025-11-25 16:00:00,22.3,49.0,0.0,33.6,10.0,-5.83457876960886,-33.08954050121019
2025-11-25 17:00:00,20.7,55.0,0.0,30.7,12.0,-6.382888908105225,-30.02913134252783
2025-11-25 18:00:00,19.8,58.0,0.0,31.0,17.0,-9.063522846404851,-29.645447434854095
2025-11-25 19:00:00,19.1,59.0,0.0,28.9,19.0,-9.408919663811826,-27.325486834820257
2025-11-25 20:00:00,18.6,60.0,0.0,24.8,19.0,-8.074090230537484,-23.44886067486306
2025-11-25 21:00:00,18.4,60.0,0.0,20.9,25.0,-8.832721670380613,-18.941832749065984
2025-11-25 22:00:00,18.0,61.0,0.0,18.8,21.0,-6.737317451451654,-17.551312018147392
2025-11-25 23:00:00,17.9,62.0,0.0,19.1,24.0,-7.7686698827477825,-17.44871824097368
2025-11-26 00:00:00,17.6,62.0,0.0,17.7,28.0,-8.309646661310266,-15.628172393603007
2025-11-26 01:00:00,17.3,64.0,0.0,16.7,26.0,-7.3207981513775975,-15.009860573196086
2025-11-26 02:00:00,16.8,66.0,0.0,13.5,37.0,-8.124502812552652,-10.781579385638453
2025-11-26 03:00:00,16.6,66.0,0.0,11.8,34.0,-6.5984762609548095,-9.782643356149494
2025-11-26 04:00:00,16.6,67.0,0.0,11.4,35.0,-6.538771374401929,-9.338333304894505
2025-11-26 05:00:00,16.5,67.0,0.0,11.1,30.0,-5.550000000000005,-9.612881982007266
2025-11-26 06:00:00,16.3,68.0,0.0,10.4,32.0,-5.511160348025332,-8.81970020002683
2025-11-26 07:00:00,16.7,67.0,0.0,12.1,33.0,-6.590132323681826,-10.14791387213963
2025-11-26 08:00:00,18.4,61.0,0.0,7.5,37.0,-4.513612673640362,-5.989766325354696
2025-11-26 09:00:00,21.0,54.0,0.0,7.7,12.0,-1.6009200192967503,-7.531736525650303
2025-11-26 10:00:00,23.0,48.0,0.0,7.9,1.0,-0.13787401085453962,-7.898796791735491
2025-11-26 11:00:00,24.5,45.0,0.0,10.8,349.0,2.0607371500666853,-10.601573581234772
2025-11-26 12:00:00,25.4,43.0,0.0,15.0,354.0,1.5679269490148018,-14.9178284305241
2025-11-26 13:00:00,25.6,42.0,0.0,19.7,356.0,1.374202532759267,-19.652011790118536
2025-11-26 14:00:00,25.4,45.0,0.0,20.3,353.0,2.473947671124494,-20.148686878318838
2025-11-26 15:00:00,24.3,50.0,0.0,23.8,357.0,1.2455957585820665,-23.76738292715886
2025-11-26 16:00:00,23.1,55.0,0.0,23.6,360.0,1.4450832229938768e-15,-23.6
2025-11-26 17:00:00,21.9,59.0,0.0,18.9,1.0,-0.3298504816646581,-18.897121438455795
2025-11-26 18:00:00,21.4,61.0,0.0,17.4,5.0,-1.5165099238092534,-17.33378774679637
2025-11-26 19:00:00,20.6,62.0,0.0,14.0,12.0,-2.910763671448637,-13.694066410273278
2025-11-26 20:00:00,19.5,68.0,0.0,2.6,51.0,-2.0205794997881243,-1.6362330167295778
2025-11-26 21:00:00,19.0,69.0,0.0,0.4,207.0,0.18159619989581874,0.35640260967534715
2025-11-26 22:00:00,18.5,73.0,0.0,0.6000000000000001,214.0,0.3355157420824481,0.4974225435330251
2025-11-26 23:00:00,18.2,76.0,0.0,0.30000000000000004,135.0,-0.21213203435596428,0.2121320343559643
2025-11-27 00:00:00,17.8,76.0,0.0,2.4,103.0,-2.3384881554845642,0.5398825304252765
2025-11-27 01:00:00,18.0,75.0,0.0,4.2,97.0,-4.168693836893553,0.5118512423016197
2025-11-27 02:00:00,18.6,72.0,0.0,4.9,36.0,-2.880147736233119,-3.9641832724372423
2025-11-27 03:00:00,19.2,68.0,0.0,13.7,21.0,-4.909640908770619,-12.790051843011662
2025-11-27 04:00:00,19.5,70.0,0.0,19.6,13.0,-4.409040665139759,-19.09765326979061
2025-11-27 05:00:00,19.5,66.0,0.0,24.4,20.0,-8.345291497146311,-22.928499947176164
2025-11-27 06:00:00,19.9,61.0,0.0,27.7,23.0,-10.823252259152884,-25.497984440632596
2025-11-27 07:00:00,20.0,64.0,0.0,31.0,23.0,-12.11266498316749,-28.53565045702565
2025-11-27 08:00:00,21.2,59.0,0.0,30.9,18.0,-9.548625126185879,-29.387646353520243
2025-11-27 09:00:00,21.7,57.0,0.0,32.2,17.0,-9.414368892072135,-30.79301314200974
2025-11-27 10:00:00,22.3,55.0,0.0,33.5,13.0,-7.535860320519486,-32.641397170305375
2025-11-27 11:00:00,22.2,56.0,0.0,32.4,13.0,-7.288414160741234,-31.569590099041616
2025-11-27 12:00:00,22.5,53.0,0.0,29.2,16.0,-8.048610789856367,-28.068841521398916
2025-11-27 13:00:00,22.5,52.0,0.0,27.6,16.0,-7.60759102054917,-26.530822807897607
2025-11-27 14:00:00,22.9,52.0,0.0,25.1,15.0,-6.496358032073268,-24.244738239855614
2025-11-27 15:00:00,22.1,51.0,0.0,28.2,11.0,-5.380813669618558,-27.681886573224123
2025-11-27 16:00:00,21.4,49.0,0.0,26.9,16.0,-7.41464487147727,-25.85793962074078
2025-11-27 17:00:00,20.3,55.0,0.4,23.6,16.0,-6.505041597281174,-22.68577602414433
2025-11-27 18:00:00,19.8,56.0,0.3,20.8,17.0,-6.081331458232932,-19.891138924031136
2025-11-27 19:00:00,19.9,53.0,0.0,23.3,15.0,-6.030483750888731,-22.50607175253529
2025-11-27 20:00:00,19.8,55.0,0.0,20.8,18.0,-6.42755348299891,-19.781975538939193
2025-11-27 21:00:00,19.6,57.0,0.0,19.4,21.0,-6.952338221178834,-18.11146027404571
2025-11-27 22:00:00,19.3,57.0,0.0,16.7,25.0,-7.057724971069676,-15.135340043512056
2025-11-27 23:00:00,19.1,59.0,0.0,15.4,24.0,-6.2637443033673215,-14.068600047696055
2025-11-28 00:00:00,19.0,60.0,0.0,13.9,30.0,-6.950000000000006,-12.037753112603694
2025-11-28 01:00:00,18.9,60.0,0.0,11.9,23.0,-4.649700429022358,-10.954007756084039
2025-11-28 02:00:00,18.8,61.0,0.0,11.2,24.0,-4.555450402448961,-10.23170912559713
2025-11-28 03:00:00,18.4,64.0,0.0,12.3,29.0,-5.963158329029944,-10.757822397814572
2025-11-28 04:00:00,18.0,67.0,0.0,12.3,31.0,-6.334968321393671,-10.54315779863598
2025-11-28 05:00:00,18.1,65.0,0.0,13.5,23.0,-5.2748702346051966,-12.426815521607944
2025-11-28 06:00:00,18.2,62.0,0.0,13.9,25.0,-5.874393838195719,-12.597678239809436
2025-11-28 07:00:00,18.3,61.0,0.0,15.2,26.0,-6.663241431193981,-13.661669503747335
2025-11-28 08:00:00,18.5,64.0,0.0,9.3,46.0,-6.689860143149455,-6.460322845268676
2025-11-28 09:00:00,20.0,57.0,0.0,8.0,27.0,-3.6319239979163753,-7.128052193506942
2025-11-28 10:00:00,21.5,52.0,0.0,9.6,12.0,-1.9959522318504939,-9.390216967044534
2025-11-28 11:00:00,22.4,49.0,0.0,12.2,9.0,-1.9085004734908184,-12.049797755260679
2025-11-28 12:00:00,23.9,46.0,0.0,11.7,11.0,-2.232465245905572,-11.485038046337667
2025-11-28 13:00:00,23.5,47.0,0.0,8.8,9.0,-1.3766232923540331,-8.691657397237211
2025-11-28 14:00:00,24.0,47.0,0.0,12.6,3.0,-0.6594330486610982,-12.58273213790763
2025-11-28 15:00:00,23.0,51.0,0.0,16.9,8.0,-2.3520254062251125,-16.735530361732536
2025-11-28 16:00:00,22.4,54.0,0.0,17.3,8.0,-2.407694646609139,-17.131637589229165
2025-11-28 17:00:00,21.6,56.0,0.0,16.4,9.0,-2.5655252266597888,-16.198088785760255
2025-11-28 18:00:00,21.2,58.0,0.0,14.9,20.0,-5.0961001355524616,-14.001420049710037
2025-11-28 19:00:00,20.9,59.0,0.0,13.9,20.0,-4.754079992226793,-13.061727428924128
2025-11-28 20:00:00,20.4,63.0,0.0,11.2,16.0,-3.0871383851503875,-10.766130994509172
2025-11-28 21:00:00,20.1,64.0,0.0,9.7,15.0,-2.51054473749445,-9.369480515003962
2025-11-28 22:00:00,19.6,67.0,0.0,9.7,15.0,-2.51054473749445,-9.369480515003962
2025-11-28 23:00:00,19.0,69.0,0.0,9.6,17.0,-2.806768365338276,-9.18052565724514
2025-11-29 00:00:00,18.9,69.0,0.0,8.4,25.0,-3.549993398621873,-7.612985411107861
2025-11-29 01:00:00,18.4,71.0,0.0,6.4,32.0,-3.3914832910925123,-5.4275078154011265
2025-11-29 02:00:00,18.3,73.0,0.0,6.9,39.0,-4.342310698243882,-5.362307134053097
2025-11-29 03:00:00,17.5,76.0,0.0,5.0,30.0,-2.500000000000002,-4.330127018922192
2025-11-29 04:00:00,16.9,79.0,0.0,4.8,34.0,-2.6841259366595835,-3.9793803482642005
2025-11-29 05:00:00,16.6,79.0,0.0,5.2,41.0,-3.411506950750638,-3.9244898171584146
2025-11-29 06:00:00,17.0,78.0,0.0,6.1,32.0,-3.2325075118225506,-5.173093386554198
2025-11-29 07:00:00,17.4,77.0,0.0,8.6,36.0,-5.05495316971527,-6.9575461516245465
2025-11-29 08:00:00,19.8,70.0,0.0,7.6,31.0,-3.914289369316414,-6.514471485336052
2025-11-29 09:00:00,22.0,63.0,0.0,6.8,12.0,-1.4137994975607666,-6.651403684989877
2025-11-29 10:00:00,23.4,59.0,0.0,8.7,343.0,2.5436338310878095,-8.319851376878407
2025-11-29 11:00:00,24.0,56.0,0.0,11.1,338.0,4.158133186916623,-10.29174078569134
2025-11-29 12:00:00,24.5,53.0,0.0,14.1,341.0,4.59051097784591,-13.331811915950366
2025-11-29 13:00:00,24.5,53.0,0.0,17.8,344.0,4.906344933542585,-17.110458187702076
2025-11-29 14:00:00,24.5,54.0,0.0,18.1,347.0,4.071614083623955,-17.63609817261276
2025-11-29 15:00:00,24.0,56.0,0.0,17.5,348.0,3.6384545893107902,-17.117583012841596
2025-11-29 16:00:00,22.8,62.0,0.0,18.1,355.0,1.5775189437326125,-18.031124035460596
2025-11-29 17:00:00,21.2,73.0,0.0,16.9,2.0,-0.5898014942722628,-16.889704976622717
2025-11-29 18:00:00,20.3,82.0,0.0,16.5,8.0,-2.296356165841086,-16.339423134235908
2025-11-29 19:00:00,20.0,83.0,0.0,13.6,18.0,-4.202631123499287,-12.934368621614087
2025-11-29 20:00:00,19.8,87.0,0.0,11.2,26.0,-4.909756844037671,-10.066493318550668
2025-11-29 21:00:00,19.5,89.0,0.0,11.1,22.0,-4.1581331869166265,-10.291740785691339
2025-11-29 22:00:00,19.4,92.0,0.0,11.6,18.0,-3.5845971347493917,-11.03225558902378
2025-11-29 23:00:00,19.4,94.0,0.0,8.9,14.0,-2.1531048708370433,-8.635631963856369
2025-11-30 00:00:00,19.3,94.0,0.0,8.1,6.0,-0.8466805524679922,-8.055627352483015
2025-11-30 01:00:00,18.9,95.0,0.0,6.7,16.0,-1.8467702839738926,-6.440453362786737
2025-11-30 02:00:00,18.9,94.0,0.0,9.8,40.0,-6.299318574928087,-7.507235542565984
2025-11-30 03:00:00,18.4,95.0,0.0,7.2,51.0,-5.59545092249019,-4.5311068155588305
2025-11-30 04:00:00,18.4,94.0,0.0,7.7,41.0,-5.051654523226906,-5.811263767715345
2025-11-30 05:00:00,18.2,94.0,0.0,7.6,28.0,-3.5679838771727694,-6.710401705727845
2025-11-30 06:00:00,18.4,92.0,0.0,8.7,34.0,-4.864978260195495,-7.212626881228863
2025-11-30 07:00:00,18.9,87.0,0.0,7.9,41.0,-5.182866329025008,-5.962205683759899
2025-11-30 08:00:00,20.5,73.0,0.0,9.7,19.0,-3.1580110982344194,-9.171530183313372
2025-11-30 09:00:00,22.5,69.0,0.0,11.5,14.0,-2.7821017993961794,-11.15840085217396
2025-11-30 10:00:00,24.5,62.0,0.0,12.6,2.0,-0.4397336584515096,-12.592324420440606
2025-11-30 11:00:00,24.8,64.0,0.0,15.0,347.0,3.374265815157974,-14.615550971778529
2025-11-30 12:00:00,23.9,70.0,0.0,18.0,344.0,4.961472404705985,-17.30271052688974
2025-11-30 13:00:00,24.1,67.0,0.0,18.5,353.0,2.2545828529952288,-18.362103805364455
2025-11-30 14:00:00,23.9,68.0,0.0,18.6,350.0,3.229856104604906,-18.31742420602707
2025-11-30 15:00:00,22.2,79.0,0.0,20.9,356.0,1.4579103012522172,-20.849088650430325
2025-11-30 16:00:00,22.3,76.0,0.0,16.3,5.0,-1.4206386067868295,-16.237973578895453
2025-11-30 17:00:00,21.9,82.0,0.0,13.7,2.0,-0.4781231048242604,-13.691654330161612
2025-11-30 18:00:00,21.5,85.0,0.0,10.4,358.0,0.36295476570601126,-10.393664600998596
2025-11-30 19:00:00,21.4,85.0,0.0,12.1,354.0,1.264794405538607,-12.033714933956107
2025-11-30 20:00:00,20.1,78.0,0.0,4.3,28.0,-2.01872771997933,-3.796674649293386
2025-11-30 21:00:00,19.6,84.0,0.0,4.8,22.0,-1.798111648396379,-4.450482501920579
2025-11-30 22:00:00,19.9,85.0,0.0,8.5,5.0,-0.7408238133550951,-8.467654933779837
2025-11-30 23:00:00,20.0,85.0,0.0,11.7,17.0,-3.420748945256024,-11.188765644767512
2025-12-01 00:00:00,20.0,87.0,0.0,11.2,6.0,-1.1707187885977175,-11.13864522812466
2025-12-01 01:00:00,20.1,92.0,0.0,14.7,7.0,-1.7914793480556632,-14.590428429127433
2025-12-01 02:00:00,20.5,93.0,0.0,15.1,15.0,-3.9081675810480614,-14.585479976964931
2025-12-01 03:00:00,20.5,93.0,0.1,13.3,16.0,-3.6659768323660855,-12.784780555979644
2025-12-01 04:00:00,20.2,95.0,0.0,14.6,20.0,-4.99349409255476,-13.719512263474263
2025-12-01 05:00:00,20.3,92.0,0.0,12.3,30.0,-6.150000000000006,-10.652112466548592
2025-12-01 06:00:00,20.1,92.0,2.1,18.9,21.0,-6.773154246406183,-17.64467006079711
2025-12-01 07:00:00,20.1,88.0,0.0,18.3,24.0,-7.443280568287142,-16.7178818748596
2025-12-01 08:00:00,21.5,73.0,0.0,13.6,32.0,-7.206901993571588,-11.533454107727392
2025-12-01 09:00:00,23.0,67.0,0.4,13.1,49.0,-9.886695500918314,-8.594373279775642
2025-12-01 10:00:00,24.4,63.0,0.0,11.6,64.0,-10.426010937070336,-5.085105302753298
2025-12-01 11:00:00,25.9,58.0,0.0,8.6,49.0,-6.49050238991584,-5.64210764931836
2025-12-01 12:00:00,26.3,58.0,0.0,20.2,342.0,6.242143286373938,-19.2113416291621
2025-12-01 13:00:00,24.8,67.0,0.0,23.8,353.0,2.9004903730425102,-23.622598409063464
2025-12-01 14:00:00,24.8,71.0,0.0,24.5,356.0,1.7090336067310683,-24.44031923136569
2025-12-01 15:00:00,24.3,74.0,0.0,23.6,1.0,-0.4118767919198906,-23.596405605690837
2025-12-01 16:00:00,23.6,76.0,0.0,20.9,360.0,1.279755905108984e-15,-20.9
2025-12-01 17:00:00,22.3,85.0,0.0,16.0,359.0,0.2792385029965376,-15.99756312250226
2025-12-01 18:00:00,21.8,89.0,0.0,17.2,10.0,-2.9867486558712018,-16.938693351809977
2025-12-01 19:00:00,21.8,89.0,0.0,15.8,11.0,-3.014782126949405,-15.509709498473091
2025-12-01 20:00:00,21.4,91.0,0.0,13.7,360.0,8.388830574159369e-16,-13.7
2025-12-01 21:00:00,21.2,93.0,0.0,13.5,10.0,-2.3442503985035597,-13.294904665664808
2025-12-01 22:00:00,21.0,95.0,0.0,10.2,10.0,-1.7712114122026892,-10.045039080724521
2025-12-01 23:00:00,20.6,95.0,0.0,6.7,3.0,-0.35065090682772687,-6.690817882855645
2025-12-02 00:00:00,20.5,95.0,0.0,10.5,7.0,-1.2796281057540453,-10.421734592233882
2025-12-02 01:00:00,20.5,95.0,0.0,12.6,19.0,-4.102158746160174,-11.913534052551391
2025-12-02 02:00:00,20.5,96.0,0.0,12.3,30.0,-6.150000000000006,-10.652112466548592
2025-12-02 03:00:00,20.3,95.0,0.0,10.4,32.0,-5.511160348025332,-8.81970020002683
2025-12-02 04:00:00,20.9,90.0,0.0,13.0,26.0,-5.69882490825801,-11.684322601889168
2025-12-02 05:00:00,20.9,89.0,0.0,14.6,29.0,-7.078220455596518,-12.769447724235182
2025-12-02 06:00:00,20.7,90.0,0.0,14.3,35.0,-8.202143039819964,-11.71387423333258
2025-12-02 07:00:00,20.5,92.0,0.0,13.1,37.0,-7.883776803291832,-10.462125181619536
2025-12-02 08:00:00,22.5,80.0,0.0,13.7,23.0,-5.353016460303051,-12.610916492298431
2025-12-02 09:00:00,24.5,71.0,0.0,12.2,9.0,-1.9085004734908184,-12.049797755260679
2025-12-02 10:00:00,26.0,65.0,0.0,16.2,1.0,-0.2827289842839927,-16.197532661533536
2025-12-02 11:00:00,26.5,64.0,0.0,19.8,352.0,2.7556273990092963,-19.607307761083092
2025-12-02 12:00:00,25.9,68.0,0.0,24.7,352.0,3.4375755937136168,-24.459621297916787
2025-12-02 13:00:00,25.4,68.0,0.0,27.4,357.0,1.4340052010566646,-27.362449252275322
2025-12-02 14:00:00,25.2,68.0,0.0,27.0,359.0,0.47121497380665717,-26.995887769222563
2025-12-02 15:00:00,24.4,71.0,0.0,27.6,2.0,-0.9632261089890211,-27.583186825727044
2025-12-02 16:00:00,23.4,75.0,0.0,25.5,6.0,-2.665475813325161,-25.360308331890973
2025-12-02 17:00:00,22.2,80.0,0.0,20.1,5.0,-1.751830429227931,-20.023513431644087
2025-12-02 18:00:00,21.9,81.0,0.0,18.5,13.0,-4.161594505361507,-18.02584619852685
2025-12-02 19:00:00,21.5,81.0,0.0,15.1,17.0,-4.41481274131333,-14.440201815041833
2025-12-02 20:00:00,21.2,82.0,0.0,16.1,13.0,-3.6217119749362308,-15.687358043042288
2025-12-02 21:00:00,20.9,82.0,0.0,14.4,15.0,-3.7269942494762973,-13.909331898562584
2025-12-02 22:00:00,20.5,83.0,0.0,14.4,9.0,-2.252656296579327,-14.222712104569982
2025-12-02 23:00:00,20.5,83.0,0.0,16.9,15.0,-4.374041862232598,-16.324146464285253
2025-12-03 00:00:00,20.5,80.0,0.0,20.5,19.0,-6.674147166371712,-19.383130799785995
2025-12-03 01:00:00,20.2,78.0,0.0,19.4,23.0,-7.580183892691911,-17.85779415697734
2025-12-03 02:00:00,20.9,75.0,0.0,25.4,21.0,-9.102545918450637,-23.71294283302892
2025-12-03 03:00:00,21.0,77.0,0.0,24.5,19.0,-7.9764197842003375,-23.16520510218326
2025-12-03 04:00:00,20.6,78.0,0.0,28.2,15.0,-7.298697071891081,-27.239108301351727
2025-12-03 05:00:00,20.3,77.0,0.0,31.1,21.0,-11.145243230858853,-29.034351264062973
2025-12-03 06:00:00,19.9,77.0,0.0,27.6,21.0,-9.890955407450301,-25.766819771322766
2025-12-03 07:00:00,19.7,76.0,0.0,25.4,25.0,-10.734503848213759,-23.02021779073091
2025-12-03 08:00:00,20.1,72.0,0.0,31.7,14.0,-7.668924090509469,-30.758374522949087
2025-12-03 09:00:00,20.4,68.0,0.0,33.1,14.0,-8.007614744349004,-32.11678853973549
2025-12-03 10:00:00,20.1,68.0,0.0,33.3,14.0,-8.055999123468936,-32.31084768499068
2025-12-03 11:00:00,21.4,61.0,0.0,34.1,14.0,-8.249536639948673,-33.08708426601148
2025-12-03 12:00:00,20.5,64.0,0.0,34.3,14.0,-8.297921019068605,-33.281143411266676
2025-12-03 13:00:00,20.6,61.0,0.0,35.3,16.0,-9.72999866034006,-33.93253786662266
2025-12-03 14:00:00,20.2,62.0,0.0,36.7,12.0,-7.630359053011785,-35.89801694693067
2025-12-03 15:00:00,19.6,61.0,0.0,34.4,14.0,-8.322113208628572,-33.378172983894274
2025-12-03 16:00:00,19.4,59.0,0.0,34.1,15.0,-8.825729437995953,-32.93807067645723
2025-12-03 17:00:00,18.4,61.0,0.0,31.9,19.0,-10.385624127183297,-30.162042561618208
2025-12-03 18:00:00,18.2,60.0,0.0,31.0,20.0,-10.602624443095724,-29.13047124436316
2025-12-03 19:00:00,17.7,64.0,0.0,30.9,22.0,-11.57534373655169,-28.649981106113728
2025-12-03 20:00:00,17.8,64.0,0.0,28.4,19.0,-9.246135586583248,-26.852727547020596
2025-12-03 21:00:00,17.5,64.0,0.0,26.9,22.0,-10.07691736288804,-24.94124568784658
2025-12-03 22:00:00,17.1,65.0,0.0,25.4,23.0,-9.924570663627554,-23.38082327769198
2025-12-03 23:00:00,16.9,66.0,0.0,23.4,24.0,-9.517637447973721,-21.37696370883686
2025-12-04 00:00:00,16.6,66.0,0.0,22.8,26.0,-9.994862146790974,-20.492504255621004
2025-12-04 01:00:00,16.4,67.0,0.0,21.9,25.0,-9.255339932121311,-19.848140536102633
2025-12-04 02:00:00,16.1,67.0,0.0,18.3,26.0,-8.022191986240124,-16.447931047274754
2025-12-04 03:00:00,16.0,66.0,0.0,18.9,24.0,-7.6873225541326216,-17.266009149445157
2025-12-04 04:00:00,15.6,66.0,0.0,18.7,25.0,-7.902961494551074,-16.947955617585354
2025-12-04 05:00:00,15.6,65.0,0.0,19.0,25.0,-8.029746973073284,-17.219847953696352
2025-12-04 06:00:00,15.6,64.0,0.0,17.7,27.0,-8.03563184538998,-15.770815478134109
2025-12-04 07:00:00,15.7,63.0,0.0,16.6,32.0,-8.796659786271205,-14.077598396196672
2025-12-04 08:00:00,18.0,57.0,0.0,13.3,36.0,-7.817543855489895,-10.7599260251868
2025-12-04 09:00:00,20.0,52.0,0.0,9.4,17.0,-2.748294024393729,-8.989264706052532
2025-12-04 10:00:00,21.9,49.0,0.0,11.2,360.0,6.858022075225178e-16,-11.2
2025-12-04 11:00:00,23.0,48.0,0.0,12.1,356.0,0.8440533323039153,-12.070525008143873
2025-12-04 12:00:00,23.6,48.0,0.0,12.6,346.0,3.0482158845558125,-12.225726151077556
2025-12-04 13:00:00,23.8,49.0,0.0,16.9,343.0,4.941081809814251,-16.1615503757753
2025-12-04 14:00:00,23.2,51.0,0.0,16.9,341.0,5.502101810325949,-15.979263927628452
2025-12-04 15:00:00,22.6,53.0,0.0,20.7,353.0,2.522695408486553,-20.545705338975363
2025-12-04 16:00:00,21.5,55.0,0.0,24.5,359.0,0.42758395771344815,-24.496268531331587
2025-12-04 17:00:00,20.3,62.0,0.0,22.3,1.0,-0.389188663551422,-22.296603601987528
2025-12-04 18:00:00,20.0,63.0,0.0,18.5,8.0,-2.5747023677612177,-18.31995927171905
2025-12-04 19:00:00,19.7,63.0,0.0,17.8,8.0,-2.4772811970891717,-17.62677162359995
2025-12-04 20:00:00,18.9,67.0,0.0,17.8,8.0,-2.4772811970891717,-17.62677162359995
2025-12-04 21:00:00,18.5,70.0,0.0,15.6,14.0,-3.7739815713548173,-15.136613329905545
2025-12-04 22:00:00,18.0,71.0,0.0,11.0,25.0,-4.648800879147691,-9.969385657403151
2025-12-04 23:00:00,17.0,73.0,0.0,5.2,31.0,-2.6781979895322836,-4.457269963650983
2025-12-05 00:00:00,16.2,77.0,0.0,3.7,29.0,-1.7937955949114464,-3.2360929164157652
2025-12-05 01:00:00,15.8,78.0,0.0,2.8,55.0,-2.293625724009177,-1.606014021782929
2025-12-05 02:00:00,15.4,79.0,0.0,5.0,103.0,-4.871850323926176,1.124755271719326
2025-12-05 03:00:00,14.7,83.0,0.0,3.5,69.0,-3.267531492740206,-1.2542878234085515
2025-12-05 04:00:00,14.7,83.0,0.0,4.4,69.0,-4.107753876587688,-1.576818977999322
2025-12-05 05:00:00,15.0,82.0,0.0,4.6,31.0,-2.3691751445862503,-3.9429695832297154
2025-12-05 06:00:00,15.6,82.0,0.0,6.9,30.0,-3.4500000000000033,-5.975575286112625
2025-12-05 07:00:00,16.2,80.0,0.0,8.7,43.0,-5.933385732543737,-6.3627772040867825
2025-12-05 08:00:00,18.5,71.0,0.0,6.2,60.0,-5.36935750346352,-3.100000000000001
2025-12-05 09:00:00,21.3,59.0,0.0,6.0,21.0,-2.1502076972718043,-5.60148255898321
2025-12-05 10:00:00,23.1,53.0,0.0,9.5,1.0,-0.16579786115419323,-9.498553103985717
2025-12-05 11:00:00,24.0,50.0,0.0,14.6,351.0,2.2839431895873714,-14.420249772689012
2025-12-05 12:00:00,24.0,52.0,0.0,20.2,352.0,2.8112966393933223,-20.00341498857972
2025-12-05 13:00:00,23.5,55.0,0.0,25.0,353.0,3.0467335851286874,-24.81365379103305
2025-12-05 14:00:00,22.5,58.0,0.0,24.6,352.0,3.423658283617611,-24.360594491042633
2025-12-05 15:00:00,22.1,60.0,0.0,25.2,359.0,0.4398006422195467,-25.19616191794106
2025-12-05 16:00:00,21.7,62.0,0.0,27.2,3.0,-1.4235380098080852,-27.16272334532441
2025-12-05 17:00:00,20.5,68.0,0.0,24.6,5.0,-2.144031271592393,-24.506389573056943
2025-12-05 18:00:00,19.8,70.0,0.0,23.8,10.0,-4.132826628472942,-23.438424521690553
2025-12-05 19:00:00,19.1,71.0,0.0,20.1,17.0,-5.876671264927016,-19.221725594857013
2025-12-05 20:00:00,18.3,77.0,0.0,16.1,18.0,-4.9751736094366565,-15.312009912351973
2025-12-05 21:00:00,18.0,78.0,0.0,15.8,21.0,-5.6622136028157515,-14.750570738655787
2025-12-05 22:00:00,17.5,79.0,0.0,13.5,25.0,-5.705346533499439,-12.235155124994776
2025-12-05 23:00:00,17.2,80.0,0.0,10.4,36.0,-6.112966623841722,-8.413776741499452
2025-12-06 00:00:00,16.6,84.0,0.0,7.2,25.0,-3.042851484533034,-6.5254160666638805
2025-12-06 01:00:00,16.0,87.0,0.0,6.3,24.0,-2.5624408513775405,-5.755336383148386
2025-12-06 02:00:00,15.4,90.0,0.0,5.6,29.0,-2.7149338733794863,-4.897870359980617
2025-12-06 03:00:00,15.9,89.0,0.0,9.2,33.0,-5.010679122138248,-7.715769225097901
2025-12-06 04:00:00,16.3,87.0,0.0,12.8,28.0,-6.009236003659402,-11.301729188594265
2025-12-06 05:00:00,16.2,87.0,0.0,13.0,33.0,-7.080307455195351,-10.902717383290513
2025-12-06 06:00:00,16.1,87.0,0.0,15.7,25.0,-6.635106709328976,-14.229032256475405
2025-12-06 07:00:00,16.8,84.0,0.0,18.1,28.0,-8.497435286424624,-15.98135143074658
2025-12-06 08:00:00,19.2,72.0,0.0,15.3,31.0,-7.880082546123834,-13.114659700742315
2025-12-06 09:00:00,21.5,63.0,0.0,16.3,19.0,-5.306760917651654,-15.411952782268866
2025-12-06 10:00:00,23.5,56.0,0.0,19.6,8.0,-2.72779277881729,-19.409254147334778
2025-12-06 11:00:00,24.3,54.0,0.0,25.0,1.0,-0.43631016093208747,-24.996192378909782
2025-12-06 12:00:00,24.3,55.0,0.0,27.2,358.0,0.9492663103080293,-27.183430494919403
2025-12-06 13:00:00,24.2,56.0,0.0,28.6,358.0,0.998125605691531,-28.58257765274614
2025-12-06 14:00:00,23.7,59.0,0.0,27.4,357.0,1.4340052010566646,-27.362449252275322
2025-12-06 15:00:00,22.9,64.0,0.0,25.2,2.0,-0.8794673169030192,-25.184648840881213
2025-12-06 16:00:00,22.4,65.0,0.0,22.1,360.0,1.3532347130578255e-15,-22.1
2025-12-06 17:00:00,21.0,73.0,0.0,19.3,358.0,0.6735602863582709,-19.288242961468548
2025-12-06 18:00:00,20.4,77.0,0.0,17.8,1.0,-0.3106528345836463,-17.797288973783765
2025-12-06 19:00:00,20.2,76.0,0.0,15.9,4.0,-1.1091279325315968,-15.861268399131205
2025-12-06 20:00:00,19.8,80.0,0.0,10.3,3.0,-0.5390603493023264,-10.285884207972112
2025-12-06 21:00:00,19.4,83.0,0.0,10.3,359.0,0.17975978630402106,-10.298431260110831
2025-12-06 22:00:00,18.6,87.0,0.0,6.5,358.0,0.226846728566257,-6.496040375624123
2025-12-06 23:00:00,17.8,89.0,0.0,4.5,34.0,-2.5163680656183596,-3.7306690764976884
2025-12-07 00:00:00,17.5,88.0,0.0,0.5,90.0,-0.5,6.123233995736766e-17
2025-12-07 01:00:00,17.0,90.0,0.0,1.5,120.0,-1.299038105676658,0.7499999999999999
2025-12-07 02:00:00,15.4,95.0,0.0,3.0,115.0,-2.7189233611099497,1.2678547852220985
2025-12-07 03:00:00,15.1,95.0,0.0,4.4,128.0,-3.4672473158695767,2.708910491432897
2025-12-07 04:00:00,15.1,95.0,0.0,5.3,128.0,-4.176456994115626,3.2630058192259894
2025-12-07 05:00:00,15.1,96.0,0.0,8.1,111.0,-7.5620014546273335,2.9027803913169317
2025-12-07 06:00:00,14.9,95.0,0.0,8.1,95.0,-8.069177054543138,0.7059615162560313
2025-12-07 07:00:00,15.1,92.0,0.0,6.4,80.0,-6.3027696192781315,-1.111348337068355
2025-12-07 08:00:00,18.2,82.0,0.0,6.1,78.0,-5.966700364476214,-1.268261313988333
2025-12-07 09:00:00,21.4,70.0,0.0,3.3,112.0,-3.059706720070398,1.2362017582725102
2025-12-07 10:00:00,23.8,61.0,0.0,1.0,315.0,0.7071067811865476,-0.7071067811865475
2025-12-07 11:00:00,25.0,56.0,0.0,7.0,314.0,5.0353786023705585,-4.862608593212981
2025-12-07 12:00:00,25.0,55.0,0.0,12.8,318.0,8.564871761393386,-9.512253766110646
2025-12-07 13:00:00,24.5,53.0,0.0,14.4,318.0,9.63548073156756,-10.701285486874477
2025-12-07 14:00:00,24.1,60.0,0.0,14.0,323.0,8.425410324128677,-11.1808971406621
2025-12-07 15:00:00,24.1,60.0,0.0,11.5,335.0,4.860110010018044,-10.422539550921474
2025-12-07 16:00:00,23.0,66.0,0.0,11.6,342.0,3.5845971347493903,-11.03225558902378
2025-12-07 17:00:00,21.1,74.0,0.0,11.8,354.0,1.233435866558311,-11.735358365345625
2025-12-07 18:00:00,20.2,83.0,0.0,16.0,8.0,-2.2267696153610532,-15.844289099865124
2025-12-07 19:00:00,20.1,88.0,0.0,17.4,16.0,-4.79608999121578,-16.72595350932675
2025-12-07 20:00:00,20.1,92.0,0.0,13.0,31.0,-6.695494973830709,-11.143174909127458
2025-12-07 21:00:00,19.5,90.0,0.0,7.4,39.0,-4.656970893768801,-5.750880114781583
2025-12-07 22:00:00,18.6,88.0,0.0,5.7,46.0,-4.100236861930311,-3.959552711616285
2025-12-07 23:00:00,18.4,86.0,0.0,5.0,347.0,1.1247552717193245,-4.871850323926176
2025-12-08 00:00:00,18.5,88.0,0.0,6.5,355.0,0.5665123278597779,-6.475265537596346
2025-12-08 01:00:00,18.0,87.0,0.0,5.2,41.0,-3.411506950750638,-3.9244898171584146
2025-12-08 02:00:00,18.4,89.0,0.0,9.3,18.0,-2.8738580476870124,-8.844825601544928
2025-12-08 03:00:00,18.9,91.0,0.0,14.6,21.0,-5.23217206336139,-13.630274226859143
2025-12-08 04:00:00,18.9,85.0,0.0,17.4,27.0,-7.899434695468115,-15.503513520877599
2025-12-08 05:00:00,19.4,83.0,0.0,19.8,20.0,-6.771998837848238,-18.605913891560988
2025-12-08 06:00:00,19.9,85.0,0.0,23.1,18.0,-7.138292570061289,-21.969405526418047
2025-12-08 07:00:00,20.4,86.0,0.0,25.4,16.0,-7.001188837751771,-24.4160470768333
2025-12-08 08:00:00,22.0,75.0,0.0,27.6,14.0,-6.6770443185508315,-26.780162045217505
2025-12-08 09:00:00,23.0,68.0,0.0,28.6,9.0,-4.474025700150608,-28.24788654102094
2025-12-08 10:00:00,24.0,61.0,0.0,31.3,8.0,-4.35611806005006,-30.99539055161115
2025-12-08 11:00:00,24.1,61.0,0.0,32.3,4.0,-2.253134101935256,-32.221318823392316
2025-12-08 12:00:00,24.1,59.0,0.0,32.1,3.0,-1.6799841953985124,-32.056008065621825
2025-12-08 13:00:00,24.5,57.0,0.0,31.4,4.0,-2.1903532755655433,-31.32351117815848
2025-12-08 14:00:00,24.2,56.0,0.0,30.8,1.0,-0.5375341182683318,-30.79530901081685
2025-12-08 15:00:00,23.4,62.0,0.0,32.8,1.0,-0.5724389311428987,-32.79500440112963
2025-12-08 16:00:00,22.4,66.0,0.0,33.0,4.0,-2.301963633556144,-32.9196136585742
2025-12-08 17:00:00,21.3,70.0,0.0,30.9,8.0,-4.300448819666034,-30.59928332411452
2025-12-08 18:00:00,20.6,70.0,0.0,29.1,16.0,-8.021047054274668,-27.972715351805086
2025-12-08 19:00:00,20.0,71.0,0.0,29.3,20.0,-10.021190199442088,-27.532993789027117
2025-12-08 20:00:00,19.5,75.0,0.0,24.2,21.0,-8.672504378996276,-22.59264632123228
2025-12-08 21:00:00,19.1,78.0,0.0,19.6,22.0,-7.342289230951882,-18.172803549509034
2025-12-08 22:00:00,18.8,80.0,0.0,18.8,21.0,-6.737317451451654,-17.551312018147392
2025-12-08 23:00:00,18.5,80.0,0.0,17.1,25.0,-7.226772275765956,-15.497863158326718
2025-12-09 00:00:00,18.2,81.0,0.0,13.6,24.0,-5.531618345830881,-12.424218223939373
2025-12-09 01:00:00,18.0,83.0,0.0,11.8,23.0,-4.6106273161734315,-10.861957270738795
2025-12-09 02:00:00,17.8,85.0,0.0,13.4,22.0,-5.0197283517732245,-12.42426365119495
2025-12-09 03:00:00,18.0,84.0,0.0,13.4,26.0,-5.874173366973642,-12.043840220408836
2025-12-09 04:00:00,18.0,84.0,0.0,14.0,30.0,-7.000000000000006,-12.124355652982137
2025-12-09 05:00:00,17.9,85.0,0.0,14.6,26.0,-6.400218743120535,-13.122393075967835
2025-12-09 06:00:00,18.1,85.0,0.0,15.6,22.0,-5.843862857288232,-14.464068131241882
2025-12-09 07:00:00,18.3,85.0,0.0,15.3,27.0,-6.946054646015068,-13.632399820082028
2025-12-09 08:00:00,20.0,76.0,0.0,15.4,21.0,-5.518866422997631,-14.377138568056905
2025-12-09 09:00:00,22.2,68.0,0.0,15.0,27.0,-6.809857496093204,-13.365097862825516
2025-12-09 10:00:00,24.1,59.0,0.0,10.2,13.0,-2.2945007543074256,-9.938574660809397
2025-12-09 11:00:00,25.2,56.0,0.0,15.0,349.0,2.862134930648174,-14.72440775171496
2025-12-09 12:00:00,25.4,56.0,0.0,19.9,345.0,5.150498997540162,-19.221923943152458
2025-12-09 13:00:00,24.8,60.0,0.0,22.7,345.0,5.87519232382722,-21.92651625676185
2025-12-09 14:00:00,24.1,61.0,0.0,18.7,322.0,11.51286958858981,-14.735801092445701
2025-12-09 15:00:00,23.2,65.0,0.0,18.3,341.0,5.957897226565969,-17.302989933467497
2025-12-09 16:00:00,22.5,69.0,0.0,17.8,357.0,0.9315800211244026,-17.775605718631414
2025-12-09 17:00:00,21.5,79.0,0.0,16.3,5.0,-1.4206386067868295,-16.237973578895453
2025-12-09 18:00:00,20.8,84.0,0.0,15.8,12.0,-3.2850047149206048,-15.45473209159413
2025-12-09 19:00:00,20.4,86.0,0.0,14.5,14.0,-3.507867486195183,-14.06928803100195
2025-12-09 20:00:00,20.1,86.0,0.0,13.5,10.0,-2.3442503985035597,-13.294904665664808
2025-12-09 21:00:00,19.8,88.0,0.0,12.5,8.0,-1.7396637620008228,-12.378350859269629
2025-12-09 22:00:00,19.4,91.0,0.0,12.3,11.0,-2.346950643131499,-12.074014356406268
2025-12-09 23:00:00,19.0,92.0,0.0,8.7,24.0,-3.5386087947594604,-7.947845481490628
2025-12-10 00:00:00,18.3,94.0,0.0,5.4,21.0,-1.935186927544624,-5.041334303084889
2025-12-10 01:00:00,18.1,94.0,0.0,5.4,34.0,-3.0196416787420315,-4.4768028917972265
2025-12-10 02:00:00,18.2,94.0,0.0,9.4,23.0,-3.672872607799174,-8.652745622452938
2025-12-10 03:00:00,18.3,94.0,0.0,10.2,30.0,-5.100000000000004,-8.83345911860127
2025-12-10 04:00:00,18.4,94.0,0.0,11.7,31.0,-6.025945476447637,-10.028857418214711
2025-12-10 05:00:00,18.4,93.0,0.0,12.5,32.0,-6.6239908029150625,-10.600601201955325
2025-12-10 06:00:00,18.6,91.0,0.0,13.7,30.0,-6.850000000000006,-11.864548031846805
2025-12-10 07:00:00,19.0,89.0,0.0,14.5,30.0,-7.250000000000006,-12.557368354874356
2025-12-10 08:00:00,20.2,91.0,0.0,14.4,31.0,-7.416548278704785,-12.343209130110415
2025-12-10 09:00:00,22.9,76.0,0.0,22.7,18.0,-7.014685772311309,-21.588982919899983
2025-12-10 10:00:00,24.0,69.0,0.0,21.5,9.0,-3.363340998364967,-21.23529932279546
2025-12-10 11:00:00,24.2,69.0,0.0,21.6,360.0,1.3226185430791415e-15,-21.6
2025-12-10 12:00:00,24.1,67.0,0.0,21.5,355.0,1.87384846907465,-21.41818600897253
2025-12-10 13:00:00,24.3,62.0,0.0,19.0,350.0,3.2993153756716778,-18.711347307231954
2025-12-10 14:00:00,23.8,64.0,0.0,18.3,354.0,1.9128708777980583,-18.1997506852394
2025-12-10 15:00:00,22.6,68.0,0.0,20.2,357.0,1.0571863161074682,-20.17231660204239
2025-12-10 16:00:00,21.6,72.0,0.0,18.4,2.0,-0.642150739326014,-18.38879121715136
2025-12-10 17:00:00,20.2,81.0,0.0,17.1,4.0,-1.1928357010245476,-17.058345259442994
2025-12-10 18:00:00,19.4,87.0,0.0,17.0,7.0,-2.0717788378875017,-16.873284577902474
2025-12-10 19:00:00,19.1,89.0,0.0,15.0,18.0,-4.6352549156242135,-14.265847744427303
2025-12-10 20:00:00,18.7,94.0,0.0,16.2,19.0,-5.274204102205937,-15.317400924708933
2025-12-10 21:00:00,18.2,95.0,0.0,13.2,29.0,-6.399486987251646,-11.544980134240026
2025-12-10 22:00:00,17.9,96.0,0.0,10.5,38.0,-6.46444549091941,-8.274112912870581
2025-12-10 23:00:00,17.5,96.0,0.0,9.3,49.0,-7.018799096071781,-6.101348969611716
2025-12-11 00:00:00,17.3,96.0,0.0,8.7,52.0,-6.855693556378481,-5.3562548353332256
2025-12-11 01:00:00,17.2,95.0,0.0,9.6,53.0,-7.666900896454011,-5.777424222259664
2025-12-11 02:00:00,16.8,93.0,0.0,10.9,57.0,-9.141509190605122,-5.936565481663796
2025-12-11 03:00:00,16.5,90.0,0.0,9.8,52.0,-7.722505385345876,-6.03348245819145
2025-12-11 04:00:00,16.5,87.0,0.0,11.5,29.0,-5.575310632832873,-10.058126632103054
2025-12-11 05:00:00,17.5,80.0,0.0,16.5,22.0,-6.181008791362553,-15.298533600351991
2025-12-11 06:00:00,17.9,76.0,0.0,18.7,22.0,-7.005143296877559,-17.338338080398923
2025-12-11 07:00:00,18.0,75.0,0.0,17.5,22.0,-6.5556153847784655,-16.22571745491878
2025-12-11 08:00:00,20.2,67.0,0.0,16.0,11.0,-3.0529439260247138,-15.706034935162624
2025-12-11 09:00:00,22.3,60.0,0.0,19.3,4.0,-1.3462999432616238,-19.25298617001461
2025-12-11 10:00:00,23.0,60.0,0.0,23.2,359.0,0.4048958293449795,-23.196466527628278
2025-12-11 11:00:00,23.1,60.0,0.0,24.1,359.0,0.4206029951385347,-24.096329453269032
2025-12-11 12:00:00,23.6,57.0,0.0,24.3,360.0,1.4879458609640342e-15,-24.3
2025-12-11 13:00:00,23.5,57.0,0.0,25.9,359.0,0.45201732672564515,-25.896055304550533
2025-12-11 14:00:00,23.1,62.0,0.0,26.0,357.0,1.3607348623165432,-25.96436790361892
2025-12-11 15:00:00,22.4,68.0,0.0,26.6,359.0,0.46423401123174374,-26.59594869116001
2025-12-11 16:00:00,21.6,70.0,0.0,26.5,3.0,-1.3869028404380241,-26.463682670996207
2025-12-11 17:00:00,20.5,74.0,0.0,22.9,7.0,-2.79080796397787,-22.729306872586275
2025-12-11 18:00:00,20.3,73.0,0.0,22.2,14.0,-5.370666082312625,-21.54056512332712
2025-12-11 19:00:00,19.7,74.0,0.0,22.1,19.0,-7.195056213503162,-20.895960520744904
2025-12-11 20:00:00,19.0,77.0,0.0,20.0,21.0,-7.167358990906014,-18.67160852994403
2025-12-11 21:00:00,18.5,79.0,0.0,16.6,29.0,-8.047839696089191,-14.518687138513974
2025-12-11 22:00:00,18.0,81.0,0.0,12.0,35.0,-6.882917236212556,-9.8298245314679
2025-12-11 23:00:00,17.5,83.0,0.0,7.6,28.0,-3.5679838771727694,-6.710401705727845
2025-12-12 00:00:00,17.0,86.0,0.0,6.2,36.0,-3.644268564213334,-5.015905365124674
2025-12-12 01:00:00,16.5,88.0,0.0,6.0,44.0,-4.1679502227539835,-4.316038802031907
2025-12-12 02:00:00,16.2,88.0,0.0,6.4,61.0,-5.597566125692134,-3.102781569576557
2025-12-12 03:00:00,16.1,87.0,0.0,4.4,55.0,-3.604268994871564,-2.5237363199446032
2025-12-12 04:00:00,15.9,86.0,0.0,4.6,51.0,-3.5748714227020653,-2.894873798829253
2025-12-12 05:00:00,16.0,85.0,0.0,5.0,38.0,-3.0783073766282905,-3.9400537680336107
2025-12-12 06:00:00,16.1,84.0,0.0,5.8,39.0,-3.6500582680890594,-4.5074465764504295
2025-12-12 07:00:00,17.4,77.0,0.0,6.9,33.0,-3.758009341603686,-5.786826918823426
2025-12-12 08:00:00,19.9,67.0,0.0,9.1,34.0,-5.088655421583794,-7.54424191025088
2025-12-12 09:00:00,22.5,58.0,0.0,9.0,20.0,-3.078181289931017,-8.457233587073176
2025-12-12 10:00:00,24.6,54.0,0.0,10.6,10.0,-1.8406706832694615,-10.438962181929405
2025-12-12 11:00:00,25.6,51.0,0.0,12.6,351.0,1.9710742595069095,-12.444873091498735
2025-12-12 12:00:00,25.9,52.0,0.0,18.7,348.0,3.8879486182921017,-18.291360133722165
2025-12-12 13:00:00,25.4,56.0,0.0,23.8,352.0,3.312319802849558,-23.568380036049376
2025-12-12 14:00:00,24.9,58.0,0.0,22.9,353.0,2.7908079639778776,-22.72930687258627
2025-12-12 15:00:00,24.2,60.0,0.0,23.1,357.0,1.2089605892120057,-23.068342252830657
2025-12-12 16:00:00,22.8,68.0,0.0,25.2,359.0,0.4398006422195467,-25.19616191794106
2025-12-12 17:00:00,21.3,73.0,0.0,24.7,1.0,-0.43107443900090237,-24.696238070362863
2025-12-12 18:00:00,20.5,75.0,0.0,25.2,14.0,-6.096431769111628,-24.45145230215511
2025-12-12 19:00:00,20.0,76.0,0.0,17.1,22.0,-6.405772747412101,-15.854843913092065
2025-12-12 20:00:00,19.9,78.0,0.0,11.7,25.0,-4.94463366236618,-10.603801108328804
2025-12-12 21:00:00,19.3,80.0,0.0,9.7,31.0,-4.9958693266275285,-8.314522816810486
2025-12-12 22:00:00,18.5,85.0,0.0,3.9,28.0,-1.830939094864974,-3.4434956121498153
2025-12-12 23:00:00,18.2,89.0,0.0,6.3,333.0,2.860140148359145,-5.613341102386717
2025-12-13 00:00:00,18.9,90.0,0.0,13.6,5.0,-1.1853181013681522,-13.548247894047739
2025-12-13 01:00:00,19.0,87.0,0.0,12.5,39.0,-7.866504888122973,-9.714324518212132
2025-12-13 02:00:00,18.5,88.0,0.0,7.0,50.0,-5.362311101832846,-4.499513267805774
2025-12-13 03:00:00,18.0,90.0,0.0,6.6,17.0,-1.9296532511700648,-6.311611389356033
2025-12-13 04:00:00,18.5,90.0,0.0,14.8,21.0,-5.303845653270451,-13.816990312158584
2025-12-13 05:00:00,19.1,87.0,0.0,18.7,25.0,-7.902961494551074,-16.947955617585354
2025-12-13 06:00:00,19.0,88.0,0.0,16.1,29.0,-7.805434885966024,-14.081377284944276
2025-12-13 07:00:00,18.8,88.0,0.0,14.3,43.0,-9.75257654889373,-10.458357933154138
2025-12-13 08:00:00,20.0,76.0,0.0,8.4,62.0,-7.416759780014986,-3.9435611274014835
2025-12-13 09:00:00,22.8,64.0,0.0,11.1,351.0,1.7364225619465632,-10.96334058060603
2025-12-13 10:00:00,23.8,66.0,0.0,24.1,3.0,-1.2612965454549578,-24.06697178758523
2025-12-13 11:00:00,23.9,65.0,0.0,29.8,4.0,-2.0787429175749423,-29.72740869774276
2025-12-13 12:00:00,23.2,67.0,0.0,33.8,5.0,-2.9458641048708487,-33.671380795500994
2025-12-13 13:00:00,23.0,67.0,0.0,32.6,9.0,-5.099763560311532,-32.19863990340149
2025-12-13 14:00:00,22.7,68.0,0.0,30.9,8.0,-4.300448819666034,-30.59928332411452
2025-12-13 15:00:00,21.9,70.0,0.0,32.3,10.0,-5.608836138641849,-31.809290422294318
2025-12-13 16:00:00,21.0,73.0,0.0,33.0,11.0,-6.296696847425972,-32.39369705377291
2025-12-13 17:00:00,20.1,76.0,0.0,32.2,12.0,-6.6947564443318655,-31.49635274362854
2025-12-13 18:00:00,19.5,79.0,0.0,31.9,12.0,-6.632382937086537,-31.202908463408395
2025-12-13 19:00:00,19.1,78.0,0.0,32.5,12.0,-6.757129951577193,-31.78979702384868
2025-12-13 20:00:00,19.0,76.0,0.0,29.7,13.0,-6.681046314012798,-28.938790924121484
2025-12-13 21:00:00,18.7,75.0,0.0,32.4,16.0,-8.930650328470763,-31.144878948401534
2025-12-13 22:00:00,18.4,74.0,0.0,30.2,18.0,-9.332313230123416,-28.721906792113636
2025-12-13 23:00:00,18.2,73.0,0.0,31.1,15.0,-8.049272302688392,-30.040293197590024
2025-12-14 00:00:00,18.1,71.0,0.0,31.8,18.0,-9.826740421123333,-30.243597218185883
2025-12-14 01:00:00,17.8,71.0,0.0,33.2,18.0,-10.25936421324826,-31.5750763409991
2025-12-14 02:00:00,17.5,73.0,0.0,32.8,18.0,-10.13575741549828,-31.194653734481033
2025-12-14 03:00:00,17.0,71.0,0.0,32.6,18.0,-10.073954016623292,-31.004442431222007
2025-12-14 04:00:00,16.6,71.0,0.1,33.6,21.0,-12.041163104722104,-31.368302330305976
2025-12-14 05:00:00,16.5,71.0,0.0,35.5,20.0,-12.141715088061233,-33.35908803789975
2025-12-14 06:00:00,16.1,69.0,0.0,37.2,20.0,-12.72314933171487,-34.95656549323579
2025-12-14 07:00:00,15.9,67.0,0.0,33.5,19.0,-10.906533174314747,-31.674872282577116
2025-12-14 08:00:00,16.2,60.0,0.0,32.6,18.0,-10.073954016623292,-31.004442431222007
2025-12-14 09:00:00,17.0,55.0,0.0,31.3,18.0,-9.67223192393586,-29.768068960038306
2025-12-14 10:00:00,18.5,50.0,0.0,31.3,14.0,-7.572155332269602,-30.37025623243869
2025-12-14 11:00:00,19.0,41.0,0.0,34.1,13.0,-7.670830953125805,-33.22601920917652
2025-12-14 12:00:00,19.2,40.0,0.0,33.6,13.0,-7.558355425953873,-32.738834176783904
2025-12-14 13:00:00,19.2,42.0,0.0,35.3,11.0,-6.735557536792024,-34.65143957570253
2025-12-14 14:00:00,19.1,47.0,0.0,34.8,7.0,-4.241053150499122,-34.54060607711801
2025-12-14 15:00:00,18.2,51.0,0.0,33.6,11.0,-6.411182244651899,-32.98267336384151
2025-12-14 16:00:00,17.5,51.0,0.0,29.0,13.0,-6.523580575972092,-28.25673187877182
2025-12-14 17:00:00,16.3,56.0,0.0,26.7,12.0,-5.551242144834186,-26.116540939592607
2025-12-14 18:00:00,15.2,60.0,0.0,28.1,17.0,-8.215644902708913,-26.872163642561294
2025-12-14 19:00:00,14.4,60.0,0.0,26.5,18.0,-8.18895035093611,-25.202997681821568
2025-12-14 20:00:00,13.9,62.0,0.0,20.9,20.0,-7.148220995506472,-19.639575774425484
2025-12-14 21:00:00,13.9,61.0,0.0,18.7,22.0,-7.005143296877559,-17.338338080398923
2025-12-14 22:00:00,13.8,59.0,0.0,16.8,29.0,-8.144801620138459,-14.693611079941853
2025-12-14 23:00:00,13.7,59.0,0.0,13.9,23.0,-5.431162686000906,-12.79501746298892
2025-12-15 00:00:00,13.9,59.0,0.0,13.3,25.0,-5.620822881151299,-12.053893567587446
2025-12-15 01:00:00,14.1,58.0,0.0,12.5,25.0,-5.28272827175874,-11.328847337958125
2025-12-15 02:00:00,13.7,59.0,0.0,10.0,39.0,-6.293203910498378,-7.7714596145697055
2025-12-15 03:00:00,13.5,61.0,0.0,8.4,40.0,-5.3994159213669315,-6.434773322199415
2025-12-15 04:00:00,13.1,63.0,0.0,7.5,46.0,-5.395048502539883,-5.20993777844248
2025-12-15 05:00:00,12.8,65.0,0.0,6.4,47.0,-4.6806636903626915,-4.364789504399989
2025-12-15 06:00:00,12.5,67.0,0.0,5.0,38.0,-3.0783073766282905,-3.9400537680336107
2025-12-15 07:00:00,12.9,66.0,0.0,4.4,60.0,-3.81051177665153,-2.2000000000000006
2025-12-15 08:00:00,15.3,59.0,0.0,4.0,63.0,-3.5640260967534716,-1.8159619989581868
2025-12-15 09:00:00,18.5,51.0,0.0,3.6,3.0,-0.1884094424745995,-3.595066325116466
2025-12-15 10:00:00,20.3,51.0,0.0,3.3,324.0,1.9396913325651612,-2.6697560814373262
2025-12-15 11:00:00,21.5,50.0,0.0,7.2,295.0,6.52541606666388,-3.042851484533036
2025-12-15 12:00:00,21.9,50.0,0.0,8.5,308.0,6.698091405657136,-5.233122540268096
2025-12-15 13:00:00,22.1,51.0,0.0,9.9,314.0,7.121464023352647,-6.877117867544073
2025-12-15 14:00:00,21.0,56.0,0.0,14.1,317.0,9.616176876881228,-10.312087192830303
2025-12-15 15:00:00,20.5,61.0,0.0,10.8,317.0,7.365582288674984,-7.898619977487042
2025-12-15 16:00:00,20.4,64.0,0.0,8.7,322.0,5.356254835333226,-6.855693556378481
2025-12-15 17:00:00,19.5,68.0,0.0,3.7,337.0,1.4457051754103127,-3.4058679577740296
2025-12-15 18:00:00,18.2,75.0,0.0,1.0,301.0,0.8571673007021123,-0.5150380749100542
2025-12-15 19:00:00,17.6,78.0,0.0,1.0,248.0,0.9271838545667874,0.374606593415912
2025-12-15 20:00:00,17.8,79.0,0.0,1.4,90.0,-1.4,1.7145055188062944e-16
2025-12-15 21:00:00,17.3,80.0,0.0,2.2,76.0,-2.1346505978071924,-0.5322281703192686
2025-12-15 22:00:00,16.8,81.0,0.0,4.1,92.0,-4.097502390778292,0.14308793648025467
2025-12-15 23:00:00,16.5,81.0,0.0,6.4,117.0,-5.702441754805554,2.9055391983331003
2025-12-16 00:00:00,15.5,85.0,0.0,4.5,119.0,-3.935788682127281,2.181643291108517
2025-12-16 01:00:00,15.2,85.0,0.0,2.0,100.0,-1.969615506024416,0.34729635533386055
2025-12-16 02:00:00,14.6,87.0,0.0,2.7,70.0,-2.537170076121953,-0.9234543869793055
2025-12-16 03:00:00,14.4,89.0,0.0,3.8,82.0,-3.763018661217967,-0.528857783648249
2025-12-16 04:00:00,14.1,89.0,0.0,4.0,100.0,-3.939231012048832,0.6945927106677211
2025-12-16 05:00:00,13.8,89.0,0.0,3.1,103.0,-3.020547200834229,0.6973482684659821
2025-12-16 06:00:00,13.9,87.0,0.0,2.0,90.0,-2.0,2.4492935982947064e-16
2025-12-16 07:00:00,14.5,85.0,0.0,3.7,61.0,-3.236092916415765,-1.7937955949114468
2025-12-16 08:00:00,17.9,73.0,0.0,6.8,50.0,-5.20910221320905,-4.370955745868467
2025-12-16 09:00:00,20.0,71.0,0.0,8.7,18.0,-2.6884478510620435,-8.274191691767834
2025-12-16 10:00:00,21.4,66.0,0.0,12.1,10.0,-2.101142949769857,-11.916173811447717
2025-12-16 11:00:00,22.6,57.0,0.0,13.3,2.0,-0.4641633061432601,-13.291897999353974
2025-12-16 12:00:00,23.1,54.0,0.0,15.8,352.0,2.1989349951690342,-15.646235486116812
2025-12-16 13:00:00,22.5,59.0,0.0,19.0,347.0,4.274070032533434,-18.51303123091947
2025-12-16 14:00:00,22.5,63.0,0.0,21.3,347.0,4.791457457524323,-20.75408237992551
2025-12-16 15:00:00,22.1,63.0,0.0,21.1,356.0,1.4718615960010426,-21.048601460482292
2025-12-16 16:00:00,21.0,71.0,0.0,23.4,4.0,-1.6323014856125384,-23.342998776079884
2025-12-16 17:00:00,19.6,83.0,0.0,21.5,4.0,-1.4997641854987,-21.44762708058622
2025-12-16 18:00:00,19.2,85.0,0.0,18.0,7.0,-2.193648181292649,-17.8658307295438
2025-12-16 19:00:00,19.0,86.0,0.0,15.3,15.0,-3.959931390068566,-14.778665142222746
2025-12-16 20:00:00,18.6,87.0,0.0,11.5,30.0,-5.750000000000005,-9.959292143521042
2025-12-16 21:00:00,18.0,90.0,0.0,9.4,29.0,-4.557210430315567,-8.221425247110322
2025-12-16 22:00:00,17.5,92.0,0.0,8.4,25.0,-3.549993398621873,-7.612985411107861
2025-12-16 23:00:00,17.3,91.0,0.0,9.6,28.0,-4.506927002744551,-8.476296891445699
2025-12-17 00:00:00,17.2,91.0,0.0,10.3,25.0,-4.352968095929202,-9.334970206477497
2025-12-17 01:00:00,17.4,88.0,0.0,12.2,24.0,-4.962187045524761,-11.145254583239732
2025-12-17 02:00:00,17.5,87.0,0.0,13.7,27.0,-6.219669846431793,-12.206789381380638
2025-12-17 03:00:00,17.6,87.0,0.0,14.4,34.0,-8.05237780997875,-11.938141044792603
2025-12-17 04:00:00,17.3,90.0,0.0,15.0,29.0,-7.272144303695052,-13.11929560709094
2025-12-17 05:00:00,17.5,90.0,0.0,15.9,25.0,-6.719630361677117,-14.410293813882737
2025-12-17 06:00:00,17.8,90.0,0.0,15.5,23.0,-6.056332491583745,-14.267825228512825
2025-12-17 07:00:00,18.1,89.0,0.0,15.9,20.0,-5.43812027887813,-14.941112670495944
2025-12-17 08:00:00,19.8,80.0,0.0,14.9,19.0,-4.850965501411634,-14.08822677642982
2025-12-17 09:00:00,21.9,69.0,0.0,17.7,13.0,-3.981633661886415,-17.24635014669866
2025-12-17 10:00:00,23.4,66.0,0.0,20.4,4.0,-1.4230320643801617,-20.350306625300412
2025-12-17 11:00:00,24.0,66.0,0.0,25.0,358.0,0.872487417562527,-24.984770675477392
2025-12-17 12:00:00,23.6,67.0,0.0,29.3,355.0,2.5536632625063835,-29.188504654088145
2025-12-17 13:00:00,23.4,69.0,0.0,30.0,354.0,3.1358538980296036,-29.8356568610482
2025-12-17 14:00:00,23.2,68.0,0.0,31.1,355.0,2.7105435994521683,-30.98165511065329
2025-12-17 15:00:00,22.6,71.0,0.0,29.5,359.0,0.5148459898998662,-29.49550700711354
2025-12-17 16:00:00,21.8,75.0,0.0,28.1,360.0,1.7206287528020313e-15,-28.1
2025-12-17 17:00:00,20.9,79.0,0.0,25.0,2.0,-0.872487417562519,-24.984770675477392
2025-12-17 18:00:00,20.6,78.0,0.0,23.6,8.0,-3.2844851826575536,-23.37032642230106
2025-12-17 19:00:00,20.5,75.0,0.0,20.9,15.0,-5.40931804264268,-20.187849769441527
2025-12-17 20:00:00,20.0,77.0,0.0,19.7,16.0,-5.430055909594878,-18.936855409984883
2025-12-17 21:00:00,19.7,76.0,0.0,18.3,20.0,-6.258968622859735,-17.196374960382126
2025-12-17 22:00:00,19.4,76.0,0.0,16.8,25.0,-7.099986797243746,-15.225970822215722
2025-12-17 23:00:00,18.9,78.0,0.0,14.6,21.0,-5.23217206336139,-13.630274226859143
2025-12-18 00:00:00,18.6,79.0,0.0,12.7,23.0,-4.962285331813777,-11.69041163884599
2025-12-18 01:00:00,18.1,81.0,0.0,10.0,34.0,-5.591929034707466,-8.290375725550419
2025-12-18 02:00:00,17.5,85.0,0.0,10.0,33.0,-5.44639035015027,-8.386705679454241
2025-12-18 03:00:00,17.2,87.0,0.0,10.7,30.0,-5.350000000000004,-9.26647182049349
2025-12-18 04:00:00,16.8,89.0,0.0,10.1,39.0,-6.356135949603362,-7.849174210715402
2025-12-18 05:00:00,16.4,91.0,0.0,8.7,45.0,-6.151828996322965,-6.151828996322962
2025-12-18 06:00:00,15.9,91.0,0.0,7.1,43.0,-4.84218835644374,-5.19261128149611
2025-12-18 07:00:00,16.5,87.0,0.0,8.7,40.0,-5.592252204272893,-6.664586655135107
2025-12-18 08:00:00,18.5,74.0,0.0,8.6,29.0,-4.169362734118496,-7.521729481398805
2025-12-18 09:00:00,20.5,68.0,0.0,10.8,21.0,-3.870373855089248,-10.082668606169777
2025-12-18 10:00:00,22.9,60.0,0.0,11.7,4.0,-0.8161507428062692,-11.671499388039942
2025-12-18 11:00:00,24.1,57.0,0.0,16.5,354.0,1.724719643916282,-16.40961127357651
2025-12-18 12:00:00,24.6,56.0,0.0,19.1,352.0,2.6582062283372507,-18.914120112963996
2025-12-18 13:00:00,24.9,56.0,0.0,20.3,353.0,2.473947671124494,-20.148686878318838
2025-12-18 14:00:00,24.5,60.0,0.0,21.0,350.0,3.646611731005539,-20.680962813256368
2025-12-18 15:00:00,23.4,66.0,0.0,21.0,351.0,3.2851237658448493,-20.741455152497892
2025-12-18 16:00:00,22.1,73.0,0.0,19.5,348.0,4.054277970946309,-19.073878214309207
2025-12-18 17:00:00,20.8,81.0,0.0,16.7,346.0,4.04009565651445,-16.20393862880914
2025-12-18 18:00:00,20.4,84.0,0.0,15.4,349.0,2.9384585287987917,-15.117058625094026
2025-12-18 19:00:00,20.3,86.0,0.0,14.8,354.0,1.5470212563612713,-14.718924051450445
2025-12-18 20:00:00,19.7,92.0,0.0,14.0,352.0,1.9484234134409166,-13.863752962381986
2025-12-18 21:00:00,19.4,93.0,0.0,10.8,5.0,-0.9412820216747092,-10.758902739390853
2025-12-18 22:00:00,19.2,94.0,0.0,8.2,14.0,-1.9837595439172757,-7.95642495546317
2025-12-18 23:00:00,19.0,94.0,0.0,3.8,41.0,-2.4930243101639276,-2.8678964048465336
2025-12-19 00:00:00,18.2,96.0,0.0,1.5,339.0,0.5375519243179505,-1.4003706397458027
2025-12-19 01:00:00,18.0,97.0,0.0,1.6,6.0,-0.1672455412282454,-1.5912350325892375
2025-12-19 02:00:00,18.5,95.0,0.0,3.2,16.0,-0.8820395386143964,-3.076037427002621
2025-12-19 03:00:00,18.9,93.0,0.0,6.9,5.0,-0.601374624958842,-6.873743416833045
2025-12-19 04:00:00,18.9,94.0,0.0,9.4,23.0,-3.672872607799174,-8.652745622452938
2025-12-19 05:00:00,19.1,92.0,0.0,11.5,27.0,-5.220890747004789,-10.24657502816623
2025-12-19 06:00:00,19.4,94.0,0.4,15.3,21.0,-5.483029628043101,-14.283780525407186
2025-12-19 07:00:00,19.5,95.0,0.1,17.4,26.0,-7.627657954129952,-15.639016405605501
2025-12-19 08:00:00,20.5,89.0,0.0,19.4,18.0,-5.994929690873982,-18.450496416125976
2025-12-19 09:00:00,21.9,81.0,0.0,17.7,23.0,-6.915940974260146,-16.29293590610819
2025-12-19 10:00:00,23.5,71.0,0.0,13.6,18.0,-4.202631123499287,-12.934368621614087
2025-12-19 11:00:00,24.5,67.0,0.0,15.1,2.0,-0.5269824002077614,-15.090801487988346
2025-12-19 12:00:00,23.5,73.0,0.0,19.0,351.0,2.9722548357643874,-18.76607847130762
2025-12-19 13:00:00,22.6,77.0,0.0,21.7,350.0,3.76816545537239,-21.370328240364913
2025-12-19 14:00:00,22.3,80.0,0.0,20.9,349.0,3.9879080033697885,-20.516008134056175
2025-12-19 15:00:00,21.5,84.0,0.0,23.4,345.0,6.056365655398985,-22.602664335164196
2025-12-19 16:00:00,20.8,88.0,0.0,20.2,352.0,2.8112966393933223,-20.00341498857972
2025-12-19 17:00:00,20.0,89.0,0.0,23.2,8.0,-3.228815942273527,-22.97421919480443
2025-12-19 18:00:00,19.9,91.0,0.0,22.4,4.0,-1.562545011868413,-22.34543472582006
2025-12-19 19:00:00,20.0,86.0,0.0,22.6,11.0,-4.312283295509909,-22.18477434591721
2025-12-19 20:00:00,20.4,84.0,0.0,9.0,37.0,-5.416335208368435,-7.187719590425635
2025-12-19 21:00:00,20.1,88.0,0.1,6.5,46.0,-4.6757087022012325,-4.515279407983483
2025-12-19 22:00:00,20.2,88.0,0.0,13.8,32.0,-7.312885846418229,-11.703063726958678
2025-12-19 23:00:00,19.9,90.0,0.0,12.7,23.0,-4.962285331813777,-11.69041163884599
2025-12-20 00:00:00,20.0,89.0,0.0,14.7,18.0,-4.542549817311729,-13.980530789538756
2025-12-20 01:00:00,19.8,89.0,0.0,17.5,12.0,-3.6384545893107965,-17.117583012841596
2025-12-20 02:00:00,20.1,86.0,0.0,15.9,15.0,-4.115222817130078,-15.358220637996187
2025-12-20 03:00:00,19.6,87.0,0.0,12.3,23.0,-4.805992880418068,-11.322209697465016
2025-12-20 04:00:00,19.9,82.0,0.0,13.0,49.0,-9.811224542896039,-8.528767376876592
2025-12-20 05:00:00,19.8,83.0,0.0,8.9,18.0,-2.7502512499370333,-8.464402995026866
2025-12-20 06:00:00,19.4,87.0,0.0,9.3,24.0,-3.782650780604941,-8.49597275607619
2025-12-20 07:00:00,19.8,85.0,0.0,10.0,23.0,-3.9073112848927383,-9.205048534524403
2025-12-20 08:00:00,19.9,93.0,0.0,10.7,36.0,-6.289302199529463,-8.656481839811937
2025-12-20 09:00:00,21.4,84.0,0.0,8.8,11.0,-1.6791191593135928,-8.638319214339443
2025-12-20 10:00:00,22.8,77.0,0.0,13.7,3.0,-0.717002600528337,-13.681224626137661
2025-12-20 11:00:00,23.5,73.0,0.0,14.3,10.0,-2.483168940637104,-14.082750868074575
2025-12-20 12:00:00,24.1,70.0,0.0,17.8,1.0,-0.3106528345836463,-17.797288973783765
2025-12-20 13:00:00,24.2,71.0,0.0,18.0,3.0,-0.9420472123729975,-17.975331625582328
2025-12-20 14:00:00,24.1,73.0,0.0,16.8,355.0,1.4642164781606568,-16.736070927941327
2025-12-20 15:00:00,23.6,76.0,0.0,17.0,351.0,2.6593859056839255,-16.790701790117343
2025-12-20 16:00:00,22.2,83.0,0.0,17.0,353.0,2.0717788378875075,-16.873284577902474
2025-12-20 17:00:00,21.0,88.0,0.0,16.6,358.0,0.579331645261518,-16.58988772851699
2025-12-20 18:00:00,20.1,93.0,0.0,15.7,6.0,-1.6410968733021576,-15.613993757281891
2025-12-20 19:00:00,20.0,94.0,0.0,14.6,13.0,-3.284285393420433,-14.225802945864432
2025-12-20 20:00:00,19.8,95.0,0.0,13.5,12.0,-2.806807826039757,-13.204992609906375
2025-12-20 21:00:00,19.6,96.0,0.0,13.9,24.0,-5.653639338753622,-12.698281861232154
2025-12-20 22:00:00,19.5,97.0,0.0,12.8,31.0,-6.592487358848698,-10.971741448987036
2025-12-20 23:00:00,19.5,97.0,0.0,12.2,22.0,-4.57020043967413,-11.311643025714805
2025-12-21 00:00:00,19.6,96.0,0.0,12.0,19.0,-3.9068178534858795,-11.346222907191802
2025-12-21 01:00:00,19.9,95.0,0.0,16.0,12.0,-3.3265870530841566,-15.65036161174089
2025-12-21 02:00:00,20.1,95.0,0.0,19.1,16.0,-5.264673496104679,-18.360098392421893
2025-12-21 03:00:00,20.0,94.0,0.0,20.0,22.0,-7.492131868318246,-18.543677091335745
2025-12-21 04:00:00,20.0,94.0,0.0,20.8,23.0,-8.127207472576895,-19.146500951810758
2025-12-21 05:00:00,20.3,91.0,0.0,22.0,26.0,-9.64416522935971,-19.77346901858167
2025-12-21 06:00:00,20.1,89.0,0.0,19.0,27.0,-8.625819495051392,-16.929123959578988
2025-12-21 07:00:00,19.9,87.0,0.0,22.3,21.0,-7.991605274860206,-20.818843510887596
2025-12-21 08:00:00,21.4,81.0,0.0,25.2,18.0,-7.787228258248678,-23.966624210637868
2025-12-21 09:00:00,22.1,75.0,0.0,24.0,22.0,-8.990558241981894,-22.252412509602895
2025-12-21 10:00:00,23.5,68.0,0.0,20.8,12.0,-4.324563169009403,-20.345470095263156
2025-12-21 11:00:00,23.7,66.0,0.0,28.9,6.0,-3.020872588435182,-28.7416827761431
2025-12-21 12:00:00,23.3,66.0,0.0,34.9,5.0,-3.041735421893273,-34.76719496340192
2025-12-21 13:00:00,22.9,66.0,0.0,37.5,7.0,-4.570100377693019,-37.22048068654958
2025-12-21 14:00:00,22.0,69.0,0.0,37.3,4.0,-2.6019164706558837,-37.20913907469144
2025-12-21 15:00:00,21.8,68.0,0.0,37.3,8.0,-5.191156665810455,-36.93699896406057
2025-12-21 16:00:00,20.6,71.0,0.0,36.8,9.0,-5.756788313480501,-36.346930933901064
2025-12-21 17:00:00,19.4,74.0,0.0,35.3,11.0,-6.735557536792024,-34.65143957570253
2025-12-21 18:00:00,18.6,75.0,0.0,35.2,15.0,-9.110430387608726,-34.00058908537521
2025-12-21 19:00:00,18.1,76.0,0.0,33.7,18.0,-10.413872710435733,-32.05060459914667
2025-12-21 20:00:00,18.4,75.0,0.0,26.7,21.0,-9.56842425285953,-24.926597387475283
2025-12-21 21:00:00,18.0,76.0,0.0,22.6,21.0,-8.099115659723797,-21.09891763883676
2025-12-21 22:00:00,17.8,77.0,0.0,22.6,21.0,-8.099115659723797,-21.09891763883676
2025-12-21 23:00:00,17.7,76.0,0.0,21.6,25.0,-9.128554453599103,-19.576248199991642
2025-12-22 00:00:00,17.8,74.0,0.0,20.1,28.0,-9.436378411996404,-17.747246616464434
2025-12-22 01:00:00,17.5,74.0,0.0,19.7,29.0,-9.550749518852836,-17.2300082306461
2025-12-22 02:00:00,17.6,74.0,0.0,19.3,27.0,-8.762016644973256,-17.196425916835498
2025-12-22 03:00:00,17.5,75.0,0.0,18.4,26.0,-8.06602910091903,-16.53781045190467
2025-12-22 04:00:00,17.4,76.0,0.0,17.7,29.0,-8.581130278360162,-15.480768816367307
2025-12-22 05:00:00,17.2,77.0,0.0,17.2,26.0,-7.539983724772137,-15.459257596345669
2025-12-22 06:00:00,17.0,79.0,0.0,18.0,29.0,-8.726573164434063,-15.743154728509127
2025-12-22 07:00:00,16.8,79.0,0.0,17.7,31.0,-9.116173925907963,-15.171861222427383
2025-12-22 08:00:00,18.4,72.0,0.0,14.4,36.0,-8.464107633011615,-11.649844718999242
2025-12-22 09:00:00,20.4,65.0,0.0,11.6,36.0,-6.81830892659269,-9.38459713474939
2025-12-22 10:00:00,22.4,58.0,0.0,10.3,13.0,-2.3169958597418123,-10.036011667287923
2025-12-22 11:00:00,24.0,53.0,0.0,14.1,356.0,0.9835662797921657,-14.06565310866352
2025-12-22 12:00:00,24.5,54.0,0.0,19.4,353.0,2.364265262059861,-19.255395341841645
2025-12-22 13:00:00,24.5,55.0,0.0,22.5,357.0,1.1775590154662392,-22.46916453197791
2025-12-22 14:00:00,23.8,63.0,0.0,21.2,350.0,3.6813413665389247,-20.87792436385881
2025-12-22 15:00:00,23.0,67.0,0.0,22.0,355.0,1.917426340448479,-21.9162833580184
2025-12-22 16:00:00,22.0,71.0,0.0,22.0,1.0,-0.38395294162023696,-21.99664929344061
2025-12-22 17:00:00,20.4,77.0,0.0,23.3,4.0,-1.6253258382381262,-23.243242371053906
2025-12-22 18:00:00,19.8,79.0,0.0,22.1,7.0,-2.6933124892537528,-21.93526995127322
2025-12-22 19:00:00,19.6,77.0,0.0,18.7,12.0,-3.887948618292108,-18.291360133722165
2025-12-22 20:00:00,18.8,80.0,0.0,14.1,14.0,-3.4110987279553155,-13.68116974049155
2025-12-22 21:00:00,18.4,82.0,0.0,10.9,20.0,-3.7280195622497874,-10.242649566566403
2025-12-22 22:00:00,17.8,84.0,0.0,8.1,32.0,-4.292346040288961,-6.86918957886705
2025-12-22 23:00:00,17.0,88.0,0.0,3.8,45.0,-2.687005768508881,-2.68700576850888
2025-12-23 00:00:00,17.0,89.0,0.0,2.5,45.0,-1.7677669529663693,-1.7677669529663687
2025-12-23 01:00:00,17.5,86.0,0.0,2.0,45.0,-1.4142135623730954,-1.414213562373095
2025-12-23 02:00:00,16.9,91.0,0.0,2.9,43.0,-1.9777952441812459,-2.1209257346955943
2025-12-23 03:00:00,16.4,91.0,0.0,3.4,16.0,-0.9371670097777962,-3.2682897661902843
2025-12-23 04:00:00,16.4,91.0,0.0,4.6,18.0,-1.4214781741247586,-4.3748599749577055
2025-12-23 05:00:00,16.6,91.0,0.0,5.9,45.0,-4.171930009000632,-4.17193000900063
2025-12-23 06:00:00,16.7,90.0,0.0,7.1,69.0,-6.628421028130132,-2.544412441771633
2025-12-23 07:00:00,16.5,91.0,0.0,7.5,73.0,-7.172285669722766,-2.192787785420526
2025-12-23 08:00:00,19.3,78.0,0.0,7.8,37.0,-4.694157180585976,-6.229356978368884
2025-12-23 09:00:00,21.4,70.0,0.0,8.6,358.0,0.3001356716415093,-8.594761112364223
2025-12-23 10:00:00,23.1,64.0,0.0,13.1,358.0,0.45718340680276415,-13.092019833950154
2025-12-23 11:00:00,24.2,61.0,0.0,14.8,356.0,1.0323958114130536,-14.763947943845398
2025-12-23 12:00:00,24.5,63.0,0.0,16.1,354.0,1.6829082586092208,-16.011802515429203
2025-12-23 13:00:00,24.0,69.0,0.0,18.2,348.0,3.783992772883222,-17.802286333355262
2025-12-23 14:00:00,22.9,74.0,0.0,17.8,346.0,4.306209741674085,-17.271263927712738
2025-12-23 15:00:00,22.2,76.0,0.0,18.2,352.0,2.5329504374731915,-18.02287885109658
2025-12-23 16:00:00,21.2,80.0,0.0,17.3,357.0,0.9054120430029307,-17.27629095125413
2025-12-23 17:00:00,19.9,89.0,0.0,15.8,359.0,0.27574802170908086,-15.797593583470983
2025-12-23 18:00:00,19.1,94.0,0.0,15.7,5.0,-1.3683451611382345,-15.640256760040405
2025-12-23 19:00:00,19.1,93.0,0.0,14.1,14.0,-3.4110987279553155,-13.68116974049155
2025-12-23 20:00:00,19.0,96.0,0.0,13.5,19.0,-4.395170085171615,-12.764500770590777
2025-12-23 21:00:00,19.1,96.0,0.0,15.1,23.0,-5.900040040188035,-13.899623287131847
2025-12-23 22:00:00,19.1,96.0,0.0,13.8,27.0,-6.265068896405748,-12.295890033799477
2025-12-23 23:00:00,19.1,96.0,0.0,11.8,28.0,-5.539764440873511,-10.41878159573534
2025-12-24 00:00:00,19.2,95.0,0.0,8.7,30.0,-4.350000000000003,-7.534421012924613
2025-12-24 01:00:00,19.1,95.0,0.0,8.1,47.0,-5.923964983115281,-5.524186716506237
2025-12-24 02:00:00,18.7,96.0,0.0,8.1,55.0,-6.6351315587408335,-4.645969134443473
2025-12-24 03:00:00,18.7,94.0,0.0,7.2,58.0,-6.1059462923262675,-3.8154187024790747
2025-12-24 04:00:00,18.6,92.0,0.0,5.5,46.0,-3.956368901862581,-3.8206210375244853
2025-12-24 05:00:00,18.4,92.0,0.0,7.4,58.0,-6.275555911557553,-3.9214025553257157
2025-12-24 06:00:00,17.5,93.0,0.0,7.8,56.0,-6.466493065929326,-4.361704647071824
2025-12-24 07:00:00,17.1,89.0,0.0,6.9,28.0,-3.239353783222646,-6.092338390726597
2025-12-24 08:00:00,19.0,84.0,0.0,6.7,20.0,-2.2915349602819792,-6.295940559265587
2025-12-24 09:00:00,21.8,75.0,0.0,8.3,6.0,-0.8675862451215229,-8.25453173155667
2025-12-24 10:00:00,23.5,68.0,0.0,13.1,352.0,1.8231676225768576,-12.972511700514572
2025-12-24 11:00:00,23.7,67.0,0.0,16.1,354.0,1.6829082586092208,-16.011802515429203
2025-12-24 12:00:00,24.6,65.0,0.0,16.4,357.0,0.858309682384281,-16.37752436997501
2025-12-24 13:00:00,24.5,65.0,0.0,17.2,354.0,1.7978895682036393,-17.1057766003343
2025-12-24 14:00:00,23.6,68.0,0.0,15.2,350.0,2.639452300537342,-14.969077845785561
2025-12-24 15:00:00,24.2,63.0,0.0,12.2,347.0,2.744402862995152,-11.88731479037987
2025-12-24 16:00:00,22.6,75.0,0.0,14.4,340.0,4.925090063889631,-13.53157373931708
2025-12-24 17:00:00,20.6,92.0,0.0,18.4,350.0,3.1951264690715195,-18.120462655424625
2025-12-24 18:00:00,20.3,91.0,0.0,18.2,2.0,-0.6351708399855138,-18.18891305174754
2025-12-24 19:00:00,20.3,90.0,0.0,17.3,3.0,-0.9054120430029365,-17.27629095125413
2025-12-24 20:00:00,20.5,88.0,0.0,10.9,22.0,-4.083211868233444,-10.106304014777981
2025-12-24 21:00:00,20.1,90.0,0.0,7.8,15.0,-2.018788551799661,-7.534221445054732
2025-12-24 22:00:00,19.2,94.0,0.0,4.2,25.0,-1.7749966993109365,-3.8064927055539304
2025-12-24 23:00:00,18.7,95.0,0.0,3.7,23.0,-1.4457051754103132,-3.405867957774029
2025-12-25 00:00:00,18.4,95.0,0.0,2.3,360.0,1.408343819019456e-16,-2.3
2025-12-25 01:00:00,18.1,96.0,0.0,5.2,2.0,-0.18147738285300397,-5.196832300499298
2025-12-25 02:00:00,19.0,95.0,0.0,10.1,357.0,0.5285931580537341,-10.086158301021195
2025-12-25 03:00:00,19.2,94.0,0.0,13.9,13.0,-3.126819655379727,-13.54374390051477
2025-12-25 04:00:00,18.7,95.0,0.0,11.6,39.0,-7.300116536178119,-9.014893152900859
2025-12-25 05:00:00,18.4,95.0,0.0,10.7,25.0,-4.522015400625481,-9.697493321292155
2025-12-25 06:00:00,18.6,93.0,0.0,18.1,11.0,-3.4536428163154578,-17.767452020402718
2025-12-25 07:00:00,19.0,88.0,0.0,26.6,15.0,-6.884586599727049,-25.693626979289217
2025-12-25 08:00:00,19.1,81.0,0.0,26.9,22.0,-10.07691736288804,-24.94124568784658
2025-12-25 09:00:00,19.3,70.0,0.0,31.1,15.0,-8.049272302688392,-30.040293197590024
2025-12-25 10:00:00,19.4,64.0,0.0,33.0,11.0,-6.296696847425972,-32.39369705377291
2025-12-25 11:00:00,19.6,61.0,0.0,36.5,9.0,-5.7098579739684325,-36.050624431722525
2025-12-25 12:00:00,19.2,61.0,0.0,38.6,8.0,-5.372081697058541,-38.22434745342461
2025-12-25 13:00:00,19.0,59.0,0.0,39.7,12.0,-8.254094125465064,-38.832459749132084
2025-12-25 14:00:00,18.4,60.0,0.0,36.6,13.0,-8.233208588985468,-35.661944371139604
2025-12-25 15:00:00,17.6,62.0,0.0,36.1,16.0,-9.95050854499366,-34.70154722337332
2025-12-25 16:00:00,16.7,63.0,0.0,34.5,15.0,-8.929257056036962,-33.324441006972854
2025-12-25 17:00:00,15.5,68.0,0.0,35.5,12.0,-7.380865024030473,-34.724239826050095
2025-12-25 18:00:00,14.9,70.0,0.0,40.9,14.0,-9.894605530026412,-39.68509520468825
2025-12-25 19:00:00,14.7,71.0,0.0,40.0,16.0,-11.025494232679955,-38.45046783753276
2025-12-25 20:00:00,14.6,70.0,0.0,34.0,19.0,-11.069317251543326,-32.147631570376774
2025-12-25 21:00:00,14.6,71.0,0.0,32.7,21.0,-11.718631950131334,-30.528079946458497
2025-12-25 22:00:00,14.4,72.0,0.0,32.1,19.0,-10.450737758074728,-30.35114627673807
2025-12-25 23:00:00,14.3,71.0,0.0,31.0,21.0,-11.109406435904322,-28.94099322141325
2025-12-26 00:00:00,14.4,69.0,0.0,32.0,21.0,-11.467774385449623,-29.874573647910452
2025-12-26 01:00:00,14.4,69.0,0.0,31.3,21.0,-11.216916820767912,-29.22106734936241
2025-12-26 02:00:00,14.3,69.0,0.0,29.8,27.0,-13.528916892238499,-26.55199442081336
2025-12-26 03:00:00,13.9,72.0,0.0,26.2,22.0,-9.814692747496903,-24.292216989649827
2025-12-26 04:00:00,13.6,73.0,0.0,26.0,23.0,-10.15900934072112,-23.933126189763446
2025-12-26 05:00:00,13.4,72.0,0.0,25.2,25.0,-10.649980195865618,-22.838956233323582
2025-12-26 06:00:00,13.3,70.0,0.0,25.6,25.0,-10.8190275005619,-23.201479348138243
2025-12-26 07:00:00,13.4,71.0,0.0,26.1,25.0,-11.030336631432249,-23.65463324165657
2025-12-26 08:00:00,13.6,75.0,0.0,19.2,27.0,-8.7166175949993,-17.107325264416662
2025-12-26 09:00:00,14.4,71.0,0.2,17.3,35.0,-9.922872348873103,-14.171330366199555
2025-12-26 10:00:00,15.4,66.0,0.1,14.2,27.0,-6.446665096301566,-12.652292643474821
2025-12-26 11:00:00,15.4,73.0,0.7000000000000001,14.7,25.0,-6.212488447588277,-13.322724469438755
2025-12-26 12:00:00,15.6,74.0,0.4,12.7,27.0,-5.765679346692245,-11.31578285719227
2025-12-26 13:00:00,17.3,66.0,0.0,12.8,20.0,-4.377857834568558,-12.02806554605963
2025-12-26 14:00:00,18.6,63.0,0.0,7.4,23.0,-2.8914103508206264,-6.811735915548058
2025-12-26 15:00:00,19.0,62.0,0.0,7.0,12.0,-1.4553818357243185,-6.847033205136639
2025-12-26 16:00:00,18.8,62.0,0.0,8.7,354.0,0.909397630428585,-8.652340489703978
2025-12-26 17:00:00,17.6,67.0,0.0,12.1,359.0,0.21117411789113152,-12.098157111392334
2025-12-26 18:00:00,16.2,74.0,0.0,15.0,6.0,-1.5679269490148005,-14.917828430524102
2025-12-26 19:00:00,15.3,78.0,0.0,12.9,18.0,-3.9863192274368235,-12.26862906020748
2025-12-26 20:00:00,15.4,75.0,0.0,9.2,17.0,-2.689819683449181,-8.798003754859923
2025-12-26 21:00:00,15.0,78.0,0.0,8.5,24.0,-3.457261466144301,-7.765136389962108
2025-12-26 22:00:00,14.6,78.0,0.0,9.0,46.0,-6.47405820304786,-6.251925334130976
2025-12-26 23:00:00,14.1,81.0,0.0,6.9,65.0,-6.253523730552885,-2.916066006010825
2025-12-27 00:00:00,14.4,80.0,0.0,4.6,77.0,-4.482102298012082,-1.0347748499817788
2025-12-27 01:00:00,14.5,87.0,0.8,2.2,360.0,1.3471114790620887e-16,-2.2
2025-12-27 02:00:00,14.4,89.0,1.2,5.4,64.0,-4.853487850015502,-2.3672041926610183
2025-12-27 03:00:00,14.2,92.0,0.1,3.5,39.0,-2.2026213686744325,-2.720010865099397
2025-12-27 04:00:00,14.6,92.0,0.1,4.2,54.0,-3.39787137637478,-2.468698059628387
2025-12-27 05:00:00,14.6,94.0,0.5,3.6,53.0,-2.875087836170254,-2.1665340833473743
2025-12-27 06:00:00,14.6,93.0,0.2,3.2,27.0,-1.4527695991665501,-2.851220877402777
2025-12-27 07:00:00,14.9,91.0,0.8,6.5,24.0,-2.6437881799927005,-5.9380454746769065
2025-12-27 08:00:00,15.3,90.0,0.4,8.6,51.0,-6.683455268529949,-5.412155363028603
2025-12-27 09:00:00,15.8,93.0,0.8,5.2,27.0,-2.360750598645644,-4.633233925779512
2025-12-27 10:00:00,16.9,84.0,0.1,7.8,13.0,-1.7546182238821488,-7.600086505324834
2025-12-27 11:00:00,19.4,67.0,0.0,6.5,354.0,0.6794350112397475,-6.4643923198937765
2025-12-27 12:00:00,19.6,66.0,0.0,10.6,351.0,1.6582053294264478,-10.46949641030846
2025-12-27 13:00:00,20.4,63.0,0.0,17.9,354.0,1.8710594924909967,-17.80194192709209
2025-12-27 14:00:00,19.7,68.0,0.0,27.3,356.0,1.904351733214619,-27.2334985720932
2025-12-27 15:00:00,18.6,73.0,0.0,28.5,5.0,-2.48393866830826,-28.391548895614747
2025-12-27 16:00:00,18.2,71.0,0.0,25.3,11.0,-4.8274675830265785,-24.8351677412259
2025-12-27 17:00:00,18.0,71.0,0.0,20.6,18.0,-6.3657500841239205,-19.591764235680163
2025-12-27 18:00:00,17.2,74.0,0.0,18.9,21.0,-6.773154246406183,-17.64467006079711
2025-12-27 19:00:00,16.8,76.0,0.0,17.8,22.0,-6.667997362803239,-16.503872611288816
2025-12-27 20:00:00,16.2,82.0,0.0,19.7,16.0,-5.430055909594878,-18.936855409984883
2025-12-27 21:00:00,16.1,81.0,0.0,21.8,21.0,-7.812421300087556,-20.352053297638996
2025-12-27 22:00:00,16.0,81.0,0.0,19.0,25.0,-8.029746973073284,-17.219847953696352
2025-12-27 23:00:00,15.8,83.0,0.0,14.2,22.0,-5.319413626505955,-13.16601073484838
2025-12-28 00:00:00,15.3,86.0,0.0,11.1,20.0,-3.796423590914921,-10.430588090723584
2025-12-28 01:00:00,15.0,88.0,0.0,9.2,26.0,-4.033014550459515,-8.268905225952334
2025-12-28 02:00:00,14.1,92.0,0.0,8.0,36.0,-4.702282018339786,-6.472135954999579
2025-12-28 03:00:00,14.6,90.0,0.0,7.9,39.0,-4.971631089293719,-6.139453095510068
2025-12-28 04:00:00,14.4,91.0,0.0,6.9,41.0,-4.5268073000345,-5.207496103537127
2025-12-28 05:00:00,13.6,94.0,0.0,3.5,78.0,-3.4235166025683195,-0.7276909178621582
2025-12-28 06:00:00,13.9,92.0,0.0,1.8,96.0,-1.790139411662892,0.18815123388177674
2025-12-28 07:00:00,14.7,87.0,0.0,3.0,65.0,-2.71892336110995,-1.2678547852220978
2025-12-28 08:00:00,15.2,86.0,0.0,4.6,77.0,-4.482102298012082,-1.0347748499817788
2025-12-28 09:00:00,18.0,74.0,0.0,4.8,22.0,-1.798111648396379,-4.450482501920579
2025-12-28 10:00:00,18.7,71.0,0.0,5.8,14.0,-1.403146994478073,-5.627715212400779
2025-12-28 11:00:00,20.0,66.0,0.0,7.1,16.0,-1.957025226300692,-6.8249580411620645
2025-12-28 12:00:00,21.0,61.0,0.0,9.7,357.0,0.5076587755565565,-9.686706487119366
2025-12-28 13:00:00,21.6,60.0,0.0,14.2,359.0,0.24782417140942709,-14.197837271220756
2025-12-28 14:00:00,21.5,60.0,0.0,15.3,3.0,-0.800740130517048,-15.27903188174498
2025-12-28 15:00:00,20.8,65.0,0.0,18.4,9.0,-2.8783941567402507,-18.173465466950532
2025-12-28 16:00:00,20.0,72.0,0.0,20.4,12.0,-4.2413984926823,-19.954211054969633
2025-12-28 17:00:00,19.4,76.0,0.0,18.6,12.0,-3.867157449210332,-18.193545373648785
2025-12-28 18:00:00,18.0,82.0,0.0,17.0,16.0,-4.685835048888981,-16.341448830951425
2025-12-28 19:00:00,17.4,84.0,0.0,16.7,14.0,-4.040095656514452,-16.20393862880914
2025-12-28 20:00:00,17.0,87.0,0.0,14.6,16.0,-4.0243053949281835,-14.034420760699458
2025-12-28 21:00:00,16.7,88.0,0.0,15.4,18.0,-4.758861713374192,-14.646270350945365
2025-12-28 22:00:00,16.5,88.0,0.0,16.6,20.0,-5.677534379206098,-15.59889750504608
2025-12-28 23:00:00,16.4,87.0,0.0,16.7,24.0,-6.792501939365861,-15.256209142631436
2025-12-29 00:00:00,15.9,88.0,0.0,16.7,26.0,-7.3207981513775975,-15.009860573196086
2025-12-29 01:00:00,15.8,88.0,0.0,16.3,26.0,-7.145449692661967,-14.65034295467642
2025-12-29 02:00:00,15.9,87.0,0.0,16.4,21.0,-5.877234372542931,-15.310718994554106
2025-12-29 03:00:00,16.2,85.0,0.0,17.3,22.0,-6.480694066095283,-16.04028068400542
2025-12-29 04:00:00,16.0,86.0,0.0,18.0,27.0,-8.171828995311845,-16.03811743539062
2025-12-29 05:00:00,16.0,86.0,0.0,17.2,30.0,-8.600000000000007,-14.89563694509234
2025-12-29 06:00:00,16.1,85.0,0.0,16.8,26.0,-7.364635266056506,-15.099739977826003
2025-12-29 07:00:00,16.2,85.0,0.0,16.8,27.0,-7.627040395624388,-14.96890960636458
2025-12-29 08:00:00,18.3,78.0,0.0,16.5,23.0,-6.447063620073018,-15.188330081965264
2025-12-29 09:00:00,20.4,68.0,0.0,17.1,24.0,-6.955196596596182,-15.621627325688477
2025-12-29 10:00:00,21.9,64.0,0.0,18.5,13.0,-4.161594505361507,-18.02584619852685
2025-12-29 11:00:00,21.7,68.0,0.0,20.6,4.0,-1.4369833591289871,-20.54981943535238
2025-12-29 12:00:00,22.2,66.0,0.0,19.8,2.0,-0.691010034709515,-19.787938374978097
2025-12-29 13:00:00,22.5,65.0,0.0,19.3,355.0,1.6821058350298022,-19.22655767317069
2025-12-29 14:00:00,22.7,65.0,0.0,19.2,350.0,3.3340450112050637,-18.908308857834392
2025-12-29 15:00:00,22.5,65.0,0.0,18.3,354.0,1.9128708777980583,-18.1997506852394
2025-12-29 16:00:00,21.2,71.0,0.0,20.2,355.0,1.7605460035026943,-20.12313290145326
2025-12-29 17:00:00,19.8,82.0,0.0,18.0,359.0,0.3141433158711048,-17.997258512815044
2025-12-29 18:00:00,19.1,86.0,0.0,18.5,2.0,-0.645640688996264,-18.488730299853273
2025-12-29 19:00:00,18.8,90.0,0.0,16.1,4.0,-1.123079227280422,-16.060781209183173
2025-12-29 20:00:00,18.7,93.0,0.0,14.0,1.0,-0.24433369012196898,-13.997867732189478
2025-12-29 21:00:00,18.8,92.0,0.0,12.7,8.0,-1.7674983821928358,-12.576404473017941
2025-12-29 22:00:00,18.5,93.0,0.0,12.0,8.0,-1.6700772115207898,-11.883216824898843
2025-12-29 23:00:00,18.1,94.0,0.0,9.5,9.0,-1.4861274178821948,-9.383039235653808
2025-12-30 00:00:00,17.6,95.0,0.0,5.9,23.0,-2.3053136580867157,-5.430978635369398
2025-12-30 01:00:00,17.0,95.0,0.0,5.0,52.0,-3.94005376803361,-3.078307376628291
2025-12-30 02:00:00,17.0,94.0,0.0,7.5,48.0,-5.573586191080457,-5.018479547691436
2025-12-30 03:00:00,16.9,94.0,0.0,6.9,30.0,-3.4500000000000033,-5.975575286112625
2025-12-30 04:00:00,17.4,93.0,0.0,12.3,14.0,-2.975639315875914,-11.934637433194757
2025-12-30 05:00:00,17.4,95.0,0.0,12.5,30.0,-6.250000000000005,-10.82531754730548
2025-12-30 06:00:00,17.0,94.0,0.0,13.0,38.0,-8.003599179233555,-10.244139796887387
2025-12-30 07:00:00,17.0,93.0,0.0,15.0,32.0,-7.9487889634980755,-12.72072144234639
2025-12-30 08:00:00,18.2,86.0,0.0,16.5,23.0,-6.447063620073018,-15.188330081965264
2025-12-30 09:00:00,20.5,76.0,0.0,23.5,19.0,-7.6508516297431814,-22.219686526583946
2025-12-30 10:00:00,22.2,68.0,0.0,23.5,16.0,-6.477477861699474,-22.589649854550498
2025-12-30 11:00:00,22.9,67.0,0.0,23.9,6.0,-2.498230272096915,-23.769073299301734
2025-12-30 12:00:00,23.0,66.0,0.0,25.4,3.0,-1.3293332885707854,-25.365190182766174
2025-12-30 13:00:00,22.9,66.0,0.0,27.2,3.0,-1.4235380098080852,-27.16272334532441
2025-12-30 14:00:00,21.9,70.0,0.0,29.0,4.0,-2.0229377385796417,-28.929357457534902
2025-12-30 15:00:00,21.0,74.0,0.0,28.4,6.0,-2.9686083568013553,-28.244421828458965
2025-12-30 16:00:00,20.3,76.0,0.0,26.9,10.0,-4.671135979240425,-26.491328556028396
2025-12-30 17:00:00,19.5,79.0,0.0,25.3,9.0,-3.9577919655178455,-24.988515017056983
2025-12-30 18:00:00,19.0,81.0,0.0,24.5,12.0,-5.093836425035115,-23.964616217978236
2025-12-30 19:00:00,18.6,82.0,0.0,25.9,19.0,-8.432215200440357,-24.488931108022307
2025-12-30 20:00:00,18.2,82.0,0.0,25.7,19.0,-8.367101569548925,-24.299827392902444
2025-12-30 21:00:00,18.0,82.0,0.0,23.6,22.0,-8.84071560461553,-21.881538967776184
2025-12-30 22:00:00,17.6,83.0,0.0,22.2,24.0,-9.029553476282763,-20.28070915966574
2025-12-30 23:00:00,17.2,85.0,0.0,19.7,25.0,-8.325579756291773,-17.854263404622007
2025-12-31 00:00:00,17.1,86.0,0.0,18.6,26.0,-8.153703330276846,-16.717569261164503
2025-12-31 01:00:00,17.0,87.0,0.0,17.6,27.0,-7.990232795416026,-15.681714825715275
2025-12-31 02:00:00,17.0,87.0,0.0,18.2,28.0,-8.544382442703212,-16.069646190032472
2025-12-31 03:00:00,17.0,88.0,0.0,17.5,27.0,-7.944833745442071,-15.592614173296436
2025-12-31 04:00:00,16.6,90.0,0.0,16.3,28.0,-7.6523864734100195,-14.39204576360051
2025-12-31 05:00:00,16.5,89.0,0.0,16.0,26.0,-7.013938348625244,-14.380704740786669
2025-12-31 06:00:00,16.5,88.0,0.0,17.2,27.0,-7.808636595520206,-15.325312216039926
2025-12-31 07:00:00,16.6,88.0,0.0,17.6,28.0,-8.262699505031678,-15.539877634317117
2025-12-31 08:00:00,18.3,79.0,0.0,16.5,32.0,-8.743667859847882,-13.992793586581028
2025-12-31 09:00:00,20.3,70.0,0.0,17.7,24.0,-7.199238582441661,-16.169754600274036
2025-12-31 10:00:00,21.8,63.0,0.0,20.4,17.0,-5.964382776343837,-19.508617021645918
2025-12-31 11:00:00,22.8,59.0,0.0,22.5,10.0,-3.9070839975059326,-22.15817444277468
2025-12-31 12:00:00,22.7,59.0,0.0,28.8,7.0,-3.5098370900682387,-28.58532916727008
2025-12-31 13:00:00,22.0,61.0,0.0,32.5,8.0,-4.52312578120214,-32.18371223410103
2025-12-31 14:00:00,21.8,61.0,0.0,30.0,6.0,-3.135853898029601,-29.835656861048204
2025-12-31 15:00:00,21.4,64.0,0.0,29.0,3.0,-1.5177427310453848,-28.96025650788264
2025-12-31 16:00:00,20.5,67.0,0.0,28.4,8.0,-3.9525160672658695,-28.123613152260592
2025-12-31 17:00:00,19.2,73.0,0.0,26.3,10.0,-4.566947072640268,-25.90044390422107
2025-12-31 18:00:00,18.4,77.0,0.0,24.8,15.0,-6.418712318542512,-23.954960491968894
2025-12-31 19:00:00,17.9,78.0,0.0,23.3,21.0,-8.349973224405506,-21.752423937384798
2025-12-31 20:00:00,17.1,84.0,0.0,18.6,20.0,-6.361574665857435,-17.478282746617896
2025-12-31 21:00:00,16.7,87.0,0.0,18.1,23.0,-7.072233425655857,-16.66113784748917
2025-12-31 22:00:00,16.6,87.0,0.0,19.1,23.0,-7.462964554145131,-17.58164270094161
2025-12-31 23:00:00,16.7,87.0,0.0,20.0,22.0,-7.492131868318246,-18.543677091335745
2026-01-01 00:00:00,16.9,85.0,0.0,21.6,22.0,-8.091502417783706,-20.027171258642607
2026-01-01 01:00:00,16.8,85.0,0.0,21.6,22.0,-8.091502417783706,-20.027171258642607
2026-01-01 02:00:00,17.0,83.0,0.0,23.9,24.0,-9.721005769511622,-21.83373643765816
2026-01-01 03:00:00,17.1,81.0,0.0,22.3,24.0,-9.070227140590342,-20.37206370543
2026-01-01 04:00:00,17.2,80.0,0.0,22.3,20.0,-7.6270491961624085,-20.95514544352576
2026-01-01 05:00:00,16.9,81.0,0.0,21.6,18.0,-6.674767078498868,-20.542820751975317
2026-01-01 06:00:00,16.8,80.0,0.0,22.8,20.0,-7.798059267825243,-21.424991753918714
2026-01-01 07:00:00,16.8,79.0,0.0,22.1,24.0,-8.988879811975183,-20.189354613901482
2026-01-01 08:00:00,17.5,78.0,0.0,17.3,19.0,-5.63232907210881,-16.35747135786818
2026-01-01 09:00:00,19.3,70.0,0.0,21.8,11.0,-4.159636099208672,-21.399472599159076
2026-01-01 10:00:00,20.1,66.0,0.0,25.4,7.0,-3.095481322490738,-25.21067225168958
2026-01-01 11:00:00,20.8,62.0,0.0,27.9,9.0,-4.3645215746224455,-27.55650470260434
2026-01-01 12:00:00,21.2,60.0,0.0,28.0,11.0,-5.342651870543249,-27.485561136534592
2026-01-01 13:00:00,21.6,57.0,0.0,28.5,8.0,-3.966433377361876,-28.222639959134753
2026-01-01 14:00:00,21.1,59.0,0.0,29.0,4.0,-2.0229377385796417,-28.929357457534902
2026-01-01 15:00:00,20.0,62.0,0.0,32.9,5.0,-2.867423936397956,-32.77480556721843
2026-01-01 16:00:00,18.8,66.0,0.0,35.7,9.0,-5.584710401936248,-35.260473759246416
2026-01-01 17:00:00,17.5,70.0,0.0,35.8,10.0,-6.216604760476105,-35.256117557837044
2026-01-01 18:00:00,16.8,72.0,0.0,37.4,12.0,-7.775897236584216,-36.58272026744433
2026-01-01 19:00:00,16.4,72.0,0.0,37.5,15.0,-9.705714191344523,-36.22221848584006
2026-01-01 20:00:00,16.6,70.0,0.0,33.6,17.0,-9.823689278683966,-32.13183980035799
2026-01-01 21:00:00,16.4,70.0,0.0,34.9,17.0,-10.203772494823525,-33.37503598310993
2026-01-01 22:00:00,15.9,72.0,0.0,34.3,18.0,-10.5992829070607,-32.62123850892376
2026-01-01 23:00:00,15.9,72.0,0.0,34.1,17.0,-9.969875131045336,-32.6099921783395
2026-01-02 00:00:00,15.9,71.0,0.0,35.2,17.0,-10.291484006240347,-33.661927409898844
2026-01-02 01:00:00,15.6,71.0,0.0,34.6,19.0,-11.26465814421762,-32.71494271573636
2026-01-02 02:00:00,15.4,72.0,0.0,32.8,19.0,-10.678635466194738,-31.01300927965759
2026-01-02 03:00:00,15.1,72.0,0.0,31.5,20.0,-10.773634514758559,-29.600317554756117
2026-01-02 04:00:00,14.7,72.0,0.0,33.5,19.0,-10.906533174314747,-31.674872282577116
2026-01-02 05:00:00,14.7,70.0,0.0,36.0,19.0,-11.720453560457639,-34.038668721575405
2026-01-02 06:00:00,14.6,68.0,0.0,38.4,18.0,-11.866252583997985,-36.52057022573389
2026-01-02 07:00:00,14.2,68.0,0.0,39.8,17.0,-11.636393847964936,-38.060929287328804
2026-01-02 08:00:00,14.4,66.0,0.0,35.6,17.0,-10.408432688129441,-34.04444931228406
2026-01-02 09:00:00,15.1,61.0,0.0,34.6,17.0,-10.116060983406705,-33.088144556321026
2026-01-02 10:00:00,15.6,58.0,0.0,37.8,16.0,-10.419092049882558,-36.33569210646846
2026-01-02 11:00:00,15.6,58.0,0.0,37.6,15.0,-9.731596095854776,-36.31881106846897
2026-01-02 12:00:00,15.7,56.0,0.0,38.4,15.0,-9.938651331936791,-37.091551729500225
2026-01-02 13:00:00,15.4,56.0,0.0,38.9,16.0,-10.722293141281256,-37.393079972000606
2026-01-02 14:00:00,15.5,56.0,0.0,34.7,15.0,-8.981020865057467,-33.51762617223067
2026-01-02 15:00:00,15.3,56.0,0.0,32.6,16.0,-8.985777799634164,-31.3371312875892
2026-01-02 16:00:00,14.4,59.0,0.0,33.7,16.0,-9.288978891032864,-32.39451915312135
2026-01-02 17:00:00,13.0,64.0,0.0,33.5,18.0,-10.352069311560744,-31.860393295887643
2026-01-02 18:00:00,12.3,65.0,0.0,35.1,18.0,-10.84649650256066,-33.38208372195989
2026-01-02 19:00:00,11.8,66.0,0.0,33.0,19.0,-10.74374909708617,-31.202112994777455
2026-01-02 20:00:00,11.6,66.0,0.0,26.2,22.0,-9.814692747496903,-24.292216989649827
2026-01-02 21:00:00,11.4,65.0,0.0,24.7,24.0,-10.046395083972262,-22.564572803772244
2026-01-02 22:00:00,11.3,64.0,0.0,22.4,25.0,-9.46664906299166,-20.30129442962096
2026-01-02 23:00:00,11.2,63.0,0.0,19.6,26.0,-8.592074477065925,-17.616363307463672
2026-01-03 00:00:00,11.2,62.0,0.0,19.0,26.0,-8.329051788992476,-17.07708687968417
2026-01-03 01:00:00,11.1,63.0,0.0,19.3,28.0,-9.060801161767692,-17.040888542177292
2026-01-03 02:00:00,10.6,65.0,0.0,17.4,31.0,-8.961662503434948,-14.914711032216749
2026-01-03 03:00:00,10.9,64.0,0.0,16.5,28.0,-7.746280785967198,-14.568635282172295
2026-01-03 04:00:00,10.9,63.0,0.0,16.9,31.0,-8.70414346597992,-14.486127381865693
2026-01-03 05:00:00,10.6,64.0,0.0,15.7,31.0,-8.086097776087856,-13.45752662102316
2026-01-03 06:00:00,10.6,64.0,0.0,15.7,28.0,-7.3707035357384845,-13.862277207885153
2026-01-03 07:00:00,10.5,65.0,0.0,14.4,34.0,-8.05237780997875,-11.938141044792603
2026-01-03 08:00:00,12.1,61.0,0.0,7.9,49.0,-5.9622056837599,-5.182866329025006
2026-01-03 09:00:00,14.6,55.0,0.0,6.4,47.0,-4.6806636903626915,-4.364789504399989
2026-01-03 10:00:00,16.8,51.0,0.0,4.8,31.0,-2.4721827595682613,-4.114403043370138
2026-01-03 11:00:00,18.5,48.0,0.0,8.3,4.0,-0.5789787320762424,-8.27978161715654
2026-01-03 12:00:00,19.5,45.0,0.0,13.0,359.0,0.22688128368468677,-12.998020037033086
2026-01-03 13:00:00,19.9,43.0,0.0,17.5,3.0,-0.9158792342515254,-17.476016858205043
2026-01-03 14:00:00,19.5,47.0,0.0,23.0,360.0,1.4083438190194562e-15,-23.0
2026-01-03 15:00:00,18.9,49.0,0.0,27.6,2.0,-0.9632261089890211,-27.583186825727044
2026-01-03 16:00:00,18.4,50.0,0.0,27.1,4.0,-1.8904004384658033,-27.033985762041237
2026-01-03 17:00:00,17.9,51.0,0.0,23.0,7.0,-2.802994898318385,-22.82856148775041
2026-01-03 18:00:00,17.0,54.0,0.0,21.4,11.0,-4.083312501058054,-21.006821725780007
2026-01-03 19:00:00,16.1,57.0,0.0,18.5,13.0,-4.161594505361507,-18.02584619852685
2026-01-03 20:00:00,14.9,64.0,0.0,8.5,29.0,-4.120881772093863,-7.434267510684865
2026-01-03 21:00:00,14.0,70.0,0.0,4.7,9.0,-0.7352419856890859,-4.6421352007971475
2026-01-03 22:00:00,14.4,70.0,0.0,4.5,7.0,-0.5484120453231622,-4.46645768238595
2026-01-03 23:00:00,13.4,74.0,0.0,2.7,20.0,-0.9234543869793052,-2.537170076121953
2026-01-04 00:00:00,13.1,73.0,0.0,1.7000000000000002,49.0,-1.2830062863787128,-1.115300349283862
2026-01-04 01:00:00,12.8,72.0,0.0,2.8,75.0,-2.7045923136093912,-0.7246933262870582
2026-01-04 02:00:00,12.5,70.0,0.0,5.8,95.0,-5.777929248932124,0.5055033079364175
2026-01-04 03:00:00,12.1,73.0,0.0,5.2,86.0,-5.187333061351086,-0.36273366346945146
2026-01-04 04:00:00,11.6,77.0,0.0,4.5,83.0,-4.46645768238595,-0.5484120453231629
2026-01-04 05:00:00,10.9,81.0,0.0,4.4,99.0,-4.345828698618606,0.6883116461770163
2026-01-04 06:00:00,10.6,84.0,0.0,4.6,99.0,-4.543366366737633,0.7195985391850624
2026-01-04 07:00:00,10.6,85.0,0.0,6.2,102.0,-6.064515124549596,1.2890524830701078
2026-01-04 08:00:00,13.6,70.0,0.0,9.2,93.0,-9.18739171974208,0.481490797435083
2026-01-04 09:00:00,17.6,56.0,0.0,5.2,74.0,-4.998560818879258,-1.4333142502483949
2026-01-04 10:00:00,19.6,52.0,0.0,4.4,30.0,-2.200000000000002,-3.8105117766515293
2026-01-04 11:00:00,20.8,49.0,0.0,2.9,330.0,1.4500000000000002,-2.5114736709748717
2026-01-04 12:00:00,21.5,49.0,0.0,7.1,324.0,4.173275291276559,-5.744020660062127
2026-01-04 13:00:00,21.2,53.0,0.0,13.0,333.0,5.901876496614109,-11.583084814448782
2026-01-04 14:00:00,20.5,57.0,0.0,14.6,328.0,7.736821257804792,-12.38150220388382
2026-01-04 15:00:00,19.7,61.0,0.0,14.4,331.0,6.981258531547255,-12.594523782807299
2026-01-04 16:00:00,19.1,66.0,0.0,13.2,338.0,4.944807033090037,-12.238826880281593
2026-01-04 17:00:00,17.9,74.0,0.0,15.4,353.0,1.8767878884392715,-15.285210735276358
2026-01-04 18:00:00,16.7,82.0,0.0,15.5,357.0,0.8112073217656315,-15.478757788695894
2026-01-04 19:00:00,16.4,87.0,0.0,11.5,3.0,-0.6018634967938595,-11.4842396496776
2026-01-04 20:00:00,16.1,91.0,0.0,8.7,27.0,-3.9497173477340577,-7.751756760438799
2026-01-04 21:00:00,15.9,92.0,0.0,8.5,29.0,-4.120881772093863,-7.434267510684865
2026-01-04 22:00:00,15.4,93.0,0.0,7.2,32.0,-3.815418702479076,-6.105946292326267
2026-01-04 23:00:00,14.4,93.0,0.0,4.9,51.0,-3.808015211139157,-3.0836699161442045
2026-01-05 00:00:00,13.9,92.0,0.0,3.2,106.0,-3.0760374270026207,0.8820395386143975
2026-01-05 01:00:00,13.1,95.0,0.0,2.4,126.0,-1.9416407864998735,1.4106846055019358
2026-01-05 02:00:00,12.2,96.0,0.0,3.8,93.0,-3.7947922320673806,0.19887663372318645
2026-01-05 03:00:00,11.8,94.0,0.0,3.6,99.0,-3.5556780261424956,0.5631640741448315
2026-01-05 04:00:00,11.6,92.0,0.0,3.4,90.0,-3.4,4.1637991171010006e-16
2026-01-05 05:00:00,12.1,87.0,0.0,4.8,77.0,-4.676976310969129,-1.0797650608505518
2026-01-05 06:00:00,12.1,85.0,0.0,6.3,85.0,-6.276026597977997,-0.549081179310245
2026-01-05 07:00:00,12.2,83.0,0.0,6.8,90.0,-6.8,8.327598234202001e-16
2026-01-05 08:00:00,14.3,74.0,0.0,7.0,64.0,-6.291558324094169,-3.0685980275235423
2026-01-05 09:00:00,18.2,70.0,0.0,7.6,19.0,-2.4743179738743906,-7.185941174554808
2026-01-05 10:00:00,19.7,68.0,0.0,15.0,3.0,-0.7850393436441646,-14.979443021318607
2026-01-05 11:00:00,20.4,64.0,0.0,16.1,4.0,-1.123079227280422,-16.060781209183173
2026-01-05 12:00:00,20.8,59.0,0.0,15.5,355.0,1.3509140125887011,-15.441017820422056
2026-01-05 13:00:00,20.6,60.0,0.0,20.0,345.0,5.176380902050415,-19.318516525781366
2026-01-05 14:00:00,19.7,64.0,0.0,24.2,349.0,4.6175776881123864,-23.755377839433468
2026-01-05 15:00:00,19.4,63.0,0.0,23.8,358.0,0.8306080215195257,-23.78550168305448
2026-01-05 16:00:00,18.5,67.0,0.0,23.3,3.0,-1.2194277804606024,-23.26806815978157
2026-01-05 17:00:00,17.9,71.0,0.0,23.6,2.0,-0.823628122179018,-23.58562351765066
2026-01-05 18:00:00,17.3,72.0,0.0,22.4,9.0,-3.504132016901175,-22.12421882933108
2026-01-05 19:00:00,17.1,74.0,0.0,23.5,13.0,-5.286349777080834,-22.897696522453025
2026-01-05 20:00:00,16.4,79.0,0.0,23.5,16.0,-6.477477861699474,-22.589649854550498
2026-01-05 21:00:00,15.9,79.0,0.0,21.9,23.0,-8.557011713915097,-20.15905629060844
2026-01-05 22:00:00,15.6,78.0,0.0,20.8,22.0,-7.7918171430509755,-19.285424174989178
2026-01-05 23:00:00,15.3,79.0,0.0,23.0,20.0,-7.866463296490377,-21.612930278075893
2026-01-06 00:00:00,15.1,78.0,0.0,24.4,19.0,-7.943862968754622,-23.07065324462333
2026-01-06 01:00:00,14.5,77.0,0.0,24.3,22.0,-9.10294022000667,-22.53056766597293
2026-01-06 02:00:00,14.1,78.0,0.0,23.3,22.0,-8.728333626590757,-21.603383811406147
2026-01-06 03:00:00,13.6,78.0,0.0,22.0,23.0,-8.596084826764024,-20.251106775953687
2026-01-06 04:00:00,13.4,78.0,0.0,22.8,22.0,-8.541030329882801,-21.13979188412275
2026-01-06 05:00:00,13.4,75.0,0.0,23.9,24.0,-9.721005769511622,-21.83373643765816
2026-01-06 06:00:00,13.2,74.0,0.0,23.7,23.0,-9.26032774519579,-21.815965026822834
2026-01-06 07:00:00,13.1,74.0,0.0,24.0,23.0,-9.377547083742572,-22.092116482858565
2026-01-06 08:00:00,14.1,68.0,0.0,23.8,23.0,-9.299400858044717,-21.908015512168078
2026-01-06 09:00:00,15.9,59.0,0.0,24.9,16.0,-6.863370159843272,-23.935416228864142
2026-01-06 10:00:00,17.3,55.0,0.0,29.4,10.0,-5.105256423407751,-28.953347938558913
2026-01-06 11:00:00,18.0,54.0,0.0,29.9,6.0,-3.1254010517028354,-29.736204671511373
2026-01-06 12:00:00,18.3,54.0,0.0,29.9,1.0,-0.5218269524747765,-29.895446085176097
2026-01-06 13:00:00,17.8,57.0,0.0,31.5,0.0,-5.786456125971244e-15,-31.5
2026-01-06 14:00:00,16.9,61.0,0.0,29.2,4.0,-2.036889033328467,-29.128870267586866
2026-01-06 15:00:00,16.4,62.0,0.0,26.8,10.0,-4.653771161473733,-26.392847780727177
2026-01-06 16:00:00,15.6,64.0,0.0,24.7,12.0,-5.1354187631986665,-24.160245738124996
2026-01-06 17:00:00,14.6,68.0,0.0,23.4,10.0,-4.06336735740617,-23.044501420485666
2026-01-06 18:00:00,14.1,71.0,0.0,23.6,12.0,-4.906715903299132,-23.084283377317814
2026-01-06 19:00:00,13.8,72.0,0.0,24.0,15.0,-6.211657082460495,-23.18221983093764
2026-01-06 20:00:00,13.8,72.0,0.0,25.9,13.0,-5.8262323075061095,-25.23618467793759
2026-01-06 21:00:00,13.5,70.0,0.0,25.7,15.0,-6.65164945913478,-24.824293735629055
2026-01-06 22:00:00,13.6,66.0,0.0,22.9,18.0,-7.0764891711862985,-21.779194223159013
2026-01-06 23:00:00,13.6,63.0,0.0,22.2,25.0,-9.382125410643521,-20.12003287221363
2026-01-07 00:00:00,13.3,64.0,0.0,21.8,31.0,-11.227830033039188,-18.686247155306045
2026-01-07 01:00:00,13.0,65.0,0.0,21.9,30.0,-10.950000000000008,-18.9659563428792
2026-01-07 02:00:00,12.4,63.0,0.0,25.0,26.0,-10.959278669726944,-22.46985115747917
2026-01-07 03:00:00,12.2,62.0,0.0,25.6,29.0,-12.411126278306224,-22.390264502768538
2026-01-07 04:00:00,12.1,62.0,0.0,25.6,30.0,-12.800000000000011,-22.170250336881622
2026-01-07 05:00:00,11.9,61.0,0.0,26.5,28.0,-12.440996413826104,-23.398111210761567
2026-01-07 06:00:00,11.8,63.0,0.0,29.3,26.0,-12.844274600919977,-26.33466555656559
2026-01-07 07:00:00,11.8,59.0,0.0,27.3,29.0,-13.235302632724997,-23.877118004905512
2026-01-07 08:00:00,12.4,56.0,0.0,26.8,23.0,-10.47159424351254,-24.6695300725254
2026-01-07 09:00:00,13.6,52.0,0.0,29.4,19.0,-9.571703741040405,-27.798246122619915
2026-01-07 10:00:00,14.7,47.0,0.0,30.7,16.0,-8.462066823581866,-29.510734065306394
2026-01-07 11:00:00,15.9,43.0,0.0,29.3,14.0,-7.088311541070266,-28.429664779886696
2026-01-07 12:00:00,16.8,42.0,0.0,27.8,9.0,-4.348878128118423,-27.457735868544827
2026-01-07 13:00:00,17.2,43.0,0.0,28.3,7.0,-3.448902418365665,-28.089056091449415
2026-01-07 14:00:00,17.2,46.0,0.0,28.3,3.0,-1.481107561675324,-28.26121583355444
2026-01-07 15:00:00,16.4,50.0,0.0,28.4,5.0,-2.475223094033494,-28.291929425805574
2026-01-07 16:00:00,15.6,53.0,0.0,25.9,7.0,-3.1564159941933116,-25.70694532751024
2026-01-07 17:00:00,14.9,53.0,0.0,23.4,10.0,-4.06336735740617,-23.044501420485666
2026-01-07 18:00:00,13.7,57.0,0.0,22.7,12.0,-4.719595381563147,-22.203950536657384
2026-01-07 19:00:00,13.1,60.0,0.0,22.0,15.0,-5.694018992255454,-21.2503681783595
2026-01-07 20:00:00,12.6,60.0,0.0,18.1,20.0,-6.190564594194601,-17.008436436224944
2026-01-07 21:00:00,12.1,62.0,0.0,16.9,21.0,-6.0564183473155815,-15.777509207802707
2026-01-07 22:00:00,11.9,62.0,0.0,13.9,29.0,-6.738853721424082,-12.157213929237605
2026-01-07 23:00:00,11.4,64.0,0.0,12.3,31.0,-6.334968321393671,-10.54315779863598
2026-01-08 00:00:00,11.3,67.0,0.0,10.5,35.0,-6.022552581685987,-8.601096465034411
2026-01-08 01:00:00,11.4,68.0,0.0,11.2,35.0,-6.424056087131719,-9.174502896036705
2026-01-08 02:00:00,11.1,70.0,0.0,7.4,67.0,-6.811735915548059,-2.8914103508206246
2026-01-08 03:00:00,10.5,73.0,0.0,5.8,88.0,-5.796466796710755,-0.20241708087450522
2026-01-08 04:00:00,10.9,72.0,0.0,5.8,64.0,-5.213005468535168,-2.542552651376649
2026-01-08 05:00:00,10.1,77.0,0.0,6.0,49.0,-4.528257481336633,-3.9363541739430423
2026-01-08 06:00:00,11.8,70.0,0.0,14.8,24.0,-6.019702317521841,-13.520472773110495
2026-01-08 07:00:00,12.4,65.0,0.0,19.2,30.0,-9.600000000000009,-16.627687752661217
2026-01-08 08:00:00,14.1,57.0,0.0,21.6,28.0,-10.140585756175241,-19.071668005752823
2026-01-08 09:00:00,16.0,50.0,0.0,23.5,22.0,-8.803254945273938,-21.788820582319502
2026-01-08 10:00:00,17.5,45.0,0.0,27.4,16.0,-7.552463549385769,-26.33857046870994
2026-01-08 11:00:00,18.1,43.0,0.0,30.2,13.0,-6.793521841184731,-29.4259759565141
2026-01-08 12:00:00,18.6,41.0,0.0,30.2,12.0,-6.278933062696345,-29.540057542160927
2026-01-08 13:00:00,18.9,40.0,0.0,29.3,9.0,-4.583529825678769,-28.939268379437536
2026-01-08 14:00:00,18.5,43.0,0.0,32.2,6.0,-3.3658165172184384,-32.023605030858405
2026-01-08 15:00:00,17.3,49.0,0.0,35.3,8.0,-4.912810463890323,-34.95646282657743
2026-01-08 16:00:00,16.4,50.0,0.0,33.4,11.0,-6.373020445576589,-32.78634792715197
2026-01-08 17:00:00,14.9,52.0,0.0,29.9,15.0,-7.738689448565366,-28.881182206043142
2026-01-08 18:00:00,13.9,52.0,0.0,30.4,18.0,-9.394116628998406,-28.912118095372666
2026-01-08 19:00:00,13.3,51.0,0.0,29.6,20.0,-10.12379624243979,-27.81490157526289
2026-01-08 20:00:00,12.9,50.0,0.0,25.6,24.0,-10.412458062740484,-23.386763715650588
2026-01-08 21:00:00,12.6,51.0,0.0,23.8,25.0,-10.05831462942864,-21.570125331472273
2026-01-08 22:00:00,12.2,52.0,0.0,22.1,25.0,-9.339863584469452,-20.02940209350997
2026-01-08 23:00:00,12.1,52.0,0.0,23.6,21.0,-8.457483609269097,-22.03249806533396
2026-01-09 00:00:00,12.1,51.0,0.0,22.5,26.0,-9.86335080275425,-20.222866041731255
2026-01-09 01:00:00,12.3,51.0,0.0,21.7,27.0,-9.851593844348168,-19.33484157488758
2026-01-09 02:00:00,11.9,53.0,0.0,20.4,27.0,-9.261406194686757,-18.1765330934427
2026-01-09 03:00:00,12.2,52.0,0.0,18.4,28.0,-8.638276755260389,-16.246235708604257
2026-01-09 04:00:00,12.2,52.0,0.0,20.0,27.0,-9.079809994790939,-17.820130483767358
2026-01-09 05:00:00,12.4,52.0,0.0,19.4,27.0,-8.80741569494721,-17.285526569254333
2026-01-09 06:00:00,12.4,50.0,0.0,18.1,23.0,-7.072233425655857,-16.66113784748917
2026-01-09 07:00:00,12.4,49.0,0.0,19.3,27.0,-8.762016644973256,-17.196425916835498
2026-01-09 08:00:00,13.2,49.0,0.0,19.1,24.0,-7.7686698827477825,-17.44871824097368
2026-01-09 09:00:00,14.4,46.0,0.0,17.6,26.0,-7.715332183487769,-15.818775214865337
2026-01-09 10:00:00,15.9,42.0,0.0,18.8,21.0,-6.737317451451654,-17.551312018147392
2026-01-09 11:00:00,17.4,39.0,0.0,18.4,15.0,-4.762270429886379,-17.773035203718855
2026-01-09 12:00:00,17.9,39.0,0.0,17.4,10.0,-3.0214782914045877,-17.13565490241242
2026-01-09 13:00:00,17.9,40.0,0.0,18.3,6.0,-1.9128708777980565,-18.199750685239405
2026-01-09 14:00:00,18.5,43.0,0.0,19.0,353.0,2.3155175246978024,-18.85837688118512
2026-01-09 15:00:00,17.5,50.0,0.0,20.2,356.0,1.4090807696313297,-20.15079381524845
2026-01-09 16:00:00,16.5,55.0,0.0,21.8,1.0,-0.38046246033278025,-21.79667975440933
2026-01-09 17:00:00,15.6,60.0,0.0,21.9,6.0,-2.2891733455616086,-21.780029508565185
2026-01-09 18:00:00,14.7,65.0,0.0,21.3,13.0,-4.79145745752433,-20.75408237992551
2026-01-09 19:00:00,14.4,65.0,0.0,20.1,20.0,-6.874604880845938,-18.88782167779676
2026-01-09 20:00:00,14.8,60.0,0.0,16.8,24.0,-6.833175603673442,-15.347563688395697
2026-01-09 21:00:00,14.6,58.0,0.0,14.1,35.0,-8.087427752549754,-11.55004382447478
2026-01-09 22:00:00,14.2,57.0,0.0,11.4,38.0,-7.018540818712502,-8.983322591116632
2026-01-09 23:00:00,13.8,59.0,0.0,7.7,36.0,-4.525946442652044,-6.229430856687094
2026-01-10 00:00:00,13.8,60.0,0.0,8.2,23.0,-3.203995253612045,-7.548139798310009
2026-01-10 01:00:00,13.5,62.0,0.0,11.3,18.0,-3.4918920364369077,-10.746938634135235
2026-01-10 02:00:00,13.1,64.0,0.0,13.0,25.0,-5.494037402629089,-11.78200123147645
2026-01-10 03:00:00,12.9,64.0,0.0,14.4,33.0,-7.842802104216388,-12.076856178414106
2026-01-10 04:00:00,12.6,64.0,0.0,15.3,34.0,-8.555651423102423,-12.68427486009214
2026-01-10 05:00:00,12.9,62.0,0.0,16.0,34.0,-8.947086455531945,-13.26460116088067
2026-01-10 06:00:00,12.9,61.0,0.0,16.0,33.0,-8.714224560240432,-13.418729087126785
2026-01-10 07:00:00,12.6,62.0,0.0,16.5,31.0,-8.4981282360159,-14.14326046158485
2026-01-10 08:00:00,14.8,60.0,0.0,16.4,27.0,-7.445444195728569,-14.61250699668923
2026-01-10 09:00:00,16.6,59.0,0.0,18.4,14.0,-4.451362879033887,-17.853441363478332
2026-01-10 10:00:00,18.2,53.0,0.0,19.4,8.0,-2.699958158625277,-19.21120053358646
2026-01-10 11:00:00,19.4,51.0,0.0,18.2,359.0,0.3176337971585615,-18.19722805184632
2026-01-10 12:00:00,19.8,52.0,0.0,19.0,355.0,1.6559591122055046,-18.927699263743165
2026-01-10 13:00:00,20.0,52.0,0.0,21.3,356.0,1.4858128907498676,-21.248114270534256
2026-01-10 14:00:00,18.0,62.0,0.0,21.6,358.0,0.7538291287740234,-21.58684186361247
2026-01-10 15:00:00,18.0,63.0,0.0,22.0,2.0,-0.7677889274550167,-21.986598194420107
2026-01-10 16:00:00,17.2,68.0,0.0,21.2,6.0,-2.216003421274251,-21.083864181807396
2026-01-10 17:00:00,16.9,70.0,0.0,19.8,8.0,-2.7556273990093034,-19.607307761083092
2026-01-10 18:00:00,16.5,73.0,0.0,18.2,9.0,-2.847107263732205,-17.975927798831506
2026-01-10 19:00:00,16.4,74.0,0.0,20.7,13.0,-4.6564868249180105,-20.169460341054368
2026-01-10 20:00:00,16.8,70.0,0.0,19.7,6.0,-2.059210726372771,-19.592081338754987
2026-01-10 21:00:00,16.7,68.0,0.0,19.4,17.0,-5.6720110716211,-18.552312265682882
2026-01-10 22:00:00,16.5,65.0,0.0,18.8,23.0,-7.345745215598348,-17.305491244905877
2026-01-10 23:00:00,16.3,65.0,0.0,17.8,27.0,-8.081030895363936,-15.859916130552948
2026-01-11 00:00:00,15.6,66.0,0.0,17.3,22.0,-6.480694066095283,-16.04028068400542
2026-01-11 01:00:00,15.7,65.0,0.0,19.6,17.0,-5.730485412565647,-18.743573216875493
2026-01-11 02:00:00,15.6,66.0,0.0,21.1,17.0,-6.1690429696497535,-20.17803035082005
2026-01-11 03:00:00,15.1,67.0,0.0,21.1,18.0,-6.520258581311394,-20.06729249382774
2026-01-11 04:00:00,15.1,66.0,0.0,23.6,23.0,-9.221254632346863,-21.72391454147759
2026-01-11 05:00:00,14.9,62.0,0.0,22.1,28.0,-10.375321537568187,-19.513141802182286
2026-01-11 06:00:00,14.9,56.0,0.0,24.5,26.0,-10.740093096332405,-22.020454134329587
2026-01-11 07:00:00,15.2,52.0,0.0,25.8,24.0,-10.493805391355643,-23.569472807179107
2026-01-11 08:00:00,16.8,49.0,0.0,24.2,23.0,-9.455693309440427,-22.276217453549055
2026-01-11 09:00:00,18.4,43.0,0.0,23.2,24.0,-9.436290119358562,-21.194254617308342
2026-01-11 10:00:00,20.0,43.0,0.0,21.5,21.0,-7.704910915223965,-20.071979169689836
2026-01-11 11:00:00,21.4,41.0,0.0,21.8,15.0,-5.6422551832349495,-21.05718301310169
2026-01-11 12:00:00,22.0,39.0,0.0,25.0,6.0,-2.613211581691334,-24.863047384206833
2026-01-11 13:00:00,21.6,41.0,0.0,30.6,2.0,-1.0679245990965234,-30.581359306784332
2026-01-11 14:00:00,20.4,49.0,0.0,34.2,358.0,1.193562787225537,-34.179166284053075
2026-01-11 15:00:00,19.4,50.0,0.0,34.4,360.0,2.1063924945334474e-15,-34.4
2026-01-11 16:00:00,18.7,50.0,0.0,32.1,2.0,-1.1202738441502744,-32.080445547312976
2026-01-11 17:00:00,17.0,54.0,0.0,29.9,6.0,-3.1254010517028354,-29.736204671511373
2026-01-11 18:00:00,15.8,55.0,0.0,28.3,13.0,-6.366114837931387,-27.574672833422156
2026-01-11 19:00:00,14.9,56.0,0.0,23.3,18.0,-7.200095968936278,-22.159616829677077
2026-01-11 20:00:00,14.2,58.0,0.0,17.8,23.0,-6.955014087109074,-16.384986391453438
2026-01-11 21:00:00,13.6,60.0,0.0,14.2,26.0,-6.224870284404903,-12.762875457448168
2026-01-11 22:00:00,13.1,62.0,0.0,11.0,24.0,-4.474103073833801,-10.04900003406861
2026-01-11 23:00:00,12.9,62.0,0.0,8.6,37.0,-5.1756091991076145,-6.868265386406718
2026-01-12 00:00:00,11.9,65.0,0.0,4.2,43.0,-2.864393112262494,-3.071685546800516
2026-01-12 01:00:00,11.6,68.0,0.0,3.0,65.0,-2.71892336110995,-1.2678547852220978
2026-01-12 02:00:00,11.6,69.0,0.0,3.1,93.0,-3.0957515577391788,0.1622414643531258
2026-01-12 03:00:00,11.8,70.0,0.0,2.0,80.0,-1.969615506024416,-0.34729635533386094
2026-01-12 04:00:00,11.2,73.0,0.0,1.5,104.0,-1.4554435894139948,0.3628828433995016
2026-01-12 05:00:00,11.2,73.0,0.0,1.1,90.0,-1.1,1.3471114790620887e-16
2026-01-12 06:00:00,11.7,72.0,0.0,1.3,56.0,-1.0777488443215544,-0.7269507745119708
2026-01-12 07:00:00,12.1,73.0,0.0,0.6000000000000001,108.0,-0.5706339097770922,0.18541019662496852
2026-01-12 08:00:00,14.9,62.0,0.0,2.9,90.0,-2.9,3.5514757175273243e-16
2026-01-12 09:00:00,17.8,59.0,0.0,2.1,105.0,-2.028444235207043,0.5435199947152941
2026-01-12 10:00:00,19.3,54.0,0.0,2.2,265.0,2.1916283358018402,0.19174263404484798
2026-01-12 11:00:00,19.4,56.0,0.0,6.2,324.0,3.6442685642133337,-5.0159053651246746
2026-01-12 12:00:00,19.6,55.0,0.0,10.1,340.0,3.454403447589255,-9.490895469937673
2026-01-12 13:00:00,18.9,57.0,0.0,13.2,355.0,1.1504558042690873,-13.14977001481104
2026-01-12 14:00:00,19.4,56.0,0.0,15.3,345.0,3.9599313900685673,-14.778665142222746
2026-01-12 15:00:00,18.8,60.0,0.0,16.6,356.0,1.157957464152479,-16.55956323431308
2026-01-12 16:00:00,18.5,60.0,0.0,13.2,5.0,-1.1504558042690889,-13.14977001481104
2026-01-12 17:00:00,18.1,62.0,0.0,12.1,12.0,-2.5157314588948934,-11.835585968879046
2026-01-12 18:00:00,17.2,66.0,0.0,13.2,12.0,-2.744434318794429,-12.911548329686234
2026-01-12 19:00:00,16.4,67.0,0.0,11.6,15.0,-3.0023009231892392,-11.204739584953192
2026-01-12 20:00:00,16.9,67.0,0.0,8.9,14.0,-2.1531048708370433,-8.635631963856369
2026-01-12 21:00:00,17.0,68.0,0.0,9.9,10.0,-1.7191169589026103,-9.74959675482086
2026-01-12 22:00:00,16.8,67.0,0.0,7.8,34.0,-4.361704647071823,-6.466493065929326
2026-01-12 23:00:00,16.6,62.0,0.0,7.6,85.0,-7.571079705497266,-0.6623836448822004
2026-01-13 00:00:00,16.2,62.0,0.0,6.3,92.0,-6.296162210220303,0.2198668292257572
2026-01-13 01:00:00,15.1,67.0,0.0,3.5,55.0,-2.8670321550114712,-2.0075175272286616
2026-01-13 02:00:00,15.1,69.0,0.0,4.2,10.0,-0.7293223462011075,-4.136192562651273
2026-01-13 03:00:00,15.6,70.0,0.0,4.3,343.0,1.257198330307768,-4.112110450641052
2026-01-13 04:00:00,16.3,73.0,0.0,7.4,338.0,2.7720887912777488,-6.8611605237942275
2026-01-13 05:00:00,16.6,82.0,0.0,12.6,355.0,1.0981623586204925,-12.552053195955994
2026-01-13 06:00:00,16.4,85.0,0.0,14.1,19.0,-4.590510977845908,-13.331811915950368
2026-01-13 07:00:00,15.6,82.0,0.0,13.6,30.0,-6.800000000000006,-11.777945491468362
2026-01-13 08:00:00,17.0,70.0,0.0,14.4,16.0,-3.969177923764784,-13.842168421511793
2026-01-13 09:00:00,18.9,53.0,0.0,16.1,14.0,-3.8949425191546516,-15.621761193043545
2026-01-13 10:00:00,20.6,43.0,0.0,18.0,4.0,-1.2556165273942606,-17.956152904676834
2026-01-13 11:00:00,21.2,45.0,0.0,21.1,355.0,1.838986171975587,-21.019708129735832
2026-01-13 12:00:00,21.2,46.0,0.0,23.7,354.0,2.477324579443387,-23.570168920228078
2026-01-13 13:00:00,21.2,42.0,0.0,25.5,356.0,1.7787900804751935,-25.437883281625517
2026-01-13 14:00:00,20.7,43.0,0.0,25.8,355.0,2.24861816288958,-25.701823210767035
2026-01-13 15:00:00,19.9,47.0,0.0,24.8,359.0,0.43281967964463325,-24.796222839878503
2026-01-13 16:00:00,19.1,52.0,0.0,22.7,2.0,-0.7922185751467673,-22.686171773333474
2026-01-13 17:00:00,18.0,59.0,0.0,18.4,3.0,-0.9629815948701752,-18.37478343948416
2026-01-13 18:00:00,16.8,67.0,0.0,16.4,8.0,-2.282438855745079,-16.24039632736175
2026-01-13 19:00:00,16.5,69.0,0.0,14.1,16.0,-3.886486717019684,-13.553789912730297
2026-01-13 20:00:00,16.2,66.0,0.0,13.7,14.0,-3.3143299697154487,-13.293051449981151
2026-01-13 21:00:00,15.9,63.0,0.0,13.4,18.0,-4.140827724624297,-12.744157318355057
2026-01-13 22:00:00,15.5,65.0,0.0,13.0,20.0,-4.446261863233691,-12.21600407021681
2026-01-13 23:00:00,15.2,66.0,0.0,11.6,21.0,-4.157068214725488,-10.82953294736754
2026-01-14 00:00:00,14.6,68.0,0.0,8.2,26.0,-3.594643403670437,-7.3701111796531675
2026-01-14 01:00:00,12.9,75.0,0.0,5.2,29.0,-2.5210100252809515,-4.548022477124859
2026-01-14 02:00:00,12.2,79.0,0.0,6.0,29.0,-2.908857721478021,-5.247718242836376
2026-01-14 03:00:00,12.1,79.0,0.0,6.0,44.0,-4.1679502227539835,-4.316038802031907
2026-01-14 04:00:00,11.2,83.0,0.0,4.9,66.0,-4.476372742448745,-1.9930095510714212
2026-01-14 05:00:00,10.9,83.0,0.0,2.9,60.0,-2.5114736709748717,-1.4500000000000002
2026-01-14 06:00:00,10.8,81.0,0.0,3.0,38.0,-1.846984425976974,-2.3640322608201663
2026-01-14 07:00:00,10.7,79.0,0.0,4.0,51.0,-3.108583845827883,-2.5172815641993505
2026-01-14 08:00:00,13.9,67.0,0.0,5.3,80.0,-5.2194810909647025,-0.9203353416347314
2026-01-14 09:00:00,18.6,48.0,0.0,2.6,78.0,-2.5431837619078945,-0.5405703961261747
2026-01-14 10:00:00,21.0,43.0,0.0,1.9,331.0,0.9211382784680405,-1.6617774435648518
2026-01-14 11:00:00,22.3,43.0,0.0,7.7,311.0,5.811263767715345,-5.051654523226906
2026-01-14 12:00:00,21.9,48.0,0.0,13.7,321.0,8.621689357382774,-10.646899671960501
2026-01-14 13:00:00,21.5,50.0,0.0,14.3,327.0,7.788338200714888,-11.992989121619564
2026-01-14 14:00:00,21.6,50.0,0.0,14.4,327.0,7.84280210421639,-12.076856178414106
2026-01-14 15:00:00,21.2,54.0,0.0,13.6,340.0,4.6514739492290955,-12.779819642688352
2026-01-14 16:00:00,20.3,61.0,0.0,11.9,350.0,2.066413314236472,-11.719212260845277
2026-01-14 17:00:00,18.7,71.0,0.0,10.4,350.0,1.8059410477360764,-10.242000631326963
2026-01-14 18:00:00,17.0,85.0,0.0,6.3,358.0,0.2198668292257568,-6.296162210220303
2026-01-14 19:00:00,15.9,93.0,0.0,5.1,10.0,-0.8856057061013446,-5.022519540362261
2026-01-14 20:00:00,15.8,92.0,0.0,3.6,33.0,-1.960700526054097,-3.0192140446035265
2026-01-14 21:00:00,15.3,95.0,0.0,4.1,337.0,1.601997626806022,-3.774069899155005
2026-01-14 22:00:00,15.3,97.0,0.0,3.3,319.0,2.1649947956686737,-2.4905416147351476
2026-01-14 23:00:00,15.3,97.0,0.0,3.1,329.0,1.5966180322211678,-2.6572186321765483
2026-01-15 00:00:00,15.4,97.0,0.0,1.6,6.0,-0.1672455412282454,-1.5912350325892375
2026-01-15 01:00:00,15.0,97.0,0.0,1.7000000000000002,58.0,-1.4416817634659245,-0.9008627491964483
2026-01-15 02:00:00,13.8,97.0,0.0,4.3,75.0,-4.153481053042993,-1.1129218939408394
2026-01-15 03:00:00,13.4,96.0,0.0,4.0,82.0,-3.961072274966281,-0.5566924038402621
2026-01-15 04:00:00,13.6,93.0,0.0,5.5,67.0,-5.062776693988422,-2.1490212066910046
2026-01-15 05:00:00,13.8,91.0,0.0,6.9,41.0,-4.5268073000345,-5.207496103537127
2026-01-15 06:00:00,14.2,90.0,0.0,7.8,23.0,-3.0477028022163357,-7.179937856929034
2026-01-15 07:00:00,15.2,91.0,0.0,12.2,22.0,-4.57020043967413,-11.311643025714805
2026-01-15 08:00:00,16.9,87.0,0.0,13.8,24.0,-5.612965674446041,-12.606927315467894
2026-01-15 09:00:00,19.3,74.0,0.0,13.4,7.0,-1.6330492016289722,-13.300118431993717
2026-01-15 10:00:00,21.0,59.0,0.0,15.5,359.0,0.27051229977789576,-15.497639274924065
2026-01-15 11:00:00,22.0,49.0,0.0,14.8,3.0,-0.7745721523955758,-14.779717114367694
2026-01-15 12:00:00,22.8,41.0,0.0,15.1,357.0,0.7902729392684539,-15.079305974794064
2026-01-15 13:00:00,22.5,44.0,0.0,18.0,349.0,3.4345619167778083,-17.66928930205795
2026-01-15 14:00:00,20.6,61.0,0.0,18.6,338.0,6.967682637535963,-17.24561969494225
2026-01-15 15:00:00,19.4,68.0,0.0,16.1,350.0,2.79573566043758,-15.855404823496551
2026-01-15 16:00:00,19.1,71.0,0.0,16.5,354.0,1.724719643916282,-16.40961127357651
2026-01-15 17:00:00,18.8,72.0,0.0,14.8,2.0,-0.5165125511970113,-14.790984239882619
2026-01-15 18:00:00,18.2,77.0,0.0,10.0,17.0,-2.9237170472273712,-9.563047559630354
2026-01-15 19:00:00,18.7,64.0,0.0,9.8,31.0,-5.047373134118534,-8.4002395468807
2026-01-15 20:00:00,18.9,66.0,0.0,12.4,16.0,-3.417903212130786,-11.919645029635156
2026-01-15 21:00:00,18.6,69.0,0.0,8.4,16.0,-2.3153537888627906,-8.07459824588188
2026-01-15 22:00:00,18.9,68.0,0.0,5.4,4.0,-0.37668495821827813,-5.386845871403051
2026-01-15 23:00:00,18.3,73.0,0.0,7.2,360.0,4.4087284769304716e-16,-7.2
2026-01-16 00:00:00,18.5,68.0,0.0,9.1,21.0,-3.261148340862236,-8.495581881124535
2026-01-16 01:00:00,18.0,69.0,0.0,3.7,23.0,-1.4457051754103132,-3.405867957774029
2026-01-16 02:00:00,17.8,69.0,0.0,3.2,34.0,-1.789417291106389,-2.6529202321761343
2026-01-16 03:00:00,17.3,71.0,0.0,6.0,17.0,-1.7542302283364226,-5.7378285357782115
2026-01-16 04:00:00,17.4,72.0,0.0,9.6,16.0,-2.6461186158431893,-9.228112281007862
2026-01-16 05:00:00,17.8,70.0,0.0,11.3,17.0,-3.3038002633669294,-10.8062437423823
2026-01-16 06:00:00,18.2,71.0,0.0,13.9,5.0,-1.2114648241924497,-13.847106303475263
2026-01-16 07:00:00,18.3,78.0,0.0,15.3,15.0,-3.959931390068566,-14.778665142222746
2026-01-16 08:00:00,18.2,91.0,0.5,15.3,18.0,-4.7279600139366975,-14.55116469931585
2026-01-16 09:00:00,19.4,81.0,0.0,13.1,23.0,-5.118577783209487,-12.058613580226966
2026-01-16 10:00:00,20.0,77.0,0.0,15.7,5.0,-1.3683451611382345,-15.640256760040405
2026-01-16 11:00:00,21.4,70.0,0.0,17.7,5.0,-1.542656646633551,-17.632646156223895
2026-01-16 12:00:00,20.6,77.0,0.0,17.8,358.0,0.6212110413045192,-17.789156720939904
2026-01-16 13:00:00,20.4,77.0,0.0,17.5,359.0,0.30541711265246296,-17.497334665236846
2026-01-16 14:00:00,20.8,76.0,0.0,13.1,341.0,4.264942823388753,-12.386293340351049
2026-01-16 15:00:00,19.8,83.0,0.1,14.2,347.0,3.1943049716828815,-13.83605491995034
2026-01-16 16:00:00,19.5,84.0,0.0,13.9,355.0,1.2114648241924482,-13.847106303475263
2026-01-16 17:00:00,18.8,87.0,0.0,14.7,6.0,-1.5365684100345043,-14.619471861913619
2026-01-16 18:00:00,18.5,89.0,0.0,14.9,15.0,-3.8564037720275572,-14.392294811707119
2026-01-16 19:00:00,18.9,88.0,0.0,12.2,24.0,-4.962187045524761,-11.145254583239732
2026-01-16 20:00:00,19.0,85.0,0.0,13.3,1.0,-0.23211700561587054,-13.297974345580005
2026-01-16 21:00:00,19.1,84.0,0.0,13.9,13.0,-3.126819655379727,-13.54374390051477
2026-01-16 22:00:00,18.8,88.0,0.4,13.0,11.0,-2.4805169398950797,-12.761153384819632
2026-01-16 23:00:00,18.5,88.0,0.3,11.9,32.0,-6.30603924437514,-10.09177234426147
2026-01-17 00:00:00,18.5,85.0,0.0,9.3,34.0,-5.200494002277943,-7.710049424761889
2026-01-17 01:00:00,18.6,87.0,0.0,10.2,7.0,-1.243067302732501,-10.123970746741485
2026-01-17 02:00:00,18.5,90.0,0.0,14.1,5.0,-1.2288959727419813,-14.046345243093612
2026-01-17 03:00:00,18.6,81.0,0.0,16.5,18.0,-5.098780407186635,-15.692432518870033
2026-01-17 04:00:00,18.8,75.0,0.0,16.8,15.0,-4.348159957722347,-16.22755388165635
2026-01-17 05:00:00,18.6,78.0,0.0,18.7,11.0,-3.568128213541384,-18.356428330471317
2026-01-17 06:00:00,18.3,82.0,0.0,20.9,11.0,-3.9879080033697822,-20.516008134056175
2026-01-17 07:00:00,18.5,79.0,0.0,19.5,16.0,-5.374928438431478,-18.744603070797222
2026-01-17 08:00:00,19.2,74.0,0.0,10.1,22.0,-3.783526593500714,-9.364556931124552
2026-01-17 09:00:00,21.3,63.0,0.0,7.0,13.0,-1.5746573804070567,-6.820590453496646
2026-01-17 10:00:00,22.8,56.0,0.0,9.6,340.0,3.2833933759264204,-9.02104915954472
2026-01-17 11:00:00,23.0,54.0,0.0,13.7,342.0,4.2335328229367795,-13.029474273243602
2026-01-17 12:00:00,23.4,54.0,0.0,15.2,349.0,2.9002967297234825,-14.920733188404492
2026-01-17 13:00:00,23.7,58.0,0.0,17.1,352.0,2.3798600264171195,-16.933583975480854
2026-01-17 14:00:00,22.9,65.0,0.0,18.1,347.0,4.071614083623955,-17.63609817261276
2026-01-17 15:00:00,22.3,69.0,0.0,19.7,354.0,2.0592107263727732,-19.592081338754983
2026-01-17 16:00:00,20.9,74.0,0.0,22.5,3.0,-1.177559015466247,-22.46916453197791
2026-01-17 17:00:00,19.1,80.0,0.0,22.4,5.0,-1.9522886375475446,-22.314761237255098
2026-01-17 18:00:00,18.2,85.0,0.0,19.2,6.0,-2.0069464947389446,-19.094820391070847
2026-01-17 19:00:00,18.2,82.0,0.0,21.4,13.0,-4.8139525629587165,-20.851519386404032
2026-01-17 20:00:00,17.9,84.0,0.0,20.4,10.0,-3.5424228244053784,-20.090078161449043
2026-01-17 21:00:00,18.0,82.0,0.0,19.8,17.0,-5.788959753510195,-18.9348341680681
2026-01-17 22:00:00,17.6,82.0,0.0,19.1,18.0,-5.902224592561499,-18.165179461237432
2026-01-17 23:00:00,17.4,83.0,0.0,17.7,21.0,-6.343112706951822,-16.52437354900047
2026-01-18 00:00:00,17.2,83.0,0.0,17.2,26.0,-7.539983724772137,-15.459257596345669
2026-01-18 01:00:00,17.5,80.0,0.0,16.9,25.0,-7.1422486234178155,-15.316601600919384
2026-01-18 02:00:00,17.5,79.0,0.0,16.7,18.0,-5.1605838060616245,-15.882643822129063
2026-01-18 03:00:00,17.4,79.0,0.0,17.0,24.0,-6.914522932288602,-15.530272779924216
2026-01-18 04:00:00,17.5,78.0,0.0,19.6,22.0,-7.342289230951882,-18.172803549509034
2026-01-18 05:00:00,17.3,79.0,0.0,20.4,25.0,-8.621412539510262,-18.48867885554766
2026-01-18 06:00:00,17.1,81.0,0.0,20.1,25.0,-8.494627060988053,-18.216786519436667
2026-01-18 07:00:00,17.3,81.0,0.0,17.7,22.0,-6.630536703461647,-16.411154225832135
2026-01-18 08:00:00,18.8,80.0,0.0,20.6,16.0,-5.678129529830177,-19.80199093632937
2026-01-18 09:00:00,19.1,78.0,0.0,20.0,19.0,-6.511363089143133,-18.910371511986337
2026-01-18 10:00:00,20.3,72.0,0.0,20.2,11.0,-3.854341706606201,-19.828869105642813
2026-01-18 11:00:00,21.9,64.0,0.0,22.9,3.0,-1.1984933979634245,-22.86861634587974
2026-01-18 12:00:00,22.6,61.0,0.0,26.3,358.0,0.9178567632757785,-26.28397875060222
2026-01-18 13:00:00,21.9,67.0,0.0,28.7,357.0,1.5020419441724917,-28.66066764745627
2026-01-18 14:00:00,20.5,73.0,0.0,28.3,357.0,1.4811075616753142,-28.26121583355444
2026-01-18 15:00:00,19.7,76.0,0.0,26.4,4.0,-1.8415709068449153,-26.335690926859357
2026-01-18 16:00:00,19.6,77.0,0.0,25.8,5.0,-2.2486181628895827,-25.701823210767035
2026-01-18 17:00:00,19.1,80.0,0.0,24.3,7.0,-2.9614250447450763,-24.118871484884128
2026-01-18 18:00:00,18.5,84.0,0.0,21.5,11.0,-4.102393400595709,-21.104984444124774
2026-01-18 19:00:00,18.0,88.0,0.0,19.2,15.0,-4.9693256659683955,-18.545775864750112
2026-01-18 20:00:00,17.9,90.0,0.0,16.8,10.0,-2.91728938480443,-16.544770250605094
2026-01-18 21:00:00,17.7,90.0,0.0,17.4,16.0,-4.79608999121578,-16.72595350932675
2026-01-18 22:00:00,17.5,90.0,0.0,17.3,19.0,-5.63232907210881,-16.35747135786818
2026-01-18 23:00:00,17.3,90.0,0.0,18.8,22.0,-7.042603956219152,-17.4310564658556
2026-01-19 00:00:00,17.2,88.0,0.0,20.1,24.0,-8.175406525823583,-18.36226369861628
2026-01-19 01:00:00,17.2,87.0,0.0,22.8,25.0,-9.635696367687942,-20.66381754443562
2026-01-19 02:00:00,17.0,88.0,0.0,23.5,23.0,-9.182181519497934,-21.631864056132347
2026-01-19 03:00:00,17.2,87.0,0.0,25.0,24.0,-10.168416076895003,-22.838636441065024
2026-01-19 04:00:00,17.5,85.0,0.0,25.2,23.0,-9.8464244379297,-23.196722307001494
2026-01-19 05:00:00,17.4,85.0,0.0,25.5,23.0,-9.963643776476482,-23.472873763037228
2026-01-19 06:00:00,17.2,85.0,0.0,23.5,26.0,-10.301721949543326,-21.12166008803042
2026-01-19 07:00:00,17.0,85.0,0.0,23.8,25.0,-10.05831462942864,-21.570125331472273
2026-01-19 08:00:00,18.5,78.0,0.0,22.6,29.0,-10.956697417567213,-19.76640538135035
2026-01-19 09:00:00,20.3,69.0,0.0,17.7,28.0,-8.309646661310266,-15.628172393603007
2026-01-19 10:00:00,22.2,61.0,0.0,16.7,14.0,-4.040095656514452,-16.20393862880914
2026-01-19 11:00:00,23.3,57.0,0.0,22.4,4.0,-1.562545011868413,-22.34543472582006
2026-01-19 12:00:00,23.2,60.0,0.0,30.8,359.0,0.5375341182683349,-30.79530901081685
2026-01-19 13:00:00,22.1,67.0,0.0,36.7,359.0,0.6405033162483081,-36.69441041223956
2026-01-19 14:00:00,20.9,71.0,0.0,37.3,359.0,0.6509747601106781,-37.294319029333394
2026-01-19 15:00:00,20.5,71.0,0.0,35.4,4.0,-2.4693791705420454,-35.31376737919778
2026-01-19 16:00:00,20.0,73.0,0.0,34.7,7.0,-4.2288662161586075,-34.44135146195388
2026-01-19 17:00:00,19.5,75.0,0.0,30.9,10.0,-5.365728689908147,-30.430559568077225
2026-01-19 18:00:00,18.6,80.0,0.0,24.7,13.0,-5.556291042293472,-24.066940600195306
2026-01-19 19:00:00,18.1,81.0,0.0,21.4,16.0,-5.8986394144837755,-20.571000293080026
2026-01-19 20:00:00,17.8,83.0,0.0,18.5,18.0,-5.71681439593653,-17.59454555146034
2026-01-19 21:00:00,17.4,85.0,0.0,16.0,11.0,-3.0529439260247138,-15.706034935162624
2026-01-19 22:00:00,17.5,84.0,0.0,15.1,15.0,-3.9081675810480614,-14.585479976964931
2026-01-19 23:00:00,17.1,84.0,0.0,15.4,16.0,-4.244815279581783,-14.803430117450112
2026-01-20 00:00:00,16.9,85.0,0.0,17.3,20.0,-5.916948479534066,-16.256682339596217
2026-01-20 01:00:00,16.6,86.0,0.0,20.7,23.0,-8.088134359727968,-19.054450466465514
2026-01-20 02:00:00,16.5,86.0,0.0,22.2,25.0,-9.382125410643521,-20.12003287221363
2026-01-20 03:00:00,16.6,84.0,0.0,25.5,21.0,-9.138382713405168,-23.80630087567864
2026-01-20 04:00:00,16.7,82.0,0.0,28.8,20.0,-9.850180127779254,-27.063147478634164
2026-01-20 05:00:00,16.5,79.0,0.0,32.1,19.0,-10.450737758074728,-30.35114627673807
2026-01-20 06:00:00,16.0,76.0,0.0,31.6,21.0,-11.324427205631503,-29.501141477311574
2026-01-20 07:00:00,15.6,75.0,0.0,31.0,22.0,-11.612804395893281,-28.742699491570406
2026-01-20 08:00:00,16.9,69.0,0.0,23.5,22.0,-8.803254945273938,-21.788820582319502
2026-01-20 09:00:00,18.6,61.0,0.0,18.3,19.0,-5.957897226565967,-17.302989933467497
2026-01-20 10:00:00,20.1,57.0,0.0,26.1,10.0,-4.5322174371068815,-25.703482353618632
2026-01-20 11:00:00,21.1,51.0,0.0,30.7,12.0,-6.382888908105225,-30.02913134252783
2026-01-20 12:00:00,21.4,49.0,0.0,32.6,9.0,-5.099763560311532,-32.19863990340149
2026-01-20 13:00:00,20.9,51.0,0.0,34.1,6.0,-3.5644205974269796,-33.913196632058124
2026-01-20 14:00:00,21.2,53.0,0.0,31.5,2.0,-1.099334146128774,-31.480811051101515
2026-01-20 15:00:00,20.0,56.0,0.0,33.5,6.0,-3.5017035194663877,-33.31648349483716
2026-01-20 16:00:00,18.2,62.0,0.0,34.8,9.0,-5.44391938340004,-34.37155425271079
2026-01-20 17:00:00,16.6,66.0,0.0,33.7,13.0,-7.5808505313882595,-32.836271183262426
2026-01-20 18:00:00,15.2,70.0,0.0,34.2,15.0,-8.851611342506207,-33.03466325908614
2026-01-20 19:00:00,14.8,70.0,0.0,33.7,17.0,-9.852926449156241,-32.227470275954296
2026-01-20 20:00:00,14.9,71.0,0.0,28.6,17.0,-8.361830755070281,-27.350316020542813
2026-01-20 21:00:00,14.6,70.0,0.0,30.1,20.0,-10.294806314102624,-28.284747885655847
2026-01-20 22:00:00,14.2,71.0,0.0,29.0,23.0,-11.331202726188941,-26.69464075012077
2026-01-20 23:00:00,14.1,70.0,0.0,27.8,22.0,-10.414063296962363,-25.77571115695669
2026-01-21 00:00:00,13.6,71.0,0.0,27.7,21.0,-9.92679220240483,-25.860177813972484
2026-01-21 01:00:00,13.4,72.0,0.0,30.8,21.0,-11.037732845995261,-28.75427713611381
2026-01-21 02:00:00,13.6,71.0,0.0,31.0,21.0,-11.109406435904322,-28.94099322141325
2026-01-21 03:00:00,13.2,70.0,0.0,30.7,25.0,-12.974380635439465,-27.823649062025154
2026-01-21 04:00:00,13.0,71.0,0.0,29.6,25.0,-12.509500547524695,-26.826710496284843
2026-01-21 05:00:00,12.9,71.0,0.0,29.5,27.0,-13.392719742316634,-26.28469246355685
2026-01-21 06:00:00,12.9,70.0,0.0,31.9,26.0,-13.98403958257158,-28.67153007694342
2026-01-21 07:00:00,12.8,69.0,0.0,31.9,26.0,-13.98403958257158,-28.67153007694342
2026-01-21 08:00:00,14.6,65.0,0.0,29.1,27.0,-13.211123542420816,-25.928289853881505
2026-01-21 09:00:00,15.8,60.0,0.0,26.3,24.0,-10.697173712893543,-24.026245536000406
2026-01-21 10:00:00,17.0,55.0,0.0,27.1,21.0,-9.711771432677649,-25.300029558074165
2026-01-21 11:00:00,17.7,52.0,0.0,25.9,15.0,-6.703413268155284,-25.017478900886868
2026-01-21 12:00:00,18.1,51.0,0.0,28.8,9.0,-4.505312593158654,-28.445424209139965
2026-01-21 13:00:00,17.9,52.0,0.0,33.6,8.0,-4.676216192258212,-33.273007109716765
2026-01-21 14:00:00,17.3,54.0,0.0,29.4,10.0,-5.105256423407751,-28.953347938558913
2026-01-21 15:00:00,17.6,52.0,0.0,24.2,13.0,-5.443815515121539,-23.57975556780269
2026-01-21 16:00:00,17.2,53.0,0.0,22.7,11.0,-4.331364195047563,-22.282937064261972
2026-01-21 17:00:00,15.1,64.0,0.0,29.4,10.0,-5.105256423407751,-28.953347938558913
2026-01-21 18:00:00,13.8,68.0,0.0,33.6,19.0,-10.939089989760463,-31.769424140137048
2026-01-21 19:00:00,13.2,69.0,0.0,30.0,22.0,-11.23819780247737,-27.81551563700362
2026-01-21 20:00:00,12.4,70.0,0.0,22.7,28.0,-10.65700447523972,-20.042910357897643
2026-01-21 21:00:00,12.0,72.0,0.0,21.2,27.0,-9.624598594478394,-18.889338312793395
2026-01-21 22:00:00,12.1,73.0,0.0,21.9,27.0,-9.942391944296077,-19.513042879725255
2026-01-21 23:00:00,12.1,73.0,0.0,24.5,29.0,-11.877835696035252,-21.4281828249152
2026-01-22 00:00:00,12.1,73.0,0.0,23.8,31.0,-12.257906182859298,-20.40058175671027
2026-01-22 01:00:00,12.0,73.0,0.0,23.7,29.0,-11.489987999838183,-20.728487059203683
2026-01-22 02:00:00,12.1,74.0,0.0,21.2,29.0,-10.277963949222341,-18.541937791355195
2026-01-22 03:00:00,12.4,73.0,0.0,22.3,31.0,-11.485349070494216,-19.1148308056571
2026-01-22 04:00:00,12.5,73.0,0.0,21.5,30.0,-10.750000000000009,-18.619546181365425
2026-01-22 05:00:00,12.3,73.0,0.0,23.1,31.0,-11.89737953042226,-19.800564646218792
2026-01-22 06:00:00,11.9,76.0,0.0,20.2,26.0,-8.85509716513937,-18.15563973524317
2026-01-22 07:00:00,12.1,75.0,0.0,20.1,25.0,-8.494627060988053,-18.216786519436667
2026-01-22 08:00:00,13.1,70.0,0.0,16.6,30.0,-8.300000000000008,-14.376021702821678
2026-01-22 09:00:00,14.4,65.0,0.0,18.7,28.0,-8.779118224096157,-16.511119986461935
2026-01-22 10:00:00,16.5,57.0,0.0,19.6,22.0,-7.342289230951882,-18.172803549509034
2026-01-22 11:00:00,17.5,54.0,0.0,18.8,13.0,-4.229079821664667,-18.318157217962423
2026-01-22 12:00:00,18.6,50.0,0.0,21.9,7.0,-2.668938620572723,-21.736760720944954
2026-01-22 13:00:00,17.6,55.0,0.0,27.0,3.0,-1.4130708185594962,-26.962997438373492
2026-01-22 14:00:00,17.0,60.0,0.0,25.1,4.0,-1.7508874909775523,-25.03885766152159
2026-01-22 15:00:00,17.3,60.0,0.0,24.7,4.0,-1.7229849014799017,-24.639832041417655
2026-01-22 16:00:00,17.0,59.0,0.0,24.4,8.0,-3.395823663425606,-24.16254087729431
2026-01-22 17:00:00,15.9,62.0,0.0,21.7,16.0,-5.981330621228875,-20.85937880186152
2026-01-22 18:00:00,15.1,66.0,0.0,19.0,18.0,-5.871322893124003,-18.070073809607916
2026-01-22 19:00:00,14.8,69.0,0.0,20.4,18.0,-6.303946685248929,-19.40155293242113
2026-01-22 20:00:00,14.1,69.0,0.0,18.0,18.0,-5.562305898749056,-17.119017293312762
2026-01-22 21:00:00,13.8,72.0,0.0,16.7,25.0,-7.057724971069676,-15.135340043512056
2026-01-22 22:00:00,13.3,75.0,0.0,15.1,22.0,-5.656559560580275,-14.000476203958488
2026-01-22 23:00:00,13.0,79.0,0.0,17.4,20.0,-5.951150493866632,-16.350651601674805
2026-01-23 00:00:00,13.2,79.0,0.0,14.1,23.0,-5.509308911698761,-12.979118433679407
2026-01-23 01:00:00,13.0,79.0,0.0,15.1,31.0,-7.777074931141823,-12.943226240601893
2026-01-23 02:00:00,12.6,80.0,0.0,13.9,29.0,-6.738853721424082,-12.157213929237605
2026-01-23 03:00:00,12.4,82.0,0.0,13.2,29.0,-6.399486987251646,-11.544980134240026
2026-01-23 04:00:00,12.8,80.0,0.0,14.5,28.0,-6.807337660395416,-12.80274009645444
2026-01-23 05:00:00,13.1,78.0,0.0,14.6,34.0,-8.1642163906729,-12.10394855930361
2026-01-23 06:00:00,13.4,77.0,0.0,15.2,37.0,-9.147588351911134,-12.13925975271885
2026-01-23 07:00:00,13.3,78.0,0.0,14.8,37.0,-8.906862342650316,-11.819805548699934
2026-01-23 08:00:00,14.1,76.0,0.0,8.5,38.0,-5.233122540268093,-6.698091405657138
2026-01-23 09:00:00,16.5,65.0,0.0,8.0,23.0,-3.1258490279141906,-7.364038827619522
2026-01-23 10:00:00,18.8,55.0,0.0,6.9,15.0,-1.7858514112073924,-6.664888201394572
2026-01-23 11:00:00,20.4,51.0,0.0,8.7,346.0,2.1047204917171087,-8.441572818601168
2026-01-23 12:00:00,20.8,53.0,0.0,16.6,341.0,5.404431363988802,-15.695608354948659
2026-01-23 13:00:00,19.9,59.0,0.0,25.6,349.0,4.88471028163955,-25.1296558962602
2026-01-23 14:00:00,19.3,61.0,0.0,20.4,338.0,7.641974505684604,-18.914550633162463
2026-01-23 15:00:00,19.4,60.0,0.0,15.9,340.0,5.438120278878134,-14.941112670495942
2026-01-23 16:00:00,19.0,63.0,0.0,15.9,355.0,1.3857763096877644,-15.839495699658755
2026-01-23 17:00:00,18.1,67.0,0.0,17.1,4.0,-1.1928357010245476,-17.058345259442994
2026-01-23 18:00:00,17.2,73.0,0.0,18.4,12.0,-3.82557511104678,-17.997915853502022
2026-01-23 19:00:00,16.9,80.0,0.0,18.0,11.0,-3.434561916777803,-17.66928930205795
2026-01-23 20:00:00,16.7,81.0,0.0,17.0,9.0,-2.6593859056839277,-16.79070179011734
2026-01-23 21:00:00,16.4,82.0,0.0,13.8,16.0,-3.803795510274585,-13.265411403948804
2026-01-23 22:00:00,16.1,83.0,0.0,14.7,17.0,-4.297864059424235,-14.057679912656619
2026-01-23 23:00:00,15.8,84.0,0.0,12.7,35.0,-7.2844207416582885,-10.403230962470193
2026-01-24 00:00:00,15.1,86.0,0.0,8.3,41.0,-5.445289940621211,-6.264089515849008
2026-01-24 01:00:00,14.6,88.0,0.0,6.8,58.0,-5.766727053863697,-3.6034509967857926
2026-01-24 02:00:00,15.1,86.0,0.0,9.8,40.0,-6.299318574928087,-7.507235542565984
2026-01-24 03:00:00,15.4,85.0,0.0,12.6,36.0,-7.406094178885163,-10.193614129124336
2026-01-24 04:00:00,15.4,86.0,0.0,13.1,32.0,-6.941942361454985,-11.10943005964918
2026-01-24 05:00:00,15.8,86.0,0.0,16.3,26.0,-7.145449692661967,-14.65034295467642
2026-01-24 06:00:00,16.2,85.0,0.0,17.3,24.0,-7.036543925211342,-15.804336417216998
2026-01-24 07:00:00,16.1,86.0,0.0,11.8,36.0,-6.935865977051185,-9.546400533624379
2026-01-24 08:00:00,16.3,79.0,0.0,8.7,24.0,-3.5386087947594604,-7.947845481490628
2026-01-24 09:00:00,18.5,69.0,0.0,11.0,4.0,-0.7673212111853813,-10.973204552858066
2026-01-24 10:00:00,20.5,62.0,0.0,14.5,355.0,1.263758269841043,-14.44482312233031
2026-01-24 11:00:00,21.5,60.0,0.0,19.0,350.0,3.2993153756716778,-18.711347307231954
2026-01-24 12:00:00,21.8,61.0,0.0,22.8,351.0,3.5667058029172654,-22.519294165569143
2026-01-24 13:00:00,21.4,62.0,0.0,25.9,351.0,4.0516526445419805,-25.581128021414067
2026-01-24 14:00:00,21.0,64.0,0.0,23.8,349.0,4.541254089961769,-23.362726966054403
2026-01-24 15:00:00,20.2,68.0,0.0,23.3,352.0,3.2427332523695256,-23.07324600167859
2026-01-24 16:00:00,19.5,73.0,0.0,24.7,357.0,1.2926981192007159,-24.66614950843797
2026-01-24 17:00:00,18.3,79.0,0.0,23.1,4.0,-1.611374543489301,-23.04372956100194
2026-01-24 18:00:00,17.5,83.0,0.0,20.2,3.0,-1.057186316107475,-20.17231660204239
2026-01-24 19:00:00,17.2,85.0,0.0,17.9,6.0,-1.871059492490995,-17.80194192709209
2026-01-24 20:00:00,16.9,85.0,0.0,13.8,8.0,-1.9205887932489085,-13.66569934863367
2026-01-24 21:00:00,16.4,87.0,0.0,11.7,17.0,-3.420748945256024,-11.188765644767512
2026-01-24 22:00:00,15.6,91.0,0.0,7.9,17.0,-2.309736467309623,-7.554807572107979
2026-01-24 23:00:00,14.9,93.0,0.0,4.8,25.0,-2.028567656355356,-4.35027737777592
2026-01-25 00:00:00,14.7,92.0,0.0,1.2,27.0,-0.5447885996874563,-1.0692078290260414
2026-01-25 01:00:00,14.4,93.0,0.0,1.6,354.0,0.16724554122824553,-1.5912350325892373
2026-01-25 02:00:00,13.9,95.0,0.0,3.9,56.0,-3.233246532964663,-2.180852323535912
2026-01-25 03:00:00,14.1,94.0,0.0,4.2,59.0,-3.600102662948872,-2.1631599146222276
2026-01-25 04:00:00,14.1,94.0,0.0,6.1,47.0,-4.46125757987694,-4.16018999638124
2026-01-25 05:00:00,14.1,94.0,0.0,7.9,55.0,-6.471301149883035,-4.531253847173265
2026-01-25 06:00:00,14.2,91.0,0.0,9.6,53.0,-7.666900896454011,-5.777424222259664
2026-01-25 07:00:00,14.4,90.0,0.0,10.6,67.0,-9.757351446595868,-4.141749961986299
2026-01-25 08:00:00,16.7,75.0,0.0,9.5,76.0,-9.217809399621967,-2.298258008196841
2026-01-25 09:00:00,20.5,65.0,0.0,9.4,8.0,-1.308227149024619,-9.30851984617076
2026-01-25 10:00:00,21.8,65.0,0.0,16.6,1.0,-0.2897099468589061,-16.597471739596095
2026-01-25 11:00:00,22.6,62.0,0.0,17.9,355.0,1.5600877951830805,-17.831885095842242
2026-01-25 12:00:00,23.2,59.0,0.0,19.1,349.0,3.644451811692008,-18.749079203850382
2026-01-25 13:00:00,22.4,66.0,0.0,22.6,345.0,5.849310419316969,-21.829923674132946
2026-01-25 14:00:00,21.2,70.0,0.0,20.9,339.0,7.489890145496777,-19.511830913791513
2026-01-25 15:00:00,20.7,71.0,0.0,18.1,347.0,4.071614083623955,-17.63609817261276
2026-01-25 16:00:00,20.1,74.0,0.0,17.7,354.0,1.8501537998374662,-17.60303754801844
2026-01-25 17:00:00,18.8,83.0,0.0,18.4,357.0,0.9629815948701689,-18.37478343948416
2026-01-25 18:00:00,17.8,90.0,0.0,17.1,3.0,-0.8949448517543477,-17.076565044303212
2026-01-25 19:00:00,17.5,92.0,0.0,15.9,13.0,-3.576721764067458,-15.492484030085238
2026-01-25 20:00:00,17.4,93.0,0.0,15.6,16.0,-4.299942750745182,-14.995682456637777
2026-01-25 21:00:00,17.3,94.0,0.0,14.0,16.0,-3.8589229814379844,-13.457663743136466
2026-01-25 22:00:00,17.5,94.0,0.0,14.4,16.0,-3.969177923764784,-13.842168421511793
2026-01-25 23:00:00,17.5,94.0,0.0,14.1,21.0,-5.05298808858874,-13.163484013610542
2026-01-26 00:00:00,17.5,93.0,0.0,11.3,27.0,-5.13009264705688,-10.068373723328557
2026-01-26 01:00:00,17.2,94.0,0.0,8.8,39.0,-5.538019441238573,-6.838884460821341
2026-01-26 02:00:00,17.4,95.0,0.0,9.0,44.0,-6.251925334130975,-6.474058203047861
2026-01-26 03:00:00,17.5,93.0,0.0,8.8,67.0,-8.100442710381476,-3.4384339307056075
2026-01-26 04:00:00,17.2,94.0,0.0,4.2,78.0,-4.108219923081983,-0.87322910143459
2026-01-26 05:00:00,17.2,94.0,0.0,2.7,62.0,-2.383958500719103,-1.2675732195219054
2026-01-26 06:00:00,17.0,95.0,0.0,4.7,16.0,-1.2954955723398949,-4.5179299709100995
2026-01-26 07:00:00,17.3,95.0,0.0,9.2,17.0,-2.689819683449181,-8.798003754859923
2026-01-26 08:00:00,18.8,91.0,0.0,14.5,11.0,-2.7667304329598967,-14.233594159991128
2026-01-26 09:00:00,19.4,87.0,0.1,15.2,14.0,-3.67721281311495,-14.748495039395145
2026-01-26 10:00:00,20.3,80.0,0.1,14.6,10.0,-2.535263393937183,-14.378193193978237
2026-01-26 11:00:00,21.8,70.0,0.0,13.2,5.0,-1.1504558042690889,-13.14977001481104
2026-01-26 12:00:00,22.2,69.0,0.0,15.8,339.0,5.662213602815746,-14.750570738655789
2026-01-26 13:00:00,20.9,76.0,0.0,19.3,335.0,8.156532451595499,-17.491740289807346
2026-01-26 14:00:00,20.6,76.0,0.0,15.2,334.0,6.663241431193977,-13.661669503747339
2026-01-26 15:00:00,20.8,75.0,0.0,11.5,335.0,4.860110010018044,-10.422539550921474
2026-01-26 16:00:00,20.6,75.0,0.0,9.0,357.0,0.4710236061864957,-8.987665812791164
2026-01-26 17:00:00,19.9,75.0,0.0,6.2,8.0,-0.8628732259524081,-6.139662026197736
2026-01-26 18:00:00,18.6,82.0,0.0,7.3,340.0,2.4967470462773824,-6.8597561317371305
2026-01-26 19:00:00,17.6,89.0,0.0,5.8,360.0,3.5514757175273243e-16,-5.8
2026-01-26 20:00:00,17.5,96.0,0.0,5.1,337.0,1.992728755295296,-4.694574752607446
2026-01-26 21:00:00,17.4,97.0,0.0,2.6,56.0,-2.1554976886431088,-1.4539015490239415
2026-01-26 22:00:00,17.7,94.0,0.0,2.5,45.0,-1.7677669529663693,-1.7677669529663687
2026-01-26 23:00:00,17.9,93.0,0.0,4.5,14.0,-1.088648530198505,-4.366330768241984
2026-01-27 00:00:00,18.3,92.0,0.0,8.5,1.0,-0.14834545471690974,-8.498705408829325
2026-01-27 01:00:00,18.4,94.0,0.0,11.4,12.0,-2.3701932753224617,-11.150882648365384
2026-01-27 02:00:00,18.2,96.0,0.0,9.0,10.0,-1.562833599002373,-8.863269777109872
2026-01-27 03:00:00,17.9,95.0,0.0,10.4,28.0,-4.882504252973264,-9.18265496573284
2026-01-27 04:00:00,18.0,92.0,0.0,11.3,22.0,-4.233054505599809,-10.477177556604698
2026-01-27 05:00:00,18.1,89.0,0.0,13.3,32.0,-7.0479262143016275,-11.279039678880466
2026-01-27 06:00:00,17.8,89.0,0.0,12.2,41.0,-8.003920153684188,-9.207456878717817
2026-01-27 07:00:00,17.5,90.0,0.0,10.2,31.0,-5.253388364082555,-8.743106467161542
2026-01-27 08:00:00,19.0,87.0,0.0,10.5,8.0,-1.4613175600806911,-10.397814721786487
2026-01-27 09:00:00,20.1,80.0,0.0,15.4,11.0,-2.938458528798787,-15.117058625094026
2026-01-27 10:00:00,20.7,76.0,0.0,15.1,1.0,-0.26353133720298083,-15.097700196861508
2026-01-27 11:00:00,21.9,68.0,0.0,16.4,355.0,1.4293541810615933,-16.337593048704626
2026-01-27 12:00:00,22.5,64.0,0.0,19.4,349.0,3.701694510304971,-19.04356735888468
2026-01-27 13:00:00,22.0,63.0,0.0,27.1,349.0,5.1709237747043675,-26.602096671431696
2026-01-27 14:00:00,20.8,66.0,0.0,28.9,355.0,2.51880096540732,-28.790026774851444
2026-01-27 15:00:00,20.1,69.0,0.0,26.8,2.0,-0.9353065116270204,-26.783674164111765
2026-01-27 16:00:00,19.2,72.0,0.0,27.2,4.0,-1.8973760858402158,-27.13374216706722
2026-01-27 17:00:00,18.2,77.0,0.0,25.9,6.0,-2.707287198632222,-25.75811709003828
2026-01-27 18:00:00,17.2,80.0,0.0,23.8,10.0,-4.132826628472942,-23.438424521690553
2026-01-27 19:00:00,16.9,82.0,0.0,23.0,10.0,-3.9939080863393976,-22.650578319280786
2026-01-27 20:00:00,17.0,82.0,0.0,19.7,12.0,-4.0958603091098675,-19.26950773445597
2026-01-27 21:00:00,16.5,85.0,0.0,20.7,18.0,-6.396651783561414,-19.686869887309676
2026-01-27 22:00:00,16.1,87.0,0.0,21.1,14.0,-5.10455199715299,-20.473239824423526
2026-01-27 23:00:00,15.9,85.0,0.0,22.6,20.0,-7.72965523916011,-21.237053229761532
2026-01-28 00:00:00,16.3,84.0,0.1,13.3,13.0,-2.991849022773408,-12.959121861643627
2026-01-28 01:00:00,16.2,84.0,0.1,13.6,11.0,-2.5950023371210067,-13.35012969488823
2026-01-28 02:00:00,16.1,84.0,0.1,13.9,10.0,-2.4137096695703315,-13.688827766869691
2026-01-28 03:00:00,16.0,84.0,0.0,13.9,10.0,-2.4137096695703315,-13.688827766869691
2026-01-28 04:00:00,15.9,84.0,0.0,14.3,12.0,-2.973137178693965,-13.987510690493421
2026-01-28 05:00:00,16.0,84.0,0.0,14.3,12.0,-2.973137178693965,-13.987510690493421
2026-01-28 06:00:00,16.1,83.0,0.0,14.4,13.0,-3.23929518255166,-14.030928932907386
2026-01-28 07:00:00,16.3,82.0,0.0,14.4,13.0,-3.23929518255166,-14.030928932907386
2026-01-28 08:00:00,16.7,80.0,0.0,15.0,11.0,-2.8621349306481694,-14.72440775171496
2026-01-28 09:00:00,17.4,77.0,0.0,16.0,9.0,-2.5029514406436966,-15.803013449522203
2026-01-28 10:00:00,18.4,72.0,0.0,17.7,6.0,-1.8501537998374644,-17.60303754801844
2026-01-28 11:00:00,19.6,67.0,0.0,19.5,2.0,-0.6805401856987648,-19.488121126872368
2026-01-28 12:00:00,20.7,62.0,0.0,21.2,360.0,1.2981256070961944e-15,-21.2
2026-01-28 13:00:00,21.5,59.0,0.0,22.3,358.0,0.7782587764657741,-22.286415442525836
2026-01-28 14:00:00,21.7,57.0,0.0,22.7,357.0,1.188026206714828,-22.668890438928827
2026-01-28 15:00:00,21.3,58.0,0.0,22.0,357.0,1.1513910373447673,-21.969849764600625
2026-01-28 16:00:00,20.4,61.0,0.0,20.5,358.0,0.7154396824012721,-20.487511953891463
2026-01-28 17:00:00,19.2,66.0,0.0,18.7,359.0,0.32636000037720325,-18.697151899424515
2026-01-28 18:00:00,17.8,71.0,0.0,16.6,360.0,1.0164568432923032e-15,-16.6
2026-01-28 19:00:00,16.6,75.0,0.0,14.8,1.0,-0.2582956152717958,-14.79774588831459
2026-01-28 20:00:00,15.8,78.0,0.0,13.0,3.0,-0.680367431158276,-12.98218395180946
2026-01-28 21:00:00,15.2,80.0,0.0,11.5,4.0,-0.8021994480574441,-11.471986577987979
2026-01-28 22:00:00,14.9,81.0,0.0,10.1,6.0,-1.055737479003299,-10.044671143219562
2026-01-28 23:00:00,14.6,81.0,0.0,9.1,7.0,-1.1090110249868392,-9.03216997993603
2026-01-29 00:00:00,14.5,81.0,0.0,8.0,8.0,-1.1133848076805266,-7.922144549932562
2026-01-29 01:00:00,14.4,81.0,0.0,6.9,9.0,-1.0793978087775942,-6.81504955010645
2026-01-29 02:00:00,14.4,81.0,0.0,6.2,10.0,-1.0766187015349682,-6.10580806867569
2026-01-29 03:00:00,14.5,81.0,0.0,5.9,11.0,-1.1257730727216133,-5.791600382341218
2026-01-29 04:00:00,14.7,81.0,0.0,5.6,15.0,-1.4493866525741155,-5.4091846272187825
2026-01-29 05:00:00,14.9,80.0,0.0,5.7,18.0,-1.7613968679372012,-5.421022142882375
2026-01-29 06:00:00,15.3,80.0,0.0,5.8,22.0,-2.1727182418122912,-5.377666356487366
2026-01-29 07:00:00,15.8,78.0,0.0,6.2,21.0,-2.2218812871808646,-5.78819864428265
2026-01-29 08:00:00,16.5,76.0,0.0,6.7,16.0,-1.8467702839738926,-6.440453362786737
2026-01-29 09:00:00,17.6,72.0,0.0,7.6,8.0,-1.0577155672965002,-7.526037322435934
2026-01-29 10:00:00,19.1,67.0,0.0,9.0,360.0,5.51091059616309e-16,-9.0
2026-01-29 11:00:00,20.8,61.0,0.0,10.9,352.0,1.5169868004647136,-10.793921949283117
2026-01-29 12:00:00,22.3,56.0,0.0,12.8,349.0,2.442355140819775,-12.5648279481301
2026-01-29 13:00:00,23.5,52.0,0.0,14.1,345.0,3.6493485359455424,-13.619554150675864
2026-01-29 14:00:00,24.0,50.0,0.0,14.9,345.0,3.856403772027559,-14.392294811707119
2026-01-29 15:00:00,23.8,52.0,0.0,14.6,344.0,4.024305394928188,-14.034420760699456
2026-01-29 16:00:00,22.8,56.0,0.0,13.7,346.0,3.314329969715447,-13.293051449981151
2026-01-29 17:00:00,21.6,62.0,0.0,12.1,348.0,2.5157314588948894,-11.835585968879046
2026-01-29 18:00:00,20.2,68.0,0.0,10.9,351.0,1.705135668938517,-10.765802912487002
2026-01-29 19:00:00,18.9,73.0,0.0,9.4,353.0,1.1455718280083864,-9.329933825428427
2026-01-29 20:00:00,18.0,77.0,0.0,8.3,358.0,0.289665822630759,-8.294943864258496
2026-01-29 21:00:00,17.4,79.0,0.0,7.6,360.0,4.653657836759942e-16,-7.6
2026-01-29 22:00:00,17.0,81.0,0.0,6.8,3.0,-0.3558845024520213,-6.790680836331102
2026-01-29 23:00:00,16.7,81.0,0.0,6.2,7.0,-0.7555899291119125,-6.153786140176197
2026-01-30 00:00:00,16.5,82.0,0.0,5.8,7.0,-0.7068421917498535,-5.756767679519668
2026-01-30 01:00:00,16.4,82.0,0.0,5.5,11.0,-1.0494494745709955,-5.3989495089621515
2026-01-30 02:00:00,16.4,82.0,0.0,5.2,12.0,-1.0811407922523508,-5.086367523815789
2026-01-30 03:00:00,16.5,82.0,0.0,5.2,12.0,-1.0811407922523508,-5.086367523815789
2026-01-30 04:00:00,16.6,82.0,0.0,5.2,16.0,-1.4333142502483942,-4.998560818879259
2026-01-30 05:00:00,16.8,82.0,0.0,5.2,16.0,-1.4333142502483942,-4.998560818879259
2026-01-30 06:00:00,17.1,81.0,0.0,5.6,15.0,-1.4493866525741155,-5.4091846272187825
2026-01-30 07:00:00,17.6,80.0,0.0,5.9,14.0,-1.42733918403804,-5.7247447850283795
2026-01-30 08:00:00,18.2,78.0,0.0,6.6,9.0,-1.0324674692655247,-6.5187430479279085
2026-01-30 09:00:00,19.1,75.0,0.0,7.6,3.0,-0.39775326744637673,-7.589584464134761
2026-01-30 10:00:00,20.4,70.0,0.0,9.0,355.0,0.7844016847289232,-8.96575228282571
2026-01-30 11:00:00,21.8,66.0,0.0,10.6,350.0,1.8406706832694624,-10.438962181929405
2026-01-30 12:00:00,23.1,61.0,0.0,12.2,346.0,2.9514471263159456,-11.837607860567156
2026-01-30 13:00:00,24.0,58.0,0.0,13.5,344.0,3.7211043035294886,-12.977032895167305
2026-01-30 14:00:00,24.4,57.0,0.0,14.2,344.0,3.914050452601388,-13.649916082324127
2026-01-30 15:00:00,24.1,59.0,0.0,14.1,345.0,3.6493485359455424,-13.619554150675864
2026-01-30 16:00:00,23.2,63.0,0.0,13.7,346.0,3.314329969715447,-13.293051449981151
2026-01-30 17:00:00,22.0,69.0,0.0,12.8,350.0,2.2226966741367096,-12.605539238556263
2026-01-30 18:00:00,20.6,75.0,0.0,11.6,355.0,1.0110066158728344,-11.555858497864248
2026-01-30 19:00:00,19.4,80.0,0.0,10.8,358.0,0.3769145643870117,-10.793420931806235
2026-01-30 20:00:00,18.5,84.0,0.0,10.1,2.0,-0.35248491669525767,-10.093847352892867
2026-01-30 21:00:00,18.0,86.0,0.0,9.7,4.0,-0.676637795318018,-9.676371287520293
2026-01-30 22:00:00,17.6,88.0,0.0,9.4,4.0,-0.6557108531947805,-9.377102072442348
2026-01-30 23:00:00,17.4,88.0,0.0,9.1,7.0,-1.1090110249868392,-9.03216997993603
2026-01-31 00:00:00,17.2,89.0,0.0,8.7,7.0,-1.0602632876247804,-8.635151519279502
2026-01-31 01:00:00,17.1,89.0,0.0,8.7,7.0,-1.0602632876247804,-8.635151519279502
2026-01-31 02:00:00,17.1,89.0,0.0,8.7,7.0,-1.0602632876247804,-8.635151519279502
2026-01-31 03:00:00,17.1,89.0,0.0,9.1,7.0,-1.1090110249868392,-9.03216997993603
2026-01-31 04:00:00,17.1,89.0,0.0,9.8,8.0,-1.363896389408645,-9.704627073667389
2026-01-31 05:00:00,17.2,88.0,0.0,10.6,10.0,-1.8406706832694615,-10.438962181929405
2026-01-31 06:00:00,17.4,87.0,0.0,11.3,9.0,-1.7677094549546108,-11.160878248725057
2026-01-31 07:00:00,17.6,86.0,0.0,12.4,8.0,-1.7257464519048162,-12.279324052395472
2026-01-31 08:00:00,17.9,85.0,0.0,13.1,8.0,-1.8231676225768623,-12.97251170051457
2026-01-31 09:00:00,18.4,83.0,0.0,13.8,6.0,-1.4424927930936164,-13.724402156082174
2026-01-31 10:00:00,19.0,80.0,0.0,14.8,3.0,-0.7745721523955758,-14.779717114367694
2026-01-31 11:00:00,19.7,77.0,0.0,15.5,1.0,-0.2705122997778942,-15.497639274924065
2026-01-31 12:00:00,20.3,74.0,0.0,16.6,359.0,0.2897099468589078,-16.597471739596095
2026-01-31 13:00:00,20.8,72.0,0.0,17.3,356.0,1.2067869957733666,-17.257858069494958
2026-01-31 14:00:00,20.9,71.0,0.0,17.7,356.0,1.2346895852710165,-17.65688368959889
2026-01-31 15:00:00,20.6,72.0,0.1,18.0,358.0,0.6281909406450195,-17.989034886343724
2026-01-31 16:00:00,19.9,74.0,0.1,18.0,359.0,0.3141433158711048,-17.997258512815044
2026-01-31 17:00:00,19.0,77.0,0.1,18.0,1.0,-0.31414331587110295,-17.997258512815044
2026-01-31 18:00:00,18.1,80.0,0.1,18.0,3.0,-0.9420472123729975,-17.975331625582328
2026-01-31 19:00:00,17.3,83.0,0.1,17.7,6.0,-1.8501537998374644,-17.60303754801844
2026-01-31 20:00:00,16.7,85.0,0.1,17.8,7.0,-2.16927431261162,-17.667321499215532
2026-01-31 21:00:00,16.3,86.0,0.3,17.4,7.0,-2.120526575249561,-17.270303038559003
2026-01-31 22:00:00,16.0,86.0,0.3,17.1,7.0,-2.0839657722280167,-16.97253919306661
2026-01-31 23:00:00,15.7,86.0,0.3,16.7,7.0,-2.0352180348659576,-16.575520732410077
2026-02-01 00:00:00,15.6,86.0,0.3,16.3,8.0,-2.2685215456490733,-16.141369520487597
2026-02-01 01:00:00,15.5,86.0,0.3,15.9,6.0,-1.6620025659556885,-15.812898136355548
2026-02-01 02:00:00,15.4,86.0,0.3,15.6,7.0,-1.901161757120296,-15.483719965604624
2026-02-01 03:00:00,15.3,86.0,0.4,15.2,7.0,-1.8524140197582368,-15.086701504948095
2026-02-01 04:00:00,15.3,86.0,0.4,14.8,6.0,-1.5470212563612697,-14.718924051450447
2026-02-01 05:00:00,15.3,86.0,0.4,14.5,6.0,-1.5156627173809738,-14.420567482839964
2026-02-01 06:00:00,15.3,86.0,0.4,14.4,4.0,-1.0044932219154084,-14.36492232374147
2026-02-01 07:00:00,15.5,86.0,0.4,14.1,4.0,-0.9835662797921707,-14.06565310866352
2026-02-01 08:00:00,15.6,85.0,0.4,14.1,3.0,-0.7379369830255147,-14.080676440039491
2026-02-01 09:00:00,15.9,84.0,0.3,14.0,1.0,-0.24433369012196898,-13.997867732189478
2026-02-01 10:00:00,16.4,82.0,0.3,14.4,360.0,8.817456953860943e-16,-14.4
2026-02-01 11:00:00,16.8,80.0,0.3,15.1,359.0,0.26353133720298233,-15.097700196861508
2026-02-01 12:00:00,17.3,78.0,0.3,15.5,357.0,0.8112073217656315,-15.478757788695894
2026-02-01 13:00:00,17.6,76.0,0.3,15.9,356.0,1.1091279325315913,-15.861268399131205
2026-02-01 14:00:00,17.7,76.0,0.3,15.9,356.0,1.1091279325315913,-15.861268399131205
2026-02-01 15:00:00,17.6,77.0,0.3,15.9,356.0,1.1091279325315913,-15.861268399131205
2026-02-01 16:00:00,17.2,78.0,0.3,15.5,357.0,0.8112073217656315,-15.478757788695894
2026-02-01 17:00:00,16.7,80.0,0.3,15.1,359.0,0.26353133720298233,-15.097700196861508
2026-02-01 18:00:00,16.2,83.0,0.3,14.8,360.0,9.062386313690414e-16,-14.8
2026-02-01 19:00:00,15.7,85.0,0.3,14.4,1.0,-0.25131465269688236,-14.397806810252035
2026-02-01 20:00:00,15.3,86.0,0.3,14.1,3.0,-0.7379369830255147,-14.080676440039491
2026-02-01 21:00:00,15.1,87.0,0.2,13.7,5.0,-1.194033675642918,-13.647867363856914
2026-02-01 22:00:00,14.9,87.0,0.2,13.4,5.0,-1.1678869528186206,-13.34900895442939
2026-02-01 23:00:00,14.7,87.0,0.2,13.4,5.0,-1.1678869528186206,-13.34900895442939
2026-02-02 00:00:00,14.6,87.0,0.2,13.0,6.0,-1.3588700224794936,-12.928784639787555
2026-02-02 01:00:00,14.5,87.0,0.2,12.7,7.0,-1.547740661245369,-12.60533612584479
2026-02-02 02:00:00,14.5,87.0,0.2,12.7,7.0,-1.547740661245369,-12.60533612584479
2026-02-02 03:00:00,14.5,87.0,0.0,12.3,7.0,-1.4989929238833102,-12.208317665188263
2026-02-02 04:00:00,14.6,87.0,0.0,12.4,8.0,-1.7257464519048162,-12.279324052395472
2026-02-02 05:00:00,14.7,87.0,0.0,12.0,9.0,-1.8772135804827723,-11.852260087141651
2026-02-02 06:00:00,14.9,86.0,0.0,12.1,10.0,-2.101142949769857,-11.916173811447717
2026-02-02 07:00:00,15.2,86.0,0.0,12.0,9.0,-1.8772135804827723,-11.852260087141651
2026-02-02 08:00:00,15.6,84.0,0.0,12.4,8.0,-1.7257464519048162,-12.279324052395472
2026-02-02 09:00:00,16.3,81.0,0.0,13.0,6.0,-1.3588700224794936,-12.928784639787555
2026-02-02 10:00:00,17.3,77.0,0.0,14.4,3.0,-0.753637769898398,-14.380265300465863
2026-02-02 11:00:00,18.4,73.0,0.0,15.8,360.0,9.67470971326409e-16,-15.8
2026-02-02 12:00:00,19.4,68.0,0.0,17.3,356.0,1.2067869957733666,-17.257858069494958
2026-02-02 13:00:00,20.1,65.0,0.0,18.4,356.0,1.2835191168919042,-18.355178524780765
2026-02-02 14:00:00,20.3,64.0,0.0,18.8,355.0,1.638527963655973,-18.728460324124818
2026-02-02 15:00:00,20.0,65.0,0.0,18.4,354.0,1.9233237241248236,-18.299202874776228
2026-02-02 16:00:00,19.1,68.0,0.0,17.3,356.0,1.2067869957733666,-17.257858069494958
2026-02-02 17:00:00,18.0,72.0,0.0,15.9,357.0,0.8321417042628091,-15.878209602597725
2026-02-02 18:00:00,16.8,76.0,0.0,14.4,360.0,8.817456953860943e-16,-14.4
2026-02-02 19:00:00,15.7,79.0,0.0,13.0,3.0,-0.680367431158276,-12.98218395180946
2026-02-02 20:00:00,14.9,82.0,0.0,11.9,5.0,-1.0371533386971332,-11.854716907291772
2026-02-02 21:00:00,14.4,83.0,0.0,11.3,7.0,-1.3771235804781632,-11.21577151354694
2026-02-02 22:00:00,14.0,84.0,0.0,10.5,8.0,-1.4613175600806911,-10.397814721786487
2026-02-02 23:00:00,13.7,85.0,0.0,9.9,10.0,-1.7191169589026103,-9.74959675482086
2026-02-03 00:00:00,13.6,85.0,0.0,9.2,11.0,-1.7554427574642102,-9.030970087718508
2026-02-03 01:00:00,13.5,84.0,0.0,8.5,12.0,-1.767249371950958,-8.314254606237347
2026-02-03 02:00:00,13.5,84.0,0.0,8.1,13.0,-1.8221035401853085,-7.892397524760404
2026-02-03 03:00:00,13.5,84.0,0.0,7.4,14.0,-1.7902220274375418,-7.180188374442374
2026-02-03 04:00:00,13.7,83.0,0.0,7.1,15.0,-1.8376152202278964,-6.858073366652385
2026-02-03 05:00:00,13.9,83.0,0.0,6.4,16.0,-1.7640790772287929,-6.152074854005242
2026-02-03 06:00:00,14.2,81.0,0.0,6.0,17.0,-1.7542302283364226,-5.7378285357782115
2026-02-03 07:00:00,14.7,80.0,0.0,5.9,14.0,-1.42733918403804,-5.7247447850283795
2026-02-03 08:00:00,15.4,78.0,0.0,5.9,11.0,-1.1257730727216133,-5.791600382341218
2026-02-03 09:00:00,16.4,75.0,0.0,6.1,3.0,-0.31924933308196024,-6.0916401620029
2026-02-03 10:00:00,17.8,70.0,0.0,7.2,354.0,0.752604935527105,-7.160557646651568
2026-02-03 11:00:00,19.4,65.0,0.0,8.6,345.0,2.2258437878816784,-8.306962106085987
2026-02-03 12:00:00,20.9,61.0,0.0,9.9,341.0,3.223124729125852,-9.360633898433235
2026-02-03 13:00:00,22.0,57.0,0.0,11.3,338.0,4.233054505599806,-10.4771775566047
2026-02-03 14:00:00,22.5,56.0,0.0,11.8,337.0,4.61062731617343,-10.861957270738797
2026-02-03 15:00:00,22.3,57.0,0.0,11.6,338.0,4.345436483624579,-10.755332712974734
2026-02-03 16:00:00,21.4,61.0,0.0,10.7,340.0,3.659615533584656,-10.054711042409219
2026-02-03 17:00:00,20.3,65.0,0.0,9.7,345.0,2.510544737494451,-9.369480515003962
2026-02-03 18:00:00,18.9,70.0,0.0,8.8,351.0,1.3766232923540322,-8.691657397237213
2026-02-03 19:00:00,17.7,75.0,0.0,7.6,357.0,0.3977532674463741,-7.589584464134761
2026-02-03 20:00:00,16.9,78.0,0.0,6.8,3.0,-0.3558845024520213,-6.790680836331102
2026-02-03 21:00:00,16.3,80.0,0.0,6.2,7.0,-0.7555899291119125,-6.153786140176197
2026-02-03 22:00:00,15.9,81.0,0.0,5.4,8.0,-0.7515347451843555,-5.34744757120448
2026-02-03 23:00:00,15.5,82.0,0.0,4.7,9.0,-0.7352419856890859,-4.6421352007971475
2026-02-04 00:00:00,15.3,83.0,0.0,4.0,5.0,-0.348622970990633,-3.984778792366982
2026-02-04 01:00:00,15.1,83.0,0.0,3.6,6.0,-0.3763024677635521,-3.5802788233257843
2026-02-04 02:00:00,15.1,83.0,0.0,3.3,6.0,-0.3449439287832561,-3.281922254715302
2026-02-04 03:00:00,15.1,83.0,0.0,3.3,13.0,-0.7423384793347553,-3.215421213791276
2026-02-04 04:00:00,15.1,83.0,0.0,3.4,18.0,-1.0506577808748216,-3.233592155403522
2026-02-04 05:00:00,15.3,83.0,0.0,3.9,22.0,-1.460965714322058,-3.6160170328104706
2026-02-04 06:00:00,15.5,83.0,0.0,4.0,27.0,-1.8159619989581877,-3.564026096753471
2026-02-04 07:00:00,15.9,82.0,0.0,4.7,23.0,-1.836436303899587,-4.326372811226469
2026-02-04 08:00:00,16.6,80.0,0.0,4.9,17.0,-1.4326213531414118,-4.685893304218873
2026-02-04 09:00:00,17.6,77.0,0.0,5.4,8.0,-0.7515347451843555,-5.34744757120448
2026-02-04 10:00:00,19.1,71.0,0.0,6.5,354.0,0.6794350112397475,-6.4643923198937765
2026-02-04 11:00:00,20.7,66.0,0.0,8.0,342.0,2.4721359549995796,-7.608452130361228
2026-02-04 12:00:00,22.3,61.0,0.0,9.5,335.0,4.014873486536644,-8.609923976848174
2026-02-04 13:00:00,23.4,57.0,0.0,10.3,331.0,4.993539088537273,-9.008582983535776
2026-02-04 14:00:00,24.0,55.0,0.0,10.8,330.0,5.400000000000001,-9.353074360871938
2026-02-04 15:00:00,23.7,56.0,0.0,10.3,331.0,4.993539088537273,-9.008582983535776
2026-02-04 16:00:00,22.8,60.0,0.0,8.7,336.0,3.5386087947594613,-7.947845481490627
2026-02-04 17:00:00,21.6,66.0,0.0,7.2,342.0,2.224922359499622,-6.8476069173251055
2026-02-04 18:00:00,20.2,71.0,0.0,5.4,356.0,0.3766849582182763,-5.386845871403051
2026-02-04 19:00:00,19.0,76.0,0.0,4.4,9.0,-0.6883116461770166,-4.345828698618606
2026-02-04 20:00:00,18.1,79.0,0.0,3.7,29.0,-1.7937955949114464,-3.2360929164157652
2026-02-04 21:00:00,17.5,80.0,0.0,3.3,41.0,-2.1649947956686737,-2.4905416147351476
2026-02-04 22:00:00,17.1,81.0,0.0,2.8,50.0,-2.1449244407331385,-1.7998053071223097
2026-02-04 23:00:00,16.8,80.0,0.0,2.1,59.0,-1.800051331474436,-1.0815799573111138
2026-02-05 00:00:00,16.6,79.0,0.0,1.5,76.0,-1.4554435894139948,-0.3628828433995013
2026-02-05 01:00:00,16.5,79.0,0.0,1.1,90.0,-1.1,1.3471114790620887e-16
2026-02-05 02:00:00,16.4,78.0,0.0,1.1,90.0,-1.1,1.3471114790620887e-16
2026-02-05 03:00:00,16.4,78.0,0.0,1.1,90.0,-1.1,1.3471114790620887e-16
2026-02-05 04:00:00,16.4,78.0,0.0,1.5,76.0,-1.4554435894139948,-0.3628828433995013
2026-02-05 05:00:00,16.6,78.0,0.0,2.1,59.0,-1.800051331474436,-1.0815799573111138
2026-02-05 06:00:00,16.8,78.0,0.0,2.6,56.0,-2.1554976886431088,-1.4539015490239415
2026-02-05 07:00:00,17.2,77.0,0.0,3.1,45.0,-2.192031021678298,-2.192031021678297
2026-02-05 08:00:00,17.9,75.0,0.0,3.4,32.0,-1.801725498392897,-2.883363526931848
2026-02-05 09:00:00,19.0,72.0,0.0,3.7,11.0,-0.7059932828932151,-3.632020578756357
2026-02-05 10:00:00,20.5,67.0,0.0,4.8,347.0,1.0797650608505516,-4.676976310969129
2026-02-05 11:00:00,22.2,61.0,0.0,6.4,333.0,2.9055391983331,-5.702441754805554
2026-02-05 12:00:00,23.8,56.0,0.0,8.3,326.0,4.641301098807199,-6.881011852206847
2026-02-05 13:00:00,25.0,52.0,0.0,9.7,321.0,6.104407793183423,-7.538315826132617
2026-02-05 14:00:00,25.5,51.0,0.0,10.2,321.0,6.419067988708342,-7.926888806861102
2026-02-05 15:00:00,25.2,53.0,0.0,9.7,321.0,6.104407793183423,-7.538315826132617
2026-02-05 16:00:00,24.3,56.0,0.0,8.3,326.0,4.641301098807199,-6.881011852206847
2026-02-05 17:00:00,22.9,62.0,0.0,6.4,333.0,2.9055391983331,-5.702441754805554
2026-02-05 18:00:00,21.5,67.0,0.0,4.4,351.0,0.6883116461770161,-4.3458286986186065
2026-02-05 19:00:00,20.1,72.0,0.0,3.3,13.0,-0.7423384793347553,-3.215421213791276
2026-02-05 20:00:00,19.1,75.0,0.0,3.1,36.0,-1.822134282106667,-2.507952682562337
2026-02-05 21:00:00,18.5,76.0,0.0,2.8,50.0,-2.1449244407331385,-1.7998053071223097
2026-02-05 22:00:00,18.0,76.0,0.0,2.6,56.0,-2.1554976886431088,-1.4539015490239415
2026-02-05 23:00:00,17.6,76.0,0.0,1.9,68.0,-1.761649323676896,-0.7117525274902328
2026-02-06 00:00:00,17.3,74.0,0.0,1.5,76.0,-1.4554435894139948,-0.3628828433995013
2026-02-06 01:00:00,17.1,74.0,0.0,0.8,63.0,-0.7128052193506944,-0.36319239979163737
2026-02-06 02:00:00,17.0,73.0,0.0,0.8,63.0,-0.7128052193506944,-0.36319239979163737
2026-02-06 03:00:00,17.0,73.0,0.0,1.3,56.0,-1.0777488443215544,-0.7269507745119708
2026-02-06 04:00:00,17.0,74.0,0.0,2.0,45.0,-1.4142135623730954,-1.414213562373095
2026-02-06 05:00:00,17.1,74.0,0.0,2.8,40.0,-1.7998053071223103,-2.144924440733138
2026-02-06 06:00:00,17.4,75.0,0.0,3.6,37.0,-2.166534083347374,-2.875087836170254
2026-02-06 07:00:00,17.8,74.0,0.0,4.2,31.0,-2.163159914622229,-3.600102662948871
2026-02-06 08:00:00,18.4,73.0,0.0,4.3,24.0,-1.7489675652259404,-3.928245467863184
2026-02-06 09:00:00,19.5,70.0,0.0,4.0,10.0,-0.6945927106677213,-3.939231012048832
2026-02-06 10:00:00,21.1,65.0,0.0,4.2,340.0,1.436484601967809,-3.9467090073008153
2026-02-06 11:00:00,22.8,59.0,0.0,5.4,318.0,3.6133052743378347,-4.012982057577929
2026-02-06 12:00:00,24.5,54.0,0.0,7.0,305.0,5.7340643100229425,-4.015035054457322
2026-02-06 13:00:00,25.7,50.0,0.0,8.4,295.0,7.61298541110786,-3.5499933986218752
2026-02-06 14:00:00,26.3,49.0,0.0,9.0,293.0,8.284543681071963,-3.5165801564034638
2026-02-06 15:00:00,26.0,51.0,0.0,8.6,292.0,7.973781149274371,-3.221616703376843
2026-02-06 16:00:00,25.1,55.0,0.0,7.1,294.0,6.486172749262466,-2.8878301658381815
2026-02-06 17:00:00,23.8,61.0,0.0,5.3,298.0,4.679622242152313,-2.4881992827652213
2026-02-06 18:00:00,22.3,68.0,0.0,3.3,311.0,2.4905416147351476,-2.1649947956686737
2026-02-06 19:00:00,20.9,74.0,0.0,2.6,344.0,0.7166571251241979,-2.499280409439629
2026-02-06 20:00:00,19.9,78.0,0.0,3.3,13.0,-0.7423384793347553,-3.215421213791276
2026-02-06 21:00:00,19.2,81.0,0.0,5.2,16.0,-1.4333142502483942,-4.998560818879259
2026-02-06 22:00:00,18.6,84.0,0.0,7.5,17.0,-2.192787785420528,-7.172285669722765
2026-02-06 23:00:00,18.1,86.0,0.0,10.4,14.0,-2.515987714236545,-10.091075553270363
2026-02-07 00:00:00,17.7,87.0,0.0,13.3,13.0,-2.991849022773408,-12.959121861643627
2026-02-07 01:00:00,17.3,88.0,0.0,15.8,12.0,-3.2850047149206048,-15.45473209159413
2026-02-07 02:00:00,16.9,88.0,0.0,18.0,12.0,-3.7424104347196763,-17.6066568132085
2026-02-07 03:00:00,16.5,88.0,0.0,19.5,12.0,-4.054277970946316,-19.073878214309207
2026-02-07 04:00:00,16.0,86.0,0.0,21.0,12.0,-4.366145507172956,-20.541099615409916
2026-02-07 05:00:00,15.6,85.0,0.0,22.1,12.0,-4.594848367072491,-21.617061976217105
2026-02-07 06:00:00,15.2,82.0,0.0,23.2,12.0,-4.823551226972027,-22.693024337024287
2026-02-07 07:00:00,15.1,80.0,0.0,23.9,11.0,-4.560334989499416,-23.460889684399167
2026-02-07 08:00:00,15.2,77.0,0.0,24.6,11.0,-4.693901286262998,-24.148028712812536
2026-02-07 09:00:00,15.8,73.0,0.0,25.2,10.0,-4.375934077206645,-24.817155375907642
2026-02-07 10:00:00,16.9,68.0,0.0,25.5,8.0,-3.5489140744816785,-25.25183575291004
2026-02-07 11:00:00,18.1,63.0,0.0,26.0,6.0,-2.7177400449589872,-25.85756927957511
2026-02-07 12:00:00,19.3,58.0,0.0,26.0,3.0,-1.360734862316552,-25.96436790361892
2026-02-07 13:00:00,20.2,54.0,0.0,25.9,2.0,-0.9038969645947696,-25.88422241979458
2026-02-07 14:00:00,20.5,52.0,0.0,25.2,1.0,-0.4398006422195441,-25.19616191794106
2026-02-07 15:00:00,20.1,52.0,0.0,24.1,1.0,-0.42060299513853233,-24.096329453269032
2026-02-07 16:00:00,19.2,53.0,0.0,22.3,1.0,-0.389188663551422,-22.296603601987528
2026-02-07 17:00:00,17.9,55.0,0.0,20.5,2.0,-0.7154396824012657,-20.487511953891463
2026-02-07 18:00:00,16.6,57.0,0.0,18.4,3.0,-0.9629815948701752,-18.37478343948416
2026-02-07 19:00:00,15.3,60.0,0.0,16.2,4.0,-1.1300548746548345,-16.16053761420915
2026-02-07 20:00:00,14.4,61.0,0.0,14.5,6.0,-1.5156627173809738,-14.420567482839964
2026-02-07 21:00:00,13.7,62.0,0.0,13.0,6.0,-1.3588700224794936,-12.928784639787555
2026-02-07 22:00:00,13.0,62.0,0.0,11.3,9.0,-1.7677094549546108,-11.160878248725057
2026-02-07 23:00:00,12.5,62.0,0.0,9.9,10.0,-1.7191169589026103,-9.74959675482086
2026-02-08 00:00:00,12.0,61.0,0.0,8.8,12.0,-1.8296228791962863,-8.60769888645749
2026-02-08 01:00:00,11.7,61.0,0.0,7.8,13.0,-1.7546182238821488,-7.600086505324834
2026-02-08 02:00:00,11.6,61.0,0.0,6.7,16.0,-1.8467702839738926,-6.440453362786737
2026-02-08 03:00:00,11.7,61.0,0.0,6.0,17.0,-1.7542302283364226,-5.7378285357782115
2026-02-08 04:00:00,11.9,61.0,0.0,5.8,22.0,-2.1727182418122912,-5.377666356487366
2026-02-08 05:00:00,12.2,62.0,0.0,5.5,23.0,-2.149021206691006,-5.062776693988422
2026-02-08 06:00:00,12.7,62.0,0.0,5.5,23.0,-2.149021206691006,-5.062776693988422
2026-02-08 07:00:00,13.3,61.0,0.0,5.5,23.0,-2.149021206691006,-5.062776693988422
2026-02-08 08:00:00,14.1,60.0,0.0,5.4,20.0,-1.8469087739586103,-5.074340152243906
2026-02-08 09:00:00,15.3,57.0,0.0,5.5,11.0,-1.0494494745709955,-5.3989495089621515
2026-02-08 10:00:00,16.9,53.0,0.0,5.8,356.0,0.40458754771592637,-5.78587149150698
2026-02-08 11:00:00,18.7,49.0,0.0,6.7,344.0,1.8467702839738944,-6.440453362786736
2026-02-08 12:00:00,20.3,45.0,0.0,7.9,336.0,3.2132194802988217,-7.217009115376547
2026-02-08 13:00:00,21.5,42.0,0.0,9.0,331.0,4.363286582217034,-7.871577364254562
2026-02-08 14:00:00,22.1,41.0,0.0,9.5,331.0,4.605691392340202,-8.30888721782426
2026-02-08 15:00:00,21.7,43.0,0.0,9.3,332.0,4.366085533908786,-8.21141261358802
2026-02-08 16:00:00,20.7,48.0,0.0,8.9,339.0,3.1894747509531736,-8.308865795825096
2026-02-08 17:00:00,19.3,54.0,0.0,8.5,348.0,1.7672493719509554,-8.314254606237347
2026-02-08 18:00:00,17.7,60.0,0.0,7.9,357.0,0.41345405431925736,-7.889173324561134
2026-02-08 19:00:00,16.3,65.0,0.0,7.6,8.0,-1.0577155672965002,-7.526037322435934
2026-02-08 20:00:00,15.3,69.0,0.0,7.4,14.0,-1.7902220274375418,-7.180188374442374
2026-02-08 21:00:00,14.6,71.0,0.0,6.8,18.0,-2.1013155617496433,-6.467184310807044
2026-02-08 22:00:00,14.2,73.0,0.0,6.0,25.0,-2.5357095704441948,-5.4378467222199
2026-02-08 23:00:00,13.8,74.0,0.0,4.7,32.0,-2.490620541896064,-3.9858260519352022
2026-02-09 00:00:00,13.6,74.0,0.0,3.8,41.0,-2.4930243101639276,-2.8678964048465336
2026-02-09 01:00:00,13.5,74.0,0.0,2.8,50.0,-2.1449244407331385,-1.7998053071223097
2026-02-09 02:00:00,13.4,74.0,0.0,2.4,63.0,-2.138415658052083,-1.089577199374912
2026-02-09 03:00:00,13.5,74.0,0.0,2.3,72.0,-2.187429987478853,-0.7107390870623786
2026-02-09 04:00:00,13.6,74.0,0.0,2.2,81.0,-2.1729143493093033,-0.3441558230885076
2026-02-09 05:00:00,13.8,73.0,0.0,2.5,82.0,-2.475670171853926,-0.3479327524001638
2026-02-09 06:00:00,14.2,72.0,0.0,2.3,72.0,-2.187429987478853,-0.7107390870623786
2026-02-09 07:00:00,14.7,71.0,0.0,2.4,63.0,-2.138415658052083,-1.089577199374912
2026-02-09 08:00:00,15.4,69.0,0.0,2.3,39.0,-1.447436899414627,-1.7874357113510322
2026-02-09 09:00:00,16.4,66.0,0.0,2.9,7.0,-0.35342109587492676,-2.878383839759834
2026-02-09 10:00:00,17.9,61.0,0.0,5.0,339.0,1.791839747726502,-4.667902132486009
2026-02-09 11:00:00,19.5,55.0,0.0,7.4,331.0,3.587591189822895,-6.472185832831529
2026-02-09 12:00:00,21.0,50.0,0.0,10.1,325.0,5.793122007145566,-8.273435647318816
2026-02-09 13:00:00,22.1,46.0,0.0,12.1,323.0,7.281961780139786,-9.663489671572243
2026-02-09 14:00:00,22.6,45.0,0.0,12.9,324.0,7.582429754572904,-10.436319227436822
2026-02-09 15:00:00,22.3,47.0,0.0,12.5,327.0,6.807987937687838,-10.4833820993178
2026-02-09 16:00:00,21.4,51.0,0.0,11.1,331.0,5.3813867847343415,-9.708278749247292
2026-02-09 17:00:00,20.2,56.0,0.0,9.6,340.0,3.2833933759264204,-9.02104915954472
2026-02-09 18:00:00,18.8,62.0,0.0,8.0,352.0,1.1133848076805237,-7.922144549932563
2026-02-09 19:00:00,17.5,67.0,0.0,6.5,6.0,-0.6794350112397468,-6.464392319893777
2026-02-09 20:00:00,16.6,70.0,0.0,6.2,21.0,-2.2218812871808646,-5.78819864428265
2026-02-09 21:00:00,16.0,72.0,0.0,5.8,30.0,-2.9000000000000026,-5.022947341949743
2026-02-09 22:00:00,15.5,72.0,0.0,5.2,34.0,-2.907803098047882,-4.3109953772862175
2026-02-09 23:00:00,15.1,72.0,0.0,4.3,42.0,-2.87726160734309,-3.195522749552796
2026-02-10 00:00:00,14.8,72.0,0.0,3.8,49.0,-2.867896404846534,-2.4930243101639267
2026-02-10 01:00:00,14.6,71.0,0.0,3.3,49.0,-2.490541614735148,-2.1649947956686733
2026-02-10 02:00:00,14.5,71.0,0.0,3.1,54.0,-2.5079526825623377,-1.8221342821066664
2026-02-10 03:00:00,14.5,71.0,0.0,3.1,54.0,-2.5079526825623377,-1.8221342821066664
2026-02-10 04:00:00,14.6,71.0,0.0,3.1,54.0,-2.5079526825623377,-1.8221342821066664
2026-02-10 05:00:00,14.8,71.0,0.0,3.4,58.0,-2.8833635269318485,-1.8017254983928963
2026-02-10 06:00:00,15.1,70.0,0.0,3.3,49.0,-2.490541614735148,-2.1649947956686733
2026-02-10 07:00:00,15.6,69.0,0.0,3.8,41.0,-2.4930243101639276,-2.8678964048465336
2026-02-10 08:00:00,16.3,67.0,0.0,4.0,27.0,-1.8159619989581877,-3.564026096753471
2026-02-10 09:00:00,17.4,64.0,0.0,4.7,9.0,-0.7352419856890859,-4.6421352007971475
2026-02-10 10:00:00,19.0,59.0,0.0,6.6,351.0,1.032467469265524,-6.518743047927909
2026-02-10 11:00:00,20.8,54.0,0.0,8.4,340.0,2.872969203935618,-7.893418014601631
2026-02-10 12:00:00,22.4,49.0,0.0,10.8,334.0,4.734408385322037,-9.706975700031006
2026-02-10 13:00:00,23.6,45.0,0.0,12.4,330.0,6.200000000000002,-10.73871500692704
2026-02-10 14:00:00,24.1,44.0,0.0,13.2,331.0,6.39948698725165,-11.544980134240022
2026-02-10 15:00:00,23.8,46.0,0.0,12.6,333.0,5.72028029671829,-11.226682204773434
2026-02-10 16:00:00,22.8,50.0,0.0,11.3,338.0,4.233054505599806,-10.4771775566047
2026-02-10 17:00:00,21.4,55.0,0.0,9.3,344.0,2.5634274090980926,-8.939733772226367
2026-02-10 18:00:00,19.9,60.0,0.0,7.6,355.0,0.6623836448822018,-7.571079705497266
2026-02-10 19:00:00,18.5,65.0,0.0,6.2,10.0,-1.0766187015349682,-6.10580806867569
2026-02-10 20:00:00,17.4,69.0,0.0,5.5,23.0,-2.149021206691006,-5.062776693988422
2026-02-10 21:00:00,16.7,71.0,0.0,5.0,30.0,-2.500000000000002,-4.330127018922192
2026-02-10 22:00:00,16.2,72.0,0.0,4.4,35.0,-2.523736319944604,-3.604268994871563
2026-02-10 23:00:00,15.7,73.0,0.0,3.9,34.0,-2.1808523235359116,-3.233246532964663
2026-02-11 00:00:00,15.4,73.0,0.0,3.2,27.0,-1.4527695991665501,-2.851220877402777
2026-02-11 01:00:00,15.2,73.0,0.0,2.7,23.0,-1.0549740469210394,-2.4853631043215887
2026-02-11 02:00:00,15.1,73.0,0.0,2.6,16.0,-0.7166571251241971,-2.4992804094396295
2026-02-11 03:00:00,15.1,73.0,0.0,2.6,16.0,-0.7166571251241971,-2.4992804094396295
2026-02-11 04:00:00,15.2,73.0,0.0,2.7,23.0,-1.0549740469210394,-2.4853631043215887
2026-02-11 05:00:00,15.5,73.0,0.0,2.7,23.0,-1.0549740469210394,-2.4853631043215887
2026-02-11 06:00:00,15.8,73.0,0.0,3.1,21.0,-1.1109406435904323,-2.894099322141325
2026-02-11 07:00:00,16.3,72.0,0.0,3.4,18.0,-1.0506577808748216,-3.233592155403522
2026-02-11 08:00:00,17.0,70.0,0.0,4.0,10.0,-0.6945927106677213,-3.939231012048832
2026-02-11 09:00:00,18.1,67.0,0.0,5.1,356.0,0.35575801609503865,-5.087576656325103
2026-02-11 10:00:00,19.6,63.0,0.0,6.7,344.0,1.8467702839738944,-6.440453362786736
2026-02-11 11:00:00,21.2,58.0,0.0,9.0,337.0,3.5165801564034633,-8.284543681071963
2026-02-11 12:00:00,22.7,53.0,0.0,11.4,332.0,5.351975815759156,-10.065602558591767
2026-02-11 13:00:00,23.9,50.0,0.0,13.1,328.0,6.941942361454984,-11.10943005964918
2026-02-11 14:00:00,24.4,49.0,0.0,13.9,329.0,7.159029241249753,-11.914625479759362
2026-02-11 15:00:00,24.0,51.0,0.0,13.2,331.0,6.39948698725165,-11.544980134240022
2026-02-11 16:00:00,22.8,57.0,0.0,11.9,335.0,5.029157314714324,-10.785062665736135
2026-02-11 17:00:00,21.3,63.0,0.0,9.8,343.0,2.8652427062828205,-9.371786608437748
2026-02-11 18:00:00,19.7,70.0,0.0,8.4,353.0,1.023702484603239,-8.337387673787106
2026-02-11 19:00:00,18.5,75.0,0.0,7.2,3.0,-0.376818884949199,-7.190132650232932
2026-02-11 20:00:00,18.0,77.0,0.0,6.9,9.0,-1.0793978087775942,-6.81504955010645
