time,temperature_2m,relativehumidity_2m,precipitation,windspeed_10m,winddirection_10m,u,v
2026-01-16 00:00:00,18.3,72.0,0.0,1.9,73.0,-1.8169790363297673,-0.5555062389731998
2026-01-16 01:00:00,18.3,71.0,0.0,4.0,60.0,-3.4641016151377544,-2.0000000000000004
2026-01-16 02:00:00,18.6,69.0,0.0,5.3,35.0,-3.0399551126605457,-4.341505834731655
2026-01-16 03:00:00,18.9,67.0,0.0,6.1,40.0,-3.9210044190878905,-4.672871103025765
2026-01-16 04:00:00,18.3,71.0,0.0,3.8,49.0,-2.867896404846534,-2.4930243101639267
2026-01-16 05:00:00,18.1,72.0,0.0,4.2,59.0,-3.600102662948872,-2.1631599146222276
2026-01-16 06:00:00,17.9,74.0,0.0,2.4,42.0,-1.6059134552612595,-1.7835475811457464
2026-01-16 07:00:00,18.3,71.0,0.0,3.7,51.0,-2.875440057390792,-2.3284854468843994
2026-01-16 08:00:00,20.5,64.0,0.0,6.0,333.0,2.723942998437281,-5.346039145130207
2026-01-16 09:00:00,22.5,55.0,0.0,6.6,334.0,2.893249568807911,-5.932040705574502
2026-01-16 10:00:00,24.3,49.0,0.0,6.1,326.0,3.4110767111715554,-5.057129192585754
2026-01-16 11:00:00,25.7,45.0,0.0,10.2,279.0,10.074421074070404,-1.5956315434103547
2026-01-16 12:00:00,26.5,45.0,0.0,7.4,264.0,7.359462025725223,0.7735106281806358
2026-01-16 13:00:00,26.8,44.0,0.0,8.0,242.0,7.063580742871416,3.7557725022871264
2026-01-16 14:00:00,27.4,41.0,0.0,9.3,248.0,8.622809847471125,3.483841318767982
2026-01-16 15:00:00,27.0,45.0,0.0,11.0,249.0,10.269384691469218,3.9420474449983027
2026-01-16 16:00:00,26.5,46.0,0.0,9.9,238.0,8.395676151948617,5.246200715908729
2026-01-16 17:00:00,25.6,49.0,0.0,5.4,222.0,3.6133052743378347,4.012982057577929
2026-01-16 18:00:00,24.0,58.0,0.0,3.2,137.0,-2.1823947521999947,2.3403318451813457
2026-01-16 19:00:00,23.0,69.0,0.0,4.3,132.0,-3.195522749552794,2.8772616073430908
2026-01-16 20:00:00,22.2,69.0,0.0,4.3,92.0,-4.2973805561821115,0.15006783582075492
2026-01-16 21:00:00,21.7,69.0,0.0,6.0,65.0,-5.4378467222199,-2.5357095704441956
2026-01-16 22:00:00,21.4,62.0,0.0,7.5,30.0,-3.7500000000000036,-6.495190528383288
2026-01-16 23:00:00,21.0,58.0,0.0,9.1,27.0,-4.131313547629877,-8.108159370114146
2026-01-17 00:00:00,20.6,60.0,0.0,8.5,42.0,-5.687610154050294,-6.316731016557852
2026-01-17 01:00:00,20.1,63.0,0.0,6.9,23.0,-2.6960447865759893,-6.351483488821838
2026-01-17 02:00:00,19.4,65.0,0.0,7.7,1.0,-0.13438352956708294,-7.698827252704213
2026-01-17 03:00:00,18.8,69.0,0.0,5.8,16.0,-1.5986966637385935,-5.57531783644225
2026-01-17 04:00:00,17.8,74.0,0.0,2.9,47.0,-2.1209257346955948,-1.9777952441812452
2026-01-17 05:00:00,17.7,76.0,0.0,2.3,45.0,-1.6263455967290597,-1.626345596729059
2026-01-17 06:00:00,18.5,72.0,0.0,4.7,16.0,-1.2954955723398949,-4.5179299709100995
2026-01-17 07:00:00,18.7,72.0,0.0,5.1,27.0,-2.315351548671689,-4.544133273360675
2026-01-17 08:00:00,21.3,64.0,0.0,1.7000000000000002,122.0,-1.4416817634659242,0.9008627491964484
2026-01-17 09:00:00,22.6,62.0,0.0,5.3,225.0,3.747665940288702,3.7476659402887016
2026-01-17 10:00:00,23.4,62.0,0.0,7.8,262.0,7.724090936184249,1.0855501874885103
2026-01-17 11:00:00,24.8,54.0,0.0,11.6,276.0,11.53645398627197,-1.2125301739047802
2026-01-17 12:00:00,26.1,49.0,0.0,13.6,262.0,13.467645734885357,1.89275417305689
2026-01-17 13:00:00,25.9,50.0,0.0,13.5,257.0,13.153995874600676,3.0368392336421777
2026-01-17 14:00:00,25.4,52.0,0.0,11.7,267.0,11.683965556628513,0.6123306880424428
2026-01-17 15:00:00,24.9,54.0,0.0,9.2,263.0,9.131424595100162,1.1211979593273567
2026-01-17 16:00:00,24.8,51.0,0.0,6.8,252.0,6.467184310807044,2.1013155617496424
2026-01-17 17:00:00,24.1,53.0,0.0,7.0,238.0,5.936336673094981,3.7094348496324345
2026-01-17 18:00:00,23.0,60.0,0.0,6.5,246.0,5.938045474676906,2.6437881799927014
2026-01-17 19:00:00,22.2,67.0,0.0,5.1,238.0,4.325045290397772,2.702588247589345
2026-01-17 20:00:00,21.7,75.0,0.0,3.6,240.0,3.1176914536239795,1.7999999999999998
2026-01-17 21:00:00,21.5,76.0,0.0,2.2,275.0,2.1916283358018402,-0.19174263404484798
2026-01-17 22:00:00,20.8,80.0,0.0,2.9,356.0,0.20229377385796318,-2.89293574575349
2026-01-17 23:00:00,19.5,82.0,0.0,3.7,43.0,-2.523393932231245,-2.706008695990931
2026-01-18 00:00:00,19.4,74.0,0.0,5.5,49.0,-4.150902691225246,-3.608324659447789
2026-01-18 01:00:00,19.2,70.0,0.0,6.3,59.0,-5.400153994423308,-3.244739871933341
2026-01-18 02:00:00,18.8,69.0,0.0,4.0,69.0,-3.734321705988807,-1.4334717981812017
2026-01-18 03:00:00,18.4,69.0,0.0,2.2,81.0,-2.1729143493093033,-0.3441558230885076
2026-01-18 04:00:00,18.5,70.0,0.0,2.0,63.0,-1.7820130483767358,-0.9079809994790934
2026-01-18 05:00:00,18.1,68.0,0.0,2.2,76.0,-2.1346505978071924,-0.5322281703192686
2026-01-18 06:00:00,17.8,66.0,0.0,2.1,70.0,-1.9733545036504079,-0.7182423009839042
2026-01-18 07:00:00,17.9,63.0,0.0,3.8,45.0,-2.687005768508881,-2.68700576850888
2026-01-18 08:00:00,20.6,57.0,0.0,4.7,28.0,-2.2065163450936867,-4.149853686436957
2026-01-18 09:00:00,22.4,63.0,0.0,6.8,318.0,4.5500881232402355,-5.05338481324628
2026-01-18 10:00:00,23.8,62.0,0.0,5.1,274.0,5.087576656325103,-0.35575801609503904
2026-01-18 11:00:00,25.1,57.0,0.0,8.8,261.0,8.691657397237213,1.3766232923540318
2026-01-18 12:00:00,25.6,55.0,0.0,12.9,258.0,12.618104049466094,2.682060811549096
2026-01-18 13:00:00,25.3,58.0,0.0,13.9,253.0,13.292636107886192,4.063966695646041
2026-01-18 14:00:00,24.7,58.0,0.0,9.6,237.0,8.051237452276071,5.22853473614426
2026-01-18 15:00:00,24.4,57.0,0.0,9.6,221.0,6.29816667830887,7.245211970138611
2026-01-18 16:00:00,24.1,57.0,0.0,9.1,234.0,7.3620546488120215,5.348845795861505
2026-01-18 17:00:00,23.5,59.0,0.0,6.1,247.0,5.6150796060598855,2.3834598837845697
2026-01-18 18:00:00,22.5,65.0,0.0,3.0,232.0,2.364032260820166,1.846984425976975
2026-01-18 19:00:00,21.9,70.0,0.0,2.8,235.0,2.293625724009177,1.6060140217829288
2026-01-18 20:00:00,22.0,74.0,0.0,1.7000000000000002,198.0,0.5253288904374107,1.6167960777017611
2026-01-18 21:00:00,21.4,76.0,0.0,3.1,159.0,-1.1109406435904308,2.8940993221413254
2026-01-18 22:00:00,21.0,77.0,0.0,3.1,140.0,-1.9926415900282721,2.3747377736688318
2026-01-18 23:00:00,20.4,80.0,0.0,1.5,111.0,-1.4003706397458027,0.5375519243179503
2026-01-19 00:00:00,19.5,79.0,0.0,3.6,57.0,-3.0192140446035265,-1.9607005260540975
2026-01-19 01:00:00,19.2,77.0,0.0,5.8,34.0,-3.24331884013033,-4.808417920819243
2026-01-19 02:00:00,18.3,79.0,0.0,4.8,48.0,-3.5670951622914924,-3.2118269105225195
2026-01-19 03:00:00,17.7,79.0,0.0,3.1,50.0,-2.3747377736688318,-1.9926415900282717
2026-01-19 04:00:00,17.4,78.0,0.0,3.9,37.0,-2.347078590292988,-3.114678489184442
2026-01-19 05:00:00,17.4,76.0,0.0,7.1,24.0,-2.8878301658381806,-6.486172749262467
2026-01-19 06:00:00,16.8,80.0,0.0,8.8,20.0,-3.0097772612658833,-8.269295062915996
2026-01-19 07:00:00,16.4,84.0,0.0,10.0,20.0,-3.4202014332566852,-9.396926207859085
2026-01-19 08:00:00,17.8,81.0,0.0,7.6,4.0,-0.5301492004553544,-7.581486781974664
2026-01-19 09:00:00,20.5,70.0,0.0,5.9,333.0,2.6785439484633264,-5.25693849271137
2026-01-19 10:00:00,22.8,64.0,0.0,6.0,275.0,5.977168188550474,-0.522934456485949
2026-01-19 11:00:00,24.2,58.0,0.0,12.0,257.0,11.692440777422823,2.69941265212638
2026-01-19 12:00:00,24.4,58.0,0.0,16.6,258.0,16.237250172181177,3.4513340675748054
2026-01-19 13:00:00,24.3,59.0,0.0,17.9,261.0,17.679621296652964,2.8001769242201324
2026-01-19 14:00:00,24.2,57.0,0.0,14.4,269.0,14.397806810252035,0.2513146526968826
2026-01-19 15:00:00,24.3,55.0,0.0,10.6,272.0,10.593542766402415,-0.36993466504651024
2026-01-19 16:00:00,24.2,54.0,0.0,7.0,260.0,6.893654271085456,1.2155372436685123
2026-01-19 17:00:00,23.5,57.0,0.0,5.1,222.0,3.412566092430177,3.7900386099347103
2026-01-19 18:00:00,21.7,65.0,0.0,3.7,209.0,1.7937955949114475,3.2360929164157644
2026-01-19 19:00:00,21.5,68.0,0.0,5.7,191.0,1.087611273646306,5.595274945651685
2026-01-19 20:00:00,22.0,70.0,0.0,6.2,190.0,1.0766187015349686,6.10580806867569
2026-01-19 21:00:00,21.4,74.0,0.0,5.6,195.0,1.4493866525741161,5.4091846272187825
2026-01-19 22:00:00,21.1,76.0,0.0,1.4,180.0,8.572527594031472e-17,1.4
2026-01-19 23:00:00,20.1,81.0,0.0,1.6,27.0,-0.7263847995832751,-1.4256104387013886
2026-01-20 00:00:00,19.0,83.0,0.0,4.9,17.0,-1.4326213531414118,-4.685893304218873
2026-01-20 01:00:00,18.5,84.0,0.0,5.4,8.0,-0.7515347451843555,-5.34744757120448
2026-01-20 02:00:00,18.6,81.0,0.0,6.7,8.0,-0.932459776432441,-6.634796060568521
2026-01-20 03:00:00,18.1,82.0,0.0,6.5,19.0,-2.116193003971518,-6.1458707413955596
2026-01-20 04:00:00,17.6,85.0,0.0,5.4,14.0,-1.3063782362382061,-5.2395969218903815
2026-01-20 05:00:00,17.0,88.0,0.0,4.9,8.0,-0.6819481947043226,-4.8523135368336945
2026-01-20 06:00:00,16.8,89.0,0.0,5.0,360.0,3.061616997868383e-16,-5.0
2026-01-20 07:00:00,16.9,89.0,0.0,7.0,360.0,4.286263797015736e-16,-7.0
2026-01-20 08:00:00,18.6,80.0,0.0,5.7,332.0,2.675987907879578,-5.032801279295883
2026-01-20 09:00:00,20.6,72.0,0.0,3.6,290.0,3.3828934348292705,-1.2312725159724074
2026-01-20 10:00:00,22.4,65.0,0.0,9.6,240.0,8.313843876330612,4.799999999999999
2026-01-20 11:00:00,23.4,61.0,0.0,16.2,238.0,13.7383791577341,8.58469208057792
2026-01-20 12:00:00,23.5,62.0,0.0,19.5,256.0,18.920766662381933,4.717476964193521
2026-01-20 13:00:00,23.3,63.0,0.0,19.3,261.0,19.06238497348616,3.019185175276456
2026-01-20 14:00:00,23.8,60.0,0.0,16.5,264.0,16.40961127357651,1.7247196439162822
2026-01-20 15:00:00,23.3,62.0,0.0,13.9,259.0,13.644617849922529,2.652245035733973
2026-01-20 16:00:00,22.7,62.0,0.0,10.7,245.0,9.697493321292153,4.522015400625484
2026-01-20 17:00:00,22.2,62.0,0.0,7.7,216.0,4.525946442652043,6.229430856687095
2026-01-20 18:00:00,21.7,65.0,0.0,7.4,186.0,0.7735106281806357,7.359462025725223
2026-01-20 19:00:00,20.8,70.0,0.1,9.8,193.0,2.2045203325698766,9.548826634895306
2026-01-20 20:00:00,20.1,80.0,0.1,6.2,187.0,0.7555899291119145,6.153786140176196
2026-01-20 21:00:00,19.9,82.0,0.1,8.8,227.0,6.4359125742487,6.001585568549987
2026-01-20 22:00:00,19.8,82.0,0.2,6.5,226.0,4.6757087022012325,4.515279407983482
2026-01-20 23:00:00,19.1,85.0,0.1,2.9,191.0,0.5533460865919803,2.8467188319982255
2026-01-21 00:00:00,19.3,87.0,0.2,0.4,27.0,-0.18159619989581877,-0.35640260967534715
2026-01-21 01:00:00,18.2,91.0,0.2,6.9,33.0,-3.758009341603686,-5.786826918823426
2026-01-21 02:00:00,16.6,95.0,0.1,9.5,351.0,1.4861274178821937,-9.38303923565381
2026-01-21 03:00:00,16.1,85.0,0.0,10.6,336.0,4.311408416603482,-9.683581851011569
2026-01-21 04:00:00,15.8,78.0,0.1,10.2,347.0,2.294500754307422,-9.9385746608094
2026-01-21 05:00:00,15.4,76.0,0.0,9.9,358.0,0.3455050173547607,-9.893969187489049
2026-01-21 06:00:00,15.3,73.0,0.0,11.4,355.0,0.9935754673233028,-11.3566195582459
2026-01-21 07:00:00,14.8,72.0,0.0,12.8,358.0,0.4467135577920138,-12.792202585844427
2026-01-21 08:00:00,15.5,72.0,0.0,12.1,337.0,4.727846654720212,-11.138108726774528
2026-01-21 09:00:00,17.7,64.0,0.0,9.6,334.0,4.208363009175144,-8.628422844472004
2026-01-21 10:00:00,20.0,63.0,0.0,8.7,287.0,8.319851376878407,-2.5436338310878095
2026-01-21 11:00:00,21.5,55.0,0.0,13.5,260.0,13.294904665664808,2.3442503985035597
2026-01-21 12:00:00,21.4,54.0,0.0,15.3,261.0,15.111631611105608,2.3934473151155324
2026-01-21 13:00:00,21.7,53.0,0.0,14.0,262.0,13.863752962381986,1.9484234134409162
2026-01-21 14:00:00,21.4,55.0,0.0,12.4,270.0,12.4,0.0
2026-01-21 15:00:00,21.4,55.0,0.0,8.2,256.0,7.95642495546317,1.9837595439172753
2026-01-21 16:00:00,21.1,58.0,0.0,7.0,201.0,2.5085756468171025,6.535062985480412
2026-01-21 17:00:00,20.6,61.0,0.0,10.7,193.0,2.4069762814793543,10.425759693202016
2026-01-21 18:00:00,20.2,63.0,0.0,9.4,218.0,5.787217868061188,7.407301083903187
2026-01-21 19:00:00,19.3,67.0,0.0,2.6,245.0,2.3564002462952898,1.0988074805258186
2026-01-21 20:00:00,19.8,65.0,0.0,6.4,198.0,1.9777087639996638,6.086761704288983
2026-01-21 21:00:00,18.9,72.0,0.1,4.9,234.0,3.9641832724372428,2.8801477362331185
2026-01-21 22:00:00,17.8,71.0,0.1,7.0,312.0,5.20201377834176,-4.683914244512008
2026-01-21 23:00:00,16.7,62.0,0.0,9.8,343.0,2.8652427062828205,-9.371786608437748
2026-01-22 00:00:00,16.1,59.0,0.0,12.1,357.0,0.633265070539622,-12.083417370530343
2026-01-22 01:00:00,15.4,60.0,0.0,10.6,360.0,6.490628035480972e-16,-10.6
2026-01-22 02:00:00,15.2,62.0,0.0,9.2,358.0,0.3210753696630099,-9.19439560857568
2026-01-22 03:00:00,14.9,63.0,0.0,10.6,359.0,0.18499550823520614,-10.598385568657747
2026-01-22 04:00:00,14.8,64.0,0.0,9.5,1.0,-0.16579786115419323,-9.498553103985717
2026-01-22 05:00:00,14.5,66.0,0.0,7.9,360.0,4.837354856632045e-16,-7.9
2026-01-22 06:00:00,14.2,68.0,0.0,7.9,360.0,4.837354856632045e-16,-7.9
2026-01-22 07:00:00,14.5,68.0,0.0,4.3,5.0,-0.37476969381493047,-4.283637201794505
2026-01-22 08:00:00,16.6,62.0,0.0,7.0,325.0,4.015035054457323,-5.7340643100229425
2026-01-22 09:00:00,18.1,62.0,0.0,8.5,318.0,5.6876101540502955,-6.316731016557851
2026-01-22 10:00:00,19.7,58.0,0.0,10.5,292.0,9.735430472951268,-3.933369230867076
2026-01-22 11:00:00,20.7,52.0,0.0,11.9,275.0,11.854716907291772,-1.037153338697132
2026-01-22 12:00:00,20.9,54.0,0.0,12.0,257.0,11.692440777422823,2.69941265212638
2026-01-22 13:00:00,20.9,56.0,0.0,11.8,245.0,10.69443188703247,4.986895488540254
2026-01-22 14:00:00,20.5,58.0,0.0,10.3,263.0,10.223225361905618,1.255254237073019
2026-01-22 15:00:00,20.5,60.0,0.0,8.7,232.0,6.85569355637848,5.356254835333226
2026-01-22 16:00:00,20.2,59.0,0.1,8.9,222.0,5.955262396593839,6.613988946748809
2026-01-22 17:00:00,19.2,68.0,0.1,7.2,233.0,5.750175672340508,4.333068166694748
2026-01-22 18:00:00,19.1,69.0,0.0,1.8,186.0,0.18815123388177624,1.790139411662892
2026-01-22 19:00:00,18.8,72.0,0.0,1.3,135.0,-0.9192388155425117,0.9192388155425119
2026-01-22 20:00:00,18.1,84.0,0.0,0.4,90.0,-0.4,4.898587196589413e-17
2026-01-22 21:00:00,18.0,83.0,0.2,1.9,202.0,0.7117525274902327,1.761649323676896
2026-01-22 22:00:00,18.1,89.0,0.1,1.8,225.0,1.2727922061357857,1.2727922061357855
2026-01-22 23:00:00,17.3,87.0,0.2,7.9,4.0,-0.551076142578592,-7.880755997052612
2026-01-23 00:00:00,15.9,87.0,0.1,10.8,10.0,-1.8754003188028476,-10.635923732531847
2026-01-23 01:00:00,15.4,81.0,0.0,9.0,354.0,0.9407561694088811,-8.950697058314459
2026-01-23 02:00:00,14.6,80.0,0.0,9.9,12.0,-2.058325739095822,-9.683661247264675
2026-01-23 03:00:00,14.4,77.0,0.0,9.0,15.0,-2.3293714059226858,-8.693332436601615
2026-01-23 04:00:00,14.1,77.0,0.0,9.5,9.0,-1.4861274178821948,-9.383039235653808
2026-01-23 05:00:00,13.9,76.0,0.0,9.1,14.0,-2.201489249956977,-8.829691109111568
2026-01-23 06:00:00,13.7,77.0,0.0,10.0,7.0,-1.2186934340514717,-9.925461516413222
2026-01-23 07:00:00,13.5,78.0,0.0,9.4,12.0,-1.954369893686942,-9.194587446897772
2026-01-23 08:00:00,14.9,76.0,0.0,7.5,10.0,-1.3023613325019774,-7.3860581475915605
2026-01-23 09:00:00,17.9,65.0,0.0,5.2,344.0,1.4333142502483958,-4.998560818879258
2026-01-23 10:00:00,20.2,60.0,0.0,5.6,268.0,5.596588631306936,0.1954371815340054
2026-01-23 11:00:00,21.4,55.0,0.0,11.4,254.0,10.958383333696835,3.1422658563137906
2026-01-23 12:00:00,22.0,52.0,0.0,12.6,253.0,12.049439925134246,3.683883479506483
2026-01-23 13:00:00,22.1,52.0,0.0,11.5,245.0,10.422539550921474,4.860110010018044
2026-01-23 14:00:00,21.7,56.0,0.0,11.2,258.0,10.955253128218622,2.3286109371589045
2026-01-23 15:00:00,21.6,58.0,0.0,13.0,264.0,12.928784639787553,1.3588700224794952
2026-01-23 16:00:00,21.2,60.0,0.0,12.8,289.0,12.102637767671256,-4.167272377051606
2026-01-23 17:00:00,20.5,63.0,0.0,10.2,307.0,8.146082202482386,-6.138513236150892
2026-01-23 18:00:00,19.7,68.0,0.1,5.6,338.0,2.0977969231291067,-5.192229585574009
2026-01-23 19:00:00,20.0,65.0,0.0,7.6,356.0,0.5301492004553517,-7.581486781974664
2026-01-23 20:00:00,19.0,75.0,0.0,5.5,36.0,-3.232818887608603,-4.4495934690622105
2026-01-23 21:00:00,18.6,76.0,0.0,4.9,4.0,-0.34180672134621537,-4.8880638462731385
2026-01-23 22:00:00,18.2,71.0,0.0,9.8,354.0,1.024378940023004,-9.746314574609078
2026-01-23 23:00:00,17.2,71.0,0.0,12.1,355.0,1.0545844872466634,-12.053955846910121
2026-01-24 00:00:00,16.8,72.0,0.0,11.8,6.0,-1.2334358665583096,-11.735358365345627
2026-01-24 01:00:00,16.1,76.0,0.0,10.3,7.0,-1.255254237073016,-10.223225361905618
2026-01-24 02:00:00,16.1,77.0,0.0,10.3,360.0,6.30693101560887e-16,-10.3
2026-01-24 03:00:00,16.3,77.0,0.0,10.1,10.0,-1.7538465944359962,-9.9465583054233
2026-01-24 04:00:00,16.2,78.0,0.0,9.8,6.0,-1.024378940023003,-9.74631457460908
2026-01-24 05:00:00,16.1,79.0,0.0,10.8,11.0,-2.060737150066682,-10.601573581234772
2026-01-24 06:00:00,15.9,81.0,0.0,9.3,22.0,-3.4838413187679844,-8.622809847471123
2026-01-24 07:00:00,16.0,80.0,0.0,8.1,6.0,-0.8466805524679922,-8.055627352483015
2026-01-24 08:00:00,17.4,74.0,0.0,7.4,342.0,2.2867257583746112,-7.037818220584136
2026-01-24 09:00:00,19.5,65.0,0.0,8.3,6.0,-0.8675862451215229,-8.25453173155667
2026-01-24 10:00:00,21.7,56.0,0.0,5.5,343.0,1.6080443759750522,-5.259676157796695
2026-01-24 11:00:00,22.7,52.0,0.0,4.6,315.0,3.2526911934581184,-3.252691193458118
2026-01-24 12:00:00,23.7,47.0,0.0,4.5,233.0,3.5938597952128175,2.7081676041842173
2026-01-24 13:00:00,23.7,48.0,0.0,8.9,214.0,4.976816840889646,7.3784343957398715
2026-01-24 14:00:00,23.7,51.0,0.0,9.2,223.0,6.274384912574986,6.728454054896368
2026-01-24 15:00:00,23.2,55.0,0.0,9.7,208.0,4.553874159023141,8.56459165073159
2026-01-24 16:00:00,22.7,57.0,0.0,9.4,198.0,2.904759747124506,8.939931253174443
2026-01-24 17:00:00,22.0,60.0,0.0,6.7,204.0,2.7251355086078615,6.120754566205426
2026-01-24 18:00:00,20.6,67.0,0.0,3.9,193.0,0.8773091119410732,3.8000432526624173
2026-01-24 19:00:00,20.1,71.0,0.0,4.5,182.0,0.15704773516125486,4.497258721585931
2026-01-24 20:00:00,20.1,71.0,0.0,0.7000000000000001,90.0,-0.7000000000000001,8.572527594031473e-17
2026-01-24 21:00:00,19.2,74.0,0.0,2.2,132.0,-1.634918616050267,1.4720873339894884
2026-01-24 22:00:00,19.4,75.0,0.0,1.7000000000000002,167.0,-0.3824167923845706,1.6564291101349
2026-01-24 23:00:00,19.2,77.0,0.0,0.5,45.0,-0.35355339059327384,-0.35355339059327373
2026-01-25 00:00:00,18.0,81.0,0.0,6.1,355.0,0.5316500307607146,-6.076787658359647
2026-01-25 01:00:00,17.6,79.0,0.0,11.6,4.0,-0.8091750954318567,-11.57174298301396
2026-01-25 02:00:00,17.1,80.0,0.0,6.9,31.0,-3.553762716879376,-5.914454374844574
2026-01-25 03:00:00,17.0,80.0,0.0,6.2,36.0,-3.644268564213334,-5.015905365124674
2026-01-25 04:00:00,16.8,80.0,0.0,4.6,39.0,-2.894873798829254,-3.5748714227020644
2026-01-25 05:00:00,16.6,80.0,0.0,4.7,32.0,-2.490620541896064,-3.9858260519352022
2026-01-25 06:00:00,16.7,80.0,0.0,6.0,27.0,-2.7239429984372814,-5.346039145130207
2026-01-25 07:00:00,16.8,79.0,0.0,7.2,18.0,-2.2249223594996224,-6.8476069173251055
2026-01-25 08:00:00,18.6,74.0,0.0,6.3,353.0,0.7677768634524291,-6.253040755340328
2026-01-25 09:00:00,20.5,67.0,0.0,5.0,322.0,3.0783073766282913,-3.94005376803361
2026-01-25 10:00:00,22.7,60.0,0.0,5.6,276.0,5.56932261406233,-0.5853593942988594
2026-01-25 11:00:00,23.9,56.0,0.0,9.6,262.0,9.506573459919075,1.3360617692166281
2026-01-25 12:00:00,24.8,54.0,0.0,12.2,262.0,12.081270438647158,1.6979118317127981
2026-01-25 13:00:00,24.8,54.0,0.1,12.8,268.0,12.792202585844427,0.44671355779201244
2026-01-25 14:00:00,24.7,56.0,0.1,9.1,278.0,9.01143942554829,-1.2664752187365955
2026-01-25 15:00:00,24.7,56.0,0.0,9.3,278.0,9.209493039296605,-1.2943098389286087
2026-01-25 16:00:00,24.3,57.0,0.0,9.0,267.0,8.987665812791164,0.4710236061864945
2026-01-25 17:00:00,23.0,63.0,0.0,8.0,230.0,6.128355544951824,5.142300877492314
2026-01-25 18:00:00,21.9,70.0,0.0,7.4,252.0,7.037818220584136,2.286725758374611
2026-01-25 19:00:00,21.5,72.0,0.0,2.9,240.0,2.511473670974872,1.4499999999999997
2026-01-25 20:00:00,21.2,76.0,0.0,3.9,214.0,2.1808523235359125,3.233246532964663
2026-01-25 21:00:00,21.7,74.0,0.0,8.8,226.0,6.330190242980131,6.1129936600391765
2026-01-25 22:00:00,21.5,76.0,0.0,8.3,248.0,7.695625992904336,3.10923472535207
2026-01-25 23:00:00,21.1,77.0,0.0,7.4,266.0,7.381973971922699,0.5161979057065272
2026-01-26 00:00:00,20.3,80.0,0.0,5.2,316.0,3.612223526386786,-3.740566961760986
2026-01-26 01:00:00,19.6,82.0,0.0,6.3,353.0,0.7677768634524291,-6.253040755340328
2026-01-26 02:00:00,19.2,85.0,0.0,6.6,344.0,1.8192065483921944,-6.344327193192904
2026-01-26 03:00:00,19.0,84.0,0.0,7.8,351.0,1.220188827313801,-7.703969056642075
2026-01-26 04:00:00,18.4,85.0,0.0,6.1,358.0,0.21288692988525657,-6.096284044816484
2026-01-26 05:00:00,18.3,86.0,0.0,6.2,12.0,-1.2890524830701107,-6.064515124549595
2026-01-26 06:00:00,17.7,88.0,0.0,5.5,32.0,-2.9145559532826275,-4.664264528860342
2026-01-26 07:00:00,17.7,86.0,0.0,4.8,37.0,-2.8887121111298315,-3.8334504482270053
2026-01-26 08:00:00,19.4,79.0,0.0,5.6,353.0,0.6824683230688259,-5.558258449191403
2026-01-26 09:00:00,21.4,72.0,0.0,7.7,309.0,5.984023903218676,-4.845767011083748
2026-01-26 10:00:00,23.4,63.0,0.0,10.1,301.0,8.657389737091334,-5.201884556591547
2026-01-26 11:00:00,24.8,55.0,0.0,10.0,293.0,9.205048534524403,-3.907311284892738
2026-01-26 12:00:00,25.6,52.0,0.0,12.1,277.0,12.009808434859996,-1.4746190552022844
2026-01-26 13:00:00,25.3,54.0,0.0,12.9,277.0,12.803845356173055,-1.5721145299264025
2026-01-26 14:00:00,25.8,50.0,0.0,9.8,296.0,8.808181653731838,-4.296037238532959
2026-01-26 15:00:00,25.9,49.0,0.0,8.8,282.0,8.607698886457491,-1.8296228791962823
2026-01-26 16:00:00,25.5,52.0,0.0,7.9,257.0,7.697523511803359,1.7771133293165335
2026-01-26 17:00:00,24.1,62.0,0.0,10.9,239.0,9.343123577653024,5.613915016519591
2026-01-26 18:00:00,22.8,70.0,0.0,7.9,235.0,6.471301149883035,4.531253847173264
2026-01-26 19:00:00,21.7,77.0,0.0,3.2,164.0,-0.882039538614397,3.0760374270026207
2026-01-26 20:00:00,21.6,77.0,0.0,0.6000000000000001,34.0,-0.335515742082448,-0.4974225435330252
2026-01-26 21:00:00,20.9,77.0,0.0,1.1,90.0,-1.1,1.3471114790620887e-16
2026-01-26 22:00:00,20.1,79.0,0.0,2.4,103.0,-2.3384881554845642,0.5398825304252765
2026-01-26 23:00:00,19.7,79.0,0.0,1.7000000000000002,108.0,-1.6167960777017611,0.5253288904374108
2026-01-27 00:00:00,19.0,80.0,0.0,1.5,97.0,-1.488819227461983,0.18280401510772132
2026-01-27 01:00:00,18.1,79.0,0.0,2.7,70.0,-2.537170076121953,-0.9234543869793055
2026-01-27 02:00:00,18.4,75.0,0.0,5.2,74.0,-4.998560818879258,-1.4333142502483949
2026-01-27 03:00:00,17.8,77.0,0.0,6.9,47.0,-5.0463405411722775,-4.705788684431239
2026-01-27 04:00:00,17.1,80.0,0.0,4.7,40.0,-3.0211017655267356,-3.6004088826591962
2026-01-27 05:00:00,17.1,80.0,0.0,5.0,35.0,-2.867882181755232,-4.095760221444958
2026-01-27 06:00:00,17.2,78.0,0.0,5.2,31.0,-2.6781979895322836,-4.457269963650983
2026-01-27 07:00:00,17.7,73.0,0.0,6.2,17.0,-1.81270456928097,-5.9290894869708195
2026-01-27 08:00:00,19.5,68.0,0.0,9.4,353.0,1.1455718280083864,-9.329933825428427
2026-01-27 09:00:00,22.4,58.0,0.0,8.3,1.0,-0.14485497342945305,-8.298735869798048
2026-01-27 10:00:00,24.4,56.0,0.0,5.4,346.0,1.3063782362382055,-5.2395969218903815
2026-01-27 11:00:00,25.6,49.0,0.0,4.3,287.0,4.112110450641052,-1.257198330307768
2026-01-27 12:00:00,26.1,46.0,0.0,10.2,225.0,7.212489168102785,7.212489168102784
2026-01-27 13:00:00,25.6,51.0,0.0,12.4,228.0,9.214995835919689,8.297219518849843
2026-01-27 14:00:00,25.7,49.0,0.0,9.7,248.0,8.993683389297837,3.6336839561343464
2026-01-27 15:00:00,25.3,50.0,0.0,9.1,256.0,8.829691109111568,2.2014892499569765
2026-01-27 16:00:00,24.8,52.0,0.0,8.1,276.0,8.055627352483013,-0.8466805524679931
2026-01-27 17:00:00,24.1,53.0,0.0,7.7,309.0,5.984023903218676,-4.845767011083748
2026-01-27 18:00:00,23.1,57.0,0.0,4.9,324.0,2.8801477362331185,-3.9641832724372428
2026-01-27 19:00:00,22.3,61.0,0.0,5.4,339.0,1.935186927544622,-5.04133430308489
2026-01-27 20:00:00,22.1,61.0,0.0,5.4,360.0,3.3065463576978537e-16,-5.4
2026-01-27 21:00:00,21.2,64.0,0.0,8.8,5.0,-0.7669705361793927,-8.766513343207361
2026-01-27 22:00:00,20.0,69.0,0.0,10.6,358.0,0.36993466504651146,-10.593542766402415
2026-01-27 23:00:00,19.0,73.0,0.0,12.1,4.0,-0.8440533323039195,-12.070525008143873
2026-01-28 00:00:00,18.7,74.0,0.0,9.1,9.0,-1.4235536318661024,-8.987963899415753
2026-01-28 01:00:00,18.2,77.0,0.0,6.0,355.0,0.5229344564859488,-5.977168188550474
2026-01-28 02:00:00,17.9,77.0,0.0,7.1,350.0,1.232902061435206,-6.992135046386677
2026-01-28 03:00:00,17.2,79.0,0.0,9.1,351.0,1.4235536318661013,-8.987963899415753
2026-01-28 04:00:00,16.7,81.0,0.0,13.0,358.0,0.453693457132514,-12.992080751248245
2026-01-28 05:00:00,16.1,84.0,0.0,10.1,3.0,-0.5285931580537375,-10.086158301021195
2026-01-28 06:00:00,15.9,86.0,0.0,8.1,5.0,-0.7059615162560318,-8.069177054543138
2026-01-28 07:00:00,15.8,86.0,0.0,9.2,360.0,5.633375276077824e-16,-9.2
2026-01-28 08:00:00,17.1,79.0,0.0,9.4,353.0,1.1455718280083864,-9.329933825428427
2026-01-28 09:00:00,19.9,68.0,0.0,7.2,341.0,2.344090712091529,-6.8077337443150805
2026-01-28 10:00:00,22.0,59.0,0.0,4.9,306.0,3.9641832724372428,-2.8801477362331185
2026-01-28 11:00:00,23.3,54.0,0.0,8.0,242.0,7.063580742871416,3.7557725022871264
2026-01-28 12:00:00,23.9,53.0,0.0,13.0,237.0,10.902717383290513,7.080307455195352
2026-01-28 13:00:00,24.0,54.0,0.0,14.5,245.0,13.141462912031423,6.127964795240142
2026-01-28 14:00:00,23.8,53.0,0.0,12.4,249.0,11.576397288565301,4.443762574361723
2026-01-28 15:00:00,23.1,57.0,0.0,12.6,237.0,10.567249156112343,6.862451841189341
2026-01-28 16:00:00,22.9,60.0,0.0,11.2,235.0,9.174502896036708,6.424056087131715
2026-01-28 17:00:00,22.1,65.0,0.0,11.2,237.0,9.393110360988748,6.099957192168303
2026-01-28 18:00:00,21.1,69.0,0.0,7.3,226.0,5.251180542472153,5.07100610435068
2026-01-28 19:00:00,21.0,71.0,0.0,5.2,202.0,1.9479542857627423,4.821356043747294
2026-01-28 20:00:00,20.8,75.0,0.0,1.1,180.0,6.735557395310444e-17,1.1
2026-01-28 21:00:00,19.8,76.0,0.0,3.5,21.0,-1.2542878234085526,-3.267531492740206
2026-01-28 22:00:00,19.4,74.0,0.0,6.2,8.0,-0.8628732259524081,-6.139662026197736
2026-01-28 23:00:00,18.4,70.0,0.0,9.9,12.0,-2.058325739095822,-9.683661247264675
2026-01-29 00:00:00,17.3,73.0,0.0,9.1,15.0,-2.355253310432938,-8.789925019230521
2026-01-29 01:00:00,16.6,75.0,0.0,8.0,5.0,-0.697245941981266,-7.969557584733964
2026-01-29 02:00:00,16.3,77.0,0.0,5.1,8.0,-0.7097828148963357,-5.050367150582008
2026-01-29 03:00:00,16.3,78.0,0.0,5.4,21.0,-1.935186927544624,-5.041334303084889
2026-01-29 04:00:00,16.1,79.0,0.0,7.5,24.0,-3.0505248230685007,-6.851590932319508
2026-01-29 05:00:00,15.6,82.0,0.0,7.4,32.0,-3.9214025553257175,-6.275555911557553
2026-01-29 06:00:00,15.0,84.0,0.0,5.7,35.0,-3.2693856872009643,-4.669166652447252
2026-01-29 07:00:00,14.9,83.0,0.0,6.6,35.0,-3.785604479916906,-5.406403492307344
2026-01-29 08:00:00,17.3,74.0,0.0,3.9,28.0,-1.830939094864974,-3.4434956121498153
2026-01-29 09:00:00,19.7,67.0,0.0,2.5,339.0,0.895919873863251,-2.3339510662430043
2026-01-29 10:00:00,21.8,61.0,0.0,6.6,279.0,6.518743047927909,-1.0324674692655236
2026-01-29 11:00:00,23.2,55.0,0.0,13.2,248.0,12.238826880281593,4.944807033090038
2026-01-29 12:00:00,23.7,52.0,0.0,14.2,255.0,13.71614673330477,3.6752304404557945
2026-01-29 13:00:00,23.8,52.0,0.0,15.2,253.0,14.535832290638139,4.444049911785599
2026-01-29 14:00:00,23.2,56.0,0.0,13.8,257.0,13.446306894036248,3.1043245499453374
2026-01-29 15:00:00,23.1,58.0,0.0,11.5,248.0,10.662614327518055,4.307975824282988
2026-01-29 16:00:00,22.8,61.0,0.0,11.1,245.0,10.060016436106814,4.691062705321763
2026-01-29 17:00:00,22.3,65.0,0.0,11.4,254.0,10.958383333696835,3.1422658563137906
2026-01-29 18:00:00,21.8,71.0,0.0,9.0,254.0,8.65135526344487,2.4807362023529924
2026-01-29 19:00:00,21.4,74.0,0.0,7.7,261.0,7.605200222582561,1.2045453808097777
2026-01-29 20:00:00,22.0,71.0,0.0,3.3,279.0,3.2593715239639547,-0.5162337346327618
2026-01-29 21:00:00,21.1,77.0,0.0,1.7000000000000002,302.0,1.4416817634659242,-0.9008627491964484
2026-01-29 22:00:00,20.7,79.0,0.0,4.0,302.0,3.392192384625704,-2.1196770569328196
2026-01-29 23:00:00,20.1,82.0,0.0,3.7,337.0,1.4457051754103127,-3.4058679577740296
2026-01-30 00:00:00,19.6,84.0,0.0,4.9,352.0,0.6819481947043208,-4.852313536833695
2026-01-30 01:00:00,20.0,79.0,0.0,8.1,6.0,-0.8466805524679922,-8.055627352483015
2026-01-30 02:00:00,19.3,77.0,0.0,9.0,22.0,-3.3714593407432107,-8.344654691101086
2026-01-30 03:00:00,18.7,76.0,0.0,6.4,29.0,-3.102781569576556,-5.5975661256921345
2026-01-30 04:00:00,18.4,77.0,0.0,6.2,33.0,-3.376762017093167,-5.199757521261629
2026-01-30 05:00:00,17.9,78.0,0.0,3.7,39.0,-2.3284854468844003,-2.8754400573907914
2026-01-30 06:00:00,18.0,78.0,0.0,4.9,24.0,-1.9930095510714205,-4.476372742448745
2026-01-30 07:00:00,18.1,77.0,0.1,9.0,33.0,-4.901751315135243,-7.548035111508817
2026-01-30 08:00:00,19.6,78.0,0.0,8.6,2.0,-0.3001356716415065,-8.594761112364223
2026-01-30 09:00:00,21.6,71.0,0.0,5.4,326.0,3.019641678742033,-4.476802891797226
2026-01-30 10:00:00,23.1,64.0,0.0,3.5,258.0,3.42351660256832,0.7276909178621577
2026-01-30 11:00:00,23.8,60.0,0.0,11.8,224.0,8.196968771416168,8.488209643996083
2026-01-30 12:00:00,24.0,59.0,0.0,15.2,221.0,9.97209724065571,11.471585619386135
2026-01-30 13:00:00,24.7,57.0,0.0,10.6,236.0,8.78779826908344,5.927444776789917
2026-01-30 14:00:00,24.9,58.0,0.0,11.5,256.0,11.15840085217396,2.782101799396179
2026-01-30 15:00:00,24.8,61.0,0.0,12.6,279.0,12.444873091498735,-1.9710742595069088
2026-01-30 16:00:00,24.2,64.0,0.0,15.4,294.0,14.068600047696053,-6.263744303367323
2026-01-30 17:00:00,23.0,71.0,0.0,15.2,309.0,11.812618614145958,-9.565669943957527
2026-01-30 18:00:00,21.9,78.0,0.1,11.2,316.0,7.7801737491407685,-8.056605763792891
2026-01-30 19:00:00,21.7,81.0,0.2,2.2,346.0,0.532228170319269,-2.1346505978071924
2026-01-30 20:00:00,21.7,77.0,0.0,6.9,15.0,-1.7858514112073924,-6.664888201394572
2026-01-30 21:00:00,21.5,77.0,0.2,2.5,45.0,-1.7677669529663693,-1.7677669529663687
2026-01-30 22:00:00,20.7,81.0,0.0,3.8,17.0,-1.111012477946401,-3.633958072659534
2026-01-30 23:00:00,20.1,84.0,0.0,3.2,19.0,-1.0418180942629014,-3.025659441917814
2026-01-31 00:00:00,20.3,83.0,0.0,2.3,29.0,-1.1150621265665746,-2.0116253264206105
2026-01-31 01:00:00,20.6,79.0,0.0,5.3,8.0,-0.7376174350883489,-5.248420764330322
2026-01-31 02:00:00,19.8,80.0,0.0,4.1,358.0,0.14308793648025442,-4.097502390778292
2026-01-31 03:00:00,19.6,83.0,0.0,8.1,24.0,-3.294566808913981,-7.399718206905067
2026-01-31 04:00:00,19.1,86.0,0.0,9.1,17.0,-2.6605825129769074,-8.702373279263622
2026-01-31 05:00:00,18.8,87.0,0.0,8.5,7.0,-1.0358894189437509,-8.436642288951237
2026-01-31 06:00:00,19.0,85.0,0.0,6.2,15.0,-1.604678079635628,-5.9887401229922235
2026-01-31 07:00:00,19.4,83.0,0.0,8.3,4.0,-0.5789787320762424,-8.27978161715654
2026-01-31 08:00:00,19.8,81.0,0.0,9.9,351.0,1.5487012038982861,-9.778114571891864
2026-01-31 09:00:00,21.4,72.0,0.0,9.0,12.0,-1.8712052173598381,-8.80332840660425
2026-01-31 10:00:00,23.3,62.0,0.0,5.5,17.0,-1.608044375975054,-5.259676157796695
2026-01-31 11:00:00,24.0,61.0,0.0,2.8,297.0,2.49481826772743,-1.2711733992707308
2026-01-31 12:00:00,23.9,62.0,0.0,5.0,330.0,2.5000000000000004,-4.330127018922193
2026-01-31 13:00:00,24.5,60.0,0.0,1.5,30.0,-0.7500000000000007,-1.2990381056766576
2026-01-31 14:00:00,25.7,54.0,0.0,2.3,321.0,1.447436899414626,-1.7874357113510329
2026-01-31 15:00:00,26.1,53.0,0.0,5.6,237.0,4.696555180494374,3.0499785960841517
2026-01-31 16:00:00,25.4,59.0,0.0,9.9,260.0,9.74959675482086,1.7191169589026103
2026-01-31 17:00:00,24.4,63.0,0.0,9.2,270.0,9.2,0.0
2026-01-31 18:00:00,23.1,71.0,0.0,3.6,300.0,3.1176914536239795,-1.7999999999999998
2026-01-31 19:00:00,22.8,61.0,0.0,13.9,4.0,-0.9696149850433455,-13.866140298611557
2026-01-31 20:00:00,21.4,63.0,0.0,13.9,1.0,-0.24258844947824063,-13.897882962673838
2026-01-31 21:00:00,19.9,67.0,0.0,11.7,1.0,-0.2041931553162169,-11.698218033329777
2026-01-31 22:00:00,19.2,70.0,0.0,11.0,355.0,0.9587131702242395,-10.9581416790092
2026-01-31 23:00:00,18.5,72.0,0.0,11.5,352.0,1.6004906610407528,-11.38808279052806
2026-02-01 00:00:00,18.0,74.0,0.0,11.3,358.0,0.3943643127382622,-11.293116345315783
2026-02-01 01:00:00,17.7,74.0,0.0,11.1,351.0,1.7364225619465632,-10.96334058060603
2026-02-01 02:00:00,17.4,74.0,0.0,8.3,347.0,1.867093751054079,-8.087271537717454
2026-02-01 03:00:00,17.2,74.0,0.0,9.3,352.0,1.294309838928609,-9.209493039296605
2026-02-01 04:00:00,16.3,77.0,0.0,10.4,340.0,3.557009490586956,-9.772803256173447
2026-02-01 05:00:00,15.8,79.0,0.0,9.0,6.0,-0.9407561694088802,-8.95069705831446
2026-02-01 06:00:00,15.7,79.0,0.0,7.7,12.0,-1.6009200192967503,-7.531736525650303
2026-02-01 07:00:00,16.3,77.0,0.0,9.2,344.0,2.535863673516392,-8.843607602632533
2026-02-01 08:00:00,16.9,78.0,0.0,5.4,356.0,0.3766849582182763,-5.386845871403051
2026-02-01 09:00:00,19.0,73.0,0.0,5.4,310.0,4.136639992842482,-3.4710530923073124
2026-02-01 10:00:00,21.3,65.0,0.0,7.4,273.0,7.389858557183847,-0.3872860761977844
2026-02-01 11:00:00,23.1,56.0,0.0,11.9,260.0,11.719212260845277,2.066413314236471
2026-02-01 12:00:00,23.6,54.0,0.0,14.7,259.0,14.42991959668066,2.8048922320352085
2026-02-01 13:00:00,23.4,55.0,0.0,16.8,261.0,16.593164121998313,2.6280990126758788
2026-02-01 14:00:00,22.4,60.0,0.0,13.5,272.0,13.491776164757793,-0.4711432054837631
2026-02-01 15:00:00,22.6,59.0,0.0,10.2,262.0,10.100734301164017,1.4195656297926673
2026-02-01 16:00:00,22.7,59.0,0.0,10.4,253.0,9.94556946201557,3.0406657291164625
2026-02-01 17:00:00,22.5,60.0,0.0,8.8,239.0,7.543072246178589,4.532335059208477
2026-02-01 18:00:00,21.9,64.0,0.0,6.5,212.0,3.4444752175158317,5.512312625016769
2026-02-01 19:00:00,21.2,70.0,0.0,2.6,219.0,1.6362330167295775,2.0205794997881243
2026-02-01 20:00:00,20.3,70.0,0.0,8.0,23.0,-3.1258490279141906,-7.364038827619522
2026-02-01 21:00:00,20.0,72.0,0.0,8.2,10.0,-1.4239150568688286,-8.075423574700105
2026-02-01 22:00:00,19.6,74.0,0.0,10.1,2.0,-0.35248491669525767,-10.093847352892867
2026-02-01 23:00:00,19.4,76.0,0.0,8.3,356.0,0.5789787320762395,-8.27978161715654
2026-02-02 00:00:00,18.8,80.0,0.0,11.6,354.0,1.21253017390478,-11.53645398627197
2026-02-02 01:00:00,17.6,84.0,0.0,13.0,3.0,-0.680367431158276,-12.98218395180946
2026-02-02 02:00:00,17.1,87.0,0.0,11.2,358.0,0.3908743630680121,-11.193177262613872
2026-02-02 03:00:00,16.5,89.0,0.0,12.5,352.0,1.7396637620008184,-12.378350859269629
2026-02-02 04:00:00,16.3,89.0,0.0,13.0,6.0,-1.3588700224794936,-12.928784639787555
2026-02-02 05:00:00,16.4,89.0,0.0,11.8,16.0,-3.252520798640587,-11.342888012072166
2026-02-02 06:00:00,16.7,88.0,0.0,10.7,5.0,-0.9325664473999432,-10.659283269581676
2026-02-02 07:00:00,16.7,88.0,0.0,11.9,3.0,-0.6227978792910372,-11.88369146357943
2026-02-02 08:00:00,17.4,85.0,0.0,8.6,1.0,-0.15009069536063807,-8.598690178344965
2026-02-02 09:00:00,20.0,74.0,0.0,5.9,329.0,3.0387246419693197,-5.057287074142463
2026-02-02 10:00:00,21.8,66.0,0.0,5.8,286.0,5.57531783644225,-1.598696663738595
2026-02-02 11:00:00,23.6,58.0,0.0,7.5,255.0,7.244443697168013,1.9411428382689055
2026-02-02 12:00:00,24.5,54.0,0.0,8.7,232.0,6.85569355637848,5.356254835333226
2026-02-02 13:00:00,25.0,53.0,0.0,11.2,230.0,8.579697762932554,7.199221228489239
2026-02-02 14:00:00,24.9,53.0,0.0,12.3,243.0,10.959380247516926,5.584083146796425
2026-02-02 15:00:00,24.7,55.0,0.0,10.9,237.0,9.141509190605122,5.936565481663796
2026-02-02 16:00:00,24.2,59.0,0.0,9.9,226.0,7.121464023352647,6.877117867544073
2026-02-02 17:00:00,23.5,62.0,0.0,10.5,239.0,9.00025665737218,5.407899786555569
2026-02-02 18:00:00,22.5,65.0,0.0,10.1,282.0,9.879290767411437,-2.0999080772593692
2026-02-02 19:00:00,21.9,61.0,0.0,12.5,332.0,5.8683945348236355,-11.036844910736585
2026-02-02 20:00:00,20.4,61.0,0.0,15.5,348.0,3.2226312076752714,-15.161287811373986
2026-02-02 21:00:00,19.0,65.0,0.0,14.3,354.0,1.4947570247274444,-14.221663103766309
2026-02-02 22:00:00,18.0,68.0,0.0,13.3,351.0,2.0805783850350714,-13.136254929915333
2026-02-02 23:00:00,17.0,71.0,0.0,12.9,353.0,1.5721145299264028,-12.803845356173055
2026-02-03 00:00:00,16.3,73.0,0.0,11.7,355.0,1.0197221901476001,-11.655477967673422
2026-02-03 01:00:00,15.8,75.0,0.0,10.4,360.0,6.368163355566237e-16,-10.4
2026-02-03 02:00:00,15.9,74.0,0.0,8.8,349.0,1.6791191593135955,-8.638319214339443
2026-02-03 03:00:00,15.7,75.0,0.0,8.9,354.0,0.9303033230821158,-8.851244868777632
2026-02-03 04:00:00,15.3,78.0,0.0,9.5,351.0,1.4861274178821937,-9.38303923565381
2026-02-03 05:00:00,14.9,81.0,0.0,8.7,355.0,0.7582549619046257,-8.666893873398186
2026-02-03 06:00:00,14.6,83.0,0.0,7.1,10.0,-1.2329020614352053,-6.992135046386677
2026-02-03 07:00:00,14.6,84.0,0.0,3.5,39.0,-2.2026213686744325,-2.720010865099397
2026-02-03 08:00:00,16.8,78.0,0.0,6.4,328.0,3.3914832910925115,-5.4275078154011265
2026-02-03 09:00:00,19.1,70.0,0.0,4.2,310.0,3.2173866610997077,-2.699707960683465
2026-02-03 10:00:00,21.6,60.0,0.0,8.1,273.0,8.088899231512048,-0.42392124556784505
2026-02-03 11:00:00,22.9,53.0,0.0,12.9,254.0,12.400275877604313,3.5557218900392895
2026-02-03 12:00:00,23.3,51.0,0.0,14.3,246.0,13.063700044289194,5.8163339959839435
2026-02-03 13:00:00,23.2,52.0,0.0,14.6,254.0,14.034420760699456,4.024305394928188
2026-02-03 14:00:00,23.2,53.0,0.0,14.9,268.0,14.890923322584527,0.5200025008672644
2026-02-03 15:00:00,23.1,54.0,0.0,12.6,259.0,12.368502511440566,2.4041933417444645
2026-02-03 16:00:00,22.6,57.0,0.0,10.8,246.0,9.86629094254009,4.3927557452186425
2026-02-03 17:00:00,22.0,60.0,0.0,9.3,236.0,7.710049424761888,5.200494002277947
2026-02-03 18:00:00,21.3,65.0,0.0,7.7,233.0,6.149493427364155,4.6339756782707715
2026-02-03 19:00:00,21.4,67.0,0.0,5.7,217.0,3.430345631966676,4.55222240726957
2026-02-03 20:00:00,21.4,69.0,0.0,1.9,151.0,-0.9211382784680403,1.661777443564852
2026-02-03 21:00:00,21.0,70.0,0.0,3.0,155.0,-1.267854785222098,2.71892336110995
2026-02-03 22:00:00,20.3,73.0,0.0,4.5,140.0,-2.8925442435894273,3.447199994035401
2026-02-03 23:00:00,19.5,74.0,0.0,4.0,129.0,-3.1085838458278836,2.5172815641993496
2026-02-04 00:00:00,18.8,76.0,0.0,2.8,108.0,-2.6629582456264296,0.8652475842498529
2026-02-04 01:00:00,18.5,72.0,0.0,1.7000000000000002,77.0,-1.6564291101349,-0.3824167923845705
2026-02-04 02:00:00,18.9,70.0,0.0,3.8,25.0,-1.6059493946146568,-3.44396959073927
2026-02-04 03:00:00,19.5,71.0,0.0,5.2,27.0,-2.360750598645644,-4.633233925779512
2026-02-04 04:00:00,19.6,71.0,0.0,6.2,26.0,-2.717901110092282,-5.572523087054835
2026-02-04 05:00:00,19.4,73.0,0.0,3.9,22.0,-1.460965714322058,-3.6160170328104706
2026-02-04 06:00:00,19.0,76.0,0.0,3.3,29.0,-1.5998717468129116,-2.8862450335600065
2026-02-04 07:00:00,19.4,74.0,0.0,2.2,66.0,-2.0098000068137223,-0.8948206147667606
2026-02-04 08:00:00,20.7,71.0,0.0,4.7,18.0,-1.4523798735622535,-4.469965626587221
2026-02-04 09:00:00,22.5,65.0,0.0,2.3,4.0,-0.16043988961148883,-2.2943973155975956
2026-02-04 10:00:00,23.8,58.0,0.0,2.3,247.0,2.117161162940613,0.8986815955253296
2026-02-04 11:00:00,24.6,55.0,0.0,9.8,235.0,8.027690034032121,5.621049076240252
2026-02-04 12:00:00,25.0,54.0,0.0,11.4,237.0,9.560844474577834,6.208884999171309
2026-02-04 13:00:00,25.0,55.0,0.0,10.7,237.0,8.973775077016036,5.82763767466079
2026-02-04 14:00:00,25.3,55.0,0.0,9.0,217.0,5.4163352083684355,7.187719590425635
2026-02-04 15:00:00,24.7,58.0,0.0,10.5,215.0,6.022552581685985,8.601096465034415
2026-02-04 16:00:00,24.0,62.0,0.0,8.8,237.0,7.380300997919732,4.792823508132239
2026-02-04 17:00:00,23.2,67.0,0.0,8.2,255.0,7.92059177557036,2.12231616984067
2026-02-04 18:00:00,22.3,71.0,0.0,5.3,280.0,5.2194810909647025,-0.9203353416347307
2026-02-04 19:00:00,21.9,75.0,0.0,1.2,321.0,0.755184469259805,-0.9325751537483651
2026-02-04 20:00:00,22.1,71.0,0.0,2.7,340.0,0.9234543869793059,-2.5371700761219524
2026-02-04 21:00:00,21.9,72.0,0.0,0.4,63.0,-0.3564026096753472,-0.18159619989581868
2026-02-04 22:00:00,21.8,72.0,0.0,0.7000000000000001,76.0,-0.6792070083931976,-0.16934532691976728
2026-02-04 23:00:00,21.3,73.0,0.0,1.8,84.0,-1.790139411662892,-0.1881512338817763
2026-02-05 00:00:00,20.7,75.0,0.0,0.7000000000000001,104.0,-0.6792070083931976,0.16934532691976742
2026-02-05 01:00:00,19.9,77.0,0.0,2.4,48.0,-1.7835475811457462,-1.6059134552612597
2026-02-05 02:00:00,19.6,78.0,0.0,3.5,39.0,-2.2026213686744325,-2.720010865099397
2026-02-05 03:00:00,19.6,76.0,0.0,4.4,35.0,-2.523736319944604,-3.604268994871563
2026-02-05 04:00:00,19.2,76.0,0.0,4.7,40.0,-3.0211017655267356,-3.6004088826591962
2026-02-05 05:00:00,18.6,79.0,0.0,3.7,29.0,-1.7937955949114464,-3.2360929164157652
2026-02-05 06:00:00,18.0,82.0,0.0,3.8,25.0,-1.6059493946146568,-3.44396959073927
2026-02-05 07:00:00,18.7,78.0,0.0,5.5,19.0,-1.7906248495143615,-5.200352165796243
2026-02-05 08:00:00,21.3,64.0,0.0,9.0,347.0,2.0245594890947842,-8.769330583067116
2026-02-05 09:00:00,23.3,58.0,0.0,7.6,342.0,2.3485291572496005,-7.228029523843166
2026-02-05 10:00:00,25.1,52.0,0.0,3.6,340.0,1.2312725159724078,-3.38289343482927
2026-02-05 11:00:00,26.2,50.0,0.0,5.4,217.0,3.2498011250210617,4.312631754255381
2026-02-05 12:00:00,26.3,54.0,0.0,12.1,217.0,7.281961780139786,9.663489671572243
2026-02-05 13:00:00,25.8,59.0,0.0,12.8,222.0,8.564871761393386,9.512253766110646
2026-02-05 14:00:00,26.0,59.0,0.0,8.5,215.0,4.875399708983893,6.96279237645643
2026-02-05 15:00:00,25.8,60.0,0.0,9.6,201.0,3.4403323156348837,8.962372094373137
2026-02-05 16:00:00,25.0,63.0,0.0,10.0,187.0,1.2186934340514748,9.92546151641322
2026-02-05 17:00:00,24.1,68.0,0.0,8.5,184.0,0.5929300268250645,8.479294427208506
2026-02-05 18:00:00,23.1,74.0,0.0,4.3,204.0,1.7489675652259409,3.9282454678631837
2026-02-05 19:00:00,22.7,78.0,0.0,0.8,225.0,0.5656854249492381,0.565685424949238
2026-02-05 20:00:00,22.7,79.0,0.0,2.2,360.0,1.3471114790620887e-16,-2.2
2026-02-05 21:00:00,22.5,78.0,0.0,5.2,360.0,3.1840816777831187e-16,-5.2
2026-02-05 22:00:00,22.0,81.0,0.1,5.0,339.0,1.791839747726502,-4.667902132486009
2026-02-05 23:00:00,21.6,85.0,0.1,4.5,344.0,1.2403681011764962,-4.325677631722435
2026-02-06 00:00:00,20.9,88.0,0.0,3.9,53.0,-3.114678489184442,-2.3470785902929885
2026-02-06 01:00:00,21.0,88.0,0.1,3.4,16.0,-0.9371670097777962,-3.2682897661902843
2026-02-06 02:00:00,20.9,92.0,0.6,5.5,302.0,4.664264528860342,-2.914555953282627
2026-02-06 03:00:00,20.6,93.0,0.0,2.6,12.0,-0.5405703961261754,-2.5431837619078945
2026-02-06 04:00:00,20.5,93.0,0.0,6.0,5.0,-0.5229344564859495,-5.977168188550474
2026-02-06 05:00:00,20.4,90.0,0.0,9.4,23.0,-3.672872607799174,-8.652745622452938
2026-02-06 06:00:00,20.2,87.0,0.0,8.0,25.0,-3.3809460939255933,-7.2504622962932
2026-02-06 07:00:00,20.5,85.0,0.0,5.1,27.0,-2.315351548671689,-4.544133273360675
2026-02-06 08:00:00,22.5,82.0,0.0,4.0,72.0,-3.8042260651806146,-1.2360679774997891
2026-02-06 09:00:00,24.4,71.0,0.1,4.3,118.0,-3.796674649293386,2.01872771997933
2026-02-06 10:00:00,24.8,72.0,0.7000000000000001,12.8,166.0,-3.096600263675748,12.419785296332755
2026-02-06 11:00:00,25.7,67.0,0.0,9.8,188.0,1.3638963894086416,9.70462707366739
2026-02-06 12:00:00,26.3,61.0,0.1,9.1,195.0,2.3552533104329387,8.789925019230521
2026-02-06 13:00:00,26.7,58.0,0.2,10.1,204.0,4.108040095065582,9.226809122190268
2026-02-06 14:00:00,25.5,63.0,0.3,8.2,194.0,1.9837595439172748,7.95642495546317
2026-02-06 15:00:00,25.2,65.0,0.6,7.6,168.0,-1.5801288502149708,7.4339217655769225
2026-02-06 16:00:00,24.8,66.0,0.0,3.0,104.0,-2.9108871788279895,0.7257656867990032
2026-02-06 17:00:00,24.9,63.0,0.0,4.3,42.0,-2.87726160734309,-3.195522749552796
2026-02-06 18:00:00,23.4,68.0,0.0,4.4,21.0,-1.5768189779993234,-4.1077538765876875
2026-02-06 19:00:00,22.7,71.0,0.0,6.6,33.0,-3.5946176310991778,-5.535225748439799
2026-02-06 20:00:00,21.6,81.0,0.0,6.2,41.0,-4.067565979741145,-4.679199397381186
2026-02-06 21:00:00,21.3,80.0,0.0,6.8,27.0,-3.087135398228919,-6.058844364480901
2026-02-06 22:00:00,21.1,76.0,0.0,7.9,33.0,-4.302648376618714,-6.62549748676885
2026-02-06 23:00:00,20.4,76.0,0.0,7.6,19.0,-2.4743179738743906,-7.185941174554808
2026-02-07 00:00:00,19.8,82.0,0.0,8.8,360.0,5.388445916248355e-16,-8.8
2026-02-07 01:00:00,19.5,89.0,0.0,9.8,354.0,1.024378940023004,-9.746314574609078
2026-02-07 02:00:00,19.2,92.0,0.0,12.7,353.0,1.547740661245373,-12.605336125844788
2026-02-07 03:00:00,19.1,88.0,0.0,12.8,2.0,-0.4467135577920098,-12.792202585844427
2026-02-07 04:00:00,18.7,89.0,0.0,13.9,354.0,1.452945639420383,-13.823854345618999
2026-02-07 05:00:00,17.8,93.0,0.0,14.6,358.0,0.5095326518565158,-14.591106074478798
2026-02-07 06:00:00,17.1,95.0,0.0,14.6,359.0,0.2548051339843405,-14.597776349283313
2026-02-07 07:00:00,17.0,95.0,0.0,12.4,2.0,-0.43275375911100944,-12.392446255036788
2026-02-07 08:00:00,18.1,90.0,0.0,10.9,344.0,3.004447178405291,-10.477752485727676
2026-02-07 09:00:00,20.0,80.0,0.0,10.9,321.0,6.859592262443229,-8.470890979880982
2026-02-07 10:00:00,22.4,67.0,0.0,10.1,299.0,8.833659042107897,-4.896577164488004
2026-02-07 11:00:00,24.2,58.0,0.0,13.2,274.0,13.167845463429678,-0.920785453422454
2026-02-07 12:00:00,25.1,54.0,0.0,15.1,271.0,15.097700196861508,-0.263531337202981
2026-02-07 13:00:00,25.3,52.0,0.0,16.3,264.0,16.210706894502856,1.7038139512627517
2026-02-07 14:00:00,25.7,48.0,0.0,14.7,259.0,14.42991959668066,2.8048922320352085
2026-02-07 15:00:00,25.3,50.0,0.0,14.1,247.0,12.979118433679409,5.50930891169876
2026-02-07 16:00:00,24.3,54.0,0.0,13.7,247.0,12.610916492298433,5.35301646030305
2026-02-07 17:00:00,23.6,57.0,0.0,11.8,249.0,11.01624903266698,4.228741804634543
2026-02-07 18:00:00,22.6,58.0,0.0,8.5,282.0,8.314254606237348,-1.7672493719509543
2026-02-07 19:00:00,21.3,55.0,0.1,12.9,337.0,5.040431557511631,-11.874512609536481
2026-02-07 20:00:00,18.5,70.0,0.0,11.8,343.0,3.449986115728294,-11.28439612036382
2026-02-07 21:00:00,18.2,63.0,0.0,13.0,342.0,4.017220926874317,-12.363734711836996
2026-02-07 22:00:00,17.5,63.0,0.0,12.9,348.0,2.682060811549097,-12.618104049466092
2026-02-07 23:00:00,17.0,64.0,0.0,11.3,346.0,2.733717420276245,-10.964341706918761
2026-02-08 00:00:00,16.5,66.0,0.0,12.1,353.0,1.4746190552022846,-12.009808434859996
2026-02-08 01:00:00,16.0,68.0,0.0,10.6,358.0,0.36993466504651146,-10.593542766402415
2026-02-08 02:00:00,16.1,68.0,0.0,7.5,349.0,1.431067465324087,-7.36220387585748
2026-02-08 03:00:00,16.5,67.0,0.0,6.3,355.0,0.5490811793102462,-6.276026597977997
2026-02-08 04:00:00,16.5,68.0,0.0,7.0,1.0,-0.12216684506098449,-6.998933866094739
2026-02-08 05:00:00,16.4,69.0,0.0,8.3,6.0,-0.8675862451215229,-8.25453173155667
2026-02-08 06:00:00,16.1,71.0,0.0,8.3,5.0,-0.7233926648055635,-8.268415994161488
2026-02-08 07:00:00,15.5,74.0,0.0,12.8,338.0,4.794964395723674,-11.86795333845488
2026-02-08 08:00:00,16.1,69.0,0.0,11.9,333.0,5.402486946900607,-10.602977637841578
2026-02-08 09:00:00,17.8,63.0,0.0,13.0,329.0,6.695494973830704,-11.14317490912746
2026-02-08 10:00:00,19.2,60.0,0.0,10.2,318.0,6.825132184860354,-7.580077219869421
2026-02-08 11:00:00,21.4,53.0,0.0,10.2,277.0,10.123970746741483,-1.243067302732504
2026-02-08 12:00:00,22.6,49.0,0.0,15.9,265.0,15.839495699658755,1.3857763096877649
2026-02-08 13:00:00,22.4,48.0,0.0,17.9,273.0,17.87546867210687,-0.9368136167486946
2026-02-08 14:00:00,21.2,48.0,0.0,10.6,281.0,10.405248144545238,-2.022575350991375
2026-02-08 15:00:00,21.1,47.0,0.0,4.1,247.0,3.774069899155005,1.6019976268060223
2026-02-08 16:00:00,20.6,50.0,0.0,3.5,165.0,-0.905866657858823,3.380740392011739
2026-02-08 17:00:00,20.4,50.0,0.0,3.7,141.0,-2.328485446884398,2.875440057390793
2026-02-08 18:00:00,19.7,51.0,0.0,1.9,73.0,-1.8169790363297673,-0.5555062389731998
2026-02-08 19:00:00,18.5,46.0,0.0,8.7,6.0,-0.9093976304285841,-8.652340489703978
2026-02-08 20:00:00,17.9,43.0,0.0,7.4,7.0,-0.9018331411980891,-7.344841522145784
2026-02-08 21:00:00,17.1,44.0,0.0,8.9,352.0,1.2386405985445827,-8.813385811799977
2026-02-08 22:00:00,16.3,45.0,0.0,6.3,358.0,0.2198668292257568,-6.296162210220303
2026-02-08 23:00:00,15.6,49.0,0.0,5.8,355.0,0.5055033079364172,-5.777929248932124
2026-02-09 00:00:00,14.8,52.0,0.0,4.5,2.0,-0.15704773516125342,-4.497258721585931
2026-02-09 01:00:00,14.5,54.0,0.0,4.5,29.0,-2.1816432911085157,-3.935788682127282
2026-02-09 02:00:00,14.8,55.0,0.0,2.3,45.0,-1.6263455967290597,-1.626345596729059
2026-02-09 03:00:00,15.4,49.0,0.0,5.8,83.0,-5.756767679519668,-0.7068421917498544
2026-02-09 04:00:00,15.4,49.0,0.0,6.7,85.0,-6.674504477214695,-0.5839434764093082
2026-02-09 05:00:00,15.1,50.0,0.0,9.2,74.0,-8.843607602632533,-2.5358636735163906
2026-02-09 06:00:00,15.2,49.0,0.0,10.2,72.0,-9.700776466210566,-3.151973342624462
2026-02-09 07:00:00,15.6,47.0,0.0,11.6,72.0,-11.032255589023782,-3.5845971347493886
2026-02-09 08:00:00,17.0,43.0,0.0,12.2,68.0,-11.311643025714806,-4.570200439674126
2026-02-09 09:00:00,18.9,39.0,0.0,12.1,60.0,-10.478907385791707,-6.050000000000002
2026-02-09 10:00:00,20.8,37.0,0.0,11.5,59.0,-9.857423958074293,-5.9229378614656225
2026-02-09 11:00:00,22.2,36.0,0.0,6.8,32.0,-3.603450996785794,-5.766727053863696
2026-02-09 12:00:00,23.2,38.0,0.0,10.8,303.0,9.05764213381058,-5.882101578162293
2026-02-09 13:00:00,22.3,49.0,0.0,20.4,286.0,19.609738597141703,-5.623002058666782
2026-02-09 14:00:00,20.6,57.0,0.0,23.9,291.0,22.31257219328312,-8.564993994132676
2026-02-09 15:00:00,20.7,55.0,0.0,17.2,305.0,14.089415161770658,-9.865514705237992
2026-02-09 16:00:00,20.2,55.0,0.0,16.2,304.0,13.430408675391673,-9.0589250362261
2026-02-09 17:00:00,19.5,56.0,0.0,9.9,303.0,8.302838622659698,-5.391926446648768
2026-02-09 18:00:00,19.2,56.0,0.0,2.0,280.0,1.969615506024416,-0.34729635533386066
2026-02-09 19:00:00,19.2,57.0,0.0,2.2,114.0,-2.009800006813722,0.894820614766761
2026-02-09 20:00:00,19.3,56.0,0.0,2.8,105.0,-2.704592313609391,0.7246933262870588
2026-02-09 21:00:00,18.5,61.0,0.0,2.3,129.0,-1.7874357113510329,1.4474368994146258
2026-02-09 22:00:00,17.7,64.0,0.0,2.7,28.0,-1.2675732195219052,-2.383958500719103
2026-02-09 23:00:00,17.3,67.0,0.0,8.4,16.0,-2.3153537888627906,-8.07459824588188
2026-02-10 00:00:00,16.7,66.0,0.0,11.5,27.0,-5.220890747004789,-10.24657502816623
2026-02-10 01:00:00,16.4,62.0,0.0,12.0,41.0,-7.872708347886087,-9.056514962673264
2026-02-10 02:00:00,15.9,64.0,0.0,8.8,41.0,-5.773319455116464,-6.641444305960395
2026-02-10 03:00:00,15.7,66.0,0.0,8.9,34.0,-4.9768168408896445,-7.378434395739872
2026-02-10 04:00:00,15.7,64.0,0.0,7.7,36.0,-4.525946442652044,-6.229430856687094
2026-02-10 05:00:00,15.6,63.0,0.0,7.5,27.0,-3.404928748046602,-6.682548931412758
2026-02-10 06:00:00,15.0,65.0,0.0,5.3,28.0,-2.488199282765221,-4.679622242152313
2026-02-10 07:00:00,15.0,66.0,0.0,4.8,22.0,-1.798111648396379,-4.450482501920579
2026-02-10 08:00:00,17.0,64.0,0.0,5.6,6.0,-0.5853593942988587,-5.56932261406233
2026-02-10 09:00:00,19.1,56.0,0.0,4.9,350.0,0.8508760705679591,-4.82555798975982
2026-02-10 10:00:00,20.9,50.0,0.0,6.2,282.0,6.064515124549596,-1.289052483070108
2026-02-10 11:00:00,22.1,47.0,0.0,9.3,260.0,9.158712103013535,1.6149280523024523
2026-02-10 12:00:00,23.0,46.0,0.0,8.2,251.0,7.753252319914398,2.669658866548685
2026-02-10 13:00:00,23.4,47.0,0.0,6.9,256.0,6.695040511304376,1.6692610796377074
2026-02-10 14:00:00,23.9,45.0,0.0,7.2,252.0,6.8476069173251055,2.2249223594996215
2026-02-10 15:00:00,23.8,47.0,0.0,9.3,260.0,9.158712103013535,1.6149280523024523
2026-02-10 16:00:00,23.6,47.0,0.0,8.0,260.0,7.878462024097664,1.3891854213354426
2026-02-10 17:00:00,22.9,48.0,0.0,7.5,255.0,7.244443697168013,1.9411428382689055
2026-02-10 18:00:00,21.2,55.0,0.0,3.7,247.0,3.4058679577740296,1.445705175410313
2026-02-10 19:00:00,20.7,63.0,0.0,0.2,90.0,-0.2,2.4492935982947065e-17
2026-02-10 20:00:00,20.2,59.0,0.0,2.3,58.0,-1.9505106211597798,-1.218814307736371
2026-02-10 21:00:00,19.9,61.0,0.0,1.8,84.0,-1.790139411662892,-0.1881512338817763
2026-02-10 22:00:00,19.4,62.0,0.0,0.8,45.0,-0.5656854249492381,-0.565685424949238
2026-02-10 23:00:00,18.5,65.0,0.0,2.7,48.0,-2.0064910287889646,-1.8066526371689173
2026-02-11 00:00:00,17.6,69.0,0.0,4.1,49.0,-3.0943092789133653,-2.6898420188610785
2026-02-11 01:00:00,17.6,69.0,0.0,7.2,39.0,-4.531106815558832,-5.595450922490188
2026-02-11 02:00:00,17.5,68.0,0.0,7.0,32.0,-3.709434849632435,-5.936336673094981
2026-02-11 03:00:00,17.5,67.0,0.0,9.2,31.0,-4.738350289172501,-7.885939166459431
2026-02-11 04:00:00,17.3,66.0,0.0,8.1,28.0,-3.802719658565715,-7.151875502157308
2026-02-11 05:00:00,16.6,68.0,0.0,5.5,27.0,-2.496947748567508,-4.900535883036023
2026-02-11 06:00:00,16.1,68.0,0.0,4.9,28.0,-2.3004106576508647,-4.326443205008743
2026-02-11 07:00:00,16.8,64.0,0.0,5.9,18.0,-1.8232002668121907,-5.611233446141406
2026-02-11 08:00:00,19.4,57.0,0.0,10.1,356.0,0.7045403848156648,-10.075396907624224
2026-02-11 09:00:00,22.6,45.0,0.0,12.1,5.0,-1.0545844872466648,-12.053955846910121
2026-02-11 10:00:00,24.9,38.0,0.0,9.6,12.0,-1.9959522318504939,-9.390216967044534
2026-02-11 11:00:00,26.3,34.0,0.0,3.4,58.0,-2.8833635269318485,-1.8017254983928963
2026-02-11 12:00:00,26.9,34.0,0.0,5.0,167.0,-1.1247552717193252,4.871850323926176
2026-02-11 13:00:00,27.1,36.0,0.0,8.1,198.0,2.5030376544370743,7.703557781990743
2026-02-11 14:00:00,27.2,36.0,0.0,7.6,234.0,6.1485291572496,4.467167917422795
2026-02-11 15:00:00,26.7,41.0,0.0,10.2,249.0,9.522520350271456,3.6553530853620626
2026-02-11 16:00:00,25.7,48.0,0.0,11.4,255.0,11.01155441969538,2.9505371141687364
2026-02-11 17:00:00,24.6,56.0,0.0,9.5,255.0,9.176295349746148,2.458780928473947
2026-02-11 18:00:00,22.9,64.0,0.0,3.2,254.0,3.0760374270026207,0.8820395386143973
2026-02-11 19:00:00,22.0,66.0,0.0,3.6,9.0,-0.5631640741448317,-3.5556780261424956
2026-02-11 20:00:00,22.3,56.0,0.0,9.3,18.0,-2.8738580476870124,-8.844825601544928
2026-02-11 21:00:00,21.2,58.0,0.0,5.5,38.0,-3.3861381142911195,-4.334059144836972
2026-02-11 22:00:00,20.3,61.0,0.0,4.0,69.0,-3.734321705988807,-1.4334717981812017
2026-02-11 23:00:00,19.4,66.0,0.0,4.1,23.0,-1.6019976268060225,-3.7740698991550046
2026-02-12 00:00:00,19.1,67.0,0.0,8.0,6.0,-0.8362277061412269,-7.956175162946187
2026-02-12 01:00:00,18.2,71.0,0.0,8.3,18.0,-2.564841053312065,-7.893769085249775
2026-02-12 02:00:00,17.7,74.0,0.0,7.0,13.0,-1.5746573804070567,-6.820590453496646
2026-02-12 03:00:00,17.1,76.0,0.0,5.6,31.0,-2.884213219496305,-4.8001368839318275
2026-02-12 04:00:00,16.4,78.0,0.0,4.4,30.0,-2.200000000000002,-3.8105117766515293
2026-02-12 05:00:00,16.0,79.0,0.0,6.1,24.0,-2.4810935227623805,-5.572627291619866
2026-02-12 06:00:00,15.8,79.0,0.0,7.4,26.0,-3.2439464862391754,-6.651075942613835
2026-02-12 07:00:00,15.6,79.0,0.0,8.9,24.0,-3.619956123374621,-8.130554573019149
2026-02-12 08:00:00,18.3,68.0,0.0,6.5,360.0,3.9801020972288977e-16,-6.5
2026-02-12 09:00:00,21.2,62.0,0.0,4.8,323.0,2.888712111129832,-3.8334504482270053
2026-02-12 10:00:00,23.2,62.0,0.0,7.6,270.0,7.6,0.0
2026-02-12 11:00:00,24.5,55.0,0.0,11.6,252.0,11.03225558902378,3.58459713474939
2026-02-12 12:00:00,25.2,50.0,0.0,14.1,251.0,13.331811915950368,4.590510977845909
2026-02-12 13:00:00,24.8,51.0,0.0,14.9,249.0,13.910348354808306,5.339682448224974
2026-02-12 14:00:00,24.6,52.0,0.0,12.8,246.0,11.693381857825292,5.206229031370243
2026-02-12 15:00:00,24.6,52.0,0.0,9.7,230.0,7.430631098254086,6.23503981395943
2026-02-12 16:00:00,24.5,52.0,0.0,8.2,247.0,7.54813979831001,3.2039952536120446
2026-02-12 17:00:00,24.1,53.0,0.0,8.0,261.0,7.901506724761102,1.251475720321847
2026-02-12 18:00:00,22.9,59.0,0.0,6.4,254.0,6.1520748540052415,1.7640790772287946
2026-02-12 19:00:00,21.8,66.0,0.0,4.0,262.0,3.9610722749662814,0.5566924038402618
2026-02-12 20:00:00,21.8,68.0,0.0,0.5,360.0,3.061616997868383e-17,-0.5
2026-02-12 21:00:00,20.9,71.0,0.0,0.7000000000000001,90.0,-0.7000000000000001,8.572527594031473e-17
2026-02-12 22:00:00,19.7,76.0,0.0,1.6,90.0,-1.6,1.9594348786357652e-16
2026-02-12 23:00:00,19.1,75.0,0.0,2.2,85.0,-2.1916283358018402,-0.19174263404484748
2026-02-13 00:00:00,18.6,72.0,0.0,3.0,76.0,-2.9108871788279895,-0.7257656867990026
2026-02-13 01:00:00,18.3,72.0,0.0,3.7,61.0,-3.236092916415765,-1.7937955949114468
2026-02-13 02:00:00,17.7,73.0,0.0,3.3,41.0,-2.1649947956686737,-2.4905416147351476
2026-02-13 03:00:00,18.0,71.0,0.0,4.2,47.0,-3.0716855468005164,-2.8643931122624933
2026-02-13 04:00:00,17.5,72.0,0.0,5.0,38.0,-3.0783073766282905,-3.9400537680336107
2026-02-13 05:00:00,17.1,75.0,0.0,3.8,41.0,-2.4930243101639276,-2.8678964048465336
2026-02-13 06:00:00,17.2,74.0,0.0,4.5,34.0,-2.5163680656183596,-3.7306690764976884
2026-02-13 07:00:00,17.9,71.0,0.0,5.2,34.0,-2.907803098047882,-4.3109953772862175
2026-02-13 08:00:00,20.2,67.0,0.0,3.4,354.0,0.35539677511002177,-3.381374444252129
2026-02-13 09:00:00,22.6,63.0,0.0,2.8,310.0,2.1449244407331385,-1.7998053071223097
2026-02-13 10:00:00,24.1,60.0,0.0,6.7,243.0,5.969743712062065,3.0417363482549633
2026-02-13 11:00:00,25.1,56.0,0.0,10.7,241.0,9.358430866391533,5.187462936635806
2026-02-13 12:00:00,25.5,55.0,0.0,10.2,239.0,8.743106467161546,5.253388364082552
2026-02-13 13:00:00,25.5,55.0,0.0,7.8,251.0,7.375044889674672,2.5394316047658223
2026-02-13 14:00:00,25.8,54.0,0.0,10.9,258.0,10.661808847998483,2.266237429913577
2026-02-13 15:00:00,25.4,56.0,0.0,11.8,251.0,11.157119192071939,3.841704222594449
2026-02-13 16:00:00,24.8,57.0,0.0,10.2,239.0,8.743106467161546,5.253388364082552
2026-02-13 17:00:00,24.2,61.0,0.0,6.7,232.0,5.279672049165037,4.124931884681911
2026-02-13 18:00:00,23.1,67.0,0.0,4.2,245.0,3.80649270555393,1.7749966993109376
2026-02-13 19:00:00,22.5,71.0,0.0,1.8,307.0,1.437543918085127,-1.083267041673687
2026-02-13 20:00:00,22.4,70.0,0.0,2.6,25.0,-1.098807480525818,-2.35640024629529
2026-02-13 21:00:00,22.2,72.0,0.0,1.8,143.0,-1.0832670416736871,1.4375439180851268
2026-02-13 22:00:00,21.6,78.0,0.0,1.6,174.0,-0.1672455412282457,1.5912350325892373
2026-02-13 23:00:00,20.9,81.0,0.0,1.7000000000000002,49.0,-1.2830062863787128,-1.115300349283862
2026-02-14 00:00:00,20.1,78.0,0.0,5.9,45.0,-4.171930009000632,-4.17193000900063
2026-02-14 01:00:00,19.7,75.0,0.0,6.5,51.0,-5.05144874947031,-4.090582541823944
2026-02-14 02:00:00,18.4,81.0,0.0,3.5,62.0,-3.090316575006244,-1.643150469750618
2026-02-14 03:00:00,17.6,82.0,0.0,2.2,66.0,-2.0098000068137223,-0.8948206147667606
2026-02-14 04:00:00,17.6,80.0,0.0,5.1,32.0,-2.7025882475893455,-4.325045290397772
2026-02-14 05:00:00,17.2,81.0,0.0,5.8,30.0,-2.9000000000000026,-5.022947341949743
2026-02-14 06:00:00,16.7,80.0,0.0,5.0,44.0,-3.4732918522949863,-3.596699001693256
2026-02-14 07:00:00,17.4,74.0,0.0,4.8,48.0,-3.5670951622914924,-3.2118269105225195
2026-02-14 08:00:00,20.1,65.0,0.0,1.5,315.0,1.0606601717798214,-1.0606601717798212
2026-02-14 09:00:00,23.0,57.0,0.0,3.1,208.0,1.4553618446362617,2.737137537862673
2026-02-14 10:00:00,25.0,50.0,0.0,4.4,238.0,3.7314116230882743,2.3316447626261017
2026-02-14 11:00:00,26.1,47.0,0.0,10.9,220.0,7.006384945583279,8.34988442999686
2026-02-14 12:00:00,26.3,53.0,0.0,14.6,225.0,10.323759005323595,10.323759005323593
2026-02-14 13:00:00,27.1,53.0,0.0,16.2,230.0,12.409919978527443,10.413159276921935
2026-02-14 14:00:00,27.5,50.0,0.0,14.5,214.0,8.108297100325828,12.021044802048106
2026-02-14 15:00:00,27.6,49.0,0.0,14.3,217.0,8.605954831074293,11.420487793676289
2026-02-14 16:00:00,27.0,51.0,0.0,12.6,208.0,5.915341691102225,11.12513967002248
2026-02-14 17:00:00,26.3,53.0,0.0,9.1,197.0,2.6605825129769043,8.702373279263622
2026-02-14 18:00:00,24.7,62.0,0.0,4.5,187.0,0.5484120453231637,4.466457682385949
2026-02-14 19:00:00,23.2,71.0,0.0,2.7,132.0,-2.006491028788964,1.8066526371689176
2026-02-14 20:00:00,22.8,67.0,0.0,5.6,75.0,-5.4091846272187825,-1.4493866525741164
2026-02-14 21:00:00,22.7,64.0,0.0,9.1,39.0,-5.726815558553524,-7.072028249258432
2026-02-14 22:00:00,21.8,67.0,0.0,6.9,33.0,-3.758009341603686,-5.786826918823426
2026-02-14 23:00:00,20.3,72.0,0.0,3.1,69.0,-2.8940993221413254,-1.1109406435904314
2026-02-15 00:00:00,19.7,72.0,0.0,2.5,60.0,-2.1650635094610964,-1.2500000000000002
2026-02-15 01:00:00,19.7,71.0,0.0,4.5,50.0,-3.447199994035401,-2.892544243589427
2026-02-15 02:00:00,19.2,73.0,0.0,2.2,55.0,-1.802134497435782,-1.2618681599723016
2026-02-15 03:00:00,19.0,72.0,0.0,3.2,52.0,-2.521634411541511,-1.9701167210421062
2026-02-15 04:00:00,18.7,72.0,0.0,3.6,49.0,-2.7169544888019797,-2.3618125043658256
2026-02-15 05:00:00,18.7,70.0,0.0,4.1,45.0,-2.8991378028648453,-2.8991378028648445
2026-02-15 06:00:00,18.5,69.0,0.0,3.4,43.0,-2.318794424212495,-2.4866025855051794
2026-02-15 07:00:00,19.4,65.0,0.0,4.1,38.0,-2.524212048835198,-3.2308440897875603
2026-02-15 08:00:00,21.3,63.0,0.0,3.8,265.0,3.785539852748633,0.331191822441101
2026-02-15 09:00:00,24.0,54.0,0.0,2.9,248.0,2.6888331782436836,1.0863591209061447
2026-02-15 10:00:00,26.1,48.0,0.0,6.6,241.0,5.772490067120011,3.1997434936258244
2026-02-15 11:00:00,27.1,45.0,0.0,11.8,242.0,10.41878159573534,5.539764440873512
2026-02-15 12:00:00,27.6,46.0,0.0,14.7,246.0,13.429118227346232,5.979028653214263
2026-02-15 13:00:00,27.6,49.0,0.0,15.3,250.0,14.3772970980244,5.232908192882731
2026-02-15 14:00:00,27.3,51.0,0.0,10.9,237.0,9.141509190605122,5.936565481663796
2026-02-15 15:00:00,27.0,53.0,0.0,9.1,248.0,8.437373076557765,3.408920000084799
2026-02-15 16:00:00,26.5,57.0,0.0,8.5,265.0,8.467654933779837,0.7408238133550944
2026-02-15 17:00:00,25.7,60.0,0.0,8.2,285.0,7.92059177557036,-2.12231616984067
2026-02-15 18:00:00,24.7,64.0,0.0,3.7,321.0,2.328485446884399,-2.8754400573907923
2026-02-15 19:00:00,24.1,67.0,0.0,1.6,360.0,9.797174393178826e-17,-1.6
2026-02-15 20:00:00,24.1,68.0,0.0,4.1,15.0,-1.0611580849203346,-3.96029588778518
2026-02-15 21:00:00,23.8,69.0,0.0,3.2,47.0,-2.3403318451813457,-2.1823947521999947
2026-02-15 22:00:00,23.4,70.0,0.0,3.0,38.0,-1.846984425976974,-2.3640322608201663
2026-02-15 23:00:00,22.8,72.0,0.0,3.4,47.0,-2.48660258550518,-2.3187944242124945
2026-02-16 00:00:00,22.3,74.0,0.0,2.7,42.0,-1.806652637168917,-2.006491028788965
2026-02-16 01:00:00,21.5,78.0,0.0,3.6,27.0,-1.634365799062369,-3.207623487078124
2026-02-16 02:00:00,21.8,77.0,0.0,4.8,31.0,-2.4721827595682613,-4.114403043370138
2026-02-16 03:00:00,21.1,79.0,0.0,3.7,23.0,-1.4457051754103132,-3.405867957774029
2026-02-16 04:00:00,20.4,83.0,0.0,3.8,355.0,0.3311918224411009,-3.785539852748633
2026-02-16 05:00:00,20.2,84.0,0.0,2.4,17.0,-0.701692091334569,-2.295131414311285
2026-02-16 06:00:00,20.1,83.0,0.0,2.9,43.0,-1.9777952441812459,-2.1209257346955943
2026-02-16 07:00:00,20.5,80.0,0.0,2.3,61.0,-2.01162532642061,-1.115062126566575
2026-02-16 08:00:00,22.9,70.0,0.0,3.1,347.0,0.6973482684659813,-3.0205472008342293
2026-02-16 09:00:00,25.1,57.0,0.0,3.1,347.0,0.6973482684659813,-3.0205472008342293
2026-02-16 10:00:00,26.8,50.0,0.0,2.4,306.0,1.9416407864998737,-1.4106846055019355
2026-02-16 11:00:00,28.1,45.0,0.0,4.1,247.0,3.774069899155005,1.6019976268060223
2026-02-16 12:00:00,28.4,47.0,0.0,8.9,236.0,7.378434395739871,4.976816840889648
2026-02-16 13:00:00,28.3,51.0,0.0,10.9,230.0,8.34988442999686,7.006384945583278
2026-02-16 14:00:00,28.9,50.0,0.0,9.4,244.0,8.44866403521217,4.1206887798173275
2026-02-16 15:00:00,27.9,58.0,0.0,12.4,237.0,10.399515042523259,6.753524034186336
2026-02-16 16:00:00,26.7,63.0,0.0,10.5,235.0,8.601096465034415,6.022552581685984
2026-02-16 17:00:00,25.4,69.0,0.0,6.7,199.0,2.1813066348629504,6.334974456515423
2026-02-16 18:00:00,24.1,77.0,0.0,6.9,157.0,-2.6960447865759893,6.351483488821838
2026-02-16 19:00:00,23.7,78.0,0.0,7.0,122.0,-5.936336673094981,3.7094348496324345
2026-02-16 20:00:00,23.3,82.0,0.0,2.7,70.0,-2.537170076121953,-0.9234543869793055
2026-02-16 21:00:00,22.9,78.0,0.0,3.2,27.0,-1.4527695991665501,-2.851220877402777
2026-02-16 22:00:00,22.3,69.0,0.0,9.5,349.0,1.8126854560771768,-9.325458242752807
2026-02-16 23:00:00,21.1,72.0,0.0,12.0,348.0,2.4949402898131137,-11.737771208805666
2026-02-17 00:00:00,20.5,76.0,0.0,11.9,355.0,1.0371533386971319,-11.854716907291772
2026-02-17 01:00:00,20.0,79.0,0.0,12.1,355.0,1.0545844872466634,-12.053955846910121
2026-02-17 02:00:00,19.3,81.0,0.0,11.6,354.0,1.21253017390478,-11.53645398627197
2026-02-17 03:00:00,19.1,82.0,0.0,10.3,354.0,1.0766431716568308,-10.243575522293215
2026-02-17 04:00:00,18.3,84.0,0.0,13.3,357.0,0.6960682180311548,-13.281772812235833
2026-02-17 05:00:00,17.3,88.0,0.0,12.3,3.0,-0.643732261788215,-12.283143277481258
2026-02-17 06:00:00,16.9,89.0,0.0,12.6,358.0,0.4397336584515136,-12.592324420440606
2026-02-17 07:00:00,16.8,86.0,0.0,13.0,360.0,7.960204194457795e-16,-13.0
2026-02-17 08:00:00,18.5,79.0,0.0,9.1,353.0,1.1090110249868421,-9.032169979936029
2026-02-17 09:00:00,21.2,67.0,0.0,6.9,330.0,3.450000000000001,-5.975575286112627
2026-02-17 10:00:00,23.6,62.0,0.0,7.2,257.0,7.015464466453694,1.6196475912758281
2026-02-17 11:00:00,24.6,59.0,0.0,14.5,253.0,13.866418961464014,4.239389718479683
2026-02-17 12:00:00,25.4,54.0,0.0,14.8,264.0,14.718924051450445,1.5470212563612715
2026-02-17 13:00:00,25.9,49.0,0.0,13.3,262.0,13.170565314262886,1.8510022427688704
2026-02-17 14:00:00,26.2,48.0,0.0,12.0,256.0,11.643548715311958,2.903062747196013
2026-02-17 15:00:00,25.9,51.0,0.0,13.2,255.0,12.7502209070157,3.4164113953532738
2026-02-17 16:00:00,25.2,55.0,0.0,13.3,254.0,12.784780555979642,3.665976832366089
2026-02-17 17:00:00,24.2,59.0,0.0,12.4,257.0,12.082188803336917,2.789393073863926
2026-02-17 18:00:00,23.1,64.0,0.0,10.1,269.0,10.098461721079552,0.17626930501656346
2026-02-17 19:00:00,22.6,67.0,0.0,7.1,285.0,6.858073366652385,-1.8376152202278973
2026-02-17 20:00:00,22.4,70.0,0.0,2.3,302.0,1.9505106211597796,-1.2188143077363711
2026-02-17 21:00:00,22.3,70.0,0.0,1.5,315.0,1.0606601717798214,-1.0606601717798212
2026-02-17 22:00:00,21.7,66.0,0.0,7.0,337.0,2.735117899424916,-6.4435339741670825
2026-02-17 23:00:00,20.3,64.0,0.0,14.1,350.0,2.4484393051037188,-13.885789317472133
2026-02-18 00:00:00,19.2,68.0,0.0,11.5,2.0,-0.40134421207875876,-11.492994510719601
2026-02-18 01:00:00,18.6,69.0,0.0,10.2,353.0,1.2430673027325043,-10.123970746741483
2026-02-18 02:00:00,18.3,70.0,0.0,10.5,352.0,1.4613175600806874,-10.397814721786489
2026-02-18 03:00:00,17.7,71.0,0.0,12.6,357.0,0.659433048661094,-12.58273213790763
2026-02-18 04:00:00,17.3,72.0,0.0,10.8,359.0,0.18848598952266288,-10.798355107689027
2026-02-18 05:00:00,17.1,72.0,0.0,8.3,4.0,-0.5789787320762424,-8.27978161715654
2026-02-18 06:00:00,17.0,73.0,0.0,5.8,7.0,-0.7068421917498535,-5.756767679519668
2026-02-18 07:00:00,17.3,72.0,0.0,8.0,351.0,1.2514757203218474,-7.901506724761102
2026-02-18 08:00:00,18.5,69.0,0.0,7.9,344.0,2.1775351109542935,-7.59396739791272
2026-02-18 09:00:00,20.4,64.0,0.0,5.5,333.0,2.4969477485675076,-4.900535883036023
2026-02-18 10:00:00,22.3,62.0,0.0,7.2,257.0,7.015464466453694,1.6196475912758281
2026-02-18 11:00:00,23.6,58.0,0.0,13.5,254.0,12.977032895167305,3.7211043035294886
2026-02-18 12:00:00,24.3,54.0,0.0,14.1,259.0,13.840943286612061,2.6904068348092816
2026-02-18 13:00:00,24.5,52.0,0.0,13.2,256.0,12.807903586843153,3.193369021915614
2026-02-18 14:00:00,24.7,52.0,0.0,13.6,244.0,12.223599029668671,5.961847596331452
2026-02-18 15:00:00,23.7,57.0,0.0,12.4,246.0,11.32796367476825,5.043534374139923
2026-02-18 16:00:00,23.7,58.0,0.0,9.1,249.0,8.495581881124535,3.261148340862232
2026-02-18 17:00:00,23.1,61.0,0.0,7.3,218.0,4.494328769877305,5.752478501329071
2026-02-18 18:00:00,22.3,65.0,0.0,7.9,210.0,3.950000000000001,6.841600689897065
2026-02-18 19:00:00,21.9,66.0,0.0,6.8,217.0,4.0923421574339285,5.430721468321591
2026-02-18 20:00:00,22.2,66.0,0.0,6.7,200.0,2.291534960281981,6.295940559265586
2026-02-18 21:00:00,21.8,67.0,0.0,5.9,225.0,4.171930009000631,4.17193000900063
2026-02-18 22:00:00,21.0,71.0,0.0,5.2,286.0,4.998560818879258,-1.4333142502483958
2026-02-18 23:00:00,20.7,64.0,0.0,8.9,331.0,4.3148056201924,-7.784115393540622
2026-02-19 00:00:00,19.4,61.0,0.0,9.8,340.0,3.351797404591555,-9.208987683701903
2026-02-19 01:00:00,18.5,62.0,0.0,10.0,352.0,1.3917310096006545,-9.902680687415703
2026-02-19 02:00:00,18.6,61.0,0.0,8.1,347.0,1.8221035401853058,-7.892397524760405
2026-02-19 03:00:00,18.1,62.0,0.0,8.0,346.0,1.9353751647973414,-7.762365810207972
2026-02-19 04:00:00,17.6,64.0,0.0,8.8,356.0,0.6138569689483021,-8.778563642286453
2026-02-19 05:00:00,17.2,65.0,0.0,8.1,13.0,-1.8221035401853085,-7.892397524760404
2026-02-19 06:00:00,16.8,67.0,0.0,8.3,13.0,-1.8670937510540817,-8.087271537717452
2026-02-19 07:00:00,16.8,68.0,0.0,9.0,15.0,-2.3293714059226858,-8.693332436601615
2026-02-19 08:00:00,18.7,64.0,0.0,8.9,354.0,0.9303033230821158,-8.851244868777632
2026-02-19 09:00:00,21.0,58.0,0.0,6.3,353.0,0.7677768634524291,-6.253040755340328
2026-02-19 10:00:00,22.7,54.0,0.0,3.5,261.0,3.456909192082982,0.547520627640808
2026-02-19 11:00:00,23.4,53.0,0.0,12.2,233.0,9.743353222576973,7.342143282454988
2026-02-19 12:00:00,23.8,50.0,0.0,16.0,235.0,13.106432708623869,9.177222981616737
2026-02-19 13:00:00,24.1,50.0,0.0,15.5,241.0,13.556605460660634,7.514549113818225
2026-02-19 14:00:00,23.6,53.0,0.0,14.8,257.0,14.420676958821483,3.329275604289202
2026-02-19 15:00:00,24.0,54.0,0.0,13.3,268.0,13.291897999353974,0.4641633061432629
2026-02-19 16:00:00,23.6,55.0,0.0,11.9,270.0,11.9,0.0
2026-02-19 17:00:00,22.7,58.0,0.0,8.3,284.0,8.053454528090771,-2.0079517334772423
2026-02-19 18:00:00,21.9,61.0,0.1,1.9,331.0,0.9211382784680405,-1.6617774435648518
2026-02-19 19:00:00,21.5,62.0,0.0,4.0,144.0,-2.351141009169892,3.23606797749979
2026-02-19 20:00:00,20.9,67.0,0.0,6.4,58.0,-5.427507815401127,-3.391483291092511
2026-02-19 21:00:00,20.1,70.0,0.0,3.7,55.0,-3.03086256386927,-2.122232814498871
2026-02-19 22:00:00,19.8,72.0,0.0,2.3,29.0,-1.1150621265665746,-2.0116253264206105
2026-02-19 23:00:00,19.3,75.0,0.0,4.2,353.0,0.5118512423016195,-4.168693836893553
2026-02-20 00:00:00,19.0,77.0,0.0,10.1,5.0,-0.8802730017513483,-10.06156645072663
2026-02-20 01:00:00,18.1,80.0,0.0,9.8,18.0,-3.0283665448744865,-9.320353859692505
2026-02-20 02:00:00,17.8,82.0,0.0,6.9,7.0,-0.8408984694955155,-6.848568446325123
2026-02-20 03:00:00,17.6,82.0,0.0,7.3,17.0,-2.1343134444759806,-6.981024718530158
2026-02-20 04:00:00,17.4,81.0,0.0,8.4,20.0,-2.872969203935616,-7.8934180146016315
2026-02-20 05:00:00,17.4,80.0,0.0,11.4,4.0,-0.7952238006830317,-11.372230172961997
2026-02-20 06:00:00,17.2,81.0,0.0,11.8,353.0,1.4380582521807406,-11.7120445893676
2026-02-20 07:00:00,17.3,79.0,0.0,12.2,352.0,1.6979118317127986,-12.081270438647158
2026-02-20 08:00:00,19.7,66.0,0.0,11.6,355.0,1.0110066158728344,-11.555858497864248
2026-02-20 09:00:00,22.7,51.0,0.0,13.1,360.0,8.021436534415163e-16,-13.1
2026-02-20 10:00:00,24.9,43.0,0.0,12.5,353.0,1.5233667925643437,-12.406826895516526
2026-02-20 11:00:00,26.4,39.0,0.0,12.6,331.0,6.108601215103848,-11.020208309956386
2026-02-20 12:00:00,27.2,37.0,0.0,14.3,312.0,10.626971004326737,-9.568567670931673
2026-02-20 13:00:00,26.8,39.0,0.0,18.3,309.0,14.221771094662568,-11.516563156212024
2026-02-20 14:00:00,26.1,42.0,0.0,19.3,312.0,14.34269513171371,-12.914220702725965
2026-02-20 15:00:00,25.6,45.0,0.0,18.7,300.0,16.194675050769003,-9.349999999999998
2026-02-20 16:00:00,25.1,47.0,0.0,17.2,300.0,14.895636945092345,-8.599999999999998
2026-02-20 17:00:00,23.9,52.0,0.0,17.1,303.0,14.341266711866753,-9.313327498756964
2026-02-20 18:00:00,22.9,55.0,0.0,13.9,319.0,9.119220502968052,-10.490463165096532
2026-02-20 19:00:00,22.2,53.0,0.0,10.8,356.0,0.7533699164365526,-10.773691742806102
2026-02-20 20:00:00,21.8,54.0,0.0,6.5,24.0,-2.6437881799927005,-5.9380454746769065
2026-02-20 21:00:00,20.3,60.0,0.0,3.7,47.0,-2.7060086959909313,-2.523393932231244
2026-02-20 22:00:00,19.9,62.0,0.0,3.8,25.0,-1.6059493946146568,-3.44396959073927
2026-02-20 23:00:00,19.2,65.0,0.0,4.4,12.0,-0.9148114395981432,-4.303849443228745
2026-02-21 00:00:00,18.6,69.0,0.0,4.1,29.0,-1.987719443009981,-3.585940799271523
2026-02-21 01:00:00,18.4,71.0,0.0,5.0,30.0,-2.500000000000002,-4.330127018922192
2026-02-21 02:00:00,17.9,72.0,0.0,5.6,27.0,-2.5423467985414625,-4.989636535454859
2026-02-21 03:00:00,17.9,73.0,0.0,5.3,45.0,-3.7476659402887025,-3.7476659402887016
2026-02-21 04:00:00,17.8,74.0,0.0,4.7,43.0,-3.2053922922937437,-3.437362397610101
2026-02-21 05:00:00,17.3,76.0,0.0,3.8,45.0,-2.687005768508881,-2.68700576850888
2026-02-21 06:00:00,17.3,75.0,0.0,2.7,28.0,-1.2675732195219052,-2.383958500719103
2026-02-21 07:00:00,17.9,73.0,0.0,3.5,21.0,-1.2542878234085526,-3.267531492740206
2026-02-21 08:00:00,20.3,65.0,0.0,4.9,4.0,-0.34180672134621537,-4.8880638462731385
2026-02-21 09:00:00,22.9,56.0,0.0,3.5,336.0,1.4235782507653008,-3.197409101749103
2026-02-21 10:00:00,24.6,50.0,0.0,3.8,281.0,3.730183297101123,-0.7250741824308702
2026-02-21 11:00:00,25.4,49.0,0.0,6.8,241.0,5.947414008547891,3.296705417675092
2026-02-21 12:00:00,25.7,50.0,0.0,10.3,221.0,6.7574079986022255,7.7735086762945524
2026-02-21 13:00:00,25.5,52.0,0.0,12.2,224.0,8.474832119599766,8.775945564131543
2026-02-21 14:00:00,25.5,53.0,0.0,10.6,238.0,8.989309819258114,5.617144200871972
2026-02-21 15:00:00,25.3,54.0,0.0,9.6,230.0,7.354026653942189,6.170761052990777
2026-02-21 16:00:00,24.7,57.0,0.0,7.6,225.0,5.374011537017761,5.37401153701776
2026-02-21 17:00:00,24.1,59.0,0.0,6.3,217.0,3.7914346458579047,5.031403713297944
2026-02-21 18:00:00,22.8,66.0,0.0,3.3,202.0,1.2362017582725093,3.0597067200703982
2026-02-21 19:00:00,22.0,72.0,0.0,1.1,171.0,-0.17207791154425392,1.0864571746546516
2026-02-21 20:00:00,22.0,74.0,0.0,1.7000000000000002,32.0,-0.9008627491964486,-1.4416817634659242
2026-02-21 21:00:00,21.3,75.0,0.0,3.6,37.0,-2.166534083347374,-2.875087836170254
2026-02-21 22:00:00,20.9,75.0,0.0,2.2,48.0,-1.6349186160502676,-1.4720873339894882
2026-02-21 23:00:00,20.1,78.0,0.0,2.4,63.0,-2.138415658052083,-1.089577199374912
2026-02-22 00:00:00,19.2,80.0,0.0,3.0,73.0,-2.868914267889106,-0.8771151141682103
2026-02-22 01:00:00,18.9,80.0,0.0,4.7,50.0,-3.6004088826591967,-3.0211017655267347
2026-02-22 02:00:00,18.8,79.0,0.0,4.4,63.0,-3.9204287064288192,-1.9975581988540057
2026-02-22 03:00:00,18.7,80.0,0.0,8.4,47.0,-6.143371093601033,-5.7287862245249865
2026-02-22 04:00:00,18.6,80.0,0.0,6.4,25.0,-2.704756875140475,-5.800369837034561
2026-02-22 05:00:00,18.4,80.0,0.0,7.3,9.0,-1.1419715947936866,-7.210124886344505
2026-02-22 06:00:00,18.4,78.0,0.0,6.4,11.0,-1.2211775704098855,-6.28241397406505
2026-02-22 07:00:00,19.2,73.0,0.0,6.8,11.0,-1.2975011685605033,-6.675064847444115
2026-02-22 08:00:00,21.8,62.0,0.0,12.5,356.0,0.8719559218015654,-12.469550628247802
2026-02-22 09:00:00,24.7,52.0,0.0,13.1,352.0,1.8231676225768576,-12.972511700514572
2026-02-22 10:00:00,27.0,48.0,0.0,12.3,342.0,3.800909030811854,-11.697995150430389
2026-02-22 11:00:00,28.6,44.0,0.0,9.3,332.0,4.366085533908786,-8.21141261358802
2026-02-22 12:00:00,29.4,41.0,0.0,8.9,298.0,7.858233576444451,-4.178296908794429
2026-02-22 13:00:00,29.4,42.0,0.0,14.1,280.0,13.885789317472133,-2.4484393051037174
2026-02-22 14:00:00,28.9,45.0,0.0,20.4,286.0,19.609738597141703,-5.623002058666782
2026-02-22 15:00:00,27.8,48.0,0.0,21.7,289.0,20.517753090505174,-7.0648289517203
2026-02-22 16:00:00,27.0,48.0,0.0,18.9,292.0,17.523774851312282,-7.080064615560737
2026-02-22 17:00:00,26.1,52.0,0.0,13.3,283.0,12.959121861643629,-2.9918490227734047
2026-02-22 18:00:00,25.0,58.0,0.0,4.3,268.0,4.2973805561821115,0.15006783582075417
2026-02-22 19:00:00,24.0,64.0,0.0,2.2,156.0,-0.8948206147667607,2.0098000068137223
2026-02-22 20:00:00,23.5,67.0,0.0,4.3,175.0,-0.3747696938149304,4.283637201794505
2026-02-22 21:00:00,23.4,72.0,0.0,6.7,182.0,0.23382662790675723,6.695918541027941
2026-02-22 22:00:00,22.5,80.0,0.0,2.8,191.0,0.5342651870543257,2.748556113653459
2026-02-22 23:00:00,22.0,82.0,0.0,0.6000000000000001,72.0,-0.5706339097770923,-0.1854101966249684
2026-02-23 00:00:00,21.2,83.0,0.0,1.2,51.0,-0.9325751537483649,-0.7551844692598051
2026-02-23 01:00:00,20.3,82.0,0.0,2.6,65.0,-2.35640024629529,-1.0988074805258181
2026-02-23 02:00:00,20.3,80.0,0.0,1.7000000000000002,72.0,-1.6167960777017614,-0.5253288904374105
2026-02-23 03:00:00,19.7,78.0,0.0,2.2,81.0,-2.1729143493093033,-0.3441558230885076
2026-02-23 04:00:00,19.3,75.0,0.0,3.1,59.0,-2.6572186321765483,-1.5966180322211678
2026-02-23 05:00:00,19.2,74.0,0.0,3.6,57.0,-3.0192140446035265,-1.9607005260540975
2026-02-23 06:00:00,18.8,75.0,0.0,2.4,73.0,-2.295131414311285,-0.7016920913345682
2026-02-23 07:00:00,19.8,71.0,0.0,1.5,60.0,-1.299038105676658,-0.7500000000000002
2026-02-23 08:00:00,23.1,61.0,0.0,3.5,219.0,2.202621368674431,2.720010865099398
2026-02-23 09:00:00,25.1,62.0,0.0,11.4,258.0,11.150882648365386,2.3701932753224564
2026-02-23 10:00:00,26.3,57.0,0.0,15.2,260.0,14.969077845785561,2.6394523005373407
2026-02-23 11:00:00,26.9,54.0,0.0,20.2,262.0,20.00341498857972,2.811296639393322
2026-02-23 12:00:00,27.1,56.0,0.0,22.8,264.0,22.67509921439663,2.383248962502499
2026-02-23 13:00:00,27.4,56.0,0.0,17.6,269.0,17.59731943475249,0.30716235329618985
2026-02-23 14:00:00,25.8,63.0,0.1,20.2,270.0,20.2,0.0
2026-02-23 15:00:00,25.8,63.0,0.3,13.7,293.0,12.610916492298433,-5.35301646030305
2026-02-23 16:00:00,26.0,60.0,0.0,14.0,279.0,13.827636768331928,-2.190082510563232
2026-02-23 17:00:00,25.3,62.0,0.0,11.4,264.0,11.337549607198316,1.1916244812512495
2026-02-23 18:00:00,24.4,66.0,0.0,10.6,249.0,9.895952520870338,3.798700265180183
2026-02-23 19:00:00,23.9,70.0,0.0,7.8,255.0,7.534221445054732,2.0187885517996618
2026-02-23 20:00:00,23.7,71.0,0.0,4.3,275.0,4.283637201794505,-0.3747696938149301
2026-02-23 21:00:00,23.6,73.0,0.0,6.3,290.0,5.9200635109512225,-2.1547269029517127
2026-02-23 22:00:00,23.1,74.0,0.0,4.1,322.0,2.524212048835199,-3.23084408978756
2026-02-23 23:00:00,22.6,75.0,0.0,2.1,255.0,2.0284442352070435,0.5435199947152936
2026-02-24 00:00:00,22.8,77.0,0.0,9.4,216.0,5.525181371549247,7.604759747124507
2026-02-24 01:00:00,22.0,79.0,0.0,3.4,223.0,2.318794424212495,2.4866025855051794
2026-02-24 02:00:00,22.1,80.0,0.0,10.1,24.0,-4.108040095065581,-9.22680912219027
2026-02-24 03:00:00,20.8,84.0,0.0,12.2,9.0,-1.9085004734908184,-12.049797755260679
2026-02-24 04:00:00,20.5,85.0,0.0,7.9,24.0,-3.2132194802988208,-7.217009115376548
2026-02-24 05:00:00,20.3,86.0,0.0,2.7,8.0,-0.37576737259217774,-2.67372378560224
2026-02-24 06:00:00,20.3,87.0,0.0,2.1,345.0,0.5435199947152936,-2.0284442352070435
2026-02-24 07:00:00,20.5,86.0,0.0,4.5,326.0,2.5163680656183605,-3.730669076497688
2026-02-24 08:00:00,22.1,77.0,0.0,1.8,45.0,-1.272792206135786,-1.2727922061357855
2026-02-24 09:00:00,23.1,73.0,0.0,5.8,240.0,5.022947341949744,2.8999999999999995
2026-02-24 10:00:00,24.7,67.0,0.0,5.9,235.0,4.8329970613050515,3.384100974471172
2026-02-24 11:00:00,27.9,53.0,0.0,9.2,203.0,3.594726382101318,8.468644651762451
2026-02-24 12:00:00,27.8,52.0,0.0,13.8,187.0,1.6817969389910354,13.697136892650244
2026-02-24 13:00:00,28.2,52.0,0.0,15.5,189.0,2.424734208123579,15.309169279224635
2026-02-24 14:00:00,28.3,54.0,0.0,20.2,196.0,5.567874587503383,19.417486257954042
2026-02-24 15:00:00,28.2,54.0,0.0,17.9,198.0,5.531404199311559,17.023911641683245
2026-02-24 16:00:00,27.4,58.0,0.0,16.9,202.0,6.330851428728912,15.669407142178706
2026-02-24 17:00:00,26.3,65.0,0.0,15.3,202.0,5.7314808792634535,14.185912974871849
2026-02-24 18:00:00,25.4,73.0,0.0,6.3,235.0,5.160657879020648,3.61353154901159
2026-02-24 19:00:00,25.1,75.0,0.1,4.3,318.0,2.8772616073430903,-3.195522749552795
2026-02-24 20:00:00,24.4,75.0,0.1,10.3,360.0,6.30693101560887e-16,-10.3
2026-02-24 21:00:00,23.8,76.0,0.0,7.8,22.0,-2.921931428644116,-7.232034065620941
2026-02-24 22:00:00,23.2,77.0,0.0,4.2,50.0,-3.2173866610997077,-2.699707960683465
2026-02-24 23:00:00,22.9,77.0,0.0,3.5,24.0,-1.4235782507653003,-3.1974091017491033
2026-02-25 00:00:00,22.3,79.0,0.0,3.4,25.0,-1.436902089918377,-3.08144647592461
2026-02-25 01:00:00,22.4,77.0,0.0,5.8,30.0,-2.9000000000000026,-5.022947341949743
2026-02-25 02:00:00,22.3,81.0,0.0,6.4,22.0,-2.3974821978618386,-5.933976669227439
2026-02-25 03:00:00,22.4,81.0,0.0,9.7,15.0,-2.51054473749445,-9.369480515003962
2026-02-25 04:00:00,21.8,82.0,0.0,8.3,2.0,-0.28966582263075635,-8.294943864258496
2026-02-25 05:00:00,21.4,82.0,0.0,7.1,353.0,0.8652723381765471,-7.047077676653386
2026-02-25 06:00:00,21.0,83.0,0.0,6.5,358.0,0.226846728566257,-6.496040375624123
2026-02-25 07:00:00,21.2,81.0,0.0,9.5,351.0,1.4861274178821937,-9.38303923565381
2026-02-25 08:00:00,22.7,73.0,0.0,7.8,341.0,2.5394316047658227,-7.375044889674671
2026-02-25 09:00:00,25.0,62.0,0.0,7.5,343.0,2.192787785420526,-7.172285669722766
2026-02-25 10:00:00,26.7,54.0,0.0,4.2,282.0,4.108219923081984,-0.8732291014345893
2026-02-25 11:00:00,27.9,50.0,0.0,9.4,223.0,6.410784584587486,6.874724795220202
2026-02-25 12:00:00,27.7,55.0,0.0,15.4,217.0,9.267951356541545,12.29898685472831
2026-02-25 13:00:00,27.6,57.0,0.0,14.3,239.0,12.257492400040206,7.365044471213775
2026-02-25 14:00:00,27.4,58.0,0.0,10.7,239.0,9.171690117512602,5.510907401537579
2026-02-25 15:00:00,27.3,57.0,0.0,13.9,259.0,13.644617849922529,2.652245035733973
2026-02-25 16:00:00,27.0,56.0,0.0,13.1,278.0,12.972511700514572,-1.8231676225768572
2026-02-25 17:00:00,26.8,56.0,0.0,6.9,275.0,6.873743416833045,-0.6013746249588414
2026-02-25 18:00:00,26.2,59.0,0.0,5.4,233.0,4.312631754255381,3.2498011250210608
2026-02-25 19:00:00,25.6,63.0,0.0,8.0,216.0,4.702282018339785,6.47213595499958
2026-02-25 20:00:00,25.6,66.0,0.0,5.5,207.0,2.4969477485675076,4.900535883036023
2026-02-25 21:00:00,25.2,69.0,0.0,7.0,212.0,3.7094348496324345,5.936336673094981
2026-02-25 22:00:00,24.5,74.0,0.0,6.3,215.0,3.613531549011591,5.160657879020648
2026-02-25 23:00:00,23.8,79.0,0.0,4.4,249.0,4.107753876587688,1.5768189779993214
2026-02-26 00:00:00,23.3,81.0,0.0,2.3,342.0,0.7107390870623791,-2.1874299874788528
2026-02-26 01:00:00,22.4,82.0,0.0,3.0,33.0,-1.633917105045081,-2.516011703836272
2026-02-26 02:00:00,21.5,82.0,0.0,3.3,45.0,-2.333452377915607,-2.3334523779156067
2026-02-26 03:00:00,21.5,78.0,0.0,3.9,62.0,-3.443495612149815,-1.8309390948649744
2026-02-26 04:00:00,20.9,78.0,0.0,2.7,62.0,-2.383958500719103,-1.2675732195219054
2026-02-26 05:00:00,20.6,79.0,0.0,2.7,48.0,-2.0064910287889646,-1.8066526371689173
2026-02-26 06:00:00,20.3,78.0,0.0,2.7,48.0,-2.0064910287889646,-1.8066526371689173
2026-02-26 07:00:00,21.4,73.0,0.0,3.4,43.0,-2.318794424212495,-2.4866025855051794
2026-02-26 08:00:00,23.4,68.0,0.0,1.0,59.0,-0.8571673007021123,-0.5150380749100542
2026-02-26 09:00:00,25.4,64.0,0.0,5.2,196.0,1.4333142502483958,4.998560818879258
2026-02-26 10:00:00,26.3,62.0,0.0,11.5,219.0,7.237184497073131,8.937178556755166
2026-02-26 11:00:00,26.6,61.0,0.0,13.6,244.0,12.223599029668671,5.961847596331452
2026-02-26 12:00:00,27.2,58.0,0.0,12.0,261.0,11.852260087141653,1.8772135804827705
2026-02-26 13:00:00,27.3,58.0,0.0,12.1,252.0,11.507783847171357,3.739105631936863
2026-02-26 14:00:00,27.1,57.0,0.0,9.1,248.0,8.437373076557765,3.408920000084799
2026-02-26 15:00:00,26.8,59.0,0.0,9.2,239.0,7.8859391664594325,4.738350289172498
2026-02-26 16:00:00,26.2,61.0,0.0,7.7,240.0,6.668395609140179,3.8499999999999996
2026-02-26 17:00:00,25.5,64.0,0.0,6.1,230.0,4.6728711030257655,3.921004419087889
2026-02-26 18:00:00,24.5,70.0,0.0,4.6,239.0,3.9429695832297162,2.369175144586249
2026-02-26 19:00:00,23.9,74.0,0.0,1.9,241.0,1.6617774435648518,0.9211382784680404
2026-02-26 20:00:00,24.4,71.0,0.0,6.0,335.0,2.5357095704441965,-5.437846722219899
2026-02-26 21:00:00,24.2,70.0,0.0,8.5,5.0,-0.7408238133550951,-8.467654933779837
2026-02-26 22:00:00,24.2,69.0,0.0,7.8,22.0,-2.921931428644116,-7.232034065620941
2026-02-26 23:00:00,23.8,69.0,0.0,7.5,27.0,-3.404928748046602,-6.682548931412758
2026-02-27 00:00:00,23.1,72.0,0.0,4.9,6.0,-0.5121894700115015,-4.87315728730454
2026-02-27 01:00:00,22.8,73.0,0.0,5.2,344.0,1.4333142502483958,-4.998560818879258
2026-02-27 02:00:00,22.4,75.0,0.0,9.0,360.0,5.51091059616309e-16,-9.0
2026-02-27 03:00:00,22.4,75.0,0.0,10.0,351.0,1.5643446504023093,-9.876883405951379
2026-02-27 04:00:00,22.0,77.0,0.0,11.8,343.0,3.449986115728294,-11.28439612036382
2026-02-27 05:00:00,21.2,79.0,0.0,13.0,3.0,-0.680367431158276,-12.98218395180946
2026-02-27 06:00:00,21.1,78.0,0.0,12.8,351.0,2.002361152514956,-12.642410759617764
2026-02-27 07:00:00,21.6,77.0,0.0,13.4,348.0,2.786016656957977,-13.107177849832995
2026-02-27 08:00:00,23.9,65.0,0.0,12.3,330.0,6.150000000000002,-10.652112466548596
2026-02-27 09:00:00,26.1,58.0,0.0,10.1,316.0,7.016049541635872,-7.265331983420376
2026-02-27 10:00:00,28.2,52.0,0.0,14.1,337.0,5.509308911698759,-12.979118433679409
2026-02-27 11:00:00,29.7,46.0,0.0,12.8,329.0,6.592487358848693,-10.97174144898704
2026-02-27 12:00:00,30.2,43.0,0.0,11.9,300.0,10.30570230503482,-5.949999999999999
2026-02-27 13:00:00,30.4,44.0,0.0,14.0,290.0,13.155696691002717,-4.788282006559362
2026-02-27 14:00:00,30.6,44.0,0.0,15.5,288.0,14.74137600257488,-4.789763412811685
2026-02-27 15:00:00,30.2,45.0,0.0,17.8,288.0,16.928805990053732,-5.500502499874064
2026-02-27 16:00:00,30.1,34.0,0.0,19.7,324.0,11.579369470161721,-15.937634789186465
2026-02-27 17:00:00,28.6,37.0,0.0,18.0,338.0,6.742918681486415,-16.689309382202175
2026-02-27 18:00:00,27.0,43.0,0.0,15.0,355.0,1.307336141214872,-14.942920471376183
2026-02-27 19:00:00,25.4,50.0,0.0,13.0,359.0,0.22688128368468677,-12.998020037033086
2026-02-27 20:00:00,25.5,53.0,0.0,12.3,353.0,1.4989929238833142,-12.208317665188261
2026-02-27 21:00:00,24.8,53.0,0.0,12.1,4.0,-0.8440533323039195,-12.070525008143873
2026-02-27 22:00:00,24.1,55.0,0.0,8.5,358.0,0.29664572197125916,-8.494822029662314
2026-02-27 23:00:00,23.3,58.0,0.0,8.6,334.0,3.769991862386066,-7.729628798172836
2026-02-28 00:00:00,22.8,60.0,0.0,8.4,9.0,-1.3140495063379407,-8.296582060999157
2026-02-28 01:00:00,22.8,61.0,0.0,2.3,356.0,0.16043988961148803,-2.2943973155975956
2026-02-28 02:00:00,23.0,64.0,0.0,5.3,327.0,2.8865868855796433,-4.444954010110747
2026-02-28 03:00:00,22.7,66.0,0.0,2.2,355.0,0.19174263404484793,-2.1916283358018402
2026-02-28 04:00:00,21.8,75.0,1.1,4.4,353.0,0.536225110982649,-4.367203067221817
2026-02-28 05:00:00,21.7,76.0,0.0,3.9,22.0,-1.460965714322058,-3.6160170328104706
2026-02-28 06:00:00,21.6,79.0,0.0,5.7,28.0,-2.6759879078795774,-5.032801279295884
2026-02-28 07:00:00,21.7,79.0,0.0,9.3,351.0,1.4548405248741476,-9.185501567534782
2026-02-28 08:00:00,22.6,74.0,0.2,7.9,340.0,2.701959132272784,-7.423571704208676
2026-02-28 09:00:00,22.3,77.0,0.4,7.3,17.0,-2.1343134444759806,-6.981024718530158
2026-02-28 10:00:00,22.6,81.0,0.4,4.7,4.0,-0.32785542659739025,-4.688551036221174
2026-02-28 11:00:00,24.2,71.0,0.0,3.3,248.0,3.0597067200703982,1.2362017582725096
2026-02-28 12:00:00,24.6,67.0,0.0,6.6,281.0,6.4787394107545815,-1.2593393694851955
2026-02-28 13:00:00,25.1,64.0,0.0,7.7,295.0,6.978569960182205,-3.2541606154033857
2026-02-28 14:00:00,24.8,66.0,0.0,6.2,278.0,6.139662026197737,-0.8628732259524058
2026-02-28 15:00:00,23.8,78.0,3.6,8.1,283.0,7.892397524760405,-1.8221035401853065
2026-02-28 16:00:00,22.9,85.0,4.0,8.0,329.0,4.120304599280433,-6.857338405616899
2026-02-28 17:00:00,21.9,93.0,4.2,6.9,353.0,0.8408984694955177,-6.848568446325122
2026-02-28 18:00:00,21.5,93.0,0.4,6.2,348.0,1.2890524830701087,-6.064515124549595
2026-02-28 19:00:00,21.4,91.0,2.2,11.6,327.0,6.317812806174314,-9.728578588166918
2026-02-28 20:00:00,20.9,94.0,6.1,10.0,342.0,3.0901699437494745,-9.510565162951535
2026-02-28 21:00:00,20.6,92.0,1.0,7.7,357.0,0.40298686307066856,-7.689447417610219
2026-02-28 22:00:00,20.3,93.0,0.5,9.4,343.0,2.7482940243937257,-8.989264706052534
2026-02-28 23:00:00,20.3,92.0,0.2,8.0,354.0,0.8362277061412277,-7.956175162946186
2026-03-01 00:00:00,19.9,93.0,0.5,7.9,24.0,-3.2132194802988208,-7.217009115376548
2026-03-01 01:00:00,19.9,90.0,0.1,5.6,2.0,-0.19543718153400425,-5.596588631306936
2026-03-01 02:00:00,19.6,90.0,0.0,7.8,356.0,0.5441004952041768,-7.780999592026628
2026-03-01 03:00:00,19.5,89.0,0.0,7.2,25.0,-3.042851484533034,-6.5254160666638805
2026-03-01 04:00:00,19.6,90.0,0.0,5.5,11.0,-1.0494494745709955,-5.3989495089621515
2026-03-01 05:00:00,19.3,90.0,0.0,6.7,14.0,-1.6208767005177742,-6.500981366049176
2026-03-01 06:00:00,18.8,92.0,0.0,6.8,360.0,4.1637991171010006e-16,-6.8
2026-03-01 07:00:00,19.3,90.0,0.0,7.4,18.0,-2.286725758374612,-7.037818220584136
2026-03-01 08:00:00,22.0,84.0,0.0,9.4,246.0,8.587327301840448,3.8233244449125223
2026-03-01 09:00:00,24.3,76.0,0.0,10.1,235.0,8.273435647318816,5.7931220071455645
2026-03-01 10:00:00,26.9,63.0,0.0,10.2,189.0,1.5956315434103554,10.074421074070404
2026-03-01 11:00:00,29.4,51.0,0.0,8.7,167.0,-1.9570741727916257,8.477019563631545
2026-03-01 12:00:00,30.3,49.0,0.0,11.9,179.0,-0.2076836366036734,11.898187572361056
2026-03-01 13:00:00,30.1,51.0,0.0,21.5,175.0,-1.873848469074652,21.41818600897253
2026-03-01 14:00:00,29.3,54.0,0.0,26.5,173.0,-3.229537600236405,26.302473018495036
2026-03-01 15:00:00,28.9,55.0,0.0,28.3,166.0,-6.846389645470598,27.4593690536107
2026-03-01 16:00:00,28.1,58.0,0.0,27.0,165.0,-6.988114217768063,26.079997309804845
2026-03-01 17:00:00,27.2,62.0,0.0,23.5,164.0,-6.4774778616994775,22.589649854550494
2026-03-01 18:00:00,25.9,70.0,0.0,21.6,169.0,-4.121474300133368,21.203147162469545
2026-03-01 19:00:00,25.3,72.0,0.0,18.2,160.0,-6.224766608527171,17.10240569830353
2026-03-01 20:00:00,25.1,74.0,0.0,10.2,157.0,-3.9854575105905923,9.38914950521489
2026-03-01 21:00:00,24.9,75.0,0.0,12.5,150.0,-6.249999999999997,10.825317547305485
2026-03-01 22:00:00,24.9,76.0,0.0,12.7,148.0,-6.7299746557617,10.77021082118661
2026-03-01 23:00:00,24.6,78.0,0.0,8.5,132.0,-6.316731016557849,5.687610154050296
2026-03-02 00:00:00,23.7,82.0,0.0,4.1,92.0,-4.097502390778292,0.14308793648025467
2026-03-02 01:00:00,23.5,80.0,0.0,4.7,72.0,-4.469965626587222,-1.4523798735622524
2026-03-02 02:00:00,24.1,80.0,0.0,1.2,51.0,-0.9325751537483649,-0.7551844692598051
2026-03-02 03:00:00,23.2,83.0,0.1,6.9,6.0,-0.7212463965468082,-6.862201078041087
2026-03-02 04:00:00,22.4,88.0,0.3,11.5,11.0,-2.194303446830263,-11.288712609648135
2026-03-02 05:00:00,22.8,83.0,0.0,8.3,14.0,-2.0079517334772428,-8.053454528090771
2026-03-02 06:00:00,22.5,82.0,0.0,6.8,2.0,-0.23731657757700517,-6.795857623729851
2026-03-02 07:00:00,22.7,82.0,0.0,7.4,347.0,1.6646378021446004,-7.2103384794107415
2026-03-02 08:00:00,24.7,79.0,0.0,8.7,330.0,4.3500000000000005,-7.534421012924615
2026-03-02 09:00:00,27.3,68.0,0.0,8.9,324.0,5.2312887454030115,-7.200251249937033
2026-03-02 10:00:00,28.7,63.0,0.0,9.8,313.0,7.167266275867871,-6.683583928612485
2026-03-02 11:00:00,29.9,56.0,0.0,12.2,308.0,9.613731194002007,-7.5110699989730305
2026-03-02 12:00:00,30.5,55.0,0.0,13.8,296.0,12.403357838928505,-6.049521825689268
2026-03-02 13:00:00,30.4,57.0,0.0,18.9,289.0,17.870301078827087,-6.153238119240261
2026-03-02 14:00:00,29.8,58.0,0.0,21.6,295.0,19.57624819999164,-9.128554453599108
2026-03-02 15:00:00,29.5,58.0,0.0,17.8,301.0,15.2575779524976,-9.167677733398964
2026-03-02 16:00:00,28.8,61.0,0.0,17.8,300.0,15.41525218736301,-8.899999999999999
2026-03-02 17:00:00,27.1,69.0,0.0,18.6,300.0,16.10807251039056,-9.299999999999999
2026-03-02 18:00:00,25.5,78.0,0.0,14.5,312.0,10.775599969422217,-9.702393792203445
2026-03-02 19:00:00,25.0,79.0,0.0,9.8,329.0,5.047373134118531,-8.400239546880702
2026-03-02 20:00:00,24.8,81.0,0.0,10.2,328.0,5.40517649517869,-8.650090580795544
2026-03-02 21:00:00,24.5,82.0,0.0,7.2,342.0,2.224922359499622,-6.8476069173251055
2026-03-02 22:00:00,24.1,84.0,0.0,6.1,326.0,3.4110767111715554,-5.057129192585754
2026-03-02 23:00:00,23.6,85.0,0.0,5.2,344.0,1.4333142502483958,-4.998560818879258
2026-03-03 00:00:00,23.3,86.0,0.0,5.8,346.0,1.4031469944780726,-5.627715212400779
2026-03-03 01:00:00,22.9,87.0,0.0,6.7,357.0,0.3506509068277246,-6.690817882855645
2026-03-03 02:00:00,22.6,88.0,0.0,3.7,23.0,-1.4457051754103132,-3.405867957774029
2026-03-03 03:00:00,22.3,89.0,0.0,1.3,352.0,0.18092503124808512,-1.2873484893640414
2026-03-03 04:00:00,22.2,90.0,0.0,1.8,6.0,-0.18815123388177604,-1.7901394116628921
2026-03-03 05:00:00,22.4,88.0,0.0,0.5,135.0,-0.35355339059327373,0.3535533905932738
2026-03-03 06:00:00,22.0,91.0,0.0,2.8,252.0,2.6629582456264296,0.8652475842498527
2026-03-03 07:00:00,23.2,87.0,0.0,3.7,284.0,3.590094187221187,-0.8951110137187707
2026-03-03 08:00:00,23.2,88.0,0.3,6.0,351.0,0.9386067902413855,-5.926130043570827
2026-03-03 09:00:00,23.2,92.0,2.4,1.0,45.0,-0.7071067811865477,-0.7071067811865475
2026-03-03 10:00:00,23.1,92.0,2.4,2.6,39.0,-1.6362330167295784,-2.0205794997881235
2026-03-03 11:00:00,23.0,93.0,6.1,10.9,283.0,10.620633706159065,-2.4519664923481286
2026-03-03 12:00:00,24.7,79.0,1.2,10.5,211.0,5.407899786555569,9.00025665737218
2026-03-03 13:00:00,25.7,70.0,0.0,12.9,230.0,9.881973316234816,8.291960164956357
2026-03-03 14:00:00,25.3,72.0,0.1,14.4,252.0,13.695213834650211,4.449844718999243
2026-03-03 15:00:00,24.6,74.0,0.0,11.4,275.0,11.3566195582459,-0.9935754673233032
2026-03-03 16:00:00,24.4,73.0,0.0,10.1,274.0,10.075396907624224,-0.7045403848156655
2026-03-03 17:00:00,23.9,76.0,0.3,8.7,278.0,8.61533219805166,-1.2108059783525693
2026-03-03 18:00:00,23.2,83.0,0.2,4.7,286.0,4.517929970910099,-1.2954955723398962
2026-03-03 19:00:00,22.6,83.0,0.3,3.3,174.0,-0.3449439287832567,3.2819222547153015
2026-03-03 20:00:00,22.5,90.0,0.6,6.0,153.0,-2.72394299843728,5.346039145130208
2026-03-03 21:00:00,22.2,91.0,0.9,5.6,163.0,-1.6372815464473252,5.355306633392999
2026-03-03 22:00:00,22.5,81.0,0.2,3.1,173.0,-0.37779496455595685,3.0768930700880985
2026-03-03 23:00:00,22.4,78.0,0.0,2.7,250.0,2.537170076121953,0.9234543869793056
2026-03-04 00:00:00,22.1,85.0,0.4,10.3,293.0,9.481199990560137,-4.02453062343952
2026-03-04 01:00:00,21.3,92.0,0.1,8.9,318.0,5.955262396593839,-6.613988946748809
2026-03-04 02:00:00,21.1,93.0,0.1,6.6,331.0,3.199743493625825,-5.772490067120011
2026-03-04 03:00:00,20.9,95.0,0.3,3.9,304.0,3.2332465329646625,-2.180852323535913
2026-03-04 04:00:00,20.9,96.0,0.7000000000000001,3.1,357.0,0.1622414643531263,-3.0957515577391788
2026-03-04 05:00:00,20.9,95.0,0.3,1.6,297.0,1.4256104387013888,-0.7263847995832748
2026-03-04 06:00:00,20.7,94.0,0.0,4.3,285.0,4.153481053042993,-1.1129218939408392
2026-03-04 07:00:00,20.9,95.0,0.4,6.0,314.0,4.316038802031907,-4.1679502227539835
2026-03-04 08:00:00,21.7,90.0,0.9,6.8,307.0,5.430721468321591,-4.0923421574339285
2026-03-04 09:00:00,22.8,81.0,0.0,8.4,286.0,8.074598245881878,-2.315353788862793
2026-03-04 10:00:00,22.9,79.0,0.0,5.9,310.0,4.51966221440197,-3.792446897150582
2026-03-04 11:00:00,24.0,71.0,0.0,6.5,289.0,6.1458707413955596,-2.1161930039715187
2026-03-04 12:00:00,24.5,67.0,0.0,6.2,237.0,5.199757521261629,3.376762017093168
2026-03-04 13:00:00,23.4,74.0,0.2,9.2,235.0,7.536198807458724,5.276903214429623
2026-03-04 14:00:00,22.2,81.0,0.2,8.1,274.0,8.080268807104575,-0.5650274373274149
2026-03-04 15:00:00,22.5,79.0,0.2,6.4,322.0,3.9402334420842133,-5.043268823083022
2026-03-04 16:00:00,22.6,78.0,0.0,4.0,342.0,1.2360679774997898,-3.804226065180614
2026-03-04 17:00:00,22.5,77.0,0.0,4.4,341.0,1.4324998796114898,-4.160281732636994
2026-03-04 18:00:00,21.7,85.0,0.3,3.8,41.0,-2.4930243101639276,-2.8678964048465336
2026-03-04 19:00:00,21.4,88.0,0.1,3.7,337.0,1.4457051754103127,-3.4058679577740296
2026-03-04 20:00:00,21.0,95.0,0.1,3.3,324.0,1.9396913325651612,-2.6697560814373262
2026-03-04 21:00:00,20.8,95.0,0.1,3.4,47.0,-2.48660258550518,-2.3187944242124945
2026-03-04 22:00:00,21.1,92.0,0.1,1.2,309.0,0.9325751537483651,-0.7551844692598049
2026-03-04 23:00:00,20.9,93.0,0.2,2.7,307.0,2.1563158771276907,-1.6249005625105304
2026-03-05 00:00:00,20.7,95.0,0.7000000000000001,4.0,8.0,-0.5566924038402633,-3.961072274966281
2026-03-05 01:00:00,20.3,96.0,0.3,8.9,342.0,2.7502512499370324,-8.464402995026866
2026-03-05 02:00:00,19.8,95.0,0.3,7.1,41.0,-4.658019105832602,-5.358438019581681
2026-03-05 03:00:00,19.8,94.0,0.3,3.8,49.0,-2.867896404846534,-2.4930243101639267
2026-03-05 04:00:00,19.9,92.0,0.2,2.8,40.0,-1.7998053071223103,-2.144924440733138
2026-03-05 05:00:00,19.7,93.0,0.5,6.1,12.0,-1.2682613139883345,-5.966700364476214
2026-03-05 06:00:00,19.5,94.0,0.8,7.4,41.0,-4.8548368145297545,-5.584850893648513
2026-03-05 07:00:00,19.6,93.0,0.4,6.6,47.0,-4.826934430686525,-4.501189176412489
2026-03-05 08:00:00,20.0,91.0,0.2,6.8,22.0,-2.5473248352282036,-6.304850211054154
2026-03-05 09:00:00,20.5,90.0,0.1,10.6,4.0,-0.7394186216877311,-10.574178932754137
2026-03-05 10:00:00,21.0,85.0,0.1,10.9,341.0,3.548692883583009,-10.306152474032553
2026-03-05 11:00:00,21.1,88.0,1.0,6.9,301.0,5.914454374844575,-3.553762716879374
2026-03-05 12:00:00,21.8,87.0,0.9,5.8,309.0,4.507446576450431,-3.6500582680890568
2026-03-05 13:00:00,22.6,82.0,0.1,5.3,280.0,5.2194810909647025,-0.9203353416347307
2026-03-05 14:00:00,23.4,76.0,0.0,4.1,165.0,-1.0611580849203355,3.96029588778518
2026-03-05 15:00:00,23.6,74.0,0.0,7.7,177.0,-0.4029868630706676,7.689447417610219
2026-03-05 16:00:00,22.9,75.0,0.0,6.5,146.0,-3.6347538725598536,5.388744221607771
2026-03-05 17:00:00,22.6,77.0,0.6,1.8,127.0,-1.4375439180851273,1.0832670416736867
2026-03-05 18:00:00,21.7,86.0,0.1,1.9,151.0,-0.9211382784680403,1.661777443564852
2026-03-05 19:00:00,21.8,84.0,0.0,0.30000000000000004,45.0,-0.21213203435596434,-0.21213203435596428
2026-03-05 20:00:00,21.7,90.0,0.0,8.6,340.0,2.9413732326007516,-8.081356538758811
2026-03-05 21:00:00,20.9,92.0,0.0,12.8,358.0,0.4467135577920138,-12.792202585844427
2026-03-05 22:00:00,20.5,93.0,0.0,9.4,357.0,0.4919579886836733,-9.387117626692994
2026-03-05 23:00:00,19.8,95.0,0.0,10.7,355.0,0.932566447399942,-10.659283269581676
2026-03-06 00:00:00,19.5,95.0,0.0,9.6,8.0,-1.336061769216632,-9.506573459919075
2026-03-06 01:00:00,19.1,96.0,0.0,12.6,351.0,1.9710742595069095,-12.444873091498735
2026-03-06 02:00:00,19.3,95.0,0.0,15.9,350.0,2.7610060249041934,-15.658443272894107
2026-03-06 03:00:00,19.3,93.0,0.0,15.9,351.0,2.487307994139672,-15.704244615462692
2026-03-06 04:00:00,19.1,93.0,0.0,14.9,352.0,2.0736792043049754,-14.7549942242494
2026-03-06 05:00:00,19.1,92.0,0.0,16.1,353.0,1.9620964288228748,-15.979993041425285
2026-03-06 06:00:00,18.9,92.0,0.0,15.7,1.0,-0.2740027810653509,-15.697608813955343
2026-03-06 07:00:00,18.8,93.0,0.0,12.8,5.0,-1.1155935071700256,-12.751292135574344
2026-03-06 08:00:00,20.4,88.0,0.0,11.2,354.0,1.1707187885977186,-11.13864522812466
2026-03-06 09:00:00,22.4,81.0,0.0,8.3,340.0,2.8387671896030513,-7.799448752523039
2026-03-06 10:00:00,23.9,73.0,0.0,7.6,326.0,4.249866066377676,-6.300685551418317
2026-03-06 11:00:00,25.0,66.0,0.0,7.8,283.0,7.6000865053248345,-1.754618223882147
2026-03-06 12:00:00,25.9,60.0,0.0,11.8,253.0,11.28439612036382,3.449986115728294
2026-03-06 13:00:00,26.2,59.0,0.0,14.5,265.0,14.44482312233031,1.2637582698410434
2026-03-06 14:00:00,26.0,59.0,0.0,14.8,267.0,14.779717114367694,0.7745721523955688
2026-03-06 15:00:00,25.9,59.0,0.0,14.2,269.0,14.197837271220756,0.24782417140942586
2026-03-06 16:00:00,25.7,60.0,0.0,11.7,274.0,11.671499388039942,-0.816150742806266
2026-03-06 17:00:00,25.2,61.0,0.0,10.0,278.0,9.902680687415703,-1.3917310096006543
2026-03-06 18:00:00,24.2,66.0,0.0,6.9,313.0,5.046340541172277,-4.70578868443124
2026-03-06 19:00:00,23.3,70.0,0.0,4.6,342.0,1.4214781741247582,-4.3748599749577055
2026-03-06 20:00:00,21.5,78.0,0.0,10.8,1.0,-0.1884859895226618,-10.798355107689027
2026-03-06 21:00:00,20.5,78.0,0.0,12.3,345.0,3.183474254761005,-11.88088766335554
2026-03-06 22:00:00,19.9,74.0,0.0,12.3,352.0,1.7118291418088054,-12.180297245521317
2026-03-06 23:00:00,19.1,75.0,0.0,10.6,4.0,-0.7394186216877311,-10.574178932754137
2026-03-07 00:00:00,18.5,77.0,0.0,9.2,357.0,0.48149079743508444,-9.18739171974208
2026-03-07 01:00:00,18.1,78.0,0.0,10.2,350.0,1.77121141220269,-10.045039080724521
2026-03-07 02:00:00,17.3,80.0,0.0,7.7,11.0,-1.4692292643993936,-7.558529312547013
2026-03-07 03:00:00,17.4,83.0,0.0,3.3,29.0,-1.5998717468129116,-2.8862450335600065
2026-03-07 04:00:00,17.2,86.0,0.0,2.4,17.0,-0.701692091334569,-2.295131414311285
2026-03-07 05:00:00,17.2,86.0,0.0,5.2,16.0,-1.4333142502483942,-4.998560818879259
2026-03-07 06:00:00,16.9,87.0,0.0,6.0,17.0,-1.7542302283364226,-5.7378285357782115
2026-03-07 07:00:00,17.0,87.0,0.0,12.9,8.0,-1.7953330023848493,-12.774458086766257
2026-03-07 08:00:00,18.5,83.0,0.0,6.9,353.0,0.8408984694955177,-6.848568446325122
2026-03-07 09:00:00,21.2,75.0,0.0,5.7,336.0,2.3183988655320613,-5.207209108562825
2026-03-07 10:00:00,23.4,66.0,0.0,5.7,261.0,5.629823541392286,0.891676450729316
2026-03-07 11:00:00,24.5,59.0,0.0,14.0,239.0,12.000342209829572,7.210533048740758
2026-03-07 12:00:00,24.8,56.0,0.0,16.5,256.0,16.00987948355394,3.9917112773945176
2026-03-07 13:00:00,25.3,54.0,0.0,14.8,271.0,14.79774588831459,-0.258295615271796
2026-03-07 14:00:00,24.9,55.0,0.0,15.1,262.0,14.953047837997712,2.101513824496988
2026-03-07 15:00:00,24.7,55.0,0.0,14.2,252.0,13.50500253139118,4.388041320124253
2026-03-07 16:00:00,24.5,57.0,0.0,14.1,242.0,12.44956105931087,6.61954903528106
2026-03-07 17:00:00,24.0,62.0,0.0,16.0,227.0,11.701659225906727,10.911973760999976
2026-03-07 18:00:00,23.3,65.0,0.0,12.8,239.0,10.97174144898704,6.592487358848693
2026-03-07 19:00:00,22.6,70.0,0.0,6.1,265.0,6.076787658359647,0.5316500307607148
2026-03-07 20:00:00,22.1,74.0,0.0,4.4,291.0,4.107753876587688,-1.5768189779993214
2026-03-07 21:00:00,21.2,74.0,0.0,5.2,311.0,3.9244898171584146,-3.411506950750638
2026-03-07 22:00:00,20.4,74.0,0.0,6.2,330.0,3.100000000000001,-5.36935750346352
2026-03-07 23:00:00,19.4,74.0,0.0,10.7,343.0,3.128377240533283,-10.232460888804479
2026-03-08 00:00:00,18.1,78.0,0.0,10.3,2.0,-0.35946481603575786,-10.293725518296688
2026-03-08 01:00:00,17.3,81.0,0.0,9.0,6.0,-0.9407561694088802,-8.95069705831446
2026-03-08 02:00:00,16.9,81.0,0.0,6.7,9.0,-1.048110915769548,-6.617511881987422
2026-03-08 03:00:00,16.3,84.0,0.0,4.6,26.0,-2.0165072752297575,-4.134452612976167
2026-03-08 04:00:00,16.0,84.0,0.0,4.3,22.0,-1.6108083516884228,-3.986890574637185
2026-03-08 05:00:00,15.8,83.0,0.0,5.2,20.0,-1.7785047452934766,-4.886401628086724
2026-03-08 06:00:00,15.7,83.0,0.0,6.0,27.0,-2.7239429984372814,-5.346039145130207
2026-03-08 07:00:00,16.3,80.0,0.0,8.5,25.0,-3.592255224795943,-7.703616189811525
2026-03-08 08:00:00,18.5,74.0,0.0,8.6,349.0,1.6409573602382863,-8.441993777649909
2026-03-08 09:00:00,21.2,64.0,0.0,9.4,334.0,4.120688779817328,-8.44866403521217
2026-03-08 10:00:00,23.5,55.0,0.0,9.7,305.0,7.94577482960322,-5.563691432605146
2026-03-08 11:00:00,24.9,50.0,0.0,11.5,279.0,11.358415916844084,-1.798996347962655
2026-03-08 12:00:00,25.3,50.0,0.0,13.0,265.0,12.950531075192693,1.1330246557195562
2026-03-08 13:00:00,25.5,51.0,0.0,11.1,263.0,11.017262283218674,1.352749711797137
2026-03-08 14:00:00,26.2,50.0,0.0,11.9,228.0,8.843423423180992,7.962654215670414
2026-03-08 15:00:00,24.8,59.0,0.0,18.8,246.0,17.174654603680896,7.646648889825045
2026-03-08 16:00:00,24.3,59.0,0.0,16.5,260.0,16.249327924701433,2.8651949315043503
2026-03-08 17:00:00,23.9,62.0,0.0,14.3,281.0,14.037268723301596,-2.7285686338845907
2026-03-08 18:00:00,23.1,70.0,0.0,12.6,284.0,12.225726151077556,-3.0482158845558134
2026-03-08 19:00:00,22.5,76.0,0.0,8.8,255.0,8.500147271343803,2.2776075969021825
2026-03-08 20:00:00,21.7,80.0,0.0,4.4,251.0,4.160281732636994,1.4324998796114896
2026-03-08 21:00:00,21.7,80.0,0.0,4.8,241.0,4.1981745942691,2.3270861771824176
2026-03-08 22:00:00,21.0,84.0,0.0,4.5,263.0,4.466457682385949,0.5484120453231637
2026-03-08 23:00:00,20.8,82.0,0.0,9.3,311.0,7.01879909607178,-6.101348969611718
2026-03-09 00:00:00,19.8,82.0,0.0,11.0,349.0,2.098898949141994,-10.797899017924303
2026-03-09 01:00:00,19.1,83.0,0.0,9.1,9.0,-1.4235536318661024,-8.987963899415753
2026-03-09 02:00:00,18.6,85.0,0.0,4.6,351.0,0.7195985391850622,-4.543366366737634
2026-03-09 03:00:00,18.3,86.0,0.0,6.0,344.0,1.653824134901995,-5.767570175629913
2026-03-09 04:00:00,17.8,88.0,0.0,5.4,354.0,0.5644537016453287,-5.370418234988676
2026-03-09 05:00:00,17.6,89.0,0.0,6.3,2.0,-0.2198668292257548,-6.296162210220303
2026-03-09 06:00:00,17.6,89.0,0.0,7.9,13.0,-1.7771133293165355,-7.697523511803358
2026-03-09 07:00:00,17.7,88.0,0.0,8.9,8.0,-1.2386405985445859,-8.813385811799975
2026-03-09 08:00:00,19.5,83.0,0.0,6.6,338.0,2.4724035165450187,-6.1194134401407965
2026-03-09 09:00:00,21.7,71.0,0.0,5.4,323.0,3.2498011250210617,-4.312631754255381
2026-03-09 10:00:00,23.5,63.0,0.0,4.0,262.0,3.9610722749662814,0.5566924038402618
2026-03-09 11:00:00,24.6,58.0,0.0,9.0,237.0,7.548035111508817,4.901751315135244
2026-03-09 12:00:00,25.4,55.0,0.0,11.1,243.0,9.890172418490883,5.039294547108969
2026-03-09 13:00:00,25.4,55.0,0.0,10.7,265.0,10.659283269581676,0.9325664473999423
2026-03-09 14:00:00,25.6,53.0,0.0,9.9,275.0,9.862327511108282,-0.8628418532018158
2026-03-09 15:00:00,25.6,52.0,0.0,10.1,269.0,10.098461721079552,0.17626930501656346
2026-03-09 16:00:00,25.1,54.0,0.0,8.3,272.0,8.294943864258496,-0.2896658226307581
2026-03-09 17:00:00,24.5,56.0,0.0,7.1,289.0,6.713181886755149,-2.3115338966458125
2026-03-09 18:00:00,23.5,59.0,0.0,4.9,309.0,3.808015211139158,-3.0836699161442036
2026-03-09 19:00:00,22.7,60.0,0.0,9.3,350.0,1.614928052302453,-9.158712103013535
2026-03-09 20:00:00,21.7,61.0,0.0,12.6,2.0,-0.4397336584515096,-12.592324420440606
2026-03-09 21:00:00,20.1,62.0,0.0,13.5,350.0,2.3442503985035605,-13.294904665664808
2026-03-09 22:00:00,19.3,64.0,0.0,13.1,347.0,2.9468588119046304,-12.764247848686582
2026-03-09 23:00:00,18.1,66.0,0.0,13.5,348.0,2.8068078260397527,-13.204992609906375
2026-03-10 00:00:00,17.2,68.0,0.0,11.4,4.0,-0.7952238006830317,-11.372230172961997
2026-03-10 01:00:00,17.2,68.0,0.0,7.4,13.0,-1.6646378021446029,-7.210338479410741
2026-03-10 02:00:00,17.7,66.0,0.0,7.2,332.0,3.380195252058414,-6.357222668584273
2026-03-10 03:00:00,17.4,68.0,0.0,7.2,348.0,1.496964173887868,-7.0426627252834
2026-03-10 04:00:00,17.3,68.0,0.0,5.9,346.0,1.4273391840380394,-5.7247447850283795
2026-03-10 05:00:00,16.5,70.0,0.0,7.0,359.0,0.12216684506098519,-6.998933866094739
2026-03-10 06:00:00,16.1,73.0,0.0,4.0,18.0,-1.2360679774997902,-3.804226065180614
2026-03-10 07:00:00,17.0,70.0,0.0,8.1,5.0,-0.7059615162560318,-8.069177054543138
2026-03-10 08:00:00,18.7,65.0,0.0,7.6,335.0,3.211898789229316,-6.887939181478539
2026-03-10 09:00:00,20.5,57.0,0.0,10.1,317.0,6.888183436631234,-7.386672386353621
2026-03-10 10:00:00,22.1,52.0,0.0,9.7,299.0,8.483811159252138,-4.702653316389469
2026-03-10 11:00:00,22.6,51.0,0.0,14.0,286.0,13.457663743136465,-3.8589229814379884
2026-03-10 12:00:00,22.8,51.0,0.0,13.5,289.0,12.764500770590777,-4.395170085171616
2026-03-10 13:00:00,23.7,49.0,0.0,14.4,286.0,13.842168421511792,-3.969177923764788
2026-03-10 14:00:00,23.5,49.0,0.0,11.3,313.0,8.264296828296628,-7.706581468706233
2026-03-10 15:00:00,22.9,50.0,0.0,14.2,327.0,7.733874297213384,-11.909122064825022
2026-03-10 16:00:00,21.5,53.0,0.0,16.8,342.0,5.191485505499117,-15.97774947375858
2026-03-10 17:00:00,21.4,52.0,0.0,13.4,348.0,2.786016656957977,-13.107177849832995
2026-03-10 18:00:00,20.7,55.0,0.0,11.3,351.0,1.7677094549546095,-11.160878248725057
2026-03-10 19:00:00,20.1,57.0,0.0,11.5,360.0,7.041719095097281e-16,-11.5
2026-03-10 20:00:00,20.0,59.0,0.0,10.5,355.0,0.9151352988504105,-10.460044329963328
2026-03-10 21:00:00,19.2,62.0,0.0,12.0,353.0,1.4624321208617699,-11.910553819695863
2026-03-10 22:00:00,18.7,65.0,0.0,11.3,7.0,-1.3771235804781632,-11.21577151354694
2026-03-10 23:00:00,18.3,66.0,0.0,11.4,4.0,-0.7952238006830317,-11.372230172961997
2026-03-11 00:00:00,18.0,66.0,0.0,10.3,1.0,-0.17975978630402004,-10.298431260110831
2026-03-11 01:00:00,17.6,67.0,0.0,9.6,357.0,0.5024251799322621,-9.586843533643908
2026-03-11 02:00:00,17.4,67.0,0.0,12.2,1.0,-0.21291935853485866,-12.198141880907972
2026-03-11 03:00:00,17.0,68.0,0.0,12.1,3.0,-0.6332650705396261,-12.083417370530343
2026-03-11 04:00:00,16.2,71.0,0.0,10.6,358.0,0.36993466504651146,-10.593542766402415
2026-03-11 05:00:00,16.0,72.0,0.0,8.7,354.0,0.909397630428585,-8.652340489703978
2026-03-11 06:00:00,15.6,74.0,0.0,7.4,3.0,-0.3872860761977879,-7.389858557183847
2026-03-11 07:00:00,15.9,73.0,0.0,8.9,9.0,-1.3922667388580563,-8.790426231296726
2026-03-11 08:00:00,17.2,70.0,0.0,8.0,354.0,0.8362277061412277,-7.956175162946186
2026-03-11 09:00:00,19.9,63.0,0.0,7.3,335.0,3.085113310707106,-6.616046845367545
2026-03-11 10:00:00,22.3,55.0,0.0,6.9,303.0,5.786826918823426,-3.758009341603687
2026-03-11 11:00:00,23.9,49.0,0.0,8.5,265.0,8.467654933779837,0.7408238133550944
2026-03-11 12:00:00,24.6,48.0,0.0,12.0,258.0,11.737771208805668,2.494940289813112
2026-03-11 13:00:00,24.9,49.0,0.0,12.4,257.0,12.082188803336917,2.789393073863926
2026-03-11 14:00:00,25.0,46.0,0.0,11.1,261.0,10.96334058060603,1.7364225619465625
2026-03-11 15:00:00,24.6,48.0,0.0,10.9,250.0,10.242649566566403,3.728019562249789
2026-03-11 16:00:00,24.3,50.0,0.0,9.6,249.0,8.962372094373137,3.4403323156348824
2026-03-11 17:00:00,23.5,55.0,0.0,7.3,239.0,6.25732129512542,3.7597779468433954
2026-03-11 18:00:00,22.5,61.0,0.0,7.3,228.0,5.424957225984977,4.884653426419665
2026-03-11 19:00:00,21.6,67.0,0.0,4.5,241.0,3.935788682127281,2.1816432911085166
2026-03-11 20:00:00,21.2,70.0,0.0,2.9,330.0,1.4500000000000002,-2.5114736709748717
2026-03-11 21:00:00,21.0,71.0,0.0,3.2,34.0,-1.789417291106389,-2.6529202321761343
2026-03-11 22:00:00,20.4,73.0,0.0,4.1,45.0,-2.8991378028648453,-2.8991378028648445
2026-03-11 23:00:00,19.8,74.0,0.0,4.3,45.0,-3.040559159102155,-3.040559159102154
2026-03-12 00:00:00,19.2,75.0,0.0,5.3,45.0,-3.7476659402887025,-3.7476659402887016
2026-03-12 01:00:00,18.4,76.0,0.0,7.9,41.0,-5.182866329025008,-5.962205683759899
2026-03-12 02:00:00,18.0,75.0,0.0,7.6,27.0,-3.4503277980205564,-6.771649583831595
2026-03-12 03:00:00,17.9,74.0,0.0,8.9,28.0,-4.178296908794428,-7.858233576444451
2026-03-12 04:00:00,17.4,76.0,0.0,8.6,23.0,-3.360287705007755,-7.916341739690986
2026-03-12 05:00:00,16.9,78.0,0.0,7.9,12.0,-1.6425023574603024,-7.727366045797065
2026-03-12 06:00:00,16.5,79.0,0.0,7.6,8.0,-1.0577155672965002,-7.526037322435934
2026-03-12 07:00:00,17.0,76.0,0.0,10.0,7.0,-1.2186934340514717,-9.925461516413222
2026-03-12 08:00:00,19.3,65.0,0.0,9.0,340.0,3.0781812899310195,-8.457233587073175
2026-03-12 09:00:00,22.4,53.0,0.0,7.9,340.0,2.701959132272784,-7.423571704208676
2026-03-12 10:00:00,24.9,43.0,0.0,5.3,315.0,3.747665940288702,-3.7476659402887016
2026-03-12 11:00:00,26.2,40.0,0.0,5.9,268.0,5.896405879412665,0.20590703054475573
2026-03-12 12:00:00,27.0,38.0,0.0,7.1,249.0,6.628421028130132,2.5444124417716316
2026-03-12 13:00:00,27.3,39.0,0.0,9.9,235.0,8.109605238461018,5.6784067198753565
2026-03-12 14:00:00,27.3,42.0,0.0,15.5,230.0,11.873688868344159,9.963207950141358
2026-03-12 15:00:00,26.8,43.0,0.0,16.4,228.0,12.187575137829265,10.973741944285274
2026-03-12 16:00:00,26.0,43.0,0.0,16.9,200.0,5.780140422203803,15.880805291281849
2026-03-12 17:00:00,25.0,50.0,0.0,14.5,169.0,-2.7667304329599,14.233594159991128
2026-03-12 18:00:00,23.6,56.0,0.0,10.5,115.0,-9.516231763884825,4.437491748277345
2026-03-12 19:00:00,22.4,59.0,0.0,6.0,53.0,-4.791813060283757,-3.61089013891229
2026-03-12 20:00:00,21.6,43.0,0.0,11.3,360.0,6.919254415182546e-16,-11.3
2026-03-12 21:00:00,20.0,45.0,0.0,11.7,347.0,2.6319273358232196,-11.400129757987251
2026-03-12 22:00:00,18.8,46.0,0.0,9.9,327.0,5.391926446648768,-8.302838622659698
2026-03-12 23:00:00,17.8,47.0,0.0,11.2,323.0,6.740328259302942,-8.944717712529679
2026-03-13 00:00:00,17.2,47.0,0.0,9.4,336.0,3.8233244449125223,-8.587327301840448
2026-03-13 01:00:00,16.6,47.0,0.0,6.8,2.0,-0.23731657757700517,-6.795857623729851
2026-03-13 02:00:00,16.3,46.0,0.0,4.3,358.0,0.15006783582075464,-4.2973805561821115
2026-03-13 03:00:00,15.7,51.0,0.0,4.6,13.0,-1.0347748499817802,-4.482102298012081
2026-03-13 04:00:00,15.4,54.0,0.0,6.0,16.0,-1.6538241349019933,-5.767570175629914
2026-03-13 05:00:00,14.9,57.0,0.0,7.1,9.0,-1.1106847017856403,-7.012587218225477
2026-03-13 06:00:00,14.1,63.0,0.0,5.5,32.0,-2.9145559532826275,-4.664264528860342
2026-03-13 07:00:00,15.3,57.0,0.0,7.7,25.0,-3.2541606154033835,-6.978569960182205
2026-03-13 08:00:00,17.7,44.0,0.0,8.6,344.0,2.370481260026193,-8.266850585069543
2026-03-13 09:00:00,20.3,39.0,0.0,8.6,296.0,7.729628798172836,-3.7699918623860653
2026-03-13 10:00:00,21.3,39.0,0.0,13.6,275.0,13.548247894047739,-1.185318101368151
2026-03-13 11:00:00,21.9,38.0,0.0,13.4,278.0,13.269592121137043,-1.864919552864877
2026-03-13 12:00:00,22.4,38.0,0.0,13.5,271.0,13.497943884611281,-0.23560748690332742
2026-03-13 13:00:00,22.2,43.0,0.0,18.5,272.0,18.488730299853273,-0.6456406889962679
2026-03-13 14:00:00,22.7,45.0,0.0,18.0,268.0,17.989034886343724,0.6281909406450175
2026-03-13 15:00:00,22.2,47.0,0.0,16.7,259.0,16.393173963575986,3.186510222788298
2026-03-13 16:00:00,21.8,47.0,0.0,12.4,251.0,11.72443033743153,4.037045115268743
2026-03-13 17:00:00,21.3,48.0,0.0,9.6,221.0,6.29816667830887,7.245211970138611
2026-03-13 18:00:00,20.6,53.0,0.0,9.4,222.0,6.289827699773268,6.985561359487506
2026-03-13 19:00:00,20.2,57.0,0.0,8.2,251.0,7.753252319914398,2.669658866548685
2026-03-13 20:00:00,20.6,55.0,0.0,7.7,210.0,3.850000000000001,6.668395609140178
2026-03-13 21:00:00,20.3,56.0,0.0,6.1,185.0,0.5316500307607146,6.076787658359647
2026-03-13 22:00:00,18.9,64.0,0.0,5.4,132.0,-4.012982057577928,3.613305274337835
2026-03-13 23:00:00,17.9,61.0,0.0,10.5,97.0,-10.42173459223388,1.2796281057540493
2026-03-14 00:00:00,17.2,51.0,0.0,10.6,92.0,-10.593542766402415,0.3699346650465121
2026-03-14 01:00:00,17.2,47.0,0.0,8.5,102.0,-8.314254606237348,1.767249371950954
2026-03-14 02:00:00,17.7,41.0,0.0,9.3,105.0,-8.983110184488336,2.4070171194534455
2026-03-14 03:00:00,17.2,41.0,0.0,6.6,73.0,-6.311611389356034,-1.9296532511700626
2026-03-14 04:00:00,17.1,44.0,0.0,1.5,83.0,-1.4888192274619831,-0.18280401510772096
2026-03-14 05:00:00,16.7,50.0,0.0,1.1,90.0,-1.1,1.3471114790620887e-16
2026-03-14 06:00:00,16.1,53.0,0.0,5.3,98.0,-5.248420764330323,0.7376174350883462
2026-03-14 07:00:00,17.3,50.0,0.0,6.7,98.0,-6.6347960605685214,0.9324597764324377
2026-03-14 08:00:00,20.9,49.0,0.0,7.8,53.0,-6.229356978368884,-4.694157180585977
2026-03-14 09:00:00,21.8,54.0,0.0,1.7000000000000002,302.0,1.4416817634659242,-0.9008627491964484
2026-03-14 10:00:00,23.1,49.0,0.0,2.7,247.0,2.485363104321589,1.0549740469210394
2026-03-14 11:00:00,23.6,49.0,0.0,6.7,218.0,4.124931884681911,5.279672049165038
2026-03-14 12:00:00,24.0,49.0,0.0,11.0,228.0,8.174593080251336,7.360436669947441
2026-03-14 13:00:00,23.7,48.0,0.0,13.4,238.0,11.363844488496108,7.1009181407249455
2026-03-14 14:00:00,23.8,46.0,0.0,11.7,241.0,10.23305057353093,5.6722725568821435
2026-03-14 15:00:00,23.7,47.0,0.0,7.8,228.0,5.796529638723675,5.219218729599094
2026-03-14 16:00:00,23.4,48.0,0.0,6.6,221.0,4.329989591337347,4.981083229470295
2026-03-14 17:00:00,23.2,48.0,0.0,8.9,189.0,1.3922667388580552,8.790426231296726
2026-03-14 18:00:00,22.5,51.0,0.0,10.7,196.0,2.949319707241891,10.285500146540011
2026-03-14 19:00:00,22.1,54.0,0.0,10.9,237.0,9.141509190605122,5.936565481663796
2026-03-14 20:00:00,21.7,61.0,0.0,3.8,225.0,2.6870057685088806,2.68700576850888
2026-03-14 21:00:00,21.2,65.0,0.0,3.5,201.0,1.2542878234085513,3.267531492740206
2026-03-14 22:00:00,21.1,67.0,0.0,6.5,182.0,0.226846728566257,6.496040375624123
2026-03-14 23:00:00,20.0,73.0,0.0,5.1,153.0,-2.315351548671688,4.544133273360676
2026-03-15 00:00:00,18.8,76.0,0.0,5.4,116.0,-4.853487850015503,2.3672041926610174
2026-03-15 01:00:00,18.5,71.0,0.0,8.3,94.0,-8.27978161715654,0.578978732076242
2026-03-15 02:00:00,18.0,65.0,0.0,7.1,96.0,-7.06110545711474,0.7421520892003415
2026-03-15 03:00:00,18.4,60.0,0.0,3.8,101.0,-3.730183297101123,0.7250741824308709
2026-03-15 04:00:00,18.4,63.0,0.0,3.0,104.0,-2.9108871788279895,0.7257656867990032
2026-03-15 05:00:00,17.7,61.0,0.0,2.5,94.0,-2.4939101256495606,0.1743911843603138
2026-03-15 06:00:00,17.1,56.0,0.0,3.1,93.0,-3.0957515577391788,0.1622414643531258
2026-03-15 07:00:00,18.4,52.0,0.0,3.8,79.0,-3.730183297101123,-0.7250741824308699
2026-03-15 08:00:00,21.3,50.0,0.0,4.0,355.0,0.34862297099063255,-3.984778792366982
2026-03-15 09:00:00,21.8,66.0,0.0,9.7,281.0,9.52178367944234,-1.8508472551524844
2026-03-15 10:00:00,22.9,60.0,0.0,11.0,274.0,10.973204552858066,-0.7673212111853783
2026-03-15 11:00:00,24.0,52.0,0.0,11.9,265.0,11.854716907291772,1.037153338697132
2026-03-15 12:00:00,24.1,50.0,0.0,15.5,265.0,15.441017820422056,1.3509140125887016
2026-03-15 13:00:00,24.1,49.0,0.0,15.1,269.0,15.097700196861508,0.263531337202981
2026-03-15 14:00:00,24.6,47.0,0.0,11.5,270.0,11.5,0.0
2026-03-15 15:00:00,24.1,51.0,0.0,12.3,264.0,12.232619313029762,1.2857000981921378
2026-03-15 16:00:00,23.8,52.0,0.0,10.1,271.0,10.098461721079552,-0.17626930501656346
2026-03-15 17:00:00,23.1,56.0,0.0,9.4,262.0,9.308519846170762,1.3082271490246151
2026-03-15 18:00:00,22.4,59.0,0.0,6.5,265.0,6.475265537596346,0.5665123278597781
2026-03-15 19:00:00,22.3,59.0,0.0,4.5,263.0,4.466457682385949,0.5484120453231637
2026-03-15 20:00:00,22.5,60.0,0.0,1.9,299.0,1.6617774435648518,-0.9211382784680404
2026-03-15 21:00:00,22.0,61.0,0.0,3.3,22.0,-1.2362017582725104,-3.059706720070398
2026-03-15 22:00:00,21.3,64.0,0.0,3.6,33.0,-1.960700526054097,-3.0192140446035265
2026-03-15 23:00:00,19.9,70.0,0.0,4.5,37.0,-2.7081676041842173,-3.5938597952128175
2026-03-16 00:00:00,19.4,73.0,0.0,6.8,50.0,-5.20910221320905,-4.370955745868467
2026-03-16 01:00:00,18.8,73.0,0.0,8.8,51.0,-6.838884460821344,-5.538019441238571
2026-03-16 02:00:00,18.7,71.0,0.0,9.3,71.0,-8.793322753073646,-3.027783836451558
2026-03-16 03:00:00,18.4,70.0,0.0,7.4,64.0,-6.6510759426138355,-3.243946486239173
2026-03-16 04:00:00,18.2,70.0,0.0,6.9,67.0,-6.351483488821839,-2.6960447865759876
2026-03-16 05:00:00,17.8,69.0,0.0,5.2,76.0,-5.045537776635181,-1.2579938571182712
2026-03-16 06:00:00,17.3,68.0,0.0,3.5,81.0,-3.456909192082982,-0.5475206276408076
2026-03-16 07:00:00,18.9,62.0,0.0,5.6,83.0,-5.5582584491914035,-0.6824683230688249
2026-03-16 08:00:00,22.4,51.0,0.0,4.4,83.0,-4.367203067221817,-0.5362251109826482
2026-03-16 09:00:00,24.0,45.0,0.0,2.5,352.0,0.34793275240016364,-2.475670171853926
2026-03-16 10:00:00,25.3,40.0,0.0,5.9,270.0,5.9,0.0
2026-03-16 11:00:00,26.1,40.0,0.0,11.6,262.0,11.487109597402215,1.614407971136759
2026-03-16 12:00:00,25.6,46.0,0.0,20.2,259.0,19.828869105642813,3.854341706606205
2026-03-16 13:00:00,24.7,48.0,0.0,19.6,263.0,19.45390457216991,2.3886391307408905
2026-03-16 14:00:00,25.1,47.0,0.0,16.6,266.0,16.55956323431308,1.1579574641524801
2026-03-16 15:00:00,25.2,48.0,0.0,16.1,280.0,15.855404823496551,-2.7957356604375785
2026-03-16 16:00:00,25.1,49.0,0.0,17.9,288.0,17.023911641683245,-5.531404199311558
2026-03-16 17:00:00,23.9,58.0,0.0,16.3,304.0,13.51331243264718,-9.114844326573175
2026-03-16 18:00:00,23.1,63.0,0.0,11.0,325.0,6.309340799861507,-9.01067248717891
2026-03-16 19:00:00,22.9,64.0,0.0,9.0,344.0,2.4807362023529924,-8.65135526344487
2026-03-16 20:00:00,22.5,64.0,0.0,8.4,43.0,-5.728786224524988,-6.143371093601032
2026-03-16 21:00:00,21.9,68.0,0.0,7.0,86.0,-6.982948351818769,-0.4882953162088769
2026-03-16 22:00:00,21.7,68.0,0.0,3.1,100.0,-3.052904034337845,0.5383093507674839
2026-03-16 23:00:00,21.5,71.0,0.0,0.30000000000000004,135.0,-0.21213203435596428,0.2121320343559643
2026-03-17 00:00:00,21.2,69.0,0.0,0.6000000000000001,304.0,0.49742254353302506,-0.33551574208244817
2026-03-17 01:00:00,20.7,71.0,0.0,2.5,360.0,1.5308084989341916e-16,-2.5
2026-03-17 02:00:00,19.9,75.0,0.0,2.8,45.0,-1.9798989873223334,-1.9798989873223327
2026-03-17 03:00:00,19.5,77.0,0.0,2.7,82.0,-2.67372378560224,-0.3757673725921769
2026-03-17 04:00:00,18.9,79.0,0.0,2.9,90.0,-2.9,3.5514757175273243e-16
2026-03-17 05:00:00,18.7,78.0,0.0,4.7,92.0,-4.6971368869897505,0.16402763450175536
2026-03-17 06:00:00,18.4,76.0,0.0,4.0,85.0,-3.984778792366982,-0.3486229709906318
2026-03-17 07:00:00,19.5,69.0,0.0,6.2,78.0,-6.064515124549595,-1.289052483070109
2026-03-17 08:00:00,22.5,59.0,0.0,2.7,58.0,-2.2897298596223505,-1.430782013429653
2026-03-17 09:00:00,24.3,55.0,0.0,3.7,259.0,3.632020578756357,0.7059932828932158
2026-03-17 10:00:00,25.9,49.0,0.0,5.6,245.0,5.075323607405239,2.366662265747917
2026-03-17 11:00:00,27.6,40.0,0.0,5.6,241.0,4.897870359980616,2.714933873379487
2026-03-17 12:00:00,27.8,44.0,0.0,17.2,247.0,15.832683479381974,6.720575410015509
2026-03-17 13:00:00,26.3,47.0,0.0,24.4,255.0,23.568590161453265,6.315184700501506
2026-03-17 14:00:00,26.5,43.0,0.0,17.4,262.0,17.23066439610332,2.4216119567051386
2026-03-17 15:00:00,26.1,49.0,0.0,15.7,267.0,15.678483695646808,0.8216745130142181
2026-03-17 16:00:00,25.1,54.0,0.0,15.4,275.0,15.341398350612883,-1.3421984383139358
2026-03-17 17:00:00,24.4,56.0,0.0,13.1,289.0,12.38629334035105,-4.264942823388752
2026-03-17 18:00:00,23.7,61.0,0.0,12.0,303.0,10.064046815345089,-6.5356684201803255
2026-03-17 19:00:00,23.3,64.0,0.0,8.1,323.0,4.874701687531592,-6.468947631383072
2026-03-17 20:00:00,23.6,57.0,0.0,3.9,34.0,-2.1808523235359116,-3.233246532964663
2026-03-17 21:00:00,22.7,59.0,0.0,3.4,72.0,-3.2335921554035223,-1.0506577808748208
2026-03-17 22:00:00,21.7,64.0,0.0,3.1,87.0,-3.0957515577391788,-0.16224146435312506
2026-03-17 23:00:00,21.1,66.0,0.0,4.1,92.0,-4.097502390778292,0.14308793648025467
2026-03-18 00:00:00,20.4,66.0,0.0,4.2,80.0,-4.136192562651273,-0.729322346201108
2026-03-18 01:00:00,19.6,67.0,0.0,4.4,60.0,-3.81051177665153,-2.2000000000000006
2026-03-18 02:00:00,19.3,69.0,0.0,4.4,63.0,-3.9204287064288192,-1.9975581988540057
2026-03-18 03:00:00,18.8,70.0,0.0,5.2,56.0,-4.3109953772862175,-2.907803098047883
2026-03-18 04:00:00,18.5,70.0,0.0,5.4,56.0,-4.4768028917972265,-3.0196416787420324
2026-03-18 05:00:00,18.2,68.0,0.0,5.0,60.0,-4.330127018922193,-2.5000000000000004
2026-03-18 06:00:00,17.7,68.0,0.0,4.3,62.0,-3.7966746492933856,-2.0187277199793305
2026-03-18 07:00:00,19.8,60.0,0.0,4.1,61.0,-3.5859407992715226,-1.9877194430099814
2026-03-18 08:00:00,22.3,52.0,0.0,2.2,346.0,0.532228170319269,-2.1346505978071924
2026-03-18 09:00:00,25.4,41.0,0.0,1.4,293.0,1.2887067948334165,-0.5470235798849833
2026-03-18 10:00:00,26.9,36.0,0.0,3.2,218.0,1.9701167210421067,2.521634411541511
2026-03-18 11:00:00,27.9,35.0,0.0,5.9,203.0,2.305313658086715,5.4309786353693985
2026-03-18 12:00:00,28.1,38.0,0.0,11.2,191.0,2.1370607482173027,10.994224454613835
2026-03-18 13:00:00,27.7,44.0,0.0,13.1,179.0,-0.22862652432841354,13.098004806548726
2026-03-18 14:00:00,27.6,47.0,0.0,14.0,168.0,-2.9107636714486307,13.69406641027328
2026-03-18 15:00:00,26.7,57.0,0.0,13.9,174.0,-1.4529456394203843,13.823854345618999
2026-03-18 16:00:00,26.1,63.0,0.0,14.3,184.0,0.9975175745409909,14.265165918715487
2026-03-18 17:00:00,25.3,66.0,0.0,11.0,184.0,0.7673212111853775,10.973204552858066
2026-03-18 18:00:00,24.6,70.0,0.0,6.5,178.0,-0.2268467285662562,6.496040375624123
2026-03-18 19:00:00,23.7,74.0,0.0,2.2,138.0,-1.4720873339894882,1.6349186160502676
2026-03-18 20:00:00,23.6,65.0,0.0,3.8,82.0,-3.763018661217967,-0.528857783648249
2026-03-18 21:00:00,23.4,61.0,0.0,5.1,67.0,-4.694574752607446,-1.992728755295295
2026-03-18 22:00:00,22.7,62.0,0.0,4.3,75.0,-4.153481053042993,-1.1129218939408394
2026-03-18 23:00:00,22.5,62.0,0.0,2.1,59.0,-1.800051331474436,-1.0815799573111138
2026-03-19 00:00:00,22.0,63.0,0.0,3.2,43.0,-2.1823947521999956,-2.3403318451813457
2026-03-19 01:00:00,21.3,62.0,0.0,4.8,56.0,-3.9793803482642005,-2.684125936659584
2026-03-19 02:00:00,21.2,68.0,0.0,3.8,8.0,-0.5288577836482501,-3.763018661217967
2026-03-19 03:00:00,21.1,66.0,0.0,6.1,30.0,-3.0500000000000025,-5.282754963085074
2026-03-19 04:00:00,21.1,64.0,0.0,7.8,32.0,-4.133370261018999,-6.614775150020122
2026-03-19 05:00:00,20.5,66.0,0.0,5.6,27.0,-2.5423467985414625,-4.989636535454859
2026-03-19 06:00:00,19.7,66.0,0.0,5.3,28.0,-2.488199282765221,-4.679622242152313
2026-03-19 07:00:00,21.4,56.0,0.0,7.9,24.0,-3.2132194802988208,-7.217009115376548
2026-03-19 08:00:00,24.2,49.0,0.0,9.1,10.0,-1.580198416769066,-8.961750552411093
2026-03-19 09:00:00,26.2,52.0,0.0,9.5,360.0,5.817072295949927e-16,-9.5
2026-03-19 10:00:00,27.9,46.0,0.0,8.5,322.0,5.233122540268096,-6.698091405657137
2026-03-19 11:00:00,29.1,43.0,0.0,9.0,272.0,8.994517443171862,-0.31409547032250873
2026-03-19 12:00:00,28.5,51.0,0.0,15.5,252.0,14.74137600257488,4.789763412811685
2026-03-19 13:00:00,27.3,55.0,0.0,17.7,261.0,17.48208362853394,2.768890031212086
2026-03-19 14:00:00,27.8,50.0,0.0,14.1,276.0,14.022758724692652,-1.473851332073914
2026-03-19 15:00:00,27.7,52.0,0.0,12.5,275.0,12.45243372614682,-1.0894467843457272
2026-03-19 16:00:00,27.0,57.0,0.0,10.8,280.0,10.635923732531847,-1.8754003188028476
2026-03-19 17:00:00,26.0,61.0,0.0,9.8,290.0,9.208987683701903,-3.3517974045915535
2026-03-19 18:00:00,25.3,62.0,0.0,8.1,294.0,7.399718206905066,-3.2945668089139817
2026-03-19 19:00:00,24.9,65.0,0.0,5.5,287.0,5.259676157796695,-1.6080443759750522
2026-03-19 20:00:00,24.6,66.0,0.0,8.2,319.0,5.379684037722159,-6.18861855782673
2026-03-19 21:00:00,24.2,65.0,0.0,7.6,342.0,2.3485291572496005,-7.228029523843166
2026-03-19 22:00:00,23.4,66.0,0.0,6.9,6.0,-0.7212463965468082,-6.862201078041087
2026-03-19 23:00:00,22.6,69.0,0.0,7.2,13.0,-1.61964759127583,-7.015464466453693
2026-03-20 00:00:00,21.9,71.0,0.0,4.7,18.0,-1.4523798735622535,-4.469965626587221
2026-03-20 01:00:00,21.1,75.0,0.0,3.4,18.0,-1.0506577808748216,-3.233592155403522
2026-03-20 02:00:00,20.8,77.0,0.0,4.7,7.0,-0.5727859140041918,-4.664966912714214
2026-03-20 03:00:00,20.1,80.0,0.0,4.8,20.0,-1.641696687963209,-4.51052457977236
2026-03-20 04:00:00,19.6,83.0,0.0,6.3,15.0,-1.63055998414588,-6.085332705621131
2026-03-20 05:00:00,19.2,84.0,0.0,6.8,11.0,-1.2975011685605033,-6.675064847444115
2026-03-20 06:00:00,18.9,85.0,0.0,8.8,12.0,-1.8296228791962863,-8.60769888645749
2026-03-20 07:00:00,19.6,81.0,0.0,8.5,13.0,-1.9120839619228547,-8.282145550674498
2026-03-20 08:00:00,21.9,72.0,0.0,5.5,351.0,0.8603895577212701,-5.4322858732732575
2026-03-20 09:00:00,24.9,58.0,0.0,3.4,288.0,3.233592155403522,-1.0506577808748212
2026-03-20 10:00:00,26.6,53.0,0.0,9.0,244.0,8.089146416692504,3.9453403211016966
2026-03-20 11:00:00,27.4,51.0,0.0,12.4,249.0,11.576397288565301,4.443762574361723
2026-03-20 12:00:00,27.7,51.0,0.0,14.5,251.0,13.710019346190094,4.720738239628772
2026-03-20 13:00:00,27.6,52.0,0.0,14.9,253.0,14.248940863849228,4.356338400368778
2026-03-20 14:00:00,27.0,55.0,0.0,13.4,250.0,12.591881118531173,4.583069920563961
2026-03-20 15:00:00,26.7,57.0,0.0,13.0,264.0,12.928784639787553,1.3588700224794952
2026-03-20 16:00:00,26.0,60.0,0.0,12.5,274.0,12.469550628247802,-0.8719559218015662
2026-03-20 17:00:00,25.3,63.0,0.0,8.7,278.0,8.61533219805166,-1.2108059783525693
2026-03-20 18:00:00,24.5,66.0,0.0,6.7,289.0,6.334974456515423,-2.18130663486295
2026-03-20 19:00:00,24.2,67.0,0.0,6.4,306.0,5.177708763999664,-3.761825614671828
2026-03-20 20:00:00,24.4,66.0,0.0,9.4,310.0,7.200817765318393,-6.042203531053469
2026-03-20 21:00:00,24.1,65.0,0.0,9.4,342.0,2.904759747124506,-8.939931253174443
2026-03-20 22:00:00,23.6,64.0,0.0,10.1,6.0,-1.055737479003299,-10.044671143219562
2026-03-20 23:00:00,22.7,67.0,0.0,10.5,7.0,-1.2796281057540453,-10.421734592233882
2026-03-21 00:00:00,22.0,70.0,0.0,9.0,5.0,-0.7844016847289242,-8.96575228282571
2026-03-21 01:00:00,21.4,73.0,0.0,9.6,4.0,-0.6696621479436056,-9.576614882494312
2026-03-21 02:00:00,21.0,75.0,0.0,10.1,357.0,0.5285931580537341,-10.086158301021195
2026-03-21 03:00:00,20.6,77.0,0.0,10.1,356.0,0.7045403848156648,-10.075396907624224
2026-03-21 04:00:00,20.1,80.0,0.0,9.2,4.0,-0.6417595584459553,-9.177589262390383
2026-03-21 05:00:00,19.7,81.0,0.0,8.7,7.0,-1.0602632876247804,-8.635151519279502
2026-03-21 06:00:00,19.3,82.0,0.0,5.6,27.0,-2.5423467985414625,-4.989636535454859
2026-03-21 07:00:00,20.6,74.0,0.0,3.5,39.0,-2.2026213686744325,-2.720010865099397
2026-03-21 08:00:00,22.3,68.0,0.0,4.5,304.0,3.730669076497687,-2.516368065618361
2026-03-21 09:00:00,25.1,56.0,0.0,3.1,273.0,3.0957515577391788,-0.1622414643531259
2026-03-21 10:00:00,26.9,50.0,0.0,4.9,246.0,4.476372742448745,1.9930095510714212
2026-03-21 11:00:00,28.0,49.0,0.0,7.8,226.0,5.610850442641479,5.418335289580178
2026-03-21 12:00:00,27.9,54.0,0.0,13.0,228.0,9.660882731206126,8.698697882665158
2026-03-21 13:00:00,27.4,57.0,0.0,13.6,242.0,12.008087262881407,6.384813253888114
2026-03-21 14:00:00,28.1,52.0,0.0,10.9,241.0,9.533354807819414,5.284424860685074
2026-03-21 15:00:00,27.5,54.0,0.0,11.4,239.0,9.77170722800408,5.8714340539746175
2026-03-21 16:00:00,26.7,58.0,0.0,9.9,251.0,9.360633898433237,3.2231247291258516
2026-03-21 17:00:00,25.9,61.0,0.0,7.0,266.0,6.982948351818769,0.4882953162088771
2026-03-21 18:00:00,25.4,63.0,0.0,4.1,257.0,3.9949172656194643,0.9222993228098464
2026-03-21 19:00:00,24.8,67.0,0.0,1.5,166.0,-0.36288284339950166,1.4554435894139948
2026-03-21 20:00:00,24.7,70.0,0.0,1.7000000000000002,198.0,0.5253288904374107,1.6167960777017611
2026-03-21 21:00:00,24.2,72.0,0.0,2.9,158.0,-1.086359120906145,2.6888331782436836
2026-03-21 22:00:00,23.6,75.0,0.0,2.2,171.0,-0.34415582308850784,2.1729143493093033
2026-03-21 23:00:00,23.0,77.0,0.0,1.3,304.0,1.0777488443215542,-0.726950774511971
2026-03-22 00:00:00,22.6,69.0,0.0,8.6,337.0,3.360287705007754,-7.916341739690987
2026-03-22 01:00:00,21.5,70.0,0.0,12.2,359.0,0.21291935853485988,-12.198141880907972
2026-03-22 02:00:00,20.7,74.0,0.0,8.8,5.0,-0.7669705361793927,-8.766513343207361
2026-03-22 03:00:00,20.5,76.0,0.0,8.8,360.0,5.388445916248355e-16,-8.8
2026-03-22 04:00:00,20.0,79.0,0.0,8.7,352.0,1.2108059783525695,-8.61533219805166
2026-03-22 05:00:00,19.8,79.0,0.0,8.0,352.0,1.1133848076805237,-7.922144549932563
2026-03-22 06:00:00,19.5,81.0,0.0,8.1,360.0,4.959819536546781e-16,-8.1
2026-03-22 07:00:00,19.9,79.0,0.0,10.1,1.0,-0.17626930501656332,-10.098461721079552
2026-03-22 08:00:00,22.2,69.0,0.0,6.4,335.0,2.7047568751404767,-5.80036983703456
2026-03-22 09:00:00,24.8,59.0,0.0,3.3,283.0,3.2154212137912763,-0.7423384793347545
2026-03-22 10:00:00,26.3,55.0,0.0,9.3,227.0,6.801589425058286,6.3425847485812366
2026-03-22 11:00:00,26.9,56.0,0.0,11.8,231.0,9.170322345192258,7.425980614388082
2026-03-22 12:00:00,27.7,53.0,0.0,11.8,242.0,10.41878159573534,5.539764440873512
2026-03-22 13:00:00,27.8,53.0,0.0,13.4,239.0,11.486041829408306,6.901510203794726
2026-03-22 14:00:00,27.4,55.0,0.0,12.2,241.0,10.670360427100627,5.914677367005312
2026-03-22 15:00:00,27.0,58.0,0.0,10.8,252.0,10.271410375987658,3.337383539249432
2026-03-22 16:00:00,26.6,60.0,0.0,9.1,256.0,8.829691109111568,2.2014892499569765
2026-03-22 17:00:00,25.8,64.0,0.0,6.4,241.0,5.597566125692133,3.1027815695765573
2026-03-22 18:00:00,24.9,68.0,0.0,5.4,233.0,4.312631754255381,3.2498011250210608
2026-03-22 19:00:00,24.4,71.0,0.0,3.3,264.0,3.2819222547153015,0.3449439287832564
2026-03-22 20:00:00,24.6,72.0,0.0,3.1,301.0,2.6572186321765483,-1.5966180322211678
2026-03-22 21:00:00,24.2,74.0,0.0,0.9,281.0,0.8834644651028976,-0.17172809583889032
2026-03-22 22:00:00,24.1,74.0,0.0,1.1,360.0,6.735557395310444e-17,-1.1
2026-03-22 23:00:00,23.6,75.0,0.0,3.6,30.0,-1.8000000000000016,-3.117691453623978
2026-03-23 00:00:00,23.3,76.0,0.0,3.8,25.0,-1.6059493946146568,-3.44396959073927
2026-03-23 01:00:00,23.0,76.0,0.0,4.9,2.0,-0.17100753384225373,-4.897015052393569
2026-03-23 02:00:00,22.6,77.0,0.0,3.6,9.0,-0.5631640741448317,-3.5556780261424956
2026-03-23 03:00:00,22.4,77.0,0.0,5.8,5.0,-0.5055033079364178,-5.777929248932124
2026-03-23 04:00:00,21.9,78.0,0.0,4.7,16.0,-1.2954955723398949,-4.5179299709100995
2026-03-23 05:00:00,21.2,81.0,0.0,3.6,20.0,-1.2312725159724067,-3.3828934348292705
2026-03-23 06:00:00,20.8,83.0,0.0,4.5,360.0,2.755455298081545e-16,-4.5
2026-03-23 07:00:00,22.2,76.0,0.0,6.9,25.0,-2.9160660060108246,-6.253523730552885
2026-03-23 08:00:00,24.5,66.0,0.0,4.0,352.0,0.5566924038402619,-3.9610722749662814
2026-03-23 09:00:00,26.7,57.0,0.0,2.6,245.0,2.3564002462952898,1.0988074805258186
2026-03-23 10:00:00,27.6,55.0,0.0,9.4,203.0,3.672872607799173,8.65274562245294
2026-03-23 11:00:00,27.6,58.0,0.0,13.6,209.0,6.593410835350185,11.894828017095781
2026-03-23 12:00:00,27.8,58.0,0.0,13.8,220.0,8.870469013674244,10.571413315041896
2026-03-23 13:00:00,27.9,59.0,0.0,11.5,215.0,6.596129018037031,9.420248509323406
2026-03-23 14:00:00,27.6,61.0,0.0,11.3,211.0,5.8199302464836125,9.68599049793387
2026-03-23 15:00:00,27.2,62.0,0.0,12.2,200.0,4.172645748573159,11.46424997358808
2026-03-23 16:00:00,26.2,67.0,0.2,10.5,202.0,3.9333692308670756,9.735430472951268
2026-03-23 17:00:00,25.4,71.0,0.1,8.5,198.0,2.6266444521870533,8.083980388508804
2026-03-23 18:00:00,24.9,74.0,0.0,3.6,213.0,1.9607005260540975,3.0192140446035265
2026-03-23 19:00:00,24.8,75.0,0.0,1.3,304.0,1.0777488443215542,-0.726950774511971
2026-03-23 20:00:00,24.4,77.0,0.0,4.7,18.0,-1.4523798735622535,-4.469965626587221
2026-03-23 21:00:00,24.1,78.0,0.0,4.5,50.0,-3.447199994035401,-2.892544243589427
2026-03-23 22:00:00,24.1,77.0,0.0,3.7,67.0,-3.4058679577740296,-1.4457051754103123
2026-03-23 23:00:00,23.9,78.0,0.0,3.7,35.0,-2.122232814498872,-3.030862563869269
2026-03-24 00:00:00,23.1,83.0,0.0,5.1,27.0,-2.315351548671689,-4.544133273360675
2026-03-24 01:00:00,22.7,86.0,0.0,4.2,25.0,-1.7749966993109365,-3.8064927055539304
2026-03-24 02:00:00,22.4,87.0,0.0,5.6,353.0,0.6824683230688259,-5.558258449191403
2026-03-24 03:00:00,22.0,89.0,0.0,5.0,2.0,-0.1744974835125038,-4.9969541350954785
2026-03-24 04:00:00,21.7,91.0,0.0,5.6,15.0,-1.4493866525741155,-5.4091846272187825
2026-03-24 05:00:00,21.3,93.0,0.0,4.2,20.0,-1.436484601967808,-3.9467090073008158
2026-03-24 06:00:00,20.8,94.0,0.0,3.0,17.0,-0.8771151141682113,-2.8689142678891058
2026-03-24 07:00:00,22.0,88.0,0.0,3.8,3.0,-0.19887663372318837,-3.7947922320673806
2026-03-24 08:00:00,24.0,77.0,0.0,0.4,360.0,2.4492935982947065e-17,-0.4
2026-03-24 09:00:00,25.9,71.0,0.0,6.2,206.0,2.7179011100922805,5.572523087054836
2026-03-24 10:00:00,27.1,64.0,0.0,9.8,200.0,3.351797404591555,9.208987683701903
2026-03-24 11:00:00,27.9,60.0,0.0,10.5,207.0,4.766900247265242,9.355568503977862
2026-03-24 12:00:00,27.8,61.0,0.0,11.0,201.0,3.942047444998304,10.269384691469218
2026-03-24 13:00:00,27.9,58.0,0.0,11.7,185.0,1.0197221901476001,11.655477967673422
2026-03-24 14:00:00,27.6,59.0,0.0,9.9,178.0,-0.34550501735475947,9.893969187489049
2026-03-24 15:00:00,27.6,59.0,0.0,9.4,188.0,1.3082271490246153,9.308519846170762
2026-03-24 16:00:00,27.1,61.0,0.0,9.0,215.0,5.162187927159415,7.372368398600926
2026-03-24 17:00:00,26.4,65.0,0.0,8.4,228.0,6.242416534010112,5.620697093414409
2026-03-24 18:00:00,25.4,70.0,0.0,6.1,251.0,5.767663311155832,1.9859657421886558
2026-03-24 19:00:00,25.0,73.0,0.0,2.8,305.0,2.293625724009177,-1.6060140217829288
2026-03-24 20:00:00,25.9,65.0,0.0,3.3,351.0,0.516233734632762,-3.2593715239639547
2026-03-24 21:00:00,25.6,67.0,0.0,4.5,7.0,-0.5484120453231622,-4.46645768238595
2026-03-24 22:00:00,25.2,70.0,0.0,5.9,14.0,-1.42733918403804,-5.7247447850283795
2026-03-24 23:00:00,24.9,74.0,0.0,6.6,16.0,-1.8192065483921926,-6.344327193192905
2026-03-25 00:00:00,24.5,79.0,0.0,8.6,11.0,-1.6409573602382836,-8.441993777649909
2026-03-25 01:00:00,23.9,82.0,0.0,10.0,6.0,-1.0452846326765335,-9.945218953682733
2026-03-25 02:00:00,23.6,80.0,0.0,11.0,350.0,1.9101299543362344,-10.832885283134289
2026-03-25 03:00:00,23.1,81.0,0.0,10.3,349.0,1.9653326523784127,-10.110759989510939
2026-03-25 04:00:00,22.6,82.0,0.0,10.1,350.0,1.753846594435997,-9.9465583054233
2026-03-25 05:00:00,22.5,81.0,0.0,10.3,356.0,0.71849167956449,-10.27490971767619
2026-03-25 06:00:00,22.4,79.0,0.0,10.1,354.0,1.0557374790032998,-10.04467114321956
2026-03-25 07:00:00,23.3,73.0,0.0,10.3,345.0,2.6658361645559636,-9.949036010777405
2026-03-25 08:00:00,25.4,65.0,0.0,9.3,336.0,3.7826507806049423,-8.495972756076188
2026-03-25 09:00:00,27.3,59.0,0.0,9.9,328.0,5.246200715908729,-8.395676151948617
2026-03-25 10:00:00,28.9,53.0,0.0,9.3,306.0,7.523858047687012,-5.46640284632
2026-03-25 11:00:00,29.9,51.0,0.0,11.4,281.0,11.19054989130337,-2.175222547292611
2026-03-25 12:00:00,30.4,52.0,0.0,15.7,272.0,15.690435984199803,-0.5479220982292652
2026-03-25 13:00:00,29.7,56.0,0.0,18.6,274.0,18.554691334832732,-1.2974704116407307
2026-03-25 14:00:00,29.4,55.0,0.0,17.2,281.0,16.883987555299818,-3.2819147204765704
2026-03-25 15:00:00,28.9,57.0,0.0,14.2,269.0,14.197837271220756,0.24782417140942586
2026-03-25 16:00:00,28.0,61.0,0.0,11.6,258.0,11.346512168512145,2.411775613486008
2026-03-25 17:00:00,26.6,68.0,0.0,9.4,252.0,8.939931253174443,2.9047597471245057
2026-03-25 18:00:00,25.5,73.0,0.0,6.0,245.0,5.437846722219899,2.5357095704441965
2026-03-25 19:00:00,25.0,76.0,0.0,6.5,228.0,4.830441365603063,4.349348941332579
2026-03-25 20:00:00,24.9,79.0,0.0,5.6,174.0,-0.5853593942988599,5.56932261406233
2026-03-25 21:00:00,24.7,82.0,0.0,9.2,169.0,-1.755442757464212,9.030970087718508
2026-03-25 22:00:00,24.6,83.0,0.0,8.3,196.0,2.287790053281093,7.978472076288048
2026-03-25 23:00:00,24.3,84.0,0.0,4.5,209.0,2.181643291108517,3.935788682127281
2026-03-26 00:00:00,24.0,85.0,0.0,1.6,207.0,0.726384799583275,1.4256104387013886
2026-03-26 01:00:00,23.7,86.0,0.0,0.7000000000000001,14.0,-0.16934532691976747,-0.6792070083931976
2026-03-26 02:00:00,23.4,88.0,0.0,3.1,31.0,-1.596618032221169,-2.6572186321765474
2026-03-26 03:00:00,23.8,81.0,0.0,6.8,58.0,-5.766727053863697,-3.6034509967857926
2026-03-26 04:00:00,23.4,80.0,0.0,10.1,35.0,-5.793122007145568,-8.273435647318815
2026-03-26 05:00:00,22.4,86.0,0.0,15.1,23.0,-5.900040040188035,-13.899623287131847
2026-03-26 06:00:00,22.1,82.0,0.0,9.6,47.0,-7.020995535544038,-6.5471842565999845
2026-03-26 07:00:00,23.3,72.0,0.0,5.6,33.0,-3.049978596084151,-4.696555180494374
2026-03-26 08:00:00,25.0,70.0,0.0,2.6,16.0,-0.7166571251241971,-2.4992804094396295
2026-03-26 09:00:00,26.7,65.0,0.0,5.6,264.0,5.56932261406233,0.5853593942988594
2026-03-26 10:00:00,27.6,62.0,0.0,11.8,244.0,10.605769746330171,5.172779532111114
2026-03-26 11:00:00,27.6,60.0,0.0,14.6,240.0,12.643970895252805,7.299999999999999
2026-03-26 12:00:00,27.9,57.0,0.0,14.4,237.0,12.076856178414106,7.84280210421639
2026-03-26 13:00:00,27.9,60.0,0.0,15.5,244.0,13.93130771763709,6.7947527752307
2026-03-26 14:00:00,27.4,63.0,0.0,13.3,247.0,12.242714550917457,5.196724008907341
2026-03-26 15:00:00,27.1,63.0,0.0,10.6,260.0,10.438962181929405,1.8406706832694615
2026-03-26 16:00:00,26.6,64.0,0.0,12.4,272.0,12.392446255036788,-0.43275375911101205
2026-03-26 17:00:00,25.8,69.0,0.0,16.4,294.0,14.982145505338654,-6.6704809464431225
2026-03-26 18:00:00,24.8,75.0,0.0,16.2,308.0,12.765774208428894,-9.973715900275664
2026-03-26 19:00:00,24.2,76.0,0.1,11.2,332.0,5.258081503201978,-9.88901304001998
2026-03-26 20:00:00,23.2,88.0,0.1,8.4,341.0,2.734772497440117,-7.942356035034261
2026-03-26 21:00:00,23.1,86.0,0.2,3.7,11.0,-0.7059932828932151,-3.632020578756357
2026-03-26 22:00:00,23.0,86.0,0.1,3.9,68.0,-3.616017032810471,-1.460965714322057
2026-03-26 23:00:00,22.9,84.0,0.0,1.2,129.0,-0.9325751537483651,0.7551844692598049
2026-03-27 00:00:00,22.5,83.0,0.0,2.4,99.0,-2.37045201742833,0.37544271609655433
2026-03-27 01:00:00,22.3,81.0,0.0,3.1,66.0,-2.8319909186920627,-1.2608835935349807
2026-03-27 02:00:00,22.0,83.0,0.0,5.4,42.0,-3.613305274337834,-4.01298205757793
2026-03-27 03:00:00,22.0,86.0,0.0,6.3,20.0,-2.1547269029517118,-5.9200635109512225
2026-03-27 04:00:00,21.9,88.0,0.0,7.0,1.0,-0.12216684506098449,-6.998933866094739
2026-03-27 05:00:00,21.9,90.0,0.0,7.2,13.0,-1.61964759127583,-7.015464466453693
2026-03-27 06:00:00,21.6,88.0,0.0,7.4,4.0,-0.5161979057065293,-7.381973971922699
2026-03-27 07:00:00,22.4,80.0,0.0,9.6,348.0,1.9959522318504908,-9.390216967044534
2026-03-27 08:00:00,24.8,63.0,0.0,10.5,355.0,0.9151352988504105,-10.460044329963328
2026-03-27 09:00:00,27.0,53.0,0.0,10.2,351.0,1.5956315434103554,-10.074421074070404
2026-03-27 10:00:00,29.1,47.0,0.0,9.1,326.0,5.088655421583796,-7.5442419102508795
2026-03-27 11:00:00,30.4,45.0,0.0,11.1,295.0,10.060016436106814,-4.691062705321763
2026-03-27 12:00:00,30.6,46.0,0.0,14.4,285.0,13.909331898562584,-3.7269942494762986
2026-03-27 13:00:00,30.6,48.0,0.0,16.7,287.0,15.970289424582692,-4.882607468869704
2026-03-27 14:00:00,30.4,48.0,0.0,19.6,295.0,17.76363262591834,-8.28331793011771
2026-03-27 15:00:00,30.0,48.0,0.0,21.3,297.0,18.978438965212238,-9.669997644452346
2026-03-27 16:00:00,29.4,49.0,0.0,18.5,308.0,14.578198941724356,-11.389737293524679
2026-03-27 17:00:00,28.7,52.0,0.0,16.2,309.0,12.589764575602928,-10.194990335007365
2026-03-27 18:00:00,27.0,62.0,0.0,14.7,298.0,12.979329615026225,-6.901231972952594
2026-03-27 19:00:00,26.3,66.0,0.0,11.8,304.0,9.782643356149492,-6.598476260954814
2026-03-27 20:00:00,25.9,68.0,0.0,8.7,313.0,6.3627772040867825,-5.933385732543736
2026-03-27 21:00:00,25.5,69.0,0.0,3.1,298.0,2.7371375378626737,-1.4553618446362615
2026-03-27 22:00:00,25.2,69.0,0.0,0.5,270.0,0.5,0.0
2026-03-27 23:00:00,24.9,70.0,0.0,3.7,133.0,-2.706008695990931,2.523393932231245
2026-03-28 00:00:00,24.5,77.0,0.0,5.3,156.0,-2.1557042083017413,4.8417909255057845
2026-03-28 01:00:00,24.1,81.0,0.0,5.1,174.0,-0.5330951626650331,5.072061666378193
2026-03-28 02:00:00,23.8,81.0,0.0,1.6,180.0,9.797174393178826e-17,1.6
2026-03-28 03:00:00,24.2,81.0,0.0,0.0,270.0,0.0,0.0
2026-03-28 04:00:00,23.6,82.0,0.1,4.9,360.0,3.0003846579110154e-16,-4.9
2026-03-28 05:00:00,22.5,90.0,0.4,5.0,316.0,3.4732918522949863,-3.5966990016932554
2026-03-28 06:00:00,22.0,91.0,0.5,1.9,49.0,-1.433948202423267,-1.2465121550819633
2026-03-28 07:00:00,23.1,84.0,0.0,1.6,96.0,-1.5912350325892373,0.16724554122824598
2026-03-28 08:00:00,25.4,73.0,0.0,4.3,182.0,0.15006783582075464,4.2973805561821115
2026-03-28 09:00:00,26.4,67.0,0.0,6.2,173.0,-0.7555899291119137,6.153786140176197
2026-03-28 10:00:00,26.9,66.0,0.3,8.9,172.0,-1.2386405985445816,8.813385811799977
2026-03-28 11:00:00,27.4,63.0,0.2,9.7,184.0,0.6766377953180147,9.676371287520293
2026-03-28 12:00:00,27.2,64.0,0.1,9.2,206.0,4.033014550459512,8.268905225952336
2026-03-28 13:00:00,27.7,62.0,0.1,8.6,203.0,3.360287705007754,7.916341739690987
2026-03-28 14:00:00,27.4,62.0,0.0,9.0,218.0,5.5409532779309245,7.092096782460498
2026-03-28 15:00:00,27.3,60.0,0.0,9.6,214.0,5.368251873319169,7.9587606965284
2026-03-28 16:00:00,26.5,63.0,0.0,8.3,219.0,5.2233592457136515,6.450311480092859
2026-03-28 17:00:00,25.8,66.0,0.0,4.6,206.0,2.016507275229756,4.134452612976168
2026-03-28 18:00:00,24.9,71.0,0.0,4.0,231.0,3.1085838458278836,2.5172815641993496
2026-03-28 19:00:00,24.4,76.0,0.0,1.0,301.0,0.8571673007021123,-0.5150380749100542
2026-03-28 20:00:00,24.5,77.0,0.0,2.5,266.0,2.4939101256495606,0.17439118436031326
2026-03-28 21:00:00,24.1,81.0,0.0,0.4,297.0,0.3564026096753472,-0.1815961998958187
2026-03-28 22:00:00,23.9,81.0,0.0,0.4,117.0,-0.35640260967534715,0.18159619989581877
2026-03-28 23:00:00,23.5,82.0,0.0,1.2,63.0,-1.0692078290260414,-0.544788599687456
2026-03-29 00:00:00,23.1,82.0,0.0,2.6,74.0,-2.499280409439629,-0.7166571251241974
2026-03-29 01:00:00,22.7,84.0,0.1,2.6,12.0,-0.5405703961261754,-2.5431837619078945
2026-03-29 02:00:00,22.8,82.0,0.0,5.0,360.0,3.061616997868383e-16,-5.0
2026-03-29 03:00:00,22.7,79.0,0.0,5.4,360.0,3.3065463576978537e-16,-5.4
2026-03-29 04:00:00,22.5,80.0,0.0,7.6,1.0,-0.13263828892335458,-7.598842483188573
2026-03-29 05:00:00,22.1,81.0,0.0,8.1,354.0,0.846680552467993,-8.055627352483013
2026-03-29 06:00:00,21.8,82.0,0.0,7.7,357.0,0.40298686307066856,-7.689447417610219
2026-03-29 07:00:00,22.7,76.0,0.0,8.1,1.0,-0.14136449214199634,-8.098766330766768
2026-03-29 08:00:00,24.9,68.0,0.0,7.3,330.0,3.650000000000001,-6.3219854476264015
2026-03-29 09:00:00,27.3,56.0,0.0,6.6,334.0,2.893249568807911,-5.932040705574502
2026-03-29 10:00:00,29.3,48.0,0.0,9.2,301.0,7.8859391664594325,-4.738350289172498
2026-03-29 11:00:00,30.0,48.0,0.0,14.9,288.0,14.170742092797788,-4.604353216186716
2026-03-29 12:00:00,30.4,49.0,0.0,16.5,292.0,15.298533600351993,-6.181008791362548
2026-03-29 13:00:00,30.3,50.0,0.0,18.1,294.0,16.535172783331078,-7.361933239671984
2026-03-29 14:00:00,30.9,47.0,0.0,18.7,304.0,15.503002606779278,-10.456907294902967
2026-03-29 15:00:00,30.2,50.0,0.0,18.8,298.0,16.59941474574783,-8.826065380374747
2026-03-29 16:00:00,29.2,55.0,0.0,17.6,294.0,16.07840005450978,-7.1585649181340845
2026-03-29 17:00:00,27.2,65.0,0.0,17.8,283.0,17.34378715317719,-4.004128767320797
2026-03-29 18:00:00,25.2,75.0,0.0,16.3,284.0,15.815820338298742,-3.9433268982745844
2026-03-29 19:00:00,24.7,77.0,0.0,7.2,284.0,6.986129229187175,-1.7418376483176077
2026-03-29 20:00:00,24.8,76.0,0.0,7.4,304.0,6.134878036907308,-4.138027485683527
2026-03-29 21:00:00,24.8,75.0,0.0,5.4,307.0,4.312631754255381,-3.2498011250210608
2026-03-29 22:00:00,24.5,77.0,0.0,4.3,303.0,3.6062834421653234,-2.3419478505646163
2026-03-29 23:00:00,24.3,77.0,0.0,7.3,310.0,5.5921244347685395,-4.692349550711737
2026-03-30 00:00:00,23.9,79.0,0.0,9.5,335.0,4.014873486536644,-8.609923976848174
2026-03-30 01:00:00,23.4,79.0,0.0,11.4,5.0,-0.993575467323304,-11.3566195582459
2026-03-30 02:00:00,23.0,81.0,0.0,12.4,2.0,-0.43275375911100944,-12.392446255036788
2026-03-30 03:00:00,22.6,81.0,0.0,10.5,356.0,0.732442974313315,-10.474422527728153
2026-03-30 04:00:00,22.2,82.0,0.0,5.2,354.0,0.543548008991798,-5.1715138559150216
2026-03-30 05:00:00,21.7,85.0,0.0,1.5,346.0,0.3628828433995015,-1.4554435894139948
2026-03-30 06:00:00,21.6,84.0,0.0,2.7,132.0,-2.006491028788964,1.8066526371689176
2026-03-30 07:00:00,24.0,74.0,0.0,6.0,164.0,-1.6538241349019942,5.767570175629913
2026-03-30 08:00:00,26.0,67.0,0.0,10.7,186.0,1.118454556963892,10.641384280440523
2026-03-30 09:00:00,27.2,65.0,0.0,16.1,190.0,2.79573566043758,15.855404823496551
2026-03-30 10:00:00,28.5,61.0,0.0,19.3,196.0,5.319800967268084,18.552350731609554
2026-03-30 11:00:00,29.1,57.0,0.0,20.0,199.0,6.511363089143135,18.910371511986334
2026-03-30 12:00:00,29.3,54.0,0.0,18.8,197.0,5.496588048787451,17.97852941210507
2026-03-30 13:00:00,29.2,57.0,0.0,16.1,187.0,1.9620964288228748,15.979993041425285
2026-03-30 14:00:00,29.4,58.0,0.0,11.8,188.0,1.6422425913287726,11.685163211150531
2026-03-30 15:00:00,29.1,61.0,0.0,9.6,206.0,4.208363009175144,8.628422844472004
2026-03-30 16:00:00,28.5,64.0,0.0,8.8,250.0,8.269295062915996,3.009777261265885
2026-03-30 17:00:00,27.7,67.0,0.0,12.2,289.0,11.535326622311665,-3.9719314843773117
2026-03-30 18:00:00,27.2,68.0,0.0,9.6,317.0,6.547184256599985,-7.020995535544036
2026-03-30 19:00:00,26.6,70.0,0.0,5.5,328.0,2.914555953282627,-4.664264528860342
2026-03-30 20:00:00,25.9,73.0,0.0,4.4,289.0,4.160281732636994,-1.4324998796114896
2026-03-30 21:00:00,25.0,83.0,0.0,5.2,276.0,5.1715138559150216,-0.5435480089917981
2026-03-30 22:00:00,24.4,89.0,0.0,1.8,276.0,1.790139411662892,-0.18815123388177626
2026-03-30 23:00:00,23.7,91.0,0.0,3.4,238.0,2.883363526931848,1.8017254983928965
2026-03-31 00:00:00,23.2,94.0,0.0,4.7,261.0,4.6421352007971475,0.7352419856890852
2026-03-31 01:00:00,23.1,92.0,0.0,2.5,356.0,0.1743911843603131,-2.4939101256495606
2026-03-31 02:00:00,22.7,85.0,0.0,5.4,360.0,3.3065463576978537e-16,-5.4
2026-03-31 03:00:00,22.9,59.0,0.0,4.0,36.0,-2.351141009169893,-3.2360679774997894
2026-03-31 04:00:00,22.3,53.0,0.0,5.0,2.0,-0.1744974835125038,-4.9969541350954785
2026-03-31 05:00:00,22.6,45.0,0.0,7.1,30.0,-3.550000000000003,-6.148780366869512
2026-03-31 06:00:00,22.5,46.0,0.0,7.4,4.0,-0.5161979057065293,-7.381973971922699
2026-03-31 07:00:00,24.3,44.0,0.0,4.0,54.0,-3.2360679774997902,-2.351141009169892
2026-03-31 08:00:00,26.5,51.0,0.0,7.2,359.0,0.1256573263484419,-7.198903405126018
2026-03-31 09:00:00,28.0,60.0,0.0,4.1,304.0,3.3990540474756705,-2.2926909042300623
2026-03-31 10:00:00,29.4,58.0,0.0,5.8,240.0,5.022947341949744,2.8999999999999995
2026-03-31 11:00:00,29.5,64.0,0.0,12.9,221.0,8.463161473977545,9.735753584873759
2026-03-31 12:00:00,29.2,62.0,0.0,15.4,216.0,9.051892885304087,12.45886171337419
2026-03-31 13:00:00,29.1,64.0,0.0,14.1,215.0,8.08742775254975,11.550043824474784
2026-03-31 14:00:00,29.3,60.0,0.0,10.7,221.0,7.019831610198428,8.07539250838366
2026-03-31 15:00:00,29.1,63.0,0.0,11.4,221.0,7.479072930491784,8.603689214539601
2026-03-31 16:00:00,28.0,69.0,0.0,12.6,221.0,8.266343765280391,9.509340710806928
2026-03-31 17:00:00,27.1,73.0,0.0,9.3,221.0,6.101348969611718,7.01879909607178
2026-03-31 18:00:00,26.0,80.0,0.0,8.2,241.0,7.171881598543044,3.9754388860199636
2026-03-31 19:00:00,25.2,85.0,0.0,4.7,270.0,4.7,0.0
2026-03-31 20:00:00,24.7,85.0,0.0,2.7,266.0,2.6934229357015256,0.18834247910913832
2026-03-31 21:00:00,24.3,88.0,0.0,0.9,217.0,0.5416335208368436,0.7187719590425635
2026-03-31 22:00:00,23.9,89.0,0.0,1.1,189.0,0.17207791154425403,1.0864571746546516
2026-03-31 23:00:00,23.5,91.0,0.0,1.0,315.0,0.7071067811865476,-0.7071067811865475
2026-04-01 00:00:00,23.3,92.0,0.0,8.2,345.0,2.12231616984067,-7.92059177557036
2026-04-01 01:00:00,23.1,88.0,0.0,9.4,13.0,-2.1145399108323333,-9.159078608981211
2026-04-01 02:00:00,23.0,81.0,0.0,8.6,350.0,1.4933743279356015,-8.469346675904989
2026-04-01 03:00:00,22.5,83.0,0.0,5.9,333.0,2.6785439484633264,-5.25693849271137
2026-04-01 04:00:00,21.9,86.0,0.0,5.9,342.0,1.82320026681219,-5.611233446141406
2026-04-01 05:00:00,21.4,82.0,0.0,5.3,10.0,-0.9203353416347307,-5.2194810909647025
2026-04-01 06:00:00,21.3,68.0,0.0,4.7,28.0,-2.2065163450936867,-4.149853686436957
2026-04-01 07:00:00,23.9,56.0,0.0,3.2,3.0,-0.1674750599774218,-3.1956145112146364
2026-04-01 08:00:00,26.6,60.0,0.0,3.1,301.0,2.6572186321765483,-1.5966180322211678
2026-04-01 09:00:00,28.2,62.0,0.0,7.2,257.0,7.015464466453694,1.6196475912758281
2026-04-01 10:00:00,29.6,55.0,0.0,12.5,276.0,12.431523692103417,-1.3066057908456683
2026-04-01 11:00:00,30.4,52.0,0.0,17.6,278.0,17.42871800985164,-2.449446576897152
2026-04-01 12:00:00,30.6,52.0,0.0,19.9,280.0,19.59767428494294,-3.4555987355719133
2026-04-01 13:00:00,30.8,51.0,0.0,21.3,285.0,20.574220099957156,-5.512845660683692
2026-04-01 14:00:00,28.9,60.0,0.7000000000000001,22.1,300.0,19.139161423636097,-11.049999999999999
2026-04-01 15:00:00,28.6,61.0,0.1,15.8,305.0,12.94260229976607,-9.062507694346529
2026-04-01 16:00:00,28.2,63.0,0.0,14.5,300.0,12.557368354874361,-7.249999999999999
2026-04-01 17:00:00,27.7,64.0,0.0,9.1,302.0,7.717237675023476,-4.822265304522165
2026-04-01 18:00:00,26.7,68.0,0.0,9.6,275.0,9.563469101680758,-0.8366951303775184
2026-04-01 19:00:00,25.8,75.0,0.0,9.0,267.0,8.987665812791164,0.4710236061864945
2026-04-01 20:00:00,22.6,92.0,0.0,7.0,13.0,-1.5746573804070567,-6.820590453496646
2026-04-01 21:00:00,22.7,88.0,0.1,5.1,8.0,-0.7097828148963357,-5.050367150582008
2026-04-01 22:00:00,22.9,85.0,0.0,0.9,169.0,-0.17172809583889032,0.8834644651028976
2026-04-01 23:00:00,22.9,87.0,0.1,4.1,229.0,3.094309278913365,2.6898420188610794
2026-04-02 00:00:00,22.9,89.0,0.1,2.5,262.0,2.475670171853926,0.3479327524001636
2026-04-02 01:00:00,23.5,90.0,0.2,1.5,346.0,0.3628828433995015,-1.4554435894139948
2026-04-02 02:00:00,23.5,90.0,0.0,0.6000000000000001,304.0,0.49742254353302506,-0.33551574208244817
2026-04-02 03:00:00,23.4,90.0,0.2,0.6000000000000001,198.0,0.1854101966249685,0.5706339097770922
2026-04-02 04:00:00,23.2,92.0,0.2,2.0,170.0,-0.3472963553338606,1.969615506024416
2026-04-02 05:00:00,23.4,90.0,0.1,1.3,146.0,-0.7269507745119708,1.0777488443215544
2026-04-02 06:00:00,23.0,89.0,0.2,3.1,111.0,-2.8940993221413254,1.1109406435904308
2026-04-02 07:00:00,23.5,78.0,0.2,6.0,93.0,-5.991777208527443,0.31401573745766287
2026-04-02 08:00:00,25.2,65.0,0.0,3.1,66.0,-2.8319909186920627,-1.2608835935349807
2026-04-02 09:00:00,27.3,54.0,0.0,2.4,77.0,-2.3384881554845647,-0.5398825304252759
2026-04-02 10:00:00,28.5,51.0,0.0,4.0,238.0,3.392192384625704,2.1196770569328196
2026-04-02 11:00:00,28.9,52.0,0.0,11.2,258.0,10.955253128218622,2.3286109371589045
2026-04-02 12:00:00,28.5,59.0,0.0,15.4,256.0,14.942554184650346,3.725597192234883
2026-04-02 13:00:00,27.7,65.0,0.0,20.4,259.0,20.025194542332343,3.8925035056815136
2026-04-02 14:00:00,27.5,60.0,0.0,19.7,257.0,19.195090276269134,4.431535770574141
2026-04-02 15:00:00,27.5,60.0,0.0,19.6,264.0,19.492629149218157,2.0487578800460082
2026-04-02 16:00:00,26.7,64.0,0.0,17.0,276.0,16.906872221260645,-1.776983875550109
2026-04-02 17:00:00,26.7,63.0,0.0,12.9,288.0,12.26862906020748,-3.9863192274368213
2026-04-02 18:00:00,26.0,69.0,0.0,8.1,298.0,7.151875502157308,-3.8027196585657155
2026-04-02 19:00:00,25.5,72.0,0.0,2.4,234.0,1.9416407864998737,1.4106846055019355
2026-04-02 20:00:00,24.3,86.0,0.0,3.2,183.0,0.1674750599774207,3.1956145112146364
2026-04-02 21:00:00,24.0,84.0,0.0,0.2,90.0,-0.2,2.4492935982947065e-17
2026-04-02 22:00:00,23.5,89.0,0.0,3.1,357.0,0.1622414643531263,-3.0957515577391788
2026-04-02 23:00:00,23.3,92.0,0.0,3.1,360.0,1.8982025386783975e-16,-3.1
2026-04-03 00:00:00,22.9,90.0,0.0,3.1,77.0,-3.0205472008342293,-0.6973482684659814
2026-04-03 01:00:00,22.6,81.0,0.0,2.8,117.0,-2.4948182677274295,1.271173399270731
2026-04-03 02:00:00,22.4,79.0,0.0,2.5,135.0,-1.7677669529663687,1.7677669529663689
2026-04-03 03:00:00,21.7,79.0,0.0,3.1,80.0,-3.052904034337845,-0.5383093507674844
2026-04-03 04:00:00,22.0,77.0,0.0,6.8,58.0,-5.766727053863697,-3.6034509967857926
2026-04-03 05:00:00,21.8,79.0,0.0,5.2,41.0,-3.411506950750638,-3.9244898171584146
2026-04-03 06:00:00,21.3,82.0,0.0,4.1,45.0,-2.8991378028648453,-2.8991378028648445
2026-04-03 07:00:00,23.3,77.0,0.0,5.4,40.0,-3.4710530923073133,-4.136639992842481
2026-04-03 08:00:00,24.4,76.0,0.0,1.0,338.0,0.37460659341591196,-0.9271838545667874
2026-04-03 09:00:00,26.9,62.0,0.0,10.7,225.0,7.566042558696059,7.566042558696057
2026-04-03 10:00:00,29.1,53.0,0.0,16.7,197.0,4.882607468869704,15.970289424582692
2026-04-03 11:00:00,31.0,44.0,0.0,26.2,164.0,-7.221698722405375,25.185056433583956
2026-04-03 12:00:00,30.9,45.0,0.0,28.9,160.0,-9.884382142111825,27.157116740712752
2026-04-03 13:00:00,30.5,48.0,0.0,29.7,159.0,-10.643528101495418,27.72733866696689
2026-04-03 14:00:00,30.4,51.0,0.0,30.9,170.0,-5.365728689908146,30.430559568077225
2026-04-03 15:00:00,29.3,57.0,0.0,32.1,171.0,-5.021546327791409,31.704795733103925
2026-04-03 16:00:00,28.8,60.0,0.0,31.0,171.0,-4.849468416247155,30.61833855844927
2026-04-03 17:00:00,27.9,64.0,0.0,29.2,169.0,-5.571622664995108,28.663513756671787
2026-04-03 18:00:00,26.9,71.0,0.0,26.6,167.0,-5.98369804554681,25.918243723287258
2026-04-03 19:00:00,26.3,76.0,0.0,21.1,161.0,-6.869488059046006,19.950441945145588
2026-04-03 20:00:00,26.4,77.0,0.1,19.6,152.0,-9.201642630603462,17.305772820034967
2026-04-03 21:00:00,26.3,77.0,0.0,17.2,147.0,-9.367791402258465,14.425133768661292
2026-04-03 22:00:00,26.0,79.0,0.5,15.5,153.0,-7.036852745962974,13.810601124919703
2026-04-03 23:00:00,25.6,86.0,1.4,11.5,170.0,-1.9969540431696986,11.325289159640393
2026-04-04 00:00:00,25.0,93.0,0.1,5.0,195.0,1.2940952255126037,4.8296291314453415
2026-04-04 01:00:00,24.3,92.0,0.5,3.2,326.0,1.78941729110639,-2.652920232176134
2026-04-04 02:00:00,24.3,92.0,0.4,7.9,1.0,-0.13787401085453962,-7.898796791735491
2026-04-04 03:00:00,23.9,86.0,0.0,9.8,23.0,-3.829165059194884,-9.020947563833916
2026-04-04 04:00:00,23.6,78.0,0.0,7.1,27.0,-3.223332548150783,-6.3261463217374105
2026-04-04 05:00:00,23.2,74.0,0.0,5.0,30.0,-2.500000000000002,-4.330127018922192
2026-04-04 06:00:00,23.7,69.0,0.0,3.1,69.0,-2.8940993221413254,-1.1109406435904314
2026-04-04 07:00:00,22.4,92.0,1.0,10.2,288.0,9.700776466210565,-3.1519733426244634
2026-04-04 08:00:00,25.0,80.0,1.2,12.9,309.0,10.025182902794924,-8.118233044542903
2026-04-04 09:00:00,27.0,68.0,0.0,9.7,335.0,4.099397138884784,-8.791185534255504
2026-04-04 10:00:00,26.9,68.0,0.1,10.3,320.0,6.620712379771356,-7.890257764125474
2026-04-04 11:00:00,27.7,65.0,0.2,12.1,287.0,11.571287547152728,-3.5376976271451146
2026-04-04 12:00:00,26.6,72.0,0.3,13.0,269.0,12.998020037033086,0.22688128368468566
2026-04-04 13:00:00,24.8,79.0,0.7000000000000001,13.4,255.0,12.943406072273516,3.468175204373778
2026-04-04 14:00:00,27.4,61.0,0.1,11.5,302.0,9.7525531057989,-6.094071538681856
2026-04-04 15:00:00,26.8,64.0,0.0,8.0,318.0,5.353044850870866,-5.945158603819154
2026-04-04 16:00:00,26.4,64.0,0.2,4.5,37.0,-2.7081676041842173,-3.5938597952128175
2026-04-04 17:00:00,25.4,71.0,2.7,3.9,47.0,-2.852279436314765,-2.6597936042437436
2026-04-04 18:00:00,23.2,92.0,8.9,6.3,187.0,0.7677768634524291,6.253040755340328
2026-04-04 19:00:00,22.6,93.0,3.0,3.8,163.0,-1.1110124779463992,3.633958072659535
2026-04-04 20:00:00,22.6,92.0,4.2,6.9,6.0,-0.7212463965468082,-6.862201078041087
2026-04-04 21:00:00,22.2,91.0,3.3,4.3,28.0,-2.01872771997933,-3.796674649293386
2026-04-04 22:00:00,21.7,91.0,3.1,4.2,348.0,0.8732291014345898,-4.108219923081983
2026-04-04 23:00:00,21.6,90.0,1.5,5.8,2.0,-0.2024170808745044,-5.796466796710755
2026-04-05 00:00:00,21.2,91.0,0.0,0.6000000000000001,288.0,0.5706339097770922,-0.18541019662496847
2026-04-05 01:00:00,20.5,92.0,0.0,2.7,312.0,2.0064910287889646,-1.8066526371689173
2026-04-05 02:00:00,21.0,90.0,0.0,4.3,360.0,2.632990618166809e-16,-4.3
2026-04-05 03:00:00,20.8,88.0,0.0,2.3,356.0,0.16043988961148803,-2.2943973155975956
2026-04-05 04:00:00,21.2,88.0,0.0,5.8,2.0,-0.2024170808745044,-5.796466796710755
2026-04-05 05:00:00,21.2,87.0,0.0,4.0,21.0,-1.4334717981812028,-3.7343217059888065
2026-04-05 06:00:00,21.5,84.0,0.0,0.4,270.0,0.4,0.0
2026-04-05 07:00:00,22.6,79.0,0.0,2.1,165.0,-0.5435199947152938,2.0284442352070435
2026-04-05 08:00:00,24.6,79.0,0.0,14.9,163.0,-4.356338400368776,14.24894086384923
2026-04-05 09:00:00,26.1,74.0,0.0,10.0,150.0,-4.999999999999998,8.660254037844387
2026-04-05 10:00:00,26.9,72.0,0.0,7.9,181.0,0.13787401085454043,7.898796791735491
2026-04-05 11:00:00,27.8,68.0,0.0,7.2,183.0,0.3768188849491966,7.190132650232932
2026-04-05 12:00:00,27.9,68.0,0.0,8.0,208.0,3.755772502287127,7.063580742871415
2026-04-05 13:00:00,28.0,65.0,0.0,4.8,191.0,0.9158831778074156,4.711810480548787
2026-04-05 14:00:00,28.7,60.0,0.0,8.1,183.0,0.4239212455678461,8.088899231512048
2026-04-05 15:00:00,28.4,61.0,0.0,10.5,174.0,-1.0975488643103624,10.44247990136687
2026-04-05 16:00:00,27.9,65.0,0.0,10.1,155.0,-4.268444443581063,9.153708649070165
2026-04-05 17:00:00,27.3,68.0,0.0,9.6,146.0,-5.368251873319168,7.9587606965284
2026-04-05 18:00:00,26.3,73.0,0.0,8.9,117.0,-7.929958065276474,4.040515447681967
2026-04-05 19:00:00,25.6,74.0,0.0,9.9,105.0,-9.562665680261775,2.562308546514958
2026-04-05 20:00:00,25.0,80.0,0.0,5.5,139.0,-3.6083246594477894,4.150902691225246
2026-04-05 21:00:00,25.0,81.0,0.0,4.9,141.0,-3.0836699161442027,3.8080152111391583
2026-04-05 22:00:00,25.0,79.0,0.0,7.4,108.0,-7.037818220584136,2.2867257583746117
2026-04-05 23:00:00,24.4,81.0,0.0,5.2,104.0,-5.045537776635181,1.2579938571182723
2026-04-06 00:00:00,24.3,81.0,0.0,6.1,113.0,-5.6150796060598855,2.3834598837845697
2026-04-06 01:00:00,24.8,79.0,0.0,10.2,131.0,-7.698037718272274,6.691802095703173
2026-04-06 02:00:00,25.2,77.0,0.0,14.4,158.0,-5.394334945189134,13.351447505761739
2026-04-06 03:00:00,25.8,76.0,0.0,18.7,159.0,-6.7014806564971146,17.457953975497674
2026-04-06 04:00:00,25.5,79.0,0.1,17.7,168.0,-3.6800369274743403,17.31321253298836
2026-04-06 05:00:00,25.6,79.0,0.1,18.0,159.0,-6.450623091815405,16.804447676949632
2026-04-06 06:00:00,25.5,78.0,0.0,17.5,155.0,-7.395819580462239,15.860386273141376
2026-04-06 07:00:00,26.2,76.0,0.0,16.7,163.0,-4.882607468869702,15.970289424582694
2026-04-06 08:00:00,26.9,74.0,0.6,14.5,169.0,-2.7667304329599,14.233594159991128
2026-04-06 09:00:00,28.0,69.0,0.2,15.5,172.0,-2.157183064881013,15.34915506549434
2026-04-06 10:00:00,28.2,68.0,0.4,14.6,190.0,2.535263393937184,14.378193193978237
2026-04-06 11:00:00,28.7,66.0,0.1,13.2,208.0,6.197024628773759,11.654908225737834
2026-04-06 12:00:00,28.6,66.0,0.0,11.2,198.0,3.4609903369994113,10.651832982505718
2026-04-06 13:00:00,28.1,69.0,0.0,8.7,188.0,1.2108059783525695,8.61533219805166
2026-04-06 14:00:00,28.4,67.0,0.0,9.3,209.0,4.508729468290936,8.133963276396381
2026-04-06 15:00:00,28.6,64.0,0.0,11.2,215.0,6.424056087131716,9.174502896036708
2026-04-06 16:00:00,28.2,65.0,0.1,10.7,210.0,5.3500000000000005,9.266471820493493
2026-04-06 17:00:00,27.6,69.0,0.0,6.6,197.0,1.9296532511700626,6.311611389356034
2026-04-06 18:00:00,26.6,79.0,0.0,1.1,99.0,-1.0864571746546514,0.1720779115442541
2026-04-06 19:00:00,25.4,79.0,0.0,5.2,68.0,-4.821356043747294,-1.9479542857627425
2026-04-06 20:00:00,25.1,87.0,0.0,5.7,35.0,-3.2693856872009643,-4.669166652447252
2026-04-06 21:00:00,24.8,87.0,0.1,9.3,40.0,-5.977924770084818,-7.124213321006495
2026-04-06 22:00:00,24.6,80.0,0.0,11.1,27.0,-5.0392945471089705,-9.890172418490883
2026-04-06 23:00:00,24.5,77.0,0.0,13.0,17.0,-3.8008321613955824,-12.431961827519459
2026-04-07 00:00:00,24.7,74.0,0.0,13.4,12.0,-2.7860166569579814,-13.107177849832995
2026-04-07 01:00:00,24.7,71.0,0.0,11.9,358.0,0.41530401075976286,-11.89275084152724
2026-04-07 02:00:00,24.1,72.0,0.0,10.7,337.0,4.180823074835229,-9.849401931941111
2026-04-07 03:00:00,23.6,76.0,0.0,8.7,356.0,0.6068813215738895,-8.67880723726047
2026-04-07 04:00:00,23.5,70.0,0.0,10.4,9.0,-1.6269184364184028,-10.271958742189431
2026-04-07 05:00:00,23.3,65.0,0.0,9.4,11.0,-1.7936045565395193,-9.227295524408042
2026-04-07 06:00:00,22.9,67.0,0.0,9.5,360.0,5.817072295949927e-16,-9.5
2026-04-07 07:00:00,24.2,68.0,0.0,11.0,1.0,-0.19197647081011848,-10.998324646720304
2026-04-07 08:00:00,26.5,64.0,0.0,10.9,351.0,1.705135668938517,-10.765802912487002
2026-04-07 09:00:00,28.9,53.0,0.0,10.3,348.0,2.1414904154229224,-10.074920287558198
2026-04-07 10:00:00,30.1,50.0,0.0,10.7,325.0,6.137267868956194,-8.764926873892211
2026-04-07 11:00:00,30.5,52.0,0.0,10.9,282.0,10.661808847998483,-2.266237429913577
2026-04-07 12:00:00,30.3,55.0,0.0,12.7,259.0,12.466665229785331,2.423274241282119
2026-04-07 13:00:00,30.1,58.0,0.0,14.2,244.0,12.762875457448171,6.224870284404899
2026-04-07 14:00:00,28.7,66.0,0.0,16.7,252.0,15.882643822129063,5.160583806061621
2026-04-07 15:00:00,28.3,68.0,0.1,14.9,259.0,14.626245033370193,2.8430540311105177
2026-04-07 16:00:00,27.4,72.0,0.1,8.6,260.0,8.469346675904989,1.4933743279356009
2026-04-07 17:00:00,26.8,73.0,0.1,4.2,252.0,3.994437368439645,1.2978713763747791
2026-04-07 18:00:00,25.7,81.0,0.7000000000000001,4.8,315.0,3.394112549695428,-3.3941125496954276
2026-04-07 19:00:00,24.6,89.0,0.3,8.8,35.0,-5.047472639889208,-7.208537989743126
2026-04-07 20:00:00,24.7,91.0,0.1,8.3,70.0,-7.79944875252304,-2.83876718960305
2026-04-07 21:00:00,24.8,89.0,0.2,5.1,82.0,-5.050367150582008,-0.7097828148963341
2026-04-07 22:00:00,24.6,93.0,0.2,3.3,167.0,-0.7423384793347546,3.2154212137912763
2026-04-07 23:00:00,24.4,94.0,0.2,3.5,156.0,-1.423578250765301,3.197409101749103
2026-04-08 00:00:00,24.8,89.0,0.1,3.0,142.0,-1.846984425976975,2.3640322608201663
2026-04-08 01:00:00,25.1,88.0,0.2,0.4,360.0,2.4492935982947065e-17,-0.4
2026-04-08 02:00:00,24.2,93.0,0.1,6.7,340.0,2.291534960281981,-6.295940559265586
2026-04-08 03:00:00,23.3,96.0,0.6,10.4,9.0,-1.6269184364184028,-10.271958742189431
2026-04-08 04:00:00,23.0,96.0,0.2,11.2,16.0,-3.0871383851503875,-10.766130994509172
2026-04-08 05:00:00,22.7,96.0,0.4,7.8,26.0,-3.4192949449548062,-7.010593561133501
2026-04-08 06:00:00,22.8,95.0,0.1,9.6,4.0,-0.6696621479436056,-9.576614882494312
2026-04-08 07:00:00,23.4,94.0,0.1,9.3,13.0,-2.092044805397947,-9.061641602502688
2026-04-08 08:00:00,24.4,92.0,0.1,11.4,337.0,4.454334864777721,-10.493755329357821
2026-04-08 09:00:00,26.0,82.0,0.0,10.3,349.0,1.9653326523784127,-10.110759989510939
2026-04-08 10:00:00,27.7,73.0,0.0,9.3,332.0,4.366085533908786,-8.21141261358802
2026-04-08 11:00:00,28.7,68.0,0.0,8.4,304.0,6.96391560946235,-4.697220389154274
2026-04-08 12:00:00,29.4,64.0,0.0,6.3,275.0,6.276026597977997,-0.5490811793102465
2026-04-08 13:00:00,29.1,66.0,0.0,10.0,257.0,9.743700647852352,2.24951054343865
2026-04-08 14:00:00,29.0,68.0,0.0,12.4,272.0,12.392446255036788,-0.43275375911101205
2026-04-08 15:00:00,28.3,71.0,0.0,10.0,253.0,9.563047559630354,2.9237170472273677
2026-04-08 16:00:00,27.7,72.0,0.0,9.9,254.0,9.516490789789357,2.7288098225882917
2026-04-08 17:00:00,26.9,74.0,0.0,8.7,278.0,8.61533219805166,-1.2108059783525693
2026-04-08 18:00:00,26.3,76.0,0.0,4.2,290.0,3.9467090073008158,-1.4364846019678086
2026-04-08 19:00:00,25.8,81.0,0.0,1.5,324.0,0.8816778784387097,-1.2135254915624212
2026-04-08 20:00:00,25.6,84.0,0.0,6.7,297.0,5.969743712062065,-3.0417363482549633
2026-04-08 21:00:00,25.1,87.0,0.0,3.5,291.0,3.267531492740206,-1.2542878234085508
2026-04-08 22:00:00,24.9,89.0,0.0,2.6,309.0,2.0205794997881243,-1.6362330167295773
2026-04-08 23:00:00,24.9,90.0,0.0,2.3,337.0,0.8986815955253294,-2.117161162940613
2026-04-09 00:00:00,24.6,91.0,0.0,1.8,24.0,-0.7321259575364402,-1.6443818237566818
2026-04-09 01:00:00,24.2,92.0,0.0,2.8,35.0,-1.6060140217829297,-2.293625724009176
2026-04-09 02:00:00,23.8,92.0,0.0,4.1,34.0,-2.292690904230061,-3.3990540474756714
2026-04-09 03:00:00,23.7,92.0,0.0,5.8,34.0,-3.24331884013033,-4.808417920819243
2026-04-09 04:00:00,23.3,93.0,0.0,4.8,34.0,-2.6841259366595835,-3.9793803482642005
2026-04-09 05:00:00,23.1,92.0,0.0,1.8,45.0,-1.272792206135786,-1.2727922061357855
2026-04-09 06:00:00,23.4,89.0,0.0,0.4,153.0,-0.18159619989581868,0.3564026096753472
2026-04-09 07:00:00,24.8,83.0,0.0,3.8,163.0,-1.1110124779463992,3.633958072659535
2026-04-09 08:00:00,26.6,79.0,0.0,7.8,176.0,-0.5441004952041776,7.780999592026628
2026-04-09 09:00:00,27.5,76.0,0.0,10.8,190.0,1.8754003188028485,10.635923732531847
2026-04-09 10:00:00,28.1,71.0,0.0,9.6,217.0,5.777424222259664,7.666900896454011
2026-04-09 11:00:00,28.4,71.0,0.0,9.5,201.0,3.4044955206803538,8.869014051723417
2026-04-09 12:00:00,29.1,68.0,0.0,11.2,192.0,2.328610937158906,10.955253128218622
2026-04-09 13:00:00,29.2,69.0,0.2,13.4,192.0,2.786016656957977,13.107177849832995
2026-04-09 14:00:00,28.8,71.0,0.3,10.0,201.0,3.583679495453004,9.335804264972017
2026-04-09 15:00:00,28.7,72.0,0.4,13.5,203.0,5.274870234605195,12.426815521607946
2026-04-09 16:00:00,27.9,77.0,0.0,14.0,200.0,4.788282006559363,13.155696691002717
2026-04-09 17:00:00,27.5,78.0,0.0,12.8,199.0,4.1672723770516065,12.102637767671254
2026-04-09 18:00:00,26.8,80.0,0.0,9.9,201.0,3.547842700498474,9.242446222322297
2026-04-09 19:00:00,26.3,83.0,0.0,6.3,200.0,2.1547269029517135,5.9200635109512225
2026-04-09 20:00:00,26.0,87.0,0.0,4.2,187.0,0.5118512423016195,4.168693836893553
2026-04-09 21:00:00,25.7,90.0,0.0,2.9,176.0,-0.20229377385796346,2.89293574575349
2026-04-09 22:00:00,25.2,91.0,0.0,1.8,169.0,-0.34345619167778063,1.7669289302057951
2026-04-09 23:00:00,24.8,90.0,0.0,1.5,210.0,0.7500000000000002,1.299038105676658
2026-04-10 00:00:00,24.4,91.0,0.0,1.5,249.0,1.4003706397458027,0.5375519243179504
2026-04-10 01:00:00,24.1,91.0,0.0,0.9,270.0,0.9,0.0
2026-04-10 02:00:00,23.2,94.0,0.0,4.6,318.0,3.0780007892507477,-3.4184661971960133
2026-04-10 03:00:00,22.8,94.0,0.0,5.8,334.0,2.542552651376649,-5.213005468535169
2026-04-10 04:00:00,23.2,90.0,0.0,7.7,351.0,1.2045453808097781,-7.605200222582561
2026-04-10 05:00:00,22.6,82.0,0.0,8.7,6.0,-0.9093976304285841,-8.652340489703978
2026-04-10 06:00:00,22.4,71.0,0.0,10.7,5.0,-0.9325664473999432,-10.659283269581676
2026-04-10 07:00:00,23.7,70.0,0.0,13.1,358.0,0.45718340680276415,-13.092019833950154
2026-04-10 08:00:00,26.1,72.0,0.0,11.8,337.0,4.61062731617343,-10.861957270738797
2026-04-10 09:00:00,28.1,69.0,0.0,11.5,318.0,7.695001973126869,-8.546165492990033
2026-04-10 10:00:00,29.6,62.0,0.0,11.5,300.0,9.959292143521045,-5.749999999999999
2026-04-10 11:00:00,30.3,60.0,0.0,12.1,275.0,12.053955846910121,-1.0545844872466639
2026-04-10 12:00:00,30.2,62.0,0.0,15.5,266.0,15.462242779027275,1.0812253430339422
2026-04-10 13:00:00,30.0,60.0,0.0,16.6,266.0,16.55956323431308,1.1579574641524801
2026-04-10 14:00:00,30.4,56.0,0.0,17.3,283.0,16.856602120784572,-3.8916532401488646
2026-04-10 15:00:00,30.1,57.0,0.0,16.6,283.0,16.174543075434908,-3.7341875021081594
2026-04-10 16:00:00,29.5,57.0,0.0,16.3,291.0,15.21736095190439,-5.841397577588395
2026-04-10 17:00:00,28.3,61.0,0.0,15.9,293.0,14.636027169893802,-6.212624942979453
2026-04-10 18:00:00,27.1,68.0,0.0,13.5,291.0,12.603335757712223,-4.837967318861554
2026-04-10 19:00:00,26.0,73.0,0.0,9.9,302.0,8.395676151948617,-5.246200715908729
2026-04-10 20:00:00,25.4,81.0,0.0,8.9,304.0,7.378434395739871,-4.976816840889648
2026-04-10 21:00:00,24.8,85.0,0.0,5.8,330.0,2.9000000000000004,-5.0229473419497435
2026-04-10 22:00:00,24.2,88.0,0.0,5.7,347.0,1.2822210097600302,-5.553909369275841
2026-04-10 23:00:00,24.0,86.0,0.0,7.6,360.0,4.653657836759942e-16,-7.6
2026-04-11 00:00:00,23.7,81.0,0.0,8.8,15.0,-2.2776075969021816,-8.500147271343803
2026-04-11 01:00:00,23.2,80.0,0.0,7.4,14.0,-1.7902220274375418,-7.180188374442374
2026-04-11 02:00:00,23.1,81.0,0.0,7.2,354.0,0.752604935527105,-7.160557646651568
2026-04-11 03:00:00,22.9,78.0,0.0,4.9,17.0,-1.4326213531414118,-4.685893304218873
2026-04-11 04:00:00,22.8,73.0,0.0,4.1,41.0,-2.6898420188610794,-3.094309278913365
2026-04-11 05:00:00,22.9,64.0,0.0,4.4,63.0,-3.9204287064288192,-1.9975581988540057
2026-04-11 06:00:00,23.1,62.0,0.0,4.1,67.0,-3.774069899155005,-1.6019976268060214
2026-04-11 07:00:00,25.1,61.0,0.0,4.7,86.0,-4.688551036221174,-0.3278554265973888
2026-04-11 08:00:00,26.3,72.0,0.0,1.2,153.0,-0.544788599687456,1.0692078290260414
2026-04-11 09:00:00,27.9,70.0,0.0,6.9,189.0,1.0793978087775935,6.815049550106451
2026-04-11 10:00:00,28.6,67.0,0.0,10.7,196.0,2.949319707241891,10.285500146540011
2026-04-11 11:00:00,28.9,66.0,0.0,12.7,196.0,3.500594418875889,12.208023538416649
2026-04-11 12:00:00,29.2,66.0,0.0,13.2,197.0,3.859306502340125,12.623222778712067
2026-04-11 13:00:00,29.4,67.0,0.0,13.3,190.0,2.3095207629701746,13.097943115062368
2026-04-11 14:00:00,29.4,67.0,0.0,11.6,184.0,0.8091750954318527,11.57174298301396
2026-04-11 15:00:00,29.2,67.0,0.0,12.9,187.0,1.5721145299264028,12.803845356173055
2026-04-11 16:00:00,28.5,69.0,0.0,12.4,193.0,2.789393073863925,12.082188803336917
2026-04-11 17:00:00,27.8,70.0,0.0,10.0,193.0,2.249510543438649,9.743700647852352
2026-04-11 18:00:00,26.9,74.0,0.0,6.4,188.0,0.890707846144419,6.337715639946051
2026-04-11 19:00:00,25.5,83.0,0.0,3.1,173.0,-0.37779496455595685,3.0768930700880985
2026-04-11 20:00:00,25.5,84.0,0.0,0.9,180.0,5.5109105961630896e-17,0.9
2026-04-11 21:00:00,25.2,85.0,0.0,1.0,149.0,-0.5150380749100543,0.8571673007021123
2026-04-11 22:00:00,25.0,84.0,0.0,0.4,153.0,-0.18159619989581868,0.3564026096753472
2026-04-11 23:00:00,24.7,83.0,0.0,0.2,90.0,-0.2,2.4492935982947065e-17
2026-04-12 00:00:00,24.4,82.0,0.0,0.7000000000000001,104.0,-0.6792070083931976,0.16934532691976742
2026-04-12 01:00:00,24.1,79.0,0.0,1.1,108.0,-1.0461621679246689,0.3399186938124423
2026-04-12 02:00:00,24.2,85.0,0.0,0.5,180.0,3.061616997868383e-17,0.5
2026-04-12 03:00:00,24.1,82.0,0.0,0.4,117.0,-0.35640260967534715,0.18159619989581877
2026-04-12 04:00:00,23.7,80.0,0.0,0.6000000000000001,34.0,-0.335515742082448,-0.4974225435330252
2026-04-12 05:00:00,23.4,76.0,0.0,1.3,34.0,-0.7269507745119705,-1.0777488443215544
2026-04-12 06:00:00,23.5,68.0,0.0,1.2,51.0,-0.9325751537483649,-0.7551844692598051
2026-04-12 07:00:00,26.0,57.0,0.0,0.4,360.0,2.4492935982947065e-17,-0.4
2026-04-12 08:00:00,27.4,57.0,0.0,3.1,280.0,3.052904034337845,-0.5383093507674841
2026-04-12 09:00:00,28.6,57.0,0.0,5.3,218.0,3.263005819225989,4.176456994115626
2026-04-12 10:00:00,29.4,56.0,0.0,9.1,201.0,3.2611483408622335,8.495581881124535
2026-04-12 11:00:00,29.8,57.0,0.0,10.9,202.0,4.08321186823344,10.106304014777983
2026-04-12 12:00:00,29.9,57.0,0.0,11.9,209.0,5.769234480931412,10.40797451495881
2026-04-12 13:00:00,29.7,59.0,0.0,12.2,208.0,5.727553065987868,10.771960632878907
2026-04-12 14:00:00,30.2,57.0,0.0,8.1,223.0,5.524186716506238,5.9239649831152805
2026-04-12 15:00:00,30.1,57.0,0.0,8.7,210.0,4.3500000000000005,7.534421012924615
2026-04-12 16:00:00,29.4,59.0,0.0,7.8,206.0,3.419294944954804,7.010593561133502
2026-04-12 17:00:00,28.8,62.0,0.0,4.7,203.0,1.8364363038995866,4.32637281122647
2026-04-12 18:00:00,27.9,66.0,0.0,2.0,225.0,1.4142135623730951,1.414213562373095
2026-04-12 19:00:00,26.5,74.0,0.0,2.1,255.0,2.0284442352070435,0.5435199947152936
2026-04-12 20:00:00,26.2,73.0,0.0,5.4,290.0,5.074340152243906,-1.8469087739586112
2026-04-12 21:00:00,25.4,79.0,0.0,3.0,308.0,2.364032260820166,-1.846984425976975
2026-04-12 22:00:00,25.0,80.0,0.0,1.2,333.0,0.5447885996874562,-1.0692078290260414
2026-04-12 23:00:00,24.4,82.0,0.0,1.0,22.0,-0.3746065934159123,-0.9271838545667873
2026-04-13 00:00:00,23.6,83.0,0.0,3.2,3.0,-0.1674750599774218,-3.1956145112146364
2026-04-13 01:00:00,22.9,78.0,0.0,5.7,9.0,-0.8916764507293169,-5.629823541392285
2026-04-13 02:00:00,22.9,78.0,0.0,4.2,7.0,-0.5118512423016182,-4.168693836893553
2026-04-13 03:00:00,22.9,73.0,0.0,3.2,38.0,-1.970116721042106,-2.521634411541511
2026-04-13 04:00:00,22.6,69.0,0.0,3.2,16.0,-0.8820395386143964,-3.076037427002621
2026-04-13 05:00:00,22.1,66.0,0.0,5.4,30.0,-2.7000000000000024,-4.676537180435967
2026-04-13 06:00:00,22.5,50.0,0.0,5.4,56.0,-4.4768028917972265,-3.0196416787420324
2026-04-13 07:00:00,25.6,36.0,0.0,5.6,31.0,-2.884213219496305,-4.8001368839318275
2026-04-13 08:00:00,27.1,45.0,0.0,3.8,349.0,0.7250741824308706,-3.730183297101123
2026-04-13 09:00:00,28.7,55.0,0.0,1.5,284.0,1.4554435894139948,-0.3628828433995016
2026-04-13 10:00:00,29.9,54.0,0.0,6.5,214.0,3.634753872559854,5.388744221607771
2026-04-13 11:00:00,30.3,56.0,0.0,11.0,214.0,6.151121938178215,9.119413298105458
2026-04-13 12:00:00,30.5,56.0,0.0,12.5,215.0,7.169705454388077,10.239400553612397
2026-04-13 13:00:00,30.6,54.0,0.0,12.3,219.0,7.7406408099130015,9.558895325920743
2026-04-13 14:00:00,30.9,52.0,0.0,11.1,223.0,7.570181796693733,8.118026087972792
2026-04-13 15:00:00,30.4,52.0,0.0,13.1,227.0,9.580733491211133,8.93417851681873
2026-04-13 16:00:00,29.6,54.0,0.0,12.1,237.0,10.14791387213963,6.590132323681828
2026-04-13 17:00:00,28.6,59.0,0.0,8.8,247.0,8.100442710381476,3.4384339307056093
2026-04-13 18:00:00,27.4,66.0,0.0,5.9,256.0,5.7247447850283795,1.4273391840380396
2026-04-13 19:00:00,26.1,75.0,0.0,3.6,270.0,3.6,0.0
2026-04-13 20:00:00,26.0,77.0,0.0,4.7,288.0,4.469965626587221,-1.4523798735622528
2026-04-13 21:00:00,25.4,80.0,0.0,3.6,323.0,2.1665340833473743,-2.875087836170254
2026-04-13 22:00:00,24.8,81.0,0.0,4.5,355.0,0.3922008423644616,-4.482876141412855
2026-04-13 23:00:00,24.3,79.0,0.0,5.2,2.0,-0.18147738285300397,-5.196832300499298
2026-04-14 00:00:00,23.8,75.0,0.0,5.3,18.0,-1.6377900701872221,-5.040599536364313
2026-04-14 01:00:00,23.3,71.0,0.0,4.6,36.0,-2.7038121605453767,-3.7214781741247576
2026-04-14 02:00:00,22.9,77.0,0.0,4.7,18.0,-1.4523798735622535,-4.469965626587221
2026-04-14 03:00:00,23.4,66.0,0.0,6.9,39.0,-4.342310698243882,-5.362307134053097
2026-04-14 04:00:00,23.3,57.0,0.0,7.7,39.0,-4.845767011083751,-5.984023903218674
2026-04-14 05:00:00,22.8,52.0,0.0,6.6,33.0,-3.5946176310991778,-5.535225748439799
2026-04-14 06:00:00,22.4,51.0,0.0,6.0,21.0,-2.1502076972718043,-5.60148255898321
2026-04-14 07:00:00,24.8,44.0,0.0,6.5,13.0,-1.462181853235124,-6.333405421104028
2026-04-14 08:00:00,27.6,40.0,0.0,4.0,306.0,3.23606797749979,-2.3511410091698925
2026-04-14 09:00:00,29.9,40.0,0.0,3.2,270.0,3.2,0.0
2026-04-14 10:00:00,30.8,42.0,0.0,8.5,228.0,6.316731016557851,5.6876101540502955
2026-04-14 11:00:00,30.8,49.0,0.0,13.6,219.0,8.55875731827779,10.569185075814804
2026-04-14 12:00:00,30.7,53.0,0.0,15.1,218.0,9.29648827741744,11.898962379461501
2026-04-14 13:00:00,30.5,55.0,0.0,15.4,224.0,10.697738905068558,11.077832925215226
2026-04-14 14:00:00,30.8,50.0,0.0,12.1,229.0,9.131985920695541,7.938314250785138
2026-04-14 15:00:00,30.4,51.0,0.0,12.0,235.0,9.829824531467901,6.882917236212553
2026-04-14 16:00:00,29.9,54.0,0.0,12.2,254.0,11.72739269044749,3.3627757409673897
2026-04-14 17:00:00,29.0,56.0,0.0,11.8,262.0,11.685163211150531,1.6422425913287724
2026-04-14 18:00:00,27.8,64.0,0.0,9.7,273.0,9.686706487119366,-0.5076587755565551
2026-04-14 19:00:00,26.8,70.0,0.0,6.4,286.0,6.1520748540052415,-1.7640790772287946
2026-04-14 20:00:00,26.4,71.0,0.0,6.6,291.0,6.161630814881531,-2.365228466998982
2026-04-14 21:00:00,25.9,74.0,0.0,7.3,316.0,5.07100610435068,-5.251180542472153
2026-04-14 22:00:00,25.3,76.0,0.0,6.2,343.0,1.812704569280968,-5.9290894869708195
2026-04-14 23:00:00,24.8,78.0,0.0,6.2,7.0,-0.7555899291119125,-6.153786140176197
2026-04-15 00:00:00,24.2,79.0,0.0,6.1,14.0,-1.4757235631579735,-5.918803930283578
2026-04-15 01:00:00,23.9,80.0,0.0,7.3,16.0,-2.0121526974640918,-7.017210380349729
2026-04-15 02:00:00,23.8,82.0,0.0,8.6,360.0,5.265981236333618e-16,-8.6
2026-04-15 03:00:00,23.5,82.0,0.0,6.7,354.0,0.7003407038932782,-6.663296698967431
2026-04-15 04:00:00,22.6,86.0,0.0,4.1,360.0,2.5105259382520737e-16,-4.1
2026-04-15 05:00:00,22.6,84.0,0.0,3.7,35.0,-2.122232814498872,-3.030862563869269
2026-04-15 06:00:00,23.0,76.0,0.0,4.6,59.0,-3.9429695832297162,-2.369175144586249
2026-04-15 07:00:00,24.7,68.0,0.0,4.8,53.0,-3.8334504482270053,-2.888712111129832
2026-04-15 08:00:00,27.0,64.0,0.0,6.3,345.0,1.6305599841458807,-6.085332705621131
2026-04-15 09:00:00,28.9,61.0,0.0,6.4,315.0,4.525483399593905,-4.525483399593904
2026-04-15 10:00:00,30.5,54.0,0.0,7.1,263.0,7.047077676653386,0.865272338176547
2026-04-15 11:00:00,31.0,52.0,0.0,13.3,238.0,11.279039678880466,7.047926214301626
2026-04-15 12:00:00,30.1,61.0,0.0,18.6,236.0,15.420098849523775,10.400988004555893
2026-04-15 13:00:00,29.9,59.0,0.0,16.3,248.0,15.113096829438636,6.106087472679366
2026-04-15 14:00:00,29.8,59.0,0.0,12.7,263.0,12.605336125844788,1.5477406612453728
2026-04-15 15:00:00,29.9,59.0,0.0,13.9,271.0,13.897882962673838,-0.24258844947824082
2026-04-15 16:00:00,29.3,61.0,0.0,13.9,284.0,13.487110595236352,-3.3627143488353815
2026-04-15 17:00:00,28.8,62.0,0.0,14.8,297.0,13.186896557987845,-6.719059396145292
2026-04-15 18:00:00,28.0,65.0,0.0,14.9,312.0,11.072857899613174,-9.970046034746987
2026-04-15 19:00:00,27.4,68.0,0.0,14.6,330.0,7.300000000000002,-12.643970895252803
2026-04-15 20:00:00,27.4,71.0,0.0,13.1,328.0,6.941942361454984,-11.10943005964918
2026-04-15 21:00:00,27.4,71.0,0.0,12.9,337.0,5.040431557511631,-11.874512609536481
2026-04-15 22:00:00,27.0,72.0,0.0,13.6,345.0,3.519939013394282,-13.136591237531329
2026-04-15 23:00:00,26.6,74.0,0.0,15.0,354.0,1.5679269490148018,-14.9178284305241
2026-04-16 00:00:00,24.6,85.0,0.0,12.7,352.0,1.7674983821928314,-12.576404473017943
2026-04-16 01:00:00,24.4,86.0,0.0,12.3,357.0,0.6437322617882109,-12.283143277481258
2026-04-16 02:00:00,24.3,86.0,0.0,11.5,358.0,0.4013442120787624,-11.492994510719601
2026-04-16 03:00:00,24.3,86.0,0.0,10.4,358.0,0.36295476570601126,-10.393664600998596
2026-04-16 04:00:00,24.5,85.0,0.0,8.7,355.0,0.7582549619046257,-8.666893873398186
2026-04-16 05:00:00,24.7,84.0,0.0,6.6,351.0,1.032467469265524,-6.518743047927909
2026-04-16 06:00:00,24.9,83.0,0.0,4.8,333.0,2.1791543987498248,-4.276831316104166
2026-04-16 07:00:00,25.1,82.0,0.0,3.8,311.0,2.8678964048465336,-2.4930243101639276
2026-04-16 08:00:00,25.4,81.0,0.0,4.2,290.0,3.9467090073008158,-1.4364846019678086
2026-04-16 09:00:00,25.6,80.0,0.0,5.2,282.0,5.08636752381579,-1.0811407922523486
2026-04-16 10:00:00,26.0,78.0,0.0,6.9,276.0,6.862201078041086,-0.721246396546809
2026-04-16 11:00:00,26.3,77.0,0.0,8.7,275.0,8.666893873398186,-0.7582549619046259
2026-04-16 12:00:00,26.6,76.0,0.0,10.2,278.0,10.100734301164017,-1.4195656297926673
2026-04-16 13:00:00,26.8,75.0,0.0,11.7,281.0,11.485038046337667,-2.232465245905574
2026-04-16 14:00:00,26.9,75.0,0.0,12.6,283.0,12.277062816293963,-2.834383284732699
2026-04-16 15:00:00,26.9,76.0,0.1,13.0,289.0,12.291741482791119,-4.232386007943037
2026-04-16 16:00:00,26.7,77.0,0.1,13.4,297.0,11.93948742412413,-6.083472696509927
2026-04-16 17:00:00,26.4,80.0,0.1,13.6,307.0,10.861442936643183,-8.184684314867857
2026-04-16 18:00:00,26.1,82.0,0.1,14.3,317.0,9.752576548893728,-10.458357933154138
2026-04-16 19:00:00,25.8,84.0,0.1,15.2,324.0,8.93433583484559,-12.2970583144992
2026-04-16 20:00:00,25.5,85.0,0.1,15.5,329.0,7.98309016110584,-13.286093160882741
2026-04-16 21:00:00,25.2,86.0,0.0,15.1,332.0,7.089020598066952,-13.332508652169796
2026-04-16 22:00:00,24.8,86.0,0.0,14.3,335.0,6.043441142892003,-12.960201354624095
2026-04-16 23:00:00,24.5,87.0,0.0,13.2,338.0,4.944807033090037,-12.238826880281593
2026-04-17 00:00:00,24.2,87.0,0.0,11.8,340.0,4.035837691242892,-11.088372925273719
2026-04-17 01:00:00,23.9,87.0,0.0,10.9,343.0,3.186851581477831,-10.423721839997087
2026-04-17 02:00:00,23.8,86.0,0.0,10.1,343.0,2.952954217699641,-9.658678035226657
2026-04-17 03:00:00,23.8,85.0,0.0,10.1,343.0,2.952954217699641,-9.658678035226657
2026-04-17 04:00:00,23.9,84.0,0.0,10.2,342.0,3.151973342624464,-9.700776466210565
2026-04-17 05:00:00,24.0,82.0,0.0,10.4,340.0,3.557009490586956,-9.772803256173447
2026-04-17 06:00:00,24.2,80.0,0.0,10.6,336.0,4.311408416603482,-9.683581851011569
2026-04-17 07:00:00,24.5,78.0,0.0,11.4,332.0,5.351975815759156,-10.065602558591767
2026-04-17 08:00:00,24.9,76.0,0.0,11.7,326.0,6.542556970607737,-9.699739598893988
2026-04-17 09:00:00,25.4,73.0,0.0,12.2,317.0,8.320379992762481,-8.922515159753878
2026-04-17 10:00:00,26.2,70.0,0.0,13.3,308.0,10.480543022969401,-8.188297621831255
2026-04-17 11:00:00,27.0,66.0,0.0,15.1,298.0,13.332508652169798,-7.089020598066951
2026-04-17 12:00:00,27.8,63.0,0.0,16.8,293.0,15.464481538001,-6.5642829586198
2026-04-17 13:00:00,28.3,61.0,0.0,18.2,288.0,17.309228596571792,-5.6241092976240425
2026-04-17 14:00:00,28.6,60.0,0.0,19.2,287.0,18.36105131449028,-5.613536730676546
2026-04-17 15:00:00,28.4,61.0,0.0,19.1,290.0,17.948129057010853,-6.532584737520273
2026-04-17 16:00:00,27.9,64.0,0.0,18.9,294.0,17.266009149445154,-7.687322554132623
2026-04-17 17:00:00,27.2,67.0,0.0,17.9,300.0,15.501854727741451,-8.949999999999998
2026-04-17 18:00:00,26.4,71.0,0.0,17.4,308.0,13.71138711275696,-10.712509670666453
2026-04-17 19:00:00,25.7,74.0,0.0,16.8,315.0,11.879393923934,-11.879393923933998
2026-04-17 20:00:00,25.1,77.0,0.0,16.1,320.0,10.348880515953285,-12.333315534215547
2026-04-17 21:00:00,24.6,79.0,0.0,14.9,323.0,8.967043844965522,-11.899669099704663
2026-04-17 22:00:00,24.1,81.0,0.0,13.4,324.0,7.87632238071914,-10.840827724624296
2026-04-17 23:00:00,23.7,83.0,0.0,11.4,325.0,6.538771374401926,-9.338333304894507
2026-04-18 00:00:00,23.3,84.0,0.0,9.6,326.0,5.368251873319169,-7.9587606965284
2026-04-18 01:00:00,23.1,85.0,0.0,7.8,326.0,4.361704647071825,-6.466493065929326
2026-04-18 02:00:00,22.9,85.0,0.0,6.8,328.0,3.603450996785793,-5.766727053863696
2026-04-18 03:00:00,23.0,84.0,0.0,6.3,329.0,3.244739871933341,-5.400153994423308
2026-04-18 04:00:00,23.1,83.0,0.0,6.6,331.0,3.199743493625825,-5.772490067120011
2026-04-18 05:00:00,23.4,81.0,0.0,6.9,332.0,3.239353783222647,-6.092338390726596
2026-04-18 06:00:00,23.7,79.0,0.0,7.4,331.0,3.587591189822895,-6.472185832831529
2026-04-18 07:00:00,24.1,77.0,0.0,8.2,331.0,3.975438886019964,-7.171881598543044
2026-04-18 08:00:00,24.5,75.0,0.0,8.8,325.0,5.0474726398892065,-7.208537989743128
2026-04-18 09:00:00,25.1,73.0,0.0,9.9,316.0,6.877117867544073,-7.121464023352646
2026-04-18 10:00:00,25.8,69.0,0.0,11.3,307.0,9.02458126353441,-6.800509761618146
2026-04-18 11:00:00,26.6,66.0,0.0,13.4,297.0,11.93948742412413,-6.083472696509927
2026-04-18 12:00:00,27.3,64.0,0.0,15.5,292.0,14.371349745785205,-5.806402197946636
2026-04-18 13:00:00,27.8,62.0,0.0,17.5,289.0,16.546575072988045,-5.697442703000243
2026-04-18 14:00:00,28.1,61.0,0.0,18.2,288.0,17.309228596571792,-5.6241092976240425
2026-04-18 15:00:00,28.0,62.0,0.0,18.1,291.0,16.897805719599354,-6.486459886769936
2026-04-18 16:00:00,27.5,65.0,0.0,16.9,297.0,15.058010258783415,-7.672439445598339
2026-04-18 17:00:00,27.0,68.0,0.0,15.8,305.0,12.94260229976607,-9.062507694346529
2026-04-18 18:00:00,26.3,72.0,0.0,14.5,314.0,10.430427104910443,-10.07254637165546
2026-04-18 19:00:00,25.7,76.0,0.0,13.9,323.0,8.365228821813472,-11.101033589657371
2026-04-18 20:00:00,25.2,78.0,0.0,13.2,331.0,6.39948698725165,-11.544980134240022
2026-04-18 21:00:00,24.8,80.0,0.0,12.2,336.0,4.962187045524762,-11.14525458323973
2026-04-18 22:00:00,24.4,81.0,0.0,11.0,341.0,3.5812496990287244,-10.400704331592484
2026-04-18 23:00:00,24.0,82.0,0.0,9.7,345.0,2.510544737494451,-9.369480515003962
2026-04-19 00:00:00,23.7,83.0,0.0,8.4,350.0,1.4586446924022156,-8.272385125302547
2026-04-19 01:00:00,23.5,83.0,0.0,7.2,354.0,0.752604935527105,-7.160557646651568
2026-04-19 02:00:00,23.4,83.0,0.0,6.5,360.0,3.9801020972288977e-16,-6.5
2026-04-19 03:00:00,23.4,82.0,0.0,6.1,3.0,-0.31924933308196024,-6.0916401620029
2026-04-19 04:00:00,23.6,81.0,0.0,5.8,7.0,-0.7068421917498535,-5.756767679519668
2026-04-19 05:00:00,23.9,79.0,0.0,5.8,7.0,-0.7068421917498535,-5.756767679519668
2026-04-19 06:00:00,24.2,77.0,0.0,5.4,8.0,-0.7515347451843555,-5.34744757120448
2026-04-19 07:00:00,24.6,75.0,0.0,5.1,4.0,-0.35575801609504043,-5.087576656325103
2026-04-19 08:00:00,25.0,73.0,0.0,4.7,356.0,0.3278554265973886,-4.688551036221174
2026-04-19 09:00:00,25.5,71.0,0.1,4.3,336.0,1.7489675652259409,-3.9282454678631837
2026-04-19 10:00:00,26.1,68.0,0.1,4.7,302.0,3.9858260519352022,-2.490620541896063
2026-04-19 11:00:00,26.8,66.0,0.1,6.3,283.0,6.1385314081469815,-1.4171916423663495
2026-04-19 12:00:00,27.4,64.0,0.1,8.3,272.0,8.294943864258496,-0.2896658226307581
2026-04-19 13:00:00,27.9,62.0,0.1,10.1,266.0,10.075396907624224,0.7045403848156655
2026-04-19 14:00:00,28.1,62.0,0.1,10.5,262.0,10.397814721786489,1.4613175600806871
2026-04-19 15:00:00,28.0,63.0,0.1,9.9,260.0,9.74959675482086,1.7191169589026103
2026-04-19 16:00:00,27.6,65.0,0.1,7.8,257.0,7.6000865053248345,1.754618223882147
2026-04-19 17:00:00,27.1,68.0,0.1,5.2,254.0,4.998560818879258,1.4333142502483958
2026-04-19 18:00:00,26.5,71.0,0.1,2.4,243.0,2.138415658052083,1.0895771993749122
2026-04-19 19:00:00,25.9,74.0,0.1,0.7000000000000001,180.0,4.2862637970157366e-17,0.7000000000000001
2026-04-19 20:00:00,25.5,76.0,0.1,1.8,101.0,-1.7669289302057951,0.34345619167778096
2026-04-19 21:00:00,25.1,78.0,0.0,2.5,90.0,-2.5,3.061616997868383e-16
2026-04-19 22:00:00,24.8,79.0,0.0,3.3,84.0,-3.2819222547153015,-0.3449439287832565
2026-04-19 23:00:00,24.4,80.0,0.0,3.4,72.0,-3.2335921554035223,-1.0506577808748208
2026-04-20 00:00:00,24.1,81.0,0.0,3.5,66.0,-3.197409101749103,-1.4235782507653008
2026-04-20 01:00:00,23.9,81.0,0.0,3.7,61.0,-3.236092916415765,-1.7937955949114468
2026-04-20 02:00:00,23.9,81.0,0.0,3.9,56.0,-3.233246532964663,-2.180852323535912
2026-04-20 03:00:00,23.9,80.0,0.0,4.1,52.0,-3.23084408978756,-2.5242120488351985
2026-04-20 04:00:00,24.1,79.0,0.0,4.3,48.0,-3.195522749552795,-2.8772616073430903
2026-04-20 05:00:00,24.3,78.0,0.0,4.3,42.0,-2.87726160734309,-3.195522749552796
2026-04-20 06:00:00,24.7,76.0,0.0,4.6,39.0,-2.894873798829254,-3.5748714227020644
2026-04-20 07:00:00,25.0,74.0,0.0,4.4,35.0,-2.523736319944604,-3.604268994871563
2026-04-20 08:00:00,25.4,72.0,0.0,3.7,29.0,-1.7937955949114464,-3.2360929164157652
2026-04-20 09:00:00,25.9,70.0,0.0,2.3,18.0,-0.7107390870623793,-2.1874299874788528
2026-04-20 10:00:00,26.6,67.0,0.0,0.8,333.0,0.3631923997916375,-0.7128052193506943
2026-04-20 11:00:00,27.4,64.0,0.0,2.6,236.0,2.1554976886431083,1.453901549023942
2026-04-20 12:00:00,28.0,61.0,0.0,4.6,225.0,3.2526911934581184,3.252691193458118
2026-04-20 13:00:00,28.5,60.0,0.0,6.1,225.0,4.31335136523794,4.313351365237939
2026-04-20 14:00:00,28.7,59.0,0.0,6.9,223.0,4.70578868443124,5.046340541172277
2026-04-20 15:00:00,28.6,60.0,0.1,6.4,223.0,4.36478950439999,4.6806636903626915
2026-04-20 16:00:00,28.2,62.0,0.1,4.3,222.0,2.8772616073430903,3.195522749552795
2026-04-20 17:00:00,27.6,65.0,0.1,2.0,225.0,1.4142135623730951,1.414213562373095
2026-04-20 18:00:00,26.9,68.0,0.1,0.5,45.0,-0.35355339059327384,-0.35355339059327373
2026-04-20 19:00:00,26.3,71.0,0.1,2.5,45.0,-1.7677669529663693,-1.7677669529663687
2026-04-20 20:00:00,25.8,73.0,0.1,4.1,45.0,-2.8991378028648453,-2.8991378028648445
2026-04-20 21:00:00,25.4,75.0,0.0,4.8,48.0,-3.5670951622914924,-3.2118269105225195
2026-04-20 22:00:00,25.0,76.0,0.0,5.4,48.0,-4.012982057577929,-3.6133052743378347
2026-04-20 23:00:00,24.6,77.0,0.0,5.6,50.0,-4.289848881466277,-3.5996106142446194
2026-04-21 00:00:00,24.3,78.0,0.0,5.9,52.0,-4.64926344627966,-3.6324027044213834
2026-04-21 01:00:00,24.0,79.0,0.0,6.2,54.0,-5.015905365124675,-3.644268564213333
2026-04-21 02:00:00,23.9,79.0,0.0,6.0,57.0,-5.032023407672544,-3.2678342100901627
2026-04-21 03:00:00,24.0,79.0,0.0,5.8,60.0,-5.0229473419497435,-2.9000000000000004
2026-04-21 04:00:00,24.1,78.0,0.0,5.8,60.0,-5.0229473419497435,-2.9000000000000004
2026-04-21 05:00:00,24.3,77.0,0.0,5.6,63.0,-4.98963653545486,-2.542346798541461
2026-04-21 06:00:00,24.6,75.0,0.0,5.4,70.0,-5.074340152243906,-1.846908773958611
2026-04-21 07:00:00,25.0,74.0,0.0,5.2,74.0,-4.998560818879258,-1.4333142502483949
2026-04-21 08:00:00,25.3,72.0,0.0,4.7,81.0,-4.6421352007971475,-0.7352419856890845
2026-04-21 09:00:00,25.8,70.0,0.1,4.3,95.0,-4.283637201794505,0.3747696938149302
2026-04-21 10:00:00,26.3,67.0,0.1,4.2,110.0,-3.9467090073008153,1.4364846019678092
2026-04-21 11:00:00,27.0,65.0,0.1,4.6,129.0,-3.5748714227020657,2.8948737988292517
2026-04-21 12:00:00,27.5,62.0,0.1,4.9,144.0,-2.880147736233118,3.9641832724372428
2026-04-21 13:00:00,27.9,61.0,0.1,5.3,152.0,-2.4881992827652217,4.679622242152313
2026-04-21 14:00:00,28.1,60.0,0.1,5.6,153.0,-2.542346798541461,4.98963653545486
2026-04-21 15:00:00,27.9,61.0,0.1,5.0,150.0,-2.499999999999999,4.330127018922194
2026-04-21 16:00:00,27.5,63.0,0.1,4.3,138.0,-2.8772616073430903,3.195522749552795
2026-04-21 17:00:00,27.0,65.0,0.1,3.7,119.0,-3.2360929164157644,1.7937955949114477
2026-04-21 18:00:00,26.3,68.0,0.1,4.0,90.0,-4.0,4.898587196589413e-16
2026-04-21 19:00:00,25.8,71.0,0.1,4.6,72.0,-4.374859974957706,-1.4214781741247573
2026-04-21 20:00:00,25.3,73.0,0.1,5.2,65.0,-4.71280049259058,-2.1976149610516362
2026-04-21 21:00:00,25.0,74.0,0.0,5.6,63.0,-4.98963653545486,-2.542346798541461
2026-04-21 22:00:00,24.6,76.0,0.0,6.0,65.0,-5.4378467222199,-2.5357095704441956
2026-04-21 23:00:00,24.3,77.0,0.0,5.8,68.0,-5.377666356487367,-2.1727182418122895
2026-04-22 00:00:00,24.1,78.0,0.0,6.0,73.0,-5.737828535778212,-1.7542302283364206
2026-04-22 01:00:00,23.9,78.0,0.0,6.3,77.0,-6.1385314081469815,-1.4171916423663493
2026-04-22 02:00:00,23.9,78.0,0.0,6.2,80.0,-6.10580806867569,-1.0766187015349689
2026-04-22 03:00:00,24.0,77.0,0.0,6.2,83.0,-6.153786140176197,-0.7555899291119134
2026-04-22 04:00:00,24.2,76.0,0.0,6.5,87.0,-6.49109197590473,-0.3401837155791332
2026-04-22 05:00:00,24.6,74.0,0.0,6.5,90.0,-6.5,7.960204194457795e-16
2026-04-22 06:00:00,25.0,72.0,0.0,6.8,93.0,-6.790680836331102,0.35588450245201786
2026-04-22 07:00:00,25.4,70.0,0.0,6.9,99.0,-6.81504955010645,1.0793978087775937
2026-04-22 08:00:00,25.8,69.0,0.0,7.0,111.0,-6.535062985480412,2.5085756468171017
2026-04-22 09:00:00,26.3,68.0,0.1,7.7,127.0,-6.149493427364156,4.633975678270771
2026-04-22 10:00:00,26.9,66.0,0.1,9.3,144.0,-5.466402846319999,7.523858047687012
2026-04-22 11:00:00,27.5,65.0,0.1,12.1,157.0,-4.727846654720213,11.138108726774528
2026-04-22 12:00:00,28.1,64.0,0.1,14.6,164.0,-4.024305394928186,14.034420760699456
2026-04-22 13:00:00,28.5,64.0,0.1,16.9,169.0,-3.224672021863607,16.58949940026552
2026-04-22 14:00:00,28.7,64.0,0.1,17.9,171.0,-2.8001769242201315,17.679621296652964
2026-04-22 15:00:00,28.6,65.0,0.1,17.5,171.0,-2.7376031382040393,17.28454596041491
2026-04-22 16:00:00,28.4,68.0,0.1,15.7,169.0,-2.9957012274117534,15.411546780128324
2026-04-22 17:00:00,27.9,71.0,0.1,13.3,167.0,-2.991849022773405,12.959121861643629
2026-04-22 18:00:00,27.4,74.0,0.1,10.6,162.0,-3.2755801403744416,10.081199072728628
2026-04-22 19:00:00,26.9,77.0,0.1,8.2,157.0,-3.2039952536120446,7.548139798310009
2026-04-22 20:00:00,26.6,79.0,0.1,6.6,151.0,-3.199743493625824,5.772490067120012
2026-04-22 21:00:00,26.3,81.0,0.0,5.5,148.0,-2.914555953282626,4.664264528860343
2026-04-22 22:00:00,26.0,82.0,0.0,4.4,145.0,-2.5237363199446032,3.6042689948715636
2026-04-22 23:00:00,25.7,83.0,0.0,3.6,143.0,-2.1665340833473743,2.8750878361702537
2026-04-23 00:00:00,25.4,84.0,0.0,2.6,146.0,-1.4539015490239415,2.1554976886431088
2026-04-23 01:00:00,25.3,84.0,0.0,1.6,153.0,-0.7263847995832747,1.4256104387013888
2026-04-23 02:00:00,25.2,84.0,0.0,0.7000000000000001,180.0,4.2862637970157366e-17,0.7000000000000001
2026-04-23 03:00:00,25.3,83.0,0.0,0.8,297.0,0.7128052193506944,-0.3631923997916374
2026-04-23 04:00:00,25.5,81.0,0.0,2.3,309.0,1.7874357113510329,-1.4474368994146258
2026-04-23 05:00:00,25.8,79.0,0.0,4.1,315.0,2.899137802864845,-2.8991378028648445
2026-04-23 06:00:00,26.1,76.0,0.0,5.9,313.0,4.314986839553106,-4.023790324368742
2026-04-23 07:00:00,26.4,74.0,0.0,7.1,311.0,5.358438019581681,-4.658019105832602
2026-04-23 08:00:00,26.7,72.0,0.0,8.7,308.0,6.85569355637848,-5.356254835333226
2026-04-23 09:00:00,27.1,70.0,0.0,10.2,302.0,8.650090580795544,-5.40517649517869
2026-04-23 10:00:00,27.6,68.0,0.0,11.9,295.0,10.785062665736135,-5.029157314714324
2026-04-23 11:00:00,28.1,66.0,0.0,13.7,288.0,13.029474273243602,-4.2335328229367795
2026-04-23 12:00:00,28.5,64.0,0.0,15.5,283.0,15.102736004171147,-3.4867413423299074
2026-04-23 13:00:00,28.8,63.0,0.0,16.9,281.0,16.58949940026552,-3.224672021863607
2026-04-23 14:00:00,28.9,63.0,0.0,17.6,281.0,17.276638428678886,-3.3582383186271887
2026-04-23 15:00:00,28.8,64.0,0.1,17.4,283.0,16.95403912726309,-3.914148345583251
2026-04-23 16:00:00,28.4,66.0,0.1,16.3,288.0,15.502221215611003,-5.036977008311643
2026-04-23 17:00:00,27.9,69.0,0.1,15.1,295.0,13.685247584253414,-6.381535752284561
2026-04-23 18:00:00,27.4,71.0,0.1,13.8,303.0,11.573653837646852,-7.516018683207374
2026-04-23 19:00:00,26.9,74.0,0.1,13.0,312.0,9.660882731206126,-8.698697882665158
2026-04-23 20:00:00,26.5,76.0,0.1,12.5,319.0,8.200737862381342,-9.43386975278465
2026-04-23 21:00:00,26.1,77.0,0.1,11.8,322.0,7.2648054088427685,-9.29852689255932
2026-04-23 22:00:00,25.8,79.0,0.1,11.4,325.0,6.538771374401926,-9.338333304894507
2026-04-23 23:00:00,25.5,80.0,0.1,10.4,326.0,5.815606196095767,-8.621990754572435
2026-04-24 00:00:00,25.2,80.0,0.1,9.6,326.0,5.368251873319169,-7.9587606965284
2026-04-24 01:00:00,24.9,81.0,0.1,8.9,328.0,4.716281451675524,-7.547628055792192
2026-04-24 02:00:00,24.8,81.0,0.1,8.1,328.0,4.29234604028896,-6.86918957886705
2026-04-24 03:00:00,24.7,81.0,0.3,7.4,331.0,3.587591189822895,-6.472185832831529
2026-04-24 04:00:00,24.7,80.0,0.3,6.6,331.0,3.199743493625825,-5.772490067120011
2026-04-24 05:00:00,24.7,79.0,0.3,6.0,335.0,2.5357095704441965,-5.437846722219899
2026-04-24 06:00:00,24.8,79.0,0.3,5.2,335.0,2.197614961051637,-4.7128004925905795
2026-04-24 07:00:00,24.9,78.0,0.3,4.7,337.0,1.8364363038995866,-4.32637281122647
2026-04-24 08:00:00,25.0,77.0,0.3,4.0,333.0,1.8159619989581872,-3.564026096753471
2026-04-24 09:00:00,25.2,76.0,0.6,3.6,323.0,2.1665340833473743,-2.875087836170254
2026-04-24 10:00:00,25.4,76.0,0.6,3.7,299.0,3.2360929164157644,-1.7937955949114472
2026-04-24 11:00:00,25.7,75.0,0.6,4.5,284.0,4.366330768241984,-1.0886485301985047
2026-04-24 12:00:00,25.9,75.0,0.6,5.0,270.0,5.0,0.0
2026-04-24 13:00:00,26.1,75.0,0.6,5.8,266.0,5.78587149150698,0.40458754771592675
2026-04-24 14:00:00,26.1,75.0,0.6,5.8,263.0,5.756767679519667,0.7068421917498553
2026-04-24 15:00:00,25.9,76.0,0.7000000000000001,5.1,262.0,5.050367150582009,0.7097828148963337
2026-04-24 16:00:00,25.5,78.0,0.7000000000000001,3.2,270.0,3.2,0.0
2026-04-24 17:00:00,25.1,80.0,0.7000000000000001,1.6,297.0,1.4256104387013888,-0.7263847995832748
2026-04-24 18:00:00,24.6,82.0,0.7000000000000001,1.8,11.0,-0.3434561916777803,-1.7669289302057951
2026-04-24 19:00:00,24.2,84.0,0.7000000000000001,3.3,41.0,-2.1649947956686737,-2.4905416147351476
2026-04-24 20:00:00,23.9,85.0,0.7000000000000001,4.3,48.0,-3.195522749552795,-2.8772616073430903
2026-04-24 21:00:00,23.6,86.0,0.5,4.8,48.0,-3.5670951622914924,-3.2118269105225195
2026-04-24 22:00:00,23.4,86.0,0.5,5.1,51.0,-3.9634444034305507,-3.2095339943541714
2026-04-24 23:00:00,23.2,87.0,0.5,4.8,48.0,-3.5670951622914924,-3.2118269105225195
2026-04-25 00:00:00,23.0,87.0,0.5,4.6,45.0,-3.2526911934581193,-3.252691193458118
2026-04-25 01:00:00,22.9,87.0,0.5,4.3,42.0,-2.87726160734309,-3.195522749552796
2026-04-25 02:00:00,22.8,87.0,0.5,4.3,42.0,-2.87726160734309,-3.195522749552796
2026-04-25 03:00:00,22.7,87.0,0.5,4.3,42.0,-2.87726160734309,-3.195522749552796
2026-04-25 04:00:00,22.7,86.0,0.5,4.6,39.0,-2.894873798829254,-3.5748714227020644
2026-04-25 05:00:00,22.7,86.0,0.5,4.6,39.0,-2.894873798829254,-3.5748714227020644
2026-04-25 06:00:00,22.7,85.0,0.5,4.6,39.0,-2.894873798829254,-3.5748714227020644
2026-04-25 07:00:00,22.7,85.0,0.5,4.9,36.0,-2.880147736233119,-3.9641832724372423
2026-04-25 08:00:00,22.8,84.0,0.5,4.7,32.0,-2.490620541896064,-3.9858260519352022
2026-04-25 09:00:00,23.0,83.0,0.9,4.3,24.0,-1.7489675652259404,-3.928245467863184
2026-04-25 10:00:00,23.2,83.0,0.9,4.4,9.0,-0.6883116461770166,-4.345828698618606
2026-04-25 11:00:00,23.4,82.0,0.9,4.4,351.0,0.6883116461770161,-4.3458286986186065
2026-04-25 12:00:00,23.7,82.0,0.9,4.7,337.0,1.8364363038995866,-4.32637281122647
2026-04-25 13:00:00,23.8,81.0,0.9,5.0,330.0,2.5000000000000004,-4.330127018922193
2026-04-25 14:00:00,23.9,81.0,0.9,5.2,326.0,2.9078030980478835,-4.3109953772862175
2026-04-25 15:00:00,23.9,81.0,0.7000000000000001,5.0,330.0,2.5000000000000004,-4.330127018922193
2026-04-25 16:00:00,23.8,82.0,0.7000000000000001,4.2,340.0,1.436484601967809,-3.9467090073008153
2026-04-25 17:00:00,23.6,82.0,0.7000000000000001,3.6,354.0,0.3763024677635525,-3.580278823325784
2026-04-25 18:00:00,23.4,83.0,0.7000000000000001,3.8,17.0,-1.111012477946401,-3.633958072659534
2026-04-25 19:00:00,23.1,84.0,0.7000000000000001,3.9,34.0,-2.1808523235359116,-3.233246532964663
2026-04-25 20:00:00,23.0,84.0,0.7000000000000001,4.3,42.0,-2.87726160734309,-3.195522749552796
2026-04-25 21:00:00,22.8,84.0,0.1,4.6,45.0,-3.2526911934581193,-3.252691193458118
2026-04-25 22:00:00,22.6,85.0,0.1,4.8,42.0,-3.211826910522519,-3.567095162291493
2026-04-25 23:00:00,22.4,85.0,0.1,5.1,39.0,-3.2095339943541727,-3.96344440343055
2026-04-26 00:00:00,22.2,85.0,0.1,5.4,37.0,-3.2498011250210608,-4.312631754255381
2026-04-26 01:00:00,22.2,85.0,0.1,5.5,32.0,-2.9145559532826275,-4.664264528860342
2026-04-26 02:00:00,22.2,84.0,0.1,5.5,32.0,-2.9145559532826275,-4.664264528860342
2026-04-26 03:00:00,22.3,83.0,0.0,5.5,32.0,-2.9145559532826275,-4.664264528860342
2026-04-26 04:00:00,22.5,82.0,0.0,5.8,30.0,-2.9000000000000026,-5.022947341949743
2026-04-26 05:00:00,22.8,80.0,0.0,6.0,33.0,-3.267834210090162,-5.032023407672544
2026-04-26 06:00:00,23.1,78.0,0.0,6.0,33.0,-3.267834210090162,-5.032023407672544
2026-04-26 07:00:00,23.5,77.0,0.0,5.5,32.0,-2.9145559532826275,-4.664264528860342
2026-04-26 08:00:00,24.0,75.0,0.0,4.8,27.0,-2.179154398749825,-4.276831316104166
2026-04-26 09:00:00,24.5,73.0,0.0,3.7,11.0,-0.7059932828932151,-3.632020578756357
2026-04-26 10:00:00,25.3,71.0,0.0,2.6,326.0,1.4539015490239418,-2.1554976886431088
2026-04-26 11:00:00,26.0,68.0,0.0,4.1,285.0,3.96029588778518,-1.061158084920335
2026-04-26 12:00:00,26.7,66.0,0.0,6.1,267.0,6.0916401620029,0.31924933308195735
2026-04-26 13:00:00,27.3,64.0,0.0,7.7,259.0,7.558529312547013,1.469229264399395
2026-04-26 14:00:00,27.5,64.0,0.0,8.6,255.0,8.306962106085987,2.2258437878816784
2026-04-26 15:00:00,27.4,65.0,0.1,7.9,254.0,7.59396739791272,2.1775351109542935
2026-04-26 16:00:00,27.1,67.0,0.1,6.2,249.0,5.788198644282651,2.2218812871808615
2026-04-26 17:00:00,26.5,70.0,0.1,3.9,248.0,3.616017032810471,1.460965714322057
2026-04-26 18:00:00,25.9,72.0,0.1,1.3,236.0,1.0777488443215542,0.726950774511971
2026-04-26 19:00:00,25.4,75.0,0.1,1.5,104.0,-1.4554435894139948,0.3628828433995016
2026-04-26 20:00:00,24.9,77.0,0.1,2.9,83.0,-2.878383839759834,-0.3534210958749272
2026-04-26 21:00:00,24.6,78.0,0.0,3.7,79.0,-3.632020578756357,-0.7059932828932155
2026-04-26 22:00:00,24.2,79.0,0.0,4.6,72.0,-4.374859974957706,-1.4214781741247573
2026-04-26 23:00:00,23.8,80.0,0.0,5.2,65.0,-4.71280049259058,-2.1976149610516362
2026-04-27 00:00:00,23.6,81.0,0.0,5.3,62.0,-4.679622242152313,-2.4881992827652213
2026-04-27 01:00:00,23.4,81.0,0.0,5.7,55.0,-4.669166652447253,-3.269385687200963
2026-04-27 02:00:00,23.3,81.0,0.0,5.9,52.0,-4.64926344627966,-3.6324027044213834
2026-04-27 03:00:00,23.4,80.0,0.0,6.4,47.0,-4.6806636903626915,-4.364789504399989
2026-04-27 04:00:00,23.7,79.0,0.0,6.4,43.0,-4.364789504399991,-4.6806636903626915
2026-04-27 05:00:00,24.0,78.0,0.0,6.7,36.0,-3.938161190359571,-5.420413862312147
2026-04-27 06:00:00,24.4,76.0,0.0,6.8,32.0,-3.603450996785794,-5.766727053863696
2026-04-27 07:00:00,24.8,75.0,0.0,6.8,25.0,-2.873804179836754,-6.16289295184922
2026-04-27 08:00:00,25.2,73.0,0.0,6.2,21.0,-2.2218812871808646,-5.78819864428265
2026-04-27 09:00:00,25.7,71.0,0.0,4.7,9.0,-0.7352419856890859,-4.6421352007971475
2026-04-27 10:00:00,26.4,69.0,0.0,3.4,342.0,1.0506577808748212,-3.233592155403522
2026-04-27 11:00:00,27.0,67.0,0.0,3.2,297.0,2.8512208774027776,-1.4527695991665497
2026-04-27 12:00:00,27.7,65.0,0.0,4.7,266.0,4.688551036221174,0.3278554265973889
2026-04-27 13:00:00,28.1,64.0,0.0,6.5,251.0,6.1458707413955596,2.1161930039715187
2026-04-27 14:00:00,28.3,64.0,0.0,7.1,246.0,6.486172749262466,2.8878301658381815
2026-04-27 15:00:00,28.1,65.0,0.1,6.4,243.0,5.702441754805555,2.9055391983330994
2026-04-27 16:00:00,27.7,67.0,0.1,4.7,238.0,3.9858260519352022,2.490620541896063
2026-04-27 17:00:00,27.1,70.0,0.1,2.5,225.0,1.7677669529663689,1.7677669529663687
2026-04-27 18:00:00,26.5,73.0,0.1,1.1,162.0,-0.3399186938124421,1.046162167924669
2026-04-27 19:00:00,25.9,76.0,0.1,2.5,98.0,-2.475670171853926,0.3479327524001633
2026-04-27 20:00:00,25.4,78.0,0.1,4.0,85.0,-3.984778792366982,-0.3486229709906318
2026-04-27 21:00:00,25.0,79.0,0.0,4.7,81.0,-4.6421352007971475,-0.7352419856890845
2026-04-27 22:00:00,24.7,80.0,0.0,5.5,79.0,-5.3989495089621515,-1.049449474570996
2026-04-27 23:00:00,24.3,81.0,0.0,5.9,79.0,-5.791600382341218,-1.125773072721614
2026-04-28 00:00:00,24.1,81.0,0.0,6.3,77.0,-6.1385314081469815,-1.4171916423663493
2026-04-28 01:00:00,23.9,81.0,0.0,6.3,77.0,-6.1385314081469815,-1.4171916423663493
2026-04-28 02:00:00,23.8,81.0,0.0,6.4,74.0,-6.1520748540052415,-1.7640790772287938
2026-04-28 03:00:00,23.9,80.0,0.0,6.5,71.0,-6.145870741395559,-2.116193003971519
2026-04-28 04:00:00,24.2,79.0,0.0,6.3,66.0,-5.755336383148386,-2.5624408513775414
2026-04-28 05:00:00,24.5,77.0,0.0,6.1,62.0,-5.385980316439453,-2.863776532993934
2026-04-28 06:00:00,24.9,75.0,0.0,5.7,55.0,-4.669166652447253,-3.269385687200963
2026-04-28 07:00:00,25.3,74.0,0.0,5.4,53.0,-4.312631754255381,-3.2498011250210617
2026-04-28 08:00:00,25.7,72.0,0.0,4.8,48.0,-3.5670951622914924,-3.2118269105225195
2026-04-28 09:00:00,26.1,70.0,0.2,3.8,49.0,-2.867896404846534,-2.4930243101639267
2026-04-28 10:00:00,26.6,69.0,0.2,2.3,51.0,-1.7874357113510326,-1.4474368994146265
2026-04-28 11:00:00,27.1,67.0,0.2,0.8,63.0,-0.7128052193506944,-0.36319239979163737
2026-04-28 12:00:00,27.6,66.0,0.2,0.8,207.0,0.3631923997916375,0.7128052193506943
2026-04-28 13:00:00,27.9,65.0,0.2,2.1,211.0,1.0815799573111138,1.800051331474436
2026-04-28 14:00:00,28.0,65.0,0.2,2.6,214.0,1.4539015490239418,2.1554976886431088
2026-04-28 15:00:00,27.8,66.0,0.2,2.4,207.0,1.0895771993749124,2.138415658052083
2026-04-28 16:00:00,27.4,69.0,0.2,1.5,194.0,0.3628828433995015,1.4554435894139948
2026-04-28 17:00:00,26.9,71.0,0.2,0.5,135.0,-0.35355339059327373,0.3535533905932738
2026-04-28 18:00:00,26.3,74.0,0.2,1.5,76.0,-1.4554435894139948,-0.3628828433995013
2026-04-28 19:00:00,25.7,77.0,0.2,2.9,60.0,-2.5114736709748717,-1.4500000000000002
2026-04-28 20:00:00,25.3,79.0,0.2,3.7,61.0,-3.236092916415765,-1.7937955949114468
2026-04-28 21:00:00,24.9,80.0,0.1,4.0,63.0,-3.5640260967534716,-1.8159619989581868
2026-04-28 22:00:00,24.6,81.0,0.1,4.3,66.0,-3.9282454678631837,-1.7489675652259409
2026-04-28 23:00:00,24.4,82.0,0.1,4.7,67.0,-4.32637281122647,-1.8364363038995857
2026-04-29 00:00:00,24.2,82.0,0.1,4.6,72.0,-4.374859974957706,-1.4214781741247573
2026-04-29 01:00:00,24.0,82.0,0.1,4.6,72.0,-4.374859974957706,-1.4214781741247573
2026-04-29 02:00:00,23.9,82.0,0.1,4.6,72.0,-4.374859974957706,-1.4214781741247573
2026-04-29 03:00:00,23.9,82.0,0.2,4.6,72.0,-4.374859974957706,-1.4214781741247573
2026-04-29 04:00:00,24.0,81.0,0.2,4.3,66.0,-3.9282454678631837,-1.7489675652259409
2026-04-29 05:00:00,24.2,80.0,0.2,4.5,61.0,-3.9357886821272814,-2.181643291108516
2026-04-29 06:00:00,24.4,80.0,0.2,4.4,55.0,-3.604268994871564,-2.5237363199446032
2026-04-29 07:00:00,24.6,79.0,0.2,4.3,48.0,-3.195522749552795,-2.8772616073430903
2026-04-29 08:00:00,24.8,78.0,0.2,3.8,41.0,-2.4930243101639276,-2.8678964048465336
2026-04-29 09:00:00,25.1,77.0,0.6,3.4,32.0,-1.801725498392897,-2.883363526931848
2026-04-29 10:00:00,25.4,76.0,0.6,2.6,16.0,-0.7166571251241971,-2.4992804094396295
2026-04-29 11:00:00,25.7,76.0,0.6,2.6,344.0,0.7166571251241979,-2.499280409439629
2026-04-29 12:00:00,26.0,75.0,0.6,2.8,320.0,1.7998053071223101,-2.1449244407331385
2026-04-29 13:00:00,26.2,75.0,0.6,3.3,311.0,2.4905416147351476,-2.1649947956686737
2026-04-29 14:00:00,26.2,75.0,0.6,3.6,307.0,2.875087836170254,-2.166534083347374
2026-04-29 15:00:00,26.1,76.0,0.4,3.8,311.0,2.8678964048465336,-2.4930243101639276
2026-04-29 16:00:00,25.8,77.0,0.4,3.6,323.0,2.1665340833473743,-2.875087836170254
2026-04-29 17:00:00,25.5,79.0,0.4,3.9,338.0,1.4609657143220567,-3.616017032810471
2026-04-29 18:00:00,25.1,81.0,0.4,4.3,355.0,0.37476969381492997,-4.283637201794505
2026-04-29 19:00:00,24.7,83.0,0.4,4.7,4.0,-0.32785542659739025,-4.688551036221174
2026-04-29 20:00:00,24.4,84.0,0.4,5.2,12.0,-1.0811407922523508,-5.086367523815789
2026-04-29 21:00:00,24.1,85.0,0.2,5.2,16.0,-1.4333142502483942,-4.998560818879259
2026-04-29 22:00:00,23.8,86.0,0.2,5.4,20.0,-1.8469087739586103,-5.074340152243906
2026-04-29 23:00:00,23.6,86.0,0.2,5.2,25.0,-2.197614961051636,-4.71280049259058
2026-04-30 00:00:00,23.4,86.0,0.2,5.0,30.0,-2.500000000000002,-4.330127018922192
2026-04-30 01:00:00,23.3,86.0,0.2,4.7,32.0,-2.490620541896064,-3.9858260519352022
2026-04-30 02:00:00,23.3,86.0,0.2,4.7,32.0,-2.490620541896064,-3.9858260519352022
2026-04-30 03:00:00,23.4,85.0,0.0,4.7,32.0,-2.490620541896064,-3.9858260519352022
2026-04-30 04:00:00,23.6,84.0,0.0,4.5,29.0,-2.1816432911085157,-3.935788682127282
2026-04-30 05:00:00,23.9,83.0,0.0,4.3,24.0,-1.7489675652259404,-3.928245467863184
2026-04-30 06:00:00,24.3,81.0,0.0,4.6,18.0,-1.4214781741247586,-4.3748599749577055
2026-04-30 07:00:00,24.7,79.0,0.0,4.0,10.0,-0.6945927106677213,-3.939231012048832
2026-04-30 08:00:00,25.0,78.0,0.0,4.0,360.0,2.4492935982947064e-16,-4.0
2026-04-30 09:00:00,25.4,77.0,0.1,3.8,343.0,1.1110124779463997,-3.6339580726595346
2026-04-30 10:00:00,25.9,75.0,0.1,4.1,315.0,2.899137802864845,-2.8991378028648445
2026-04-30 11:00:00,26.4,73.0,0.1,5.5,293.0,5.062776693988422,-2.149021206691006
2026-04-30 12:00:00,26.9,72.0,0.1,6.6,283.0,6.430842427582553,-1.484676958669509
2026-04-30 13:00:00,27.2,71.0,0.1,8.0,278.0,7.922144549932563,-1.1133848076805235
2026-04-30 14:00:00,27.4,71.0,0.1,8.3,275.0,8.268415994161488,-0.7233926648055629
2026-04-30 15:00:00,27.3,72.0,0.2,7.6,275.0,7.571079705497266,-0.662383644882202
2026-04-30 16:00:00,27.0,74.0,0.2,6.2,280.0,6.10580806867569,-1.0766187015349682
2026-04-30 17:00:00,26.5,76.0,0.2,4.6,288.0,4.3748599749577055,-1.421478174124758
2026-04-30 18:00:00,26.1,79.0,0.2,3.1,315.0,2.1920310216782974,-2.192031021678297
2026-04-30 19:00:00,25.6,81.0,0.2,2.5,352.0,0.34793275240016364,-2.475670171853926
2026-04-30 20:00:00,25.2,83.0,0.2,3.1,21.0,-1.1109406435904323,-2.894099322141325
2026-04-30 21:00:00,24.9,84.0,0.0,3.4,32.0,-1.801725498392897,-2.883363526931848
2026-04-30 22:00:00,24.6,85.0,0.0,3.6,37.0,-2.166534083347374,-2.875087836170254
2026-04-30 23:00:00,24.3,86.0,0.0,3.6,37.0,-2.166534083347374,-2.875087836170254
2026-05-01 00:00:00,24.0,87.0,0.0,3.6,37.0,-2.166534083347374,-2.875087836170254
2026-05-01 01:00:00,23.9,87.0,0.0,3.4,32.0,-1.801725498392897,-2.883363526931848
2026-05-01 02:00:00,23.8,87.0,0.0,3.4,32.0,-1.801725498392897,-2.883363526931848
2026-05-01 03:00:00,23.9,86.0,0.0,3.4,32.0,-1.801725498392897,-2.883363526931848
2026-05-01 04:00:00,24.2,85.0,0.0,3.5,24.0,-1.4235782507653003,-3.1974091017491033
2026-05-01 05:00:00,24.5,83.0,0.0,3.8,17.0,-1.111012477946401,-3.633958072659534
2026-05-01 06:00:00,24.8,81.0,0.0,4.0,10.0,-0.6945927106677213,-3.939231012048832
2026-05-01 07:00:00,25.2,80.0,0.0,4.0,360.0,2.4492935982947064e-16,-4.0
2026-05-01 08:00:00,25.6,78.0,0.0,4.0,350.0,0.6945927106677217,-3.939231012048832
2026-05-01 09:00:00,26.1,76.0,0.1,4.0,333.0,1.8159619989581872,-3.564026096753471
2026-05-01 10:00:00,26.6,75.0,0.1,4.6,309.0,3.5748714227020657,-2.8948737988292517
2026-05-01 11:00:00,27.2,73.0,0.1,5.7,288.0,5.421022142882375,-1.7613968679372003
2026-05-01 12:00:00,27.8,71.0,0.1,6.9,279.0,6.815049550106451,-1.079397808777593
2026-05-01 13:00:00,28.1,70.0,0.1,8.3,272.0,8.294943864258496,-0.2896658226307581
2026-05-01 14:00:00,28.3,70.0,0.1,8.6,270.0,8.6,0.0
