time,temperature_2m,relativehumidity_2m,precipitation,windspeed_10m,winddirection_10m,u,v
2025-12-22 00:00:00,18.5,81.0,0.0,4.7,302.0,3.9858260519352022,-2.490620541896063
2025-12-22 01:00:00,18.0,83.0,0.0,3.2,297.0,2.8512208774027776,-1.4527695991665497
2025-12-22 02:00:00,17.9,86.0,0.0,1.3,188.0,0.18092503124808512,1.2873484893640414
2025-12-22 03:00:00,17.5,89.0,0.0,0.7000000000000001,360.0,4.2862637970157366e-17,-0.7000000000000001
2025-12-22 04:00:00,16.9,91.0,0.0,2.3,356.0,0.16043988961148803,-2.2943973155975956
2025-12-22 05:00:00,16.7,93.0,0.0,1.0,338.0,0.37460659341591196,-0.9271838545667874
2025-12-22 06:00:00,16.4,94.0,0.0,2.6,326.0,1.4539015490239418,-2.1554976886431088
2025-12-22 07:00:00,16.6,94.0,0.0,3.2,344.0,0.8820395386143973,-3.0760374270026207
2025-12-22 08:00:00,18.4,88.0,0.0,0.8,243.0,0.7128052193506944,0.3631923997916374
2025-12-22 09:00:00,21.5,75.0,0.0,2.4,228.0,1.7835475811457462,1.6059134552612597
2025-12-22 10:00:00,24.1,65.0,0.0,5.5,218.0,3.3861381142911204,4.334059144836971
2025-12-22 11:00:00,26.0,55.0,0.0,7.8,248.0,7.232034065620942,2.921931428644114
2025-12-22 12:00:00,27.0,51.0,0.0,9.4,253.0,8.989264706052534,2.7482940243937257
2025-12-22 13:00:00,27.3,51.0,0.0,9.6,250.0,9.02104915954472,3.2833933759264196
2025-12-22 14:00:00,26.4,55.0,0.0,10.8,227.0,7.898619977487042,7.365582288674984
2025-12-22 15:00:00,26.0,56.0,0.0,9.8,197.0,2.8652427062828205,9.371786608437748
2025-12-22 16:00:00,25.1,60.0,0.0,8.3,194.0,2.007951733477242,8.053454528090771
2025-12-22 17:00:00,24.0,66.0,0.0,6.6,196.0,1.8192065483921944,6.344327193192904
2025-12-22 18:00:00,23.0,73.0,0.0,6.1,203.0,2.3834598837845697,5.6150796060598855
2025-12-22 19:00:00,22.0,81.0,0.0,2.6,205.0,1.0988074805258186,2.3564002462952898
2025-12-22 20:00:00,21.6,81.0,0.0,4.7,182.0,0.1640276345017551,4.6971368869897505
2025-12-22 21:00:00,22.0,81.0,0.0,5.2,151.0,-2.5210100252809524,4.548022477124858
2025-12-22 22:00:00,22.2,81.0,0.0,5.4,130.0,-4.136639992842481,3.4710530923073133
2025-12-22 23:00:00,21.0,85.0,0.0,3.0,104.0,-2.9108871788279895,0.7257656867990032
2025-12-23 00:00:00,19.5,90.0,0.0,1.3,90.0,-1.3,1.5920408388915593e-16
2025-12-23 01:00:00,18.9,91.0,0.0,1.5,69.0,-1.4003706397458027,-0.5375519243179506
2025-12-23 02:00:00,18.0,92.0,0.0,2.3,72.0,-2.187429987478853,-0.7107390870623786
2025-12-23 03:00:00,18.4,89.0,0.0,1.8,53.0,-1.437543918085127,-1.0832670416736871
2025-12-23 04:00:00,18.6,89.0,0.0,2.1,31.0,-1.0815799573111144,-1.8000513314744355
2025-12-23 05:00:00,18.5,91.0,0.0,4.3,355.0,0.37476969381492997,-4.283637201794505
2025-12-23 06:00:00,18.5,92.0,0.0,4.1,331.0,1.987719443009982,-3.585940799271522
2025-12-23 07:00:00,18.3,92.0,0.0,3.1,294.0,2.8319909186920627,-1.2608835935349807
2025-12-23 08:00:00,20.3,83.0,0.0,3.6,221.0,2.3618125043658265,2.716954488801979
2025-12-23 09:00:00,22.8,71.0,0.0,3.2,232.0,2.5216344115415104,1.9701167210421067
2025-12-23 10:00:00,25.2,59.0,0.0,4.9,197.0,1.4326213531414103,4.685893304218874
2025-12-23 11:00:00,26.9,52.0,0.0,4.3,195.0,1.1129218939408392,4.153481053042993
2025-12-23 12:00:00,28.0,49.0,0.0,1.3,146.0,-0.7269507745119708,1.0777488443215544
2025-12-23 13:00:00,28.8,48.0,0.0,1.9,163.0,-0.5555062389731996,1.8169790363297675
2025-12-23 14:00:00,28.3,48.0,0.0,3.8,199.0,1.2371589869371955,3.5929705872774034
2025-12-23 15:00:00,28.0,49.0,0.1,4.0,207.0,1.8159619989581872,3.564026096753471
2025-12-23 16:00:00,27.5,52.0,0.0,2.4,189.0,0.3754427160965542,2.3704520174283306
2025-12-23 17:00:00,25.9,60.0,0.0,3.7,166.0,-0.8951110137187709,3.590094187221187
2025-12-23 18:00:00,23.9,71.0,0.0,7.9,192.0,1.6425023574602997,7.727366045797065
2025-12-23 19:00:00,22.7,78.0,0.0,6.1,204.0,2.481093522762381,5.572627291619865
2025-12-23 20:00:00,21.8,83.0,0.0,6.3,182.0,0.2198668292257568,6.296162210220303
2025-12-23 21:00:00,20.9,89.0,0.0,2.6,146.0,-1.4539015490239415,2.1554976886431088
2025-12-23 22:00:00,20.5,91.0,0.0,2.0,80.0,-1.969615506024416,-0.34729635533386094
2025-12-23 23:00:00,20.0,92.0,0.0,0.9,79.0,-0.8834644651028976,-0.17172809583889026
2025-12-24 00:00:00,19.5,92.0,0.0,1.3,56.0,-1.0777488443215544,-0.7269507745119708
2025-12-24 01:00:00,18.9,94.0,0.0,2.1,59.0,-1.800051331474436,-1.0815799573111138
2025-12-24 02:00:00,18.8,94.0,0.0,0.5,45.0,-0.35355339059327384,-0.35355339059327373
2025-12-24 03:00:00,18.5,95.0,0.0,0.7000000000000001,360.0,4.2862637970157366e-17,-0.7000000000000001
2025-12-24 04:00:00,18.5,94.0,0.0,2.4,13.0,-0.5398825304252766,-2.3384881554845642
2025-12-24 05:00:00,18.5,92.0,0.0,3.9,307.0,3.114678489184442,-2.347078590292988
2025-12-24 06:00:00,17.9,97.0,0.0,4.6,301.0,3.9429695832297162,-2.369175144586249
2025-12-24 07:00:00,17.7,96.0,0.0,4.9,321.0,3.083669916144204,-3.808015211139158
2025-12-24 08:00:00,20.1,81.0,0.0,3.1,273.0,3.0957515577391788,-0.1622414643531259
2025-12-24 09:00:00,23.5,65.0,0.0,2.9,187.0,0.3534210958749277,2.8783838397598336
2025-12-24 10:00:00,26.0,57.0,0.0,4.5,182.0,0.15704773516125486,4.497258721585931
2025-12-24 11:00:00,27.9,52.0,0.0,3.6,200.0,1.2312725159724078,3.38289343482927
2025-12-24 12:00:00,29.0,51.0,0.0,4.4,251.0,4.160281732636994,1.4324998796114896
2025-12-24 13:00:00,29.3,50.0,0.0,4.8,248.0,4.45048250192058,1.7981116483963777
2025-12-24 14:00:00,29.0,51.0,0.0,3.0,205.0,1.2678547852220983,2.7189233611099497
2025-12-24 15:00:00,28.9,51.0,0.0,6.5,214.0,3.634753872559854,5.388744221607771
2025-12-24 16:00:00,27.6,55.0,0.0,7.6,195.0,1.9670247427791576,7.341036279796919
2025-12-24 17:00:00,25.7,64.0,0.0,8.7,202.0,3.259077362718434,8.066499534731049
2025-12-24 18:00:00,24.0,74.0,0.0,5.2,174.0,-0.5435480089917984,5.1715138559150216
2025-12-24 19:00:00,23.2,82.0,0.0,4.3,138.0,-2.8772616073430903,3.195522749552795
2025-12-24 20:00:00,22.9,81.0,0.0,1.7000000000000002,77.0,-1.6564291101349,-0.3824167923845705
2025-12-24 21:00:00,22.2,85.0,0.0,3.3,36.0,-1.9396913325651617,-2.6697560814373262
2025-12-24 22:00:00,21.2,90.0,0.0,1.0,338.0,0.37460659341591196,-0.9271838545667874
2025-12-24 23:00:00,20.7,93.0,0.0,1.9,304.0,1.575171387854579,-1.0624665165944192
2025-12-25 00:00:00,20.5,93.0,0.0,4.2,348.0,0.8732291014345898,-4.108219923081983
2025-12-25 01:00:00,20.0,92.0,0.0,5.6,297.0,4.98963653545486,-2.5423467985414616
2025-12-25 02:00:00,20.0,95.0,0.0,1.9,287.0,1.8169790363297673,-0.5555062389731998
2025-12-25 03:00:00,20.0,96.0,0.3,1.9,241.0,1.6617774435648518,0.9211382784680404
2025-12-25 04:00:00,19.7,100.0,0.1,3.6,288.0,3.4238034586625528,-1.1124611797498107
2025-12-25 05:00:00,19.9,98.0,0.0,5.8,338.0,2.1727182418122895,-5.377666356487367
2025-12-25 06:00:00,19.4,97.0,0.0,7.9,319.0,5.182866329025008,-5.962205683759899
2025-12-25 07:00:00,18.9,95.0,0.0,7.6,342.0,2.3485291572496005,-7.228029523843166
2025-12-25 08:00:00,20.8,82.0,0.0,7.2,321.0,4.5311068155588305,-5.5954509224901905
2025-12-25 09:00:00,23.5,67.0,0.0,5.9,349.0,1.125773072721615,-5.791600382341218
2025-12-25 10:00:00,25.4,56.0,0.0,7.4,359.0,0.12914780763589864,-7.398872944157295
2025-12-25 11:00:00,26.5,53.0,0.0,8.5,353.0,1.0358894189437537,-8.436642288951237
2025-12-25 12:00:00,27.4,50.0,0.0,8.1,354.0,0.846680552467993,-8.055627352483013
2025-12-25 13:00:00,27.8,48.0,0.0,8.8,351.0,1.3766232923540322,-8.691657397237213
2025-12-25 14:00:00,26.5,48.0,0.0,12.8,345.0,3.3128837773122655,-12.363850576500075
2025-12-25 15:00:00,25.9,46.0,0.0,12.4,346.0,2.9998315054358793,-12.031667005822356
2025-12-25 16:00:00,24.6,47.0,0.0,11.6,345.0,3.0023009231892406,-11.204739584953192
2025-12-25 17:00:00,22.5,50.0,0.0,11.8,339.0,4.228741804634545,-11.01624903266698
2025-12-25 18:00:00,20.4,55.0,0.0,13.9,331.0,6.7388537214240865,-12.157213929237601
2025-12-25 19:00:00,18.4,61.0,0.0,15.5,334.0,6.794752775230701,-13.93130771763709
2025-12-25 20:00:00,16.4,67.0,0.0,13.0,323.0,7.823595300976629,-10.382261630614806
2025-12-25 21:00:00,15.4,69.0,0.0,12.8,331.0,6.205563139153115,-11.195132251384265
2025-12-25 22:00:00,14.9,72.0,0.0,9.7,320.0,6.235039813959431,-7.430631098254086
2025-12-25 23:00:00,14.6,76.0,0.6,8.4,305.0,6.880877172027532,-4.818042065348787
2025-12-26 00:00:00,14.0,79.0,0.5,7.4,304.0,6.134878036907308,-4.138027485683527
2025-12-26 01:00:00,14.1,79.0,0.0,6.6,286.0,6.344327193192904,-1.8192065483921944
2025-12-26 02:00:00,13.6,85.0,0.5,4.3,294.0,3.9282454678631837,-1.7489675652259409
2025-12-26 03:00:00,13.6,90.0,0.1,7.7,300.0,6.668395609140179,-3.8499999999999996
2025-12-26 04:00:00,13.7,93.0,0.4,4.6,312.0,3.4184661971960133,-3.0780007892507477
2025-12-26 05:00:00,13.5,96.0,0.0,4.0,280.0,3.939231012048832,-0.6945927106677213
2025-12-26 06:00:00,13.7,96.0,0.0,2.2,318.0,1.4720873339894882,-1.6349186160502676
2025-12-26 07:00:00,13.9,96.0,0.0,4.1,319.0,2.6898420188610794,-3.094309278913365
2025-12-26 08:00:00,14.4,93.0,0.0,2.6,245.0,2.3564002462952898,1.0988074805258186
2025-12-26 09:00:00,16.0,88.0,0.1,3.2,218.0,1.9701167210421067,2.521634411541511
2025-12-26 10:00:00,18.0,79.0,0.0,4.7,178.0,-0.1640276345017545,4.6971368869897505
2025-12-26 11:00:00,19.2,74.0,0.3,7.4,193.0,1.6646378021446004,7.2103384794107415
2025-12-26 12:00:00,20.5,64.0,0.3,8.7,198.0,2.6884478510620426,8.274191691767834
2025-12-26 13:00:00,20.1,64.0,0.0,8.3,196.0,2.287790053281093,7.978472076288048
2025-12-26 14:00:00,21.1,60.0,0.0,8.2,218.0,5.048424097670398,6.46168817957512
2025-12-26 15:00:00,20.5,63.0,0.1,7.7,208.0,3.61493103345136,6.798696465013737
2025-12-26 16:00:00,19.8,68.0,0.1,4.2,211.0,2.1631599146222276,3.600102662948872
2025-12-26 17:00:00,19.6,70.0,0.0,2.2,171.0,-0.34415582308850784,2.1729143493093033
2025-12-26 18:00:00,19.0,76.0,0.0,2.6,192.0,0.5405703961261746,2.5431837619078945
2025-12-26 19:00:00,18.5,81.0,0.0,0.7000000000000001,256.0,0.6792070083931976,0.16934532691976742
2025-12-26 20:00:00,19.0,79.0,0.0,4.9,188.0,0.6819481947043208,4.852313536833695
2025-12-26 21:00:00,18.5,83.0,0.0,3.8,191.0,0.7250741824308706,3.730183297101123
2025-12-26 22:00:00,17.5,90.0,0.0,2.4,193.0,0.5398825304252758,2.3384881554845647
2025-12-26 23:00:00,17.5,91.0,0.1,2.2,325.0,1.2618681599723016,-1.802134497435782
2025-12-27 00:00:00,17.4,89.0,0.1,3.6,340.0,1.2312725159724078,-3.38289343482927
2025-12-27 01:00:00,17.2,88.0,0.2,3.3,338.0,1.2362017582725093,-3.0597067200703982
2025-12-27 02:00:00,17.0,89.0,0.4,3.6,315.0,2.5455844122715714,-2.545584412271571
2025-12-27 03:00:00,16.4,90.0,0.1,8.2,278.0,8.120198163680877,-1.1412194278725365
2025-12-27 04:00:00,16.4,86.0,0.0,6.8,338.0,2.5473248352282014,-6.304850211054155
2025-12-27 05:00:00,16.5,85.0,0.1,7.1,354.0,0.7421520892003395,-7.06110545711474
2025-12-27 06:00:00,16.5,88.0,0.1,5.5,328.0,2.914555953282627,-4.664264528860342
2025-12-27 07:00:00,16.3,91.0,0.0,10.1,313.0,7.386672386353621,-6.888183436631234
2025-12-27 08:00:00,16.9,92.0,0.2,8.0,332.0,3.755772502287127,-7.063580742871415
2025-12-27 09:00:00,19.1,84.0,0.0,6.5,330.0,3.250000000000001,-5.629165124598851
2025-12-27 10:00:00,18.9,87.0,0.6,7.2,14.0,-1.7418376483176081,-6.986129229187175
2025-12-27 11:00:00,21.6,69.0,0.0,9.3,24.0,-3.782650780604941,-8.49597275607619
2025-12-27 12:00:00,19.8,85.0,1.3,3.7,39.0,-2.3284854468844003,-2.8754400573907914
2025-12-27 13:00:00,20.4,80.0,0.5,2.3,72.0,-2.187429987478853,-0.7107390870623786
2025-12-27 14:00:00,20.7,76.0,0.0,5.6,33.0,-3.049978596084151,-4.696555180494374
2025-12-27 15:00:00,21.4,75.0,0.0,8.3,356.0,0.5789787320762395,-8.27978161715654
2025-12-27 16:00:00,21.4,73.0,0.0,8.1,339.0,2.902780391316933,-7.5620014546273335
2025-12-27 17:00:00,21.0,67.0,0.0,6.9,7.0,-0.8408984694955155,-6.848568446325123
2025-12-27 18:00:00,19.8,71.0,0.0,4.0,39.0,-2.5172815641993513,-3.1085838458278823
2025-12-27 19:00:00,18.6,71.0,0.0,7.1,341.0,2.311533896645813,-6.713181886755148
2025-12-27 20:00:00,18.7,70.0,0.0,7.9,333.0,3.58652494794242,-7.038951541088106
2025-12-27 21:00:00,18.0,74.0,0.0,8.6,329.0,4.429327444226465,-7.371638786038166
2025-12-27 22:00:00,17.2,77.0,0.0,9.7,342.0,2.99746484543699,-9.225248208062988
2025-12-27 23:00:00,17.1,78.0,0.0,9.5,346.0,2.298258008196843,-9.217809399621967
2025-12-28 00:00:00,17.0,80.0,0.0,7.7,327.0,4.193720569615708,-6.457763373179765
2025-12-28 01:00:00,16.8,81.0,0.0,6.0,311.0,4.528257481336632,-3.9363541739430437
2025-12-28 02:00:00,16.1,84.0,0.0,5.4,318.0,3.6133052743378347,-4.012982057577929
2025-12-28 03:00:00,15.8,86.0,0.0,5.6,318.0,3.747131395609606,-4.161611022673408
2025-12-28 04:00:00,15.6,88.0,0.0,7.8,320.0,5.013743355555007,-5.975146656328028
2025-12-28 05:00:00,15.5,88.0,0.0,6.5,326.0,3.634753872559854,-5.388744221607771
2025-12-28 06:00:00,15.5,87.0,0.0,4.4,325.0,2.5237363199446032,-3.604268994871564
2025-12-28 07:00:00,15.6,86.0,0.0,5.6,310.0,4.289848881466277,-3.5996106142446194
2025-12-28 08:00:00,16.6,87.0,0.0,4.1,322.0,2.524212048835199,-3.23084408978756
2025-12-28 09:00:00,18.5,78.0,0.0,4.8,326.0,2.6841259366595844,-3.9793803482642
2025-12-28 10:00:00,19.4,73.0,0.0,4.2,10.0,-0.7293223462011075,-4.136192562651273
2025-12-28 11:00:00,22.2,60.0,0.0,4.4,9.0,-0.6883116461770166,-4.345828698618606
2025-12-28 12:00:00,24.4,52.0,0.0,4.2,5.0,-0.36605411954016465,-4.184017731985332
2025-12-28 13:00:00,25.9,46.0,0.0,4.1,15.0,-1.0611580849203346,-3.96029588778518
2025-12-28 14:00:00,26.3,43.0,0.0,5.4,8.0,-0.7515347451843555,-5.34744757120448
2025-12-28 15:00:00,26.5,42.0,0.0,6.2,30.0,-3.1000000000000028,-5.369357503463518
2025-12-28 16:00:00,25.9,43.0,0.0,6.7,36.0,-3.938161190359571,-5.420413862312147
2025-12-28 17:00:00,24.2,51.0,0.0,3.3,36.0,-1.9396913325651617,-2.6697560814373262
2025-12-28 18:00:00,22.9,56.0,0.0,5.9,2.0,-0.2059070305447545,-5.896405879412665
2025-12-28 19:00:00,22.0,55.0,0.0,6.4,352.0,0.890707846144419,-6.337715639946051
2025-12-28 20:00:00,19.5,68.0,0.0,4.1,315.0,2.899137802864845,-2.8991378028648445
2025-12-28 21:00:00,18.9,73.0,0.0,7.4,321.0,4.656970893768798,-5.750880114781585
2025-12-28 22:00:00,18.6,75.0,0.0,7.1,322.0,4.371196474812174,-5.594876350607726
2025-12-28 23:00:00,17.8,80.0,0.0,6.7,340.0,2.291534960281981,-6.295940559265586
2025-12-29 00:00:00,17.4,84.0,0.0,6.5,346.0,1.57249232139784,-6.306922220793977
2025-12-29 01:00:00,16.8,88.0,0.0,6.1,328.0,3.2325075118225497,-5.173093386554198
2025-12-29 02:00:00,16.8,89.0,0.0,4.9,343.0,1.4326213531414103,-4.685893304218874
2025-12-29 03:00:00,16.2,92.0,0.0,6.5,332.0,3.0515651581082905,-5.739159353583025
2025-12-29 04:00:00,15.9,94.0,0.0,6.5,328.0,3.4444752175158317,-5.512312625016769
2025-12-29 05:00:00,15.8,95.0,0.0,6.9,315.0,4.879036790187178,-4.879036790187178
2025-12-29 06:00:00,16.1,91.0,0.0,6.1,313.0,4.461257579876939,-4.1601899963812405
2025-12-29 07:00:00,15.9,91.0,0.0,7.1,317.0,4.842188356443739,-5.19261128149611
2025-12-29 08:00:00,17.2,84.0,0.0,4.5,304.0,3.730669076497687,-2.516368065618361
2025-12-29 09:00:00,18.8,78.0,0.0,2.6,309.0,2.0205794997881243,-1.6362330167295773
2025-12-29 10:00:00,21.2,66.0,0.0,2.2,35.0,-1.261868159972302,-1.8021344974357816
2025-12-29 11:00:00,23.0,56.0,0.0,2.5,21.0,-0.8959198738632518,-2.333951066243004
2025-12-29 12:00:00,24.3,50.0,0.0,2.8,35.0,-1.6060140217829297,-2.293625724009176
2025-12-29 13:00:00,25.9,46.0,0.0,2.9,30.0,-1.4500000000000013,-2.5114736709748713
2025-12-29 14:00:00,26.7,44.0,0.0,4.6,51.0,-3.5748714227020653,-2.894873798829253
2025-12-29 15:00:00,27.0,42.0,0.0,5.2,63.0,-4.633233925779513,-2.3607505986456427
2025-12-29 16:00:00,26.6,43.0,0.0,4.7,92.0,-4.6971368869897505,0.16402763450175536
2025-12-29 17:00:00,25.0,50.0,0.0,6.7,121.0,-5.743020914704152,3.4507551018973643
2025-12-29 18:00:00,23.0,58.0,0.0,8.4,133.0,-6.143371093601032,5.728786224524988
2025-12-29 19:00:00,21.8,65.0,0.0,4.6,135.0,-3.252691193458118,3.2526911934581184
2025-12-29 20:00:00,20.6,72.0,0.0,2.1,31.0,-1.0815799573111144,-1.8000513314744355
2025-12-29 21:00:00,20.2,73.0,0.0,6.2,353.0,0.7555899291119145,-6.153786140176196
2025-12-29 22:00:00,19.5,79.0,0.0,7.7,351.0,1.2045453808097781,-7.605200222582561
2025-12-29 23:00:00,18.6,86.0,0.0,4.5,346.0,1.0886485301985045,-4.366330768241984
2025-12-30 00:00:00,18.2,89.0,0.0,5.5,349.0,1.049449474570997,-5.3989495089621515
2025-12-30 01:00:00,17.7,92.0,0.0,7.6,342.0,2.3485291572496005,-7.228029523843166
2025-12-30 02:00:00,16.9,94.0,0.0,7.7,342.0,2.3794308566870956,-7.323135175472682
2025-12-30 03:00:00,16.5,96.0,0.0,9.6,332.0,4.506927002744552,-8.476296891445697
2025-12-30 04:00:00,16.2,97.0,0.0,9.2,339.0,3.2969851358167634,-8.588939923774255
2025-12-30 05:00:00,16.1,95.0,0.0,8.9,335.0,3.7613025294922253,-8.066139304626185
2025-12-30 06:00:00,16.1,94.0,0.0,8.4,326.0,4.697220389154273,-6.963915609462351
2025-12-30 07:00:00,16.2,92.0,0.0,8.3,326.0,4.641301098807199,-6.881011852206847
2025-12-30 08:00:00,18.1,80.0,0.0,6.8,333.0,3.0871353982289182,-6.058844364480901
2025-12-30 09:00:00,20.8,66.0,0.0,6.5,337.0,2.539752335180279,-5.983281547440862
2025-12-30 10:00:00,23.6,56.0,0.0,6.3,333.0,2.860140148359145,-5.613341102386717
2025-12-30 11:00:00,26.2,47.0,0.0,6.3,340.0,2.1547269029517135,-5.9200635109512225
2025-12-30 12:00:00,28.2,42.0,0.0,7.4,357.0,0.3872860761977854,-7.389858557183847
2025-12-30 13:00:00,29.5,36.0,0.0,9.2,4.0,-0.6417595584459553,-9.177589262390383
2025-12-30 14:00:00,29.9,33.0,0.0,10.3,2.0,-0.35946481603575786,-10.293725518296688
2025-12-30 15:00:00,29.5,35.0,0.0,10.3,4.0,-0.7184916795644936,-10.27490971767619
2025-12-30 16:00:00,28.5,38.0,0.0,10.3,7.0,-1.255254237073016,-10.223225361905618
2025-12-30 17:00:00,26.5,45.0,0.0,8.6,8.0,-1.196888668256566,-8.516305391177504
2025-12-30 18:00:00,24.1,59.0,0.0,10.4,350.0,1.8059410477360764,-10.242000631326963
2025-12-30 19:00:00,22.5,70.0,0.0,10.7,329.0,5.510907401537579,-9.171690117512602
2025-12-30 20:00:00,21.2,76.0,0.0,9.0,322.0,5.5409532779309245,-7.092096782460498
2025-12-30 21:00:00,20.0,81.0,0.0,8.8,321.0,5.53801944123857,-6.838884460821345
2025-12-30 22:00:00,19.1,85.0,0.0,6.4,333.0,2.9055391983331,-5.702441754805554
2025-12-30 23:00:00,18.4,90.0,0.0,6.5,337.0,2.539752335180279,-5.983281547440862
2025-12-31 00:00:00,17.8,92.0,0.0,6.6,334.0,2.893249568807911,-5.932040705574502
2025-12-31 01:00:00,17.0,96.0,0.0,5.8,326.0,3.2433188401303314,-4.808417920819242
2025-12-31 02:00:00,16.7,96.0,0.0,6.4,352.0,0.890707846144419,-6.337715639946051
2025-12-31 03:00:00,17.0,93.0,0.0,6.4,324.0,3.761825614671828,-5.177708763999664
2025-12-31 04:00:00,17.2,90.0,0.0,5.9,322.0,3.6324027044213842,-4.64926344627966
2025-12-31 05:00:00,16.8,91.0,0.0,6.1,320.0,3.92100441908789,-4.6728711030257655
2025-12-31 06:00:00,16.2,93.0,0.0,6.8,325.0,3.900319767187114,-5.570233901165144
2025-12-31 07:00:00,15.8,94.0,0.0,6.8,328.0,3.603450996785793,-5.766727053863696
2025-12-31 08:00:00,17.2,86.0,0.0,4.6,321.0,2.894873798829252,-3.5748714227020657
2025-12-31 09:00:00,20.3,71.0,0.0,2.9,330.0,1.4500000000000002,-2.5114736709748717
2025-12-31 10:00:00,23.5,59.0,0.0,3.2,19.0,-1.0418180942629014,-3.025659441917814
2025-12-31 11:00:00,25.9,48.0,0.0,4.0,10.0,-0.6945927106677213,-3.939231012048832
2025-12-31 12:00:00,27.4,42.0,0.0,3.8,8.0,-0.5288577836482501,-3.763018661217967
2025-12-31 13:00:00,28.1,39.0,0.0,4.7,358.0,0.1640276345017551,-4.6971368869897505
2025-12-31 14:00:00,28.5,38.0,0.0,5.4,8.0,-0.7515347451843555,-5.34744757120448
2025-12-31 15:00:00,28.3,38.0,0.0,4.9,17.0,-1.4326213531414118,-4.685893304218873
2025-12-31 16:00:00,27.7,40.0,0.0,4.7,4.0,-0.32785542659739025,-4.688551036221174
2025-12-31 17:00:00,26.1,46.0,0.0,3.1,320.0,1.9926415900282721,-2.3747377736688318
2025-12-31 18:00:00,24.1,53.0,0.0,7.2,297.0,6.415246974156249,-3.2687315981247367
2025-12-31 19:00:00,22.2,63.0,0.0,12.5,327.0,6.807987937687838,-10.4833820993178
2025-12-31 20:00:00,20.6,70.0,0.0,11.0,341.0,3.5812496990287244,-10.400704331592484
2025-12-31 21:00:00,19.6,74.0,0.0,7.4,342.0,2.2867257583746112,-7.037818220584136
2025-12-31 22:00:00,18.6,79.0,0.0,3.2,341.0,1.0418180942629016,-3.0256594419178136
2025-12-31 23:00:00,17.9,83.0,0.0,2.8,333.0,1.271173399270731,-2.4948182677274295
2026-01-01 00:00:00,17.4,86.0,0.0,2.5,339.0,0.895919873863251,-2.3339510662430043
2026-01-01 01:00:00,17.2,86.0,0.0,6.3,329.0,3.244739871933341,-5.400153994423308
2026-01-01 02:00:00,17.0,88.0,0.0,7.5,345.0,1.9411428382689055,-7.244443697168013
2026-01-01 03:00:00,16.6,89.0,0.0,8.8,337.0,3.438433930705609,-8.100442710381476
2026-01-01 04:00:00,16.3,90.0,0.0,6.4,333.0,2.9055391983331,-5.702441754805554
2026-01-01 05:00:00,16.2,90.0,0.0,7.7,327.0,4.193720569615708,-6.457763373179765
2026-01-01 06:00:00,16.0,90.0,0.0,9.5,327.0,5.174070832642757,-7.967370395481528
2026-01-01 07:00:00,16.0,90.0,0.0,10.8,328.0,5.7231280537186136,-9.1589194384894
2026-01-01 08:00:00,17.7,81.0,0.0,8.9,332.0,4.178296908794429,-7.85823357644445
2026-01-01 09:00:00,20.1,71.0,0.0,7.9,344.0,2.1775351109542935,-7.59396739791272
2026-01-01 10:00:00,22.9,59.0,0.0,8.7,343.0,2.5436338310878095,-8.319851376878407
2026-01-01 11:00:00,25.3,50.0,0.0,10.6,358.0,0.36993466504651146,-10.593542766402415
2026-01-01 12:00:00,26.6,47.0,0.0,11.0,358.0,0.3838944637275119,-10.993299097210054
2026-01-01 13:00:00,27.3,44.0,0.0,9.2,360.0,5.633375276077824e-16,-9.2
2026-01-01 14:00:00,27.6,42.0,0.0,6.7,360.0,4.1025667771436333e-16,-6.7
2026-01-01 15:00:00,27.7,39.0,0.0,3.8,5.0,-0.33119182244110135,-3.785539852748633
2026-01-01 16:00:00,26.9,41.0,0.0,3.8,301.0,3.2572357426680267,-1.9571446846582057
2026-01-01 17:00:00,25.4,45.0,0.0,6.2,262.0,6.139662026197737,0.8628732259524058
2026-01-01 18:00:00,22.8,55.0,0.0,7.8,310.0,5.975146656328028,-5.013743355555006
2026-01-01 19:00:00,20.0,64.0,0.0,14.0,337.0,5.470235798849832,-12.887067948334165
2026-01-01 20:00:00,19.0,67.0,0.0,14.4,336.0,5.857007660291523,-13.155054590053453
2026-01-01 21:00:00,18.1,68.0,0.0,13.5,337.0,5.274870234605195,-12.426815521607946
2026-01-01 22:00:00,17.1,70.0,0.0,12.1,337.0,4.727846654720212,-11.138108726774528
2026-01-01 23:00:00,16.4,73.0,0.0,11.4,332.0,5.351975815759156,-10.065602558591767
2026-01-02 00:00:00,16.1,74.0,0.0,9.7,336.0,3.945345437835262,-8.861390939133228
2026-01-02 01:00:00,15.9,77.0,0.8,8.8,329.0,4.532335059208477,-7.543072246178589
2026-01-02 02:00:00,15.8,78.0,0.0,8.3,340.0,2.8387671896030513,-7.799448752523039
2026-01-02 03:00:00,15.6,79.0,0.3,8.1,329.0,4.171808406771438,-6.94305513568711
2026-01-02 04:00:00,15.0,83.0,0.0,7.8,331.0,3.7815150379214293,-6.822033715687287
2026-01-02 05:00:00,14.6,83.0,0.0,9.0,316.0,6.251925334130975,-6.47405820304786
2026-01-02 06:00:00,14.1,84.0,0.0,9.4,322.0,5.787217868061188,-7.407301083903187
2026-01-02 07:00:00,13.9,83.0,0.0,9.9,323.0,5.957968729205279,-7.906491549468199
2026-01-02 08:00:00,14.2,82.0,0.0,8.8,325.0,5.0474726398892065,-7.208537989743128
2026-01-02 09:00:00,15.8,73.0,0.0,9.5,331.0,4.605691392340202,-8.30888721782426
2026-01-02 10:00:00,18.0,62.0,0.0,9.7,341.0,3.1580110982344203,-9.171530183313372
2026-01-02 11:00:00,20.5,54.0,0.0,8.0,342.0,2.4721359549995796,-7.608452130361228
2026-01-02 12:00:00,22.0,48.0,0.0,6.8,335.0,2.873804179836756,-6.162892951849219
2026-01-02 13:00:00,22.9,45.0,0.0,4.6,351.0,0.7195985391850622,-4.543366366737634
2026-01-02 14:00:00,22.7,46.0,0.0,3.5,348.0,0.7276909178621581,-3.4235166025683195
2026-01-02 15:00:00,22.8,45.0,0.0,5.4,354.0,0.5644537016453287,-5.370418234988676
2026-01-02 16:00:00,22.0,46.0,0.0,10.1,344.0,2.7839372937516913,-9.708743128977021
2026-01-02 17:00:00,19.5,48.0,0.0,16.9,338.0,6.330851428728912,-15.669407142178706
2026-01-02 18:00:00,17.8,50.0,0.0,16.6,330.0,8.300000000000002,-14.376021702821681
2026-01-02 19:00:00,16.2,53.0,0.0,15.1,327.0,8.224049428726909,-12.663925575975902
2026-01-02 20:00:00,14.8,58.0,0.0,13.6,329.0,7.004517818776736,-11.657475289548728
2026-01-02 21:00:00,13.6,62.0,0.0,12.7,322.0,7.81890073663586,-10.007736570805369
2026-01-02 22:00:00,12.9,65.0,0.0,10.9,321.0,6.859592262443229,-8.470890979880982
2026-01-02 23:00:00,12.1,68.0,0.0,9.6,319.0,6.29816667830887,-7.245211970138611
2026-01-03 00:00:00,11.6,70.0,0.0,8.1,315.0,5.727564927611035,-5.727564927611034
2026-01-03 01:00:00,11.1,72.0,0.0,7.9,319.0,5.182866329025008,-5.962205683759899
2026-01-03 02:00:00,10.9,72.0,0.0,7.3,318.0,4.884653426419665,-5.424957225984977
2026-01-03 03:00:00,10.7,73.0,0.0,8.3,300.0,7.188010851410842,-4.1499999999999995
2026-01-03 04:00:00,10.2,75.0,0.0,5.6,292.0,5.192229585574009,-2.097796923129107
2026-01-03 05:00:00,9.8,76.0,0.0,4.7,298.0,4.149853686436957,-2.2065163450936867
2026-01-03 06:00:00,9.4,81.0,0.0,2.5,270.0,2.5,0.0
2026-01-03 07:00:00,9.4,82.0,0.0,1.9,311.0,1.4339482024232668,-1.2465121550819638
2026-01-03 08:00:00,13.1,72.0,0.0,3.3,144.0,-1.9396913325651608,2.6697560814373262
2026-01-03 09:00:00,17.3,62.0,0.0,2.2,204.0,0.8948206147667606,2.0098000068137223
2026-01-03 10:00:00,19.5,57.0,0.0,6.5,224.0,4.515279407983482,4.6757087022012325
2026-01-03 11:00:00,21.2,51.0,0.0,9.7,214.0,5.4241711636662435,8.041664453783904
2026-01-03 12:00:00,22.5,44.0,0.0,12.1,208.0,5.680605909709279,10.683665873593014
2026-01-03 13:00:00,22.4,46.0,0.0,13.6,204.0,5.531618345830883,12.424218223939372
2026-01-03 14:00:00,22.1,51.0,0.0,14.5,208.0,6.807337660395418,12.802740096454439
2026-01-03 15:00:00,21.5,53.0,0.0,12.4,213.0,6.753524034186336,10.399515042523259
2026-01-03 16:00:00,20.7,54.0,0.0,11.4,209.0,5.526829670808243,9.970664661389112
2026-01-03 17:00:00,19.7,58.0,0.0,10.2,201.0,3.6553530853620635,9.522520350271456
2026-01-03 18:00:00,18.6,64.0,0.0,7.2,192.0,1.496964173887868,7.0426627252834
2026-01-03 19:00:00,17.9,69.0,0.0,4.3,182.0,0.15006783582075464,4.2973805561821115
2026-01-03 20:00:00,18.5,65.0,0.0,3.3,112.0,-3.059706720070398,1.2362017582725102
2026-01-03 21:00:00,17.0,71.0,0.0,7.3,97.0,-7.24558690698165,0.8896462068575771
2026-01-03 22:00:00,15.5,73.0,0.0,7.8,86.0,-7.780999592026628,-0.5441004952041771
2026-01-03 23:00:00,14.4,71.0,0.0,8.1,84.0,-8.055627352483013,-0.8466805524679933
2026-01-04 00:00:00,13.6,69.0,0.0,6.4,82.0,-6.33771563994605,-0.8907078461444193
2026-01-04 01:00:00,12.5,71.0,0.0,3.2,74.0,-3.0760374270026207,-0.8820395386143969
2026-01-04 02:00:00,12.9,56.0,0.0,6.6,101.0,-6.4787394107545815,1.2593393694851966
2026-01-04 03:00:00,12.0,61.0,0.0,2.7,86.0,-2.6934229357015256,-0.18834247910913826
2026-01-04 04:00:00,11.6,65.0,0.0,1.0,68.0,-0.9271838545667874,-0.374606593415912
2026-01-04 05:00:00,11.1,69.0,0.0,0.6000000000000001,56.0,-0.4974225435330252,-0.33551574208244805
2026-01-04 06:00:00,11.1,71.0,0.0,2.7,28.0,-1.2675732195219052,-2.383958500719103
2026-01-04 07:00:00,10.9,74.0,0.0,4.0,39.0,-2.5172815641993513,-3.1085838458278823
2026-01-04 08:00:00,14.4,62.0,0.0,2.0,80.0,-1.969615506024416,-0.34729635533386094
2026-01-04 09:00:00,19.1,47.0,0.0,1.2,309.0,0.9325751537483651,-0.7551844692598049
2026-01-04 10:00:00,21.7,46.0,0.0,1.3,8.0,-0.1809250312480856,-1.2873484893640414
2026-01-04 11:00:00,23.1,47.0,0.0,2.3,309.0,1.7874357113510329,-1.4474368994146258
2026-01-04 12:00:00,24.2,41.0,0.0,2.3,321.0,1.447436899414626,-1.7874357113510329
2026-01-04 13:00:00,25.0,37.0,0.0,0.7000000000000001,284.0,0.6792070083931976,-0.16934532691976742
2026-01-04 14:00:00,25.6,33.0,0.0,3.5,258.0,3.42351660256832,0.7276909178621577
2026-01-04 15:00:00,25.2,36.0,0.0,5.3,252.0,5.040599536364313,1.6377900701872212
2026-01-04 16:00:00,23.8,43.0,0.0,11.6,219.0,7.300116536178114,9.014893152900862
2026-01-04 17:00:00,22.1,50.0,0.0,11.2,206.0,4.909756844037667,10.06649331855067
2026-01-04 18:00:00,21.0,60.0,0.0,0.7000000000000001,360.0,4.2862637970157366e-17,-0.7000000000000001
2026-01-04 19:00:00,20.6,57.0,0.0,5.5,13.0,-1.237230798891259,-5.359035356318794
2026-01-04 20:00:00,20.2,64.0,0.0,3.2,3.0,-0.1674750599774218,-3.1956145112146364
2026-01-04 21:00:00,19.5,66.0,0.0,4.3,327.0,2.3419478505646163,-3.6062834421653234
2026-01-04 22:00:00,18.6,69.0,0.0,7.0,328.0,3.7094348496324345,-5.936336673094981
2026-01-04 23:00:00,17.5,74.0,0.0,7.1,317.0,4.842188356443739,-5.19261128149611
2026-01-05 00:00:00,16.8,78.0,0.0,8.0,320.0,5.142300877492315,-6.128355544951824
2026-01-05 01:00:00,16.1,82.0,0.0,7.5,325.0,4.301823272632846,-6.143640332167439
2026-01-05 02:00:00,15.8,82.0,0.0,4.2,355.0,0.3660541195401642,-4.184017731985332
2026-01-05 03:00:00,15.1,86.0,0.0,2.9,338.0,1.0863591209061447,-2.6888331782436836
2026-01-05 04:00:00,14.9,87.0,0.0,4.0,333.0,1.8159619989581872,-3.564026096753471
2026-01-05 05:00:00,14.6,88.0,0.0,5.4,330.0,2.7000000000000006,-4.676537180435969
2026-01-05 06:00:00,14.3,89.0,0.0,7.5,316.0,5.209937778442479,-5.395048502539883
2026-01-05 07:00:00,14.2,87.0,0.0,8.8,319.0,5.773319455116464,-6.641444305960395
2026-01-05 08:00:00,16.0,78.0,0.0,6.0,335.0,2.5357095704441965,-5.437846722219899
2026-01-05 09:00:00,19.5,64.0,0.0,5.0,341.0,1.6278407722857837,-4.7275928779965835
2026-01-05 10:00:00,22.4,52.0,0.0,4.9,352.0,0.6819481947043208,-4.852313536833695
2026-01-05 11:00:00,24.5,41.0,0.0,6.1,348.0,1.2682613139883325,-5.966700364476214
2026-01-05 12:00:00,25.6,37.0,0.0,6.7,351.0,1.0481109157695472,-6.617511881987423
2026-01-05 13:00:00,26.2,34.0,0.0,6.9,346.0,1.669261079637707,-6.695040511304376
2026-01-05 14:00:00,26.4,32.0,0.0,8.3,340.0,2.8387671896030513,-7.799448752523039
2026-01-05 15:00:00,26.2,32.0,0.0,7.9,344.0,2.1775351109542935,-7.59396739791272
2026-01-05 16:00:00,25.5,34.0,0.0,8.4,341.0,2.734772497440117,-7.942356035034261
2026-01-05 17:00:00,24.0,41.0,0.0,7.3,330.0,3.650000000000001,-6.3219854476264015
2026-01-05 18:00:00,22.1,51.0,0.0,13.2,330.0,6.600000000000001,-11.431535329954588
2026-01-05 19:00:00,20.1,59.0,0.0,12.8,338.0,4.794964395723674,-11.86795333845488
2026-01-05 20:00:00,19.4,61.0,0.0,12.1,348.0,2.5157314588948894,-11.835585968879046
2026-01-05 21:00:00,17.8,72.0,0.0,12.1,335.0,5.1136809670624634,-10.966324223143465
2026-01-05 22:00:00,17.0,77.0,0.0,9.8,332.0,4.600821315301731,-8.652886410017484
2026-01-05 23:00:00,16.3,80.0,0.0,9.6,330.0,4.800000000000001,-8.31384387633061
2026-01-06 00:00:00,15.5,85.0,0.0,9.4,331.0,4.557210430315569,-8.22142524711032
2026-01-06 01:00:00,14.8,88.0,0.0,9.8,334.0,4.29603723853296,-8.808181653731838
2026-01-06 02:00:00,14.1,90.0,0.0,9.8,337.0,3.8291650591948825,-9.020947563833916
2026-01-06 03:00:00,13.9,90.0,0.0,9.3,326.0,5.200494002277946,-7.7100494247618885
2026-01-06 04:00:00,13.6,90.0,0.0,9.1,321.0,5.726815558553521,-7.072028249258435
2026-01-06 05:00:00,13.3,90.0,0.0,8.7,318.0,5.821436275322066,-6.46535998165333
2026-01-06 06:00:00,12.8,92.0,0.0,8.9,317.0,6.069785404556237,-6.509047944410617
2026-01-06 07:00:00,12.1,94.0,0.0,9.6,313.0,7.020995535544036,-6.547184256599985
2026-01-06 08:00:00,13.6,87.0,0.0,7.4,321.0,4.656970893768798,-5.750880114781585
2026-01-06 09:00:00,16.2,72.0,0.0,6.9,317.0,4.70578868443124,-5.046340541172277
2026-01-06 10:00:00,19.3,59.0,0.0,4.7,328.0,2.490620541896063,-3.9858260519352022
2026-01-06 11:00:00,21.7,51.0,0.0,4.4,351.0,0.6883116461770161,-4.3458286986186065
2026-01-06 12:00:00,23.4,46.0,0.0,4.9,356.0,0.34180672134621365,-4.8880638462731385
2026-01-06 13:00:00,24.2,41.0,0.0,7.1,339.0,2.5444124417716325,-6.628421028130132
2026-01-06 14:00:00,23.2,40.0,0.0,14.6,351.0,2.2839431895873714,-14.420249772689012
2026-01-06 15:00:00,22.8,43.0,0.1,16.3,349.0,3.110186624637682,-16.000523090196925
2026-01-06 16:00:00,21.8,45.0,0.0,16.9,344.0,4.658271313307285,-16.245322661357587
2026-01-06 17:00:00,20.0,50.0,0.0,16.3,341.0,5.306760917651656,-15.411952782268864
2026-01-06 18:00:00,18.3,56.0,0.0,16.2,331.0,7.853915847990661,-14.168839255658211
2026-01-06 19:00:00,16.6,61.0,0.0,18.3,334.0,8.022191986240118,-16.447931047274757
2026-01-06 20:00:00,16.0,64.0,0.0,17.7,338.0,6.630536703461641,-16.411154225832135
2026-01-06 21:00:00,14.6,70.0,0.0,17.5,336.0,7.117891253826504,-15.987045508745515
2026-01-06 22:00:00,13.6,73.0,0.0,17.0,338.0,6.368312088070503,-15.762125527635387
2026-01-06 23:00:00,12.9,75.0,0.0,17.5,341.0,5.6974427030002435,-16.54657507298804
2026-01-07 00:00:00,12.5,75.0,0.0,14.3,340.0,4.890888049557065,-13.437604477238489
2026-01-07 01:00:00,12.0,75.0,0.0,13.7,341.0,4.4602837160630475,-12.953604485710638
2026-01-07 02:00:00,11.6,75.0,0.0,13.2,338.0,4.944807033090037,-12.238826880281593
2026-01-07 03:00:00,11.1,75.0,0.0,13.1,341.0,4.264942823388753,-12.386293340351049
2026-01-07 04:00:00,11.0,74.0,0.0,12.6,335.0,5.324990097932813,-11.41947811666179
2026-01-07 05:00:00,11.1,72.0,0.0,10.0,330.0,5.000000000000001,-8.660254037844386
2026-01-07 06:00:00,11.1,72.0,0.0,10.1,329.0,5.201884556591547,-8.657389737091334
2026-01-07 07:00:00,11.1,71.0,0.0,10.7,337.0,4.180823074835229,-9.849401931941111
2026-01-07 08:00:00,12.1,66.0,0.0,9.6,322.0,5.91035016312632,-7.564903234624531
2026-01-07 09:00:00,13.6,61.0,0.0,8.0,326.0,4.473543227765974,-6.632300580440334
2026-01-07 10:00:00,14.4,59.0,0.0,7.5,339.0,2.687759621589753,-7.001853198729013
2026-01-07 11:00:00,16.4,52.0,0.0,9.0,337.0,3.5165801564034633,-8.284543681071963
2026-01-07 12:00:00,17.4,50.0,0.0,7.6,345.0,1.9670247427791576,-7.341036279796919
2026-01-07 13:00:00,17.5,50.0,0.0,6.9,351.0,1.0793978087775935,-6.815049550106451
2026-01-07 14:00:00,16.9,58.0,0.0,5.8,22.0,-2.1727182418122912,-5.377666356487366
2026-01-07 15:00:00,17.6,55.0,0.0,5.6,338.0,2.0977969231291067,-5.192229585574009
2026-01-07 16:00:00,18.0,53.0,0.0,3.8,17.0,-1.111012477946401,-3.633958072659534
2026-01-07 17:00:00,17.5,54.0,0.0,2.9,30.0,-1.4500000000000013,-2.5114736709748713
2026-01-07 18:00:00,16.6,60.0,0.0,2.4,42.0,-1.6059134552612595,-1.7835475811457464
2026-01-07 19:00:00,16.4,61.0,0.0,4.1,331.0,1.987719443009982,-3.585940799271522
2026-01-07 20:00:00,17.0,57.0,0.0,6.2,303.0,5.199757521261629,-3.376762017093168
2026-01-07 21:00:00,16.0,60.0,0.0,8.4,332.0,3.9435611274014835,-7.416759780014986
2026-01-07 22:00:00,14.6,67.0,0.0,11.9,335.0,5.029157314714324,-10.785062665736135
2026-01-07 23:00:00,13.6,70.0,0.0,10.1,333.0,4.585304047369423,-8.999165894302514
2026-01-08 00:00:00,13.6,70.0,0.0,6.4,338.0,2.397482197861837,-5.93397666922744
2026-01-08 01:00:00,13.6,70.0,0.0,6.4,328.0,3.3914832910925115,-5.4275078154011265
2026-01-08 02:00:00,12.7,73.0,0.0,6.6,351.0,1.032467469265524,-6.518743047927909
2026-01-08 03:00:00,12.6,75.0,0.0,6.9,329.0,3.553762716879374,-5.914454374844575
2026-01-08 04:00:00,12.3,77.0,0.0,2.7,290.0,2.537170076121953,-0.9234543869793056
2026-01-08 05:00:00,12.9,75.0,0.0,5.5,328.0,2.914555953282627,-4.664264528860342
2026-01-08 06:00:00,12.4,79.0,0.0,10.4,314.0,7.4811339235219725,-7.224447052773572
2026-01-08 07:00:00,12.2,82.0,0.0,8.0,275.0,7.969557584733964,-0.6972459419812653
2026-01-08 08:00:00,13.3,70.0,0.0,6.7,314.0,4.819576662268963,-4.654211082075282
2026-01-08 09:00:00,15.6,61.0,0.0,7.6,315.0,5.374011537017761,-5.37401153701776
2026-01-08 10:00:00,16.5,59.0,0.0,1.4,270.0,1.4,0.0
2026-01-08 11:00:00,17.5,58.0,0.0,1.6,153.0,-0.7263847995832747,1.4256104387013888
2026-01-08 12:00:00,18.7,55.0,0.0,2.2,99.0,-2.172914349309303,0.3441558230885082
2026-01-08 13:00:00,20.1,52.0,0.0,3.1,149.0,-1.5966180322211683,2.6572186321765483
2026-01-08 14:00:00,20.9,49.0,0.0,4.1,167.0,-0.9222993228098465,3.9949172656194643
2026-01-08 15:00:00,21.5,47.0,0.0,0.4,63.0,-0.3564026096753472,-0.18159619989581868
2026-01-08 16:00:00,21.0,48.0,0.0,2.3,113.0,-2.117161162940613,0.8986815955253296
2026-01-08 17:00:00,20.3,51.0,0.0,5.9,142.0,-3.6324027044213842,4.64926344627966
2026-01-08 18:00:00,19.3,55.0,0.0,6.6,143.0,-3.971979152803519,5.270994366312132
2026-01-08 19:00:00,19.5,62.0,0.0,0.2,360.0,1.2246467991473533e-17,-0.2
2026-01-08 20:00:00,18.7,62.0,0.0,5.9,322.0,3.6324027044213842,-4.64926344627966
2026-01-08 21:00:00,17.2,49.0,0.0,11.2,311.0,8.452747298495046,-7.347861124693681
2026-01-08 22:00:00,16.0,49.0,0.0,9.6,317.0,6.547184256599985,-7.020995535544036
2026-01-08 23:00:00,14.8,54.0,0.0,9.7,317.0,6.615384092606234,-7.094130905705953
2026-01-09 00:00:00,14.1,58.0,0.0,9.5,314.0,6.833728103217187,-6.599254519360474
2026-01-09 01:00:00,14.3,62.0,0.0,5.9,288.0,5.611233446141406,-1.8232002668121898
2026-01-09 02:00:00,14.6,62.0,0.0,1.9,292.0,1.761649323676896,-0.7117525274902328
2026-01-09 03:00:00,14.6,64.0,0.0,6.3,290.0,5.9200635109512225,-2.1547269029517127
2026-01-09 04:00:00,14.1,69.0,0.1,6.5,318.0,4.349348941332579,-4.830441365603063
2026-01-09 05:00:00,13.6,72.0,0.0,8.3,286.0,7.978472076288048,-2.287790053281093
2026-01-09 06:00:00,13.8,73.0,0.0,6.2,287.0,5.9290894869708195,-1.812704569280968
2026-01-09 07:00:00,13.7,76.0,0.1,6.8,302.0,5.766727053863696,-3.603450996785793
2026-01-09 08:00:00,14.4,65.0,0.1,5.1,312.0,3.7900386099347103,-3.412566092430177
2026-01-09 09:00:00,16.9,59.0,0.0,3.6,307.0,2.875087836170254,-2.166534083347374
2026-01-09 10:00:00,18.6,61.0,0.0,1.5,353.0,0.18280401510772123,-1.488819227461983
2026-01-09 11:00:00,20.1,58.0,0.0,2.8,297.0,2.49481826772743,-1.2711733992707308
2026-01-09 12:00:00,21.4,54.0,0.0,1.3,45.0,-0.919238815542512,-0.9192388155425117
2026-01-09 13:00:00,22.1,52.0,0.0,1.5,45.0,-1.0606601717798214,-1.0606601717798212
2026-01-09 14:00:00,23.8,44.0,0.0,4.8,205.0,2.0285676563553574,4.350277377775919
2026-01-09 15:00:00,23.6,43.0,0.0,7.4,231.0,5.750880114781585,4.656970893768797
2026-01-09 16:00:00,22.2,50.0,0.0,7.4,229.0,5.584850893648513,4.8548368145297545
2026-01-09 17:00:00,20.8,53.0,0.0,6.5,228.0,4.830441365603063,4.349348941332579
2026-01-09 18:00:00,18.8,61.0,0.0,3.4,223.0,2.318794424212495,2.4866025855051794
2026-01-09 19:00:00,17.7,69.0,0.0,4.2,198.0,1.2978713763747793,3.994437368439645
2026-01-09 20:00:00,17.9,74.0,0.0,1.1,288.0,1.0461621679246689,-0.33991869381244216
2026-01-09 21:00:00,16.8,74.0,0.0,3.5,309.0,2.720010865099398,-2.2026213686744307
2026-01-09 22:00:00,16.1,68.0,0.0,5.6,329.0,2.8842132194963033,-4.800136883931828
2026-01-09 23:00:00,15.1,64.0,0.0,6.2,338.0,2.322560879178654,-5.748539898314082
2026-01-10 00:00:00,14.2,67.0,0.0,7.0,334.0,3.0685980275235423,-6.2915583240941695
2026-01-10 01:00:00,13.6,72.0,0.0,7.0,318.0,4.683914244512008,-5.20201377834176
2026-01-10 02:00:00,13.6,74.0,0.0,8.4,320.0,5.399415921366931,-6.4347733221994154
2026-01-10 03:00:00,13.1,78.0,0.0,8.7,338.0,3.259077362718434,-8.066499534731049
2026-01-10 04:00:00,12.9,77.0,0.0,9.4,322.0,5.787217868061188,-7.407301083903187
2026-01-10 05:00:00,12.4,77.0,0.0,8.0,308.0,6.304086028853775,-4.925291802605266
2026-01-10 06:00:00,12.1,78.0,0.0,6.0,291.0,5.601482558983211,-2.1502076972718016
2026-01-10 07:00:00,11.4,81.0,0.0,6.1,256.0,5.918803930283578,1.475723563157973
2026-01-10 08:00:00,14.5,72.0,0.0,4.1,283.0,3.9949172656194643,-0.9222993228098464
2026-01-10 09:00:00,18.0,60.0,0.0,1.7000000000000002,252.0,1.6167960777017611,0.5253288904374106
2026-01-10 10:00:00,20.7,54.0,0.0,3.1,246.0,2.8319909186920627,1.2608835935349807
2026-01-10 11:00:00,22.5,48.0,0.0,4.6,261.0,4.543366366737634,0.7195985391850619
2026-01-10 12:00:00,23.2,45.0,0.0,4.2,301.0,3.600102662948872,-2.1631599146222276
2026-01-10 13:00:00,24.1,42.0,0.0,5.6,327.0,3.0499785960841517,-4.696555180494374
2026-01-10 14:00:00,24.3,42.0,0.0,6.7,326.0,3.746592453254004,-5.55455173611878
2026-01-10 15:00:00,24.5,40.0,0.0,5.5,314.0,3.9563689018625814,-3.820621037524485
2026-01-10 16:00:00,23.8,39.0,0.0,5.5,306.0,4.449593469062211,-3.232818887608602
2026-01-10 17:00:00,23.1,41.0,0.0,3.9,313.0,2.8522794363147645,-2.659793604243744
2026-01-10 18:00:00,22.0,45.0,0.0,9.5,339.0,3.4044955206803538,-8.869014051723417
2026-01-10 19:00:00,20.1,52.0,0.0,11.8,336.0,4.799492388294443,-10.77983640018269
2026-01-10 20:00:00,19.9,53.0,0.0,11.3,340.0,3.864827619580058,-10.618526614880764
2026-01-10 21:00:00,19.0,58.0,0.0,9.6,332.0,4.506927002744552,-8.476296891445697
2026-01-10 22:00:00,18.0,64.0,0.0,8.4,320.0,5.399415921366931,-6.4347733221994154
2026-01-10 23:00:00,17.5,67.0,0.0,7.9,325.0,4.531253847173265,-6.471301149883035
2026-01-11 00:00:00,17.4,68.0,0.0,7.6,315.0,5.374011537017761,-5.37401153701776
2026-01-11 01:00:00,16.6,71.0,0.0,8.8,311.0,6.641444305960395,-5.773319455116464
2026-01-11 02:00:00,16.6,72.0,0.0,6.9,317.0,4.70578868443124,-5.046340541172277
2026-01-11 03:00:00,16.2,73.0,0.0,8.0,320.0,5.142300877492315,-6.128355544951824
2026-01-11 04:00:00,14.9,78.0,0.0,8.7,317.0,5.933385732543736,-6.3627772040867825
2026-01-11 05:00:00,14.8,76.0,0.0,6.4,322.0,3.9402334420842133,-5.043268823083022
2026-01-11 06:00:00,14.3,77.0,0.0,7.4,296.0,6.651075942613836,-3.243946486239173
2026-01-11 07:00:00,13.5,80.0,0.0,3.9,286.0,3.7489206141594438,-1.0749856876862967
2026-01-11 08:00:00,14.8,74.0,0.0,1.8,233.0,1.437543918085127,1.083267041673687
2026-01-11 09:00:00,18.5,60.0,0.0,4.9,231.0,3.808015211139158,3.0836699161442036
2026-01-11 10:00:00,21.5,50.0,0.0,9.0,217.0,5.4163352083684355,7.187719590425635
2026-01-11 11:00:00,23.8,42.0,0.0,9.0,227.0,6.582183314572534,6.137985240562486
2026-01-11 12:00:00,24.9,38.0,0.0,10.2,229.0,7.698037718272274,6.691802095703173
2026-01-11 13:00:00,24.7,38.0,0.0,13.1,234.0,10.598122626311811,7.699986805031398
2026-01-11 14:00:00,24.1,44.0,0.0,15.0,236.0,12.435563588325625,8.387893552061204
2026-01-11 15:00:00,23.4,48.0,0.0,12.2,237.0,10.231780928934173,6.64459622718333
2026-01-11 16:00:00,22.6,51.0,0.0,10.5,231.0,8.160032595298194,6.6078641060232925
2026-01-11 17:00:00,21.6,56.0,0.0,8.8,221.0,5.773319455116464,6.641444305960395
2026-01-11 18:00:00,21.0,60.0,0.0,7.0,222.0,4.683914244512008,5.20201377834176
2026-01-11 19:00:00,20.7,62.0,0.0,6.2,229.0,4.679199397381186,4.067565979741145
2026-01-11 20:00:00,20.6,62.0,0.0,9.3,115.0,-8.428662419440846,3.9303498341885055
2026-01-11 21:00:00,19.5,54.0,0.0,9.2,102.0,-8.998957926751011,1.9127875555233855
2026-01-11 22:00:00,18.5,52.0,0.0,6.7,98.0,-6.6347960605685214,0.9324597764324377
2026-01-11 23:00:00,17.8,52.0,0.0,8.0,82.0,-7.922144549932562,-1.1133848076805242
2026-01-12 00:00:00,17.4,54.0,0.0,6.3,90.0,-6.3,7.715274834628325e-16
2026-01-12 01:00:00,16.6,59.0,0.0,3.8,93.0,-3.7947922320673806,0.19887663372318645
2026-01-12 02:00:00,16.2,60.0,0.0,4.1,119.0,-3.585940799271522,1.9877194430099823
2026-01-12 03:00:00,15.8,62.0,0.0,3.6,123.0,-3.019214044603526,1.9607005260540984
2026-01-12 04:00:00,16.5,59.0,0.0,2.4,107.0,-2.2951314143112853,0.7016920913345678
2026-01-12 05:00:00,16.1,67.0,0.0,0.4,117.0,-0.35640260967534715,0.18159619989581877
2026-01-12 06:00:00,15.8,69.0,0.0,0.9,360.0,5.5109105961630896e-17,-0.9
2026-01-12 07:00:00,15.4,73.0,0.0,0.7000000000000001,76.0,-0.6792070083931976,-0.16934532691976728
2026-01-12 08:00:00,17.6,61.0,0.0,2.2,114.0,-2.009800006813722,0.894820614766761
2026-01-12 09:00:00,20.0,54.0,0.0,1.4,220.0,0.8999026535611551,1.0724622203665692
2026-01-12 10:00:00,21.8,57.0,0.0,3.1,242.0,2.7371375378626737,1.4553618446362615
2026-01-12 11:00:00,22.8,53.0,0.0,1.1,9.0,-0.17207791154425414,-1.0864571746546514
2026-01-12 12:00:00,24.5,45.0,0.0,4.6,42.0,-3.0780007892507473,-3.4184661971960137
2026-01-12 13:00:00,26.0,41.0,0.0,5.3,33.0,-2.886586885579643,-4.444954010110747
2026-01-12 14:00:00,26.5,39.0,0.0,3.6,53.0,-2.875087836170254,-2.1665340833473743
2026-01-12 15:00:00,26.5,37.0,0.0,3.1,257.0,3.0205472008342293,0.6973482684659815
2026-01-12 16:00:00,24.8,44.0,0.0,7.1,246.0,6.486172749262466,2.8878301658381815
2026-01-12 17:00:00,23.2,51.0,0.0,6.6,215.0,3.7856044799169046,5.406403492307345
2026-01-12 18:00:00,21.3,63.0,0.0,7.1,187.0,0.8652723381765471,7.047077676653386
2026-01-12 19:00:00,19.8,72.0,0.0,5.9,168.0,-1.2266789758247802,5.771070844329454
2026-01-12 20:00:00,19.0,78.0,0.0,4.6,193.0,1.0347748499817786,4.482102298012082
2026-01-12 21:00:00,18.3,84.0,0.0,0.8,117.0,-0.7128052193506943,0.36319239979163753
2026-01-12 22:00:00,18.0,84.0,0.0,3.1,10.0,-0.5383093507674841,-3.052904034337845
2026-01-12 23:00:00,17.2,86.0,0.0,2.5,360.0,1.5308084989341916e-16,-2.5
2026-01-13 00:00:00,16.5,84.0,0.0,3.9,336.0,1.5862729079956208,-3.562827284806143
2026-01-13 01:00:00,16.2,76.0,0.0,6.2,338.0,2.322560879178654,-5.748539898314082
2026-01-13 02:00:00,15.9,77.0,0.0,6.7,344.0,1.8467702839738944,-6.440453362786736
2026-01-13 03:00:00,15.7,76.0,0.0,9.1,324.0,5.348845795861505,-7.3620546488120215
2026-01-13 04:00:00,15.4,76.0,0.0,10.6,330.0,5.300000000000001,-9.17986928011505
2026-01-13 05:00:00,15.4,75.0,0.0,10.5,336.0,4.270734752295902,-9.59222730524731
2026-01-13 06:00:00,15.4,74.0,0.0,11.0,339.0,3.942047444998304,-10.269384691469218
2026-01-13 07:00:00,15.6,72.0,0.0,10.9,351.0,1.705135668938517,-10.765802912487002
2026-01-13 08:00:00,18.0,66.0,0.0,8.3,330.0,4.150000000000001,-7.188010851410841
2026-01-13 09:00:00,20.9,56.0,0.0,7.4,346.0,1.7902220274375409,-7.180188374442374
2026-01-13 10:00:00,23.5,48.0,0.0,6.6,349.0,1.2593393694851964,-6.4787394107545815
2026-01-13 11:00:00,25.4,42.0,0.0,8.4,345.0,2.174079978861174,-8.113776940828174
2026-01-13 12:00:00,26.5,39.0,0.0,8.4,350.0,1.4586446924022156,-8.272385125302547
2026-01-13 13:00:00,27.3,36.0,0.0,6.5,5.0,-0.5665123278597786,-6.475265537596346
2026-01-13 14:00:00,27.5,34.0,0.0,3.7,23.0,-1.4457051754103132,-3.405867957774029
2026-01-13 15:00:00,27.7,33.0,0.0,1.8,79.0,-1.7669289302057951,-0.3434561916777805
2026-01-13 16:00:00,27.1,33.0,0.0,2.5,159.0,-0.8959198738632507,2.3339510662430043
2026-01-13 17:00:00,25.0,44.0,0.0,5.0,167.0,-1.1247552717193252,4.871850323926176
2026-01-13 18:00:00,21.5,64.0,0.0,3.3,158.0,-1.2362017582725098,3.0597067200703982
2026-01-13 19:00:00,20.5,69.0,0.0,1.0,315.0,0.7071067811865476,-0.7071067811865475
2026-01-13 20:00:00,19.8,64.0,0.0,3.7,321.0,2.328485446884399,-2.8754400573907923
2026-01-13 21:00:00,18.8,52.0,0.0,5.4,334.0,2.3672041926610183,-4.853487850015503
2026-01-13 22:00:00,17.8,50.0,0.0,4.7,351.0,0.7352419856890854,-4.6421352007971475
2026-01-13 23:00:00,16.7,58.0,0.0,3.1,3.0,-0.16224146435312736,-3.0957515577391788
2026-01-14 00:00:00,15.8,67.0,0.0,1.9,17.0,-0.5555062389732005,-1.816979036329767
2026-01-14 01:00:00,14.8,75.0,0.0,1.5,21.0,-0.5375519243179511,-1.4003706397458024
2026-01-14 02:00:00,13.9,84.0,0.0,3.1,62.0,-2.737137537862673,-1.4553618446362617
2026-01-14 03:00:00,13.6,87.0,0.0,2.7,42.0,-1.806652637168917,-2.006491028788965
2026-01-14 04:00:00,13.4,88.0,0.0,2.3,29.0,-1.1150621265665746,-2.0116253264206105
2026-01-14 05:00:00,13.2,89.0,0.0,1.7000000000000002,49.0,-1.2830062863787128,-1.115300349283862
2026-01-14 06:00:00,13.1,88.0,0.0,0.4,63.0,-0.3564026096753472,-0.18159619989581868
2026-01-14 07:00:00,13.1,88.0,0.0,0.2,90.0,-0.2,2.4492935982947065e-17
2026-01-14 08:00:00,16.5,71.0,0.0,2.3,129.0,-1.7874357113510329,1.4474368994146258
2026-01-14 09:00:00,20.8,62.0,0.0,1.5,225.0,1.0606601717798214,1.0606601717798212
2026-01-14 10:00:00,23.7,50.0,0.0,5.4,214.0,3.019641678742033,4.476802891797226
2026-01-14 11:00:00,25.5,41.0,0.0,5.1,238.0,4.325045290397772,2.702588247589345
2026-01-14 12:00:00,26.6,39.0,0.0,5.0,244.0,4.493970231495835,2.191855733945387
2026-01-14 13:00:00,26.9,42.0,0.0,6.6,241.0,5.772490067120011,3.1997434936258244
2026-01-14 14:00:00,26.5,47.0,0.0,9.4,238.0,7.9716521038704045,4.981241083792126
2026-01-14 15:00:00,25.8,48.0,0.0,7.7,249.0,7.188569284028453,2.7594332114988123
2026-01-14 16:00:00,24.8,50.0,0.0,6.9,247.0,6.351483488821839,2.6960447865759893
2026-01-14 17:00:00,23.7,52.0,0.0,5.5,253.0,5.259676157796695,1.6080443759750522
2026-01-14 18:00:00,21.7,63.0,0.0,2.3,274.0,2.2943973155975956,-0.1604398896114882
2026-01-14 19:00:00,20.6,64.0,0.0,4.2,317.0,2.8643931122624937,-3.071685546800516
2026-01-14 20:00:00,20.6,69.0,0.0,0.7000000000000001,194.0,0.1693453269197674,0.6792070083931976
2026-01-14 21:00:00,19.3,70.0,0.0,1.6,117.0,-1.4256104387013886,0.7263847995832751
2026-01-14 22:00:00,18.2,76.0,0.0,2.0,80.0,-1.969615506024416,-0.34729635533386094
2026-01-14 23:00:00,17.6,79.0,0.0,2.8,55.0,-2.293625724009177,-1.606014021782929
2026-01-15 00:00:00,16.9,81.0,0.0,4.3,42.0,-2.87726160734309,-3.195522749552796
2026-01-15 01:00:00,17.5,77.0,0.0,4.8,29.0,-2.3270861771824167,-4.1981745942691004
2026-01-15 02:00:00,17.4,77.0,0.0,2.3,61.0,-2.01162532642061,-1.115062126566575
2026-01-15 03:00:00,17.8,75.0,0.0,4.0,18.0,-1.2360679774997902,-3.804226065180614
2026-01-15 04:00:00,18.5,71.0,0.0,4.8,329.0,2.47218275956826,-4.114403043370139
2026-01-15 05:00:00,18.6,67.0,0.0,3.4,302.0,2.883363526931848,-1.8017254983928965
2026-01-15 06:00:00,18.7,71.0,0.0,0.9,281.0,0.8834644651028976,-0.17172809583889032
2026-01-15 07:00:00,18.4,67.0,0.0,3.4,288.0,3.233592155403522,-1.0506577808748212
2026-01-15 08:00:00,19.1,64.0,0.0,4.5,299.0,3.935788682127281,-2.1816432911085166
2026-01-15 09:00:00,20.9,57.0,0.0,5.5,324.0,3.232818887608602,-4.449593469062211
2026-01-15 10:00:00,24.6,44.0,0.0,6.3,353.0,0.7677768634524291,-6.253040755340328
2026-01-15 11:00:00,26.6,38.0,0.0,5.4,8.0,-0.7515347451843555,-5.34744757120448
2026-01-15 12:00:00,27.9,36.0,0.0,3.3,68.0,-3.0597067200703982,-1.2362017582725096
2026-01-15 13:00:00,28.5,34.0,0.0,7.9,167.0,-1.7771133293165338,7.697523511803359
2026-01-15 14:00:00,28.5,36.0,0.0,7.4,193.0,1.6646378021446004,7.2103384794107415
2026-01-15 15:00:00,27.9,40.0,0.0,8.7,186.0,0.909397630428585,8.652340489703978
2026-01-15 16:00:00,26.5,45.0,0.0,14.8,178.0,-0.5165125511970141,14.790984239882619
2026-01-15 17:00:00,24.8,50.0,0.0,14.4,170.0,-2.5005337584037965,14.181231643375796
2026-01-15 18:00:00,23.4,56.0,0.0,10.5,158.0,-3.933369230867077,9.735430472951268
2026-01-15 19:00:00,22.3,62.0,0.0,9.0,147.0,-4.901751315135244,7.548035111508815
2026-01-15 20:00:00,21.5,65.0,0.0,3.1,190.0,0.5383093507674843,3.052904034337845
2026-01-15 21:00:00,21.0,65.0,0.0,0.9,101.0,-0.8834644651028976,0.17172809583889048
2026-01-15 22:00:00,20.5,66.0,0.0,2.9,86.0,-2.89293574575349,-0.2022937738579633
2026-01-15 23:00:00,19.1,73.0,0.0,2.3,108.0,-2.1874299874788528,0.7107390870623792
2026-01-16 00:00:00,18.9,76.0,0.0,1.0,112.0,-0.9271838545667873,0.37460659341591224
2026-01-16 01:00:00,18.7,75.0,0.0,1.7000000000000002,77.0,-1.6564291101349,-0.3824167923845705
2026-01-16 02:00:00,18.9,74.0,0.0,1.9,49.0,-1.433948202423267,-1.2465121550819633
2026-01-16 03:00:00,18.3,74.0,0.0,2.2,55.0,-1.802134497435782,-1.2618681599723016
2026-01-16 04:00:00,17.9,76.0,0.0,1.9,34.0,-1.0624665165944185,-1.5751713878545794
2026-01-16 05:00:00,17.5,76.0,0.0,2.1,31.0,-1.0815799573111144,-1.8000513314744355
2026-01-16 06:00:00,17.0,77.0,0.0,2.4,333.0,1.0895771993749124,-2.138415658052083
2026-01-16 07:00:00,17.1,75.0,0.0,4.4,308.0,3.4672473158695767,-2.7089104914328965
2026-01-16 08:00:00,19.4,68.0,0.0,7.4,311.0,5.584850893648513,-4.8548368145297545
2026-01-16 09:00:00,22.7,54.0,0.0,5.5,322.0,3.3861381142911204,-4.334059144836971
2026-01-16 10:00:00,24.9,46.0,0.0,4.5,7.0,-0.5484120453231622,-4.46645768238595
2026-01-16 11:00:00,26.9,40.0,0.0,3.5,345.0,0.9058666578588226,-3.380740392011739
2026-01-16 12:00:00,28.3,38.0,0.0,4.7,9.0,-0.7352419856890859,-4.6421352007971475
2026-01-16 13:00:00,28.9,37.0,0.0,5.5,32.0,-2.9145559532826275,-4.664264528860342
2026-01-16 14:00:00,29.2,35.0,0.0,5.1,17.0,-1.4910956940859592,-4.8771542554114795
2026-01-16 15:00:00,29.1,36.0,0.0,6.8,3.0,-0.3558845024520213,-6.790680836331102
2026-01-16 16:00:00,28.1,38.0,0.0,11.8,353.0,1.4380582521807406,-11.7120445893676
2026-01-16 17:00:00,26.4,42.0,0.0,13.9,359.0,0.242588449478242,-13.897882962673838
2026-01-16 18:00:00,24.6,48.0,0.0,10.7,347.0,2.4069762814793543,-10.425759693202016
2026-01-16 19:00:00,23.4,52.0,0.0,8.0,326.0,4.473543227765974,-6.632300580440334
2026-01-16 20:00:00,23.2,51.0,0.0,7.5,343.0,2.192787785420526,-7.172285669722766
2026-01-16 21:00:00,22.2,57.0,0.0,5.0,345.0,1.2940952255126037,-4.8296291314453415
2026-01-16 22:00:00,21.5,60.0,0.0,4.0,330.0,2.0000000000000004,-3.4641016151377544
2026-01-16 23:00:00,20.7,64.0,0.0,3.2,326.0,1.78941729110639,-2.652920232176134
2026-01-17 00:00:00,20.1,66.0,0.0,6.9,337.0,2.696044786575989,-6.351483488821839
2026-01-17 01:00:00,19.5,70.0,0.0,7.6,341.0,2.474317973874391,-7.185941174554807
2026-01-17 02:00:00,19.3,74.0,0.0,6.1,326.0,3.4110767111715554,-5.057129192585754
2026-01-17 03:00:00,19.0,75.0,0.0,6.3,329.0,3.244739871933341,-5.400153994423308
2026-01-17 04:00:00,18.6,77.0,0.0,3.1,332.0,1.4553618446362617,-2.737137537862673
2026-01-17 05:00:00,18.5,79.0,0.0,2.2,305.0,1.802134497435782,-1.2618681599723014
2026-01-17 06:00:00,19.2,73.0,0.0,5.3,298.0,4.679622242152313,-2.4881992827652213
2026-01-17 07:00:00,19.0,74.0,0.1,4.2,340.0,1.436484601967809,-3.9467090073008153
2026-01-17 08:00:00,20.4,71.0,0.0,4.7,254.0,4.517929970910099,1.2954955723398962
2026-01-17 09:00:00,22.1,63.0,0.0,1.9,202.0,0.7117525274902327,1.761649323676896
2026-01-17 10:00:00,23.9,55.0,0.0,5.0,180.0,3.061616997868383e-16,5.0
2026-01-17 11:00:00,26.2,49.0,0.0,6.7,200.0,2.291534960281981,6.295940559265586
2026-01-17 12:00:00,28.3,42.0,0.0,5.2,229.0,3.9244898171584146,3.411506950750638
2026-01-17 13:00:00,28.8,41.0,0.0,3.5,235.0,2.8670321550114712,2.007517527228661
2026-01-17 14:00:00,28.6,41.0,0.0,7.6,262.0,7.5260373224359345,1.0577155672964973
2026-01-17 15:00:00,27.4,42.0,0.0,7.8,285.0,7.534221445054732,-2.0187885517996618
2026-01-17 16:00:00,27.1,42.0,0.0,3.3,299.0,2.8862450335600056,-1.5998717468129122
2026-01-17 17:00:00,26.1,45.0,0.0,2.3,212.0,1.2188143077363711,1.9505106211597796
2026-01-17 18:00:00,24.4,49.0,0.0,6.2,237.0,5.199757521261629,3.376762017093168
2026-01-17 19:00:00,23.3,56.0,0.0,6.0,233.0,4.791813060283757,3.6108901389122896
2026-01-17 20:00:00,22.5,65.0,0.0,7.2,205.0,3.042851484533036,6.52541606666388
2026-01-17 21:00:00,22.0,70.0,0.0,4.0,172.0,-0.5566924038402614,3.9610722749662814
2026-01-17 22:00:00,21.5,73.0,0.0,1.3,106.0,-1.2496402047198145,0.358328562562099
2026-01-17 23:00:00,20.2,77.0,0.0,1.8,96.0,-1.790139411662892,0.18815123388177674
2026-01-18 00:00:00,19.4,79.0,0.0,2.4,73.0,-2.295131414311285,-0.7016920913345682
2026-01-18 01:00:00,18.9,79.0,0.0,4.0,51.0,-3.108583845827883,-2.5172815641993505
2026-01-18 02:00:00,18.9,75.0,0.0,3.8,59.0,-3.2572357426680267,-1.9571446846582057
2026-01-18 03:00:00,18.5,78.0,0.0,1.1,81.0,-1.0864571746546516,-0.1720779115442538
2026-01-18 04:00:00,19.1,76.0,0.0,0.4,63.0,-0.3564026096753472,-0.18159619989581868
2026-01-18 05:00:00,18.8,75.0,0.0,2.7,332.0,1.2675732195219054,-2.383958500719103
2026-01-18 06:00:00,18.1,81.0,0.0,3.2,317.0,2.182394752199995,-2.3403318451813457
2026-01-18 07:00:00,18.1,83.0,0.0,5.5,306.0,4.449593469062211,-3.232818887608602
2026-01-18 08:00:00,19.1,80.0,0.0,4.3,294.0,3.9282454678631837,-1.7489675652259409
2026-01-18 09:00:00,21.9,67.0,0.0,2.0,280.0,1.969615506024416,-0.34729635533386066
2026-01-18 10:00:00,24.1,58.0,0.0,2.0,180.0,1.2246467991473532e-16,2.0
2026-01-18 11:00:00,26.1,50.0,0.0,1.5,187.0,0.18280401510772123,1.488819227461983
2026-01-18 12:00:00,27.7,46.0,0.0,1.3,196.0,0.35832856256209894,1.2496402047198145
2026-01-18 13:00:00,28.5,45.0,0.0,2.5,225.0,1.7677669529663689,1.7677669529663687
2026-01-18 14:00:00,27.9,46.0,0.2,5.6,230.0,4.289848881466277,3.5996106142446194
2026-01-18 15:00:00,27.7,46.0,0.1,6.1,210.0,3.0500000000000007,5.282754963085075
2026-01-18 16:00:00,27.3,47.0,0.0,7.0,192.0,1.4553818357243162,6.847033205136639
2026-01-18 17:00:00,26.0,51.0,0.0,8.3,182.0,0.289665822630759,8.294943864258496
2026-01-18 18:00:00,24.2,58.0,0.0,7.4,187.0,0.9018331411980914,7.344841522145783
2026-01-18 19:00:00,23.0,65.0,0.0,6.7,196.0,1.8467702839738944,6.440453362786736
2026-01-18 20:00:00,23.0,69.0,0.0,4.3,222.0,2.8772616073430903,3.195522749552795
2026-01-18 21:00:00,21.5,78.0,0.0,2.1,239.0,1.800051331474436,1.0815799573111138
2026-01-18 22:00:00,20.8,82.0,0.0,1.5,300.0,1.299038105676658,-0.7499999999999999
2026-01-18 23:00:00,20.0,83.0,0.0,4.9,352.0,0.6819481947043208,-4.852313536833695
2026-01-19 00:00:00,19.0,86.0,0.0,6.3,353.0,0.7677768634524291,-6.253040755340328
2026-01-19 01:00:00,18.5,88.0,0.0,5.0,2.0,-0.1744974835125038,-4.9969541350954785
2026-01-19 02:00:00,17.9,91.0,0.0,2.8,18.0,-0.8652475842498532,-2.6629582456264296
2026-01-19 03:00:00,17.4,94.0,0.0,2.3,356.0,0.16043988961148803,-2.2943973155975956
2026-01-19 04:00:00,17.2,94.0,0.0,3.8,349.0,0.7250741824308706,-3.730183297101123
2026-01-19 05:00:00,16.8,95.0,0.0,7.4,346.0,1.7902220274375409,-7.180188374442374
2026-01-19 06:00:00,16.5,92.0,0.0,7.8,328.0,4.133370261018998,-6.614775150020122
2026-01-19 07:00:00,16.1,92.0,0.0,7.6,322.0,4.6790272124750025,-5.988881727411087
2026-01-19 08:00:00,17.2,88.0,0.0,5.4,334.0,2.3672041926610183,-4.853487850015503
2026-01-19 09:00:00,20.1,75.0,0.0,3.8,311.0,2.8678964048465336,-2.4930243101639276
2026-01-19 10:00:00,23.5,62.0,0.0,2.3,225.0,1.6263455967290592,1.626345596729059
2026-01-19 11:00:00,26.0,51.0,0.0,6.5,214.0,3.634753872559854,5.388744221607771
2026-01-19 12:00:00,27.4,45.0,0.0,9.2,228.0,6.836932394392027,6.156001578501495
2026-01-19 13:00:00,27.5,45.0,0.0,11.4,233.0,9.10444481453914,6.860691263933351
2026-01-19 14:00:00,27.3,45.0,0.0,10.7,234.0,8.656481839811937,6.2893021995294625
2026-01-19 15:00:00,26.7,46.0,0.0,7.3,228.0,5.424957225984977,4.884653426419665
2026-01-19 16:00:00,26.4,46.0,0.0,6.1,183.0,0.3192493330819582,6.0916401620029
2026-01-19 17:00:00,25.2,49.0,0.0,9.4,151.0,-4.557210430315568,8.221425247110322
2026-01-19 18:00:00,23.8,55.0,0.0,9.5,158.0,-3.5587626374511645,8.80824661838448
2026-01-19 19:00:00,22.9,61.0,0.0,5.6,187.0,0.6824683230688259,5.558258449191403
2026-01-19 20:00:00,22.5,69.0,0.0,5.8,173.0,-0.7068421917498547,5.756767679519668
2026-01-19 21:00:00,21.5,76.0,0.0,3.3,216.0,1.9396913325651612,2.6697560814373262
2026-01-19 22:00:00,20.6,81.0,0.0,2.7,270.0,2.7,0.0
2026-01-19 23:00:00,20.5,75.0,0.0,6.0,311.0,4.528257481336632,-3.9363541739430437
2026-01-20 00:00:00,19.6,77.0,0.0,7.5,303.0,6.29002925959068,-4.084792762612703
2026-01-20 01:00:00,18.6,82.0,0.0,7.0,310.0,5.362311101832846,-4.499513267805774
2026-01-20 02:00:00,18.2,82.0,0.0,6.8,328.0,3.603450996785793,-5.766727053863696
2026-01-20 03:00:00,17.8,84.0,0.0,6.2,324.0,3.6442685642133337,-5.0159053651246746
2026-01-20 04:00:00,17.5,86.0,0.0,5.9,333.0,2.6785439484633264,-5.25693849271137
2026-01-20 05:00:00,17.3,86.0,0.0,7.0,318.0,4.683914244512008,-5.20201377834176
2026-01-20 06:00:00,16.9,87.0,0.0,6.5,312.0,4.830441365603063,-4.349348941332579
2026-01-20 07:00:00,16.2,89.0,0.0,7.7,311.0,5.811263767715345,-5.051654523226906
2026-01-20 08:00:00,17.8,87.0,0.0,5.9,301.0,5.057287074142463,-3.0387246419693197
2026-01-20 09:00:00,20.1,76.0,0.0,3.5,291.0,3.267531492740206,-1.2542878234085508
2026-01-20 10:00:00,22.7,66.0,0.0,2.8,235.0,2.293625724009177,1.6060140217829288
2026-01-20 11:00:00,25.2,53.0,0.0,7.9,207.0,3.58652494794242,7.038951541088106
2026-01-20 12:00:00,26.7,44.0,0.0,11.5,211.0,5.9229378614656225,9.857423958074293
2026-01-20 13:00:00,26.4,47.0,0.0,12.5,221.0,8.200737862381342,9.43386975278465
2026-01-20 14:00:00,26.2,49.0,0.1,11.6,224.0,8.058037097324368,8.344341683928352
2026-01-20 15:00:00,25.4,51.0,0.5,9.5,219.0,5.978543714973457,7.382886633841224
2026-01-20 16:00:00,24.6,52.0,0.4,8.7,217.0,5.235790701422821,6.948128937411447
2026-01-20 17:00:00,23.5,57.0,0.3,6.3,195.0,1.6305599841458807,6.085332705621131
2026-01-20 18:00:00,21.7,71.0,0.4,6.0,147.0,-3.2678342100901627,5.032023407672543
2026-01-20 19:00:00,20.5,79.0,0.3,6.8,132.0,-5.0533848132462795,4.550088123240236
2026-01-20 20:00:00,19.0,86.0,0.2,10.1,182.0,0.3524849166952609,10.093847352892867
2026-01-20 21:00:00,18.9,89.0,0.8,8.3,204.0,3.375914137529142,7.582427298433588
2026-01-20 22:00:00,19.2,86.0,0.7000000000000001,2.9,240.0,2.511473670974872,1.4499999999999997
2026-01-20 23:00:00,18.1,94.0,0.6,8.6,349.0,1.6409573602382863,-8.441993777649909
2026-01-21 00:00:00,16.6,79.0,0.0,11.0,319.0,7.2166493188955805,-8.301805382450492
2026-01-21 01:00:00,15.4,72.0,0.0,10.3,320.0,6.620712379771356,-7.890257764125474
2026-01-21 02:00:00,15.2,71.0,0.0,7.6,306.0,6.1485291572496,-4.467167917422795
2026-01-21 03:00:00,14.4,75.0,0.2,9.5,303.0,7.967370395481528,-5.174070832642757
2026-01-21 04:00:00,14.1,76.0,0.1,8.6,303.0,7.212566884330647,-4.683895701129233
2026-01-21 05:00:00,13.8,75.0,0.0,7.6,298.0,6.710401705727845,-3.56798387717277
2026-01-21 06:00:00,13.6,74.0,0.0,8.3,300.0,7.188010851410842,-4.1499999999999995
2026-01-21 07:00:00,13.6,74.0,0.0,9.0,307.0,7.187719590425635,-5.416335208368435
2026-01-21 08:00:00,14.8,68.0,0.1,7.0,310.0,5.362311101832846,-4.499513267805774
2026-01-21 09:00:00,16.9,64.0,0.0,6.1,302.0,5.173093386554198,-3.2325075118225497
2026-01-21 10:00:00,19.5,62.0,0.0,3.1,291.0,2.8940993221413254,-1.1109406435904308
2026-01-21 11:00:00,21.5,59.0,0.0,5.0,229.0,3.77354790111386,3.2802951449525364
2026-01-21 12:00:00,22.5,52.0,0.0,7.3,228.0,5.424957225984977,4.884653426419665
2026-01-21 13:00:00,23.4,47.0,0.0,7.5,230.0,5.745333323392335,4.820907072649044
2026-01-21 14:00:00,23.4,46.0,0.0,5.9,220.0,3.7924468971505823,4.51966221440197
2026-01-21 15:00:00,23.7,46.0,0.0,6.5,204.0,2.6437881799927014,5.938045474676906
2026-01-21 16:00:00,23.1,47.0,0.0,8.6,206.0,3.769991862386066,7.729628798172836
2026-01-21 17:00:00,21.8,54.0,0.0,11.7,216.0,6.877087451821935,9.465498834186885
2026-01-21 18:00:00,20.5,61.0,0.0,12.1,223.0,8.252180156756232,8.849379789591962
2026-01-21 19:00:00,20.0,64.0,0.0,7.4,231.0,5.750880114781585,4.656970893768797
2026-01-21 20:00:00,19.3,56.0,0.0,8.4,318.0,5.620697093414409,-6.242416534010112
2026-01-21 21:00:00,17.0,58.0,0.0,12.0,323.0,7.22178027782458,-9.583626120567514
2026-01-21 22:00:00,15.7,64.0,0.0,8.9,308.0,7.013295707099825,-5.479387130398359
2026-01-21 23:00:00,14.6,66.0,0.0,9.3,324.0,5.46640284632,-7.523858047687012
2026-01-22 00:00:00,13.9,68.0,0.0,8.5,314.0,6.1143883028785355,-5.904596148901477
2026-01-22 01:00:00,13.6,68.0,0.0,8.4,310.0,6.4347733221994154,-5.39941592136693
2026-01-22 02:00:00,13.4,71.0,0.0,7.4,311.0,5.584850893648513,-4.8548368145297545
2026-01-22 03:00:00,13.3,71.0,0.0,8.7,313.0,6.3627772040867825,-5.933385732543736
2026-01-22 04:00:00,13.0,72.0,0.0,7.7,306.0,6.229430856687095,-4.525946442652043
2026-01-22 05:00:00,12.6,75.0,0.0,8.5,299.0,7.4342675106848635,-4.120881772093865
2026-01-22 06:00:00,12.8,75.0,0.0,6.2,287.0,5.9290894869708195,-1.812704569280968
2026-01-22 07:00:00,13.1,75.0,0.0,7.7,281.0,7.558529312547013,-1.469229264399395
2026-01-22 08:00:00,13.8,72.0,0.0,5.2,299.0,4.548022477124858,-2.521010025280953
2026-01-22 09:00:00,16.8,65.0,0.0,2.7,298.0,2.383958500719103,-1.2675732195219052
2026-01-22 10:00:00,19.4,60.0,0.0,3.1,277.0,3.076893070088098,-0.3777949645559572
2026-01-22 11:00:00,20.9,53.0,0.0,2.6,254.0,2.499280409439629,0.7166571251241979
2026-01-22 12:00:00,22.1,47.0,0.0,3.3,209.0,1.5998717468129124,2.8862450335600056
2026-01-22 13:00:00,22.9,46.0,0.0,6.1,199.0,1.985965742188656,5.7676633111558315
2026-01-22 14:00:00,23.5,45.0,0.0,8.8,197.0,2.5728710015600837,8.415481852474713
2026-01-22 15:00:00,22.1,53.0,0.2,11.6,208.0,5.445870128316334,10.242192077163551
2026-01-22 16:00:00,20.9,59.0,0.1,9.5,216.0,5.583959896778495,7.685661446562001
2026-01-22 17:00:00,20.2,61.0,0.0,4.0,201.0,1.4334717981812015,3.734321705988807
2026-01-22 18:00:00,19.2,67.0,0.0,4.9,118.0,-4.326443205008743,2.3004106576508647
2026-01-22 19:00:00,18.4,74.0,0.1,5.8,126.0,-4.692298567374695,3.409154463296345
2026-01-22 20:00:00,18.5,79.0,0.0,7.7,201.0,2.759433211498813,7.188569284028453
2026-01-22 21:00:00,18.0,84.0,0.0,4.0,280.0,3.939231012048832,-0.6945927106677213
2026-01-22 22:00:00,16.5,76.0,0.1,10.3,322.0,6.341313195854281,-8.116510762149238
2026-01-22 23:00:00,15.2,73.0,0.3,9.6,322.0,5.91035016312632,-7.564903234624531
2026-01-23 00:00:00,14.9,73.0,0.9,9.1,319.0,5.970137163813616,-6.867857180027225
2026-01-23 01:00:00,14.2,71.0,0.0,10.6,320.0,6.813548662677317,-8.120071097061167
2026-01-23 02:00:00,13.4,76.0,0.0,6.2,330.0,3.100000000000001,-5.36935750346352
2026-01-23 03:00:00,13.1,77.0,0.0,8.0,316.0,5.557266963671978,-5.754718402709209
2026-01-23 04:00:00,12.9,77.0,0.0,7.9,327.0,4.3026483766187145,-6.62549748676885
2026-01-23 05:00:00,12.7,78.0,0.0,8.0,329.0,4.120304599280433,-6.857338405616899
2026-01-23 06:00:00,12.6,79.0,0.0,8.1,325.0,4.645969134443473,-6.6351315587408335
2026-01-23 07:00:00,12.6,80.0,0.0,7.0,312.0,5.20201377834176,-4.683914244512008
2026-01-23 08:00:00,14.1,83.0,0.0,3.6,276.0,3.580278823325784,-0.37630246776355253
2026-01-23 09:00:00,17.5,71.0,0.0,2.2,284.0,2.1346505978071924,-0.5322281703192691
2026-01-23 10:00:00,20.4,62.0,0.0,1.8,233.0,1.437543918085127,1.083267041673687
2026-01-23 11:00:00,22.4,52.0,0.0,3.6,221.0,2.3618125043658265,2.716954488801979
2026-01-23 12:00:00,24.0,45.0,0.0,3.5,201.0,1.2542878234085513,3.267531492740206
2026-01-23 13:00:00,25.0,41.0,0.0,4.1,195.0,1.061158084920335,3.96029588778518
2026-01-23 14:00:00,24.8,44.0,0.0,7.6,239.0,6.5144714853360535,3.9142893693164114
2026-01-23 15:00:00,24.0,48.0,0.0,9.3,234.0,7.523858047687012,5.46640284632
2026-01-23 16:00:00,22.6,55.0,0.0,10.3,232.0,8.116510762149236,6.341313195854281
2026-01-23 17:00:00,21.4,60.0,0.0,6.6,248.0,6.1194134401407965,2.472403516545019
2026-01-23 18:00:00,19.7,70.0,0.0,0.8,207.0,0.3631923997916375,0.7128052193506943
2026-01-23 19:00:00,19.2,72.0,0.0,2.6,39.0,-1.6362330167295784,-2.0205794997881235
2026-01-23 20:00:00,19.1,75.0,0.0,3.5,28.0,-1.6431504697506176,-3.0903165750062445
2026-01-23 21:00:00,18.6,69.0,0.0,10.1,314.0,7.265331983420377,-7.016049541635872
2026-01-23 22:00:00,17.2,73.0,0.0,9.9,323.0,5.957968729205279,-7.906491549468199
2026-01-23 23:00:00,16.2,78.0,0.0,8.6,330.0,4.300000000000001,-7.447818472546172
2026-01-24 00:00:00,15.9,80.0,0.0,7.8,322.0,4.802159507540135,-6.146483878132432
2026-01-24 01:00:00,15.9,81.0,0.0,7.0,320.0,4.499513267805775,-5.362311101832846
2026-01-24 02:00:00,15.9,83.0,0.0,6.4,331.0,3.1027815695765577,-5.597566125692133
2026-01-24 03:00:00,16.1,81.0,0.0,6.7,316.0,4.654211082075282,-4.819576662268962
2026-01-24 04:00:00,16.1,81.0,0.0,7.4,321.0,4.656970893768798,-5.750880114781585
2026-01-24 05:00:00,16.2,80.0,0.0,7.8,337.0,3.047702802216335,-7.179937856929035
2026-01-24 06:00:00,16.0,81.0,0.0,6.0,350.0,1.0418890660015825,-5.908846518073248
2026-01-24 07:00:00,16.1,81.0,0.0,5.5,311.0,4.150902691225246,-3.6083246594477902
2026-01-24 08:00:00,17.2,77.0,0.0,7.1,319.0,4.658019105832602,-5.358438019581681
2026-01-24 09:00:00,20.0,65.0,0.0,5.2,335.0,2.197614961051637,-4.7128004925905795
2026-01-24 10:00:00,22.5,54.0,0.0,3.6,360.0,2.2043642384652358e-16,-3.6
2026-01-24 11:00:00,23.8,50.0,0.0,0.9,323.0,0.5416335208368436,-0.7187719590425635
2026-01-24 12:00:00,25.1,46.0,0.0,1.1,261.0,1.0864571746546516,0.17207791154425398
2026-01-24 13:00:00,25.6,44.0,0.0,1.5,194.0,0.3628828433995015,1.4554435894139948
2026-01-24 14:00:00,26.2,40.0,0.0,3.8,267.0,3.7947922320673806,0.19887663372318656
2026-01-24 15:00:00,26.2,41.0,0.0,6.5,240.0,5.629165124598852,3.2499999999999996
2026-01-24 16:00:00,24.9,48.0,0.0,9.4,234.0,7.604759747124507,5.525181371549247
2026-01-24 17:00:00,23.5,54.0,0.0,8.6,206.0,3.769991862386066,7.729628798172836
2026-01-24 18:00:00,21.9,64.0,0.0,8.5,181.0,0.14834545471691057,8.498705408829325
2026-01-24 19:00:00,20.9,70.0,0.0,5.2,194.0,1.257993857118272,5.045537776635181
2026-01-24 20:00:00,19.6,77.0,0.0,3.9,167.0,-0.8773091119410736,3.8000432526624173
2026-01-24 21:00:00,18.4,84.0,0.0,3.3,193.0,0.7423384793347542,3.2154212137912763
2026-01-24 22:00:00,17.8,87.0,0.0,2.2,360.0,1.3471114790620887e-16,-2.2
2026-01-24 23:00:00,17.5,85.0,0.0,6.0,357.0,0.3140157374576638,-5.991777208527443
2026-01-25 00:00:00,16.9,87.0,0.0,6.6,338.0,2.4724035165450187,-6.1194134401407965
2026-01-25 01:00:00,16.3,89.0,0.0,7.2,333.0,3.268731598124737,-6.415246974156248
2026-01-25 02:00:00,16.5,88.0,0.0,5.2,344.0,1.4333142502483958,-4.998560818879258
2026-01-25 03:00:00,16.4,88.0,0.0,5.0,330.0,2.5000000000000004,-4.330127018922193
2026-01-25 04:00:00,16.2,89.0,0.0,5.6,331.0,2.7149338733794877,-4.897870359980616
2026-01-25 05:00:00,16.0,89.0,0.0,5.7,316.0,3.9595527116162845,-4.100236861930311
2026-01-25 06:00:00,15.9,89.0,0.0,5.4,312.0,4.012982057577929,-3.6133052743378347
2026-01-25 07:00:00,15.7,89.0,0.0,6.3,294.0,5.755336383148386,-2.5624408513775414
2026-01-25 08:00:00,17.6,82.0,0.0,3.4,295.0,3.0814464759246096,-1.436902089918378
2026-01-25 09:00:00,20.8,68.0,0.0,1.3,254.0,1.2496402047198145,0.35832856256209894
2026-01-25 10:00:00,23.4,56.0,0.0,2.3,176.0,-0.16043988961148825,2.2943973155975956
2026-01-25 11:00:00,25.0,50.0,0.0,2.7,200.0,0.9234543869793059,2.5371700761219524
2026-01-25 12:00:00,25.9,48.0,0.0,1.8,180.0,1.1021821192326179e-16,1.8
2026-01-25 13:00:00,26.6,45.0,0.0,1.8,169.0,-0.34345619167778063,1.7669289302057951
2026-01-25 14:00:00,26.7,44.0,0.0,3.2,196.0,0.8820395386143973,3.0760374270026207
2026-01-25 15:00:00,26.0,47.0,0.0,3.4,43.0,-2.318794424212495,-2.4866025855051794
2026-01-25 16:00:00,24.4,58.0,0.0,13.2,44.0,-9.169490490058763,-9.495285364470195
2026-01-25 17:00:00,23.1,64.0,0.0,11.8,56.0,-9.782643356149494,-6.598476260954811
2026-01-25 18:00:00,22.2,68.0,0.0,4.3,156.0,-1.748967565225941,3.9282454678631837
2026-01-25 19:00:00,22.0,71.0,0.0,7.0,193.0,1.5746573804070545,6.820590453496647
2026-01-25 20:00:00,21.5,77.0,0.0,2.6,205.0,1.0988074805258186,2.3564002462952898
2026-01-25 21:00:00,21.0,80.0,0.0,0.5,270.0,0.5,0.0
2026-01-25 22:00:00,20.0,82.0,0.0,3.2,341.0,1.0418180942629016,-3.0256594419178136
2026-01-25 23:00:00,19.5,79.0,0.0,3.5,339.0,1.2542878234085513,-3.267531492740206
2026-01-26 00:00:00,18.5,83.0,0.0,3.5,339.0,1.2542878234085513,-3.267531492740206
2026-01-26 01:00:00,18.0,87.0,0.0,3.0,327.0,1.6339171050450814,-2.516011703836272
2026-01-26 02:00:00,18.0,88.0,0.0,2.4,283.0,2.3384881554845647,-0.539882530425276
2026-01-26 03:00:00,18.0,88.0,0.0,3.5,279.0,3.456909192082982,-0.547520627640808
2026-01-26 04:00:00,17.7,90.0,0.0,5.2,297.0,4.633233925779513,-2.360750598645643
2026-01-26 05:00:00,17.1,94.0,0.0,5.0,319.0,3.2802951449525364,-3.77354790111386
2026-01-26 06:00:00,16.6,96.0,0.0,3.3,311.0,2.4905416147351476,-2.1649947956686737
2026-01-26 07:00:00,16.8,95.0,0.0,5.8,306.0,4.692298567374695,-3.409154463296344
2026-01-26 08:00:00,18.3,89.0,0.0,4.1,299.0,3.585940799271522,-1.9877194430099818
2026-01-26 09:00:00,21.4,74.0,0.0,4.8,295.0,4.350277377775919,-2.0285676563553574
2026-01-26 10:00:00,23.9,61.0,0.0,4.3,312.0,3.195522749552795,-2.8772616073430903
2026-01-26 11:00:00,25.8,52.0,0.0,3.4,335.0,1.436902089918378,-3.0814464759246096
2026-01-26 12:00:00,27.0,47.0,0.1,3.1,21.0,-1.1109406435904323,-2.894099322141325
2026-01-26 13:00:00,27.4,44.0,0.3,1.6,63.0,-1.4256104387013888,-0.7263847995832747
2026-01-26 14:00:00,27.3,43.0,0.4,6.3,20.0,-2.1547269029517118,-5.9200635109512225
2026-01-26 15:00:00,27.5,42.0,0.2,7.5,35.0,-4.301823272632848,-6.143640332167437
2026-01-26 16:00:00,27.4,43.0,0.2,9.3,46.0,-6.689860143149455,-6.460322845268676
2026-01-26 17:00:00,26.5,46.0,0.0,10.1,44.0,-7.016049541635872,-7.265331983420377
2026-01-26 18:00:00,24.1,56.0,0.0,3.9,68.0,-3.616017032810471,-1.460965714322057
2026-01-26 19:00:00,21.9,67.0,0.0,2.4,103.0,-2.3384881554845642,0.5398825304252765
2026-01-26 20:00:00,21.9,78.0,0.0,3.1,190.0,0.5383093507674843,3.052904034337845
2026-01-26 21:00:00,20.9,84.0,0.0,2.7,122.0,-2.28972985962235,1.4307820134296534
2026-01-26 22:00:00,20.1,87.0,0.0,4.0,108.0,-3.804226065180614,1.23606797749979
2026-01-26 23:00:00,19.2,89.0,0.0,3.4,108.0,-3.233592155403522,1.0506577808748214
2026-01-27 00:00:00,18.5,90.0,0.0,1.7000000000000002,77.0,-1.6564291101349,-0.3824167923845705
2026-01-27 01:00:00,17.8,91.0,0.0,2.2,55.0,-1.802134497435782,-1.2618681599723016
2026-01-27 02:00:00,17.9,88.0,0.0,4.5,43.0,-3.068992620281244,-3.291091657286267
2026-01-27 03:00:00,17.6,86.0,0.0,2.3,51.0,-1.7874357113510326,-1.4474368994146265
2026-01-27 04:00:00,18.0,83.0,0.0,1.7000000000000002,13.0,-0.382416792384571,-1.6564291101348998
2026-01-27 05:00:00,17.6,86.0,0.0,5.2,338.0,1.9479542857627423,-4.821356043747294
2026-01-27 06:00:00,17.1,87.0,0.0,8.3,336.0,3.375914137529142,-7.582427298433588
2026-01-27 07:00:00,16.8,87.0,0.0,4.7,337.0,1.8364363038995866,-4.32637281122647
2026-01-27 08:00:00,19.2,73.0,0.0,7.1,339.0,2.5444124417716325,-6.628421028130132
2026-01-27 09:00:00,23.2,59.0,0.0,5.1,350.0,0.885605706101345,-5.022519540362261
2026-01-27 10:00:00,25.3,51.0,0.0,3.1,7.0,-0.37779496455595624,-3.0768930700880985
2026-01-27 11:00:00,26.6,47.0,0.0,3.1,353.0,0.37779496455595724,-3.076893070088098
2026-01-27 12:00:00,28.1,41.0,0.0,0.6000000000000001,18.0,-0.18541019662496858,-0.5706339097770922
2026-01-27 13:00:00,29.2,36.0,0.0,5.1,157.0,-1.9927287552952961,4.694574752607445
2026-01-27 14:00:00,28.7,36.0,0.0,7.6,236.0,6.300685551418316,4.249866066377677
2026-01-27 15:00:00,26.9,44.0,0.1,11.6,244.0,10.426010937070338,5.0851053027532975
2026-01-27 16:00:00,25.9,48.0,0.4,6.8,268.0,6.795857623729851,0.23731657757700658
2026-01-27 17:00:00,25.0,52.0,0.2,6.2,322.0,3.8171011470190814,-4.885666672361677
2026-01-27 18:00:00,23.6,57.0,0.0,5.5,347.0,1.237230798891257,-5.359035356318794
2026-01-27 19:00:00,22.2,62.0,0.0,12.1,333.0,5.493285046848516,-10.781178942679249
2026-01-27 20:00:00,20.8,68.0,0.0,10.2,328.0,5.40517649517869,-8.650090580795544
2026-01-27 21:00:00,19.5,73.0,0.0,8.8,329.0,4.532335059208477,-7.543072246178589
2026-01-27 22:00:00,18.9,76.0,0.0,9.3,333.0,4.222111647577786,-8.28636067495182
2026-01-27 23:00:00,18.5,79.0,0.0,8.7,326.0,4.864978260195497,-7.2126268812288625
2026-01-28 00:00:00,18.0,81.0,0.0,7.8,316.0,5.418335289580178,-5.610850442641478
2026-01-28 01:00:00,17.4,82.0,0.0,8.1,307.0,6.468947631383072,-4.874701687531591
2026-01-28 02:00:00,17.0,83.0,0.0,6.5,298.0,5.739159353583025,-3.05156515810829
2026-01-28 03:00:00,16.4,85.0,0.0,9.3,319.0,6.101348969611718,-7.01879909607178
2026-01-28 04:00:00,15.5,90.0,0.0,8.8,327.0,4.792823508132239,-7.380300997919732
2026-01-28 05:00:00,15.1,92.0,0.0,6.9,332.0,3.239353783222647,-6.092338390726596
2026-01-28 06:00:00,14.9,94.0,0.0,7.1,322.0,4.371196474812174,-5.594876350607726
2026-01-28 07:00:00,14.8,94.0,0.0,6.2,319.0,4.067565979741145,-4.679199397381186
2026-01-28 08:00:00,16.5,85.0,0.0,6.2,306.0,5.0159053651246746,-3.6442685642133337
2026-01-28 09:00:00,19.1,73.0,0.0,6.2,319.0,4.067565979741145,-4.679199397381186
2026-01-28 10:00:00,21.8,61.0,0.0,4.3,327.0,2.3419478505646163,-3.6062834421653234
2026-01-28 11:00:00,24.1,52.0,0.0,1.0,315.0,0.7071067811865476,-0.7071067811865475
2026-01-28 12:00:00,25.8,45.0,0.0,0.8,153.0,-0.36319239979163737,0.7128052193506944
2026-01-28 13:00:00,26.9,42.0,0.0,2.3,176.0,-0.16043988961148825,2.2943973155975956
2026-01-28 14:00:00,27.1,42.0,0.0,6.3,178.0,-0.219866829225756,6.296162210220303
2026-01-28 15:00:00,26.6,42.0,0.0,10.4,194.0,2.515987714236544,10.091075553270363
2026-01-28 16:00:00,25.1,50.0,0.0,14.3,205.0,6.043441142892003,12.960201354624095
2026-01-28 17:00:00,24.0,54.0,0.0,10.5,215.0,6.022552581685985,8.601096465034415
2026-01-28 18:00:00,22.3,60.0,0.0,3.3,241.0,2.8862450335600056,1.5998717468129122
2026-01-28 19:00:00,21.1,58.0,0.0,6.5,341.0,2.116193003971519,-6.145870741395559
2026-01-28 20:00:00,20.3,59.0,0.0,9.3,326.0,5.200494002277946,-7.7100494247618885
2026-01-28 21:00:00,19.4,62.0,0.0,7.3,308.0,5.75247850132907,-4.494328769877305
2026-01-28 22:00:00,18.4,66.0,0.0,9.0,314.0,6.474058203047861,-6.251925334130975
2026-01-28 23:00:00,17.4,70.0,0.0,9.3,313.0,6.801589425058286,-6.3425847485812366
2026-01-29 00:00:00,16.5,73.0,0.0,7.5,320.0,4.820907072649045,-5.745333323392335
2026-01-29 01:00:00,15.9,76.0,0.0,7.1,326.0,3.970269614642302,-5.886166765140796
2026-01-29 02:00:00,15.5,78.0,0.0,4.7,358.0,0.1640276345017551,-4.6971368869897505
2026-01-29 03:00:00,15.5,78.0,0.0,5.9,337.0,2.305313658086715,-5.4309786353693985
2026-01-29 04:00:00,15.1,80.0,0.0,6.0,327.0,3.2678342100901627,-5.032023407672544
2026-01-29 05:00:00,14.8,83.0,0.0,5.6,318.0,3.747131395609606,-4.161611022673408
2026-01-29 06:00:00,14.4,86.0,0.0,4.8,340.0,1.6416966879632102,-4.51052457977236
2026-01-29 07:00:00,14.1,87.0,0.0,4.7,320.0,3.021101765526735,-3.6004088826591967
2026-01-29 08:00:00,15.8,83.0,0.0,3.5,282.0,3.42351660256832,-0.7276909178621577
2026-01-29 09:00:00,19.4,69.0,0.0,1.3,304.0,1.0777488443215542,-0.726950774511971
2026-01-29 10:00:00,22.5,57.0,0.0,2.4,287.0,2.295131414311285,-0.7016920913345682
2026-01-29 11:00:00,24.5,49.0,0.0,5.4,250.0,5.074340152243906,1.8469087739586112
2026-01-29 12:00:00,26.0,44.0,0.0,6.6,223.0,4.50118917641249,4.826934430686525
2026-01-29 13:00:00,26.6,44.0,0.0,6.6,241.0,5.772490067120011,3.1997434936258244
2026-01-29 14:00:00,26.9,45.0,0.0,8.8,211.0,4.532335059208477,7.543072246178589
2026-01-29 15:00:00,25.9,49.0,0.0,12.6,204.0,5.124881702755083,11.510672766296771
2026-01-29 16:00:00,24.5,54.0,0.0,11.7,207.0,5.3116888469526975,10.424776333003903
2026-01-29 17:00:00,23.5,57.0,0.0,8.9,207.0,4.040515447681967,7.929958065276474
2026-01-29 18:00:00,22.1,65.0,0.0,6.2,206.0,2.7179011100922805,5.572523087054836
2026-01-29 19:00:00,21.2,71.0,0.0,3.9,227.0,2.8522794363147645,2.659793604243744
2026-01-29 20:00:00,22.2,66.0,0.0,7.0,230.0,5.362311101832846,4.499513267805774
2026-01-29 21:00:00,21.0,73.0,0.0,3.6,225.0,2.5455844122715714,2.545584412271571
2026-01-29 22:00:00,20.5,78.0,0.0,0.6000000000000001,236.0,0.49742254353302506,0.33551574208244817
2026-01-29 23:00:00,19.9,79.0,0.0,3.4,344.0,0.9371670097777971,-3.2682897661902843
2026-01-30 00:00:00,19.4,76.0,0.0,7.1,326.0,3.970269614642302,-5.886166765140796
2026-01-30 01:00:00,18.8,75.0,0.0,6.7,322.0,4.124931884681911,-5.279672049165038
2026-01-30 02:00:00,18.3,77.0,0.0,5.6,331.0,2.7149338733794877,-4.897870359980616
2026-01-30 03:00:00,18.0,79.0,0.0,5.3,303.0,4.444954010110747,-2.8865868855796433
2026-01-30 04:00:00,17.8,81.0,0.0,5.6,299.0,4.897870359980616,-2.714933873379487
2026-01-30 05:00:00,17.5,83.0,0.0,5.4,318.0,3.6133052743378347,-4.012982057577929
2026-01-30 06:00:00,17.6,84.0,0.1,5.8,306.0,4.692298567374695,-3.409154463296344
2026-01-30 07:00:00,17.5,85.0,0.1,3.4,344.0,0.9371670097777971,-3.2682897661902843
2026-01-30 08:00:00,19.1,83.0,0.0,7.0,325.0,4.015035054457323,-5.7340643100229425
2026-01-30 09:00:00,21.9,71.0,0.0,7.8,338.0,2.9219314286441134,-7.232034065620942
2026-01-30 10:00:00,24.3,59.0,0.0,4.1,322.0,2.524212048835199,-3.23084408978756
2026-01-30 11:00:00,25.9,53.0,0.0,2.6,205.0,1.0988074805258186,2.3564002462952898
2026-01-30 12:00:00,27.4,48.0,0.0,6.2,173.0,-0.7555899291119137,6.153786140176197
2026-01-30 13:00:00,28.0,46.0,0.0,8.1,185.0,0.7059615162560309,8.069177054543138
2026-01-30 14:00:00,27.4,51.0,0.2,7.4,227.0,5.412017391981862,5.046787864462489
2026-01-30 15:00:00,26.7,56.0,0.1,7.1,234.0,5.744020660062127,4.173275291276559
2026-01-30 16:00:00,25.9,58.0,0.0,6.5,222.0,4.349348941332579,4.830441365603063
2026-01-30 17:00:00,24.8,61.0,0.0,5.9,220.0,3.7924468971505823,4.51966221440197
2026-01-30 18:00:00,23.5,69.0,0.0,3.0,253.0,2.868914267889106,0.8771151141682103
2026-01-30 19:00:00,22.9,71.0,0.4,4.4,351.0,0.6883116461770161,-4.3458286986186065
2026-01-30 20:00:00,21.8,78.0,0.1,4.2,10.0,-0.7293223462011075,-4.136192562651273
2026-01-30 21:00:00,21.6,78.0,0.0,4.9,24.0,-1.9930095510714205,-4.476372742448745
2026-01-30 22:00:00,21.0,81.0,0.0,2.5,339.0,0.895919873863251,-2.3339510662430043
2026-01-30 23:00:00,20.3,86.0,0.0,3.6,300.0,3.1176914536239795,-1.7999999999999998
2026-01-31 00:00:00,20.0,86.0,0.0,4.7,320.0,3.021101765526735,-3.6004088826591967
2026-01-31 01:00:00,19.8,86.0,0.0,7.3,329.0,3.7597779468433954,-6.25732129512542
2026-01-31 02:00:00,18.6,93.0,0.0,7.1,326.0,3.970269614642302,-5.886166765140796
2026-01-31 03:00:00,18.5,93.0,0.0,4.9,324.0,2.8801477362331185,-3.9641832724372428
2026-01-31 04:00:00,18.7,92.0,0.0,6.4,317.0,4.36478950439999,-4.6806636903626915
2026-01-31 05:00:00,18.6,92.0,0.0,5.0,305.0,4.095760221444959,-2.8678821817552302
2026-01-31 06:00:00,18.5,92.0,0.2,8.3,312.0,6.168102051462372,-5.553784032778524
2026-01-31 07:00:00,18.1,95.0,0.4,10.3,337.0,4.02453062343952,-9.481199990560137
2026-01-31 08:00:00,19.8,84.0,0.0,6.9,323.0,4.152523659749134,-5.510585019326321
2026-01-31 09:00:00,21.0,79.0,0.0,3.3,331.0,1.5998717468129124,-2.8862450335600056
2026-01-31 10:00:00,22.5,70.0,0.0,0.7000000000000001,360.0,4.2862637970157366e-17,-0.7000000000000001
2026-01-31 11:00:00,23.6,64.0,0.0,5.2,344.0,1.4333142502483958,-4.998560818879258
2026-01-31 12:00:00,25.0,59.0,0.0,5.2,16.0,-1.4333142502483942,-4.998560818879259
2026-01-31 13:00:00,27.1,50.0,0.0,1.2,63.0,-1.0692078290260414,-0.544788599687456
2026-01-31 14:00:00,28.0,47.0,0.1,5.8,22.0,-2.1727182418122912,-5.377666356487366
2026-01-31 15:00:00,28.0,45.0,0.0,6.4,25.0,-2.704756875140475,-5.800369837034561
2026-01-31 16:00:00,27.9,45.0,0.0,5.2,16.0,-1.4333142502483942,-4.998560818879259
2026-01-31 17:00:00,26.4,50.0,0.0,7.8,8.0,-1.0855501874885134,-7.724090936184248
2026-01-31 18:00:00,23.6,58.0,0.0,16.5,354.0,1.724719643916282,-16.40961127357651
2026-01-31 19:00:00,21.5,65.0,0.0,14.8,347.0,3.329275604289201,-14.420676958821483
2026-01-31 20:00:00,20.4,68.0,0.0,11.1,330.0,5.550000000000001,-9.612881982007268
2026-01-31 21:00:00,19.2,72.0,0.0,9.8,325.0,5.6210490762402525,-8.027690034032121
2026-01-31 22:00:00,18.4,76.0,0.0,8.3,312.0,6.168102051462372,-5.553784032778524
2026-01-31 23:00:00,17.4,80.0,0.0,8.7,313.0,6.3627772040867825,-5.933385732543736
2026-02-01 00:00:00,16.5,82.0,0.0,8.4,307.0,6.70853828439726,-5.055246194477205
2026-02-01 01:00:00,16.0,84.0,0.2,8.0,320.0,5.142300877492315,-6.128355544951824
2026-02-01 02:00:00,15.9,83.0,0.0,7.5,318.0,5.018479547691436,-5.573586191080457
2026-02-01 03:00:00,15.4,84.0,0.1,9.2,310.0,7.047608876694597,-5.91364600911616
2026-02-01 04:00:00,14.9,87.0,0.0,8.3,300.0,7.188010851410842,-4.1499999999999995
2026-02-01 05:00:00,14.6,88.0,0.0,7.1,315.0,5.020458146424487,-5.020458146424486
2026-02-01 06:00:00,14.6,88.0,0.0,6.6,303.0,5.535225748439799,-3.5946176310991786
2026-02-01 07:00:00,14.9,88.0,0.0,8.0,293.0,7.364038827619523,-3.12584902791419
2026-02-01 08:00:00,15.9,85.0,0.0,4.7,288.0,4.469965626587221,-1.4523798735622528
2026-02-01 09:00:00,18.1,78.0,0.0,5.2,290.0,4.886401628086724,-1.7785047452934775
2026-02-01 10:00:00,21.3,68.0,0.0,2.6,286.0,2.499280409439629,-0.7166571251241979
2026-02-01 11:00:00,23.8,58.0,0.0,3.7,235.0,3.03086256386927,2.1222328144988705
2026-02-01 12:00:00,25.1,52.0,0.0,3.5,235.0,2.8670321550114712,2.007517527228661
2026-02-01 13:00:00,26.1,48.0,0.0,2.1,195.0,0.5435199947152936,2.0284442352070435
2026-02-01 14:00:00,25.4,49.0,0.0,4.0,240.0,3.464101615137755,1.9999999999999998
2026-02-01 15:00:00,25.8,48.0,0.0,1.8,246.0,1.6443818237566816,0.7321259575364404
2026-02-01 16:00:00,25.3,49.0,0.0,3.4,328.0,1.8017254983928965,-2.883363526931848
2026-02-01 17:00:00,23.9,54.0,0.0,7.0,10.0,-1.2155372436685123,-6.893654271085456
2026-02-01 18:00:00,22.4,60.0,0.0,7.9,11.0,-1.5073910634747025,-7.754854749236546
2026-02-01 19:00:00,20.8,67.0,0.0,9.2,337.0,3.594726382101318,-8.468644651762451
2026-02-01 20:00:00,19.9,76.0,0.0,4.3,336.0,1.7489675652259409,-3.9282454678631837
2026-02-01 21:00:00,19.1,81.0,0.0,8.3,309.0,6.450311480092859,-5.223359245713651
2026-02-01 22:00:00,18.6,83.0,0.0,6.8,305.0,5.570233901165144,-3.900319767187113
2026-02-01 23:00:00,18.1,85.0,0.0,8.2,311.0,6.18861855782673,-5.379684037722159
2026-02-02 00:00:00,17.4,87.0,0.0,9.5,327.0,5.174070832642757,-7.967370395481528
2026-02-02 01:00:00,16.7,89.0,0.0,9.1,328.0,4.822265304522165,-7.717237675023476
2026-02-02 02:00:00,16.5,91.0,0.0,8.9,331.0,4.3148056201924,-7.784115393540622
2026-02-02 03:00:00,16.4,89.0,0.0,10.6,320.0,6.813548662677317,-8.120071097061167
2026-02-02 04:00:00,16.0,90.0,0.0,8.1,336.0,3.2945668089139817,-7.399718206905066
2026-02-02 05:00:00,16.0,90.0,0.0,7.3,337.0,2.8523372379716982,-6.719685430202815
2026-02-02 06:00:00,16.1,90.0,0.1,7.9,315.0,5.586143571373726,-5.586143571373725
2026-02-02 07:00:00,16.2,89.0,0.1,8.0,312.0,5.945158603819154,-5.353044850870866
2026-02-02 08:00:00,17.6,84.0,0.0,4.0,302.0,3.392192384625704,-2.1196770569328196
2026-02-02 09:00:00,20.2,73.0,0.0,3.6,311.0,2.716954488801979,-2.3618125043658265
2026-02-02 10:00:00,22.8,63.0,0.0,1.8,281.0,1.7669289302057951,-0.34345619167778063
2026-02-02 11:00:00,25.2,55.0,0.0,1.1,252.0,1.0461621679246689,0.33991869381244216
2026-02-02 12:00:00,26.8,49.0,0.0,2.1,345.0,0.5435199947152936,-2.0284442352070435
2026-02-02 13:00:00,27.8,45.0,0.0,3.9,344.0,1.0749856876862967,-3.7489206141594438
2026-02-02 14:00:00,27.7,42.0,0.1,3.1,310.0,2.3747377736688318,-1.9926415900282717
2026-02-02 15:00:00,27.5,42.0,0.1,4.0,350.0,0.6945927106677217,-3.939231012048832
2026-02-02 16:00:00,26.7,44.0,0.0,4.3,5.0,-0.37476969381493047,-4.283637201794505
2026-02-02 17:00:00,25.0,49.0,0.0,4.2,324.0,2.4686980596283874,-3.3978713763747797
2026-02-02 18:00:00,22.5,58.0,0.0,10.8,313.0,7.898619977487042,-7.365582288674984
2026-02-02 19:00:00,20.0,63.0,0.0,13.7,325.0,7.857997178009332,-11.222383006759188
2026-02-02 20:00:00,19.0,68.0,0.0,11.4,322.0,7.018540818712505,-8.98332259111663
2026-02-02 21:00:00,17.7,71.0,0.0,11.8,321.0,7.425980614388083,-9.170322345192258
2026-02-02 22:00:00,16.6,74.0,0.0,10.1,317.0,6.888183436631234,-7.386672386353621
2026-02-02 23:00:00,15.8,77.0,0.0,9.8,314.0,7.049530043318782,-6.807652030498174
2026-02-03 00:00:00,15.3,79.0,0.0,9.3,310.0,7.124213321006496,-5.977924770084815
2026-02-03 01:00:00,14.8,82.0,0.0,8.4,301.0,7.200205325897744,-4.326319829244455
2026-02-03 02:00:00,14.9,81.0,0.0,7.8,316.0,5.418335289580178,-5.610850442641478
2026-02-03 03:00:00,14.5,83.0,0.0,9.1,309.0,7.072028249258435,-5.72681555855352
2026-02-03 04:00:00,14.1,85.0,0.0,8.4,312.0,6.242416534010112,-5.620697093414409
2026-02-03 05:00:00,13.8,87.0,0.0,8.5,308.0,6.698091405657136,-5.233122540268096
2026-02-03 06:00:00,13.6,88.0,0.0,7.7,301.0,6.600188215406265,-3.9657931768074173
2026-02-03 07:00:00,13.6,87.0,0.0,6.8,288.0,6.467184310807044,-2.1013155617496424
2026-02-03 08:00:00,15.7,83.0,0.0,4.4,297.0,3.9204287064288192,-1.9975581988540059
2026-02-03 09:00:00,19.1,70.0,0.0,4.1,272.0,4.097502390778292,-0.14308793648025397
2026-02-03 10:00:00,22.2,59.0,0.0,4.0,219.0,2.51728156419935,3.1085838458278836
2026-02-03 11:00:00,24.4,50.0,0.0,6.2,226.0,4.459906762099638,4.306881896845783
2026-02-03 12:00:00,26.0,45.0,0.0,6.1,225.0,4.31335136523794,4.313351365237939
2026-02-03 13:00:00,26.4,44.0,0.0,6.0,226.0,4.316038802031907,4.1679502227539835
2026-02-03 14:00:00,26.4,44.0,0.0,6.2,255.0,5.9887401229922235,1.6046780796356286
2026-02-03 15:00:00,26.6,43.0,0.0,3.1,220.0,1.9926415900282721,2.3747377736688318
2026-02-03 16:00:00,26.4,44.0,0.0,6.8,197.0,1.98812759211461,6.502872340548641
2026-02-03 17:00:00,24.8,50.0,0.0,10.1,196.0,2.7839372937516913,9.708743128977021
2026-02-03 18:00:00,22.9,58.0,0.0,12.1,183.0,0.633265070539622,12.083417370530343
2026-02-03 19:00:00,22.2,62.0,0.0,9.8,175.0,-0.8541262789270507,9.762708041299106
2026-02-03 20:00:00,22.0,66.0,0.0,7.2,193.0,1.6196475912758275,7.015464466453694
2026-02-03 21:00:00,21.6,70.0,0.0,8.6,209.0,4.169362734118499,7.521729481398803
2026-02-03 22:00:00,21.1,73.0,0.0,6.8,207.0,3.0871353982289182,6.058844364480901
2026-02-03 23:00:00,20.2,78.0,0.0,3.7,191.0,0.7059932828932162,3.632020578756357
2026-02-04 00:00:00,19.5,82.0,0.0,3.3,167.0,-0.7423384793347546,3.2154212137912763
2026-02-04 01:00:00,19.4,83.0,0.0,1.1,162.0,-0.3399186938124421,1.046162167924669
2026-02-04 02:00:00,19.5,83.0,0.1,0.9,143.0,-0.5416335208368436,0.7187719590425634
2026-02-04 03:00:00,19.0,84.0,0.1,0.2,90.0,-0.2,2.4492935982947065e-17
2026-02-04 04:00:00,19.3,82.0,0.0,1.9,34.0,-1.0624665165944185,-1.5751713878545794
2026-02-04 05:00:00,19.4,82.0,0.0,4.8,318.0,3.2118269105225195,-3.5670951622914924
2026-02-04 06:00:00,19.3,83.0,0.0,4.5,299.0,3.935788682127281,-2.1816432911085166
2026-02-04 07:00:00,19.3,83.0,0.0,3.8,287.0,3.6339580726595346,-1.1110124779463997
2026-02-04 08:00:00,20.2,81.0,0.0,2.5,278.0,2.475670171853926,-0.3479327524001636
2026-02-04 09:00:00,22.6,67.0,0.0,1.5,353.0,0.18280401510772123,-1.488819227461983
2026-02-04 10:00:00,24.5,59.0,0.0,1.9,22.0,-0.7117525274902333,-1.7616493236768958
2026-02-04 11:00:00,26.5,51.0,0.0,1.6,27.0,-0.7263847995832751,-1.4256104387013886
2026-02-04 12:00:00,28.1,45.0,0.0,0.9,90.0,-0.9,1.1021821192326179e-16
2026-02-04 13:00:00,29.6,40.0,0.0,2.9,173.0,-0.35342109587492737,2.878383839759834
2026-02-04 14:00:00,29.8,38.0,0.0,6.1,227.0,4.461257579876939,4.1601899963812405
2026-02-04 15:00:00,28.9,43.0,0.0,9.9,218.0,6.095048605724017,7.801306460706548
2026-02-04 16:00:00,27.1,49.0,0.0,12.1,210.0,6.050000000000002,10.478907385791707
2026-02-04 17:00:00,25.5,53.0,0.0,8.7,212.0,4.610297598828883,7.378018436560906
2026-02-04 18:00:00,24.1,59.0,0.0,7.2,212.0,3.8154187024790756,6.105946292326267
2026-02-04 19:00:00,23.2,64.0,0.0,5.8,194.0,1.4031469944780726,5.627715212400779
2026-02-04 20:00:00,23.4,63.0,0.0,3.6,217.0,2.1665340833473743,2.875087836170254
2026-02-04 21:00:00,22.5,67.0,0.0,5.3,215.0,3.0399551126605444,4.341505834731656
2026-02-04 22:00:00,22.2,68.0,0.0,2.7,222.0,1.8066526371689173,2.0064910287889646
2026-02-04 23:00:00,21.9,73.0,0.0,0.7000000000000001,256.0,0.6792070083931976,0.16934532691976742
2026-02-05 00:00:00,21.0,75.0,0.0,0.7000000000000001,346.0,0.1693453269197674,-0.6792070083931976
2026-02-05 01:00:00,20.6,75.0,0.0,0.6000000000000001,56.0,-0.4974225435330252,-0.33551574208244805
2026-02-05 02:00:00,20.5,76.0,0.0,2.5,90.0,-2.5,3.061616997868383e-16
2026-02-05 03:00:00,19.7,80.0,0.0,2.3,61.0,-2.01162532642061,-1.115062126566575
2026-02-05 04:00:00,19.2,80.0,0.0,3.6,9.0,-0.5631640741448317,-3.5556780261424956
2026-02-05 05:00:00,18.9,81.0,0.0,3.7,337.0,1.4457051754103127,-3.4058679577740296
2026-02-05 06:00:00,18.1,85.0,0.0,3.2,313.0,2.3403318451813457,-2.182394752199995
2026-02-05 07:00:00,18.4,84.0,0.0,5.5,333.0,2.4969477485675076,-4.900535883036023
2026-02-05 08:00:00,20.8,71.0,0.0,6.8,335.0,2.873804179836756,-6.162892951849219
2026-02-05 09:00:00,23.8,60.0,0.0,6.7,340.0,2.291534960281981,-6.295940559265586
2026-02-05 10:00:00,26.4,52.0,0.0,4.5,5.0,-0.3922008423644621,-4.482876141412855
2026-02-05 11:00:00,28.4,47.0,0.0,1.2,117.0,-1.0692078290260414,0.5447885996874562
2026-02-05 12:00:00,29.8,44.0,0.0,6.3,183.0,0.329716524330547,6.291366068953815
2026-02-05 13:00:00,30.4,43.0,0.0,11.1,194.0,2.685333041156311,10.77028256166356
2026-02-05 14:00:00,30.4,42.0,0.0,11.5,212.0,6.094071538681856,9.7525531057989
2026-02-05 15:00:00,29.0,49.0,0.0,11.6,210.0,5.800000000000001,10.045894683899487
2026-02-05 16:00:00,27.9,54.0,0.0,11.3,198.0,3.4918920364369064,10.746938634135235
2026-02-05 17:00:00,26.4,60.0,0.0,12.0,192.0,2.4949402898131137,11.737771208805666
2026-02-05 18:00:00,24.9,66.0,0.0,9.2,180.0,5.633375276077824e-16,9.2
2026-02-05 19:00:00,23.8,72.0,0.0,6.0,143.0,-3.61089013891229,4.791813060283756
2026-02-05 20:00:00,24.0,75.0,0.0,4.3,123.0,-3.606283442165323,2.341947850564617
2026-02-05 21:00:00,23.4,80.0,0.0,1.3,106.0,-1.2496402047198145,0.358328562562099
2026-02-05 22:00:00,23.1,81.0,0.0,1.0,149.0,-0.5150380749100543,0.8571673007021123
2026-02-05 23:00:00,22.6,83.0,0.0,0.8,243.0,0.7128052193506944,0.3631923997916374
2026-02-06 00:00:00,21.8,85.0,0.0,1.8,354.0,0.18815123388177624,-1.790139411662892
2026-02-06 01:00:00,21.5,85.0,0.0,4.5,355.0,0.3922008423644616,-4.482876141412855
2026-02-06 02:00:00,21.3,83.0,0.0,4.6,347.0,1.0347748499817786,-4.482102298012082
2026-02-06 03:00:00,21.1,80.0,0.0,3.1,301.0,2.6572186321765483,-1.5966180322211678
2026-02-06 04:00:00,20.7,80.0,0.0,2.4,324.0,1.4106846055019355,-1.9416407864998737
2026-02-06 05:00:00,20.5,82.0,0.0,6.1,348.0,1.2682613139883325,-5.966700364476214
2026-02-06 06:00:00,20.4,83.0,0.0,7.2,341.0,2.344090712091529,-6.8077337443150805
2026-02-06 07:00:00,20.4,83.0,0.0,6.1,337.0,2.3834598837845697,-5.6150796060598855
2026-02-06 08:00:00,22.6,73.0,0.0,4.4,322.0,2.7089104914328965,-3.467247315869577
2026-02-06 09:00:00,25.2,63.0,0.1,2.0,90.0,-2.0,2.4492935982947064e-16
2026-02-06 10:00:00,26.7,58.0,0.0,5.6,180.0,3.429011037612589e-16,5.6
2026-02-06 11:00:00,26.3,65.0,0.4,9.9,177.0,-0.518125966805144,9.886432394070281
2026-02-06 12:00:00,27.0,63.0,0.2,7.3,173.0,-0.8896462068575758,7.245586906981651
2026-02-06 13:00:00,26.8,64.0,1.0,7.8,187.0,0.9505808785601504,7.741859982802311
2026-02-06 14:00:00,25.1,69.0,0.9,4.4,201.0,1.5768189779993218,4.107753876587688
2026-02-06 15:00:00,25.6,64.0,0.5,2.3,129.0,-1.7874357113510329,1.4474368994146258
2026-02-06 16:00:00,24.9,65.0,0.1,4.4,78.0,-4.303849443228745,-0.9148114395981419
2026-02-06 17:00:00,24.4,70.0,0.0,6.9,67.0,-6.351483488821839,-2.6960447865759876
2026-02-06 18:00:00,23.3,76.0,0.0,8.0,56.0,-6.632300580440335,-4.4735432277659735
2026-02-06 19:00:00,22.6,79.0,0.0,7.4,41.0,-4.8548368145297545,-5.584850893648513
2026-02-06 20:00:00,22.3,85.0,0.0,6.8,37.0,-4.0923421574339285,-5.430721468321591
2026-02-06 21:00:00,21.6,89.0,0.0,4.8,25.0,-2.028567656355356,-4.35027737777592
2026-02-06 22:00:00,21.0,92.0,0.0,4.7,7.0,-0.5727859140041918,-4.664966912714214
2026-02-06 23:00:00,20.6,95.0,0.0,9.8,342.0,3.028366544874485,-9.320353859692505
2026-02-07 00:00:00,20.1,97.0,0.0,9.4,340.0,3.214989347261287,-8.833110635387538
2026-02-07 01:00:00,19.5,98.0,0.0,8.5,336.0,3.4572614661443017,-7.765136389962107
2026-02-07 02:00:00,19.4,98.0,0.0,9.3,342.0,2.8738580476870115,-8.844825601544928
2026-02-07 03:00:00,19.0,98.0,0.0,11.2,325.0,6.424056087131716,-9.174502896036708
2026-02-07 04:00:00,18.1,98.0,0.0,14.9,325.0,8.546288901630588,-12.205365459905979
2026-02-07 05:00:00,17.7,97.0,0.0,12.8,325.0,7.3417783852933916,-10.485146166899096
2026-02-07 06:00:00,17.4,98.0,0.0,12.5,324.0,7.347315653655914,-10.112712429686843
2026-02-07 07:00:00,17.2,98.0,0.0,10.9,320.0,7.006384945583279,-8.34988442999686
2026-02-07 08:00:00,18.1,91.0,0.0,10.0,324.0,5.877852522924732,-8.090169943749475
2026-02-07 09:00:00,19.7,82.0,0.0,7.4,319.0,4.8548368145297545,-5.584850893648513
2026-02-07 10:00:00,22.4,67.0,0.0,6.4,302.0,5.4275078154011265,-3.3914832910925115
2026-02-07 11:00:00,25.0,54.0,0.0,5.0,285.0,4.8296291314453415,-1.2940952255126037
2026-02-07 12:00:00,26.5,48.0,0.0,5.8,292.0,5.377666356487367,-2.1727182418122895
2026-02-07 13:00:00,27.4,45.0,0.0,5.3,303.0,4.444954010110747,-2.8865868855796433
2026-02-07 14:00:00,27.1,45.0,0.0,7.0,334.0,3.0685980275235423,-6.2915583240941695
2026-02-07 15:00:00,27.0,44.0,0.0,7.4,342.0,2.2867257583746112,-7.037818220584136
2026-02-07 16:00:00,25.9,45.0,0.0,8.9,336.0,3.619956123374622,-8.130554573019149
2026-02-07 17:00:00,23.7,49.0,0.0,12.1,330.0,6.050000000000002,-10.478907385791707
2026-02-07 18:00:00,21.1,55.0,0.0,14.5,328.0,7.683829331381471,-12.296697394268177
2026-02-07 19:00:00,19.4,59.0,0.0,13.1,327.0,7.134771358696854,-10.986584440085055
2026-02-07 20:00:00,18.5,62.0,0.0,10.6,317.0,7.2291826166624835,-7.752349237163207
2026-02-07 21:00:00,17.7,64.0,0.0,11.6,311.0,8.754631130584155,-7.610284736289884
2026-02-07 22:00:00,17.0,67.0,0.0,10.1,311.0,7.622566760249997,-6.626196192804123
2026-02-07 23:00:00,16.2,70.0,0.0,10.3,316.0,7.154981215727672,-7.409199943488106
2026-02-08 00:00:00,15.2,74.0,0.0,9.4,312.0,6.985561359487506,-6.289827699773268
2026-02-08 01:00:00,14.7,76.0,0.0,8.1,305.0,6.6351315587408335,-4.645969134443472
2026-02-08 02:00:00,14.9,76.0,0.0,5.8,286.0,5.57531783644225,-1.598696663738595
2026-02-08 03:00:00,15.2,75.0,0.0,7.7,298.0,6.798696465013738,-3.6149310334513594
2026-02-08 04:00:00,14.5,79.0,0.0,7.3,322.0,4.494328769877305,-5.752478501329071
2026-02-08 05:00:00,13.9,82.0,0.0,8.1,321.0,5.097495167503683,-6.294882287801464
2026-02-08 06:00:00,13.2,85.0,0.0,8.8,313.0,6.4359125742487,-6.001585568549987
2026-02-08 07:00:00,13.1,83.0,0.0,9.8,317.0,6.683583928612485,-7.167266275867871
2026-02-08 08:00:00,14.3,76.0,0.0,8.9,306.0,7.200251249937033,-5.2312887454030115
2026-02-08 09:00:00,16.5,66.0,0.0,9.1,324.0,5.348845795861505,-7.3620546488120215
2026-02-08 10:00:00,18.8,61.0,0.0,7.3,306.0,5.9058240589371165,-4.290832341735054
2026-02-08 11:00:00,21.6,51.0,0.0,7.0,273.0,6.9904067432820165,-0.36635169370060683
2026-02-08 12:00:00,23.3,45.0,0.0,9.5,281.0,9.325458242752807,-1.8126854560771757
2026-02-08 13:00:00,23.4,42.0,0.0,11.2,323.0,6.740328259302942,-8.944717712529679
2026-02-08 14:00:00,21.8,43.0,0.0,12.1,337.0,4.727846654720212,-11.138108726774528
2026-02-08 15:00:00,21.5,43.0,0.0,10.6,341.0,3.4510224372458613,-10.022496901352756
2026-02-08 16:00:00,21.6,42.0,0.0,8.6,329.0,4.429327444226465,-7.371638786038166
2026-02-08 17:00:00,20.2,41.0,0.0,12.3,329.0,6.334968321393666,-10.543157798635983
2026-02-08 18:00:00,17.5,44.0,0.0,16.1,325.0,9.234580625251844,-13.18834791305277
2026-02-08 19:00:00,15.7,48.0,0.0,13.0,316.0,9.030558815966964,-9.351417404402465
2026-02-08 20:00:00,15.4,49.0,0.0,9.1,288.0,8.654614298285896,-2.8120546488120213
2026-02-08 21:00:00,14.4,52.0,0.0,9.4,312.0,6.985561359487506,-6.289827699773268
2026-02-08 22:00:00,13.6,55.0,0.0,8.4,305.0,6.880877172027532,-4.818042065348787
2026-02-08 23:00:00,12.9,58.0,0.0,8.9,294.0,8.130554573019149,-3.619956123374622
2026-02-09 00:00:00,12.4,61.0,0.0,7.0,296.0,6.2915583240941695,-3.068598027523542
2026-02-09 01:00:00,12.1,62.0,0.0,5.7,302.0,4.8338741480916285,-3.020539806129268
2026-02-09 02:00:00,12.6,69.0,0.0,0.4,27.0,-0.18159619989581877,-0.35640260967534715
2026-02-09 03:00:00,13.0,66.0,0.0,2.6,124.0,-2.1554976886431083,1.453901549023942
2026-02-09 04:00:00,13.1,63.0,0.0,3.2,133.0,-2.3403318451813457,2.1823947521999956
2026-02-09 05:00:00,13.1,64.0,0.0,3.4,137.0,-2.3187944242124945,2.48660258550518
2026-02-09 06:00:00,12.9,64.0,0.0,3.1,118.0,-2.7371375378626737,1.4553618446362613
2026-02-09 07:00:00,13.6,60.0,0.0,3.6,117.0,-3.207623487078124,1.6343657990623688
2026-02-09 08:00:00,16.4,49.0,0.0,5.2,131.0,-3.9244898171584146,3.411506950750638
2026-02-09 09:00:00,18.6,49.0,0.0,1.8,174.0,-0.1881512338817764,1.790139411662892
2026-02-09 10:00:00,20.4,49.0,0.0,5.6,241.0,4.897870359980616,2.714933873379487
2026-02-09 11:00:00,21.9,45.0,0.0,8.4,263.0,8.337387673787106,1.0237024846032388
2026-02-09 12:00:00,22.9,44.0,0.0,9.2,269.0,9.1985987954388,0.1605621392230083
2026-02-09 13:00:00,23.1,44.0,0.0,9.6,267.0,9.586843533643908,0.5024251799322608
2026-02-09 14:00:00,21.9,50.0,0.0,10.8,296.0,9.706975700031006,-4.734408385322037
2026-02-09 15:00:00,21.7,50.0,0.0,9.9,318.0,6.624393002952697,-7.357133772226203
2026-02-09 16:00:00,21.1,51.0,0.0,9.3,317.0,6.3425847485812366,-6.801589425058286
2026-02-09 17:00:00,20.5,52.0,0.0,7.8,312.0,5.796529638723675,-5.219218729599094
2026-02-09 18:00:00,19.6,54.0,0.0,7.5,320.0,4.820907072649045,-5.745333323392335
2026-02-09 19:00:00,18.8,57.0,0.0,7.3,322.0,4.494328769877305,-5.752478501329071
2026-02-09 20:00:00,18.5,60.0,0.0,4.7,279.0,4.6421352007971475,-0.7352419856890852
2026-02-09 21:00:00,17.2,65.0,0.0,7.4,292.0,6.8611605237942275,-2.772088791277749
2026-02-09 22:00:00,16.1,70.0,0.0,7.1,319.0,4.658019105832602,-5.358438019581681
2026-02-09 23:00:00,15.4,74.0,0.0,4.5,346.0,1.0886485301985045,-4.366330768241984
2026-02-10 00:00:00,14.9,77.0,0.0,4.6,347.0,1.0347748499817786,-4.482102298012082
2026-02-10 01:00:00,14.7,78.0,0.0,6.1,341.0,1.985965742188656,-5.7676633111558315
2026-02-10 02:00:00,14.8,77.0,0.0,5.5,349.0,1.049449474570997,-5.3989495089621515
2026-02-10 03:00:00,14.6,78.0,0.0,4.1,15.0,-1.0611580849203346,-3.96029588778518
2026-02-10 04:00:00,14.4,79.0,0.0,4.7,353.0,0.5727859140041932,-4.664966912714213
2026-02-10 05:00:00,14.4,79.0,0.0,7.3,329.0,3.7597779468433954,-6.25732129512542
2026-02-10 06:00:00,14.1,81.0,0.0,6.6,325.0,3.7856044799169046,-5.406403492307345
2026-02-10 07:00:00,13.8,83.0,0.0,4.1,315.0,2.899137802864845,-2.8991378028648445
2026-02-10 08:00:00,15.8,77.0,0.0,2.5,262.0,2.475670171853926,0.3479327524001636
2026-02-10 09:00:00,19.0,61.0,0.0,0.8,315.0,0.5656854249492381,-0.565685424949238
2026-02-10 10:00:00,21.9,49.0,0.0,1.5,240.0,1.299038105676658,0.7499999999999999
2026-02-10 11:00:00,24.1,41.0,0.0,1.7000000000000002,283.0,1.6564291101349,-0.38241679238457055
2026-02-10 12:00:00,25.6,37.0,0.0,1.0,338.0,0.37460659341591196,-0.9271838545667874
2026-02-10 13:00:00,26.8,35.0,0.0,1.3,278.0,1.2873484893640414,-0.18092503124808507
2026-02-10 14:00:00,26.9,36.0,0.0,7.5,325.0,4.301823272632846,-6.143640332167439
2026-02-10 15:00:00,26.8,36.0,0.0,9.1,326.0,5.088655421583796,-7.5442419102508795
2026-02-10 16:00:00,26.2,36.0,0.0,9.1,330.0,4.550000000000001,-7.8808311744383905
2026-02-10 17:00:00,25.1,39.0,0.0,7.7,311.0,5.811263767715345,-5.051654523226906
2026-02-10 18:00:00,23.2,45.0,0.0,6.2,244.0,5.572523087054836,2.71790111009228
2026-02-10 19:00:00,21.8,53.0,0.0,6.9,200.0,2.359938988947115,6.483879083422767
2026-02-10 20:00:00,21.4,55.0,0.0,4.6,198.0,1.4214781741247582,4.3748599749577055
2026-02-10 21:00:00,20.5,59.0,0.0,3.8,225.0,2.6870057685088806,2.68700576850888
2026-02-10 22:00:00,19.6,65.0,0.0,1.8,186.0,0.18815123388177624,1.790139411662892
2026-02-10 23:00:00,18.9,67.0,0.0,1.5,69.0,-1.4003706397458027,-0.5375519243179506
2026-02-11 00:00:00,18.2,69.0,0.0,3.3,29.0,-1.5998717468129116,-2.8862450335600065
2026-02-11 01:00:00,17.5,73.0,0.0,3.5,35.0,-2.0075175272286625,-2.8670321550114704
2026-02-11 02:00:00,17.0,75.0,0.0,5.0,26.0,-2.191855733945389,-4.493970231495834
2026-02-11 03:00:00,16.2,79.0,0.0,2.4,13.0,-0.5398825304252766,-2.3384881554845642
2026-02-11 04:00:00,15.8,81.0,0.0,2.3,315.0,1.6263455967290592,-1.626345596729059
2026-02-11 05:00:00,15.7,81.0,0.0,3.9,323.0,2.3470785902929885,-3.114678489184442
2026-02-11 06:00:00,15.1,84.0,0.0,3.5,336.0,1.4235782507653008,-3.197409101749103
2026-02-11 07:00:00,15.2,83.0,0.0,6.9,327.0,3.758009341603687,-5.786826918823426
2026-02-11 08:00:00,19.1,62.0,0.0,8.1,339.0,2.902780391316933,-7.5620014546273335
2026-02-11 09:00:00,23.4,47.0,0.0,9.4,348.0,1.954369893686939,-9.194587446897772
2026-02-11 10:00:00,25.6,40.0,0.0,8.8,355.0,0.7669705361793917,-8.766513343207361
2026-02-11 11:00:00,27.3,35.0,0.0,7.2,360.0,4.4087284769304716e-16,-7.2
2026-02-11 12:00:00,28.6,31.0,0.0,6.5,357.0,0.3401837155791358,-6.49109197590473
2026-02-11 13:00:00,29.5,29.0,0.0,7.0,357.0,0.3663516937006078,-6.9904067432820165
2026-02-11 14:00:00,29.6,29.0,0.0,7.2,4.0,-0.5022466109577042,-7.182461161870735
2026-02-11 15:00:00,29.5,29.0,0.0,5.8,9.0,-0.90731989723334,-5.7285923754517984
2026-02-11 16:00:00,29.0,30.0,0.0,5.8,351.0,0.9073198972333393,-5.728592375451799
2026-02-11 17:00:00,27.4,35.0,0.0,9.3,335.0,3.930349834188505,-8.428662419440846
2026-02-11 18:00:00,24.2,48.0,0.0,12.5,337.0,4.884139106115922,-11.506310668155505
2026-02-11 19:00:00,21.8,58.0,0.0,10.9,340.0,3.7280195622497905,-10.242649566566401
2026-02-11 20:00:00,21.6,60.0,0.0,6.4,315.0,4.525483399593905,-4.525483399593904
2026-02-11 21:00:00,20.6,64.0,0.0,5.0,311.0,3.77354790111386,-3.2802951449525364
2026-02-11 22:00:00,19.6,69.0,0.0,7.1,315.0,5.020458146424487,-5.020458146424486
2026-02-11 23:00:00,18.6,74.0,0.0,7.9,319.0,5.182866329025008,-5.962205683759899
2026-02-12 00:00:00,17.9,78.0,0.0,8.6,324.0,5.054953169715269,-6.957546151624547
2026-02-12 01:00:00,17.0,82.0,0.0,8.8,325.0,5.0474726398892065,-7.208537989743128
2026-02-12 02:00:00,16.4,85.0,0.0,6.2,338.0,2.322560879178654,-5.748539898314082
2026-02-12 03:00:00,15.9,88.0,0.0,3.8,343.0,1.1110124779463997,-3.6339580726595346
2026-02-12 04:00:00,15.4,91.0,0.0,5.8,334.0,2.542552651376649,-5.213005468535169
2026-02-12 05:00:00,15.1,91.0,0.0,5.2,329.0,2.678197989532282,-4.457269963650984
2026-02-12 06:00:00,14.9,89.0,0.0,6.4,331.0,3.1027815695765577,-5.597566125692133
2026-02-12 07:00:00,14.8,88.0,0.0,6.4,324.0,3.761825614671828,-5.177708763999664
2026-02-12 08:00:00,17.1,75.0,0.0,4.8,299.0,4.1981745942691,-2.3270861771824176
2026-02-12 09:00:00,21.1,58.0,0.0,3.3,315.0,2.3334523779156067,-2.3334523779156067
2026-02-12 10:00:00,24.4,48.0,0.0,0.5,270.0,0.5,0.0
2026-02-12 11:00:00,26.9,40.0,0.0,0.7000000000000001,194.0,0.1693453269197674,0.6792070083931976
2026-02-12 12:00:00,28.6,36.0,0.0,1.9,202.0,0.7117525274902327,1.761649323676896
2026-02-12 13:00:00,29.9,30.0,0.0,3.3,189.0,0.516233734632762,3.2593715239639547
2026-02-12 14:00:00,29.4,33.0,0.0,8.0,222.0,5.353044850870866,5.945158603819154
2026-02-12 15:00:00,28.0,39.0,0.0,10.3,218.0,6.341313195854281,8.116510762149238
2026-02-12 16:00:00,27.3,41.0,0.0,11.1,188.0,1.5448214206567266,10.991975563031431
2026-02-12 17:00:00,26.2,44.0,0.0,11.4,183.0,0.5966299011695613,11.384376696202143
2026-02-12 18:00:00,24.9,49.0,0.0,9.6,196.0,2.646118615843192,9.228112281007862
2026-02-12 19:00:00,23.5,56.0,0.0,9.4,204.0,3.8233244449125223,8.587327301840448
2026-02-12 20:00:00,22.9,61.0,0.0,6.9,194.0,1.669261079637707,6.695040511304376
2026-02-12 21:00:00,21.7,67.0,0.0,3.1,201.0,1.1109406435904312,2.8940993221413254
2026-02-12 22:00:00,20.6,72.0,0.0,1.9,151.0,-0.9211382784680403,1.661777443564852
2026-02-12 23:00:00,19.4,79.0,0.0,0.9,101.0,-0.8834644651028976,0.17172809583889048
2026-02-13 00:00:00,18.4,83.0,0.0,0.8,63.0,-0.7128052193506944,-0.36319239979163737
2026-02-13 01:00:00,17.8,85.0,0.0,1.7000000000000002,49.0,-1.2830062863787128,-1.115300349283862
2026-02-13 02:00:00,17.5,83.0,0.0,1.2,39.0,-0.7551844692598054,-0.9325751537483646
2026-02-13 03:00:00,17.0,83.0,0.0,2.0,45.0,-1.4142135623730954,-1.414213562373095
2026-02-13 04:00:00,16.8,81.0,0.0,2.1,31.0,-1.0815799573111144,-1.8000513314744355
2026-02-13 05:00:00,16.5,81.0,0.0,2.4,17.0,-0.701692091334569,-2.295131414311285
2026-02-13 06:00:00,16.4,79.0,0.0,3.0,346.0,0.725765686799003,-2.9108871788279895
2026-02-13 07:00:00,16.9,76.0,0.0,4.9,324.0,2.8801477362331185,-3.9641832724372428
2026-02-13 08:00:00,19.4,67.0,0.0,1.5,300.0,1.299038105676658,-0.7499999999999999
2026-02-13 09:00:00,23.1,58.0,0.0,1.4,360.0,8.572527594031472e-17,-1.4
2026-02-13 10:00:00,25.5,52.0,0.0,0.0,270.0,0.0,0.0
2026-02-13 11:00:00,27.6,45.0,0.0,1.5,173.0,-0.18280401510772104,1.4888192274619831
2026-02-13 12:00:00,29.4,39.0,0.0,3.6,210.0,1.8000000000000005,3.117691453623979
2026-02-13 13:00:00,29.6,37.0,0.0,8.2,213.0,4.466040087123222,6.877098657152477
2026-02-13 14:00:00,29.6,37.0,0.0,10.1,259.0,9.914434552821406,1.9271708533031024
2026-02-13 15:00:00,28.8,39.0,0.0,9.6,254.0,9.228112281007862,2.646118615843192
2026-02-13 16:00:00,28.0,40.0,0.0,8.8,227.0,6.4359125742487,6.001585568549987
2026-02-13 17:00:00,26.4,47.0,0.0,10.3,205.0,4.352968095929205,9.334970206477495
2026-02-13 18:00:00,24.8,54.0,0.0,6.3,207.0,2.860140148359145,5.613341102386717
2026-02-13 19:00:00,23.8,59.0,0.0,3.4,245.0,3.0814464759246096,1.436902089918378
2026-02-13 20:00:00,23.4,60.0,0.0,3.6,311.0,2.716954488801979,-2.3618125043658265
2026-02-13 21:00:00,22.7,64.0,0.0,4.4,300.0,3.8105117766515306,-2.1999999999999997
2026-02-13 22:00:00,21.5,71.0,0.0,1.7000000000000002,283.0,1.6564291101349,-0.38241679238457055
2026-02-13 23:00:00,21.0,72.0,0.0,3.2,326.0,1.78941729110639,-2.652920232176134
2026-02-14 00:00:00,20.4,74.0,0.0,3.6,354.0,0.3763024677635525,-3.580278823325784
2026-02-14 01:00:00,19.4,78.0,0.0,2.4,42.0,-1.6059134552612595,-1.7835475811457464
2026-02-14 02:00:00,18.8,79.0,0.0,1.3,45.0,-0.919238815542512,-0.9192388155425117
2026-02-14 03:00:00,17.7,83.0,0.0,4.8,15.0,-1.2423314164920989,-4.636443966187528
2026-02-14 04:00:00,17.1,84.0,0.0,4.1,2.0,-0.14308793648025311,-4.097502390778292
2026-02-14 05:00:00,16.8,84.0,0.0,4.6,9.0,-0.7195985391850627,-4.543366366737633
2026-02-14 06:00:00,16.5,84.0,0.0,2.5,356.0,0.1743911843603131,-2.4939101256495606
2026-02-14 07:00:00,17.0,81.0,0.0,3.3,306.0,2.6697560814373262,-1.9396913325651612
2026-02-14 08:00:00,20.5,65.0,0.0,3.9,283.0,3.8000432526624173,-0.8773091119410735
2026-02-14 09:00:00,24.1,51.0,0.0,3.1,320.0,1.9926415900282721,-2.3747377736688318
2026-02-14 10:00:00,26.6,43.0,0.0,0.2,90.0,-0.2,2.4492935982947065e-17
2026-02-14 11:00:00,28.6,37.0,0.0,2.7,180.0,1.6532731788489269e-16,2.7
2026-02-14 12:00:00,30.1,33.0,0.0,5.2,192.0,1.0811407922523493,5.086367523815789
2026-02-14 13:00:00,30.7,34.0,0.0,8.8,200.0,3.009777261265886,8.269295062915994
2026-02-14 14:00:00,30.5,34.0,0.0,9.3,208.0,4.366085533908786,8.21141261358802
2026-02-14 15:00:00,29.7,40.0,0.0,10.4,201.0,3.727026675271124,9.709236435570899
2026-02-14 16:00:00,28.4,47.0,0.0,10.6,204.0,4.311408416603482,9.683581851011569
2026-02-14 17:00:00,27.1,52.0,0.0,7.7,205.0,3.2541606154033857,6.978569960182205
2026-02-14 18:00:00,25.8,57.0,0.0,2.8,230.0,2.1449244407331385,1.7998053071223097
2026-02-14 19:00:00,25.1,60.0,0.0,2.7,302.0,2.28972985962235,-1.4307820134296534
2026-02-14 20:00:00,24.5,60.0,0.0,6.9,353.0,0.8408984694955177,-6.848568446325122
2026-02-14 21:00:00,23.5,63.0,0.0,7.2,348.0,1.496964173887868,-7.0426627252834
2026-02-14 22:00:00,22.6,65.0,0.0,9.0,12.0,-1.8712052173598381,-8.80332840660425
2026-02-14 23:00:00,21.7,68.0,0.0,5.0,15.0,-1.2940952255126033,-4.8296291314453415
2026-02-15 00:00:00,20.6,74.0,0.0,1.5,54.0,-1.2135254915624214,-0.8816778784387096
2026-02-15 01:00:00,20.0,76.0,0.0,1.3,56.0,-1.0777488443215544,-0.7269507745119708
2026-02-15 02:00:00,19.4,79.0,0.0,1.4,40.0,-0.8999026535611552,-1.072462220366569
2026-02-15 03:00:00,18.4,83.0,0.0,2.3,18.0,-0.7107390870623793,-2.1874299874788528
2026-02-15 04:00:00,18.0,84.0,0.0,3.3,9.0,-0.5162337346327623,-3.2593715239639542
2026-02-15 05:00:00,17.8,84.0,0.0,2.4,351.0,0.3754427160965542,-2.3704520174283306
2026-02-15 06:00:00,17.8,84.0,0.0,2.5,315.0,1.7677669529663689,-1.7677669529663687
2026-02-15 07:00:00,18.1,82.0,0.0,3.5,305.0,2.8670321550114712,-2.007517527228661
2026-02-15 08:00:00,21.9,61.0,0.0,4.5,317.0,3.068992620281243,-3.291091657286267
2026-02-15 09:00:00,25.4,47.0,0.0,2.7,278.0,2.67372378560224,-0.3757673725921767
2026-02-15 10:00:00,27.8,39.0,0.0,2.7,217.0,1.6249005625105308,2.1563158771276907
2026-02-15 11:00:00,29.6,36.0,0.0,3.6,200.0,1.2312725159724078,3.38289343482927
2026-02-15 12:00:00,31.4,34.0,0.0,5.4,220.0,3.471053092307313,4.136639992842482
2026-02-15 13:00:00,31.8,34.0,0.0,8.3,226.0,5.970520342810805,5.765664474809678
2026-02-15 14:00:00,31.5,35.0,0.0,10.4,244.0,9.347458081511338,4.559059926606405
2026-02-15 15:00:00,30.6,37.0,0.0,11.1,240.0,9.61288198200727,5.549999999999999
2026-02-15 16:00:00,29.4,42.0,0.0,11.6,233.0,9.264171916548596,6.98105426856376
2026-02-15 17:00:00,27.7,49.0,0.0,8.9,252.0,8.464402995026866,2.750251249937032
2026-02-15 18:00:00,26.0,56.0,0.0,6.5,283.0,6.333405421104029,-1.4621818532351225
2026-02-15 19:00:00,24.7,66.0,0.0,1.9,304.0,1.575171387854579,-1.0624665165944192
2026-02-15 20:00:00,25.2,66.0,0.0,4.5,353.0,0.5484120453231637,-4.466457682385949
2026-02-15 21:00:00,24.2,71.0,0.0,2.3,337.0,0.8986815955253294,-2.117161162940613
2026-02-15 22:00:00,23.4,75.0,0.0,3.0,322.0,1.846984425976975,-2.3640322608201663
2026-02-15 23:00:00,22.9,77.0,0.0,5.2,331.0,2.521010025280953,-4.548022477124858
2026-02-16 00:00:00,22.2,79.0,0.0,5.7,342.0,1.7613968679372005,-5.421022142882375
2026-02-16 01:00:00,21.7,81.0,0.0,3.0,335.0,1.2678547852220983,-2.7189233611099497
2026-02-16 02:00:00,21.2,84.0,0.0,1.8,323.0,1.0832670416736871,-1.437543918085127
2026-02-16 03:00:00,21.3,82.0,0.0,4.3,355.0,0.37476969381492997,-4.283637201794505
2026-02-16 04:00:00,21.0,80.0,0.0,5.4,339.0,1.935186927544622,-5.04133430308489
2026-02-16 05:00:00,20.4,81.0,0.0,3.6,315.0,2.5455844122715714,-2.545584412271571
2026-02-16 06:00:00,20.0,82.0,0.0,3.2,289.0,3.025659441917814,-1.0418180942629014
2026-02-16 07:00:00,19.7,82.0,0.0,4.6,283.0,4.482102298012082,-1.034774849981779
2026-02-16 08:00:00,22.2,68.0,0.0,2.9,292.0,2.6888331782436836,-1.0863591209061447
2026-02-16 09:00:00,25.7,51.0,0.0,2.0,315.0,1.4142135623730951,-1.414213562373095
2026-02-16 10:00:00,28.2,42.0,0.0,4.1,2.0,-0.14308793648025311,-4.097502390778292
2026-02-16 11:00:00,30.1,37.0,0.0,5.8,358.0,0.20241708087450627,-5.796466796710755
2026-02-16 12:00:00,31.7,33.0,0.0,6.5,354.0,0.6794350112397475,-6.4643923198937765
2026-02-16 13:00:00,32.8,28.0,0.0,7.6,356.0,0.5301492004553517,-7.581486781974664
2026-02-16 14:00:00,33.2,27.0,0.0,9.0,355.0,0.7844016847289232,-8.96575228282571
2026-02-16 15:00:00,32.9,28.0,0.0,7.0,348.0,1.4553818357243162,-6.847033205136639
2026-02-16 16:00:00,31.8,33.0,0.0,8.4,313.0,6.143371093601032,-5.728786224524987
2026-02-16 17:00:00,29.4,44.0,0.0,12.0,320.0,7.713451316238473,-9.192533317427737
2026-02-16 18:00:00,26.8,52.0,0.0,10.5,340.0,3.5912115049195226,-9.866772518252038
2026-02-16 19:00:00,24.9,56.0,0.0,11.0,330.0,5.500000000000001,-9.526279441628825
2026-02-16 20:00:00,23.8,62.0,0.0,9.6,327.0,5.22853473614426,-8.051237452276071
2026-02-16 21:00:00,22.0,71.0,0.0,10.3,322.0,6.341313195854281,-8.116510762149238
2026-02-16 22:00:00,21.0,76.0,0.0,8.2,328.0,4.34533796671228,-6.953994388482692
2026-02-16 23:00:00,20.2,80.0,0.0,7.8,322.0,4.802159507540135,-6.146483878132432
2026-02-17 00:00:00,19.5,84.0,0.0,8.9,320.0,5.7208097262102005,-6.817795543758905
2026-02-17 01:00:00,18.6,88.0,0.0,11.4,336.0,4.636797731064123,-10.41441821712565
2026-02-17 02:00:00,18.2,90.0,0.0,8.3,340.0,2.8387671896030513,-7.799448752523039
2026-02-17 03:00:00,18.0,90.0,0.0,9.7,321.0,6.104407793183423,-7.538315826132617
2026-02-17 04:00:00,17.0,93.0,0.0,10.1,333.0,4.585304047369423,-8.999165894302514
2026-02-17 05:00:00,16.5,92.0,0.0,9.4,331.0,4.557210430315569,-8.22142524711032
2026-02-17 06:00:00,16.1,91.0,0.0,9.0,331.0,4.363286582217034,-7.871577364254562
2026-02-17 07:00:00,16.1,91.0,0.0,9.6,344.0,2.646118615843192,-9.228112281007862
2026-02-17 08:00:00,17.8,87.0,0.3,5.9,333.0,2.6785439484633264,-5.25693849271137
2026-02-17 09:00:00,21.3,68.0,0.0,4.6,342.0,1.4214781741247582,-4.3748599749577055
2026-02-17 10:00:00,24.9,57.0,0.0,0.7000000000000001,180.0,4.2862637970157366e-17,0.7000000000000001
2026-02-17 11:00:00,27.5,50.0,0.1,3.7,209.0,1.7937955949114475,3.2360929164157644
2026-02-17 12:00:00,28.7,45.0,0.0,4.6,225.0,3.2526911934581184,3.252691193458118
2026-02-17 13:00:00,29.3,43.0,0.0,5.5,226.0,3.9563689018625814,3.820621037524485
2026-02-17 14:00:00,29.4,42.0,0.0,5.0,257.0,4.871850323926176,1.124755271719325
2026-02-17 15:00:00,29.3,41.0,0.0,3.6,237.0,3.0192140446035265,1.9607005260540975
2026-02-17 16:00:00,28.7,42.0,0.1,3.1,220.0,1.9926415900282721,2.3747377736688318
2026-02-17 17:00:00,27.8,44.0,0.0,4.6,222.0,3.0780007892507477,3.4184661971960133
2026-02-17 18:00:00,25.9,49.0,0.0,7.2,235.0,5.897894718880741,4.129750341727532
2026-02-17 19:00:00,24.2,54.0,0.0,5.0,251.0,4.727592877996584,1.6278407722857835
2026-02-17 20:00:00,23.4,57.0,0.0,3.8,289.0,3.592970587277404,-1.2371589869371955
2026-02-17 21:00:00,21.8,60.0,0.0,8.9,331.0,4.3148056201924,-7.784115393540622
2026-02-17 22:00:00,19.8,68.0,0.0,10.3,329.0,5.304892171573558,-8.828823197231758
2026-02-17 23:00:00,18.6,73.0,0.0,10.0,330.0,5.000000000000001,-8.660254037844386
2026-02-18 00:00:00,17.9,75.0,0.0,7.9,319.0,5.182866329025008,-5.962205683759899
2026-02-18 01:00:00,17.2,77.0,0.0,8.3,321.0,5.2233592457136515,-6.450311480092859
2026-02-18 02:00:00,17.0,78.0,0.0,7.6,326.0,4.249866066377676,-6.300685551418317
2026-02-18 03:00:00,16.6,78.0,0.0,8.1,329.0,4.171808406771438,-6.94305513568711
2026-02-18 04:00:00,16.5,79.0,0.0,7.2,323.0,4.333068166694749,-5.750175672340508
2026-02-18 05:00:00,16.4,80.0,0.0,8.1,321.0,5.097495167503683,-6.294882287801464
2026-02-18 06:00:00,16.1,81.0,0.0,8.4,312.0,6.242416534010112,-5.620697093414409
2026-02-18 07:00:00,15.8,80.0,0.0,8.9,310.0,6.817795543758905,-5.7208097262102
2026-02-18 08:00:00,17.2,76.0,0.0,5.2,301.0,4.457269963650984,-2.678197989532282
2026-02-18 09:00:00,20.2,66.0,0.0,2.9,330.0,1.4500000000000002,-2.5114736709748717
2026-02-18 10:00:00,22.9,59.0,0.0,0.30000000000000004,225.0,0.2121320343559643,0.21213203435596428
2026-02-18 11:00:00,25.5,50.0,0.0,1.4,230.0,1.0724622203665692,0.8999026535611548
2026-02-18 12:00:00,27.2,44.0,0.0,0.7000000000000001,180.0,4.2862637970157366e-17,0.7000000000000001
2026-02-18 13:00:00,28.9,37.0,0.0,2.3,151.0,-1.115062126566575,2.01162532642061
2026-02-18 14:00:00,28.6,39.0,0.0,7.0,273.0,6.9904067432820165,-0.36635169370060683
2026-02-18 15:00:00,27.5,41.0,0.0,7.9,240.0,6.841600689897066,3.9499999999999997
2026-02-18 16:00:00,26.8,43.0,0.0,8.9,214.0,4.976816840889646,7.3784343957398715
2026-02-18 17:00:00,25.2,47.0,0.0,9.2,219.0,5.789747597658504,7.149742845404131
2026-02-18 18:00:00,23.9,50.0,0.0,9.0,232.0,7.092096782460497,5.5409532779309245
2026-02-18 19:00:00,22.6,53.0,0.0,7.4,266.0,7.381973971922699,0.5161979057065272
2026-02-18 20:00:00,22.0,54.0,0.0,7.4,296.0,6.651075942613836,-3.243946486239173
2026-02-18 21:00:00,20.7,58.0,0.0,7.9,321.0,4.971631089293717,-6.139453095510071
2026-02-18 22:00:00,19.1,64.0,0.0,8.9,336.0,3.619956123374622,-8.130554573019149
2026-02-18 23:00:00,18.1,68.0,0.0,8.9,326.0,4.976816840889646,-7.3784343957398715
2026-02-19 00:00:00,17.4,70.0,0.0,7.8,318.0,5.219218729599094,-5.796529638723675
2026-02-19 01:00:00,17.1,71.0,0.0,7.3,314.0,5.251180542472153,-5.07100610435068
2026-02-19 02:00:00,17.2,69.0,0.0,5.4,310.0,4.136639992842482,-3.4710530923073124
2026-02-19 03:00:00,16.9,70.0,0.0,6.9,311.0,5.207496103537127,-4.5268073000345
2026-02-19 04:00:00,16.4,72.0,0.0,8.0,304.0,6.632300580440333,-4.473543227765975
2026-02-19 05:00:00,16.1,73.0,0.0,8.6,306.0,6.957546151624547,-5.054953169715269
2026-02-19 06:00:00,16.0,73.0,0.0,7.9,311.0,5.962205683759899,-5.182866329025008
2026-02-19 07:00:00,16.2,73.0,0.0,6.9,311.0,5.207496103537127,-4.5268073000345
2026-02-19 08:00:00,18.3,69.0,0.0,3.8,301.0,3.2572357426680267,-1.9571446846582057
2026-02-19 09:00:00,21.5,58.0,0.0,3.6,330.0,1.8000000000000005,-3.117691453623979
2026-02-19 10:00:00,24.0,51.0,0.0,2.3,360.0,1.408343819019456e-16,-2.3
2026-02-19 11:00:00,25.6,44.0,0.0,1.2,117.0,-1.0692078290260414,0.5447885996874562
2026-02-19 12:00:00,27.5,39.0,0.0,3.2,133.0,-2.3403318451813457,2.1823947521999956
2026-02-19 13:00:00,28.6,34.0,0.0,6.0,139.0,-3.9363541739430428,4.528257481336633
2026-02-19 14:00:00,26.9,40.0,0.1,11.4,218.0,7.018540818712505,8.98332259111663
2026-02-19 15:00:00,24.3,54.0,1.3,13.9,228.0,10.32971307413578,9.30091542838813
2026-02-19 16:00:00,24.0,52.0,0.2,8.1,253.0,7.746068523300587,2.3682108082541675
2026-02-19 17:00:00,23.7,54.0,0.1,5.1,280.0,5.022519540362261,-0.8856057061013446
2026-02-19 18:00:00,22.5,59.0,0.1,4.2,18.0,-1.2978713763747798,-3.994437368439645
2026-02-19 19:00:00,21.7,65.0,0.0,4.6,64.0,-4.134452612976167,-2.016507275229756
2026-02-19 20:00:00,20.9,68.0,0.0,3.6,70.0,-3.3828934348292705,-1.2312725159724072
2026-02-19 21:00:00,19.7,76.0,0.0,2.2,5.0,-0.19174263404484818,-2.1916283358018402
2026-02-19 22:00:00,19.0,82.0,0.0,5.2,333.0,2.3607505986456436,-4.633233925779512
2026-02-19 23:00:00,18.2,86.0,0.0,5.5,343.0,1.6080443759750522,-5.259676157796695
2026-02-20 00:00:00,17.7,89.0,0.0,4.3,355.0,0.37476969381492997,-4.283637201794505
2026-02-20 01:00:00,17.2,92.0,0.0,4.9,343.0,1.4326213531414103,-4.685893304218874
2026-02-20 02:00:00,16.9,95.0,0.0,4.4,341.0,1.4324998796114898,-4.160281732636994
2026-02-20 03:00:00,16.8,95.0,0.0,4.2,324.0,2.4686980596283874,-3.3978713763747797
2026-02-20 04:00:00,16.7,95.0,0.0,7.5,336.0,3.0505248230685016,-6.851590932319507
2026-02-20 05:00:00,16.5,93.0,0.0,9.6,332.0,4.506927002744552,-8.476296891445697
2026-02-20 06:00:00,16.5,90.0,0.0,10.1,321.0,6.356135949603359,-7.849174210715406
2026-02-20 07:00:00,16.8,86.0,0.0,10.5,329.0,5.407899786555569,-9.00025665737218
2026-02-20 08:00:00,19.8,72.0,0.0,6.7,346.0,1.6208767005177735,-6.500981366049176
2026-02-20 09:00:00,23.2,55.0,0.0,7.7,360.0,4.71489017671731e-16,-7.7
2026-02-20 10:00:00,25.6,44.0,0.0,10.4,351.0,1.6269184364184017,-10.271958742189433
2026-02-20 11:00:00,27.1,40.0,0.0,11.6,342.0,3.5845971347493903,-11.03225558902378
2026-02-20 12:00:00,28.5,35.0,0.0,12.0,343.0,3.5084604566728412,-11.475657071556425
2026-02-20 13:00:00,28.1,35.0,0.0,10.9,341.0,3.548692883583009,-10.306152474032553
2026-02-20 14:00:00,27.7,35.0,0.0,10.7,348.0,2.224655091750026,-10.46617932785172
2026-02-20 15:00:00,27.6,35.0,0.0,10.5,331.0,5.0905010125865395,-9.183506924963655
2026-02-20 16:00:00,27.4,36.0,0.0,11.3,324.0,6.641973350904947,-9.141892036436907
2026-02-20 17:00:00,25.8,42.0,0.0,11.4,321.0,7.174252457968148,-8.85946396060947
2026-02-20 18:00:00,23.9,48.0,0.0,8.9,326.0,4.976816840889646,-7.3784343957398715
2026-02-20 19:00:00,22.3,53.0,0.0,8.4,345.0,2.174079978861174,-8.113776940828174
2026-02-20 20:00:00,22.0,56.0,0.0,8.0,354.0,0.8362277061412277,-7.956175162946186
2026-02-20 21:00:00,21.0,60.0,0.0,6.8,333.0,3.0871353982289182,-6.058844364480901
2026-02-20 22:00:00,19.9,66.0,0.0,4.8,329.0,2.47218275956826,-4.114403043370139
2026-02-20 23:00:00,18.6,72.0,0.0,3.1,306.0,2.5079526825623373,-1.8221342821066668
2026-02-21 00:00:00,17.9,77.0,0.0,2.6,335.0,1.0988074805258186,-2.3564002462952898
2026-02-21 01:00:00,17.4,79.0,0.0,2.8,325.0,1.606014021782929,-2.293625724009177
2026-02-21 02:00:00,17.0,82.0,0.0,3.0,308.0,2.364032260820166,-1.846984425976975
2026-02-21 03:00:00,16.9,83.0,0.0,3.4,328.0,1.8017254983928965,-2.883363526931848
2026-02-21 04:00:00,16.6,84.0,0.0,2.3,321.0,1.447436899414626,-1.7874357113510329
2026-02-21 05:00:00,16.0,88.0,0.0,1.7000000000000002,319.0,1.1153003492838625,-1.2830062863787126
2026-02-21 06:00:00,15.9,87.0,0.0,2.3,321.0,1.447436899414626,-1.7874357113510329
2026-02-21 07:00:00,16.2,85.0,0.0,3.7,309.0,2.8754400573907923,-2.3284854468843985
2026-02-21 08:00:00,20.2,69.0,0.0,3.1,306.0,2.5079526825623373,-1.8221342821066668
2026-02-21 09:00:00,23.6,55.0,0.0,4.3,345.0,1.1129218939408392,-4.153481053042993
2026-02-21 10:00:00,25.8,47.0,0.0,4.1,360.0,2.5105259382520737e-16,-4.1
2026-02-21 11:00:00,27.4,43.0,0.0,0.9,37.0,-0.5416335208368435,-0.7187719590425635
2026-02-21 12:00:00,29.4,37.0,0.0,5.2,168.0,-1.0811407922523486,5.08636752381579
2026-02-21 13:00:00,29.4,37.0,0.0,9.6,197.0,2.806768365338273,9.18052565724514
2026-02-21 14:00:00,28.8,40.0,0.0,11.2,224.0,7.7801737491407685,8.056605763792891
2026-02-21 15:00:00,27.9,44.0,0.1,10.4,212.0,5.5111603480253315,8.81970020002683
2026-02-21 16:00:00,27.1,47.0,0.0,10.1,199.0,3.2882383600172833,9.549737613553098
2026-02-21 17:00:00,26.0,51.0,0.0,9.5,189.0,1.4861274178821937,9.38303923565381
2026-02-21 18:00:00,24.6,56.0,0.0,7.1,189.0,1.1106847017856396,7.012587218225478
2026-02-21 19:00:00,23.3,64.0,0.0,3.1,180.0,1.8982025386783975e-16,3.1
2026-02-21 20:00:00,23.0,66.0,0.0,1.5,21.0,-0.5375519243179511,-1.4003706397458024
2026-02-21 21:00:00,22.3,69.0,0.0,2.3,360.0,1.408343819019456e-16,-2.3
2026-02-21 22:00:00,21.5,73.0,0.0,2.3,342.0,0.7107390870623791,-2.1874299874788528
2026-02-21 23:00:00,20.2,79.0,0.0,2.4,13.0,-0.5398825304252766,-2.3384881554845642
2026-02-22 00:00:00,19.5,82.0,0.0,2.8,27.0,-1.2711733992707313,-2.4948182677274295
2026-02-22 01:00:00,19.0,84.0,0.0,2.7,28.0,-1.2675732195219052,-2.383958500719103
2026-02-22 02:00:00,18.8,85.0,0.0,3.8,17.0,-1.111012477946401,-3.633958072659534
2026-02-22 03:00:00,18.4,86.0,0.0,2.5,30.0,-1.250000000000001,-2.165063509461096
2026-02-22 04:00:00,18.5,83.0,0.0,4.4,348.0,0.9148114395981417,-4.303849443228745
2026-02-22 05:00:00,18.3,82.0,0.0,7.2,341.0,2.344090712091529,-6.8077337443150805
2026-02-22 06:00:00,18.1,82.0,0.0,6.3,325.0,3.613531549011591,-5.160657879020648
2026-02-22 07:00:00,18.3,81.0,0.0,7.5,314.0,5.3950485025398836,-5.209937778442479
2026-02-22 08:00:00,22.0,65.0,0.0,6.8,343.0,1.98812759211461,-6.502872340548641
2026-02-22 09:00:00,25.5,54.0,0.0,9.6,351.0,1.5017708643862169,-9.481808069713322
2026-02-22 10:00:00,28.0,48.0,0.0,11.0,350.0,1.9101299543362344,-10.832885283134289
2026-02-22 11:00:00,30.0,41.0,0.0,9.0,357.0,0.4710236061864957,-8.987665812791164
2026-02-22 12:00:00,31.4,36.0,0.0,7.2,356.0,0.5022466109577017,-7.182461161870735
2026-02-22 13:00:00,32.2,33.0,0.0,6.4,344.0,1.7640790772287946,-6.1520748540052415
2026-02-22 14:00:00,32.2,31.0,0.0,9.5,314.0,6.833728103217187,-6.599254519360474
2026-02-22 15:00:00,31.1,34.0,0.0,11.5,302.0,9.7525531057989,-6.094071538681856
2026-02-22 16:00:00,29.8,37.0,0.0,13.5,304.0,11.192007229493061,-7.549104196855083
2026-02-22 17:00:00,28.2,41.0,0.0,11.8,314.0,8.488209643996084,-8.196968771416168
2026-02-22 18:00:00,26.8,44.0,0.0,3.3,41.0,-2.1649947956686737,-2.4905416147351476
2026-02-22 19:00:00,25.7,48.0,0.0,2.4,117.0,-2.138415658052083,1.0895771993749124
2026-02-22 20:00:00,25.5,49.0,0.0,5.8,200.0,1.983716831288879,5.450217200558268
2026-02-22 21:00:00,24.5,54.0,0.0,5.6,225.0,3.9597979746446663,3.9597979746446654
2026-02-22 22:00:00,23.2,61.0,0.0,2.4,253.0,2.295131414311285,0.7016920913345682
2026-02-22 23:00:00,22.4,65.0,0.0,0.9,90.0,-0.9,1.1021821192326179e-16
2026-02-23 00:00:00,21.5,71.0,0.0,1.8,96.0,-1.790139411662892,0.18815123388177674
2026-02-23 01:00:00,20.9,78.0,0.0,2.2,99.0,-2.172914349309303,0.3441558230885082
2026-02-23 02:00:00,20.6,79.0,0.0,2.7,94.0,-2.6934229357015256,0.18834247910913893
2026-02-23 03:00:00,19.5,83.0,0.0,2.0,63.0,-1.7820130483767358,-0.9079809994790934
2026-02-23 04:00:00,19.1,81.0,0.0,2.4,42.0,-1.6059134552612595,-1.7835475811457464
2026-02-23 05:00:00,18.8,80.0,0.0,2.4,27.0,-1.0895771993749126,-2.138415658052083
2026-02-23 06:00:00,18.8,78.0,0.0,0.6000000000000001,18.0,-0.18541019662496858,-0.5706339097770922
2026-02-23 07:00:00,19.2,76.0,0.0,0.6000000000000001,342.0,0.1854101966249685,-0.5706339097770922
2026-02-23 08:00:00,21.5,68.0,0.0,4.5,220.0,2.8925442435894273,3.447199994035401
2026-02-23 09:00:00,25.5,55.0,0.0,5.4,220.0,3.471053092307313,4.136639992842482
2026-02-23 10:00:00,28.0,46.0,0.0,8.9,223.0,6.069785404556237,6.509047944410617
2026-02-23 11:00:00,29.6,41.0,0.0,11.0,235.0,9.01067248717891,6.3093407998615065
2026-02-23 12:00:00,30.0,40.0,0.0,13.6,241.0,11.894828017095781,6.593410835350184
2026-02-23 13:00:00,29.5,45.0,0.0,12.4,236.0,10.280065899682516,6.933992003037262
2026-02-23 14:00:00,29.3,46.0,0.0,10.5,237.0,8.806040963426952,5.718709867657784
2026-02-23 15:00:00,28.7,48.0,0.0,6.4,218.0,3.9402334420842133,5.043268823083022
2026-02-23 16:00:00,28.5,49.0,0.0,3.3,221.0,2.1649947956686737,2.4905416147351476
2026-02-23 17:00:00,28.0,49.0,0.0,4.4,171.0,-0.6883116461770157,4.3458286986186065
2026-02-23 18:00:00,26.6,55.0,0.0,10.2,193.0,2.294500754307422,9.9385746608094
2026-02-23 19:00:00,25.4,60.0,0.0,8.6,213.0,4.683895701129233,7.212566884330647
2026-02-23 20:00:00,25.6,61.0,0.0,6.3,270.0,6.3,0.0
2026-02-23 21:00:00,24.5,64.0,0.0,6.0,286.0,5.767570175629913,-1.653824134901995
2026-02-23 22:00:00,23.8,68.0,0.0,6.0,335.0,2.5357095704441965,-5.437846722219899
2026-02-23 23:00:00,22.5,75.0,0.0,6.0,303.0,5.032023407672544,-3.2678342100901627
2026-02-24 00:00:00,21.4,81.0,0.0,3.3,283.0,3.2154212137912763,-0.7423384793347545
2026-02-24 01:00:00,20.8,86.0,0.0,8.8,332.0,4.13134975251584,-7.7699388171585575
2026-02-24 02:00:00,20.9,86.0,0.0,9.0,3.0,-0.47102360618649874,-8.987665812791164
2026-02-24 03:00:00,20.7,87.0,0.0,8.7,338.0,3.259077362718434,-8.066499534731049
2026-02-24 04:00:00,20.5,88.0,0.0,2.7,312.0,2.0064910287889646,-1.8066526371689173
2026-02-24 05:00:00,20.0,90.0,0.0,3.8,289.0,3.592970587277404,-1.2371589869371955
2026-02-24 06:00:00,20.1,89.0,0.0,3.3,299.0,2.8862450335600056,-1.5998717468129122
2026-02-24 07:00:00,19.9,90.0,0.0,3.7,321.0,2.328485446884399,-2.8754400573907923
2026-02-24 08:00:00,21.6,80.0,0.0,0.4,207.0,0.18159619989581874,0.35640260967534715
2026-02-24 09:00:00,23.2,69.0,0.0,1.6,84.0,-1.5912350325892373,-0.16724554122824561
2026-02-24 10:00:00,24.5,63.0,0.0,0.7000000000000001,166.0,-0.16934532691976747,0.6792070083931976
2026-02-24 11:00:00,27.1,54.0,0.0,2.9,277.0,2.8783838397598336,-0.35342109587492765
2026-02-24 12:00:00,27.8,51.0,0.0,3.7,256.0,3.590094187221187,0.8951110137187707
2026-02-24 13:00:00,28.2,51.0,0.0,3.0,327.0,1.6339171050450814,-2.516011703836272
2026-02-24 14:00:00,29.2,49.0,0.0,1.3,304.0,1.0777488443215542,-0.726950774511971
2026-02-24 15:00:00,31.0,43.0,0.0,1.3,326.0,0.7269507745119709,-1.0777488443215544
2026-02-24 16:00:00,30.4,43.0,0.0,4.9,266.0,4.8880638462731385,0.341806721346214
2026-02-24 17:00:00,28.1,55.0,0.0,7.4,277.0,7.344841522145783,-0.9018331411980913
2026-02-24 18:00:00,26.2,65.0,0.1,2.9,292.0,2.6888331782436836,-1.0863591209061447
2026-02-24 19:00:00,25.5,68.0,0.0,5.7,32.0,-3.0205398061292685,-4.8338741480916285
2026-02-24 20:00:00,24.4,82.0,0.0,3.6,93.0,-3.595066325116466,0.1884094424745977
2026-02-24 21:00:00,23.8,92.0,0.1,2.2,125.0,-1.8021344974357822,1.2618681599723012
2026-02-24 22:00:00,23.6,90.0,0.0,1.3,106.0,-1.2496402047198145,0.358328562562099
2026-02-24 23:00:00,23.7,88.0,0.0,0.6000000000000001,18.0,-0.18541019662496858,-0.5706339097770922
2026-02-25 00:00:00,23.0,90.0,0.0,4.0,321.0,2.51728156419935,-3.1085838458278836
2026-02-25 01:00:00,22.2,94.0,0.0,4.8,340.0,1.6416966879632102,-4.51052457977236
2026-02-25 02:00:00,22.1,91.0,0.0,6.4,333.0,2.9055391983331,-5.702441754805554
2026-02-25 03:00:00,21.6,87.0,0.0,9.0,340.0,3.0781812899310195,-8.457233587073175
2026-02-25 04:00:00,21.5,84.0,0.0,8.2,320.0,5.270858399429622,-6.281564433575619
2026-02-25 05:00:00,21.3,83.0,0.0,8.0,318.0,5.353044850870866,-5.945158603819154
2026-02-25 06:00:00,21.0,83.0,0.0,6.1,328.0,3.2325075118225497,-5.173093386554198
2026-02-25 07:00:00,21.1,82.0,0.0,8.2,320.0,5.270858399429622,-6.281564433575619
2026-02-25 08:00:00,22.6,75.0,0.0,5.2,316.0,3.612223526386786,-3.740566961760986
2026-02-25 09:00:00,25.1,64.0,0.0,4.5,353.0,0.5484120453231637,-4.466457682385949
2026-02-25 10:00:00,27.5,53.0,0.0,3.1,13.0,-0.6973482684659823,-3.020547200834229
2026-02-25 11:00:00,30.2,43.0,0.0,1.2,129.0,-0.9325751537483651,0.7551844692598049
2026-02-25 12:00:00,32.0,38.0,0.0,5.5,163.0,-1.6080443759750516,5.2596761577966955
2026-02-25 13:00:00,32.9,36.0,0.0,9.4,184.0,0.6557108531947772,9.377102072442348
2026-02-25 14:00:00,32.2,39.0,0.1,10.1,207.0,4.585304047369423,8.999165894302514
2026-02-25 15:00:00,30.7,46.0,0.1,13.7,230.0,10.494808870729997,8.806190252705587
2026-02-25 16:00:00,29.9,48.0,0.1,9.0,247.0,8.284543681071963,3.5165801564034638
2026-02-25 17:00:00,28.9,50.0,0.1,3.5,282.0,3.42351660256832,-0.7276909178621577
2026-02-25 18:00:00,28.1,51.0,0.0,1.1,189.0,0.17207791154425403,1.0864571746546516
2026-02-25 19:00:00,27.6,53.0,0.0,1.3,270.0,1.3,0.0
2026-02-25 20:00:00,26.5,63.0,0.0,2.9,223.0,1.9777952441812454,2.1209257346955943
2026-02-25 21:00:00,25.7,67.0,0.0,3.2,267.0,3.1956145112146364,0.1674750599774203
2026-02-25 22:00:00,24.7,70.0,0.0,4.6,291.0,4.294469961887128,-1.648492567908381
2026-02-25 23:00:00,23.8,69.0,0.0,6.5,321.0,4.090582541823943,-5.05144874947031
2026-02-26 00:00:00,22.6,70.0,0.0,8.5,324.0,4.996174644486022,-6.876644452187053
2026-02-26 01:00:00,21.6,75.0,0.0,7.9,313.0,5.777694242791447,-5.387787044493738
2026-02-26 02:00:00,21.4,76.0,0.0,6.8,335.0,2.873804179836756,-6.162892951849219
2026-02-26 03:00:00,21.0,78.0,0.0,5.8,346.0,1.4031469944780726,-5.627715212400779
2026-02-26 04:00:00,21.0,78.0,0.0,4.3,303.0,3.6062834421653234,-2.3419478505646163
2026-02-26 05:00:00,21.0,79.0,0.0,3.3,311.0,2.4905416147351476,-2.1649947956686737
2026-02-26 06:00:00,20.9,80.0,0.0,4.4,297.0,3.9204287064288192,-1.9975581988540059
2026-02-26 07:00:00,20.9,79.0,0.0,4.1,285.0,3.96029588778518,-1.061158084920335
2026-02-26 08:00:00,23.0,75.0,0.0,0.9,259.0,0.8834644651028976,0.17172809583889032
2026-02-26 09:00:00,25.8,64.0,0.0,3.7,209.0,1.7937955949114475,3.2360929164157644
2026-02-26 10:00:00,28.1,54.0,0.0,4.9,216.0,2.8801477362331185,3.9641832724372428
2026-02-26 11:00:00,30.0,45.0,0.0,6.4,218.0,3.9402334420842133,5.043268823083022
2026-02-26 12:00:00,31.1,43.0,0.0,7.8,226.0,5.610850442641479,5.418335289580178
2026-02-26 13:00:00,31.2,43.0,0.0,10.3,227.0,7.5329431266774565,7.024583108643735
2026-02-26 14:00:00,30.6,45.0,0.0,10.3,235.0,8.437266056176616,5.907837294415775
2026-02-26 15:00:00,30.0,47.0,0.0,9.6,233.0,7.666900896454011,5.777424222259663
2026-02-26 16:00:00,29.2,50.0,0.0,9.1,231.0,7.072028249258435,5.72681555855352
2026-02-26 17:00:00,27.8,54.0,0.0,9.3,234.0,7.523858047687012,5.46640284632
2026-02-26 18:00:00,26.2,60.0,0.0,7.7,240.0,6.668395609140179,3.8499999999999996
2026-02-26 19:00:00,25.0,67.0,0.0,4.7,261.0,4.6421352007971475,0.7352419856890852
2026-02-26 20:00:00,25.0,68.0,0.0,6.4,328.0,3.3914832910925115,-5.4275078154011265
2026-02-26 21:00:00,24.9,68.0,0.0,6.4,352.0,0.890707846144419,-6.337715639946051
2026-02-26 22:00:00,24.5,68.0,0.0,7.0,348.0,1.4553818357243162,-6.847033205136639
2026-02-26 23:00:00,23.8,72.0,0.0,7.6,322.0,4.6790272124750025,-5.988881727411087
2026-02-27 00:00:00,23.1,75.0,0.0,6.0,314.0,4.316038802031907,-4.1679502227539835
2026-02-27 01:00:00,22.4,78.0,0.0,7.3,301.0,6.25732129512542,-3.7597779468433954
2026-02-27 02:00:00,22.4,80.0,0.0,7.7,1.0,-0.13438352956708294,-7.698827252704213
2026-02-27 03:00:00,22.1,81.0,0.0,8.0,318.0,5.353044850870866,-5.945158603819154
2026-02-27 04:00:00,21.1,86.0,0.0,10.7,315.0,7.566042558696059,-7.566042558696057
2026-02-27 05:00:00,20.9,87.0,0.0,9.0,334.0,3.945340321101697,-8.089146416692504
2026-02-27 06:00:00,20.8,87.0,0.0,9.9,323.0,5.957968729205279,-7.906491549468199
2026-02-27 07:00:00,21.4,83.0,0.0,10.6,321.0,6.670796145128278,-8.23774719144389
2026-02-27 08:00:00,24.4,68.0,0.0,8.5,324.0,4.996174644486022,-6.876644452187053
2026-02-27 09:00:00,27.4,56.0,0.0,9.2,327.0,5.0106791221382485,-7.715769225097901
2026-02-27 10:00:00,29.5,49.0,0.0,13.2,343.0,3.859306502340125,-12.623222778712067
2026-02-27 11:00:00,30.8,42.0,0.0,9.4,352.0,1.3082271490246153,-9.308519846170762
2026-02-27 12:00:00,32.6,35.0,0.0,8.9,339.0,3.1894747509531736,-8.308865795825096
2026-02-27 13:00:00,33.3,30.0,0.0,13.2,355.0,1.1504558042690873,-13.14977001481104
2026-02-27 14:00:00,33.0,31.0,0.0,13.4,6.0,-1.400681407786555,-13.326593397934865
2026-02-27 15:00:00,31.1,35.0,0.0,17.5,341.0,5.6974427030002435,-16.54657507298804
2026-02-27 16:00:00,29.9,37.0,0.0,16.2,346.0,3.919134708714616,-15.718790765671143
2026-02-27 17:00:00,28.3,42.0,0.0,14.5,355.0,1.263758269841043,-14.44482312233031
2026-02-27 18:00:00,26.5,49.0,0.0,12.1,343.0,3.5376976271451146,-11.571287547152728
2026-02-27 19:00:00,25.2,53.0,0.0,11.2,325.0,6.424056087131716,-9.174502896036708
2026-02-27 20:00:00,25.4,52.0,0.0,11.0,336.0,4.474103073833803,-10.049000034068609
2026-02-27 21:00:00,24.2,56.0,0.0,11.1,340.0,3.796423590914924,-10.430588090723582
2026-02-27 22:00:00,23.3,61.0,0.0,8.2,328.0,4.34533796671228,-6.953994388482692
2026-02-27 23:00:00,22.9,64.0,0.0,6.2,327.0,3.376762017093168,-5.199757521261629
2026-02-28 00:00:00,22.8,66.0,0.0,3.3,49.0,-2.490541614735148,-2.1649947956686733
2026-02-28 01:00:00,22.8,66.0,0.0,5.4,291.0,5.04133430308489,-1.9351869275446216
2026-02-28 02:00:00,22.7,70.0,0.0,3.5,285.0,3.380740392011739,-0.9058666578588226
2026-02-28 03:00:00,22.5,72.0,0.0,4.9,306.0,3.9641832724372428,-2.8801477362331185
2026-02-28 04:00:00,21.6,81.0,1.3,3.2,341.0,1.0418180942629016,-3.0256594419178136
2026-02-28 05:00:00,21.4,83.0,1.6,4.5,326.0,2.5163680656183605,-3.730669076497688
2026-02-28 06:00:00,21.1,87.0,0.0,5.7,332.0,2.675987907879578,-5.032801279295883
2026-02-28 07:00:00,20.8,91.0,0.4,6.6,334.0,2.893249568807911,-5.932040705574502
2026-02-28 08:00:00,21.2,91.0,0.5,4.9,324.0,2.8801477362331185,-3.9641832724372428
2026-02-28 09:00:00,21.7,86.0,0.1,2.2,5.0,-0.19174263404484818,-2.1916283358018402
2026-02-28 10:00:00,22.9,79.0,0.0,2.4,333.0,1.0895771993749124,-2.138415658052083
2026-02-28 11:00:00,25.4,63.0,0.0,2.4,279.0,2.3704520174283306,-0.37544271609655405
2026-02-28 12:00:00,24.4,67.0,0.1,4.6,301.0,3.9429695832297162,-2.369175144586249
2026-02-28 13:00:00,24.5,66.0,0.0,4.8,340.0,1.6416966879632102,-4.51052457977236
2026-02-28 14:00:00,23.3,73.0,0.4,6.1,332.0,2.863776532993934,-5.385980316439453
2026-02-28 15:00:00,23.1,78.0,1.0,3.3,347.0,0.7423384793347542,-3.2154212137912763
2026-02-28 16:00:00,22.2,89.0,4.3,2.7,28.0,-1.2675732195219052,-2.383958500719103
2026-02-28 17:00:00,21.9,92.0,3.0,4.2,43.0,-2.864393112262494,-3.071685546800516
2026-02-28 18:00:00,21.5,94.0,0.4,2.8,325.0,1.606014021782929,-2.293625724009177
2026-02-28 19:00:00,21.4,95.0,1.3,7.5,320.0,4.820907072649045,-5.745333323392335
2026-02-28 20:00:00,21.0,92.0,1.3,9.6,332.0,4.506927002744552,-8.476296891445697
2026-02-28 21:00:00,20.8,93.0,1.4,5.9,308.0,4.64926344627966,-3.6324027044213842
2026-02-28 22:00:00,20.5,92.0,1.7000000000000002,6.4,344.0,1.7640790772287946,-6.1520748540052415
2026-02-28 23:00:00,20.3,91.0,0.7000000000000001,4.2,355.0,0.3660541195401642,-4.184017731985332
2026-03-01 00:00:00,20.0,89.0,0.2,4.9,54.0,-3.964183272437243,-2.880147736233118
2026-03-01 01:00:00,19.6,89.0,0.2,3.1,332.0,1.4553618446362617,-2.737137537862673
2026-03-01 02:00:00,19.4,90.0,0.0,1.3,315.0,0.9192388155425119,-0.9192388155425117
2026-03-01 03:00:00,19.5,88.0,0.0,3.9,338.0,1.4609657143220567,-3.616017032810471
2026-03-01 04:00:00,19.4,89.0,0.0,4.8,312.0,3.5670951622914924,-3.2118269105225195
2026-03-01 05:00:00,19.0,92.0,0.0,2.4,306.0,1.9416407864998737,-1.4106846055019355
2026-03-01 06:00:00,18.9,94.0,0.0,4.2,306.0,3.3978713763747797,-2.4686980596283874
2026-03-01 07:00:00,19.1,94.0,0.0,2.9,292.0,2.6888331782436836,-1.0863591209061447
2026-03-01 08:00:00,21.0,88.0,1.3,3.1,220.0,1.9926415900282721,2.3747377736688318
2026-03-01 09:00:00,23.7,76.0,0.0,5.2,178.0,-0.18147738285300496,5.196832300499298
2026-03-01 10:00:00,26.1,67.0,0.0,7.7,234.0,6.229430856687095,4.525946442652043
2026-03-01 11:00:00,27.8,62.0,0.0,12.4,269.0,12.398111419939251,0.21640983982231554
2026-03-01 12:00:00,28.9,59.0,0.0,13.0,292.0,12.053390109368237,-4.869885714406856
2026-03-01 13:00:00,29.8,56.0,0.0,12.1,319.0,7.938314250785138,-9.131985920695541
2026-03-01 14:00:00,31.0,53.0,0.0,4.9,280.0,4.82555798975982,-0.8508760705679587
2026-03-01 15:00:00,31.0,50.0,0.0,11.5,222.0,7.695001973126869,8.546165492990033
2026-03-01 16:00:00,29.9,53.0,0.0,18.1,210.0,9.050000000000002,15.67505980849834
2026-03-01 17:00:00,28.4,59.0,0.0,17.0,212.0,9.008627491964484,14.41681763465924
2026-03-01 18:00:00,26.6,67.0,0.0,13.0,224.0,9.030558815966964,9.351417404402465
2026-03-01 19:00:00,25.5,73.0,0.0,9.5,226.0,6.833728103217187,6.599254519360474
2026-03-01 20:00:00,25.1,76.0,0.0,4.3,246.0,3.9282454678631837,1.7489675652259409
2026-03-01 21:00:00,24.9,78.0,0.0,1.9,241.0,1.6617774435648518,0.9211382784680404
2026-03-01 22:00:00,24.5,79.0,0.0,0.4,360.0,2.4492935982947065e-17,-0.4
2026-03-01 23:00:00,23.8,83.0,0.0,2.3,356.0,0.16043988961148803,-2.2943973155975956
2026-03-02 00:00:00,23.3,86.0,0.0,3.9,37.0,-2.347078590292988,-3.114678489184442
2026-03-02 01:00:00,22.9,85.0,0.0,3.1,59.0,-2.6572186321765483,-1.5966180322211678
2026-03-02 02:00:00,22.8,88.0,0.0,6.5,8.0,-0.9046251562404278,-6.436742446820206
2026-03-02 03:00:00,22.5,91.0,0.3,3.1,31.0,-1.596618032221169,-2.6572186321765474
2026-03-02 04:00:00,22.5,91.0,0.0,1.9,29.0,-0.92113827846804,-1.6617774435648522
2026-03-02 05:00:00,22.8,91.0,0.0,5.8,358.0,0.20241708087450627,-5.796466796710755
2026-03-02 06:00:00,22.3,93.0,0.0,6.6,347.0,1.4846769586695083,-6.430842427582553
2026-03-02 07:00:00,22.4,92.0,0.0,8.6,323.0,5.175609199107615,-6.868265386406718
2026-03-02 08:00:00,24.7,87.0,0.0,5.6,343.0,1.6372815464473258,-5.355306633392998
2026-03-02 09:00:00,27.6,72.0,0.0,6.9,330.0,3.450000000000001,-5.975575286112627
2026-03-02 10:00:00,29.5,61.0,0.2,7.6,332.0,3.5679838771727703,-6.710401705727844
2026-03-02 11:00:00,31.0,54.0,0.0,8.3,333.0,3.768121147838239,-7.3953541507634535
2026-03-02 12:00:00,32.2,51.0,0.0,8.7,323.0,5.235790701422821,-6.948128937411447
2026-03-02 13:00:00,32.5,50.0,0.0,11.8,306.0,9.54640053362438,-6.935865977051184
2026-03-02 14:00:00,31.5,51.0,0.0,15.5,309.0,12.04576240258305,-9.75446606127248
2026-03-02 15:00:00,31.4,51.0,0.0,11.8,333.0,5.357087896926653,-10.51387698542274
2026-03-02 16:00:00,30.9,52.0,0.0,12.3,314.0,8.84787954416541,-8.544297956645666
2026-03-02 17:00:00,29.0,61.0,0.0,13.9,300.0,12.0377531126037,-6.949999999999999
2026-03-02 18:00:00,27.0,72.0,0.0,10.0,309.0,7.771459614569709,-6.293203910498374
2026-03-02 19:00:00,25.8,78.0,0.0,8.8,319.0,5.773319455116464,-6.641444305960395
2026-03-02 20:00:00,25.2,81.0,0.0,8.4,329.0,4.326319829244455,-7.200205325897744
2026-03-02 21:00:00,24.8,82.0,0.0,7.2,332.0,3.380195252058414,-6.357222668584273
2026-03-02 22:00:00,24.3,84.0,0.0,8.2,319.0,5.379684037722159,-6.18861855782673
2026-03-02 23:00:00,23.8,86.0,0.0,7.1,315.0,5.020458146424487,-5.020458146424486
2026-03-03 00:00:00,23.2,88.0,0.0,6.2,324.0,3.6442685642133337,-5.0159053651246746
2026-03-03 01:00:00,22.8,92.0,0.3,6.8,328.0,3.603450996785793,-5.766727053863696
2026-03-03 02:00:00,22.6,92.0,0.0,1.4,23.0,-0.5470235798849833,-1.2887067948334163
2026-03-03 03:00:00,22.1,95.0,0.1,2.2,270.0,2.2,0.0
2026-03-03 04:00:00,21.8,98.0,0.0,0.5,180.0,3.061616997868383e-17,0.5
2026-03-03 05:00:00,21.8,100.0,0.0,2.5,249.0,2.3339510662430043,0.8959198738632507
2026-03-03 06:00:00,21.5,100.0,0.0,3.5,294.0,3.197409101749103,-1.4235782507653008
2026-03-03 07:00:00,21.9,98.0,0.4,1.5,291.0,1.4003706397458027,-0.5375519243179504
2026-03-03 08:00:00,21.9,96.0,0.6,0.7000000000000001,104.0,-0.6792070083931976,0.16934532691976742
2026-03-03 09:00:00,22.0,96.0,4.3,0.9,37.0,-0.5416335208368435,-0.7187719590425635
2026-03-03 10:00:00,22.2,96.0,2.2,3.4,302.0,2.883363526931848,-1.8017254983928965
2026-03-03 11:00:00,23.0,93.0,2.4,4.9,266.0,4.8880638462731385,0.341806721346214
2026-03-03 12:00:00,26.1,72.0,0.4,7.3,211.0,3.7597779468433954,6.25732129512542
2026-03-03 13:00:00,27.4,63.0,0.2,9.0,211.0,4.635342674190487,7.714505706319011
2026-03-03 14:00:00,26.7,69.0,0.2,9.1,236.0,7.544241910250879,5.0886554215837965
2026-03-03 15:00:00,26.1,70.0,0.0,6.1,227.0,4.461257579876939,4.1601899963812405
2026-03-03 16:00:00,25.9,71.0,0.2,6.5,236.0,5.38874422160777,3.634753872559855
2026-03-03 17:00:00,24.2,86.0,1.1,3.7,223.0,2.5233939322312446,2.706008695990931
2026-03-03 18:00:00,23.3,94.0,1.2,3.9,204.0,1.5862729079956208,3.562827284806143
2026-03-03 19:00:00,22.5,99.0,1.6,2.4,13.0,-0.5398825304252766,-2.3384881554845642
2026-03-03 20:00:00,22.8,94.0,2.2,4.2,205.0,1.7749966993109376,3.80649270555393
2026-03-03 21:00:00,22.4,97.0,0.3,4.2,234.0,3.3978713763747797,2.4686980596283874
2026-03-03 22:00:00,22.0,98.0,0.7000000000000001,7.5,260.0,7.3860581475915605,1.3023613325019774
2026-03-03 23:00:00,21.4,97.0,1.7000000000000002,7.7,279.0,7.605200222582561,-1.2045453808097777
2026-03-04 00:00:00,20.2,98.0,1.4,7.4,292.0,6.8611605237942275,-2.772088791277749
2026-03-04 01:00:00,19.5,100.0,0.8,3.6,311.0,2.716954488801979,-2.3618125043658265
2026-03-04 02:00:00,19.5,97.0,0.6,4.7,268.0,4.6971368869897505,0.16402763450175456
2026-03-04 03:00:00,19.4,97.0,0.1,5.0,257.0,4.871850323926176,1.124755271719325
2026-03-04 04:00:00,19.4,99.0,0.3,3.1,277.0,3.076893070088098,-0.3777949645559572
2026-03-04 05:00:00,19.4,98.0,0.0,4.5,272.0,4.497258721585931,-0.15704773516125436
2026-03-04 06:00:00,19.4,97.0,0.0,4.6,281.0,4.515485043859254,-0.877721378732106
2026-03-04 07:00:00,19.5,96.0,1.2,5.1,247.0,4.694574752607446,1.9927287552952961
2026-03-04 08:00:00,20.6,93.0,0.6,5.4,230.0,4.136639992842482,3.4710530923073124
2026-03-04 09:00:00,22.5,79.0,0.0,5.2,236.0,4.310995377286217,2.907803098047884
2026-03-04 10:00:00,23.1,74.0,0.0,2.5,225.0,1.7677669529663689,1.7677669529663687
2026-03-04 11:00:00,24.8,66.0,0.0,3.5,231.0,2.720010865099398,2.2026213686744307
2026-03-04 12:00:00,24.0,69.0,0.0,6.4,212.0,3.3914832910925115,5.4275078154011265
2026-03-04 13:00:00,23.7,70.0,0.2,5.9,207.0,2.6785439484633264,5.25693849271137
2026-03-04 14:00:00,23.1,76.0,0.3,3.6,160.0,-1.2312725159724074,3.3828934348292705
2026-03-04 15:00:00,23.2,77.0,0.2,1.8,45.0,-1.272792206135786,-1.2727922061357855
2026-03-04 16:00:00,22.9,79.0,0.0,3.4,360.0,2.0818995585505003e-16,-3.4
2026-03-04 17:00:00,22.6,79.0,0.0,5.1,343.0,1.4910956940859574,-4.87715425541148
2026-03-04 18:00:00,21.6,87.0,0.3,2.0,350.0,0.34729635533386083,-1.969615506024416
2026-03-04 19:00:00,21.1,88.0,0.2,6.2,306.0,5.0159053651246746,-3.6442685642133337
2026-03-04 20:00:00,20.6,98.0,0.1,3.6,297.0,3.2076234870781244,-1.6343657990623683
2026-03-04 21:00:00,20.5,98.0,0.0,2.1,38.0,-1.292889098183882,-1.6548225825741165
2026-03-04 22:00:00,20.3,98.0,0.0,3.5,255.0,3.380740392011739,0.9058666578588226
2026-03-04 23:00:00,20.1,98.0,0.0,2.0,280.0,1.969615506024416,-0.34729635533386066
2026-03-05 00:00:00,20.0,98.0,0.9,2.2,346.0,0.532228170319269,-2.1346505978071924
2026-03-05 01:00:00,19.7,98.0,0.5,6.1,294.0,5.572627291619865,-2.481093522762381
2026-03-05 02:00:00,19.6,97.0,3.2,4.2,355.0,0.3660541195401642,-4.184017731985332
2026-03-05 03:00:00,19.5,98.0,0.3,3.9,313.0,2.8522794363147645,-2.659793604243744
2026-03-05 04:00:00,19.2,98.0,0.5,3.9,283.0,3.8000432526624173,-0.8773091119410735
2026-03-05 05:00:00,19.0,98.0,1.3,2.7,302.0,2.28972985962235,-1.4307820134296534
2026-03-05 06:00:00,19.0,98.0,1.3,3.5,325.0,2.0075175272286616,-2.8670321550114712
2026-03-05 07:00:00,19.0,99.0,0.4,3.4,328.0,1.8017254983928965,-2.883363526931848
2026-03-05 08:00:00,19.5,98.0,0.1,3.4,174.0,-0.3553967751100221,3.381374444252129
2026-03-05 09:00:00,20.1,95.0,1.3,2.7,250.0,2.537170076121953,0.9234543869793056
2026-03-05 10:00:00,20.8,94.0,1.7000000000000002,3.7,133.0,-2.706008695990931,2.523393932231245
2026-03-05 11:00:00,20.9,93.0,2.8,2.2,90.0,-2.2,2.6942229581241775e-16
2026-03-05 12:00:00,21.6,88.0,1.5,2.5,98.0,-2.475670171853926,0.3479327524001633
2026-03-05 13:00:00,24.1,73.0,0.0,2.2,180.0,1.3471114790620887e-16,2.2
2026-03-05 14:00:00,24.9,68.0,0.0,2.2,104.0,-2.1346505978071924,0.5322281703192691
2026-03-05 15:00:00,25.3,67.0,0.0,5.3,108.0,-5.040599536364313,1.6377900701872217
2026-03-05 16:00:00,24.3,70.0,0.0,7.6,118.0,-6.710401705727845,3.567983877172769
2026-03-05 17:00:00,22.6,85.0,1.3,7.4,131.0,-5.584850893648513,4.8548368145297545
2026-03-05 18:00:00,21.6,89.0,0.1,5.5,126.0,-4.4495934690622105,3.232818887608603
2026-03-05 19:00:00,21.0,91.0,0.0,2.3,67.0,-2.117161162940613,-0.8986815955253291
2026-03-05 20:00:00,21.1,96.0,0.0,10.7,330.0,5.3500000000000005,-9.266471820493493
2026-03-05 21:00:00,20.5,95.0,0.4,10.7,351.0,1.6738487759304708,-10.568265244367973
2026-03-05 22:00:00,20.2,96.0,0.0,9.8,330.0,4.900000000000001,-8.487048957087499
2026-03-05 23:00:00,19.6,97.0,0.0,9.4,329.0,4.841357904154509,-8.057372626599856
2026-03-06 00:00:00,19.5,97.0,0.0,7.5,318.0,5.018479547691436,-5.573586191080457
2026-03-06 01:00:00,19.1,97.0,0.0,10.0,322.0,6.156614753256583,-7.88010753606722
2026-03-06 02:00:00,19.5,95.0,0.0,12.0,327.0,6.5356684201803255,-10.064046815345089
2026-03-06 03:00:00,19.6,94.0,0.0,12.4,332.0,5.821447378545047,-10.948550151450693
2026-03-06 04:00:00,19.5,93.0,0.0,12.3,337.0,4.805992880418067,-11.322209697465016
2026-03-06 05:00:00,19.7,91.0,0.0,12.4,339.0,4.443762574361725,-11.576397288565301
2026-03-06 06:00:00,19.4,92.0,0.0,10.9,343.0,3.186851581477831,-10.423721839997087
2026-03-06 07:00:00,19.3,92.0,0.0,9.2,327.0,5.0106791221382485,-7.715769225097901
2026-03-06 08:00:00,21.0,88.0,0.0,8.4,329.0,4.326319829244455,-7.200205325897744
2026-03-06 09:00:00,22.6,79.0,0.0,8.9,332.0,4.178296908794429,-7.85823357644445
2026-03-06 10:00:00,24.5,70.0,0.0,6.6,339.0,2.3652284669989823,-6.161630814881531
2026-03-06 11:00:00,26.0,60.0,0.0,1.6,297.0,1.4256104387013888,-0.7263847995832748
2026-03-06 12:00:00,27.5,52.0,0.0,3.5,189.0,0.5475206276408082,3.456909192082982
2026-03-06 13:00:00,28.2,52.0,0.0,4.0,170.0,-0.6945927106677212,3.939231012048832
2026-03-06 14:00:00,28.1,54.0,0.0,8.8,206.0,3.857666091743882,7.909387607432671
2026-03-06 15:00:00,27.7,56.0,0.0,9.3,198.0,2.8738580476870115,8.844825601544928
2026-03-06 16:00:00,26.8,59.0,0.0,5.0,195.0,1.2940952255126037,4.8296291314453415
2026-03-06 17:00:00,25.3,64.0,0.0,2.6,78.0,-2.5431837619078945,-0.5405703961261747
2026-03-06 18:00:00,23.5,78.0,0.1,6.0,83.0,-5.955276909847933,-0.7312160604308838
2026-03-06 19:00:00,22.8,83.0,0.0,4.2,306.0,3.3978713763747797,-2.4686980596283874
2026-03-06 20:00:00,20.7,83.0,0.0,8.1,328.0,4.29234604028896,-6.86918957886705
2026-03-06 21:00:00,19.9,78.0,0.0,8.7,308.0,6.85569355637848,-5.356254835333226
2026-03-06 22:00:00,18.9,79.0,0.0,8.9,289.0,8.41511532283392,-2.8975565746686947
2026-03-06 23:00:00,18.1,79.0,0.0,7.8,302.0,6.614775150020122,-4.133370261018998
2026-03-07 00:00:00,17.5,80.0,0.0,8.4,304.0,6.96391560946235,-4.697220389154274
2026-03-07 01:00:00,16.8,82.0,0.0,9.7,310.0,7.430631098254086,-6.23503981395943
2026-03-07 02:00:00,16.8,82.0,0.0,4.9,309.0,3.808015211139158,-3.0836699161442036
2026-03-07 03:00:00,16.6,84.0,0.0,5.4,284.0,5.2395969218903815,-1.306378236238206
2026-03-07 04:00:00,16.1,87.0,0.0,7.3,298.0,6.445517427870167,-3.427142408337003
2026-03-07 05:00:00,15.7,89.0,0.0,6.0,319.0,3.9363541739430437,-4.528257481336632
2026-03-07 06:00:00,15.4,90.0,0.0,7.7,321.0,4.8457670110837485,-5.984023903218676
2026-03-07 07:00:00,15.7,90.0,0.0,9.3,331.0,4.508729468290936,-8.133963276396381
2026-03-07 08:00:00,18.0,85.0,0.0,4.3,303.0,3.6062834421653234,-2.3419478505646163
2026-03-07 09:00:00,21.4,74.0,0.0,3.0,303.0,2.516011703836272,-1.6339171050450814
2026-03-07 10:00:00,24.0,63.0,0.0,0.9,233.0,0.7187719590425635,0.5416335208368435
2026-03-07 11:00:00,26.0,53.0,0.0,5.4,220.0,3.471053092307313,4.136639992842482
2026-03-07 12:00:00,26.9,51.0,0.0,4.8,211.0,2.47218275956826,4.114403043370139
2026-03-07 13:00:00,27.5,51.0,0.0,2.8,220.0,1.7998053071223101,2.1449244407331385
2026-03-07 14:00:00,27.5,52.0,0.0,8.1,219.0,5.097495167503683,6.294882287801464
2026-03-07 15:00:00,27.2,53.0,0.0,9.9,202.0,3.7086052748175287,9.179120160211196
2026-03-07 16:00:00,26.4,54.0,0.0,12.5,196.0,3.4454669477124895,12.015771199228986
2026-03-07 17:00:00,25.1,58.0,0.0,13.1,196.0,3.610849361202689,12.592528216791978
2026-03-07 18:00:00,23.8,65.0,0.0,9.4,191.0,1.7936045565395222,9.227295524408042
2026-03-07 19:00:00,22.6,74.0,0.0,3.2,251.0,3.025659441917814,1.0418180942629014
2026-03-07 20:00:00,22.0,65.0,0.0,7.3,298.0,6.445517427870167,-3.427142408337003
2026-03-07 21:00:00,20.7,64.0,0.0,9.7,299.0,8.483811159252138,-4.702653316389469
2026-03-07 22:00:00,19.0,70.0,0.0,9.8,305.0,8.027690034032121,-5.621049076240252
2026-03-07 23:00:00,17.9,73.0,0.0,10.9,316.0,7.57177623800307,-7.840803823691297
2026-03-08 00:00:00,17.0,76.0,0.0,9.4,320.0,6.04220353105347,-7.200817765318393
2026-03-08 01:00:00,16.5,77.0,0.0,7.7,321.0,4.8457670110837485,-5.984023903218676
2026-03-08 02:00:00,16.2,78.0,0.0,4.9,343.0,1.4326213531414103,-4.685893304218874
2026-03-08 03:00:00,15.9,80.0,0.0,4.9,324.0,2.8801477362331185,-3.9641832724372428
2026-03-08 04:00:00,15.4,83.0,0.0,5.0,308.0,3.9400537680336094,-3.0783073766282913
2026-03-08 05:00:00,15.1,86.0,0.0,4.7,317.0,3.205392292293743,-3.437362397610101
2026-03-08 06:00:00,14.8,89.0,0.0,4.8,329.0,2.47218275956826,-4.114403043370139
2026-03-08 07:00:00,14.9,91.0,0.0,5.7,319.0,3.739536465245892,-4.301844607269801
2026-03-08 08:00:00,17.6,83.0,0.0,4.5,317.0,3.068992620281243,-3.291091657286267
2026-03-08 09:00:00,21.2,69.0,0.0,5.4,318.0,3.6133052743378347,-4.012982057577929
2026-03-08 10:00:00,23.8,58.0,0.0,4.8,304.0,3.9793803482641996,-2.684125936659585
2026-03-08 11:00:00,25.6,52.0,0.0,3.1,277.0,3.076893070088098,-0.3777949645559572
2026-03-08 12:00:00,26.7,49.0,0.0,0.30000000000000004,45.0,-0.21213203435596434,-0.21213203435596428
2026-03-08 13:00:00,27.7,47.0,0.0,4.9,86.0,-4.8880638462731385,-0.34180672134621387
2026-03-08 14:00:00,28.5,44.0,0.0,5.4,82.0,-5.34744757120448,-0.7515347451843538
2026-03-08 15:00:00,28.9,42.0,0.0,5.8,106.0,-5.57531783644225,1.5986966637385953
2026-03-08 16:00:00,28.4,43.0,0.0,8.6,147.0,-4.683895701129233,7.212566884330646
2026-03-08 17:00:00,26.1,58.0,0.0,13.6,165.0,-3.5199390133942834,13.136591237531329
2026-03-08 18:00:00,24.2,67.0,0.0,10.7,166.0,-2.5885642829164452,10.382164271153162
2026-03-08 19:00:00,22.8,76.0,0.0,5.1,170.0,-0.8856057061013445,5.022519540362261
2026-03-08 20:00:00,21.8,80.0,0.0,6.2,206.0,2.7179011100922805,5.572523087054836
2026-03-08 21:00:00,20.8,83.0,0.0,5.2,236.0,4.310995377286217,2.907803098047884
2026-03-08 22:00:00,19.7,85.0,0.0,4.7,268.0,4.6971368869897505,0.16402763450175456
2026-03-08 23:00:00,19.0,85.0,0.0,6.3,309.0,4.896019557178916,-3.9647184636139756
2026-03-09 00:00:00,18.2,87.0,0.0,7.8,314.0,5.610850442641479,-5.418335289580178
2026-03-09 01:00:00,17.5,89.0,0.0,7.0,302.0,5.936336673094981,-3.7094348496324345
2026-03-09 02:00:00,17.6,89.0,0.0,6.1,315.0,4.31335136523794,-4.313351365237939
2026-03-09 03:00:00,17.4,91.0,0.0,5.9,281.0,5.791600382341218,-1.1257730727216144
2026-03-09 04:00:00,17.0,91.0,0.0,5.6,297.0,4.98963653545486,-2.5423467985414616
2026-03-09 05:00:00,16.8,92.0,0.0,5.6,315.0,3.9597979746446663,-3.9597979746446654
2026-03-09 06:00:00,16.6,92.0,0.0,5.9,315.0,4.171930009000631,-4.17193000900063
2026-03-09 07:00:00,17.0,89.0,0.0,5.2,311.0,3.9244898171584146,-3.411506950750638
2026-03-09 08:00:00,18.9,84.0,0.0,3.1,280.0,3.052904034337845,-0.5383093507674841
2026-03-09 09:00:00,21.9,73.0,0.0,2.2,284.0,2.1346505978071924,-0.5322281703192691
2026-03-09 10:00:00,24.1,64.0,0.0,0.8,207.0,0.3631923997916375,0.7128052193506943
2026-03-09 11:00:00,26.1,55.0,0.0,3.3,186.0,0.3449439287832564,3.2819222547153015
2026-03-09 12:00:00,27.8,50.0,0.0,4.7,198.0,1.452379873562253,4.469965626587221
2026-03-09 13:00:00,28.2,48.0,0.1,4.8,214.0,2.6841259366595844,3.9793803482642
2026-03-09 14:00:00,27.0,50.0,0.1,6.2,260.0,6.10580806867569,1.0766187015349682
2026-03-09 15:00:00,26.5,51.0,0.3,6.0,263.0,5.955276909847932,0.7312160604308848
2026-03-09 16:00:00,25.5,53.0,0.3,6.2,314.0,4.459906762099638,-4.306881896845783
2026-03-09 17:00:00,24.4,58.0,0.0,8.7,338.0,3.259077362718434,-8.066499534731049
2026-03-09 18:00:00,23.0,61.0,0.0,9.9,341.0,3.223124729125852,-9.360633898433235
2026-03-09 19:00:00,21.5,64.0,0.1,13.0,341.0,4.232386007943038,-12.291741482791117
2026-03-09 20:00:00,19.9,65.0,0.1,11.8,335.0,4.986895488540254,-10.69443188703247
2026-03-09 21:00:00,19.0,67.0,0.0,10.0,311.0,7.54709580222772,-6.560590289905073
2026-03-09 22:00:00,17.9,69.0,0.0,11.0,328.0,5.829111906565254,-9.328529057720685
2026-03-09 23:00:00,16.6,72.0,0.0,9.0,323.0,5.4163352083684355,-7.187719590425635
2026-03-10 00:00:00,15.9,75.0,0.0,5.6,291.0,5.22805038838433,-2.0068605174536813
2026-03-10 01:00:00,16.2,75.0,0.0,4.9,274.0,4.8880638462731385,-0.341806721346214
2026-03-10 02:00:00,16.4,76.0,0.0,7.1,297.0,6.326146321737411,-3.2233325481507817
2026-03-10 03:00:00,16.0,76.0,0.0,6.9,300.0,5.975575286112627,-3.4499999999999997
2026-03-10 04:00:00,15.9,76.0,0.0,6.8,297.0,6.058844364480901,-3.087135398228918
2026-03-10 05:00:00,15.4,78.0,0.0,4.8,295.0,4.350277377775919,-2.0285676563553574
2026-03-10 06:00:00,15.1,80.0,0.0,5.3,282.0,5.18418228388917,-1.1019319613341245
2026-03-10 07:00:00,15.3,79.0,0.0,5.7,307.0,4.55222240726957,-3.4303456319666754
2026-03-10 08:00:00,17.2,73.0,0.0,4.1,257.0,3.9949172656194643,0.9222993228098464
2026-03-10 09:00:00,19.4,65.0,0.0,3.1,283.0,3.0205472008342293,-0.6973482684659815
2026-03-10 10:00:00,21.4,57.0,0.0,2.2,235.0,1.802134497435782,1.2618681599723014
2026-03-10 11:00:00,21.3,57.0,0.0,2.7,274.0,2.6934229357015256,-0.18834247910913832
2026-03-10 12:00:00,23.0,52.0,0.0,3.3,319.0,2.1649947956686737,-2.4905416147351476
2026-03-10 13:00:00,24.1,49.0,0.0,3.4,276.0,3.381374444252129,-0.35539677511002177
2026-03-10 14:00:00,23.0,52.0,0.0,9.5,338.0,3.5587626374511636,-8.80824661838448
2026-03-10 15:00:00,21.4,56.0,0.0,13.4,349.0,2.556840538045702,-13.153804258198697
2026-03-10 16:00:00,21.3,56.0,0.0,11.6,339.0,4.157068214725484,-10.82953294736754
2026-03-10 17:00:00,21.0,56.0,0.0,11.0,336.0,4.474103073833803,-10.049000034068609
2026-03-10 18:00:00,19.9,61.0,0.0,10.1,340.0,3.454403447589255,-9.490895469937673
2026-03-10 19:00:00,19.3,64.0,0.0,8.7,328.0,4.610297598828883,-7.378018436560906
2026-03-10 20:00:00,19.4,65.0,0.0,7.4,313.0,5.412017391981862,-5.046787864462489
2026-03-10 21:00:00,18.8,67.0,0.0,10.3,317.0,7.024583108643735,-7.5329431266774565
2026-03-10 22:00:00,17.9,71.0,0.0,8.0,335.0,3.3809460939255955,-7.2504622962931995
2026-03-10 23:00:00,17.6,71.0,0.0,7.4,331.0,3.587591189822895,-6.472185832831529
2026-03-11 00:00:00,17.0,72.0,0.0,6.7,329.0,3.450755101897363,-5.743020914704153
2026-03-11 01:00:00,16.7,73.0,0.0,6.0,307.0,4.791813060283757,-3.6108901389122896
2026-03-11 02:00:00,16.5,73.0,0.0,7.9,327.0,4.3026483766187145,-6.62549748676885
2026-03-11 03:00:00,15.9,75.0,0.0,8.4,332.0,3.9435611274014835,-7.416759780014986
2026-03-11 04:00:00,15.1,79.0,0.0,8.7,318.0,5.821436275322066,-6.46535998165333
2026-03-11 05:00:00,14.7,81.0,0.0,8.7,318.0,5.821436275322066,-6.46535998165333
2026-03-11 06:00:00,14.2,83.0,0.0,7.9,319.0,5.182866329025008,-5.962205683759899
2026-03-11 07:00:00,14.4,81.0,0.0,5.7,314.0,4.100236861930312,-3.9595527116162845
2026-03-11 08:00:00,16.7,73.0,0.0,4.4,322.0,2.7089104914328965,-3.467247315869577
2026-03-11 09:00:00,20.5,62.0,0.0,4.6,334.0,2.016507275229756,-4.134452612976168
2026-03-11 10:00:00,23.5,53.0,0.0,3.6,351.0,0.5631640741448314,-3.555678026142496
2026-03-11 11:00:00,25.7,47.0,0.0,1.9,343.0,0.5555062389731998,-1.8169790363297673
2026-03-11 12:00:00,27.3,43.0,0.0,2.7,233.0,2.1563158771276907,1.6249005625105304
2026-03-11 13:00:00,28.0,39.0,0.0,3.6,207.0,1.6343657990623686,3.207623487078124
2026-03-11 14:00:00,28.1,38.0,0.0,6.7,246.0,6.120754566205426,2.7251355086078615
2026-03-11 15:00:00,27.5,40.0,0.0,8.1,235.0,6.6351315587408335,4.645969134443472
2026-03-11 16:00:00,26.8,43.0,0.0,8.9,209.0,4.3148056201924,7.784115393540622
2026-03-11 17:00:00,25.2,48.0,0.0,11.5,197.0,3.362274604311473,10.997504693574907
2026-03-11 18:00:00,23.5,55.0,0.0,8.1,204.0,3.2945668089139817,7.399718206905066
2026-03-11 19:00:00,22.0,64.0,0.0,4.5,209.0,2.181643291108517,3.935788682127281
2026-03-11 20:00:00,21.3,72.0,0.0,2.0,270.0,2.0,0.0
2026-03-11 21:00:00,20.7,71.0,0.0,4.1,322.0,2.524212048835199,-3.23084408978756
2026-03-11 22:00:00,19.5,72.0,0.0,4.1,311.0,3.094309278913365,-2.6898420188610794
2026-03-11 23:00:00,19.0,72.0,0.0,5.4,318.0,3.6133052743378347,-4.012982057577929
2026-03-12 00:00:00,18.1,75.0,0.0,4.7,328.0,2.490620541896063,-3.9858260519352022
2026-03-12 01:00:00,17.5,79.0,0.0,3.5,336.0,1.4235782507653008,-3.197409101749103
2026-03-12 02:00:00,17.0,81.0,0.0,3.7,11.0,-0.7059932828932151,-3.632020578756357
2026-03-12 03:00:00,16.5,85.0,0.0,5.1,352.0,0.7097828148963339,-5.050367150582009
2026-03-12 04:00:00,16.1,87.0,0.0,5.4,345.0,1.397622843553612,-5.215999461960969
2026-03-12 05:00:00,15.9,88.0,0.0,5.6,339.0,2.006860517453682,-5.22805038838433
2026-03-12 06:00:00,15.5,90.0,0.0,6.2,334.0,2.7179011100922805,-5.572523087054836
2026-03-12 07:00:00,15.9,86.0,0.0,7.5,327.0,4.084792762612703,-6.29002925959068
2026-03-12 08:00:00,18.7,72.0,0.0,4.7,313.0,3.437362397610101,-3.205392292293743
2026-03-12 09:00:00,22.6,57.0,0.0,3.5,321.0,2.202621368674431,-2.720010865099398
2026-03-12 10:00:00,26.0,44.0,0.0,5.0,339.0,1.791839747726502,-4.667902132486009
2026-03-12 11:00:00,27.8,37.0,0.0,8.0,352.0,1.1133848076805237,-7.922144549932563
2026-03-12 12:00:00,29.0,32.0,0.0,8.2,9.0,-1.2827626133298944,-8.099044392880128
2026-03-12 13:00:00,29.6,30.0,0.0,8.1,21.0,-2.9027803913169357,-7.562001454627333
2026-03-12 14:00:00,30.1,28.0,0.0,8.1,25.0,-3.4232079200996632,-7.3410930749968655
2026-03-12 15:00:00,30.2,26.0,0.0,7.3,30.0,-3.650000000000003,-6.3219854476264
2026-03-12 16:00:00,28.7,28.0,0.0,11.9,1.0,-0.20768363660367362,-11.898187572361056
2026-03-12 17:00:00,26.2,33.0,0.0,13.1,359.0,0.22862652432841513,-13.098004806548726
2026-03-12 18:00:00,23.8,36.0,0.0,11.1,347.0,2.4969567032169007,-10.81550771911611
2026-03-12 19:00:00,21.2,39.0,0.0,13.5,335.0,5.705346533499442,-12.235155124994774
2026-03-12 20:00:00,19.6,49.0,0.0,15.1,331.0,7.32062526571969,-13.206757577804876
2026-03-12 21:00:00,18.0,53.0,0.0,12.1,327.0,6.590132323681828,-10.14791387213963
2026-03-12 22:00:00,16.9,54.0,0.0,10.2,316.0,7.085515378681771,-7.33726596345424
2026-03-12 23:00:00,16.0,54.0,0.0,9.8,308.0,7.722505385345875,-6.033482458191452
2026-03-13 00:00:00,15.4,55.0,0.0,7.4,299.0,6.472185832831529,-3.5875911898228945
2026-03-13 01:00:00,14.8,54.0,0.0,6.6,287.0,6.311611389356034,-1.9296532511700626
2026-03-13 02:00:00,14.4,52.0,0.0,4.8,301.0,4.114403043370139,-2.47218275956826
2026-03-13 03:00:00,14.0,50.0,0.0,6.5,309.0,5.05144874947031,-4.090582541823943
2026-03-13 04:00:00,13.6,53.0,0.0,6.6,315.0,4.666904755831213,-4.666904755831213
2026-03-13 05:00:00,13.1,61.0,0.0,5.0,308.0,3.9400537680336094,-3.0783073766282913
2026-03-13 06:00:00,12.6,64.0,0.0,4.6,312.0,3.4184661971960133,-3.0780007892507477
2026-03-13 07:00:00,13.1,55.0,0.0,7.4,304.0,6.134878036907308,-4.138027485683527
2026-03-13 08:00:00,16.1,38.0,0.0,3.2,267.0,3.1956145112146364,0.1674750599774203
2026-03-13 09:00:00,20.0,42.0,0.0,2.4,243.0,2.138415658052083,1.0895771993749122
2026-03-13 10:00:00,22.2,38.0,0.0,2.5,240.0,2.165063509461097,1.2499999999999998
2026-03-13 11:00:00,24.0,32.0,0.0,4.5,268.0,4.497258721585931,0.15704773516125436
2026-03-13 12:00:00,24.6,32.0,0.0,7.9,270.0,7.9,0.0
2026-03-13 13:00:00,24.5,35.0,0.0,10.4,260.0,10.242000631326963,1.8059410477360756
2026-03-13 14:00:00,24.2,38.0,0.0,11.5,235.0,9.420248509323406,6.596129018037029
2026-03-13 15:00:00,24.2,38.0,0.0,6.1,225.0,4.31335136523794,4.313351365237939
2026-03-13 16:00:00,24.0,38.0,0.0,5.5,203.0,2.1490212066910055,5.062776693988422
2026-03-13 17:00:00,23.0,41.0,0.0,9.5,182.0,0.33154521867376024,9.49421285668141
2026-03-13 18:00:00,21.5,47.0,0.0,13.1,179.0,-0.22862652432841354,13.098004806548726
2026-03-13 19:00:00,20.5,54.0,0.0,10.3,180.0,6.30693101560887e-16,10.3
2026-03-13 20:00:00,20.1,55.0,0.0,9.9,143.0,-5.957968729205279,7.906491549468198
2026-03-13 21:00:00,19.2,60.0,0.0,8.0,106.0,-7.690093567506551,2.2050988465359938
2026-03-13 22:00:00,18.1,64.0,0.0,9.1,80.0,-8.961750552411093,-1.5801984167690672
2026-03-13 23:00:00,16.9,66.0,0.0,9.1,73.0,-8.702373279263622,-2.6605825129769043
2026-03-14 00:00:00,16.2,64.0,0.0,7.7,81.0,-7.605200222582561,-1.2045453808097766
2026-03-14 01:00:00,15.9,61.0,0.0,6.4,98.0,-6.337715639946051,0.8907078461444181
2026-03-14 02:00:00,17.1,51.0,0.0,11.4,119.0,-9.970664661389112,5.526829670808244
2026-03-14 03:00:00,17.0,52.0,0.0,7.7,127.0,-6.149493427364156,4.633975678270771
2026-03-14 04:00:00,17.3,57.0,0.0,4.8,117.0,-4.276831316104166,2.1791543987498248
2026-03-14 05:00:00,17.0,60.0,0.0,3.8,98.0,-3.7630186612179672,0.5288577836482482
2026-03-14 06:00:00,15.3,65.0,0.0,3.1,90.0,-3.1,3.796405077356795e-16
2026-03-14 07:00:00,16.0,61.0,0.0,2.9,83.0,-2.878383839759834,-0.3534210958749272
2026-03-14 08:00:00,20.8,57.0,0.0,5.8,166.0,-1.403146994478073,5.627715212400779
2026-03-14 09:00:00,22.4,51.0,0.0,4.0,180.0,2.4492935982947064e-16,4.0
2026-03-14 10:00:00,24.2,44.0,0.0,2.7,200.0,0.9234543869793059,2.5371700761219524
2026-03-14 11:00:00,25.1,39.0,0.0,2.4,153.0,-1.089577199374912,2.138415658052083
2026-03-14 12:00:00,26.2,35.0,0.0,2.7,138.0,-1.8066526371689173,2.0064910287889646
2026-03-14 13:00:00,26.9,33.0,0.0,3.5,189.0,0.5475206276408082,3.456909192082982
2026-03-14 14:00:00,27.4,31.0,0.0,8.0,230.0,6.128355544951824,5.142300877492314
2026-03-14 15:00:00,27.0,32.0,0.0,9.3,233.0,7.427310243439824,5.596879715314049
2026-03-14 16:00:00,26.1,35.0,0.0,8.7,198.0,2.6884478510620426,8.274191691767834
2026-03-14 17:00:00,24.5,42.0,0.0,9.2,208.0,4.319138377630195,8.123117854302127
2026-03-14 18:00:00,23.0,51.0,0.0,8.8,226.0,6.330190242980131,6.1129936600391765
2026-03-14 19:00:00,22.4,56.0,0.0,7.7,229.0,5.811263767715345,5.051654523226906
2026-03-14 20:00:00,22.6,54.0,0.0,3.7,231.0,2.8754400573907923,2.3284854468843985
2026-03-14 21:00:00,22.0,56.0,0.0,1.9,214.0,1.062466516594419,1.5751713878545792
2026-03-14 22:00:00,21.5,59.0,0.0,1.3,164.0,-0.3583285625620988,1.2496402047198145
2026-03-14 23:00:00,19.9,67.0,0.0,3.1,114.0,-2.831990918692062,1.2608835935349814
2026-03-15 00:00:00,19.0,72.0,0.0,3.2,106.0,-3.0760374270026207,0.8820395386143975
2026-03-15 01:00:00,18.1,75.0,0.0,4.0,98.0,-3.9610722749662814,0.5566924038402613
2026-03-15 02:00:00,17.8,76.0,0.0,4.8,77.0,-4.676976310969129,-1.0797650608505518
2026-03-15 03:00:00,17.2,75.0,0.0,4.8,70.0,-4.51052457977236,-1.6416966879632096
2026-03-15 04:00:00,16.6,73.0,0.0,4.2,70.0,-3.9467090073008158,-1.4364846019678084
2026-03-15 05:00:00,16.0,72.0,0.0,2.9,60.0,-2.5114736709748717,-1.4500000000000002
2026-03-15 06:00:00,15.2,73.0,0.0,3.1,45.0,-2.192031021678298,-2.192031021678297
2026-03-15 07:00:00,16.4,66.0,0.0,3.1,50.0,-2.3747377736688318,-1.9926415900282717
2026-03-15 08:00:00,19.5,62.0,0.0,1.2,117.0,-1.0692078290260414,0.5447885996874562
2026-03-15 09:00:00,22.8,62.0,0.0,4.0,177.0,-0.20934382497177537,3.9945181390182953
2026-03-15 10:00:00,24.6,52.0,0.0,3.6,200.0,1.2312725159724078,3.38289343482927
2026-03-15 11:00:00,26.1,43.0,0.0,5.0,218.0,3.0783073766282913,3.94005376803361
2026-03-15 12:00:00,26.2,43.0,0.0,6.7,232.0,5.279672049165037,4.124931884681911
2026-03-15 13:00:00,25.9,46.0,0.0,8.5,242.0,7.505054539300879,3.990508283680072
2026-03-15 14:00:00,26.4,44.0,0.0,9.2,254.0,8.843607602632533,2.535863673516392
2026-03-15 15:00:00,26.5,42.0,0.0,5.9,272.0,5.896405879412665,-0.20590703054475573
2026-03-15 16:00:00,26.0,43.0,0.0,6.6,291.0,6.161630814881531,-2.365228466998982
2026-03-15 17:00:00,24.6,50.0,0.0,7.0,283.0,6.820590453496647,-1.574657380407055
2026-03-15 18:00:00,23.8,53.0,0.0,4.7,261.0,4.6421352007971475,0.7352419856890852
2026-03-15 19:00:00,23.2,55.0,0.0,2.2,222.0,1.4720873339894882,1.6349186160502676
2026-03-15 20:00:00,22.8,57.0,0.0,2.1,38.0,-1.292889098183882,-1.6548225825741165
2026-03-15 21:00:00,22.4,59.0,0.0,3.8,107.0,-3.633958072659535,1.111012477946399
2026-03-15 22:00:00,21.8,61.0,0.0,2.9,133.0,-2.1209257346955943,1.9777952441812459
2026-03-15 23:00:00,20.9,65.0,0.0,1.5,150.0,-0.7499999999999997,1.299038105676658
2026-03-16 00:00:00,20.0,70.0,0.0,1.5,173.0,-0.18280401510772104,1.4888192274619831
2026-03-16 01:00:00,19.1,75.0,0.0,1.5,173.0,-0.18280401510772104,1.4888192274619831
2026-03-16 02:00:00,19.0,73.0,0.0,1.9,107.0,-1.8169790363297675,0.5555062389731995
2026-03-16 03:00:00,18.6,75.0,0.0,1.4,140.0,-0.8999026535611551,1.0724622203665692
2026-03-16 04:00:00,18.1,77.0,0.0,1.2,129.0,-0.9325751537483651,0.7551844692598049
2026-03-16 05:00:00,17.5,79.0,0.0,1.2,141.0,-0.7551844692598048,0.9325751537483652
2026-03-16 06:00:00,17.2,80.0,0.0,3.1,183.0,0.1622414643531263,3.0957515577391788
2026-03-16 07:00:00,18.2,74.0,0.0,4.6,222.0,3.0780007892507477,3.4184661971960133
2026-03-16 08:00:00,21.5,60.0,0.0,2.0,207.0,0.9079809994790936,1.7820130483767356
2026-03-16 09:00:00,24.2,48.0,0.0,3.7,203.0,1.4457051754103127,3.4058679577740296
2026-03-16 10:00:00,26.0,42.0,0.0,1.9,209.0,0.9211382784680405,1.6617774435648518
2026-03-16 11:00:00,27.6,36.0,0.0,0.7000000000000001,90.0,-0.7000000000000001,8.572527594031473e-17
2026-03-16 12:00:00,29.0,30.0,0.0,1.0,22.0,-0.3746065934159123,-0.9271838545667873
2026-03-16 13:00:00,29.1,29.0,0.0,7.3,263.0,7.24558690698165,0.8896462068575766
2026-03-16 14:00:00,29.8,27.0,0.0,9.9,255.0,9.562665680261777,2.5623085465149553
2026-03-16 15:00:00,27.6,39.0,0.0,14.8,256.0,14.360376748884748,3.5804440548750827
2026-03-16 16:00:00,26.1,48.0,0.0,11.6,262.0,11.487109597402215,1.614407971136759
2026-03-16 17:00:00,25.3,51.0,0.0,7.2,288.0,6.8476069173251055,-2.2249223594996215
2026-03-16 18:00:00,24.1,57.0,0.0,7.4,302.0,6.275555911557553,-3.9214025553257166
2026-03-16 19:00:00,22.8,66.0,0.0,5.7,18.0,-1.7613968679372012,-5.421022142882375
2026-03-16 20:00:00,22.3,71.0,0.0,6.0,93.0,-5.991777208527443,0.31401573745766287
2026-03-16 21:00:00,21.8,74.0,0.0,2.4,144.0,-1.4106846055019353,1.9416407864998737
2026-03-16 22:00:00,21.8,73.0,0.0,2.2,180.0,1.3471114790620887e-16,2.2
2026-03-16 23:00:00,21.7,72.0,0.0,3.6,213.0,1.9607005260540975,3.0192140446035265
2026-03-17 00:00:00,21.7,70.0,0.0,4.5,233.0,3.5938597952128175,2.7081676041842173
2026-03-17 01:00:00,21.4,71.0,0.0,2.9,259.0,2.8467188319982255,0.5533460865919799
2026-03-17 02:00:00,21.5,70.0,0.0,2.4,144.0,-1.4106846055019353,1.9416407864998737
2026-03-17 03:00:00,21.0,72.0,0.0,3.6,150.0,-1.7999999999999992,3.1176914536239795
2026-03-17 04:00:00,20.2,76.0,0.0,5.2,164.0,-1.433314250248395,4.998560818879258
2026-03-17 05:00:00,19.5,78.0,0.0,5.8,176.0,-0.4045875477159269,5.78587149150698
2026-03-17 06:00:00,19.4,79.0,0.0,4.7,187.0,0.5727859140041932,4.664966912714213
2026-03-17 07:00:00,20.0,77.0,0.0,1.7000000000000002,103.0,-1.6564291101348998,0.3824167923845709
2026-03-17 08:00:00,21.9,68.0,0.0,1.9,139.0,-1.2465121550819636,1.433948202423267
2026-03-17 09:00:00,24.7,49.0,0.0,4.7,178.0,-0.1640276345017545,4.6971368869897505
2026-03-17 10:00:00,26.7,41.0,0.0,4.5,203.0,1.7582900782017317,4.142271840535981
2026-03-17 11:00:00,28.4,36.0,0.0,3.9,254.0,3.7489206141594438,1.0749856876862967
2026-03-17 12:00:00,30.0,30.0,0.0,2.2,336.0,0.8948206147667606,-2.0098000068137223
2026-03-17 13:00:00,31.1,28.0,0.0,4.4,235.0,3.604268994871564,2.523736319944603
2026-03-17 14:00:00,30.4,34.0,0.0,13.4,228.0,9.958140661397083,8.9663501252087
2026-03-17 15:00:00,29.1,37.0,0.0,11.5,230.0,8.809511095868247,7.392057511395201
2026-03-17 16:00:00,28.4,40.0,0.0,9.4,235.0,7.700029216316524,5.391618501699833
2026-03-17 17:00:00,26.6,47.0,0.0,10.7,247.0,9.849401931941111,4.180823074835229
2026-03-17 18:00:00,24.9,54.0,0.0,7.3,281.0,7.165878439167947,-1.392905666248777
2026-03-17 19:00:00,24.1,56.0,0.0,5.3,303.0,4.444954010110747,-2.8865868855796433
2026-03-17 20:00:00,24.0,54.0,0.0,6.1,337.0,2.3834598837845697,-5.6150796060598855
2026-03-17 21:00:00,23.2,56.0,0.0,3.6,300.0,3.1176914536239795,-1.7999999999999998
2026-03-17 22:00:00,22.1,60.0,0.0,3.1,298.0,2.7371375378626737,-1.4553618446362615
2026-03-17 23:00:00,21.5,61.0,0.0,3.1,3.0,-0.16224146435312736,-3.0957515577391788
2026-03-18 00:00:00,20.6,65.0,0.0,3.2,27.0,-1.4527695991665501,-2.851220877402777
2026-03-18 01:00:00,19.8,70.0,0.0,2.6,34.0,-1.453901549023941,-2.1554976886431088
2026-03-18 02:00:00,19.6,72.0,0.0,2.5,30.0,-1.250000000000001,-2.165063509461096
2026-03-18 03:00:00,19.1,74.0,0.0,3.1,31.0,-1.596618032221169,-2.6572186321765474
2026-03-18 04:00:00,18.9,75.0,0.0,2.9,7.0,-0.35342109587492676,-2.878383839759834
2026-03-18 05:00:00,18.5,77.0,0.0,2.4,347.0,0.5398825304252758,-2.3384881554845647
2026-03-18 06:00:00,18.3,77.0,0.0,2.6,12.0,-0.5405703961261754,-2.5431837619078945
2026-03-18 07:00:00,20.0,68.0,0.0,3.5,9.0,-0.5475206276408087,-3.456909192082982
2026-03-18 08:00:00,23.5,48.0,0.0,0.0,270.0,0.0,0.0
2026-03-18 09:00:00,26.5,38.0,0.0,2.1,121.0,-1.8000513314744357,1.0815799573111142
2026-03-18 10:00:00,28.2,37.0,0.0,2.1,110.0,-1.9733545036504077,0.7182423009839046
2026-03-18 11:00:00,29.9,33.0,0.0,2.2,114.0,-2.009800006813722,0.894820614766761
2026-03-18 12:00:00,31.4,31.0,0.0,2.6,155.0,-1.0988074805258183,2.35640024629529
2026-03-18 13:00:00,32.0,31.0,0.0,7.5,207.0,3.404928748046601,6.682548931412758
2026-03-18 14:00:00,32.0,30.0,0.0,11.7,216.0,6.877087451821935,9.465498834186885
2026-03-18 15:00:00,30.5,40.0,0.0,14.4,210.0,7.200000000000002,12.470765814495916
2026-03-18 16:00:00,29.1,47.0,0.0,13.0,204.0,5.287576359985403,11.876090949353811
2026-03-18 17:00:00,27.6,55.0,0.0,11.3,197.0,3.303800263366926,10.806243742382302
2026-03-18 18:00:00,26.1,60.0,0.0,8.3,198.0,2.564841053312064,7.893769085249775
2026-03-18 19:00:00,25.0,66.0,0.0,5.3,192.0,1.101931961334125,5.18418228388917
2026-03-18 20:00:00,25.0,65.0,0.0,1.7000000000000002,162.0,-0.5253288904374105,1.6167960777017614
2026-03-18 21:00:00,24.3,68.0,0.0,1.4,220.0,0.8999026535611551,1.0724622203665692
2026-03-18 22:00:00,23.5,72.0,0.0,1.5,300.0,1.299038105676658,-0.7499999999999999
2026-03-18 23:00:00,23.0,76.0,0.0,3.6,340.0,1.2312725159724078,-3.38289343482927
2026-03-19 00:00:00,22.2,80.0,0.0,2.9,338.0,1.0863591209061447,-2.6888331782436836
2026-03-19 01:00:00,21.4,85.0,0.0,2.3,299.0,2.01162532642061,-1.1150621265665752
2026-03-19 02:00:00,21.2,85.0,0.0,4.1,331.0,1.987719443009982,-3.585940799271522
2026-03-19 03:00:00,20.5,85.0,0.0,6.7,341.0,2.1813066348629504,-6.334974456515423
2026-03-19 04:00:00,20.0,81.0,0.0,6.9,335.0,2.9160660060108263,-6.253523730552885
2026-03-19 05:00:00,19.5,78.0,0.0,6.6,325.0,3.7856044799169046,-5.406403492307345
2026-03-19 06:00:00,19.3,79.0,0.0,4.8,329.0,2.47218275956826,-4.114403043370139
2026-03-19 07:00:00,20.5,73.0,0.0,5.7,328.0,3.020539806129268,-4.8338741480916285
2026-03-19 08:00:00,24.8,49.0,0.0,4.8,13.0,-1.0797650608505531,-4.6769763109691285
2026-03-19 09:00:00,27.1,51.0,0.0,7.4,357.0,0.3872860761977854,-7.389858557183847
2026-03-19 10:00:00,29.2,42.0,0.0,7.7,351.0,1.2045453808097781,-7.605200222582561
2026-03-19 11:00:00,31.0,37.0,0.0,7.6,3.0,-0.39775326744637673,-7.589584464134761
2026-03-19 12:00:00,32.2,32.0,0.0,5.0,360.0,3.061616997868383e-16,-5.0
2026-03-19 13:00:00,30.9,40.0,0.0,10.0,276.0,9.945218953682733,-1.0452846326765348
2026-03-19 14:00:00,30.5,44.0,0.0,13.7,271.0,13.697913423642559,-0.2390979681907841
2026-03-19 15:00:00,29.6,48.0,1.1,11.4,266.0,11.372230172961997,0.7952238006830284
2026-03-19 16:00:00,29.0,49.0,0.6,8.8,272.0,8.794639277768043,-0.30711557098200853
2026-03-19 17:00:00,28.0,52.0,0.3,6.8,320.0,4.370955745868468,-5.20910221320905
2026-03-19 18:00:00,27.0,55.0,0.0,4.2,353.0,0.5118512423016195,-4.168693836893553
2026-03-19 19:00:00,26.4,57.0,0.0,4.7,332.0,2.206516345093687,-4.149853686436956
2026-03-19 20:00:00,25.3,61.0,0.0,8.6,337.0,3.360287705007754,-7.916341739690987
2026-03-19 21:00:00,24.3,64.0,0.0,9.1,338.0,3.4089200000847986,-8.437373076557765
2026-03-19 22:00:00,23.2,68.0,0.0,8.6,330.0,4.300000000000001,-7.447818472546172
2026-03-19 23:00:00,22.4,71.0,0.0,7.2,333.0,3.268731598124737,-6.415246974156248
2026-03-20 00:00:00,21.8,74.0,0.0,6.0,321.0,3.775922346299025,-4.662875768741825
2026-03-20 01:00:00,21.0,78.0,0.0,6.6,325.0,3.7856044799169046,-5.406403492307345
2026-03-20 02:00:00,20.1,83.0,0.0,6.2,324.0,3.6442685642133337,-5.0159053651246746
2026-03-20 03:00:00,19.5,86.0,0.0,7.6,315.0,5.374011537017761,-5.37401153701776
2026-03-20 04:00:00,19.0,88.0,0.0,4.9,306.0,3.9641832724372428,-2.8801477362331185
2026-03-20 05:00:00,18.7,89.0,0.0,6.4,328.0,3.3914832910925115,-5.4275078154011265
2026-03-20 06:00:00,18.5,91.0,0.0,6.2,327.0,3.376762017093168,-5.199757521261629
2026-03-20 07:00:00,19.0,87.0,0.0,5.4,330.0,2.7000000000000006,-4.676537180435969
2026-03-20 08:00:00,21.6,76.0,0.0,1.8,294.0,1.6443818237566816,-0.7321259575364404
2026-03-20 09:00:00,25.5,57.0,0.0,0.9,233.0,0.7187719590425635,0.5416335208368435
2026-03-20 10:00:00,28.5,44.0,0.0,3.0,205.0,1.2678547852220983,2.7189233611099497
2026-03-20 11:00:00,30.8,37.0,0.0,4.2,211.0,2.1631599146222276,3.600102662948872
2026-03-20 12:00:00,31.8,35.0,0.0,5.9,215.0,3.3841009744711728,4.8329970613050515
2026-03-20 13:00:00,31.9,37.0,0.0,9.6,221.0,6.29816667830887,7.245211970138611
2026-03-20 14:00:00,31.0,41.0,0.0,10.6,231.0,8.23774719144389,6.670796145128276
2026-03-20 15:00:00,30.2,44.0,0.1,9.9,245.0,8.972447091662834,4.183920791232925
2026-03-20 16:00:00,29.0,49.0,0.0,9.9,251.0,9.360633898433237,3.2231247291258516
2026-03-20 17:00:00,27.5,54.0,0.0,7.4,256.0,7.180188374442374,1.7902220274375413
2026-03-20 18:00:00,26.3,58.0,0.0,4.7,270.0,4.7,0.0
2026-03-20 19:00:00,25.5,60.0,0.0,5.4,278.0,5.34744757120448,-0.7515347451843534
2026-03-20 20:00:00,25.4,60.0,0.0,9.5,327.0,5.174070832642757,-7.967370395481528
2026-03-20 21:00:00,24.4,63.0,0.0,10.8,345.0,2.795245687107224,-10.431998923921938
2026-03-20 22:00:00,23.4,67.0,0.0,10.3,341.0,3.3533519909087146,-9.738841328672963
2026-03-20 23:00:00,22.5,70.0,0.0,8.7,336.0,3.5386087947594613,-7.947845481490627
2026-03-21 00:00:00,22.0,73.0,0.0,7.5,333.0,3.404928748046601,-6.682548931412758
2026-03-21 01:00:00,21.2,76.0,0.0,7.9,344.0,2.1775351109542935,-7.59396739791272
2026-03-21 02:00:00,20.8,79.0,0.0,7.9,339.0,2.831106801407873,-7.375285369327894
2026-03-21 03:00:00,20.3,82.0,0.0,8.0,320.0,5.142300877492315,-6.128355544951824
2026-03-21 04:00:00,19.9,84.0,0.0,8.4,332.0,3.9435611274014835,-7.416759780014986
2026-03-21 05:00:00,19.6,85.0,0.0,7.4,328.0,3.9214025553257166,-6.275555911557553
2026-03-21 06:00:00,19.5,86.0,0.0,4.4,325.0,2.5237363199446032,-3.604268994871564
2026-03-21 07:00:00,20.0,82.0,0.0,5.4,291.0,5.04133430308489,-1.9351869275446216
2026-03-21 08:00:00,22.6,70.0,0.0,3.2,304.0,2.6529202321761334,-1.7894172911063901
2026-03-21 09:00:00,26.0,56.0,0.0,1.8,294.0,1.6443818237566816,-0.7321259575364404
2026-03-21 10:00:00,28.9,46.0,0.0,1.7000000000000002,342.0,0.5253288904374107,-1.6167960777017611
2026-03-21 11:00:00,31.0,40.0,0.0,1.9,17.0,-0.5555062389732005,-1.816979036329767
2026-03-21 12:00:00,32.5,36.0,0.0,2.3,247.0,2.117161162940613,0.8986815955253296
2026-03-21 13:00:00,32.7,36.0,0.0,6.3,243.0,5.613341102386718,2.8601401483591444
2026-03-21 14:00:00,32.7,36.0,0.0,9.5,271.0,9.498553103985717,-0.16579786115419337
2026-03-21 15:00:00,32.2,37.0,0.0,9.8,265.0,9.762708041299106,0.8541262789270501
2026-03-21 16:00:00,30.5,41.0,0.0,8.5,268.0,8.494822029662314,0.2966457219712582
2026-03-21 17:00:00,28.6,48.0,0.8,5.9,317.0,4.023790324368742,-4.314986839553106
2026-03-21 18:00:00,27.0,55.0,0.4,4.9,28.0,-2.3004106576508647,-4.326443205008743
2026-03-21 19:00:00,26.2,58.0,0.0,6.2,15.0,-1.604678079635628,-5.9887401229922235
2026-03-21 20:00:00,26.0,58.0,0.0,6.7,352.0,0.9324597764324386,-6.6347960605685214
2026-03-21 21:00:00,24.6,60.0,0.0,8.6,324.0,5.054953169715269,-6.957546151624547
2026-03-21 22:00:00,23.1,65.0,0.0,8.0,324.0,4.702282018339785,-6.47213595499958
2026-03-21 23:00:00,22.0,70.0,0.0,8.5,328.0,4.504313745982242,-7.20840881732962
2026-03-22 00:00:00,20.2,80.0,0.0,4.8,13.0,-1.0797650608505531,-4.6769763109691285
2026-03-22 01:00:00,19.9,82.0,0.0,5.2,12.0,-1.0811407922523508,-5.086367523815789
2026-03-22 02:00:00,19.7,83.0,0.0,5.1,8.0,-0.7097828148963357,-5.050367150582008
2026-03-22 03:00:00,19.7,83.0,0.0,5.1,4.0,-0.35575801609504043,-5.087576656325103
2026-03-22 04:00:00,19.9,82.0,0.0,4.7,4.0,-0.32785542659739025,-4.688551036221174
2026-03-22 05:00:00,20.2,81.0,0.0,4.7,356.0,0.3278554265973886,-4.688551036221174
2026-03-22 06:00:00,20.7,79.0,0.0,4.0,350.0,0.6945927106677217,-3.939231012048832
2026-03-22 07:00:00,21.3,76.0,0.0,3.9,338.0,1.4609657143220567,-3.616017032810471
2026-03-22 08:00:00,22.0,74.0,0.0,3.6,323.0,2.1665340833473743,-2.875087836170254
2026-03-22 09:00:00,23.0,71.0,0.0,3.7,299.0,3.2360929164157644,-1.7937955949114472
2026-03-22 10:00:00,24.3,66.0,0.0,5.1,274.0,5.087576656325103,-0.35575801609503904
2026-03-22 11:00:00,25.7,62.0,0.0,7.0,258.0,6.84703320513664,1.4553818357243153
2026-03-22 12:00:00,27.1,57.0,0.0,8.8,251.0,8.320563465273988,2.8649997592229792
2026-03-22 13:00:00,28.0,54.0,0.0,10.2,247.0,9.389149505214892,3.9854575105905923
2026-03-22 14:00:00,28.5,53.0,0.0,10.6,246.0,9.683581851011569,4.311408416603482
2026-03-22 15:00:00,28.2,54.0,0.0,9.8,246.0,8.95274548489749,3.9860191021428424
2026-03-22 16:00:00,27.5,58.0,0.0,8.4,250.0,7.8934180146016315,2.872969203935617
2026-03-22 17:00:00,26.4,63.0,0.0,6.3,257.0,6.1385314081469815,1.4171916423663495
2026-03-22 18:00:00,25.1,68.0,0.0,4.0,275.0,3.984778792366982,-0.34862297099063266
2026-03-22 19:00:00,24.0,73.0,0.0,2.6,304.0,2.1554976886431083,-1.453901549023942
2026-03-22 20:00:00,23.1,76.0,0.0,2.7,337.0,1.0549740469210391,-2.485363104321589
2026-03-22 21:00:00,22.4,78.0,0.0,2.9,353.0,0.3534210958749277,-2.8783838397598336
2026-03-22 22:00:00,21.7,80.0,0.0,2.9,7.0,-0.35342109587492676,-2.878383839759834
2026-03-22 23:00:00,21.2,82.0,0.0,3.0,14.0,-0.7257656867990033,-2.9108871788279895
2026-03-23 00:00:00,20.7,83.0,0.0,2.6,16.0,-0.7166571251241971,-2.4992804094396295
2026-03-23 01:00:00,20.4,83.0,0.0,2.7,23.0,-1.0549740469210394,-2.4853631043215887
2026-03-23 02:00:00,20.3,83.0,0.0,2.7,23.0,-1.0549740469210394,-2.4853631043215887
2026-03-23 03:00:00,20.4,82.0,0.0,3.1,21.0,-1.1109406435904323,-2.894099322141325
2026-03-23 04:00:00,20.7,80.0,0.0,3.4,18.0,-1.0506577808748216,-3.233592155403522
2026-03-23 05:00:00,21.2,78.0,0.0,3.8,17.0,-1.111012477946401,-3.633958072659534
2026-03-23 06:00:00,21.7,75.0,0.0,4.0,10.0,-0.6945927106677213,-3.939231012048832
2026-03-23 07:00:00,22.4,73.0,0.0,4.0,5.0,-0.348622970990633,-3.984778792366982
2026-03-23 08:00:00,23.1,70.0,0.0,4.0,355.0,0.34862297099063255,-3.984778792366982
2026-03-23 09:00:00,24.0,67.0,0.0,4.0,333.0,1.8159619989581872,-3.564026096753471
2026-03-23 10:00:00,25.1,64.0,0.0,4.6,309.0,3.5748714227020657,-2.8948737988292517
2026-03-23 11:00:00,26.4,60.0,0.0,6.2,291.0,5.788198644282651,-2.2218812871808615
2026-03-23 12:00:00,27.5,57.0,0.0,8.0,278.0,7.922144549932563,-1.1133848076805235
2026-03-23 13:00:00,28.3,55.0,0.0,9.4,274.0,9.377102072442348,-0.6557108531947778
2026-03-23 14:00:00,28.7,54.0,0.0,10.1,272.0,10.093847352892867,-0.3524849166952598
2026-03-23 15:00:00,28.4,56.0,0.1,9.7,274.0,9.676371287520293,-0.6766377953180154
2026-03-23 16:00:00,27.7,59.0,0.1,8.8,279.0,8.691657397237213,-1.3766232923540318
2026-03-23 17:00:00,26.8,63.0,0.1,7.5,287.0,7.172285669722766,-2.192787785420526
2026-03-23 18:00:00,25.7,68.0,0.1,6.3,301.0,5.400153994423308,-3.244739871933341
2026-03-23 19:00:00,24.6,72.0,0.1,5.4,318.0,3.6133052743378347,-4.012982057577929
2026-03-23 20:00:00,23.8,75.0,0.1,5.0,330.0,2.5000000000000004,-4.330127018922193
2026-03-23 21:00:00,23.2,77.0,0.0,4.7,337.0,1.8364363038995866,-4.32637281122647
2026-03-23 22:00:00,22.6,79.0,0.0,4.5,346.0,1.0886485301985045,-4.366330768241984
2026-03-23 23:00:00,22.1,81.0,0.0,4.0,355.0,0.34862297099063255,-3.984778792366982
2026-03-24 00:00:00,21.7,82.0,0.0,4.0,5.0,-0.348622970990633,-3.984778792366982
2026-03-24 01:00:00,21.4,82.0,0.0,3.7,11.0,-0.7059932828932151,-3.632020578756357
2026-03-24 02:00:00,21.3,82.0,0.0,3.3,13.0,-0.7423384793347553,-3.215421213791276
2026-03-24 03:00:00,21.4,81.0,0.0,3.3,13.0,-0.7423384793347553,-3.215421213791276
2026-03-24 04:00:00,21.6,80.0,0.0,3.0,14.0,-0.7257656867990033,-2.9108871788279895
2026-03-24 05:00:00,22.0,78.0,0.0,2.9,7.0,-0.35342109587492676,-2.878383839759834
2026-03-24 06:00:00,22.5,76.0,0.0,2.5,360.0,1.5308084989341916e-16,-2.5
2026-03-24 07:00:00,23.0,73.0,0.0,2.6,344.0,0.7166571251241979,-2.499280409439629
2026-03-24 08:00:00,23.6,71.0,0.0,2.6,326.0,1.4539015490239418,-2.1554976886431088
2026-03-24 09:00:00,24.5,68.0,0.0,3.4,302.0,2.883363526931848,-1.8017254983928965
2026-03-24 10:00:00,25.6,65.0,0.0,4.8,283.0,4.676976310969129,-1.079765060850552
2026-03-24 11:00:00,26.8,61.0,0.0,6.8,273.0,6.790680836331102,-0.3558845024520181
2026-03-24 12:00:00,27.8,58.0,0.0,8.6,270.0,8.6,0.0
2026-03-24 13:00:00,28.6,56.0,0.0,10.1,268.0,10.093847352892867,0.3524849166952598
2026-03-24 14:00:00,28.9,56.0,0.0,10.8,268.0,10.793420931806235,0.3769145643870105
2026-03-24 15:00:00,28.6,58.0,0.1,10.4,272.0,10.393664600998596,-0.3629547657060101
2026-03-24 16:00:00,27.8,62.0,0.1,9.8,278.0,9.70462707366739,-1.3638963894086413
2026-03-24 17:00:00,26.8,67.0,0.1,8.8,289.0,8.320563465273988,-2.8649997592229792
2026-03-24 18:00:00,25.6,72.0,0.1,7.6,301.0,6.5144714853360535,-3.9142893693164114
2026-03-24 19:00:00,24.5,77.0,0.1,7.4,317.0,5.046787864462489,-5.412017391981862
2026-03-24 20:00:00,23.6,80.0,0.1,7.3,327.0,3.9758649556096977,-6.122295146001595
2026-03-24 21:00:00,23.0,82.0,0.0,7.2,333.0,3.268731598124737,-6.415246974156248
2026-03-24 22:00:00,22.4,83.0,0.0,7.0,339.0,2.5085756468171025,-6.535062985480412
2026-03-24 23:00:00,22.0,84.0,0.0,6.5,341.0,2.116193003971519,-6.145870741395559
2026-03-25 00:00:00,21.6,83.0,0.0,6.4,344.0,1.7640790772287946,-6.1520748540052415
2026-03-25 01:00:00,21.4,83.0,0.0,5.9,346.0,1.4273391840380394,-5.7247447850283795
2026-03-25 02:00:00,21.3,82.0,0.0,5.9,346.0,1.4273391840380394,-5.7247447850283795
2026-03-25 03:00:00,21.5,80.0,0.0,6.3,347.0,1.4171916423663489,-6.1385314081469815
2026-03-25 04:00:00,21.8,78.0,0.0,6.3,347.0,1.4171916423663489,-6.1385314081469815
2026-03-25 05:00:00,22.2,75.0,0.0,7.1,345.0,1.8376152202278973,-6.858073366652385
2026-03-25 06:00:00,22.8,72.0,0.0,7.5,343.0,2.192787785420526,-7.172285669722766
2026-03-25 07:00:00,23.4,69.0,0.0,8.1,339.0,2.902780391316933,-7.5620014546273335
2026-03-25 08:00:00,24.2,66.0,0.0,8.4,335.0,3.5499933986218752,-7.61298541110786
2026-03-25 09:00:00,25.2,63.0,0.0,8.9,328.0,4.716281451675524,-7.547628055792192
2026-03-25 10:00:00,26.5,58.0,0.0,10.0,319.0,6.560590289905073,-7.54709580222772
2026-03-25 11:00:00,27.9,54.0,0.0,11.5,311.0,8.679160172561879,-7.544678833390834
2026-03-25 12:00:00,29.2,51.0,0.0,12.4,306.0,10.031810730249349,-7.288537128426667
2026-03-25 13:00:00,30.2,48.0,0.0,13.6,302.0,11.533454107727392,-7.206901993571586
2026-03-25 14:00:00,30.5,48.0,0.0,13.7,300.0,11.864548031846809,-6.849999999999999
2026-03-25 15:00:00,30.0,50.0,0.0,12.9,300.0,11.17172770881926,-6.449999999999999
2026-03-25 16:00:00,29.0,55.0,0.0,11.3,301.0,9.68599049793387,-5.8199302464836125
2026-03-25 17:00:00,27.6,61.0,0.0,9.6,304.0,7.958760696528399,-5.36825187331917
2026-03-25 18:00:00,26.0,67.0,0.0,7.4,309.0,5.750880114781585,-4.656970893768797
2026-03-25 19:00:00,24.6,73.0,0.0,5.6,315.0,3.9597979746446663,-3.9597979746446654
2026-03-25 20:00:00,23.5,77.0,0.0,4.4,325.0,2.5237363199446032,-3.604268994871564
2026-03-25 21:00:00,22.8,80.0,0.0,3.5,336.0,1.4235782507653008,-3.197409101749103
2026-03-25 22:00:00,22.1,82.0,0.0,3.1,339.0,1.1109406435904312,-2.8940993221413254
2026-03-25 23:00:00,21.5,84.0,0.0,2.5,352.0,0.34793275240016364,-2.475670171853926
2026-03-26 00:00:00,21.1,85.0,0.0,2.2,360.0,1.3471114790620887e-16,-2.2
2026-03-26 01:00:00,20.8,86.0,0.0,2.2,9.0,-0.3441558230885083,-2.172914349309303
2026-03-26 02:00:00,20.7,86.0,0.0,1.8,11.0,-0.3434561916777803,-1.7669289302057951
2026-03-26 03:00:00,20.8,85.0,0.0,1.8,11.0,-0.3434561916777803,-1.7669289302057951
2026-03-26 04:00:00,21.2,84.0,0.0,1.9,22.0,-0.7117525274902333,-1.7616493236768958
2026-03-26 05:00:00,21.6,81.0,0.0,1.9,22.0,-0.7117525274902333,-1.7616493236768958
2026-03-26 06:00:00,22.2,79.0,0.0,1.8,11.0,-0.3434561916777803,-1.7669289302057951
2026-03-26 07:00:00,22.9,76.0,0.0,1.4,360.0,8.572527594031472e-17,-1.4
2026-03-26 08:00:00,23.6,73.0,0.0,1.6,333.0,0.726384799583275,-1.4256104387013886
2026-03-26 09:00:00,24.6,70.0,0.0,2.4,297.0,2.138415658052083,-1.0895771993749122
2026-03-26 10:00:00,25.8,65.0,0.0,4.4,279.0,4.3458286986186065,-0.6883116461770159
2026-03-26 11:00:00,27.1,61.0,0.0,6.8,270.0,6.8,0.0
2026-03-26 12:00:00,28.3,57.0,0.0,9.0,268.0,8.994517443171862,0.31409547032250873
2026-03-26 13:00:00,29.2,54.0,0.0,10.8,266.0,10.773691742806102,0.7533699164365533
2026-03-26 14:00:00,29.6,53.0,0.0,11.5,266.0,11.471986577987979,0.802199448057441
2026-03-26 15:00:00,29.3,55.0,0.1,11.2,268.0,11.193177262613872,0.3908743630680108
2026-03-26 16:00:00,28.4,59.0,0.1,10.1,272.0,10.093847352892867,-0.3524849166952598
2026-03-26 17:00:00,27.3,64.0,0.1,8.8,279.0,8.691657397237213,-1.3766232923540318
2026-03-26 18:00:00,26.0,69.0,0.1,6.8,288.0,6.467184310807044,-2.1013155617496424
2026-03-26 19:00:00,24.8,74.0,0.1,6.0,303.0,5.032023407672544,-3.2678342100901627
2026-03-26 20:00:00,24.0,78.0,0.1,5.1,315.0,3.6062445840513924,-3.606244584051392
2026-03-26 21:00:00,23.4,80.0,0.0,4.7,328.0,2.490620541896063,-3.9858260519352022
2026-03-26 22:00:00,22.9,82.0,0.0,4.0,333.0,1.8159619989581872,-3.564026096753471
2026-03-26 23:00:00,22.5,84.0,0.0,3.8,343.0,1.1110124779463997,-3.6339580726595346
2026-03-27 00:00:00,22.2,84.0,0.0,3.3,354.0,0.3449439287832564,-3.2819222547153015
2026-03-27 01:00:00,22.0,85.0,0.0,3.2,360.0,1.9594348786357652e-16,-3.2
2026-03-27 02:00:00,22.0,84.0,0.0,3.2,360.0,1.9594348786357652e-16,-3.2
2026-03-27 03:00:00,22.2,83.0,0.0,3.6,360.0,2.2043642384652358e-16,-3.6
2026-03-27 04:00:00,22.5,80.0,0.0,3.6,354.0,0.3763024677635525,-3.580278823325784
2026-03-27 05:00:00,23.0,77.0,0.0,4.4,351.0,0.6883116461770161,-4.3458286986186065
2026-03-27 06:00:00,23.5,74.0,0.0,4.9,343.0,1.4326213531414103,-4.685893304218874
2026-03-27 07:00:00,24.2,70.0,0.0,5.5,337.0,2.1490212066910055,-5.062776693988422
2026-03-27 08:00:00,24.9,67.0,0.0,6.3,329.0,3.244739871933341,-5.400153994423308
2026-03-27 09:00:00,25.8,63.0,0.0,7.4,321.0,4.656970893768798,-5.750880114781585
2026-03-27 10:00:00,27.0,59.0,0.0,9.2,312.0,6.836932394392027,-6.156001578501495
2026-03-27 11:00:00,28.3,55.0,0.0,11.3,307.0,9.02458126353441,-6.800509761618146
2026-03-27 12:00:00,29.4,51.0,0.0,13.3,303.0,11.154318553674141,-7.24369916569986
2026-03-27 13:00:00,30.2,49.0,0.0,14.7,301.0,12.60035932032105,-7.571059701177796
2026-03-27 14:00:00,30.5,48.0,0.0,15.3,300.0,13.250188677901912,-7.6499999999999995
2026-03-27 15:00:00,30.1,50.0,0.0,15.0,300.0,12.99038105676658,-7.499999999999999
2026-03-27 16:00:00,29.1,54.0,0.0,13.8,303.0,11.573653837646852,-7.516018683207374
2026-03-27 17:00:00,27.8,60.0,0.0,11.8,308.0,9.29852689255932,-7.2648054088427685
2026-03-27 18:00:00,26.4,66.0,0.0,9.9,314.0,7.121464023352647,-6.877117867544073
2026-03-27 19:00:00,25.1,71.0,0.0,8.7,322.0,5.356254835333226,-6.855693556378481
2026-03-27 20:00:00,24.1,75.0,0.0,7.6,329.0,3.9142893693164114,-6.5144714853360535
2026-03-27 21:00:00,23.3,77.0,0.0,6.9,332.0,3.239353783222647,-6.092338390726596
2026-03-27 22:00:00,22.7,79.0,0.0,6.6,338.0,2.4724035165450187,-6.1194134401407965
2026-03-27 23:00:00,22.1,80.0,0.0,6.0,343.0,1.7542302283364206,-5.737828535778212
2026-03-28 00:00:00,21.7,81.0,0.0,5.9,346.0,1.4273391840380394,-5.7247447850283795
2026-03-28 01:00:00,21.4,81.0,0.0,5.6,345.0,1.4493866525741161,-5.4091846272187825
2026-03-28 02:00:00,21.3,81.0,0.0,5.2,348.0,1.0811407922523493,-5.086367523815789
2026-03-28 03:00:00,21.4,80.0,0.0,4.7,351.0,0.7352419856890854,-4.6421352007971475
2026-03-28 04:00:00,21.8,78.0,0.0,4.4,351.0,0.6883116461770161,-4.3458286986186065
2026-03-28 05:00:00,22.2,76.0,0.0,3.6,354.0,0.3763024677635525,-3.580278823325784
2026-03-28 06:00:00,22.8,74.0,0.0,3.3,354.0,0.3449439287832564,-3.2819222547153015
2026-03-28 07:00:00,23.4,71.0,0.0,2.6,344.0,0.7166571251241979,-2.499280409439629
2026-03-28 08:00:00,24.1,69.0,0.0,2.6,326.0,1.4539015490239418,-2.1554976886431088
2026-03-28 09:00:00,24.9,66.0,0.0,3.1,306.0,2.5079526825623373,-1.8221342821066668
2026-03-28 10:00:00,25.8,63.0,0.0,4.8,283.0,4.676976310969129,-1.079765060850552
2026-03-28 11:00:00,26.9,60.0,0.0,6.8,273.0,6.790680836331102,-0.3558845024520181
2026-03-28 12:00:00,27.8,57.0,0.0,8.6,270.0,8.6,0.0
2026-03-28 13:00:00,28.5,55.0,0.0,10.1,268.0,10.093847352892867,0.3524849166952598
2026-03-28 14:00:00,28.7,55.0,0.0,10.8,268.0,10.793420931806235,0.3769145643870105
2026-03-28 15:00:00,28.4,57.0,0.2,10.4,270.0,10.4,0.0
2026-03-28 16:00:00,27.7,60.0,0.2,9.0,275.0,8.96575228282571,-0.7844016847289235
2026-03-28 17:00:00,26.7,65.0,0.2,7.1,285.0,6.858073366652385,-1.8376152202278973
2026-03-28 18:00:00,25.5,70.0,0.2,5.8,300.0,5.022947341949744,-2.8999999999999995
2026-03-28 19:00:00,24.5,74.0,0.2,4.8,318.0,3.2118269105225195,-3.5670951622914924
2026-03-28 20:00:00,23.7,77.0,0.2,4.7,337.0,1.8364363038995866,-4.32637281122647
2026-03-28 21:00:00,23.1,79.0,0.1,4.8,347.0,1.0797650608505516,-4.676976310969129
2026-03-28 22:00:00,22.6,81.0,0.1,4.7,351.0,0.7352419856890854,-4.6421352007971475
2026-03-28 23:00:00,22.2,82.0,0.1,4.3,355.0,0.37476969381492997,-4.283637201794505
2026-03-29 00:00:00,21.8,83.0,0.1,4.3,355.0,0.37476969381492997,-4.283637201794505
2026-03-29 01:00:00,21.6,83.0,0.1,4.0,355.0,0.34862297099063255,-3.984778792366982
2026-03-29 02:00:00,21.5,83.0,0.1,4.0,355.0,0.34862297099063255,-3.984778792366982
2026-03-29 03:00:00,21.6,82.0,0.0,4.0,355.0,0.34862297099063255,-3.984778792366982
2026-03-29 04:00:00,21.8,81.0,0.0,4.0,355.0,0.34862297099063255,-3.984778792366982
2026-03-29 05:00:00,22.1,79.0,0.0,4.0,350.0,0.6945927106677217,-3.939231012048832
2026-03-29 06:00:00,22.5,77.0,0.0,4.1,345.0,1.061158084920335,-3.96029588778518
2026-03-29 07:00:00,23.0,74.0,0.0,4.2,340.0,1.436484601967809,-3.9467090073008153
2026-03-29 08:00:00,23.5,72.0,0.0,4.2,329.0,2.1631599146222276,-3.600102662948872
2026-03-29 09:00:00,24.3,69.0,0.0,4.6,315.0,3.2526911934581184,-3.252691193458118
2026-03-29 10:00:00,25.4,65.0,0.0,5.6,297.0,4.98963653545486,-2.5423467985414616
2026-03-29 11:00:00,26.6,61.0,0.0,7.0,282.0,6.84703320513664,-1.4553818357243153
2026-03-29 12:00:00,27.7,57.0,0.0,8.3,275.0,8.268415994161488,-0.7233926648055629
2026-03-29 13:00:00,28.5,55.0,0.0,9.7,272.0,9.694091022085228,-0.3385251180142594
2026-03-29 14:00:00,28.8,54.0,0.0,10.1,270.0,10.1,0.0
2026-03-29 15:00:00,28.5,56.0,0.1,9.7,272.0,9.694091022085228,-0.3385251180142594
2026-03-29 16:00:00,27.8,59.0,0.1,8.7,277.0,8.6351515192795,-1.060263287624783
2026-03-29 17:00:00,26.8,63.0,0.1,7.4,284.0,7.180188374442374,-1.7902220274375413
2026-03-29 18:00:00,25.7,68.0,0.1,6.4,297.0,5.702441754805555,-2.9055391983330994
2026-03-29 19:00:00,24.6,73.0,0.1,5.4,312.0,4.012982057577929,-3.6133052743378347
2026-03-29 20:00:00,23.8,76.0,0.1,4.9,324.0,2.8801477362331185,-3.9641832724372428
2026-03-29 21:00:00,23.2,78.0,0.0,4.3,336.0,1.7489675652259409,-3.9282454678631837
2026-03-29 22:00:00,22.6,80.0,0.0,3.8,343.0,1.1110124779463997,-3.6339580726595346
2026-03-29 23:00:00,22.0,82.0,0.0,2.9,353.0,0.3534210958749277,-2.8783838397598336
2026-03-30 00:00:00,21.5,83.0,0.0,2.2,9.0,-0.3441558230885083,-2.172914349309303
2026-03-30 01:00:00,21.3,83.0,0.0,1.9,22.0,-0.7117525274902333,-1.7616493236768958
2026-03-30 02:00:00,21.2,83.0,0.0,1.5,45.0,-1.0606601717798214,-1.0606601717798212
2026-03-30 03:00:00,21.5,82.0,0.0,1.1,72.0,-1.046162167924669,-0.33991869381244205
2026-03-30 04:00:00,21.9,79.0,0.0,1.1,90.0,-1.1,1.3471114790620887e-16
2026-03-30 05:00:00,22.6,77.0,0.0,1.0,135.0,-0.7071067811865475,0.7071067811865476
2026-03-30 06:00:00,23.3,73.0,0.0,1.4,180.0,8.572527594031472e-17,1.4
2026-03-30 07:00:00,24.1,70.0,0.0,1.9,202.0,0.7117525274902327,1.761649323676896
2026-03-30 08:00:00,24.8,67.0,0.0,2.5,225.0,1.7677669529663689,1.7677669529663687
2026-03-30 09:00:00,25.6,64.0,0.1,3.5,246.0,3.197409101749103,1.4235782507653008
2026-03-30 10:00:00,26.6,60.0,0.1,5.8,263.0,5.756767679519667,0.7068421917498553
2026-03-30 11:00:00,27.7,56.0,0.1,7.9,270.0,7.9,0.0
2026-03-30 12:00:00,28.6,53.0,0.1,10.1,274.0,10.075396907624224,-0.7045403848156655
2026-03-30 13:00:00,29.2,51.0,0.1,12.0,279.0,11.852260087141653,-1.8772135804827705
2026-03-30 14:00:00,29.4,50.0,0.1,12.8,280.0,12.605539238556263,-2.2226966741367082
2026-03-30 15:00:00,29.1,51.0,0.1,12.1,282.0,11.835585968879048,-2.515731458894888
2026-03-30 16:00:00,28.4,54.0,0.1,10.7,284.0,10.382164271153162,-2.5885642829164444
2026-03-30 17:00:00,27.3,58.0,0.1,8.7,287.0,8.319851376878407,-2.5436338310878095
2026-03-30 18:00:00,26.2,62.0,0.1,6.6,292.0,6.1194134401407965,-2.472403516545019
2026-03-30 19:00:00,25.2,66.0,0.1,4.7,302.0,3.9858260519352022,-2.490620541896063
2026-03-30 20:00:00,24.4,69.0,0.1,3.6,315.0,2.5455844122715714,-2.545584412271571
2026-03-30 21:00:00,23.8,71.0,0.0,3.4,328.0,1.8017254983928965,-2.883363526931848
2026-03-30 22:00:00,23.3,72.0,0.0,3.5,336.0,1.4235782507653008,-3.197409101749103
2026-03-30 23:00:00,22.8,74.0,0.0,4.2,340.0,1.436484601967809,-3.9467090073008153
2026-03-31 00:00:00,22.4,75.0,0.0,4.9,343.0,1.4326213531414103,-4.685893304218874
2026-03-31 01:00:00,22.2,75.0,0.0,5.2,344.0,1.4333142502483958,-4.998560818879258
2026-03-31 02:00:00,22.1,75.0,0.0,5.2,344.0,1.4333142502483958,-4.998560818879258
2026-03-31 03:00:00,22.2,75.0,0.0,5.2,348.0,1.0811407922523493,-5.086367523815789
2026-03-31 04:00:00,22.4,74.0,0.0,4.4,351.0,0.6883116461770161,-4.3458286986186065
2026-03-31 05:00:00,22.8,72.0,0.0,4.0,355.0,0.34862297099063255,-3.984778792366982
2026-03-31 06:00:00,23.2,71.0,0.0,3.2,360.0,1.9594348786357652e-16,-3.2
2026-03-31 07:00:00,23.7,69.0,0.0,2.5,8.0,-0.3479327524001646,-2.475670171853926
2026-03-31 08:00:00,24.3,67.0,0.0,1.8,360.0,1.1021821192326179e-16,-1.8
2026-03-31 09:00:00,25.0,65.0,0.1,1.0,315.0,0.7071067811865476,-0.7071067811865475
2026-03-31 10:00:00,26.0,61.0,0.1,2.2,261.0,2.1729143493093033,0.34415582308850795
2026-03-31 11:00:00,27.0,58.0,0.1,4.3,246.0,3.9282454678631837,1.7489675652259409
2026-03-31 12:00:00,27.9,55.0,0.1,6.3,239.0,5.400153994423308,3.244739871933341
2026-03-31 13:00:00,28.6,53.0,0.1,7.9,240.0,6.841600689897066,3.9499999999999997
2026-03-31 14:00:00,28.8,53.0,0.1,8.4,239.0,7.200205325897744,4.326319829244455
2026-03-31 15:00:00,28.5,55.0,0.1,7.9,240.0,6.841600689897066,3.9499999999999997
2026-03-31 16:00:00,27.7,59.0,0.1,6.4,243.0,5.702441754805555,2.9055391983330994
2026-03-31 17:00:00,26.7,64.0,0.1,4.2,250.0,3.9467090073008158,1.4364846019678086
2026-03-31 18:00:00,25.6,69.0,0.1,2.5,270.0,2.5,0.0
2026-03-31 19:00:00,24.6,73.0,0.1,1.8,323.0,1.0832670416736871,-1.437543918085127
2026-03-31 20:00:00,23.8,76.0,0.1,2.2,360.0,1.3471114790620887e-16,-2.2
2026-03-31 21:00:00,23.2,78.0,0.0,2.5,8.0,-0.3479327524001646,-2.475670171853926
2026-03-31 22:00:00,22.7,79.0,0.0,2.6,16.0,-0.7166571251241971,-2.4992804094396295
2026-03-31 23:00:00,22.3,79.0,0.0,2.6,16.0,-0.7166571251241971,-2.4992804094396295
2026-04-01 00:00:00,22.0,79.0,0.0,2.5,8.0,-0.3479327524001646,-2.475670171853926
2026-04-01 01:00:00,21.8,78.0,0.0,2.2,9.0,-0.3441558230885083,-2.172914349309303
2026-04-01 02:00:00,21.7,78.0,0.0,2.2,9.0,-0.3441558230885083,-2.172914349309303
2026-04-01 03:00:00,21.7,77.0,0.1,2.2,9.0,-0.3441558230885083,-2.172914349309303
2026-04-01 04:00:00,21.9,76.0,0.1,2.6,16.0,-0.7166571251241971,-2.4992804094396295
2026-04-01 05:00:00,22.2,75.0,0.1,2.6,16.0,-0.7166571251241971,-2.4992804094396295
2026-04-01 06:00:00,22.6,73.0,0.1,2.6,16.0,-0.7166571251241971,-2.4992804094396295
2026-04-01 07:00:00,23.0,72.0,0.1,3.0,14.0,-0.7257656867990033,-2.9108871788279895
2026-04-01 08:00:00,23.4,70.0,0.1,2.9,7.0,-0.35342109587492676,-2.878383839759834
2026-04-01 09:00:00,24.0,68.0,0.3,2.9,353.0,0.3534210958749277,-2.8783838397598336
2026-04-01 10:00:00,24.8,65.0,0.3,3.4,328.0,1.8017254983928965,-2.883363526931848
2026-04-01 11:00:00,25.6,62.0,0.3,4.6,315.0,3.2526911934581184,-3.252691193458118
2026-04-01 12:00:00,26.3,60.0,0.3,5.4,307.0,4.312631754255381,-3.2498011250210608
2026-04-01 13:00:00,26.8,58.0,0.3,6.3,301.0,5.400153994423308,-3.244739871933341
2026-04-01 14:00:00,27.0,58.0,0.3,6.6,299.0,5.772490067120011,-3.1997434936258244
2026-04-01 15:00:00,26.7,60.0,0.3,6.3,301.0,5.400153994423308,-3.244739871933341
2026-04-01 16:00:00,26.0,63.0,0.3,5.6,310.0,4.289848881466277,-3.5996106142446194
2026-04-01 17:00:00,25.2,66.0,0.3,4.6,321.0,2.894873798829252,-3.5748714227020657
2026-04-01 18:00:00,24.2,71.0,0.3,4.2,340.0,1.436484601967809,-3.9467090073008153
2026-04-01 19:00:00,23.4,74.0,0.3,4.0,360.0,2.4492935982947064e-16,-4.0
2026-04-01 20:00:00,22.7,77.0,0.3,4.0,10.0,-0.6945927106677213,-3.939231012048832
2026-04-01 21:00:00,22.3,79.0,0.3,4.1,15.0,-1.0611580849203346,-3.96029588778518
2026-04-01 22:00:00,21.8,80.0,0.3,3.9,22.0,-1.460965714322058,-3.6160170328104706
2026-04-01 23:00:00,21.5,81.0,0.3,3.5,24.0,-1.4235782507653003,-3.1974091017491033
2026-04-02 00:00:00,21.2,82.0,0.3,3.1,21.0,-1.1109406435904323,-2.894099322141325
2026-04-02 01:00:00,21.1,82.0,0.3,3.1,21.0,-1.1109406435904323,-2.894099322141325
2026-04-02 02:00:00,21.0,82.0,0.3,2.7,23.0,-1.0549740469210394,-2.4853631043215887
2026-04-02 03:00:00,21.0,82.0,0.3,2.7,23.0,-1.0549740469210394,-2.4853631043215887
2026-04-02 04:00:00,21.1,82.0,0.3,2.6,34.0,-1.453901549023941,-2.1554976886431088
2026-04-02 05:00:00,21.3,81.0,0.3,2.6,34.0,-1.453901549023941,-2.1554976886431088
2026-04-02 06:00:00,21.6,80.0,0.3,2.3,39.0,-1.447436899414627,-1.7874357113510322
2026-04-02 07:00:00,21.9,79.0,0.3,2.3,39.0,-1.447436899414627,-1.7874357113510322
2026-04-02 08:00:00,22.4,78.0,0.3,1.8,37.0,-1.083267041673687,-1.437543918085127
2026-04-02 09:00:00,23.0,76.0,0.3,1.1,18.0,-0.33991869381244233,-1.0461621679246689
2026-04-02 10:00:00,23.9,72.0,0.3,1.1,288.0,1.0461621679246689,-0.33991869381244216
2026-04-02 11:00:00,24.9,69.0,0.3,2.5,262.0,2.475670171853926,0.3479327524001636
2026-04-02 12:00:00,25.7,66.0,0.3,4.1,255.0,3.96029588778518,1.061158084920335
2026-04-02 13:00:00,26.4,63.0,0.3,5.4,250.0,5.074340152243906,1.8469087739586112
2026-04-02 14:00:00,26.6,63.0,0.3,5.7,252.0,5.421022142882375,1.7613968679372003
2026-04-02 15:00:00,26.4,65.0,0.6,5.2,254.0,4.998560818879258,1.4333142502483958
2026-04-02 16:00:00,25.7,68.0,0.6,4.4,261.0,4.3458286986186065,0.6883116461770159
2026-04-02 17:00:00,24.8,73.0,0.6,2.9,270.0,2.9,0.0
2026-04-02 18:00:00,23.8,78.0,0.6,2.1,301.0,1.800051331474436,-1.0815799573111138
2026-04-02 19:00:00,22.9,82.0,0.6,1.8,349.0,0.34345619167778085,-1.7669289302057951
2026-04-02 20:00:00,22.3,85.0,0.6,2.2,9.0,-0.3441558230885083,-2.172914349309303
2026-04-02 21:00:00,21.9,86.0,0.3,2.4,27.0,-1.0895771993749126,-2.138415658052083
2026-04-02 22:00:00,21.6,87.0,0.3,2.3,39.0,-1.447436899414627,-1.7874357113510322
2026-04-02 23:00:00,21.3,87.0,0.3,2.3,51.0,-1.7874357113510326,-1.4474368994146265
2026-04-03 00:00:00,21.2,87.0,0.3,2.1,59.0,-1.800051331474436,-1.0815799573111138
2026-04-03 01:00:00,21.2,86.0,0.3,2.3,72.0,-2.187429987478853,-0.7107390870623786
2026-04-03 02:00:00,21.2,85.0,0.3,2.2,81.0,-2.1729143493093033,-0.3441558230885076
2026-04-03 03:00:00,21.4,84.0,0.3,2.2,81.0,-2.1729143493093033,-0.3441558230885076
2026-04-03 04:00:00,21.7,82.0,0.3,2.5,90.0,-2.5,3.061616997868383e-16
2026-04-03 05:00:00,22.1,81.0,0.3,2.5,90.0,-2.5,3.061616997868383e-16
2026-04-03 06:00:00,22.5,79.0,0.3,2.5,90.0,-2.5,3.061616997868383e-16
2026-04-03 07:00:00,23.1,76.0,0.3,2.5,90.0,-2.5,3.061616997868383e-16
2026-04-03 08:00:00,23.6,74.0,0.3,1.8,90.0,-1.8,2.2043642384652358e-16
2026-04-03 09:00:00,24.4,71.0,0.1,0.7000000000000001,90.0,-0.7000000000000001,8.572527594031473e-17
2026-04-03 10:00:00,25.3,67.0,0.1,1.1,270.0,1.1,0.0
2026-04-03 11:00:00,26.3,64.0,0.1,3.2,270.0,3.2,0.0
2026-04-03 12:00:00,27.2,60.0,0.1,5.0,270.0,5.0,0.0
2026-04-03 13:00:00,27.9,58.0,0.1,6.5,270.0,6.5,0.0
2026-04-03 14:00:00,28.1,57.0,0.1,7.2,273.0,7.190132650232932,-0.37681888494919563
2026-04-03 15:00:00,27.8,58.0,0.1,6.9,276.0,6.862201078041086,-0.721246396546809
2026-04-03 16:00:00,27.1,61.0,0.1,5.9,281.0,5.791600382341218,-1.1257730727216144
2026-04-03 17:00:00,26.2,66.0,0.1,4.3,294.0,3.9282454678631837,-1.7489675652259409
2026-04-03 18:00:00,25.1,70.0,0.1,3.1,315.0,2.1920310216782974,-2.192031021678297
2026-04-03 19:00:00,24.2,74.0,0.1,2.6,344.0,0.7166571251241979,-2.499280409439629
2026-04-03 20:00:00,23.5,76.0,0.1,2.9,7.0,-0.35342109587492676,-2.878383839759834
2026-04-03 21:00:00,23.0,77.0,0.0,3.0,14.0,-0.7257656867990033,-2.9108871788279895
2026-04-03 22:00:00,22.5,77.0,0.0,2.7,23.0,-1.0549740469210394,-2.4853631043215887
2026-04-03 23:00:00,22.1,77.0,0.0,2.4,27.0,-1.0895771993749126,-2.138415658052083
2026-04-04 00:00:00,21.8,76.0,0.0,2.1,31.0,-1.0815799573111144,-1.8000513314744355
2026-04-04 01:00:00,21.7,75.0,0.0,1.8,37.0,-1.083267041673687,-1.437543918085127
2026-04-04 02:00:00,21.7,74.0,0.0,1.5,45.0,-1.0606601717798214,-1.0606601717798212
2026-04-04 03:00:00,21.9,73.0,0.0,1.3,56.0,-1.0777488443215544,-0.7269507745119708
2026-04-04 04:00:00,22.3,72.0,0.0,1.6,63.0,-1.4256104387013888,-0.7263847995832747
2026-04-04 05:00:00,22.9,70.0,0.0,1.6,63.0,-1.4256104387013888,-0.7263847995832747
2026-04-04 06:00:00,23.5,69.0,0.0,1.5,76.0,-1.4554435894139948,-0.3628828433995013
2026-04-04 07:00:00,24.2,67.0,0.0,1.4,90.0,-1.4,1.7145055188062944e-16
2026-04-04 08:00:00,24.9,65.0,0.0,0.8,117.0,-0.7128052193506943,0.36319239979163753
2026-04-04 09:00:00,25.8,62.0,0.0,1.1,198.0,0.3399186938124422,1.0461621679246689
2026-04-04 10:00:00,26.9,59.0,0.0,3.1,225.0,2.1920310216782974,2.192031021678297
2026-04-04 11:00:00,28.0,56.0,0.0,5.1,231.0,3.963444403430551,3.2095339943541705
2026-04-04 12:00:00,29.1,53.0,0.0,7.2,233.0,5.750175672340508,4.333068166694748
2026-04-04 13:00:00,29.8,51.0,0.0,8.8,235.0,7.208537989743128,5.047472639889206
2026-04-04 14:00:00,30.1,51.0,0.0,9.6,236.0,7.958760696528399,5.36825187331917
2026-04-04 15:00:00,29.8,54.0,0.0,9.1,236.0,7.544241910250879,5.0886554215837965
2026-04-04 16:00:00,29.0,58.0,0.0,7.6,239.0,6.5144714853360535,3.9142893693164114
2026-04-04 17:00:00,27.9,64.0,0.0,5.3,242.0,4.679622242152313,2.4881992827652213
2026-04-04 18:00:00,26.6,70.0,0.0,3.1,249.0,2.8940993221413254,1.1109406435904308
2026-04-04 19:00:00,25.5,75.0,0.0,1.5,284.0,1.4554435894139948,-0.3628828433995016
2026-04-04 20:00:00,24.6,79.0,0.0,1.1,342.0,0.3399186938124422,-1.0461621679246689
2026-04-04 21:00:00,24.0,81.0,0.0,1.5,14.0,-0.36288284339950166,-1.4554435894139948
2026-04-04 22:00:00,23.3,82.0,0.0,1.6,27.0,-0.7263847995832751,-1.4256104387013886
2026-04-04 23:00:00,22.8,83.0,0.0,1.8,37.0,-1.083267041673687,-1.437543918085127
2026-04-05 00:00:00,22.4,83.0,0.0,1.5,45.0,-1.0606601717798214,-1.0606601717798212
2026-04-05 01:00:00,22.1,83.0,0.0,1.3,56.0,-1.0777488443215544,-0.7269507745119708
2026-04-05 02:00:00,22.1,82.0,0.0,1.3,56.0,-1.0777488443215544,-0.7269507745119708
2026-04-05 03:00:00,22.3,81.0,0.0,1.3,56.0,-1.0777488443215544,-0.7269507745119708
2026-04-05 04:00:00,22.7,79.0,0.0,1.3,56.0,-1.0777488443215544,-0.7269507745119708
2026-04-05 05:00:00,23.3,76.0,0.0,1.0,45.0,-0.7071067811865477,-0.7071067811865475
2026-04-05 06:00:00,24.0,73.0,0.0,0.8,27.0,-0.36319239979163753,-0.7128052193506943
2026-04-05 07:00:00,24.7,70.0,0.0,0.7000000000000001,360.0,4.2862637970157366e-17,-0.7000000000000001
2026-04-05 08:00:00,25.4,68.0,0.0,1.3,304.0,1.0777488443215542,-0.726950774511971
2026-04-05 09:00:00,26.2,65.0,0.0,2.6,286.0,2.499280409439629,-0.7166571251241979
2026-04-05 10:00:00,27.2,62.0,0.0,4.8,283.0,4.676976310969129,-1.079765060850552
2026-04-05 11:00:00,28.1,59.0,0.0,7.3,279.0,7.210124886344506,-1.1419715947936853
2026-04-05 12:00:00,29.0,56.0,0.0,9.5,279.0,9.38303923565381,-1.4861274178821933
2026-04-05 13:00:00,29.6,55.0,0.0,11.3,279.0,11.160878248725057,-1.7677094549546088
2026-04-05 14:00:00,29.7,55.0,0.0,12.1,280.0,11.916173811447717,-2.101142949769857
2026-04-05 15:00:00,29.2,58.0,0.1,11.9,284.0,11.546519142684359,-2.8788705576360463
2026-04-05 16:00:00,28.3,62.0,0.1,10.6,294.0,9.683581851011569,-4.311408416603482
2026-04-05 17:00:00,27.1,68.0,0.1,9.6,304.0,7.958760696528399,-5.36825187331917
2026-04-05 18:00:00,25.8,74.0,0.1,8.7,322.0,5.356254835333226,-6.855693556378481
2026-04-05 19:00:00,24.6,79.0,0.1,8.7,336.0,3.5386087947594613,-7.947845481490627
2026-04-05 20:00:00,23.6,83.0,0.1,8.6,345.0,2.2258437878816784,-8.306962106085987
2026-04-05 21:00:00,22.9,85.0,0.0,8.4,350.0,1.4586446924022156,-8.272385125302547
2026-04-05 22:00:00,22.3,87.0,0.0,7.6,352.0,1.0577155672964975,-7.5260373224359345
2026-04-05 23:00:00,21.8,88.0,0.0,6.9,351.0,1.0793978087775935,-6.815049550106451
2026-04-06 00:00:00,21.3,89.0,0.0,6.3,347.0,1.4171916423663489,-6.1385314081469815
2026-04-06 01:00:00,21.1,88.0,0.0,5.6,345.0,1.4493866525741161,-5.4091846272187825
2026-04-06 02:00:00,20.9,88.0,0.0,4.9,343.0,1.4326213531414103,-4.685893304218874
2026-04-06 03:00:00,21.0,87.0,0.0,4.5,346.0,1.0886485301985045,-4.366330768241984
2026-04-06 04:00:00,21.2,85.0,0.0,4.1,345.0,1.061158084920335,-3.96029588778518
2026-04-06 05:00:00,21.6,83.0,0.0,3.7,349.0,0.7059932828932162,-3.632020578756357
2026-04-06 06:00:00,22.1,80.0,0.0,3.3,354.0,0.3449439287832564,-3.2819222547153015
2026-04-06 07:00:00,22.6,78.0,0.0,3.3,354.0,0.3449439287832564,-3.2819222547153015
2026-04-06 08:00:00,23.1,75.0,0.0,3.0,346.0,0.725765686799003,-2.9108871788279895
2026-04-06 09:00:00,23.8,72.0,0.1,2.9,330.0,1.4500000000000002,-2.5114736709748717
2026-04-06 10:00:00,24.7,68.0,0.1,3.8,311.0,2.8678964048465336,-2.4930243101639276
2026-04-06 11:00:00,25.7,65.0,0.1,5.3,298.0,4.679622242152313,-2.4881992827652213
2026-04-06 12:00:00,26.6,61.0,0.1,6.5,289.0,6.1458707413955596,-2.1161930039715187
2026-04-06 13:00:00,27.2,59.0,0.1,7.5,287.0,7.172285669722766,-2.192787785420526
2026-04-06 14:00:00,27.4,58.0,0.1,7.9,286.0,7.59396739791272,-2.1775351109542935
