time,temperature_2m,relativehumidity_2m,precipitation,windspeed_10m,winddirection_10m,u,v
2026-01-21 00:00:00,11.0,87.0,0.0,2.3,225.0,1.6263455967290592,1.626345596729059
2026-01-21 01:00:00,10.7,88.0,0.0,3.2,218.0,1.9701167210421067,2.521634411541511
2026-01-21 02:00:00,10.7,88.0,0.0,1.2,207.0,0.5447885996874562,1.0692078290260414
2026-01-21 03:00:00,9.9,88.0,0.0,2.0,225.0,1.4142135623730951,1.414213562373095
2026-01-21 04:00:00,9.8,86.0,0.0,4.5,230.0,3.447199994035401,2.892544243589427
2026-01-21 05:00:00,9.8,80.0,0.0,6.7,236.0,5.554551736118779,3.7465924532540043
2026-01-21 06:00:00,9.7,77.0,0.0,6.5,224.0,4.515279407983482,4.6757087022012325
2026-01-21 07:00:00,9.7,76.0,0.0,6.0,226.0,4.316038802031907,4.1679502227539835
2026-01-21 08:00:00,12.1,77.0,0.0,6.7,224.0,4.654211082075282,4.819576662268962
2026-01-21 09:00:00,12.7,64.0,0.0,5.8,216.0,3.409154463296344,4.692298567374695
2026-01-21 10:00:00,12.7,65.0,0.0,1.0,239.0,0.8571673007021123,0.5150380749100542
2026-01-21 11:00:00,12.6,64.0,0.0,2.2,235.0,1.802134497435782,1.2618681599723014
2026-01-21 12:00:00,12.2,65.0,0.0,3.9,246.0,3.562827284806143,1.5862729079956208
2026-01-21 13:00:00,12.0,65.0,0.0,2.8,252.0,2.6629582456264296,0.8652475842498527
2026-01-21 14:00:00,10.6,73.0,0.0,6.4,248.0,5.93397666922744,2.397482197861837
2026-01-21 15:00:00,10.8,72.0,0.0,6.7,261.0,6.617511881987423,1.048110915769547
2026-01-21 16:00:00,10.4,74.0,0.0,6.5,257.0,6.333405421104029,1.4621818532351225
2026-01-21 17:00:00,10.2,75.0,0.1,7.2,257.0,7.015464466453694,1.6196475912758281
2026-01-21 18:00:00,10.1,79.0,0.2,7.4,263.0,7.344841522145783,0.9018331411980913
2026-01-21 19:00:00,10.3,87.0,0.5,5.2,266.0,5.187333061351086,0.3627336634694516
2026-01-21 20:00:00,9.7,96.0,0.4,4.0,240.0,3.464101615137755,1.9999999999999998
2026-01-21 21:00:00,9.9,98.0,0.8,3.8,259.0,3.730183297101123,0.7250741824308702
2026-01-21 22:00:00,9.9,99.0,0.8,4.4,263.0,4.367203067221817,0.5362251109826489
2026-01-21 23:00:00,9.9,98.0,0.5,3.8,259.0,3.730183297101123,0.7250741824308702
2026-01-22 00:00:00,9.6,99.0,0.3,3.9,257.0,3.8000432526624173,0.8773091119410735
2026-01-22 01:00:00,9.7,98.0,0.2,3.4,252.0,3.233592155403522,1.0506577808748212
2026-01-22 02:00:00,9.9,98.0,0.2,1.5,234.0,1.2135254915624212,0.8816778784387097
2026-01-22 03:00:00,9.9,99.0,0.3,2.4,261.0,2.3704520174283306,0.37544271609655405
2026-01-22 04:00:00,9.7,97.0,0.4,3.5,255.0,3.380740392011739,0.9058666578588226
2026-01-22 05:00:00,9.6,97.0,0.4,3.0,253.0,2.868914267889106,0.8771151141682103
2026-01-22 06:00:00,9.3,99.0,0.3,3.7,256.0,3.590094187221187,0.8951110137187707
2026-01-22 07:00:00,9.0,97.0,0.2,7.1,246.0,6.486172749262466,2.8878301658381815
2026-01-22 08:00:00,9.5,90.0,0.2,7.6,245.0,6.887939181478539,3.211898789229316
2026-01-22 09:00:00,9.9,87.0,0.0,9.8,250.0,9.208987683701903,3.3517974045915535
2026-01-22 10:00:00,10.4,78.0,0.0,6.9,261.0,6.815049550106451,1.079397808777593
2026-01-22 11:00:00,10.6,73.0,0.0,7.0,267.0,6.9904067432820165,0.36635169370060683
2026-01-22 12:00:00,10.9,72.0,0.1,5.2,272.0,5.196832300499298,-0.18147738285300505
2026-01-22 13:00:00,11.1,75.0,0.2,4.5,275.0,4.482876141412855,-0.39220084236446173
2026-01-22 14:00:00,10.5,80.0,0.2,2.5,315.0,1.7677669529663689,-1.7677669529663687
2026-01-22 15:00:00,10.4,84.0,0.5,3.4,286.0,3.2682897661902843,-0.9371670097777971
2026-01-22 16:00:00,10.1,95.0,0.6,2.2,279.0,2.1729143493093033,-0.34415582308850795
2026-01-22 17:00:00,10.0,98.0,0.6,4.3,272.0,4.2973805561821115,-0.15006783582075417
2026-01-22 18:00:00,9.8,98.0,0.8,4.5,275.0,4.482876141412855,-0.39220084236446173
2026-01-22 19:00:00,10.0,97.0,1.1,2.9,281.0,2.8467188319982255,-0.5533460865919799
2026-01-22 20:00:00,9.7,97.0,1.1,2.2,256.0,2.1346505978071924,0.5322281703192691
2026-01-22 21:00:00,9.7,97.0,0.8,4.5,256.0,4.366330768241984,1.0886485301985047
2026-01-22 22:00:00,9.6,97.0,0.8,3.6,264.0,3.580278823325784,0.37630246776355253
2026-01-22 23:00:00,9.8,96.0,0.7000000000000001,1.1,288.0,1.0461621679246689,-0.33991869381244216
2026-01-23 00:00:00,9.9,94.0,0.6,1.1,270.0,1.1,0.0
2026-01-23 01:00:00,9.7,96.0,0.7000000000000001,1.0,292.0,0.9271838545667874,-0.374606593415912
2026-01-23 02:00:00,9.9,94.0,0.5,0.7000000000000001,270.0,0.7000000000000001,0.0
2026-01-23 03:00:00,9.8,96.0,0.4,2.3,270.0,2.3,0.0
2026-01-23 04:00:00,9.8,95.0,0.3,1.3,278.0,1.2873484893640414,-0.18092503124808507
2026-01-23 05:00:00,9.7,97.0,0.4,2.0,280.0,1.969615506024416,-0.34729635533386066
2026-01-23 06:00:00,9.8,97.0,0.5,1.8,276.0,1.790139411662892,-0.18815123388177626
2026-01-23 07:00:00,9.7,96.0,0.5,2.9,277.0,2.8783838397598336,-0.35342109587492765
2026-01-23 08:00:00,10.9,93.0,0.6,4.5,270.0,4.5,0.0
2026-01-23 09:00:00,13.1,87.0,0.4,4.3,265.0,4.283637201794505,0.3747696938149301
2026-01-23 10:00:00,13.8,82.0,0.3,3.7,281.0,3.632020578756357,-0.7059932828932158
2026-01-23 11:00:00,14.3,75.0,0.1,3.1,315.0,2.1920310216782974,-2.192031021678297
2026-01-23 12:00:00,14.2,76.0,0.0,3.4,357.0,0.17794225122600948,-3.395340418165551
2026-01-23 13:00:00,14.6,72.0,0.0,4.3,358.0,0.15006783582075464,-4.2973805561821115
2026-01-23 14:00:00,13.6,76.0,0.0,3.3,354.0,0.3449439287832564,-3.2819222547153015
2026-01-23 15:00:00,13.8,75.0,0.0,5.2,316.0,3.612223526386786,-3.740566961760986
2026-01-23 16:00:00,13.4,77.0,0.0,4.7,298.0,4.149853686436957,-2.2065163450936867
2026-01-23 17:00:00,13.1,79.0,0.0,5.0,291.0,4.667902132486009,-1.7918397477265013
2026-01-23 18:00:00,12.3,86.0,0.0,4.4,291.0,4.107753876587688,-1.5768189779993214
2026-01-23 19:00:00,12.4,87.0,0.0,3.5,294.0,3.197409101749103,-1.4235782507653008
2026-01-23 20:00:00,13.0,86.0,0.0,1.3,315.0,0.9192388155425119,-0.9192388155425117
2026-01-23 21:00:00,13.0,85.0,0.0,2.5,339.0,0.895919873863251,-2.3339510662430043
2026-01-23 22:00:00,13.4,84.0,0.0,1.0,45.0,-0.7071067811865477,-0.7071067811865475
2026-01-23 23:00:00,13.2,85.0,0.0,1.8,323.0,1.0832670416736871,-1.437543918085127
2026-01-24 00:00:00,13.1,85.0,0.0,3.0,52.0,-2.3640322608201663,-1.8469844259769745
2026-01-24 01:00:00,12.9,89.0,0.0,1.2,51.0,-0.9325751537483649,-0.7551844692598051
2026-01-24 02:00:00,13.3,89.0,0.0,0.7000000000000001,360.0,4.2862637970157366e-17,-0.7000000000000001
2026-01-24 03:00:00,12.7,91.0,0.2,1.7000000000000002,319.0,1.1153003492838625,-1.2830062863787126
2026-01-24 04:00:00,13.3,86.0,0.1,0.6000000000000001,326.0,0.3355157420824481,-0.4974225435330251
2026-01-24 05:00:00,13.2,88.0,0.0,0.2,270.0,0.2,0.0
2026-01-24 06:00:00,13.3,88.0,0.1,1.5,30.0,-0.7500000000000007,-1.2990381056766576
2026-01-24 07:00:00,13.3,89.0,0.1,1.3,352.0,0.18092503124808512,-1.2873484893640414
2026-01-24 08:00:00,14.0,84.0,0.1,1.6,297.0,1.4256104387013888,-0.7263847995832748
2026-01-24 09:00:00,14.7,93.0,1.1,1.1,288.0,1.0461621679246689,-0.33991869381244216
2026-01-24 10:00:00,15.4,89.0,0.2,1.3,278.0,1.2873484893640414,-0.18092503124808507
2026-01-24 11:00:00,16.0,88.0,0.5,0.6000000000000001,304.0,0.49742254353302506,-0.33551574208244817
2026-01-24 12:00:00,15.9,86.0,0.2,2.7,352.0,0.3757673725921768,-2.67372378560224
2026-01-24 13:00:00,15.9,83.0,0.1,5.9,43.0,-4.023790324368742,-4.314986839553106
2026-01-24 14:00:00,14.7,92.0,0.6,4.9,62.0,-4.326443205008742,-2.3004106576508656
2026-01-24 15:00:00,14.8,94.0,0.5,1.3,225.0,0.9192388155425119,0.9192388155425117
2026-01-24 16:00:00,14.6,96.0,1.0,3.8,273.0,3.7947922320673806,-0.19887663372318656
2026-01-24 17:00:00,14.4,99.0,1.4,3.3,279.0,3.2593715239639547,-0.5162337346327618
2026-01-24 18:00:00,13.5,100.0,1.4,3.1,277.0,3.076893070088098,-0.3777949645559572
2026-01-24 19:00:00,13.3,99.0,1.1,4.4,277.0,4.367203067221817,-0.5362251109826489
2026-01-24 20:00:00,13.6,96.0,0.0,1.4,310.0,1.0724622203665692,-0.8999026535611548
2026-01-24 21:00:00,13.8,93.0,0.8,0.4,333.0,0.18159619989581874,-0.35640260967534715
2026-01-24 22:00:00,13.5,95.0,1.0,0.5,270.0,0.5,0.0
2026-01-24 23:00:00,13.6,95.0,0.6,1.3,278.0,1.2873484893640414,-0.18092503124808507
2026-01-25 00:00:00,13.7,95.0,0.6,2.6,245.0,2.3564002462952898,1.0988074805258186
2026-01-25 01:00:00,13.7,96.0,0.5,2.2,246.0,2.0098000068137223,0.8948206147667606
2026-01-25 02:00:00,13.9,90.0,1.1,1.9,292.0,1.761649323676896,-0.7117525274902328
2026-01-25 03:00:00,14.1,89.0,0.5,0.7000000000000001,284.0,0.6792070083931976,-0.16934532691976742
2026-01-25 04:00:00,14.1,87.0,0.1,1.9,299.0,1.6617774435648518,-0.9211382784680404
2026-01-25 05:00:00,14.4,84.0,0.0,1.2,309.0,0.9325751537483651,-0.7551844692598049
2026-01-25 06:00:00,13.9,86.0,0.5,2.6,309.0,2.0205794997881243,-1.6362330167295773
2026-01-25 07:00:00,14.0,85.0,0.5,1.8,307.0,1.437543918085127,-1.083267041673687
2026-01-25 08:00:00,14.4,93.0,1.3,4.0,306.0,3.23606797749979,-2.3511410091698925
2026-01-25 09:00:00,15.2,96.0,2.0,3.9,298.0,3.4434956121498153,-1.8309390948649742
2026-01-25 10:00:00,15.5,95.0,2.0,2.9,292.0,2.6888331782436836,-1.0863591209061447
2026-01-25 11:00:00,15.8,94.0,1.6,3.1,283.0,3.0205472008342293,-0.6973482684659815
2026-01-25 12:00:00,16.4,89.0,1.5,2.1,255.0,2.0284442352070435,0.5435199947152936
2026-01-25 13:00:00,16.7,84.0,1.1,2.9,274.0,2.89293574575349,-0.20229377385796338
2026-01-25 14:00:00,16.9,81.0,0.7000000000000001,0.8,117.0,-0.7128052193506943,0.36319239979163753
2026-01-25 15:00:00,16.4,84.0,0.5,2.9,259.0,2.8467188319982255,0.5533460865919799
2026-01-25 16:00:00,15.5,95.0,0.6,4.9,268.0,4.897015052393569,0.17100753384225476
2026-01-25 17:00:00,15.1,99.0,0.8,4.5,286.0,4.325677631722435,-1.2403681011764962
2026-01-25 18:00:00,14.6,98.0,1.3,3.3,283.0,3.2154212137912763,-0.7423384793347545
2026-01-25 19:00:00,14.3,97.0,0.4,3.8,287.0,3.6339580726595346,-1.1110124779463997
2026-01-25 20:00:00,14.0,92.0,0.0,1.9,292.0,1.761649323676896,-0.7117525274902328
2026-01-25 21:00:00,14.0,95.0,0.6,3.1,280.0,3.052904034337845,-0.5383093507674841
2026-01-25 22:00:00,13.8,96.0,0.7000000000000001,3.1,273.0,3.0957515577391788,-0.1622414643531259
2026-01-25 23:00:00,13.7,96.0,1.1,3.8,281.0,3.730183297101123,-0.7250741824308702
2026-01-26 00:00:00,13.7,94.0,1.1,2.6,286.0,2.499280409439629,-0.7166571251241979
2026-01-26 01:00:00,13.7,93.0,1.2,3.0,284.0,2.9108871788279895,-0.7257656867990032
2026-01-26 02:00:00,14.4,90.0,0.6,2.0,270.0,2.0,0.0
2026-01-26 03:00:00,14.7,93.0,0.6,2.3,247.0,2.117161162940613,0.8986815955253296
2026-01-26 04:00:00,14.4,94.0,0.5,2.6,258.0,2.543183761907895,0.5405703961261743
2026-01-26 05:00:00,14.3,93.0,0.4,2.8,243.0,2.49481826772743,1.2711733992707308
2026-01-26 06:00:00,14.4,89.0,0.1,1.8,246.0,1.6443818237566816,0.7321259575364404
2026-01-26 07:00:00,14.1,89.0,0.1,1.5,256.0,1.4554435894139948,0.3628828433995016
2026-01-26 08:00:00,15.4,89.0,0.1,1.0,315.0,0.7071067811865476,-0.7071067811865475
2026-01-26 09:00:00,16.4,87.0,0.3,0.5,270.0,0.5,0.0
2026-01-26 10:00:00,17.1,83.0,0.1,3.7,235.0,3.03086256386927,2.1222328144988705
2026-01-26 11:00:00,17.6,78.0,0.2,4.9,253.0,4.685893304218874,1.4326213531414103
2026-01-26 12:00:00,18.5,72.0,0.2,4.8,243.0,4.276831316104166,2.1791543987498243
2026-01-26 13:00:00,19.0,68.0,0.1,5.0,240.0,4.330127018922194,2.4999999999999996
2026-01-26 14:00:00,19.0,64.0,0.0,4.9,182.0,0.1710075338422553,4.897015052393569
2026-01-26 15:00:00,18.8,63.0,0.0,1.5,277.0,1.488819227461983,-0.1828040151077212
2026-01-26 16:00:00,18.4,63.0,0.0,2.2,305.0,1.802134497435782,-1.2618681599723014
2026-01-26 17:00:00,17.5,68.0,0.0,3.1,310.0,2.3747377736688318,-1.9926415900282717
2026-01-26 18:00:00,15.5,79.0,0.0,2.2,305.0,1.802134497435782,-1.2618681599723014
2026-01-26 19:00:00,14.9,81.0,0.0,2.0,297.0,1.7820130483767358,-0.9079809994790935
2026-01-26 20:00:00,15.1,82.0,0.0,1.7000000000000002,319.0,1.1153003492838625,-1.2830062863787126
2026-01-26 21:00:00,14.4,84.0,0.0,1.7000000000000002,283.0,1.6564291101349,-0.38241679238457055
2026-01-26 22:00:00,14.7,82.0,0.0,2.8,285.0,2.7045923136093912,-0.7246933262870581
2026-01-26 23:00:00,14.2,81.0,0.0,2.2,279.0,2.1729143493093033,-0.34415582308850795
2026-01-27 00:00:00,13.4,82.0,0.0,2.2,284.0,2.1346505978071924,-0.5322281703192691
2026-01-27 01:00:00,12.8,82.0,0.0,2.4,287.0,2.295131414311285,-0.7016920913345682
2026-01-27 02:00:00,12.6,84.0,0.0,1.0,301.0,0.8571673007021123,-0.5150380749100542
2026-01-27 03:00:00,12.8,81.0,0.0,1.7000000000000002,288.0,1.6167960777017611,-0.5253288904374106
2026-01-27 04:00:00,12.7,79.0,0.0,1.9,287.0,1.8169790363297673,-0.5555062389731998
2026-01-27 05:00:00,12.7,78.0,0.0,1.8,294.0,1.6443818237566816,-0.7321259575364404
2026-01-27 06:00:00,13.0,76.0,0.0,2.6,295.0,2.3564002462952898,-1.0988074805258186
2026-01-27 07:00:00,13.2,81.0,0.0,2.7,307.0,2.1563158771276907,-1.6249005625105304
2026-01-27 08:00:00,17.0,76.0,0.0,2.9,349.0,0.5533460865919803,-2.8467188319982255
2026-01-27 09:00:00,17.4,77.0,0.0,3.9,43.0,-2.6597936042437444,-2.8522794363147645
2026-01-27 10:00:00,17.7,78.0,0.0,2.9,338.0,1.0863591209061447,-2.6888331782436836
2026-01-27 11:00:00,17.4,78.0,0.0,4.3,22.0,-1.6108083516884228,-3.986890574637185
2026-01-27 12:00:00,16.9,79.0,0.0,7.2,18.0,-2.2249223594996224,-6.8476069173251055
2026-01-27 13:00:00,16.5,78.0,0.0,4.4,12.0,-0.9148114395981432,-4.303849443228745
2026-01-27 14:00:00,15.7,78.0,0.0,3.4,295.0,3.0814464759246096,-1.436902089918378
2026-01-27 15:00:00,15.7,78.0,0.2,5.0,289.0,4.727592877996584,-1.6278407722857835
2026-01-27 16:00:00,15.3,81.0,0.1,5.1,287.0,4.87715425541148,-1.4910956940859574
2026-01-27 17:00:00,14.8,88.0,0.2,4.6,301.0,3.9429695832297162,-2.369175144586249
2026-01-27 18:00:00,14.2,93.0,0.1,2.9,330.0,1.4500000000000002,-2.5114736709748717
2026-01-27 19:00:00,14.0,94.0,0.1,2.2,325.0,1.2618681599723016,-1.802134497435782
2026-01-27 20:00:00,13.9,96.0,0.1,2.3,337.0,0.8986815955253294,-2.117161162940613
2026-01-27 21:00:00,13.5,97.0,0.2,1.2,297.0,1.0692078290260414,-0.5447885996874561
2026-01-27 22:00:00,13.4,95.0,0.1,0.8,297.0,0.7128052193506944,-0.3631923997916374
2026-01-27 23:00:00,13.4,95.0,0.1,1.0,329.0,0.5150380749100542,-0.8571673007021123
2026-01-28 00:00:00,13.1,95.0,0.2,1.4,310.0,1.0724622203665692,-0.8999026535611548
2026-01-28 01:00:00,13.1,93.0,0.3,1.8,6.0,-0.18815123388177604,-1.7901394116628921
2026-01-28 02:00:00,12.7,96.0,0.5,1.3,45.0,-0.919238815542512,-0.9192388155425117
2026-01-28 03:00:00,12.9,93.0,1.1,1.2,27.0,-0.5447885996874563,-1.0692078290260414
2026-01-28 04:00:00,12.7,92.0,0.8,2.0,10.0,-0.34729635533386066,-1.969615506024416
2026-01-28 05:00:00,12.8,90.0,0.3,0.8,315.0,0.5656854249492381,-0.565685424949238
2026-01-28 06:00:00,12.4,90.0,0.2,0.6000000000000001,304.0,0.49742254353302506,-0.33551574208244817
2026-01-28 07:00:00,12.5,90.0,0.1,0.9,323.0,0.5416335208368436,-0.7187719590425635
2026-01-28 08:00:00,13.4,93.0,0.0,3.0,213.0,1.6339171050450814,2.516011703836272
2026-01-28 09:00:00,14.1,82.0,0.0,2.1,160.0,-0.7182423009839043,1.9733545036504079
2026-01-28 10:00:00,14.5,77.0,0.0,1.6,186.0,0.16724554122824553,1.5912350325892373
2026-01-28 11:00:00,15.0,73.0,0.0,4.1,38.0,-2.524212048835198,-3.2308440897875603
2026-01-28 12:00:00,14.9,73.0,0.0,5.1,23.0,-1.9927287552952964,-4.694574752607445
2026-01-28 13:00:00,14.4,75.0,0.0,3.4,328.0,1.8017254983928965,-2.883363526931848
2026-01-28 14:00:00,14.2,76.0,0.0,2.5,4.0,-0.17439118436031395,-2.4939101256495606
2026-01-28 15:00:00,13.7,79.0,0.0,3.1,315.0,2.1920310216782974,-2.192031021678297
2026-01-28 16:00:00,13.4,81.0,0.1,3.8,289.0,3.592970587277404,-1.2371589869371955
2026-01-28 17:00:00,13.2,85.0,0.3,3.2,286.0,3.0760374270026207,-0.8820395386143973
2026-01-28 18:00:00,12.9,94.0,0.3,1.0,301.0,0.8571673007021123,-0.5150380749100542
2026-01-28 19:00:00,12.9,95.0,0.2,3.0,52.0,-2.3640322608201663,-1.8469844259769745
2026-01-28 20:00:00,13.0,95.0,0.2,3.1,50.0,-2.3747377736688318,-1.9926415900282717
2026-01-28 21:00:00,12.8,96.0,0.2,3.7,23.0,-1.4457051754103132,-3.405867957774029
2026-01-28 22:00:00,12.8,94.0,0.2,3.5,9.0,-0.5475206276408087,-3.456909192082982
2026-01-28 23:00:00,12.7,94.0,0.1,3.3,13.0,-0.7423384793347553,-3.215421213791276
2026-01-29 00:00:00,12.8,94.0,0.1,3.3,22.0,-1.2362017582725104,-3.059706720070398
2026-01-29 01:00:00,12.5,96.0,0.5,3.9,24.0,-1.5862729079956204,-3.5628272848061435
2026-01-29 02:00:00,12.6,95.0,0.5,2.1,31.0,-1.0815799573111144,-1.8000513314744355
2026-01-29 03:00:00,12.7,95.0,0.5,4.3,24.0,-1.7489675652259404,-3.928245467863184
2026-01-29 04:00:00,12.4,96.0,0.5,4.7,18.0,-1.4523798735622535,-4.469965626587221
2026-01-29 05:00:00,12.5,95.0,0.2,4.0,27.0,-1.8159619989581877,-3.564026096753471
2026-01-29 06:00:00,12.3,94.0,0.0,3.7,14.0,-0.8951110137187709,-3.590094187221187
2026-01-29 07:00:00,12.5,93.0,0.0,3.4,6.0,-0.35539677511002143,-3.3813744442521294
2026-01-29 08:00:00,13.3,95.0,0.0,4.8,63.0,-4.276831316104166,-2.179154398749824
2026-01-29 09:00:00,14.1,91.0,0.1,3.4,25.0,-1.436902089918377,-3.08144647592461
2026-01-29 10:00:00,14.6,88.0,0.0,3.3,54.0,-2.6697560814373267,-1.9396913325651608
2026-01-29 11:00:00,15.1,83.0,0.0,3.7,29.0,-1.7937955949114464,-3.2360929164157652
2026-01-29 12:00:00,15.6,76.0,0.0,4.0,39.0,-2.5172815641993513,-3.1085838458278823
2026-01-29 13:00:00,15.6,73.0,0.0,3.5,12.0,-0.7276909178621592,-3.4235166025683195
2026-01-29 14:00:00,14.9,75.0,0.0,0.9,307.0,0.7187719590425635,-0.5416335208368435
2026-01-29 15:00:00,14.7,76.0,0.0,3.0,287.0,2.868914267889106,-0.8771151141682103
2026-01-29 16:00:00,14.3,78.0,0.0,4.1,272.0,4.097502390778292,-0.14308793648025397
2026-01-29 17:00:00,14.0,79.0,0.0,4.6,279.0,4.543366366737634,-0.7195985391850619
2026-01-29 18:00:00,13.9,83.0,0.1,3.1,283.0,3.0205472008342293,-0.6973482684659815
2026-01-29 19:00:00,13.9,88.0,0.1,0.4,270.0,0.4,0.0
2026-01-29 20:00:00,13.8,90.0,0.1,0.6000000000000001,288.0,0.5706339097770922,-0.18541019662496847
2026-01-29 21:00:00,13.8,90.0,0.0,1.9,299.0,1.6617774435648518,-0.9211382784680404
2026-01-29 22:00:00,14.1,87.0,0.0,0.2,270.0,0.2,0.0
2026-01-29 23:00:00,14.2,86.0,0.0,0.6000000000000001,326.0,0.3355157420824481,-0.4974225435330251
2026-01-30 00:00:00,13.8,87.0,0.0,1.3,315.0,0.9192388155425119,-0.9192388155425117
2026-01-30 01:00:00,14.1,85.0,0.0,0.9,360.0,5.5109105961630896e-17,-0.9
2026-01-30 02:00:00,13.8,86.0,0.0,0.8,315.0,0.5656854249492381,-0.565685424949238
2026-01-30 03:00:00,13.7,86.0,0.0,0.6000000000000001,288.0,0.5706339097770922,-0.18541019662496847
2026-01-30 04:00:00,13.6,86.0,0.0,0.6000000000000001,304.0,0.49742254353302506,-0.33551574208244817
2026-01-30 05:00:00,13.4,86.0,0.0,0.6000000000000001,304.0,0.49742254353302506,-0.33551574208244817
2026-01-30 06:00:00,13.2,87.0,0.0,0.9,281.0,0.8834644651028976,-0.17172809583889032
2026-01-30 07:00:00,13.0,87.0,0.0,1.5,256.0,1.4554435894139948,0.3628828433995016
2026-01-30 08:00:00,14.6,88.0,0.0,1.7000000000000002,283.0,1.6564291101349,-0.38241679238457055
2026-01-30 09:00:00,15.4,87.0,0.2,2.7,290.0,2.537170076121953,-0.9234543869793056
2026-01-30 10:00:00,15.9,87.0,0.2,0.7000000000000001,284.0,0.6792070083931976,-0.16934532691976742
2026-01-30 11:00:00,15.8,89.0,0.4,1.1,252.0,1.0461621679246689,0.33991869381244216
2026-01-30 12:00:00,16.1,88.0,0.2,1.4,230.0,1.0724622203665692,0.8999026535611548
2026-01-30 13:00:00,16.3,86.0,0.2,0.2,270.0,0.2,0.0
2026-01-30 14:00:00,15.9,87.0,0.2,1.8,156.0,-0.7321259575364405,1.6443818237566816
2026-01-30 15:00:00,16.3,87.0,0.3,1.5,234.0,1.2135254915624212,0.8816778784387097
2026-01-30 16:00:00,16.1,88.0,0.2,2.4,257.0,2.3384881554845647,0.539882530425276
2026-01-30 17:00:00,15.4,94.0,0.2,2.9,259.0,2.8467188319982255,0.5533460865919799
2026-01-30 18:00:00,14.8,96.0,0.3,2.0,265.0,1.992389396183491,0.17431148549531633
2026-01-30 19:00:00,14.5,95.0,0.3,2.1,239.0,1.800051331474436,1.0815799573111138
2026-01-30 20:00:00,14.8,91.0,0.2,1.0,239.0,0.8571673007021123,0.5150380749100542
2026-01-30 21:00:00,14.6,91.0,0.2,1.4,247.0,1.2887067948334165,0.5470235798849833
2026-01-30 22:00:00,14.9,89.0,0.1,0.9,270.0,0.9,0.0
2026-01-30 23:00:00,14.4,90.0,0.2,1.8,259.0,1.7669289302057951,0.34345619167778063
2026-01-31 00:00:00,13.8,89.0,0.1,1.4,270.0,1.4,0.0
2026-01-31 01:00:00,13.2,90.0,0.0,2.2,270.0,2.2,0.0
2026-01-31 02:00:00,12.5,92.0,0.1,1.3,304.0,1.0777488443215542,-0.726950774511971
2026-01-31 03:00:00,12.6,92.0,0.0,1.1,288.0,1.0461621679246689,-0.33991869381244216
2026-01-31 04:00:00,12.4,91.0,0.3,0.9,281.0,0.8834644651028976,-0.17172809583889032
2026-01-31 05:00:00,12.6,88.0,0.0,0.7000000000000001,284.0,0.6792070083931976,-0.16934532691976742
2026-01-31 06:00:00,12.8,88.0,0.1,0.9,281.0,0.8834644651028976,-0.17172809583889032
2026-01-31 07:00:00,13.7,86.0,0.4,0.5,270.0,0.5,0.0
2026-01-31 08:00:00,15.4,92.0,0.3,2.5,4.0,-0.17439118436031395,-2.4939101256495606
2026-01-31 09:00:00,15.9,94.0,0.0,0.4,297.0,0.3564026096753472,-0.1815961998958187
2026-01-31 10:00:00,16.4,91.0,0.0,2.0,175.0,-0.17431148549531647,1.992389396183491
2026-01-31 11:00:00,16.9,83.0,0.0,1.8,264.0,1.790139411662892,0.18815123388177626
2026-01-31 12:00:00,16.6,88.0,0.1,2.6,295.0,2.3564002462952898,-1.0988074805258186
2026-01-31 13:00:00,17.5,81.0,0.5,3.6,333.0,1.6343657990623686,-3.207623487078124
2026-01-31 14:00:00,16.1,91.0,2.0,3.9,193.0,0.8773091119410732,3.8000432526624173
2026-01-31 15:00:00,15.7,97.0,1.6,1.6,180.0,9.797174393178826e-17,1.6
2026-01-31 16:00:00,15.5,100.0,1.0,1.9,73.0,-1.8169790363297673,-0.5555062389731998
2026-01-31 17:00:00,14.9,100.0,0.7000000000000001,1.6,153.0,-0.7263847995832747,1.4256104387013888
2026-01-31 18:00:00,14.3,100.0,0.3,0.8,207.0,0.3631923997916375,0.7128052193506943
2026-01-31 19:00:00,14.5,98.0,0.0,0.9,191.0,0.17172809583889043,0.8834644651028976
2026-01-31 20:00:00,14.1,97.0,0.1,1.9,131.0,-1.4339482024232668,1.2465121550819638
2026-01-31 21:00:00,14.0,96.0,0.3,0.9,180.0,5.5109105961630896e-17,0.9
2026-01-31 22:00:00,14.1,93.0,0.0,1.3,106.0,-1.2496402047198145,0.358328562562099
2026-01-31 23:00:00,14.0,89.0,0.1,1.9,112.0,-1.7616493236768958,0.7117525274902332
2026-02-01 00:00:00,13.8,86.0,0.0,1.2,153.0,-0.544788599687456,1.0692078290260414
2026-02-01 01:00:00,13.6,87.0,0.0,1.5,69.0,-1.4003706397458027,-0.5375519243179506
2026-02-01 02:00:00,13.4,87.0,0.0,0.9,90.0,-0.9,1.1021821192326179e-16
2026-02-01 03:00:00,13.4,85.0,0.0,0.8,63.0,-0.7128052193506944,-0.36319239979163737
2026-02-01 04:00:00,13.1,85.0,0.0,0.5,135.0,-0.35355339059327373,0.3535533905932738
2026-02-01 05:00:00,13.4,84.0,0.0,0.5,135.0,-0.35355339059327373,0.3535533905932738
2026-02-01 06:00:00,13.1,84.0,0.0,1.0,59.0,-0.8571673007021123,-0.5150380749100542
2026-02-01 07:00:00,12.9,83.0,0.0,0.4,297.0,0.3564026096753472,-0.1815961998958187
2026-02-01 08:00:00,13.3,86.0,0.0,2.8,255.0,2.7045923136093912,0.7246933262870581
2026-02-01 09:00:00,13.6,82.0,0.0,2.5,278.0,2.475670171853926,-0.3479327524001636
2026-02-01 10:00:00,14.0,76.0,0.0,4.5,286.0,4.325677631722435,-1.2403681011764962
2026-02-01 11:00:00,14.4,73.0,0.0,4.8,292.0,4.45048250192058,-1.7981116483963777
2026-02-01 12:00:00,14.4,73.0,0.0,4.0,288.0,3.804226065180614,-1.2360679774997896
2026-02-01 13:00:00,14.1,75.0,0.0,2.3,293.0,2.117161162940613,-0.8986815955253296
2026-02-01 14:00:00,13.7,80.0,0.1,1.9,299.0,1.6617774435648518,-0.9211382784680404
2026-02-01 15:00:00,14.2,79.0,0.4,1.0,315.0,0.7071067811865476,-0.7071067811865475
2026-02-01 16:00:00,13.0,94.0,0.8,1.8,294.0,1.6443818237566816,-0.7321259575364404
2026-02-01 17:00:00,12.7,97.0,0.8,2.9,281.0,2.8467188319982255,-0.5533460865919799
2026-02-01 18:00:00,12.8,98.0,1.0,3.1,280.0,3.052904034337845,-0.5383093507674841
2026-02-01 19:00:00,12.7,98.0,0.8,1.7000000000000002,283.0,1.6564291101349,-0.38241679238457055
2026-02-01 20:00:00,13.1,93.0,0.8,1.0,315.0,0.7071067811865476,-0.7071067811865475
2026-02-01 21:00:00,13.0,95.0,0.8,1.9,287.0,1.8169790363297673,-0.5555062389731998
2026-02-01 22:00:00,13.3,93.0,0.5,0.6000000000000001,304.0,0.49742254353302506,-0.33551574208244817
2026-02-01 23:00:00,13.3,93.0,0.3,1.5,300.0,1.299038105676658,-0.7499999999999999
2026-02-02 00:00:00,13.3,93.0,0.7000000000000001,1.7000000000000002,302.0,1.4416817634659242,-0.9008627491964484
2026-02-02 01:00:00,13.6,92.0,1.2,1.4,310.0,1.0724622203665692,-0.8999026535611548
2026-02-02 02:00:00,13.1,94.0,0.7000000000000001,0.4,270.0,0.4,0.0
2026-02-02 03:00:00,12.9,95.0,0.3,1.6,276.0,1.5912350325892373,-0.16724554122824556
2026-02-02 04:00:00,12.9,95.0,0.5,0.9,281.0,0.8834644651028976,-0.17172809583889032
2026-02-02 05:00:00,13.0,95.0,0.6,0.9,281.0,0.8834644651028976,-0.17172809583889032
2026-02-02 06:00:00,13.2,92.0,1.2,1.8,323.0,1.0832670416736871,-1.437543918085127
2026-02-02 07:00:00,13.4,92.0,0.6,1.7000000000000002,319.0,1.1153003492838625,-1.2830062863787126
2026-02-02 08:00:00,14.1,92.0,0.5,0.5,270.0,0.5,0.0
2026-02-02 09:00:00,14.8,90.0,0.3,2.1,38.0,-1.292889098183882,-1.6548225825741165
2026-02-02 10:00:00,15.8,84.0,0.1,5.8,64.0,-5.213005468535168,-2.542552651376649
2026-02-02 11:00:00,15.8,82.0,0.1,8.5,35.0,-4.8753997089838945,-6.962792376456428
2026-02-02 12:00:00,15.3,84.0,0.2,7.1,27.0,-3.223332548150783,-6.3261463217374105
2026-02-02 13:00:00,14.9,84.0,0.1,5.4,6.0,-0.5644537016453282,-5.370418234988676
2026-02-02 14:00:00,13.9,91.0,0.2,4.3,345.0,1.1129218939408392,-4.153481053042993
2026-02-02 15:00:00,13.6,96.0,0.4,5.0,308.0,3.9400537680336094,-3.0783073766282913
2026-02-02 16:00:00,13.6,97.0,0.4,5.0,283.0,4.871850323926176,-1.124755271719325
2026-02-02 17:00:00,13.5,98.0,0.5,4.6,281.0,4.515485043859254,-0.877721378732106
2026-02-02 18:00:00,13.4,98.0,0.3,2.3,288.0,2.1874299874788528,-0.710739087062379
2026-02-02 19:00:00,13.6,92.0,0.1,0.8,297.0,0.7128052193506944,-0.3631923997916374
2026-02-02 20:00:00,13.4,88.0,0.0,1.9,49.0,-1.433948202423267,-1.2465121550819633
2026-02-02 21:00:00,13.5,87.0,0.0,2.7,23.0,-1.0549740469210394,-2.4853631043215887
2026-02-02 22:00:00,13.2,89.0,0.0,3.6,18.0,-1.1124611797498112,-3.4238034586625528
2026-02-02 23:00:00,13.1,85.0,0.0,4.5,47.0,-3.2910916572862674,-3.0689926202812425
2026-02-03 00:00:00,12.8,88.0,0.0,4.1,41.0,-2.6898420188610794,-3.094309278913365
2026-02-03 01:00:00,12.7,91.0,0.0,4.5,50.0,-3.447199994035401,-2.892544243589427
2026-02-03 02:00:00,12.7,88.0,0.0,4.4,60.0,-3.81051177665153,-2.2000000000000006
2026-02-03 03:00:00,12.9,86.0,0.0,5.2,49.0,-3.924489817158415,-3.4115069507506366
2026-02-03 04:00:00,12.7,86.0,0.0,4.9,54.0,-3.964183272437243,-2.880147736233118
2026-02-03 05:00:00,12.9,84.0,0.0,6.4,47.0,-4.6806636903626915,-4.364789504399989
2026-02-03 06:00:00,12.8,84.0,0.0,5.7,49.0,-4.301844607269802,-3.7395364652458905
2026-02-03 07:00:00,12.8,83.0,0.0,5.5,52.0,-4.334059144836971,-3.38613811429112
2026-02-03 08:00:00,13.2,81.0,0.0,4.1,49.0,-3.0943092789133653,-2.6898420188610785
2026-02-03 09:00:00,13.6,81.0,0.0,3.5,28.0,-1.6431504697506176,-3.0903165750062445
2026-02-03 10:00:00,13.5,82.0,0.0,3.6,37.0,-2.166534083347374,-2.875087836170254
2026-02-03 11:00:00,13.5,79.0,0.0,4.3,28.0,-2.01872771997933,-3.796674649293386
2026-02-03 12:00:00,13.3,78.0,0.0,4.7,358.0,0.1640276345017551,-4.6971368869897505
2026-02-03 13:00:00,13.1,77.0,0.1,4.7,332.0,2.206516345093687,-4.149853686436956
2026-02-03 14:00:00,12.8,80.0,0.0,4.2,282.0,4.108219923081984,-0.8732291014345893
2026-02-03 15:00:00,12.5,82.0,0.1,3.5,261.0,3.456909192082982,0.547520627640808
2026-02-03 16:00:00,12.7,82.0,0.0,0.9,281.0,0.8834644651028976,-0.17172809583889032
2026-02-03 17:00:00,12.3,84.0,0.0,1.8,294.0,1.6443818237566816,-0.7321259575364404
2026-02-03 18:00:00,11.0,93.0,0.0,2.1,285.0,2.0284442352070435,-0.5435199947152936
2026-02-03 19:00:00,11.4,91.0,0.0,2.8,281.0,2.748556113653459,-0.5342651870543255
2026-02-03 20:00:00,10.8,94.0,0.0,2.7,290.0,2.537170076121953,-0.9234543869793056
2026-02-03 21:00:00,11.2,92.0,0.0,1.9,287.0,1.8169790363297673,-0.5555062389731998
2026-02-03 22:00:00,11.2,91.0,0.0,1.0,292.0,0.9271838545667874,-0.374606593415912
2026-02-03 23:00:00,11.3,87.0,0.0,0.4,297.0,0.3564026096753472,-0.1815961998958187
2026-02-04 00:00:00,12.1,84.0,0.0,0.2,270.0,0.2,0.0
2026-02-04 01:00:00,12.3,84.0,0.0,0.2,270.0,0.2,0.0
2026-02-04 02:00:00,11.8,86.0,0.0,0.2,270.0,0.2,0.0
2026-02-04 03:00:00,11.0,88.0,0.0,0.6000000000000001,288.0,0.5706339097770922,-0.18541019662496847
2026-02-04 04:00:00,11.6,85.0,0.0,0.4,297.0,0.3564026096753472,-0.1815961998958187
2026-02-04 05:00:00,11.6,83.0,0.0,1.1,360.0,6.735557395310444e-17,-1.1
2026-02-04 06:00:00,11.6,81.0,0.0,0.6000000000000001,304.0,0.49742254353302506,-0.33551574208244817
2026-02-04 07:00:00,11.8,80.0,0.0,0.4,297.0,0.3564026096753472,-0.1815961998958187
2026-02-04 08:00:00,14.2,72.0,0.0,1.3,326.0,0.7269507745119709,-1.0777488443215544
2026-02-04 09:00:00,15.5,69.0,0.0,1.1,261.0,1.0864571746546516,0.17207791154425398
2026-02-04 10:00:00,16.9,66.0,0.0,3.1,173.0,-0.37779496455595685,3.0768930700880985
2026-02-04 11:00:00,17.8,62.0,0.0,4.0,153.0,-1.8159619989581868,3.5640260967534716
2026-02-04 12:00:00,17.7,63.0,0.0,3.0,197.0,0.8771151141682103,2.868914267889106
2026-02-04 13:00:00,17.8,66.0,0.0,4.2,200.0,1.436484601967809,3.9467090073008153
2026-02-04 14:00:00,17.4,72.0,0.0,5.6,165.0,-1.4493866525741166,5.4091846272187825
2026-02-04 15:00:00,16.9,77.0,0.0,2.4,234.0,1.9416407864998737,1.4106846055019355
2026-02-04 16:00:00,16.3,81.0,0.0,0.7000000000000001,270.0,0.7000000000000001,0.0
2026-02-04 17:00:00,15.4,85.0,0.0,1.7000000000000002,288.0,1.6167960777017611,-0.5253288904374106
2026-02-04 18:00:00,14.1,93.0,0.0,2.2,305.0,1.802134497435782,-1.2618681599723014
2026-02-04 19:00:00,14.0,92.0,0.0,0.4,297.0,0.3564026096753472,-0.1815961998958187
2026-02-04 20:00:00,14.5,89.0,0.0,0.4,243.0,0.3564026096753472,0.1815961998958187
2026-02-04 21:00:00,14.7,87.0,0.0,0.7000000000000001,270.0,0.7000000000000001,0.0
2026-02-04 22:00:00,14.9,85.0,0.0,0.7000000000000001,180.0,4.2862637970157366e-17,0.7000000000000001
2026-02-04 23:00:00,14.3,87.0,0.0,1.4,247.0,1.2887067948334165,0.5470235798849833
2026-02-05 00:00:00,13.8,86.0,0.0,0.7000000000000001,270.0,0.7000000000000001,0.0
2026-02-05 01:00:00,14.1,83.0,0.0,0.5,270.0,0.5,0.0
2026-02-05 02:00:00,13.9,85.0,0.0,0.4,297.0,0.3564026096753472,-0.1815961998958187
2026-02-05 03:00:00,13.8,85.0,0.0,0.7000000000000001,284.0,0.6792070083931976,-0.16934532691976742
2026-02-05 04:00:00,13.8,84.0,0.0,0.30000000000000004,315.0,0.2121320343559643,-0.21213203435596428
2026-02-05 05:00:00,13.3,89.0,0.0,0.4,297.0,0.3564026096753472,-0.1815961998958187
2026-02-05 06:00:00,13.2,89.0,0.0,1.2,309.0,0.9325751537483651,-0.7551844692598049
2026-02-05 07:00:00,13.6,86.0,0.0,0.7000000000000001,284.0,0.6792070083931976,-0.16934532691976742
2026-02-05 08:00:00,16.3,85.0,0.0,1.5,300.0,1.299038105676658,-0.7499999999999999
2026-02-05 09:00:00,17.6,83.0,0.0,1.1,279.0,1.0864571746546516,-0.17207791154425398
2026-02-05 10:00:00,19.2,79.0,0.0,1.1,198.0,0.3399186938124422,1.0461621679246689
2026-02-05 11:00:00,20.3,67.0,0.0,3.6,84.0,-3.580278823325784,-0.3763024677635526
2026-02-05 12:00:00,19.8,62.0,0.0,2.1,38.0,-1.292889098183882,-1.6548225825741165
2026-02-05 13:00:00,19.9,61.0,0.0,0.9,323.0,0.5416335208368436,-0.7187719590425635
2026-02-05 14:00:00,19.4,62.0,0.0,1.5,201.0,0.5375519243179505,1.4003706397458027
2026-02-05 15:00:00,19.6,65.0,0.0,1.8,259.0,1.7669289302057951,0.34345619167778063
2026-02-05 16:00:00,18.8,69.0,0.0,2.3,288.0,2.1874299874788528,-0.710739087062379
2026-02-05 17:00:00,17.5,79.0,0.0,3.8,289.0,3.592970587277404,-1.2371589869371955
2026-02-05 18:00:00,15.6,91.0,0.0,2.3,288.0,2.1874299874788528,-0.710739087062379
2026-02-05 19:00:00,15.9,90.0,0.0,1.5,291.0,1.4003706397458027,-0.5375519243179504
2026-02-05 20:00:00,16.5,85.0,0.0,1.2,219.0,0.755184469259805,0.9325751537483651
2026-02-05 21:00:00,16.4,84.0,0.0,1.8,233.0,1.437543918085127,1.083267041673687
2026-02-05 22:00:00,16.5,82.0,0.0,0.7000000000000001,270.0,0.7000000000000001,0.0
2026-02-05 23:00:00,15.9,83.0,0.0,1.1,261.0,1.0864571746546516,0.17207791154425398
2026-02-06 00:00:00,15.9,83.0,0.0,0.9,270.0,0.9,0.0
2026-02-06 01:00:00,15.3,84.0,0.0,1.8,270.0,1.8,0.0
2026-02-06 02:00:00,15.6,80.0,0.0,0.30000000000000004,315.0,0.2121320343559643,-0.21213203435596428
2026-02-06 03:00:00,15.6,81.0,0.0,1.4,270.0,1.4,0.0
2026-02-06 04:00:00,15.4,83.0,0.0,0.30000000000000004,315.0,0.2121320343559643,-0.21213203435596428
2026-02-06 05:00:00,14.7,83.0,0.0,1.5,284.0,1.4554435894139948,-0.3628828433995016
2026-02-06 06:00:00,15.0,79.0,0.0,1.7000000000000002,288.0,1.6167960777017611,-0.5253288904374106
2026-02-06 07:00:00,14.9,79.0,0.0,2.1,285.0,2.0284442352070435,-0.5435199947152936
2026-02-06 08:00:00,17.2,80.0,0.0,1.0,292.0,0.9271838545667874,-0.374606593415912
2026-02-06 09:00:00,18.6,81.0,0.0,0.5,315.0,0.3535533905932738,-0.35355339059327373
2026-02-06 10:00:00,20.0,75.0,0.0,2.4,36.0,-1.4106846055019358,-1.9416407864998735
2026-02-06 11:00:00,21.0,65.0,0.0,3.3,49.0,-2.490541614735148,-2.1649947956686733
2026-02-06 12:00:00,21.0,59.0,0.0,5.0,46.0,-3.5966990016932554,-3.4732918522949867
2026-02-06 13:00:00,20.6,59.0,0.0,3.4,16.0,-0.9371670097777962,-3.2682897661902843
2026-02-06 14:00:00,19.4,68.0,0.0,6.1,71.0,-5.7676633111558315,-1.985965742188656
2026-02-06 15:00:00,19.0,75.0,0.0,4.1,358.0,0.14308793648025442,-4.097502390778292
2026-02-06 16:00:00,18.6,78.0,0.0,3.8,355.0,0.3311918224411009,-3.785539852748633
2026-02-06 17:00:00,17.7,82.0,0.0,3.5,345.0,0.9058666578588226,-3.380740392011739
2026-02-06 18:00:00,16.7,89.0,0.0,1.0,301.0,0.8571673007021123,-0.5150380749100542
2026-02-06 19:00:00,16.7,87.0,0.0,1.0,301.0,0.8571673007021123,-0.5150380749100542
2026-02-06 20:00:00,15.9,90.0,0.0,2.5,315.0,1.7677669529663689,-1.7677669529663687
2026-02-06 21:00:00,15.3,92.0,0.0,2.4,318.0,1.6059134552612597,-1.7835475811457462
2026-02-06 22:00:00,15.1,92.0,0.0,0.6000000000000001,288.0,0.5706339097770922,-0.18541019662496847
2026-02-06 23:00:00,15.1,92.0,0.0,0.9,259.0,0.8834644651028976,0.17172809583889032
2026-02-07 00:00:00,15.1,92.0,0.0,2.0,265.0,1.992389396183491,0.17431148549531633
2026-02-07 01:00:00,15.3,90.0,0.0,1.1,252.0,1.0461621679246689,0.33991869381244216
2026-02-07 02:00:00,15.1,90.0,0.0,1.9,197.0,0.5555062389731998,1.8169790363297673
2026-02-07 03:00:00,14.8,91.0,0.0,1.5,234.0,1.2135254915624212,0.8816778784387097
2026-02-07 04:00:00,14.7,91.0,0.0,0.4,243.0,0.3564026096753472,0.1815961998958187
2026-02-07 05:00:00,14.7,93.0,0.0,0.6000000000000001,124.0,-0.49742254353302506,0.33551574208244817
2026-02-07 06:00:00,14.5,94.0,0.0,1.3,56.0,-1.0777488443215544,-0.7269507745119708
2026-02-07 07:00:00,14.2,93.0,0.1,4.3,66.0,-3.9282454678631837,-1.7489675652259409
2026-02-07 08:00:00,14.9,85.0,0.0,6.9,57.0,-5.786826918823426,-3.758009341603687
2026-02-07 09:00:00,15.0,82.0,0.0,8.7,43.0,-5.933385732543737,-6.3627772040867825
2026-02-07 10:00:00,14.8,80.0,0.0,6.8,42.0,-4.5500881232402355,-5.053384813246281
2026-02-07 11:00:00,14.6,80.0,0.0,5.8,36.0,-3.409154463296345,-4.692298567374695
2026-02-07 12:00:00,14.7,75.0,0.0,6.5,24.0,-2.6437881799927005,-5.9380454746769065
2026-02-07 13:00:00,15.2,71.0,0.0,6.9,15.0,-1.7858514112073924,-6.664888201394572
2026-02-07 14:00:00,14.6,75.0,0.0,8.0,38.0,-4.925291802605265,-6.304086028853777
2026-02-07 15:00:00,14.3,76.0,0.1,7.2,12.0,-1.4969641738878705,-7.0426627252834
2026-02-07 16:00:00,14.0,78.0,0.1,4.5,337.0,1.7582900782017317,-4.142271840535981
2026-02-07 17:00:00,13.5,82.0,0.1,2.9,330.0,1.4500000000000002,-2.5114736709748717
2026-02-07 18:00:00,13.0,85.0,0.1,2.7,20.0,-0.9234543869793052,-2.537170076121953
2026-02-07 19:00:00,13.0,83.0,0.1,1.4,67.0,-1.2887067948334165,-0.547023579884983
2026-02-07 20:00:00,12.6,89.0,0.0,2.4,36.0,-1.4106846055019358,-1.9416407864998735
2026-02-07 21:00:00,11.9,91.0,0.4,1.7000000000000002,347.0,0.3824167923845704,-1.6564291101349
2026-02-07 22:00:00,11.6,92.0,0.5,2.1,301.0,1.800051331474436,-1.0815799573111138
2026-02-07 23:00:00,11.2,95.0,0.3,2.2,318.0,1.4720873339894882,-1.6349186160502676
2026-02-08 00:00:00,11.0,92.0,0.3,2.7,337.0,1.0549740469210391,-2.485363104321589
2026-02-08 01:00:00,10.8,92.0,0.4,2.1,322.0,1.2928890981838825,-1.6548225825741163
2026-02-08 02:00:00,10.8,95.0,0.4,2.6,348.0,0.5405703961261746,-2.5431837619078945
2026-02-08 03:00:00,10.0,95.0,0.4,1.9,338.0,0.7117525274902327,-1.761649323676896
2026-02-08 04:00:00,9.9,94.0,0.3,2.6,321.0,1.6362330167295775,-2.0205794997881243
2026-02-08 05:00:00,9.7,91.0,0.3,2.1,290.0,1.9733545036504079,-0.7182423009839043
2026-02-08 06:00:00,9.5,92.0,0.4,1.4,270.0,1.4,0.0
2026-02-08 07:00:00,9.1,91.0,0.3,3.0,245.0,2.7189233611099497,1.2678547852220983
2026-02-08 08:00:00,9.9,91.0,0.1,1.2,321.0,0.755184469259805,-0.9325751537483651
2026-02-08 09:00:00,10.1,72.0,0.0,4.2,54.0,-3.39787137637478,-2.468698059628387
2026-02-08 10:00:00,9.5,69.0,0.0,2.4,9.0,-0.3754427160965545,-2.37045201742833
2026-02-08 11:00:00,9.1,70.0,0.0,2.3,247.0,2.117161162940613,0.8986815955253296
2026-02-08 12:00:00,8.9,70.0,0.0,2.6,258.0,2.543183761907895,0.5405703961261743
2026-02-08 13:00:00,8.8,69.0,0.0,6.6,249.0,6.161630814881531,2.365228466998982
2026-02-08 14:00:00,9.1,68.0,0.0,1.8,143.0,-1.0832670416736871,1.4375439180851268
2026-02-08 15:00:00,8.2,73.0,0.0,2.3,247.0,2.117161162940613,0.8986815955253296
2026-02-08 16:00:00,7.8,73.0,0.0,1.9,241.0,1.6617774435648518,0.9211382784680404
2026-02-08 17:00:00,7.2,76.0,0.0,2.4,207.0,1.0895771993749124,2.138415658052083
2026-02-08 18:00:00,6.1,81.0,0.0,4.4,212.0,2.3316447626261017,3.7314116230882743
2026-02-08 19:00:00,5.4,83.0,0.0,7.5,226.0,5.3950485025398836,5.209937778442479
2026-02-08 20:00:00,6.5,74.0,0.0,6.2,244.0,5.572523087054836,2.71790111009228
2026-02-08 21:00:00,6.6,71.0,0.0,4.1,257.0,3.9949172656194643,0.9222993228098464
2026-02-08 22:00:00,6.2,71.0,0.0,3.6,270.0,3.6,0.0
2026-02-08 23:00:00,5.9,69.0,0.0,5.4,270.0,5.4,0.0
2026-02-09 00:00:00,5.9,68.0,0.0,6.7,268.0,6.695918541027941,0.2338266279067565
2026-02-09 01:00:00,6.2,68.0,0.0,5.8,268.0,5.796466796710755,0.2024170808745056
2026-02-09 02:00:00,6.2,71.0,0.0,4.5,272.0,4.497258721585931,-0.15704773516125436
2026-02-09 03:00:00,6.6,68.0,0.0,4.5,284.0,4.366330768241984,-1.0886485301985047
2026-02-09 04:00:00,6.8,63.0,0.0,8.1,287.0,7.746068523300587,-2.3682108082541675
2026-02-09 05:00:00,7.4,64.0,0.0,5.4,291.0,5.04133430308489,-1.9351869275446216
2026-02-09 06:00:00,7.8,63.0,0.0,4.1,299.0,3.585940799271522,-1.9877194430099818
2026-02-09 07:00:00,8.4,65.0,0.0,2.4,283.0,2.3384881554845647,-0.539882530425276
2026-02-09 08:00:00,9.9,54.0,0.0,2.2,325.0,1.2618681599723016,-1.802134497435782
2026-02-09 09:00:00,10.9,55.0,0.0,3.9,332.0,1.8309390948649744,-3.443495612149815
2026-02-09 10:00:00,12.1,54.0,0.0,6.0,21.0,-2.1502076972718043,-5.60148255898321
2026-02-09 11:00:00,12.0,56.0,0.0,5.1,23.0,-1.9927287552952964,-4.694574752607445
2026-02-09 12:00:00,11.9,58.0,0.0,5.5,41.0,-3.6083246594477902,-4.150902691225246
2026-02-09 13:00:00,11.2,64.0,0.0,4.4,21.0,-1.5768189779993234,-4.1077538765876875
2026-02-09 14:00:00,10.0,70.0,0.0,1.2,321.0,0.755184469259805,-0.9325751537483651
2026-02-09 15:00:00,10.1,71.0,0.0,1.9,299.0,1.6617774435648518,-0.9211382784680404
2026-02-09 16:00:00,9.6,73.0,0.0,1.8,281.0,1.7669289302057951,-0.34345619167778063
2026-02-09 17:00:00,9.5,74.0,0.0,2.9,266.0,2.89293574575349,0.20229377385796338
2026-02-09 18:00:00,9.2,76.0,0.0,1.4,270.0,1.4,0.0
2026-02-09 19:00:00,9.0,80.0,0.0,0.9,281.0,0.8834644651028976,-0.17172809583889032
2026-02-09 20:00:00,8.3,80.0,0.0,0.30000000000000004,315.0,0.2121320343559643,-0.21213203435596428
2026-02-09 21:00:00,9.0,77.0,0.0,0.4,270.0,0.4,0.0
2026-02-09 22:00:00,9.4,75.0,0.0,0.6000000000000001,288.0,0.5706339097770922,-0.18541019662496847
2026-02-09 23:00:00,9.8,73.0,0.0,0.4,270.0,0.4,0.0
2026-02-10 00:00:00,10.0,73.0,0.0,1.2,231.0,0.9325751537483651,0.7551844692598049
2026-02-10 01:00:00,10.0,74.0,0.0,0.8,243.0,0.7128052193506944,0.3631923997916374
2026-02-10 02:00:00,9.7,73.0,0.0,0.7000000000000001,346.0,0.1693453269197674,-0.6792070083931976
2026-02-10 03:00:00,9.5,73.0,0.0,0.8,243.0,0.7128052193506944,0.3631923997916374
2026-02-10 04:00:00,9.4,74.0,0.0,1.4,220.0,0.8999026535611551,1.0724622203665692
2026-02-10 05:00:00,9.8,74.0,0.0,0.6000000000000001,236.0,0.49742254353302506,0.33551574208244817
2026-02-10 06:00:00,9.4,77.0,0.0,0.9,217.0,0.5416335208368436,0.7187719590425635
2026-02-10 07:00:00,9.6,77.0,0.0,1.1,252.0,1.0461621679246689,0.33991869381244216
2026-02-10 08:00:00,12.9,71.0,0.0,1.8,246.0,1.6443818237566816,0.7321259575364404
2026-02-10 09:00:00,14.3,67.0,0.0,3.3,241.0,2.8862450335600056,1.5998717468129122
2026-02-10 10:00:00,15.6,63.0,0.0,5.2,214.0,2.9078030980478835,4.3109953772862175
2026-02-10 11:00:00,16.1,61.0,0.0,6.5,222.0,4.349348941332579,4.830441365603063
2026-02-10 12:00:00,16.6,59.0,0.0,5.7,238.0,4.8338741480916285,3.020539806129268
2026-02-10 13:00:00,17.0,58.0,0.0,5.3,225.0,3.747665940288702,3.7476659402887016
2026-02-10 14:00:00,16.7,60.0,0.0,5.3,172.0,-0.7376174350883463,5.248420764330323
2026-02-10 15:00:00,16.8,60.0,0.0,3.4,205.0,1.436902089918378,3.0814464759246096
2026-02-10 16:00:00,16.1,64.0,0.0,2.1,239.0,1.800051331474436,1.0815799573111138
2026-02-10 17:00:00,14.7,71.0,0.0,2.9,281.0,2.8467188319982255,-0.5533460865919799
2026-02-10 18:00:00,12.3,84.0,0.0,2.3,299.0,2.01162532642061,-1.1150621265665752
2026-02-10 19:00:00,12.0,83.0,0.0,1.1,288.0,1.0461621679246689,-0.33991869381244216
2026-02-10 20:00:00,12.6,79.0,0.0,0.7000000000000001,270.0,0.7000000000000001,0.0
2026-02-10 21:00:00,13.3,75.0,0.0,0.7000000000000001,270.0,0.7000000000000001,0.0
2026-02-10 22:00:00,13.2,75.0,0.0,1.3,270.0,1.3,0.0
2026-02-10 23:00:00,13.4,74.0,0.0,1.1,270.0,1.1,0.0
2026-02-11 00:00:00,13.3,74.0,0.0,1.1,270.0,1.1,0.0
2026-02-11 01:00:00,12.9,76.0,0.0,1.0,292.0,0.9271838545667874,-0.374606593415912
2026-02-11 02:00:00,12.5,74.0,0.0,0.4,297.0,0.3564026096753472,-0.1815961998958187
2026-02-11 03:00:00,11.8,75.0,0.0,0.8,297.0,0.7128052193506944,-0.3631923997916374
2026-02-11 04:00:00,11.6,75.0,0.0,1.1,288.0,1.0461621679246689,-0.33991869381244216
2026-02-11 05:00:00,11.6,74.0,0.0,2.0,280.0,1.969615506024416,-0.34729635533386066
2026-02-11 06:00:00,11.6,73.0,0.0,2.2,284.0,2.1346505978071924,-0.5322281703192691
2026-02-11 07:00:00,12.1,71.0,0.0,2.4,283.0,2.3384881554845647,-0.539882530425276
2026-02-11 08:00:00,15.1,72.0,0.0,1.5,291.0,1.4003706397458027,-0.5375519243179504
2026-02-11 09:00:00,17.9,59.0,0.0,0.6000000000000001,288.0,0.5706339097770922,-0.18541019662496847
2026-02-11 10:00:00,18.3,59.0,0.0,3.6,357.0,0.1884094424745983,-3.595066325116466
2026-02-11 11:00:00,18.3,61.0,0.0,4.3,5.0,-0.37476969381493047,-4.283637201794505
2026-02-11 12:00:00,18.6,62.0,0.0,1.5,324.0,0.8816778784387097,-1.2135254915624212
2026-02-11 13:00:00,17.8,66.0,0.0,1.5,284.0,1.4554435894139948,-0.3628828433995016
2026-02-11 14:00:00,15.7,78.0,0.1,1.3,278.0,1.2873484893640414,-0.18092503124808507
2026-02-11 15:00:00,15.4,80.0,0.2,3.3,264.0,3.2819222547153015,0.3449439287832564
2026-02-11 16:00:00,14.6,83.0,0.2,3.8,275.0,3.785539852748633,-0.331191822441101
2026-02-11 17:00:00,14.0,88.0,0.3,2.8,297.0,2.49481826772743,-1.2711733992707308
2026-02-11 18:00:00,13.8,90.0,0.2,1.9,304.0,1.575171387854579,-1.0624665165944192
2026-02-11 19:00:00,13.7,94.0,0.5,1.2,321.0,0.755184469259805,-0.9325751537483651
2026-02-11 20:00:00,13.3,96.0,0.4,0.7000000000000001,284.0,0.6792070083931976,-0.16934532691976742
2026-02-11 21:00:00,13.4,95.0,0.3,1.1,342.0,0.3399186938124422,-1.0461621679246689
2026-02-11 22:00:00,13.0,95.0,0.1,0.8,297.0,0.7128052193506944,-0.3631923997916374
2026-02-11 23:00:00,13.1,93.0,0.1,0.4,297.0,0.3564026096753472,-0.1815961998958187
2026-02-12 00:00:00,13.3,90.0,0.1,0.4,297.0,0.3564026096753472,-0.1815961998958187
2026-02-12 01:00:00,13.2,88.0,0.0,0.4,297.0,0.3564026096753472,-0.1815961998958187
2026-02-12 02:00:00,12.8,89.0,0.0,0.4,207.0,0.18159619989581874,0.35640260967534715
2026-02-12 03:00:00,12.8,89.0,0.3,1.3,225.0,0.9192388155425119,0.9192388155425117
2026-02-12 04:00:00,12.7,89.0,0.1,0.30000000000000004,225.0,0.2121320343559643,0.21213203435596428
2026-02-12 05:00:00,12.8,88.0,0.0,0.4,360.0,2.4492935982947065e-17,-0.4
2026-02-12 06:00:00,12.6,89.0,0.0,0.6000000000000001,72.0,-0.5706339097770923,-0.1854101966249684
2026-02-12 07:00:00,12.8,89.0,0.0,0.4,297.0,0.3564026096753472,-0.1815961998958187
2026-02-12 08:00:00,13.6,90.0,0.0,4.1,247.0,3.774069899155005,1.6019976268060223
2026-02-12 09:00:00,14.6,85.0,0.0,2.7,278.0,2.67372378560224,-0.3757673725921767
2026-02-12 10:00:00,15.5,79.0,0.0,1.9,319.0,1.2465121550819638,-1.4339482024232668
2026-02-12 11:00:00,15.9,75.0,0.0,2.8,349.0,0.5342651870543257,-2.748556113653459
2026-02-12 12:00:00,16.4,70.0,0.0,3.7,331.0,1.7937955949114475,-3.2360929164157644
2026-02-12 13:00:00,15.8,73.0,0.0,2.3,309.0,1.7874357113510329,-1.4474368994146258
2026-02-12 14:00:00,14.4,81.0,0.0,4.0,260.0,3.939231012048832,0.6945927106677213
2026-02-12 15:00:00,14.4,83.0,0.0,4.2,260.0,4.136192562651273,0.7293223462011075
2026-02-12 16:00:00,14.3,85.0,0.1,3.2,267.0,3.1956145112146364,0.1674750599774203
2026-02-12 17:00:00,14.2,85.0,0.1,3.1,270.0,3.1,0.0
2026-02-12 18:00:00,13.6,92.0,0.1,2.8,288.0,2.6629582456264296,-0.8652475842498527
2026-02-12 19:00:00,13.5,94.0,0.1,0.9,270.0,0.9,0.0
2026-02-12 20:00:00,13.7,90.0,0.0,0.6000000000000001,124.0,-0.49742254353302506,0.33551574208244817
2026-02-12 21:00:00,13.6,90.0,0.0,0.2,270.0,0.2,0.0
2026-02-12 22:00:00,13.3,90.0,0.0,0.5,225.0,0.3535533905932738,0.35355339059327373
2026-02-12 23:00:00,13.0,88.0,0.0,0.5,270.0,0.5,0.0
2026-02-13 00:00:00,13.3,85.0,0.0,0.4,270.0,0.4,0.0
2026-02-13 01:00:00,13.0,85.0,0.0,0.4,270.0,0.4,0.0
2026-02-13 02:00:00,12.9,87.0,0.0,0.2,270.0,0.2,0.0
2026-02-13 03:00:00,12.8,86.0,0.0,0.9,281.0,0.8834644651028976,-0.17172809583889032
2026-02-13 04:00:00,12.6,84.0,0.0,0.6000000000000001,288.0,0.5706339097770922,-0.18541019662496847
2026-02-13 05:00:00,12.8,82.0,0.0,0.4,297.0,0.3564026096753472,-0.1815961998958187
2026-02-13 06:00:00,12.9,80.0,0.0,0.4,270.0,0.4,0.0
2026-02-13 07:00:00,13.2,80.0,0.0,1.1,270.0,1.1,0.0
2026-02-13 08:00:00,15.4,80.0,0.0,2.3,247.0,2.117161162940613,0.8986815955253296
2026-02-13 09:00:00,16.9,82.0,0.0,3.8,262.0,3.7630186612179672,0.5288577836482486
2026-02-13 10:00:00,18.5,74.0,0.0,2.1,218.0,1.2928890981838825,1.6548225825741163
2026-02-13 11:00:00,19.7,65.0,0.0,3.5,204.0,1.4235782507653008,3.197409101749103
2026-02-13 12:00:00,19.9,65.0,0.0,4.6,191.0,0.8777213787321065,4.515485043859254
2026-02-13 13:00:00,19.9,63.0,0.0,4.9,188.0,0.6819481947043208,4.852313536833695
2026-02-13 14:00:00,18.8,74.0,0.0,4.1,135.0,-2.8991378028648445,2.899137802864845
2026-02-13 15:00:00,18.1,77.0,0.0,2.1,322.0,1.2928890981838825,-1.6548225825741163
2026-02-13 16:00:00,17.7,75.0,0.0,2.3,331.0,1.1150621265665752,-2.01162532642061
2026-02-13 17:00:00,16.9,78.0,0.0,3.1,294.0,2.8319909186920627,-1.2608835935349807
2026-02-13 18:00:00,16.1,84.0,0.0,4.6,291.0,4.294469961887128,-1.648492567908381
2026-02-13 19:00:00,15.8,88.0,0.1,2.8,281.0,2.748556113653459,-0.5342651870543255
2026-02-13 20:00:00,15.8,90.0,0.2,1.0,149.0,-0.5150380749100543,0.8571673007021123
2026-02-13 21:00:00,15.8,91.0,0.1,0.7000000000000001,166.0,-0.16934532691976747,0.6792070083931976
2026-02-13 22:00:00,15.7,90.0,0.0,2.0,275.0,1.992389396183491,-0.17431148549531633
2026-02-13 23:00:00,16.0,86.0,0.0,0.9,259.0,0.8834644651028976,0.17172809583889032
2026-02-14 00:00:00,15.3,90.0,0.0,1.6,207.0,0.726384799583275,1.4256104387013886
2026-02-14 01:00:00,14.5,91.0,0.0,1.5,277.0,1.488819227461983,-0.1828040151077212
2026-02-14 02:00:00,14.3,89.0,0.0,1.8,270.0,1.8,0.0
2026-02-14 03:00:00,14.0,86.0,0.0,2.1,285.0,2.0284442352070435,-0.5435199947152936
2026-02-14 04:00:00,14.0,82.0,0.0,1.7000000000000002,288.0,1.6167960777017611,-0.5253288904374106
2026-02-14 05:00:00,14.2,79.0,0.0,0.7000000000000001,284.0,0.6792070083931976,-0.16934532691976742
2026-02-14 06:00:00,13.9,79.0,0.0,0.9,270.0,0.9,0.0
2026-02-14 07:00:00,14.0,81.0,0.0,2.0,270.0,2.0,0.0
2026-02-14 08:00:00,17.2,76.0,0.0,0.6000000000000001,304.0,0.49742254353302506,-0.33551574208244817
2026-02-14 09:00:00,18.6,74.0,0.0,2.9,266.0,2.89293574575349,0.20229377385796338
2026-02-14 10:00:00,19.9,64.0,0.0,4.6,225.0,3.2526911934581184,3.252691193458118
2026-02-14 11:00:00,20.9,59.0,0.0,5.8,219.0,3.650058268089057,4.507446576450431
2026-02-14 12:00:00,21.3,57.0,0.0,5.5,221.0,3.6083246594477902,4.150902691225246
2026-02-14 13:00:00,21.6,56.0,0.0,4.1,221.0,2.6898420188610794,3.094309278913365
2026-02-14 14:00:00,21.1,60.0,0.0,5.4,165.0,-1.3976228435536127,5.215999461960969
2026-02-14 15:00:00,20.9,62.0,0.0,3.3,216.0,1.9396913325651612,2.6697560814373262
2026-02-14 16:00:00,20.1,66.0,0.0,2.6,245.0,2.3564002462952898,1.0988074805258186
2026-02-14 17:00:00,19.1,71.0,0.0,2.4,283.0,2.3384881554845647,-0.539882530425276
2026-02-14 18:00:00,17.0,81.0,0.0,4.5,299.0,3.935788682127281,-2.1816432911085166
2026-02-14 19:00:00,16.8,82.0,0.0,3.3,299.0,2.8862450335600056,-1.5998717468129122
2026-02-14 20:00:00,15.8,86.0,0.0,2.8,310.0,2.1449244407331385,-1.7998053071223097
2026-02-14 21:00:00,15.9,81.0,0.0,2.0,280.0,1.969615506024416,-0.34729635533386066
2026-02-14 22:00:00,16.0,76.0,0.0,2.5,270.0,2.5,0.0
2026-02-14 23:00:00,16.4,71.0,0.0,3.1,280.0,3.052904034337845,-0.5383093507674841
2026-02-15 00:00:00,15.7,68.0,0.0,2.8,285.0,2.7045923136093912,-0.7246933262870581
2026-02-15 01:00:00,14.8,67.0,0.0,3.1,283.0,3.0205472008342293,-0.6973482684659815
2026-02-15 02:00:00,13.1,73.0,0.0,2.4,287.0,2.295131414311285,-0.7016920913345682
2026-02-15 03:00:00,13.3,71.0,0.0,3.5,291.0,3.267531492740206,-1.2542878234085508
2026-02-15 04:00:00,12.9,71.0,0.0,3.1,291.0,2.8940993221413254,-1.1109406435904308
2026-02-15 05:00:00,12.8,70.0,0.0,2.7,293.0,2.485363104321589,-1.0549740469210394
2026-02-15 06:00:00,12.5,70.0,0.0,2.7,290.0,2.537170076121953,-0.9234543869793056
2026-02-15 07:00:00,12.9,70.0,0.0,3.2,289.0,3.025659441917814,-1.0418180942629014
2026-02-15 08:00:00,17.8,70.0,0.0,1.6,297.0,1.4256104387013888,-0.7263847995832748
2026-02-15 09:00:00,20.4,66.0,0.0,1.5,201.0,0.5375519243179505,1.4003706397458027
2026-02-15 10:00:00,21.4,60.0,0.0,2.4,153.0,-1.089577199374912,2.138415658052083
2026-02-15 11:00:00,22.1,54.0,0.0,2.2,85.0,-2.1916283358018402,-0.19174263404484748
2026-02-15 12:00:00,22.1,55.0,0.0,2.8,101.0,-2.748556113653459,0.5342651870543259
2026-02-15 13:00:00,21.9,57.0,0.0,0.2,270.0,0.2,0.0
2026-02-15 14:00:00,20.3,62.0,0.0,2.9,150.0,-1.4499999999999993,2.511473670974872
2026-02-15 15:00:00,20.0,63.0,0.0,1.4,293.0,1.2887067948334165,-0.5470235798849833
2026-02-15 16:00:00,19.5,66.0,0.0,2.1,285.0,2.0284442352070435,-0.5435199947152936
2026-02-15 17:00:00,18.5,72.0,0.0,3.8,287.0,3.6339580726595346,-1.1110124779463997
2026-02-15 18:00:00,16.9,81.0,0.0,2.2,284.0,2.1346505978071924,-0.5322281703192691
2026-02-15 19:00:00,16.8,82.0,0.0,1.3,278.0,1.2873484893640414,-0.18092503124808507
2026-02-15 20:00:00,17.5,82.0,0.0,1.9,131.0,-1.4339482024232668,1.2465121550819638
2026-02-15 21:00:00,17.4,84.0,0.0,0.30000000000000004,315.0,0.2121320343559643,-0.21213203435596428
2026-02-15 22:00:00,17.0,86.0,0.0,0.8,315.0,0.5656854249492381,-0.565685424949238
2026-02-15 23:00:00,16.9,85.0,0.0,1.4,270.0,1.4,0.0
2026-02-16 00:00:00,16.9,82.0,0.0,0.7000000000000001,270.0,0.7000000000000001,0.0
2026-02-16 01:00:00,16.4,82.0,0.0,1.5,277.0,1.488819227461983,-0.1828040151077212
2026-02-16 02:00:00,16.2,88.0,0.0,0.30000000000000004,315.0,0.2121320343559643,-0.21213203435596428
2026-02-16 03:00:00,16.0,78.0,0.0,1.5,291.0,1.4003706397458027,-0.5375519243179504
2026-02-16 04:00:00,16.3,72.0,0.0,0.9,281.0,0.8834644651028976,-0.17172809583889032
2026-02-16 05:00:00,16.0,72.0,0.0,1.3,270.0,1.3,0.0
2026-02-16 06:00:00,15.6,73.0,0.0,1.6,276.0,1.5912350325892373,-0.16724554122824556
2026-02-16 07:00:00,16.1,73.0,0.0,1.8,276.0,1.790139411662892,-0.18815123388177626
2026-02-16 08:00:00,18.1,65.0,0.0,0.6000000000000001,288.0,0.5706339097770922,-0.18541019662496847
2026-02-16 09:00:00,19.7,62.0,0.0,3.3,248.0,3.0597067200703982,1.2362017582725096
2026-02-16 10:00:00,21.0,52.0,0.0,4.2,216.0,2.4686980596283874,3.3978713763747797
2026-02-16 11:00:00,21.6,47.0,0.0,2.3,225.0,1.6263455967290592,1.626345596729059
2026-02-16 12:00:00,21.7,48.0,0.0,1.0,315.0,0.7071067811865476,-0.7071067811865475
2026-02-16 13:00:00,21.7,49.0,0.0,1.9,338.0,0.7117525274902327,-1.761649323676896
2026-02-16 14:00:00,20.7,53.0,0.0,2.3,61.0,-2.01162532642061,-1.115062126566575
2026-02-16 15:00:00,20.5,56.0,0.0,1.7000000000000002,302.0,1.4416817634659242,-0.9008627491964484
2026-02-16 16:00:00,19.9,58.0,0.0,2.7,278.0,2.67372378560224,-0.3757673725921767
2026-02-16 17:00:00,19.1,65.0,0.0,2.0,280.0,1.969615506024416,-0.34729635533386066
2026-02-16 18:00:00,17.6,74.0,0.0,1.8,276.0,1.790139411662892,-0.18815123388177626
2026-02-16 19:00:00,17.9,70.0,0.0,0.9,37.0,-0.5416335208368435,-0.7187719590425635
2026-02-16 20:00:00,17.1,77.0,0.0,1.0,211.0,0.5150380749100542,0.8571673007021123
2026-02-16 21:00:00,16.3,81.0,0.0,2.1,345.0,0.5435199947152936,-2.0284442352070435
2026-02-16 22:00:00,15.8,87.0,0.0,0.6000000000000001,304.0,0.49742254353302506,-0.33551574208244817
2026-02-16 23:00:00,15.4,89.0,0.0,0.0,270.0,0.0,0.0
2026-02-17 00:00:00,15.1,90.0,0.0,0.5,270.0,0.5,0.0
2026-02-17 01:00:00,14.7,89.0,0.0,1.4,247.0,1.2887067948334165,0.5470235798849833
2026-02-17 02:00:00,14.7,85.0,0.0,3.1,230.0,2.3747377736688318,1.9926415900282717
2026-02-17 03:00:00,14.5,84.0,0.0,2.1,255.0,2.0284442352070435,0.5435199947152936
2026-02-17 04:00:00,13.9,86.0,0.0,2.3,252.0,2.1874299874788528,0.710739087062379
2026-02-17 05:00:00,13.8,87.0,0.0,3.0,253.0,2.868914267889106,0.8771151141682103
2026-02-17 06:00:00,13.6,89.0,0.0,3.1,249.0,2.8940993221413254,1.1109406435904308
2026-02-17 07:00:00,14.2,87.0,0.0,2.0,243.0,1.7820130483767358,0.9079809994790935
2026-02-17 08:00:00,14.8,84.0,0.0,3.8,229.0,2.8678964048465336,2.4930243101639276
2026-02-17 09:00:00,15.4,80.0,0.0,2.0,185.0,0.17431148549531628,1.992389396183491
2026-02-17 10:00:00,15.3,80.0,0.0,1.0,292.0,0.9271838545667874,-0.374606593415912
2026-02-17 11:00:00,15.3,80.0,0.0,2.0,333.0,0.9079809994790936,-1.7820130483767356
2026-02-17 12:00:00,15.4,79.0,0.0,2.0,350.0,0.34729635533386083,-1.969615506024416
2026-02-17 13:00:00,15.2,80.0,0.0,2.9,338.0,1.0863591209061447,-2.6888331782436836
2026-02-17 14:00:00,14.6,82.0,0.0,1.8,294.0,1.6443818237566816,-0.7321259575364404
2026-02-17 15:00:00,14.5,82.0,0.1,4.0,291.0,3.734321705988807,-1.433471798181201
2026-02-17 16:00:00,14.2,83.0,0.1,5.0,283.0,4.871850323926176,-1.124755271719325
2026-02-17 17:00:00,13.8,85.0,0.0,3.6,288.0,3.4238034586625528,-1.1124611797498107
2026-02-17 18:00:00,13.4,87.0,0.0,3.5,282.0,3.42351660256832,-0.7276909178621577
2026-02-17 19:00:00,13.4,87.0,0.0,2.6,282.0,2.543183761907895,-0.5405703961261743
2026-02-17 20:00:00,13.0,96.0,0.0,5.9,250.0,5.54418646263686,2.0179188456214456
2026-02-17 21:00:00,13.1,96.0,0.0,5.7,259.0,5.595274945651685,1.0876112736463055
2026-02-17 22:00:00,12.8,96.0,0.0,5.3,258.0,5.18418228388917,1.1019319613341245
2026-02-17 23:00:00,12.8,96.0,0.1,4.8,257.0,4.676976310969129,1.079765060850552
2026-02-18 00:00:00,12.6,97.0,0.1,4.0,265.0,3.984778792366982,0.34862297099063266
2026-02-18 01:00:00,12.6,98.0,0.1,3.6,264.0,3.580278823325784,0.37630246776355253
2026-02-18 02:00:00,12.8,98.0,0.2,1.8,259.0,1.7669289302057951,0.34345619167778063
2026-02-18 03:00:00,12.8,98.0,0.4,3.3,261.0,3.2593715239639547,0.5162337346327618
2026-02-18 04:00:00,12.6,97.0,0.4,1.5,263.0,1.488819227461983,0.1828040151077212
2026-02-18 05:00:00,12.7,95.0,0.8,1.1,279.0,1.0864571746546516,-0.17207791154425398
2026-02-18 06:00:00,12.8,91.0,1.1,0.9,259.0,0.8834644651028976,0.17172809583889032
2026-02-18 07:00:00,12.7,93.0,0.8,0.8,243.0,0.7128052193506944,0.3631923997916374
2026-02-18 08:00:00,12.4,93.0,0.3,5.7,215.0,3.269385687200963,4.669166652447253
2026-02-18 09:00:00,12.4,92.0,0.2,6.5,247.0,5.983281547440862,2.5397523351802795
2026-02-18 10:00:00,12.6,89.0,0.2,4.8,243.0,4.276831316104166,2.1791543987498243
2026-02-18 11:00:00,13.1,82.0,0.0,2.4,228.0,1.7835475811457462,1.6059134552612597
2026-02-18 12:00:00,13.9,77.0,0.0,1.8,90.0,-1.8,2.2043642384652358e-16
2026-02-18 13:00:00,13.9,77.0,0.0,1.8,6.0,-0.18815123388177604,-1.7901394116628921
2026-02-18 14:00:00,13.5,78.0,0.0,3.0,213.0,1.6339171050450814,2.516011703836272
2026-02-18 15:00:00,13.1,80.0,0.0,3.2,267.0,3.1956145112146364,0.1674750599774203
2026-02-18 16:00:00,12.4,83.0,0.1,5.8,274.0,5.78587149150698,-0.40458754771592675
2026-02-18 17:00:00,12.0,85.0,0.2,5.9,268.0,5.896405879412665,0.20590703054475573
2026-02-18 18:00:00,11.9,88.0,0.1,6.3,267.0,6.291366068953815,0.32971652433054616
2026-02-18 19:00:00,12.2,90.0,0.1,4.0,265.0,3.984778792366982,0.34862297099063266
2026-02-18 20:00:00,12.5,91.0,0.1,2.4,261.0,2.3704520174283306,0.37544271609655405
2026-02-18 21:00:00,12.6,93.0,0.2,3.3,292.0,3.0597067200703982,-1.2362017582725096
2026-02-18 22:00:00,12.7,94.0,0.3,1.7000000000000002,342.0,0.5253288904374107,-1.6167960777017611
2026-02-18 23:00:00,12.8,93.0,0.4,2.6,16.0,-0.7166571251241971,-2.4992804094396295
2026-02-19 00:00:00,12.6,93.0,0.4,3.1,54.0,-2.5079526825623377,-1.8221342821066664
2026-02-19 01:00:00,12.7,92.0,0.2,2.8,50.0,-2.1449244407331385,-1.7998053071223097
2026-02-19 02:00:00,12.4,94.0,0.1,3.2,71.0,-3.0256594419178136,-1.0418180942629016
2026-02-19 03:00:00,12.6,93.0,0.2,1.9,41.0,-1.2465121550819638,-1.4339482024232668
2026-02-19 04:00:00,12.7,91.0,0.1,0.6000000000000001,326.0,0.3355157420824481,-0.4974225435330251
2026-02-19 05:00:00,12.1,93.0,0.0,0.6000000000000001,304.0,0.49742254353302506,-0.33551574208244817
2026-02-19 06:00:00,11.9,92.0,0.0,1.0,338.0,0.37460659341591196,-0.9271838545667874
2026-02-19 07:00:00,12.2,91.0,0.0,0.8,297.0,0.7128052193506944,-0.3631923997916374
2026-02-19 08:00:00,12.8,90.0,0.0,0.9,233.0,0.7187719590425635,0.5416335208368435
2026-02-19 09:00:00,13.6,81.0,0.0,0.7000000000000001,270.0,0.7000000000000001,0.0
2026-02-19 10:00:00,14.8,75.0,0.0,1.5,14.0,-0.36288284339950166,-1.4554435894139948
2026-02-19 11:00:00,15.4,74.0,0.0,5.7,35.0,-3.2693856872009643,-4.669166652447252
2026-02-19 12:00:00,15.3,74.0,0.0,4.3,28.0,-2.01872771997933,-3.796674649293386
2026-02-19 13:00:00,15.0,77.0,0.0,4.3,15.0,-1.1129218939408387,-4.153481053042993
2026-02-19 14:00:00,14.6,77.0,0.0,2.1,59.0,-1.800051331474436,-1.0815799573111138
2026-02-19 15:00:00,14.2,80.0,0.0,2.2,294.0,2.0098000068137223,-0.8948206147667606
2026-02-19 16:00:00,13.8,82.0,0.0,2.2,265.0,2.1916283358018402,0.19174263404484798
2026-02-19 17:00:00,13.2,85.0,0.1,2.4,261.0,2.3704520174283306,0.37544271609655405
2026-02-19 18:00:00,12.7,89.0,0.1,2.0,260.0,1.969615506024416,0.34729635533386066
2026-02-19 19:00:00,12.4,92.0,0.1,1.6,264.0,1.5912350325892373,0.16724554122824556
2026-02-19 20:00:00,12.6,93.0,0.3,1.5,240.0,1.299038105676658,0.7499999999999999
2026-02-19 21:00:00,13.1,92.0,0.3,1.7000000000000002,238.0,1.4416817634659242,0.9008627491964484
2026-02-19 22:00:00,13.3,90.0,0.4,1.5,256.0,1.4554435894139948,0.3628828433995016
2026-02-19 23:00:00,13.2,89.0,0.1,1.5,256.0,1.4554435894139948,0.3628828433995016
2026-02-20 00:00:00,13.0,88.0,0.1,0.9,259.0,0.8834644651028976,0.17172809583889032
2026-02-20 01:00:00,13.0,86.0,0.0,2.2,204.0,0.8948206147667606,2.0098000068137223
2026-02-20 02:00:00,12.6,86.0,0.0,1.5,201.0,0.5375519243179505,1.4003706397458027
2026-02-20 03:00:00,12.5,86.0,0.0,1.7000000000000002,257.0,1.6564291101349,0.38241679238457055
2026-02-20 04:00:00,13.0,81.0,0.0,1.5,240.0,1.299038105676658,0.7499999999999999
2026-02-20 05:00:00,12.9,80.0,0.0,1.6,243.0,1.4256104387013888,0.7263847995832748
2026-02-20 06:00:00,13.1,79.0,0.0,1.3,254.0,1.2496402047198145,0.35832856256209894
2026-02-20 07:00:00,13.7,78.0,0.0,0.6000000000000001,326.0,0.3355157420824481,-0.4974225435330251
2026-02-20 08:00:00,14.9,84.0,0.0,0.4,27.0,-0.18159619989581877,-0.35640260967534715
2026-02-20 09:00:00,16.1,82.0,0.0,1.5,240.0,1.299038105676658,0.7499999999999999
2026-02-20 10:00:00,17.6,72.0,0.0,3.4,180.0,2.0818995585505003e-16,3.4
2026-02-20 11:00:00,18.1,68.0,0.0,3.6,186.0,0.3763024677635525,3.580278823325784
2026-02-20 12:00:00,18.0,71.0,0.4,3.2,207.0,1.45276959916655,2.851220877402777
2026-02-20 13:00:00,18.7,68.0,0.0,4.9,174.0,-0.5121894700115025,4.873157287304539
2026-02-20 14:00:00,16.6,76.0,0.0,4.6,108.0,-4.3748599749577055,1.4214781741247584
2026-02-20 15:00:00,16.2,78.0,0.1,4.1,347.0,0.9222993228098461,-3.9949172656194643
2026-02-20 16:00:00,15.8,79.0,0.2,2.7,307.0,2.1563158771276907,-1.6249005625105304
2026-02-20 17:00:00,14.9,84.0,0.1,2.9,292.0,2.6888331782436836,-1.0863591209061447
2026-02-20 18:00:00,14.2,93.0,0.3,2.5,274.0,2.4939101256495606,-0.17439118436031326
2026-02-20 19:00:00,13.9,96.0,0.2,2.9,263.0,2.8783838397598336,0.35342109587492765
2026-02-20 20:00:00,14.3,96.0,0.1,3.5,208.0,1.643150469750618,3.090316575006244
2026-02-20 21:00:00,14.2,96.0,0.0,3.0,218.0,1.846984425976975,2.3640322608201663
2026-02-20 22:00:00,14.1,96.0,0.0,2.3,212.0,1.2188143077363711,1.9505106211597796
2026-02-20 23:00:00,14.2,96.0,0.0,2.3,231.0,1.7874357113510329,1.4474368994146258
2026-02-21 00:00:00,14.4,93.0,0.0,1.7000000000000002,212.0,0.9008627491964484,1.4416817634659242
2026-02-21 01:00:00,14.5,92.0,0.0,1.1,198.0,0.3399186938124422,1.0461621679246689
2026-02-21 02:00:00,14.1,97.0,0.0,0.8,153.0,-0.36319239979163737,0.7128052193506944
2026-02-21 03:00:00,13.9,96.0,0.0,0.4,243.0,0.3564026096753472,0.1815961998958187
2026-02-21 04:00:00,14.0,93.0,0.0,1.2,207.0,0.5447885996874562,1.0692078290260414
2026-02-21 05:00:00,13.6,94.0,0.0,1.0,225.0,0.7071067811865476,0.7071067811865475
2026-02-21 06:00:00,13.4,92.0,0.0,2.2,256.0,2.1346505978071924,0.5322281703192691
2026-02-21 07:00:00,14.4,87.0,0.0,2.0,243.0,1.7820130483767358,0.9079809994790935
2026-02-21 08:00:00,15.5,93.0,0.0,3.1,211.0,1.5966180322211678,2.6572186321765483
2026-02-21 09:00:00,16.5,84.0,0.0,2.6,254.0,2.499280409439629,0.7166571251241979
2026-02-21 10:00:00,18.0,75.0,0.0,2.4,197.0,0.7016920913345682,2.295131414311285
2026-02-21 11:00:00,19.4,61.0,0.0,3.7,194.0,0.8951110137187704,3.590094187221187
2026-02-21 12:00:00,19.8,58.0,0.0,3.6,198.0,1.112461179749811,3.4238034586625528
2026-02-21 13:00:00,19.8,61.0,0.0,2.7,228.0,2.0064910287889646,1.8066526371689173
2026-02-21 14:00:00,19.1,67.0,0.0,4.9,163.0,-1.4326213531414098,4.685893304218874
2026-02-21 15:00:00,19.0,70.0,0.0,3.6,217.0,2.1665340833473743,2.875087836170254
2026-02-21 16:00:00,18.2,75.0,0.0,2.8,220.0,1.7998053071223101,2.1449244407331385
2026-02-21 17:00:00,17.2,80.0,0.0,2.1,255.0,2.0284442352070435,0.5435199947152936
2026-02-21 18:00:00,16.1,87.0,0.0,3.8,295.0,3.4439695907392696,-1.605949394614658
2026-02-21 19:00:00,15.4,91.0,0.1,2.5,291.0,2.3339510662430043,-0.8959198738632507
2026-02-21 20:00:00,15.5,93.0,0.0,1.8,264.0,1.790139411662892,0.18815123388177626
2026-02-21 21:00:00,15.5,92.0,0.1,1.0,292.0,0.9271838545667874,-0.374606593415912
2026-02-21 22:00:00,16.0,88.0,0.0,1.5,256.0,1.4554435894139948,0.3628828433995016
2026-02-21 23:00:00,16.0,90.0,0.0,2.6,155.0,-1.0988074805258183,2.35640024629529
2026-02-22 00:00:00,15.9,89.0,0.0,0.6000000000000001,252.0,0.5706339097770922,0.18541019662496847
2026-02-22 01:00:00,15.4,90.0,0.0,1.8,270.0,1.8,0.0
2026-02-22 02:00:00,15.3,88.0,0.0,1.5,284.0,1.4554435894139948,-0.3628828433995016
2026-02-22 03:00:00,15.1,84.0,0.0,0.8,297.0,0.7128052193506944,-0.3631923997916374
2026-02-22 04:00:00,14.6,83.0,0.0,1.5,284.0,1.4554435894139948,-0.3628828433995016
2026-02-22 05:00:00,14.0,84.0,0.0,1.8,294.0,1.6443818237566816,-0.7321259575364404
2026-02-22 06:00:00,12.7,85.0,0.0,2.3,293.0,2.117161162940613,-0.8986815955253296
2026-02-22 07:00:00,13.0,84.0,0.0,1.9,287.0,1.8169790363297673,-0.5555062389731998
2026-02-22 08:00:00,17.6,79.0,0.0,4.5,313.0,3.291091657286267,-3.068992620281243
2026-02-22 09:00:00,20.3,71.0,0.0,4.2,12.0,-0.8732291014345911,-4.108219923081983
2026-02-22 10:00:00,21.3,65.0,0.0,8.0,23.0,-3.1258490279141906,-7.364038827619522
2026-02-22 11:00:00,21.5,68.0,0.0,9.0,30.0,-4.5000000000000036,-7.794228634059945
2026-02-22 12:00:00,21.7,67.0,0.0,8.9,36.0,-5.231288745403012,-7.200251249937032
2026-02-22 13:00:00,21.3,66.0,0.0,8.0,28.0,-3.755772502287126,-7.063580742871416
2026-02-22 14:00:00,20.6,74.0,0.0,9.1,58.0,-7.717237675023477,-4.822265304522164
2026-02-22 15:00:00,19.3,79.0,0.4,8.8,358.0,0.30711557098200953,-8.794639277768043
2026-02-22 16:00:00,18.2,85.0,0.7000000000000001,5.5,343.0,1.6080443759750522,-5.259676157796695
2026-02-22 17:00:00,17.6,90.0,0.6,6.4,352.0,0.890707846144419,-6.337715639946051
2026-02-22 18:00:00,16.8,95.0,0.1,3.3,347.0,0.7423384793347542,-3.2154212137912763
2026-02-22 19:00:00,16.6,94.0,0.0,1.0,292.0,0.9271838545667874,-0.374606593415912
2026-02-22 20:00:00,17.2,91.0,0.0,2.3,331.0,1.1150621265665752,-2.01162532642061
2026-02-22 21:00:00,16.9,89.0,0.0,1.8,294.0,1.6443818237566816,-0.7321259575364404
2026-02-22 22:00:00,17.4,87.0,0.1,1.3,56.0,-1.0777488443215544,-0.7269507745119708
2026-02-22 23:00:00,16.4,95.0,0.1,4.4,7.0,-0.5362251109826476,-4.367203067221817
2026-02-23 00:00:00,16.1,95.0,0.1,3.9,347.0,0.8773091119410732,-3.8000432526624173
2026-02-23 01:00:00,15.8,94.0,0.2,3.1,336.0,1.2608835935349807,-2.8319909186920627
2026-02-23 02:00:00,15.0,96.0,0.3,4.2,324.0,2.4686980596283874,-3.3978713763747797
2026-02-23 03:00:00,14.4,95.0,0.3,2.8,305.0,2.293625724009177,-1.6060140217829288
2026-02-23 04:00:00,14.5,92.0,0.1,2.9,300.0,2.511473670974872,-1.4499999999999997
2026-02-23 05:00:00,14.4,88.0,0.0,3.3,299.0,2.8862450335600056,-1.5998717468129122
2026-02-23 06:00:00,14.9,85.0,0.0,2.8,297.0,2.49481826772743,-1.2711733992707308
2026-02-23 07:00:00,15.6,82.0,0.0,2.0,297.0,1.7820130483767358,-0.9079809994790935
2026-02-23 08:00:00,17.0,86.0,0.0,3.4,276.0,3.381374444252129,-0.35539677511002177
2026-02-23 09:00:00,19.4,72.0,0.0,4.5,284.0,4.366330768241984,-1.0886485301985047
2026-02-23 10:00:00,19.9,72.0,0.0,6.3,143.0,-3.7914346458579047,5.031403713297944
2026-02-23 11:00:00,21.1,68.0,0.1,6.0,136.0,-4.167950222753984,4.3160388020319065
2026-02-23 12:00:00,20.6,68.0,0.1,5.9,142.0,-3.6324027044213842,4.64926344627966
2026-02-23 13:00:00,19.4,76.0,1.1,4.4,171.0,-0.6883116461770157,4.3458286986186065
2026-02-23 14:00:00,20.3,68.0,0.4,3.6,183.0,0.1884094424745983,3.595066325116466
2026-02-23 15:00:00,20.3,67.0,0.1,3.2,214.0,1.78941729110639,2.652920232176134
2026-02-23 16:00:00,19.7,70.0,0.1,3.8,270.0,3.8,0.0
2026-02-23 17:00:00,18.7,77.0,0.1,3.8,289.0,3.592970587277404,-1.2371589869371955
2026-02-23 18:00:00,17.1,89.0,0.0,5.2,284.0,5.045537776635181,-1.2579938571182723
2026-02-23 19:00:00,16.4,92.0,0.0,3.1,280.0,3.052904034337845,-0.5383093507674841
2026-02-23 20:00:00,16.8,84.0,0.0,1.5,291.0,1.4003706397458027,-0.5375519243179504
2026-02-23 21:00:00,17.3,79.0,0.0,1.3,270.0,1.3,0.0
2026-02-23 22:00:00,17.4,78.0,0.0,2.2,235.0,1.802134497435782,1.2618681599723014
2026-02-23 23:00:00,17.4,78.0,0.0,3.6,171.0,-0.5631640741448309,3.555678026142496
2026-02-24 00:00:00,16.8,81.0,0.0,3.8,161.0,-1.2371589869371953,3.592970587277404
2026-02-24 01:00:00,16.8,83.0,0.0,3.4,196.0,0.9371670097777971,3.2682897661902843
2026-02-24 02:00:00,17.0,84.0,0.0,4.5,173.0,-0.5484120453231631,4.46645768238595
2026-02-24 03:00:00,16.8,85.0,0.0,2.8,215.0,1.606014021782929,2.293625724009177
2026-02-24 04:00:00,16.8,84.0,0.0,0.9,233.0,0.7187719590425635,0.5416335208368435
2026-02-24 05:00:00,16.9,82.0,0.1,1.7000000000000002,252.0,1.6167960777017611,0.5253288904374106
2026-02-24 06:00:00,16.6,81.0,0.0,2.8,288.0,2.6629582456264296,-0.8652475842498527
2026-02-24 07:00:00,17.0,76.0,0.0,2.4,279.0,2.3704520174283306,-0.37544271609655405
2026-02-24 08:00:00,19.2,76.0,0.0,2.9,292.0,2.6888331782436836,-1.0863591209061447
2026-02-24 09:00:00,21.2,68.0,0.0,2.8,255.0,2.7045923136093912,0.7246933262870581
2026-02-24 10:00:00,22.3,63.0,0.0,5.9,194.0,1.4273391840380394,5.7247447850283795
2026-02-24 11:00:00,23.1,58.0,0.0,7.2,183.0,0.3768188849491966,7.190132650232932
2026-02-24 12:00:00,21.8,64.0,0.0,5.2,194.0,1.257993857118272,5.045537776635181
2026-02-24 13:00:00,22.6,65.0,0.0,6.2,170.0,-1.076618701534968,6.10580806867569
2026-02-24 14:00:00,22.5,66.0,0.0,6.8,151.0,-3.2967054176750916,5.9474140085478915
2026-02-24 15:00:00,22.1,70.0,0.1,5.3,172.0,-0.7376174350883463,5.248420764330323
2026-02-24 16:00:00,21.5,74.0,0.0,3.8,172.0,-0.5288577836482483,3.7630186612179672
2026-02-24 17:00:00,20.8,78.0,0.0,2.7,110.0,-2.5371700761219524,0.923454386979306
2026-02-24 18:00:00,19.0,87.0,0.0,2.2,42.0,-1.472087333989488,-1.6349186160502678
2026-02-24 19:00:00,18.5,88.0,0.0,1.1,360.0,6.735557395310444e-17,-1.1
2026-02-24 20:00:00,18.4,91.0,0.0,2.4,63.0,-2.138415658052083,-1.089577199374912
2026-02-24 21:00:00,18.5,90.0,0.0,0.6000000000000001,18.0,-0.18541019662496858,-0.5706339097770922
2026-02-24 22:00:00,18.1,90.0,0.0,1.0,121.0,-0.8571673007021122,0.5150380749100544
2026-02-24 23:00:00,17.9,88.0,0.0,0.4,117.0,-0.35640260967534715,0.18159619989581877
2026-02-25 00:00:00,17.9,86.0,0.0,0.8,333.0,0.3631923997916375,-0.7128052193506943
2026-02-25 01:00:00,17.9,82.0,0.0,1.1,360.0,6.735557395310444e-17,-1.1
2026-02-25 02:00:00,17.8,90.0,0.0,2.4,54.0,-1.9416407864998741,-1.4106846055019353
2026-02-25 03:00:00,17.3,95.0,0.0,0.9,360.0,5.5109105961630896e-17,-0.9
2026-02-25 04:00:00,16.8,97.0,0.0,3.5,51.0,-2.7200108650993977,-2.2026213686744316
2026-02-25 05:00:00,16.6,97.0,0.1,1.5,7.0,-0.18280401510772076,-1.4888192274619831
2026-02-25 06:00:00,16.2,97.0,0.1,1.9,34.0,-1.0624665165944185,-1.5751713878545794
2026-02-25 07:00:00,17.2,95.0,0.2,1.0,31.0,-0.5150380749100545,-0.8571673007021121
2026-02-25 08:00:00,17.5,94.0,0.3,3.9,16.0,-1.0749856876862955,-3.748920614159444
2026-02-25 09:00:00,18.5,88.0,0.1,7.7,54.0,-6.229430856687096,-4.525946442652042
2026-02-25 10:00:00,18.7,86.0,0.0,7.3,44.0,-5.07100610435068,-5.251180542472153
2026-02-25 11:00:00,18.7,83.0,0.0,5.8,36.0,-3.409154463296345,-4.692298567374695
2026-02-25 12:00:00,18.1,80.0,0.0,3.1,329.0,1.5966180322211678,-2.6572186321765483
2026-02-25 13:00:00,18.4,76.0,0.0,2.2,284.0,2.1346505978071924,-0.5322281703192691
2026-02-25 14:00:00,17.8,78.0,0.0,0.6000000000000001,198.0,0.1854101966249685,0.5706339097770922
2026-02-25 15:00:00,17.0,84.0,0.1,4.1,270.0,4.1,0.0
2026-02-25 16:00:00,16.7,85.0,0.1,4.3,253.0,4.112110450641052,1.257198330307768
2026-02-25 17:00:00,16.2,87.0,0.0,6.0,263.0,5.955276909847932,0.7312160604308848
2026-02-25 18:00:00,16.1,89.0,0.1,5.6,277.0,5.558258449191403,-0.6824683230688259
2026-02-25 19:00:00,16.1,91.0,0.0,2.7,293.0,2.485363104321589,-1.0549740469210394
2026-02-25 20:00:00,16.0,95.0,0.0,3.6,264.0,3.580278823325784,0.37630246776355253
2026-02-25 21:00:00,16.0,96.0,0.2,3.8,273.0,3.7947922320673806,-0.19887663372318656
2026-02-25 22:00:00,15.8,96.0,0.1,3.8,278.0,3.7630186612179672,-0.5288577836482486
2026-02-25 23:00:00,15.6,96.0,0.1,3.1,280.0,3.052904034337845,-0.5383093507674841
2026-02-26 00:00:00,15.6,94.0,0.0,1.8,270.0,1.8,0.0
2026-02-26 01:00:00,15.9,90.0,0.0,0.8,243.0,0.7128052193506944,0.3631923997916374
2026-02-26 02:00:00,15.9,88.0,0.0,1.9,229.0,1.4339482024232668,1.2465121550819638
2026-02-26 03:00:00,15.6,88.0,0.0,2.2,235.0,1.802134497435782,1.2618681599723014
2026-02-26 04:00:00,15.6,86.0,0.0,1.0,225.0,0.7071067811865476,0.7071067811865475
2026-02-26 05:00:00,15.6,86.0,0.0,0.8,243.0,0.7128052193506944,0.3631923997916374
2026-02-26 06:00:00,15.6,86.0,0.0,0.6000000000000001,236.0,0.49742254353302506,0.33551574208244817
2026-02-26 07:00:00,16.2,85.0,0.0,0.8,225.0,0.5656854249492381,0.565685424949238
2026-02-26 08:00:00,17.1,86.0,0.0,1.1,261.0,1.0864571746546516,0.17207791154425398
2026-02-26 09:00:00,17.9,83.0,0.0,2.9,223.0,1.9777952441812454,2.1209257346955943
2026-02-26 10:00:00,18.3,77.0,0.0,3.6,213.0,1.9607005260540975,3.0192140446035265
2026-02-26 11:00:00,19.4,66.0,0.0,3.3,229.0,2.4905416147351476,2.1649947956686737
2026-02-26 12:00:00,20.1,64.0,0.0,3.1,249.0,2.8940993221413254,1.1109406435904308
2026-02-26 13:00:00,19.8,67.0,0.0,2.9,259.0,2.8467188319982255,0.5533460865919799
2026-02-26 14:00:00,19.2,69.0,0.0,3.1,187.0,0.37779496455595724,3.076893070088098
2026-02-26 15:00:00,19.8,70.0,0.0,4.0,265.0,3.984778792366982,0.34862297099063266
2026-02-26 16:00:00,19.4,72.0,0.0,3.0,256.0,2.9108871788279895,0.7257656867990032
2026-02-26 17:00:00,18.5,77.0,0.0,3.8,265.0,3.785539852748633,0.331191822441101
2026-02-26 18:00:00,17.0,86.0,0.0,2.4,283.0,2.3384881554845647,-0.539882530425276
2026-02-26 19:00:00,16.6,88.0,0.0,1.6,264.0,1.5912350325892373,0.16724554122824556
2026-02-26 20:00:00,16.7,86.0,0.0,0.4,297.0,0.3564026096753472,-0.1815961998958187
2026-02-26 21:00:00,16.7,86.0,0.0,0.6000000000000001,304.0,0.49742254353302506,-0.33551574208244817
2026-02-26 22:00:00,16.8,84.0,0.0,1.1,270.0,1.1,0.0
2026-02-26 23:00:00,16.6,84.0,0.0,1.1,270.0,1.1,0.0
2026-02-27 00:00:00,16.7,84.0,0.0,0.7000000000000001,270.0,0.7000000000000001,0.0
2026-02-27 01:00:00,16.8,85.0,0.0,0.7000000000000001,284.0,0.6792070083931976,-0.16934532691976742
2026-02-27 02:00:00,16.3,88.0,0.0,0.4,297.0,0.3564026096753472,-0.1815961998958187
2026-02-27 03:00:00,16.3,87.0,0.0,0.6000000000000001,288.0,0.5706339097770922,-0.18541019662496847
2026-02-27 04:00:00,16.0,88.0,0.0,0.30000000000000004,315.0,0.2121320343559643,-0.21213203435596428
2026-02-27 05:00:00,16.6,89.0,0.0,0.8,315.0,0.5656854249492381,-0.565685424949238
2026-02-27 06:00:00,16.6,90.0,0.0,0.8,333.0,0.3631923997916375,-0.7128052193506943
2026-02-27 07:00:00,17.0,90.0,0.0,2.6,344.0,0.7166571251241979,-2.499280409439629
2026-02-27 08:00:00,18.6,85.0,0.0,2.1,149.0,-1.081579957311114,1.800051331474436
2026-02-27 09:00:00,19.8,81.0,0.0,2.9,169.0,-0.5533460865919799,2.8467188319982255
2026-02-27 10:00:00,20.8,74.0,0.0,5.0,136.0,-3.4732918522949867,3.5966990016932554
2026-02-27 11:00:00,21.1,72.0,0.0,3.6,162.0,-1.1124611797498105,3.423803458662553
2026-02-27 12:00:00,20.6,74.0,0.5,4.4,251.0,4.160281732636994,1.4324998796114896
2026-02-27 13:00:00,19.8,92.0,1.5,4.5,133.0,-3.291091657286267,3.068992620281244
2026-02-27 14:00:00,20.2,93.0,1.9,6.0,119.0,-5.247718242836374,2.908857721478023
2026-02-27 15:00:00,20.0,92.0,0.3,6.5,104.0,-6.306922220793977,1.5724923213978403
2026-02-27 16:00:00,18.8,94.0,0.5,8.6,112.0,-7.97378114927437,3.2216167033768452
2026-02-27 17:00:00,18.0,98.0,1.7000000000000002,5.1,141.0,-3.20953399435417,3.963444403430552
2026-02-27 18:00:00,17.5,99.0,1.1,6.5,212.0,3.4444752175158317,5.512312625016769
2026-02-27 19:00:00,17.4,98.0,0.8,6.8,222.0,4.5500881232402355,5.05338481324628
2026-02-27 20:00:00,17.2,97.0,1.2,0.30000000000000004,135.0,-0.21213203435596428,0.2121320343559643
2026-02-27 21:00:00,17.2,98.0,1.1,1.6,84.0,-1.5912350325892373,-0.16724554122824561
2026-02-27 22:00:00,16.9,98.0,1.2,2.4,54.0,-1.9416407864998741,-1.4106846055019353
2026-02-27 23:00:00,16.7,98.0,0.2,2.7,48.0,-2.0064910287889646,-1.8066526371689173
2026-02-28 00:00:00,16.5,98.0,0.8,0.9,349.0,0.17172809583889043,-0.8834644651028976
2026-02-28 01:00:00,16.4,97.0,1.1,2.1,31.0,-1.0815799573111144,-1.8000513314744355
2026-02-28 02:00:00,16.1,98.0,1.0,0.8,45.0,-0.5656854249492381,-0.565685424949238
2026-02-28 03:00:00,16.1,97.0,0.5,0.2,270.0,0.2,0.0
2026-02-28 04:00:00,16.0,96.0,0.2,0.8,27.0,-0.36319239979163753,-0.7128052193506943
2026-02-28 05:00:00,15.8,95.0,0.2,1.1,342.0,0.3399186938124422,-1.0461621679246689
2026-02-28 06:00:00,15.6,94.0,0.4,2.2,284.0,2.1346505978071924,-0.5322281703192691
2026-02-28 07:00:00,15.5,96.0,1.4,1.3,278.0,1.2873484893640414,-0.18092503124808507
2026-02-28 08:00:00,16.0,93.0,1.8,3.5,235.0,2.8670321550114712,2.007517527228661
2026-02-28 09:00:00,16.3,96.0,1.0,5.5,247.0,5.062776693988422,2.149021206691006
2026-02-28 10:00:00,16.5,92.0,0.3,4.5,254.0,4.325677631722435,1.2403681011764962
2026-02-28 11:00:00,16.2,95.0,0.8,3.3,264.0,3.2819222547153015,0.3449439287832564
2026-02-28 12:00:00,16.5,93.0,0.4,3.0,256.0,2.9108871788279895,0.7257656867990032
2026-02-28 13:00:00,16.7,95.0,1.9,2.0,275.0,1.992389396183491,-0.17431148549531633
2026-02-28 14:00:00,17.1,89.0,4.0,0.9,191.0,0.17172809583889043,0.8834644651028976
2026-02-28 15:00:00,17.7,85.0,0.1,1.5,291.0,1.4003706397458027,-0.5375519243179504
2026-02-28 16:00:00,17.3,87.0,0.4,3.0,284.0,2.9108871788279895,-0.7257656867990032
2026-02-28 17:00:00,16.8,95.0,2.0,0.7000000000000001,284.0,0.6792070083931976,-0.16934532691976742
2026-02-28 18:00:00,16.7,94.0,4.3,1.3,278.0,1.2873484893640414,-0.18092503124808507
2026-02-28 19:00:00,17.4,89.0,0.0,1.5,166.0,-0.36288284339950166,1.4554435894139948
2026-02-28 20:00:00,16.5,92.0,0.2,1.0,239.0,0.8571673007021123,0.5150380749100542
2026-02-28 21:00:00,17.0,90.0,1.2,0.6000000000000001,252.0,0.5706339097770922,0.18541019662496847
2026-02-28 22:00:00,17.4,87.0,0.6,0.7000000000000001,180.0,4.2862637970157366e-17,0.7000000000000001
2026-02-28 23:00:00,17.5,86.0,0.2,0.9,37.0,-0.5416335208368435,-0.7187719590425635
2026-03-01 00:00:00,17.3,88.0,0.1,0.9,37.0,-0.5416335208368435,-0.7187719590425635
2026-03-01 01:00:00,16.8,93.0,0.5,2.8,105.0,-2.704592313609391,0.7246933262870588
2026-03-01 02:00:00,16.8,94.0,0.4,1.2,117.0,-1.0692078290260414,0.5447885996874562
2026-03-01 03:00:00,17.0,94.0,0.2,1.0,202.0,0.37460659341591196,0.9271838545667874
2026-03-01 04:00:00,16.9,94.0,0.3,2.7,127.0,-2.156315877127691,1.6249005625105302
2026-03-01 05:00:00,16.7,94.0,0.2,2.4,132.0,-1.7835475811457455,1.60591345526126
2026-03-01 06:00:00,16.7,94.0,0.3,1.4,140.0,-0.8999026535611551,1.0724622203665692
2026-03-01 07:00:00,16.9,94.0,0.3,1.6,207.0,0.726384799583275,1.4256104387013886
2026-03-01 08:00:00,18.1,92.0,0.2,2.1,110.0,-1.9733545036504077,0.7182423009839046
2026-03-01 09:00:00,19.0,91.0,0.1,2.3,203.0,0.8986815955253294,2.117161162940613
2026-03-01 10:00:00,19.5,87.0,0.0,3.0,205.0,1.2678547852220983,2.7189233611099497
2026-03-01 11:00:00,19.9,81.0,0.0,4.4,207.0,1.997558198854006,3.920428706428819
2026-03-01 12:00:00,19.5,81.0,0.0,4.8,214.0,2.6841259366595844,3.9793803482642
2026-03-01 13:00:00,19.8,79.0,0.1,3.7,223.0,2.5233939322312446,2.706008695990931
2026-03-01 14:00:00,19.4,87.0,0.1,3.8,172.0,-0.5288577836482483,3.7630186612179672
2026-03-01 15:00:00,19.6,86.0,0.1,4.3,213.0,2.3419478505646163,3.6062834421653234
2026-03-01 16:00:00,19.6,87.0,0.0,3.8,183.0,0.19887663372318706,3.7947922320673806
2026-03-01 17:00:00,18.7,90.0,0.0,1.3,315.0,0.9192388155425119,-0.9192388155425117
2026-03-01 18:00:00,18.1,92.0,0.0,3.1,339.0,1.1109406435904312,-2.8940993221413254
2026-03-01 19:00:00,17.4,93.0,0.1,1.8,360.0,1.1021821192326179e-16,-1.8
2026-03-01 20:00:00,17.9,92.0,0.0,1.5,346.0,0.3628828433995015,-1.4554435894139948
2026-03-01 21:00:00,17.6,90.0,0.0,1.8,315.0,1.2727922061357857,-1.2727922061357855
2026-03-01 22:00:00,17.8,89.0,0.0,0.30000000000000004,315.0,0.2121320343559643,-0.21213203435596428
2026-03-01 23:00:00,17.4,89.0,0.0,2.1,255.0,2.0284442352070435,0.5435199947152936
2026-03-02 00:00:00,17.3,88.0,0.0,0.9,270.0,0.9,0.0
2026-03-02 01:00:00,17.1,90.0,0.0,1.5,256.0,1.4554435894139948,0.3628828433995016
2026-03-02 02:00:00,18.3,89.0,0.0,0.30000000000000004,315.0,0.2121320343559643,-0.21213203435596428
2026-03-02 03:00:00,17.6,92.0,0.0,2.3,315.0,1.6263455967290592,-1.626345596729059
2026-03-02 04:00:00,18.2,89.0,0.0,1.6,333.0,0.726384799583275,-1.4256104387013886
2026-03-02 05:00:00,18.5,87.0,0.0,1.3,326.0,0.7269507745119709,-1.0777488443215544
2026-03-02 06:00:00,18.4,86.0,0.0,2.7,328.0,1.4307820134296534,-2.28972985962235
2026-03-02 07:00:00,19.0,88.0,0.0,2.8,345.0,0.7246933262870581,-2.7045923136093912
2026-03-02 08:00:00,20.9,82.0,0.0,2.1,105.0,-2.028444235207043,0.5435199947152941
2026-03-02 09:00:00,21.8,84.0,0.0,3.8,87.0,-3.7947922320673806,-0.19887663372318554
2026-03-02 10:00:00,22.9,77.0,0.0,5.8,68.0,-5.377666356487367,-2.1727182418122895
2026-03-02 11:00:00,23.3,73.0,0.0,5.0,90.0,-5.0,6.123233995736766e-16
2026-03-02 12:00:00,22.7,70.0,0.0,3.3,29.0,-1.5998717468129116,-2.8862450335600065
2026-03-02 13:00:00,23.1,66.0,0.1,6.2,33.0,-3.376762017093167,-5.199757521261629
2026-03-02 14:00:00,23.6,58.0,0.1,6.8,53.0,-5.430721468321591,-4.0923421574339285
2026-03-02 15:00:00,23.7,60.0,0.0,6.8,50.0,-5.20910221320905,-4.370955745868467
2026-03-02 16:00:00,22.6,69.0,0.0,8.2,57.0,-6.877098657152477,-4.466040087123222
2026-03-02 17:00:00,21.1,82.0,0.0,7.2,28.0,-3.3801952520584133,-6.357222668584274
2026-03-02 18:00:00,19.3,93.0,0.0,2.9,349.0,0.5533460865919803,-2.8467188319982255
2026-03-02 19:00:00,19.0,94.0,0.0,1.7000000000000002,32.0,-0.9008627491964486,-1.4416817634659242
2026-03-02 20:00:00,19.2,96.0,0.2,1.9,29.0,-0.92113827846804,-1.6617774435648522
2026-03-02 21:00:00,18.9,97.0,0.1,1.1,72.0,-1.046162167924669,-0.33991869381244205
2026-03-02 22:00:00,18.6,98.0,0.2,0.4,333.0,0.18159619989581874,-0.35640260967534715
2026-03-02 23:00:00,18.5,96.0,0.3,0.2,270.0,0.2,0.0
2026-03-03 00:00:00,18.3,96.0,0.2,1.1,9.0,-0.17207791154425414,-1.0864571746546514
2026-03-03 01:00:00,17.6,99.0,1.0,3.6,41.0,-2.3618125043658265,-2.716954488801979
2026-03-03 02:00:00,17.1,99.0,2.3,2.8,45.0,-1.9798989873223334,-1.9798989873223327
2026-03-03 03:00:00,16.9,99.0,0.3,2.6,25.0,-1.098807480525818,-2.35640024629529
2026-03-03 04:00:00,16.7,96.0,0.0,6.5,67.0,-5.983281547440862,-2.539752335180278
2026-03-03 05:00:00,15.8,94.0,0.1,5.1,67.0,-4.694574752607446,-1.992728755295295
2026-03-03 06:00:00,15.0,97.0,0.5,2.8,63.0,-2.49481826772743,-1.2711733992707306
2026-03-03 07:00:00,14.6,96.0,0.4,1.8,53.0,-1.437543918085127,-1.0832670416736871
2026-03-03 08:00:00,14.4,95.0,0.4,3.8,93.0,-3.7947922320673806,0.19887663372318645
2026-03-03 09:00:00,14.4,96.0,1.8,4.7,62.0,-4.149853686436956,-2.206516345093687
2026-03-03 10:00:00,14.4,96.0,2.5,4.7,90.0,-4.7,5.755839955992561e-16
2026-03-03 11:00:00,13.8,97.0,2.5,1.0,292.0,0.9271838545667874,-0.374606593415912
2026-03-03 12:00:00,13.8,96.0,1.1,3.9,233.0,3.114678489184442,2.347078590292988
2026-03-03 13:00:00,13.5,96.0,1.8,6.3,239.0,5.400153994423308,3.244739871933341
2026-03-03 14:00:00,13.2,93.0,3.4,6.1,246.0,5.572627291619865,2.481093522762381
2026-03-03 15:00:00,14.1,85.0,0.0,7.2,243.0,6.415246974156249,3.2687315981247367
2026-03-03 16:00:00,14.5,81.0,0.0,6.2,249.0,5.788198644282651,2.2218812871808615
2026-03-03 17:00:00,14.1,81.0,0.0,7.1,263.0,7.047077676653386,0.865272338176547
2026-03-03 18:00:00,13.2,85.0,0.0,8.9,264.0,8.851244868777632,0.9303033230821159
2026-03-03 19:00:00,13.1,85.0,0.0,9.7,268.0,9.694091022085228,0.3385251180142594
2026-03-03 20:00:00,13.2,87.0,0.0,7.1,260.0,6.992135046386677,1.2329020614352053
2026-03-03 21:00:00,13.5,85.0,0.0,6.3,265.0,6.276026597977997,0.5490811793102465
2026-03-03 22:00:00,13.1,87.0,0.0,7.7,269.0,7.698827252704213,0.13438352956708305
2026-03-03 23:00:00,13.3,86.0,0.1,8.3,269.0,8.298735869798048,0.14485497342945317
2026-03-04 00:00:00,13.5,88.0,0.0,5.2,276.0,5.1715138559150216,-0.5435480089917981
2026-03-04 01:00:00,13.6,87.0,0.0,5.1,276.0,5.072061666378193,-0.5330951626650327
2026-03-04 02:00:00,13.1,88.0,0.0,4.5,268.0,4.497258721585931,0.15704773516125436
2026-03-04 03:00:00,13.2,88.0,0.0,5.6,272.0,5.596588631306936,-0.1954371815340054
2026-03-04 04:00:00,13.6,86.0,0.0,6.2,277.0,6.153786140176196,-0.7555899291119144
2026-03-04 05:00:00,13.7,87.0,0.0,3.0,284.0,2.9108871788279895,-0.7257656867990032
2026-03-04 06:00:00,13.7,86.0,0.0,4.4,277.0,4.367203067221817,-0.5362251109826489
2026-03-04 07:00:00,13.7,88.0,0.0,5.5,281.0,5.3989495089621515,-1.0494494745709964
2026-03-04 08:00:00,14.5,86.0,0.0,5.2,241.0,4.548022477124858,2.521010025280953
2026-03-04 09:00:00,15.7,74.0,0.0,4.6,261.0,4.543366366737634,0.7195985391850619
2026-03-04 10:00:00,15.9,75.0,0.0,4.0,275.0,3.984778792366982,-0.34862297099063266
2026-03-04 11:00:00,16.6,71.0,0.0,4.0,297.0,3.5640260967534716,-1.815961998958187
2026-03-04 12:00:00,16.1,75.0,0.0,5.9,297.0,5.256938492711371,-2.678543948463326
2026-03-04 13:00:00,16.3,74.0,0.0,4.7,293.0,4.32637281122647,-1.8364363038995868
2026-03-04 14:00:00,16.3,76.0,0.3,3.1,257.0,3.0205472008342293,0.6973482684659815
2026-03-04 15:00:00,16.3,77.0,0.1,4.7,274.0,4.688551036221174,-0.3278554265973889
2026-03-04 16:00:00,15.8,80.0,0.0,5.4,278.0,5.34744757120448,-0.7515347451843534
2026-03-04 17:00:00,15.5,85.0,0.0,6.5,284.0,6.306922220793977,-1.5724923213978403
2026-03-04 18:00:00,15.2,89.0,0.0,6.2,291.0,5.788198644282651,-2.2218812871808615
2026-03-04 19:00:00,15.2,89.0,0.0,6.0,297.0,5.346039145130208,-2.7239429984372805
2026-03-04 20:00:00,14.7,93.0,0.2,2.5,274.0,2.4939101256495606,-0.17439118436031326
2026-03-04 21:00:00,15.1,89.0,0.0,3.5,282.0,3.42351660256832,-0.7276909178621577
2026-03-04 22:00:00,15.4,86.0,0.1,1.0,292.0,0.9271838545667874,-0.374606593415912
2026-03-04 23:00:00,15.7,84.0,0.1,1.4,320.0,0.8999026535611551,-1.0724622203665692
2026-03-05 00:00:00,15.7,85.0,0.2,2.2,355.0,0.19174263404484793,-2.1916283358018402
2026-03-05 01:00:00,15.6,87.0,1.1,2.6,348.0,0.5405703961261746,-2.5431837619078945
2026-03-05 02:00:00,15.9,85.0,1.7000000000000002,1.5,324.0,0.8816778784387097,-1.2135254915624212
2026-03-05 03:00:00,16.0,84.0,0.7000000000000001,0.4,297.0,0.3564026096753472,-0.1815961998958187
2026-03-05 04:00:00,16.0,84.0,0.9,0.6000000000000001,18.0,-0.18541019662496858,-0.5706339097770922
2026-03-05 05:00:00,15.3,88.0,0.8,2.8,345.0,0.7246933262870581,-2.7045923136093912
2026-03-05 06:00:00,15.0,88.0,0.3,2.8,281.0,2.748556113653459,-0.5342651870543255
2026-03-05 07:00:00,15.7,84.0,0.3,1.0,292.0,0.9271838545667874,-0.374606593415912
2026-03-05 08:00:00,16.6,89.0,0.1,1.8,349.0,0.34345619167778085,-1.7669289302057951
2026-03-05 09:00:00,17.7,82.0,0.0,1.6,297.0,1.4256104387013888,-0.7263847995832748
2026-03-05 10:00:00,18.1,79.0,0.1,3.8,311.0,2.8678964048465336,-2.4930243101639276
2026-03-05 11:00:00,17.8,88.0,1.0,2.5,270.0,2.5,0.0
2026-03-05 12:00:00,18.0,86.0,1.2,3.1,270.0,3.1,0.0
2026-03-05 13:00:00,18.7,81.0,1.6,3.1,280.0,3.052904034337845,-0.5383093507674841
2026-03-05 14:00:00,18.3,91.0,1.7000000000000002,3.2,326.0,1.78941729110639,-2.652920232176134
2026-03-05 15:00:00,18.6,86.0,0.6,3.3,45.0,-2.333452377915607,-2.3334523779156067
2026-03-05 16:00:00,19.1,81.0,0.0,3.0,14.0,-0.7257656867990033,-2.9108871788279895
2026-03-05 17:00:00,18.3,88.0,0.7000000000000001,3.7,35.0,-2.122232814498872,-3.030862563869269
2026-03-05 18:00:00,17.0,97.0,1.4,3.7,35.0,-2.122232814498872,-3.030862563869269
2026-03-05 19:00:00,16.8,96.0,0.2,2.7,48.0,-2.0064910287889646,-1.8066526371689173
2026-03-05 20:00:00,16.6,95.0,0.1,3.3,36.0,-1.9396913325651617,-2.6697560814373262
2026-03-05 21:00:00,16.2,95.0,0.0,4.3,28.0,-2.01872771997933,-3.796674649293386
2026-03-05 22:00:00,16.7,91.0,0.0,2.9,360.0,1.7757378587636622e-16,-2.9
2026-03-05 23:00:00,17.3,84.0,0.0,2.8,333.0,1.271173399270731,-2.4948182677274295
2026-03-06 00:00:00,16.6,84.0,0.1,2.4,318.0,1.6059134552612597,-1.7835475811457462
2026-03-06 01:00:00,16.6,80.0,0.0,1.5,284.0,1.4554435894139948,-0.3628828433995016
2026-03-06 02:00:00,16.6,84.0,0.0,0.7000000000000001,284.0,0.6792070083931976,-0.16934532691976742
2026-03-06 03:00:00,16.3,82.0,0.0,1.3,270.0,1.3,0.0
2026-03-06 04:00:00,16.0,81.0,0.0,1.5,256.0,1.4554435894139948,0.3628828433995016
2026-03-06 05:00:00,16.1,78.0,0.0,1.7000000000000002,257.0,1.6564291101349,0.38241679238457055
2026-03-06 06:00:00,15.9,77.0,0.0,1.3,304.0,1.0777488443215542,-0.726950774511971
2026-03-06 07:00:00,16.3,83.0,0.0,2.4,312.0,1.7835475811457462,-1.6059134552612597
2026-03-06 08:00:00,16.9,90.0,0.0,3.7,321.0,2.328485446884399,-2.8754400573907923
2026-03-06 09:00:00,18.5,85.0,0.0,2.6,326.0,1.4539015490239418,-2.1554976886431088
2026-03-06 10:00:00,18.3,85.0,0.5,5.3,33.0,-2.886586885579643,-4.444954010110747
2026-03-06 11:00:00,18.3,86.0,0.4,3.0,38.0,-1.846984425976974,-2.3640322608201663
2026-03-06 12:00:00,18.7,84.0,0.4,7.8,32.0,-4.133370261018999,-6.614775150020122
2026-03-06 13:00:00,19.2,82.0,0.3,7.8,38.0,-4.802159507540133,-6.1464838781324325
2026-03-06 14:00:00,17.8,86.0,0.0,9.1,54.0,-7.362054648812022,-5.3488457958615045
2026-03-06 15:00:00,17.6,84.0,0.1,9.2,45.0,-6.505382386916239,-6.505382386916236
2026-03-06 16:00:00,16.9,81.0,0.0,7.8,37.0,-4.694157180585976,-6.229356978368884
2026-03-06 17:00:00,16.3,81.0,0.0,4.5,23.0,-1.7582900782017323,-4.142271840535981
2026-03-06 18:00:00,15.7,86.0,0.1,1.9,287.0,1.8169790363297673,-0.5555062389731998
2026-03-06 19:00:00,15.5,90.0,0.1,0.6000000000000001,304.0,0.49742254353302506,-0.33551574208244817
2026-03-06 20:00:00,15.5,92.0,0.0,2.9,47.0,-2.1209257346955948,-1.9777952441812452
2026-03-06 21:00:00,15.1,93.0,0.9,4.1,41.0,-2.6898420188610794,-3.094309278913365
2026-03-06 22:00:00,14.7,92.0,0.4,4.2,54.0,-3.39787137637478,-2.468698059628387
2026-03-06 23:00:00,15.0,86.0,0.1,1.4,50.0,-1.0724622203665692,-0.8999026535611548
2026-03-07 00:00:00,14.9,85.0,0.0,1.5,7.0,-0.18280401510772076,-1.4888192274619831
2026-03-07 01:00:00,14.7,86.0,0.1,1.9,61.0,-1.661777443564852,-0.9211382784680402
2026-03-07 02:00:00,14.4,88.0,0.1,4.1,61.0,-3.5859407992715226,-1.9877194430099814
2026-03-07 03:00:00,14.6,81.0,0.0,5.7,55.0,-4.669166652447253,-3.269385687200963
2026-03-07 04:00:00,14.1,81.0,0.0,4.4,69.0,-4.107753876587688,-1.576818977999322
2026-03-07 05:00:00,13.7,83.0,0.0,1.9,41.0,-1.2465121550819638,-1.4339482024232668
2026-03-07 06:00:00,13.9,81.0,0.0,1.0,329.0,0.5150380749100542,-0.8571673007021123
2026-03-07 07:00:00,14.4,78.0,0.0,2.3,58.0,-1.9505106211597798,-1.218814307736371
2026-03-07 08:00:00,14.3,81.0,0.0,1.1,252.0,1.0461621679246689,0.33991869381244216
2026-03-07 09:00:00,15.2,75.0,0.0,1.5,353.0,0.18280401510772123,-1.488819227461983
2026-03-07 10:00:00,15.3,74.0,0.0,2.7,8.0,-0.37576737259217774,-2.67372378560224
2026-03-07 11:00:00,15.5,71.0,0.0,4.2,342.0,1.2978713763747793,-3.994437368439645
2026-03-07 12:00:00,15.1,71.0,0.0,4.2,317.0,2.8643931122624937,-3.071685546800516
2026-03-07 13:00:00,14.8,72.0,0.0,5.7,294.0,5.207209108562825,-2.3183988655320613
2026-03-07 14:00:00,14.8,73.0,0.0,4.9,336.0,1.9930095510714212,-4.476372742448745
2026-03-07 15:00:00,15.1,72.0,0.0,4.8,312.0,3.5670951622914924,-3.2118269105225195
2026-03-07 16:00:00,14.7,72.0,0.0,7.4,292.0,6.8611605237942275,-2.772088791277749
2026-03-07 17:00:00,15.0,71.0,0.0,5.3,298.0,4.679622242152313,-2.4881992827652213
2026-03-07 18:00:00,14.5,77.0,0.0,2.6,295.0,2.3564002462952898,-1.0988074805258186
2026-03-07 19:00:00,14.6,79.0,0.0,2.5,45.0,-1.7677669529663693,-1.7677669529663687
2026-03-07 20:00:00,14.3,81.0,0.0,1.3,90.0,-1.3,1.5920408388915593e-16
2026-03-07 21:00:00,14.4,82.0,0.1,1.3,16.0,-0.35832856256209855,-1.2496402047198147
2026-03-07 22:00:00,14.0,84.0,0.0,2.7,332.0,1.2675732195219054,-2.383958500719103
2026-03-07 23:00:00,14.2,84.0,0.0,3.9,47.0,-2.852279436314765,-2.6597936042437436
2026-03-08 00:00:00,14.3,85.0,0.0,3.4,58.0,-2.8833635269318485,-1.8017254983928963
2026-03-08 01:00:00,14.2,86.0,0.0,3.7,47.0,-2.7060086959909313,-2.523393932231244
2026-03-08 02:00:00,14.3,84.0,0.0,2.2,55.0,-1.802134497435782,-1.2618681599723016
2026-03-08 03:00:00,14.5,83.0,0.0,2.1,59.0,-1.800051331474436,-1.0815799573111138
2026-03-08 04:00:00,14.4,84.0,0.0,1.8,24.0,-0.7321259575364402,-1.6443818237566818
2026-03-08 05:00:00,14.3,82.0,0.0,1.1,360.0,6.735557395310444e-17,-1.1
2026-03-08 06:00:00,13.8,83.0,0.0,1.2,309.0,0.9325751537483651,-0.7551844692598049
2026-03-08 07:00:00,14.3,83.0,0.0,1.3,304.0,1.0777488443215542,-0.726950774511971
2026-03-08 08:00:00,16.1,74.0,0.0,2.7,312.0,2.0064910287889646,-1.8066526371689173
2026-03-08 09:00:00,16.4,72.0,0.0,2.8,285.0,2.7045923136093912,-0.7246933262870581
2026-03-08 10:00:00,16.9,73.0,0.0,2.7,298.0,2.383958500719103,-1.2675732195219052
2026-03-08 11:00:00,16.7,72.0,0.0,3.5,351.0,0.5475206276408082,-3.456909192082982
2026-03-08 12:00:00,16.3,74.0,0.0,4.2,329.0,2.1631599146222276,-3.600102662948872
2026-03-08 13:00:00,16.2,78.0,0.0,4.9,327.0,2.668731271573633,-4.109485782932578
2026-03-08 14:00:00,16.1,83.0,0.1,5.2,356.0,0.36273366346945124,-5.187333061351086
2026-03-08 15:00:00,16.3,82.0,0.3,6.1,357.0,0.3192493330819582,-6.0916401620029
2026-03-08 16:00:00,15.5,86.0,0.3,6.4,328.0,3.3914832910925115,-5.4275078154011265
2026-03-08 17:00:00,15.0,86.0,0.1,6.1,304.0,5.057129192585753,-3.411076711171556
2026-03-08 18:00:00,14.8,90.0,0.0,5.5,287.0,5.259676157796695,-1.6080443759750522
2026-03-08 19:00:00,14.5,92.0,0.0,5.7,283.0,5.553909369275841,-1.2822210097600306
2026-03-08 20:00:00,15.1,87.0,0.0,6.0,267.0,5.991777208527443,0.314015737457663
2026-03-08 21:00:00,15.5,87.0,0.0,5.0,272.0,4.9969541350954785,-0.17449748351250485
2026-03-08 22:00:00,15.4,89.0,0.0,0.9,270.0,0.9,0.0
2026-03-08 23:00:00,15.5,86.0,0.0,2.8,297.0,2.49481826772743,-1.2711733992707308
2026-03-09 00:00:00,15.4,84.0,0.0,2.7,328.0,1.4307820134296534,-2.28972985962235
2026-03-09 01:00:00,15.0,85.0,0.0,2.6,326.0,1.4539015490239418,-2.1554976886431088
2026-03-09 02:00:00,15.3,86.0,0.0,2.2,355.0,0.19174263404484793,-2.1916283358018402
2026-03-09 03:00:00,15.4,87.0,0.0,2.9,4.0,-0.20229377385796418,-2.89293574575349
2026-03-09 04:00:00,15.3,88.0,0.0,1.8,349.0,0.34345619167778085,-1.7669289302057951
2026-03-09 05:00:00,15.2,86.0,0.0,3.6,330.0,1.8000000000000005,-3.117691453623979
2026-03-09 06:00:00,15.0,86.0,0.0,2.4,333.0,1.0895771993749124,-2.138415658052083
2026-03-09 07:00:00,15.4,83.0,0.0,3.9,313.0,2.8522794363147645,-2.659793604243744
2026-03-09 08:00:00,15.8,91.0,0.1,4.2,348.0,0.8732291014345898,-4.108219923081983
2026-03-09 09:00:00,16.6,88.0,0.1,4.4,308.0,3.4672473158695767,-2.7089104914328965
2026-03-09 10:00:00,17.9,78.0,0.0,2.7,8.0,-0.37576737259217774,-2.67372378560224
2026-03-09 11:00:00,17.7,77.0,0.1,6.7,19.0,-2.1813066348629495,-6.334974456515423
2026-03-09 12:00:00,17.6,78.0,0.2,7.2,37.0,-4.333068166694748,-5.750175672340508
2026-03-09 13:00:00,16.1,87.0,0.2,4.0,8.0,-0.5566924038402633,-3.961072274966281
2026-03-09 14:00:00,16.2,84.0,0.2,9.6,49.0,-7.245211970138612,-6.298166678308868
2026-03-09 15:00:00,15.4,87.0,0.5,4.8,29.0,-2.3270861771824167,-4.1981745942691004
2026-03-09 16:00:00,14.8,92.0,0.5,2.0,297.0,1.7820130483767358,-0.9079809994790935
2026-03-09 17:00:00,14.1,97.0,0.5,4.6,18.0,-1.4214781741247586,-4.3748599749577055
2026-03-09 18:00:00,14.0,97.0,0.2,0.4,207.0,0.18159619989581874,0.35640260967534715
2026-03-09 19:00:00,14.1,96.0,0.4,0.4,333.0,0.18159619989581874,-0.35640260967534715
2026-03-09 20:00:00,14.0,93.0,0.5,2.4,103.0,-2.3384881554845642,0.5398825304252765
2026-03-09 21:00:00,14.0,87.0,0.1,1.7000000000000002,41.0,-1.1153003492838625,-1.2830062863787126
2026-03-09 22:00:00,13.9,85.0,0.3,0.4,243.0,0.3564026096753472,0.1815961998958187
2026-03-09 23:00:00,13.6,86.0,0.4,0.7000000000000001,166.0,-0.16934532691976747,0.6792070083931976
2026-03-10 00:00:00,13.5,87.0,0.2,1.5,135.0,-1.0606601717798212,1.0606601717798214
2026-03-10 01:00:00,13.3,88.0,0.1,2.7,110.0,-2.5371700761219524,0.923454386979306
2026-03-10 02:00:00,13.0,86.0,0.0,3.4,90.0,-3.4,4.1637991171010006e-16
2026-03-10 03:00:00,12.9,88.0,0.2,3.3,81.0,-3.2593715239639547,-0.5162337346327613
2026-03-10 04:00:00,12.7,81.0,0.0,2.3,90.0,-2.3,2.816687638038912e-16
2026-03-10 05:00:00,12.5,81.0,0.0,2.5,90.0,-2.5,3.061616997868383e-16
2026-03-10 06:00:00,12.2,81.0,0.0,1.3,74.0,-1.2496402047198145,-0.3583285625620987
2026-03-10 07:00:00,12.6,81.0,0.0,0.2,270.0,0.2,0.0
2026-03-10 08:00:00,12.3,87.0,0.3,1.2,63.0,-1.0692078290260414,-0.544788599687456
2026-03-10 09:00:00,12.3,93.0,0.3,2.2,346.0,0.532228170319269,-2.1346505978071924
2026-03-10 10:00:00,13.0,88.0,0.3,2.3,4.0,-0.16043988961148883,-2.2943973155975956
2026-03-10 11:00:00,13.6,82.0,0.2,2.5,30.0,-1.250000000000001,-2.165063509461096
2026-03-10 12:00:00,13.5,77.0,0.1,1.5,324.0,0.8816778784387097,-1.2135254915624212
2026-03-10 13:00:00,13.4,72.0,0.0,2.6,304.0,2.1554976886431083,-1.453901549023942
2026-03-10 14:00:00,12.9,73.0,0.0,5.6,264.0,5.56932261406233,0.5853593942988594
2026-03-10 15:00:00,12.9,73.0,0.2,5.8,263.0,5.756767679519667,0.7068421917498553
2026-03-10 16:00:00,12.6,76.0,0.2,4.9,266.0,4.8880638462731385,0.341806721346214
2026-03-10 17:00:00,12.1,83.0,0.2,5.6,274.0,5.586358681455015,-0.3906362529671017
2026-03-10 18:00:00,11.7,91.0,0.2,5.4,274.0,5.386845871403051,-0.37668495821827663
2026-03-10 19:00:00,11.5,96.0,0.1,5.7,279.0,5.629823541392286,-0.891676450729316
2026-03-10 20:00:00,11.6,92.0,0.1,6.4,262.0,6.337715639946051,0.8907078461444189
2026-03-10 21:00:00,11.5,96.0,0.0,4.4,279.0,4.3458286986186065,-0.6883116461770159
2026-03-10 22:00:00,11.8,94.0,0.0,2.2,279.0,2.1729143493093033,-0.34415582308850795
2026-03-10 23:00:00,11.7,94.0,0.0,1.1,270.0,1.1,0.0
2026-03-11 00:00:00,11.6,93.0,0.0,1.6,276.0,1.5912350325892373,-0.16724554122824556
2026-03-11 01:00:00,11.6,92.0,0.0,2.2,279.0,2.1729143493093033,-0.34415582308850795
2026-03-11 02:00:00,11.7,91.0,0.0,2.0,275.0,1.992389396183491,-0.17431148549531633
2026-03-11 03:00:00,11.7,90.0,0.0,2.2,270.0,2.2,0.0
2026-03-11 04:00:00,10.9,90.0,0.0,1.6,270.0,1.6,0.0
2026-03-11 05:00:00,11.6,86.0,0.0,2.1,290.0,1.9733545036504079,-0.7182423009839043
2026-03-11 06:00:00,12.3,81.0,0.0,0.9,307.0,0.7187719590425635,-0.5416335208368435
2026-03-11 07:00:00,13.0,81.0,0.0,1.3,16.0,-0.35832856256209855,-1.2496402047198147
2026-03-11 08:00:00,13.7,81.0,0.0,1.0,248.0,0.9271838545667874,0.374606593415912
2026-03-11 09:00:00,14.7,77.0,0.0,0.4,207.0,0.18159619989581874,0.35640260967534715
2026-03-11 10:00:00,15.0,75.0,0.0,2.6,56.0,-2.1554976886431088,-1.4539015490239415
2026-03-11 11:00:00,15.3,74.0,0.0,4.1,41.0,-2.6898420188610794,-3.094309278913365
2026-03-11 12:00:00,15.4,73.0,0.0,3.4,25.0,-1.436902089918377,-3.08144647592461
2026-03-11 13:00:00,14.9,73.0,0.0,3.7,305.0,3.03086256386927,-2.1222328144988705
2026-03-11 14:00:00,14.4,75.0,0.0,0.9,281.0,0.8834644651028976,-0.17172809583889032
2026-03-11 15:00:00,14.5,76.0,0.0,1.9,304.0,1.575171387854579,-1.0624665165944192
2026-03-11 16:00:00,13.9,79.0,0.0,4.5,286.0,4.325677631722435,-1.2403681011764962
2026-03-11 17:00:00,13.6,80.0,0.0,5.5,287.0,5.259676157796695,-1.6080443759750522
2026-03-11 18:00:00,13.4,83.0,0.0,5.7,294.0,5.207209108562825,-2.3183988655320613
2026-03-11 19:00:00,13.2,87.0,0.0,3.5,291.0,3.267531492740206,-1.2542878234085508
2026-03-11 20:00:00,13.1,91.0,0.0,1.5,256.0,1.4554435894139948,0.3628828433995016
2026-03-11 21:00:00,13.4,87.0,0.0,1.5,291.0,1.4003706397458027,-0.5375519243179504
2026-03-11 22:00:00,13.7,85.0,0.0,0.6000000000000001,18.0,-0.18541019662496858,-0.5706339097770922
2026-03-11 23:00:00,13.5,86.0,0.0,0.6000000000000001,342.0,0.1854101966249685,-0.5706339097770922
2026-03-12 00:00:00,13.2,86.0,0.0,1.7000000000000002,302.0,1.4416817634659242,-0.9008627491964484
2026-03-12 01:00:00,13.5,83.0,0.0,1.7000000000000002,311.0,1.2830062863787126,-1.1153003492838625
2026-03-12 02:00:00,13.1,86.0,0.0,0.6000000000000001,34.0,-0.335515742082448,-0.4974225435330252
2026-03-12 03:00:00,13.3,85.0,0.0,0.6000000000000001,288.0,0.5706339097770922,-0.18541019662496847
2026-03-12 04:00:00,13.5,83.0,0.0,0.6000000000000001,56.0,-0.4974225435330252,-0.33551574208244805
2026-03-12 05:00:00,13.1,87.0,0.0,1.4,67.0,-1.2887067948334165,-0.547023579884983
2026-03-12 06:00:00,12.8,88.0,0.0,0.8,45.0,-0.5656854249492381,-0.565685424949238
2026-03-12 07:00:00,13.5,86.0,0.0,1.2,309.0,0.9325751537483651,-0.7551844692598049
2026-03-12 08:00:00,14.7,79.0,0.0,1.2,153.0,-0.544788599687456,1.0692078290260414
2026-03-12 09:00:00,16.1,72.0,0.0,4.1,92.0,-4.097502390778292,0.14308793648025467
2026-03-12 10:00:00,16.6,64.0,0.0,4.9,73.0,-4.685893304218874,-1.4326213531414103
2026-03-12 11:00:00,16.4,62.0,0.0,2.1,149.0,-1.081579957311114,1.800051331474436
2026-03-12 12:00:00,16.4,60.0,0.0,3.2,183.0,0.1674750599774207,3.1956145112146364
2026-03-12 13:00:00,15.8,65.0,0.0,2.4,73.0,-2.295131414311285,-0.7016920913345682
2026-03-12 14:00:00,15.3,70.0,0.0,7.5,57.0,-6.29002925959068,-4.084792762612703
2026-03-12 15:00:00,14.8,71.0,0.0,6.5,46.0,-4.6757087022012325,-4.515279407983483
2026-03-12 16:00:00,14.4,71.0,0.0,4.5,37.0,-2.7081676041842173,-3.5938597952128175
2026-03-12 17:00:00,13.7,71.0,0.0,2.4,253.0,2.295131414311285,0.7016920913345682
2026-03-12 18:00:00,12.6,78.0,0.0,5.0,257.0,4.871850323926176,1.124755271719325
2026-03-12 19:00:00,12.3,82.0,0.0,2.4,216.0,1.4106846055019355,1.9416407864998737
2026-03-12 20:00:00,11.5,84.0,0.0,3.8,41.0,-2.4930243101639276,-2.8678964048465336
2026-03-12 21:00:00,11.2,81.0,0.0,3.4,47.0,-2.48660258550518,-2.3187944242124945
2026-03-12 22:00:00,10.8,80.0,0.0,0.30000000000000004,315.0,0.2121320343559643,-0.21213203435596428
2026-03-12 23:00:00,10.0,86.0,0.0,1.5,300.0,1.299038105676658,-0.7499999999999999
2026-03-13 00:00:00,9.9,86.0,0.0,2.7,312.0,2.0064910287889646,-1.8066526371689173
2026-03-13 01:00:00,10.1,86.0,0.0,3.1,294.0,2.8319909186920627,-1.2608835935349807
2026-03-13 02:00:00,9.6,87.0,0.0,1.5,339.0,0.5375519243179505,-1.4003706397458027
2026-03-13 03:00:00,9.5,80.0,0.0,1.7000000000000002,319.0,1.1153003492838625,-1.2830062863787126
2026-03-13 04:00:00,8.6,80.0,0.0,1.5,330.0,0.7500000000000002,-1.299038105676658
2026-03-13 05:00:00,8.2,78.0,0.0,1.4,320.0,0.8999026535611551,-1.0724622203665692
2026-03-13 06:00:00,7.9,77.0,0.0,1.5,315.0,1.0606601717798214,-1.0606601717798212
2026-03-13 07:00:00,9.9,73.0,0.0,1.1,288.0,1.0461621679246689,-0.33991869381244216
2026-03-13 08:00:00,12.2,61.0,0.0,4.4,60.0,-3.81051177665153,-2.2000000000000006
2026-03-13 09:00:00,13.2,57.0,0.0,5.9,52.0,-4.64926344627966,-3.6324027044213834
2026-03-13 10:00:00,14.5,55.0,0.0,7.0,46.0,-5.035378602370558,-4.862608593212982
2026-03-13 11:00:00,15.6,52.0,0.0,8.0,42.0,-5.353044850870865,-5.945158603819155
2026-03-13 12:00:00,16.2,51.0,0.0,9.8,47.0,-7.167266275867872,-6.683583928612484
2026-03-13 13:00:00,16.4,51.0,0.0,11.8,40.0,-7.584893794301166,-9.03932442880394
2026-03-13 14:00:00,16.4,51.0,0.0,13.1,43.0,-8.934178516818731,-9.580733491211133
2026-03-13 15:00:00,16.1,52.0,0.0,11.7,41.0,-7.6758906391889345,-8.830102088606433
2026-03-13 16:00:00,15.6,54.0,0.0,10.8,37.0,-6.4996022500421216,-8.625263508510763
2026-03-13 17:00:00,14.6,58.0,0.0,9.0,30.0,-4.5000000000000036,-7.794228634059945
2026-03-13 18:00:00,11.9,70.0,0.0,4.7,23.0,-1.836436303899587,-4.326372811226469
2026-03-13 19:00:00,10.9,73.0,0.0,3.6,18.0,-1.1124611797498112,-3.4238034586625528
2026-03-13 20:00:00,10.4,72.0,0.0,1.4,320.0,0.8999026535611551,-1.0724622203665692
2026-03-13 21:00:00,9.5,74.0,0.0,2.3,321.0,1.447436899414626,-1.7874357113510329
2026-03-13 22:00:00,9.1,73.0,0.0,3.3,311.0,2.4905416147351476,-2.1649947956686737
2026-03-13 23:00:00,9.4,67.0,0.0,4.1,304.0,3.3990540474756705,-2.2926909042300623
2026-03-14 00:00:00,9.5,60.0,0.0,4.3,298.0,3.796674649293386,-2.0187277199793305
2026-03-14 01:00:00,8.5,54.0,0.0,4.2,301.0,3.600102662948872,-2.1631599146222276
2026-03-14 02:00:00,8.1,53.0,0.0,4.6,301.0,3.9429695832297162,-2.369175144586249
2026-03-14 03:00:00,8.5,47.0,0.0,4.1,285.0,3.96029588778518,-1.061158084920335
2026-03-14 04:00:00,8.5,47.0,0.0,2.7,293.0,2.485363104321589,-1.0549740469210394
2026-03-14 05:00:00,8.2,50.0,0.0,2.3,293.0,2.117161162940613,-0.8986815955253296
2026-03-14 06:00:00,8.3,51.0,0.0,2.5,300.0,2.165063509461097,-1.2499999999999998
2026-03-14 07:00:00,10.8,56.0,0.0,3.1,310.0,2.3747377736688318,-1.9926415900282717
2026-03-14 08:00:00,13.5,53.0,0.0,1.9,311.0,1.4339482024232668,-1.2465121550819638
2026-03-14 09:00:00,15.2,57.0,0.0,3.2,43.0,-2.1823947521999956,-2.3403318451813457
2026-03-14 10:00:00,15.9,61.0,0.0,5.4,42.0,-3.613305274337834,-4.01298205757793
2026-03-14 11:00:00,16.4,62.0,0.0,5.4,30.0,-2.7000000000000024,-4.676537180435967
2026-03-14 12:00:00,17.0,60.0,0.0,6.3,20.0,-2.1547269029517118,-5.9200635109512225
2026-03-14 13:00:00,17.2,58.0,0.0,7.0,18.0,-2.163118960624633,-6.657395614066075
2026-03-14 14:00:00,16.1,60.0,0.0,4.4,19.0,-1.4324998796114894,-4.160281732636994
2026-03-14 15:00:00,16.2,61.0,0.0,5.3,348.0,1.101931961334125,-5.18418228388917
2026-03-14 16:00:00,16.1,60.0,0.0,5.2,338.0,1.9479542857627423,-4.821356043747294
2026-03-14 17:00:00,15.5,61.0,0.0,4.6,321.0,2.894873798829252,-3.5748714227020657
2026-03-14 18:00:00,13.8,70.0,0.0,4.5,313.0,3.291091657286267,-3.068992620281243
2026-03-14 19:00:00,13.0,75.0,0.0,3.5,351.0,0.5475206276408082,-3.456909192082982
2026-03-14 20:00:00,12.0,77.0,0.0,1.5,277.0,1.488819227461983,-0.1828040151077212
2026-03-14 21:00:00,11.2,77.0,0.0,1.5,284.0,1.4554435894139948,-0.3628828433995016
2026-03-14 22:00:00,10.6,78.0,0.0,1.7000000000000002,288.0,1.6167960777017611,-0.5253288904374106
2026-03-14 23:00:00,9.6,82.0,0.0,3.9,294.0,3.562827284806143,-1.5862729079956208
2026-03-15 00:00:00,8.6,83.0,0.0,2.3,293.0,2.117161162940613,-0.8986815955253296
2026-03-15 01:00:00,8.1,81.0,0.0,2.5,291.0,2.3339510662430043,-0.8959198738632507
2026-03-15 02:00:00,7.2,83.0,0.0,2.7,290.0,2.537170076121953,-0.9234543869793056
2026-03-15 03:00:00,7.7,80.0,0.0,2.3,288.0,2.1874299874788528,-0.710739087062379
2026-03-15 04:00:00,7.5,81.0,0.0,2.5,291.0,2.3339510662430043,-0.8959198738632507
2026-03-15 05:00:00,7.6,80.0,0.0,2.9,292.0,2.6888331782436836,-1.0863591209061447
2026-03-15 06:00:00,7.7,79.0,0.0,2.8,288.0,2.6629582456264296,-0.8652475842498527
2026-03-15 07:00:00,9.8,74.0,0.0,1.9,287.0,1.8169790363297673,-0.5555062389731998
2026-03-15 08:00:00,15.1,64.0,0.0,3.0,253.0,2.868914267889106,0.8771151141682103
2026-03-15 09:00:00,17.1,60.0,0.0,2.8,235.0,2.293625724009177,1.6060140217829288
2026-03-15 10:00:00,18.6,56.0,0.0,0.4,153.0,-0.18159619989581868,0.3564026096753472
2026-03-15 11:00:00,19.6,54.0,0.0,2.8,79.0,-2.748556113653459,-0.5342651870543251
2026-03-15 12:00:00,20.1,55.0,0.0,3.9,66.0,-3.562827284806143,-1.5862729079956208
2026-03-15 13:00:00,20.5,53.0,0.0,5.2,65.0,-4.71280049259058,-2.1976149610516362
2026-03-15 14:00:00,19.2,59.0,0.0,4.5,90.0,-4.5,5.51091059616309e-16
2026-03-15 15:00:00,18.7,61.0,0.0,3.4,6.0,-0.35539677511002143,-3.3813744442521294
2026-03-15 16:00:00,18.2,61.0,0.0,3.1,10.0,-0.5383093507674841,-3.052904034337845
2026-03-15 17:00:00,17.2,64.0,0.0,4.2,320.0,2.6997079606834653,-3.2173866610997077
2026-03-15 18:00:00,15.1,75.0,0.0,5.1,297.0,4.544133273360676,-2.3153515486716882
2026-03-15 19:00:00,13.7,76.0,0.0,3.9,286.0,3.7489206141594438,-1.0749856876862967
2026-03-15 20:00:00,14.9,77.0,0.0,1.5,284.0,1.4554435894139948,-0.3628828433995016
2026-03-15 21:00:00,15.5,73.0,0.0,2.9,300.0,2.511473670974872,-1.4499999999999997
2026-03-15 22:00:00,15.0,72.0,0.0,3.3,338.0,1.2362017582725093,-3.0597067200703982
2026-03-15 23:00:00,14.3,69.0,0.0,3.8,315.0,2.6870057685088806,-2.68700576850888
2026-03-16 00:00:00,12.7,69.0,0.0,2.0,297.0,1.7820130483767358,-0.9079809994790935
2026-03-16 01:00:00,12.3,67.0,0.0,2.5,291.0,2.3339510662430043,-0.8959198738632507
2026-03-16 02:00:00,12.1,69.0,0.0,0.8,297.0,0.7128052193506944,-0.3631923997916374
2026-03-16 03:00:00,13.2,64.0,0.0,1.1,288.0,1.0461621679246689,-0.33991869381244216
2026-03-16 04:00:00,12.8,66.0,0.0,1.9,292.0,1.761649323676896,-0.7117525274902328
2026-03-16 05:00:00,13.0,64.0,0.0,2.8,297.0,2.49481826772743,-1.2711733992707308
2026-03-16 06:00:00,12.4,66.0,0.0,1.5,291.0,1.4003706397458027,-0.5375519243179504
2026-03-16 07:00:00,14.0,69.0,0.0,0.7000000000000001,284.0,0.6792070083931976,-0.16934532691976742
2026-03-16 08:00:00,17.0,63.0,0.0,4.6,244.0,4.134452612976168,2.0165072752297557
2026-03-16 09:00:00,17.8,60.0,0.0,4.3,222.0,2.8772616073430903,3.195522749552795
2026-03-16 10:00:00,18.5,57.0,0.0,4.0,207.0,1.8159619989581872,3.564026096753471
2026-03-16 11:00:00,18.9,56.0,0.0,3.5,208.0,1.643150469750618,3.090316575006244
2026-03-16 12:00:00,18.8,58.0,0.0,3.1,249.0,2.8940993221413254,1.1109406435904308
2026-03-16 13:00:00,18.7,59.0,0.0,2.6,254.0,2.499280409439629,0.7166571251241979
2026-03-16 14:00:00,18.3,60.0,0.0,2.4,167.0,-0.539882530425276,2.3384881554845647
2026-03-16 15:00:00,17.9,64.0,0.0,2.2,256.0,2.1346505978071924,0.5322281703192691
2026-03-16 16:00:00,17.2,68.0,0.0,4.0,270.0,4.0,0.0
2026-03-16 17:00:00,16.3,72.0,0.0,5.5,283.0,5.359035356318794,-1.2372307988912574
2026-03-16 18:00:00,15.1,80.0,0.0,6.3,288.0,5.991656052659467,-1.9468070645621685
2026-03-16 19:00:00,14.3,84.0,0.0,3.8,289.0,3.592970587277404,-1.2371589869371955
2026-03-16 20:00:00,13.4,85.0,0.0,3.8,278.0,3.7630186612179672,-0.5288577836482486
2026-03-16 21:00:00,14.5,79.0,0.0,2.2,275.0,2.1916283358018402,-0.19174263404484798
2026-03-16 22:00:00,14.9,75.0,0.0,3.8,275.0,3.785539852748633,-0.331191822441101
2026-03-16 23:00:00,15.4,72.0,0.0,2.7,270.0,2.7,0.0
2026-03-17 00:00:00,15.1,73.0,0.0,2.2,270.0,2.2,0.0
2026-03-17 01:00:00,15.0,73.0,0.0,3.3,279.0,3.2593715239639547,-0.5162337346327618
2026-03-17 02:00:00,14.6,79.0,0.0,1.3,278.0,1.2873484893640414,-0.18092503124808507
2026-03-17 03:00:00,14.7,76.0,0.0,0.9,281.0,0.8834644651028976,-0.17172809583889032
2026-03-17 04:00:00,14.4,77.0,0.0,0.7000000000000001,284.0,0.6792070083931976,-0.16934532691976742
2026-03-17 05:00:00,14.9,74.0,0.0,0.4,270.0,0.4,0.0
2026-03-17 06:00:00,15.0,74.0,0.0,1.4,247.0,1.2887067948334165,0.5470235798849833
2026-03-17 07:00:00,15.8,76.0,0.0,2.7,200.0,0.9234543869793059,2.5371700761219524
2026-03-17 08:00:00,17.0,69.0,0.0,3.9,233.0,3.114678489184442,2.347078590292988
2026-03-17 09:00:00,18.2,66.0,0.0,4.7,223.0,3.205392292293743,3.437362397610101
2026-03-17 10:00:00,18.9,63.0,0.0,5.9,225.0,4.171930009000631,4.17193000900063
2026-03-17 11:00:00,19.7,61.0,0.0,6.3,217.0,3.7914346458579047,5.031403713297944
2026-03-17 12:00:00,19.9,60.0,0.0,6.7,214.0,3.746592453254004,5.55455173611878
2026-03-17 13:00:00,20.1,58.0,0.0,3.9,223.0,2.659793604243744,2.8522794363147645
2026-03-17 14:00:00,19.3,60.0,0.0,3.8,163.0,-1.1110124779463992,3.633958072659535
2026-03-17 15:00:00,19.1,63.0,0.0,1.0,329.0,0.5150380749100542,-0.8571673007021123
2026-03-17 16:00:00,18.3,66.0,0.0,0.9,281.0,0.8834644651028976,-0.17172809583889032
2026-03-17 17:00:00,17.4,70.0,0.0,2.1,285.0,2.0284442352070435,-0.5435199947152936
2026-03-17 18:00:00,15.5,81.0,0.0,4.0,297.0,3.5640260967534716,-1.815961998958187
2026-03-17 19:00:00,14.9,84.0,0.0,3.1,294.0,2.8319909186920627,-1.2608835935349807
2026-03-17 20:00:00,15.7,83.0,0.0,0.7000000000000001,256.0,0.6792070083931976,0.16934532691976742
2026-03-17 21:00:00,15.6,81.0,0.0,1.3,236.0,1.0777488443215542,0.726950774511971
2026-03-17 22:00:00,15.0,82.0,0.0,2.6,258.0,2.543183761907895,0.5405703961261743
2026-03-17 23:00:00,15.1,80.0,0.0,2.7,266.0,2.6934229357015256,0.18834247910913832
2026-03-18 00:00:00,15.2,80.0,0.0,1.3,270.0,1.3,0.0
2026-03-18 01:00:00,15.4,80.0,0.0,0.6000000000000001,236.0,0.49742254353302506,0.33551574208244817
2026-03-18 02:00:00,15.2,81.0,0.0,0.5,315.0,0.3535533905932738,-0.35355339059327373
2026-03-18 03:00:00,15.3,84.0,0.0,0.8,207.0,0.3631923997916375,0.7128052193506943
2026-03-18 04:00:00,14.7,87.0,0.0,0.6000000000000001,252.0,0.5706339097770922,0.18541019662496847
2026-03-18 05:00:00,14.6,88.0,0.0,0.2,270.0,0.2,0.0
2026-03-18 06:00:00,14.5,87.0,0.0,1.1,270.0,1.1,0.0
2026-03-18 07:00:00,15.9,83.0,0.0,1.6,243.0,1.4256104387013888,0.7263847995832748
2026-03-18 08:00:00,16.7,77.0,0.0,1.8,217.0,1.0832670416736871,1.437543918085127
2026-03-18 09:00:00,17.8,71.0,0.0,3.4,238.0,2.883363526931848,1.8017254983928965
2026-03-18 10:00:00,19.1,66.0,0.0,5.2,214.0,2.9078030980478835,4.3109953772862175
2026-03-18 11:00:00,19.9,63.0,0.0,5.5,218.0,3.3861381142911204,4.334059144836971
2026-03-18 12:00:00,20.7,60.0,0.0,6.0,219.0,3.775922346299025,4.662875768741825
2026-03-18 13:00:00,21.1,59.0,0.0,5.2,205.0,2.197614961051637,4.7128004925905795
2026-03-18 14:00:00,20.9,60.0,0.0,4.8,151.0,-2.3270861771824176,4.1981745942691
2026-03-18 15:00:00,20.7,65.0,0.0,4.0,180.0,2.4492935982947064e-16,4.0
2026-03-18 16:00:00,19.8,71.0,0.0,2.4,253.0,2.295131414311285,0.7016920913345682
2026-03-18 17:00:00,18.8,76.0,0.0,2.6,309.0,2.0205794997881243,-1.6362330167295773
2026-03-18 18:00:00,17.3,83.0,0.0,4.8,340.0,1.6416966879632102,-4.51052457977236
2026-03-18 19:00:00,15.9,89.0,0.0,3.0,335.0,1.2678547852220983,-2.7189233611099497
2026-03-18 20:00:00,16.1,85.0,0.0,0.2,270.0,0.2,0.0
2026-03-18 21:00:00,15.9,84.0,0.0,1.3,270.0,1.3,0.0
2026-03-18 22:00:00,16.4,82.0,0.0,1.3,278.0,1.2873484893640414,-0.18092503124808507
2026-03-18 23:00:00,16.4,80.0,0.0,1.1,288.0,1.0461621679246689,-0.33991869381244216
2026-03-19 00:00:00,16.7,76.0,0.0,0.7000000000000001,284.0,0.6792070083931976,-0.16934532691976742
2026-03-19 01:00:00,16.3,75.0,0.0,0.6000000000000001,288.0,0.5706339097770922,-0.18541019662496847
2026-03-19 02:00:00,16.2,75.0,0.0,0.6000000000000001,304.0,0.49742254353302506,-0.33551574208244817
2026-03-19 03:00:00,15.9,77.0,0.0,0.8,297.0,0.7128052193506944,-0.3631923997916374
2026-03-19 04:00:00,15.8,76.0,0.0,0.8,297.0,0.7128052193506944,-0.3631923997916374
2026-03-19 05:00:00,15.7,74.0,0.0,0.9,307.0,0.7187719590425635,-0.5416335208368435
2026-03-19 06:00:00,15.3,74.0,0.0,2.2,305.0,1.802134497435782,-1.2618681599723014
2026-03-19 07:00:00,17.2,70.0,0.0,2.0,297.0,1.7820130483767358,-0.9079809994790935
2026-03-19 08:00:00,19.4,67.0,0.0,2.3,58.0,-1.9505106211597798,-1.218814307736371
2026-03-19 09:00:00,20.6,67.0,0.0,3.5,35.0,-2.0075175272286625,-2.8670321550114704
2026-03-19 10:00:00,21.5,63.0,0.0,4.8,27.0,-2.179154398749825,-4.276831316104166
2026-03-19 11:00:00,21.8,62.0,0.0,5.4,34.0,-3.0196416787420315,-4.4768028917972265
2026-03-19 12:00:00,21.9,63.0,0.0,4.8,25.0,-2.028567656355356,-4.35027737777592
2026-03-19 13:00:00,21.4,66.0,0.0,5.0,35.0,-2.867882181755232,-4.095760221444958
2026-03-19 14:00:00,20.3,73.0,0.0,5.7,49.0,-4.301844607269802,-3.7395364652458905
2026-03-19 15:00:00,19.9,74.0,0.0,2.3,4.0,-0.16043988961148883,-2.2943973155975956
2026-03-19 16:00:00,19.1,79.0,0.0,3.2,3.0,-0.1674750599774218,-3.1956145112146364
2026-03-19 17:00:00,18.4,84.0,0.0,1.5,324.0,0.8816778784387097,-1.2135254915624212
2026-03-19 18:00:00,17.6,90.0,0.1,3.1,320.0,1.9926415900282721,-2.3747377736688318
2026-03-19 19:00:00,17.2,93.0,0.0,1.3,262.0,1.2873484893640414,0.18092503124808507
2026-03-19 20:00:00,16.5,98.0,0.0,0.4,243.0,0.3564026096753472,0.1815961998958187
2026-03-19 21:00:00,16.5,97.0,0.0,0.2,270.0,0.2,0.0
2026-03-19 22:00:00,15.9,97.0,0.0,0.7000000000000001,270.0,0.7000000000000001,0.0
2026-03-19 23:00:00,15.4,96.0,0.0,0.7000000000000001,270.0,0.7000000000000001,0.0
2026-03-20 00:00:00,16.1,92.0,0.0,0.2,270.0,0.2,0.0
2026-03-20 01:00:00,15.5,91.0,0.0,0.2,270.0,0.2,0.0
2026-03-20 02:00:00,15.5,92.0,0.0,0.2,180.0,1.2246467991473533e-17,0.2
2026-03-20 03:00:00,15.5,91.0,0.0,0.4,270.0,0.4,0.0
2026-03-20 04:00:00,15.3,90.0,0.0,1.3,270.0,1.3,0.0
2026-03-20 05:00:00,15.2,88.0,0.0,1.7000000000000002,283.0,1.6564291101349,-0.38241679238457055
2026-03-20 06:00:00,15.3,85.0,0.0,1.6,270.0,1.6,0.0
2026-03-20 07:00:00,17.0,78.0,0.0,1.1,261.0,1.0864571746546516,0.17207791154425398
2026-03-20 08:00:00,17.2,88.0,0.0,4.3,265.0,4.283637201794505,0.3747696938149301
2026-03-20 09:00:00,18.6,83.0,0.1,3.3,279.0,3.2593715239639547,-0.5162337346327618
2026-03-20 10:00:00,20.0,75.0,0.0,1.5,339.0,0.5375519243179505,-1.4003706397458027
2026-03-20 11:00:00,20.4,70.0,0.0,4.5,360.0,2.755455298081545e-16,-4.5
2026-03-20 12:00:00,19.7,73.0,0.0,3.3,351.0,0.516233734632762,-3.2593715239639547
2026-03-20 13:00:00,20.5,71.0,0.1,4.2,20.0,-1.436484601967808,-3.9467090073008158
2026-03-20 14:00:00,19.7,72.0,0.0,4.3,48.0,-3.195522749552795,-2.8772616073430903
2026-03-20 15:00:00,19.1,77.0,0.0,3.2,19.0,-1.0418180942629014,-3.025659441917814
2026-03-20 16:00:00,18.7,80.0,0.0,1.5,346.0,0.3628828433995015,-1.4554435894139948
2026-03-20 17:00:00,18.2,83.0,0.0,3.3,306.0,2.6697560814373262,-1.9396913325651612
2026-03-20 18:00:00,17.5,87.0,0.1,4.3,287.0,4.112110450641052,-1.257198330307768
2026-03-20 19:00:00,17.4,91.0,0.1,1.5,249.0,1.4003706397458027,0.5375519243179504
2026-03-20 20:00:00,18.0,88.0,0.0,1.0,59.0,-0.8571673007021123,-0.5150380749100542
2026-03-20 21:00:00,17.7,89.0,0.0,1.3,124.0,-1.0777488443215542,0.726950774511971
2026-03-20 22:00:00,17.6,90.0,0.0,0.4,117.0,-0.35640260967534715,0.18159619989581877
2026-03-20 23:00:00,17.1,91.0,0.0,0.4,297.0,0.3564026096753472,-0.1815961998958187
2026-03-21 00:00:00,17.3,90.0,0.0,0.5,360.0,3.061616997868383e-17,-0.5
2026-03-21 01:00:00,16.6,92.0,0.0,0.7000000000000001,346.0,0.1693453269197674,-0.6792070083931976
2026-03-21 02:00:00,15.8,94.0,0.0,1.8,323.0,1.0832670416736871,-1.437543918085127
2026-03-21 03:00:00,15.3,95.0,0.0,1.6,297.0,1.4256104387013888,-0.7263847995832748
2026-03-21 04:00:00,14.8,93.0,0.1,1.8,294.0,1.6443818237566816,-0.7321259575364404
2026-03-21 05:00:00,14.4,89.0,0.0,3.8,281.0,3.730183297101123,-0.7250741824308702
2026-03-21 06:00:00,14.3,86.0,0.0,4.0,275.0,3.984778792366982,-0.34862297099063266
2026-03-21 07:00:00,15.6,86.0,0.1,4.9,270.0,4.9,0.0
2026-03-21 08:00:00,17.3,89.0,0.1,3.9,254.0,3.7489206141594438,1.0749856876862967
2026-03-21 09:00:00,18.8,80.0,0.0,4.0,234.0,3.23606797749979,2.3511410091698925
2026-03-21 10:00:00,19.4,77.0,0.0,1.2,219.0,0.755184469259805,0.9325751537483651
2026-03-21 11:00:00,19.7,76.0,0.2,1.3,315.0,0.9192388155425119,-0.9192388155425117
2026-03-21 12:00:00,20.0,73.0,0.2,2.4,351.0,0.3754427160965542,-2.3704520174283306
2026-03-21 13:00:00,20.0,72.0,0.1,2.2,351.0,0.34415582308850806,-2.1729143493093033
2026-03-21 14:00:00,19.4,77.0,0.1,1.7000000000000002,108.0,-1.6167960777017611,0.5253288904374108
2026-03-21 15:00:00,19.7,76.0,0.1,1.5,30.0,-0.7500000000000007,-1.2990381056766576
2026-03-21 16:00:00,19.1,81.0,0.1,1.0,158.0,-0.37460659341591207,0.9271838545667874
2026-03-21 17:00:00,18.5,84.0,0.1,2.5,274.0,2.4939101256495606,-0.17439118436031326
2026-03-21 18:00:00,17.7,90.0,0.0,3.2,270.0,3.2,0.0
2026-03-21 19:00:00,16.8,94.0,0.0,3.1,260.0,3.052904034337845,0.5383093507674841
2026-03-21 20:00:00,16.8,89.0,0.0,1.7000000000000002,238.0,1.4416817634659242,0.9008627491964484
2026-03-21 21:00:00,17.3,85.0,0.0,0.6000000000000001,236.0,0.49742254353302506,0.33551574208244817
2026-03-21 22:00:00,17.5,85.0,0.0,0.6000000000000001,214.0,0.3355157420824481,0.4974225435330251
2026-03-21 23:00:00,17.1,86.0,0.0,0.4,243.0,0.3564026096753472,0.1815961998958187
2026-03-22 00:00:00,16.7,87.0,0.0,0.2,270.0,0.2,0.0
2026-03-22 01:00:00,16.4,88.0,0.0,0.4,270.0,0.4,0.0
2026-03-22 02:00:00,15.4,92.0,0.0,0.6000000000000001,288.0,0.5706339097770922,-0.18541019662496847
2026-03-22 03:00:00,15.9,87.0,0.0,1.5,277.0,1.488819227461983,-0.1828040151077212
2026-03-22 04:00:00,15.5,88.0,0.0,1.1,279.0,1.0864571746546516,-0.17207791154425398
2026-03-22 05:00:00,15.5,87.0,0.0,2.3,266.0,2.2943973155975956,0.1604398896114882
2026-03-22 06:00:00,15.3,83.0,0.0,2.9,266.0,2.89293574575349,0.20229377385796338
2026-03-22 07:00:00,16.4,81.0,0.0,3.6,273.0,3.595066325116466,-0.18840944247459782
2026-03-22 08:00:00,18.3,78.0,0.0,3.3,216.0,1.9396913325651612,2.6697560814373262
2026-03-22 09:00:00,20.2,74.0,0.0,1.8,204.0,0.7321259575364404,1.6443818237566816
2026-03-22 10:00:00,21.2,72.0,0.0,4.5,113.0,-4.142271840535981,1.7582900782017319
2026-03-22 11:00:00,21.7,71.0,0.0,4.5,95.0,-4.482876141412855,0.39220084236446184
2026-03-22 12:00:00,21.5,73.0,0.0,4.0,80.0,-3.939231012048832,-0.6945927106677219
2026-03-22 13:00:00,20.8,76.0,0.1,3.3,84.0,-3.2819222547153015,-0.3449439287832565
2026-03-22 14:00:00,19.9,80.0,0.0,4.2,140.0,-2.6997079606834653,3.2173866610997077
2026-03-22 15:00:00,20.2,77.0,0.0,1.1,270.0,1.1,0.0
2026-03-22 16:00:00,19.9,79.0,0.0,2.2,265.0,2.1916283358018402,0.19174263404484798
2026-03-22 17:00:00,18.9,83.0,0.0,2.7,274.0,2.6934229357015256,-0.18834247910913832
2026-03-22 18:00:00,18.1,87.0,0.0,4.1,272.0,4.097502390778292,-0.14308793648025397
2026-03-22 19:00:00,17.4,93.0,0.0,1.8,270.0,1.8,0.0
2026-03-22 20:00:00,17.9,91.0,0.0,0.0,270.0,0.0,0.0
2026-03-22 21:00:00,17.9,89.0,0.0,0.4,270.0,0.4,0.0
2026-03-22 22:00:00,18.0,88.0,0.0,1.3,254.0,1.2496402047198145,0.35832856256209894
2026-03-22 23:00:00,17.5,88.0,0.0,1.1,270.0,1.1,0.0
2026-03-23 00:00:00,17.2,86.0,0.0,1.6,270.0,1.6,0.0
2026-03-23 01:00:00,16.9,86.0,0.0,2.0,270.0,2.0,0.0
2026-03-23 02:00:00,16.2,85.0,0.0,1.7000000000000002,288.0,1.6167960777017611,-0.5253288904374106
2026-03-23 03:00:00,16.6,79.0,0.0,3.0,284.0,2.9108871788279895,-0.7257656867990032
2026-03-23 04:00:00,15.7,83.0,0.0,2.8,285.0,2.7045923136093912,-0.7246933262870581
2026-03-23 05:00:00,14.8,86.0,0.0,3.4,288.0,3.233592155403522,-1.0506577808748212
2026-03-23 06:00:00,14.5,85.0,0.0,3.0,287.0,2.868914267889106,-0.8771151141682103
2026-03-23 07:00:00,15.9,83.0,0.0,5.0,289.0,4.727592877996584,-1.6278407722857835
2026-03-23 08:00:00,20.5,73.0,0.0,1.9,287.0,1.8169790363297673,-0.5555062389731998
2026-03-23 09:00:00,22.6,62.0,0.0,1.0,292.0,0.9271838545667874,-0.374606593415912
2026-03-23 10:00:00,23.5,59.0,0.0,2.2,104.0,-2.1346505978071924,0.5322281703192691
2026-03-23 11:00:00,23.7,61.0,0.0,3.6,93.0,-3.595066325116466,0.1884094424745977
2026-03-23 12:00:00,23.5,63.0,0.0,2.7,98.0,-2.67372378560224,0.3757673725921764
2026-03-23 13:00:00,23.9,63.0,0.0,4.0,120.0,-3.464101615137755,1.9999999999999998
2026-03-23 14:00:00,22.5,70.0,0.0,7.0,140.0,-4.499513267805775,5.362311101832846
2026-03-23 15:00:00,22.2,74.0,0.1,5.3,142.0,-3.263005819225989,4.176456994115626
2026-03-23 16:00:00,21.3,80.0,0.1,4.8,127.0,-3.8334504482270058,2.888712111129831
2026-03-23 17:00:00,20.1,87.0,0.1,1.4,337.0,0.5470235798849832,-1.2887067948334165
2026-03-23 18:00:00,19.2,91.0,0.0,4.0,321.0,2.51728156419935,-3.1085838458278836
2026-03-23 19:00:00,18.9,92.0,0.0,1.9,331.0,0.9211382784680405,-1.6617774435648518
2026-03-23 20:00:00,18.8,94.0,0.0,1.1,261.0,1.0864571746546516,0.17207791154425398
2026-03-23 21:00:00,19.2,91.0,0.0,0.5,225.0,0.3535533905932738,0.35355339059327373
2026-03-23 22:00:00,19.1,92.0,0.0,0.9,143.0,-0.5416335208368436,0.7187719590425634
2026-03-23 23:00:00,19.0,91.0,0.0,0.8,117.0,-0.7128052193506943,0.36319239979163753
2026-03-24 00:00:00,18.7,92.0,0.0,0.2,270.0,0.2,0.0
2026-03-24 01:00:00,18.4,92.0,0.0,0.9,270.0,0.9,0.0
2026-03-24 02:00:00,18.1,93.0,0.0,0.2,270.0,0.2,0.0
2026-03-24 03:00:00,18.0,90.0,0.0,1.1,270.0,1.1,0.0
2026-03-24 04:00:00,17.7,89.0,0.0,1.3,278.0,1.2873484893640414,-0.18092503124808507
2026-03-24 05:00:00,17.8,88.0,0.0,1.5,263.0,1.488819227461983,0.1828040151077212
2026-03-24 06:00:00,17.7,90.0,0.0,1.7000000000000002,257.0,1.6564291101349,0.38241679238457055
2026-03-24 07:00:00,18.8,86.0,0.0,2.3,252.0,2.1874299874788528,0.710739087062379
2026-03-24 08:00:00,19.2,89.0,0.0,2.3,225.0,1.6263455967290592,1.626345596729059
2026-03-24 09:00:00,20.2,87.0,0.0,3.0,232.0,2.364032260820166,1.846984425976975
2026-03-24 10:00:00,21.4,79.0,0.0,5.8,187.0,0.7068421917498554,5.756767679519667
2026-03-24 11:00:00,22.5,73.0,0.0,8.6,181.0,0.15009069536063893,8.598690178344965
2026-03-24 12:00:00,22.6,73.0,0.1,8.5,182.0,0.29664572197125916,8.494822029662314
2026-03-24 13:00:00,22.4,75.0,0.1,7.8,173.0,-0.9505808785601494,7.741859982802312
2026-03-24 14:00:00,22.1,76.0,0.1,9.4,156.0,-3.8233244449125228,8.587327301840448
2026-03-24 15:00:00,21.7,80.0,0.0,7.2,168.0,-1.4969641738878674,7.042662725283401
2026-03-24 16:00:00,21.1,84.0,0.1,5.4,166.0,-1.3063782362382061,5.2395969218903815
2026-03-24 17:00:00,20.5,86.0,0.0,2.3,209.0,1.1150621265665752,2.01162532642061
2026-03-24 18:00:00,19.5,90.0,0.0,1.5,330.0,0.7500000000000002,-1.299038105676658
2026-03-24 19:00:00,18.5,95.0,0.0,2.6,348.0,0.5405703961261746,-2.5431837619078945
2026-03-24 20:00:00,18.2,95.0,0.0,1.5,346.0,0.3628828433995015,-1.4554435894139948
2026-03-24 21:00:00,18.5,92.0,0.0,0.2,360.0,1.2246467991473533e-17,-0.2
2026-03-24 22:00:00,18.3,91.0,0.0,0.8,207.0,0.3631923997916375,0.7128052193506943
2026-03-24 23:00:00,18.0,90.0,0.0,0.8,243.0,0.7128052193506944,0.3631923997916374
2026-03-25 00:00:00,18.0,88.0,0.0,0.5,270.0,0.5,0.0
2026-03-25 01:00:00,18.1,89.0,0.0,0.4,333.0,0.18159619989581874,-0.35640260967534715
2026-03-25 02:00:00,17.8,91.0,0.0,0.4,63.0,-0.3564026096753472,-0.18159619989581868
2026-03-25 03:00:00,17.7,92.0,0.0,0.30000000000000004,315.0,0.2121320343559643,-0.21213203435596428
2026-03-25 04:00:00,17.5,92.0,0.0,0.2,180.0,1.2246467991473533e-17,0.2
2026-03-25 05:00:00,17.5,91.0,0.0,0.2,270.0,0.2,0.0
2026-03-25 06:00:00,17.5,91.0,0.0,0.30000000000000004,315.0,0.2121320343559643,-0.21213203435596428
2026-03-25 07:00:00,18.2,88.0,0.0,0.4,270.0,0.4,0.0
2026-03-25 08:00:00,18.9,83.0,0.1,2.4,243.0,2.138415658052083,1.0895771993749122
2026-03-25 09:00:00,19.8,82.0,0.0,1.8,270.0,1.8,0.0
2026-03-25 10:00:00,20.1,81.0,0.0,0.6000000000000001,288.0,0.5706339097770922,-0.18541019662496847
2026-03-25 11:00:00,19.6,83.0,0.0,2.7,250.0,2.537170076121953,0.9234543869793056
2026-03-25 12:00:00,19.9,82.0,0.0,3.1,239.0,2.6572186321765483,1.5966180322211678
2026-03-25 13:00:00,20.0,82.0,0.2,2.5,249.0,2.3339510662430043,0.8959198738632507
2026-03-25 14:00:00,19.3,87.0,0.5,2.7,180.0,1.6532731788489269e-16,2.7
2026-03-25 15:00:00,18.8,92.0,1.0,2.4,243.0,2.138415658052083,1.0895771993749122
2026-03-25 16:00:00,18.3,98.0,1.0,3.7,51.0,-2.875440057390792,-2.3284854468843994
2026-03-25 17:00:00,17.7,99.0,1.6,6.3,24.0,-2.5624408513775405,-5.755336383148386
2026-03-25 18:00:00,17.1,98.0,0.6,3.9,304.0,3.2332465329646625,-2.180852323535913
2026-03-25 19:00:00,17.1,98.0,0.4,2.9,277.0,2.8783838397598336,-0.35342109587492765
2026-03-25 20:00:00,17.3,97.0,0.2,2.0,275.0,1.992389396183491,-0.17431148549531633
2026-03-25 21:00:00,17.3,89.0,0.1,1.3,270.0,1.3,0.0
2026-03-25 22:00:00,16.8,91.0,0.0,0.7000000000000001,284.0,0.6792070083931976,-0.16934532691976742
2026-03-25 23:00:00,16.3,95.0,0.0,0.5,270.0,0.5,0.0
2026-03-26 00:00:00,15.3,97.0,0.0,1.8,276.0,1.790139411662892,-0.18815123388177626
2026-03-26 01:00:00,15.4,98.0,0.1,2.2,279.0,2.1729143493093033,-0.34415582308850795
2026-03-26 02:00:00,15.0,98.0,0.1,1.7000000000000002,252.0,1.6167960777017611,0.5253288904374106
2026-03-26 03:00:00,15.2,97.0,0.2,2.6,258.0,2.543183761907895,0.5405703961261743
2026-03-26 04:00:00,15.2,93.0,0.1,0.7000000000000001,284.0,0.6792070083931976,-0.16934532691976742
2026-03-26 05:00:00,14.8,94.0,0.0,1.4,270.0,1.4,0.0
2026-03-26 06:00:00,14.7,94.0,0.0,2.0,260.0,1.969615506024416,0.34729635533386066
2026-03-26 07:00:00,15.0,91.0,0.0,3.1,246.0,2.8319909186920627,1.2608835935349807
2026-03-26 08:00:00,15.0,95.0,0.0,4.0,219.0,2.51728156419935,3.1085838458278836
2026-03-26 09:00:00,15.8,91.0,0.0,3.1,230.0,2.3747377736688318,1.9926415900282717
2026-03-26 10:00:00,16.2,89.0,0.0,1.8,246.0,1.6443818237566816,0.7321259575364404
2026-03-26 11:00:00,16.5,86.0,0.0,1.3,270.0,1.3,0.0
2026-03-26 12:00:00,17.6,81.0,0.0,1.7000000000000002,229.0,1.2830062863787126,1.1153003492838625
2026-03-26 13:00:00,17.5,81.0,0.0,2.1,232.0,1.654822582574116,1.2928890981838825
2026-03-26 14:00:00,17.1,82.0,0.0,3.9,202.0,1.4609657143220567,3.616017032810471
2026-03-26 15:00:00,16.9,84.0,0.0,2.3,252.0,2.1874299874788528,0.710739087062379
2026-03-26 16:00:00,16.4,89.0,0.0,1.1,279.0,1.0864571746546516,-0.17207791154425398
2026-03-26 17:00:00,16.0,91.0,0.0,1.3,286.0,1.2496402047198145,-0.35832856256209894
2026-03-26 18:00:00,15.4,93.0,0.1,1.7000000000000002,302.0,1.4416817634659242,-0.9008627491964484
2026-03-26 19:00:00,15.2,95.0,0.0,2.2,305.0,1.802134497435782,-1.2618681599723014
2026-03-26 20:00:00,15.0,97.0,0.1,0.7000000000000001,284.0,0.6792070083931976,-0.16934532691976742
2026-03-26 21:00:00,15.5,94.0,0.2,1.9,287.0,1.8169790363297673,-0.5555062389731998
2026-03-26 22:00:00,15.9,94.0,0.6,0.4,297.0,0.3564026096753472,-0.1815961998958187
2026-03-26 23:00:00,16.3,91.0,1.1,1.1,360.0,6.735557395310444e-17,-1.1
2026-03-27 00:00:00,16.4,91.0,0.6,0.9,307.0,0.7187719590425635,-0.5416335208368435
2026-03-27 01:00:00,16.4,91.0,0.0,0.2,270.0,0.2,0.0
2026-03-27 02:00:00,16.0,93.0,0.1,0.30000000000000004,225.0,0.2121320343559643,0.21213203435596428
2026-03-27 03:00:00,16.1,93.0,0.1,0.7000000000000001,284.0,0.6792070083931976,-0.16934532691976742
2026-03-27 04:00:00,15.9,93.0,0.3,0.2,270.0,0.2,0.0
2026-03-27 05:00:00,16.1,91.0,0.1,0.2,270.0,0.2,0.0
2026-03-27 06:00:00,16.0,91.0,0.2,0.4,297.0,0.3564026096753472,-0.1815961998958187
2026-03-27 07:00:00,16.7,92.0,0.0,0.4,27.0,-0.18159619989581877,-0.35640260967534715
2026-03-27 08:00:00,18.3,89.0,0.0,1.5,187.0,0.18280401510772123,1.488819227461983
2026-03-27 09:00:00,19.5,79.0,0.0,2.6,124.0,-2.1554976886431083,1.453901549023942
2026-03-27 10:00:00,19.1,79.0,0.0,2.9,158.0,-1.086359120906145,2.6888331782436836
2026-03-27 11:00:00,18.9,81.0,0.2,1.6,243.0,1.4256104387013888,0.7263847995832748
2026-03-27 12:00:00,19.4,80.0,0.0,1.8,191.0,0.34345619167778085,1.7669289302057951
2026-03-27 13:00:00,19.3,83.0,0.1,2.0,260.0,1.969615506024416,0.34729635533386066
2026-03-27 14:00:00,19.5,83.0,0.4,2.1,128.0,-1.654822582574116,1.2928890981838828
2026-03-27 15:00:00,20.2,79.0,0.1,4.7,32.0,-2.490620541896064,-3.9858260519352022
2026-03-27 16:00:00,19.2,84.0,0.1,3.4,6.0,-0.35539677511002143,-3.3813744442521294
2026-03-27 17:00:00,18.7,86.0,0.2,1.2,309.0,0.9325751537483651,-0.7551844692598049
2026-03-27 18:00:00,17.9,92.0,0.1,1.7000000000000002,288.0,1.6167960777017611,-0.5253288904374106
2026-03-27 19:00:00,17.5,94.0,0.0,0.9,281.0,0.8834644651028976,-0.17172809583889032
2026-03-27 20:00:00,17.5,94.0,0.0,2.2,228.0,1.6349186160502676,1.4720873339894882
2026-03-27 21:00:00,17.1,94.0,0.1,3.1,234.0,2.5079526825623373,1.8221342821066668
2026-03-27 22:00:00,17.2,92.0,0.1,2.7,233.0,2.1563158771276907,1.6249005625105304
2026-03-27 23:00:00,17.2,89.0,0.2,1.4,220.0,0.8999026535611551,1.0724622203665692
2026-03-28 00:00:00,17.1,89.0,0.1,1.4,220.0,0.8999026535611551,1.0724622203665692
2026-03-28 01:00:00,16.8,90.0,0.0,2.5,240.0,2.165063509461097,1.2499999999999998
2026-03-28 02:00:00,17.0,88.0,0.1,1.9,241.0,1.6617774435648518,0.9211382784680404
2026-03-28 03:00:00,16.8,88.0,0.2,1.2,231.0,0.9325751537483651,0.7551844692598049
2026-03-28 04:00:00,16.6,89.0,0.3,1.0,225.0,0.7071067811865476,0.7071067811865475
2026-03-28 05:00:00,16.5,88.0,0.3,0.4,270.0,0.4,0.0
2026-03-28 06:00:00,16.5,86.0,0.0,0.5,315.0,0.3535533905932738,-0.35355339059327373
2026-03-28 07:00:00,17.6,82.0,0.0,1.4,293.0,1.2887067948334165,-0.5470235798849833
2026-03-28 08:00:00,18.1,88.0,0.0,2.9,259.0,2.8467188319982255,0.5533460865919799
2026-03-28 09:00:00,19.6,78.0,0.1,2.7,266.0,2.6934229357015256,0.18834247910913832
2026-03-28 10:00:00,20.8,70.0,0.0,0.4,270.0,0.4,0.0
2026-03-28 11:00:00,21.7,65.0,0.0,2.3,129.0,-1.7874357113510329,1.4474368994146258
2026-03-28 12:00:00,21.4,67.0,0.1,2.0,85.0,-1.992389396183491,-0.1743114854953159
2026-03-28 13:00:00,21.5,68.0,0.1,4.5,88.0,-4.497258721585931,-0.15704773516125406
2026-03-28 14:00:00,20.4,73.0,0.0,4.2,85.0,-4.184017731985332,-0.36605411954016337
2026-03-28 15:00:00,20.2,75.0,0.0,1.9,73.0,-1.8169790363297673,-0.5555062389731998
2026-03-28 16:00:00,19.5,77.0,0.0,1.8,84.0,-1.790139411662892,-0.1881512338817763
2026-03-28 17:00:00,18.8,79.0,0.0,2.0,243.0,1.7820130483767358,0.9079809994790935
2026-03-28 18:00:00,17.8,85.0,0.0,3.5,258.0,3.42351660256832,0.7276909178621577
2026-03-28 19:00:00,17.1,90.0,0.1,4.2,265.0,4.184017731985332,0.3660541195401643
2026-03-28 20:00:00,18.1,90.0,0.1,0.7000000000000001,270.0,0.7000000000000001,0.0
2026-03-28 21:00:00,18.0,89.0,0.1,1.5,277.0,1.488819227461983,-0.1828040151077212
2026-03-28 22:00:00,18.5,85.0,0.0,1.5,263.0,1.488819227461983,0.1828040151077212
2026-03-28 23:00:00,18.2,84.0,0.0,1.2,231.0,0.9325751537483651,0.7551844692598049
2026-03-29 00:00:00,18.0,85.0,0.4,0.9,270.0,0.9,0.0
2026-03-29 01:00:00,18.1,84.0,0.2,0.6000000000000001,236.0,0.49742254353302506,0.33551574208244817
2026-03-29 02:00:00,17.3,87.0,0.1,0.4,297.0,0.3564026096753472,-0.1815961998958187
2026-03-29 03:00:00,17.6,83.0,0.0,0.30000000000000004,315.0,0.2121320343559643,-0.21213203435596428
2026-03-29 04:00:00,17.0,83.0,0.0,2.0,260.0,1.969615506024416,0.34729635533386066
2026-03-29 05:00:00,17.1,81.0,0.1,1.3,262.0,1.2873484893640414,0.18092503124808507
2026-03-29 06:00:00,17.1,80.0,0.1,1.1,261.0,1.0864571746546516,0.17207791154425398
2026-03-29 07:00:00,18.6,74.0,0.0,2.5,225.0,1.7677669529663689,1.7677669529663687
2026-03-29 08:00:00,18.4,93.0,0.0,2.7,217.0,1.6249005625105308,2.1563158771276907
2026-03-29 09:00:00,20.1,84.0,0.0,2.9,158.0,-1.086359120906145,2.6888331782436836
2026-03-29 10:00:00,21.5,74.0,0.0,4.7,113.0,-4.32637281122647,1.8364363038995868
2026-03-29 11:00:00,22.1,68.0,0.0,3.8,131.0,-2.8678964048465336,2.4930243101639276
2026-03-29 12:00:00,22.4,66.0,0.0,3.7,129.0,-2.8754400573907923,2.3284854468843985
2026-03-29 13:00:00,22.4,66.0,0.0,3.4,74.0,-3.2682897661902843,-0.9371670097777965
2026-03-29 14:00:00,20.7,73.0,0.0,2.4,77.0,-2.3384881554845647,-0.5398825304252759
2026-03-29 15:00:00,20.6,74.0,0.0,1.8,307.0,1.437543918085127,-1.083267041673687
2026-03-29 16:00:00,20.2,77.0,0.0,2.4,297.0,2.138415658052083,-1.0895771993749122
2026-03-29 17:00:00,19.7,79.0,0.0,3.1,283.0,3.0205472008342293,-0.6973482684659815
2026-03-29 18:00:00,18.9,85.0,0.0,2.2,279.0,2.1729143493093033,-0.34415582308850795
2026-03-29 19:00:00,18.2,91.0,0.0,1.3,270.0,1.3,0.0
2026-03-29 20:00:00,18.5,90.0,0.0,0.9,259.0,0.8834644651028976,0.17172809583889032
2026-03-29 21:00:00,18.3,90.0,0.0,1.5,256.0,1.4554435894139948,0.3628828433995016
2026-03-29 22:00:00,18.4,88.0,0.0,2.3,247.0,2.117161162940613,0.8986815955253296
2026-03-29 23:00:00,18.4,87.0,0.0,1.9,248.0,1.761649323676896,0.7117525274902328
2026-03-30 00:00:00,18.1,87.0,0.0,1.9,241.0,1.6617774435648518,0.9211382784680404
2026-03-30 01:00:00,18.0,88.0,0.0,1.5,263.0,1.488819227461983,0.1828040151077212
2026-03-30 02:00:00,17.7,88.0,0.0,0.5,270.0,0.5,0.0
2026-03-30 03:00:00,17.5,87.0,0.0,0.2,270.0,0.2,0.0
2026-03-30 04:00:00,17.6,86.0,0.0,0.0,270.0,0.0,0.0
2026-03-30 05:00:00,16.8,85.0,0.0,1.5,277.0,1.488819227461983,-0.1828040151077212
2026-03-30 06:00:00,16.6,82.0,0.0,2.5,274.0,2.4939101256495606,-0.17439118436031326
2026-03-30 07:00:00,19.3,74.0,0.0,3.6,273.0,3.595066325116466,-0.18840944247459782
2026-03-30 08:00:00,20.5,79.0,0.0,2.8,255.0,2.7045923136093912,0.7246933262870581
2026-03-30 09:00:00,22.1,73.0,0.0,3.8,229.0,2.8678964048465336,2.4930243101639276
2026-03-30 10:00:00,23.2,67.0,0.0,4.5,203.0,1.7582900782017317,4.142271840535981
2026-03-30 11:00:00,24.4,61.0,0.0,6.5,178.0,-0.2268467285662562,6.496040375624123
2026-03-30 12:00:00,24.8,63.0,0.0,8.3,147.0,-4.520503990624725,6.96096571394702
2026-03-30 13:00:00,25.4,67.0,0.0,8.7,122.0,-7.378018436560906,4.610297598828883
2026-03-30 14:00:00,25.4,66.0,0.0,6.6,125.0,-5.406403492307346,3.785604479916903
2026-03-30 15:00:00,25.4,68.0,0.0,5.7,134.0,-4.100236861930312,3.9595527116162836
2026-03-30 16:00:00,24.5,76.0,0.0,9.1,142.0,-5.60251942546349,7.17089785782117
2026-03-30 17:00:00,23.9,80.0,0.0,7.5,125.0,-6.14364033216744,4.301823272632845
2026-03-30 18:00:00,21.7,89.0,0.0,3.2,106.0,-3.0760374270026207,0.8820395386143975
2026-03-30 19:00:00,20.7,91.0,0.0,1.0,31.0,-0.5150380749100545,-0.8571673007021121
2026-03-30 20:00:00,21.1,91.0,0.0,3.0,33.0,-1.633917105045081,-2.516011703836272
2026-03-30 21:00:00,20.2,94.0,0.0,2.4,343.0,0.7016920913345682,-2.295131414311285
2026-03-30 22:00:00,20.6,91.0,0.0,1.4,310.0,1.0724622203665692,-0.8999026535611548
2026-03-30 23:00:00,19.9,90.0,0.0,0.2,270.0,0.2,0.0
2026-03-31 00:00:00,18.7,86.0,0.0,1.9,287.0,1.8169790363297673,-0.5555062389731998
2026-03-31 01:00:00,18.2,74.0,0.0,2.1,285.0,2.0284442352070435,-0.5435199947152936
2026-03-31 02:00:00,17.7,69.0,0.0,1.9,299.0,1.6617774435648518,-0.9211382784680404
2026-03-31 03:00:00,16.6,64.0,0.0,3.5,291.0,3.267531492740206,-1.2542878234085508
2026-03-31 04:00:00,16.2,61.0,0.0,3.6,290.0,3.3828934348292705,-1.2312725159724074
2026-03-31 05:00:00,16.6,59.0,0.0,2.1,290.0,1.9733545036504079,-0.7182423009839043
2026-03-31 06:00:00,15.8,64.0,0.0,3.4,288.0,3.233592155403522,-1.0506577808748212
2026-03-31 07:00:00,17.8,66.0,0.0,1.7000000000000002,288.0,1.6167960777017611,-0.5253288904374106
2026-03-31 08:00:00,22.6,68.0,0.0,0.2,270.0,0.2,0.0
2026-03-31 09:00:00,24.3,77.0,0.0,2.4,36.0,-1.4106846055019358,-1.9416407864998735
2026-03-31 10:00:00,25.5,71.0,0.0,4.1,67.0,-3.774069899155005,-1.6019976268060214
2026-03-31 11:00:00,25.8,67.0,0.0,4.2,70.0,-3.9467090073008158,-1.4364846019678084
2026-03-31 12:00:00,25.3,62.0,0.0,1.6,354.0,0.16724554122824553,-1.5912350325892373
2026-03-31 13:00:00,25.8,54.0,0.0,2.7,356.0,0.18834247910913815,-2.6934229357015256
2026-03-31 14:00:00,26.0,52.0,0.0,5.7,101.0,-5.595274945651685,1.0876112736463064
2026-03-31 15:00:00,24.1,57.0,0.0,2.8,320.0,1.7998053071223101,-2.1449244407331385
2026-03-31 16:00:00,24.3,58.0,0.0,2.7,172.0,-0.37576737259217646,2.67372378560224
2026-03-31 17:00:00,23.1,63.0,0.0,2.8,220.0,1.7998053071223101,2.1449244407331385
2026-03-31 18:00:00,21.4,73.0,0.0,1.4,220.0,0.8999026535611551,1.0724622203665692
2026-03-31 19:00:00,20.5,76.0,0.0,2.3,212.0,1.2188143077363711,1.9505106211597796
2026-03-31 20:00:00,19.7,82.0,0.0,1.1,162.0,-0.3399186938124421,1.046162167924669
2026-03-31 21:00:00,18.8,84.0,0.0,1.3,270.0,1.3,0.0
2026-03-31 22:00:00,18.5,83.0,0.0,2.0,275.0,1.992389396183491,-0.17431148549531633
2026-03-31 23:00:00,18.7,81.0,0.0,2.0,280.0,1.969615506024416,-0.34729635533386066
2026-04-01 00:00:00,18.1,77.0,0.0,1.5,284.0,1.4554435894139948,-0.3628828433995016
2026-04-01 01:00:00,17.3,73.0,0.0,2.1,285.0,2.0284442352070435,-0.5435199947152936
2026-04-01 02:00:00,18.0,69.0,0.0,0.8,297.0,0.7128052193506944,-0.3631923997916374
2026-04-01 03:00:00,18.5,67.0,0.0,1.7000000000000002,288.0,1.6167960777017611,-0.5253288904374106
2026-04-01 04:00:00,17.4,72.0,0.0,5.3,278.0,5.248420764330323,-0.7376174350883468
2026-04-01 05:00:00,16.3,76.0,0.0,5.5,281.0,5.3989495089621515,-1.0494494745709964
2026-04-01 06:00:00,17.7,71.0,0.0,3.4,295.0,3.0814464759246096,-1.436902089918378
2026-04-01 07:00:00,18.6,75.0,0.2,2.6,282.0,2.543183761907895,-0.5405703961261743
2026-04-01 08:00:00,21.3,78.0,0.0,1.6,270.0,1.6,0.0
2026-04-01 09:00:00,22.7,72.0,0.0,4.6,21.0,-1.648492567908383,-4.294469961887128
2026-04-01 10:00:00,23.5,65.0,0.0,5.3,62.0,-4.679622242152313,-2.4881992827652213
2026-04-01 11:00:00,22.7,70.0,0.0,9.9,89.0,-9.898492182048274,-0.172778823729108
2026-04-01 12:00:00,21.6,79.0,0.0,5.3,55.0,-4.341505834731656,-3.0399551126605444
2026-04-01 13:00:00,21.0,79.0,0.0,4.3,62.0,-3.7966746492933856,-2.0187277199793305
2026-04-01 14:00:00,20.0,85.0,0.2,7.3,65.0,-6.616046845367546,-3.0851133107071047
2026-04-01 15:00:00,19.2,87.0,0.1,7.3,67.0,-6.719685430202815,-2.852337237971697
2026-04-01 16:00:00,18.4,89.0,0.2,9.4,58.0,-7.971652103870405,-4.981241083792125
2026-04-01 17:00:00,17.8,91.0,0.1,6.5,77.0,-6.333405421104029,-1.4621818532351223
2026-04-01 18:00:00,16.7,97.0,0.1,6.6,77.0,-6.430842427582553,-1.4846769586695088
2026-04-01 19:00:00,16.1,97.0,0.0,3.6,63.0,-3.2076234870781244,-1.6343657990623681
2026-04-01 20:00:00,15.5,97.0,0.0,1.5,120.0,-1.299038105676658,0.7499999999999999
2026-04-01 21:00:00,15.0,98.0,0.0,1.0,68.0,-0.9271838545667874,-0.374606593415912
2026-04-01 22:00:00,14.5,98.0,0.0,2.0,260.0,1.969615506024416,0.34729635533386066
2026-04-01 23:00:00,14.0,99.0,0.0,2.1,239.0,1.800051331474436,1.0815799573111138
2026-04-02 00:00:00,13.6,100.0,0.0,5.0,251.0,4.727592877996584,1.6278407722857835
2026-04-02 01:00:00,13.3,100.0,0.0,4.8,257.0,4.676976310969129,1.079765060850552
2026-04-02 02:00:00,13.4,99.0,0.0,5.5,243.0,4.9005358830360235,2.496947748567507
2026-04-02 03:00:00,13.3,100.0,0.0,5.4,249.0,5.04133430308489,1.9351869275446216
2026-04-02 04:00:00,13.0,100.0,0.0,5.2,256.0,5.045537776635181,1.2579938571182723
2026-04-02 05:00:00,13.2,98.0,0.0,4.2,265.0,4.184017731985332,0.3660541195401643
2026-04-02 06:00:00,13.6,97.0,0.0,4.0,275.0,3.984778792366982,-0.34862297099063266
2026-04-02 07:00:00,15.2,88.0,0.0,3.8,262.0,3.7630186612179672,0.5288577836482486
2026-04-02 08:00:00,15.7,81.0,0.0,0.9,281.0,0.8834644651028976,-0.17172809583889032
2026-04-02 09:00:00,17.3,72.0,0.0,1.2,321.0,0.755184469259805,-0.9325751537483651
2026-04-02 10:00:00,17.9,70.0,0.0,2.5,360.0,1.5308084989341916e-16,-2.5
2026-04-02 11:00:00,18.2,68.0,0.0,3.8,360.0,2.326828918379971e-16,-3.8
2026-04-02 12:00:00,18.7,67.0,0.0,2.6,25.0,-1.098807480525818,-2.35640024629529
2026-04-02 13:00:00,18.4,68.0,0.0,1.5,330.0,0.7500000000000002,-1.299038105676658
2026-04-02 14:00:00,17.3,72.0,0.0,0.8,243.0,0.7128052193506944,0.3631923997916374
2026-04-02 15:00:00,17.5,72.0,0.0,1.1,279.0,1.0864571746546516,-0.17207791154425398
2026-04-02 16:00:00,17.0,75.0,0.0,3.3,279.0,3.2593715239639547,-0.5162337346327618
2026-04-02 17:00:00,16.3,77.0,0.0,4.8,283.0,4.676976310969129,-1.079765060850552
2026-04-02 18:00:00,15.7,79.0,0.0,4.9,278.0,4.852313536833695,-0.6819481947043207
2026-04-02 19:00:00,15.8,79.0,0.0,4.5,268.0,4.497258721585931,0.15704773516125436
2026-04-02 20:00:00,16.2,83.0,0.0,2.3,241.0,2.01162532642061,1.1150621265665752
2026-04-02 21:00:00,16.2,82.0,0.0,2.2,270.0,2.2,0.0
2026-04-02 22:00:00,15.9,82.0,0.0,2.5,270.0,2.5,0.0
2026-04-02 23:00:00,15.9,82.0,0.0,3.8,278.0,3.7630186612179672,-0.5288577836482486
2026-04-03 00:00:00,15.6,83.0,0.0,1.8,270.0,1.8,0.0
2026-04-03 01:00:00,15.7,82.0,0.0,2.6,258.0,2.543183761907895,0.5405703961261743
2026-04-03 02:00:00,15.4,86.0,0.0,0.8,297.0,0.7128052193506944,-0.3631923997916374
2026-04-03 03:00:00,16.0,83.0,0.0,1.5,256.0,1.4554435894139948,0.3628828433995016
2026-04-03 04:00:00,15.7,83.0,0.0,2.0,270.0,2.0,0.0
2026-04-03 05:00:00,15.2,84.0,0.1,2.2,270.0,2.2,0.0
2026-04-03 06:00:00,15.2,84.0,0.3,2.3,266.0,2.2943973155975956,0.1604398896114882
2026-04-03 07:00:00,16.8,82.0,0.0,3.5,279.0,3.456909192082982,-0.547520627640808
2026-04-03 08:00:00,17.7,81.0,0.0,2.1,329.0,1.0815799573111138,-1.800051331474436
2026-04-03 09:00:00,18.8,81.0,0.0,2.9,240.0,2.511473670974872,1.4499999999999997
2026-04-03 10:00:00,19.9,81.0,0.0,4.8,200.0,1.6416966879632102,4.51052457977236
2026-04-03 11:00:00,21.0,75.0,0.0,6.4,209.0,3.1027815695765577,5.597566125692133
2026-04-03 12:00:00,21.9,71.0,0.1,9.2,197.0,2.689819683449178,8.798003754859925
2026-04-03 13:00:00,21.5,75.0,0.2,8.0,203.0,3.1258490279141897,7.364038827619523
2026-04-03 14:00:00,20.8,83.0,0.2,8.4,173.0,-1.0237024846032379,8.337387673787106
2026-04-03 15:00:00,20.9,83.0,0.1,7.0,201.0,2.5085756468171025,6.535062985480412
2026-04-03 16:00:00,21.1,82.0,0.1,5.2,207.0,2.3607505986456436,4.633233925779512
2026-04-03 17:00:00,20.9,84.0,0.0,1.3,56.0,-1.0777488443215544,-0.7269507745119708
2026-04-03 18:00:00,19.6,91.0,0.1,1.3,344.0,0.35832856256209894,-1.2496402047198145
2026-04-03 19:00:00,18.5,94.0,0.0,3.7,14.0,-0.8951110137187709,-3.590094187221187
2026-04-03 20:00:00,19.4,92.0,0.0,1.1,90.0,-1.1,1.3471114790620887e-16
2026-04-03 21:00:00,18.4,95.0,0.0,0.9,11.0,-0.17172809583889015,-0.8834644651028976
2026-04-03 22:00:00,18.6,92.0,0.0,2.6,344.0,0.7166571251241979,-2.499280409439629
2026-04-03 23:00:00,18.9,89.0,0.0,2.5,352.0,0.34793275240016364,-2.475670171853926
2026-04-04 00:00:00,18.6,88.0,0.0,2.5,339.0,0.895919873863251,-2.3339510662430043
2026-04-04 01:00:00,18.6,87.0,0.0,2.2,336.0,0.8948206147667606,-2.0098000068137223
2026-04-04 02:00:00,18.9,81.0,0.0,2.8,345.0,0.7246933262870581,-2.7045923136093912
2026-04-04 03:00:00,19.4,81.0,0.0,2.7,20.0,-0.9234543869793052,-2.537170076121953
2026-04-04 04:00:00,19.1,80.0,0.0,2.2,305.0,1.802134497435782,-1.2618681599723014
2026-04-04 05:00:00,19.4,72.0,0.0,3.4,302.0,2.883363526931848,-1.8017254983928965
2026-04-04 06:00:00,19.1,67.0,0.0,2.9,292.0,2.6888331782436836,-1.0863591209061447
2026-04-04 07:00:00,19.4,73.0,0.0,1.7000000000000002,302.0,1.4416817634659242,-0.9008627491964484
2026-04-04 08:00:00,20.1,78.0,0.0,4.3,345.0,1.1129218939408392,-4.153481053042993
2026-04-04 09:00:00,21.0,83.0,0.2,0.4,297.0,0.3564026096753472,-0.1815961998958187
2026-04-04 10:00:00,20.9,87.0,0.4,3.8,109.0,-3.592970587277404,1.237158986937195
2026-04-04 11:00:00,20.6,86.0,0.8,4.3,92.0,-4.2973805561821115,0.15006783582075492
2026-04-04 12:00:00,21.4,80.0,0.1,3.8,163.0,-1.1110124779463992,3.633958072659535
2026-04-04 13:00:00,21.2,84.0,1.1,2.0,27.0,-0.9079809994790938,-1.7820130483767356
2026-04-04 14:00:00,19.8,90.0,0.0,4.8,75.0,-4.636443966187528,-1.2423314164920998
2026-04-04 15:00:00,20.2,87.0,0.1,8.0,74.0,-7.690093567506551,-2.205098846535992
2026-04-04 16:00:00,19.2,88.0,0.2,7.2,62.0,-6.357222668584273,-3.380195252058414
2026-04-04 17:00:00,18.1,92.0,0.0,5.2,70.0,-4.886401628086724,-1.778504745293477
2026-04-04 18:00:00,17.1,95.0,0.2,4.0,36.0,-2.351141009169893,-3.2360679774997894
2026-04-04 19:00:00,16.5,99.0,1.2,2.9,353.0,0.3534210958749277,-2.8783838397598336
2026-04-04 20:00:00,16.8,99.0,2.8,2.8,243.0,2.49481826772743,1.2711733992707308
2026-04-04 21:00:00,17.0,94.0,4.5,1.1,270.0,1.1,0.0
2026-04-04 22:00:00,17.1,92.0,6.4,0.6000000000000001,326.0,0.3355157420824481,-0.4974225435330251
2026-04-04 23:00:00,16.4,94.0,1.6,3.5,215.0,2.0075175272286616,2.8670321550114712
2026-04-05 00:00:00,17.0,91.0,0.2,0.30000000000000004,225.0,0.2121320343559643,0.21213203435596428
2026-04-05 01:00:00,17.0,90.0,0.0,0.4,270.0,0.4,0.0
2026-04-05 02:00:00,17.1,89.0,0.1,0.8,225.0,0.5656854249492381,0.565685424949238
2026-04-05 03:00:00,17.0,89.0,0.0,0.8,27.0,-0.36319239979163753,-0.7128052193506943
2026-04-05 04:00:00,16.9,90.0,0.0,0.6000000000000001,56.0,-0.4974225435330252,-0.33551574208244805
2026-04-05 05:00:00,16.6,91.0,0.0,1.0,225.0,0.7071067811865476,0.7071067811865475
2026-04-05 06:00:00,16.7,89.0,0.0,0.4,270.0,0.4,0.0
2026-04-05 07:00:00,18.0,86.0,0.0,1.8,270.0,1.8,0.0
2026-04-05 08:00:00,18.1,90.0,0.0,2.8,207.0,1.271173399270731,2.4948182677274295
2026-04-05 09:00:00,19.6,82.0,0.0,1.3,225.0,0.9192388155425119,0.9192388155425117
2026-04-05 10:00:00,21.0,71.0,0.0,4.4,161.0,-1.4324998796114894,4.160281732636994
2026-04-05 11:00:00,21.9,71.0,0.0,5.9,153.0,-2.6785439484633256,5.256938492711371
2026-04-05 12:00:00,22.1,74.0,0.0,4.1,139.0,-2.689842018861079,3.0943092789133653
2026-04-05 13:00:00,21.2,78.0,0.0,4.8,59.0,-4.114403043370139,-2.47218275956826
2026-04-05 14:00:00,19.3,84.0,0.0,3.2,27.0,-1.4527695991665501,-2.851220877402777
2026-04-05 15:00:00,19.8,84.0,0.0,4.7,313.0,3.437362397610101,-3.205392292293743
2026-04-05 16:00:00,20.2,83.0,0.0,4.5,307.0,3.5938597952128175,-2.7081676041842173
2026-04-05 17:00:00,19.8,84.0,0.0,4.7,288.0,4.469965626587221,-1.4523798735622528
2026-04-05 18:00:00,19.3,87.0,0.0,4.3,285.0,4.153481053042993,-1.1129218939408392
2026-04-05 19:00:00,19.2,89.0,0.0,2.0,270.0,2.0,0.0
2026-04-05 20:00:00,19.0,89.0,0.0,0.6000000000000001,304.0,0.49742254353302506,-0.33551574208244817
2026-04-05 21:00:00,19.6,85.0,0.0,0.4,207.0,0.18159619989581874,0.35640260967534715
2026-04-05 22:00:00,19.0,88.0,0.0,0.2,270.0,0.2,0.0
2026-04-05 23:00:00,18.3,89.0,0.0,0.4,297.0,0.3564026096753472,-0.1815961998958187
2026-04-06 00:00:00,17.7,89.0,0.0,1.1,288.0,1.0461621679246689,-0.33991869381244216
2026-04-06 01:00:00,18.0,86.0,0.0,1.8,264.0,1.790139411662892,0.18815123388177626
2026-04-06 02:00:00,18.5,84.0,0.0,2.3,270.0,2.3,0.0
2026-04-06 03:00:00,19.0,78.0,0.1,2.4,253.0,2.295131414311285,0.7016920913345682
2026-04-06 04:00:00,18.8,77.0,0.3,2.3,274.0,2.2943973155975956,-0.1604398896114882
2026-04-06 05:00:00,18.0,90.0,0.9,2.6,282.0,2.543183761907895,-0.5405703961261743
2026-04-06 06:00:00,18.0,90.0,3.2,1.9,304.0,1.575171387854579,-1.0624665165944192
2026-04-06 07:00:00,18.8,85.0,8.0,1.5,330.0,0.7500000000000002,-1.299038105676658
2026-04-06 08:00:00,19.1,96.0,6.0,3.3,54.0,-2.6697560814373267,-1.9396913325651608
2026-04-06 09:00:00,20.8,93.0,0.6,1.6,6.0,-0.1672455412282454,-1.5912350325892375
2026-04-06 10:00:00,21.7,87.0,0.2,4.6,162.0,-1.4214781741247577,4.374859974957706
2026-04-06 11:00:00,22.9,77.0,0.2,5.6,159.0,-2.0068605174536813,5.22805038838433
2026-04-06 12:00:00,21.6,92.0,2.2,7.2,118.0,-6.357222668584274,3.380195252058413
2026-04-06 13:00:00,20.5,95.0,2.4,3.6,81.0,-3.555678026142496,-0.5631640741448306
2026-04-06 14:00:00,21.2,89.0,2.2,3.5,66.0,-3.197409101749103,-1.4235782507653008
2026-04-06 15:00:00,21.9,83.0,0.1,3.8,45.0,-2.687005768508881,-2.68700576850888
2026-04-06 16:00:00,22.1,82.0,0.0,3.4,108.0,-3.233592155403522,1.0506577808748214
2026-04-06 17:00:00,22.4,83.0,0.0,3.5,204.0,1.4235782507653008,3.197409101749103
2026-04-06 18:00:00,21.4,90.0,0.0,0.9,270.0,0.9,0.0
2026-04-06 19:00:00,21.9,85.0,0.0,0.4,270.0,0.4,0.0
2026-04-06 20:00:00,21.2,88.0,0.0,2.4,347.0,0.5398825304252758,-2.3384881554845647
2026-04-06 21:00:00,20.5,86.0,0.0,2.3,315.0,1.6263455967290592,-1.626345596729059
2026-04-06 22:00:00,19.7,85.0,0.0,3.3,315.0,2.3334523779156067,-2.3334523779156067
2026-04-06 23:00:00,18.8,85.0,0.0,3.1,310.0,2.3747377736688318,-1.9926415900282717
2026-04-07 00:00:00,18.0,87.0,0.0,2.0,297.0,1.7820130483767358,-0.9079809994790935
2026-04-07 01:00:00,17.0,88.0,0.0,3.0,284.0,2.9108871788279895,-0.7257656867990032
2026-04-07 02:00:00,16.5,84.0,0.0,3.5,291.0,3.267531492740206,-1.2542878234085508
2026-04-07 03:00:00,15.9,86.0,0.0,2.2,284.0,2.1346505978071924,-0.5322281703192691
2026-04-07 04:00:00,16.3,87.0,0.0,2.3,302.0,1.9505106211597796,-1.2188143077363711
2026-04-07 05:00:00,16.1,88.0,0.0,3.4,295.0,3.0814464759246096,-1.436902089918378
2026-04-07 06:00:00,16.2,89.0,0.0,0.9,281.0,0.8834644651028976,-0.17172809583889032
2026-04-07 07:00:00,18.7,83.0,0.0,0.4,297.0,0.3564026096753472,-0.1815961998958187
2026-04-07 08:00:00,22.8,78.0,0.0,2.9,97.0,-2.8783838397598336,0.35342109587492787
2026-04-07 09:00:00,23.8,82.0,0.0,7.3,62.0,-6.445517427870166,-3.4271424083370032
2026-04-07 10:00:00,23.2,85.0,0.0,11.4,62.0,-10.065602558591767,-5.351975815759156
2026-04-07 11:00:00,22.8,84.0,0.1,6.7,46.0,-4.819576662268962,-4.654211082075283
2026-04-07 12:00:00,22.3,84.0,0.1,6.7,87.0,-6.690817882855645,-0.3506509068277219
2026-04-07 13:00:00,21.5,87.0,0.1,7.6,85.0,-7.571079705497266,-0.6623836448822004
2026-04-07 14:00:00,21.2,85.0,0.2,8.1,77.0,-7.892397524760405,-1.8221035401853063
2026-04-07 15:00:00,20.6,83.0,0.4,5.4,50.0,-4.136639992842482,-3.4710530923073124
2026-04-07 16:00:00,19.9,87.0,0.3,7.0,55.0,-5.7340643100229425,-4.015035054457323
2026-04-07 17:00:00,18.9,91.0,0.4,2.1,52.0,-1.6548225825741163,-1.2928890981838823
2026-04-07 18:00:00,18.1,97.0,0.2,2.5,262.0,2.475670171853926,0.3479327524001636
2026-04-07 19:00:00,17.5,99.0,0.1,6.6,259.0,6.4787394107545815,1.2593393694851955
2026-04-07 20:00:00,17.7,98.0,0.0,7.1,234.0,5.744020660062127,4.173275291276559
2026-04-07 21:00:00,17.4,96.0,0.1,6.2,249.0,5.788198644282651,2.2218812871808615
2026-04-07 22:00:00,17.0,95.0,0.1,6.4,252.0,6.086761704288983,1.9777087639996633
2026-04-07 23:00:00,16.9,94.0,0.0,7.0,260.0,6.893654271085456,1.2155372436685123
2026-04-08 00:00:00,16.9,94.0,0.1,6.1,272.0,6.096284044816484,-0.2128869298852559
2026-04-08 01:00:00,17.1,94.0,0.0,4.1,272.0,4.097502390778292,-0.14308793648025397
2026-04-08 02:00:00,17.1,94.0,0.0,3.6,276.0,3.580278823325784,-0.37630246776355253
2026-04-08 03:00:00,17.4,92.0,0.0,3.4,264.0,3.381374444252129,0.35539677511002177
2026-04-08 04:00:00,17.3,91.0,0.0,2.0,270.0,2.0,0.0
2026-04-08 05:00:00,17.0,92.0,0.0,2.0,280.0,1.969615506024416,-0.34729635533386066
2026-04-08 06:00:00,17.5,90.0,0.0,2.7,274.0,2.6934229357015256,-0.18834247910913832
2026-04-08 07:00:00,18.4,90.0,0.0,4.7,274.0,4.688551036221174,-0.3278554265973889
2026-04-08 08:00:00,18.7,88.0,0.1,4.2,301.0,3.600102662948872,-2.1631599146222276
2026-04-08 09:00:00,19.4,85.0,0.0,2.8,297.0,2.49481826772743,-1.2711733992707308
2026-04-08 10:00:00,20.4,80.0,0.0,1.5,300.0,1.299038105676658,-0.7499999999999999
2026-04-08 11:00:00,20.5,79.0,0.0,0.8,315.0,0.5656854249492381,-0.565685424949238
2026-04-08 12:00:00,20.4,80.0,0.0,2.4,318.0,1.6059134552612597,-1.7835475811457462
2026-04-08 13:00:00,21.0,77.0,0.1,1.3,352.0,0.18092503124808512,-1.2873484893640414
2026-04-08 14:00:00,19.6,84.0,0.1,1.9,73.0,-1.8169790363297673,-0.5555062389731998
2026-04-08 15:00:00,20.5,81.0,0.1,0.2,270.0,0.2,0.0
2026-04-08 16:00:00,20.0,83.0,0.0,0.4,297.0,0.3564026096753472,-0.1815961998958187
2026-04-08 17:00:00,19.4,85.0,0.0,1.9,292.0,1.761649323676896,-0.7117525274902328
2026-04-08 18:00:00,18.4,91.0,0.0,3.3,276.0,3.2819222547153015,-0.3449439287832564
2026-04-08 19:00:00,18.0,94.0,0.0,3.6,273.0,3.595066325116466,-0.18840944247459782
2026-04-08 20:00:00,18.6,90.0,0.0,0.7000000000000001,270.0,0.7000000000000001,0.0
2026-04-08 21:00:00,18.5,90.0,0.0,1.5,249.0,1.4003706397458027,0.5375519243179504
2026-04-08 22:00:00,18.4,90.0,0.0,1.8,270.0,1.8,0.0
2026-04-08 23:00:00,18.2,90.0,0.0,1.5,277.0,1.488819227461983,-0.1828040151077212
2026-04-09 00:00:00,18.1,90.0,0.0,1.3,278.0,1.2873484893640414,-0.18092503124808507
2026-04-09 01:00:00,18.1,90.0,0.0,1.3,286.0,1.2496402047198145,-0.35832856256209894
2026-04-09 02:00:00,17.9,91.0,0.0,0.8,297.0,0.7128052193506944,-0.3631923997916374
2026-04-09 03:00:00,18.1,90.0,0.0,1.8,276.0,1.790139411662892,-0.18815123388177626
2026-04-09 04:00:00,17.8,90.0,0.0,1.8,281.0,1.7669289302057951,-0.34345619167778063
2026-04-09 05:00:00,17.5,90.0,0.0,1.5,277.0,1.488819227461983,-0.1828040151077212
2026-04-09 06:00:00,17.5,88.0,0.0,2.0,270.0,2.0,0.0
2026-04-09 07:00:00,19.8,83.0,0.0,3.0,256.0,2.9108871788279895,0.7257656867990032
2026-04-09 08:00:00,20.9,87.0,0.0,1.1,180.0,6.735557395310444e-17,1.1
2026-04-09 09:00:00,22.5,83.0,0.0,3.8,183.0,0.19887663372318706,3.7947922320673806
2026-04-09 10:00:00,23.9,78.0,0.0,8.0,170.0,-1.3891854213354424,7.878462024097664
2026-04-09 11:00:00,24.5,76.0,0.1,8.0,153.0,-3.6319239979163735,7.128052193506943
2026-04-09 12:00:00,24.4,77.0,0.1,7.5,138.0,-5.018479547691436,5.573586191080457
2026-04-09 13:00:00,24.4,77.0,0.0,7.0,138.0,-4.683914244512008,5.20201377834176
2026-04-09 14:00:00,24.5,75.0,0.0,6.9,131.0,-5.207496103537127,4.5268073000345
2026-04-09 15:00:00,24.4,76.0,0.0,5.7,127.0,-4.55222240726957,3.4303456319666745
2026-04-09 16:00:00,24.0,78.0,0.0,7.3,155.0,-3.085113310707105,6.616046845367546
2026-04-09 17:00:00,22.9,84.0,0.0,5.5,161.0,-1.7906248495143615,5.200352165796243
2026-04-09 18:00:00,21.4,93.0,0.0,2.2,156.0,-0.8948206147667607,2.0098000068137223
2026-04-09 19:00:00,20.4,95.0,0.0,0.7000000000000001,256.0,0.6792070083931976,0.16934532691976742
2026-04-09 20:00:00,20.1,96.0,0.0,0.7000000000000001,256.0,0.6792070083931976,0.16934532691976742
2026-04-09 21:00:00,19.9,94.0,0.0,0.4,270.0,0.4,0.0
2026-04-09 22:00:00,19.8,93.0,0.0,0.7000000000000001,284.0,0.6792070083931976,-0.16934532691976742
2026-04-09 23:00:00,19.3,88.0,0.0,0.7000000000000001,284.0,0.6792070083931976,-0.16934532691976742
2026-04-10 00:00:00,18.5,83.0,0.0,2.3,299.0,2.01162532642061,-1.1150621265665752
2026-04-10 01:00:00,17.6,81.0,0.0,3.4,302.0,2.883363526931848,-1.8017254983928965
2026-04-10 02:00:00,17.1,78.0,0.0,2.3,302.0,1.9505106211597796,-1.2188143077363711
2026-04-10 03:00:00,16.9,64.0,0.0,4.2,295.0,3.80649270555393,-1.7749966993109376
2026-04-10 04:00:00,16.4,60.0,0.0,4.9,294.0,4.476372742448745,-1.9930095510714212
2026-04-10 05:00:00,15.6,61.0,0.0,4.1,299.0,3.585940799271522,-1.9877194430099818
2026-04-10 06:00:00,15.8,60.0,0.0,3.2,297.0,2.8512208774027776,-1.4527695991665497
2026-04-10 07:00:00,18.9,67.0,0.0,2.8,305.0,2.293625724009177,-1.6060140217829288
2026-04-10 08:00:00,24.6,62.0,0.0,4.2,40.0,-2.6997079606834657,-3.2173866610997073
2026-04-10 09:00:00,25.9,66.0,0.0,7.7,78.0,-7.531736525650303,-1.6009200192967483
2026-04-10 10:00:00,26.3,76.0,0.0,8.7,96.0,-8.652340489703978,0.9093976304285875
2026-04-10 11:00:00,26.6,79.0,0.0,9.9,105.0,-9.562665680261775,2.562308546514958
2026-04-10 12:00:00,26.6,81.0,0.0,10.8,100.0,-10.635923732531847,1.8754003188028472
2026-04-10 13:00:00,25.8,78.0,0.0,10.8,91.0,-10.798355107689027,0.18848598952266116
2026-04-10 14:00:00,25.9,62.0,0.0,9.7,87.0,-9.686706487119366,-0.5076587755565526
2026-04-10 15:00:00,25.7,61.0,0.0,8.1,72.0,-7.703557781990744,-2.503037654437073
2026-04-10 16:00:00,25.3,59.0,0.0,6.7,92.0,-6.695918541027941,0.23382662790675765
2026-04-10 17:00:00,24.4,64.0,0.0,3.4,72.0,-3.2335921554035223,-1.0506577808748208
2026-04-10 18:00:00,22.9,72.0,0.0,1.3,16.0,-0.35832856256209855,-1.2496402047198147
2026-04-10 19:00:00,21.8,78.0,0.0,2.6,348.0,0.5405703961261746,-2.5431837619078945
2026-04-10 20:00:00,21.4,78.0,0.0,1.5,330.0,0.7500000000000002,-1.299038105676658
2026-04-10 21:00:00,20.5,77.0,0.0,2.5,300.0,2.165063509461097,-1.2499999999999998
2026-04-10 22:00:00,19.6,73.0,0.0,2.1,308.0,1.654822582574116,-1.2928890981838825
2026-04-10 23:00:00,19.1,73.0,0.0,1.4,293.0,1.2887067948334165,-0.5470235798849833
2026-04-11 00:00:00,18.5,74.0,0.0,1.4,293.0,1.2887067948334165,-0.5470235798849833
2026-04-11 01:00:00,18.1,75.0,0.0,2.3,293.0,2.117161162940613,-0.8986815955253296
2026-04-11 02:00:00,17.5,80.0,0.0,1.9,299.0,1.6617774435648518,-0.9211382784680404
2026-04-11 03:00:00,18.1,75.0,0.0,1.7000000000000002,288.0,1.6167960777017611,-0.5253288904374106
2026-04-11 04:00:00,17.9,74.0,0.0,2.0,297.0,1.7820130483767358,-0.9079809994790935
2026-04-11 05:00:00,17.8,75.0,0.0,2.0,297.0,1.7820130483767358,-0.9079809994790935
2026-04-11 06:00:00,18.3,72.0,0.0,2.5,278.0,2.475670171853926,-0.3479327524001636
2026-04-11 07:00:00,20.3,73.0,0.0,4.3,272.0,4.2973805561821115,-0.15006783582075417
2026-04-11 08:00:00,22.0,80.0,0.0,2.5,339.0,0.895919873863251,-2.3339510662430043
2026-04-11 09:00:00,23.0,78.0,0.0,1.8,349.0,0.34345619167778085,-1.7669289302057951
2026-04-11 10:00:00,23.9,74.0,0.0,3.1,66.0,-2.8319909186920627,-1.2608835935349807
2026-04-11 11:00:00,24.1,73.0,0.0,2.3,51.0,-1.7874357113510326,-1.4474368994146265
2026-04-11 12:00:00,24.5,69.0,0.0,1.1,18.0,-0.33991869381244233,-1.0461621679246689
2026-04-11 13:00:00,24.5,66.0,0.0,0.30000000000000004,315.0,0.2121320343559643,-0.21213203435596428
2026-04-11 14:00:00,24.1,58.0,0.0,1.4,23.0,-0.5470235798849833,-1.2887067948334163
2026-04-11 15:00:00,24.4,57.0,0.0,3.0,17.0,-0.8771151141682113,-2.8689142678891058
2026-04-11 16:00:00,23.6,61.0,0.0,3.8,11.0,-0.7250741824308695,-3.730183297101123
2026-04-11 17:00:00,22.5,66.0,0.0,2.5,360.0,1.5308084989341916e-16,-2.5
2026-04-11 18:00:00,20.4,81.0,0.0,1.5,330.0,0.7500000000000002,-1.299038105676658
2026-04-11 19:00:00,19.0,84.0,0.0,0.6000000000000001,304.0,0.49742254353302506,-0.33551574208244817
2026-04-11 20:00:00,18.9,84.0,0.0,0.2,270.0,0.2,0.0
2026-04-11 21:00:00,18.8,84.0,0.0,0.5,270.0,0.5,0.0
2026-04-11 22:00:00,18.6,85.0,0.0,0.6000000000000001,288.0,0.5706339097770922,-0.18541019662496847
2026-04-11 23:00:00,18.2,86.0,0.0,0.9,270.0,0.9,0.0
2026-04-12 00:00:00,17.8,87.0,0.0,1.5,277.0,1.488819227461983,-0.1828040151077212
2026-04-12 01:00:00,17.8,86.0,0.0,1.3,278.0,1.2873484893640414,-0.18092503124808507
2026-04-12 02:00:00,18.1,86.0,0.0,0.6000000000000001,288.0,0.5706339097770922,-0.18541019662496847
2026-04-12 03:00:00,18.0,89.0,0.0,1.8,259.0,1.7669289302057951,0.34345619167778063
2026-04-12 04:00:00,17.7,91.0,0.0,1.5,277.0,1.488819227461983,-0.1828040151077212
2026-04-12 05:00:00,17.7,89.0,0.0,1.3,286.0,1.2496402047198145,-0.35832856256209894
2026-04-12 06:00:00,17.6,87.0,0.0,1.5,277.0,1.488819227461983,-0.1828040151077212
2026-04-12 07:00:00,19.8,83.0,0.0,1.6,270.0,1.6,0.0
2026-04-12 08:00:00,20.6,85.0,0.0,1.5,76.0,-1.4554435894139948,-0.3628828433995013
2026-04-12 09:00:00,22.0,80.0,0.0,2.0,180.0,1.2246467991473532e-16,2.0
2026-04-12 10:00:00,23.0,76.0,0.0,2.6,192.0,0.5405703961261746,2.5431837619078945
2026-04-12 11:00:00,23.9,71.0,0.0,3.7,191.0,0.7059932828932162,3.632020578756357
2026-04-12 12:00:00,24.3,67.0,0.0,4.4,161.0,-1.4324998796114894,4.160281732636994
2026-04-12 13:00:00,24.1,67.0,0.0,4.0,122.0,-3.392192384625704,2.1196770569328196
2026-04-12 14:00:00,24.0,65.0,0.0,5.5,117.0,-4.900535883036023,2.4969477485675076
2026-04-12 15:00:00,24.2,66.0,0.0,4.8,132.0,-3.567095162291491,3.21182691052252
2026-04-12 16:00:00,23.4,68.0,0.0,3.2,117.0,-2.851220877402777,1.4527695991665501
2026-04-12 17:00:00,22.6,70.0,0.0,2.7,20.0,-0.9234543869793052,-2.537170076121953
2026-04-12 18:00:00,20.6,82.0,0.0,2.5,356.0,0.1743911843603131,-2.4939101256495606
2026-04-12 19:00:00,19.6,85.0,0.0,1.5,330.0,0.7500000000000002,-1.299038105676658
2026-04-12 20:00:00,20.0,83.0,0.0,0.6000000000000001,288.0,0.5706339097770922,-0.18541019662496847
2026-04-12 21:00:00,20.3,80.0,0.0,1.0,301.0,0.8571673007021123,-0.5150380749100542
2026-04-12 22:00:00,20.6,77.0,0.0,0.4,297.0,0.3564026096753472,-0.1815961998958187
2026-04-12 23:00:00,20.3,76.0,0.0,0.5,315.0,0.3535533905932738,-0.35355339059327373
2026-04-13 00:00:00,19.8,77.0,0.0,0.6000000000000001,304.0,0.49742254353302506,-0.33551574208244817
2026-04-13 01:00:00,19.1,77.0,0.0,0.8,297.0,0.7128052193506944,-0.3631923997916374
2026-04-13 02:00:00,18.0,77.0,0.0,1.5,284.0,1.4554435894139948,-0.3628828433995016
2026-04-13 03:00:00,18.3,72.0,0.0,2.1,285.0,2.0284442352070435,-0.5435199947152936
2026-04-13 04:00:00,18.1,72.0,0.0,2.0,280.0,1.969615506024416,-0.34729635533386066
2026-04-13 05:00:00,17.8,70.0,0.0,2.2,279.0,2.1729143493093033,-0.34415582308850795
2026-04-13 06:00:00,18.1,65.0,0.0,3.7,284.0,3.590094187221187,-0.8951110137187707
2026-04-13 07:00:00,20.4,68.0,0.0,2.8,285.0,2.7045923136093912,-0.7246933262870581
2026-04-13 08:00:00,23.2,70.0,0.0,0.9,259.0,0.8834644651028976,0.17172809583889032
2026-04-13 09:00:00,24.7,67.0,0.0,0.5,315.0,0.3535533905932738,-0.35355339059327373
2026-04-13 10:00:00,25.1,65.0,0.0,1.7000000000000002,13.0,-0.382416792384571,-1.6564291101348998
2026-04-13 11:00:00,25.4,62.0,0.0,1.8,11.0,-0.3434561916777803,-1.7669289302057951
2026-04-13 12:00:00,25.8,58.0,0.0,2.5,21.0,-0.8959198738632518,-2.333951066243004
2026-04-13 13:00:00,25.7,56.0,0.0,1.3,360.0,7.960204194457797e-17,-1.3
2026-04-13 14:00:00,25.0,56.0,0.0,2.3,122.0,-1.9505106211597796,1.2188143077363711
2026-04-13 15:00:00,25.6,54.0,0.0,0.4,333.0,0.18159619989581874,-0.35640260967534715
2026-04-13 16:00:00,25.0,55.0,0.0,0.6000000000000001,304.0,0.49742254353302506,-0.33551574208244817
2026-04-13 17:00:00,24.1,58.0,0.0,1.6,270.0,1.6,0.0
2026-04-13 18:00:00,22.1,72.0,0.0,2.3,274.0,2.2943973155975956,-0.1604398896114882
2026-04-13 19:00:00,21.5,71.0,0.0,0.5,270.0,0.5,0.0
2026-04-13 20:00:00,21.2,70.0,0.0,0.8,243.0,0.7128052193506944,0.3631923997916374
2026-04-13 21:00:00,20.5,72.0,0.0,2.0,270.0,2.0,0.0
2026-04-13 22:00:00,20.5,73.0,0.0,0.6000000000000001,288.0,0.5706339097770922,-0.18541019662496847
2026-04-13 23:00:00,19.9,74.0,0.0,1.0,301.0,0.8571673007021123,-0.5150380749100542
2026-04-14 00:00:00,19.4,73.0,0.0,1.5,306.0,1.2135254915624212,-0.8816778784387097
2026-04-14 01:00:00,19.0,72.0,0.0,1.3,304.0,1.0777488443215542,-0.726950774511971
2026-04-14 02:00:00,18.1,73.0,0.0,1.8,307.0,1.437543918085127,-1.083267041673687
2026-04-14 03:00:00,18.5,67.0,0.0,3.0,295.0,2.7189233611099497,-1.2678547852220983
2026-04-14 04:00:00,17.9,67.0,0.0,2.9,292.0,2.6888331782436836,-1.0863591209061447
2026-04-14 05:00:00,17.8,66.0,0.0,3.0,295.0,2.7189233611099497,-1.2678547852220983
2026-04-14 06:00:00,18.1,63.0,0.0,3.1,291.0,2.8940993221413254,-1.1109406435904308
2026-04-14 07:00:00,20.6,65.0,0.0,3.2,286.0,3.0760374270026207,-0.8820395386143973
2026-04-14 08:00:00,22.7,68.0,0.0,0.8,117.0,-0.7128052193506943,0.36319239979163753
2026-04-14 09:00:00,24.0,67.0,0.0,1.8,169.0,-0.34345619167778063,1.7669289302057951
2026-04-14 10:00:00,24.9,64.0,0.0,1.5,194.0,0.3628828433995015,1.4554435894139948
2026-04-14 11:00:00,25.5,63.0,0.0,1.4,230.0,1.0724622203665692,0.8999026535611548
2026-04-14 12:00:00,25.9,62.0,0.0,3.6,127.0,-2.8750878361702545,2.1665340833473734
2026-04-14 13:00:00,25.7,62.0,0.0,4.3,112.0,-3.986890574637185,1.6108083516884226
2026-04-14 14:00:00,24.8,64.0,0.0,4.7,99.0,-4.6421352007971475,0.7352419856890856
2026-04-14 15:00:00,24.7,65.0,0.0,3.3,84.0,-3.2819222547153015,-0.3449439287832565
2026-04-14 16:00:00,23.8,67.0,0.0,1.6,354.0,0.16724554122824553,-1.5912350325892373
2026-04-14 17:00:00,22.8,71.0,0.0,1.7000000000000002,311.0,1.2830062863787126,-1.1153003492838625
2026-04-14 18:00:00,21.1,82.0,0.0,2.3,315.0,1.6263455967290592,-1.626345596729059
2026-04-14 19:00:00,20.0,87.0,0.0,1.3,315.0,0.9192388155425119,-0.9192388155425117
2026-04-14 20:00:00,20.2,83.0,0.0,0.7000000000000001,284.0,0.6792070083931976,-0.16934532691976742
2026-04-14 21:00:00,20.3,78.0,0.0,1.5,284.0,1.4554435894139948,-0.3628828433995016
2026-04-14 22:00:00,20.7,73.0,0.0,0.4,270.0,0.4,0.0
2026-04-14 23:00:00,20.3,73.0,0.0,0.4,270.0,0.4,0.0
2026-04-15 00:00:00,19.8,73.0,0.0,1.0,301.0,0.8571673007021123,-0.5150380749100542
2026-04-15 01:00:00,19.2,75.0,0.0,2.4,312.0,1.7835475811457462,-1.6059134552612597
2026-04-15 02:00:00,18.9,75.0,0.0,2.2,325.0,1.2618681599723016,-1.802134497435782
2026-04-15 03:00:00,18.6,78.0,0.0,1.0,292.0,0.9271838545667874,-0.374606593415912
2026-04-15 04:00:00,18.2,79.0,0.0,1.4,293.0,1.2887067948334165,-0.5470235798849833
2026-04-15 05:00:00,18.0,79.0,0.0,1.9,292.0,1.761649323676896,-0.7117525274902328
2026-04-15 06:00:00,18.5,75.0,0.0,2.2,284.0,2.1346505978071924,-0.5322281703192691
2026-04-15 07:00:00,20.4,77.0,0.0,4.1,268.0,4.097502390778292,0.14308793648025397
2026-04-15 08:00:00,21.6,81.0,0.0,2.6,231.0,2.0205794997881243,1.6362330167295773
2026-04-15 09:00:00,22.7,78.0,0.0,1.8,217.0,1.0832670416736871,1.437543918085127
2026-04-15 10:00:00,23.5,74.0,0.0,3.0,205.0,1.2678547852220983,2.7189233611099497
2026-04-15 11:00:00,24.0,68.0,0.0,2.4,261.0,2.3704520174283306,0.37544271609655405
2026-04-15 12:00:00,24.5,63.0,0.0,0.9,281.0,0.8834644651028976,-0.17172809583889032
2026-04-15 13:00:00,24.8,62.0,0.0,1.7000000000000002,13.0,-0.382416792384571,-1.6564291101348998
2026-04-15 14:00:00,23.7,63.0,0.0,0.2,180.0,1.2246467991473533e-17,0.2
2026-04-15 15:00:00,24.3,61.0,0.0,1.5,346.0,0.3628828433995015,-1.4554435894139948
2026-04-15 16:00:00,24.3,59.0,0.0,2.2,14.0,-0.5322281703192692,-2.1346505978071924
2026-04-15 17:00:00,23.3,64.0,0.0,2.7,312.0,2.0064910287889646,-1.8066526371689173
2026-04-15 18:00:00,21.8,78.0,0.0,3.7,313.0,2.706008695990931,-2.5233939322312446
2026-04-15 19:00:00,21.1,84.0,0.0,1.9,292.0,1.761649323676896,-0.7117525274902328
2026-04-15 20:00:00,20.2,87.0,0.0,2.4,297.0,2.138415658052083,-1.0895771993749122
2026-04-15 21:00:00,20.7,79.0,0.0,1.3,304.0,1.0777488443215542,-0.726950774511971
2026-04-15 22:00:00,20.5,79.0,0.0,2.5,330.0,1.2500000000000002,-2.1650635094610964
2026-04-15 23:00:00,20.1,81.0,0.0,2.9,330.0,1.4500000000000002,-2.5114736709748717
2026-04-16 00:00:00,19.7,84.0,0.0,2.7,307.0,2.1563158771276907,-1.6249005625105304
2026-04-16 01:00:00,19.6,80.0,0.0,4.4,279.0,4.3458286986186065,-0.6883116461770159
2026-04-16 02:00:00,18.9,86.0,0.0,2.8,285.0,2.7045923136093912,-0.7246933262870581
2026-04-16 03:00:00,18.8,85.0,0.1,2.7,274.0,2.6934229357015256,-0.18834247910913832
2026-04-16 04:00:00,18.4,83.0,0.0,2.2,270.0,2.2,0.0
2026-04-16 05:00:00,18.3,81.0,0.0,2.9,263.0,2.8783838397598336,0.35342109587492765
2026-04-16 06:00:00,18.7,80.0,0.0,2.7,270.0,2.7,0.0
2026-04-16 07:00:00,20.7,73.0,0.0,3.4,267.0,3.395340418165551,0.17794225122600904
2026-04-16 08:00:00,22.9,70.0,0.0,3.9,254.0,3.7489206141594438,1.0749856876862967
2026-04-16 09:00:00,24.1,65.0,0.0,3.4,270.0,3.4,0.0
2026-04-16 10:00:00,24.9,61.0,0.0,1.8,259.0,1.7669289302057951,0.34345619167778063
2026-04-16 11:00:00,25.3,60.0,0.0,2.1,250.0,1.9733545036504079,0.7182423009839043
2026-04-16 12:00:00,25.6,59.0,0.0,1.7000000000000002,238.0,1.4416817634659242,0.9008627491964484
2026-04-16 13:00:00,25.9,59.0,0.0,3.6,229.0,2.716954488801979,2.3618125043658265
2026-04-16 14:00:00,25.3,61.0,0.0,6.7,136.0,-4.654211082075283,4.819576662268962
2026-04-16 15:00:00,25.0,64.0,0.0,5.0,150.0,-2.499999999999999,4.330127018922194
2026-04-16 16:00:00,24.4,67.0,0.0,5.1,122.0,-4.325045290397772,2.702588247589345
2026-04-16 17:00:00,23.0,72.0,0.0,3.2,142.0,-1.9701167210421067,2.521634411541511
2026-04-16 18:00:00,21.5,83.0,0.0,0.9,281.0,0.8834644651028976,-0.17172809583889032
2026-04-16 19:00:00,20.7,88.0,0.0,0.5,315.0,0.3535533905932738,-0.35355339059327373
2026-04-16 20:00:00,20.9,86.0,0.0,0.7000000000000001,346.0,0.1693453269197674,-0.6792070083931976
2026-04-16 21:00:00,20.4,87.0,0.0,1.7000000000000002,347.0,0.3824167923845704,-1.6564291101349
2026-04-16 22:00:00,20.5,86.0,0.0,1.7000000000000002,347.0,0.3824167923845704,-1.6564291101349
2026-04-16 23:00:00,20.7,84.0,0.0,0.7000000000000001,346.0,0.1693453269197674,-0.6792070083931976
2026-04-17 00:00:00,20.3,86.0,0.0,1.3,286.0,1.2496402047198145,-0.35832856256209894
2026-04-17 01:00:00,20.3,86.0,0.0,1.2,321.0,0.755184469259805,-0.9325751537483651
2026-04-17 02:00:00,20.4,86.0,0.0,0.7000000000000001,284.0,0.6792070083931976,-0.16934532691976742
2026-04-17 03:00:00,20.1,87.0,0.0,1.1,270.0,1.1,0.0
2026-04-17 04:00:00,19.7,87.0,0.0,0.4,297.0,0.3564026096753472,-0.1815961998958187
2026-04-17 05:00:00,19.3,88.0,0.0,0.9,270.0,0.9,0.0
2026-04-17 06:00:00,19.9,86.0,0.0,1.1,270.0,1.1,0.0
2026-04-17 07:00:00,20.7,84.0,0.0,2.0,275.0,1.992389396183491,-0.17431148549531633
2026-04-17 08:00:00,21.7,82.0,0.0,1.0,202.0,0.37460659341591196,0.9271838545667874
2026-04-17 09:00:00,22.7,79.0,0.0,1.5,256.0,1.4554435894139948,0.3628828433995016
2026-04-17 10:00:00,23.3,76.0,0.0,0.6000000000000001,304.0,0.49742254353302506,-0.33551574208244817
2026-04-17 11:00:00,23.7,74.0,0.0,0.9,323.0,0.5416335208368436,-0.7187719590425635
2026-04-17 12:00:00,23.6,75.0,0.0,2.0,350.0,0.34729635533386083,-1.969615506024416
2026-04-17 13:00:00,23.5,76.0,0.0,5.3,24.0,-2.1557042083017404,-4.841790925505785
2026-04-17 14:00:00,23.4,76.0,0.0,3.0,17.0,-0.8771151141682113,-2.8689142678891058
2026-04-17 15:00:00,23.3,77.0,0.0,5.7,351.0,0.8916764507293163,-5.629823541392286
2026-04-17 16:00:00,22.1,85.0,0.0,5.0,2.0,-0.1744974835125038,-4.9969541350954785
2026-04-17 17:00:00,21.3,90.0,0.6,3.8,41.0,-2.4930243101639276,-2.8678964048465336
2026-04-17 18:00:00,20.7,95.0,0.3,5.1,36.0,-2.9977047866916133,-4.125986671312231
2026-04-17 19:00:00,19.8,100.0,0.1,2.2,48.0,-1.6349186160502676,-1.4720873339894882
2026-04-17 20:00:00,20.1,99.0,0.2,2.4,13.0,-0.5398825304252766,-2.3384881554845642
2026-04-17 21:00:00,20.0,99.0,0.6,2.2,14.0,-0.5322281703192692,-2.1346505978071924
2026-04-17 22:00:00,20.0,98.0,0.3,0.5,45.0,-0.35355339059327384,-0.35355339059327373
2026-04-17 23:00:00,19.7,99.0,0.3,2.6,25.0,-1.098807480525818,-2.35640024629529
2026-04-18 00:00:00,19.6,98.0,2.1,0.9,37.0,-0.5416335208368435,-0.7187719590425635
2026-04-18 01:00:00,19.2,99.0,4.4,1.5,324.0,0.8816778784387097,-1.2135254915624212
2026-04-18 02:00:00,19.5,92.0,2.9,0.5,270.0,0.5,0.0
2026-04-18 03:00:00,19.2,95.0,0.4,1.8,45.0,-1.272792206135786,-1.2727922061357855
2026-04-18 04:00:00,18.7,94.0,1.1,0.6000000000000001,56.0,-0.4974225435330252,-0.33551574208244805
2026-04-18 05:00:00,18.5,93.0,0.1,0.5,315.0,0.3535533905932738,-0.35355339059327373
2026-04-18 06:00:00,18.7,91.0,0.0,0.4,270.0,0.4,0.0
2026-04-18 07:00:00,19.2,91.0,0.1,2.3,302.0,1.9505106211597796,-1.2188143077363711
2026-04-18 08:00:00,20.4,93.0,0.1,0.5,225.0,0.3535533905932738,0.35355339059327373
2026-04-18 09:00:00,20.8,91.0,0.3,2.6,254.0,2.499280409439629,0.7166571251241979
2026-04-18 10:00:00,21.2,87.0,0.1,4.6,239.0,3.9429695832297162,2.369175144586249
2026-04-18 11:00:00,21.5,83.0,0.0,5.6,245.0,5.075323607405239,2.366662265747917
2026-04-18 12:00:00,21.5,84.0,0.0,3.4,227.0,2.4866025855051794,2.318794424212495
2026-04-18 13:00:00,21.1,86.0,0.1,1.8,270.0,1.8,0.0
2026-04-18 14:00:00,22.5,82.0,0.1,6.5,67.0,-5.983281547440862,-2.539752335180278
2026-04-18 15:00:00,22.3,82.0,0.1,6.0,61.0,-5.247718242836375,-2.9088577214780216
2026-04-18 16:00:00,21.8,85.0,0.1,6.9,39.0,-4.342310698243882,-5.362307134053097
2026-04-18 17:00:00,20.9,91.0,0.1,8.2,64.0,-7.370111179653168,-3.594643403670435
2026-04-18 18:00:00,19.9,97.0,0.1,5.9,52.0,-4.64926344627966,-3.6324027044213834
2026-04-18 19:00:00,19.1,100.0,0.1,4.9,10.0,-0.8508760705679587,-4.82555798975982
2026-04-18 20:00:00,19.2,99.0,0.2,1.4,360.0,8.572527594031472e-17,-1.4
2026-04-18 21:00:00,19.2,99.0,0.0,0.5,270.0,0.5,0.0
2026-04-18 22:00:00,19.2,96.0,0.1,2.2,270.0,2.2,0.0
2026-04-18 23:00:00,19.5,91.0,0.3,0.5,360.0,3.061616997868383e-17,-0.5
2026-04-19 00:00:00,19.2,94.0,0.2,1.9,22.0,-0.7117525274902333,-1.7616493236768958
2026-04-19 01:00:00,19.0,96.0,0.1,2.1,20.0,-0.718242300983904,-1.9733545036504079
2026-04-19 02:00:00,18.5,98.0,0.1,1.5,45.0,-1.0606601717798214,-1.0606601717798212
2026-04-19 03:00:00,18.8,97.0,0.0,0.7000000000000001,90.0,-0.7000000000000001,8.572527594031473e-17
2026-04-19 04:00:00,18.8,96.0,0.3,0.5,180.0,3.061616997868383e-17,0.5
2026-04-19 05:00:00,18.9,95.0,0.2,0.4,153.0,-0.18159619989581868,0.3564026096753472
2026-04-19 06:00:00,18.9,95.0,0.2,0.8,153.0,-0.36319239979163737,0.7128052193506944
2026-04-19 07:00:00,19.4,95.0,0.1,0.7000000000000001,284.0,0.6792070083931976,-0.16934532691976742
2026-04-19 08:00:00,19.1,96.0,0.0,1.1,180.0,6.735557395310444e-17,1.1
2026-04-19 09:00:00,20.1,91.0,0.4,2.2,246.0,2.0098000068137223,0.8948206147667606
2026-04-19 10:00:00,21.3,83.0,0.1,2.7,94.0,-2.6934229357015256,0.18834247910913893
2026-04-19 11:00:00,21.2,82.0,0.0,2.5,45.0,-1.7677669529663693,-1.7677669529663687
2026-04-19 12:00:00,21.6,79.0,0.2,4.5,56.0,-3.7306690764976884,-2.51636806561836
2026-04-19 13:00:00,21.3,81.0,0.4,5.7,55.0,-4.669166652447253,-3.269385687200963
2026-04-19 14:00:00,20.8,82.0,0.3,4.1,75.0,-3.96029588778518,-1.0611580849203353
2026-04-19 15:00:00,20.5,84.0,0.1,4.8,29.0,-2.3270861771824167,-4.1981745942691004
2026-04-19 16:00:00,19.7,90.0,0.4,3.1,10.0,-0.5383093507674841,-3.052904034337845
2026-04-19 17:00:00,19.4,91.0,0.3,1.3,315.0,0.9192388155425119,-0.9192388155425117
2026-04-19 18:00:00,18.8,93.0,0.0,2.8,285.0,2.7045923136093912,-0.7246933262870581
2026-04-19 19:00:00,18.4,96.0,0.0,2.8,281.0,2.748556113653459,-0.5342651870543255
2026-04-19 20:00:00,18.1,96.0,0.0,3.8,253.0,3.6339580726595346,1.1110124779463997
2026-04-19 21:00:00,18.3,95.0,0.0,2.5,278.0,2.475670171853926,-0.3479327524001636
2026-04-19 22:00:00,18.2,96.0,0.1,1.8,281.0,1.7669289302057951,-0.34345619167778063
2026-04-19 23:00:00,17.8,95.0,0.0,1.7000000000000002,288.0,1.6167960777017611,-0.5253288904374106
2026-04-20 00:00:00,18.2,92.0,0.0,1.7000000000000002,283.0,1.6564291101349,-0.38241679238457055
2026-04-20 01:00:00,18.0,91.0,0.0,2.0,275.0,1.992389396183491,-0.17431148549531633
2026-04-20 02:00:00,18.0,89.0,0.0,1.1,270.0,1.1,0.0
2026-04-20 03:00:00,17.8,89.0,0.0,1.8,270.0,1.8,0.0
2026-04-20 04:00:00,17.6,88.0,0.0,2.0,275.0,1.992389396183491,-0.17431148549531633
2026-04-20 05:00:00,17.3,87.0,0.0,2.0,280.0,1.969615506024416,-0.34729635533386066
2026-04-20 06:00:00,17.9,84.0,0.0,2.0,280.0,1.969615506024416,-0.34729635533386066
2026-04-20 07:00:00,19.5,80.0,0.0,2.4,279.0,2.3704520174283306,-0.37544271609655405
2026-04-20 08:00:00,21.1,74.0,0.0,1.3,254.0,1.2496402047198145,0.35832856256209894
2026-04-20 09:00:00,23.1,66.0,0.0,1.3,278.0,1.2873484893640414,-0.18092503124808507
2026-04-20 10:00:00,24.1,61.0,0.0,2.6,164.0,-0.7166571251241975,2.499280409439629
2026-04-20 11:00:00,24.5,60.0,0.0,4.0,177.0,-0.20934382497177537,3.9945181390182953
2026-04-20 12:00:00,24.7,59.0,0.0,2.6,192.0,0.5405703961261746,2.5431837619078945
2026-04-20 13:00:00,24.4,59.0,0.0,3.1,118.0,-2.7371375378626737,1.4553618446362613
2026-04-20 14:00:00,22.9,66.0,0.0,3.5,118.0,-3.0903165750062445,1.6431504697506174
2026-04-20 15:00:00,23.5,62.0,0.0,2.9,133.0,-2.1209257346955943,1.9777952441812459
2026-04-20 16:00:00,22.5,67.0,0.0,1.2,297.0,1.0692078290260414,-0.5447885996874561
2026-04-20 17:00:00,21.5,71.0,0.0,1.2,309.0,0.9325751537483651,-0.7551844692598049
2026-04-20 18:00:00,20.8,74.0,0.0,2.6,282.0,2.543183761907895,-0.5405703961261743
2026-04-20 19:00:00,20.1,81.0,0.0,2.5,266.0,2.4939101256495606,0.17439118436031326
2026-04-20 20:00:00,19.4,85.0,0.0,2.7,266.0,2.6934229357015256,0.18834247910913832
2026-04-20 21:00:00,19.7,86.0,0.0,1.3,254.0,1.2496402047198145,0.35832856256209894
2026-04-20 22:00:00,19.7,85.0,0.0,0.6000000000000001,214.0,0.3355157420824481,0.4974225435330251
2026-04-20 23:00:00,19.8,83.0,0.0,0.7000000000000001,270.0,0.7000000000000001,0.0
2026-04-21 00:00:00,20.0,81.0,0.5,2.6,286.0,2.499280409439629,-0.7166571251241979
2026-04-21 01:00:00,20.0,81.0,0.5,2.2,279.0,2.1729143493093033,-0.34415582308850795
2026-04-21 02:00:00,20.0,81.0,0.5,1.8,270.0,1.8,0.0
2026-04-21 03:00:00,20.0,82.0,0.9,1.8,270.0,1.8,0.0
2026-04-21 04:00:00,20.0,85.0,0.9,1.8,270.0,1.8,0.0
2026-04-21 05:00:00,20.0,87.0,0.9,2.2,261.0,2.1729143493093033,0.34415582308850795
2026-04-21 06:00:00,20.0,89.0,0.9,2.5,262.0,2.475670171853926,0.3479327524001636
2026-04-21 07:00:00,20.0,91.0,0.9,2.5,262.0,2.475670171853926,0.3479327524001636
2026-04-21 08:00:00,20.1,92.0,0.9,2.6,254.0,2.499280409439629,0.7166571251241979
2026-04-21 09:00:00,20.3,92.0,0.6,2.6,236.0,2.1554976886431083,1.453901549023942
2026-04-21 10:00:00,20.6,90.0,0.6,2.8,220.0,1.7998053071223101,2.1449244407331385
2026-04-21 11:00:00,20.9,88.0,0.6,3.2,207.0,1.45276959916655,2.851220877402777
2026-04-21 12:00:00,21.1,86.0,0.6,3.8,197.0,1.1110124779463997,3.6339580726595346
2026-04-21 13:00:00,21.3,84.0,0.6,4.4,189.0,0.6883116461770161,4.3458286986186065
2026-04-21 14:00:00,21.4,83.0,0.6,4.7,189.0,0.7352419856890854,4.6421352007971475
2026-04-21 15:00:00,21.3,83.0,0.4,4.7,189.0,0.7352419856890854,4.6421352007971475
2026-04-21 16:00:00,21.1,83.0,0.4,4.1,195.0,1.061158084920335,3.96029588778518
2026-04-21 17:00:00,20.8,84.0,0.4,3.5,204.0,1.4235782507653008,3.197409101749103
2026-04-21 18:00:00,20.4,85.0,0.4,3.3,221.0,2.1649947956686737,2.4905416147351476
2026-04-21 19:00:00,20.1,86.0,0.4,3.1,234.0,2.5079526825623373,1.8221342821066668
2026-04-21 20:00:00,19.8,86.0,0.4,2.9,240.0,2.511473670974872,1.4499999999999997
2026-04-21 21:00:00,19.5,86.0,0.2,2.9,240.0,2.511473670974872,1.4499999999999997
2026-04-21 22:00:00,19.2,86.0,0.2,2.6,236.0,2.1554976886431083,1.453901549023942
2026-04-21 23:00:00,18.9,87.0,0.2,2.8,230.0,2.1449244407331385,1.7998053071223097
2026-04-22 00:00:00,18.7,87.0,0.2,2.8,220.0,1.7998053071223101,2.1449244407331385
2026-04-22 01:00:00,18.5,86.0,0.2,2.9,210.0,1.4500000000000002,2.5114736709748717
2026-04-22 02:00:00,18.6,86.0,0.2,3.1,201.0,1.1109406435904312,2.8940993221413254
2026-04-22 03:00:00,18.9,85.0,0.1,3.3,193.0,0.7423384793347542,3.2154212137912763
2026-04-22 04:00:00,19.3,84.0,0.1,3.7,191.0,0.7059932828932162,3.632020578756357
2026-04-22 05:00:00,19.9,83.0,0.1,3.6,186.0,0.3763024677635525,3.580278823325784
2026-04-22 06:00:00,20.6,81.0,0.1,4.0,180.0,2.4492935982947064e-16,4.0
2026-04-22 07:00:00,21.2,80.0,0.1,4.3,180.0,2.632990618166809e-16,4.3
2026-04-22 08:00:00,21.8,79.0,0.1,4.7,176.0,-0.3278554265973891,4.688551036221174
2026-04-22 09:00:00,22.3,78.0,0.2,5.1,172.0,-0.7097828148963332,5.050367150582009
2026-04-22 10:00:00,22.9,77.0,0.2,5.9,169.0,-1.1257730727216144,5.791600382341218
2026-04-22 11:00:00,23.6,77.0,0.2,6.7,164.0,-1.8467702839738938,6.440453362786736
2026-04-22 12:00:00,24.1,76.0,0.2,7.5,163.0,-2.192787785420525,7.172285669722767
2026-04-22 13:00:00,24.4,76.0,0.2,7.5,163.0,-2.192787785420525,7.172285669722767
2026-04-22 14:00:00,24.6,76.0,0.2,7.5,163.0,-2.192787785420525,7.172285669722767
2026-04-22 15:00:00,24.4,77.0,0.3,6.7,164.0,-1.8467702839738938,6.440453362786736
2026-04-22 16:00:00,24.0,79.0,0.3,5.5,169.0,-1.0494494745709964,5.3989495089621515
2026-04-22 17:00:00,23.5,81.0,0.3,4.0,180.0,2.4492935982947064e-16,4.0
2026-04-22 18:00:00,22.8,83.0,0.3,2.4,207.0,1.0895771993749124,2.138415658052083
2026-04-22 19:00:00,22.3,84.0,0.3,2.1,239.0,1.800051331474436,1.0815799573111138
2026-04-22 20:00:00,21.8,85.0,0.3,2.5,270.0,2.5,0.0
2026-04-22 21:00:00,21.3,84.0,0.0,2.9,277.0,2.8783838397598336,-0.35342109587492765
2026-04-22 22:00:00,20.9,83.0,0.0,3.3,283.0,3.2154212137912763,-0.7423384793347545
2026-04-22 23:00:00,20.4,81.0,0.0,3.3,283.0,3.2154212137912763,-0.7423384793347545
2026-04-23 00:00:00,20.1,79.0,0.0,3.3,276.0,3.2819222547153015,-0.3449439287832564
2026-04-23 01:00:00,19.9,77.0,0.0,3.3,276.0,3.2819222547153015,-0.3449439287832564
2026-04-23 02:00:00,19.9,76.0,0.0,3.0,284.0,2.9108871788279895,-0.7257656867990032
2026-04-23 03:00:00,20.3,75.0,0.0,2.7,293.0,2.485363104321589,-1.0549740469210394
2026-04-23 04:00:00,21.0,74.0,0.0,2.8,310.0,2.1449244407331385,-1.7998053071223097
2026-04-23 05:00:00,21.8,73.0,0.0,2.9,330.0,1.4500000000000002,-2.5114736709748717
2026-04-23 06:00:00,22.7,73.0,0.0,3.0,346.0,0.725765686799003,-2.9108871788279895
2026-04-23 07:00:00,23.5,72.0,0.0,3.6,360.0,2.2043642384652358e-16,-3.6
2026-04-23 08:00:00,24.0,72.0,0.0,4.0,10.0,-0.6945927106677213,-3.939231012048832
2026-04-23 09:00:00,24.3,72.0,0.1,4.6,18.0,-1.4214781741247586,-4.3748599749577055
2026-04-23 10:00:00,24.5,72.0,0.1,4.8,27.0,-2.179154398749825,-4.276831316104166
2026-04-23 11:00:00,24.5,72.0,0.1,5.7,35.0,-3.2693856872009643,-4.669166652447252
2026-04-23 12:00:00,24.5,72.0,0.1,6.1,40.0,-3.9210044190878905,-4.672871103025765
2026-04-23 13:00:00,24.3,73.0,0.1,6.4,43.0,-4.364789504399991,-4.6806636903626915
2026-04-23 14:00:00,24.1,74.0,0.1,6.6,45.0,-4.666904755831214,-4.666904755831213
2026-04-23 15:00:00,23.6,76.0,0.7000000000000001,6.6,45.0,-4.666904755831214,-4.666904755831213
2026-04-23 16:00:00,23.0,78.0,0.7000000000000001,6.1,45.0,-4.31335136523794,-4.313351365237939
2026-04-23 17:00:00,22.2,80.0,0.7000000000000001,5.6,40.0,-3.5996106142446207,-4.289848881466276
2026-04-23 18:00:00,21.5,82.0,0.7000000000000001,4.9,36.0,-2.880147736233119,-3.9641832724372423
2026-04-23 19:00:00,20.7,84.0,0.7000000000000001,4.7,32.0,-2.490620541896064,-3.9858260519352022
2026-04-23 20:00:00,20.1,86.0,0.7000000000000001,4.2,31.0,-2.163159914622229,-3.600102662948871
2026-04-23 21:00:00,19.6,87.0,1.0,3.9,34.0,-2.1808523235359116,-3.233246532964663
2026-04-23 22:00:00,19.2,88.0,1.0,3.7,29.0,-1.7937955949114464,-3.2360929164157652
2026-04-23 23:00:00,18.8,89.0,1.0,3.6,37.0,-2.166534083347374,-2.875087836170254
2026-04-24 00:00:00,18.5,89.0,1.0,3.6,37.0,-2.166534083347374,-2.875087836170254
2026-04-24 01:00:00,18.2,90.0,1.0,3.3,41.0,-2.1649947956686737,-2.4905416147351476
2026-04-24 02:00:00,18.0,90.0,1.0,3.3,41.0,-2.1649947956686737,-2.4905416147351476
2026-04-24 03:00:00,17.8,90.0,0.9,3.3,41.0,-2.1649947956686737,-2.4905416147351476
2026-04-24 04:00:00,17.8,90.0,0.9,3.3,41.0,-2.1649947956686737,-2.4905416147351476
2026-04-24 05:00:00,17.8,90.0,0.9,3.3,41.0,-2.1649947956686737,-2.4905416147351476
2026-04-24 06:00:00,17.8,90.0,0.9,3.3,41.0,-2.1649947956686737,-2.4905416147351476
2026-04-24 07:00:00,17.9,90.0,0.9,3.3,41.0,-2.1649947956686737,-2.4905416147351476
2026-04-24 08:00:00,17.9,90.0,0.9,3.3,41.0,-2.1649947956686737,-2.4905416147351476
2026-04-24 09:00:00,18.0,90.0,1.2,3.6,45.0,-2.545584412271572,-2.545584412271571
2026-04-24 10:00:00,18.1,89.0,1.2,4.1,45.0,-2.8991378028648453,-2.8991378028648445
2026-04-24 11:00:00,18.2,89.0,1.2,4.6,45.0,-3.2526911934581193,-3.252691193458118
2026-04-24 12:00:00,18.3,88.0,1.2,5.1,51.0,-3.9634444034305507,-3.2095339943541714
2026-04-24 13:00:00,18.3,88.0,1.2,5.6,50.0,-4.289848881466277,-3.5996106142446194
2026-04-24 14:00:00,18.3,88.0,1.2,5.6,50.0,-4.289848881466277,-3.5996106142446194
2026-04-24 15:00:00,18.2,88.0,1.3,5.6,50.0,-4.289848881466277,-3.5996106142446194
2026-04-24 16:00:00,18.0,89.0,1.3,5.1,51.0,-3.9634444034305507,-3.2095339943541714
2026-04-24 17:00:00,17.7,89.0,1.3,4.6,45.0,-3.2526911934581193,-3.252691193458118
2026-04-24 18:00:00,17.5,90.0,1.3,4.1,45.0,-2.8991378028648453,-2.8991378028648445
2026-04-24 19:00:00,17.3,91.0,1.3,3.6,45.0,-2.545584412271572,-2.545584412271571
2026-04-24 20:00:00,17.1,91.0,1.3,3.3,41.0,-2.1649947956686737,-2.4905416147351476
2026-04-24 21:00:00,16.9,91.0,1.1,3.3,41.0,-2.1649947956686737,-2.4905416147351476
2026-04-24 22:00:00,16.7,92.0,1.1,3.1,45.0,-2.192031021678298,-2.192031021678297
2026-04-24 23:00:00,16.5,92.0,1.1,3.1,45.0,-2.192031021678298,-2.192031021678297
2026-04-25 00:00:00,16.4,92.0,1.1,3.1,45.0,-2.192031021678298,-2.192031021678297
2026-04-25 01:00:00,16.3,92.0,1.1,3.1,45.0,-2.192031021678298,-2.192031021678297
2026-04-25 02:00:00,16.3,92.0,1.1,3.1,45.0,-2.192031021678298,-2.192031021678297
2026-04-25 03:00:00,16.4,92.0,0.6,3.1,45.0,-2.192031021678298,-2.192031021678297
2026-04-25 04:00:00,16.6,91.0,0.6,3.1,45.0,-2.192031021678298,-2.192031021678297
2026-04-25 05:00:00,16.9,90.0,0.6,3.1,45.0,-2.192031021678298,-2.192031021678297
2026-04-25 06:00:00,17.2,89.0,0.6,3.1,45.0,-2.192031021678298,-2.192031021678297
2026-04-25 07:00:00,17.5,88.0,0.6,3.3,49.0,-2.490541614735148,-2.1649947956686733
2026-04-25 08:00:00,17.7,87.0,0.6,3.3,49.0,-2.490541614735148,-2.1649947956686733
2026-04-25 09:00:00,18.0,86.0,0.5,3.6,53.0,-2.875087836170254,-2.1665340833473743
2026-04-25 10:00:00,18.3,85.0,0.5,4.1,52.0,-3.23084408978756,-2.5242120488351985
2026-04-25 11:00:00,18.7,84.0,0.5,4.4,55.0,-3.604268994871564,-2.5237363199446032
2026-04-25 12:00:00,19.0,83.0,0.5,4.7,58.0,-3.9858260519352027,-2.4906205418960625
2026-04-25 13:00:00,19.2,82.0,0.5,5.2,56.0,-4.3109953772862175,-2.907803098047883
2026-04-25 14:00:00,19.3,82.0,0.5,5.2,56.0,-4.3109953772862175,-2.907803098047883
2026-04-25 15:00:00,19.3,82.0,0.7000000000000001,4.9,54.0,-3.964183272437243,-2.880147736233118
2026-04-25 16:00:00,19.1,83.0,0.7000000000000001,4.6,51.0,-3.5748714227020653,-2.894873798829253
2026-04-25 17:00:00,18.9,85.0,0.7000000000000001,4.1,45.0,-2.8991378028648453,-2.8991378028648445
2026-04-25 18:00:00,18.6,86.0,0.7000000000000001,3.6,37.0,-2.166534083347374,-2.875087836170254
2026-04-25 19:00:00,18.4,87.0,0.7000000000000001,2.9,30.0,-1.4500000000000013,-2.5114736709748713
2026-04-25 20:00:00,18.2,88.0,0.7000000000000001,2.7,23.0,-1.0549740469210394,-2.4853631043215887
2026-04-25 21:00:00,18.0,89.0,0.4,2.6,16.0,-0.7166571251241971,-2.4992804094396295
2026-04-25 22:00:00,17.7,89.0,0.4,2.3,18.0,-0.7107390870623793,-2.1874299874788528
2026-04-25 23:00:00,17.5,89.0,0.4,2.2,9.0,-0.3441558230885083,-2.172914349309303
2026-04-26 00:00:00,17.3,89.0,0.4,1.8,11.0,-0.3434561916777803,-1.7669289302057951
2026-04-26 01:00:00,17.2,89.0,0.4,1.8,11.0,-0.3434561916777803,-1.7669289302057951
2026-04-26 02:00:00,17.2,89.0,0.4,1.8,11.0,-0.3434561916777803,-1.7669289302057951
2026-04-26 03:00:00,17.4,88.0,0.3,1.9,22.0,-0.7117525274902333,-1.7616493236768958
2026-04-26 04:00:00,17.8,88.0,0.3,1.9,22.0,-0.7117525274902333,-1.7616493236768958
2026-04-26 05:00:00,18.2,87.0,0.3,2.4,27.0,-1.0895771993749126,-2.138415658052083
2026-04-26 06:00:00,18.7,85.0,0.3,2.8,40.0,-1.7998053071223103,-2.144924440733138
2026-04-26 07:00:00,19.1,84.0,0.3,3.3,41.0,-2.1649947956686737,-2.4905416147351476
2026-04-26 08:00:00,19.5,83.0,0.3,3.6,45.0,-2.545584412271572,-2.545584412271571
2026-04-26 09:00:00,19.9,82.0,0.2,3.8,49.0,-2.867896404846534,-2.4930243101639267
2026-04-26 10:00:00,20.4,80.0,0.2,4.4,55.0,-3.604268994871564,-2.5237363199446032
2026-04-26 11:00:00,20.9,78.0,0.2,5.0,60.0,-4.330127018922193,-2.5000000000000004
2026-04-26 12:00:00,21.3,77.0,0.2,5.3,62.0,-4.679622242152313,-2.4881992827652213
2026-04-26 13:00:00,21.5,75.0,0.2,5.6,63.0,-4.98963653545486,-2.542346798541461
2026-04-26 14:00:00,21.6,75.0,0.2,5.6,63.0,-4.98963653545486,-2.542346798541461
2026-04-26 15:00:00,21.5,75.0,0.2,5.3,62.0,-4.679622242152313,-2.4881992827652213
2026-04-26 16:00:00,21.1,77.0,0.2,4.5,61.0,-3.9357886821272814,-2.181643291108516
2026-04-26 17:00:00,20.7,78.0,0.2,3.6,53.0,-2.875087836170254,-2.1665340833473743
2026-04-26 18:00:00,20.1,80.0,0.2,2.5,45.0,-1.7677669529663693,-1.7677669529663687
2026-04-26 19:00:00,19.6,82.0,0.2,2.1,31.0,-1.0815799573111144,-1.8000513314744355
2026-04-26 20:00:00,19.2,83.0,0.2,1.5,14.0,-0.36288284339950166,-1.4554435894139948
2026-04-26 21:00:00,18.7,84.0,0.1,1.1,360.0,6.735557395310444e-17,-1.1
2026-04-26 22:00:00,18.2,84.0,0.1,0.7000000000000001,360.0,4.2862637970157366e-17,-0.7000000000000001
2026-04-26 23:00:00,17.6,85.0,0.1,0.5,315.0,0.3535533905932738,-0.35355339059327373
2026-04-27 00:00:00,17.2,85.0,0.1,0.4,270.0,0.4,0.0
2026-04-27 01:00:00,16.9,84.0,0.1,0.4,180.0,2.4492935982947065e-17,0.4
2026-04-27 02:00:00,16.9,84.0,0.1,0.7000000000000001,180.0,4.2862637970157366e-17,0.7000000000000001
2026-04-27 03:00:00,17.2,83.0,0.0,0.8,153.0,-0.36319239979163737,0.7128052193506944
2026-04-27 04:00:00,17.8,82.0,0.0,0.8,153.0,-0.36319239979163737,0.7128052193506944
2026-04-27 05:00:00,18.5,80.0,0.0,1.3,124.0,-1.0777488443215542,0.726950774511971
2026-04-27 06:00:00,19.4,79.0,0.0,1.6,117.0,-1.4256104387013886,0.7263847995832751
2026-04-27 07:00:00,20.2,77.0,0.0,1.9,112.0,-1.7616493236768958,0.7117525274902332
2026-04-27 08:00:00,20.9,76.0,0.0,2.3,108.0,-2.1874299874788528,0.7107390870623792
2026-04-27 09:00:00,21.5,75.0,0.0,2.7,113.0,-2.485363104321589,1.0549740469210394
2026-04-27 10:00:00,22.2,73.0,0.0,3.5,114.0,-3.197409101749103,1.4235782507653014
2026-04-27 11:00:00,22.9,72.0,0.0,4.3,114.0,-3.9282454678631833,1.7489675652259418
2026-04-27 12:00:00,23.4,71.0,0.0,5.0,120.0,-4.330127018922194,2.4999999999999996
2026-04-27 13:00:00,23.8,70.0,0.0,5.5,122.0,-4.664264528860342,2.914555953282627
2026-04-27 14:00:00,23.9,70.0,0.0,5.5,122.0,-4.664264528860342,2.914555953282627
2026-04-27 15:00:00,23.7,71.0,0.2,5.2,124.0,-4.310995377286217,2.907803098047884
2026-04-27 16:00:00,23.3,73.0,0.2,4.1,128.0,-3.2308440897875594,2.5242120488351993
2026-04-27 17:00:00,22.6,76.0,0.2,2.8,130.0,-2.144924440733138,1.7998053071223103
2026-04-27 18:00:00,21.9,79.0,0.2,1.8,143.0,-1.0832670416736871,1.4375439180851268
2026-04-27 19:00:00,21.2,81.0,0.2,1.1,162.0,-0.3399186938124421,1.046162167924669
2026-04-27 20:00:00,20.7,83.0,0.2,0.8,207.0,0.3631923997916375,0.7128052193506943
2026-04-27 21:00:00,20.2,84.0,0.1,1.0,225.0,0.7071067811865476,0.7071067811865475
2026-04-27 22:00:00,19.7,84.0,0.1,1.0,225.0,0.7071067811865476,0.7071067811865475
2026-04-27 23:00:00,19.3,84.0,0.1,1.3,214.0,0.7269507745119709,1.0777488443215544
2026-04-28 00:00:00,18.9,84.0,0.1,1.3,214.0,0.7269507745119709,1.0777488443215544
2026-04-28 01:00:00,18.8,83.0,0.1,1.6,207.0,0.726384799583275,1.4256104387013886
2026-04-28 02:00:00,18.8,83.0,0.1,1.5,194.0,0.3628828433995015,1.4554435894139948
2026-04-28 03:00:00,19.1,82.0,0.1,1.4,180.0,8.572527594031472e-17,1.4
2026-04-28 04:00:00,19.7,82.0,0.1,1.5,166.0,-0.36288284339950166,1.4554435894139948
2026-04-28 05:00:00,20.4,81.0,0.1,1.3,146.0,-0.7269507745119708,1.0777488443215544
2026-04-28 06:00:00,21.2,80.0,0.1,1.5,135.0,-1.0606601717798212,1.0606601717798214
2026-04-28 07:00:00,21.9,79.0,0.1,1.8,127.0,-1.4375439180851273,1.0832670416736867
2026-04-28 08:00:00,22.5,78.0,0.1,2.1,121.0,-1.8000513314744357,1.0815799573111142
2026-04-28 09:00:00,22.9,77.0,0.5,2.4,117.0,-2.138415658052083,1.0895771993749124
2026-04-28 10:00:00,23.3,77.0,0.5,2.6,124.0,-2.1554976886431083,1.453901549023942
2026-04-28 11:00:00,23.7,77.0,0.5,3.1,126.0,-2.507952682562337,1.822134282106667
2026-04-28 12:00:00,23.9,76.0,0.5,3.3,131.0,-2.4905416147351476,2.1649947956686737
2026-04-28 13:00:00,24.0,76.0,0.5,3.6,135.0,-2.545584412271571,2.5455844122715714
2026-04-28 14:00:00,24.0,77.0,0.5,3.6,135.0,-2.545584412271571,2.5455844122715714
2026-04-28 15:00:00,23.8,78.0,1.3,3.1,135.0,-2.192031021678297,2.1920310216782974
2026-04-28 16:00:00,23.4,80.0,1.3,2.5,135.0,-1.7677669529663687,1.7677669529663689
2026-04-28 17:00:00,22.8,82.0,1.3,1.8,143.0,-1.0832670416736871,1.4375439180851268
2026-04-28 18:00:00,22.2,84.0,1.3,1.1,162.0,-0.3399186938124421,1.046162167924669
2026-04-28 19:00:00,21.7,86.0,1.3,0.7000000000000001,180.0,4.2862637970157366e-17,0.7000000000000001
2026-04-28 20:00:00,21.2,87.0,1.3,0.5,225.0,0.3535533905932738,0.35355339059327373
2026-04-28 21:00:00,20.9,88.0,1.6,0.8,243.0,0.7128052193506944,0.3631923997916374
2026-04-28 22:00:00,20.5,89.0,1.6,0.8,243.0,0.7128052193506944,0.3631923997916374
2026-04-28 23:00:00,20.2,89.0,1.6,1.0,225.0,0.7071067811865476,0.7071067811865475
2026-04-29 00:00:00,19.9,90.0,1.6,1.3,214.0,0.7269507745119709,1.0777488443215544
2026-04-29 01:00:00,19.7,90.0,1.6,1.1,198.0,0.3399186938124422,1.0461621679246689
2026-04-29 02:00:00,19.7,90.0,1.6,1.5,194.0,0.3628828433995015,1.4554435894139948
2026-04-29 03:00:00,19.9,90.0,0.7000000000000001,1.5,194.0,0.3628828433995015,1.4554435894139948
2026-04-29 04:00:00,20.2,89.0,0.7000000000000001,1.8,180.0,1.1021821192326179e-16,1.8
2026-04-29 05:00:00,20.6,89.0,0.7000000000000001,1.8,169.0,-0.34345619167778063,1.7669289302057951
2026-04-29 06:00:00,21.1,88.0,0.7000000000000001,1.9,158.0,-0.7117525274902329,1.761649323676896
2026-04-29 07:00:00,21.5,87.0,0.7000000000000001,1.9,158.0,-0.7117525274902329,1.761649323676896
2026-04-29 08:00:00,21.9,86.0,0.7000000000000001,2.4,153.0,-1.089577199374912,2.138415658052083
2026-04-29 09:00:00,22.3,85.0,0.9,2.9,150.0,-1.4499999999999993,2.511473670974872
2026-04-29 10:00:00,22.7,84.0,0.9,3.2,153.0,-1.4527695991665495,2.8512208774027776
2026-04-29 11:00:00,23.1,83.0,0.9,4.0,153.0,-1.8159619989581868,3.5640260967534716
2026-04-29 12:00:00,23.5,82.0,0.9,4.3,156.0,-1.748967565225941,3.9282454678631837
2026-04-29 13:00:00,23.7,81.0,0.9,4.7,157.0,-1.8364363038995868,4.326372811226469
2026-04-29 14:00:00,23.7,81.0,0.9,4.7,157.0,-1.8364363038995868,4.326372811226469
2026-04-29 15:00:00,23.6,82.0,1.1,4.2,160.0,-1.4364846019678086,3.9467090073008158
2026-04-29 16:00:00,23.2,83.0,1.1,3.8,163.0,-1.1110124779463992,3.633958072659535
2026-04-29 17:00:00,22.7,85.0,1.1,3.0,166.0,-0.7257656867990033,2.9108871788279895
2026-04-29 18:00:00,22.2,86.0,1.1,2.5,172.0,-0.3479327524001634,2.475670171853926
2026-04-29 19:00:00,21.7,88.0,1.1,1.8,180.0,1.1021821192326179e-16,1.8
2026-04-29 20:00:00,21.3,89.0,1.1,1.5,194.0,0.3628828433995015,1.4554435894139948
2026-04-29 21:00:00,20.9,90.0,1.1,1.6,207.0,0.726384799583275,1.4256104387013886
2026-04-29 22:00:00,20.5,90.0,1.1,1.6,207.0,0.726384799583275,1.4256104387013886
2026-04-29 23:00:00,20.2,91.0,1.1,1.8,217.0,1.0832670416736871,1.437543918085127
2026-04-30 00:00:00,19.9,91.0,1.1,2.1,211.0,1.0815799573111138,1.800051331474436
2026-04-30 01:00:00,19.7,91.0,1.1,2.1,211.0,1.0815799573111138,1.800051331474436
2026-04-30 02:00:00,19.7,91.0,1.1,2.1,211.0,1.0815799573111138,1.800051331474436
2026-04-30 03:00:00,20.0,91.0,0.3,1.9,202.0,0.7117525274902327,1.761649323676896
2026-04-30 04:00:00,20.4,90.0,0.3,1.6,207.0,0.726384799583275,1.4256104387013886
2026-04-30 05:00:00,21.0,90.0,0.3,1.4,180.0,8.572527594031472e-17,1.4
2026-04-30 06:00:00,21.7,89.0,0.3,1.1,162.0,-0.3399186938124421,1.046162167924669
2026-04-30 07:00:00,22.3,88.0,0.3,1.3,146.0,-0.7269507745119708,1.0777488443215544
2026-04-30 08:00:00,22.8,87.0,0.3,1.5,135.0,-1.0606601717798212,1.0606601717798214
2026-04-30 09:00:00,23.2,86.0,0.8,1.8,127.0,-1.4375439180851273,1.0832670416736867
2026-04-30 10:00:00,23.7,85.0,0.8,2.3,129.0,-1.7874357113510329,1.4474368994146258
2026-04-30 11:00:00,24.2,83.0,0.8,2.6,124.0,-2.1554976886431083,1.453901549023942
2026-04-30 12:00:00,24.6,82.0,0.8,3.1,126.0,-2.507952682562337,1.822134282106667
2026-04-30 13:00:00,24.8,81.0,0.8,3.1,126.0,-2.507952682562337,1.822134282106667
2026-04-30 14:00:00,24.9,81.0,0.8,3.1,126.0,-2.507952682562337,1.822134282106667
2026-04-30 15:00:00,24.6,82.0,1.4,2.6,124.0,-2.1554976886431083,1.453901549023942
2026-04-30 16:00:00,24.2,83.0,1.4,1.8,127.0,-1.4375439180851273,1.0832670416736867
2026-04-30 17:00:00,23.6,85.0,1.4,0.8,117.0,-0.7128052193506943,0.36319239979163753
2026-04-30 18:00:00,22.9,86.0,1.4,0.5,315.0,0.3535533905932738,-0.35355339059327373
2026-04-30 19:00:00,22.2,88.0,1.4,1.3,304.0,1.0777488443215542,-0.726950774511971
2026-04-30 20:00:00,21.7,89.0,1.4,1.8,307.0,1.437543918085127,-1.083267041673687
2026-04-30 21:00:00,21.3,90.0,1.1,2.1,301.0,1.800051331474436,-1.0815799573111138
2026-04-30 22:00:00,20.8,90.0,1.1,1.9,292.0,1.761649323676896,-0.7117525274902328
2026-04-30 23:00:00,20.3,90.0,1.1,1.8,281.0,1.7669289302057951,-0.34345619167778063
2026-05-01 00:00:00,20.0,91.0,1.1,1.8,270.0,1.8,0.0
2026-05-01 01:00:00,19.8,90.0,1.1,1.8,259.0,1.7669289302057951,0.34345619167778063
2026-05-01 02:00:00,19.8,90.0,1.1,1.6,243.0,1.4256104387013888,0.7263847995832748
2026-05-01 03:00:00,20.1,89.0,0.3,1.3,236.0,1.0777488443215542,0.726950774511971
2026-05-01 04:00:00,20.6,88.0,0.3,1.0,225.0,0.7071067811865476,0.7071067811865475
2026-05-01 05:00:00,21.4,87.0,0.3,0.5,225.0,0.3535533905932738,0.35355339059327373
2026-05-01 06:00:00,22.1,85.0,0.3,0.5,135.0,-0.35355339059327373,0.3535533905932738
2026-05-01 07:00:00,22.9,84.0,0.3,0.7000000000000001,90.0,-0.7000000000000001,8.572527594031473e-17
2026-05-01 08:00:00,23.4,83.0,0.3,1.1,90.0,-1.1,1.3471114790620887e-16
2026-05-01 09:00:00,23.9,82.0,0.7000000000000001,1.4,90.0,-1.4,1.7145055188062944e-16
2026-05-01 10:00:00,24.3,81.0,0.7000000000000001,1.8,101.0,-1.7669289302057951,0.34345619167778096
2026-05-01 11:00:00,24.7,80.0,0.7000000000000001,2.2,99.0,-2.172914349309303,0.3441558230885082
2026-05-01 12:00:00,25.0,79.0,0.7000000000000001,2.5,98.0,-2.475670171853926,0.3479327524001633
2026-05-01 13:00:00,25.2,79.0,0.7000000000000001,2.6,106.0,-2.499280409439629,0.716657125124198
2026-05-01 14:00:00,25.2,79.0,0.7000000000000001,2.6,106.0,-2.499280409439629,0.716657125124198
2026-05-01 15:00:00,24.9,80.0,1.0,2.3,108.0,-2.1874299874788528,0.7107390870623792
2026-05-01 16:00:00,24.4,81.0,1.0,1.5,104.0,-1.4554435894139948,0.3628828433995016
2026-05-01 17:00:00,23.8,83.0,1.0,0.8,117.0,-0.7128052193506943,0.36319239979163753
2026-05-01 18:00:00,23.1,85.0,1.0,0.4,270.0,0.4,0.0
2026-05-01 19:00:00,22.5,87.0,1.0,1.1,270.0,1.1,0.0
2026-05-01 20:00:00,22.0,88.0,1.0,1.4,270.0,1.4,0.0
2026-05-01 21:00:00,21.5,89.0,0.5,1.8,270.0,1.8,0.0
2026-05-01 22:00:00,21.0,89.0,0.5,1.8,259.0,1.7669289302057951,0.34345619167778063
2026-05-01 23:00:00,20.6,89.0,0.5,2.3,252.0,2.1874299874788528,0.710739087062379
2026-05-02 00:00:00,20.2,89.0,0.5,2.4,243.0,2.138415658052083,1.0895771993749122
2026-05-02 01:00:00,20.0,88.0,0.5,2.1,239.0,1.800051331474436,1.0815799573111138
2026-05-02 02:00:00,20.1,88.0,0.5,2.3,231.0,1.7874357113510329,1.4474368994146258
2026-05-02 03:00:00,20.4,87.0,0.1,2.0,225.0,1.4142135623730951,1.414213562373095
2026-05-02 04:00:00,21.0,87.0,0.1,1.8,217.0,1.0832670416736871,1.437543918085127
2026-05-02 05:00:00,21.8,86.0,0.1,1.5,194.0,0.3628828433995015,1.4554435894139948
2026-05-02 06:00:00,22.6,85.0,0.1,1.4,180.0,8.572527594031472e-17,1.4
2026-05-02 07:00:00,23.4,84.0,0.1,1.6,153.0,-0.7263847995832747,1.4256104387013888
2026-05-02 08:00:00,24.0,83.0,0.1,2.1,149.0,-1.081579957311114,1.800051331474436
2026-05-02 09:00:00,24.5,82.0,0.5,2.6,146.0,-1.4539015490239415,2.1554976886431088
2026-05-02 10:00:00,25.1,81.0,0.5,3.4,148.0,-1.8017254983928963,2.8833635269318485
2026-05-02 11:00:00,25.5,80.0,0.5,4.2,149.0,-2.163159914622228,3.600102662948872
2026-05-02 12:00:00,25.9,79.0,0.5,4.8,153.0,-2.179154398749824,4.276831316104166
2026-05-02 13:00:00,26.1,79.0,0.5,5.2,155.0,-2.1976149610516367,4.71280049259058
2026-05-02 14:00:00,26.1,79.0,0.5,5.2,155.0,-2.1976149610516367,4.71280049259058
2026-05-02 15:00:00,25.8,80.0,1.0,4.7,157.0,-1.8364363038995868,4.326372811226469
2026-05-02 16:00:00,25.3,81.0,1.0,3.5,156.0,-1.423578250765301,3.197409101749103
2026-05-02 17:00:00,24.6,83.0,1.0,2.6,164.0,-0.7166571251241975,2.499280409439629
2026-05-02 18:00:00,23.9,85.0,1.0,1.4,180.0,8.572527594031472e-17,1.4
2026-05-02 19:00:00,23.2,87.0,1.0,0.8,243.0,0.7128052193506944,0.3631923997916374
2026-05-02 20:00:00,22.7,88.0,1.0,1.1,288.0,1.0461621679246689,-0.33991869381244216
2026-05-02 21:00:00,22.2,89.0,1.8,1.6,297.0,1.4256104387013888,-0.7263847995832748
2026-05-02 22:00:00,21.7,89.0,1.8,1.6,297.0,1.4256104387013888,-0.7263847995832748
2026-05-02 23:00:00,21.2,90.0,1.8,1.6,297.0,1.4256104387013888,-0.7263847995832748
2026-05-03 00:00:00,20.8,90.0,1.8,1.6,297.0,1.4256104387013888,-0.7263847995832748
2026-05-03 01:00:00,20.6,90.0,1.8,1.6,297.0,1.4256104387013888,-0.7263847995832748
2026-05-03 02:00:00,20.5,90.0,1.8,1.6,297.0,1.4256104387013888,-0.7263847995832748
2026-05-03 03:00:00,20.7,90.0,0.5,1.3,304.0,1.0777488443215542,-0.726950774511971
2026-05-03 04:00:00,21.1,89.0,0.5,1.5,315.0,1.0606601717798214,-1.0606601717798212
2026-05-03 05:00:00,21.7,88.0,0.5,1.1,342.0,0.3399186938124422,-1.0461621679246689
2026-05-03 06:00:00,22.3,87.0,0.5,1.4,360.0,8.572527594031472e-17,-1.4
2026-05-03 07:00:00,22.8,86.0,0.5,1.5,14.0,-0.36288284339950166,-1.4554435894139948
2026-05-03 08:00:00,23.2,85.0,0.5,1.9,22.0,-0.7117525274902333,-1.7616493236768958
2026-05-03 09:00:00,23.6,84.0,0.5,2.4,27.0,-1.0895771993749126,-2.138415658052083
2026-05-03 10:00:00,23.9,82.0,0.5,2.9,30.0,-1.4500000000000013,-2.5114736709748713
2026-05-03 11:00:00,24.2,81.0,0.5,3.9,34.0,-2.1808523235359116,-3.233246532964663
2026-05-03 12:00:00,24.4,80.0,0.5,4.4,35.0,-2.523736319944604,-3.604268994871563
2026-05-03 13:00:00,24.5,79.0,0.5,4.9,36.0,-2.880147736233119,-3.9641832724372423
2026-05-03 14:00:00,24.5,79.0,0.5,5.2,34.0,-2.907803098047882,-4.3109953772862175
2026-05-03 15:00:00,24.2,80.0,0.8,5.2,34.0,-2.907803098047882,-4.3109953772862175
2026-05-03 16:00:00,23.7,81.0,0.8,5.3,28.0,-2.488199282765221,-4.679622242152313
2026-05-03 17:00:00,23.1,83.0,0.8,5.2,25.0,-2.197614961051636,-4.71280049259058
2026-05-03 18:00:00,22.5,86.0,0.8,5.0,21.0,-1.7918397477265036,-4.667902132486008
2026-05-03 19:00:00,21.9,88.0,0.8,4.6,18.0,-1.4214781741247586,-4.3748599749577055
2026-05-03 20:00:00,21.4,89.0,0.8,4.5,14.0,-1.088648530198505,-4.366330768241984
2026-05-03 21:00:00,21.0,90.0,0.8,4.5,14.0,-1.088648530198505,-4.366330768241984
2026-05-03 22:00:00,20.6,91.0,0.8,4.0,10.0,-0.6945927106677213,-3.939231012048832
2026-05-03 23:00:00,20.2,91.0,0.8,3.7,11.0,-0.7059932828932151,-3.632020578756357
2026-05-04 00:00:00,19.9,92.0,0.8,3.3,13.0,-0.7423384793347553,-3.215421213791276
2026-05-04 01:00:00,19.7,92.0,0.8,3.0,14.0,-0.7257656867990033,-2.9108871788279895
2026-05-04 02:00:00,19.6,92.0,0.8,3.0,14.0,-0.7257656867990033,-2.9108871788279895
2026-05-04 03:00:00,19.6,92.0,0.5,3.0,14.0,-0.7257656867990033,-2.9108871788279895
2026-05-04 04:00:00,19.8,91.0,0.5,3.1,21.0,-1.1109406435904323,-2.894099322141325
2026-05-04 05:00:00,20.1,90.0,0.5,3.2,27.0,-1.4527695991665501,-2.851220877402777
2026-05-04 06:00:00,20.4,90.0,0.5,3.4,32.0,-1.801725498392897,-2.883363526931848
2026-05-04 07:00:00,20.7,89.0,0.5,3.9,34.0,-2.1808523235359116,-3.233246532964663
2026-05-04 08:00:00,20.9,88.0,0.5,4.1,38.0,-2.524212048835198,-3.2308440897875603
2026-05-04 09:00:00,21.1,87.0,0.8,4.3,42.0,-2.87726160734309,-3.195522749552796
2026-05-04 10:00:00,21.4,87.0,0.8,4.8,42.0,-3.211826910522519,-3.567095162291493
2026-05-04 11:00:00,21.6,86.0,0.8,5.1,45.0,-3.606244584051393,-3.606244584051392
2026-05-04 12:00:00,21.7,85.0,0.8,5.6,45.0,-3.9597979746446668,-3.9597979746446654
2026-05-04 13:00:00,21.8,85.0,0.8,5.9,47.0,-4.314986839553106,-4.023790324368741
2026-05-04 14:00:00,21.8,85.0,0.8,5.9,47.0,-4.314986839553106,-4.023790324368741
2026-05-04 15:00:00,21.7,85.0,1.0,5.6,45.0,-3.9597979746446668,-3.9597979746446654
2026-05-04 16:00:00,21.5,86.0,1.0,5.4,42.0,-3.613305274337834,-4.01298205757793
2026-05-04 17:00:00,21.2,87.0,1.0,4.9,36.0,-2.880147736233119,-3.9641832724372423
2026-05-04 18:00:00,20.8,88.0,1.0,4.0,27.0,-1.8159619989581877,-3.564026096753471
2026-05-04 19:00:00,20.5,89.0,1.0,3.8,17.0,-1.111012477946401,-3.633958072659534
2026-05-04 20:00:00,20.2,90.0,1.0,3.3,13.0,-0.7423384793347553,-3.215421213791276
2026-05-04 21:00:00,20.0,91.0,0.7000000000000001,2.9,7.0,-0.35342109587492676,-2.878383839759834
2026-05-04 22:00:00,19.6,92.0,0.7000000000000001,2.5,360.0,1.5308084989341916e-16,-2.5
2026-05-04 23:00:00,19.3,92.0,0.7000000000000001,2.2,351.0,0.34415582308850806,-2.1729143493093033
2026-05-05 00:00:00,19.1,93.0,0.7000000000000001,1.9,338.0,0.7117525274902327,-1.761649323676896
2026-05-05 01:00:00,19.0,93.0,0.7000000000000001,1.6,333.0,0.726384799583275,-1.4256104387013886
2026-05-05 02:00:00,19.0,93.0,0.7000000000000001,1.3,326.0,0.7269507745119709,-1.0777488443215544
2026-05-05 03:00:00,19.3,92.0,0.3,1.3,326.0,0.7269507745119709,-1.0777488443215544
2026-05-05 04:00:00,19.7,91.0,0.3,1.1,342.0,0.3399186938124422,-1.0461621679246689
2026-05-05 05:00:00,20.3,90.0,0.3,1.1,18.0,-0.33991869381244233,-1.0461621679246689
2026-05-05 06:00:00,20.8,89.0,0.3,1.3,34.0,-0.7269507745119705,-1.0777488443215544
2026-05-05 07:00:00,21.4,87.0,0.3,1.5,45.0,-1.0606601717798214,-1.0606601717798212
2026-05-05 08:00:00,21.9,86.0,0.3,1.8,53.0,-1.437543918085127,-1.0832670416736871
2026-05-05 09:00:00,22.3,85.0,0.6,2.1,59.0,-1.800051331474436,-1.0815799573111138
2026-05-05 10:00:00,22.7,84.0,0.6,2.4,63.0,-2.138415658052083,-1.089577199374912
2026-05-05 11:00:00,23.1,83.0,0.6,2.3,72.0,-2.187429987478853,-0.7107390870623786
2026-05-05 12:00:00,23.4,82.0,0.6,2.6,74.0,-2.499280409439629,-0.7166571251241974
2026-05-05 13:00:00,23.7,81.0,0.6,2.6,74.0,-2.499280409439629,-0.7166571251241974
2026-05-05 14:00:00,23.7,81.0,0.6,2.6,74.0,-2.499280409439629,-0.7166571251241974
2026-05-05 15:00:00,23.6,82.0,1.0,2.3,72.0,-2.187429987478853,-0.7107390870623786
2026-05-05 16:00:00,23.3,83.0,1.0,1.9,68.0,-1.761649323676896,-0.7117525274902328
2026-05-05 17:00:00,22.8,85.0,1.0,1.5,45.0,-1.0606601717798214,-1.0606601717798212
2026-05-05 18:00:00,22.4,86.0,1.0,1.1,18.0,-0.33991869381244233,-1.0461621679246689
2026-05-05 19:00:00,21.9,88.0,1.0,1.1,342.0,0.3399186938124422,-1.0461621679246689
2026-05-05 20:00:00,21.5,89.0,1.0,1.3,326.0,0.7269507745119709,-1.0777488443215544
2026-05-05 21:00:00,21.2,90.0,0.6,1.3,304.0,1.0777488443215542,-0.726950774511971
2026-05-05 22:00:00,20.7,90.0,0.6,1.3,304.0,1.0777488443215542,-0.726950774511971
2026-05-05 23:00:00,20.3,91.0,0.6,1.1,288.0,1.0461621679246689,-0.33991869381244216
2026-05-06 00:00:00,20.0,91.0,0.6,1.1,270.0,1.1,0.0
2026-05-06 01:00:00,19.8,91.0,0.6,1.1,252.0,1.0461621679246689,0.33991869381244216
2026-05-06 02:00:00,19.9,91.0,0.6,1.3,236.0,1.0777488443215542,0.726950774511971
2026-05-06 03:00:00,20.2,90.0,0.2,1.0,225.0,0.7071067811865476,0.7071067811865475
2026-05-06 04:00:00,20.7,89.0,0.2,1.1,198.0,0.3399186938124422,1.0461621679246689
2026-05-06 05:00:00,21.4,88.0,0.2,1.1,180.0,6.735557395310444e-17,1.1
2026-05-06 06:00:00,22.1,87.0,0.2,1.1,162.0,-0.3399186938124421,1.046162167924669
2026-05-06 07:00:00,22.8,85.0,0.2,1.3,146.0,-0.7269507745119708,1.0777488443215544
2026-05-06 08:00:00,23.3,84.0,0.2,1.5,135.0,-1.0606601717798212,1.0606601717798214
2026-05-06 09:00:00,23.8,83.0,0.5,2.0,135.0,-1.414213562373095,1.4142135623730951
2026-05-06 10:00:00,24.2,82.0,0.5,2.0,135.0,-1.414213562373095,1.4142135623730951
2026-05-06 11:00:00,24.6,81.0,0.5,2.5,135.0,-1.7677669529663687,1.7677669529663689
2026-05-06 12:00:00,24.9,80.0,0.5,3.1,135.0,-2.192031021678297,2.1920310216782974
2026-05-06 13:00:00,25.1,79.0,0.5,3.3,139.0,-2.1649947956686737,2.490541614735148
2026-05-06 14:00:00,25.2,79.0,0.5,3.3,139.0,-2.1649947956686737,2.490541614735148
