time,temperature_2m,relativehumidity_2m,precipitation,windspeed_10m,winddirection_10m,u,v
2025-12-02 00:00:00,22.3,88.0,0.0,5.8,334.0,2.542552651376649,-5.213005468535169
2025-12-02 01:00:00,21.8,90.0,0.0,6.5,5.0,-0.5665123278597786,-6.475265537596346
2025-12-02 02:00:00,21.5,89.0,0.0,6.7,3.0,-0.35065090682772687,-6.690817882855645
2025-12-02 03:00:00,21.4,88.0,0.0,6.3,345.0,1.6305599841458807,-6.085332705621131
2025-12-02 04:00:00,21.3,88.0,0.0,5.7,332.0,2.675987907879578,-5.032801279295883
2025-12-02 05:00:00,20.9,90.0,0.0,7.3,327.0,3.9758649556096977,-6.122295146001595
2025-12-02 06:00:00,20.6,91.0,0.0,8.2,338.0,3.071774066010478,-7.602907607447656
2025-12-02 07:00:00,20.8,90.0,0.0,6.3,357.0,0.329716524330547,-6.291366068953815
2025-12-02 08:00:00,22.8,85.0,0.0,5.6,31.0,-2.884213219496305,-4.8001368839318275
2025-12-02 09:00:00,25.3,73.0,0.0,2.8,27.0,-1.2711733992707313,-2.4948182677274295
2025-12-02 10:00:00,27.0,65.0,0.0,2.9,274.0,2.89293574575349,-0.20229377385796338
2025-12-02 11:00:00,28.0,61.0,0.0,5.7,283.0,5.553909369275841,-1.2822210097600306
2025-12-02 12:00:00,28.5,59.0,0.0,6.7,272.0,6.695918541027941,-0.2338266279067565
2025-12-02 13:00:00,28.6,59.0,0.0,9.1,261.0,8.987963899415753,1.4235536318661008
2025-12-02 14:00:00,28.1,62.0,0.0,7.8,257.0,7.6000865053248345,1.754618223882147
2025-12-02 15:00:00,27.6,65.0,0.0,6.1,256.0,5.918803930283578,1.475723563157973
2025-12-02 16:00:00,26.8,69.0,0.0,6.5,236.0,5.38874422160777,3.634753872559855
2025-12-02 17:00:00,25.5,76.0,0.0,5.4,236.0,4.476802891797225,3.0196416787420333
2025-12-02 18:00:00,24.5,84.0,0.0,5.0,240.0,4.330127018922194,2.4999999999999996
2025-12-02 19:00:00,24.2,87.0,0.0,4.5,241.0,3.935788682127281,2.1816432911085166
2025-12-02 20:00:00,24.0,88.0,0.0,2.4,216.0,1.4106846055019355,1.9416407864998737
2025-12-02 21:00:00,23.7,89.0,0.0,2.6,205.0,1.0988074805258186,2.3564002462952898
2025-12-02 22:00:00,23.3,90.0,0.0,2.6,236.0,2.1554976886431083,1.453901549023942
2025-12-02 23:00:00,22.9,93.0,0.0,1.5,263.0,1.488819227461983,0.1828040151077212
2025-12-03 00:00:00,22.5,94.0,0.0,0.2,270.0,0.2,0.0
2025-12-03 01:00:00,22.2,94.0,0.0,1.1,279.0,1.0864571746546516,-0.17207791154425398
2025-12-03 02:00:00,21.8,95.0,0.0,1.2,333.0,0.5447885996874562,-1.0692078290260414
2025-12-03 03:00:00,21.5,96.0,0.0,0.6000000000000001,326.0,0.3355157420824481,-0.4974225435330251
2025-12-03 04:00:00,21.2,97.0,0.0,0.9,349.0,0.17172809583889043,-0.8834644651028976
2025-12-03 05:00:00,21.0,96.0,0.0,4.9,350.0,0.8508760705679591,-4.82555798975982
2025-12-03 06:00:00,20.6,92.0,0.0,7.9,356.0,0.5510761425785894,-7.880755997052612
2025-12-03 07:00:00,20.2,85.0,0.1,9.0,357.0,0.4710236061864957,-8.987665812791164
2025-12-03 08:00:00,21.3,82.0,0.0,7.1,7.0,-0.8652723381765449,-7.0470776766533865
2025-12-03 09:00:00,22.2,78.0,1.4,6.5,347.0,1.462181853235122,-6.333405421104029
2025-12-03 10:00:00,23.7,65.0,1.3,8.3,333.0,3.768121147838239,-7.3953541507634535
2025-12-03 11:00:00,24.0,69.0,0.0,10.9,333.0,4.948496447161061,-9.71197111365321
2025-12-03 12:00:00,24.5,64.0,0.0,8.5,348.0,1.7672493719509554,-8.314254606237347
2025-12-03 13:00:00,24.9,61.0,0.0,7.4,4.0,-0.5161979057065293,-7.381973971922699
2025-12-03 14:00:00,24.3,64.0,0.0,5.7,11.0,-1.0876112736463044,-5.595274945651685
2025-12-03 15:00:00,24.7,61.0,0.7000000000000001,3.4,357.0,0.17794225122600948,-3.395340418165551
2025-12-03 16:00:00,24.8,60.0,0.0,2.9,356.0,0.20229377385796318,-2.89293574575349
2025-12-03 17:00:00,23.5,65.0,0.0,4.8,340.0,1.6416966879632102,-4.51052457977236
2025-12-03 18:00:00,22.0,63.0,0.0,11.2,356.0,0.7812725059342026,-11.17271736291003
2025-12-03 19:00:00,20.4,64.0,0.0,10.7,351.0,1.6738487759304708,-10.568265244367973
2025-12-03 20:00:00,20.4,60.0,0.0,10.3,359.0,0.17975978630402106,-10.298431260110831
2025-12-03 21:00:00,20.0,62.0,0.0,5.9,342.0,1.82320026681219,-5.611233446141406
2025-12-03 22:00:00,19.4,64.0,0.0,8.6,340.0,2.9413732326007516,-8.081356538758811
2025-12-03 23:00:00,18.6,65.0,0.0,7.5,336.0,3.0505248230685016,-6.851590932319507
2025-12-04 00:00:00,18.5,64.0,0.0,6.2,339.0,2.2218812871808624,-5.788198644282651
2025-12-04 01:00:00,18.3,65.0,0.0,5.7,347.0,1.2822210097600302,-5.553909369275841
2025-12-04 02:00:00,18.3,64.0,0.0,6.0,3.0,-0.31401573745766587,-5.991777208527443
2025-12-04 03:00:00,18.5,64.0,0.0,5.0,339.0,1.791839747726502,-4.667902132486009
2025-12-04 04:00:00,18.4,66.0,0.0,4.8,335.0,2.0285676563553574,-4.350277377775919
2025-12-04 05:00:00,18.2,68.0,0.0,3.9,332.0,1.8309390948649744,-3.443495612149815
2025-12-04 06:00:00,18.2,70.0,0.0,2.3,331.0,1.1150621265665752,-2.01162532642061
2025-12-04 07:00:00,18.6,71.0,0.0,4.5,313.0,3.291091657286267,-3.068992620281243
2025-12-04 08:00:00,20.0,68.0,0.0,6.4,324.0,3.761825614671828,-5.177708763999664
2025-12-04 09:00:00,22.1,60.0,0.0,3.6,303.0,3.0192140446035265,-1.9607005260540975
2025-12-04 10:00:00,23.5,55.0,0.0,5.3,278.0,5.248420764330323,-0.7376174350883468
2025-12-04 11:00:00,24.1,52.0,0.0,7.8,279.0,7.703969056642075,-1.2201888273138009
2025-12-04 12:00:00,24.2,51.0,0.0,9.0,271.0,8.998629256407522,-0.1570716579355516
2025-12-04 13:00:00,24.1,51.0,0.0,10.3,270.0,10.3,0.0
2025-12-04 14:00:00,24.0,52.0,0.0,8.1,265.0,8.069177054543138,0.7059615162560311
2025-12-04 15:00:00,23.8,54.0,0.0,7.2,258.0,7.042662725283401,1.4969641738878674
2025-12-04 16:00:00,23.1,56.0,0.0,5.8,254.0,5.57531783644225,1.598696663738595
2025-12-04 17:00:00,22.2,60.0,0.0,3.6,270.0,3.6,0.0
2025-12-04 18:00:00,21.6,64.0,0.0,2.7,274.0,2.6934229357015256,-0.18834247910913832
2025-12-04 19:00:00,21.4,67.0,0.0,3.6,267.0,3.595066325116466,0.18840944247459782
2025-12-04 20:00:00,21.1,73.0,0.0,7.4,203.0,2.8914103508206255,6.811735915548059
2025-12-04 21:00:00,21.0,75.0,0.0,2.9,248.0,2.6888331782436836,1.0863591209061447
2025-12-04 22:00:00,20.5,76.0,0.0,1.4,320.0,0.8999026535611551,-1.0724622203665692
2025-12-04 23:00:00,20.2,78.0,0.0,3.5,336.0,1.4235782507653008,-3.197409101749103
2025-12-05 00:00:00,19.6,80.0,0.0,6.8,348.0,1.4137994975607642,-6.651403684989877
2025-12-05 01:00:00,19.1,79.0,0.0,7.6,355.0,0.6623836448822018,-7.571079705497266
2025-12-05 02:00:00,18.5,74.0,0.0,7.2,357.0,0.3768188849491966,-7.190132650232932
2025-12-05 03:00:00,18.0,75.0,0.0,5.6,345.0,1.4493866525741161,-5.4091846272187825
2025-12-05 04:00:00,17.8,78.0,0.0,4.5,337.0,1.7582900782017317,-4.142271840535981
2025-12-05 05:00:00,17.8,79.0,0.0,3.0,335.0,1.2678547852220983,-2.7189233611099497
2025-12-05 06:00:00,17.6,82.0,0.0,1.7000000000000002,328.0,0.9008627491964484,-1.4416817634659242
2025-12-05 07:00:00,18.0,81.0,0.0,1.8,315.0,1.2727922061357857,-1.2727922061357855
2025-12-05 08:00:00,20.2,75.0,0.0,4.1,331.0,1.987719443009982,-3.585940799271522
2025-12-05 09:00:00,22.1,65.0,0.0,3.6,290.0,3.3828934348292705,-1.2312725159724074
2025-12-05 10:00:00,23.4,60.0,0.0,6.2,260.0,6.10580806867569,1.0766187015349682
2025-12-05 11:00:00,24.1,58.0,0.0,8.7,253.0,8.319851376878407,2.5436338310878095
2025-12-05 12:00:00,24.5,57.0,0.0,9.3,254.0,8.939733772226367,2.5634274090980926
2025-12-05 13:00:00,24.4,57.0,0.0,10.4,256.0,10.091075553270363,2.5159877142365445
2025-12-05 14:00:00,23.8,59.0,0.1,8.1,266.0,8.080268807104575,0.5650274373274149
2025-12-05 15:00:00,23.6,60.0,0.0,6.8,267.0,6.790680836331102,0.3558845024520181
2025-12-05 16:00:00,22.9,63.0,0.0,6.3,277.0,6.253040755340328,-0.7677768634524291
2025-12-05 17:00:00,22.1,65.0,0.0,3.7,299.0,3.2360929164157644,-1.7937955949114472
2025-12-05 18:00:00,21.5,68.0,0.0,3.1,336.0,1.2608835935349807,-2.8319909186920627
2025-12-05 19:00:00,21.0,72.0,0.0,5.2,360.0,3.1840816777831187e-16,-5.2
2025-12-05 20:00:00,20.4,80.0,0.0,5.6,40.0,-3.5996106142446207,-4.289848881466276
2025-12-05 21:00:00,19.8,86.0,0.0,4.8,68.0,-4.45048250192058,-1.7981116483963777
2025-12-05 22:00:00,19.5,87.0,0.0,4.4,12.0,-0.9148114395981432,-4.303849443228745
2025-12-05 23:00:00,19.2,88.0,0.0,5.5,13.0,-1.237230798891259,-5.359035356318794
2025-12-06 00:00:00,18.8,88.0,0.0,7.7,357.0,0.40298686307066856,-7.689447417610219
2025-12-06 01:00:00,18.4,88.0,0.0,7.2,3.0,-0.376818884949199,-7.190132650232932
2025-12-06 02:00:00,18.1,85.0,0.0,7.8,9.0,-1.220188827313802,-7.703969056642074
2025-12-06 03:00:00,18.0,83.0,0.0,7.3,344.0,2.012152697464094,-7.017210380349728
2025-12-06 04:00:00,18.0,82.0,0.0,8.0,335.0,3.3809460939255955,-7.2504622962931995
2025-12-06 05:00:00,17.8,82.0,0.0,8.5,339.0,3.0461275711350533,-7.9354336252262145
2025-12-06 06:00:00,17.1,81.0,0.0,7.8,4.0,-0.5441004952041795,-7.780999592026628
2025-12-06 07:00:00,17.1,81.0,0.0,7.2,356.0,0.5022466109577017,-7.182461161870735
2025-12-06 08:00:00,18.4,78.0,0.0,7.0,21.0,-2.508575646817105,-6.535062985480412
2025-12-06 09:00:00,21.1,66.0,0.0,5.1,23.0,-1.9927287552952964,-4.694574752607445
2025-12-06 10:00:00,23.5,58.0,0.0,3.8,19.0,-1.2371589869371953,-3.592970587277404
2025-12-06 11:00:00,25.2,50.0,0.0,4.1,319.0,2.6898420188610794,-3.094309278913365
2025-12-06 12:00:00,26.1,47.0,0.0,5.5,287.0,5.259676157796695,-1.6080443759750522
2025-12-06 13:00:00,26.2,47.0,0.0,6.0,265.0,5.977168188550474,0.522934456485949
2025-12-06 14:00:00,26.0,49.0,0.0,5.6,253.0,5.355306633392998,1.6372815464473258
2025-12-06 15:00:00,25.5,52.0,0.0,7.1,232.0,5.594876350607725,4.371196474812174
2025-12-06 16:00:00,24.6,57.0,0.0,6.5,242.0,5.739159353583025,3.05156515810829
2025-12-06 17:00:00,23.7,62.0,0.0,5.2,245.0,4.7128004925905795,2.197614961051637
2025-12-06 18:00:00,22.7,72.0,0.0,5.0,251.0,4.727592877996584,1.6278407722857835
2025-12-06 19:00:00,22.2,76.0,0.0,6.3,252.0,5.991656052659467,1.9468070645621685
2025-12-06 20:00:00,22.4,75.0,0.0,7.6,269.0,7.598842483188573,0.1326382889233547
2025-12-06 21:00:00,22.0,78.0,0.0,3.8,281.0,3.730183297101123,-0.7250741824308702
2025-12-06 22:00:00,21.1,85.0,0.0,1.5,324.0,0.8816778784387097,-1.2135254915624212
2025-12-06 23:00:00,20.4,87.0,0.0,2.3,360.0,1.408343819019456e-16,-2.3
2025-12-07 00:00:00,19.7,89.0,0.0,2.4,9.0,-0.3754427160965545,-2.37045201742833
2025-12-07 01:00:00,19.4,88.0,0.0,2.5,356.0,0.1743911843603131,-2.4939101256495606
2025-12-07 02:00:00,19.1,86.0,0.0,1.5,339.0,0.5375519243179505,-1.4003706397458027
2025-12-07 03:00:00,18.9,88.0,0.0,1.4,320.0,0.8999026535611551,-1.0724622203665692
2025-12-07 04:00:00,18.5,89.0,0.0,2.8,342.0,0.8652475842498528,-2.6629582456264296
2025-12-07 05:00:00,17.9,91.0,0.0,4.3,338.0,1.6108083516884213,-3.9868905746371857
2025-12-07 06:00:00,17.4,91.0,0.0,3.8,341.0,1.2371589869371955,-3.5929705872774034
2025-12-07 07:00:00,17.5,89.0,0.0,3.5,321.0,2.202621368674431,-2.720010865099398
2025-12-07 08:00:00,19.5,80.0,0.0,0.9,323.0,0.5416335208368436,-0.7187719590425635
2025-12-07 09:00:00,22.4,71.0,0.0,1.9,248.0,1.761649323676896,0.7117525274902328
2025-12-07 10:00:00,24.3,60.0,0.0,6.3,263.0,6.253040755340328,0.7677768634524291
2025-12-07 11:00:00,25.2,53.0,0.0,9.2,271.0,9.1985987954388,-0.1605621392230083
2025-12-07 12:00:00,25.5,53.0,0.0,9.2,268.0,9.19439560857568,0.32107536966300887
2025-12-07 13:00:00,25.6,55.0,0.0,11.2,264.0,11.13864522812466,1.1707187885977188
2025-12-07 14:00:00,25.4,55.0,0.0,10.3,269.0,10.298431260110831,0.17975978630402017
2025-12-07 15:00:00,25.1,55.0,0.0,10.1,287.0,9.658678035226657,-2.952954217699641
2025-12-07 16:00:00,24.6,58.0,0.0,7.5,294.0,6.851590932319507,-3.0505248230685016
2025-12-07 17:00:00,23.6,63.0,0.0,3.3,279.0,3.2593715239639547,-0.5162337346327618
2025-12-07 18:00:00,22.5,72.0,0.0,3.6,183.0,0.1884094424745983,3.595066325116466
2025-12-07 19:00:00,22.1,76.0,0.0,7.2,193.0,1.6196475912758275,7.015464466453694
2025-12-07 20:00:00,22.3,80.0,0.0,5.5,247.0,5.062776693988422,2.149021206691006
2025-12-07 21:00:00,22.0,82.0,0.0,4.1,270.0,4.1,0.0
2025-12-07 22:00:00,21.5,88.0,0.0,2.4,261.0,2.3704520174283306,0.37544271609655405
2025-12-07 23:00:00,21.0,90.0,0.0,1.0,239.0,0.8571673007021123,0.5150380749100542
2025-12-08 00:00:00,20.7,91.0,0.0,1.9,299.0,1.6617774435648518,-0.9211382784680404
2025-12-08 01:00:00,20.5,91.0,0.0,3.8,335.0,1.605949394614658,-3.4439695907392696
2025-12-08 02:00:00,20.0,92.0,0.0,3.6,354.0,0.3763024677635525,-3.580278823325784
2025-12-08 03:00:00,19.5,92.0,0.0,4.9,8.0,-0.6819481947043226,-4.8523135368336945
2025-12-08 04:00:00,19.1,93.0,0.0,7.0,357.0,0.3663516937006078,-6.9904067432820165
2025-12-08 05:00:00,19.4,88.0,0.0,8.1,331.0,3.9269579239953303,-7.084419627829106
2025-12-08 06:00:00,18.9,89.0,0.0,9.4,352.0,1.3082271490246153,-9.308519846170762
2025-12-08 07:00:00,18.2,91.0,0.0,7.8,353.0,0.9505808785601504,-7.741859982802311
2025-12-08 08:00:00,20.2,81.0,0.0,7.8,337.0,3.047702802216335,-7.179937856929035
2025-12-08 09:00:00,22.4,67.0,0.0,8.2,334.0,3.594643403670435,-7.370111179653169
2025-12-08 10:00:00,24.5,54.0,0.0,4.4,341.0,1.4324998796114898,-4.160281732636994
2025-12-08 11:00:00,26.0,48.0,0.0,3.2,308.0,2.5216344115415104,-1.9701167210421067
2025-12-08 12:00:00,27.1,44.0,0.0,7.2,305.0,5.897894718880741,-4.129750341727532
2025-12-08 13:00:00,28.0,42.0,0.0,6.0,297.0,5.346039145130208,-2.7239429984372805
2025-12-08 14:00:00,28.7,40.0,0.0,3.3,315.0,2.3334523779156067,-2.3334523779156067
2025-12-08 15:00:00,28.4,41.0,0.0,3.2,289.0,3.025659441917814,-1.0418180942629014
2025-12-08 16:00:00,27.1,45.0,0.0,4.5,299.0,3.935788682127281,-2.1816432911085166
2025-12-08 17:00:00,25.5,53.0,0.0,7.2,323.0,4.333068166694749,-5.750175672340508
2025-12-08 18:00:00,23.9,61.0,0.0,10.3,341.0,3.3533519909087146,-9.738841328672963
2025-12-08 19:00:00,22.8,63.0,0.0,12.7,353.0,1.547740661245373,-12.605336125844788
2025-12-08 20:00:00,22.2,66.0,0.0,9.3,323.0,5.59687971531405,-7.427310243439824
2025-12-08 21:00:00,21.5,70.0,0.0,7.1,322.0,4.371196474812174,-5.594876350607726
2025-12-08 22:00:00,20.9,72.0,0.0,7.3,320.0,4.692349550711738,-5.5921244347685395
2025-12-08 23:00:00,20.4,73.0,0.0,6.6,323.0,3.971979152803519,-5.270994366312133
2025-12-09 00:00:00,19.8,75.0,0.0,6.6,334.0,2.893249568807911,-5.932040705574502
2025-12-09 01:00:00,19.1,77.0,0.0,5.2,348.0,1.0811407922523493,-5.086367523815789
2025-12-09 02:00:00,18.8,79.0,0.0,3.6,340.0,1.2312725159724078,-3.38289343482927
2025-12-09 03:00:00,19.0,78.0,0.0,1.3,304.0,1.0777488443215542,-0.726950774511971
2025-12-09 04:00:00,19.0,78.0,0.0,3.2,308.0,2.5216344115415104,-1.9701167210421067
2025-12-09 05:00:00,19.0,78.0,0.0,3.9,338.0,1.4609657143220567,-3.616017032810471
2025-12-09 06:00:00,18.5,81.0,0.0,5.2,354.0,0.543548008991798,-5.1715138559150216
2025-12-09 07:00:00,18.0,83.0,0.0,4.0,10.0,-0.6945927106677213,-3.939231012048832
2025-12-09 08:00:00,20.3,75.0,0.0,1.3,172.0,-0.18092503124808496,1.2873484893640414
2025-12-09 09:00:00,23.2,65.0,0.0,3.0,256.0,2.9108871788279895,0.7257656867990032
2025-12-09 10:00:00,24.7,60.0,0.0,3.7,259.0,3.632020578756357,0.7059932828932158
2025-12-09 11:00:00,25.3,57.0,0.0,7.3,253.0,6.981024718530159,2.1343134444759784
2025-12-09 12:00:00,25.0,57.0,0.0,10.2,256.0,9.897016408015164,2.467603335116611
2025-12-09 13:00:00,25.0,57.0,0.0,10.1,267.0,10.086158301021195,0.5285931580537327
2025-12-09 14:00:00,24.9,58.0,0.0,8.9,277.0,8.833660749607766,-1.0846371563058126
2025-12-09 15:00:00,25.2,58.0,0.0,6.9,295.0,6.253523730552885,-2.9160660060108263
2025-12-09 16:00:00,25.0,57.0,0.0,6.9,313.0,5.046340541172277,-4.70578868443124
2025-12-09 17:00:00,24.5,59.0,0.0,5.4,334.0,2.3672041926610183,-4.853487850015503
2025-12-09 18:00:00,23.5,63.0,0.0,1.3,344.0,0.35832856256209894,-1.2496402047198145
2025-12-09 19:00:00,23.0,67.0,0.0,0.6000000000000001,342.0,0.1854101966249685,-0.5706339097770922
2025-12-09 20:00:00,22.7,77.0,0.0,2.6,155.0,-1.0988074805258183,2.35640024629529
2025-12-09 21:00:00,22.1,81.0,0.0,2.1,218.0,1.2928890981838825,1.6548225825741163
2025-12-09 22:00:00,21.7,80.0,0.0,0.9,323.0,0.5416335208368436,-0.7187719590425635
2025-12-09 23:00:00,21.0,82.0,0.0,4.2,329.0,2.1631599146222276,-3.600102662948872
2025-12-10 00:00:00,20.2,83.0,0.0,5.4,334.0,2.3672041926610183,-4.853487850015503
2025-12-10 01:00:00,19.8,84.0,0.0,5.9,337.0,2.305313658086715,-5.4309786353693985
2025-12-10 02:00:00,19.2,85.0,0.0,5.3,350.0,0.9203353416347312,-5.2194810909647025
2025-12-10 03:00:00,19.0,86.0,0.0,6.9,340.0,2.359938988947115,-6.483879083422767
2025-12-10 04:00:00,18.8,88.0,0.0,7.2,356.0,0.5022466109577017,-7.182461161870735
2025-12-10 05:00:00,18.2,91.0,0.0,6.7,2.0,-0.2338266279067551,-6.695918541027941
2025-12-10 06:00:00,18.1,92.0,0.0,7.4,356.0,0.5161979057065268,-7.381973971922699
2025-12-10 07:00:00,18.2,90.0,0.0,7.2,359.0,0.1256573263484419,-7.198903405126018
2025-12-10 08:00:00,20.5,81.0,0.0,6.5,357.0,0.3401837155791358,-6.49109197590473
2025-12-10 09:00:00,23.4,66.0,0.0,3.9,344.0,1.0749856876862967,-3.7489206141594438
2025-12-10 10:00:00,25.5,58.0,0.0,3.6,300.0,3.1176914536239795,-1.7999999999999998
2025-12-10 11:00:00,26.5,54.0,0.0,6.2,277.0,6.153786140176196,-0.7555899291119144
2025-12-10 12:00:00,27.0,53.0,0.0,9.1,285.0,8.789925019230521,-2.3552533104329387
2025-12-10 13:00:00,27.5,51.0,0.0,10.6,288.0,10.081199072728626,-3.2755801403744425
2025-12-10 14:00:00,27.4,54.0,0.0,12.2,290.0,11.464249973588082,-4.172645748573158
2025-12-10 15:00:00,27.4,55.0,0.0,10.6,293.0,9.757351446595868,-4.141749961986302
2025-12-10 16:00:00,27.3,53.0,0.0,7.8,293.0,7.179937856929035,-3.0477028022163353
2025-12-10 17:00:00,26.1,58.0,0.0,2.4,283.0,2.3384881554845647,-0.539882530425276
2025-12-10 18:00:00,24.5,66.0,0.0,3.2,93.0,-3.1956145112146364,0.16747505997742018
2025-12-10 19:00:00,23.1,78.0,0.0,7.0,111.0,-6.535062985480412,2.5085756468171017
2025-12-10 20:00:00,22.5,87.0,0.0,2.3,180.0,1.408343819019456e-16,2.3
2025-12-10 21:00:00,22.1,91.0,0.0,0.9,217.0,0.5416335208368436,0.7187719590425635
2025-12-10 22:00:00,21.5,92.0,0.0,1.5,330.0,0.7500000000000002,-1.299038105676658
2025-12-10 23:00:00,21.1,83.0,0.0,5.2,329.0,2.678197989532282,-4.457269963650984
2025-12-11 00:00:00,20.5,73.0,0.0,7.7,339.0,2.759433211498813,-7.188569284028453
2025-12-11 01:00:00,19.7,69.0,0.0,8.8,4.0,-0.6138569689483051,-8.778563642286453
2025-12-11 02:00:00,20.3,58.0,0.0,13.9,1.0,-0.24258844947824063,-13.897882962673838
2025-12-11 03:00:00,20.1,60.0,0.0,16.9,353.0,2.0595919035469925,-16.77402996273834
2025-12-11 04:00:00,19.9,61.0,0.0,16.8,355.0,1.4642164781606568,-16.736070927941327
2025-12-11 05:00:00,19.7,56.0,0.0,13.8,352.0,1.9205887932489034,-13.665699348633671
2025-12-11 06:00:00,19.6,52.0,0.0,15.2,336.0,6.182396974752163,-13.885890956167533
2025-12-11 07:00:00,19.9,51.0,0.0,16.7,332.0,7.840175098524377,-14.745224800744078
2025-12-11 08:00:00,20.9,61.0,0.0,10.1,4.0,-0.7045403848156684,-10.075396907624224
2025-12-11 09:00:00,21.9,56.0,0.0,9.1,21.0,-3.261148340862236,-8.495581881124535
2025-12-11 10:00:00,24.0,48.0,0.0,9.7,4.0,-0.676637795318018,-9.676371287520293
2025-12-11 11:00:00,26.2,41.0,0.0,10.0,346.0,2.419218955996677,-9.702957262759965
2025-12-11 12:00:00,27.9,37.0,0.0,10.8,328.0,5.7231280537186136,-9.1589194384894
2025-12-11 13:00:00,28.4,37.0,0.0,10.9,320.0,7.006384945583279,-8.34988442999686
2025-12-11 14:00:00,28.2,39.0,0.0,8.9,315.0,6.293250352560274,-6.293250352560273
2025-12-11 15:00:00,27.5,42.0,0.0,8.5,302.0,7.20840881732962,-4.504313745982242
2025-12-11 16:00:00,26.4,47.0,0.0,8.1,298.0,7.151875502157308,-3.8027196585657155
2025-12-11 17:00:00,25.1,49.0,0.0,7.1,315.0,5.020458146424487,-5.020458146424486
2025-12-11 18:00:00,23.9,51.0,0.0,8.4,335.0,3.5499933986218752,-7.61298541110786
2025-12-11 19:00:00,23.0,53.0,0.0,8.9,346.0,2.1531048708370424,-8.635631963856369
2025-12-11 20:00:00,22.0,60.0,0.0,11.0,334.0,4.822082614679852,-9.886734509290838
2025-12-11 21:00:00,21.0,68.0,0.0,8.7,330.0,4.3500000000000005,-7.534421012924615
2025-12-11 22:00:00,20.5,75.0,0.0,8.2,327.0,4.466040087123222,-6.877098657152477
2025-12-11 23:00:00,20.0,79.0,0.0,6.5,328.0,3.4444752175158317,-5.512312625016769
2025-12-12 00:00:00,19.8,80.0,0.0,6.0,323.0,3.61089013891229,-4.791813060283757
2025-12-12 01:00:00,19.6,80.0,0.0,5.0,325.0,2.8678821817552307,-4.095760221444959
2025-12-12 02:00:00,19.5,78.0,0.0,6.6,344.0,1.8192065483921944,-6.344327193192904
2025-12-12 03:00:00,19.1,79.0,0.0,5.4,345.0,1.397622843553612,-5.215999461960969
2025-12-12 04:00:00,18.9,80.0,0.0,4.2,340.0,1.436484601967809,-3.9467090073008153
2025-12-12 05:00:00,18.8,80.0,0.0,4.6,342.0,1.4214781741247582,-4.3748599749577055
2025-12-12 06:00:00,18.8,80.0,0.0,3.5,345.0,0.9058666578588226,-3.380740392011739
2025-12-12 07:00:00,18.8,79.0,0.0,3.5,332.0,1.643150469750618,-3.090316575006244
2025-12-12 08:00:00,20.7,72.0,0.0,3.2,344.0,0.8820395386143973,-3.0760374270026207
2025-12-12 09:00:00,23.5,61.0,0.0,3.9,336.0,1.5862729079956208,-3.562827284806143
2025-12-12 10:00:00,25.4,54.0,0.0,4.5,331.0,2.181643291108517,-3.935788682127281
2025-12-12 11:00:00,26.4,49.0,0.0,6.4,286.0,6.1520748540052415,-1.7640790772287946
2025-12-12 12:00:00,26.7,47.0,0.0,9.2,281.0,9.030970087718508,-1.755442757464212
2025-12-12 13:00:00,26.9,47.0,0.0,12.3,291.0,11.483039245915583,-4.4079257794071935
2025-12-12 14:00:00,25.9,53.0,0.0,18.1,293.0,16.661137847489172,-7.072233425655856
2025-12-12 15:00:00,25.0,56.0,0.0,16.5,297.0,14.70160764910807,-7.490843245702521
2025-12-12 16:00:00,24.8,58.0,0.0,12.2,295.0,11.056955001847129,-5.155942793236533
2025-12-12 17:00:00,24.1,61.0,0.0,7.6,297.0,6.7716495838315955,-3.450327798020555
2025-12-12 18:00:00,23.6,64.0,0.0,5.7,311.0,4.301844607269801,-3.739536465245892
2025-12-12 19:00:00,23.4,66.0,0.0,3.0,335.0,1.2678547852220983,-2.7189233611099497
2025-12-12 20:00:00,23.3,65.0,0.0,0.9,307.0,0.7187719590425635,-0.5416335208368435
2025-12-12 21:00:00,22.8,67.0,0.0,0.9,259.0,0.8834644651028976,0.17172809583889032
2025-12-12 22:00:00,22.4,70.0,0.0,1.3,254.0,1.2496402047198145,0.35832856256209894
2025-12-12 23:00:00,22.0,71.0,0.0,1.2,321.0,0.755184469259805,-0.9325751537483651
2025-12-13 00:00:00,21.5,70.0,0.0,6.1,330.0,3.0500000000000007,-5.282754963085075
2025-12-13 01:00:00,20.6,73.0,0.0,7.1,341.0,2.311533896645813,-6.713181886755148
2025-12-13 02:00:00,19.7,79.0,0.0,9.3,345.0,2.407017119453443,-8.983110184488336
2025-12-13 03:00:00,19.3,81.0,0.0,9.0,347.0,2.0245594890947842,-8.769330583067116
2025-12-13 04:00:00,19.0,82.0,0.0,8.7,355.0,0.7582549619046257,-8.666893873398186
2025-12-13 05:00:00,18.7,83.0,0.0,9.3,344.0,2.5634274090980926,-8.939733772226367
2025-12-13 06:00:00,18.5,83.0,0.0,9.3,350.0,1.614928052302453,-9.158712103013535
2025-12-13 07:00:00,18.5,82.0,0.0,9.2,348.0,1.9127875555233869,-8.998957926751011
2025-12-13 08:00:00,20.2,75.0,0.0,8.1,13.0,-1.8221035401853085,-7.892397524760404
2025-12-13 09:00:00,23.0,63.0,0.0,3.9,37.0,-2.347078590292988,-3.114678489184442
2025-12-13 10:00:00,25.8,52.0,0.0,1.9,319.0,1.2465121550819638,-1.4339482024232668
2025-12-13 11:00:00,27.3,47.0,0.0,5.5,281.0,5.3989495089621515,-1.0494494745709964
2025-12-13 12:00:00,26.7,54.0,0.0,14.0,293.0,12.887067948334165,-5.470235798849833
2025-12-13 13:00:00,26.8,54.0,0.0,14.9,304.0,12.35265983107012,-8.331974261714128
2025-12-13 14:00:00,27.5,50.0,0.0,13.6,316.0,9.447353838242362,-9.783021284605654
2025-12-13 15:00:00,27.6,50.0,0.0,13.9,317.0,9.479777204868729,-10.16581645250647
2025-12-13 16:00:00,26.8,52.0,0.0,16.3,325.0,9.349295912522052,-13.352178321910566
2025-12-13 17:00:00,25.1,57.0,0.0,17.1,335.0,7.226772275765961,-15.497863158326716
2025-12-13 18:00:00,23.2,64.0,0.0,16.8,343.0,4.911844639341978,-16.065919900178997
2025-12-13 19:00:00,21.9,69.0,0.0,15.4,343.0,4.502524252730146,-14.727093241830746
2025-12-13 20:00:00,21.0,72.0,0.0,13.0,2.0,-0.4536934571325099,-12.992080751248245
2025-12-13 21:00:00,20.1,75.0,0.0,12.6,347.0,2.8343832847326977,-12.277062816293963
2025-12-13 22:00:00,19.5,77.0,0.0,14.3,349.0,2.7285686338845925,-14.037268723301596
2025-12-13 23:00:00,18.9,77.0,0.0,14.8,355.0,1.2899049926653405,-14.743681531757835
2025-12-14 00:00:00,18.6,76.0,0.0,13.5,348.0,2.8068078260397527,-13.204992609906375
2025-12-14 01:00:00,18.1,76.0,0.0,14.2,351.0,2.221369403571279,-14.025174436450955
2025-12-14 02:00:00,17.8,75.0,0.0,14.3,355.0,1.2463271212915115,-14.245584182711962
2025-12-14 03:00:00,17.8,73.0,0.0,13.8,352.0,1.9205887932489034,-13.665699348633671
2025-12-14 04:00:00,17.6,70.0,0.0,12.4,359.0,0.21640983982231662,-12.398111419939251
2025-12-14 05:00:00,17.4,71.0,0.0,11.9,356.0,0.8301020375550903,-11.871012198091908
2025-12-14 06:00:00,17.2,71.0,0.0,10.1,348.0,2.0999080772593706,-9.879290767411437
2025-12-14 07:00:00,17.1,70.0,0.0,9.4,4.0,-0.6557108531947805,-9.377102072442348
2025-12-14 08:00:00,17.6,66.0,0.0,8.7,8.0,-1.2108059783525726,-8.61533219805166
2025-12-14 09:00:00,20.4,60.0,0.0,4.7,353.0,0.5727859140041932,-4.664966912714213
2025-12-14 10:00:00,22.8,55.0,0.0,3.1,301.0,2.6572186321765483,-1.5966180322211678
2025-12-14 11:00:00,24.1,51.0,0.0,6.0,275.0,5.977168188550474,-0.522934456485949
2025-12-14 12:00:00,24.7,50.0,0.0,7.5,259.0,7.36220387585748,1.431067465324086
2025-12-14 13:00:00,24.6,51.0,0.0,10.9,243.0,9.71197111365321,4.94849644716106
2025-12-14 14:00:00,23.2,56.0,0.0,13.1,233.0,10.462125181619536,7.883776803291832
2025-12-14 15:00:00,23.0,55.0,0.0,9.5,251.0,8.98242646819351,3.0928974673429885
2025-12-14 16:00:00,23.1,54.0,0.0,5.6,268.0,5.596588631306936,0.1954371815340054
2025-12-14 17:00:00,22.5,56.0,0.0,3.8,251.0,3.592970587277404,1.2371589869371955
2025-12-14 18:00:00,21.9,57.0,0.0,3.3,331.0,1.5998717468129124,-2.8862450335600056
2025-12-14 19:00:00,21.0,56.0,0.0,5.7,349.0,1.087611273646306,-5.595274945651685
2025-12-14 20:00:00,20.2,52.0,0.0,4.3,332.0,2.0187277199793305,-3.7966746492933856
2025-12-14 21:00:00,19.5,50.0,0.0,4.6,306.0,3.721478174124758,-2.703812160545376
2025-12-14 22:00:00,18.9,50.0,0.0,5.8,309.0,4.507446576450431,-3.6500582680890568
2025-12-14 23:00:00,18.5,51.0,0.0,6.0,319.0,3.9363541739430437,-4.528257481336632
2025-12-15 00:00:00,18.4,54.0,0.0,5.0,334.0,2.1918557339453875,-4.493970231495835
2025-12-15 01:00:00,17.9,58.0,0.0,3.5,345.0,0.9058666578588226,-3.380740392011739
2025-12-15 02:00:00,17.5,59.0,0.0,5.8,355.0,0.5055033079364172,-5.777929248932124
2025-12-15 03:00:00,17.4,61.0,0.0,6.1,14.0,-1.4757235631579735,-5.918803930283578
2025-12-15 04:00:00,17.1,63.0,0.0,4.5,16.0,-1.2403681011764949,-4.325677631722436
2025-12-15 05:00:00,16.9,65.0,0.0,2.4,36.0,-1.4106846055019358,-1.9416407864998735
2025-12-15 06:00:00,16.7,68.0,0.0,1.4,67.0,-1.2887067948334165,-0.547023579884983
2025-12-15 07:00:00,17.2,67.0,0.0,1.9,331.0,0.9211382784680405,-1.6617774435648518
2025-12-15 08:00:00,19.0,63.0,0.0,3.0,17.0,-0.8771151141682113,-2.8689142678891058
2025-12-15 09:00:00,21.0,59.0,0.0,2.5,339.0,0.895919873863251,-2.3339510662430043
2025-12-15 10:00:00,22.6,57.0,0.0,3.8,278.0,3.7630186612179672,-0.5288577836482486
2025-12-15 11:00:00,23.5,55.0,0.0,8.4,254.0,8.074598245881878,2.315353788862793
2025-12-15 12:00:00,23.7,57.0,0.0,10.7,253.0,10.232460888804479,3.128377240533283
2025-12-15 13:00:00,23.0,60.0,0.0,10.7,253.0,10.232460888804479,3.128377240533283
2025-12-15 14:00:00,23.0,61.0,0.0,9.8,235.0,8.027690034032121,5.621049076240252
2025-12-15 15:00:00,23.2,60.0,0.0,9.1,262.0,9.01143942554829,1.2664752187365955
2025-12-15 16:00:00,22.4,63.0,0.0,10.2,277.0,10.123970746741483,-1.243067302732504
2025-12-15 17:00:00,21.4,66.0,0.0,8.1,288.0,7.703557781990743,-2.503037654437074
2025-12-15 18:00:00,20.9,68.0,0.0,5.1,309.0,3.963444403430551,-3.2095339943541705
2025-12-15 19:00:00,20.6,70.0,0.0,3.7,317.0,2.5233939322312446,-2.706008695990931
2025-12-15 20:00:00,20.5,73.0,0.0,5.7,307.0,4.55222240726957,-3.4303456319666754
2025-12-15 21:00:00,20.0,76.0,0.0,4.4,308.0,3.4672473158695767,-2.7089104914328965
2025-12-15 22:00:00,20.1,75.0,0.0,2.4,312.0,1.7835475811457462,-1.6059134552612597
2025-12-15 23:00:00,20.0,77.0,0.0,3.3,354.0,0.3449439287832564,-3.2819222547153015
2025-12-16 00:00:00,19.6,78.0,0.0,3.4,360.0,2.0818995585505003e-16,-3.4
2025-12-16 01:00:00,18.8,83.0,0.0,2.9,60.0,-2.5114736709748717,-1.4500000000000002
2025-12-16 02:00:00,18.0,84.0,0.0,1.9,41.0,-1.2465121550819638,-1.4339482024232668
2025-12-16 03:00:00,17.9,83.0,0.0,3.2,19.0,-1.0418180942629014,-3.025659441917814
2025-12-16 04:00:00,17.2,86.0,0.0,4.8,25.0,-2.028567656355356,-4.35027737777592
2025-12-16 05:00:00,16.6,88.0,0.0,4.5,16.0,-1.2403681011764949,-4.325677631722436
2025-12-16 06:00:00,16.4,89.0,0.0,3.9,13.0,-0.8773091119410744,-3.800043252662417
2025-12-16 07:00:00,16.6,88.0,0.0,5.1,10.0,-0.8856057061013446,-5.022519540362261
2025-12-16 08:00:00,18.9,79.0,0.0,5.8,7.0,-0.7068421917498535,-5.756767679519668
2025-12-16 09:00:00,21.6,68.0,0.0,5.1,342.0,1.575986671312232,-4.850388233105282
2025-12-16 10:00:00,23.2,62.0,0.0,4.8,326.0,2.6841259366595844,-3.9793803482642
2025-12-16 11:00:00,24.5,56.0,0.0,4.6,291.0,4.294469961887128,-1.648492567908381
2025-12-16 12:00:00,25.2,52.0,0.0,8.0,279.0,7.901506724761102,-1.251475720321847
2025-12-16 13:00:00,25.4,53.0,0.0,11.6,285.0,11.204739584953192,-3.0023009231892406
2025-12-16 14:00:00,25.8,50.0,0.0,12.9,298.0,11.390023947880158,-6.056183159937992
2025-12-16 15:00:00,25.7,50.0,0.0,11.9,299.0,10.40797451495881,-5.769234480931411
2025-12-16 16:00:00,25.1,54.0,0.0,9.0,299.0,7.871577364254562,-4.363286582217033
2025-12-16 17:00:00,23.9,60.0,0.0,7.1,286.0,6.824958041162064,-1.957025226300694
2025-12-16 18:00:00,22.9,67.0,0.0,7.5,300.0,6.49519052838329,-3.7499999999999996
2025-12-16 19:00:00,22.3,67.0,0.0,8.3,327.0,4.520503990624725,-6.9609657139470205
2025-12-16 20:00:00,21.9,65.0,0.0,6.7,351.0,1.0481109157695472,-6.617511881987423
2025-12-16 21:00:00,21.1,66.0,0.0,5.7,349.0,1.087611273646306,-5.595274945651685
2025-12-16 22:00:00,20.5,69.0,0.0,7.2,342.0,2.224922359499622,-6.8476069173251055
2025-12-16 23:00:00,19.8,73.0,0.0,6.5,346.0,1.57249232139784,-6.306922220793977
2025-12-17 00:00:00,19.1,76.0,0.0,6.1,355.0,0.5316500307607146,-6.076787658359647
2025-12-17 01:00:00,18.6,78.0,0.0,6.7,357.0,0.3506509068277246,-6.690817882855645
2025-12-17 02:00:00,18.5,77.0,0.0,8.8,1.0,-0.15358117664809479,-8.798659717376244
2025-12-17 03:00:00,17.8,80.0,0.0,7.2,6.0,-0.7526049355271042,-7.160557646651569
2025-12-17 04:00:00,17.4,81.0,0.0,6.5,357.0,0.3401837155791358,-6.49109197590473
2025-12-17 05:00:00,17.1,81.0,0.0,6.3,353.0,0.7677768634524291,-6.253040755340328
2025-12-17 06:00:00,16.9,81.0,0.0,6.2,350.0,1.0766187015349686,-6.10580806867569
2025-12-17 07:00:00,17.0,78.0,0.0,7.2,346.0,1.7418376483176072,-6.986129229187175
2025-12-17 08:00:00,19.0,71.0,0.0,6.2,7.0,-0.7555899291119125,-6.153786140176197
2025-12-17 09:00:00,22.1,59.0,0.0,2.8,333.0,1.271173399270731,-2.4948182677274295
2025-12-17 10:00:00,24.5,51.0,0.0,5.2,299.0,4.548022477124858,-2.521010025280953
2025-12-17 11:00:00,26.1,45.0,0.0,7.4,292.0,6.8611605237942275,-2.772088791277749
2025-12-17 12:00:00,26.8,42.0,0.0,9.0,282.0,8.803328406604251,-1.8712052173598341
2025-12-17 13:00:00,27.0,43.0,0.0,10.3,277.0,10.223225361905618,-1.255254237073019
2025-12-17 14:00:00,26.9,45.0,0.0,8.7,278.0,8.61533219805166,-1.2108059783525693
2025-12-17 15:00:00,26.8,47.0,0.0,6.7,265.0,6.674504477214695,0.5839434764093098
2025-12-17 16:00:00,26.1,52.0,0.0,7.0,260.0,6.893654271085456,1.2155372436685123
2025-12-17 17:00:00,24.7,61.0,0.0,5.2,256.0,5.045537776635181,1.2579938571182723
2025-12-17 18:00:00,23.5,73.0,0.0,4.6,252.0,4.3748599749577055,1.421478174124758
2025-12-17 19:00:00,22.8,81.0,0.0,1.9,287.0,1.8169790363297673,-0.5555062389731998
2025-12-17 20:00:00,22.8,71.0,0.0,4.2,335.0,1.7749966993109376,-3.80649270555393
2025-12-17 21:00:00,22.1,70.0,0.0,2.8,342.0,0.8652475842498528,-2.6629582456264296
2025-12-17 22:00:00,21.5,71.0,0.0,2.7,328.0,1.4307820134296534,-2.28972985962235
2025-12-17 23:00:00,20.5,77.0,0.0,5.8,324.0,3.409154463296344,-4.692298567374695
2025-12-18 00:00:00,19.9,81.0,0.0,6.1,328.0,3.2325075118225497,-5.173093386554198
2025-12-18 01:00:00,19.4,84.0,0.0,4.9,327.0,2.668731271573633,-4.109485782932578
2025-12-18 02:00:00,18.8,87.0,0.0,5.6,345.0,1.4493866525741161,-5.4091846272187825
2025-12-18 03:00:00,18.6,88.0,0.0,4.3,332.0,2.0187277199793305,-3.7966746492933856
2025-12-18 04:00:00,18.5,89.0,0.0,3.5,332.0,1.643150469750618,-3.090316575006244
2025-12-18 05:00:00,18.5,89.0,0.0,3.6,323.0,2.1665340833473743,-2.875087836170254
2025-12-18 06:00:00,18.5,89.0,0.0,5.0,330.0,2.5000000000000004,-4.330127018922193
2025-12-18 07:00:00,18.5,87.0,0.0,5.0,334.0,2.1918557339453875,-4.493970231495835
2025-12-18 08:00:00,20.2,77.0,0.0,4.0,3.0,-0.20934382497177723,-3.9945181390182953
2025-12-18 09:00:00,23.0,66.0,0.0,1.5,315.0,1.0606601717798214,-1.0606601717798212
2025-12-18 10:00:00,25.2,57.0,0.0,4.7,270.0,4.7,0.0
2025-12-18 11:00:00,25.9,56.0,0.0,9.0,273.0,8.987665812791164,-0.4710236061864945
2025-12-18 12:00:00,26.0,56.0,0.0,11.7,270.0,11.7,0.0
2025-12-18 13:00:00,26.0,54.0,0.0,11.6,274.0,11.57174298301396,-0.8091750954318535
2025-12-18 14:00:00,25.5,56.0,0.0,11.6,278.0,11.487109597402215,-1.614407971136759
2025-12-18 15:00:00,25.0,60.0,0.0,9.0,267.0,8.987665812791164,0.4710236061864945
2025-12-18 16:00:00,23.9,66.0,0.0,6.8,259.0,6.675064847444115,1.2975011685605047
2025-12-18 17:00:00,23.4,70.0,0.0,4.7,247.0,4.32637281122647,1.8364363038995868
2025-12-18 18:00:00,22.8,73.0,0.1,3.4,288.0,3.233592155403522,-1.0506577808748212
2025-12-18 19:00:00,22.6,76.0,0.1,1.5,346.0,0.3628828433995015,-1.4554435894139948
2025-12-18 20:00:00,23.0,77.0,0.0,3.6,131.0,-2.716954488801979,2.3618125043658265
2025-12-18 21:00:00,23.0,79.0,0.1,3.8,177.0,-0.1988766337231866,3.7947922320673806
2025-12-18 22:00:00,22.6,82.0,0.1,3.5,195.0,0.9058666578588226,3.380740392011739
2025-12-18 23:00:00,22.3,84.0,0.1,2.9,240.0,2.511473670974872,1.4499999999999997
2025-12-19 00:00:00,21.9,85.0,0.0,2.7,278.0,2.67372378560224,-0.3757673725921767
2025-12-19 01:00:00,21.6,87.0,0.0,3.4,295.0,3.0814464759246096,-1.436902089918378
2025-12-19 02:00:00,21.1,91.0,0.0,3.1,357.0,0.1622414643531263,-3.0957515577391788
2025-12-19 03:00:00,20.9,92.0,0.0,1.8,6.0,-0.18815123388177604,-1.7901394116628921
2025-12-19 04:00:00,20.9,93.0,0.0,4.1,319.0,2.6898420188610794,-3.094309278913365
2025-12-19 05:00:00,20.5,95.0,0.0,4.2,353.0,0.5118512423016195,-4.168693836893553
2025-12-19 06:00:00,20.1,96.0,0.0,4.7,337.0,1.8364363038995866,-4.32637281122647
2025-12-19 07:00:00,20.1,93.0,0.0,4.9,336.0,1.9930095510714212,-4.476372742448745
2025-12-19 08:00:00,21.2,86.0,0.0,4.5,360.0,2.755455298081545e-16,-4.5
2025-12-19 09:00:00,22.1,80.0,0.0,3.3,351.0,0.516233734632762,-3.2593715239639547
2025-12-19 10:00:00,22.7,75.0,0.0,3.6,333.0,1.6343657990623686,-3.207623487078124
2025-12-19 11:00:00,23.1,72.0,0.1,4.7,344.0,1.2954955723398962,-4.517929970910099
2025-12-19 12:00:00,24.3,66.0,0.1,4.1,358.0,0.14308793648025442,-4.097502390778292
2025-12-19 13:00:00,25.3,61.0,0.0,3.1,291.0,2.8940993221413254,-1.1109406435904308
2025-12-19 14:00:00,25.0,64.0,0.0,3.1,13.0,-0.6973482684659823,-3.020547200834229
2025-12-19 15:00:00,24.5,66.0,0.0,0.7000000000000001,194.0,0.1693453269197674,0.6792070083931976
2025-12-19 16:00:00,23.6,71.0,0.5,5.7,226.0,4.100236861930312,3.9595527116162845
2025-12-19 17:00:00,22.5,84.0,0.4,4.6,219.0,2.894873798829252,3.5748714227020657
2025-12-19 18:00:00,22.2,87.0,0.1,1.6,243.0,1.4256104387013888,0.7263847995832748
2025-12-19 19:00:00,22.1,90.0,0.1,0.8,63.0,-0.7128052193506944,-0.36319239979163737
2025-12-19 20:00:00,21.5,88.0,0.3,8.2,327.0,4.466040087123222,-6.877098657152477
2025-12-19 21:00:00,21.2,88.0,0.0,9.3,350.0,1.614928052302453,-9.158712103013535
2025-12-19 22:00:00,20.7,89.0,0.0,9.2,360.0,5.633375276077824e-16,-9.2
2025-12-19 23:00:00,20.4,89.0,0.0,5.4,42.0,-3.613305274337834,-4.01298205757793
2025-12-20 00:00:00,20.1,92.0,0.0,2.5,176.0,-0.1743911843603133,2.4939101256495606
2025-12-20 01:00:00,20.3,93.0,0.1,3.0,253.0,2.868914267889106,0.8771151141682103
2025-12-20 02:00:00,21.4,94.0,0.3,9.5,219.0,5.978543714973457,7.382886633841224
2025-12-20 03:00:00,21.8,92.0,0.1,8.4,251.0,7.942356035034262,2.734772497440116
2025-12-20 04:00:00,21.3,94.0,0.2,6.3,301.0,5.400153994423308,-3.244739871933341
2025-12-20 05:00:00,20.9,96.0,0.3,1.3,315.0,0.9192388155425119,-0.9192388155425117
2025-12-20 06:00:00,20.7,97.0,0.2,2.3,288.0,2.1874299874788528,-0.710739087062379
2025-12-20 07:00:00,20.7,97.0,0.0,1.5,353.0,0.18280401510772123,-1.488819227461983
2025-12-20 08:00:00,19.9,94.0,0.1,7.8,37.0,-4.694157180585976,-6.229356978368884
2025-12-20 09:00:00,20.6,88.0,0.0,7.0,44.0,-4.862608593212981,-5.0353786023705585
2025-12-20 10:00:00,21.5,85.0,0.1,1.6,90.0,-1.6,1.9594348786357652e-16
2025-12-20 11:00:00,22.6,78.0,0.0,0.30000000000000004,225.0,0.2121320343559643,0.21213203435596428
2025-12-20 12:00:00,23.2,76.0,0.0,1.7000000000000002,311.0,1.2830062863787126,-1.1153003492838625
2025-12-20 13:00:00,23.4,75.0,0.0,2.3,309.0,1.7874357113510329,-1.4474368994146258
2025-12-20 14:00:00,23.4,78.0,0.0,1.1,279.0,1.0864571746546516,-0.17207791154425398
2025-12-20 15:00:00,23.4,79.0,0.0,1.3,326.0,0.7269507745119709,-1.0777488443215544
2025-12-20 16:00:00,23.4,79.0,0.4,2.7,20.0,-0.9234543869793052,-2.537170076121953
2025-12-20 17:00:00,22.6,86.0,0.0,2.9,94.0,-2.89293574575349,0.20229377385796402
2025-12-20 18:00:00,21.4,93.0,0.0,1.2,117.0,-1.0692078290260414,0.5447885996874562
2025-12-20 19:00:00,21.0,94.0,0.0,2.1,110.0,-1.9733545036504077,0.7182423009839046
2025-12-20 20:00:00,21.2,89.0,0.0,3.1,156.0,-1.260883593534981,2.8319909186920627
2025-12-20 21:00:00,21.1,91.0,0.0,2.7,184.0,0.18834247910913815,2.6934229357015256
2025-12-20 22:00:00,20.8,93.0,0.0,0.4,297.0,0.3564026096753472,-0.1815961998958187
2025-12-20 23:00:00,20.0,95.0,0.0,1.5,7.0,-0.18280401510772076,-1.4888192274619831
2025-12-21 00:00:00,19.5,94.0,0.0,2.5,356.0,0.1743911843603131,-2.4939101256495606
2025-12-21 01:00:00,19.2,93.0,0.0,5.4,345.0,1.397622843553612,-5.215999461960969
2025-12-21 02:00:00,18.9,94.0,0.0,9.4,3.0,-0.4919579886836765,-9.387117626692994
2025-12-21 03:00:00,18.7,96.0,0.0,7.2,359.0,0.1256573263484419,-7.198903405126018
2025-12-21 04:00:00,18.5,99.0,0.0,8.5,339.0,3.0461275711350533,-7.9354336252262145
2025-12-21 05:00:00,18.8,99.0,0.0,7.9,339.0,2.831106801407873,-7.375285369327894
2025-12-21 06:00:00,18.9,99.0,0.0,7.2,356.0,0.5022466109577017,-7.182461161870735
2025-12-21 07:00:00,18.8,98.0,0.0,6.2,26.0,-2.717901110092282,-5.572523087054835
2025-12-21 08:00:00,19.4,97.0,0.0,4.0,18.0,-1.2360679774997902,-3.804226065180614
2025-12-21 09:00:00,21.4,88.0,0.0,0.30000000000000004,315.0,0.2121320343559643,-0.21213203435596428
2025-12-21 10:00:00,23.6,78.0,0.0,2.2,270.0,2.2,0.0
2025-12-21 11:00:00,25.0,72.0,0.0,5.8,277.0,5.756767679519667,-0.7068421917498553
2025-12-21 12:00:00,25.8,68.0,0.0,9.0,269.0,8.998629256407522,0.1570716579355516
2025-12-21 13:00:00,25.3,68.0,0.0,13.4,275.0,13.34900895442939,-1.1678869528186195
2025-12-21 14:00:00,25.4,66.0,0.0,12.3,291.0,11.483039245915583,-4.4079257794071935
2025-12-21 15:00:00,25.7,63.0,0.0,7.3,303.0,6.122295146001595,-3.9758649556096977
2025-12-21 16:00:00,25.7,63.0,0.0,2.8,305.0,2.293625724009177,-1.6060140217829288
2025-12-21 17:00:00,24.5,71.0,0.0,3.5,298.0,3.0903165750062445,-1.6431504697506178
2025-12-21 18:00:00,22.7,80.0,0.0,8.7,333.0,3.949717347734057,-7.751756760438799
2025-12-21 19:00:00,21.5,75.0,0.0,13.5,344.0,3.7211043035294886,-12.977032895167305
2025-12-21 20:00:00,20.6,75.0,0.0,13.5,341.0,4.395170085171616,-12.764500770590775
2025-12-21 21:00:00,20.0,76.0,0.0,11.0,342.0,3.399186938124422,-10.461621679246688
2025-12-21 22:00:00,19.6,76.0,0.0,8.3,342.0,2.564841053312064,-7.893769085249775
2025-12-21 23:00:00,19.1,78.0,0.0,6.4,328.0,3.3914832910925115,-5.4275078154011265
2025-12-22 00:00:00,18.9,79.0,0.0,6.2,324.0,3.6442685642133337,-5.0159053651246746
2025-12-22 01:00:00,18.6,81.0,0.0,4.4,333.0,1.997558198854006,-3.920428706428819
2025-12-22 02:00:00,18.4,81.0,0.0,2.9,360.0,1.7757378587636622e-16,-2.9
2025-12-22 03:00:00,18.1,83.0,0.0,2.1,329.0,1.0815799573111138,-1.800051331474436
2025-12-22 04:00:00,17.7,84.0,0.0,4.2,342.0,1.2978713763747793,-3.994437368439645
2025-12-22 05:00:00,17.4,86.0,0.0,2.7,328.0,1.4307820134296534,-2.28972985962235
2025-12-22 06:00:00,17.4,87.0,0.0,4.6,321.0,2.894873798829252,-3.5748714227020657
2025-12-22 07:00:00,17.2,88.0,0.0,5.8,340.0,1.983716831288879,-5.450217200558268
2025-12-22 08:00:00,18.4,85.0,0.0,3.8,360.0,2.326828918379971e-16,-3.8
2025-12-22 09:00:00,21.2,74.0,0.0,1.2,333.0,0.5447885996874562,-1.0692078290260414
2025-12-22 10:00:00,23.5,65.0,0.0,2.8,281.0,2.748556113653459,-0.5342651870543255
2025-12-22 11:00:00,24.6,61.0,0.0,7.4,273.0,7.389858557183847,-0.3872860761977844
2025-12-22 12:00:00,24.8,60.0,0.0,10.6,269.0,10.598385568657747,0.18499550823520522
2025-12-22 13:00:00,24.5,62.0,0.0,11.5,266.0,11.471986577987979,0.802199448057441
2025-12-22 14:00:00,24.8,61.0,0.0,10.9,258.0,10.661808847998483,2.266237429913577
2025-12-22 15:00:00,24.3,63.0,0.0,8.7,266.0,8.67880723726047,0.6068813215738901
2025-12-22 16:00:00,23.5,66.0,0.0,4.2,252.0,3.994437368439645,1.2978713763747791
2025-12-22 17:00:00,22.7,71.0,0.0,3.9,257.0,3.8000432526624173,0.8773091119410735
2025-12-22 18:00:00,22.1,75.0,0.0,2.6,286.0,2.499280409439629,-0.7166571251241979
2025-12-22 19:00:00,21.8,80.0,0.0,2.4,287.0,2.295131414311285,-0.7016920913345682
2025-12-22 20:00:00,21.6,85.0,0.0,3.0,205.0,1.2678547852220983,2.7189233611099497
2025-12-22 21:00:00,22.1,83.0,0.0,3.7,231.0,2.8754400573907923,2.3284854468843985
2025-12-22 22:00:00,22.1,84.0,0.0,3.3,276.0,3.2819222547153015,-0.3449439287832564
2025-12-22 23:00:00,21.4,87.0,0.0,3.9,317.0,2.659793604243744,-2.8522794363147645
2025-12-23 00:00:00,20.6,89.0,0.0,4.4,330.0,2.2000000000000006,-3.81051177665153
2025-12-23 01:00:00,20.2,89.0,0.0,5.0,325.0,2.8678821817552307,-4.095760221444959
2025-12-23 02:00:00,19.7,91.0,0.0,5.2,344.0,1.4333142502483958,-4.998560818879258
2025-12-23 03:00:00,19.7,90.0,0.0,4.4,328.0,2.3316447626261017,-3.7314116230882743
2025-12-23 04:00:00,19.5,92.0,0.0,6.5,328.0,3.4444752175158317,-5.512312625016769
2025-12-23 05:00:00,18.9,92.0,0.0,8.7,342.0,2.6884478510620426,-8.274191691767834
2025-12-23 06:00:00,18.5,90.0,0.0,7.2,354.0,0.752604935527105,-7.160557646651568
2025-12-23 07:00:00,18.4,88.0,0.0,6.5,357.0,0.3401837155791358,-6.49109197590473
2025-12-23 08:00:00,20.1,80.0,0.0,2.9,30.0,-1.4500000000000013,-2.5114736709748713
2025-12-23 09:00:00,22.9,68.0,0.0,2.1,70.0,-1.9733545036504079,-0.7182423009839042
2025-12-23 10:00:00,25.0,58.0,0.0,3.5,201.0,1.2542878234085513,3.267531492740206
2025-12-23 11:00:00,26.0,58.0,0.0,7.2,252.0,6.8476069173251055,2.2249223594996215
2025-12-23 12:00:00,26.3,57.0,0.0,10.9,264.0,10.84028865951418,1.1393602496174229
2025-12-23 13:00:00,25.8,58.0,0.0,11.9,269.0,11.898187572361056,0.20768363660367378
2025-12-23 14:00:00,25.5,58.0,0.0,9.5,271.0,9.498553103985717,-0.16579786115419337
2025-12-23 15:00:00,25.8,56.0,0.0,8.0,286.0,7.690093567506551,-2.2050988465359933
2025-12-23 16:00:00,25.5,56.0,0.0,7.3,290.0,6.859756131737131,-2.4967470462773815
2025-12-23 17:00:00,24.5,62.0,0.0,6.2,287.0,5.9290894869708195,-1.812704569280968
2025-12-23 18:00:00,23.1,71.0,0.0,5.6,295.0,5.075323607405239,-2.366662265747917
2025-12-23 19:00:00,22.6,75.0,0.0,6.4,299.0,5.597566125692133,-3.1027815695765573
2025-12-23 20:00:00,21.9,85.0,0.0,2.2,294.0,2.0098000068137223,-0.8948206147667606
2025-12-23 21:00:00,21.6,86.0,0.0,2.3,342.0,0.7107390870623791,-2.1874299874788528
2025-12-23 22:00:00,21.0,88.0,0.0,2.7,360.0,1.6532731788489269e-16,-2.7
2025-12-23 23:00:00,20.5,89.0,0.0,2.5,339.0,0.895919873863251,-2.3339510662430043
2025-12-24 00:00:00,20.3,89.0,0.0,2.6,326.0,1.4539015490239418,-2.1554976886431088
2025-12-24 01:00:00,19.9,90.0,0.0,2.9,356.0,0.20229377385796318,-2.89293574575349
2025-12-24 02:00:00,19.5,91.0,0.0,5.4,42.0,-3.613305274337834,-4.01298205757793
2025-12-24 03:00:00,19.2,91.0,0.0,2.9,11.0,-0.5533460865919794,-2.8467188319982255
2025-12-24 04:00:00,19.0,92.0,0.0,2.7,20.0,-0.9234543869793052,-2.537170076121953
2025-12-24 05:00:00,18.7,93.0,0.0,3.4,16.0,-0.9371670097777962,-3.2682897661902843
2025-12-24 06:00:00,18.6,92.0,0.0,2.8,349.0,0.5342651870543257,-2.748556113653459
2025-12-24 07:00:00,18.9,90.0,0.0,2.7,360.0,1.6532731788489269e-16,-2.7
2025-12-24 08:00:00,20.3,80.0,0.0,1.3,360.0,7.960204194457797e-17,-1.3
2025-12-24 09:00:00,23.8,67.0,0.0,1.9,202.0,0.7117525274902327,1.761649323676896
2025-12-24 10:00:00,25.5,63.0,0.0,4.6,222.0,3.0780007892507477,3.4184661971960133
2025-12-24 11:00:00,26.5,61.0,0.0,8.2,261.0,8.09904439288013,1.282762613329893
2025-12-24 12:00:00,26.2,63.0,0.0,13.6,278.0,13.467645734885357,-1.89275417305689
2025-12-24 13:00:00,26.4,60.0,0.0,12.1,282.0,11.835585968879048,-2.515731458894888
2025-12-24 14:00:00,26.5,57.0,0.0,10.9,277.0,10.81875305289041,-1.3283758431161075
2025-12-24 15:00:00,26.0,60.0,0.0,10.8,273.0,10.785198975349399,-0.5652283274237935
2025-12-24 16:00:00,25.5,63.0,0.0,7.8,263.0,7.741859982802311,0.9505808785601503
2025-12-24 17:00:00,24.2,70.0,0.0,7.8,275.0,7.770318645115615,-0.6798147934317337
2025-12-24 18:00:00,23.3,75.0,0.0,7.0,291.0,6.535062985480412,-2.5085756468171017
2025-12-24 19:00:00,23.0,76.0,0.0,5.6,320.0,3.5996106142446203,-4.289848881466277
2025-12-24 20:00:00,22.9,77.0,0.0,7.6,346.0,1.8386064065574743,-7.3742475196975725
2025-12-24 21:00:00,22.5,77.0,0.0,4.5,40.0,-2.8925442435894277,-3.4471999940354006
2025-12-24 22:00:00,21.9,82.0,0.0,2.0,185.0,0.17431148549531628,1.992389396183491
2025-12-24 23:00:00,21.6,83.0,0.0,1.6,6.0,-0.1672455412282454,-1.5912350325892375
2025-12-25 00:00:00,21.1,85.0,0.0,6.4,350.0,1.1113483370683548,-6.3027696192781315
2025-12-25 01:00:00,20.8,84.0,0.0,5.1,333.0,2.3153515486716887,-4.544133273360675
2025-12-25 02:00:00,20.5,88.0,0.0,5.0,358.0,0.1744974835125054,-4.9969541350954785
2025-12-25 03:00:00,20.4,88.0,0.1,3.0,38.0,-1.846984425976974,-2.3640322608201663
2025-12-25 04:00:00,20.5,89.0,0.0,6.0,307.0,4.791813060283757,-3.6108901389122896
2025-12-25 05:00:00,20.5,87.0,0.0,7.8,338.0,2.9219314286441134,-7.232034065620942
2025-12-25 06:00:00,20.4,84.0,0.0,6.6,344.0,1.8192065483921944,-6.344327193192904
2025-12-25 07:00:00,19.8,80.0,0.0,9.9,359.0,0.17277882372910763,-9.898492182048274
2025-12-25 08:00:00,20.4,79.0,0.0,10.1,350.0,1.753846594435997,-9.9465583054233
2025-12-25 09:00:00,22.7,64.0,0.0,10.3,335.0,4.352968095929205,-9.334970206477495
2025-12-25 10:00:00,24.4,57.0,0.0,10.9,344.0,3.004447178405291,-10.477752485727676
2025-12-25 11:00:00,25.5,54.0,0.0,11.7,335.0,4.944633662366183,-10.603801108328804
2025-12-25 12:00:00,26.4,50.0,0.0,12.2,329.0,6.28346451390266,-10.45744106856577
2025-12-25 13:00:00,26.3,48.0,0.0,14.7,329.0,7.571059701177796,-12.60035932032105
2025-12-25 14:00:00,25.4,46.0,0.0,17.4,344.0,4.796089991215785,-16.725953509326747
2025-12-25 15:00:00,24.8,45.0,0.0,15.5,345.0,4.011695199089072,-14.971850307480558
2025-12-25 16:00:00,23.8,46.0,0.0,14.3,345.0,3.7011123449660466,-13.812739315933678
2025-12-25 17:00:00,21.9,50.0,0.0,13.4,345.0,3.468175204373778,-12.943406072273516
2025-12-25 18:00:00,20.2,53.0,0.0,14.0,345.0,3.6234666314352904,-13.522961568046956
2025-12-25 19:00:00,18.6,58.0,0.0,16.3,346.0,3.943326898274583,-15.815820338298742
2025-12-25 20:00:00,17.0,62.0,0.0,15.6,353.0,1.9011617571203008,-15.483719965604623
2025-12-25 21:00:00,16.2,64.0,0.0,12.8,355.0,1.1155935071700243,-12.751292135574344
2025-12-25 22:00:00,15.6,65.0,0.0,10.3,357.0,0.5390603493023229,-10.285884207972112
2025-12-25 23:00:00,15.1,67.0,0.0,8.8,356.0,0.6138569689483021,-8.778563642286453
2025-12-26 00:00:00,14.9,69.0,0.0,7.1,351.0,1.1106847017856396,-7.012587218225478
2025-12-26 01:00:00,14.9,69.0,0.0,6.8,343.0,1.98812759211461,-6.502872340548641
2025-12-26 02:00:00,14.7,71.0,0.1,6.8,358.0,0.23731657757700733,-6.795857623729851
2025-12-26 03:00:00,14.9,72.0,0.0,4.8,333.0,2.1791543987498248,-4.276831316104166
2025-12-26 04:00:00,15.4,73.0,0.0,4.8,318.0,3.2118269105225195,-3.5670951622914924
2025-12-26 05:00:00,15.2,75.0,0.0,4.2,317.0,2.8643931122624937,-3.071685546800516
2025-12-26 06:00:00,15.1,76.0,0.0,4.5,346.0,1.0886485301985045,-4.366330768241984
2025-12-26 07:00:00,15.0,78.0,0.0,4.3,336.0,1.7489675652259409,-3.9282454678631837
2025-12-26 08:00:00,15.1,74.0,0.0,4.0,360.0,2.4492935982947064e-16,-4.0
2025-12-26 09:00:00,17.0,68.0,0.0,3.7,309.0,2.8754400573907923,-2.3284854468843985
2025-12-26 10:00:00,18.2,64.0,0.0,4.2,295.0,3.80649270555393,-1.7749966993109376
2025-12-26 11:00:00,19.2,61.0,0.0,5.4,274.0,5.386845871403051,-0.37668495821827663
2025-12-26 12:00:00,19.9,60.0,0.0,7.0,267.0,6.9904067432820165,0.36635169370060683
2025-12-26 13:00:00,19.9,62.0,0.0,7.2,271.0,7.198903405126018,-0.1256573263484413
2025-12-26 14:00:00,20.2,61.0,0.0,7.6,301.0,6.5144714853360535,-3.9142893693164114
2025-12-26 15:00:00,19.8,64.0,0.0,5.7,311.0,4.301844607269801,-3.739536465245892
2025-12-26 16:00:00,19.8,63.0,0.0,6.9,323.0,4.152523659749134,-5.510585019326321
2025-12-26 17:00:00,19.4,65.0,0.0,6.1,326.0,3.4110767111715554,-5.057129192585754
2025-12-26 18:00:00,19.0,67.0,0.0,4.3,360.0,2.632990618166809e-16,-4.3
2025-12-26 19:00:00,18.9,68.0,0.0,3.8,11.0,-0.7250741824308695,-3.730183297101123
2025-12-26 20:00:00,19.1,69.0,0.0,3.4,317.0,2.318794424212495,-2.4866025855051794
2025-12-26 21:00:00,18.7,72.0,0.0,5.0,311.0,3.77354790111386,-3.2802951449525364
2025-12-26 22:00:00,18.4,75.0,0.0,6.6,323.0,3.971979152803519,-5.270994366312133
2025-12-26 23:00:00,18.4,73.0,0.0,7.4,337.0,2.8914103508206255,-6.811735915548059
2025-12-27 00:00:00,18.0,74.0,0.0,7.8,341.0,2.5394316047658227,-7.375044889674671
2025-12-27 01:00:00,17.4,77.0,0.1,7.4,4.0,-0.5161979057065293,-7.381973971922699
2025-12-27 02:00:00,16.8,78.0,0.1,7.0,360.0,4.286263797015736e-16,-7.0
2025-12-27 03:00:00,16.8,77.0,0.1,9.0,322.0,5.5409532779309245,-7.092096782460498
2025-12-27 04:00:00,16.8,77.0,0.1,9.7,348.0,2.0167434009322665,-9.488031727117914
2025-12-27 05:00:00,16.4,80.0,0.2,9.6,4.0,-0.6696621479436056,-9.576614882494312
2025-12-27 06:00:00,16.0,83.0,0.1,8.4,7.0,-1.0237024846032363,-8.337387673787106
2025-12-27 07:00:00,16.5,81.0,0.0,9.6,346.0,2.3224501977568095,-9.314838972249566
2025-12-27 08:00:00,17.2,80.0,0.0,8.3,355.0,0.7233926648055626,-8.268415994161488
2025-12-27 09:00:00,19.0,73.0,0.0,7.8,334.0,3.419294944954804,-7.010593561133502
2025-12-27 10:00:00,19.1,70.0,0.0,8.0,8.0,-1.1133848076805266,-7.922144549932562
2025-12-27 11:00:00,20.9,64.0,0.0,8.9,8.0,-1.2386405985445859,-8.813385811799975
2025-12-27 12:00:00,19.9,72.0,0.5,5.0,19.0,-1.6278407722857833,-4.727592877996584
2025-12-27 13:00:00,20.5,70.0,0.0,2.1,52.0,-1.6548225825741163,-1.2928890981838823
2025-12-27 14:00:00,20.9,68.0,0.0,6.3,3.0,-0.3297165243305491,-6.291366068953815
2025-12-27 15:00:00,21.5,61.0,0.0,7.5,339.0,2.687759621589753,-7.001853198729013
2025-12-27 16:00:00,21.5,56.0,0.0,7.3,337.0,2.8523372379716982,-6.719685430202815
2025-12-27 17:00:00,21.5,54.0,0.0,6.1,358.0,0.21288692988525657,-6.096284044816484
2025-12-27 18:00:00,20.2,64.0,0.0,3.5,69.0,-3.267531492740206,-1.2542878234085515
2025-12-27 19:00:00,19.1,67.0,0.0,7.5,8.0,-1.0437982572004938,-7.4270105155617765
2025-12-27 20:00:00,18.6,69.0,0.0,10.6,1.0,-0.18499550823520508,-10.598385568657747
2025-12-27 21:00:00,18.2,71.0,0.0,8.5,359.0,0.14834545471691057,-8.498705408829325
2025-12-27 22:00:00,17.8,73.0,0.0,10.8,349.0,2.0607371500666853,-10.601573581234772
2025-12-27 23:00:00,17.5,75.0,0.0,10.5,347.0,2.3619860706105817,-10.23088568024497
2025-12-28 00:00:00,17.1,77.0,0.0,8.6,359.0,0.15009069536063893,-8.598690178344965
2025-12-28 01:00:00,16.7,79.0,0.0,5.1,350.0,0.885605706101345,-5.022519540362261
2025-12-28 02:00:00,16.4,81.0,0.0,7.2,348.0,1.496964173887868,-7.0426627252834
2025-12-28 03:00:00,16.2,81.0,0.0,5.7,351.0,0.8916764507293163,-5.629823541392286
2025-12-28 04:00:00,16.2,81.0,0.0,8.0,342.0,2.4721359549995796,-7.608452130361228
2025-12-28 05:00:00,16.2,80.0,0.0,7.0,350.0,1.2155372436685128,-6.893654271085456
2025-12-28 06:00:00,16.3,80.0,0.0,5.8,356.0,0.40458754771592637,-5.78587149150698
2025-12-28 07:00:00,16.4,78.0,0.0,5.2,358.0,0.18147738285300563,-5.196832300499298
2025-12-28 08:00:00,17.1,77.0,0.0,8.1,3.0,-0.4239212455678489,-8.088899231512048
2025-12-28 09:00:00,19.4,65.0,0.0,6.3,360.0,3.8576374173141627e-16,-6.3
2025-12-28 10:00:00,20.0,62.0,0.0,6.5,5.0,-0.5665123278597786,-6.475265537596346
2025-12-28 11:00:00,22.2,54.0,0.0,5.2,340.0,1.778504745293478,-4.886401628086723
2025-12-28 12:00:00,24.0,46.0,0.0,7.0,320.0,4.499513267805775,-5.362311101832846
2025-12-28 13:00:00,24.9,42.0,0.0,7.5,318.0,5.018479547691436,-5.573586191080457
2025-12-28 14:00:00,25.0,41.0,0.0,9.2,318.0,6.156001578501495,-6.836932394392027
2025-12-28 15:00:00,25.4,40.0,0.0,8.4,320.0,5.399415921366931,-6.4347733221994154
2025-12-28 16:00:00,25.1,40.0,0.0,7.8,323.0,4.694157180585977,-6.229356978368884
2025-12-28 17:00:00,24.1,43.0,0.0,5.1,333.0,2.3153515486716887,-4.544133273360675
2025-12-28 18:00:00,23.0,49.0,0.0,6.0,5.0,-0.5229344564859495,-5.977168188550474
2025-12-28 19:00:00,22.3,51.0,0.0,7.2,14.0,-1.7418376483176081,-6.986129229187175
2025-12-28 20:00:00,20.0,62.0,0.0,8.9,6.0,-0.9303033230821149,-8.851244868777634
2025-12-28 21:00:00,19.6,66.0,0.0,8.4,351.0,1.3140495063379398,-8.296582060999157
2025-12-28 22:00:00,19.4,68.0,0.0,8.2,350.0,1.4239150568688292,-8.075423574700105
2025-12-28 23:00:00,18.6,73.0,0.0,8.4,349.0,1.6027955611629774,-8.245668340960378
2025-12-29 00:00:00,17.8,78.0,0.0,9.1,350.0,1.5801984167690668,-8.961750552411093
2025-12-29 01:00:00,17.2,82.0,0.0,8.0,351.0,1.2514757203218474,-7.901506724761102
2025-12-29 02:00:00,17.1,84.0,0.0,8.9,354.0,0.9303033230821158,-8.851244868777632
2025-12-29 03:00:00,17.0,84.0,0.0,7.4,346.0,1.7902220274375409,-7.180188374442374
2025-12-29 04:00:00,16.6,86.0,0.0,7.4,347.0,1.6646378021446004,-7.2103384794107415
2025-12-29 05:00:00,16.4,85.0,0.0,6.9,355.0,0.6013746249588412,-6.873743416833045
2025-12-29 06:00:00,16.6,82.0,0.0,5.8,4.0,-0.40458754771592836,-5.78587149150698
2025-12-29 07:00:00,16.5,81.0,0.0,6.7,8.0,-0.932459776432441,-6.634796060568521
2025-12-29 08:00:00,17.6,77.0,0.0,5.9,12.0,-1.226678975824783,-5.771070844329453
2025-12-29 09:00:00,19.6,67.0,0.0,4.4,353.0,0.536225110982649,-4.367203067221817
2025-12-29 10:00:00,21.6,58.0,0.0,3.6,351.0,0.5631640741448314,-3.555678026142496
2025-12-29 11:00:00,22.8,54.0,0.0,4.7,344.0,1.2954955723398962,-4.517929970910099
2025-12-29 12:00:00,24.2,49.0,0.0,4.2,320.0,2.6997079606834653,-3.2173866610997077
2025-12-29 13:00:00,25.5,44.0,0.0,5.0,305.0,4.095760221444959,-2.8678821817552302
2025-12-29 14:00:00,26.5,39.0,0.0,6.9,327.0,3.758009341603687,-5.786826918823426
2025-12-29 15:00:00,26.6,38.0,0.0,5.7,307.0,4.55222240726957,-3.4303456319666754
2025-12-29 16:00:00,26.1,40.0,0.0,4.8,301.0,4.114403043370139,-2.47218275956826
2025-12-29 17:00:00,25.0,44.0,0.0,2.1,301.0,1.800051331474436,-1.0815799573111138
2025-12-29 18:00:00,23.2,54.0,0.0,0.8,315.0,0.5656854249492381,-0.565685424949238
2025-12-29 19:00:00,22.5,56.0,0.0,3.1,36.0,-1.822134282106667,-2.507952682562337
2025-12-29 20:00:00,21.6,67.0,0.0,6.1,2.0,-0.21288692988525462,-6.096284044816484
2025-12-29 21:00:00,21.1,68.0,0.0,8.7,21.0,-3.117801161044116,-8.122149710525653
2025-12-29 22:00:00,20.2,72.0,0.0,9.4,13.0,-2.1145399108323333,-9.159078608981211
2025-12-29 23:00:00,19.5,77.0,0.0,8.1,1.0,-0.14136449214199634,-8.098766330766768
2025-12-30 00:00:00,19.0,80.0,0.0,7.1,351.0,1.1106847017856396,-7.012587218225478
2025-12-30 01:00:00,18.5,83.0,0.0,7.1,350.0,1.232902061435206,-6.992135046386677
2025-12-30 02:00:00,17.9,86.0,0.0,8.7,352.0,1.2108059783525695,-8.61533219805166
2025-12-30 03:00:00,17.8,86.0,0.0,8.0,344.0,2.2050988465359933,-7.690093567506551
2025-12-30 04:00:00,17.9,86.0,0.0,8.7,339.0,3.117801161044113,-8.122149710525655
2025-12-30 05:00:00,17.4,89.0,0.0,9.8,352.0,1.3638963894086416,-9.70462707366739
2025-12-30 06:00:00,16.9,91.0,0.0,10.3,354.0,1.0766431716568308,-10.243575522293215
2025-12-30 07:00:00,17.0,89.0,0.0,10.4,350.0,1.8059410477360764,-10.242000631326963
2025-12-30 08:00:00,18.7,76.0,0.0,11.5,346.0,2.782101799396178,-11.15840085217396
2025-12-30 09:00:00,21.2,63.0,0.0,10.9,351.0,1.705135668938517,-10.765802912487002
2025-12-30 10:00:00,23.5,51.0,0.0,11.8,351.0,1.845926687474725,-11.654722419022626
2025-12-30 11:00:00,25.8,42.0,0.0,11.4,345.0,2.9505371141687364,-11.01155441969538
2025-12-30 12:00:00,27.2,39.0,0.0,11.6,330.0,5.800000000000001,-10.045894683899487
2025-12-30 13:00:00,28.1,36.0,0.0,13.0,322.0,8.003599179233557,-10.244139796887387
2025-12-30 14:00:00,28.0,40.0,0.0,15.2,317.0,10.366375072949976,-11.11657626461139
2025-12-30 15:00:00,27.5,44.0,0.0,15.3,319.0,10.037703143554761,-11.547056577408412
2025-12-30 16:00:00,26.7,48.0,0.0,14.1,323.0,8.485591826443882,-11.260760691666828
2025-12-30 17:00:00,25.4,52.0,0.0,11.1,330.0,5.550000000000001,-9.612881982007268
2025-12-30 18:00:00,23.9,58.0,0.0,10.9,343.0,3.186851581477831,-10.423721839997087
2025-12-30 19:00:00,22.5,65.0,0.0,10.6,350.0,1.8406706832694624,-10.438962181929405
2025-12-30 20:00:00,21.0,74.0,0.0,12.5,356.0,0.8719559218015654,-12.469550628247802
2025-12-30 21:00:00,20.1,77.0,0.0,10.4,352.0,1.447400249984681,-10.298787914912332
2025-12-30 22:00:00,19.4,80.0,0.0,9.3,347.0,2.092044805397944,-9.06164160250269
2025-12-30 23:00:00,18.7,82.0,0.0,9.6,346.0,2.3224501977568095,-9.314838972249566
2025-12-31 00:00:00,18.0,85.0,0.0,9.4,343.0,2.7482940243937257,-8.989264706052534
2025-12-31 01:00:00,17.5,87.0,0.0,9.0,345.0,2.3293714059226867,-8.693332436601615
2025-12-31 02:00:00,16.8,89.0,0.0,10.9,8.0,-1.5169868004647176,-10.793921949283115
2025-12-31 03:00:00,16.5,90.0,0.0,7.7,16.0,-2.1224076397908913,-7.401715058725056
2025-12-31 04:00:00,17.0,87.0,0.0,6.1,5.0,-0.5316500307607153,-6.076787658359647
2025-12-31 05:00:00,17.0,86.0,0.0,6.4,350.0,1.1113483370683548,-6.3027696192781315
2025-12-31 06:00:00,16.7,87.0,0.0,7.0,348.0,1.4553818357243162,-6.847033205136639
2025-12-31 07:00:00,16.4,88.0,0.0,7.1,353.0,0.8652723381765471,-7.047077676653386
2025-12-31 08:00:00,17.2,83.0,0.0,6.7,14.0,-1.6208767005177742,-6.500981366049176
2025-12-31 09:00:00,20.5,65.0,0.0,4.3,360.0,2.632990618166809e-16,-4.3
2025-12-31 10:00:00,23.5,53.0,0.0,4.6,334.0,2.016507275229756,-4.134452612976168
2025-12-31 11:00:00,25.2,47.0,0.0,6.9,313.0,5.046340541172277,-4.70578868443124
2025-12-31 12:00:00,26.1,44.0,0.0,9.8,305.0,8.027690034032121,-5.621049076240252
2025-12-31 13:00:00,26.5,43.0,0.0,12.8,305.0,10.485146166899096,-7.34177838529339
2025-12-31 14:00:00,26.0,47.0,0.0,14.2,311.0,10.716876039163362,-9.316038211665203
2025-12-31 15:00:00,25.9,48.0,0.0,13.2,305.0,10.81280698461469,-7.5712089598338075
2025-12-31 16:00:00,25.0,51.0,0.0,14.1,308.0,11.110951625854778,-8.680826802091781
2025-12-31 17:00:00,23.6,58.0,0.0,14.2,310.0,10.877831092289487,-9.127584057548857
2025-12-31 18:00:00,22.3,64.0,0.0,14.3,321.0,8.999281592012677,-11.113187248834684
2025-12-31 19:00:00,21.5,65.0,0.0,12.8,344.0,3.5281581544575893,-12.304149708010483
2025-12-31 20:00:00,20.5,68.0,0.0,13.2,356.0,0.920785453422453,-13.167845463429678
2025-12-31 21:00:00,19.6,71.0,0.0,10.8,349.0,2.0607371500666853,-10.601573581234772
2025-12-31 22:00:00,19.0,73.0,0.0,9.7,349.0,1.8508472551524855,-9.52178367944234
2025-12-31 23:00:00,18.5,76.0,0.0,10.2,346.0,2.46760333511661,-9.897016408015164
2026-01-01 00:00:00,18.0,78.0,0.0,9.5,349.0,1.8126854560771768,-9.325458242752807
2026-01-01 01:00:00,17.6,80.0,0.0,9.3,344.0,2.5634274090980926,-8.939733772226367
2026-01-01 02:00:00,17.1,83.0,0.0,10.1,4.0,-0.7045403848156684,-10.075396907624224
2026-01-01 03:00:00,17.0,83.0,0.0,9.1,21.0,-3.261148340862236,-8.495581881124535
2026-01-01 04:00:00,16.8,84.0,0.0,6.5,358.0,0.226846728566257,-6.496040375624123
2026-01-01 05:00:00,17.0,84.0,0.0,7.6,338.0,2.8470101099609306,-7.046597294707584
2026-01-01 06:00:00,16.9,84.0,0.0,10.0,343.0,2.9237170472273677,-9.563047559630354
2026-01-01 07:00:00,16.9,83.0,0.0,11.5,350.0,1.9969540431696997,-11.325289159640393
2026-01-01 08:00:00,18.0,77.0,0.0,10.8,359.0,0.18848598952266288,-10.798355107689027
2026-01-01 09:00:00,20.1,66.0,0.0,10.7,355.0,0.932566447399942,-10.659283269581676
2026-01-01 10:00:00,22.5,56.0,0.0,10.8,350.0,1.8754003188028485,-10.635923732531847
2026-01-01 11:00:00,24.4,50.0,0.0,12.8,338.0,4.794964395723674,-11.86795333845488
2026-01-01 12:00:00,25.4,47.0,0.0,14.3,331.0,6.932777569522621,-12.50706181209336
2026-01-01 13:00:00,26.0,44.0,0.0,14.3,326.0,7.9964585196316795,-11.855237287537097
2026-01-01 14:00:00,26.1,41.0,0.0,13.5,318.0,9.033263185844586,-10.032455143944823
2026-01-01 15:00:00,25.5,45.0,0.0,15.1,309.0,11.734904018000261,-9.502737904852545
2026-01-01 16:00:00,23.8,55.0,0.0,17.2,310.0,13.175964421646421,-11.055946886608474
2026-01-01 17:00:00,22.4,59.0,0.0,15.8,318.0,10.572263580469961,-11.74168824254283
2026-01-01 18:00:00,21.0,62.0,0.0,13.7,338.0,5.132110329797993,-12.702418807564987
2026-01-01 19:00:00,19.5,65.0,0.0,14.3,348.0,2.9731371786939604,-13.987510690493421
2026-01-01 20:00:00,18.6,68.0,0.0,15.4,353.0,1.8767878884392715,-15.285210735276358
2026-01-01 21:00:00,18.3,66.0,0.0,13.9,347.0,3.1268196553797223,-13.54374390051477
2026-01-01 22:00:00,17.4,68.0,0.0,13.1,347.0,2.9468588119046304,-12.764247848686582
2026-01-01 23:00:00,16.6,70.0,0.0,13.1,351.0,2.049291492027025,-12.938717261796304
2026-01-02 00:00:00,16.4,70.0,0.0,11.9,349.0,2.2706270449808845,-11.681363483027202
2026-01-02 01:00:00,16.0,72.0,0.0,11.5,346.0,2.782101799396178,-11.15840085217396
2026-01-02 02:00:00,16.0,72.0,0.0,12.4,351.0,1.9397873664988636,-12.247335423379708
2026-01-02 03:00:00,15.9,73.0,0.0,11.2,345.0,2.8987733051482323,-10.818369254437565
2026-01-02 04:00:00,15.6,74.0,0.0,10.5,347.0,2.3619860706105817,-10.23088568024497
2026-01-02 05:00:00,14.9,76.0,0.0,11.4,349.0,2.175222547292612,-11.19054989130337
2026-01-02 06:00:00,14.9,75.0,0.0,12.0,347.0,2.6994126521263793,-11.692440777422823
2026-01-02 07:00:00,14.3,76.0,0.0,12.4,351.0,1.9397873664988636,-12.247335423379708
2026-01-02 08:00:00,15.1,69.0,0.0,14.7,354.0,1.5365684100345058,-14.619471861913617
2026-01-02 09:00:00,16.5,62.0,0.0,13.8,353.0,1.6817969389910354,-13.697136892650244
2026-01-02 10:00:00,18.3,54.0,0.0,12.7,353.0,1.547740661245373,-12.605336125844788
2026-01-02 11:00:00,20.4,48.0,0.0,10.6,349.0,2.022575350991376,-10.405248144545238
2026-01-02 12:00:00,21.5,44.0,0.0,9.9,338.0,3.7086052748175287,-9.179120160211196
2026-01-02 13:00:00,22.4,42.0,0.0,8.5,325.0,4.875399708983893,-6.96279237645643
2026-01-02 14:00:00,22.0,43.0,0.0,9.9,327.0,5.391926446648768,-8.302838622659698
2026-01-02 15:00:00,21.5,44.0,0.0,12.0,332.0,5.633658753430691,-10.595371114307122
2026-01-02 16:00:00,20.6,46.0,0.0,13.6,340.0,4.6514739492290955,-12.779819642688352
2026-01-02 17:00:00,18.7,49.0,0.0,15.9,347.0,3.5767217640674525,-15.49248403008524
2026-01-02 18:00:00,17.1,52.0,0.0,16.7,349.0,3.1865102227883,-16.393173963575986
2026-01-02 19:00:00,15.9,54.0,0.0,14.9,352.0,2.0736792043049754,-14.7549942242494
2026-01-02 20:00:00,14.9,56.0,0.0,14.2,352.0,1.9762580336329296,-14.061806576130298
2026-01-02 21:00:00,14.1,59.0,0.0,12.3,349.0,2.346950643131503,-12.074014356406268
2026-01-02 22:00:00,13.1,62.0,0.0,10.0,352.0,1.3917310096006545,-9.902680687415703
2026-01-02 23:00:00,12.7,64.0,0.0,8.7,342.0,2.6884478510620426,-8.274191691767834
2026-01-03 00:00:00,12.2,66.0,0.0,8.4,345.0,2.174079978861174,-8.113776940828174
2026-01-03 01:00:00,11.8,67.0,0.0,8.5,343.0,2.4851594901432623,-8.1285904256858
2026-01-03 02:00:00,11.5,68.0,0.0,8.4,345.0,2.174079978861174,-8.113776940828174
2026-01-03 03:00:00,11.8,68.0,0.0,7.7,332.0,3.61493103345136,-6.798696465013737
2026-01-03 04:00:00,11.6,69.0,0.0,7.0,337.0,2.735117899424916,-6.4435339741670825
2026-01-03 05:00:00,11.2,69.0,0.0,5.4,345.0,1.397622843553612,-5.215999461960969
2026-01-03 06:00:00,10.9,71.0,0.0,3.6,340.0,1.2312725159724078,-3.38289343482927
2026-01-03 07:00:00,11.1,72.0,0.0,2.7,328.0,1.4307820134296534,-2.28972985962235
2026-01-03 08:00:00,14.6,64.0,0.0,4.5,331.0,2.181643291108517,-3.935788682127281
2026-01-03 09:00:00,17.1,57.0,0.0,4.7,313.0,3.437362397610101,-3.205392292293743
2026-01-03 10:00:00,18.5,57.0,0.0,5.2,292.0,4.821356043747294,-1.9479542857627425
2026-01-03 11:00:00,19.8,57.0,0.0,7.4,236.0,6.134878036907308,4.138027485683527
2026-01-03 12:00:00,20.1,58.0,0.2,11.3,222.0,7.561175851855099,8.397536527894555
2026-01-03 13:00:00,19.8,61.0,0.0,12.4,222.0,8.297219518849843,9.214995835919689
2026-01-03 14:00:00,20.0,57.0,0.0,11.3,239.0,9.68599049793387,5.8199302464836125
2026-01-03 15:00:00,20.0,55.0,0.0,10.9,250.0,10.242649566566403,3.728019562249789
2026-01-03 16:00:00,19.5,58.0,0.0,10.8,240.0,9.353074360871938,5.3999999999999995
2026-01-03 17:00:00,18.9,61.0,0.0,9.2,235.0,7.536198807458724,5.276903214429623
2026-01-03 18:00:00,18.4,63.0,0.0,8.1,227.0,5.9239649831152805,5.524186716506238
2026-01-03 19:00:00,18.2,65.0,0.0,8.6,219.0,5.412155363028602,6.68345526852995
2026-01-03 20:00:00,18.8,62.0,0.0,11.8,197.0,3.449986115728294,11.28439612036382
2026-01-03 21:00:00,18.4,65.0,0.0,7.6,199.0,2.474317973874391,7.185941174554807
2026-01-03 22:00:00,17.6,69.0,0.0,3.9,204.0,1.5862729079956208,3.562827284806143
2026-01-03 23:00:00,17.1,73.0,0.0,1.4,230.0,1.0724622203665692,0.8999026535611548
2026-01-04 00:00:00,16.3,78.0,0.0,0.5,270.0,0.5,0.0
2026-01-04 01:00:00,16.4,77.0,0.0,1.8,281.0,1.7669289302057951,-0.34345619167778063
2026-01-04 02:00:00,14.9,72.0,0.0,1.6,6.0,-0.1672455412282454,-1.5912350325892375
2026-01-04 03:00:00,14.5,67.0,0.0,1.9,22.0,-0.7117525274902333,-1.7616493236768958
2026-01-04 04:00:00,14.1,62.0,0.0,1.7000000000000002,18.0,-0.5253288904374109,-1.6167960777017611
2026-01-04 05:00:00,13.9,61.0,0.0,0.9,349.0,0.17172809583889043,-0.8834644651028976
2026-01-04 06:00:00,14.2,63.0,0.0,2.1,329.0,1.0815799573111138,-1.800051331474436
2026-01-04 07:00:00,14.4,67.0,0.0,3.3,319.0,2.1649947956686737,-2.4905416147351476
2026-01-04 08:00:00,15.7,61.0,0.0,8.1,12.0,-1.6840846956238542,-7.9229955659438245
2026-01-04 09:00:00,18.4,52.0,0.0,6.0,39.0,-3.7759223462990272,-4.662875768741824
2026-01-04 10:00:00,20.8,51.0,0.0,3.8,31.0,-1.957144684658207,-3.257235742668026
2026-01-04 11:00:00,22.1,50.0,0.0,5.4,296.0,4.853487850015503,-2.3672041926610183
2026-01-04 12:00:00,22.9,47.0,0.0,8.6,290.0,8.081356538758811,-2.9413732326007507
2026-01-04 13:00:00,23.1,45.0,0.0,9.4,281.0,9.227295524408042,-1.7936045565395213
2026-01-04 14:00:00,22.9,50.0,0.0,12.8,269.0,12.798050498001809,0.22339080239722897
2026-01-04 15:00:00,21.9,53.0,0.0,14.2,270.0,14.2,0.0
2026-01-04 16:00:00,21.5,49.0,0.0,11.6,278.0,11.487109597402215,-1.614407971136759
2026-01-04 17:00:00,21.0,52.0,0.0,8.9,277.0,8.833660749607766,-1.0846371563058126
2026-01-04 18:00:00,20.4,58.0,0.0,5.9,288.0,5.611233446141406,-1.8232002668121898
2026-01-04 19:00:00,19.9,62.0,0.0,6.7,329.0,3.450755101897363,-5.743020914704153
2026-01-04 20:00:00,19.4,68.0,0.0,7.5,352.0,1.043798257200491,-7.427010515561777
2026-01-04 21:00:00,19.0,68.0,0.0,5.6,345.0,1.4493866525741161,-5.4091846272187825
2026-01-04 22:00:00,18.5,69.0,0.0,7.5,318.0,5.018479547691436,-5.573586191080457
2026-01-04 23:00:00,17.9,73.0,0.0,8.3,336.0,3.375914137529142,-7.582427298433588
2026-01-05 00:00:00,17.2,77.0,0.0,9.0,337.0,3.5165801564034633,-8.284543681071963
2026-01-05 01:00:00,16.6,79.0,0.0,8.5,353.0,1.0358894189437537,-8.436642288951237
2026-01-05 02:00:00,15.9,79.0,0.0,8.6,10.0,-1.4933743279356009,-8.469346675904989
2026-01-05 03:00:00,15.5,80.0,0.0,7.1,9.0,-1.1106847017856403,-7.012587218225477
2026-01-05 04:00:00,15.2,81.0,0.0,7.4,354.0,0.7735106281806357,-7.359462025725223
2026-01-05 05:00:00,15.2,81.0,0.0,7.5,345.0,1.9411428382689055,-7.244443697168013
2026-01-05 06:00:00,14.9,81.0,0.0,8.8,343.0,2.5728710015600837,-8.415481852474713
2026-01-05 07:00:00,14.9,80.0,0.0,10.1,350.0,1.753846594435997,-9.9465583054233
2026-01-05 08:00:00,16.5,74.0,0.0,9.2,1.0,-0.16056213922300816,-9.1985987954388
2026-01-05 09:00:00,19.5,61.0,0.0,7.8,345.0,2.0187885517996618,-7.534221445054732
2026-01-05 10:00:00,21.6,50.0,0.0,7.7,342.0,2.3794308566870956,-7.323135175472682
2026-01-05 11:00:00,23.1,40.0,0.0,9.3,326.0,5.200494002277946,-7.7100494247618885
2026-01-05 12:00:00,23.9,38.0,0.0,11.1,312.0,8.248907562799076,-7.427349730583326
2026-01-05 13:00:00,24.2,38.0,0.0,13.2,308.0,10.401741947608729,-8.126731474298689
2026-01-05 14:00:00,24.1,38.0,0.0,14.9,312.0,11.072857899613174,-9.970046034746987
2026-01-05 15:00:00,23.9,42.0,0.0,16.3,311.0,12.301766157631185,-10.693762172545268
2026-01-05 16:00:00,22.8,52.0,0.0,17.2,317.0,11.730371793074973,-12.579283667849731
2026-01-05 17:00:00,21.8,58.0,0.0,14.9,323.0,8.967043844965522,-11.899669099704663
2026-01-05 18:00:00,20.8,59.0,0.0,15.4,336.0,6.263744303367323,-14.068600047696053
2026-01-05 19:00:00,19.7,59.0,0.0,14.1,350.0,2.4484393051037188,-13.885789317472133
2026-01-05 20:00:00,18.9,62.0,0.0,15.0,355.0,1.307336141214872,-14.942920471376183
2026-01-05 21:00:00,17.8,70.0,0.0,14.3,354.0,1.4947570247274444,-14.221663103766309
2026-01-05 22:00:00,16.8,76.0,0.0,14.6,359.0,0.2548051339843405,-14.597776349283313
2026-01-05 23:00:00,16.1,78.0,0.0,13.5,356.0,0.9417123955456906,-13.467114678507627
2026-01-06 00:00:00,15.4,82.0,0.0,13.3,352.0,1.8510022427688708,-13.170565314262886
2026-01-06 01:00:00,14.9,84.0,0.0,13.7,351.0,2.1431521710511636,-13.531330266153386
2026-01-06 02:00:00,14.4,85.0,0.0,14.1,358.0,0.49208290350526523,-14.09141066096925
2026-01-06 03:00:00,14.2,84.0,0.0,13.6,355.0,1.1853181013681506,-13.548247894047739
2026-01-06 04:00:00,13.8,85.0,0.0,13.3,352.0,1.8510022427688708,-13.170565314262886
2026-01-06 05:00:00,13.6,85.0,0.0,12.2,352.0,1.6979118317127986,-12.081270438647158
2026-01-06 06:00:00,13.2,85.0,0.0,11.6,352.0,1.6144079711367594,-11.487109597402215
2026-01-06 07:00:00,13.0,85.0,0.0,10.9,352.0,1.5169868004647136,-10.793921949283117
2026-01-06 08:00:00,14.2,78.0,0.0,11.1,351.0,1.7364225619465632,-10.96334058060603
2026-01-06 09:00:00,16.8,65.0,0.0,8.2,352.0,1.1412194278725367,-8.120198163680877
2026-01-06 10:00:00,19.2,55.0,0.0,7.7,335.0,3.2541606154033857,-6.978569960182205
2026-01-06 11:00:00,21.0,48.0,0.0,10.5,329.0,5.407899786555569,-9.00025665737218
2026-01-06 12:00:00,22.1,43.0,0.0,12.7,325.0,7.284420741658286,-10.403230962470195
2026-01-06 13:00:00,22.6,39.0,0.0,14.9,325.0,8.546288901630588,-12.205365459905979
2026-01-06 14:00:00,21.5,43.0,0.0,18.9,339.0,6.773154246406176,-17.64467006079711
2026-01-06 15:00:00,21.0,46.0,0.0,19.8,340.0,6.771998837848243,-18.605913891560984
2026-01-06 16:00:00,20.1,49.0,0.0,19.2,343.0,5.613536730676546,-18.36105131449028
2026-01-06 17:00:00,18.6,54.0,0.0,18.1,340.0,6.190564594194607,-17.00843643622494
2026-01-06 18:00:00,17.3,59.0,0.0,17.1,339.0,6.128091937224637,-15.964225293102151
2026-01-06 19:00:00,16.1,63.0,0.0,19.3,344.0,5.319800967268084,-18.552350731609554
2026-01-06 20:00:00,15.7,64.0,0.0,20.1,351.0,3.144332747308642,-19.85253564596227
2026-01-06 21:00:00,14.7,68.0,0.0,19.7,355.0,1.7169681321288652,-19.625035552407386
2026-01-06 22:00:00,14.1,69.0,0.0,20.1,354.0,2.1010221116798347,-19.989890096902293
2026-01-06 23:00:00,13.4,72.0,0.0,21.1,353.0,2.571443145848612,-20.942723799631896
2026-01-07 00:00:00,13.2,70.0,0.0,18.3,354.0,1.9128708777980583,-18.1997506852394
2026-01-07 01:00:00,12.9,68.0,0.0,18.7,352.0,2.6025369879532243,-18.518012885467364
2026-01-07 02:00:00,12.6,67.0,0.0,18.7,358.0,0.6526205883367702,-18.68860846525709
2026-01-07 03:00:00,12.2,66.0,0.0,18.1,354.0,1.8919651851445278,-18.000846306165748
2026-01-07 04:00:00,12.3,65.0,0.0,17.3,352.0,2.4076946466091327,-17.131637589229168
2026-01-07 05:00:00,12.2,64.0,0.0,15.6,352.0,2.171100374977021,-15.448181872368497
2026-01-07 06:00:00,12.1,63.0,0.0,16.1,350.0,2.79573566043758,-15.855404823496551
2026-01-07 07:00:00,12.1,62.0,0.0,15.3,348.0,3.1810488695117196,-14.965658291227227
2026-01-07 08:00:00,13.1,59.0,0.0,15.7,347.0,3.531731553198679,-15.297610017128193
2026-01-07 09:00:00,13.9,55.0,0.0,13.1,353.0,1.596488398607432,-13.002354586501317
2026-01-07 10:00:00,14.4,54.0,0.0,12.3,346.0,2.9756393158759127,-11.934637433194757
2026-01-07 11:00:00,15.9,48.0,0.0,12.6,347.0,2.8343832847326977,-12.277062816293963
2026-01-07 12:00:00,16.9,44.0,0.0,11.8,347.0,2.6544224412576063,-11.497566764465777
2026-01-07 13:00:00,17.2,44.0,0.0,11.5,350.0,1.9969540431696997,-11.325289159640393
2026-01-07 14:00:00,17.1,48.0,0.0,8.3,14.0,-2.0079517334772428,-8.053454528090771
2026-01-07 15:00:00,17.7,47.0,0.0,7.6,341.0,2.474317973874391,-7.185941174554807
2026-01-07 16:00:00,17.8,47.0,0.0,6.6,339.0,2.3652284669989823,-6.161630814881531
2026-01-07 17:00:00,17.4,49.0,0.0,5.2,346.0,1.257993857118272,-5.045537776635181
2026-01-07 18:00:00,16.8,54.0,0.0,3.8,17.0,-1.111012477946401,-3.633958072659534
2026-01-07 19:00:00,16.5,56.0,0.0,5.2,6.0,-0.5435480089917974,-5.1715138559150216
2026-01-07 20:00:00,17.0,52.0,0.0,6.6,347.0,1.4846769586695083,-6.430842427582553
2026-01-07 21:00:00,16.0,57.0,0.0,9.3,344.0,2.5634274090980926,-8.939733772226367
2026-01-07 22:00:00,15.0,63.0,0.0,11.1,347.0,2.4969567032169007,-10.81550771911611
2026-01-07 23:00:00,14.2,65.0,0.0,10.1,349.0,1.9271708533031036,-9.914434552821406
2026-01-08 00:00:00,14.1,64.0,0.0,8.0,355.0,0.6972459419812651,-7.969557584733964
2026-01-08 01:00:00,13.6,64.0,0.0,7.9,13.0,-1.7771133293165355,-7.697523511803358
2026-01-08 02:00:00,13.0,67.0,0.0,7.6,7.0,-0.9262070098791184,-7.543350752474048
2026-01-08 03:00:00,12.9,67.0,0.0,7.0,334.0,3.0685980275235423,-6.2915583240941695
2026-01-08 04:00:00,13.1,66.0,0.0,7.2,338.0,2.697167472594566,-6.675723752880869
2026-01-08 05:00:00,13.1,67.0,0.0,7.3,10.0,-1.2676316969685915,-7.189096596989119
2026-01-08 06:00:00,12.4,72.0,0.0,7.5,336.0,3.0505248230685016,-6.851590932319507
2026-01-08 07:00:00,12.9,71.0,0.0,8.4,340.0,2.872969203935618,-7.893418014601631
2026-01-08 08:00:00,13.7,62.0,0.0,7.1,339.0,2.5444124417716325,-6.628421028130132
2026-01-08 09:00:00,16.1,53.0,0.0,7.5,352.0,1.043798257200491,-7.427010515561777
2026-01-08 10:00:00,16.6,52.0,0.0,5.3,12.0,-1.1019319613341267,-5.18418228388917
2026-01-08 11:00:00,17.5,51.0,0.0,3.6,20.0,-1.2312725159724067,-3.3828934348292705
2026-01-08 12:00:00,19.4,46.0,0.0,5.4,345.0,1.397622843553612,-5.215999461960969
2026-01-08 13:00:00,20.2,44.0,0.0,1.2,321.0,0.755184469259805,-0.9325751537483651
2026-01-08 14:00:00,20.1,45.0,0.0,2.7,302.0,2.28972985962235,-1.4307820134296534
2026-01-08 15:00:00,21.0,44.0,0.0,4.0,297.0,3.5640260967534716,-1.815961998958187
2026-01-08 16:00:00,20.8,45.0,0.0,3.7,247.0,3.4058679577740296,1.445705175410313
2026-01-08 17:00:00,20.4,48.0,0.0,4.7,223.0,3.205392292293743,3.437362397610101
2026-01-08 18:00:00,19.5,55.0,0.0,2.1,239.0,1.800051331474436,1.0815799573111138
2026-01-08 19:00:00,19.0,55.0,0.0,4.9,356.0,0.34180672134621365,-4.8880638462731385
2026-01-08 20:00:00,18.1,53.0,0.0,6.5,358.0,0.226846728566257,-6.496040375624123
2026-01-08 21:00:00,17.2,47.0,0.0,8.8,332.0,4.13134975251584,-7.7699388171585575
2026-01-08 22:00:00,16.0,49.0,0.0,9.4,336.0,3.8233244449125223,-8.587327301840448
2026-01-08 23:00:00,15.1,53.0,0.0,9.1,352.0,1.2664752187365957,-9.01143942554829
2026-01-09 00:00:00,14.5,56.0,0.0,7.5,17.0,-2.192787785420528,-7.172285669722765
2026-01-09 01:00:00,14.6,59.0,0.0,6.0,25.0,-2.5357095704441948,-5.4378467222199
2026-01-09 02:00:00,14.8,59.0,0.0,2.7,37.0,-1.6249005625105304,-2.1563158771276907
2026-01-09 03:00:00,14.7,62.0,0.1,3.4,357.0,0.17794225122600948,-3.395340418165551
2026-01-09 04:00:00,14.4,66.0,0.1,4.3,360.0,2.632990618166809e-16,-4.3
2026-01-09 05:00:00,14.2,70.0,0.1,4.7,18.0,-1.4523798735622535,-4.469965626587221
2026-01-09 06:00:00,14.2,73.0,0.1,4.2,348.0,0.8732291014345898,-4.108219923081983
2026-01-09 07:00:00,14.2,75.0,0.1,4.8,331.0,2.327086177182418,-4.1981745942691
2026-01-09 08:00:00,14.9,60.0,0.0,6.7,8.0,-0.932459776432441,-6.634796060568521
2026-01-09 09:00:00,16.7,58.0,0.0,4.2,353.0,0.5118512423016195,-4.168693836893553
2026-01-09 10:00:00,18.5,55.0,0.0,3.3,347.0,0.7423384793347542,-3.2154212137912763
2026-01-09 11:00:00,19.5,54.0,0.0,2.8,305.0,2.293625724009177,-1.6060140217829288
2026-01-09 12:00:00,20.7,52.0,0.0,5.2,266.0,5.187333061351086,0.3627336634694516
2026-01-09 13:00:00,20.8,52.0,0.0,8.8,268.0,8.794639277768043,0.30711557098200853
2026-01-09 14:00:00,20.7,56.0,0.0,11.9,260.0,11.719212260845277,2.066413314236471
2026-01-09 15:00:00,20.0,55.0,0.0,11.9,269.0,11.898187572361056,0.20768363660367378
2026-01-09 16:00:00,19.9,49.0,0.0,8.8,271.0,8.798659717376244,-0.15358117664809492
2026-01-09 17:00:00,19.4,50.0,0.0,6.4,286.0,6.1520748540052415,-1.7640790772287946
2026-01-09 18:00:00,18.5,54.0,0.0,2.9,313.0,2.1209257346955943,-1.9777952441812454
2026-01-09 19:00:00,17.9,62.0,0.0,0.9,323.0,0.5416335208368436,-0.7187719590425635
2026-01-09 20:00:00,18.2,60.0,0.0,4.5,16.0,-1.2403681011764949,-4.325677631722436
2026-01-09 21:00:00,17.5,59.0,0.0,6.2,22.0,-2.3225608791786563,-5.748539898314082
2026-01-09 22:00:00,16.5,59.0,0.0,7.4,6.0,-0.7735106281806349,-7.3594620257252235
2026-01-09 23:00:00,15.6,58.0,0.0,7.6,359.0,0.13263828892335533,-7.598842483188573
2026-01-10 00:00:00,15.1,62.0,0.0,7.7,359.0,0.13438352956708371,-7.698827252704213
2026-01-10 01:00:00,14.8,65.0,0.0,6.5,341.0,2.116193003971519,-6.145870741395559
2026-01-10 02:00:00,14.7,66.0,0.0,8.7,339.0,3.117801161044113,-8.122149710525655
2026-01-10 03:00:00,14.4,67.0,0.0,8.8,341.0,2.8649997592229797,-8.320563465273988
2026-01-10 04:00:00,13.8,62.0,0.0,9.2,1.0,-0.16056213922300816,-9.1985987954388
2026-01-10 05:00:00,13.4,62.0,0.0,8.3,4.0,-0.5789787320762424,-8.27978161715654
2026-01-10 06:00:00,13.1,63.0,0.0,5.1,18.0,-1.5759866713122324,-4.850388233105282
2026-01-10 07:00:00,12.8,66.0,0.0,2.2,360.0,1.3471114790620887e-16,-2.2
2026-01-10 08:00:00,15.2,59.0,0.0,1.3,16.0,-0.35832856256209855,-1.2496402047198147
2026-01-10 09:00:00,18.6,53.0,0.0,1.3,214.0,0.7269507745119709,1.0777488443215544
2026-01-10 10:00:00,20.6,53.0,0.0,6.7,276.0,6.663296698967431,-0.7003407038932783
2026-01-10 11:00:00,21.0,51.0,0.0,9.8,283.0,9.548826634895306,-2.204520332569877
2026-01-10 12:00:00,21.5,49.0,0.0,10.9,287.0,10.423721839997087,-3.186851581477831
2026-01-10 13:00:00,22.1,45.0,0.0,11.9,305.0,9.747909327039002,-6.825559592577449
2026-01-10 14:00:00,22.3,45.0,0.0,10.3,313.0,7.5329431266774565,-7.024583108643735
2026-01-10 15:00:00,22.4,46.0,0.0,11.3,303.0,9.476977417783292,-6.154421095669806
2026-01-10 16:00:00,21.7,50.0,0.0,12.0,303.0,10.064046815345089,-6.5356684201803255
2026-01-10 17:00:00,21.2,52.0,0.0,11.3,309.0,8.781749364463773,-7.111320418863163
2026-01-10 18:00:00,20.7,51.0,0.0,12.1,339.0,4.3362521894981345,-11.29632316061614
2026-01-10 19:00:00,19.6,52.0,0.0,11.5,1.0,-0.20070267402876021,-11.4982484942985
2026-01-10 20:00:00,19.6,52.0,0.0,11.9,356.0,0.8301020375550903,-11.871012198091908
2026-01-10 21:00:00,18.8,56.0,0.0,9.5,2.0,-0.33154521867375725,-9.49421285668141
2026-01-10 22:00:00,18.1,60.0,0.0,8.7,6.0,-0.9093976304285841,-8.652340489703978
2026-01-10 23:00:00,17.8,62.0,0.0,8.6,358.0,0.3001356716415093,-8.594761112364223
2026-01-11 00:00:00,17.4,64.0,0.0,10.5,356.0,0.732442974313315,-10.474422527728153
2026-01-11 01:00:00,17.0,65.0,0.0,10.3,348.0,2.1414904154229224,-10.074920287558198
2026-01-11 02:00:00,16.8,67.0,0.0,10.3,354.0,1.0766431716568308,-10.243575522293215
2026-01-11 03:00:00,16.5,67.0,0.0,8.7,7.0,-1.0602632876247804,-8.635151519279502
2026-01-11 04:00:00,15.9,68.0,0.0,9.2,357.0,0.48149079743508444,-9.18739171974208
2026-01-11 05:00:00,15.6,68.0,0.0,8.1,4.0,-0.5650274373274172,-8.080268807104575
2026-01-11 06:00:00,14.9,70.0,0.0,7.9,344.0,2.1775351109542935,-7.59396739791272
2026-01-11 07:00:00,14.6,71.0,0.0,5.7,347.0,1.2822210097600302,-5.553909369275841
2026-01-11 08:00:00,15.6,66.0,0.0,3.5,12.0,-0.7276909178621592,-3.4235166025683195
2026-01-11 09:00:00,18.3,55.0,0.0,0.6000000000000001,34.0,-0.335515742082448,-0.4974225435330252
2026-01-11 10:00:00,20.7,50.0,0.0,3.1,234.0,2.5079526825623373,1.8221342821066668
2026-01-11 11:00:00,22.2,44.0,0.0,6.1,247.0,5.6150796060598855,2.3834598837845697
2026-01-11 12:00:00,22.4,42.0,0.0,9.7,251.0,9.171530183313372,3.15801109823442
2026-01-11 13:00:00,22.0,48.0,0.0,10.5,251.0,9.927945043792826,3.4184656218001455
2026-01-11 14:00:00,21.7,52.0,0.0,10.2,260.0,10.045039080724521,1.7712114122026892
2026-01-11 15:00:00,21.5,53.0,0.0,9.4,266.0,9.377102072442348,0.6557108531947778
2026-01-11 16:00:00,21.1,56.0,0.0,6.8,259.0,6.675064847444115,1.2975011685605047
2026-01-11 17:00:00,20.6,58.0,0.0,3.6,261.0,3.555678026142496,0.5631640741448312
2026-01-11 18:00:00,20.3,60.0,0.0,2.2,204.0,0.8948206147667606,2.0098000068137223
2026-01-11 19:00:00,20.3,61.0,0.0,5.6,195.0,1.4493866525741161,5.4091846272187825
2026-01-11 20:00:00,20.8,60.0,0.0,9.9,213.0,5.391926446648768,8.302838622659698
2026-01-11 21:00:00,19.8,65.0,0.0,6.8,191.0,1.2975011685605053,6.675064847444115
2026-01-11 22:00:00,18.9,66.0,0.0,4.8,158.0,-1.798111648396378,4.45048250192058
2026-01-11 23:00:00,18.2,61.0,0.0,4.8,115.0,-4.350277377775919,2.0285676563553574
2026-01-12 00:00:00,18.0,57.0,0.0,3.0,155.0,-1.267854785222098,2.71892336110995
2026-01-12 01:00:00,17.8,60.0,0.0,1.8,264.0,1.790139411662892,0.18815123388177626
2026-01-12 02:00:00,17.5,55.0,0.0,3.4,74.0,-3.2682897661902843,-0.9371670097777965
2026-01-12 03:00:00,17.1,53.0,0.0,4.0,80.0,-3.939231012048832,-0.6945927106677219
2026-01-12 04:00:00,17.0,52.0,0.0,3.9,62.0,-3.443495612149815,-1.8309390948649744
2026-01-12 05:00:00,16.9,53.0,0.0,1.8,66.0,-1.6443818237566816,-0.7321259575364404
2026-01-12 06:00:00,16.4,57.0,0.0,0.7000000000000001,346.0,0.1693453269197674,-0.6792070083931976
2026-01-12 07:00:00,16.4,56.0,0.0,1.1,351.0,0.17207791154425403,-1.0864571746546516
2026-01-12 08:00:00,18.1,57.0,0.0,2.4,63.0,-2.138415658052083,-1.089577199374912
2026-01-12 09:00:00,20.0,57.0,0.0,1.4,90.0,-1.4,1.7145055188062944e-16
2026-01-12 10:00:00,21.5,56.0,0.0,1.6,270.0,1.6,0.0
2026-01-12 11:00:00,22.1,54.0,0.0,5.9,290.0,5.54418646263686,-2.0179188456214456
2026-01-12 12:00:00,23.1,50.0,0.0,9.1,292.0,8.437373076557765,-3.408920000084799
2026-01-12 13:00:00,23.2,52.0,0.0,13.3,289.0,12.575397055470916,-4.330056454280184
2026-01-12 14:00:00,23.2,51.0,0.0,13.2,282.0,12.911548329686234,-2.7444343187944233
2026-01-12 15:00:00,22.2,56.0,0.0,15.3,282.0,14.965658291227228,-3.1810488695117183
2026-01-12 16:00:00,21.6,56.0,0.0,11.4,288.0,10.84204428576475,-3.5227937358744006
2026-01-12 17:00:00,21.4,54.0,0.0,8.6,292.0,7.973781149274371,-3.221616703376843
2026-01-12 18:00:00,20.7,55.0,0.0,4.9,298.0,4.326443205008743,-2.300410657650865
2026-01-12 19:00:00,20.2,57.0,0.0,2.3,331.0,1.1150621265665752,-2.01162532642061
2026-01-12 20:00:00,19.6,62.0,0.0,0.2,360.0,1.2246467991473533e-17,-0.2
2026-01-12 21:00:00,19.2,58.0,0.0,3.6,360.0,2.2043642384652358e-16,-3.6
2026-01-12 22:00:00,18.9,57.0,0.0,6.5,358.0,0.226846728566257,-6.496040375624123
2026-01-12 23:00:00,18.2,56.0,0.0,7.3,349.0,1.3929056662487778,-7.165878439167947
2026-01-13 00:00:00,17.6,57.0,0.0,7.4,346.0,1.7902220274375409,-7.180188374442374
2026-01-13 01:00:00,17.4,57.0,0.0,7.8,352.0,1.0855501874885105,-7.724090936184249
2026-01-13 02:00:00,17.1,57.0,0.0,10.8,1.0,-0.1884859895226618,-10.798355107689027
2026-01-13 03:00:00,17.0,57.0,0.0,11.0,2.0,-0.38389446372750835,-10.993299097210054
2026-01-13 04:00:00,17.0,57.0,0.0,12.6,355.0,1.0981623586204925,-12.552053195955994
2026-01-13 05:00:00,16.9,59.0,0.0,13.8,353.0,1.6817969389910354,-13.697136892650244
2026-01-13 06:00:00,16.7,60.0,0.0,13.9,354.0,1.452945639420383,-13.823854345618999
2026-01-13 07:00:00,16.7,60.0,0.0,13.5,351.0,2.1118652780431173,-13.33379259803436
2026-01-13 08:00:00,18.1,57.0,0.0,13.0,354.0,1.358870022479495,-12.928784639787553
2026-01-13 09:00:00,20.1,52.0,0.0,11.5,356.0,0.8021994480574401,-11.471986577987979
2026-01-13 10:00:00,22.4,46.0,0.0,9.8,353.0,1.1943195653704455,-9.726952286084956
2026-01-13 11:00:00,24.0,41.0,0.0,10.8,332.0,5.0702928780876215,-9.535834002876411
2026-01-13 12:00:00,25.1,38.0,0.0,12.3,321.0,7.7406408099130015,-9.558895325920743
2026-01-13 13:00:00,26.0,35.0,0.0,12.3,316.0,8.544297956645666,-8.847879544165409
2026-01-13 14:00:00,25.9,35.0,0.0,12.7,306.0,10.274515828561832,-7.464872704114408
2026-01-13 15:00:00,25.3,39.0,0.0,14.0,305.0,11.468128620045885,-8.030070108914645
2026-01-13 16:00:00,24.6,39.0,0.0,12.9,307.0,10.302398079610077,-7.763413798661423
2026-01-13 17:00:00,23.7,37.0,0.0,9.4,320.0,6.04220353105347,-7.200817765318393
2026-01-13 18:00:00,22.0,39.0,0.0,8.6,359.0,0.15009069536063893,-8.598690178344965
2026-01-13 19:00:00,21.2,42.0,0.0,9.2,17.0,-2.689819683449181,-8.798003754859923
2026-01-13 20:00:00,20.5,43.0,0.0,6.5,2.0,-0.22684672856625496,-6.496040375624123
2026-01-13 21:00:00,19.6,40.0,0.0,4.4,339.0,1.5768189779993218,-4.107753876587688
2026-01-13 22:00:00,18.8,44.0,0.0,4.0,328.0,2.1196770569328196,-3.392192384625704
2026-01-13 23:00:00,18.0,50.0,0.0,4.2,335.0,1.7749966993109376,-3.80649270555393
2026-01-14 00:00:00,17.7,55.0,0.0,2.6,335.0,1.0988074805258186,-2.3564002462952898
2026-01-14 01:00:00,17.2,61.0,0.0,1.3,326.0,0.7269507745119709,-1.0777488443215544
2026-01-14 02:00:00,17.2,59.0,0.0,3.2,341.0,1.0418180942629016,-3.0256594419178136
2026-01-14 03:00:00,17.0,64.0,0.0,2.9,330.0,1.4500000000000002,-2.5114736709748717
2026-01-14 04:00:00,16.5,67.0,0.0,2.7,328.0,1.4307820134296534,-2.28972985962235
2026-01-14 05:00:00,16.0,71.0,0.0,1.7000000000000002,328.0,0.9008627491964484,-1.4416817634659242
2026-01-14 06:00:00,15.4,74.0,0.0,1.1,342.0,0.3399186938124422,-1.0461621679246689
2026-01-14 07:00:00,15.4,75.0,0.0,0.2,360.0,1.2246467991473533e-17,-0.2
2026-01-14 08:00:00,17.5,68.0,0.0,0.2,360.0,1.2246467991473533e-17,-0.2
2026-01-14 09:00:00,21.0,59.0,0.0,1.3,188.0,0.18092503124808512,1.2873484893640414
2026-01-14 10:00:00,23.0,58.0,0.0,3.8,229.0,2.8678964048465336,2.4930243101639276
2026-01-14 11:00:00,24.2,54.0,0.0,6.2,260.0,6.10580806867569,1.0766187015349682
2026-01-14 12:00:00,24.6,54.0,0.0,9.1,255.0,8.789925019230521,2.3552533104329387
2026-01-14 13:00:00,24.3,56.0,0.0,11.2,260.0,11.029846833736729,1.9448595898696195
2026-01-14 14:00:00,24.0,55.0,0.0,12.1,267.0,12.083417370530343,0.6332650705396203
2026-01-14 15:00:00,23.8,55.0,0.0,11.4,273.0,11.384376696202143,-0.5966299011695597
2026-01-14 16:00:00,23.0,57.0,0.0,11.0,284.0,10.67325298903596,-2.661140851596345
2026-01-14 17:00:00,22.1,60.0,0.0,8.5,295.0,7.703616189811524,-3.592255224795945
2026-01-14 18:00:00,21.2,63.0,0.0,7.1,308.0,5.594876350607725,-4.371196474812174
2026-01-14 19:00:00,20.9,65.0,0.0,6.8,333.0,3.0871353982289182,-6.058844364480901
2026-01-14 20:00:00,20.9,62.0,0.0,5.5,324.0,3.232818887608602,-4.449593469062211
2026-01-14 21:00:00,20.4,63.0,0.0,5.2,340.0,1.778504745293478,-4.886401628086723
2026-01-14 22:00:00,19.9,63.0,0.0,6.1,341.0,1.985965742188656,-5.7676633111558315
2026-01-14 23:00:00,19.5,63.0,0.0,6.3,345.0,1.6305599841458807,-6.085332705621131
2026-01-15 00:00:00,18.9,64.0,0.0,6.7,357.0,0.3506509068277246,-6.690817882855645
2026-01-15 01:00:00,18.8,63.0,0.0,6.3,353.0,0.7677768634524291,-6.253040755340328
2026-01-15 02:00:00,18.2,64.0,0.0,6.0,17.0,-1.7542302283364226,-5.7378285357782115
2026-01-15 03:00:00,18.2,63.0,0.0,5.6,343.0,1.6372815464473258,-5.355306633392998
2026-01-15 04:00:00,18.2,61.0,0.0,6.0,350.0,1.0418890660015825,-5.908846518073248
2026-01-15 05:00:00,18.0,61.0,0.0,5.1,6.0,-0.5330951626650321,-5.072061666378194
2026-01-15 06:00:00,18.3,59.0,0.0,4.2,20.0,-1.436484601967808,-3.9467090073008158
2026-01-15 07:00:00,18.1,59.0,0.0,4.8,13.0,-1.0797650608505531,-4.6769763109691285
2026-01-15 08:00:00,19.0,57.0,0.0,6.7,9.0,-1.048110915769548,-6.617511881987422
2026-01-15 09:00:00,21.4,48.0,0.0,6.6,351.0,1.032467469265524,-6.518743047927909
2026-01-15 10:00:00,24.2,39.0,0.0,7.6,342.0,2.3485291572496005,-7.228029523843166
2026-01-15 11:00:00,25.6,36.0,0.0,5.9,315.0,4.171930009000631,-4.17193000900063
2026-01-15 12:00:00,26.6,34.0,0.0,5.8,277.0,5.756767679519667,-0.7068421917498553
2026-01-15 13:00:00,26.1,41.0,0.0,11.7,247.0,10.769906785393552,4.571554203324503
2026-01-15 14:00:00,25.6,45.0,0.0,12.1,274.0,12.070525008143873,-0.8440533323039161
2026-01-15 15:00:00,25.7,43.0,0.0,9.5,284.0,9.217809399621967,-2.2982580081968433
2026-01-15 16:00:00,25.3,43.0,0.0,7.2,271.0,7.198903405126018,-0.1256573263484413
2026-01-15 17:00:00,24.4,45.0,0.0,8.7,266.0,8.67880723726047,0.6068813215738901
2026-01-15 18:00:00,23.1,53.0,0.0,7.4,274.0,7.381973971922699,-0.5161979057065272
2026-01-15 19:00:00,22.6,54.0,0.0,4.4,291.0,4.107753876587688,-1.5768189779993214
2026-01-15 20:00:00,22.5,48.0,0.0,5.3,308.0,4.176456994115626,-3.263005819225989
2026-01-15 21:00:00,22.1,43.0,0.0,4.7,337.0,1.8364363038995866,-4.32637281122647
2026-01-15 22:00:00,21.2,45.0,0.0,3.9,34.0,-2.1808523235359116,-3.233246532964663
2026-01-15 23:00:00,20.0,57.0,0.0,3.3,99.0,-3.2593715239639542,0.5162337346327622
2026-01-16 00:00:00,20.0,64.0,0.0,1.1,279.0,1.0864571746546516,-0.17207791154425398
2026-01-16 01:00:00,20.2,62.0,0.0,1.9,319.0,1.2465121550819638,-1.4339482024232668
2026-01-16 02:00:00,20.1,61.0,0.0,5.9,346.0,1.4273391840380394,-5.7247447850283795
2026-01-16 03:00:00,19.8,63.0,0.0,5.8,338.0,2.1727182418122895,-5.377666356487367
2026-01-16 04:00:00,19.3,64.0,0.0,4.7,344.0,1.2954955723398962,-4.517929970910099
2026-01-16 05:00:00,18.6,67.0,0.0,3.1,350.0,0.5383093507674843,-3.052904034337845
2026-01-16 06:00:00,18.0,69.0,0.0,2.3,342.0,0.7107390870623791,-2.1874299874788528
2026-01-16 07:00:00,18.1,69.0,0.0,4.8,323.0,2.888712111129832,-3.8334504482270053
2026-01-16 08:00:00,19.3,65.0,0.0,10.6,345.0,2.74348187808672,-10.238813758664124
2026-01-16 09:00:00,22.5,51.0,0.0,8.0,346.0,1.9353751647973414,-7.762365810207972
2026-01-16 10:00:00,24.6,43.0,0.0,6.7,354.0,0.7003407038932782,-6.663296698967431
2026-01-16 11:00:00,26.4,39.0,0.0,8.0,308.0,6.304086028853775,-4.925291802605266
2026-01-16 12:00:00,27.0,39.0,0.0,11.0,310.0,8.426488874308758,-7.070663706551931
2026-01-16 13:00:00,27.5,37.0,0.0,10.2,311.0,7.698037718272274,-6.691802095703173
2026-01-16 14:00:00,27.1,39.0,0.0,14.0,313.0,10.238951822668387,-9.54797704087498
2026-01-16 15:00:00,26.9,40.0,0.0,16.1,323.0,9.68922187274798,-12.858031711761416
2026-01-16 16:00:00,25.9,43.0,0.0,16.9,329.0,8.704143465979914,-14.486127381865698
2026-01-16 17:00:00,24.8,46.0,0.0,15.8,337.0,6.173551830130525,-14.543976684548559
2026-01-16 18:00:00,23.6,49.0,0.0,12.3,354.0,1.2857000981921376,-12.232619313029762
2026-01-16 19:00:00,22.7,52.0,0.0,10.3,1.0,-0.17975978630402004,-10.298431260110831
2026-01-16 20:00:00,22.6,52.0,0.0,11.4,6.0,-1.1916244812512484,-11.337549607198318
2026-01-16 21:00:00,22.0,55.0,0.0,8.6,8.0,-1.196888668256566,-8.516305391177504
2026-01-16 22:00:00,21.5,58.0,0.0,7.8,13.0,-1.7546182238821488,-7.600086505324834
2026-01-16 23:00:00,21.0,60.0,0.0,6.6,351.0,1.032467469265524,-6.518743047927909
2026-01-17 00:00:00,20.3,64.0,0.0,8.8,349.0,1.6791191593135955,-8.638319214339443
2026-01-17 01:00:00,19.6,70.0,0.0,9.3,351.0,1.4548405248741476,-9.185501567534782
2026-01-17 02:00:00,19.2,74.0,0.0,11.2,4.0,-0.7812725059342065,-11.17271736291003
2026-01-17 03:00:00,19.1,74.0,0.0,9.8,7.0,-1.1943195653704424,-9.726952286084957
2026-01-17 04:00:00,19.0,74.0,0.0,7.8,7.0,-0.950580878560148,-7.741859982802312
2026-01-17 05:00:00,18.6,74.0,0.0,5.7,351.0,0.8916764507293163,-5.629823541392286
2026-01-17 06:00:00,19.4,71.0,0.0,6.7,333.0,3.0417363482549638,-5.969743712062065
2026-01-17 07:00:00,19.6,70.0,0.0,5.6,327.0,3.0499785960841517,-4.696555180494374
2026-01-17 08:00:00,20.5,70.0,0.0,3.4,335.0,1.436902089918378,-3.0814464759246096
2026-01-17 09:00:00,22.2,63.0,0.0,2.6,304.0,2.1554976886431083,-1.453901549023942
2026-01-17 10:00:00,23.7,57.0,0.0,1.7000000000000002,283.0,1.6564291101349,-0.38241679238457055
2026-01-17 11:00:00,25.4,51.0,0.0,6.7,268.0,6.695918541027941,0.2338266279067565
2026-01-17 12:00:00,26.3,47.0,0.0,9.9,271.0,9.898492182048274,-0.17277882372910677
2026-01-17 13:00:00,26.0,48.0,0.0,11.6,266.0,11.57174298301396,0.8091750954318535
2026-01-17 14:00:00,24.8,54.0,0.0,12.3,278.0,12.180297245521317,-1.711829141808805
2026-01-17 15:00:00,24.2,49.0,0.0,11.6,300.0,10.045894683899489,-5.799999999999999
2026-01-17 16:00:00,24.6,47.0,0.0,8.2,303.0,6.877098657152477,-4.466040087123222
2026-01-17 17:00:00,23.8,54.0,0.0,7.1,285.0,6.858073366652385,-1.8376152202278973
2026-01-17 18:00:00,22.4,63.0,0.0,5.6,287.0,5.355306633392998,-1.6372815464473258
2026-01-17 19:00:00,21.9,68.0,0.0,3.6,270.0,3.6,0.0
2026-01-17 20:00:00,21.4,75.0,0.0,3.9,242.0,3.4434956121498153,1.8309390948649742
2026-01-17 21:00:00,21.6,78.0,0.0,3.8,259.0,3.730183297101123,0.7250741824308702
2026-01-17 22:00:00,21.5,78.0,0.0,4.4,300.0,3.8105117766515306,-2.1999999999999997
2026-01-17 23:00:00,21.0,80.0,0.0,1.9,311.0,1.4339482024232668,-1.2465121550819638
2026-01-18 00:00:00,20.3,83.0,0.0,1.6,333.0,0.726384799583275,-1.4256104387013886
2026-01-18 01:00:00,20.0,83.0,0.0,3.5,345.0,0.9058666578588226,-3.380740392011739
2026-01-18 02:00:00,19.5,83.0,0.0,4.6,13.0,-1.0347748499817802,-4.482102298012081
2026-01-18 03:00:00,18.8,84.0,0.0,2.3,39.0,-1.447436899414627,-1.7874357113510322
2026-01-18 04:00:00,18.9,82.0,0.0,2.4,343.0,0.7016920913345682,-2.295131414311285
2026-01-18 05:00:00,18.7,83.0,0.0,3.8,349.0,0.7250741824308706,-3.730183297101123
2026-01-18 06:00:00,18.1,85.0,0.0,4.1,358.0,0.14308793648025442,-4.097502390778292
2026-01-18 07:00:00,17.9,83.0,0.0,5.9,333.0,2.6785439484633264,-5.25693849271137
2026-01-18 08:00:00,19.2,75.0,0.0,5.6,356.0,0.3906362529671013,-5.586358681455015
2026-01-18 09:00:00,21.9,66.0,0.0,2.8,50.0,-2.1449244407331385,-1.7998053071223097
2026-01-18 10:00:00,24.0,61.0,0.0,1.1,198.0,0.3399186938124422,1.0461621679246689
2026-01-18 11:00:00,25.3,57.0,0.0,5.8,265.0,5.777929248932124,0.5055033079364174
2026-01-18 12:00:00,25.6,56.0,0.0,10.8,266.0,10.773691742806102,0.7533699164365533
2026-01-18 13:00:00,25.3,54.0,0.0,12.1,272.0,12.092629006931059,-0.42228391010026173
2026-01-18 14:00:00,25.0,51.0,0.0,9.5,272.0,9.49421285668141,-0.3315452186737592
2026-01-18 15:00:00,25.5,49.0,0.0,8.4,280.0,8.272385125302547,-1.458644692402215
2026-01-18 16:00:00,24.9,54.0,0.0,9.8,283.0,9.548826634895306,-2.204520332569877
2026-01-18 17:00:00,23.7,63.0,0.0,8.8,289.0,8.320563465273988,-2.8649997592229792
2026-01-18 18:00:00,22.6,68.0,0.0,6.3,301.0,5.400153994423308,-3.244739871933341
2026-01-18 19:00:00,22.0,73.0,0.0,3.7,317.0,2.5233939322312446,-2.706008695990931
2026-01-18 20:00:00,22.3,69.0,0.0,2.3,315.0,1.6263455967290592,-1.626345596729059
2026-01-18 21:00:00,21.8,71.0,0.0,1.5,346.0,0.3628828433995015,-1.4554435894139948
2026-01-18 22:00:00,21.2,72.0,0.0,2.6,335.0,1.0988074805258186,-2.3564002462952898
2026-01-18 23:00:00,20.6,74.0,0.0,6.4,338.0,2.397482197861837,-5.93397666922744
2026-01-19 00:00:00,19.5,80.0,0.0,7.9,340.0,2.701959132272784,-7.423571704208676
2026-01-19 01:00:00,18.6,84.0,0.0,7.4,346.0,1.7902220274375409,-7.180188374442374
2026-01-19 02:00:00,18.0,87.0,0.0,6.5,13.0,-1.462181853235124,-6.333405421104028
2026-01-19 03:00:00,17.7,89.0,0.0,4.9,352.0,0.6819481947043208,-4.852313536833695
2026-01-19 04:00:00,17.5,89.0,0.0,6.6,338.0,2.4724035165450187,-6.1194134401407965
2026-01-19 05:00:00,17.1,90.0,0.0,7.8,352.0,1.0855501874885105,-7.724090936184249
2026-01-19 06:00:00,16.4,92.0,0.0,7.7,1.0,-0.13438352956708294,-7.698827252704213
2026-01-19 07:00:00,16.1,91.0,0.0,7.7,1.0,-0.13438352956708294,-7.698827252704213
2026-01-19 08:00:00,17.1,86.0,0.0,6.5,5.0,-0.5665123278597786,-6.475265537596346
2026-01-19 09:00:00,20.1,71.0,0.0,2.5,360.0,1.5308084989341916e-16,-2.5
2026-01-19 10:00:00,23.0,61.0,0.0,2.0,280.0,1.969615506024416,-0.34729635533386066
2026-01-19 11:00:00,24.6,56.0,0.0,6.9,255.0,6.664888201394572,1.785851411207393
2026-01-19 12:00:00,24.7,56.0,0.0,12.1,259.0,11.877688919716734,2.308788844056192
2026-01-19 13:00:00,24.2,56.0,0.0,13.9,268.0,13.891532495565432,0.4851030041647635
2026-01-19 14:00:00,24.1,55.0,0.0,13.6,282.0,13.302807369979757,-2.827598995121527
2026-01-19 15:00:00,24.5,54.0,0.0,11.1,286.0,10.67000482491534,-3.0595746495686904
2026-01-19 16:00:00,24.6,51.0,0.0,6.9,279.0,6.815049550106451,-1.079397808777593
2026-01-19 17:00:00,24.2,52.0,0.0,4.4,238.0,3.7314116230882743,2.3316447626261017
2026-01-19 18:00:00,23.2,58.0,0.0,4.4,212.0,2.3316447626261017,3.7314116230882743
2026-01-19 19:00:00,22.0,71.0,0.0,0.7000000000000001,284.0,0.6792070083931976,-0.16934532691976742
2026-01-19 20:00:00,21.8,66.0,0.0,4.0,333.0,1.8159619989581872,-3.564026096753471
2026-01-19 21:00:00,21.0,68.0,0.0,5.4,330.0,2.7000000000000006,-4.676537180435969
2026-01-19 22:00:00,20.3,71.0,0.0,7.4,321.0,4.656970893768798,-5.750880114781585
2026-01-19 23:00:00,19.6,75.0,0.0,8.8,319.0,5.773319455116464,-6.641444305960395
2026-01-20 00:00:00,19.0,79.0,0.0,8.5,333.0,3.858919247786148,-7.573555455601126
2026-01-20 01:00:00,18.4,82.0,0.0,8.8,334.0,3.857666091743882,-7.909387607432671
2026-01-20 02:00:00,17.9,83.0,0.0,9.8,353.0,1.1943195653704455,-9.726952286084956
2026-01-20 03:00:00,17.5,84.0,0.0,9.8,346.0,2.3708345768767436,-9.508898117504765
2026-01-20 04:00:00,17.2,85.0,0.0,8.8,345.0,2.2776075969021825,-8.500147271343803
2026-01-20 05:00:00,16.8,88.0,0.0,9.9,341.0,3.223124729125852,-9.360633898433235
2026-01-20 06:00:00,16.3,89.0,0.0,9.2,343.0,2.689819683449178,-8.798003754859925
2026-01-20 07:00:00,15.8,91.0,0.0,9.3,351.0,1.4548405248741476,-9.185501567534782
2026-01-20 08:00:00,17.1,83.0,0.0,7.6,359.0,0.13263828892335533,-7.598842483188573
2026-01-20 09:00:00,20.0,70.0,0.0,4.0,357.0,0.20934382497177587,-3.9945181390182953
2026-01-20 10:00:00,22.2,63.0,0.0,1.8,259.0,1.7669289302057951,0.34345619167778063
2026-01-20 11:00:00,23.8,57.0,0.0,7.5,250.0,7.047694655894313,2.5651510749425155
2026-01-20 12:00:00,23.7,59.0,0.0,12.7,264.0,12.63042807117707,1.327511483499199
2026-01-20 13:00:00,23.2,61.0,0.0,14.1,260.0,13.885789317472133,2.4484393051037174
2026-01-20 14:00:00,23.3,61.0,0.0,14.7,263.0,14.590428429127433,1.7914793480556679
2026-01-20 15:00:00,23.1,59.0,0.0,13.7,266.0,13.666627488559591,0.9556636902945166
2026-01-20 16:00:00,22.8,59.0,0.0,10.8,266.0,10.773691742806102,0.7533699164365533
2026-01-20 17:00:00,22.1,61.0,0.0,6.1,272.0,6.096284044816484,-0.2128869298852559
2026-01-20 18:00:00,21.5,63.0,0.0,1.0,315.0,0.7071067811865476,-0.7071067811865475
2026-01-20 19:00:00,21.1,66.0,0.0,5.6,149.0,-2.8842132194963037,4.800136883931828
2026-01-20 20:00:00,19.8,79.0,0.2,13.2,125.0,-10.812806984614692,7.571208959833806
2026-01-20 21:00:00,19.6,79.0,0.0,11.9,146.0,-6.654395551301886,9.865547113404997
2026-01-20 22:00:00,19.5,78.0,0.1,4.8,151.0,-2.3270861771824176,4.1981745942691
2026-01-20 23:00:00,18.3,87.0,0.2,6.5,2.0,-0.22684672856625496,-6.496040375624123
2026-01-21 00:00:00,16.5,81.0,0.6,10.2,350.0,1.77121141220269,-10.045039080724521
2026-01-21 01:00:00,15.4,77.0,0.4,11.2,348.0,2.328610937158906,-10.955253128218622
2026-01-21 02:00:00,14.7,71.0,0.1,10.2,350.0,1.77121141220269,-10.045039080724521
2026-01-21 03:00:00,14.6,72.0,0.0,9.1,346.0,2.2014892499569756,-8.829691109111568
2026-01-21 04:00:00,14.3,73.0,0.0,7.3,350.0,1.267631696968592,-7.189096596989119
2026-01-21 05:00:00,14.1,73.0,0.0,7.3,353.0,0.8896462068575767,-7.24558690698165
2026-01-21 06:00:00,13.9,73.0,0.0,7.6,359.0,0.13263828892335533,-7.598842483188573
2026-01-21 07:00:00,13.8,73.0,0.0,8.0,355.0,0.6972459419812651,-7.969557584733964
2026-01-21 08:00:00,14.2,74.0,0.0,8.1,359.0,0.14136449214199714,-8.098766330766768
2026-01-21 09:00:00,16.5,72.0,0.4,4.7,2.0,-0.1640276345017536,-4.6971368869897505
2026-01-21 10:00:00,19.0,66.0,0.0,1.8,315.0,1.2727922061357857,-1.2727922061357855
2026-01-21 11:00:00,20.5,60.0,0.0,6.3,270.0,6.3,0.0
2026-01-21 12:00:00,20.9,56.0,0.0,10.5,275.0,10.460044329963328,-0.9151352988504108
2026-01-21 13:00:00,21.3,53.0,0.0,11.7,269.0,11.698218033329777,0.20419315531621707
2026-01-21 14:00:00,21.0,55.0,0.0,10.7,278.0,10.595868335534803,-1.4891521802727001
2026-01-21 15:00:00,21.0,55.0,0.0,8.4,279.0,8.296582060999157,-1.3140495063379394
2026-01-21 16:00:00,20.6,57.0,0.0,6.5,262.0,6.436742446820207,0.9046251562404254
2026-01-21 17:00:00,19.7,62.0,0.0,5.8,248.0,5.377666356487367,2.1727182418122895
2026-01-21 18:00:00,19.0,67.0,0.0,5.8,274.0,5.78587149150698,-0.40458754771592675
2026-01-21 19:00:00,18.6,70.0,0.1,7.1,324.0,4.173275291276559,-5.744020660062127
2026-01-21 20:00:00,18.1,55.0,0.0,13.2,358.0,0.4606733564730142,-13.191958916652064
2026-01-21 21:00:00,16.1,61.0,0.0,11.5,357.0,0.6018634967938556,-11.4842396496776
2026-01-21 22:00:00,15.2,66.0,0.0,9.5,341.0,3.092897467342989,-8.982426468193509
2026-01-21 23:00:00,14.8,66.0,0.0,10.2,337.0,3.985457510590592,-9.389149505214892
2026-01-22 00:00:00,14.1,66.0,0.0,9.4,355.0,0.8192639818279865,-9.364230162062409
2026-01-22 01:00:00,13.9,66.0,0.0,8.2,350.0,1.4239150568688292,-8.075423574700105
2026-01-22 02:00:00,13.5,69.0,0.0,9.2,349.0,1.755442757464213,-9.030970087718508
2026-01-22 03:00:00,13.6,70.0,0.0,8.0,346.0,1.9353751647973414,-7.762365810207972
2026-01-22 04:00:00,13.4,71.0,0.0,7.1,353.0,0.8652723381765471,-7.047077676653386
2026-01-22 05:00:00,12.9,73.0,0.0,7.6,352.0,1.0577155672964975,-7.5260373224359345
2026-01-22 06:00:00,12.9,73.0,0.0,5.5,347.0,1.237230798891257,-5.359035356318794
2026-01-22 07:00:00,13.4,73.0,0.0,6.7,326.0,3.746592453254004,-5.55455173611878
2026-01-22 08:00:00,14.4,69.0,0.0,7.5,340.0,2.5651510749425164,-7.047694655894312
2026-01-22 09:00:00,16.5,63.0,0.0,5.8,340.0,1.983716831288879,-5.450217200558268
2026-01-22 10:00:00,18.9,55.0,0.0,7.2,321.0,4.5311068155588305,-5.5954509224901905
2026-01-22 11:00:00,20.0,52.0,0.0,7.2,292.0,6.675723752880869,-2.6971674725945665
2026-01-22 12:00:00,20.5,54.0,0.0,8.5,258.0,8.314254606237348,1.7672493719509543
2026-01-22 13:00:00,20.6,55.0,0.0,8.6,248.0,7.973781149274371,3.221616703376843
2026-01-22 14:00:00,20.3,61.0,0.0,10.1,250.0,9.490895469937675,3.4544034475892538
2026-01-22 15:00:00,19.9,64.0,0.0,11.1,258.0,10.857438368145242,2.3078197680771284
2026-01-22 16:00:00,19.4,66.0,0.0,9.6,275.0,9.563469101680758,-0.8366951303775184
2026-01-22 17:00:00,18.9,68.0,0.0,7.2,289.0,6.807733744315081,-2.3440907120915284
2026-01-22 18:00:00,18.6,70.0,0.0,3.1,291.0,2.8940993221413254,-1.1109406435904308
2026-01-22 19:00:00,18.4,72.0,0.0,1.8,37.0,-1.083267041673687,-1.437543918085127
2026-01-22 20:00:00,17.8,78.0,0.0,1.3,82.0,-1.2873484893640414,-0.18092503124808518
2026-01-22 21:00:00,17.3,78.0,0.0,5.2,12.0,-1.0811407922523508,-5.086367523815789
2026-01-22 22:00:00,16.1,76.0,0.0,8.5,5.0,-0.7408238133550951,-8.467654933779837
2026-01-22 23:00:00,15.4,67.0,0.0,10.4,1.0,-0.1815050269477484,-10.39841602962647
2026-01-23 00:00:00,15.1,67.0,0.0,9.0,360.0,5.51091059616309e-16,-9.0
2026-01-23 01:00:00,14.6,69.0,0.0,8.1,357.0,0.4239212455678461,-8.088899231512048
2026-01-23 02:00:00,13.9,72.0,0.0,8.6,10.0,-1.4933743279356009,-8.469346675904989
2026-01-23 03:00:00,13.7,73.0,0.0,6.8,348.0,1.4137994975607642,-6.651403684989877
2026-01-23 04:00:00,13.7,74.0,0.0,9.0,337.0,3.5165801564034633,-8.284543681071963
2026-01-23 05:00:00,13.5,75.0,0.0,9.6,352.0,1.3360617692166283,-9.506573459919075
2026-01-23 06:00:00,13.1,76.0,0.0,9.0,2.0,-0.31409547032250684,-8.994517443171862
2026-01-23 07:00:00,12.9,77.0,0.0,8.2,10.0,-1.4239150568688286,-8.075423574700105
2026-01-23 08:00:00,14.0,75.0,0.0,5.4,14.0,-1.3063782362382061,-5.2395969218903815
2026-01-23 09:00:00,16.9,68.0,0.0,3.1,31.0,-1.596618032221169,-2.6572186321765474
2026-01-23 10:00:00,19.4,63.0,0.0,2.1,308.0,1.654822582574116,-1.2928890981838825
2026-01-23 11:00:00,21.1,56.0,0.0,4.9,280.0,4.82555798975982,-0.8508760705679587
2026-01-23 12:00:00,22.2,52.0,0.0,8.3,269.0,8.298735869798048,0.14485497342945317
2026-01-23 13:00:00,22.1,54.0,0.0,12.0,263.0,11.910553819695863,1.4624321208617697
2026-01-23 14:00:00,21.3,59.0,0.0,12.7,264.0,12.63042807117707,1.327511483499199
2026-01-23 15:00:00,20.7,63.0,0.0,12.8,281.0,12.5648279481301,-2.4423551408197737
2026-01-23 16:00:00,20.0,67.0,0.0,13.8,291.0,12.883409885661385,-4.945477703725144
2026-01-23 17:00:00,19.7,67.0,0.0,12.1,300.0,10.478907385791707,-6.049999999999999
2026-01-23 18:00:00,19.0,71.0,0.0,9.4,318.0,6.289827699773268,-6.985561359487506
2026-01-23 19:00:00,18.9,71.0,0.0,8.9,336.0,3.619956123374622,-8.130554573019149
2026-01-23 20:00:00,18.6,71.0,0.0,6.9,9.0,-1.0793978087775942,-6.81504955010645
2026-01-23 21:00:00,18.0,70.0,0.0,9.4,1.0,-0.16405262051046487,-9.398568334470077
2026-01-23 22:00:00,16.9,74.0,0.0,9.8,346.0,2.3708345768767436,-9.508898117504765
2026-01-23 23:00:00,16.5,77.0,0.0,9.5,345.0,2.458780928473947,-9.176295349746148
2026-01-24 00:00:00,16.0,79.0,0.0,9.9,348.0,2.0583257390958187,-9.683661247264675
2026-01-24 01:00:00,15.6,83.0,0.0,10.8,342.0,3.3373835392494327,-10.271410375987658
2026-01-24 02:00:00,15.7,83.0,0.0,12.6,360.0,7.715274834628325e-16,-12.6
2026-01-24 03:00:00,16.0,81.0,0.0,11.1,351.0,1.7364225619465632,-10.96334058060603
2026-01-24 04:00:00,16.1,80.0,0.0,12.5,355.0,1.0894467843457267,-12.45243372614682
2026-01-24 05:00:00,16.1,79.0,0.0,13.0,1.0,-0.22688128368468546,-12.998020037033086
2026-01-24 06:00:00,15.9,79.0,0.0,11.2,4.0,-0.7812725059342065,-11.17271736291003
2026-01-24 07:00:00,15.9,79.0,0.0,9.9,355.0,0.8628418532018156,-9.862327511108282
2026-01-24 08:00:00,16.8,76.0,0.0,8.3,5.0,-0.7233926648055635,-8.268415994161488
2026-01-24 09:00:00,19.2,64.0,0.0,8.5,355.0,0.7408238133550942,-8.467654933779837
2026-01-24 10:00:00,21.5,56.0,0.0,6.1,341.0,1.985965742188656,-5.7676633111558315
2026-01-24 11:00:00,22.5,52.0,0.0,5.9,308.0,4.64926344627966,-3.6324027044213842
2026-01-24 12:00:00,23.4,50.0,0.0,5.6,295.0,5.075323607405239,-2.366662265747917
2026-01-24 13:00:00,23.5,50.0,0.0,8.0,284.0,7.762365810207972,-1.9353751647973418
2026-01-24 14:00:00,23.4,54.0,0.0,9.8,283.0,9.548826634895306,-2.204520332569877
2026-01-24 15:00:00,23.0,56.0,0.0,10.2,277.0,10.123970746741483,-1.243067302732504
2026-01-24 16:00:00,22.4,57.0,0.0,9.4,277.0,9.329933825428427,-1.1455718280083864
2026-01-24 17:00:00,21.8,59.0,0.0,6.1,284.0,5.918803930283578,-1.475723563157973
2026-01-24 18:00:00,20.5,71.0,0.0,2.3,288.0,2.1874299874788528,-0.710739087062379
2026-01-24 19:00:00,20.1,77.0,0.0,3.0,327.0,1.6339171050450814,-2.516011703836272
2026-01-24 20:00:00,19.6,78.0,0.0,2.3,39.0,-1.447436899414627,-1.7874357113510322
2026-01-24 21:00:00,18.9,80.0,0.0,2.0,5.0,-0.1743114854953165,-1.992389396183491
2026-01-24 22:00:00,18.5,78.0,0.0,4.8,329.0,2.47218275956826,-4.114403043370139
2026-01-24 23:00:00,17.9,78.0,0.0,8.4,340.0,2.872969203935618,-7.893418014601631
2026-01-25 00:00:00,17.2,80.0,0.0,7.8,338.0,2.9219314286441134,-7.232034065620942
2026-01-25 01:00:00,17.0,82.0,0.0,6.8,342.0,2.1013155617496424,-6.467184310807044
2026-01-25 02:00:00,16.5,85.0,0.0,8.4,349.0,1.6027955611629774,-8.245668340960378
2026-01-25 03:00:00,16.6,84.0,0.0,6.6,347.0,1.4846769586695083,-6.430842427582553
2026-01-25 04:00:00,16.4,85.0,0.0,5.5,351.0,0.8603895577212701,-5.4322858732732575
2026-01-25 05:00:00,16.1,86.0,0.0,6.7,340.0,2.291534960281981,-6.295940559265586
2026-01-25 06:00:00,16.2,85.0,0.0,7.2,335.0,3.042851484533036,-6.52541606666388
2026-01-25 07:00:00,16.0,85.0,0.0,6.8,342.0,2.1013155617496424,-6.467184310807044
2026-01-25 08:00:00,17.4,80.0,0.0,5.9,18.0,-1.8232002668121907,-5.611233446141406
2026-01-25 09:00:00,20.2,68.0,0.0,4.0,27.0,-1.8159619989581877,-3.564026096753471
2026-01-25 10:00:00,22.8,58.0,0.0,2.1,75.0,-2.0284442352070435,-0.5435199947152937
2026-01-25 11:00:00,24.0,53.0,0.0,3.4,267.0,3.395340418165551,0.17794225122600904
2026-01-25 12:00:00,24.5,52.0,0.0,5.8,272.0,5.796466796710755,-0.2024170808745056
2026-01-25 13:00:00,24.8,52.0,0.0,9.0,283.0,8.769330583067116,-2.024559489094785
2026-01-25 14:00:00,24.5,54.0,0.0,10.4,291.0,9.709236435570899,-3.727026675271123
2026-01-25 15:00:00,24.2,56.0,0.0,9.2,298.0,8.123117854302128,-4.319138377630195
2026-01-25 16:00:00,24.5,54.0,0.0,7.7,311.0,5.811263767715345,-5.051654523226906
2026-01-25 17:00:00,23.5,57.0,0.0,4.3,318.0,2.8772616073430903,-3.195522749552795
2026-01-25 18:00:00,22.2,63.0,0.0,3.2,214.0,1.78941729110639,2.652920232176134
2026-01-25 19:00:00,22.0,67.0,0.0,3.6,221.0,2.3618125043658265,2.716954488801979
2026-01-25 20:00:00,21.4,71.0,0.0,7.4,319.0,4.8548368145297545,-5.584850893648513
2026-01-25 21:00:00,20.8,73.0,0.0,3.8,357.0,0.19887663372318706,-3.7947922320673806
2026-01-25 22:00:00,20.2,74.0,0.0,5.5,337.0,2.1490212066910055,-5.062776693988422
2026-01-25 23:00:00,19.6,75.0,0.0,6.9,327.0,3.758009341603687,-5.786826918823426
2026-01-26 00:00:00,18.8,80.0,0.0,8.0,337.0,3.1258490279141897,-7.364038827619523
2026-01-26 01:00:00,18.2,84.0,0.0,6.2,350.0,1.0766187015349686,-6.10580806867569
2026-01-26 02:00:00,18.1,87.0,0.0,6.6,339.0,2.3652284669989823,-6.161630814881531
2026-01-26 03:00:00,18.2,86.0,0.0,5.8,355.0,0.5055033079364172,-5.777929248932124
2026-01-26 04:00:00,17.9,89.0,0.0,6.1,326.0,3.4110767111715554,-5.057129192585754
2026-01-26 05:00:00,17.6,90.0,0.0,5.6,333.0,2.542346798541462,-4.989636535454859
2026-01-26 06:00:00,17.5,91.0,0.0,4.8,323.0,2.888712111129832,-3.8334504482270053
2026-01-26 07:00:00,17.4,90.0,0.0,4.8,335.0,2.0285676563553574,-4.350277377775919
2026-01-26 08:00:00,18.0,88.0,0.0,6.4,350.0,1.1113483370683548,-6.3027696192781315
2026-01-26 09:00:00,21.1,72.0,0.0,5.6,333.0,2.542346798541462,-4.989636535454859
2026-01-26 10:00:00,23.3,62.0,0.0,7.6,324.0,4.467167917422795,-6.1485291572496
2026-01-26 11:00:00,24.9,56.0,0.0,7.3,310.0,5.5921244347685395,-4.692349550711737
2026-01-26 12:00:00,25.5,53.0,0.0,9.5,291.0,8.869014051723417,-3.4044955206803524
2026-01-26 13:00:00,25.4,53.0,0.0,10.7,297.0,9.533769808815537,-4.85769834721315
2026-01-26 14:00:00,25.3,53.0,0.0,12.1,308.0,9.534930118641334,-7.449503851440465
2026-01-26 15:00:00,25.0,53.0,0.0,13.1,307.0,10.462125181619536,-7.883776803291832
2026-01-26 16:00:00,25.1,53.0,0.0,12.1,308.0,9.534930118641334,-7.449503851440465
2026-01-26 17:00:00,24.4,56.0,0.0,11.6,311.0,8.754631130584155,-7.610284736289884
2026-01-26 18:00:00,23.3,59.0,0.0,9.4,328.0,4.981241083792126,-7.9716521038704045
2026-01-26 19:00:00,22.6,60.0,0.0,5.4,358.0,0.18845728219350585,-5.3967104659031175
2026-01-26 20:00:00,21.7,73.0,0.0,4.9,298.0,4.326443205008743,-2.300410657650865
2026-01-26 21:00:00,21.1,76.0,0.0,3.2,3.0,-0.1674750599774218,-3.1956145112146364
2026-01-26 22:00:00,20.4,82.0,0.0,3.2,47.0,-2.3403318451813457,-2.1823947521999947
2026-01-26 23:00:00,19.8,86.0,0.0,1.8,143.0,-1.0832670416736871,1.4375439180851268
2026-01-27 00:00:00,19.3,88.0,0.0,1.1,261.0,1.0864571746546516,0.17207791154425398
2026-01-27 01:00:00,19.2,88.0,0.0,2.1,308.0,1.654822582574116,-1.2928890981838825
2026-01-27 02:00:00,18.6,90.0,0.0,5.2,25.0,-2.197614961051636,-4.71280049259058
2026-01-27 03:00:00,18.0,90.0,0.0,4.0,21.0,-1.4334717981812028,-3.7343217059888065
2026-01-27 04:00:00,17.8,89.0,0.0,3.0,346.0,0.725765686799003,-2.9108871788279895
2026-01-27 05:00:00,18.0,88.0,0.0,5.9,333.0,2.6785439484633264,-5.25693849271137
2026-01-27 06:00:00,17.5,88.0,0.0,8.0,352.0,1.1133848076805237,-7.922144549932563
2026-01-27 07:00:00,17.0,88.0,0.0,7.0,356.0,0.4882953162088766,-6.982948351818769
2026-01-27 08:00:00,18.8,78.0,0.0,9.9,9.0,-1.5487012038982872,-9.778114571891864
2026-01-27 09:00:00,22.1,62.0,0.0,6.7,5.0,-0.5839434764093103,-6.674504477214695
2026-01-27 10:00:00,24.5,53.0,0.0,5.2,360.0,3.1840816777831187e-16,-5.2
2026-01-27 11:00:00,25.9,46.0,0.0,4.4,325.0,2.5237363199446032,-3.604268994871564
2026-01-27 12:00:00,26.5,44.0,0.0,8.1,288.0,7.703557781990743,-2.503037654437074
2026-01-27 13:00:00,26.5,44.0,0.0,10.6,280.0,10.438962181929405,-1.8406706832694615
2026-01-27 14:00:00,24.8,54.0,0.2,15.2,294.0,13.885890956167533,-6.182396974752163
2026-01-27 15:00:00,24.0,56.0,0.0,14.3,311.0,10.792346997185641,-9.381644114564255
2026-01-27 16:00:00,23.8,55.0,0.0,14.3,316.0,9.93361469756366,-10.28655914484271
2026-01-27 17:00:00,23.0,58.0,0.0,13.9,323.0,8.365228821813472,-11.101033589657371
2026-01-27 18:00:00,22.0,62.0,0.0,11.5,331.0,5.575310632832877,-10.05812663210305
2026-01-27 19:00:00,21.0,65.0,0.0,12.1,339.0,4.3362521894981345,-11.29632316061614
2026-01-27 20:00:00,20.4,68.0,0.0,10.7,354.0,1.118454556963892,-10.641384280440523
2026-01-27 21:00:00,19.6,71.0,0.0,9.4,349.0,1.7936045565395222,-9.227295524408042
2026-01-27 22:00:00,19.2,73.0,0.0,8.1,354.0,0.846680552467993,-8.055627352483013
2026-01-27 23:00:00,18.5,75.0,0.0,9.4,356.0,0.6557108531947772,-9.377102072442348
2026-01-28 00:00:00,17.9,77.0,0.0,9.1,345.0,2.3552533104329387,-8.789925019230521
2026-01-28 01:00:00,17.4,79.0,0.0,9.6,344.0,2.646118615843192,-9.228112281007862
2026-01-28 02:00:00,16.8,81.0,0.0,10.4,1.0,-0.1815050269477484,-10.39841602962647
2026-01-28 03:00:00,16.8,81.0,0.0,9.7,349.0,1.8508472551524855,-9.52178367944234
2026-01-28 04:00:00,16.2,83.0,0.0,10.5,357.0,0.5495275405509117,-10.485610114923025
2026-01-28 05:00:00,15.7,86.0,0.0,9.9,356.0,0.6905890900668399,-9.87588409757226
2026-01-28 06:00:00,15.4,87.0,0.0,9.8,352.0,1.3638963894086416,-9.70462707366739
2026-01-28 07:00:00,15.2,87.0,0.0,8.7,352.0,1.2108059783525695,-8.61533219805166
2026-01-28 08:00:00,16.5,80.0,0.0,8.9,354.0,0.9303033230821158,-8.851244868777632
2026-01-28 09:00:00,19.2,67.0,0.0,6.7,358.0,0.23382662790675723,-6.695918541027941
2026-01-28 10:00:00,21.8,58.0,0.0,5.1,350.0,0.885605706101345,-5.022519540362261
2026-01-28 11:00:00,23.8,51.0,0.0,3.2,308.0,2.5216344115415104,-1.9701167210421067
2026-01-28 12:00:00,24.8,47.0,0.0,6.5,273.0,6.49109197590473,-0.3401837155791349
2026-01-28 13:00:00,25.1,47.0,0.0,10.6,273.0,10.585473068398482,-0.5547611361752046
2026-01-28 14:00:00,24.5,49.0,0.0,11.2,273.0,11.184650789251226,-0.5861627099209709
2026-01-28 15:00:00,23.7,53.0,0.0,12.1,277.0,12.009808434859996,-1.4746190552022844
2026-01-28 16:00:00,23.0,55.0,0.0,10.0,287.0,9.563047559630354,-2.9237170472273677
2026-01-28 17:00:00,22.4,56.0,0.0,8.1,307.0,6.468947631383072,-4.874701687531591
2026-01-28 18:00:00,21.5,56.0,0.0,6.5,332.0,3.0515651581082905,-5.739159353583025
2026-01-28 19:00:00,20.7,55.0,0.0,8.3,13.0,-1.8670937510540817,-8.087271537717452
2026-01-28 20:00:00,19.8,60.0,0.0,12.4,10.0,-2.1532374030699364,-12.21161613735138
2026-01-28 21:00:00,18.8,64.0,0.0,8.3,356.0,0.5789787320762395,-8.27978161715654
2026-01-28 22:00:00,17.9,68.0,0.0,9.0,337.0,3.5165801564034633,-8.284543681071963
2026-01-28 23:00:00,17.1,71.0,0.0,8.8,340.0,3.009777261265886,-8.269295062915994
2026-01-29 00:00:00,16.5,73.0,0.0,7.1,351.0,1.1106847017856396,-7.012587218225478
2026-01-29 01:00:00,16.1,74.0,0.0,7.4,346.0,1.7902220274375409,-7.180188374442374
2026-01-29 02:00:00,15.8,75.0,0.0,6.3,345.0,1.6305599841458807,-6.085332705621131
2026-01-29 03:00:00,15.6,76.0,0.0,6.4,328.0,3.3914832910925115,-5.4275078154011265
2026-01-29 04:00:00,15.4,79.0,0.0,7.5,339.0,2.687759621589753,-7.001853198729013
2026-01-29 05:00:00,15.0,81.0,0.0,8.2,341.0,2.6696588665486853,-7.753252319914396
2026-01-29 06:00:00,14.9,82.0,0.0,6.5,346.0,1.57249232139784,-6.306922220793977
2026-01-29 07:00:00,14.6,83.0,0.0,5.2,340.0,1.778504745293478,-4.886401628086723
2026-01-29 08:00:00,16.1,76.0,0.0,5.4,14.0,-1.3063782362382061,-5.2395969218903815
2026-01-29 09:00:00,19.5,64.0,0.0,3.9,22.0,-1.460965714322058,-3.6160170328104706
2026-01-29 10:00:00,22.1,56.0,0.0,2.8,18.0,-0.8652475842498532,-2.6629582456264296
2026-01-29 11:00:00,23.9,50.0,0.0,4.7,270.0,4.7,0.0
2026-01-29 12:00:00,24.2,49.0,0.0,10.3,264.0,10.243575522293215,1.0766431716568308
2026-01-29 13:00:00,24.0,51.0,0.0,12.4,262.0,12.279324052395474,1.7257464519048116
2026-01-29 14:00:00,23.7,55.0,0.0,12.8,261.0,12.642410759617764,2.0023611525149554
2026-01-29 15:00:00,23.2,57.0,0.0,12.0,256.0,11.643548715311958,2.903062747196013
2026-01-29 16:00:00,22.9,60.0,0.0,9.5,260.0,9.355673653615977,1.6496576878358382
2026-01-29 17:00:00,22.0,65.0,0.0,5.5,251.0,5.200352165796243,1.7906248495143617
2026-01-29 18:00:00,21.0,71.0,0.0,4.8,255.0,4.636443966187528,1.2423314164920995
2026-01-29 19:00:00,20.7,74.0,0.0,5.0,291.0,4.667902132486009,-1.7918397477265013
2026-01-29 20:00:00,21.5,67.0,0.0,3.8,287.0,3.6339580726595346,-1.1110124779463997
2026-01-29 21:00:00,20.8,71.0,0.0,2.7,307.0,2.1563158771276907,-1.6249005625105304
2026-01-29 22:00:00,21.0,69.0,0.0,1.9,311.0,1.4339482024232668,-1.2465121550819638
2026-01-29 23:00:00,20.2,73.0,0.0,3.4,328.0,1.8017254983928965,-2.883363526931848
2026-01-30 00:00:00,19.6,72.0,0.0,6.2,330.0,3.100000000000001,-5.36935750346352
2026-01-30 01:00:00,19.1,71.0,0.0,7.4,342.0,2.2867257583746112,-7.037818220584136
2026-01-30 02:00:00,18.5,74.0,0.0,7.3,353.0,0.8896462068575767,-7.24558690698165
2026-01-30 03:00:00,18.0,76.0,0.0,6.4,349.0,1.2211775704098875,-6.28241397406505
2026-01-30 04:00:00,17.9,78.0,0.0,6.6,351.0,1.032467469265524,-6.518743047927909
2026-01-30 05:00:00,17.7,79.0,0.0,5.4,354.0,0.5644537016453287,-5.370418234988676
2026-01-30 06:00:00,17.6,80.0,0.0,6.2,343.0,1.812704569280968,-5.9290894869708195
2026-01-30 07:00:00,17.8,79.0,0.0,6.7,355.0,0.5839434764093095,-6.674504477214695
2026-01-30 08:00:00,18.8,80.0,0.0,8.2,9.0,-1.2827626133298944,-8.099044392880128
2026-01-30 09:00:00,21.8,66.0,0.0,6.6,22.0,-2.472403516545021,-6.119413440140796
2026-01-30 10:00:00,24.0,57.0,0.0,4.1,45.0,-2.8991378028648453,-2.8991378028648445
2026-01-30 11:00:00,25.4,52.0,0.0,4.3,208.0,2.0187277199793305,3.7966746492933856
2026-01-30 12:00:00,25.5,54.0,0.0,9.1,219.0,5.726815558553521,7.072028249258435
2026-01-30 13:00:00,25.2,58.0,0.0,11.6,227.0,8.483702938782377,7.911180976724982
2026-01-30 14:00:00,24.5,63.0,0.0,11.9,238.0,10.09177234426147,6.306039244375138
2026-01-30 15:00:00,24.5,61.0,0.0,12.3,260.0,12.113135362050159,2.135872585303243
2026-01-30 16:00:00,23.6,66.0,0.0,12.7,277.0,12.605336125844788,-1.5477406612453728
2026-01-30 17:00:00,22.5,74.0,0.0,10.9,290.0,10.242649566566403,-3.728019562249789
2026-01-30 18:00:00,22.0,76.0,0.0,6.8,312.0,5.05338481324628,-4.5500881232402355
2026-01-30 19:00:00,21.8,75.0,0.3,5.4,8.0,-0.7515347451843555,-5.34744757120448
2026-01-30 20:00:00,21.5,73.0,0.2,7.2,13.0,-1.61964759127583,-7.015464466453693
2026-01-30 21:00:00,21.2,75.0,0.0,5.2,29.0,-2.5210100252809515,-4.548022477124859
2026-01-30 22:00:00,20.9,78.0,0.0,3.3,68.0,-3.0597067200703982,-1.2362017582725096
2026-01-30 23:00:00,20.6,80.0,0.0,2.2,325.0,1.2618681599723016,-1.802134497435782
2026-01-31 00:00:00,20.5,80.0,0.0,2.7,328.0,1.4307820134296534,-2.28972985962235
2026-01-31 01:00:00,20.1,80.0,0.0,4.7,353.0,0.5727859140041932,-4.664966912714213
2026-01-31 02:00:00,19.5,81.0,0.0,7.9,3.0,-0.41345405431926,-7.889173324561134
2026-01-31 03:00:00,19.1,83.0,0.0,6.5,2.0,-0.22684672856625496,-6.496040375624123
2026-01-31 04:00:00,18.9,84.0,0.0,7.2,359.0,0.1256573263484419,-7.198903405126018
2026-01-31 05:00:00,18.7,84.0,0.0,6.6,339.0,2.3652284669989823,-6.161630814881531
2026-01-31 06:00:00,18.6,85.0,0.0,8.9,336.0,3.619956123374622,-8.130554573019149
2026-01-31 07:00:00,18.4,85.0,0.0,9.6,351.0,1.5017708643862169,-9.481808069713322
2026-01-31 08:00:00,19.0,82.0,0.0,10.4,8.0,-1.4474002499846848,-10.298787914912332
2026-01-31 09:00:00,20.4,75.0,0.0,7.0,347.0,1.5746573804070545,-6.820590453496647
2026-01-31 10:00:00,22.0,67.0,0.0,5.6,356.0,0.3906362529671013,-5.586358681455015
2026-01-31 11:00:00,22.9,63.0,0.0,7.5,336.0,3.0505248230685016,-6.851590932319507
2026-01-31 12:00:00,24.0,58.0,0.0,7.6,332.0,3.5679838771727703,-6.710401705727844
2026-01-31 13:00:00,25.6,53.0,0.0,7.4,296.0,6.651075942613836,-3.243946486239173
2026-01-31 14:00:00,26.5,50.0,0.0,10.3,314.0,7.409199943488108,-7.154981215727672
2026-01-31 15:00:00,26.0,53.0,0.0,12.7,309.0,9.86975371050353,-7.9923689663329345
2026-01-31 16:00:00,25.3,56.0,0.0,15.7,309.0,12.201191594874443,-9.880330139482446
2026-01-31 17:00:00,24.2,57.0,0.0,14.7,327.0,8.006193814720898,-12.328457348797732
2026-01-31 18:00:00,22.5,61.0,0.0,16.0,346.0,3.870750329594683,-15.524731620415944
2026-01-31 19:00:00,20.8,66.0,0.0,15.1,359.0,0.26353133720298233,-15.097700196861508
2026-01-31 20:00:00,20.0,67.0,0.0,12.8,1.0,-0.22339080239722878,-12.798050498001809
2026-01-31 21:00:00,19.2,70.0,0.0,10.3,349.0,1.9653326523784127,-10.110759989510939
2026-01-31 22:00:00,18.5,74.0,0.0,9.7,350.0,1.6843873233692248,-9.552635204218417
2026-01-31 23:00:00,17.8,76.0,0.0,8.3,358.0,0.289665822630759,-8.294943864258496
2026-02-01 00:00:00,17.2,77.0,0.0,9.1,346.0,2.2014892499569756,-8.829691109111568
2026-02-01 01:00:00,16.8,77.0,0.0,8.1,359.0,0.14136449214199714,-8.098766330766768
2026-02-01 02:00:00,16.1,78.0,0.3,9.5,350.0,1.6496576878358389,-9.355673653615977
2026-02-01 03:00:00,15.9,78.0,0.0,9.0,345.0,2.3293714059226867,-8.693332436601615
2026-02-01 04:00:00,15.6,80.0,0.0,8.6,348.0,1.7880405410327311,-8.412069366310728
2026-02-01 05:00:00,15.7,79.0,0.0,8.3,360.0,5.082284216461516e-16,-8.3
2026-02-01 06:00:00,15.5,80.0,0.0,8.4,349.0,1.6027955611629774,-8.245668340960378
2026-02-01 07:00:00,15.6,80.0,0.0,7.8,341.0,2.5394316047658227,-7.375044889674671
2026-02-01 08:00:00,16.2,79.0,0.2,7.4,360.0,4.531193156845207e-16,-7.4
2026-02-01 09:00:00,18.4,71.0,0.0,6.1,346.0,1.4757235631579728,-5.918803930283578
2026-02-01 10:00:00,21.4,61.0,0.0,4.6,329.0,2.369175144586249,-3.9429695832297162
2026-02-01 11:00:00,23.4,53.0,0.0,6.2,300.0,5.36935750346352,-3.0999999999999996
2026-02-01 12:00:00,24.2,50.0,0.0,8.7,283.0,8.477019563631545,-1.9570741727916254
2026-02-01 13:00:00,24.5,49.0,0.0,10.5,282.0,10.27054980770496,-2.183072753586473
2026-02-01 14:00:00,23.7,53.0,0.0,9.4,288.0,8.939931253174443,-2.9047597471245057
2026-02-01 15:00:00,24.0,53.0,0.0,9.7,297.0,8.642763284627168,-4.403707847473603
2026-02-01 16:00:00,23.6,53.0,0.0,10.3,310.0,7.890257764125474,-6.620712379771355
2026-02-01 17:00:00,22.9,57.0,0.0,8.5,322.0,5.233122540268096,-6.698091405657137
2026-02-01 18:00:00,21.5,62.0,0.0,8.3,340.0,2.8387671896030513,-7.799448752523039
2026-02-01 19:00:00,20.3,67.0,0.0,9.0,3.0,-0.47102360618649874,-8.987665812791164
2026-02-01 20:00:00,19.7,73.0,0.0,6.8,3.0,-0.3558845024520213,-6.790680836331102
2026-02-01 21:00:00,19.0,78.0,0.0,8.3,349.0,1.583714661625323,-8.147505622615611
2026-02-01 22:00:00,18.8,79.0,0.0,6.0,353.0,0.7312160604308849,-5.955276909847932
2026-02-01 23:00:00,18.5,80.0,0.0,8.3,338.0,3.1092347253520694,-7.695625992904336
2026-02-02 00:00:00,18.0,79.0,0.0,9.8,347.0,2.2045203325698766,-9.548826634895306
2026-02-02 01:00:00,17.2,80.0,0.0,10.7,355.0,0.932566447399942,-10.659283269581676
2026-02-02 02:00:00,16.6,84.0,0.0,11.6,353.0,1.4136843834997108,-11.513535359039334
2026-02-02 03:00:00,16.5,84.0,0.0,11.3,352.0,1.5726560408487398,-11.190029176779746
2026-02-02 04:00:00,16.4,84.0,0.0,9.9,360.0,6.062001655779399e-16,-9.9
2026-02-02 05:00:00,16.2,84.0,0.0,9.9,12.0,-2.058325739095822,-9.683661247264675
2026-02-02 06:00:00,16.1,85.0,0.0,8.8,5.0,-0.7669705361793927,-8.766513343207361
2026-02-02 07:00:00,16.5,82.0,0.0,10.3,348.0,2.1414904154229224,-10.074920287558198
2026-02-02 08:00:00,17.2,80.0,0.0,8.1,3.0,-0.4239212455678489,-8.088899231512048
2026-02-02 09:00:00,19.9,67.0,0.0,7.3,349.0,1.3929056662487778,-7.165878439167947
2026-02-02 10:00:00,22.2,58.0,0.0,5.8,334.0,2.542552651376649,-5.213005468535169
2026-02-02 11:00:00,24.1,50.0,0.0,6.4,322.0,3.9402334420842133,-5.043268823083022
2026-02-02 12:00:00,25.4,46.0,0.0,7.9,317.0,5.387787044493738,-5.777694242791447
2026-02-02 13:00:00,26.2,43.0,0.0,8.7,313.0,6.3627772040867825,-5.933385732543736
2026-02-02 14:00:00,25.5,47.0,0.0,12.0,307.0,9.583626120567514,-7.221780277824579
2026-02-02 15:00:00,25.0,50.0,0.0,13.2,317.0,9.00237835282498,-9.65386886137305
2026-02-02 16:00:00,24.2,52.0,0.0,11.9,325.0,6.8255595925774495,-9.747909327039002
2026-02-02 17:00:00,23.0,55.0,0.0,10.1,325.0,5.793122007145566,-8.273435647318816
2026-02-02 18:00:00,21.2,60.0,0.0,11.0,328.0,5.829111906565254,-9.328529057720685
2026-02-02 19:00:00,19.8,63.0,0.0,12.5,342.0,3.862712429686843,-11.888206453689419
2026-02-02 20:00:00,18.8,66.0,0.0,12.3,348.0,2.5573137970584416,-12.03121548902581
2026-02-02 21:00:00,17.9,69.0,0.0,10.7,343.0,3.128377240533283,-10.232460888804479
2026-02-02 22:00:00,17.0,71.0,0.0,9.7,344.0,2.6736823514248917,-9.324238450601692
2026-02-02 23:00:00,16.5,73.0,0.0,9.6,343.0,2.806768365338273,-9.18052565724514
2026-02-03 00:00:00,16.0,75.0,0.0,9.1,345.0,2.3552533104329387,-8.789925019230521
2026-02-03 01:00:00,15.6,77.0,0.0,8.8,340.0,3.009777261265886,-8.269295062915994
2026-02-03 02:00:00,15.1,78.0,0.0,10.8,349.0,2.0607371500666853,-10.601573581234772
2026-02-03 03:00:00,15.1,79.0,0.0,8.8,345.0,2.2776075969021825,-8.500147271343803
2026-02-03 04:00:00,14.8,80.0,0.0,8.5,343.0,2.4851594901432623,-8.1285904256858
2026-02-03 05:00:00,14.7,80.0,0.0,8.5,342.0,2.6266444521870533,-8.083980388508804
2026-02-03 06:00:00,14.4,82.0,0.0,7.7,339.0,2.759433211498813,-7.188569284028453
2026-02-03 07:00:00,14.3,82.0,0.0,6.8,335.0,2.873804179836756,-6.162892951849219
2026-02-03 08:00:00,15.8,77.0,0.0,6.6,347.0,1.4846769586695083,-6.430842427582553
2026-02-03 09:00:00,18.5,67.0,0.0,4.0,342.0,1.2360679774997898,-3.804226065180614
2026-02-03 10:00:00,21.4,57.0,0.0,3.0,335.0,1.2678547852220983,-2.7189233611099497
2026-02-03 11:00:00,23.5,51.0,0.0,5.2,272.0,5.196832300499298,-0.18147738285300505
2026-02-03 12:00:00,24.1,49.0,0.0,10.1,268.0,10.093847352892867,0.3524849166952598
2026-02-03 13:00:00,24.1,49.0,0.0,11.0,260.0,10.832885283134289,1.9101299543362336
2026-02-03 14:00:00,23.6,51.0,0.0,12.7,277.0,12.605336125844788,-1.5477406612453728
2026-02-03 15:00:00,24.1,50.0,0.0,10.6,288.0,10.081199072728626,-3.2755801403744425
2026-02-03 16:00:00,23.8,52.0,0.0,10.6,280.0,10.438962181929405,-1.8406706832694615
2026-02-03 17:00:00,22.6,58.0,0.0,9.4,278.0,9.308519846170762,-1.3082271490246151
2026-02-03 18:00:00,21.7,63.0,0.0,5.3,278.0,5.248420764330323,-0.7376174350883468
2026-02-03 19:00:00,21.5,64.0,0.0,2.6,286.0,2.499280409439629,-0.7166571251241979
2026-02-03 20:00:00,21.2,67.0,0.0,1.9,146.0,-1.0624665165944187,1.5751713878545792
2026-02-03 21:00:00,21.1,69.0,0.0,3.8,191.0,0.7250741824308706,3.730183297101123
2026-02-03 22:00:00,20.6,73.0,0.0,2.5,240.0,2.165063509461097,1.2499999999999998
2026-02-03 23:00:00,20.0,76.0,0.0,1.8,264.0,1.790139411662892,0.18815123388177626
2026-02-04 00:00:00,19.7,76.0,0.0,2.8,281.0,2.748556113653459,-0.5342651870543255
2026-02-04 01:00:00,19.3,76.0,0.0,3.7,309.0,2.8754400573907923,-2.3284854468843985
2026-02-04 02:00:00,19.1,72.0,0.0,6.1,337.0,2.3834598837845697,-5.6150796060598855
2026-02-04 03:00:00,18.8,72.0,0.0,4.9,352.0,0.6819481947043208,-4.852313536833695
2026-02-04 04:00:00,18.7,73.0,0.0,4.6,334.0,2.016507275229756,-4.134452612976168
2026-02-04 05:00:00,18.6,73.0,0.0,5.0,330.0,2.5000000000000004,-4.330127018922193
2026-02-04 06:00:00,18.6,74.0,0.0,5.3,336.0,2.155704208301741,-4.8417909255057845
2026-02-04 07:00:00,18.8,75.0,0.0,4.4,330.0,2.2000000000000006,-3.81051177665153
2026-02-04 08:00:00,20.0,73.0,0.0,4.8,13.0,-1.0797650608505531,-4.6769763109691285
2026-02-04 09:00:00,22.5,63.0,0.0,3.5,62.0,-3.090316575006244,-1.643150469750618
2026-02-04 10:00:00,24.5,55.0,0.0,1.8,143.0,-1.0832670416736871,1.4375439180851268
2026-02-04 11:00:00,25.8,50.0,0.0,4.8,239.0,4.114403043370139,2.47218275956826
2026-02-04 12:00:00,26.0,52.0,0.0,10.4,261.0,10.271958742189433,1.626918436418401
2026-02-04 13:00:00,25.9,53.0,0.0,13.3,260.0,13.097943115062368,2.3095207629701737
2026-02-04 14:00:00,25.8,51.0,0.0,13.4,266.0,13.367358273481644,0.934736748171279
2026-02-04 15:00:00,25.4,52.0,0.0,12.2,261.0,12.04979775526068,1.9085004734908164
2026-02-04 16:00:00,24.5,57.0,0.0,10.6,270.0,10.6,0.0
2026-02-04 17:00:00,23.4,61.0,0.0,8.5,275.0,8.467654933779837,-0.7408238133550944
2026-02-04 18:00:00,22.3,65.0,0.0,6.5,278.0,6.436742446820207,-0.9046251562404254
2026-02-04 19:00:00,22.0,66.0,0.0,3.3,283.0,3.2154212137912763,-0.7423384793347545
2026-02-04 20:00:00,22.0,65.0,0.0,2.6,309.0,2.0205794997881243,-1.6362330167295773
2026-02-04 21:00:00,21.9,66.0,0.0,3.6,273.0,3.595066325116466,-0.18840944247459782
2026-02-04 22:00:00,21.5,70.0,0.0,3.3,283.0,3.2154212137912763,-0.7423384793347545
2026-02-04 23:00:00,21.2,72.0,0.0,1.5,306.0,1.2135254915624212,-0.8816778784387097
2026-02-05 00:00:00,20.5,78.0,0.0,0.0,270.0,0.0,0.0
2026-02-05 01:00:00,20.3,77.0,0.0,1.3,360.0,7.960204194457797e-17,-1.3
2026-02-05 02:00:00,20.4,76.0,0.0,3.3,54.0,-2.6697560814373267,-1.9396913325651608
2026-02-05 03:00:00,20.2,76.0,0.0,4.9,28.0,-2.3004106576508647,-4.326443205008743
2026-02-05 04:00:00,19.8,77.0,0.0,5.2,14.0,-1.2579938571182725,-5.045537776635181
2026-02-05 05:00:00,19.5,79.0,0.0,4.7,353.0,0.5727859140041932,-4.664966912714213
2026-02-05 06:00:00,19.3,79.0,0.0,4.6,334.0,2.016507275229756,-4.134452612976168
2026-02-05 07:00:00,19.5,78.0,0.0,5.8,344.0,1.598696663738595,-5.57531783644225
2026-02-05 08:00:00,20.5,72.0,0.0,7.9,17.0,-2.309736467309623,-7.554807572107979
2026-02-05 09:00:00,23.5,59.0,0.0,6.0,355.0,0.5229344564859488,-5.977168188550474
2026-02-05 10:00:00,25.9,51.0,0.0,2.9,317.0,1.9777952441812454,-2.1209257346955943
2026-02-05 11:00:00,27.2,48.0,0.0,4.8,233.0,3.8334504482270053,2.8887121111298315
2026-02-05 12:00:00,27.6,49.0,0.0,9.4,234.0,7.604759747124507,5.525181371549247
2026-02-05 13:00:00,27.2,51.0,0.0,11.8,241.0,10.32051254424487,5.720753518906777
2026-02-05 14:00:00,26.6,53.0,0.0,12.9,255.0,12.460443159128982,3.3387656818225175
2026-02-05 15:00:00,26.2,56.0,0.0,10.4,250.0,9.772803256173448,3.557009490586955
2026-02-05 16:00:00,25.5,60.0,0.0,9.4,238.0,7.9716521038704045,4.981241083792126
2026-02-05 17:00:00,24.5,64.0,0.0,6.9,239.0,5.914454374844575,3.553762716879374
2026-02-05 18:00:00,23.6,68.0,0.0,5.6,248.0,5.192229585574009,2.097796923129107
2026-02-05 19:00:00,23.2,71.0,0.0,3.6,270.0,3.6,0.0
2026-02-05 20:00:00,23.2,73.0,0.0,0.6000000000000001,252.0,0.5706339097770922,0.18541019662496847
2026-02-05 21:00:00,22.8,76.0,0.0,2.5,249.0,2.3339510662430043,0.8959198738632507
2026-02-05 22:00:00,22.2,81.0,0.1,4.4,249.0,4.107753876587688,1.5768189779993214
2026-02-05 23:00:00,21.8,85.0,0.0,2.4,279.0,2.3704520174283306,-0.37544271609655405
2026-02-06 00:00:00,21.5,85.0,0.0,2.1,329.0,1.0815799573111138,-1.800051331474436
2026-02-06 01:00:00,20.9,88.0,0.1,2.3,270.0,2.3,0.0
2026-02-06 02:00:00,20.5,86.0,0.1,4.4,305.0,3.604268994871564,-2.523736319944603
2026-02-06 03:00:00,20.7,86.0,0.1,6.0,286.0,5.767570175629913,-1.653824134901995
2026-02-06 04:00:00,20.8,87.0,0.1,5.4,307.0,4.312631754255381,-3.2498011250210608
2026-02-06 05:00:00,20.5,86.0,0.0,7.6,357.0,0.3977532674463741,-7.589584464134761
2026-02-06 06:00:00,20.2,83.0,0.0,7.7,18.0,-2.379430856687096,-7.323135175472682
2026-02-06 07:00:00,20.0,83.0,0.0,6.3,35.0,-3.6135315490115922,-5.160657879020647
2026-02-06 08:00:00,21.4,79.0,0.0,6.2,36.0,-3.644268564213334,-5.015905365124674
2026-02-06 09:00:00,23.9,69.0,0.1,4.0,80.0,-3.939231012048832,-0.6945927106677219
2026-02-06 10:00:00,24.2,70.0,0.2,2.3,252.0,2.1874299874788528,0.710739087062379
2026-02-06 11:00:00,25.3,67.0,0.1,8.3,196.0,2.287790053281093,7.978472076288048
2026-02-06 12:00:00,25.9,63.0,0.1,8.4,217.0,5.055246194477206,6.70853828439726
2026-02-06 13:00:00,25.2,67.0,0.5,7.9,231.0,6.139453095510071,4.971631089293716
2026-02-06 14:00:00,24.9,68.0,0.7000000000000001,9.6,218.0,5.91035016312632,7.564903234624531
2026-02-06 15:00:00,25.2,66.0,0.1,8.9,199.0,2.897556574668695,8.41511532283392
2026-02-06 16:00:00,24.8,67.0,0.1,7.2,180.0,4.4087284769304716e-16,7.2
2026-02-06 17:00:00,24.6,67.0,0.0,3.5,168.0,-0.7276909178621577,3.42351660256832
2026-02-06 18:00:00,23.9,68.0,0.0,2.2,9.0,-0.3441558230885083,-2.172914349309303
2026-02-06 19:00:00,23.2,71.0,0.0,5.2,358.0,0.18147738285300563,-5.196832300499298
2026-02-06 20:00:00,22.0,86.0,0.0,7.4,14.0,-1.7902220274375418,-7.180188374442374
2026-02-06 21:00:00,21.8,87.0,0.0,6.5,358.0,0.226846728566257,-6.496040375624123
2026-02-06 22:00:00,21.2,89.0,0.0,8.3,355.0,0.7233926648055626,-8.268415994161488
2026-02-06 23:00:00,20.4,91.0,0.0,10.0,353.0,1.2186934340514748,-9.92546151641322
2026-02-07 00:00:00,19.8,90.0,0.0,9.4,353.0,1.1455718280083864,-9.329933825428427
2026-02-07 01:00:00,19.5,89.0,0.0,9.0,348.0,1.871205217359835,-8.80332840660425
2026-02-07 02:00:00,19.2,90.0,0.0,11.2,356.0,0.7812725059342026,-11.17271736291003
2026-02-07 03:00:00,18.7,89.0,0.0,13.6,342.0,4.202631123499285,-12.934368621614087
2026-02-07 04:00:00,18.0,92.0,0.0,17.3,348.0,3.596872251147239,-16.921953492694836
2026-02-07 05:00:00,17.4,93.0,0.0,16.8,351.0,2.6280990126758796,-16.593164121998313
2026-02-07 06:00:00,17.0,92.0,0.0,15.9,354.0,1.66200256595569,-15.812898136355546
2026-02-07 07:00:00,16.9,91.0,0.0,14.6,357.0,0.7641049611469819,-14.579991207416777
2026-02-07 08:00:00,17.6,86.0,0.0,13.0,360.0,7.960204194457795e-16,-13.0
2026-02-07 09:00:00,19.5,76.0,0.0,8.8,358.0,0.30711557098200953,-8.794639277768043
2026-02-07 10:00:00,21.8,65.0,0.0,7.7,339.0,2.759433211498813,-7.188569284028453
2026-02-07 11:00:00,23.6,58.0,0.0,8.1,313.0,5.9239649831152805,-5.524186716506238
2026-02-07 12:00:00,24.6,54.0,0.0,10.1,303.0,8.470572736248783,-5.500854253651774
2026-02-07 13:00:00,25.4,51.0,0.0,11.1,297.0,9.890172418490883,-5.039294547108969
2026-02-07 14:00:00,25.5,49.0,0.0,14.0,317.0,9.54797704087498,-10.238951822668387
2026-02-07 15:00:00,24.9,49.0,0.0,14.5,323.0,8.726317835704702,-11.580214895685746
2026-02-07 16:00:00,23.8,51.0,0.0,13.5,326.0,7.549104196855081,-11.192007229493063
2026-02-07 17:00:00,22.1,54.0,0.0,13.4,333.0,6.0834726965099275,-11.93948742412413
2026-02-07 18:00:00,20.4,58.0,0.0,13.1,339.0,4.694620139043435,-12.229903587113343
2026-02-07 19:00:00,19.0,61.0,0.0,11.9,346.0,2.8788705576360454,-11.546519142684359
2026-02-07 20:00:00,18.0,64.0,0.0,11.0,350.0,1.9101299543362344,-10.832885283134289
2026-02-07 21:00:00,17.2,68.0,0.2,10.3,338.0,3.8584479121838933,-9.549993702037911
2026-02-07 22:00:00,17.0,68.0,0.0,9.4,340.0,3.214989347261287,-8.833110635387538
2026-02-07 23:00:00,16.5,69.0,0.0,10.0,339.0,3.583679495453004,-9.335804264972017
2026-02-08 00:00:00,15.9,71.0,0.0,8.4,353.0,1.023702484603239,-8.337387673787106
2026-02-08 01:00:00,15.1,74.0,0.0,7.1,7.0,-0.8652723381765449,-7.0470776766533865
2026-02-08 02:00:00,15.0,75.0,0.0,6.3,342.0,1.946807064562169,-5.991656052659467
2026-02-08 03:00:00,15.4,74.0,0.0,8.2,328.0,4.34533796671228,-6.953994388482692
2026-02-08 04:00:00,15.1,76.0,0.0,8.0,335.0,3.3809460939255955,-7.2504622962931995
2026-02-08 05:00:00,14.6,77.0,0.0,8.3,355.0,0.7233926648055626,-8.268415994161488
2026-02-08 06:00:00,13.9,79.0,0.0,8.5,360.0,5.204748896376251e-16,-8.5
2026-02-08 07:00:00,13.8,79.0,0.0,9.5,349.0,1.8126854560771768,-9.325458242752807
2026-02-08 08:00:00,14.6,71.0,0.0,11.7,350.0,2.031683678703086,-11.522250710242833
2026-02-08 09:00:00,16.2,62.0,0.0,9.0,355.0,0.7844016847289232,-8.96575228282571
2026-02-08 10:00:00,17.9,59.0,0.0,5.2,6.0,-0.5435480089917974,-5.1715138559150216
2026-02-08 11:00:00,20.4,54.0,0.0,3.0,308.0,2.364032260820166,-1.846984425976975
2026-02-08 12:00:00,21.4,49.0,0.0,9.9,302.0,8.395676151948617,-5.246200715908729
2026-02-08 13:00:00,21.9,44.0,0.0,12.6,313.0,9.215056640401547,-8.59317933678748
2026-02-08 14:00:00,20.4,44.0,0.0,15.3,335.0,6.466059404632702,-13.866509141660744
2026-02-08 15:00:00,20.1,44.0,0.0,13.1,342.0,4.0481226263118115,-12.45884036346651
2026-02-08 16:00:00,20.0,43.0,0.0,10.9,343.0,3.186851581477831,-10.423721839997087
2026-02-08 17:00:00,18.9,44.0,0.0,11.9,346.0,2.8788705576360454,-11.546519142684359
2026-02-08 18:00:00,16.8,47.0,0.0,13.4,345.0,3.468175204373778,-12.943406072273516
2026-02-08 19:00:00,15.4,50.0,0.0,12.3,345.0,3.183474254761005,-11.88088766335554
2026-02-08 20:00:00,14.6,52.0,0.0,10.8,345.0,2.795245687107224,-10.431998923921938
2026-02-08 21:00:00,14.1,53.0,0.0,9.2,348.0,1.9127875555233869,-8.998957926751011
2026-02-08 22:00:00,13.5,55.0,0.0,6.9,355.0,0.6013746249588412,-6.873743416833045
2026-02-08 23:00:00,13.2,56.0,0.0,6.7,6.0,-0.7003407038932775,-6.663296698967432
2026-02-09 00:00:00,13.2,58.0,0.0,4.7,9.0,-0.7352419856890859,-4.6421352007971475
2026-02-09 01:00:00,13.2,58.0,0.0,6.0,357.0,0.3140157374576638,-5.991777208527443
2026-02-09 02:00:00,13.1,60.0,0.0,2.7,356.0,0.18834247910913815,-2.6934229357015256
2026-02-09 03:00:00,13.9,56.0,0.0,3.0,52.0,-2.3640322608201663,-1.8469844259769745
2026-02-09 04:00:00,14.0,58.0,0.0,1.5,97.0,-1.488819227461983,0.18280401510772132
2026-02-09 05:00:00,14.1,63.0,0.0,2.2,246.0,2.0098000068137223,0.8948206147667606
2026-02-09 06:00:00,14.4,70.0,0.0,2.7,270.0,2.7,0.0
2026-02-09 07:00:00,14.8,75.0,0.0,3.3,264.0,3.2819222547153015,0.3449439287832564
2026-02-09 08:00:00,15.4,75.0,0.0,2.6,16.0,-0.7166571251241971,-2.4992804094396295
2026-02-09 09:00:00,17.0,64.0,0.0,2.9,30.0,-1.4500000000000013,-2.5114736709748713
2026-02-09 10:00:00,18.8,57.0,0.0,1.5,339.0,0.5375519243179505,-1.4003706397458027
2026-02-09 11:00:00,20.2,51.0,0.0,5.8,286.0,5.57531783644225,-1.598696663738595
2026-02-09 12:00:00,20.9,51.0,0.0,12.0,286.0,11.535140351259827,-3.30764826980399
2026-02-09 13:00:00,20.5,54.0,0.0,14.5,285.0,14.00592448119149,-3.7528761539865507
2026-02-09 14:00:00,19.8,59.0,0.0,16.9,310.0,12.946151088710728,-10.863110603702513
2026-02-09 15:00:00,19.5,57.0,0.0,15.5,305.0,12.696856686479373,-8.890434763441213
2026-02-09 16:00:00,19.0,59.0,0.0,14.4,312.0,10.701285486874477,-9.63548073156756
2026-02-09 17:00:00,18.5,61.0,0.0,12.3,314.0,8.84787954416541,-8.544297956645666
2026-02-09 18:00:00,18.1,62.0,0.0,10.3,322.0,6.341313195854281,-8.116510762149238
2026-02-09 19:00:00,17.9,61.0,0.0,6.9,353.0,0.8408984694955177,-6.848568446325122
2026-02-09 20:00:00,17.4,64.0,0.0,5.6,360.0,3.429011037612589e-16,-5.6
2026-02-09 21:00:00,16.9,66.0,0.0,4.9,332.0,2.3004106576508656,-4.326443205008742
2026-02-09 22:00:00,16.5,68.0,0.0,6.2,300.0,5.36935750346352,-3.0999999999999996
2026-02-09 23:00:00,16.4,70.0,0.0,6.4,306.0,5.177708763999664,-3.761825614671828
2026-02-10 00:00:00,16.1,72.0,0.0,7.2,335.0,3.042851484533036,-6.52541606666388
2026-02-10 01:00:00,15.8,71.0,0.0,8.0,351.0,1.2514757203218474,-7.901506724761102
2026-02-10 02:00:00,15.6,70.0,0.0,8.8,1.0,-0.15358117664809479,-8.798659717376244
2026-02-10 03:00:00,15.6,70.0,0.0,8.7,356.0,0.6068813215738895,-8.67880723726047
2026-02-10 04:00:00,14.9,73.0,0.0,8.5,359.0,0.14834545471691057,-8.498705408829325
2026-02-10 05:00:00,14.4,75.0,0.0,9.1,352.0,1.2664752187365957,-9.01143942554829
2026-02-10 06:00:00,14.1,77.0,0.0,8.1,347.0,1.8221035401853058,-7.892397524760405
2026-02-10 07:00:00,14.0,77.0,0.0,5.5,349.0,1.049449474570997,-5.3989495089621515
2026-02-10 08:00:00,16.3,69.0,0.0,6.9,17.0,-2.0173647625868862,-6.598502816144944
2026-02-10 09:00:00,19.0,58.0,0.0,4.3,33.0,-2.341947850564616,-3.6062834421653234
2026-02-10 10:00:00,21.4,51.0,0.0,1.1,252.0,1.0461621679246689,0.33991869381244216
2026-02-10 11:00:00,22.9,45.0,0.0,6.7,256.0,6.500981366049176,1.6208767005177738
2026-02-10 12:00:00,23.5,44.0,0.0,10.1,267.0,10.086158301021195,0.5285931580537327
2026-02-10 13:00:00,23.5,46.0,0.0,12.8,274.0,12.768819843325751,-0.8928828639248039
2026-02-10 14:00:00,23.7,42.0,0.0,13.5,286.0,12.977032895167305,-3.7211043035294886
2026-02-10 15:00:00,23.9,42.0,0.0,13.8,296.0,12.403357838928505,-6.049521825689268
2026-02-10 16:00:00,23.2,44.0,0.0,14.5,300.0,12.557368354874361,-7.249999999999999
2026-02-10 17:00:00,22.1,49.0,0.0,13.9,291.0,12.976767928311105,-4.981314498679674
2026-02-10 18:00:00,20.7,57.0,0.0,11.0,295.0,9.96938565740315,-4.648800879147694
2026-02-10 19:00:00,20.2,64.0,0.0,7.9,309.0,6.139453095510071,-4.971631089293716
2026-02-10 20:00:00,20.0,62.0,0.0,1.9,338.0,0.7117525274902327,-1.761649323676896
2026-02-10 21:00:00,19.8,64.0,0.0,0.9,37.0,-0.5416335208368435,-0.7187719590425635
2026-02-10 22:00:00,19.4,65.0,0.0,1.5,111.0,-1.4003706397458027,0.5375519243179503
2026-02-10 23:00:00,19.0,67.0,0.0,0.5,315.0,0.3535533905932738,-0.35355339059327373
2026-02-11 00:00:00,18.7,67.0,0.0,3.2,326.0,1.78941729110639,-2.652920232176134
2026-02-11 01:00:00,18.4,69.0,0.0,6.1,337.0,2.3834598837845697,-5.6150796060598855
2026-02-11 02:00:00,17.9,68.0,0.0,8.1,357.0,0.4239212455678461,-8.088899231512048
2026-02-11 03:00:00,17.4,69.0,0.0,5.2,360.0,3.1840816777831187e-16,-5.2
2026-02-11 04:00:00,16.9,70.0,0.0,4.7,356.0,0.3278554265973886,-4.688551036221174
2026-02-11 05:00:00,16.8,71.0,0.0,5.4,345.0,1.397622843553612,-5.215999461960969
2026-02-11 06:00:00,16.8,71.0,0.0,5.4,345.0,1.397622843553612,-5.215999461960969
2026-02-11 07:00:00,16.9,69.0,0.0,7.9,349.0,1.507391063474705,-7.754854749236546
2026-02-11 08:00:00,19.0,61.0,0.0,13.5,2.0,-0.47114320548376026,-13.491776164757793
2026-02-11 09:00:00,22.4,47.0,0.0,12.6,2.0,-0.4397336584515096,-12.592324420440606
2026-02-11 10:00:00,24.4,39.0,0.0,12.1,356.0,0.8440533323039153,-12.070525008143873
2026-02-11 11:00:00,25.8,35.0,0.0,12.0,341.0,3.9068178534858813,-11.346222907191802
2026-02-11 12:00:00,26.9,32.0,0.0,12.8,328.0,6.782966582185023,-10.855015630802253
2026-02-11 13:00:00,27.3,32.0,0.0,15.2,317.0,10.366375072949976,-11.11657626461139
2026-02-11 14:00:00,26.9,35.0,0.0,17.0,311.0,12.830062863787123,-11.153003492838623
2026-02-11 15:00:00,26.2,41.0,0.0,17.3,308.0,13.632586037396289,-10.650943523133888
2026-02-11 16:00:00,25.4,47.0,0.0,17.6,310.0,13.482382198894014,-11.313061930483093
2026-02-11 17:00:00,24.0,52.0,0.0,17.2,320.0,11.055946886608476,-13.175964421646421
2026-02-11 18:00:00,22.4,55.0,0.0,14.8,342.0,4.5734515167492225,-14.075636441168273
2026-02-11 19:00:00,21.0,59.0,0.0,11.8,6.0,-1.2334358665583096,-11.735358365345627
2026-02-11 20:00:00,20.6,61.0,0.0,10.6,15.0,-2.7434818780867185,-10.238813758664124
2026-02-11 21:00:00,20.0,64.0,0.0,8.3,5.0,-0.7233926648055635,-8.268415994161488
2026-02-11 22:00:00,19.4,67.0,0.0,8.0,344.0,2.2050988465359933,-7.690093567506551
2026-02-11 23:00:00,18.5,72.0,0.0,8.3,342.0,2.564841053312064,-7.893769085249775
2026-02-12 00:00:00,17.7,76.0,0.0,9.0,350.0,1.5628335990023738,-8.863269777109872
2026-02-12 01:00:00,16.9,81.0,0.0,9.2,354.0,0.9616618620624118,-9.149601437388114
2026-02-12 02:00:00,16.4,82.0,0.0,8.2,9.0,-1.2827626133298944,-8.099044392880128
2026-02-12 03:00:00,16.3,82.0,0.0,5.8,4.0,-0.40458754771592836,-5.78587149150698
2026-02-12 04:00:00,16.1,83.0,0.0,5.1,342.0,1.575986671312232,-4.850388233105282
2026-02-12 05:00:00,15.9,84.0,0.0,6.0,339.0,2.150207697271802,-5.601482558983211
2026-02-12 06:00:00,15.4,85.0,0.0,6.2,353.0,0.7555899291119145,-6.153786140176196
2026-02-12 07:00:00,15.0,85.0,0.0,6.5,2.0,-0.22684672856625496,-6.496040375624123
2026-02-12 08:00:00,17.1,75.0,0.0,5.8,16.0,-1.5986966637385935,-5.57531783644225
2026-02-12 09:00:00,20.8,59.0,0.0,3.4,16.0,-0.9371670097777962,-3.2682897661902843
2026-02-12 10:00:00,23.6,54.0,0.0,1.2,297.0,1.0692078290260414,-0.5447885996874561
2026-02-12 11:00:00,25.2,49.0,0.0,6.1,265.0,6.076787658359647,0.5316500307607148
2026-02-12 12:00:00,25.7,48.0,0.0,11.0,266.0,10.973204552858066,0.7673212111853783
2026-02-12 13:00:00,25.8,48.0,0.0,12.8,267.0,12.782458044858545,0.6699002399096812
2026-02-12 14:00:00,25.3,48.0,0.0,11.9,273.0,11.88369146357943,-0.6227978792910317
2026-02-12 15:00:00,25.2,47.0,0.0,10.2,278.0,10.100734301164017,-1.4195656297926673
2026-02-12 16:00:00,24.8,48.0,0.0,8.8,271.0,8.798659717376244,-0.15358117664809492
2026-02-12 17:00:00,23.8,54.0,0.0,9.2,270.0,9.2,0.0
2026-02-12 18:00:00,22.5,62.0,0.0,7.6,277.0,7.543350752474047,-0.9262070098791207
2026-02-12 19:00:00,22.0,68.0,0.0,6.9,277.0,6.848568446325122,-0.8408984694955176
2026-02-12 20:00:00,21.9,66.0,0.0,6.5,289.0,6.1458707413955596,-2.1161930039715187
2026-02-12 21:00:00,21.4,65.0,0.0,4.8,307.0,3.8334504482270053,-2.8887121111298315
2026-02-12 22:00:00,20.7,63.0,0.0,2.6,326.0,1.4539015490239418,-2.1554976886431088
2026-02-12 23:00:00,20.0,63.0,0.0,1.9,331.0,0.9211382784680405,-1.6617774435648518
2026-02-13 00:00:00,19.6,64.0,0.0,1.9,338.0,0.7117525274902327,-1.761649323676896
2026-02-13 01:00:00,18.9,68.0,0.0,2.3,360.0,1.408343819019456e-16,-2.3
2026-02-13 02:00:00,18.5,71.0,0.0,3.6,20.0,-1.2312725159724067,-3.3828934348292705
2026-02-13 03:00:00,18.5,73.0,0.0,2.4,343.0,0.7016920913345682,-2.295131414311285
2026-02-13 04:00:00,18.4,73.0,0.0,3.1,329.0,1.5966180322211678,-2.6572186321765483
2026-02-13 05:00:00,18.1,75.0,0.0,4.5,326.0,2.5163680656183605,-3.730669076497688
2026-02-13 06:00:00,17.6,78.0,0.0,5.2,338.0,1.9479542857627423,-4.821356043747294
2026-02-13 07:00:00,17.5,79.0,0.0,5.4,345.0,1.397622843553612,-5.215999461960969
2026-02-13 08:00:00,19.8,73.0,0.0,5.6,358.0,0.19543718153400605,-5.596588631306936
2026-02-13 09:00:00,23.0,59.0,0.0,2.2,5.0,-0.19174263404484818,-2.1916283358018402
2026-02-13 10:00:00,24.9,52.0,0.0,2.2,270.0,2.2,0.0
2026-02-13 11:00:00,25.8,49.0,0.0,8.5,258.0,8.314254606237348,1.7672493719509543
2026-02-13 12:00:00,25.8,51.0,0.0,13.0,266.0,12.968332653377715,0.9068341586736289
2026-02-13 13:00:00,25.1,54.0,0.0,13.9,266.0,13.866140298611557,0.9696149850433418
2026-02-13 14:00:00,25.4,49.0,0.0,12.8,279.0,12.642410759617764,-2.0023611525149554
2026-02-13 15:00:00,25.5,48.0,0.0,11.4,285.0,11.01155441969538,-2.9505371141687364
2026-02-13 16:00:00,25.0,51.0,0.0,10.5,278.0,10.397814721786489,-1.4613175600806871
2026-02-13 17:00:00,23.9,57.0,0.0,9.0,268.0,8.994517443171862,0.31409547032250873
2026-02-13 18:00:00,22.6,64.0,0.0,6.5,276.0,6.4643923198937765,-0.6794350112397476
2026-02-13 19:00:00,22.1,66.0,0.0,5.4,312.0,4.012982057577929,-3.6133052743378347
2026-02-13 20:00:00,22.0,70.0,0.0,3.1,329.0,1.5966180322211678,-2.6572186321765483
2026-02-13 21:00:00,21.8,71.0,0.0,3.4,328.0,1.8017254983928965,-2.883363526931848
2026-02-13 22:00:00,21.2,74.0,0.0,0.8,297.0,0.7128052193506944,-0.3631923997916374
2026-02-13 23:00:00,20.9,74.0,0.0,4.2,348.0,0.8732291014345898,-4.108219923081983
2026-02-14 00:00:00,20.5,72.0,0.0,5.5,343.0,1.6080443759750522,-5.259676157796695
2026-02-14 01:00:00,20.4,72.0,0.0,3.8,343.0,1.1110124779463997,-3.6339580726595346
2026-02-14 02:00:00,19.6,74.0,0.0,2.4,9.0,-0.3754427160965545,-2.37045201742833
2026-02-14 03:00:00,19.2,75.0,0.0,2.8,345.0,0.7246933262870581,-2.7045923136093912
2026-02-14 04:00:00,18.8,77.0,0.0,4.7,353.0,0.5727859140041932,-4.664966912714213
2026-02-14 05:00:00,18.5,75.0,0.0,7.0,342.0,2.163118960624632,-6.657395614066075
2026-02-14 06:00:00,18.2,74.0,0.0,5.5,343.0,1.6080443759750522,-5.259676157796695
2026-02-14 07:00:00,18.0,73.0,0.0,4.8,349.0,0.9158831778074156,-4.711810480548787
2026-02-14 08:00:00,20.5,65.0,0.0,4.6,21.0,-1.648492567908383,-4.294469961887128
2026-02-14 09:00:00,23.8,51.0,0.0,1.5,36.0,-0.8816778784387098,-1.213525491562421
2026-02-14 10:00:00,25.9,43.0,0.0,3.0,147.0,-1.6339171050450814,2.5160117038362717
2026-02-14 11:00:00,27.2,40.0,0.0,5.4,194.0,1.3063782362382055,5.2395969218903815
2026-02-14 12:00:00,27.6,41.0,0.0,10.8,224.0,7.502310400957171,7.768869843657432
2026-02-14 13:00:00,27.1,47.0,0.0,12.1,242.0,10.683665873593016,5.6806059097092785
2026-02-14 14:00:00,26.7,50.0,0.0,10.6,244.0,9.52721689077117,4.646734155964221
2026-02-14 15:00:00,26.3,53.0,0.0,11.2,249.0,10.45610077676866,4.013721034907363
2026-02-14 16:00:00,25.5,57.0,0.0,10.2,263.0,10.123970746741483,1.243067302732504
2026-02-14 17:00:00,24.8,60.0,0.0,9.6,275.0,9.563469101680758,-0.8366951303775184
2026-02-14 18:00:00,23.9,64.0,0.0,8.0,293.0,7.364038827619523,-3.12584902791419
2026-02-14 19:00:00,23.6,65.0,0.0,8.2,310.0,6.281564433575619,-5.270858399429621
2026-02-14 20:00:00,23.3,70.0,0.0,4.0,350.0,0.6945927106677217,-3.939231012048832
2026-02-14 21:00:00,22.9,68.0,0.0,8.8,348.0,1.8296228791962834,-8.60769888645749
2026-02-14 22:00:00,22.6,66.0,0.0,7.2,354.0,0.752604935527105,-7.160557646651568
2026-02-14 23:00:00,22.1,66.0,0.0,5.0,2.0,-0.1744974835125038,-4.9969541350954785
2026-02-15 00:00:00,21.7,67.0,0.0,3.8,352.0,0.5288577836482488,-3.7630186612179672
2026-02-15 01:00:00,21.2,68.0,0.0,5.6,353.0,0.6824683230688259,-5.558258449191403
2026-02-15 02:00:00,20.8,70.0,0.0,6.8,2.0,-0.23731657757700517,-6.795857623729851
2026-02-15 03:00:00,20.2,72.0,0.0,5.7,351.0,0.8916764507293163,-5.629823541392286
2026-02-15 04:00:00,20.0,73.0,0.0,6.1,348.0,1.2682613139883325,-5.966700364476214
2026-02-15 05:00:00,19.5,75.0,0.0,4.7,2.0,-0.1640276345017536,-4.6971368869897505
2026-02-15 06:00:00,19.0,78.0,0.0,3.2,16.0,-0.8820395386143964,-3.076037427002621
2026-02-15 07:00:00,19.0,76.0,0.0,4.4,9.0,-0.6883116461770166,-4.345828698618606
2026-02-15 08:00:00,21.3,64.0,0.0,4.1,56.0,-3.3990540474756714,-2.2926909042300614
2026-02-15 09:00:00,24.8,49.0,0.0,1.5,173.0,-0.18280401510772104,1.4888192274619831
2026-02-15 10:00:00,27.0,41.0,0.0,3.6,177.0,-0.18840944247459784,3.595066325116466
2026-02-15 11:00:00,28.4,39.0,0.0,6.9,217.0,4.152523659749134,5.510585019326321
2026-02-15 12:00:00,28.3,43.0,0.0,12.9,250.0,12.122034808138219,4.4120598489011265
2026-02-15 13:00:00,28.1,40.0,0.0,13.9,266.0,13.866140298611557,0.9696149850433418
2026-02-15 14:00:00,27.5,44.0,0.0,14.0,279.0,13.827636768331928,-2.190082510563232
2026-02-15 15:00:00,26.8,50.0,0.0,13.5,278.0,13.3686189280112,-1.8788368629608834
2026-02-15 16:00:00,26.0,55.0,0.0,13.3,283.0,12.959121861643629,-2.9918490227734047
2026-02-15 17:00:00,24.9,63.0,0.0,12.6,297.0,11.226682204773436,-5.720280296718289
2026-02-15 18:00:00,23.8,70.0,0.0,10.7,315.0,7.566042558696059,-7.566042558696057
2026-02-15 19:00:00,23.4,74.0,0.0,7.1,315.0,5.020458146424487,-5.020458146424486
2026-02-15 20:00:00,23.6,77.0,0.0,6.6,331.0,3.199743493625825,-5.772490067120011
2026-02-15 21:00:00,23.5,76.0,0.0,4.4,339.0,1.5768189779993218,-4.107753876587688
2026-02-15 22:00:00,23.2,75.0,0.0,3.6,3.0,-0.1884094424745995,-3.595066325116466
2026-02-15 23:00:00,22.7,76.0,0.0,5.3,18.0,-1.6377900701872221,-5.040599536364313
2026-02-16 00:00:00,22.1,78.0,0.0,4.7,353.0,0.5727859140041932,-4.664966912714213
2026-02-16 01:00:00,21.6,80.0,0.0,3.8,352.0,0.5288577836482488,-3.7630186612179672
2026-02-16 02:00:00,21.2,82.0,0.0,5.0,21.0,-1.7918397477265036,-4.667902132486008
2026-02-16 03:00:00,21.0,83.0,0.0,5.6,15.0,-1.4493866525741155,-5.4091846272187825
2026-02-16 04:00:00,20.8,82.0,0.0,4.1,326.0,2.292690904230062,-3.399054047475671
2026-02-16 05:00:00,20.7,81.0,0.0,4.4,322.0,2.7089104914328965,-3.467247315869577
2026-02-16 06:00:00,20.5,78.0,0.0,3.6,354.0,0.3763024677635525,-3.580278823325784
2026-02-16 07:00:00,20.4,75.0,0.0,4.5,7.0,-0.5484120453231622,-4.46645768238595
2026-02-16 08:00:00,22.4,63.0,0.0,5.4,26.0,-2.36720419266102,-4.853487850015501
2026-02-16 09:00:00,25.1,51.0,0.0,3.6,357.0,0.1884094424745983,-3.595066325116466
2026-02-16 10:00:00,27.0,44.0,0.0,5.3,325.0,3.0399551126605444,-4.341505834731656
2026-02-16 11:00:00,28.2,41.0,0.0,8.5,308.0,6.698091405657136,-5.233122540268096
2026-02-16 12:00:00,29.1,38.0,0.0,11.6,303.0,9.728578588166918,-6.317812806174314
2026-02-16 13:00:00,29.4,39.0,0.0,14.8,300.0,12.817175976009693,-7.3999999999999995
2026-02-16 14:00:00,28.9,45.0,0.0,17.7,300.0,15.328649646984564,-8.849999999999998
2026-02-16 15:00:00,28.2,50.0,0.0,19.0,301.0,16.286178713340135,-9.78572342329103
2026-02-16 16:00:00,27.0,55.0,0.0,18.9,306.0,15.290421193686505,-11.109141268327742
2026-02-16 17:00:00,26.0,60.0,0.0,17.7,316.0,12.295453157124252,-12.732314465994124
2026-02-16 18:00:00,24.8,60.0,0.0,13.0,338.0,4.8698857144068555,-12.053390109368237
2026-02-16 19:00:00,24.1,59.0,0.0,10.6,15.0,-2.7434818780867185,-10.238813758664124
2026-02-16 20:00:00,23.1,63.0,0.0,11.2,5.0,-0.9761443187737723,-11.157380618627549
2026-02-16 21:00:00,21.9,69.0,0.0,10.0,347.0,2.249510543438649,-9.743700647852352
2026-02-16 22:00:00,21.0,74.0,0.0,8.6,345.0,2.2258437878816784,-8.306962106085987
2026-02-16 23:00:00,20.2,78.0,0.0,7.9,348.0,1.6425023574602997,-7.727366045797065
2026-02-17 00:00:00,19.4,82.0,0.0,9.9,338.0,3.7086052748175287,-9.179120160211196
2026-02-17 01:00:00,18.6,84.0,0.0,11.3,342.0,3.4918920364369064,-10.746938634135235
2026-02-17 02:00:00,18.2,83.0,0.0,10.5,352.0,1.4613175600806874,-10.397814721786489
2026-02-17 03:00:00,18.0,83.0,0.0,11.1,335.0,4.691062705321763,-10.060016436106814
2026-02-17 04:00:00,17.2,85.0,0.0,10.7,352.0,1.4891521802727004,-10.595868335534803
2026-02-17 05:00:00,16.8,85.0,0.0,10.1,358.0,0.3524849166952609,-10.093847352892867
2026-02-17 06:00:00,16.6,84.0,0.0,10.8,349.0,2.0607371500666853,-10.601573581234772
2026-02-17 07:00:00,16.5,85.0,0.0,9.5,351.0,1.4861274178821937,-9.38303923565381
2026-02-17 08:00:00,17.9,78.0,0.0,8.8,4.0,-0.6138569689483051,-8.778563642286453
2026-02-17 09:00:00,21.0,64.0,0.0,5.6,358.0,0.19543718153400605,-5.596588631306936
2026-02-17 10:00:00,23.9,55.0,0.0,3.5,298.0,3.0903165750062445,-1.6431504697506178
2026-02-17 11:00:00,25.2,51.0,0.0,10.3,281.0,10.110759989510939,-1.9653326523784116
2026-02-17 12:00:00,25.4,50.0,0.0,14.5,293.0,13.347320375060386,-5.66560136309447
2026-02-17 13:00:00,26.2,46.0,0.0,13.6,298.0,12.008087262881407,-6.384813253888114
2026-02-17 14:00:00,26.3,48.0,0.0,14.6,299.0,12.769447724235178,-7.0782204555965205
2026-02-17 15:00:00,25.9,50.0,0.0,14.2,302.0,12.042282965421247,-7.52485355211151
2026-02-17 16:00:00,25.5,52.0,0.0,13.3,300.0,11.518137870333035,-6.6499999999999995
2026-02-17 17:00:00,24.5,55.0,0.0,12.7,301.0,10.886024718916826,-6.540983551357687
2026-02-17 18:00:00,22.8,62.0,0.0,12.2,304.0,10.114258385171507,-6.822153422343112
2026-02-17 19:00:00,22.0,64.0,0.0,9.5,321.0,5.978543714973457,-7.382886633841224
2026-02-17 20:00:00,21.8,63.0,0.0,7.3,343.0,2.1343134444759784,-6.981024718530159
2026-02-17 21:00:00,21.0,63.0,0.0,9.6,347.0,2.159530121701103,-9.353952621938259
2026-02-17 22:00:00,19.5,68.0,0.0,11.3,342.0,3.4918920364369064,-10.746938634135235
2026-02-17 23:00:00,18.7,72.0,0.0,10.2,343.0,2.982191388171915,-9.75430851082296
2026-02-18 00:00:00,18.0,72.0,0.0,8.4,349.0,1.6027955611629774,-8.245668340960378
2026-02-18 01:00:00,17.6,72.0,0.0,8.7,339.0,3.117801161044113,-8.122149710525655
2026-02-18 02:00:00,17.2,74.0,0.0,10.6,349.0,2.022575350991376,-10.405248144545238
2026-02-18 03:00:00,16.8,75.0,0.0,10.7,352.0,1.4891521802727004,-10.595868335534803
2026-02-18 04:00:00,16.4,76.0,0.0,8.5,2.0,-0.2966457219712565,-8.494822029662314
2026-02-18 05:00:00,16.3,76.0,0.0,8.2,346.0,1.9837595439172748,-7.95642495546317
2026-02-18 06:00:00,16.1,77.0,0.0,8.3,342.0,2.564841053312064,-7.893769085249775
2026-02-18 07:00:00,16.2,77.0,0.0,8.9,339.0,3.1894747509531736,-8.308865795825096
2026-02-18 08:00:00,17.5,71.0,0.0,8.5,360.0,5.204748896376251e-16,-8.5
2026-02-18 09:00:00,20.1,62.0,0.0,5.6,2.0,-0.19543718153400425,-5.596588631306936
2026-02-18 10:00:00,22.5,56.0,0.0,3.8,315.0,2.6870057685088806,-2.68700576850888
2026-02-18 11:00:00,24.2,51.0,0.0,8.3,288.0,7.893769085249775,-2.5648410533120636
2026-02-18 12:00:00,25.1,47.0,0.0,11.8,293.0,10.861957270738797,-4.610627316173431
2026-02-18 13:00:00,25.9,45.0,0.0,12.4,289.0,11.72443033743153,-4.037045115268743
2026-02-18 14:00:00,25.0,49.0,0.0,15.4,288.0,14.646270350945365,-4.75886171337419
2026-02-18 15:00:00,24.0,52.0,0.0,16.0,293.0,14.728077655239046,-6.25169805582838
2026-02-18 16:00:00,23.5,54.0,0.0,15.1,293.0,13.899623287131849,-5.900040040188034
2026-02-18 17:00:00,22.3,59.0,0.0,12.7,295.0,11.510108895365454,-5.367251924106883
2026-02-18 18:00:00,21.5,61.0,0.0,9.4,306.0,7.604759747124507,-5.525181371549247
2026-02-18 19:00:00,21.1,59.0,0.0,6.3,329.0,3.244739871933341,-5.400153994423308
2026-02-18 20:00:00,21.2,57.0,0.0,5.5,349.0,1.049449474570997,-5.3989495089621515
2026-02-18 21:00:00,20.5,57.0,0.0,6.6,347.0,1.4846769586695083,-6.430842427582553
2026-02-18 22:00:00,19.4,62.0,0.0,8.5,348.0,1.7672493719509554,-8.314254606237347
2026-02-18 23:00:00,18.4,65.0,0.0,9.6,347.0,2.159530121701103,-9.353952621938259
2026-02-19 00:00:00,17.8,66.0,0.0,7.6,353.0,0.9262070098791209,-7.543350752474047
2026-02-19 01:00:00,17.4,67.0,0.0,7.1,350.0,1.232902061435206,-6.992135046386677
2026-02-19 02:00:00,17.1,66.0,0.0,7.2,354.0,0.752604935527105,-7.160557646651568
2026-02-19 03:00:00,16.9,67.0,0.0,6.5,346.0,1.57249232139784,-6.306922220793977
2026-02-19 04:00:00,16.6,68.0,0.0,7.6,335.0,3.211898789229316,-6.887939181478539
2026-02-19 05:00:00,16.4,69.0,0.0,9.1,338.0,3.4089200000847986,-8.437373076557765
2026-02-19 06:00:00,16.0,70.0,0.0,10.5,343.0,3.069902899588736,-10.041199937611871
2026-02-19 07:00:00,16.2,69.0,0.0,10.4,349.0,1.9844135519160673,-10.208922707855706
2026-02-19 08:00:00,18.0,63.0,0.0,8.9,8.0,-1.2386405985445859,-8.813385811799975
2026-02-19 09:00:00,20.7,54.0,0.0,8.3,14.0,-2.0079517334772428,-8.053454528090771
2026-02-19 10:00:00,23.1,50.0,0.0,5.6,21.0,-2.006860517453684,-5.228050388384329
2026-02-19 11:00:00,25.0,44.0,0.0,2.0,270.0,2.0,0.0
2026-02-19 12:00:00,26.0,40.0,0.0,8.7,262.0,8.61533219805166,1.2108059783525693
2026-02-19 13:00:00,25.0,48.0,0.0,16.1,264.0,16.011802515429203,1.682908258609221
2026-02-19 14:00:00,23.0,57.0,0.0,17.0,280.0,16.741731801207536,-2.952019020337816
2026-02-19 15:00:00,23.1,53.0,0.0,13.1,295.0,11.872632010180114,-5.536299228803163
2026-02-19 16:00:00,22.8,57.0,0.0,12.8,296.0,11.50456379262934,-5.6111506789001915
2026-02-19 17:00:00,21.7,61.0,0.0,12.7,308.0,10.007736570805367,-7.81890073663586
2026-02-19 18:00:00,21.2,61.0,0.0,11.7,323.0,7.0412357708789655,-9.344035467553326
2026-02-19 19:00:00,21.2,59.0,0.0,10.8,349.0,2.0607371500666853,-10.601573581234772
2026-02-19 20:00:00,20.5,67.0,0.0,4.8,34.0,-2.6841259366595835,-3.9793803482642005
2026-02-19 21:00:00,20.1,70.0,0.0,3.7,51.0,-2.875440057390792,-2.3284854468843994
2026-02-19 22:00:00,19.5,73.0,0.0,3.6,33.0,-1.960700526054097,-3.0192140446035265
2026-02-19 23:00:00,18.9,76.0,0.0,5.4,358.0,0.18845728219350585,-5.3967104659031175
2026-02-20 00:00:00,18.3,78.0,0.0,5.5,349.0,1.049449474570997,-5.3989495089621515
2026-02-20 01:00:00,18.0,76.0,0.0,5.5,341.0,1.7906248495143622,-5.200352165796242
2026-02-20 02:00:00,17.4,79.0,0.0,6.9,14.0,-1.6692610796377079,-6.695040511304376
2026-02-20 03:00:00,17.4,79.0,0.0,6.6,351.0,1.032467469265524,-6.518743047927909
2026-02-20 04:00:00,17.5,77.0,0.0,8.5,342.0,2.6266444521870533,-8.083980388508804
2026-02-20 05:00:00,17.1,76.0,0.0,9.9,357.0,0.5181259668051453,-9.886432394070281
2026-02-20 06:00:00,16.6,75.0,0.0,10.6,356.0,0.7394186216877274,-10.574178932754137
2026-02-20 07:00:00,17.1,72.0,0.0,11.9,350.0,2.066413314236472,-11.719212260845277
2026-02-20 08:00:00,19.4,62.0,0.0,10.0,351.0,1.5643446504023093,-9.876883405951379
2026-02-20 09:00:00,22.3,50.0,0.0,9.7,345.0,2.510544737494451,-9.369480515003962
2026-02-20 10:00:00,24.2,45.0,0.0,11.7,335.0,4.944633662366183,-10.603801108328804
2026-02-20 11:00:00,25.2,43.0,0.0,14.4,320.0,9.256141579486167,-11.031039980913283
2026-02-20 12:00:00,25.8,43.0,0.0,18.0,307.0,14.37543918085127,-10.83267041673687
2026-02-20 13:00:00,24.9,47.0,0.0,20.6,303.0,17.276613699675735,-11.219564121309558
2026-02-20 14:00:00,24.4,49.0,0.0,21.4,304.0,17.74140405267789,-11.966728134273984
2026-02-20 15:00:00,24.0,50.0,0.0,21.0,304.0,17.409789023655875,-11.743050972885685
2026-02-20 16:00:00,23.8,51.0,0.0,19.6,306.0,15.856733089748971,-11.520590944932474
2026-02-20 17:00:00,23.0,54.0,0.0,16.8,312.0,12.484833068020224,-11.241394186828819
2026-02-20 18:00:00,22.0,56.0,0.0,13.4,321.0,8.432893240067823,-10.413755883523411
2026-02-20 19:00:00,21.4,57.0,0.0,11.4,339.0,4.085394624816424,-10.6428168620681
2026-02-20 20:00:00,21.3,57.0,0.0,9.6,356.0,0.6696621479436022,-9.576614882494312
2026-02-20 21:00:00,20.9,59.0,0.0,7.2,356.0,0.5022466109577017,-7.182461161870735
2026-02-20 22:00:00,20.0,62.0,0.0,5.4,354.0,0.5644537016453287,-5.370418234988676
2026-02-20 23:00:00,19.5,65.0,0.0,4.9,327.0,2.668731271573633,-4.109485782932578
2026-02-21 00:00:00,19.1,68.0,0.0,5.7,328.0,3.020539806129268,-4.8338741480916285
2026-02-21 01:00:00,18.4,72.0,0.0,4.3,338.0,1.6108083516884213,-3.9868905746371857
2026-02-21 02:00:00,17.5,76.0,0.0,5.6,360.0,3.429011037612589e-16,-5.6
2026-02-21 03:00:00,17.1,78.0,0.0,4.8,347.0,1.0797650608505516,-4.676976310969129
2026-02-21 04:00:00,16.9,79.0,0.0,3.5,339.0,1.2542878234085513,-3.267531492740206
2026-02-21 05:00:00,16.7,79.0,0.0,2.3,331.0,1.1150621265665752,-2.01162532642061
2026-02-21 06:00:00,16.5,81.0,0.0,2.1,322.0,1.2928890981838825,-1.6548225825741163
2026-02-21 07:00:00,17.0,79.0,0.0,3.6,327.0,1.9607005260540975,-3.0192140446035265
2026-02-21 08:00:00,20.1,65.0,0.0,6.6,351.0,1.032467469265524,-6.518743047927909
2026-02-21 09:00:00,22.9,55.0,0.0,4.0,342.0,1.2360679774997898,-3.804226065180614
2026-02-21 10:00:00,24.9,47.0,0.0,5.2,314.0,3.7405669617609862,-3.612223526386786
2026-02-21 11:00:00,25.6,46.0,0.0,7.1,280.0,6.992135046386677,-1.2329020614352053
2026-02-21 12:00:00,26.0,47.0,0.0,11.2,270.0,11.2,0.0
2026-02-21 13:00:00,25.5,50.0,0.0,13.7,269.0,13.697913423642559,0.2390979681907841
2026-02-21 14:00:00,25.1,53.0,0.0,13.6,265.0,13.548247894047739,1.185318101368151
2026-02-21 15:00:00,25.0,55.0,0.0,10.7,261.0,10.568265244367973,1.67384877593047
2026-02-21 16:00:00,24.5,58.0,0.0,9.3,262.0,9.209493039296605,1.2943098389286087
2026-02-21 17:00:00,23.8,62.0,0.0,7.6,256.0,7.3742475196975725,1.8386064065574748
2026-02-21 18:00:00,22.6,69.0,0.0,6.3,265.0,6.276026597977997,0.5490811793102465
2026-02-21 19:00:00,22.1,72.0,0.0,4.7,279.0,4.6421352007971475,-0.7352419856890852
2026-02-21 20:00:00,22.0,75.0,0.0,5.0,339.0,1.791839747726502,-4.667902132486009
2026-02-21 21:00:00,21.9,75.0,0.0,3.8,5.0,-0.33119182244110135,-3.785539852748633
2026-02-21 22:00:00,21.4,76.0,0.0,2.2,360.0,1.3471114790620887e-16,-2.2
2026-02-21 23:00:00,20.8,78.0,0.0,2.5,356.0,0.1743911843603131,-2.4939101256495606
2026-02-22 00:00:00,20.5,79.0,0.0,3.8,349.0,0.7250741824308706,-3.730183297101123
2026-02-22 01:00:00,19.9,80.0,0.0,4.5,344.0,1.2403681011764962,-4.325677631722435
2026-02-22 02:00:00,19.1,82.0,0.0,7.4,356.0,0.5161979057065268,-7.381973971922699
2026-02-22 03:00:00,19.0,81.0,0.0,7.7,342.0,2.3794308566870956,-7.323135175472682
2026-02-22 04:00:00,18.8,81.0,0.0,7.9,349.0,1.507391063474705,-7.754854749236546
2026-02-22 05:00:00,18.9,80.0,0.0,9.1,342.0,2.8120546488120217,-8.654614298285896
2026-02-22 06:00:00,19.0,79.0,0.0,8.7,343.0,2.5436338310878095,-8.319851376878407
2026-02-22 07:00:00,19.1,78.0,0.0,8.3,349.0,1.583714661625323,-8.147505622615611
2026-02-22 08:00:00,21.3,70.0,0.0,9.5,358.0,0.33154521867376024,-9.49421285668141
2026-02-22 09:00:00,24.3,59.0,0.0,10.1,344.0,2.7839372937516913,-9.708743128977021
2026-02-22 10:00:00,26.5,52.0,0.0,12.3,330.0,6.150000000000002,-10.652112466548596
2026-02-22 11:00:00,28.0,45.0,0.0,12.3,320.0,7.906287599144434,-9.42234665036343
2026-02-22 12:00:00,28.8,43.0,0.0,14.4,308.0,11.347354851936796,-8.86552524468948
2026-02-22 13:00:00,28.3,46.0,0.0,18.2,298.0,16.069646190032472,-8.544382442703212
2026-02-22 14:00:00,27.7,48.0,0.0,20.7,297.0,18.443835050699214,-9.397603344608617
2026-02-22 15:00:00,26.9,50.0,0.0,20.2,301.0,17.314779474182668,-10.403769113183094
2026-02-22 16:00:00,26.5,49.0,0.0,19.0,311.0,14.339482024232668,-12.465121550819639
2026-02-22 17:00:00,25.7,51.0,0.0,16.2,313.0,11.847929966230561,-11.048373433012475
2026-02-22 18:00:00,24.9,52.0,0.0,7.6,329.0,3.9142893693164114,-6.5144714853360535
2026-02-22 19:00:00,24.4,54.0,0.0,1.6,360.0,9.797174393178826e-17,-1.6
2026-02-22 20:00:00,23.6,57.0,0.0,1.0,292.0,0.9271838545667874,-0.374606593415912
2026-02-22 21:00:00,23.1,60.0,0.0,1.1,288.0,1.0461621679246689,-0.33991869381244216
2026-02-22 22:00:00,22.7,61.0,0.0,1.7000000000000002,342.0,0.5253288904374107,-1.6167960777017611
2026-02-22 23:00:00,22.2,61.0,0.0,2.0,360.0,1.2246467991473532e-16,-2.0
2026-02-23 00:00:00,22.0,63.0,0.0,1.8,24.0,-0.7321259575364402,-1.6443818237566818
2026-02-23 01:00:00,21.6,67.0,0.0,0.5,315.0,0.3535533905932738,-0.35355339059327373
2026-02-23 02:00:00,21.0,67.0,0.0,2.0,10.0,-0.34729635533386066,-1.969615506024416
2026-02-23 03:00:00,20.1,73.0,0.0,2.2,14.0,-0.5322281703192692,-2.1346505978071924
2026-02-23 04:00:00,19.5,80.0,0.0,2.8,15.0,-0.7246933262870577,-2.7045923136093912
2026-02-23 05:00:00,19.0,84.0,0.0,1.8,349.0,0.34345619167778085,-1.7669289302057951
2026-02-23 06:00:00,18.8,86.0,0.0,0.2,270.0,0.2,0.0
2026-02-23 07:00:00,19.2,86.0,0.0,1.6,276.0,1.5912350325892373,-0.16724554122824556
2026-02-23 08:00:00,21.6,71.0,0.0,0.2,360.0,1.2246467991473533e-17,-0.2
2026-02-23 09:00:00,25.0,58.0,0.0,3.9,246.0,3.562827284806143,1.5862729079956208
2026-02-23 10:00:00,26.5,50.0,0.0,6.3,267.0,6.291366068953815,0.32971652433054616
2026-02-23 11:00:00,27.1,47.0,0.0,9.9,272.0,9.893969187489049,-0.3455050173547596
2026-02-23 12:00:00,26.9,52.0,0.0,13.4,264.0,13.326593397934863,1.4006814077865566
2026-02-23 13:00:00,26.5,59.0,0.0,15.1,271.0,15.097700196861508,-0.263531337202981
2026-02-23 14:00:00,26.5,58.0,0.0,11.8,281.0,11.583200764682436,-2.251546145443229
2026-02-23 15:00:00,26.4,56.0,0.0,6.8,295.0,6.162892951849219,-2.873804179836756
2026-02-23 16:00:00,26.3,55.0,0.0,5.4,285.0,5.215999461960969,-1.397622843553612
2026-02-23 17:00:00,25.7,56.0,0.0,6.6,283.0,6.430842427582553,-1.484676958669509
2026-02-23 18:00:00,24.6,61.0,0.0,6.3,263.0,6.253040755340328,0.7677768634524291
2026-02-23 19:00:00,23.9,65.0,0.0,5.7,302.0,4.8338741480916285,-3.020539806129268
2026-02-23 20:00:00,24.1,68.0,0.0,6.2,324.0,3.6442685642133337,-5.0159053651246746
2026-02-23 21:00:00,23.6,68.0,0.0,6.4,342.0,1.9777087639996638,-6.086761704288983
2026-02-23 22:00:00,23.1,70.0,0.0,7.1,7.0,-0.8652723381765449,-7.0470776766533865
2026-02-23 23:00:00,22.3,75.0,0.0,5.5,9.0,-0.8603895577212707,-5.4322858732732575
2026-02-24 00:00:00,21.9,78.0,0.0,3.8,289.0,3.592970587277404,-1.2371589869371955
2026-02-24 01:00:00,21.8,81.0,0.0,10.5,294.0,9.59222730524731,-4.270734752295902
2026-02-24 02:00:00,20.9,86.0,0.1,15.1,345.0,3.908167581048063,-14.585479976964931
2026-02-24 03:00:00,20.5,87.0,0.1,9.8,20.0,-3.351797404591552,-9.208987683701903
2026-02-24 04:00:00,20.5,87.0,0.0,7.8,8.0,-1.0855501874885134,-7.724090936184248
2026-02-24 05:00:00,20.3,87.0,0.0,5.4,356.0,0.3766849582182763,-5.386845871403051
2026-02-24 06:00:00,20.4,86.0,0.0,4.6,13.0,-1.0347748499817802,-4.482102298012081
2026-02-24 07:00:00,20.2,87.0,0.0,3.8,17.0,-1.111012477946401,-3.633958072659534
2026-02-24 08:00:00,21.7,78.0,0.0,4.4,55.0,-3.604268994871564,-2.5237363199446032
2026-02-24 09:00:00,23.6,68.0,0.0,2.9,101.0,-2.8467188319982255,0.5533460865919804
2026-02-24 10:00:00,24.2,67.0,0.4,2.8,145.0,-1.606014021782929,2.2936257240091766
2026-02-24 11:00:00,26.4,58.0,0.0,4.2,200.0,1.436484601967809,3.9467090073008153
2026-02-24 12:00:00,26.8,57.0,0.0,6.9,210.0,3.450000000000001,5.975575286112627
2026-02-24 13:00:00,27.2,56.0,0.0,10.8,195.0,2.795245687107224,10.431998923921938
2026-02-24 14:00:00,28.2,52.0,0.0,12.2,193.0,2.744402862995152,11.88731479037987
2026-02-24 15:00:00,28.0,56.0,0.0,11.8,209.0,5.720753518906778,10.32051254424487
2026-02-24 16:00:00,26.9,63.0,0.0,10.7,248.0,9.920867243864624,4.008290549550258
2026-02-24 17:00:00,25.4,73.0,0.1,10.5,289.0,9.927945043792826,-3.4184656218001455
2026-02-24 18:00:00,24.3,77.0,0.0,6.9,303.0,5.786826918823426,-3.758009341603687
2026-02-24 19:00:00,24.3,76.0,0.1,4.7,4.0,-0.32785542659739025,-4.688551036221174
2026-02-24 20:00:00,23.5,84.0,0.1,5.1,94.0,-5.087576656325103,0.35575801609504015
2026-02-24 21:00:00,23.5,84.0,0.0,6.4,112.0,-5.933976669227439,2.3974821978618386
2026-02-24 22:00:00,23.4,84.0,0.0,6.0,95.0,-5.977168188550474,0.5229344564859492
2026-02-24 23:00:00,23.4,82.0,0.0,3.2,74.0,-3.0760374270026207,-0.8820395386143969
2026-02-25 00:00:00,22.9,85.0,0.0,3.3,319.0,2.1649947956686737,-2.4905416147351476
2026-02-25 01:00:00,22.6,87.0,0.0,5.0,330.0,2.5000000000000004,-4.330127018922193
2026-02-25 02:00:00,22.5,75.0,0.0,9.4,357.0,0.4919579886836733,-9.387117626692994
2026-02-25 03:00:00,22.0,75.0,0.0,10.5,354.0,1.0975488643103612,-10.44247990136687
2026-02-25 04:00:00,21.4,78.0,0.0,11.3,359.0,0.19721219274130466,-11.298278955267222
2026-02-25 05:00:00,21.1,78.0,0.0,11.6,354.0,1.21253017390478,-11.53645398627197
2026-02-25 06:00:00,21.1,79.0,0.0,12.5,353.0,1.5233667925643437,-12.406826895516526
2026-02-25 07:00:00,21.1,79.0,0.0,12.1,357.0,0.633265070539622,-12.083417370530343
2026-02-25 08:00:00,22.7,71.0,0.0,10.4,359.0,0.18150502694774942,-10.39841602962647
2026-02-25 09:00:00,25.0,62.0,0.0,8.6,359.0,0.15009069536063893,-8.598690178344965
2026-02-25 10:00:00,27.4,53.0,0.0,6.7,357.0,0.3506509068277246,-6.690817882855645
2026-02-25 11:00:00,29.0,46.0,0.0,5.0,289.0,4.727592877996584,-1.6278407722857835
2026-02-25 12:00:00,29.4,47.0,0.0,9.9,273.0,9.886432394070281,-0.518125966805144
2026-02-25 13:00:00,28.7,53.0,0.0,13.6,277.0,13.49862766232198,-1.6574230703100057
2026-02-25 14:00:00,28.0,55.0,0.0,13.2,275.0,13.14977001481104,-1.1504558042690878
2026-02-25 15:00:00,27.0,58.0,0.0,15.3,294.0,13.977245501931794,-6.223070639059744
2026-02-25 16:00:00,26.7,57.0,0.0,13.5,306.0,10.921729424061791,-7.935100905948388
2026-02-25 17:00:00,26.4,58.0,0.0,10.9,310.0,8.34988442999686,-7.006384945583278
2026-02-25 18:00:00,25.9,60.0,0.0,8.2,310.0,6.281564433575619,-5.270858399429621
2026-02-25 19:00:00,25.4,61.0,0.0,6.8,312.0,5.05338481324628,-4.5500881232402355
2026-02-25 20:00:00,25.1,63.0,0.0,3.5,336.0,1.4235782507653008,-3.197409101749103
2026-02-25 21:00:00,24.9,63.0,0.0,2.3,342.0,0.7107390870623791,-2.1874299874788528
2026-02-25 22:00:00,24.0,68.0,0.0,3.8,341.0,1.2371589869371955,-3.5929705872774034
2026-02-25 23:00:00,23.1,68.0,0.0,7.2,341.0,2.344090712091529,-6.8077337443150805
2026-02-26 00:00:00,22.1,71.0,0.0,8.4,353.0,1.023702484603239,-8.337387673787106
2026-02-26 01:00:00,21.4,74.0,0.0,6.7,355.0,0.5839434764093095,-6.674504477214695
2026-02-26 02:00:00,21.1,76.0,0.0,7.3,349.0,1.3929056662487778,-7.165878439167947
2026-02-26 03:00:00,20.9,77.0,0.0,6.5,358.0,0.226846728566257,-6.496040375624123
2026-02-26 04:00:00,20.5,79.0,0.0,5.6,360.0,3.429011037612589e-16,-5.6
2026-02-26 05:00:00,20.5,81.0,0.0,3.3,354.0,0.3449439287832564,-3.2819222547153015
2026-02-26 06:00:00,20.5,81.0,0.0,3.5,345.0,0.9058666578588226,-3.380740392011739
2026-02-26 07:00:00,20.9,79.0,0.0,2.7,328.0,1.4307820134296534,-2.28972985962235
2026-02-26 08:00:00,22.4,75.0,0.0,2.7,32.0,-1.4307820134296536,-2.28972985962235
2026-02-26 09:00:00,25.0,66.0,0.0,2.7,172.0,-0.37576737259217646,2.67372378560224
2026-02-26 10:00:00,26.6,58.0,0.0,6.5,231.0,5.05144874947031,4.090582541823943
2026-02-26 11:00:00,27.0,59.0,0.0,11.1,253.0,10.614982791189693,3.245325922422378
2026-02-26 12:00:00,26.8,59.0,0.0,13.4,265.0,13.34900895442939,1.1678869528186195
2026-02-26 13:00:00,26.6,58.0,0.0,13.2,265.0,13.14977001481104,1.1504558042690878
2026-02-26 14:00:00,26.8,56.0,0.0,12.5,265.0,12.45243372614682,1.0894467843457272
2026-02-26 15:00:00,26.5,58.0,0.0,11.2,271.0,11.198294185751582,-0.1954669520975753
2026-02-26 16:00:00,25.9,61.0,0.0,9.9,273.0,9.886432394070281,-0.518125966805144
2026-02-26 17:00:00,25.0,66.0,0.0,9.6,282.0,9.390216967044534,-1.9959522318504896
2026-02-26 18:00:00,24.0,71.0,0.0,7.8,285.0,7.534221445054732,-2.0187885517996618
2026-02-26 19:00:00,23.5,75.0,0.0,5.9,305.0,4.8329970613050515,-3.384100974471172
2026-02-26 20:00:00,23.5,76.0,0.0,9.5,327.0,5.174070832642757,-7.967370395481528
2026-02-26 21:00:00,23.5,74.0,0.0,7.2,338.0,2.697167472594566,-6.675723752880869
2026-02-26 22:00:00,23.5,72.0,0.0,6.7,9.0,-1.048110915769548,-6.617511881987422
2026-02-26 23:00:00,23.1,73.0,0.0,6.8,17.0,-1.9881275921146122,-6.50287234054864
2026-02-27 00:00:00,22.9,74.0,0.0,3.5,348.0,0.7276909178621581,-3.4235166025683195
2026-02-27 01:00:00,22.4,76.0,0.0,7.1,317.0,4.842188356443739,-5.19261128149611
2026-02-27 02:00:00,22.0,77.0,0.0,8.5,348.0,1.7672493719509554,-8.314254606237347
2026-02-27 03:00:00,21.9,78.0,0.0,7.7,357.0,0.40298686307066856,-7.689447417610219
2026-02-27 04:00:00,21.3,79.0,0.0,10.4,358.0,0.36295476570601126,-10.393664600998596
2026-02-27 05:00:00,21.1,78.0,0.0,11.5,358.0,0.4013442120787624,-11.492994510719601
2026-02-27 06:00:00,21.0,79.0,0.0,12.3,357.0,0.6437322617882109,-12.283143277481258
2026-02-27 07:00:00,21.2,78.0,0.0,13.2,357.0,0.6908346224068603,-13.181909858760374
2026-02-27 08:00:00,23.3,68.0,0.0,10.5,348.0,2.1830727535864742,-10.270549807704958
2026-02-27 09:00:00,25.8,60.0,0.0,12.0,327.0,6.5356684201803255,-10.064046815345089
2026-02-27 10:00:00,27.7,54.0,0.0,16.3,332.0,7.652386473410021,-14.392045763600509
2026-02-27 11:00:00,28.4,49.0,0.0,13.8,318.0,9.234002367752245,-10.25539859158804
2026-02-27 12:00:00,29.2,47.0,0.0,15.4,307.0,12.29898685472831,-9.267951356541543
2026-02-27 13:00:00,29.4,47.0,0.0,16.3,308.0,12.844575283789567,-10.03528204780823
2026-02-27 14:00:00,30.2,37.0,0.0,17.4,314.0,12.51651252589253,-12.08705564598655
2026-02-27 15:00:00,29.5,36.0,0.0,18.9,325.0,10.840594647034772,-15.481973637061945
2026-02-27 16:00:00,28.8,37.0,0.0,16.4,327.0,8.932080174246444,-13.754197314304953
2026-02-27 17:00:00,27.1,44.0,0.0,16.0,333.0,7.263847995832749,-14.256104387013885
2026-02-27 18:00:00,25.7,48.0,0.0,13.8,354.0,1.4424927930936178,-13.724402156082173
2026-02-27 19:00:00,25.0,50.0,0.0,13.0,358.0,0.453693457132514,-12.992080751248245
2026-02-27 20:00:00,25.2,48.0,0.0,13.7,360.0,8.388830574159369e-16,-13.7
2026-02-27 21:00:00,24.6,51.0,0.0,12.2,358.0,0.42577385977051313,-12.192568089632967
2026-02-27 22:00:00,23.6,57.0,0.0,9.2,1.0,-0.16056213922300816,-9.1985987954388
2026-02-27 23:00:00,23.4,60.0,0.0,7.4,354.0,0.7735106281806357,-7.359462025725223
2026-02-28 00:00:00,23.0,62.0,0.0,5.2,14.0,-1.2579938571182725,-5.045537776635181
2026-02-28 01:00:00,22.5,65.0,0.0,6.8,335.0,2.873804179836756,-6.162892951849219
2026-02-28 02:00:00,22.4,70.0,0.0,7.6,355.0,0.6623836448822018,-7.571079705497266
2026-02-28 03:00:00,22.2,70.0,0.0,7.0,347.0,1.5746573804070545,-6.820590453496647
2026-02-28 04:00:00,21.9,73.0,0.1,4.4,12.0,-0.9148114395981432,-4.303849443228745
2026-02-28 05:00:00,21.7,73.0,0.0,6.3,5.0,-0.5490811793102469,-6.276026597977997
2026-02-28 06:00:00,21.3,77.0,0.2,7.5,349.0,1.431067465324087,-7.36220387585748
2026-02-28 07:00:00,21.0,84.0,0.4,7.3,337.0,2.8523372379716982,-6.719685430202815
2026-02-28 08:00:00,21.2,86.0,0.4,6.9,343.0,2.017364762586884,-6.598502816144945
2026-02-28 09:00:00,21.6,87.0,0.4,4.6,18.0,-1.4214781741247586,-4.3748599749577055
2026-02-28 10:00:00,22.4,82.0,0.1,4.5,40.0,-2.8925442435894277,-3.4471999940354006
2026-02-28 11:00:00,24.9,67.0,0.0,0.5,225.0,0.3535533905932738,0.35355339059327373
2026-02-28 12:00:00,23.8,72.0,0.1,4.1,304.0,3.3990540474756705,-2.2926909042300623
2026-02-28 13:00:00,24.0,71.0,0.0,4.6,321.0,2.894873798829252,-3.5748714227020657
2026-02-28 14:00:00,23.6,71.0,0.0,5.9,358.0,0.2059070305447564,-5.896405879412665
2026-02-28 15:00:00,23.3,75.0,0.5,6.1,313.0,4.461257579876939,-4.1601899963812405
2026-02-28 16:00:00,22.0,91.0,1.6,4.3,318.0,2.8772616073430903,-3.195522749552795
2026-02-28 17:00:00,21.6,94.0,0.9,4.7,353.0,0.5727859140041932,-4.664966912714213
2026-02-28 18:00:00,21.3,96.0,0.6,2.8,15.0,-0.7246933262870577,-2.7045923136093912
2026-02-28 19:00:00,21.2,96.0,2.1,7.9,330.0,3.950000000000001,-6.841600689897065
2026-02-28 20:00:00,20.6,96.0,2.9,10.8,342.0,3.3373835392494327,-10.271410375987658
2026-02-28 21:00:00,20.5,97.0,2.7,9.7,317.0,6.615384092606234,-7.094130905705953
2026-02-28 22:00:00,20.6,98.0,4.3,8.2,319.0,5.379684037722159,-6.18861855782673
2026-02-28 23:00:00,20.5,98.0,1.7000000000000002,7.3,332.0,3.4271424083370032,-6.445517427870166
2026-03-01 00:00:00,20.2,98.0,0.9,5.8,39.0,-3.6500582680890594,-4.5074465764504295
2026-03-01 01:00:00,20.0,96.0,0.2,4.9,10.0,-0.8508760705679587,-4.82555798975982
2026-03-01 02:00:00,19.8,97.0,0.0,4.2,12.0,-0.8732291014345911,-4.108219923081983
2026-03-01 03:00:00,19.6,97.0,0.0,6.0,351.0,0.9386067902413855,-5.926130043570827
2026-03-01 04:00:00,19.5,97.0,0.0,5.4,14.0,-1.3063782362382061,-5.2395969218903815
2026-03-01 05:00:00,19.2,97.0,0.0,4.7,32.0,-2.490620541896064,-3.9858260519352022
2026-03-01 06:00:00,19.0,98.0,0.0,3.5,336.0,1.4235782507653008,-3.197409101749103
2026-03-01 07:00:00,19.5,97.0,0.0,4.5,346.0,1.0886485301985045,-4.366330768241984
2026-03-01 08:00:00,21.0,90.0,0.0,0.8,243.0,0.7128052193506944,0.3631923997916374
2026-03-01 09:00:00,23.1,83.0,0.0,3.8,169.0,-0.7250741824308702,3.730183297101123
2026-03-01 10:00:00,25.0,76.0,0.0,6.6,221.0,4.329989591337347,4.981083229470295
2026-03-01 11:00:00,26.1,71.0,0.0,7.5,237.0,6.29002925959068,4.084792762612703
2026-03-01 12:00:00,27.5,66.0,0.0,7.2,207.0,3.268731598124737,6.415246974156248
2026-03-01 13:00:00,28.4,61.0,0.0,14.0,171.0,-2.1900825105632316,13.827636768331928
2026-03-01 14:00:00,28.0,63.0,0.0,24.3,173.0,-2.961425044745081,24.118871484884128
2026-03-01 15:00:00,27.1,65.0,0.0,26.8,177.0,-1.402603627310895,26.76327153142258
2026-03-01 16:00:00,26.6,67.0,0.0,25.5,171.0,-3.9890788585258856,25.186052685176012
2026-03-01 17:00:00,25.8,71.0,0.0,22.0,167.0,-4.948923195565031,21.436141425275174
2026-03-01 18:00:00,24.9,77.0,0.0,21.2,170.0,-3.6813413665389225,20.87792436385881
2026-03-01 19:00:00,24.4,80.0,0.0,19.6,166.0,-4.741669153753489,19.01779623500953
2026-03-01 20:00:00,24.5,80.0,0.0,14.7,169.0,-2.8048922320352085,14.42991959668066
2026-03-01 21:00:00,24.4,81.0,0.0,14.5,163.0,-4.239389718479681,13.866418961464015
2026-03-01 22:00:00,24.3,82.0,0.0,12.9,155.0,-5.451775576455021,11.691370452772786
2026-03-01 23:00:00,23.9,85.0,0.0,7.1,142.0,-4.371196474812174,5.594876350607726
2026-03-02 00:00:00,24.2,84.0,0.2,5.4,132.0,-4.012982057577928,3.613305274337835
2026-03-02 01:00:00,24.1,85.0,0.2,3.3,96.0,-3.2819222547153015,0.3449439287832573
2026-03-02 02:00:00,24.0,85.0,0.2,3.1,54.0,-2.5079526825623377,-1.8221342821066664
2026-03-02 03:00:00,23.9,85.0,0.1,3.9,34.0,-2.1808523235359116,-3.233246532964663
2026-03-02 04:00:00,23.8,86.0,0.1,4.3,24.0,-1.7489675652259404,-3.928245467863184
2026-03-02 05:00:00,23.8,86.0,0.1,4.2,20.0,-1.436484601967808,-3.9467090073008158
2026-03-02 06:00:00,23.8,86.0,0.1,4.0,10.0,-0.6945927106677213,-3.939231012048832
2026-03-02 07:00:00,23.9,86.0,0.1,4.3,360.0,2.632990618166809e-16,-4.3
2026-03-02 08:00:00,24.1,85.0,0.1,4.8,347.0,1.0797650608505516,-4.676976310969129
2026-03-02 09:00:00,24.5,84.0,0.0,6.1,332.0,2.863776532993934,-5.385980316439453
2026-03-02 10:00:00,25.0,81.0,0.0,8.4,320.0,5.399415921366931,-6.4347733221994154
2026-03-02 11:00:00,25.7,79.0,0.0,10.9,314.0,7.8408038236912985,-7.57177623800307
2026-03-02 12:00:00,26.3,76.0,0.0,13.8,309.0,10.7246142681062,-8.684621396487756
2026-03-02 13:00:00,26.8,75.0,0.0,15.7,307.0,12.538577507742497,-9.448495863487157
2026-03-02 14:00:00,27.0,74.0,0.0,17.0,306.0,13.753288904374106,-9.992349288972044
2026-03-02 15:00:00,26.8,75.0,0.0,17.2,307.0,13.736530772813436,-10.351218398215229
2026-03-02 16:00:00,26.4,77.0,0.0,16.4,310.0,12.563128867151239,-10.541716798859243
2026-03-02 17:00:00,25.8,80.0,0.0,15.0,312.0,11.147172382160914,-10.036959095382873
2026-03-02 18:00:00,25.2,83.0,0.0,13.5,318.0,9.033263185844586,-10.032455143944823
2026-03-02 19:00:00,24.6,86.0,0.0,12.3,322.0,7.572636146505597,-9.692532269362681
2026-03-02 20:00:00,24.1,88.0,0.0,11.5,328.0,6.094071538681856,-9.7525531057989
2026-03-02 21:00:00,23.7,89.0,0.0,10.9,333.0,4.948496447161061,-9.71197111365321
2026-03-02 22:00:00,23.3,90.0,0.0,11.0,337.0,4.298042413382011,-10.125553387976844
2026-03-02 23:00:00,23.0,90.0,0.0,11.0,341.0,3.5812496990287244,-10.400704331592484
2026-03-03 00:00:00,22.7,90.0,0.0,11.2,345.0,2.8987733051482323,-10.818369254437565
2026-03-03 01:00:00,22.4,90.0,0.0,11.4,349.0,2.175222547292612,-11.19054989130337
2026-03-03 02:00:00,22.2,90.0,0.0,11.3,353.0,1.3771235804781667,-11.215771513546938
2026-03-03 03:00:00,22.1,90.0,0.2,11.2,356.0,0.7812725059342026,-11.17271736291003
2026-03-03 04:00:00,22.0,90.0,0.2,10.8,358.0,0.3769145643870117,-10.793420931806235
2026-03-03 05:00:00,22.0,89.0,0.2,10.1,360.0,6.184466335694133e-16,-10.1
2026-03-03 06:00:00,22.0,88.0,0.2,9.7,2.0,-0.33852511801425733,-9.694091022085228
2026-03-03 07:00:00,22.0,88.0,0.2,9.4,4.0,-0.6557108531947805,-9.377102072442348
2026-03-03 08:00:00,22.0,87.0,0.2,9.0,5.0,-0.7844016847289242,-8.96575228282571
2026-03-03 09:00:00,22.1,86.0,1.0,8.7,5.0,-0.7582549619046267,-8.666893873398186
2026-03-03 10:00:00,22.4,85.0,1.0,8.3,360.0,5.082284216461516e-16,-8.3
2026-03-03 11:00:00,22.6,83.0,1.0,7.9,357.0,0.41345405431925736,-7.889173324561134
2026-03-03 12:00:00,22.8,82.0,1.0,8.0,352.0,1.1133848076805237,-7.922144549932563
2026-03-03 13:00:00,22.9,81.0,1.0,8.0,350.0,1.3891854213354433,-7.878462024097664
2026-03-03 14:00:00,22.9,80.0,1.0,8.4,350.0,1.4586446924022156,-8.272385125302547
2026-03-03 15:00:00,22.6,80.0,0.2,9.4,353.0,1.1455718280083864,-9.329933825428427
2026-03-03 16:00:00,22.2,81.0,0.2,10.8,356.0,0.7533699164365526,-10.773691742806102
2026-03-03 17:00:00,21.6,82.0,0.2,12.2,358.0,0.42577385977051313,-12.192568089632967
2026-03-03 18:00:00,21.0,83.0,0.2,14.0,1.0,-0.24433369012196898,-13.997867732189478
2026-03-03 19:00:00,20.5,84.0,0.2,15.5,3.0,-0.8112073217656367,-15.478757788695894
2026-03-03 20:00:00,20.1,85.0,0.2,16.2,4.0,-1.1300548746548345,-16.16053761420915
2026-03-03 21:00:00,19.8,86.0,0.7000000000000001,16.2,4.0,-1.1300548746548345,-16.16053761420915
2026-03-03 22:00:00,19.5,86.0,0.7000000000000001,16.2,3.0,-0.8478424911356978,-16.177798463024097
2026-03-03 23:00:00,19.3,86.0,0.7000000000000001,15.5,1.0,-0.2705122997778942,-15.497639274924065
2026-03-04 00:00:00,19.1,87.0,0.7000000000000001,14.8,360.0,9.062386313690414e-16,-14.8
2026-03-04 01:00:00,18.9,87.0,0.7000000000000001,14.0,359.0,0.24433369012197037,-13.997867732189478
2026-03-04 02:00:00,18.8,87.0,0.7000000000000001,13.3,358.0,0.4641633061432644,-13.291897999353974
2026-03-04 03:00:00,18.7,87.0,1.3,13.0,358.0,0.453693457132514,-12.992080751248245
2026-03-04 04:00:00,18.7,87.0,1.3,12.2,360.0,7.470345474798854e-16,-12.2
2026-03-04 05:00:00,18.6,88.0,1.3,11.9,2.0,-0.4153040107597591,-11.89275084152724
2026-03-04 06:00:00,18.6,88.0,1.3,11.5,4.0,-0.8021994480574441,-11.471986577987979
2026-03-04 07:00:00,18.7,87.0,1.3,11.2,6.0,-1.1707187885977175,-11.13864522812466
2026-03-04 08:00:00,18.8,87.0,1.3,10.9,6.0,-1.1393602496174215,-10.840288659514181
2026-03-04 09:00:00,19.1,86.0,0.7000000000000001,10.5,4.0,-0.7324429743133186,-10.474422527728153
2026-03-04 10:00:00,19.5,84.0,0.7000000000000001,10.1,2.0,-0.35248491669525767,-10.093847352892867
2026-03-04 11:00:00,19.9,83.0,0.7000000000000001,9.7,360.0,5.939536975864663e-16,-9.7
2026-03-04 12:00:00,20.3,81.0,0.7000000000000001,9.7,358.0,0.33852511801426044,-9.694091022085228
2026-03-04 13:00:00,20.7,80.0,0.7000000000000001,9.7,356.0,0.6766377953180147,-9.676371287520293
2026-03-04 14:00:00,20.9,79.0,0.7000000000000001,9.8,354.0,1.024378940023004,-9.746314574609078
2026-03-04 15:00:00,20.9,79.0,0.2,10.1,354.0,1.0557374790032998,-10.04467114321956
2026-03-04 16:00:00,20.7,80.0,0.2,10.8,356.0,0.7533699164365526,-10.773691742806102
2026-03-04 17:00:00,20.5,81.0,0.2,11.5,358.0,0.4013442120787624,-11.492994510719601
2026-03-04 18:00:00,20.3,82.0,0.2,12.2,360.0,7.470345474798854e-16,-12.2
2026-03-04 19:00:00,20.0,83.0,0.2,13.0,360.0,7.960204194457795e-16,-13.0
2026-03-04 20:00:00,19.8,84.0,0.2,13.7,2.0,-0.4781231048242604,-13.691654330161612
2026-03-04 21:00:00,19.7,85.0,0.3,14.0,1.0,-0.24433369012196898,-13.997867732189478
2026-03-04 22:00:00,19.6,85.0,0.3,14.4,3.0,-0.753637769898398,-14.380265300465863
2026-03-04 23:00:00,19.4,85.0,0.3,14.4,3.0,-0.753637769898398,-14.380265300465863
2026-03-05 00:00:00,19.3,86.0,0.3,14.8,3.0,-0.7745721523955758,-14.779717114367694
2026-03-05 01:00:00,19.3,86.0,0.3,14.8,3.0,-0.7745721523955758,-14.779717114367694
2026-03-05 02:00:00,19.3,86.0,0.3,14.8,3.0,-0.7745721523955758,-14.779717114367694
2026-03-05 03:00:00,19.3,86.0,0.4,14.8,3.0,-0.7745721523955758,-14.779717114367694
2026-03-05 04:00:00,19.3,86.0,0.4,14.4,3.0,-0.753637769898398,-14.380265300465863
2026-03-05 05:00:00,19.3,87.0,0.4,14.1,4.0,-0.9835662797921707,-14.06565310866352
2026-03-05 06:00:00,19.5,87.0,0.4,13.3,3.0,-0.6960682180311593,-13.281772812235833
2026-03-05 07:00:00,19.7,86.0,0.4,13.3,3.0,-0.6960682180311593,-13.281772812235833
2026-03-05 08:00:00,20.0,85.0,0.4,13.3,2.0,-0.4641633061432601,-13.291897999353974
2026-03-05 09:00:00,20.5,83.0,0.1,13.7,358.0,0.4781231048242648,-13.691654330161612
2026-03-05 10:00:00,21.3,80.0,0.1,14.5,354.0,1.5156627173809751,-14.420567482839962
2026-03-05 11:00:00,22.2,76.0,0.1,15.3,351.0,2.3934473151155333,-15.111631611105608
2026-03-05 12:00:00,23.0,73.0,0.1,16.2,347.0,3.6442070803706117,-15.78479504952081
2026-03-05 13:00:00,23.6,70.0,0.1,17.2,344.0,4.740962520052386,-16.533701170139086
2026-03-05 14:00:00,23.8,69.0,0.1,18.0,344.0,4.961472404705985,-17.30271052688974
2026-03-05 15:00:00,23.6,70.0,0.0,18.3,344.0,5.044163611451085,-17.591089035671235
2026-03-05 16:00:00,23.1,72.0,0.0,18.6,345.0,4.814034238906886,-17.96622036897667
2026-03-05 17:00:00,22.4,75.0,0.0,18.8,348.0,3.908739787373878,-18.389174893795545
2026-03-05 18:00:00,21.6,79.0,0.0,19.1,349.0,3.644451811692008,-18.749079203850382
2026-03-05 19:00:00,20.9,82.0,0.0,18.9,351.0,2.956611389260364,-18.667309637248103
2026-03-05 20:00:00,20.4,84.0,0.0,18.8,353.0,2.291143656016773,-18.659867650856853
2026-03-05 21:00:00,20.0,85.0,0.0,18.4,354.0,1.9233237241248236,-18.299202874776228
2026-03-05 22:00:00,19.7,86.0,0.0,18.0,357.0,0.9420472123729914,-17.975331625582328
2026-03-05 23:00:00,19.4,87.0,0.0,17.7,358.0,0.6177210916342691,-17.689217638237995
2026-03-06 00:00:00,19.2,88.0,0.0,17.3,360.0,1.0593194812624606e-15,-17.3
2026-03-06 01:00:00,19.1,88.0,0.0,16.9,1.0,-0.2949456687900911,-16.89742604814301
2026-03-06 02:00:00,19.0,88.0,0.0,16.6,2.0,-0.5793316452615127,-16.58988772851699
2026-03-06 03:00:00,18.9,88.0,0.0,16.6,4.0,-1.1579574641524848,-16.55956323431308
2026-03-06 04:00:00,18.9,88.0,0.0,17.0,4.0,-1.185860053650135,-16.958588854417012
2026-03-06 05:00:00,19.0,88.0,0.0,17.3,5.0,-1.5077943495344879,-17.234168276987198
2026-03-06 06:00:00,19.1,87.0,0.0,17.7,5.0,-1.542656646633551,-17.632646156223895
2026-03-06 07:00:00,19.4,86.0,0.0,17.7,4.0,-1.2346895852710227,-17.65688368959889
2026-03-06 08:00:00,19.8,84.0,0.0,18.0,2.0,-0.6281909406450137,-17.989034886343724
2026-03-06 09:00:00,20.4,81.0,0.0,18.0,360.0,1.102182119232618e-15,-18.0
2026-03-06 10:00:00,21.4,77.0,0.0,18.1,355.0,1.5775189437326125,-18.031124035460596
2026-03-06 11:00:00,22.5,72.0,0.0,18.3,350.0,3.177761651304827,-18.02198188012341
2026-03-06 12:00:00,23.5,68.0,0.0,18.6,345.0,4.814034238906886,-17.96622036897667
2026-03-06 13:00:00,24.2,64.0,0.0,18.9,342.0,5.840421193686506,-17.9749681579784
2026-03-06 14:00:00,24.5,63.0,0.0,19.4,342.0,5.99492969087398,-18.450496416125976
2026-03-06 15:00:00,24.3,64.0,0.0,19.9,343.0,5.818196923982462,-19.030464643664402
2026-03-06 16:00:00,23.6,66.0,0.0,20.3,347.0,4.566506403180458,-19.779712315140277
2026-03-06 17:00:00,22.7,70.0,0.0,21.2,350.0,3.6813413665389247,-20.87792436385881
2026-03-06 18:00:00,21.6,74.0,0.0,22.1,354.0,2.3100790382151417,-21.978933887638842
2026-03-06 19:00:00,20.7,77.0,0.0,22.3,358.0,0.7782587764657741,-22.286415442525836
2026-03-06 20:00:00,20.0,80.0,0.0,22.7,360.0,1.389974117032246e-15,-22.7
2026-03-06 21:00:00,19.5,82.0,0.0,22.3,1.0,-0.389188663551422,-22.296603601987528
2026-03-06 22:00:00,19.1,83.0,0.0,21.6,2.0,-0.7538291287740165,-21.58684186361247
2026-03-06 23:00:00,18.7,83.0,0.0,20.2,2.0,-0.7049698333905153,-20.187694705785734
2026-03-07 00:00:00,18.4,84.0,0.0,19.1,2.0,-0.6665803870177646,-19.08836479606473
2026-03-07 01:00:00,18.2,84.0,0.0,18.0,2.0,-0.6281909406450137,-17.989034886343724
2026-03-07 02:00:00,18.1,84.0,0.0,17.3,2.0,-0.6037612929532632,-17.289461307430358
2026-03-07 03:00:00,18.1,84.0,0.0,16.9,2.0,-0.5898014942722628,-16.889704976622717
2026-03-07 04:00:00,18.1,84.0,0.0,16.6,4.0,-1.1579574641524848,-16.55956323431308
2026-03-07 05:00:00,18.2,83.0,0.0,16.3,5.0,-1.4206386067868295,-16.237973578895453
2026-03-07 06:00:00,18.4,83.0,0.0,16.3,5.0,-1.4206386067868295,-16.237973578895453
2026-03-07 07:00:00,18.7,82.0,0.0,16.3,5.0,-1.4206386067868295,-16.237973578895453
2026-03-07 08:00:00,19.1,80.0,0.0,16.2,4.0,-1.1300548746548345,-16.16053761420915
2026-03-07 09:00:00,19.7,78.0,0.0,16.2,1.0,-0.2827289842839927,-16.197532661533536
2026-03-07 10:00:00,20.6,74.0,0.0,16.6,358.0,0.579331645261518,-16.58988772851699
2026-03-07 11:00:00,21.6,70.0,0.0,16.7,353.0,2.035218034865963,-16.575520732410077
2026-03-07 12:00:00,22.6,67.0,0.0,17.2,349.0,3.2819147204765726,-16.883987555299818
2026-03-07 13:00:00,23.3,64.0,0.0,17.5,346.0,4.2336331729941845,-16.980175209829937
2026-03-07 14:00:00,23.6,63.0,0.0,17.6,345.0,4.555215193804365,-17.000294542687605
2026-03-07 15:00:00,23.4,64.0,0.0,17.5,346.0,4.2336331729941845,-16.980175209829937
2026-03-07 16:00:00,22.8,66.0,0.0,16.9,348.0,3.5137075748201343,-16.530694452401313
2026-03-07 17:00:00,22.0,69.0,0.0,16.8,351.0,2.6280990126758796,-16.593164121998313
2026-03-07 18:00:00,21.0,73.0,0.0,16.2,356.0,1.1300548746548287,-16.16053761420915
2026-03-07 19:00:00,20.2,76.0,0.0,15.8,360.0,9.67470971326409e-16,-15.8
2026-03-07 20:00:00,19.6,78.0,0.0,15.5,3.0,-0.8112073217656367,-15.478757788695894
2026-03-07 21:00:00,19.1,80.0,0.0,15.2,4.0,-1.0602984009107088,-15.162973563949327
2026-03-07 22:00:00,18.8,81.0,0.0,14.5,6.0,-1.5156627173809738,-14.420567482839964
2026-03-07 23:00:00,18.5,82.0,0.0,13.8,6.0,-1.4424927930936164,-13.724402156082174
2026-03-08 00:00:00,18.3,82.0,0.0,13.4,8.0,-1.864919552864882,-13.269592121137041
2026-03-08 01:00:00,18.1,83.0,0.0,12.7,8.0,-1.7674983821928358,-12.576404473017941
2026-03-08 02:00:00,18.0,83.0,0.0,12.4,8.0,-1.7257464519048162,-12.279324052395472
2026-03-08 03:00:00,18.0,83.0,0.0,12.1,10.0,-2.101142949769857,-11.916173811447717
2026-03-08 04:00:00,18.1,83.0,0.0,12.1,10.0,-2.101142949769857,-11.916173811447717
2026-03-08 05:00:00,18.2,82.0,0.0,11.8,12.0,-2.453357951649566,-11.542141688658907
2026-03-08 06:00:00,18.4,82.0,0.0,11.9,14.0,-2.8788705576360467,-11.546519142684359
2026-03-08 07:00:00,18.7,81.0,0.0,11.8,12.0,-2.453357951649566,-11.542141688658907
2026-03-08 08:00:00,19.2,79.0,0.0,11.7,11.0,-2.232465245905572,-11.485038046337667
2026-03-08 09:00:00,19.8,76.0,0.0,11.6,5.0,-1.0110066158728357,-11.555858497864248
2026-03-08 10:00:00,20.8,73.0,0.0,11.5,356.0,0.8021994480574401,-11.471986577987979
2026-03-08 11:00:00,21.8,69.0,0.0,12.1,348.0,2.5157314588948894,-11.835585968879046
2026-03-08 12:00:00,22.7,65.0,0.0,12.6,340.0,4.309453805903427,-11.840127021902445
2026-03-08 13:00:00,23.5,62.0,0.0,13.5,335.0,5.705346533499442,-12.235155124994774
2026-03-08 14:00:00,23.8,61.0,0.0,14.2,333.0,6.446665096301564,-12.652292643474821
2026-03-08 15:00:00,23.7,62.0,0.0,14.7,335.0,6.212488447588282,-13.322724469438754
2026-03-08 16:00:00,23.2,64.0,0.0,14.9,340.0,5.096100135552466,-14.001420049710035
2026-03-08 17:00:00,22.5,68.0,0.0,15.5,347.0,3.486741342329906,-15.102736004171147
2026-03-08 18:00:00,21.7,72.0,0.0,15.9,354.0,1.66200256595569,-15.812898136355546
2026-03-08 19:00:00,21.0,75.0,0.0,16.6,359.0,0.2897099468589078,-16.597471739596095
2026-03-08 20:00:00,20.4,78.0,0.0,16.9,2.0,-0.5898014942722628,-16.889704976622717
2026-03-08 21:00:00,20.0,80.0,0.0,17.0,4.0,-1.185860053650135,-16.958588854417012
2026-03-08 22:00:00,19.7,81.0,0.0,16.6,5.0,-1.446785329611127,-16.536831988322977
2026-03-08 23:00:00,19.4,82.0,0.0,15.9,5.0,-1.3857763096877662,-15.839495699658755
2026-03-09 00:00:00,19.2,83.0,0.0,15.2,5.0,-1.3247672897644054,-15.142159410994532
2026-03-09 01:00:00,19.0,84.0,0.0,14.8,6.0,-1.5470212563612697,-14.718924051450447
2026-03-09 02:00:00,18.9,84.0,0.0,14.5,6.0,-1.5156627173809738,-14.420567482839964
2026-03-09 03:00:00,18.9,84.0,0.0,14.5,6.0,-1.5156627173809738,-14.420567482839964
2026-03-09 04:00:00,18.9,84.0,0.0,14.9,7.0,-1.815853216736693,-14.7889376594557
2026-03-09 05:00:00,19.0,84.0,0.0,14.9,8.0,-2.0736792043049808,-14.754994224249398
2026-03-09 06:00:00,19.1,83.0,0.0,15.3,8.0,-2.129348444689007,-15.151101451746026
2026-03-09 07:00:00,19.4,82.0,0.0,15.6,8.0,-2.171100374977027,-15.448181872368496
2026-03-09 08:00:00,19.7,81.0,0.0,15.9,6.0,-1.6620025659556885,-15.812898136355548
2026-03-09 09:00:00,20.3,78.0,0.0,16.2,3.0,-0.8478424911356978,-16.177798463024097
2026-03-09 10:00:00,21.2,75.0,0.0,16.2,357.0,0.8478424911356922,-16.177798463024097
2026-03-09 11:00:00,22.2,71.0,0.0,16.3,352.0,2.268521545649067,-16.141369520487597
2026-03-09 12:00:00,23.2,67.0,0.0,17.0,347.0,3.8241679238457036,-16.564291101349
2026-03-09 13:00:00,23.8,64.0,0.0,17.3,343.0,5.058030491703346,-16.544072278160513
2026-03-09 14:00:00,24.1,63.0,0.0,17.9,341.0,5.827669964783105,-16.924782503227767
2026-03-09 15:00:00,23.9,64.0,0.0,18.1,343.0,5.291927855481536,-17.30911608293094
2026-03-09 16:00:00,23.3,67.0,0.0,18.6,345.0,4.814034238906886,-17.96622036897667
2026-03-09 17:00:00,22.4,71.0,0.0,18.7,349.0,3.5681282135413896,-18.356428330471317
2026-03-09 18:00:00,21.5,75.0,0.0,19.2,354.0,2.0069464947389464,-19.094820391070847
2026-03-09 19:00:00,20.7,78.0,0.0,19.5,357.0,1.0205511467374073,-19.47327592771419
2026-03-09 20:00:00,20.0,81.0,0.0,19.4,359.0,0.3385766848833018,-19.39704528603399
2026-03-09 21:00:00,19.6,82.0,0.0,19.1,360.0,1.1695376931857224e-15,-19.1
2026-03-09 22:00:00,19.3,83.0,0.0,18.7,1.0,-0.3263600003772014,-18.697151899424515
2026-03-09 23:00:00,19.0,84.0,0.0,18.0,1.0,-0.31414331587110295,-17.997258512815044
2026-03-10 00:00:00,18.8,84.0,0.0,17.3,2.0,-0.6037612929532632,-17.289461307430358
2026-03-10 01:00:00,18.6,84.0,0.0,16.9,2.0,-0.5898014942722628,-16.889704976622717
2026-03-10 02:00:00,18.5,84.0,0.0,16.6,2.0,-0.5793316452615127,-16.58988772851699
2026-03-10 03:00:00,18.4,84.0,0.0,16.6,4.0,-1.1579574641524848,-16.55956323431308
2026-03-10 04:00:00,18.4,84.0,0.0,17.0,4.0,-1.185860053650135,-16.958588854417012
2026-03-10 05:00:00,18.4,84.0,0.0,17.0,5.0,-1.4816476267101901,-16.935309867559674
2026-03-10 06:00:00,18.5,83.0,0.0,17.3,5.0,-1.5077943495344879,-17.234168276987198
2026-03-10 07:00:00,18.7,82.0,0.0,17.7,5.0,-1.542656646633551,-17.632646156223895
2026-03-10 08:00:00,18.9,81.0,0.0,18.1,5.0,-1.5775189437326145,-18.031124035460596
2026-03-10 09:00:00,19.3,79.0,0.1,18.0,3.0,-0.9420472123729975,-17.975331625582328
2026-03-10 10:00:00,19.8,76.0,0.1,18.4,1.0,-0.3211242784460163,-18.3971975908776
2026-03-10 11:00:00,20.5,73.0,0.1,18.4,358.0,0.6421507393260198,-18.38879121715136
2026-03-10 12:00:00,21.1,69.0,0.1,18.4,356.0,1.2835191168919042,-18.355178524780765
2026-03-10 13:00:00,21.5,67.0,0.1,18.5,353.0,2.2545828529952288,-18.362103805364455
2026-03-10 14:00:00,21.7,66.0,0.1,18.5,352.0,2.574702367761211,-18.319959271719053
2026-03-10 15:00:00,21.5,67.0,0.1,18.2,352.0,2.5329504374731915,-18.02287885109658
2026-03-10 16:00:00,21.1,69.0,0.1,18.1,354.0,1.8919651851445278,-18.000846306165748
2026-03-10 17:00:00,20.5,71.0,0.1,17.7,356.0,1.2346895852710165,-17.65688368959889
2026-03-10 18:00:00,19.8,74.0,0.1,17.3,359.0,0.30192663136500625,-17.29736512620557
2026-03-10 19:00:00,19.2,77.0,0.1,16.6,1.0,-0.2897099468589061,-16.597471739596095
2026-03-10 20:00:00,18.8,79.0,0.1,16.2,3.0,-0.8478424911356978,-16.177798463024097
2026-03-10 21:00:00,18.6,80.0,0.2,15.5,3.0,-0.8112073217656367,-15.478757788695894
2026-03-10 22:00:00,18.4,81.0,0.2,14.4,4.0,-1.0044932219154084,-14.36492232374147
2026-03-10 23:00:00,18.3,81.0,0.2,13.7,3.0,-0.717002600528337,-13.681224626137661
2026-03-11 00:00:00,18.2,81.0,0.2,12.6,3.0,-0.6594330486610982,-12.58273213790763
2026-03-11 01:00:00,18.2,81.0,0.2,11.9,3.0,-0.6227978792910372,-11.88369146357943
2026-03-11 02:00:00,18.2,81.0,0.2,11.5,4.0,-0.8021994480574441,-11.471986577987979
2026-03-11 03:00:00,18.2,81.0,0.1,11.5,4.0,-0.8021994480574441,-11.471986577987979
2026-03-11 04:00:00,18.2,81.0,0.1,11.6,5.0,-1.0110066158728357,-11.555858497864248
2026-03-11 05:00:00,18.2,81.0,0.1,12.3,7.0,-1.4989929238833102,-12.208317665188263
2026-03-11 06:00:00,18.3,81.0,0.1,12.7,7.0,-1.547740661245369,-12.60533612584479
2026-03-11 07:00:00,18.5,81.0,0.1,13.4,8.0,-1.864919552864882,-13.269592121137041
2026-03-11 08:00:00,18.8,80.0,0.1,13.8,6.0,-1.4424927930936164,-13.724402156082174
2026-03-11 09:00:00,19.3,78.0,0.1,14.4,3.0,-0.753637769898398,-14.380265300465863
2026-03-11 10:00:00,20.0,76.0,0.1,14.8,360.0,9.062386313690414e-16,-14.8
2026-03-11 11:00:00,20.8,73.0,0.1,15.5,356.0,1.0812253430339411,-15.462242779027275
2026-03-11 12:00:00,21.6,70.0,0.1,16.3,352.0,2.268521545649067,-16.141369520487597
2026-03-11 13:00:00,22.1,68.0,0.1,16.9,349.0,3.2246720218636087,-16.58949940026552
2026-03-11 14:00:00,22.4,67.0,0.1,17.3,348.0,3.596872251147239,-16.921953492694836
2026-03-11 15:00:00,22.4,68.0,0.0,17.3,348.0,3.596872251147239,-16.921953492694836
2026-03-11 16:00:00,22.0,70.0,0.0,16.8,350.0,2.9172893848044312,-16.544770250605094
2026-03-11 17:00:00,21.6,72.0,0.0,16.4,351.0,2.565525226659787,-16.19808878576026
2026-03-11 18:00:00,21.0,75.0,0.0,15.9,355.0,1.3857763096877644,-15.839495699658755
2026-03-11 19:00:00,20.5,78.0,0.0,15.1,357.0,0.7902729392684539,-15.079305974794064
2026-03-11 20:00:00,20.1,80.0,0.0,14.8,359.0,0.2582956152717973,-14.79774588831459
2026-03-11 21:00:00,19.8,82.0,0.0,14.4,360.0,8.817456953860943e-16,-14.4
2026-03-11 22:00:00,19.5,83.0,0.0,13.7,2.0,-0.4781231048242604,-13.691654330161612
2026-03-11 23:00:00,19.3,84.0,0.0,13.3,2.0,-0.4641633061432601,-13.291897999353974
2026-03-12 00:00:00,19.1,85.0,0.0,13.0,2.0,-0.4536934571325099,-12.992080751248245
2026-03-12 01:00:00,18.9,86.0,0.0,12.6,3.0,-0.6594330486610982,-12.58273213790763
2026-03-12 02:00:00,18.9,86.0,0.0,12.3,3.0,-0.643732261788215,-12.283143277481258
2026-03-12 03:00:00,18.9,86.0,0.0,12.3,5.0,-1.0720156357961965,-12.253194786528471
2026-03-12 04:00:00,18.9,86.0,0.0,12.6,5.0,-1.0981623586204938,-12.552053195955994
2026-03-12 05:00:00,18.9,86.0,0.0,13.0,6.0,-1.3588700224794936,-12.928784639787555
2026-03-12 06:00:00,19.1,85.0,0.0,13.4,6.0,-1.400681407786555,-13.326593397934865
2026-03-12 07:00:00,19.4,84.0,0.0,13.4,6.0,-1.400681407786555,-13.326593397934865
2026-03-12 08:00:00,19.8,82.0,0.0,13.7,5.0,-1.194033675642918,-13.647867363856914
2026-03-12 09:00:00,20.5,79.0,0.0,13.7,360.0,8.388830574159369e-16,-13.7
2026-03-12 10:00:00,21.5,75.0,0.0,14.1,354.0,1.4738513320739137,-14.022758724692652
2026-03-12 11:00:00,22.6,71.0,0.0,14.3,348.0,2.9731371786939604,-13.987510690493421
2026-03-12 12:00:00,23.6,66.0,0.0,14.7,343.0,4.2978640594242306,-14.05767991265662
2026-03-12 13:00:00,24.4,63.0,0.0,15.2,338.0,5.694020219921861,-14.093194589415168
2026-03-12 14:00:00,24.8,62.0,0.0,15.0,336.0,6.101049646137003,-13.703181864639014
2026-03-12 15:00:00,24.7,63.0,0.0,14.5,337.0,5.665601363094469,-13.347320375060386
2026-03-12 16:00:00,24.2,66.0,0.0,13.8,340.0,4.71987797789423,-12.967758166845535
2026-03-12 17:00:00,23.5,69.0,0.0,13.0,346.0,3.14498464279568,-12.613844441587954
2026-03-12 18:00:00,22.7,74.0,0.0,12.0,351.0,1.877213580482771,-11.852260087141653
2026-03-12 19:00:00,22.0,77.0,0.0,11.2,358.0,0.3908743630680121,-11.193177262613872
2026-03-12 20:00:00,21.5,80.0,0.0,10.4,2.0,-0.36295476570600793,-10.393664600998596
2026-03-12 21:00:00,21.1,82.0,0.0,9.4,4.0,-0.6557108531947805,-9.377102072442348
2026-03-12 22:00:00,20.9,83.0,0.0,7.6,8.0,-1.0577155672965002,-7.526037322435934
2026-03-12 23:00:00,20.7,84.0,0.0,6.2,7.0,-0.7555899291119125,-6.153786140176197
2026-03-13 00:00:00,20.5,84.0,0.0,4.4,9.0,-0.6883116461770166,-4.345828698618606
2026-03-13 01:00:00,20.4,85.0,0.0,3.0,14.0,-0.7257656867990033,-2.9108871788279895
2026-03-13 02:00:00,20.4,85.0,0.0,2.3,18.0,-0.7107390870623793,-2.1874299874788528
2026-03-13 03:00:00,20.4,85.0,0.1,2.1,31.0,-1.0815799573111144,-1.8000513314744355
2026-03-13 04:00:00,20.5,85.0,0.1,2.4,27.0,-1.0895771993749126,-2.138415658052083
2026-03-13 05:00:00,20.6,85.0,0.1,2.9,30.0,-1.4500000000000013,-2.5114736709748713
2026-03-13 06:00:00,20.8,84.0,0.1,3.7,29.0,-1.7937955949114464,-3.2360929164157652
2026-03-13 07:00:00,21.1,83.0,0.1,4.3,24.0,-1.7489675652259404,-3.928245467863184
2026-03-13 08:00:00,21.4,82.0,0.1,4.9,17.0,-1.4326213531414118,-4.685893304218873
2026-03-13 09:00:00,22.0,80.0,0.1,5.4,4.0,-0.37668495821827813,-5.386845871403051
2026-03-13 10:00:00,22.7,77.0,0.1,6.2,350.0,1.0766187015349686,-6.10580806867569
2026-03-13 11:00:00,23.5,73.0,0.1,7.8,338.0,2.9219314286441134,-7.232034065620942
2026-03-13 12:00:00,24.3,70.0,0.1,9.2,329.0,4.738350289172498,-7.8859391664594325
2026-03-13 13:00:00,24.9,67.0,0.1,10.6,325.0,6.079910225321089,-8.683011669463312
2026-03-13 14:00:00,25.2,66.0,0.1,10.8,323.0,6.499602250042123,-8.625263508510763
2026-03-13 15:00:00,25.1,67.0,0.1,10.3,324.0,6.054188098612474,-8.332875042061959
2026-03-13 16:00:00,24.7,69.0,0.1,8.9,328.0,4.716281451675524,-7.547628055792192
2026-03-13 17:00:00,24.1,71.0,0.1,7.6,335.0,3.211898789229316,-6.887939181478539
2026-03-13 18:00:00,23.5,74.0,0.1,5.9,346.0,1.4273391840380394,-5.7247447850283795
2026-03-13 19:00:00,22.9,77.0,0.1,4.7,4.0,-0.32785542659739025,-4.688551036221174
2026-03-13 20:00:00,22.5,79.0,0.1,4.2,20.0,-1.436484601967808,-3.9467090073008158
2026-03-13 21:00:00,22.2,80.0,0.0,3.9,34.0,-2.1808523235359116,-3.233246532964663
2026-03-13 22:00:00,21.9,81.0,0.0,3.3,49.0,-2.490541614735148,-2.1649947956686733
2026-03-13 23:00:00,21.6,81.0,0.0,2.9,60.0,-2.5114736709748717,-1.4500000000000002
2026-03-14 00:00:00,21.4,82.0,0.0,2.6,74.0,-2.499280409439629,-0.7166571251241974
2026-03-14 01:00:00,21.3,82.0,0.0,2.9,83.0,-2.878383839759834,-0.3534210958749272
2026-03-14 02:00:00,21.2,82.0,0.0,2.9,90.0,-2.9,3.5514757175273243e-16
2026-03-14 03:00:00,21.2,82.0,0.0,3.2,90.0,-3.2,3.9188697572715305e-16
2026-03-14 04:00:00,21.2,82.0,0.0,3.7,79.0,-3.632020578756357,-0.7059932828932155
2026-03-14 05:00:00,21.2,82.0,0.0,4.6,72.0,-4.374859974957706,-1.4214781741247573
2026-03-14 06:00:00,21.4,82.0,0.0,5.2,65.0,-4.71280049259058,-2.1976149610516362
2026-03-14 07:00:00,21.6,81.0,0.0,5.2,56.0,-4.3109953772862175,-2.907803098047883
2026-03-14 08:00:00,21.9,80.0,0.0,5.1,51.0,-3.9634444034305507,-3.2095339943541714
2026-03-14 09:00:00,22.5,77.0,0.0,4.4,35.0,-2.523736319944604,-3.604268994871563
2026-03-14 10:00:00,23.3,74.0,0.0,3.6,6.0,-0.3763024677635521,-3.5802788233257843
2026-03-14 11:00:00,24.3,69.0,0.0,4.2,329.0,2.1631599146222276,-3.600102662948872
2026-03-14 12:00:00,25.1,65.0,0.0,5.6,310.0,4.289848881466277,-3.5996106142446194
2026-03-14 13:00:00,25.8,62.0,0.0,7.4,299.0,6.472185832831529,-3.5875911898228945
2026-03-14 14:00:00,26.1,61.0,0.0,8.0,297.0,7.128052193506943,-3.631923997916374
2026-03-14 15:00:00,26.0,62.0,0.0,7.7,298.0,6.798696465013738,-3.6149310334513594
2026-03-14 16:00:00,25.5,64.0,0.0,7.0,305.0,5.7340643100229425,-4.015035054457322
2026-03-14 17:00:00,24.9,68.0,0.0,6.1,315.0,4.31335136523794,-4.313351365237939
2026-03-14 18:00:00,24.2,72.0,0.0,5.0,330.0,2.5000000000000004,-4.330127018922193
2026-03-14 19:00:00,23.5,75.0,0.0,4.7,351.0,0.7352419856890854,-4.6421352007971475
2026-03-14 20:00:00,22.9,78.0,0.0,4.4,9.0,-0.6883116461770166,-4.345828698618606
2026-03-14 21:00:00,22.5,80.0,0.0,4.3,24.0,-1.7489675652259404,-3.928245467863184
2026-03-14 22:00:00,22.2,81.0,0.0,3.8,41.0,-2.4930243101639276,-2.8678964048465336
2026-03-14 23:00:00,21.8,82.0,0.0,3.7,61.0,-3.236092916415765,-1.7937955949114468
2026-03-15 00:00:00,21.6,83.0,0.0,4.1,75.0,-3.96029588778518,-1.0611580849203353
2026-03-15 01:00:00,21.4,83.0,0.0,4.7,90.0,-4.7,5.755839955992561e-16
2026-03-15 02:00:00,21.3,83.0,0.0,5.1,94.0,-5.087576656325103,0.35575801609504015
2026-03-15 03:00:00,21.3,83.0,0.0,5.4,94.0,-5.386845871403051,0.37668495821827785
2026-03-15 04:00:00,21.3,82.0,0.0,6.1,90.0,-6.1,7.470345474798854e-16
2026-03-15 05:00:00,21.4,82.0,0.0,6.5,84.0,-6.4643923198937765,-0.6794350112397477
2026-03-15 06:00:00,21.6,80.0,0.0,7.0,78.0,-6.847033205136639,-1.4553818357243165
2026-03-15 07:00:00,21.9,79.0,0.0,7.0,78.0,-6.847033205136639,-1.4553818357243165
2026-03-15 08:00:00,22.4,77.0,0.0,6.5,84.0,-6.4643923198937765,-0.6794350112397477
2026-03-15 09:00:00,23.1,74.0,0.0,5.9,101.0,-5.791600382341218,1.1257730727216153
2026-03-15 10:00:00,24.1,70.0,0.0,5.6,130.0,-4.289848881466276,3.5996106142446207
2026-03-15 11:00:00,25.2,66.0,0.0,7.1,156.0,-2.8878301658381815,6.486172749262466
2026-03-15 12:00:00,26.3,62.0,0.0,9.5,171.0,-1.4861274178821928,9.38303923565381
2026-03-15 13:00:00,27.1,59.0,0.0,11.9,178.0,-0.41530401075976137,11.89275084152724
2026-03-15 14:00:00,27.5,58.0,0.0,13.3,180.0,8.143901214329899e-16,13.3
2026-03-15 15:00:00,27.5,59.0,0.0,13.7,178.0,-0.47812310482426307,13.691654330161612
2026-03-15 16:00:00,27.0,62.0,0.0,13.4,174.0,-1.4006814077865577,13.326593397934863
2026-03-15 17:00:00,26.4,65.0,0.0,12.9,167.0,-2.901868601035859,12.569373835729534
2026-03-15 18:00:00,25.6,70.0,0.0,12.6,160.0,-4.309453805903425,11.840127021902445
2026-03-15 19:00:00,24.9,73.0,0.0,12.2,152.0,-5.727553065987869,10.771960632878907
2026-03-15 20:00:00,24.3,76.0,0.0,11.7,146.0,-6.542556970607736,9.699739598893988
2026-03-15 21:00:00,23.9,78.0,0.0,11.3,143.0,-6.800509761618147,9.024581263534408
2026-03-15 22:00:00,23.5,79.0,0.0,10.7,138.0,-7.159697488039782,7.951649632608118
2026-03-15 23:00:00,23.2,80.0,0.0,10.2,135.0,-7.212489168102784,7.212489168102785
2026-03-16 00:00:00,22.9,81.0,0.0,9.4,130.0,-7.2008177653183925,6.042203531053471
2026-03-16 01:00:00,22.7,82.0,0.0,8.5,126.0,-6.876644452187052,4.996174644486023
2026-03-16 02:00:00,22.6,82.0,0.0,8.1,122.0,-6.86918957886705,4.29234604028896
2026-03-16 03:00:00,22.5,82.0,0.1,7.7,118.0,-6.798696465013738,3.6149310334513585
2026-03-16 04:00:00,22.6,82.0,0.1,7.4,113.0,-6.811735915548059,2.891410350820626
2026-03-16 05:00:00,22.7,81.0,0.1,7.2,108.0,-6.8476069173251055,2.224922359499622
2026-03-16 06:00:00,22.9,80.0,0.1,6.6,103.0,-6.430842427582552,1.4846769586695103
2026-03-16 07:00:00,23.2,79.0,0.1,6.2,100.0,-6.10580806867569,1.0766187015349677
2026-03-16 08:00:00,23.5,78.0,0.1,5.4,98.0,-5.34744757120448,0.7515347451843528
2026-03-16 09:00:00,24.0,76.0,0.1,4.4,99.0,-4.345828698618606,0.6883116461770163
2026-03-16 10:00:00,24.7,74.0,0.1,2.9,120.0,-2.511473670974872,1.4499999999999997
2026-03-16 11:00:00,25.5,71.0,0.1,2.3,162.0,-0.7107390870623789,2.187429987478853
2026-03-16 12:00:00,26.2,68.0,0.1,2.7,203.0,1.0549740469210391,2.485363104321589
2026-03-16 13:00:00,26.7,66.0,0.1,3.8,221.0,2.4930243101639276,2.8678964048465336
2026-03-16 14:00:00,26.9,66.0,0.1,4.1,232.0,3.2308440897875594,2.524212048835199
2026-03-16 15:00:00,26.8,67.0,0.1,3.5,246.0,3.197409101749103,1.4235782507653008
2026-03-16 16:00:00,26.3,70.0,0.1,2.5,278.0,2.475670171853926,-0.3479327524001636
2026-03-16 17:00:00,25.7,73.0,0.1,2.9,330.0,1.4500000000000002,-2.5114736709748717
2026-03-16 18:00:00,25.0,76.0,0.1,4.3,355.0,0.37476969381492997,-4.283637201794505
2026-03-16 19:00:00,24.4,80.0,0.1,6.2,7.0,-0.7555899291119125,-6.153786140176197
2026-03-16 20:00:00,23.9,82.0,0.1,7.3,11.0,-1.3929056662487755,-7.165878439167947
2026-03-16 21:00:00,23.5,84.0,0.0,7.8,13.0,-1.7546182238821488,-7.600086505324834
2026-03-16 22:00:00,23.1,85.0,0.0,7.5,17.0,-2.192787785420528,-7.172285669722765
2026-03-16 23:00:00,22.8,86.0,0.0,7.3,20.0,-2.49674704627738,-6.859756131737131
2026-03-17 00:00:00,22.5,86.0,0.0,6.6,22.0,-2.472403516545021,-6.119413440140796
2026-03-17 01:00:00,22.3,87.0,0.0,6.4,27.0,-2.9055391983331003,-5.702441754805554
2026-03-17 02:00:00,22.2,87.0,0.0,6.1,28.0,-2.8637765329939335,-5.385980316439454
2026-03-17 03:00:00,22.2,87.0,0.1,6.1,28.0,-2.8637765329939335,-5.385980316439454
2026-03-17 04:00:00,22.2,86.0,0.1,6.3,31.0,-3.2447398719333433,-5.400153994423306
2026-03-17 05:00:00,22.4,86.0,0.1,6.6,29.0,-3.199743493625823,-5.772490067120013
2026-03-17 06:00:00,22.6,85.0,0.1,6.6,29.0,-3.199743493625823,-5.772490067120013
2026-03-17 07:00:00,22.8,84.0,0.1,6.9,28.0,-3.239353783222646,-6.092338390726597
2026-03-17 08:00:00,23.2,82.0,0.1,6.3,24.0,-2.5624408513775405,-5.755336383148386
2026-03-17 09:00:00,23.7,80.0,0.1,5.2,16.0,-1.4333142502483942,-4.998560818879259
2026-03-17 10:00:00,24.5,77.0,0.1,4.3,355.0,0.37476969381492997,-4.283637201794505
2026-03-17 11:00:00,25.4,73.0,0.1,4.1,322.0,2.524212048835199,-3.23084408978756
2026-03-17 12:00:00,26.2,70.0,0.1,5.0,300.0,4.330127018922194,-2.4999999999999996
2026-03-17 13:00:00,26.7,68.0,0.1,6.0,287.0,5.737828535778212,-1.7542302283364206
2026-03-17 14:00:00,27.0,67.0,0.1,6.6,283.0,6.430842427582553,-1.484676958669509
