time,temperature_2m,relativehumidity_2m,precipitation,windspeed_10m,winddirection_10m,u,v
2026-01-01 00:00:00,18.2,77.0,0.0,9.9,9.0,-1.5487012038982872,-9.778114571891864
2026-01-01 01:00:00,17.9,79.0,0.0,10.2,7.0,-1.243067302732501,-10.123970746741485
2026-01-01 02:00:00,17.5,81.0,0.0,10.7,16.0,-2.9493197072418877,-10.285500146540013
2026-01-01 03:00:00,17.4,82.0,0.0,10.4,34.0,-5.815606196095764,-8.621990754572435
2026-01-01 04:00:00,17.4,82.0,0.0,7.4,23.0,-2.8914103508206264,-6.811735915548058
2026-01-01 05:00:00,17.5,82.0,0.0,9.4,358.0,0.3280552690035102,-9.394273773979501
2026-01-01 06:00:00,17.2,84.0,0.0,10.6,4.0,-0.7394186216877311,-10.574178932754137
2026-01-01 07:00:00,17.3,82.0,0.0,13.6,5.0,-1.1853181013681522,-13.548247894047739
2026-01-01 08:00:00,18.2,77.0,0.0,12.4,3.0,-0.6489658574125095,-12.383006230956715
2026-01-01 09:00:00,19.9,69.0,0.0,13.3,359.0,0.23211700561587187,-13.297974345580005
2026-01-01 10:00:00,21.9,59.0,0.0,14.9,352.0,2.0736792043049754,-14.7549942242494
2026-01-01 11:00:00,23.3,54.0,0.0,16.8,343.0,4.911844639341978,-16.065919900178997
2026-01-01 12:00:00,24.3,50.0,0.0,18.0,339.0,6.450623091815407,-16.804447676949632
2026-01-01 13:00:00,25.0,48.0,0.0,16.8,332.0,7.887122254802967,-14.833519560029972
2026-01-01 14:00:00,25.0,46.0,0.0,16.4,320.0,10.541716798859245,-12.563128867151239
2026-01-01 15:00:00,24.2,51.0,0.0,18.5,315.0,13.08147545195113,-13.081475451951128
2026-01-01 16:00:00,23.0,59.0,0.0,20.6,320.0,13.241424759542712,-15.780515528250948
2026-01-01 17:00:00,21.5,63.0,0.0,20.9,333.0,9.488401444556528,-18.622036355536885
2026-01-01 18:00:00,20.2,65.0,0.0,18.1,349.0,3.453642816315463,-17.767452020402718
2026-01-01 19:00:00,19.0,68.0,0.0,16.1,356.0,1.1230792272804164,-16.060781209183173
2026-01-01 20:00:00,18.6,67.0,0.0,18.0,359.0,0.3141433158711048,-17.997258512815044
2026-01-01 21:00:00,18.0,67.0,0.0,18.9,356.0,1.3183973537639668,-18.853960549910674
2026-01-01 22:00:00,17.0,70.0,0.1,17.8,357.0,0.9315800211244026,-17.775605718631414
2026-01-01 23:00:00,16.5,71.0,0.1,17.6,360.0,1.077689183249671e-15,-17.6
2026-01-02 00:00:00,16.4,70.0,0.0,17.5,360.0,1.0715659492539341e-15,-17.5
2026-01-02 01:00:00,16.1,72.0,0.0,15.9,3.0,-0.8321417042628145,-15.878209602597725
2026-01-02 02:00:00,16.0,73.0,0.0,16.6,359.0,0.2897099468589078,-16.597471739596095
2026-01-02 03:00:00,15.9,74.0,0.0,15.9,357.0,0.8321417042628091,-15.878209602597725
2026-01-02 04:00:00,15.6,74.0,0.0,15.0,357.0,0.7850393436441595,-14.979443021318607
2026-01-02 05:00:00,15.1,75.0,0.0,14.2,1.0,-0.24782417140942567,-14.197837271220756
2026-01-02 06:00:00,15.1,74.0,0.0,16.0,358.0,0.5583919472400173,-15.990253232305532
2026-01-02 07:00:00,14.6,74.0,0.0,16.9,2.0,-0.5898014942722628,-16.889704976622717
2026-01-02 08:00:00,15.6,66.0,0.0,19.7,355.0,1.7169681321288652,-19.625035552407386
2026-01-02 09:00:00,16.9,59.0,0.0,18.6,356.0,1.2974704116407294,-18.554691334832732
2026-01-02 10:00:00,18.3,54.0,0.0,18.3,349.0,3.4918046153907722,-17.963777457092252
2026-01-02 11:00:00,19.8,48.0,0.0,17.2,347.0,3.8691581347144766,-16.759165114306047
2026-01-02 12:00:00,20.7,46.0,0.0,16.5,346.0,3.9917112773945167,-16.00987948355394
2026-01-02 13:00:00,21.5,43.0,0.0,14.9,341.0,4.850965501411636,-14.08822677642982
2026-01-02 14:00:00,21.0,45.0,0.0,17.7,338.0,6.630536703461641,-16.411154225832135
2026-01-02 15:00:00,20.6,45.0,0.0,17.6,349.0,3.358238318627191,-17.276638428678886
2026-01-02 16:00:00,19.5,48.0,0.0,18.2,351.0,2.8471072637322026,-17.975927798831506
2026-01-02 17:00:00,18.0,51.0,0.0,18.6,356.0,1.2974704116407294,-18.554691334832732
2026-01-02 18:00:00,16.8,53.0,0.0,18.9,358.0,0.6596004876772704,-18.888486630660907
2026-01-02 19:00:00,15.6,55.0,0.0,18.9,358.0,0.6596004876772704,-18.888486630660907
2026-01-02 20:00:00,14.6,58.0,0.0,18.0,359.0,0.3141433158711048,-17.997258512815044
2026-01-02 21:00:00,14.1,60.0,0.0,15.8,360.0,9.67470971326409e-16,-15.8
2026-01-02 22:00:00,13.2,63.0,0.0,13.8,6.0,-1.4424927930936164,-13.724402156082174
2026-01-02 23:00:00,12.8,64.0,0.0,11.4,5.0,-0.993575467323304,-11.3566195582459
2026-01-03 00:00:00,12.5,65.0,0.0,11.2,4.0,-0.7812725059342065,-11.17271736291003
2026-01-03 01:00:00,12.2,66.0,0.0,10.3,7.0,-1.255254237073016,-10.223225361905618
2026-01-03 02:00:00,12.1,66.0,0.0,10.1,1.0,-0.17626930501656332,-10.098461721079552
2026-01-03 03:00:00,12.1,66.0,0.0,9.4,4.0,-0.6557108531947805,-9.377102072442348
2026-01-03 04:00:00,12.0,66.0,0.0,9.8,7.0,-1.1943195653704424,-9.726952286084957
2026-01-03 05:00:00,11.6,68.0,0.0,8.0,27.0,-3.6319239979163753,-7.128052193506942
2026-01-03 06:00:00,11.5,68.0,0.0,5.6,33.0,-3.049978596084151,-4.696555180494374
2026-01-03 07:00:00,11.6,70.0,0.0,4.5,7.0,-0.5484120453231622,-4.46645768238595
2026-01-03 08:00:00,14.4,63.0,0.0,5.8,334.0,2.542552651376649,-5.213005468535169
2026-01-03 09:00:00,16.5,59.0,0.0,5.9,315.0,4.171930009000631,-4.17193000900063
2026-01-03 10:00:00,17.8,58.0,0.0,5.5,306.0,4.449593469062211,-3.232818887608602
2026-01-03 11:00:00,19.1,58.0,0.0,5.8,240.0,5.022947341949744,2.8999999999999995
2026-01-03 12:00:00,19.9,59.0,0.0,10.4,222.0,6.958958306132126,7.7287061849649
2026-01-03 13:00:00,19.6,59.0,0.0,12.5,217.0,7.522687789400605,9.982943875591161
2026-01-03 14:00:00,19.9,55.0,0.0,11.3,248.0,10.4771775566047,4.233054505599806
2026-01-03 15:00:00,19.8,56.0,0.0,11.1,257.0,10.81550771911611,2.4969567032169016
2026-01-03 16:00:00,19.4,60.0,0.0,10.1,245.0,9.153708649070165,4.268444443581064
2026-01-03 17:00:00,18.9,62.0,0.0,9.2,228.0,6.836932394392027,6.156001578501495
2026-01-03 18:00:00,18.7,62.0,0.0,8.0,218.0,4.925291802605266,6.304086028853776
2026-01-03 19:00:00,18.7,62.0,0.0,6.9,208.0,3.239353783222647,6.092338390726596
2026-01-03 20:00:00,19.4,56.0,0.0,11.8,209.0,5.720753518906778,10.32051254424487
2026-01-03 21:00:00,19.6,56.0,0.0,10.5,207.0,4.766900247265242,9.355568503977862
2026-01-03 22:00:00,19.4,59.0,0.0,8.1,208.0,3.802719658565716,7.151875502157307
2026-01-03 23:00:00,19.1,61.0,0.0,5.7,226.0,4.100236861930312,3.9595527116162845
2026-01-04 00:00:00,18.7,62.0,0.0,3.6,243.0,3.2076234870781244,1.6343657990623683
2026-01-04 01:00:00,17.8,66.0,0.0,2.3,238.0,1.9505106211597796,1.2188143077363711
2026-01-04 02:00:00,16.6,74.0,0.0,0.2,90.0,-0.2,2.4492935982947065e-17
2026-01-04 03:00:00,15.9,69.0,0.0,1.8,79.0,-1.7669289302057951,-0.3434561916777805
2026-01-04 04:00:00,15.6,61.0,0.0,3.5,75.0,-3.380740392011739,-0.9058666578588228
2026-01-04 05:00:00,15.1,58.0,0.0,3.1,80.0,-3.052904034337845,-0.5383093507674844
2026-01-04 06:00:00,15.4,59.0,0.0,1.3,74.0,-1.2496402047198145,-0.3583285625620987
2026-01-04 07:00:00,15.9,59.0,0.0,0.2,90.0,-0.2,2.4492935982947065e-17
2026-01-04 08:00:00,17.5,60.0,0.0,7.0,40.0,-4.499513267805776,-5.362311101832845
2026-01-04 09:00:00,19.4,53.0,0.0,5.3,57.0,-4.444954010110747,-2.8865868855796433
2026-01-04 10:00:00,20.8,54.0,0.0,2.2,5.0,-0.19174263404484818,-2.1916283358018402
2026-01-04 11:00:00,21.6,53.0,0.0,6.4,295.0,5.80036983703456,-2.7047568751404767
2026-01-04 12:00:00,22.0,52.0,0.0,8.4,290.0,7.8934180146016315,-2.872969203935617
2026-01-04 13:00:00,22.3,51.0,0.0,9.9,273.0,9.886432394070281,-0.518125966805144
2026-01-04 14:00:00,21.9,51.0,0.0,12.2,269.0,12.198141880907972,0.21291935853485883
2026-01-04 15:00:00,21.6,51.0,0.0,9.9,266.0,9.87588409757226,0.6905890900668405
2026-01-04 16:00:00,21.2,54.0,0.0,9.9,286.0,9.516490789789357,-2.7288098225882917
2026-01-04 17:00:00,20.7,59.0,0.0,10.6,288.0,10.081199072728626,-3.2755801403744425
2026-01-04 18:00:00,20.4,62.0,0.0,7.6,308.0,5.988881727411086,-4.6790272124750025
2026-01-04 19:00:00,19.9,66.0,0.0,8.6,345.0,2.2258437878816784,-8.306962106085987
2026-01-04 20:00:00,19.6,69.0,0.0,7.6,352.0,1.0577155672964975,-7.5260373224359345
2026-01-04 21:00:00,19.0,69.0,0.0,7.2,22.0,-2.6971674725945687,-6.675723752880868
2026-01-04 22:00:00,18.5,71.0,0.0,6.2,350.0,1.0766187015349686,-6.10580806867569
2026-01-04 23:00:00,18.0,75.0,0.0,8.5,358.0,0.29664572197125916,-8.494822029662314
2026-01-05 00:00:00,17.5,77.0,0.0,9.8,13.0,-2.2045203325698797,-9.548826634895304
2026-01-05 01:00:00,17.1,77.0,0.0,9.3,27.0,-4.222111647577787,-8.28636067495182
2026-01-05 02:00:00,16.5,77.0,0.0,9.4,31.0,-4.8413579041545125,-8.057372626599854
2026-01-05 03:00:00,16.3,77.0,0.0,7.8,42.0,-5.219218729599093,-5.796529638723676
2026-01-05 04:00:00,16.2,77.0,0.0,7.7,33.0,-4.193720569615707,-6.457763373179765
2026-01-05 05:00:00,16.1,77.0,0.0,8.6,22.0,-3.2216167033768457,-7.97378114927437
2026-01-05 06:00:00,15.9,77.0,0.0,10.0,21.0,-3.583679495453007,-9.335804264972015
2026-01-05 07:00:00,15.8,76.0,0.0,10.3,19.0,-3.3533519909087137,-9.738841328672963
2026-01-05 08:00:00,17.3,70.0,0.0,10.2,10.0,-1.7712114122026892,-10.045039080724521
2026-01-05 09:00:00,19.7,59.0,0.0,9.0,358.0,0.31409547032250973,-8.994517443171862
2026-01-05 10:00:00,21.4,49.0,0.0,8.6,349.0,1.6409573602382863,-8.441993777649909
2026-01-05 11:00:00,22.5,43.0,0.0,10.8,332.0,5.0702928780876215,-9.535834002876411
2026-01-05 12:00:00,23.1,41.0,0.0,12.5,323.0,7.522687789400605,-9.982943875591161
2026-01-05 13:00:00,23.5,40.0,0.0,13.7,316.0,9.516819675288263,-9.85495526463952
2026-01-05 14:00:00,23.3,42.0,0.0,15.9,314.0,11.437502825384554,-11.045068090298056
2026-01-05 15:00:00,23.0,49.0,0.0,18.5,317.0,12.616969661156222,-13.530043479954653
2026-01-05 16:00:00,22.0,59.0,0.0,18.7,325.0,10.725879359764562,-15.318143228204146
2026-01-05 17:00:00,21.3,60.0,0.0,17.2,332.0,8.074910879917322,-15.186698597173542
2026-01-05 18:00:00,20.5,59.0,0.0,17.1,349.0,3.2628338209389183,-16.785824836955054
2026-01-05 19:00:00,19.5,61.0,0.0,16.4,359.0,0.286219465571451,-16.397502200564816
2026-01-05 20:00:00,18.6,65.0,0.0,16.9,3.0,-0.8844776605057587,-16.876839137352295
2026-01-05 21:00:00,17.8,72.0,0.0,17.4,7.0,-2.120526575249561,-17.270303038559003
2026-01-05 22:00:00,17.0,75.0,0.0,17.9,10.0,-3.1083023802380527,-17.628058778918522
2026-01-05 23:00:00,16.5,77.0,0.0,16.5,10.0,-2.8651949315043503,-16.249327924701433
2026-01-06 00:00:00,15.8,80.0,0.0,16.0,7.0,-1.9499094944823547,-15.880738426261154
2026-01-06 01:00:00,15.1,83.0,0.0,16.8,6.0,-1.7560781828965766,-16.707967842186992
2026-01-06 02:00:00,14.8,83.0,0.0,17.9,6.0,-1.871059492490995,-17.80194192709209
2026-01-06 03:00:00,14.6,82.0,0.0,17.4,7.0,-2.120526575249561,-17.270303038559003
2026-01-06 04:00:00,14.1,84.0,0.0,16.3,8.0,-2.2685215456490733,-16.141369520487597
2026-01-06 05:00:00,13.9,83.0,0.0,15.7,6.0,-1.6410968733021576,-15.613993757281891
2026-01-06 06:00:00,13.6,83.0,0.0,14.6,9.0,-2.283943189587373,-14.42024977268901
2026-01-06 07:00:00,13.5,83.0,0.0,13.8,8.0,-1.9205887932489085,-13.66569934863367
2026-01-06 08:00:00,14.7,76.0,0.0,13.9,359.0,0.242588449478242,-13.897882962673838
2026-01-06 09:00:00,16.8,65.0,0.0,12.5,353.0,1.5233667925643437,-12.406826895516526
2026-01-06 10:00:00,18.6,56.0,0.0,12.5,345.0,3.2352380637815092,-12.074072828613353
2026-01-06 11:00:00,20.0,49.0,0.0,15.0,341.0,4.883522316857351,-14.18277863398975
2026-01-06 12:00:00,21.1,44.0,0.0,15.9,338.0,5.956244835313,-14.742223287611921
2026-01-06 13:00:00,21.9,41.0,0.0,18.0,336.0,7.321259575364404,-16.443818237566816
2026-01-06 14:00:00,20.5,48.0,0.0,22.3,343.0,6.51988901531703,-21.32559605797569
2026-01-06 15:00:00,20.3,49.0,0.0,22.0,345.0,5.694018992255456,-21.2503681783595
2026-01-06 16:00:00,19.2,53.0,0.0,21.4,350.0,3.7160710020723107,-21.07488591446125
2026-01-06 17:00:00,18.0,57.0,0.0,20.1,348.0,4.179024985436965,-19.660766774749494
2026-01-06 18:00:00,17.0,61.0,0.0,19.9,346.0,4.8142457224333866,-19.308884952892328
2026-01-06 19:00:00,15.9,64.0,0.0,22.0,349.0,4.197797898283988,-21.595798035848606
2026-01-06 20:00:00,15.6,66.0,0.0,23.2,353.0,2.8273687669994216,-23.02707071807867
2026-01-06 21:00:00,14.7,69.0,0.0,23.1,358.0,0.806178373827775,-23.085928104141114
2026-01-06 22:00:00,14.2,70.0,0.0,23.3,357.0,1.2194277804605944,-23.26806815978157
2026-01-06 23:00:00,13.6,71.0,0.0,24.0,355.0,2.0917378259437953,-23.908672754201895
2026-01-07 00:00:00,13.3,69.0,0.0,22.2,356.0,1.54859371711958,-22.145921915768096
2026-01-07 01:00:00,13.2,67.0,0.0,21.3,355.0,1.8564173205251184,-21.21894706935418
2026-01-07 02:00:00,12.9,66.0,0.0,22.5,356.0,1.5695206592428177,-22.445191130846045
2026-01-07 03:00:00,12.6,65.0,0.0,21.3,358.0,0.743359279763273,-21.28702461550674
2026-01-07 04:00:00,12.6,64.0,0.0,21.6,356.0,1.5067398328731052,-21.547383485612205
2026-01-07 05:00:00,12.5,63.0,0.0,20.9,356.0,1.4579103012522172,-20.849088650430325
2026-01-07 06:00:00,12.4,62.0,0.0,21.2,355.0,1.8477017462503524,-21.119327599545006
2026-01-07 07:00:00,12.5,61.0,0.0,20.3,354.0,2.121927804333365,-20.18879447597595
2026-01-07 08:00:00,13.2,58.0,0.0,19.7,351.0,3.081758961292549,-19.457460309724212
2026-01-07 09:00:00,14.1,55.0,0.0,17.7,355.0,1.542656646633549,-17.632646156223895
2026-01-07 10:00:00,14.6,53.0,0.1,15.8,352.0,2.1989349951690342,-15.646235486116812
2026-01-07 11:00:00,15.3,49.0,0.0,16.4,351.0,2.565525226659787,-16.19808878576026
2026-01-07 12:00:00,16.9,44.0,0.0,14.6,351.0,2.2839431895873714,-14.420249772689012
2026-01-07 13:00:00,17.4,43.0,0.0,13.1,352.0,1.8231676225768576,-12.972511700514572
2026-01-07 14:00:00,17.6,44.0,0.0,8.6,1.0,-0.15009069536063807,-8.598690178344965
2026-01-07 15:00:00,17.8,46.0,0.0,9.2,339.0,3.2969851358167634,-8.588939923774255
2026-01-07 16:00:00,17.5,48.0,0.0,9.1,335.0,3.8458261818403647,-8.247400862033514
2026-01-07 17:00:00,17.4,51.0,0.0,8.4,344.0,2.315353788862793,-8.074598245881878
2026-01-07 18:00:00,17.0,53.0,0.0,8.3,354.0,0.8675862451215237,-8.25453173155667
2026-01-07 19:00:00,16.7,56.0,0.0,8.6,2.0,-0.3001356716415065,-8.594761112364223
2026-01-07 20:00:00,16.4,57.0,0.0,10.3,347.0,2.3169958597418088,-10.036011667287923
2026-01-07 21:00:00,15.6,61.0,0.0,12.0,353.0,1.4624321208617699,-11.910553819695863
2026-01-07 22:00:00,14.9,63.0,0.0,12.8,360.0,7.837739514543061e-16,-12.8
2026-01-07 23:00:00,14.4,63.0,0.0,11.7,5.0,-1.0197221901476015,-11.655477967673422
2026-01-08 00:00:00,14.4,61.0,0.0,10.2,7.0,-1.243067302732501,-10.123970746741485
2026-01-08 01:00:00,14.2,60.0,0.0,9.5,22.0,-3.5587626374511667,-8.80824661838448
2026-01-08 02:00:00,13.5,63.0,0.0,10.2,10.0,-1.7712114122026892,-10.045039080724521
2026-01-08 03:00:00,13.3,65.0,0.0,10.3,359.0,0.17975978630402106,-10.298431260110831
2026-01-08 04:00:00,13.3,65.0,0.0,7.6,8.0,-1.0577155672965002,-7.526037322435934
2026-01-08 05:00:00,13.4,66.0,0.0,8.9,24.0,-3.619956123374621,-8.130554573019149
2026-01-08 06:00:00,12.7,70.0,0.0,8.6,20.0,-2.9413732326007493,-8.081356538758811
2026-01-08 07:00:00,12.9,71.0,0.0,10.3,11.0,-1.9653326523784096,-10.110759989510939
2026-01-08 08:00:00,14.1,61.0,0.0,9.5,360.0,5.817072295949927e-16,-9.5
2026-01-08 09:00:00,16.0,53.0,0.0,8.9,9.0,-1.3922667388580563,-8.790426231296726
2026-01-08 10:00:00,17.3,51.0,0.0,8.7,5.0,-0.7582549619046267,-8.666893873398186
2026-01-08 11:00:00,18.5,48.0,0.0,7.0,350.0,1.2155372436685128,-6.893654271085456
2026-01-08 12:00:00,19.9,45.0,0.0,11.0,339.0,3.942047444998304,-10.269384691469218
2026-01-08 13:00:00,20.0,45.0,0.0,8.3,342.0,2.564841053312064,-7.893769085249775
2026-01-08 14:00:00,20.1,46.0,0.0,4.7,313.0,3.437362397610101,-3.205392292293743
2026-01-08 15:00:00,21.1,43.0,0.0,5.5,297.0,4.9005358830360235,-2.496947748567507
2026-01-08 16:00:00,21.1,44.0,0.0,6.0,307.0,4.791813060283757,-3.6108901389122896
2026-01-08 17:00:00,20.6,45.0,0.0,7.1,336.0,2.8878301658381815,-6.486172749262466
2026-01-08 18:00:00,19.6,49.0,0.0,12.3,356.0,0.8580046270527404,-12.270037818195838
2026-01-08 19:00:00,18.2,48.0,0.0,16.5,6.0,-1.7247196439162804,-16.409611273576513
2026-01-08 20:00:00,17.1,47.0,0.0,14.8,2.0,-0.5165125511970113,-14.790984239882619
2026-01-08 21:00:00,16.4,48.0,0.0,12.4,358.0,0.4327537591110134,-12.392446255036788
2026-01-08 22:00:00,15.5,51.0,0.1,10.1,3.0,-0.5285931580537375,-10.086158301021195
2026-01-08 23:00:00,15.0,52.0,0.0,9.2,20.0,-3.1465853185961503,-8.645172111230357
2026-01-09 00:00:00,14.9,54.0,0.0,8.9,29.0,-4.314805620192398,-7.784115393540624
2026-01-09 01:00:00,14.9,54.0,0.0,7.7,12.0,-1.6009200192967503,-7.531736525650303
2026-01-09 02:00:00,14.9,54.0,0.0,7.4,359.0,0.12914780763589864,-7.398872944157295
2026-01-09 03:00:00,14.8,56.0,0.1,6.5,14.0,-1.5724923213978406,-6.306922220793977
2026-01-09 04:00:00,14.6,61.0,0.1,6.5,28.0,-3.05156515810829,-5.739159353583025
2026-01-09 05:00:00,14.7,62.0,0.0,5.4,42.0,-3.613305274337834,-4.01298205757793
2026-01-09 06:00:00,14.8,63.0,0.1,5.0,26.0,-2.191855733945389,-4.493970231495834
2026-01-09 07:00:00,14.9,64.0,0.2,5.2,356.0,0.36273366346945124,-5.187333061351086
2026-01-09 08:00:00,15.1,53.0,0.1,8.7,6.0,-0.9093976304285841,-8.652340489703978
2026-01-09 09:00:00,16.5,50.0,0.0,7.6,4.0,-0.5301492004553544,-7.581486781974664
2026-01-09 10:00:00,17.5,50.0,0.0,7.2,357.0,0.3768188849491966,-7.190132650232932
2026-01-09 11:00:00,18.6,49.0,0.0,4.9,360.0,3.0003846579110154e-16,-4.9
2026-01-09 12:00:00,19.2,51.0,0.0,6.0,314.0,4.316038802031907,-4.1679502227539835
2026-01-09 13:00:00,19.0,54.0,0.0,7.3,310.0,5.5921244347685395,-4.692349550711737
2026-01-09 14:00:00,19.6,56.0,0.0,9.0,270.0,9.0,0.0
2026-01-09 15:00:00,19.3,54.0,0.0,6.6,292.0,6.1194134401407965,-2.472403516545019
2026-01-09 16:00:00,19.0,53.0,0.0,6.4,313.0,4.6806636903626915,-4.36478950439999
2026-01-09 17:00:00,18.7,54.0,0.0,6.1,326.0,3.4110767111715554,-5.057129192585754
2026-01-09 18:00:00,18.5,58.0,0.0,5.4,354.0,0.5644537016453287,-5.370418234988676
2026-01-09 19:00:00,18.2,58.0,0.0,7.5,8.0,-1.0437982572004938,-7.4270105155617765
2026-01-09 20:00:00,17.9,54.0,0.0,10.7,12.0,-2.2246550917500296,-10.46617932785172
2026-01-09 21:00:00,16.9,55.0,0.0,9.0,23.0,-3.5165801564034647,-8.284543681071963
2026-01-09 22:00:00,16.2,57.0,0.0,7.7,16.0,-2.1224076397908913,-7.401715058725056
2026-01-09 23:00:00,15.9,58.0,0.0,6.4,16.0,-1.7640790772287929,-6.152074854005242
2026-01-10 00:00:00,15.6,60.0,0.0,8.1,17.0,-2.3682108082541706,-7.746068523300586
2026-01-10 01:00:00,15.2,62.0,0.0,7.6,14.0,-1.838606406557475,-7.3742475196975725
2026-01-10 02:00:00,15.2,64.0,0.0,10.1,1.0,-0.17626930501656332,-10.098461721079552
2026-01-10 03:00:00,14.9,62.0,0.0,11.5,358.0,0.4013442120787624,-11.492994510719601
2026-01-10 04:00:00,14.3,60.0,0.0,11.9,18.0,-3.677302233061876,-11.317572543912327
2026-01-10 05:00:00,14.2,59.0,0.0,10.9,20.0,-3.7280195622497874,-10.242649566566403
2026-01-10 06:00:00,14.2,59.0,0.0,9.8,26.0,-4.296037238532962,-8.808181653731836
2026-01-10 07:00:00,13.9,61.0,0.0,4.3,45.0,-3.040559159102155,-3.040559159102154
2026-01-10 08:00:00,15.9,56.0,0.0,4.1,29.0,-1.987719443009981,-3.585940799271523
2026-01-10 09:00:00,18.7,48.0,0.0,2.7,318.0,1.8066526371689173,-2.0064910287889646
2026-01-10 10:00:00,20.0,47.0,0.0,8.8,309.0,6.838884460821345,-5.5380194412385695
2026-01-10 11:00:00,20.1,46.0,0.0,9.9,303.0,8.302838622659698,-5.391926446648768
2026-01-10 12:00:00,20.5,45.0,0.0,9.6,308.0,7.56490323462453,-5.91035016312632
2026-01-10 13:00:00,21.1,45.0,0.0,10.3,331.0,4.993539088537273,-9.008582983535776
2026-01-10 14:00:00,21.5,46.0,0.0,9.9,325.0,5.678406719875357,-8.109605238461018
2026-01-10 15:00:00,21.8,48.0,0.0,10.4,309.0,8.082317999152497,-6.544932066918309
2026-01-10 16:00:00,21.3,51.0,0.0,11.7,315.0,8.273149339882606,-8.273149339882604
2026-01-10 17:00:00,20.8,53.0,0.0,13.2,330.0,6.600000000000001,-11.431535329954588
2026-01-10 18:00:00,20.0,53.0,0.0,13.3,357.0,0.6960682180311548,-13.281772812235833
2026-01-10 19:00:00,19.5,54.0,0.0,10.7,8.0,-1.4891521802727044,-10.595868335534801
2026-01-10 20:00:00,19.4,55.0,0.0,12.8,360.0,7.837739514543061e-16,-12.8
2026-01-10 21:00:00,18.7,59.0,0.0,11.1,14.0,-2.6853330411563126,-10.77028256166356
2026-01-10 22:00:00,18.3,62.0,0.0,9.6,20.0,-3.283393375926418,-9.02104915954472
2026-01-10 23:00:00,18.0,64.0,0.0,9.8,14.0,-2.3708345768767445,-9.508898117504765
2026-01-11 00:00:00,17.5,65.0,0.0,12.2,14.0,-2.951447126315947,-11.837607860567156
2026-01-11 01:00:00,17.4,65.0,0.0,11.9,3.0,-0.6227978792910372,-11.88369146357943
2026-01-11 02:00:00,17.1,67.0,0.0,11.5,1.0,-0.20070267402876021,-11.4982484942985
2026-01-11 03:00:00,16.8,66.0,0.0,11.2,11.0,-2.1370607482172996,-10.994224454613835
2026-01-11 04:00:00,16.3,66.0,0.0,11.9,10.0,-2.066413314236471,-11.719212260845277
2026-01-11 05:00:00,16.1,65.0,0.0,11.3,9.0,-1.7677094549546108,-11.160878248725057
2026-01-11 06:00:00,15.5,67.0,0.0,11.4,6.0,-1.1916244812512484,-11.337549607198318
2026-01-11 07:00:00,15.1,69.0,0.0,8.8,11.0,-1.6791191593135928,-8.638319214339443
2026-01-11 08:00:00,16.2,64.0,0.0,8.1,354.0,0.846680552467993,-8.055627352483013
2026-01-11 09:00:00,18.2,56.0,0.0,4.9,354.0,0.512189470011502,-4.873157287304539
2026-01-11 10:00:00,20.2,50.0,0.0,3.5,332.0,1.643150469750618,-3.090316575006244
2026-01-11 11:00:00,21.9,43.0,0.0,3.7,284.0,3.590094187221187,-0.8951110137187707
2026-01-11 12:00:00,22.1,42.0,0.0,9.5,251.0,8.98242646819351,3.0928974673429885
2026-01-11 13:00:00,21.6,50.0,0.0,11.5,245.0,10.422539550921474,4.860110010018044
2026-01-11 14:00:00,21.4,51.0,0.0,11.2,266.0,11.17271736291003,0.7812725059342034
2026-01-11 15:00:00,21.4,50.0,0.0,9.6,265.0,9.563469101680758,0.8366951303775184
2026-01-11 16:00:00,21.0,53.0,0.0,7.2,266.0,7.182461161870735,0.5022466109577022
2026-01-11 17:00:00,20.5,56.0,0.0,4.4,263.0,4.367203067221817,0.5362251109826489
2026-01-11 18:00:00,20.4,58.0,0.0,1.3,214.0,0.7269507745119709,1.0777488443215544
2026-01-11 19:00:00,20.4,60.0,0.0,2.2,114.0,-2.009800006813722,0.894820614766761
2026-01-11 20:00:00,21.0,57.0,0.0,6.7,216.0,3.93816119035957,5.420413862312148
2026-01-11 21:00:00,20.8,60.0,0.0,10.1,191.0,1.9271708533031036,9.914434552821406
2026-01-11 22:00:00,20.3,64.0,0.0,10.0,186.0,1.0452846326765346,9.945218953682733
2026-01-11 23:00:00,19.8,66.0,0.0,6.1,185.0,0.5316500307607146,6.076787658359647
2026-01-12 00:00:00,19.2,68.0,0.0,3.8,163.0,-1.1110124779463992,3.633958072659535
2026-01-12 01:00:00,18.8,74.0,0.0,0.4,153.0,-0.18159619989581868,0.3564026096753472
2026-01-12 02:00:00,18.2,67.0,0.0,4.8,29.0,-2.3270861771824167,-4.1981745942691004
2026-01-12 03:00:00,18.0,60.0,0.0,5.7,49.0,-4.301844607269802,-3.7395364652458905
2026-01-12 04:00:00,18.0,52.0,0.0,5.2,46.0,-3.740566961760986,-3.6122235263867863
2026-01-12 05:00:00,17.8,52.0,0.0,4.2,43.0,-2.864393112262494,-3.071685546800516
2026-01-12 06:00:00,17.4,53.0,0.0,3.9,56.0,-3.233246532964663,-2.180852323535912
2026-01-12 07:00:00,17.4,53.0,0.0,2.8,35.0,-1.6060140217829297,-2.293625724009176
2026-01-12 08:00:00,19.0,52.0,0.0,3.6,33.0,-1.960700526054097,-3.0192140446035265
2026-01-12 09:00:00,20.1,53.0,0.0,3.4,18.0,-1.0506577808748216,-3.233592155403522
2026-01-12 10:00:00,21.4,51.0,0.0,4.6,334.0,2.016507275229756,-4.134452612976168
2026-01-12 11:00:00,21.5,54.0,0.0,8.6,309.0,6.68345526852995,-5.412155363028601
2026-01-12 12:00:00,22.1,54.0,0.0,9.4,300.0,8.140638795573723,-4.699999999999999
2026-01-12 13:00:00,22.2,54.0,0.0,10.0,296.0,8.98794046299167,-4.383711467890774
2026-01-12 14:00:00,22.5,51.0,0.0,11.7,290.0,10.994403663195127,-4.001635676910324
2026-01-12 15:00:00,21.5,57.0,0.0,15.2,303.0,12.747792632770444,-8.278513332228412
2026-01-12 16:00:00,21.5,53.0,0.0,9.9,325.0,5.678406719875357,-8.109605238461018
2026-01-12 17:00:00,21.7,49.0,0.0,7.6,338.0,2.8470101099609306,-7.046597294707584
2026-01-12 18:00:00,21.5,47.0,0.0,7.7,348.0,1.6009200192967479,-7.531736525650303
2026-01-12 19:00:00,21.2,44.0,0.0,8.9,6.0,-0.9303033230821149,-8.851244868777634
2026-01-12 20:00:00,20.5,49.0,0.0,6.7,357.0,0.3506509068277246,-6.690817882855645
2026-01-12 21:00:00,20.0,51.0,0.0,7.1,9.0,-1.1106847017856403,-7.012587218225477
2026-01-12 22:00:00,19.4,53.0,0.0,7.5,20.0,-2.565151074942514,-7.047694655894313
2026-01-12 23:00:00,18.6,55.0,0.0,9.3,8.0,-1.2943098389286123,-9.209493039296603
2026-01-13 00:00:00,18.1,55.0,0.0,10.3,19.0,-3.3533519909087137,-9.738841328672963
2026-01-13 01:00:00,18.1,55.0,0.0,9.6,23.0,-3.7510188334970285,-8.836846593143425
2026-01-13 02:00:00,18.1,54.0,0.0,11.2,16.0,-3.0871383851503875,-10.766130994509172
2026-01-13 03:00:00,18.1,54.0,0.0,10.9,22.0,-4.083211868233444,-10.106304014777981
2026-01-13 04:00:00,18.0,56.0,0.0,12.2,13.0,-2.744402862995156,-11.887314790379868
2026-01-13 05:00:00,17.8,57.0,0.0,12.9,12.0,-2.682060811549101,-12.618104049466092
2026-01-13 06:00:00,17.6,57.0,0.0,13.7,16.0,-3.7762317746928846,-13.16928523435497
2026-01-13 07:00:00,17.5,57.0,0.0,14.4,12.0,-2.993928347775741,-14.0853254505668
2026-01-13 08:00:00,18.5,57.0,0.0,13.8,7.0,-1.681796938991031,-13.697136892650246
2026-01-13 09:00:00,19.9,53.0,0.0,13.3,8.0,-1.8510022427688755,-13.170565314262886
2026-01-13 10:00:00,21.7,48.0,0.0,12.4,359.0,0.21640983982231662,-12.398111419939251
2026-01-13 11:00:00,23.0,45.0,0.0,13.0,346.0,3.14498464279568,-12.613844441587954
2026-01-13 12:00:00,24.2,40.0,0.0,13.3,335.0,5.620822881151303,-12.053893567587444
2026-01-13 13:00:00,25.0,37.0,0.0,14.1,323.0,8.485591826443882,-11.260760691666828
2026-01-13 14:00:00,24.8,39.0,0.0,16.2,311.0,12.226295199608906,-10.628156269646217
2026-01-13 15:00:00,24.1,43.0,0.0,18.1,313.0,13.237501999306986,-12.344170317131223
2026-01-13 16:00:00,23.8,41.0,0.0,18.0,322.0,11.081906555861849,-14.184193564920996
2026-01-13 17:00:00,23.0,38.0,0.0,17.3,339.0,6.199765527133697,-16.15094137840159
2026-01-13 18:00:00,21.8,36.0,0.0,15.1,3.0,-0.790272939268459,-15.079305974794064
2026-01-13 19:00:00,20.6,38.0,0.0,12.6,26.0,-5.523476449542379,-11.324804983369502
2026-01-13 20:00:00,20.0,38.0,0.0,13.9,11.0,-2.65224503573397,-13.644617849922529
2026-01-13 21:00:00,19.3,41.0,0.0,9.9,12.0,-2.058325739095822,-9.683661247264675
2026-01-13 22:00:00,18.6,45.0,0.0,7.7,18.0,-2.379430856687096,-7.323135175472682
2026-01-13 23:00:00,18.0,48.0,0.0,6.1,30.0,-3.0500000000000025,-5.282754963085074
2026-01-14 00:00:00,17.8,51.0,0.0,3.9,34.0,-2.1808523235359116,-3.233246532964663
2026-01-14 01:00:00,17.3,56.0,0.0,2.7,32.0,-1.4307820134296536,-2.28972985962235
2026-01-14 02:00:00,17.2,60.0,0.0,3.9,22.0,-1.460965714322058,-3.6160170328104706
2026-01-14 03:00:00,16.9,64.0,0.0,2.8,18.0,-0.8652475842498532,-2.6629582456264296
2026-01-14 04:00:00,16.4,68.0,0.0,2.4,36.0,-1.4106846055019358,-1.9416407864998735
2026-01-14 05:00:00,16.1,71.0,0.0,2.4,27.0,-1.0895771993749126,-2.138415658052083
2026-01-14 06:00:00,15.9,73.0,0.0,2.5,45.0,-1.7677669529663693,-1.7677669529663687
2026-01-14 07:00:00,16.2,72.0,0.0,1.6,84.0,-1.5912350325892373,-0.16724554122824561
2026-01-14 08:00:00,18.8,61.0,0.0,2.9,90.0,-2.9,3.5514757175273243e-16
2026-01-14 09:00:00,21.8,53.0,0.0,1.2,219.0,0.755184469259805,0.9325751537483651
2026-01-14 10:00:00,23.1,53.0,0.0,4.9,253.0,4.685893304218874,1.4326213531414103
2026-01-14 11:00:00,23.8,54.0,0.0,8.8,261.0,8.691657397237213,1.3766232923540318
2026-01-14 12:00:00,23.9,56.0,0.0,12.2,262.0,12.081270438647158,1.6979118317127981
2026-01-14 13:00:00,23.5,60.0,0.0,14.4,269.0,14.397806810252035,0.2513146526968826
2026-01-14 14:00:00,23.1,56.0,0.0,15.7,275.0,15.640256760040405,-1.3683451611382331
2026-01-14 15:00:00,22.9,56.0,0.0,14.6,274.0,14.564435133793433,-1.0184445166642293
2026-01-14 16:00:00,22.4,58.0,0.0,11.8,290.0,11.08837292527372,-4.035837691242891
2026-01-14 17:00:00,21.7,61.0,0.0,8.8,309.0,6.838884460821345,-5.5380194412385695
2026-01-14 18:00:00,21.1,65.0,0.0,7.5,333.0,3.404928748046601,-6.682548931412758
2026-01-14 19:00:00,20.9,65.0,0.0,5.9,358.0,0.2059070305447564,-5.896405879412665
2026-01-14 20:00:00,20.7,62.0,0.0,4.9,336.0,1.9930095510714212,-4.476372742448745
2026-01-14 21:00:00,20.5,61.0,0.0,3.8,343.0,1.1110124779463997,-3.6339580726595346
2026-01-14 22:00:00,20.3,60.0,0.0,4.8,349.0,0.9158831778074156,-4.711810480548787
2026-01-14 23:00:00,20.0,61.0,0.0,5.6,6.0,-0.5853593942988587,-5.56932261406233
2026-01-15 00:00:00,19.5,61.0,0.0,7.0,21.0,-2.508575646817105,-6.535062985480412
2026-01-15 01:00:00,19.4,59.0,0.0,7.7,30.0,-3.8500000000000036,-6.668395609140176
2026-01-15 02:00:00,18.9,60.0,0.0,8.4,25.0,-3.549993398621873,-7.612985411107861
2026-01-15 03:00:00,18.8,60.0,0.0,8.0,20.0,-2.7361611466053484,-7.517540966287267
2026-01-15 04:00:00,18.6,60.0,0.0,7.7,31.0,-3.9657931768074195,-6.600188215406264
2026-01-15 05:00:00,18.4,60.0,0.0,7.3,48.0,-5.424957225984977,-4.884653426419665
2026-01-15 06:00:00,18.7,58.0,0.0,6.1,47.0,-4.46125757987694,-4.16018999638124
2026-01-15 07:00:00,18.8,56.0,0.0,6.6,47.0,-4.826934430686525,-4.501189176412489
2026-01-15 08:00:00,19.3,56.0,0.0,8.3,30.0,-4.150000000000004,-7.188010851410839
2026-01-15 09:00:00,21.5,48.0,0.0,7.2,4.0,-0.5022466109577042,-7.182461161870735
2026-01-15 10:00:00,23.4,44.0,0.0,12.2,344.0,3.3627757409673897,-11.72739269044749
2026-01-15 11:00:00,24.6,41.0,0.0,10.6,341.0,3.4510224372458613,-10.022496901352756
2026-01-15 12:00:00,25.6,38.0,0.0,7.8,316.0,5.418335289580178,-5.610850442641478
2026-01-15 13:00:00,25.6,42.0,0.0,11.7,283.0,11.400129757987251,-2.6319273358232205
2026-01-15 14:00:00,24.8,49.0,0.0,15.1,297.0,13.454198515244356,-6.855256546067156
2026-01-15 15:00:00,25.0,45.0,0.0,15.0,314.0,10.790097005079767,-10.419875556884959
2026-01-15 16:00:00,25.0,43.0,0.0,11.8,316.0,8.196968771416168,-8.488209643996083
2026-01-15 17:00:00,24.3,44.0,0.0,11.2,311.0,8.452747298495046,-7.347861124693681
2026-01-15 18:00:00,23.5,44.0,0.0,9.4,331.0,4.557210430315569,-8.22142524711032
2026-01-15 19:00:00,23.1,38.0,0.0,9.1,8.0,-1.266475218736599,-9.01143942554829
2026-01-15 20:00:00,22.5,40.0,0.0,10.9,347.0,2.4519664923481277,-10.620633706159065
2026-01-15 21:00:00,22.0,41.0,0.0,8.7,8.0,-1.2108059783525726,-8.61533219805166
2026-01-15 22:00:00,21.2,43.0,0.0,6.5,48.0,-4.830441365603063,-4.349348941332579
2026-01-15 23:00:00,20.8,46.0,0.0,4.3,95.0,-4.283637201794505,0.3747696938149302
2026-01-16 00:00:00,20.7,59.0,0.0,0.5,225.0,0.3535533905932738,0.35355339059327373
2026-01-16 01:00:00,20.9,53.0,0.0,3.1,329.0,1.5966180322211678,-2.6572186321765483
2026-01-16 02:00:00,20.7,54.0,0.0,6.3,3.0,-0.3297165243305491,-6.291366068953815
2026-01-16 03:00:00,20.2,56.0,0.0,5.8,7.0,-0.7068421917498535,-5.756767679519668
2026-01-16 04:00:00,20.0,58.0,0.0,3.6,41.0,-2.3618125043658265,-2.716954488801979
2026-01-16 05:00:00,19.4,61.0,0.0,2.8,40.0,-1.7998053071223103,-2.144924440733138
2026-01-16 06:00:00,19.0,63.0,0.0,3.2,43.0,-2.1823947521999956,-2.3403318451813457
2026-01-16 07:00:00,19.0,64.0,0.0,6.2,22.0,-2.3225608791786563,-5.748539898314082
2026-01-16 08:00:00,19.8,62.0,0.0,11.4,5.0,-0.993575467323304,-11.3566195582459
2026-01-16 09:00:00,22.1,52.0,0.0,11.0,346.0,2.6611408515963446,-10.67325298903596
2026-01-16 10:00:00,23.9,45.0,0.0,10.0,353.0,1.2186934340514748,-9.92546151641322
2026-01-16 11:00:00,25.4,42.0,0.0,10.7,327.0,5.82763767466079,-8.973775077016036
2026-01-16 12:00:00,26.0,41.0,0.0,13.9,326.0,7.772781358243381,-11.523622258515081
2026-01-16 13:00:00,26.4,40.0,0.0,14.6,326.0,8.164216390672904,-12.103948559303609
2026-01-16 14:00:00,26.0,43.0,0.0,16.7,324.0,9.8160137132843,-13.510583806061621
2026-01-16 15:00:00,25.7,45.0,0.0,18.8,331.0,9.114420860631139,-16.44285049422064
2026-01-16 16:00:00,24.8,47.0,0.0,17.8,338.0,6.667997362803233,-16.503872611288816
2026-01-16 17:00:00,23.9,50.0,0.0,14.6,346.0,3.532059675755148,-14.166317603629548
2026-01-16 18:00:00,23.1,51.0,0.0,12.3,3.0,-0.643732261788215,-12.283143277481258
2026-01-16 19:00:00,22.3,53.0,0.0,11.9,10.0,-2.066413314236471,-11.719212260845277
2026-01-16 20:00:00,22.4,54.0,0.0,13.3,8.0,-1.8510022427688755,-13.170565314262886
2026-01-16 21:00:00,21.9,57.0,0.0,9.1,27.0,-4.131313547629877,-8.108159370114146
2026-01-16 22:00:00,21.5,60.0,0.0,8.3,34.0,-4.6413010988071965,-6.881011852206848
2026-01-16 23:00:00,21.0,63.0,0.0,8.6,11.0,-1.6409573602382836,-8.441993777649909
2026-01-17 00:00:00,20.4,70.0,0.0,10.7,16.0,-2.9493197072418877,-10.285500146540013
2026-01-17 01:00:00,20.1,72.0,0.0,10.7,23.0,-4.18082307483523,-9.84940193194111
2026-01-17 02:00:00,19.9,71.0,0.0,13.2,15.0,-3.416411395353272,-12.7502209070157
2026-01-17 03:00:00,20.0,69.0,0.0,11.4,26.0,-4.997431073395487,-10.246252127810502
2026-01-17 04:00:00,19.9,69.0,0.0,10.1,27.0,-4.585304047369424,-8.999165894302514
2026-01-17 05:00:00,19.8,69.0,0.0,7.9,35.0,-4.531253847173266,-6.4713011498830335
2026-01-17 06:00:00,20.0,69.0,0.0,7.9,11.0,-1.5073910634747025,-7.754854749236546
2026-01-17 07:00:00,20.0,71.0,0.0,7.7,357.0,0.40298686307066856,-7.689447417610219
2026-01-17 08:00:00,20.9,71.0,0.0,7.0,356.0,0.4882953162088766,-6.982948351818769
2026-01-17 09:00:00,22.4,64.0,0.0,4.5,326.0,2.5163680656183605,-3.730669076497688
2026-01-17 10:00:00,23.8,58.0,0.0,4.6,306.0,3.721478174124758,-2.703812160545376
2026-01-17 11:00:00,24.6,55.0,0.0,8.6,290.0,8.081356538758811,-2.9413732326007507
2026-01-17 12:00:00,25.4,51.0,0.0,11.1,287.0,10.614982791189693,-3.245325922422378
2026-01-17 13:00:00,24.6,55.0,0.0,12.1,290.0,11.370280711509492,-4.1384437342405915
2026-01-17 14:00:00,23.6,55.0,0.0,11.3,301.0,9.68599049793387,-5.8199302464836125
2026-01-17 15:00:00,23.4,53.0,0.0,11.2,314.0,8.056605763792893,-7.7801737491407685
2026-01-17 16:00:00,23.5,56.0,0.0,9.3,314.0,6.689860143149456,-6.460322845268675
2026-01-17 17:00:00,22.8,62.0,0.0,8.9,302.0,7.547628055792192,-4.716281451675524
2026-01-17 18:00:00,22.0,67.0,0.0,4.8,307.0,3.8334504482270053,-2.8887121111298315
2026-01-17 19:00:00,21.9,69.0,0.0,1.6,264.0,1.5912350325892373,0.16724554122824556
2026-01-17 20:00:00,21.4,76.0,0.0,1.2,207.0,0.5447885996874562,1.0692078290260414
2026-01-17 21:00:00,21.5,76.0,0.0,3.2,251.0,3.025659441917814,1.0418180942629014
2026-01-17 22:00:00,21.5,77.0,0.0,4.4,282.0,4.303849443228746,-0.9148114395981412
2026-01-17 23:00:00,21.0,80.0,0.0,1.1,270.0,1.1,0.0
2026-01-18 00:00:00,20.9,80.0,0.0,0.30000000000000004,315.0,0.2121320343559643,-0.21213203435596428
2026-01-18 01:00:00,20.5,81.0,0.0,4.0,8.0,-0.5566924038402633,-3.961072274966281
2026-01-18 02:00:00,20.2,82.0,0.0,6.4,22.0,-2.3974821978618386,-5.933976669227439
2026-01-18 03:00:00,19.6,82.0,0.0,3.8,41.0,-2.4930243101639276,-2.8678964048465336
2026-01-18 04:00:00,19.5,81.0,0.0,4.2,20.0,-1.436484601967808,-3.9467090073008158
2026-01-18 05:00:00,19.4,78.0,0.0,5.6,31.0,-2.884213219496305,-4.8001368839318275
2026-01-18 06:00:00,18.7,79.0,0.0,6.8,22.0,-2.5473248352282036,-6.304850211054154
2026-01-18 07:00:00,18.5,78.0,0.0,7.1,19.0,-2.311533896645812,-6.713181886755149
2026-01-18 08:00:00,19.5,73.0,0.0,8.2,9.0,-1.2827626133298944,-8.099044392880128
2026-01-18 09:00:00,21.7,65.0,0.0,4.5,16.0,-1.2403681011764949,-4.325677631722436
2026-01-18 10:00:00,23.5,59.0,0.0,2.7,332.0,1.2675732195219054,-2.383958500719103
2026-01-18 11:00:00,24.5,57.0,0.0,7.9,287.0,7.55480757210798,-2.309736467309621
2026-01-18 12:00:00,24.6,56.0,0.0,11.9,275.0,11.854716907291772,-1.037153338697132
2026-01-18 13:00:00,24.5,55.0,0.0,12.7,281.0,12.466665229785331,-2.423274241282119
2026-01-18 14:00:00,24.5,53.0,0.0,10.3,289.0,9.738841328672963,-3.353351990908714
2026-01-18 15:00:00,24.7,56.0,0.0,12.0,303.0,10.064046815345089,-6.5356684201803255
2026-01-18 16:00:00,24.0,63.0,0.0,14.3,310.0,10.954435536601386,-9.191862818517512
2026-01-18 17:00:00,23.1,65.0,0.0,12.2,317.0,8.320379992762481,-8.922515159753878
2026-01-18 18:00:00,22.5,67.0,0.0,9.8,332.0,4.600821315301731,-8.652886410017484
2026-01-18 19:00:00,22.1,67.0,0.0,9.2,1.0,-0.16056213922300816,-9.1985987954388
2026-01-18 20:00:00,22.0,69.0,0.0,8.1,356.0,0.5650274373274143,-8.080268807104575
2026-01-18 21:00:00,21.4,72.0,0.0,8.3,4.0,-0.5789787320762424,-8.27978161715654
2026-01-18 22:00:00,20.6,76.0,0.0,8.5,360.0,5.204748896376251e-16,-8.5
2026-01-18 23:00:00,19.8,80.0,0.0,9.0,1.0,-0.15707165793555147,-8.998629256407522
2026-01-19 00:00:00,19.0,84.0,0.0,9.2,7.0,-1.1211979593273538,-9.131424595100162
2026-01-19 01:00:00,18.4,86.0,0.0,8.8,15.0,-2.2776075969021816,-8.500147271343803
2026-01-19 02:00:00,18.0,88.0,0.0,9.2,26.0,-4.033014550459515,-8.268905225952334
2026-01-19 03:00:00,18.0,88.0,0.0,8.0,18.0,-2.4721359549995805,-7.608452130361228
2026-01-19 04:00:00,17.9,88.0,0.0,8.7,4.0,-0.6068813215738925,-8.67880723726047
2026-01-19 05:00:00,17.2,89.0,0.0,9.6,16.0,-2.6461186158431893,-9.228112281007862
2026-01-19 06:00:00,16.5,91.0,0.0,10.2,26.0,-4.471385697248593,-9.1676992722515
2026-01-19 07:00:00,16.5,89.0,0.0,10.1,19.0,-3.288238360017282,-9.5497376135531
2026-01-19 08:00:00,17.6,83.0,0.0,8.6,11.0,-1.6409573602382836,-8.441993777649909
2026-01-19 09:00:00,19.9,72.0,0.0,5.1,4.0,-0.35575801609504043,-5.087576656325103
2026-01-19 10:00:00,22.2,62.0,0.0,3.8,315.0,2.6870057685088806,-2.68700576850888
2026-01-19 11:00:00,23.6,58.0,0.0,7.0,274.0,6.982948351818769,-0.4882953162088771
2026-01-19 12:00:00,23.7,58.0,0.0,11.2,266.0,11.17271736291003,0.7812725059342034
2026-01-19 13:00:00,23.5,57.0,0.0,12.2,270.0,12.2,0.0
2026-01-19 14:00:00,23.8,57.0,0.0,13.1,291.0,12.229903587113343,-4.694620139043433
2026-01-19 15:00:00,24.4,54.0,0.0,10.8,303.0,9.05764213381058,-5.882101578162293
2026-01-19 16:00:00,24.7,52.0,0.0,8.3,318.0,5.553784032778524,-6.168102051462372
2026-01-19 17:00:00,24.5,52.0,0.0,6.4,324.0,3.761825614671828,-5.177708763999664
2026-01-19 18:00:00,23.5,56.0,0.0,9.4,360.0,5.755839955992561e-16,-9.4
2026-01-19 19:00:00,22.0,63.0,0.0,12.4,13.0,-2.789393073863929,-12.082188803336916
2026-01-19 20:00:00,21.1,70.0,0.0,12.3,355.0,1.0720156357961952,-12.253194786528471
2026-01-19 21:00:00,20.3,74.0,0.0,10.1,355.0,0.8802730017513472,-10.06156645072663
2026-01-19 22:00:00,19.5,78.0,0.0,9.1,350.0,1.5801984167690668,-8.961750552411093
2026-01-19 23:00:00,19.1,81.0,0.0,7.8,353.0,0.9505808785601504,-7.741859982802311
2026-01-20 00:00:00,18.9,82.0,0.0,8.5,7.0,-1.0358894189437509,-8.436642288951237
2026-01-20 01:00:00,18.4,83.0,0.0,9.1,10.0,-1.580198416769066,-8.961750552411093
2026-01-20 02:00:00,18.0,83.0,0.0,11.1,8.0,-1.5448214206567306,-10.99197556303143
2026-01-20 03:00:00,17.5,84.0,0.0,10.7,13.0,-2.4069762814793583,-10.425759693202016
2026-01-20 04:00:00,17.3,85.0,0.0,9.7,4.0,-0.676637795318018,-9.676371287520293
2026-01-20 05:00:00,16.6,89.0,0.0,10.7,6.0,-1.1184545569638908,-10.641384280440525
2026-01-20 06:00:00,16.2,90.0,0.0,10.7,7.0,-1.3040019744350746,-10.620243822562145
2026-01-20 07:00:00,15.9,90.0,0.0,11.5,17.0,-3.3622746043114766,-10.997504693574907
2026-01-20 08:00:00,17.0,84.0,0.0,8.4,19.0,-2.7347724974401157,-7.942356035034262
2026-01-20 09:00:00,19.6,71.0,0.0,6.1,5.0,-0.5316500307607153,-6.076787658359647
2026-01-20 10:00:00,21.8,63.0,0.0,3.2,326.0,1.78941729110639,-2.652920232176134
2026-01-20 11:00:00,23.1,59.0,0.0,8.1,276.0,8.055627352483013,-0.8466805524679931
2026-01-20 12:00:00,22.9,60.0,0.0,12.4,273.0,12.383006230956715,-0.6489658574125036
2026-01-20 13:00:00,22.6,59.0,0.0,10.6,255.0,10.238813758664124,2.74348187808672
2026-01-20 14:00:00,22.9,58.0,0.0,12.4,262.0,12.279324052395474,1.7257464519048116
2026-01-20 15:00:00,23.1,57.0,0.0,13.3,261.0,13.136254929915333,2.0805783850350705
2026-01-20 16:00:00,22.7,58.0,0.0,10.9,264.0,10.84028865951418,1.1393602496174229
2026-01-20 17:00:00,22.2,58.0,0.0,7.1,297.0,6.326146321737411,-3.2233325481507817
2026-01-20 18:00:00,22.2,56.0,0.0,3.4,335.0,1.436902089918378,-3.0814464759246096
2026-01-20 19:00:00,22.1,56.0,0.0,5.1,8.0,-0.7097828148963357,-5.050367150582008
2026-01-20 20:00:00,20.4,68.0,0.0,11.1,36.0,-6.524416300446453,-8.980088637561915
2026-01-20 21:00:00,19.7,77.0,0.0,7.7,30.0,-3.8500000000000036,-6.668395609140176
2026-01-20 22:00:00,18.6,73.0,0.0,11.6,8.0,-1.6144079711367636,-11.487109597402215
2026-01-20 23:00:00,17.5,63.0,0.0,14.3,4.0,-0.9975175745409959,-14.265165918715487
2026-01-21 00:00:00,16.1,65.0,0.2,13.5,4.0,-0.9417123955456953,-13.467114678507627
2026-01-21 01:00:00,15.6,67.0,0.2,13.0,1.0,-0.22688128368468546,-12.998020037033086
2026-01-21 02:00:00,14.9,68.0,0.0,14.6,359.0,0.2548051339843405,-14.597776349283313
2026-01-21 03:00:00,15.0,67.0,0.0,12.6,2.0,-0.4397336584515096,-12.592324420440606
2026-01-21 04:00:00,14.6,68.0,0.0,11.3,7.0,-1.3771235804781632,-11.21577151354694
2026-01-21 05:00:00,14.3,68.0,0.0,10.7,9.0,-1.6738487759304719,-10.568265244367971
2026-01-21 06:00:00,14.1,68.0,0.0,10.9,9.0,-1.7051356689385184,-10.765802912487
2026-01-21 07:00:00,13.9,68.0,0.0,11.5,11.0,-2.194303446830263,-11.288712609648135
2026-01-21 08:00:00,14.9,66.0,0.0,12.5,7.0,-1.5233667925643397,-12.406826895516526
2026-01-21 09:00:00,16.7,61.0,0.0,9.0,10.0,-1.562833599002373,-8.863269777109872
2026-01-21 10:00:00,19.1,56.0,0.0,6.2,345.0,1.6046780796356286,-5.9887401229922235
2026-01-21 11:00:00,20.5,53.0,0.0,7.8,304.0,6.466493065929325,-4.361704647071826
2026-01-21 12:00:00,21.0,50.0,0.0,10.9,292.0,10.106304014777983,-4.083211868233441
2026-01-21 13:00:00,21.4,49.0,0.0,11.9,290.0,11.18234218735231,-4.070039705575458
2026-01-21 14:00:00,21.0,52.0,0.0,12.6,297.0,11.226682204773436,-5.720280296718289
2026-01-21 15:00:00,21.0,53.0,0.0,10.6,300.0,9.17986928011505,-5.299999999999999
2026-01-21 16:00:00,20.7,54.0,0.0,8.9,288.0,8.464402995026866,-2.750251249937032
2026-01-21 17:00:00,20.0,57.0,0.0,8.2,278.0,8.120198163680877,-1.1412194278725365
2026-01-21 18:00:00,19.5,61.0,0.0,9.2,301.0,7.8859391664594325,-4.738350289172498
2026-01-21 19:00:00,18.6,62.0,0.0,15.4,346.0,3.7255971922348823,-14.942554184650346
2026-01-21 20:00:00,17.0,58.0,0.0,17.8,2.0,-0.6212110413045135,-17.789156720939904
2026-01-21 21:00:00,15.8,62.0,0.0,13.4,7.0,-1.6330492016289722,-13.300118431993717
2026-01-21 22:00:00,15.3,63.0,0.0,12.4,358.0,0.4327537591110134,-12.392446255036788
2026-01-21 23:00:00,14.6,63.0,0.0,13.0,358.0,0.453693457132514,-12.992080751248245
2026-01-22 00:00:00,14.1,64.0,0.0,12.6,13.0,-2.834383284732702,-12.277062816293963
2026-01-22 01:00:00,13.9,64.0,0.0,12.0,12.0,-2.494940289813117,-11.737771208805666
2026-01-22 02:00:00,13.7,66.0,0.0,13.7,5.0,-1.194033675642918,-13.647867363856914
2026-01-22 03:00:00,13.8,66.0,0.0,13.0,10.0,-2.257426309670094,-12.802500789158705
2026-01-22 04:00:00,13.5,67.0,0.0,11.7,13.0,-2.631927335823223,-11.40012975798725
2026-01-22 05:00:00,13.1,69.0,0.0,11.9,15.0,-3.0799466367199955,-11.494517332839914
2026-01-22 06:00:00,13.6,68.0,0.0,8.5,18.0,-2.6266444521870542,-8.083980388508804
2026-01-22 07:00:00,13.8,68.0,0.0,10.1,360.0,6.184466335694133e-16,-10.1
2026-01-22 08:00:00,14.6,64.0,0.0,11.4,354.0,1.1916244812512495,-11.337549607198316
2026-01-22 09:00:00,16.8,57.0,0.0,9.4,349.0,1.7936045565395222,-9.227295524408042
2026-01-22 10:00:00,18.6,51.0,0.0,10.5,340.0,3.5912115049195226,-9.866772518252038
2026-01-22 11:00:00,19.8,49.0,0.0,8.2,319.0,5.379684037722159,-6.18861855782673
2026-01-22 12:00:00,20.5,49.0,0.0,7.9,273.0,7.889173324561134,-0.4134540543192563
2026-01-22 13:00:00,20.5,53.0,0.0,8.7,252.0,8.274191691767834,2.688447851062042
2026-01-22 14:00:00,20.1,58.0,0.0,10.0,263.0,9.92546151641322,1.2186934340514748
2026-01-22 15:00:00,19.9,60.0,0.0,11.0,269.0,10.998324646720304,0.19197647081011862
2026-01-22 16:00:00,19.5,63.0,0.0,9.7,289.0,9.171530183313372,-3.15801109823442
2026-01-22 17:00:00,19.2,64.0,0.0,8.5,291.0,7.9354336252262145,-3.0461275711350524
2026-01-22 18:00:00,19.2,64.0,0.0,6.4,328.0,3.3914832910925115,-5.4275078154011265
2026-01-22 19:00:00,18.9,59.0,0.0,9.9,15.0,-2.5623085465149544,-9.562665680261777
2026-01-22 20:00:00,18.5,58.0,0.0,10.8,360.0,6.613092715395707e-16,-10.8
2026-01-22 21:00:00,17.2,56.0,0.0,15.6,11.0,-2.976620327874096,-15.313384061783557
2026-01-22 22:00:00,16.1,61.0,0.0,12.5,12.0,-2.5988961352219975,-12.22684500917257
2026-01-22 23:00:00,15.9,61.0,0.0,10.9,12.0,-2.266237429913582,-10.661808847998481
2026-01-23 00:00:00,15.8,62.0,0.0,11.5,14.0,-2.7821017993961794,-11.15840085217396
2026-01-23 01:00:00,15.3,63.0,0.0,10.4,15.0,-2.691718069066215,-10.045628593406311
2026-01-23 02:00:00,14.7,66.0,0.0,10.7,14.0,-2.5885642829164452,-10.382164271153162
2026-01-23 03:00:00,14.6,67.0,0.0,10.1,4.0,-0.7045403848156684,-10.075396907624224
2026-01-23 04:00:00,14.6,69.0,0.0,11.7,357.0,0.6123306880424444,-11.683965556628513
2026-01-23 05:00:00,14.3,70.0,0.0,12.9,9.0,-2.0180045990189805,-12.741179593677277
2026-01-23 06:00:00,13.9,71.0,0.0,12.4,21.0,-4.443762574361729,-11.5763972885653
2026-01-23 07:00:00,14.1,70.0,0.0,11.0,25.0,-4.648800879147691,-9.969385657403151
2026-01-23 08:00:00,15.2,66.0,0.0,7.0,23.0,-2.7351178994249166,-6.443533974167082
2026-01-23 09:00:00,17.8,58.0,0.0,4.6,9.0,-0.7195985391850627,-4.543366366737633
2026-01-23 10:00:00,19.8,53.0,0.0,5.4,334.0,2.3672041926610183,-4.853487850015503
2026-01-23 11:00:00,21.2,49.0,0.0,6.8,305.0,5.570233901165144,-3.900319767187113
2026-01-23 12:00:00,22.0,49.0,0.0,9.7,282.0,9.488031727117914,-2.0167434009322656
2026-01-23 13:00:00,21.8,52.0,0.0,12.8,272.0,12.792202585844427,-0.44671355779201244
2026-01-23 14:00:00,20.9,57.0,0.0,13.6,281.0,13.35012969488823,-2.5950023371210094
2026-01-23 15:00:00,20.5,62.0,0.0,13.8,294.0,12.606927315467892,-5.612965674446043
2026-01-23 16:00:00,20.1,64.0,0.0,13.2,296.0,11.864081411149003,-5.786499137615821
2026-01-23 17:00:00,19.8,65.0,0.0,12.3,308.0,9.69253226936268,-7.572636146505597
2026-01-23 18:00:00,19.2,67.0,0.0,11.0,318.0,7.360436669947441,-8.174593080251336
2026-01-23 19:00:00,19.1,67.0,0.0,11.7,342.0,3.615498834186885,-11.127361240653295
2026-01-23 20:00:00,19.0,64.0,0.0,11.3,359.0,0.19721219274130466,-11.298278955267222
2026-01-23 21:00:00,18.1,68.0,0.0,11.4,6.0,-1.1916244812512484,-11.337549607198318
2026-01-23 22:00:00,17.3,72.0,0.0,11.7,359.0,0.2041931553162181,-11.698218033329777
2026-01-23 23:00:00,17.0,75.0,0.0,11.5,3.0,-0.6018634967938595,-11.4842396496776
2026-01-24 00:00:00,16.6,78.0,0.0,11.9,4.0,-0.8301020375550944,-11.871012198091908
2026-01-24 01:00:00,16.2,81.0,0.0,13.3,3.0,-0.6960682180311593,-13.281772812235833
2026-01-24 02:00:00,16.4,80.0,0.0,14.9,11.0,-2.8430540311105146,-14.626245033370193
2026-01-24 03:00:00,16.5,78.0,0.0,13.8,8.0,-1.9205887932489085,-13.66569934863367
2026-01-24 04:00:00,16.7,77.0,0.0,15.1,8.0,-2.101513824496994,-14.95304783799771
2026-01-24 05:00:00,16.8,76.0,0.0,15.4,11.0,-2.938458528798787,-15.117058625094026
2026-01-24 06:00:00,16.5,76.0,0.0,13.7,14.0,-3.3143299697154487,-13.293051449981151
2026-01-24 07:00:00,16.4,76.0,0.0,12.9,12.0,-2.682060811549101,-12.618104049466092
2026-01-24 08:00:00,17.5,71.0,0.0,10.3,16.0,-2.8390647649150886,-9.900995468164686
2026-01-24 09:00:00,19.4,62.0,0.0,9.6,6.0,-1.0034732473694723,-9.547410195535424
2026-01-24 10:00:00,21.5,54.0,0.0,8.4,337.0,3.2821414793098995,-7.7322407690005
2026-01-24 11:00:00,22.3,51.0,0.0,9.7,318.0,6.490566881680924,-7.208504807130724
2026-01-24 12:00:00,23.0,49.0,0.0,9.1,311.0,6.867857180027225,-5.970137163813616
2026-01-24 13:00:00,23.3,49.0,0.0,9.7,298.0,8.564591650731591,-4.553874159023141
2026-01-24 14:00:00,23.0,55.0,0.0,11.5,295.0,10.422539550921474,-4.860110010018044
2026-01-24 15:00:00,22.7,56.0,0.0,10.4,291.0,9.709236435570899,-3.727026675271123
2026-01-24 16:00:00,22.2,57.0,0.0,10.3,297.0,9.17736719914019,-4.676102147317332
2026-01-24 17:00:00,21.6,62.0,0.0,9.2,310.0,7.047608876694597,-5.91364600911616
2026-01-24 18:00:00,21.0,69.0,0.0,9.1,330.0,4.550000000000001,-7.8808311744383905
2026-01-24 19:00:00,20.5,71.0,0.0,10.8,356.0,0.7533699164365526,-10.773691742806102
2026-01-24 20:00:00,20.1,69.0,0.0,8.3,355.0,0.7233926648055626,-8.268415994161488
2026-01-24 21:00:00,19.4,70.0,0.0,8.5,6.0,-0.8884919377750535,-8.453436110630324
2026-01-24 22:00:00,18.5,74.0,0.0,8.5,355.0,0.7408238133550942,-8.467654933779837
2026-01-24 23:00:00,18.1,76.0,0.0,7.6,357.0,0.3977532674463741,-7.589584464134761
2026-01-25 00:00:00,17.8,79.0,0.0,6.6,13.0,-1.4846769586695105,-6.430842427582552
2026-01-25 01:00:00,17.5,81.0,0.0,7.1,10.0,-1.2329020614352053,-6.992135046386677
2026-01-25 02:00:00,17.1,83.0,0.0,9.1,10.0,-1.580198416769066,-8.961750552411093
2026-01-25 03:00:00,17.2,81.0,0.0,8.9,25.0,-3.7613025294922227,-8.066139304626185
2026-01-25 04:00:00,17.0,82.0,0.1,7.2,25.0,-3.042851484533034,-6.5254160666638805
2026-01-25 05:00:00,16.9,83.0,0.0,7.4,14.0,-1.7902220274375418,-7.180188374442374
2026-01-25 06:00:00,16.7,84.0,0.0,8.4,9.0,-1.3140495063379407,-8.296582060999157
2026-01-25 07:00:00,16.7,83.0,0.0,8.6,20.0,-2.9413732326007493,-8.081356538758811
2026-01-25 08:00:00,18.2,75.0,0.0,8.5,27.0,-3.8589192477861487,-7.573555455601126
2026-01-25 09:00:00,21.1,62.0,0.0,6.1,23.0,-2.38345988378457,-5.6150796060598855
2026-01-25 10:00:00,23.1,54.0,0.0,3.3,347.0,0.7423384793347542,-3.2154212137912763
2026-01-25 11:00:00,24.1,51.0,0.0,6.9,290.0,6.483879083422768,-2.359938988947114
2026-01-25 12:00:00,24.5,52.0,0.0,10.5,290.0,9.866772518252038,-3.5912115049195217
2026-01-25 13:00:00,24.6,52.0,0.0,13.1,293.0,12.058613580226968,-5.118577783209486
2026-01-25 14:00:00,23.8,57.0,0.0,14.9,305.0,12.205365459905979,-8.546288901630586
2026-01-25 15:00:00,23.9,58.0,0.0,12.6,312.0,9.363624801015167,-8.431045640121614
2026-01-25 16:00:00,23.9,59.0,0.0,11.3,331.0,5.47834870878361,-9.883202690675173
2026-01-25 17:00:00,23.4,59.0,0.0,7.7,348.0,1.6009200192967479,-7.531736525650303
2026-01-25 18:00:00,22.8,61.0,0.0,3.9,344.0,1.0749856876862967,-3.7489206141594438
2026-01-25 19:00:00,22.6,61.0,0.0,4.3,336.0,1.7489675652259409,-3.9282454678631837
2026-01-25 20:00:00,21.1,69.0,0.0,12.5,353.0,1.5233667925643437,-12.406826895516526
2026-01-25 21:00:00,20.5,71.0,0.0,9.7,15.0,-2.51054473749445,-9.369480515003962
2026-01-25 22:00:00,20.0,73.0,0.0,7.9,12.0,-1.6425023574603024,-7.727366045797065
2026-01-25 23:00:00,19.2,78.0,0.0,7.6,360.0,4.653657836759942e-16,-7.6
2026-01-26 00:00:00,18.5,83.0,0.0,7.7,9.0,-1.204545380809779,-7.60520022258256
2026-01-26 01:00:00,18.3,86.0,0.0,8.1,13.0,-1.8221035401853085,-7.892397524760404
2026-01-26 02:00:00,18.2,87.0,0.0,7.0,4.0,-0.48829531620887906,-6.982948351818769
2026-01-26 03:00:00,18.2,87.0,0.1,7.6,8.0,-1.0577155672965002,-7.526037322435934
2026-01-26 04:00:00,18.1,88.0,0.0,6.7,355.0,0.5839434764093095,-6.674504477214695
2026-01-26 05:00:00,18.1,86.0,0.0,5.1,10.0,-0.8856057061013446,-5.022519540362261
2026-01-26 06:00:00,18.2,86.0,0.0,5.4,8.0,-0.7515347451843555,-5.34744757120448
2026-01-26 07:00:00,18.2,86.0,0.0,6.6,22.0,-2.472403516545021,-6.119413440140796
2026-01-26 08:00:00,18.4,85.0,0.0,8.3,5.0,-0.7233926648055635,-8.268415994161488
2026-01-26 09:00:00,20.9,74.0,0.0,9.2,340.0,3.146585318596153,-8.645172111230355
2026-01-26 10:00:00,22.6,65.0,0.0,11.3,340.0,3.864827619580058,-10.618526614880764
2026-01-26 11:00:00,24.1,59.0,0.0,10.5,327.0,5.718709867657784,-8.806040963426952
2026-01-26 12:00:00,24.6,56.0,0.0,12.1,307.0,9.663489671572243,-7.281961780139784
2026-01-26 13:00:00,24.9,55.0,0.0,12.3,307.0,9.823216773581702,-7.402324784770194
2026-01-26 14:00:00,24.5,55.0,0.0,14.9,315.0,10.535891039679559,-10.535891039679557
2026-01-26 15:00:00,24.5,56.0,0.0,15.2,318.0,10.170785216654645,-11.295801347256392
2026-01-26 16:00:00,24.5,56.0,0.0,14.0,318.0,9.367828489024015,-10.40402755668352
2026-01-26 17:00:00,23.7,59.0,0.0,14.4,327.0,7.84280210421639,-12.076856178414106
2026-01-26 18:00:00,23.2,60.0,0.0,12.8,341.0,4.1672723770516065,-12.102637767671254
2026-01-26 19:00:00,22.8,60.0,0.0,9.4,355.0,0.8192639818279865,-9.364230162062409
2026-01-26 20:00:00,22.0,69.0,0.0,8.3,340.0,2.8387671896030513,-7.799448752523039
2026-01-26 21:00:00,21.8,69.0,0.0,6.1,19.0,-1.9859657421886554,-5.767663311155832
2026-01-26 22:00:00,21.3,70.0,0.0,3.9,53.0,-3.114678489184442,-2.3470785902929885
2026-01-26 23:00:00,20.6,77.0,0.0,1.1,72.0,-1.046162167924669,-0.33991869381244205
2026-01-27 00:00:00,20.4,78.0,0.0,0.6000000000000001,304.0,0.49742254353302506,-0.33551574208244817
2026-01-27 01:00:00,20.1,79.0,0.0,1.2,321.0,0.755184469259805,-0.9325751537483651
2026-01-27 02:00:00,19.9,78.0,0.0,3.5,66.0,-3.197409101749103,-1.4235782507653008
2026-01-27 03:00:00,19.5,80.0,0.0,3.6,60.0,-3.117691453623979,-1.8000000000000005
2026-01-27 04:00:00,19.3,81.0,0.0,3.4,360.0,2.0818995585505003e-16,-3.4
2026-01-27 05:00:00,18.9,82.0,0.0,8.7,8.0,-1.2108059783525726,-8.61533219805166
2026-01-27 06:00:00,18.0,83.0,0.0,8.7,37.0,-5.235790701422819,-6.948128937411447
2026-01-27 07:00:00,18.0,82.0,0.0,7.4,32.0,-3.9214025553257175,-6.275555911557553
2026-01-27 08:00:00,19.6,72.0,0.0,9.8,28.0,-4.600821315301729,-8.652886410017485
2026-01-27 09:00:00,22.3,60.0,0.0,8.3,13.0,-1.8670937510540817,-8.087271537717452
2026-01-27 10:00:00,24.1,52.0,0.0,7.6,360.0,4.653657836759942e-16,-7.6
2026-01-27 11:00:00,25.3,48.0,0.0,8.5,331.0,4.120881772093865,-7.4342675106848635
2026-01-27 12:00:00,25.8,47.0,0.0,11.7,306.0,9.465498834186885,-6.877087451821935
2026-01-27 13:00:00,25.4,52.0,0.0,15.4,299.0,13.469143489946696,-7.466068151793591
2026-01-27 14:00:00,23.9,59.0,0.0,19.0,310.0,14.554844419260583,-12.212964584044245
2026-01-27 15:00:00,23.5,58.0,0.0,18.3,321.0,11.516563156212026,-14.221771094662568
2026-01-27 16:00:00,23.3,58.0,0.0,16.8,322.0,10.34311278547106,-13.23858066059293
2026-01-27 17:00:00,22.5,61.0,0.0,15.9,331.0,7.70847296191676,-13.906453343516393
2026-01-27 18:00:00,21.5,65.0,0.0,15.2,341.0,4.948635947748782,-14.371882349109613
2026-01-27 19:00:00,20.4,69.0,0.0,13.8,347.0,3.104324549945336,-13.446306894036248
2026-01-27 20:00:00,20.0,70.0,0.0,11.9,360.0,7.286648454926752e-16,-11.9
2026-01-27 21:00:00,19.6,71.0,0.0,10.3,2.0,-0.35946481603575786,-10.293725518296688
2026-01-27 22:00:00,19.2,73.0,0.0,10.5,6.0,-1.0975488643103604,-10.442479901366871
2026-01-27 23:00:00,18.5,75.0,0.0,11.0,11.0,-2.098898949141991,-10.797899017924303
2026-01-28 00:00:00,17.8,77.0,0.0,11.0,6.0,-1.149813095944187,-10.939740849051008
2026-01-28 01:00:00,17.5,78.0,0.0,11.5,3.0,-0.6018634967938595,-11.4842396496776
2026-01-28 02:00:00,17.2,79.0,0.0,11.9,10.0,-2.066413314236471,-11.719212260845277
2026-01-28 03:00:00,17.0,80.0,0.0,11.3,8.0,-1.572656040848744,-11.190029176779744
2026-01-28 04:00:00,16.4,82.0,0.0,12.5,11.0,-2.3851124422068075,-12.2703397930958
2026-01-28 05:00:00,16.0,84.0,0.0,12.4,10.0,-2.1532374030699364,-12.21161613735138
2026-01-28 06:00:00,15.8,85.0,0.0,12.5,11.0,-2.3851124422068075,-12.2703397930958
2026-01-28 07:00:00,15.6,85.0,0.0,11.9,10.0,-2.066413314236471,-11.719212260845277
2026-01-28 08:00:00,16.8,78.0,0.0,11.9,2.0,-0.4153040107597591,-11.89275084152724
2026-01-28 09:00:00,19.1,67.0,0.0,10.1,1.0,-0.17626930501656332,-10.098461721079552
2026-01-28 10:00:00,21.1,59.0,0.0,8.7,356.0,0.6068813215738895,-8.67880723726047
2026-01-28 11:00:00,22.9,52.0,0.0,7.9,330.0,3.950000000000001,-6.841600689897065
2026-01-28 12:00:00,24.0,48.0,0.0,9.5,303.0,7.967370395481528,-5.174070832642757
2026-01-28 13:00:00,24.5,47.0,0.0,13.3,291.0,12.416619672412784,-4.766293728952494
2026-01-28 14:00:00,23.9,50.0,0.0,15.3,295.0,13.866509141660744,-6.466059404632702
2026-01-28 15:00:00,23.2,55.0,0.0,18.0,303.0,15.096070223017634,-9.803502630270488
2026-01-28 16:00:00,22.6,56.0,0.0,17.4,314.0,12.51651252589253,-12.08705564598655
2026-01-28 17:00:00,21.9,56.0,0.0,15.8,333.0,7.17304989588484,-14.077903082176212
2026-01-28 18:00:00,20.9,57.0,0.0,13.0,350.0,2.2574263096700955,-12.802500789158705
2026-01-28 19:00:00,20.0,58.0,0.0,11.7,4.0,-0.8161507428062692,-11.671499388039942
2026-01-28 20:00:00,19.1,62.0,0.0,12.5,12.0,-2.5988961352219975,-12.22684500917257
2026-01-28 21:00:00,18.6,64.0,0.0,9.2,4.0,-0.6417595584459553,-9.177589262390383
2026-01-28 22:00:00,17.9,67.0,0.0,10.4,360.0,6.368163355566237e-16,-10.4
2026-01-28 23:00:00,17.1,69.0,0.0,9.7,15.0,-2.51054473749445,-9.369480515003962
2026-01-29 00:00:00,16.6,71.0,0.0,8.9,19.0,-2.897556574668694,-8.41511532283392
2026-01-29 01:00:00,16.4,72.0,0.0,8.4,11.0,-1.6027955611629747,-8.245668340960378
2026-01-29 02:00:00,16.1,73.0,0.0,8.5,358.0,0.29664572197125916,-8.494822029662314
2026-01-29 03:00:00,15.9,74.0,0.0,9.2,359.0,0.1605621392230091,-9.1985987954388
2026-01-29 04:00:00,15.5,76.0,0.0,9.9,10.0,-1.7191169589026103,-9.74959675482086
2026-01-29 05:00:00,15.1,78.0,0.0,10.5,13.0,-2.3619860706105853,-10.230885680244969
2026-01-29 06:00:00,15.1,79.0,0.0,8.5,17.0,-2.4851594901432654,-8.1285904256858
2026-01-29 07:00:00,15.0,80.0,0.0,7.7,24.0,-3.1318721516836607,-7.0343000238480275
2026-01-29 08:00:00,16.8,72.0,0.0,6.8,29.0,-3.2967054176750903,-5.947414008547892
2026-01-29 09:00:00,19.8,60.0,0.0,4.7,9.0,-0.7352419856890859,-4.6421352007971475
2026-01-29 10:00:00,22.0,54.0,0.0,5.4,354.0,0.5644537016453287,-5.370418234988676
2026-01-29 11:00:00,23.5,50.0,0.0,6.4,292.0,5.93397666922744,-2.397482197861837
2026-01-29 12:00:00,23.6,51.0,0.0,11.7,274.0,11.671499388039942,-0.816150742806266
2026-01-29 13:00:00,23.5,53.0,0.0,12.3,273.0,12.283143277481258,-0.6437322617882092
2026-01-29 14:00:00,23.4,56.0,0.0,13.0,280.0,12.802500789158705,-2.257426309670094
2026-01-29 15:00:00,23.2,57.0,0.0,13.1,279.0,12.938717261796304,-2.049291492027024
2026-01-29 16:00:00,22.5,60.0,0.0,11.7,283.0,11.400129757987251,-2.6319273358232205
2026-01-29 17:00:00,21.9,63.0,0.0,7.2,288.0,6.8476069173251055,-2.2249223594996215
2026-01-29 18:00:00,21.2,66.0,0.0,4.9,272.0,4.897015052393569,-0.17100753384225476
2026-01-29 19:00:00,21.1,67.0,0.0,5.2,290.0,4.886401628086724,-1.7785047452934775
2026-01-29 20:00:00,21.9,63.0,0.0,5.6,335.0,2.366662265747917,-5.075323607405239
2026-01-29 21:00:00,21.3,65.0,0.0,6.1,348.0,1.2682613139883325,-5.966700364476214
2026-01-29 22:00:00,21.2,65.0,0.0,5.9,2.0,-0.2059070305447545,-5.896405879412665
2026-01-29 23:00:00,20.5,66.0,0.0,6.7,9.0,-1.048110915769548,-6.617511881987422
2026-01-30 00:00:00,19.8,68.0,0.0,7.1,7.0,-0.8652723381765449,-7.0470776766533865
2026-01-30 01:00:00,19.4,70.0,0.0,7.2,14.0,-1.7418376483176081,-6.986129229187175
2026-01-30 02:00:00,18.9,73.0,0.0,7.2,18.0,-2.2249223594996224,-6.8476069173251055
2026-01-30 03:00:00,18.6,74.0,0.0,6.6,16.0,-1.8192065483921926,-6.344327193192905
2026-01-30 04:00:00,18.5,76.0,0.0,6.6,22.0,-2.472403516545021,-6.119413440140796
2026-01-30 05:00:00,18.5,76.0,0.0,6.0,27.0,-2.7239429984372814,-5.346039145130207
2026-01-30 06:00:00,18.3,78.0,0.0,6.1,23.0,-2.38345988378457,-5.6150796060598855
2026-01-30 07:00:00,18.1,79.0,0.0,8.0,20.0,-2.7361611466053484,-7.517540966287267
2026-01-30 08:00:00,19.0,80.0,0.0,10.1,22.0,-3.783526593500714,-9.364556931124552
2026-01-30 09:00:00,21.9,66.0,0.0,8.2,22.0,-3.0717740660104806,-7.602907607447655
2026-01-30 10:00:00,23.9,57.0,0.0,6.6,13.0,-1.4846769586695105,-6.430842427582552
2026-01-30 11:00:00,25.1,53.0,0.0,5.1,274.0,5.087576656325103,-0.35575801609503904
2026-01-30 12:00:00,24.9,58.0,0.0,11.1,239.0,9.514557037793447,5.716922631501601
2026-01-30 13:00:00,24.2,61.0,0.0,13.9,233.0,11.101033589657371,8.36522882181347
2026-01-30 14:00:00,23.7,62.0,0.0,12.9,250.0,12.122034808138219,4.4120598489011265
2026-01-30 15:00:00,23.9,63.0,0.0,11.4,266.0,11.372230172961997,0.7952238006830284
2026-01-30 16:00:00,22.9,71.0,0.0,11.7,283.0,11.400129757987251,-2.6319273358232205
2026-01-30 17:00:00,22.1,75.0,0.0,10.0,304.0,8.290375725550415,-5.591929034707469
2026-01-30 18:00:00,21.8,74.0,0.0,9.2,329.0,4.738350289172498,-7.8859391664594325
2026-01-30 19:00:00,21.5,73.0,0.0,9.3,347.0,2.092044805397944,-9.06164160250269
2026-01-30 20:00:00,21.5,72.0,0.6,8.8,348.0,1.8296228791962834,-8.60769888645749
2026-01-30 21:00:00,21.4,73.0,0.0,6.6,11.0,-1.2593393694851944,-6.4787394107545815
2026-01-30 22:00:00,21.0,75.0,0.0,4.2,47.0,-3.0716855468005164,-2.8643931122624933
2026-01-30 23:00:00,20.8,76.0,0.0,5.1,350.0,0.885605706101345,-5.022519540362261
2026-01-31 00:00:00,20.5,77.0,0.0,4.1,360.0,2.5105259382520737e-16,-4.1
2026-01-31 01:00:00,20.2,78.0,0.0,5.5,17.0,-1.608044375975054,-5.259676157796695
2026-01-31 02:00:00,19.5,81.0,0.0,8.1,21.0,-2.9027803913169357,-7.562001454627333
2026-01-31 03:00:00,19.4,81.0,0.0,7.9,20.0,-2.7019591322727816,-7.423571704208677
2026-01-31 04:00:00,19.3,81.0,0.0,8.2,32.0,-4.345337966712281,-6.953994388482692
2026-01-31 05:00:00,19.0,83.0,0.0,9.0,5.0,-0.7844016847289242,-8.96575228282571
2026-01-31 06:00:00,18.5,85.0,0.0,10.6,11.0,-2.0225753509913726,-10.405248144545238
2026-01-31 07:00:00,18.5,85.0,0.0,11.4,15.0,-2.950537114168735,-11.01155441969538
2026-01-31 08:00:00,19.2,81.0,0.0,11.4,16.0,-3.1422658563137875,-10.958383333696837
2026-01-31 09:00:00,20.1,75.0,0.0,7.0,21.0,-2.508575646817105,-6.535062985480412
2026-01-31 10:00:00,21.5,68.0,0.0,6.5,5.0,-0.5665123278597786,-6.475265537596346
2026-01-31 11:00:00,22.1,66.0,0.0,8.6,349.0,1.6409573602382863,-8.441993777649909
2026-01-31 12:00:00,23.6,59.0,0.0,7.9,330.0,3.950000000000001,-6.841600689897065
2026-01-31 13:00:00,25.2,54.0,0.0,10.1,309.0,7.849174210715406,-6.356135949603358
2026-01-31 14:00:00,25.7,53.0,0.0,13.5,319.0,8.856796891371848,-10.188579333007421
2026-01-31 15:00:00,25.1,56.0,0.0,16.8,314.0,12.08490864568934,-11.670260623711155
2026-01-31 16:00:00,24.5,57.0,0.0,20.1,321.0,12.649339860101735,-15.620633825285116
2026-01-31 17:00:00,23.4,59.0,0.0,21.0,339.0,7.525726940451308,-19.605188956441236
2026-01-31 18:00:00,21.6,64.0,0.0,19.8,350.0,3.4382339178052224,-19.49919350964172
2026-01-31 19:00:00,20.2,67.0,0.0,18.7,3.0,-0.9786823817430585,-18.67437229991053
2026-01-31 20:00:00,19.5,69.0,0.0,15.0,5.0,-1.3073361412148738,-14.942920471376183
2026-01-31 21:00:00,19.0,72.0,0.0,12.6,2.0,-0.4397336584515096,-12.592324420440606
2026-01-31 22:00:00,18.1,75.0,0.0,12.8,6.0,-1.3379643298259631,-12.7298802607139
2026-01-31 23:00:00,17.6,76.0,0.0,11.0,14.0,-2.6611408515963455,-10.67325298903596
2026-02-01 00:00:00,17.1,77.0,0.0,11.3,9.0,-1.7677094549546108,-11.160878248725057
2026-02-01 01:00:00,17.0,76.0,0.0,11.2,10.0,-1.9448595898696195,-11.029846833736729
2026-02-01 02:00:00,16.2,78.0,0.0,13.7,2.0,-0.4781231048242604,-13.691654330161612
2026-02-01 03:00:00,16.0,78.0,0.0,12.7,6.0,-1.3275114834991977,-12.630428071177072
2026-02-01 04:00:00,15.8,78.0,0.0,12.3,5.0,-1.0720156357961965,-12.253194786528471
2026-02-01 05:00:00,16.0,76.0,0.0,12.2,8.0,-1.697911831712803,-12.081270438647156
2026-02-01 06:00:00,15.9,76.0,0.0,13.5,2.0,-0.47114320548376026,-13.491776164757793
2026-02-01 07:00:00,16.0,77.0,0.0,11.9,358.0,0.41530401075976286,-11.89275084152724
2026-02-01 08:00:00,16.5,76.0,0.0,12.4,1.0,-0.21640983982231538,-12.398111419939251
2026-02-01 09:00:00,18.4,67.0,0.0,10.8,360.0,6.613092715395707e-16,-10.8
2026-02-01 10:00:00,20.8,58.0,0.0,9.7,348.0,2.0167434009322665,-9.488031727117914
2026-02-01 11:00:00,22.5,52.0,0.0,9.6,327.0,5.22853473614426,-8.051237452276071
2026-02-01 12:00:00,23.5,49.0,0.0,12.1,308.0,9.534930118641334,-7.449503851440465
2026-02-01 13:00:00,23.5,51.0,0.0,13.9,309.0,10.802328864251896,-8.74755343559274
2026-02-01 14:00:00,23.1,54.0,0.0,12.7,315.0,8.980256121069154,-8.980256121069152
2026-02-01 15:00:00,22.9,56.0,0.0,15.2,324.0,8.93433583484559,-12.2970583144992
2026-02-01 16:00:00,22.5,57.0,0.0,15.5,333.0,7.0368527459629755,-13.810601124919701
2026-02-01 17:00:00,21.5,61.0,0.0,13.2,338.0,4.944807033090037,-12.238826880281593
2026-02-01 18:00:00,20.2,67.0,0.0,12.6,349.0,2.404193341744466,-12.368502511440566
2026-02-01 19:00:00,19.4,70.0,0.0,10.1,2.0,-0.35248491669525767,-10.093847352892867
2026-02-01 20:00:00,19.2,76.0,0.0,10.6,357.0,0.5547611361752061,-10.585473068398482
2026-02-01 21:00:00,18.5,81.0,0.0,11.1,7.0,-1.3527497117971337,-11.017262283218676
2026-02-01 22:00:00,18.4,81.0,0.0,9.7,359.0,0.1692883424416509,-9.698522643016995
2026-02-01 23:00:00,18.1,80.0,0.0,11.6,356.0,0.8091750954318527,-11.57174298301396
2026-02-02 00:00:00,17.7,79.0,0.0,12.2,358.0,0.42577385977051313,-12.192568089632967
2026-02-02 01:00:00,17.2,80.0,0.0,13.7,4.0,-0.9556636902945204,-13.666627488559591
2026-02-02 02:00:00,16.8,83.0,0.0,14.6,1.0,-0.25480513398433907,-14.597776349283313
2026-02-02 03:00:00,16.5,84.0,0.0,14.6,2.0,-0.5095326518565111,-14.591106074478798
2026-02-02 04:00:00,16.4,84.0,0.0,13.0,5.0,-1.1330246557195571,-12.950531075192693
2026-02-02 05:00:00,16.5,82.0,0.0,13.1,18.0,-4.048122626311813,-12.45884036346651
2026-02-02 06:00:00,16.5,83.0,0.0,11.0,14.0,-2.6611408515963455,-10.67325298903596
2026-02-02 07:00:00,16.6,81.0,0.0,12.1,4.0,-0.8440533323039195,-12.070525008143873
2026-02-02 08:00:00,17.6,77.0,0.0,10.9,7.0,-1.3283758431161041,-10.818753052890411
2026-02-02 09:00:00,19.7,67.0,0.0,10.6,357.0,0.5547611361752061,-10.585473068398482
2026-02-02 10:00:00,21.1,62.0,0.0,10.3,344.0,2.8390647649150917,-9.900995468164686
2026-02-02 11:00:00,22.8,56.0,0.0,12.1,337.0,4.727846654720212,-11.138108726774528
2026-02-02 12:00:00,23.8,52.0,0.0,13.6,336.0,5.531618345830883,-12.424218223939372
2026-02-02 13:00:00,24.9,48.0,0.0,13.2,332.0,6.197024628773759,-11.654908225737834
2026-02-02 14:00:00,24.2,52.0,0.0,17.5,326.0,9.78587581073807,-14.50815751971323
2026-02-02 15:00:00,23.3,55.0,0.0,18.4,334.0,8.066029100919025,-16.537810451904672
2026-02-02 16:00:00,22.5,56.0,0.0,16.9,340.0,5.780140422203803,-15.880805291281849
2026-02-02 17:00:00,21.6,58.0,0.0,15.3,342.0,4.727960013936697,-14.55116469931585
2026-02-02 18:00:00,20.3,62.0,0.0,13.6,345.0,3.519939013394282,-13.136591237531329
2026-02-02 19:00:00,19.3,65.0,0.0,13.6,352.0,1.8927541730568902,-13.467645734885357
2026-02-02 20:00:00,18.4,68.0,0.0,15.4,355.0,1.3421984383139354,-15.341398350612883
2026-02-02 21:00:00,17.5,71.0,0.0,13.7,358.0,0.4781231048242648,-13.691654330161612
2026-02-02 22:00:00,16.7,72.0,0.0,12.2,1.0,-0.21291935853485866,-12.198141880907972
2026-02-02 23:00:00,16.2,74.0,0.0,12.2,358.0,0.42577385977051313,-12.192568089632967
2026-02-03 00:00:00,15.8,76.0,0.0,11.9,360.0,7.286648454926752e-16,-11.9
2026-02-03 01:00:00,15.3,78.0,0.0,11.2,360.0,6.858022075225178e-16,-11.2
2026-02-03 02:00:00,15.0,79.0,0.0,13.0,360.0,7.960204194457795e-16,-13.0
2026-02-03 03:00:00,15.2,78.0,0.0,10.5,4.0,-0.7324429743133186,-10.474422527728153
2026-02-03 04:00:00,14.9,80.0,0.0,10.8,3.0,-0.5652283274237986,-10.785198975349399
2026-02-03 05:00:00,14.8,80.0,0.0,11.0,6.0,-1.149813095944187,-10.939740849051008
2026-02-03 06:00:00,14.6,81.0,0.0,10.0,7.0,-1.2186934340514717,-9.925461516413222
2026-02-03 07:00:00,14.5,81.0,0.0,9.4,5.0,-0.8192639818279875,-9.364230162062409
2026-02-03 08:00:00,16.0,76.0,0.0,10.3,357.0,0.5390603493023229,-10.285884207972112
2026-02-03 09:00:00,18.3,66.0,0.0,8.3,354.0,0.8675862451215237,-8.25453173155667
2026-02-03 10:00:00,20.8,57.0,0.0,8.5,347.0,1.9120839619228518,-8.2821455506745
2026-02-03 11:00:00,22.5,52.0,0.0,7.7,319.0,5.051654523226906,-5.811263767715345
2026-02-03 12:00:00,23.2,51.0,0.0,11.3,292.0,10.4771775566047,-4.233054505599806
2026-02-03 13:00:00,23.5,50.0,0.0,11.2,282.0,10.955253128218622,-2.3286109371589045
2026-02-03 14:00:00,23.0,54.0,0.0,14.5,301.0,12.428925860180629,-7.468052086195785
2026-02-03 15:00:00,23.4,54.0,0.0,13.4,309.0,10.413755883523411,-8.432893240067822
2026-02-03 16:00:00,23.0,56.0,0.0,13.4,303.0,11.238185610468683,-7.2981630692013635
2026-02-03 17:00:00,22.2,60.0,0.0,12.5,306.0,10.112712429686843,-7.347315653655914
2026-02-03 18:00:00,21.7,62.0,0.0,8.3,311.0,6.264089515849008,-5.445289940621211
2026-02-03 19:00:00,21.6,61.0,0.0,5.8,334.0,2.542552651376649,-5.213005468535169
2026-02-03 20:00:00,21.5,64.0,0.0,5.4,356.0,0.3766849582182763,-5.386845871403051
2026-02-03 21:00:00,21.1,63.0,0.0,2.7,356.0,0.18834247910913815,-2.6934229357015256
2026-02-03 22:00:00,20.6,64.0,0.0,3.6,342.0,1.112461179749811,-3.4238034586625528
2026-02-03 23:00:00,20.0,66.0,0.0,6.0,350.0,1.0418890660015825,-5.908846518073248
2026-02-04 00:00:00,19.2,70.0,0.0,6.9,354.0,0.7212463965468089,-6.862201078041086
2026-02-04 01:00:00,18.6,72.0,0.0,6.7,3.0,-0.35065090682772687,-6.690817882855645
2026-02-04 02:00:00,18.3,74.0,0.0,7.9,359.0,0.13787401085454043,-7.898796791735491
2026-02-04 03:00:00,18.5,73.0,0.0,6.0,5.0,-0.5229344564859495,-5.977168188550474
2026-02-04 04:00:00,18.5,74.0,0.0,5.2,2.0,-0.18147738285300397,-5.196832300499298
2026-02-04 05:00:00,18.3,75.0,0.0,6.3,5.0,-0.5490811793102469,-6.276026597977997
2026-02-04 06:00:00,18.2,76.0,0.0,7.4,4.0,-0.5161979057065293,-7.381973971922699
2026-02-04 07:00:00,18.4,77.0,0.0,6.2,15.0,-1.604678079635628,-5.9887401229922235
2026-02-04 08:00:00,19.5,75.0,0.0,6.4,18.0,-1.9777087639996644,-6.086761704288983
2026-02-04 09:00:00,21.9,65.0,0.0,4.6,26.0,-2.0165072752297575,-4.134452612976167
2026-02-04 10:00:00,23.8,58.0,0.0,2.4,351.0,0.3754427160965542,-2.3704520174283306
2026-02-04 11:00:00,25.0,53.0,0.0,5.7,283.0,5.553909369275841,-1.2822210097600306
2026-02-04 12:00:00,25.0,54.0,0.0,11.3,277.0,11.215771513546938,-1.3771235804781665
2026-02-04 13:00:00,24.9,56.0,0.0,13.3,268.0,13.291897999353974,0.4641633061432629
2026-02-04 14:00:00,24.5,57.0,0.0,14.0,285.0,13.522961568046956,-3.6234666314352904
2026-02-04 15:00:00,24.1,58.0,0.0,12.1,285.0,11.687702498097726,-3.131710445740501
2026-02-04 16:00:00,23.5,61.0,0.0,10.9,286.0,10.477752485727676,-3.004447178405291
2026-02-04 17:00:00,22.5,63.0,0.0,9.8,300.0,8.4870489570875,-4.8999999999999995
2026-02-04 18:00:00,21.8,67.0,0.0,6.3,294.0,5.755336383148386,-2.5624408513775414
2026-02-04 19:00:00,21.6,69.0,0.0,2.9,270.0,2.9,0.0
2026-02-04 20:00:00,21.8,67.0,0.0,1.9,343.0,0.5555062389731998,-1.8169790363297673
2026-02-04 21:00:00,21.6,70.0,0.0,2.8,285.0,2.7045923136093912,-0.7246933262870581
2026-02-04 22:00:00,21.3,74.0,0.0,2.0,270.0,2.0,0.0
2026-02-04 23:00:00,21.0,79.0,0.0,0.30000000000000004,225.0,0.2121320343559643,0.21213203435596428
2026-02-05 00:00:00,20.5,80.0,0.0,0.2,270.0,0.2,0.0
2026-02-05 01:00:00,20.4,82.0,0.0,0.30000000000000004,315.0,0.2121320343559643,-0.21213203435596428
2026-02-05 02:00:00,20.2,81.0,0.0,2.3,72.0,-2.187429987478853,-0.7107390870623786
2026-02-05 03:00:00,20.7,75.0,0.0,3.8,59.0,-3.2572357426680267,-1.9571446846582057
2026-02-05 04:00:00,20.3,75.0,0.0,3.8,41.0,-2.4930243101639276,-2.8678964048465336
2026-02-05 05:00:00,19.9,77.0,0.0,3.5,24.0,-1.4235782507653003,-3.1974091017491033
2026-02-05 06:00:00,19.7,78.0,0.0,3.8,11.0,-0.7250741824308695,-3.730183297101123
2026-02-05 07:00:00,20.1,75.0,0.0,4.8,15.0,-1.2423314164920989,-4.636443966187528
2026-02-05 08:00:00,20.4,72.0,0.0,8.9,24.0,-3.619956123374621,-8.130554573019149
2026-02-05 09:00:00,23.0,61.0,0.0,6.9,7.0,-0.8408984694955155,-6.848568446325123
2026-02-05 10:00:00,25.2,53.0,0.0,5.0,330.0,2.5000000000000004,-4.330127018922193
2026-02-05 11:00:00,26.6,49.0,0.0,5.9,284.0,5.7247447850283795,-1.4273391840380396
2026-02-05 12:00:00,27.0,48.0,0.0,9.2,269.0,9.1985987954388,0.1605621392230083
2026-02-05 13:00:00,26.5,52.0,0.0,12.5,265.0,12.45243372614682,1.0894467843457272
2026-02-05 14:00:00,25.6,56.0,0.0,12.8,275.0,12.751292135574344,-1.1155935071700245
2026-02-05 15:00:00,25.5,57.0,0.0,9.1,263.0,9.032169979936029,1.109011024986842
2026-02-05 16:00:00,25.1,60.0,0.0,7.9,250.0,7.423571704208677,2.701959132272783
2026-02-05 17:00:00,24.2,64.0,0.0,6.2,258.0,6.064515124549596,1.289052483070108
2026-02-05 18:00:00,23.4,67.0,0.0,4.7,277.0,4.664966912714213,-0.5727859140041932
2026-02-05 19:00:00,23.2,68.0,0.0,4.5,299.0,3.935788682127281,-2.1816432911085166
2026-02-05 20:00:00,23.4,68.0,0.0,2.7,340.0,0.9234543869793059,-2.5371700761219524
2026-02-05 21:00:00,23.0,71.0,0.0,2.2,9.0,-0.3441558230885083,-2.172914349309303
2026-02-05 22:00:00,22.2,76.0,0.0,3.1,306.0,2.5079526825623373,-1.8221342821066668
2026-02-05 23:00:00,21.7,77.0,0.0,4.0,328.0,2.1196770569328196,-3.392192384625704
2026-02-06 00:00:00,21.5,78.0,0.0,2.3,342.0,0.7107390870623791,-2.1874299874788528
2026-02-06 01:00:00,21.0,83.0,0.1,0.4,207.0,0.18159619989581874,0.35640260967534715
2026-02-06 02:00:00,20.5,84.0,0.1,0.7000000000000001,14.0,-0.16934532691976747,-0.6792070083931976
2026-02-06 03:00:00,20.8,86.0,0.2,2.9,180.0,1.7757378587636622e-16,2.9
2026-02-06 04:00:00,20.6,90.0,0.7000000000000001,2.8,252.0,2.6629582456264296,0.8652475842498527
2026-02-06 05:00:00,20.5,92.0,0.2,6.4,16.0,-1.7640790772287929,-6.152074854005242
2026-02-06 06:00:00,20.4,89.0,0.0,7.4,51.0,-5.750880114781584,-4.656970893768799
2026-02-06 07:00:00,20.5,86.0,0.0,6.5,76.0,-6.306922220793977,-1.5724923213978388
2026-02-06 08:00:00,21.5,85.0,0.0,7.9,91.0,-7.898796791735491,0.13787401085453918
2026-02-06 09:00:00,24.0,69.0,0.0,4.3,112.0,-3.986890574637185,1.6108083516884226
2026-02-06 10:00:00,24.0,70.0,0.3,5.6,211.0,2.8842132194963033,4.800136883931828
2026-02-06 11:00:00,25.1,66.0,0.2,8.5,201.0,3.0461275711350533,7.9354336252262145
2026-02-06 12:00:00,25.3,65.0,0.3,8.8,231.0,6.838884460821345,5.5380194412385695
2026-02-06 13:00:00,24.5,71.0,0.7000000000000001,7.4,236.0,6.134878036907308,4.138027485683527
2026-02-06 14:00:00,24.4,71.0,0.4,7.4,223.0,5.046787864462489,5.412017391981862
2026-02-06 15:00:00,24.9,69.0,0.3,6.9,208.0,3.239353783222647,6.092338390726596
2026-02-06 16:00:00,24.5,70.0,0.3,6.2,201.0,2.2218812871808624,5.788198644282651
2026-02-06 17:00:00,24.2,71.0,0.1,3.9,217.0,2.3470785902929885,3.114678489184442
2026-02-06 18:00:00,23.6,75.0,0.0,3.3,324.0,1.9396913325651612,-2.6697560814373262
2026-02-06 19:00:00,23.3,76.0,0.0,6.5,360.0,3.9801020972288977e-16,-6.5
2026-02-06 20:00:00,22.8,80.0,0.0,7.9,360.0,4.837354856632045e-16,-7.9
2026-02-06 21:00:00,22.2,83.0,0.0,9.1,10.0,-1.580198416769066,-8.961750552411093
2026-02-06 22:00:00,21.4,87.0,0.0,11.5,8.0,-1.600490661040757,-11.388082790528058
2026-02-06 23:00:00,20.6,88.0,0.0,10.2,13.0,-2.2945007543074256,-9.938574660809397
2026-02-07 00:00:00,20.0,88.0,0.0,10.2,18.0,-3.1519733426244647,-9.700776466210565
2026-02-07 01:00:00,20.0,86.0,0.0,9.9,16.0,-2.728809822588289,-9.516490789789358
2026-02-07 02:00:00,19.5,88.0,0.0,10.9,8.0,-1.5169868004647176,-10.793921949283115
2026-02-07 03:00:00,18.7,91.0,0.0,14.6,359.0,0.2548051339843405,-14.597776349283313
2026-02-07 04:00:00,18.2,92.0,0.0,18.9,2.0,-0.6596004876772643,-18.888486630660907
2026-02-07 05:00:00,17.5,92.0,0.0,20.4,4.0,-1.4230320643801617,-20.350306625300412
2026-02-07 06:00:00,17.3,90.0,0.0,19.3,9.0,-3.019185175276459,-19.062384973486157
2026-02-07 07:00:00,17.1,88.0,0.0,17.8,6.0,-1.8606066461642299,-17.70248973755527
2026-02-07 08:00:00,17.9,81.0,0.0,15.5,1.0,-0.2705122997778942,-15.497639274924065
2026-02-07 09:00:00,19.4,72.0,0.0,11.7,1.0,-0.2041931553162169,-11.698218033329777
2026-02-07 10:00:00,21.0,65.0,0.0,11.4,348.0,2.3701932753224577,-11.150882648365384
2026-02-07 11:00:00,22.5,58.0,0.0,12.3,333.0,5.584083146796426,-10.959380247516924
2026-02-07 12:00:00,23.9,54.0,0.0,13.7,320.0,8.806190252705589,-10.494808870729997
2026-02-07 13:00:00,24.6,51.0,0.0,15.4,315.0,10.889444430272833,-10.889444430272832
2026-02-07 14:00:00,24.3,50.0,0.0,19.5,327.0,10.620461182793028,-16.35407607493577
2026-02-07 15:00:00,23.4,52.0,0.0,20.5,331.0,9.93859721504991,-17.929703996357613
2026-02-07 16:00:00,22.3,55.0,0.0,18.8,339.0,6.737317451451648,-17.551312018147392
2026-02-07 17:00:00,21.0,56.0,0.0,17.2,344.0,4.740962520052386,-16.533701170139086
2026-02-07 18:00:00,19.7,59.0,0.0,15.8,348.0,3.2850047149205994,-15.45473209159413
2026-02-07 19:00:00,18.5,62.0,0.0,14.4,352.0,2.0040926538249426,-14.259860189878614
2026-02-07 20:00:00,17.7,65.0,0.0,15.4,355.0,1.3421984383139354,-15.341398350612883
2026-02-07 21:00:00,17.2,67.0,0.0,13.0,354.0,1.358870022479495,-12.928784639787553
2026-02-07 22:00:00,17.0,67.0,0.0,12.5,355.0,1.0894467843457267,-12.45243372614682
2026-02-07 23:00:00,16.5,69.0,0.0,13.9,357.0,0.7274697917769212,-13.880950533088576
2026-02-08 00:00:00,15.9,70.0,0.0,12.2,8.0,-1.697911831712803,-12.081270438647156
2026-02-08 01:00:00,15.4,72.0,0.0,10.9,17.0,-3.1868515814778346,-10.423721839997086
2026-02-08 02:00:00,15.4,73.0,0.0,10.3,358.0,0.35946481603576114,-10.293725518296688
2026-02-08 03:00:00,15.6,73.0,0.0,10.4,352.0,1.447400249984681,-10.298787914912332
2026-02-08 04:00:00,15.1,75.0,0.0,10.5,357.0,0.5495275405509117,-10.485610114923025
2026-02-08 05:00:00,14.6,75.0,0.0,11.2,16.0,-3.0871383851503875,-10.766130994509172
2026-02-08 06:00:00,14.1,76.0,0.0,11.4,12.0,-2.3701932753224617,-11.150882648365384
2026-02-08 07:00:00,14.3,75.0,0.0,13.4,355.0,1.167886952818619,-13.34900895442939
2026-02-08 08:00:00,14.8,66.0,0.0,18.4,356.0,1.2835191168919042,-18.355178524780765
2026-02-08 09:00:00,15.9,59.0,0.0,15.7,2.0,-0.547922098229262,-15.690435984199803
2026-02-08 10:00:00,17.8,54.0,0.0,11.2,4.0,-0.7812725059342065,-11.17271736291003
2026-02-08 11:00:00,20.1,47.0,0.0,8.8,340.0,3.009777261265886,-8.269295062915994
2026-02-08 12:00:00,20.9,45.0,0.0,14.4,324.0,8.464107633011613,-11.649844718999244
2026-02-08 13:00:00,21.1,42.0,0.0,17.2,337.0,6.720575410015508,-15.832683479381974
2026-02-08 14:00:00,19.5,45.0,0.0,19.4,345.0,5.021089474988902,-18.738961030007925
2026-02-08 15:00:00,19.6,43.0,0.0,16.8,351.0,2.6280990126758796,-16.593164121998313
2026-02-08 16:00:00,19.2,43.0,0.0,15.6,353.0,1.9011617571203008,-15.483719965604623
2026-02-08 17:00:00,18.0,45.0,0.0,17.0,356.0,1.185860053650129,-16.958588854417012
2026-02-08 18:00:00,16.4,47.0,0.0,16.0,360.0,9.797174393178826e-16,-16.0
2026-02-08 19:00:00,15.4,49.0,0.0,13.7,360.0,8.388830574159369e-16,-13.7
2026-02-08 20:00:00,14.4,51.0,0.0,14.2,360.0,8.694992273946208e-16,-14.2
2026-02-08 21:00:00,13.8,53.0,0.0,11.1,7.0,-1.3527497117971337,-11.017262283218676
2026-02-08 22:00:00,13.2,54.0,0.0,9.5,14.0,-2.298258008196844,-9.217809399621967
2026-02-08 23:00:00,13.1,55.0,0.0,9.4,23.0,-3.672872607799174,-8.652745622452938
2026-02-09 00:00:00,13.2,55.0,0.0,7.9,20.0,-2.7019591322727816,-7.423571704208677
2026-02-09 01:00:00,13.0,56.0,0.0,8.2,15.0,-2.122316169840669,-7.92059177557036
2026-02-09 02:00:00,12.7,59.0,0.0,6.2,17.0,-1.81270456928097,-5.9290894869708195
2026-02-09 03:00:00,13.6,57.0,0.0,4.6,42.0,-3.0780007892507473,-3.4184661971960137
2026-02-09 04:00:00,14.0,56.0,0.0,2.8,45.0,-1.9798989873223334,-1.9798989873223327
2026-02-09 05:00:00,13.9,58.0,0.0,0.6000000000000001,342.0,0.1854101966249685,-0.5706339097770922
2026-02-09 06:00:00,14.4,60.0,0.0,2.4,333.0,1.0895771993749124,-2.138415658052083
2026-02-09 07:00:00,14.8,63.0,0.0,1.8,315.0,1.2727922061357857,-1.2727922061357855
2026-02-09 08:00:00,16.1,63.0,0.0,1.3,16.0,-0.35832856256209855,-1.2496402047198147
2026-02-09 09:00:00,17.6,61.0,0.0,1.3,254.0,1.2496402047198145,0.35832856256209894
2026-02-09 10:00:00,19.0,60.0,0.0,2.1,239.0,1.800051331474436,1.0815799573111138
2026-02-09 11:00:00,20.4,55.0,0.0,7.9,259.0,7.754854749236546,1.507391063474704
2026-02-09 12:00:00,20.5,54.0,0.0,14.8,269.0,14.79774588831459,0.258295615271796
2026-02-09 13:00:00,19.8,61.0,0.1,16.7,290.0,15.69286676712467,-5.711736393538668
2026-02-09 14:00:00,18.8,62.0,0.0,18.3,314.0,13.163918346197317,-12.71224817939965
2026-02-09 15:00:00,18.9,59.0,0.0,18.0,317.0,12.275970481124972,-13.164366629145068
2026-02-09 16:00:00,18.6,61.0,0.0,16.8,322.0,10.34311278547106,-13.23858066059293
2026-02-09 17:00:00,18.1,62.0,0.0,12.4,324.0,7.288537128426667,-10.031810730249349
2026-02-09 18:00:00,17.8,62.0,0.0,11.0,330.0,5.500000000000001,-9.526279441628825
2026-02-09 19:00:00,17.5,62.0,0.0,8.5,347.0,1.9120839619228518,-8.2821455506745
2026-02-09 20:00:00,17.0,66.0,0.0,6.3,18.0,-1.9468070645621696,-5.991656052659467
2026-02-09 21:00:00,16.8,67.0,0.0,4.2,7.0,-0.5118512423016182,-4.168693836893553
2026-02-09 22:00:00,16.5,69.0,0.0,3.4,342.0,1.0506577808748212,-3.233592155403522
2026-02-09 23:00:00,16.8,69.0,0.0,3.4,328.0,1.8017254983928965,-2.883363526931848
2026-02-10 00:00:00,16.7,70.0,0.0,5.0,334.0,2.1918557339453875,-4.493970231495835
2026-02-10 01:00:00,16.5,71.0,0.0,7.2,4.0,-0.5022466109577042,-7.182461161870735
2026-02-10 02:00:00,16.0,68.0,0.0,10.4,18.0,-3.213776741499455,-9.890987769469596
2026-02-10 03:00:00,16.1,68.0,0.0,11.2,10.0,-1.9448595898696195,-11.029846833736729
2026-02-10 04:00:00,15.4,71.0,0.0,12.1,17.0,-3.537697627145119,-11.571287547152727
2026-02-10 05:00:00,14.8,74.0,0.0,11.0,23.0,-4.298042413382012,-10.125553387976844
2026-02-10 06:00:00,14.5,76.0,0.0,9.4,20.0,-3.2149893472612843,-8.83311063538754
2026-02-10 07:00:00,14.4,78.0,0.0,6.9,25.0,-2.9160660060108246,-6.253523730552885
2026-02-10 08:00:00,16.5,70.0,0.0,7.6,19.0,-2.4743179738743906,-7.185941174554808
2026-02-10 09:00:00,18.9,58.0,0.0,6.0,21.0,-2.1502076972718043,-5.60148255898321
2026-02-10 10:00:00,20.9,52.0,0.0,3.2,326.0,1.78941729110639,-2.652920232176134
2026-02-10 11:00:00,22.0,49.0,0.0,7.8,283.0,7.6000865053248345,-1.754618223882147
2026-02-10 12:00:00,22.4,49.0,0.0,11.4,281.0,11.19054989130337,-2.175222547292611
2026-02-10 13:00:00,22.5,47.0,0.0,13.0,289.0,12.291741482791119,-4.232386007943037
2026-02-10 14:00:00,22.8,46.0,0.0,12.6,294.0,11.510672766296771,-5.124881702755083
2026-02-10 15:00:00,22.8,45.0,0.0,13.5,304.0,11.192007229493061,-7.549104196855083
2026-02-10 16:00:00,22.2,48.0,0.0,13.4,303.0,11.238185610468683,-7.2981630692013635
2026-02-10 17:00:00,21.4,53.0,0.0,13.5,299.0,11.807366046381842,-6.54492987332555
2026-02-10 18:00:00,20.5,60.0,0.0,11.8,309.0,9.170322345192258,-7.425980614388082
2026-02-10 19:00:00,20.3,66.0,0.0,9.7,320.0,6.235039813959431,-7.430631098254086
2026-02-10 20:00:00,19.8,66.0,0.0,2.4,343.0,0.7016920913345682,-2.295131414311285
2026-02-10 21:00:00,19.7,67.0,0.0,0.7000000000000001,14.0,-0.16934532691976747,-0.6792070083931976
2026-02-10 22:00:00,19.5,67.0,0.0,0.9,11.0,-0.17172809583889015,-0.8834644651028976
2026-02-10 23:00:00,19.2,68.0,0.0,0.30000000000000004,315.0,0.2121320343559643,-0.21213203435596428
2026-02-11 00:00:00,18.6,71.0,0.0,2.8,333.0,1.271173399270731,-2.4948182677274295
2026-02-11 01:00:00,18.7,70.0,0.0,4.4,353.0,0.536225110982649,-4.367203067221817
2026-02-11 02:00:00,18.5,66.0,0.0,6.9,9.0,-1.0793978087775942,-6.81504955010645
2026-02-11 03:00:00,18.2,65.0,0.0,5.5,23.0,-2.149021206691006,-5.062776693988422
2026-02-11 04:00:00,18.0,66.0,0.0,5.2,31.0,-2.6781979895322836,-4.457269963650983
2026-02-11 05:00:00,17.5,68.0,0.0,4.4,30.0,-2.200000000000002,-3.8105117766515293
2026-02-11 06:00:00,17.9,67.0,0.0,6.0,9.0,-0.9386067902413862,-5.926130043570826
2026-02-11 07:00:00,17.7,66.0,0.0,8.0,18.0,-2.4721359549995805,-7.608452130361228
2026-02-11 08:00:00,19.1,61.0,0.0,12.3,18.0,-3.800909030811855,-11.697995150430389
2026-02-11 09:00:00,21.8,49.0,0.0,12.8,11.0,-2.442355140819771,-12.5648279481301
2026-02-11 10:00:00,23.4,42.0,0.0,13.9,3.0,-0.7274697917769258,-13.880950533088576
2026-02-11 11:00:00,24.6,38.0,0.0,14.1,355.0,1.2288959727419797,-14.046345243093612
2026-02-11 12:00:00,25.6,36.0,0.0,13.5,344.0,3.7211043035294886,-12.977032895167305
2026-02-11 13:00:00,26.0,36.0,0.0,15.0,323.0,9.027225347280726,-11.979532650709393
2026-02-11 14:00:00,25.5,41.0,0.0,17.2,312.0,12.78209099821118,-11.509046429372361
2026-02-11 15:00:00,25.0,48.0,0.0,19.6,314.0,14.099060086637564,-13.615304060996348
2026-02-11 16:00:00,24.1,53.0,0.0,20.8,319.0,13.646027803002552,-15.697959268633658
2026-02-11 17:00:00,22.8,57.0,0.0,19.9,334.0,8.72358582110264,-17.88600152135342
2026-02-11 18:00:00,21.5,59.0,0.0,17.1,352.0,2.3798600264171195,-16.933583975480854
2026-02-11 19:00:00,20.5,61.0,0.0,12.5,12.0,-2.5988961352219975,-12.22684500917257
2026-02-11 20:00:00,20.3,63.0,0.0,11.8,26.0,-5.172779532111117,-10.60576974633017
2026-02-11 21:00:00,19.9,66.0,0.0,9.4,26.0,-4.120688779817331,-8.448664035212168
2026-02-11 22:00:00,19.2,69.0,0.0,9.2,11.0,-1.7554427574642102,-9.030970087718508
2026-02-11 23:00:00,18.5,73.0,0.0,10.3,5.0,-0.89770415030088,-10.260805390344979
2026-02-12 00:00:00,17.5,78.0,0.0,11.4,11.0,-2.1752225472926088,-11.19054989130337
2026-02-12 01:00:00,16.9,81.0,0.0,10.9,19.0,-3.5486928835830076,-10.306152474032555
2026-02-12 02:00:00,16.5,81.0,0.0,10.7,25.0,-4.522015400625481,-9.697493321292155
2026-02-12 03:00:00,16.6,81.0,0.0,7.5,27.0,-3.404928748046602,-6.682548931412758
2026-02-12 04:00:00,16.5,82.0,0.0,7.3,16.0,-2.0121526974640918,-7.017210380349729
2026-02-12 05:00:00,16.1,83.0,0.0,9.3,9.0,-1.4548405248741487,-9.18550156753478
2026-02-12 06:00:00,15.6,85.0,0.0,9.1,18.0,-2.8120546488120226,-8.654614298285896
2026-02-12 07:00:00,15.4,83.0,0.0,8.7,27.0,-3.9497173477340577,-7.751756760438799
2026-02-12 08:00:00,17.4,73.0,0.0,8.4,15.0,-2.1740799788611733,-8.113776940828174
2026-02-12 09:00:00,20.5,60.0,0.0,5.8,4.0,-0.40458754771592836,-5.78587149150698
2026-02-12 10:00:00,22.9,53.0,0.0,4.7,332.0,2.206516345093687,-4.149853686436956
2026-02-12 11:00:00,24.2,50.0,0.0,7.6,301.0,6.5144714853360535,-3.9142893693164114
2026-02-12 12:00:00,24.9,50.0,0.0,11.0,288.0,10.461621679246688,-3.3991869381244215
2026-02-12 13:00:00,25.0,49.0,0.0,13.8,287.0,13.19700563228989,-4.034729525173768
2026-02-12 14:00:00,24.8,49.0,0.0,14.6,300.0,12.643970895252805,-7.299999999999999
2026-02-12 15:00:00,24.9,48.0,0.0,13.4,303.0,11.238185610468683,-7.2981630692013635
2026-02-12 16:00:00,24.5,53.0,0.0,12.5,295.0,11.328847337958123,-5.282728271758743
2026-02-12 17:00:00,23.5,59.0,0.0,11.7,293.0,10.769906785393552,-4.571554203324503
2026-02-12 18:00:00,22.5,64.0,0.0,9.2,303.0,7.715769225097901,-5.0106791221382485
2026-02-12 19:00:00,22.4,64.0,0.0,6.5,316.0,4.515279407983482,-4.6757087022012325
2026-02-12 20:00:00,21.9,62.0,0.0,9.0,330.0,4.500000000000001,-7.794228634059947
2026-02-12 21:00:00,21.1,59.0,0.0,7.8,351.0,1.220188827313801,-7.703969056642075
2026-02-12 22:00:00,20.4,62.0,0.0,6.8,358.0,0.23731657757700733,-6.795857623729851
2026-02-12 23:00:00,19.9,63.0,0.0,4.1,2.0,-0.14308793648025311,-4.097502390778292
2026-02-13 00:00:00,19.5,65.0,0.0,2.7,4.0,-0.18834247910913907,-2.6934229357015256
2026-02-13 01:00:00,19.0,67.0,0.0,2.3,32.0,-1.2188143077363713,-1.9505106211597796
2026-02-13 02:00:00,18.7,69.0,0.0,3.7,43.0,-2.523393932231245,-2.706008695990931
2026-02-13 03:00:00,18.6,70.0,0.0,1.4,23.0,-0.5470235798849833,-1.2887067948334163
2026-02-13 04:00:00,18.5,71.0,0.0,2.5,356.0,0.1743911843603131,-2.4939101256495606
2026-02-13 05:00:00,18.5,73.0,0.0,3.8,3.0,-0.19887663372318837,-3.7947922320673806
2026-02-13 06:00:00,18.1,76.0,0.0,4.6,21.0,-1.648492567908383,-4.294469961887128
2026-02-13 07:00:00,17.9,77.0,0.0,4.8,42.0,-3.211826910522519,-3.567095162291493
2026-02-13 08:00:00,19.9,72.0,0.0,5.8,26.0,-2.542552651376651,-5.213005468535167
2026-02-13 09:00:00,22.7,57.0,0.0,3.1,3.0,-0.16224146435312736,-3.0957515577391788
2026-02-13 10:00:00,24.4,51.0,0.0,4.5,304.0,3.730669076497687,-2.516368065618361
2026-02-13 11:00:00,25.0,50.0,0.0,9.6,274.0,9.576614882494312,-0.6696621479436029
2026-02-13 12:00:00,24.9,52.0,0.0,13.0,272.0,12.992080751248245,-0.4536934571325126
2026-02-13 13:00:00,24.3,55.0,0.0,13.0,271.0,12.998020037033086,-0.22688128368468566
2026-02-13 14:00:00,24.5,53.0,0.0,13.3,295.0,12.053893567587444,-5.620822881151303
2026-02-13 15:00:00,24.5,54.0,0.0,13.4,301.0,11.486041829408306,-6.901510203794726
2026-02-13 16:00:00,23.9,58.0,0.0,11.7,293.0,10.769906785393552,-4.571554203324503
2026-02-13 17:00:00,23.1,62.0,0.0,9.4,287.0,8.989264706052534,-2.7482940243937257
2026-02-13 18:00:00,22.1,67.0,0.0,6.6,283.0,6.430842427582553,-1.484676958669509
2026-02-13 19:00:00,21.8,70.0,0.0,4.1,308.0,3.2308440897875594,-2.524212048835199
2026-02-13 20:00:00,21.7,71.0,0.0,2.7,8.0,-0.37576737259217774,-2.67372378560224
2026-02-13 21:00:00,21.5,72.0,0.0,2.2,9.0,-0.3441558230885083,-2.172914349309303
2026-02-13 22:00:00,21.1,75.0,0.0,0.4,180.0,2.4492935982947065e-17,0.4
2026-02-13 23:00:00,20.6,76.0,0.0,2.3,32.0,-1.2188143077363713,-1.9505106211597796
2026-02-14 00:00:00,20.4,75.0,0.0,3.2,38.0,-1.970116721042106,-2.521634411541511
2026-02-14 01:00:00,20.1,74.0,0.0,2.3,32.0,-1.2188143077363713,-1.9505106211597796
2026-02-14 02:00:00,19.9,73.0,0.0,2.9,47.0,-2.1209257346955948,-1.9777952441812452
2026-02-14 03:00:00,19.3,76.0,0.0,3.2,19.0,-1.0418180942629014,-3.025659441917814
2026-02-14 04:00:00,19.0,76.0,0.0,4.0,18.0,-1.2360679774997902,-3.804226065180614
2026-02-14 05:00:00,19.5,71.0,0.0,6.9,6.0,-0.7212463965468082,-6.862201078041087
2026-02-14 06:00:00,19.2,69.0,0.0,6.5,19.0,-2.116193003971518,-6.1458707413955596
2026-02-14 07:00:00,19.0,68.0,0.0,6.5,46.0,-4.6757087022012325,-4.515279407983483
2026-02-14 08:00:00,21.1,62.0,0.0,6.1,40.0,-3.9210044190878905,-4.672871103025765
2026-02-14 09:00:00,23.9,50.0,0.0,3.8,25.0,-1.6059493946146568,-3.44396959073927
2026-02-14 10:00:00,25.8,42.0,0.0,1.6,84.0,-1.5912350325892373,-0.16724554122824561
2026-02-14 11:00:00,26.9,40.0,0.0,4.8,233.0,3.8334504482270053,2.8887121111298315
2026-02-14 12:00:00,26.6,46.0,0.0,13.3,243.0,11.850386771705294,6.038073646535972
2026-02-14 13:00:00,25.9,47.0,0.0,15.0,256.0,14.554435894139948,3.628828433995016
2026-02-14 14:00:00,25.9,48.0,0.0,10.5,251.0,9.927945043792826,3.4184656218001455
2026-02-14 15:00:00,26.0,52.0,0.0,10.4,240.0,9.006664199358163,5.199999999999999
2026-02-14 16:00:00,25.3,56.0,0.0,9.6,254.0,9.228112281007862,2.646118615843192
2026-02-14 17:00:00,24.7,58.0,0.0,7.8,261.0,7.703969056642075,1.2201888273138009
2026-02-14 18:00:00,23.9,62.0,0.0,5.7,294.0,5.207209108562825,-2.3183988655320613
2026-02-14 19:00:00,23.6,65.0,0.0,5.7,336.0,2.3183988655320613,-5.207209108562825
2026-02-14 20:00:00,23.1,69.0,0.0,6.3,347.0,1.4171916423663489,-6.1385314081469815
2026-02-14 21:00:00,22.9,69.0,0.0,7.7,11.0,-1.4692292643993936,-7.558529312547013
2026-02-14 22:00:00,22.6,67.0,0.0,8.5,21.0,-3.046127571135056,-7.935433625226214
2026-02-14 23:00:00,22.1,67.0,0.0,7.8,26.0,-3.4192949449548062,-7.010593561133501
2026-02-15 00:00:00,21.9,67.0,0.0,5.6,17.0,-1.6372815464473276,-5.355306633392997
2026-02-15 01:00:00,21.6,67.0,0.0,6.0,17.0,-1.7542302283364226,-5.7378285357782115
2026-02-15 02:00:00,21.2,69.0,0.0,7.7,21.0,-2.7594332114988154,-7.1885692840284525
2026-02-15 03:00:00,21.1,69.0,0.0,6.5,32.0,-3.4444752175158326,-5.512312625016769
2026-02-15 04:00:00,21.0,69.0,0.0,6.7,36.0,-3.938161190359571,-5.420413862312147
2026-02-15 05:00:00,20.8,70.0,0.0,6.4,50.0,-4.90268443596146,-4.113840701993851
2026-02-15 06:00:00,20.3,71.0,0.0,6.6,57.0,-5.535225748439799,-3.5946176310991786
2026-02-15 07:00:00,20.3,70.0,0.0,6.0,61.0,-5.247718242836375,-2.9088577214780216
2026-02-15 08:00:00,22.5,59.0,0.0,9.2,40.0,-5.913646009116163,-7.047608876694596
2026-02-15 09:00:00,25.5,46.0,0.0,5.1,27.0,-2.315351548671689,-4.544133273360675
2026-02-15 10:00:00,27.2,40.0,0.0,2.3,309.0,1.7874357113510329,-1.4474368994146258
2026-02-15 11:00:00,27.9,40.0,0.0,8.6,241.0,7.521729481398803,4.169362734118499
2026-02-15 12:00:00,26.8,51.0,0.0,15.5,247.0,14.267825228512827,6.056332491583744
2026-02-15 13:00:00,26.2,46.0,0.0,15.7,267.0,15.678483695646808,0.8216745130142181
2026-02-15 14:00:00,25.8,54.0,0.0,13.2,281.0,12.957478821509163,-2.518678738970391
2026-02-15 15:00:00,25.8,55.0,0.0,11.1,282.0,10.857438368145242,-2.3078197680771284
2026-02-15 16:00:00,24.9,63.0,0.0,11.3,280.0,11.128327609037951,-1.962224407636313
2026-02-15 17:00:00,24.0,71.0,0.0,11.4,305.0,9.338333304894507,-6.538771374401925
2026-02-15 18:00:00,23.1,76.0,0.0,9.4,325.0,5.391618501699834,-7.700029216316524
2026-02-15 19:00:00,23.0,79.0,0.0,7.8,326.0,4.361704647071825,-6.466493065929326
2026-02-15 20:00:00,23.3,79.0,0.0,8.1,356.0,0.5650274373274143,-8.080268807104575
2026-02-15 21:00:00,23.3,76.0,0.0,4.7,4.0,-0.32785542659739025,-4.688551036221174
2026-02-15 22:00:00,23.0,75.0,0.0,3.9,24.0,-1.5862729079956204,-3.5628272848061435
2026-02-15 23:00:00,22.5,77.0,0.0,5.0,46.0,-3.5966990016932554,-3.4732918522949867
2026-02-16 00:00:00,22.1,79.0,0.0,4.6,36.0,-2.7038121605453767,-3.7214781741247576
2026-02-16 01:00:00,21.8,80.0,0.0,4.1,34.0,-2.292690904230061,-3.3990540474756714
2026-02-16 02:00:00,21.4,81.0,0.0,6.7,38.0,-4.124931884681909,-5.279672049165038
2026-02-16 03:00:00,21.3,81.0,0.0,7.6,52.0,-5.988881727411087,-4.679027212475002
2026-02-16 04:00:00,21.2,79.0,0.0,6.0,29.0,-2.908857721478021,-5.247718242836376
2026-02-16 05:00:00,21.1,76.0,0.0,6.7,16.0,-1.8467702839738926,-6.440453362786737
2026-02-16 06:00:00,21.0,72.0,0.0,6.3,35.0,-3.6135315490115922,-5.160657879020647
2026-02-16 07:00:00,20.8,68.0,0.0,5.1,45.0,-3.606244584051393,-3.606244584051392
2026-02-16 08:00:00,22.1,63.0,0.0,6.9,15.0,-1.7858514112073924,-6.664888201394572
2026-02-16 09:00:00,24.0,55.0,0.0,6.3,355.0,0.5490811793102462,-6.276026597977997
2026-02-16 10:00:00,25.6,50.0,0.0,8.3,340.0,2.8387671896030513,-7.799448752523039
2026-02-16 11:00:00,26.9,46.0,0.0,10.2,328.0,5.40517649517869,-8.650090580795544
2026-02-16 12:00:00,27.8,43.0,0.0,12.1,318.0,8.096480336942184,-8.99205238827647
2026-02-16 13:00:00,27.9,47.0,0.0,14.4,307.0,11.500351344681016,-8.666136333389495
2026-02-16 14:00:00,27.2,54.0,0.0,17.6,302.0,14.925646492353097,-9.326579050504407
2026-02-16 15:00:00,26.6,58.0,0.0,19.4,308.0,15.287408619970403,-11.94383262131777
2026-02-16 16:00:00,25.7,63.0,0.0,20.5,318.0,13.717177430356594,-15.234468922286583
2026-02-16 17:00:00,24.9,64.0,0.0,19.2,332.0,9.013854005489105,-16.952593782891395
2026-02-16 18:00:00,23.8,66.0,0.0,16.6,347.0,3.734187502108158,-16.174543075434908
2026-02-16 19:00:00,23.0,65.0,0.0,13.9,10.0,-2.4137096695703315,-13.688827766869691
2026-02-16 20:00:00,22.1,69.0,0.0,12.8,6.0,-1.3379643298259631,-12.7298802607139
2026-02-16 21:00:00,21.3,72.0,0.0,10.1,4.0,-0.7045403848156684,-10.075396907624224
2026-02-16 22:00:00,20.5,77.0,0.0,9.9,5.0,-0.8628418532018167,-9.862327511108282
2026-02-16 23:00:00,19.7,81.0,0.0,10.4,1.0,-0.1815050269477484,-10.39841602962647
2026-02-17 00:00:00,19.0,84.0,0.0,12.6,357.0,0.659433048661094,-12.58273213790763
2026-02-17 01:00:00,18.3,85.0,0.0,13.0,2.0,-0.4536934571325099,-12.992080751248245
2026-02-17 02:00:00,18.0,83.0,0.0,12.4,1.0,-0.21640983982231538,-12.398111419939251
2026-02-17 03:00:00,17.7,85.0,0.0,12.8,356.0,0.892882863924803,-12.768819843325751
2026-02-17 04:00:00,17.0,86.0,0.0,12.9,7.0,-1.5721145299263986,-12.803845356173055
2026-02-17 05:00:00,16.8,85.0,0.0,12.1,10.0,-2.101142949769857,-11.916173811447717
2026-02-17 06:00:00,16.5,86.0,0.0,12.8,2.0,-0.4467135577920098,-12.792202585844427
2026-02-17 07:00:00,16.5,86.0,0.0,11.4,5.0,-0.993575467323304,-11.3566195582459
2026-02-17 08:00:00,18.0,78.0,0.0,10.4,11.0,-1.984413551916064,-10.208922707855706
2026-02-17 09:00:00,20.6,65.0,0.0,7.1,353.0,0.8652723381765471,-7.047077676653386
2026-02-17 10:00:00,22.8,58.0,0.0,6.8,318.0,4.5500881232402355,-5.05338481324628
2026-02-17 11:00:00,23.8,56.0,0.0,13.2,300.0,11.43153532995459,-6.599999999999999
2026-02-17 12:00:00,24.2,52.0,0.0,16.5,311.0,12.452708073675739,-10.82497397834337
2026-02-17 13:00:00,25.3,49.0,0.0,17.3,316.0,12.017589808940652,-12.444578545858665
2026-02-17 14:00:00,25.0,52.0,0.0,19.5,315.0,13.788582233137678,-13.788582233137676
2026-02-17 15:00:00,25.0,53.0,0.0,18.7,316.0,12.990111527583249,-13.451654266332774
2026-02-17 16:00:00,24.5,54.0,0.0,18.3,316.0,12.71224817939965,-13.163918346197315
2026-02-17 17:00:00,23.5,59.0,0.0,17.1,321.0,10.761378686952222,-13.289195940914203
2026-02-17 18:00:00,22.0,64.0,0.0,15.3,326.0,8.555651423102427,-12.68427486009214
2026-02-17 19:00:00,21.2,67.0,0.0,12.9,337.0,5.040431557511631,-11.874512609536481
2026-02-17 20:00:00,20.7,67.0,0.0,12.1,354.0,1.264794405538607,-12.033714933956107
2026-02-17 21:00:00,19.8,69.0,0.0,10.4,360.0,6.368163355566237e-16,-10.4
2026-02-17 22:00:00,18.8,73.0,0.0,10.8,357.0,0.5652283274237949,-10.785198975349399
2026-02-17 23:00:00,18.3,73.0,0.0,11.9,2.0,-0.4153040107597591,-11.89275084152724
2026-02-18 00:00:00,17.8,73.0,0.0,11.2,5.0,-0.9761443187737723,-11.157380618627549
2026-02-18 01:00:00,17.4,74.0,0.0,11.0,360.0,6.735557395310443e-16,-11.0
2026-02-18 02:00:00,17.0,75.0,0.0,13.0,1.0,-0.22688128368468546,-12.998020037033086
2026-02-18 03:00:00,16.6,76.0,0.0,12.9,6.0,-1.3484171761527284,-12.829332450250726
2026-02-18 04:00:00,16.3,77.0,0.0,10.7,13.0,-2.4069762814793583,-10.425759693202016
2026-02-18 05:00:00,16.1,78.0,0.0,10.0,9.0,-1.5643446504023104,-9.876883405951377
2026-02-18 06:00:00,15.9,79.0,0.0,9.9,5.0,-0.8628418532018167,-9.862327511108282
2026-02-18 07:00:00,16.0,78.0,0.0,11.0,1.0,-0.19197647081011848,-10.998324646720304
2026-02-18 08:00:00,17.2,73.0,0.0,10.4,8.0,-1.4474002499846848,-10.298787914912332
2026-02-18 09:00:00,19.6,64.0,0.0,7.4,356.0,0.5161979057065268,-7.381973971922699
2026-02-18 10:00:00,21.8,58.0,0.0,7.7,329.0,3.9657931768074173,-6.600188215406265
2026-02-18 11:00:00,23.1,54.0,0.0,12.4,310.0,9.498951094675327,-7.970566360113087
2026-02-18 12:00:00,23.9,51.0,0.0,14.3,312.0,10.626971004326737,-9.568567670931673
2026-02-18 13:00:00,24.6,48.0,0.0,15.5,308.0,12.214166680904189,-9.542752867547703
2026-02-18 14:00:00,24.1,51.0,0.0,18.3,310.0,14.018613309077299,-11.763013257263669
2026-02-18 15:00:00,23.5,54.0,0.0,19.5,311.0,14.716836814344054,-12.793151065314891
2026-02-18 16:00:00,22.7,58.0,0.0,19.4,311.0,14.641365856321777,-12.72754516241584
2026-02-18 17:00:00,21.8,61.0,0.0,15.7,315.0,11.101576464628796,-11.101576464628794
2026-02-18 18:00:00,21.0,62.0,0.0,12.7,328.0,6.729974655761702,-10.770210821186609
2026-02-18 19:00:00,20.5,61.0,0.0,10.7,351.0,1.6738487759304708,-10.568265244367973
2026-02-18 20:00:00,20.3,60.0,0.0,10.6,1.0,-0.18499550823520508,-10.598385568657747
2026-02-18 21:00:00,19.4,62.0,0.0,9.4,1.0,-0.16405262051046487,-9.398568334470077
2026-02-18 22:00:00,18.6,66.0,0.0,8.6,358.0,0.3001356716415093,-8.594761112364223
2026-02-18 23:00:00,18.0,67.0,0.0,9.2,1.0,-0.16056213922300816,-9.1985987954388
2026-02-19 00:00:00,17.6,67.0,0.0,8.6,10.0,-1.4933743279356009,-8.469346675904989
2026-02-19 01:00:00,17.4,67.0,0.0,8.2,15.0,-2.122316169840669,-7.92059177557036
2026-02-19 02:00:00,17.1,66.0,0.0,9.3,10.0,-1.6149280523024523,-9.158712103013535
2026-02-19 03:00:00,17.0,67.0,0.0,8.4,10.0,-1.458644692402215,-8.272385125302547
2026-02-19 04:00:00,16.9,67.0,0.0,9.0,6.0,-0.9407561694088802,-8.95069705831446
2026-02-19 05:00:00,16.6,68.0,0.0,10.9,9.0,-1.7051356689385184,-10.765802912487
2026-02-19 06:00:00,16.5,69.0,0.0,12.6,11.0,-2.404193341744462,-12.368502511440566
2026-02-19 07:00:00,16.7,69.0,0.0,12.7,13.0,-2.8568783901670884,-12.374499822772485
2026-02-19 08:00:00,18.1,63.0,0.0,11.5,14.0,-2.7821017993961794,-11.15840085217396
2026-02-19 09:00:00,20.5,57.0,0.0,12.1,5.0,-1.0545844872466648,-12.053955846910121
2026-02-19 10:00:00,22.6,51.0,0.0,10.1,359.0,0.17626930501656435,-10.098461721079552
2026-02-19 11:00:00,24.1,47.0,0.0,8.9,328.0,4.716281451675524,-7.547628055792192
2026-02-19 12:00:00,24.9,46.0,0.0,13.0,304.0,10.77748844321554,-7.26950774511971
2026-02-19 13:00:00,24.1,53.0,0.0,19.0,287.0,18.169790363297672,-5.555062389731999
2026-02-19 14:00:00,22.6,58.0,0.0,19.2,287.0,18.36105131449028,-5.613536730676546
2026-02-19 15:00:00,22.6,57.0,0.0,15.6,291.0,14.563854653356346,-5.5905400129066845
2026-02-19 16:00:00,22.0,60.0,0.0,15.1,303.0,12.663925575975902,-8.224049428726909
2026-02-19 17:00:00,21.4,62.0,0.0,14.0,319.0,9.184826405867103,-10.565934123118808
2026-02-19 18:00:00,20.8,64.0,0.0,13.3,337.0,5.19672400890734,-12.242714550917457
2026-02-19 19:00:00,20.7,63.0,0.0,12.2,359.0,0.21291935853485988,-12.198141880907972
2026-02-19 20:00:00,20.6,67.0,0.0,9.6,4.0,-0.6696621479436056,-9.576614882494312
2026-02-19 21:00:00,20.1,69.0,0.0,6.5,24.0,-2.6437881799927005,-5.9380454746769065
2026-02-19 22:00:00,19.6,71.0,0.0,5.6,29.0,-2.7149338733794863,-4.897870359980617
2026-02-19 23:00:00,19.0,74.0,0.0,5.7,18.0,-1.7613968679372012,-5.421022142882375
2026-02-20 00:00:00,18.6,74.0,0.0,5.5,19.0,-1.7906248495143615,-5.200352165796243
2026-02-20 01:00:00,18.4,74.0,0.0,5.1,32.0,-2.7025882475893455,-4.325045290397772
2026-02-20 02:00:00,17.9,76.0,0.0,6.4,43.0,-4.364789504399991,-4.6806636903626915
2026-02-20 03:00:00,17.9,75.0,0.0,5.8,30.0,-2.9000000000000026,-5.022947341949743
2026-02-20 04:00:00,17.9,75.0,0.0,8.2,9.0,-1.2827626133298944,-8.099044392880128
2026-02-20 05:00:00,17.5,74.0,0.0,10.6,18.0,-3.2755801403744442,-10.081199072728626
2026-02-20 06:00:00,17.1,76.0,0.0,11.8,21.0,-4.228741804634549,-11.01624903266698
2026-02-20 07:00:00,17.8,72.0,0.0,11.9,14.0,-2.8788705576360467,-11.546519142684359
2026-02-20 08:00:00,19.5,63.0,0.0,11.0,1.0,-0.19197647081011848,-10.998324646720304
2026-02-20 09:00:00,22.0,52.0,0.0,11.4,357.0,0.5966299011695613,-11.384376696202143
2026-02-20 10:00:00,23.4,50.0,0.0,13.6,345.0,3.519939013394282,-13.136591237531329
2026-02-20 11:00:00,24.4,48.0,0.0,14.3,326.0,7.9964585196316795,-11.855237287537097
2026-02-20 12:00:00,24.8,47.0,0.0,17.1,310.0,13.099359977334526,-10.991668125639823
2026-02-20 13:00:00,24.2,50.0,0.0,19.8,304.0,16.414943936589825,-11.07201948872079
2026-02-20 14:00:00,23.5,53.0,0.0,21.5,307.0,17.170663466016794,-12.939022997769039
2026-02-20 15:00:00,23.4,53.0,0.0,20.2,310.0,15.474097751003356,-12.984309715668092
2026-02-20 16:00:00,23.0,54.0,0.0,18.9,317.0,12.88976900518122,-13.82258496060232
2026-02-20 17:00:00,22.4,56.0,0.0,17.0,324.0,9.992349288972044,-13.753288904374106
2026-02-20 18:00:00,21.6,58.0,0.0,15.1,335.0,6.381535752284561,-13.685247584253414
2026-02-20 19:00:00,21.1,59.0,0.0,13.2,348.0,2.7444343187944247,-12.911548329686234
2026-02-20 20:00:00,21.1,61.0,0.0,10.8,357.0,0.5652283274237949,-10.785198975349399
2026-02-20 21:00:00,20.7,62.0,0.0,8.8,9.0,-1.3766232923540331,-8.691657397237211
2026-02-20 22:00:00,20.0,64.0,0.0,6.1,12.0,-1.2682613139883345,-5.966700364476214
2026-02-20 23:00:00,19.4,67.0,0.0,3.2,360.0,1.9594348786357652e-16,-3.2
2026-02-21 00:00:00,19.1,69.0,0.0,3.9,344.0,1.0749856876862967,-3.7489206141594438
2026-02-21 01:00:00,18.6,73.0,0.0,4.5,2.0,-0.15704773516125342,-4.497258721585931
2026-02-21 02:00:00,18.0,75.0,0.0,7.3,20.0,-2.49674704627738,-6.859756131737131
2026-02-21 03:00:00,17.7,75.0,0.0,5.8,36.0,-3.409154463296345,-4.692298567374695
2026-02-21 04:00:00,17.6,75.0,0.0,4.2,50.0,-3.2173866610997077,-2.699707960683465
2026-02-21 05:00:00,17.2,77.0,0.0,2.7,58.0,-2.2897298596223505,-1.430782013429653
2026-02-21 06:00:00,17.0,79.0,0.0,2.4,54.0,-1.9416407864998741,-1.4106846055019353
2026-02-21 07:00:00,17.7,76.0,0.0,2.6,39.0,-1.6362330167295784,-2.0205794997881235
2026-02-21 08:00:00,20.0,66.0,0.0,6.7,6.0,-0.7003407038932775,-6.663296698967432
2026-02-21 09:00:00,22.4,56.0,0.0,6.0,357.0,0.3140157374576638,-5.991777208527443
2026-02-21 10:00:00,24.0,50.0,0.0,7.1,326.0,3.970269614642302,-5.886166765140796
2026-02-21 11:00:00,24.7,49.0,0.0,8.8,301.0,7.543072246178589,-4.532335059208477
2026-02-21 12:00:00,24.9,50.0,0.0,11.6,282.0,11.346512168512145,-2.411775613486008
2026-02-21 13:00:00,24.6,53.0,0.0,14.2,279.0,14.025174436450955,-2.2213694035712783
2026-02-21 14:00:00,24.2,55.0,0.0,13.7,281.0,13.448292413232997,-2.6140832366586637
2026-02-21 15:00:00,24.2,56.0,0.0,10.5,277.0,10.42173459223388,-1.2796281057540484
2026-02-21 16:00:00,23.8,60.0,0.0,9.2,277.0,9.131424595100162,-1.1211979593273567
2026-02-21 17:00:00,23.0,65.0,0.0,7.8,275.0,7.770318645115615,-0.6798147934317337
2026-02-21 18:00:00,22.2,71.0,0.0,6.7,276.0,6.663296698967431,-0.7003407038932783
2026-02-21 19:00:00,21.9,74.0,0.0,5.0,291.0,4.667902132486009,-1.7918397477265013
2026-02-21 20:00:00,21.6,78.0,0.0,5.2,344.0,1.4333142502483958,-4.998560818879258
2026-02-21 21:00:00,21.5,78.0,0.0,5.0,15.0,-1.2940952255126033,-4.8296291314453415
2026-02-21 22:00:00,21.3,77.0,0.0,3.6,6.0,-0.3763024677635521,-3.5802788233257843
2026-02-21 23:00:00,20.8,79.0,0.0,3.1,3.0,-0.16224146435312736,-3.0957515577391788
2026-02-22 00:00:00,20.5,79.0,0.0,3.6,357.0,0.1884094424745983,-3.595066325116466
2026-02-22 01:00:00,20.0,81.0,0.0,3.6,357.0,0.1884094424745983,-3.595066325116466
2026-02-22 02:00:00,19.6,79.0,0.0,7.8,7.0,-0.950580878560148,-7.741859982802312
2026-02-22 03:00:00,19.6,78.0,0.0,7.3,17.0,-2.1343134444759806,-6.981024718530158
2026-02-22 04:00:00,19.5,77.0,0.0,8.2,19.0,-2.6696588665486845,-7.753252319914398
2026-02-22 05:00:00,19.5,77.0,0.0,8.7,8.0,-1.2108059783525726,-8.61533219805166
2026-02-22 06:00:00,19.6,76.0,0.0,7.8,19.0,-2.539431604765822,-7.375044889674672
2026-02-22 07:00:00,19.8,75.0,0.0,8.1,28.0,-3.802719658565715,-7.151875502157308
2026-02-22 08:00:00,21.3,70.0,0.0,10.3,360.0,6.30693101560887e-16,-10.3
2026-02-22 09:00:00,23.8,60.0,0.0,12.1,353.0,1.4746190552022846,-12.009808434859996
2026-02-22 10:00:00,25.6,55.0,0.0,13.6,337.0,5.3139433474541224,-12.51886600695319
2026-02-22 11:00:00,26.9,50.0,0.0,13.3,324.0,7.817543855489893,-10.759926025186802
2026-02-22 12:00:00,27.4,49.0,0.0,15.9,309.0,12.356620787165838,-10.006194217692414
2026-02-22 13:00:00,26.9,53.0,0.0,19.4,301.0,16.62904563362098,-9.99173865325505
2026-02-22 14:00:00,26.4,53.0,0.0,22.0,304.0,18.238826596210917,-12.302243876356432
2026-02-22 15:00:00,25.8,55.0,0.0,21.3,310.0,16.316746638434232,-13.691376086323286
2026-02-22 16:00:00,25.4,55.0,0.0,20.6,321.0,12.964000055626654,-16.0092068060136
2026-02-22 17:00:00,25.0,54.0,0.0,17.8,322.0,10.958774260796718,-14.026591414199652
2026-02-22 18:00:00,24.0,56.0,0.0,11.9,331.0,5.769234480931412,-10.40797451495881
2026-02-22 19:00:00,23.8,57.0,0.0,6.2,353.0,0.7555899291119145,-6.153786140176196
2026-02-22 20:00:00,23.1,61.0,0.0,6.2,334.0,2.7179011100922805,-5.572523087054836
2026-02-22 21:00:00,22.9,61.0,0.0,4.1,347.0,0.9222993228098461,-3.9949172656194643
2026-02-22 22:00:00,22.5,61.0,0.0,6.1,2.0,-0.21288692988525462,-6.096284044816484
2026-02-22 23:00:00,22.1,60.0,0.0,6.0,16.0,-1.6538241349019933,-5.767570175629914
2026-02-23 00:00:00,21.8,59.0,0.0,4.4,38.0,-2.7089104914328956,-3.4672473158695776
2026-02-23 01:00:00,21.2,61.0,0.0,2.3,23.0,-0.8986815955253298,-2.1171611629406124
2026-02-23 02:00:00,20.7,63.0,0.0,3.5,39.0,-2.2026213686744325,-2.720010865099397
2026-02-23 03:00:00,20.1,67.0,0.0,2.7,62.0,-2.383958500719103,-1.2675732195219054
2026-02-23 04:00:00,20.0,71.0,0.0,3.9,77.0,-3.8000432526624173,-0.8773091119410734
2026-02-23 05:00:00,19.5,77.0,0.0,2.9,86.0,-2.89293574575349,-0.2022937738579633
2026-02-23 06:00:00,19.5,78.0,0.0,1.1,108.0,-1.0461621679246689,0.3399186938124423
2026-02-23 07:00:00,20.1,77.0,0.0,1.1,342.0,0.3399186938124422,-1.0461621679246689
2026-02-23 08:00:00,22.5,62.0,0.0,2.3,29.0,-1.1150621265665746,-2.0116253264206105
2026-02-23 09:00:00,25.0,50.0,0.0,4.2,275.0,4.184017731985332,-0.3660541195401643
2026-02-23 10:00:00,26.0,49.0,0.0,8.1,264.0,8.055627352483013,0.8466805524679931
2026-02-23 11:00:00,26.1,53.0,0.0,12.5,262.0,12.378350859269629,1.739663762000818
2026-02-23 12:00:00,25.6,61.0,0.0,13.5,261.0,13.33379259803436,2.111865278043117
2026-02-23 13:00:00,25.7,64.0,0.0,12.8,268.0,12.792202585844427,0.44671355779201244
2026-02-23 14:00:00,25.4,60.0,0.0,13.6,287.0,13.005744681097282,-3.97625518422922
2026-02-23 15:00:00,25.5,57.0,0.0,10.6,309.0,8.23774719144389,-6.670796145128276
2026-02-23 16:00:00,25.6,56.0,0.0,11.1,306.0,8.980088637561916,-6.524416300446451
2026-02-23 17:00:00,25.0,59.0,0.0,10.1,305.0,8.273435647318816,-5.7931220071455645
2026-02-23 18:00:00,24.2,63.0,0.0,9.5,291.0,8.869014051723417,-3.4044955206803524
2026-02-23 19:00:00,23.5,68.0,0.0,8.5,316.0,5.904596148901477,-6.114388302878535
2026-02-23 20:00:00,23.6,69.0,0.0,10.0,345.0,2.5881904510252074,-9.659258262890683
2026-02-23 21:00:00,23.1,71.0,0.0,7.6,348.0,1.5801288502149717,-7.433921765576922
2026-02-23 22:00:00,22.8,74.0,0.0,6.2,10.0,-1.0766187015349682,-6.10580806867569
2026-02-23 23:00:00,22.0,78.0,0.0,4.4,21.0,-1.5768189779993234,-4.1077538765876875
2026-02-24 00:00:00,21.7,80.0,0.0,3.6,297.0,3.2076234870781244,-1.6343657990623683
2026-02-24 01:00:00,21.4,83.0,0.0,11.1,317.0,7.570181796693733,-8.118026087972792
2026-02-24 02:00:00,20.8,88.0,0.1,16.2,4.0,-1.1300548746548345,-16.16053761420915
2026-02-24 03:00:00,21.0,86.0,0.2,13.1,29.0,-6.351006025227012,-11.457518163526087
2026-02-24 04:00:00,20.9,87.0,0.2,8.6,23.0,-3.360287705007755,-7.916341739690986
2026-02-24 05:00:00,20.9,86.0,0.0,6.8,32.0,-3.603450996785794,-5.766727053863696
2026-02-24 06:00:00,20.9,85.0,0.0,6.1,34.0,-3.411076711171554,-5.057129192585755
2026-02-24 07:00:00,20.9,85.0,0.0,4.6,45.0,-3.2526911934581193,-3.252691193458118
2026-02-24 08:00:00,21.8,78.0,0.0,5.8,54.0,-4.692298567374696,-3.4091544632963435
2026-02-24 09:00:00,23.9,67.0,0.0,2.5,90.0,-2.5,3.061616997868383e-16
2026-02-24 10:00:00,24.6,64.0,0.2,1.9,107.0,-1.8169790363297675,0.5555062389731995
2026-02-24 11:00:00,26.1,60.0,0.0,4.9,237.0,4.109485782932578,2.668731271573633
2026-02-24 12:00:00,25.8,65.0,0.0,8.3,256.0,8.053454528090771,2.0079517334772423
2026-02-24 13:00:00,25.8,68.0,0.0,9.3,241.0,8.133963276396381,4.508729468290935
2026-02-24 14:00:00,26.6,65.0,0.0,10.2,253.0,9.75430851082296,2.982191388171915
2026-02-24 15:00:00,26.3,68.0,0.0,10.4,262.0,10.298787914912332,1.4474002499846805
2026-02-24 16:00:00,25.0,75.0,0.0,12.8,302.0,10.855015630802253,-6.782966582185023
2026-02-24 17:00:00,24.5,73.0,0.0,9.4,317.0,6.410784584587486,-6.874724795220202
2026-02-24 18:00:00,24.1,75.0,0.0,4.6,315.0,3.2526911934581184,-3.252691193458118
2026-02-24 19:00:00,24.1,75.0,0.0,3.2,34.0,-1.789417291106389,-2.6529202321761343
2026-02-24 20:00:00,24.4,75.0,0.0,4.6,77.0,-4.482102298012082,-1.0347748499817788
2026-02-24 21:00:00,24.2,78.0,0.0,5.1,98.0,-5.050367150582009,0.7097828148963331
2026-02-24 22:00:00,24.0,82.0,0.0,3.6,93.0,-3.595066325116466,0.1884094424745977
2026-02-24 23:00:00,23.8,83.0,0.0,1.5,21.0,-0.5375519243179511,-1.4003706397458024
2026-02-25 00:00:00,23.5,82.0,0.0,4.5,344.0,1.2403681011764962,-4.325677631722435
2026-02-25 01:00:00,23.3,75.0,0.0,6.9,354.0,0.7212463965468089,-6.862201078041086
2026-02-25 02:00:00,22.7,72.0,0.0,10.7,8.0,-1.4891521802727044,-10.595868335534801
2026-02-25 03:00:00,22.2,74.0,0.0,12.0,12.0,-2.494940289813117,-11.737771208805666
2026-02-25 04:00:00,21.6,76.0,0.0,12.8,17.0,-3.7423578204510353,-12.240700876326853
2026-02-25 05:00:00,21.5,77.0,0.0,13.3,9.0,-2.0805783850350728,-13.136254929915332
2026-02-25 06:00:00,21.3,78.0,0.0,15.5,5.0,-1.350914012588703,-15.441017820422056
2026-02-25 07:00:00,21.4,79.0,0.0,14.6,9.0,-2.283943189587373,-14.42024977268901
2026-02-25 08:00:00,22.8,71.0,0.0,13.1,360.0,8.021436534415163e-16,-13.1
2026-02-25 09:00:00,24.8,64.0,0.0,11.2,357.0,0.5861627099209724,-11.184650789251226
2026-02-25 10:00:00,26.8,55.0,0.0,9.5,345.0,2.458780928473947,-9.176295349746148
2026-02-25 11:00:00,27.9,53.0,0.0,10.1,310.0,7.737048875501678,-6.492154857834046
2026-02-25 12:00:00,27.9,56.0,0.0,15.6,297.0,13.899701777338539,-7.082251795936929
2026-02-25 13:00:00,27.5,60.0,0.0,17.2,298.0,15.186698597173544,-8.074910879917322
2026-02-25 14:00:00,27.0,60.0,0.0,17.7,299.0,15.480768816367304,-8.581130278360165
2026-02-25 15:00:00,26.1,63.0,0.0,19.9,311.0,15.018720646433161,-13.055574676911094
2026-02-25 16:00:00,25.9,61.0,0.0,17.0,320.0,10.92738936467117,-13.022755533022627
2026-02-25 17:00:00,25.8,60.0,0.0,13.9,324.0,8.170215006865376,-11.24533622181177
2026-02-25 18:00:00,25.1,62.0,0.0,12.1,328.0,6.4120230972217795,-10.261381963492754
2026-02-25 19:00:00,24.6,64.0,0.0,11.4,334.0,4.997431073395483,-10.246252127810505
2026-02-25 20:00:00,24.6,63.0,0.0,11.2,354.0,1.1707187885977186,-11.13864522812466
2026-02-25 21:00:00,24.1,63.0,0.0,8.7,7.0,-1.0602632876247804,-8.635151519279502
2026-02-25 22:00:00,23.3,66.0,0.0,9.0,360.0,5.51091059616309e-16,-9.0
2026-02-25 23:00:00,22.4,71.0,0.0,10.4,352.0,1.447400249984681,-10.298787914912332
2026-02-26 00:00:00,21.5,74.0,0.0,9.9,15.0,-2.5623085465149544,-9.562665680261777
2026-02-26 01:00:00,21.1,76.0,0.0,7.6,28.0,-3.5679838771727694,-6.710401705727845
2026-02-26 02:00:00,21.0,76.0,0.0,9.9,10.0,-1.7191169589026103,-9.74959675482086
2026-02-26 03:00:00,21.0,76.0,0.0,8.8,23.0,-3.4384339307056098,-8.100442710381476
2026-02-26 04:00:00,20.8,77.0,0.0,6.8,29.0,-3.2967054176750903,-5.947414008547892
2026-02-26 05:00:00,20.8,77.0,0.0,5.7,24.0,-2.3183988655320604,-5.207209108562826
2026-02-26 06:00:00,20.6,78.0,0.0,5.9,14.0,-1.42733918403804,-5.7247447850283795
2026-02-26 07:00:00,20.9,76.0,0.0,5.2,25.0,-2.197614961051636,-4.71280049259058
2026-02-26 08:00:00,22.3,72.0,0.0,5.7,28.0,-2.6759879078795774,-5.032801279295884
2026-02-26 09:00:00,24.6,66.0,0.0,1.3,45.0,-0.919238815542512,-0.9192388155425117
2026-02-26 10:00:00,26.1,61.0,0.0,5.6,270.0,5.6,0.0
2026-02-26 11:00:00,26.2,60.0,0.0,11.0,272.0,10.993299097210054,-0.3838944637275107
2026-02-26 12:00:00,26.0,60.0,0.0,11.3,277.0,11.215771513546938,-1.3771235804781665
2026-02-26 13:00:00,26.0,58.0,0.0,10.6,271.0,10.598385568657747,-0.18499550823520522
2026-02-26 14:00:00,26.0,58.0,0.0,10.5,273.0,10.485610114923025,-0.5495275405509102
2026-02-26 15:00:00,25.7,60.0,0.0,10.4,280.0,10.242000631326963,-1.8059410477360756
2026-02-26 16:00:00,25.0,65.0,0.0,9.3,286.0,8.939733772226367,-2.5634274090980926
2026-02-26 17:00:00,24.2,69.0,0.0,9.0,300.0,7.794228634059948,-4.499999999999999
2026-02-26 18:00:00,23.4,75.0,0.0,8.3,309.0,6.450311480092859,-5.223359245713651
2026-02-26 19:00:00,23.0,78.0,0.0,7.1,322.0,4.371196474812174,-5.594876350607726
2026-02-26 20:00:00,23.2,78.0,0.0,11.1,333.0,5.03929454710897,-9.890172418490883
2026-02-26 21:00:00,23.2,76.0,0.0,8.8,356.0,0.6138569689483021,-8.778563642286453
2026-02-26 22:00:00,23.0,74.0,0.0,8.0,18.0,-2.4721359549995805,-7.608452130361228
2026-02-26 23:00:00,22.7,75.0,0.0,7.7,25.0,-3.2541606154033835,-6.978569960182205
2026-02-27 00:00:00,22.5,75.0,0.0,5.2,16.0,-1.4333142502483942,-4.998560818879259
2026-02-27 01:00:00,22.2,77.0,0.0,7.7,342.0,2.3794308566870956,-7.323135175472682
2026-02-27 02:00:00,22.0,79.0,0.0,8.9,352.0,1.2386405985445827,-8.813385811799977
2026-02-27 03:00:00,21.8,79.0,0.0,9.8,7.0,-1.1943195653704424,-9.726952286084957
2026-02-27 04:00:00,21.2,80.0,0.0,11.7,10.0,-2.031683678703085,-11.522250710242833
2026-02-27 05:00:00,21.2,79.0,0.0,13.4,4.0,-0.9347367481712828,-13.367358273481644
2026-02-27 06:00:00,21.3,78.0,0.0,13.5,4.0,-0.9417123955456953,-13.467114678507627
2026-02-27 07:00:00,21.5,78.0,0.0,13.1,8.0,-1.8231676225768623,-12.97251170051457
2026-02-27 08:00:00,23.3,69.0,0.0,12.8,349.0,2.442355140819775,-12.5648279481301
2026-02-27 09:00:00,25.4,62.0,0.0,14.2,336.0,5.775660331676363,-12.972345498524932
2026-02-27 10:00:00,27.1,56.0,0.0,17.0,332.0,7.981016567360145,-15.010109078601756
2026-02-27 11:00:00,27.4,53.0,0.0,14.5,316.0,10.07254637165546,-10.430427104910441
2026-02-27 12:00:00,28.0,53.0,0.0,17.2,311.0,12.981004779831679,-11.284215298636724
2026-02-27 13:00:00,28.2,53.0,0.0,16.4,321.0,10.320854413217335,-12.745193767894321
2026-02-27 14:00:00,28.6,45.0,0.0,18.8,322.0,11.574435736122377,-14.814602167806374
2026-02-27 15:00:00,28.0,41.0,0.0,19.3,338.0,7.229907252927101,-17.894648393138997
2026-02-27 16:00:00,27.6,43.0,0.0,17.8,329.0,9.167677733398964,-15.2575779524976
2026-02-27 17:00:00,26.0,51.0,0.0,17.7,339.0,6.343112706951817,-16.52437354900047
2026-02-27 18:00:00,25.0,52.0,0.0,14.6,359.0,0.2548051339843405,-14.597776349283313
2026-02-27 19:00:00,24.6,51.0,0.0,14.7,6.0,-1.5365684100345043,-14.619471861913619
2026-02-27 20:00:00,24.9,50.0,0.0,16.0,359.0,0.2792385029965376,-15.99756312250226
2026-02-27 21:00:00,24.0,56.0,0.0,14.0,1.0,-0.24433369012196898,-13.997867732189478
2026-02-27 22:00:00,23.2,62.0,0.0,10.8,3.0,-0.5652283274237986,-10.785198975349399
2026-02-27 23:00:00,23.0,65.0,0.0,8.8,360.0,5.388445916248355e-16,-8.8
2026-02-28 00:00:00,22.8,66.0,0.0,7.3,16.0,-2.0121526974640918,-7.017210380349729
2026-02-28 01:00:00,22.4,68.0,0.0,9.2,360.0,5.633375276077824e-16,-9.2
2026-02-28 02:00:00,22.2,72.0,0.0,8.7,6.0,-0.9093976304285841,-8.652340489703978
2026-02-28 03:00:00,22.0,73.0,0.0,8.8,1.0,-0.15358117664809479,-8.798659717376244
2026-02-28 04:00:00,21.9,73.0,0.0,5.8,16.0,-1.5986966637385935,-5.57531783644225
2026-02-28 05:00:00,21.6,75.0,0.0,9.5,10.0,-1.6496576878358382,-9.355673653615977
2026-02-28 06:00:00,20.9,84.0,1.6,10.1,5.0,-0.8802730017513483,-10.06156645072663
2026-02-28 07:00:00,20.8,89.0,0.4,8.9,352.0,1.2386405985445827,-8.813385811799977
2026-02-28 08:00:00,21.0,88.0,0.2,9.6,348.0,1.9959522318504908,-9.390216967044534
2026-02-28 09:00:00,21.6,83.0,0.1,7.1,10.0,-1.2329020614352053,-6.992135046386677
2026-02-28 10:00:00,22.4,80.0,0.0,5.9,38.0,-3.632402704421383,-4.649263446279661
2026-02-28 11:00:00,24.3,71.0,0.0,3.6,342.0,1.112461179749811,-3.4238034586625528
2026-02-28 12:00:00,23.0,77.0,0.2,8.2,331.0,3.975438886019964,-7.171881598543044
2026-02-28 13:00:00,23.1,77.0,0.0,7.0,342.0,2.163118960624632,-6.657395614066075
2026-02-28 14:00:00,22.9,79.0,0.4,9.9,357.0,0.5181259668051453,-9.886432394070281
2026-02-28 15:00:00,22.7,80.0,0.4,6.7,336.0,2.7251355086078615,-6.120754566205426
2026-02-28 16:00:00,22.1,86.0,1.1,5.6,320.0,3.5996106142446203,-4.289848881466277
2026-02-28 17:00:00,21.7,90.0,0.8,4.7,332.0,2.206516345093687,-4.149853686436956
2026-02-28 18:00:00,21.5,92.0,0.3,4.6,329.0,2.369175144586249,-3.9429695832297162
2026-02-28 19:00:00,21.2,95.0,0.7000000000000001,7.0,318.0,4.683914244512008,-5.20201377834176
2026-02-28 20:00:00,20.7,95.0,3.0,10.4,343.0,3.0406657291164625,-9.94556946201557
2026-02-28 21:00:00,20.9,96.0,2.2,10.6,328.0,5.617144200871972,-8.989309819258114
2026-02-28 22:00:00,20.8,96.0,2.7,8.1,332.0,3.802719658565716,-7.151875502157307
2026-02-28 23:00:00,20.5,96.0,3.4,8.4,337.0,3.2821414793098995,-7.7322407690005
2026-03-01 00:00:00,20.5,97.0,1.6,4.8,11.0,-0.9158831778074141,-4.711810480548787
2026-03-01 01:00:00,20.5,97.0,0.5,5.0,2.0,-0.1744974835125038,-4.9969541350954785
2026-03-01 02:00:00,20.4,97.0,0.0,7.1,353.0,0.8652723381765471,-7.047077676653386
2026-03-01 03:00:00,20.4,96.0,0.0,8.3,2.0,-0.28966582263075635,-8.294943864258496
2026-03-01 04:00:00,20.3,96.0,0.0,7.5,20.0,-2.565151074942514,-7.047694655894313
2026-03-01 05:00:00,20.2,96.0,0.0,5.9,27.0,-2.678543948463327,-5.25693849271137
2026-03-01 06:00:00,20.1,96.0,0.0,4.7,358.0,0.1640276345017551,-4.6971368869897505
2026-03-01 07:00:00,20.4,95.0,0.0,5.8,360.0,3.5514757175273243e-16,-5.8
2026-03-01 08:00:00,22.0,87.0,0.0,3.5,321.0,2.202621368674431,-2.720010865099398
2026-03-01 09:00:00,23.5,82.0,0.0,1.9,124.0,-1.575171387854579,1.0624665165944192
2026-03-01 10:00:00,24.9,76.0,0.0,5.2,268.0,5.196832300499298,0.18147738285300505
2026-03-01 11:00:00,25.3,75.0,0.0,10.6,281.0,10.405248144545238,-2.022575350991375
2026-03-01 12:00:00,26.1,72.0,0.0,9.5,269.0,9.498553103985717,0.16579786115419337
2026-03-01 13:00:00,27.6,65.0,0.0,9.9,192.0,2.0583257390958187,9.683661247264675
2026-03-01 14:00:00,27.9,65.0,0.0,23.3,176.0,-1.6253258382381202,23.243242371053906
2026-03-01 15:00:00,26.9,68.0,0.0,27.0,177.0,-1.4130708185594838,26.962997438373492
2026-03-01 16:00:00,26.4,68.0,0.0,25.5,169.0,-4.8656293821018926,25.031493177915433
2026-03-01 17:00:00,25.9,72.0,0.0,22.3,167.0,-5.016408511868191,21.728452444710747
2026-03-01 18:00:00,25.1,76.0,0.0,22.3,167.0,-5.016408511868191,21.728452444710747
2026-03-01 19:00:00,24.7,79.0,0.0,21.5,161.0,-6.999715320828868,20.32864937538531
2026-03-01 20:00:00,25.0,78.0,0.0,18.1,164.0,-4.989036140287683,17.398836696483574
2026-03-01 21:00:00,24.8,80.0,0.0,18.0,154.0,-7.890680642203395,16.178292833385004
2026-03-01 22:00:00,24.7,81.0,0.0,14.8,153.0,-6.719059396145291,13.186896557987845
2026-03-01 23:00:00,24.5,82.0,0.0,12.3,141.0,-7.740640809912999,9.558895325920744
2026-03-02 00:00:00,24.1,84.0,0.0,10.3,134.0,-7.409199943488108,7.154981215727671
2026-03-02 01:00:00,23.8,85.0,0.0,10.0,116.0,-8.98794046299167,4.383711467890773
2026-03-02 02:00:00,23.5,88.0,0.0,3.1,69.0,-2.8940993221413254,-1.1109406435904314
2026-03-02 03:00:00,23.2,86.0,0.1,7.1,71.0,-6.713181886755148,-2.311533896645813
2026-03-02 04:00:00,22.8,88.0,0.0,6.5,66.0,-5.938045474676906,-2.6437881799927014
2026-03-02 05:00:00,22.6,88.0,0.0,6.3,55.0,-5.160657879020648,-3.613531549011591
2026-03-02 06:00:00,22.5,87.0,0.0,6.2,54.0,-5.015905365124675,-3.644268564213333
2026-03-02 07:00:00,22.5,87.0,0.0,6.0,29.0,-2.908857721478021,-5.247718242836376
2026-03-02 08:00:00,24.0,86.0,0.0,4.8,326.0,2.6841259366595844,-3.9793803482642
2026-03-02 09:00:00,25.7,78.0,0.0,4.7,328.0,2.490620541896063,-3.9858260519352022
2026-03-02 10:00:00,26.6,75.0,0.0,7.3,303.0,6.122295146001595,-3.9758649556096977
2026-03-02 11:00:00,27.0,74.0,0.0,9.3,295.0,8.428662419440846,-3.930349834188505
2026-03-02 12:00:00,27.2,73.0,0.0,12.8,294.0,11.693381857825292,-5.206229031370243
2026-03-02 13:00:00,26.8,75.0,0.0,15.3,301.0,13.114659700742319,-7.880082546123829
2026-03-02 14:00:00,27.1,70.0,0.0,16.3,306.0,13.186977008311644,-9.580899612367313
2026-03-02 15:00:00,26.9,71.0,0.0,15.2,314.0,10.933964965147497,-10.558807230976758
2026-03-02 16:00:00,26.0,77.0,0.0,15.1,310.0,11.567271091096568,-9.706092906266742
2026-03-02 17:00:00,24.9,82.0,0.0,15.9,314.0,11.437502825384554,-11.045068090298056
2026-03-02 18:00:00,24.0,87.0,0.0,12.7,317.0,8.66137917279373,-9.288192010563463
2026-03-02 19:00:00,23.7,88.0,0.0,10.0,334.0,4.383711467890775,-8.98794046299167
2026-03-02 20:00:00,24.1,87.0,0.0,9.3,344.0,2.5634274090980926,-8.939733772226367
2026-03-02 21:00:00,23.9,87.0,0.0,8.8,359.0,0.15358117664809567,-8.798659717376244
2026-03-02 22:00:00,23.5,87.0,0.0,10.8,355.0,0.941282021674708,-10.758902739390853
2026-03-02 23:00:00,23.3,88.0,0.0,11.6,345.0,3.0023009231892406,-11.204739584953192
2026-03-03 00:00:00,23.0,89.0,0.0,10.8,345.0,2.795245687107224,-10.431998923921938
2026-03-03 01:00:00,22.5,90.0,0.0,9.3,10.0,-1.6149280523024523,-9.158712103013535
2026-03-03 02:00:00,22.1,91.0,0.0,7.7,30.0,-3.8500000000000036,-6.668395609140176
2026-03-03 03:00:00,22.0,92.0,0.0,4.3,24.0,-1.7489675652259404,-3.928245467863184
2026-03-03 04:00:00,21.9,93.0,0.0,2.5,356.0,0.1743911843603131,-2.4939101256495606
2026-03-03 05:00:00,21.9,93.0,0.0,1.1,9.0,-0.17207791154425414,-1.0864571746546514
2026-03-03 06:00:00,22.2,92.0,0.0,3.5,332.0,1.643150469750618,-3.090316575006244
2026-03-03 07:00:00,22.4,91.0,0.0,5.7,336.0,2.3183988655320613,-5.207209108562825
2026-03-03 08:00:00,21.9,96.0,0.9,8.1,4.0,-0.5650274373274172,-8.080268807104575
2026-03-03 09:00:00,21.8,97.0,4.5,7.4,23.0,-2.8914103508206264,-6.811735915548058
2026-03-03 10:00:00,22.0,94.0,1.7000000000000002,7.7,359.0,0.13438352956708371,-7.698827252704213
2026-03-03 11:00:00,22.2,92.0,1.1,8.7,353.0,1.060263287624783,-8.6351515192795
2026-03-03 12:00:00,25.0,78.0,0.1,3.0,256.0,2.9108871788279895,0.7257656867990032
2026-03-03 13:00:00,25.3,74.0,0.1,10.8,252.0,10.271410375987658,3.337383539249432
2026-03-03 14:00:00,24.0,78.0,0.1,14.4,304.0,11.9381410447926,-8.052377809978756
2026-03-03 15:00:00,23.6,78.0,0.0,11.0,312.0,8.174593080251336,-7.360436669947441
2026-03-03 16:00:00,23.5,77.0,0.0,12.4,313.0,9.068785900077714,-8.45677966477498
2026-03-03 17:00:00,23.1,77.0,0.0,13.1,326.0,7.325427035466783,-10.860392200471047
2026-03-03 18:00:00,22.6,79.0,0.0,11.9,337.0,4.649700429022357,-10.95400775608404
2026-03-03 19:00:00,21.8,81.0,0.0,12.6,355.0,1.0981623586204925,-12.552053195955994
2026-03-03 20:00:00,21.4,81.0,0.0,11.9,5.0,-1.0371533386971332,-11.854716907291772
2026-03-03 21:00:00,20.8,83.0,0.0,9.4,2.0,-0.3280552690035072,-9.394273773979501
2026-03-03 22:00:00,20.2,84.0,0.0,8.5,354.0,0.8884919377750544,-8.453436110630323
2026-03-03 23:00:00,19.8,84.0,0.0,7.6,348.0,1.5801288502149717,-7.433921765576922
2026-03-04 00:00:00,19.5,83.0,0.0,9.0,344.0,2.4807362023529924,-8.65135526344487
2026-03-04 01:00:00,19.3,84.0,0.0,6.0,3.0,-0.31401573745766587,-5.991777208527443
2026-03-04 02:00:00,19.0,84.0,0.0,8.8,4.0,-0.6138569689483051,-8.778563642286453
2026-03-04 03:00:00,19.0,85.0,0.0,6.8,3.0,-0.3558845024520213,-6.790680836331102
2026-03-04 04:00:00,18.8,88.0,0.1,5.8,20.0,-1.9837168312888775,-5.450217200558269
2026-03-04 05:00:00,19.1,89.0,0.0,2.4,351.0,0.3754427160965542,-2.3704520174283306
2026-03-04 06:00:00,19.2,89.0,0.2,7.3,324.0,4.290832341735054,-5.9058240589371165
2026-03-04 07:00:00,19.4,89.0,0.2,6.3,340.0,2.1547269029517135,-5.9200635109512225
2026-03-04 08:00:00,20.6,84.0,0.7000000000000001,6.3,342.0,1.946807064562169,-5.991656052659467
2026-03-04 09:00:00,21.5,78.0,0.0,8.8,327.0,4.792823508132239,-7.380300997919732
2026-03-04 10:00:00,21.9,78.0,0.0,9.0,327.0,4.901751315135244,-7.548035111508817
2026-03-04 11:00:00,22.9,75.0,0.0,6.4,328.0,3.3914832910925115,-5.4275078154011265
2026-03-04 12:00:00,22.6,77.0,0.1,4.8,299.0,4.1981745942691,-2.3270861771824176
2026-03-04 13:00:00,22.5,80.0,0.3,6.3,297.0,5.613341102386718,-2.8601401483591444
2026-03-04 14:00:00,21.9,84.0,0.4,10.2,329.0,5.253388364082552,-8.743106467161546
2026-03-04 15:00:00,22.0,84.0,0.2,9.2,343.0,2.689819683449178,-8.798003754859925
2026-03-04 16:00:00,21.9,84.0,0.1,9.4,343.0,2.7482940243937257,-8.989264706052534
2026-03-04 17:00:00,21.5,85.0,0.1,8.4,351.0,1.3140495063379398,-8.296582060999157
2026-03-04 18:00:00,21.0,88.0,0.3,9.0,357.0,0.4710236061864957,-8.987665812791164
2026-03-04 19:00:00,20.5,90.0,0.1,8.3,346.0,2.007951733477242,-8.053454528090771
2026-03-04 20:00:00,20.8,93.0,0.1,6.9,9.0,-1.0793978087775942,-6.81504955010645
2026-03-04 21:00:00,20.8,93.0,0.0,6.4,29.0,-3.102781569576556,-5.5975661256921345
2026-03-04 22:00:00,20.6,95.0,0.1,3.3,41.0,-2.1649947956686737,-2.4905416147351476
2026-03-04 23:00:00,20.6,95.0,0.1,5.8,326.0,3.2433188401303314,-4.808417920819242
2026-03-05 00:00:00,20.2,95.0,0.1,6.3,357.0,0.329716524330547,-6.291366068953815
2026-03-05 01:00:00,19.9,95.0,0.4,7.0,26.0,-3.068598027523544,-6.291558324094168
2026-03-05 02:00:00,19.6,94.0,0.4,9.9,25.0,-4.1839207912329215,-8.972447091662836
2026-03-05 03:00:00,19.4,97.0,0.3,6.4,58.0,-5.427507815401127,-3.391483291092511
2026-03-05 04:00:00,19.5,97.0,0.4,3.2,56.0,-2.6529202321761343,-1.7894172911063895
2026-03-05 05:00:00,19.6,95.0,0.3,1.5,76.0,-1.4554435894139948,-0.3628828433995013
2026-03-05 06:00:00,19.6,95.0,0.9,4.3,28.0,-2.01872771997933,-3.796674649293386
2026-03-05 07:00:00,19.8,94.0,0.4,4.7,32.0,-2.490620541896064,-3.9858260519352022
2026-03-05 08:00:00,20.4,93.0,0.1,5.2,70.0,-4.886401628086724,-1.778504745293477
2026-03-05 09:00:00,21.0,86.0,0.0,5.5,41.0,-3.6083246594477902,-4.150902691225246
2026-03-05 10:00:00,22.0,81.0,0.0,4.2,155.0,-1.7749966993109372,3.8064927055539304
2026-03-05 11:00:00,22.1,82.0,0.1,1.3,225.0,0.9192388155425119,0.9192388155425117
2026-03-05 12:00:00,22.4,82.0,0.0,0.8,243.0,0.7128052193506944,0.3631923997916374
2026-03-05 13:00:00,23.0,79.0,0.2,3.4,245.0,3.0814464759246096,1.436902089918378
2026-03-05 14:00:00,24.1,71.0,0.1,4.1,337.0,1.601997626806022,-3.774069899155005
2026-03-05 15:00:00,24.4,71.0,0.0,3.1,298.0,2.7371375378626737,-1.4553618446362615
2026-03-05 16:00:00,23.7,73.0,0.0,6.5,304.0,5.38874422160777,-3.634753872559855
2026-03-05 17:00:00,22.9,78.0,0.1,6.9,327.0,3.758009341603687,-5.786826918823426
2026-03-05 18:00:00,22.0,85.0,0.1,7.6,335.0,3.211898789229316,-6.887939181478539
2026-03-05 19:00:00,21.5,87.0,0.0,13.2,354.0,1.3797757151330257,-13.127689018861206
2026-03-05 20:00:00,20.2,89.0,0.1,16.9,358.0,0.5898014942722682,-16.889704976622717
2026-03-05 21:00:00,20.2,89.0,0.0,13.6,7.0,-1.6574230703100015,-13.49862766232198
2026-03-05 22:00:00,19.9,91.0,0.0,14.9,2.0,-0.5200025008672613,-14.890923322584527
2026-03-05 23:00:00,19.5,92.0,0.0,15.1,358.0,0.5269824002077663,-15.090801487988346
2026-03-06 00:00:00,19.3,93.0,0.0,16.6,4.0,-1.1579574641524848,-16.55956323431308
2026-03-06 01:00:00,19.2,92.0,0.0,16.4,4.0,-1.1440061694036594,-16.360050424261114
2026-03-06 02:00:00,19.4,91.0,0.0,17.1,4.0,-1.1928357010245476,-17.058345259442994
2026-03-06 03:00:00,19.4,90.0,0.0,17.9,5.0,-1.5600877951830825,-17.831885095842242
2026-03-06 04:00:00,19.5,88.0,0.0,17.9,4.0,-1.2486408800198479,-17.856396499650852
2026-03-06 05:00:00,19.4,88.0,0.0,18.3,6.0,-1.9128708777980565,-18.199750685239405
2026-03-06 06:00:00,19.2,88.0,0.0,17.4,11.0,-3.320076519551876,-17.080312991989352
2026-03-06 07:00:00,19.1,88.0,0.0,17.1,8.0,-2.3798600264171257,-16.933583975480854
2026-03-06 08:00:00,20.4,85.0,0.0,17.1,1.0,-0.2984361500775478,-17.097395587174294
2026-03-06 09:00:00,21.9,80.0,0.0,14.8,360.0,9.062386313690414e-16,-14.8
2026-03-06 10:00:00,23.5,72.0,0.0,14.0,353.0,1.706170807672065,-13.895646122978508
2026-03-06 11:00:00,24.9,67.0,0.0,8.8,341.0,2.8649997592229797,-8.320563465273988
2026-03-06 12:00:00,25.4,66.0,0.0,11.5,295.0,10.422539550921474,-4.860110010018044
2026-03-06 13:00:00,25.0,68.0,0.0,15.9,290.0,14.941112670495944,-5.438120278878133
2026-03-06 14:00:00,25.2,68.0,0.0,17.4,306.0,14.076895702124084,-10.227463389889031
2026-03-06 15:00:00,24.9,67.0,0.0,19.7,318.0,13.181872945269507,-14.639953061904666
2026-03-06 16:00:00,24.0,68.0,0.0,18.6,328.0,9.856498314737612,-15.773694588509525
2026-03-06 17:00:00,23.1,69.0,0.0,17.8,333.0,8.081030895363934,-15.859916130552948
2026-03-06 18:00:00,22.0,72.0,0.0,15.8,345.0,4.089340912619828,-15.26162805536728
2026-03-06 19:00:00,21.2,74.0,0.0,13.9,357.0,0.7274697917769212,-13.880950533088576
2026-03-06 20:00:00,19.9,76.0,0.0,16.2,356.0,1.1300548746548287,-16.16053761420915
2026-03-06 21:00:00,19.0,77.0,0.0,12.8,359.0,0.22339080239723008,-12.798050498001809
2026-03-06 22:00:00,18.4,79.0,0.0,11.4,5.0,-0.993575467323304,-11.3566195582459
2026-03-06 23:00:00,17.9,79.0,0.0,11.3,7.0,-1.3771235804781632,-11.21577151354694
2026-03-07 00:00:00,17.4,80.0,0.0,10.6,3.0,-0.5547611361752096,-10.585473068398482
2026-03-07 01:00:00,17.0,81.0,0.0,10.8,15.0,-2.795245687107223,-10.431998923921938
2026-03-07 02:00:00,16.7,82.0,0.0,11.4,18.0,-3.5227937358744024,-10.84204428576475
2026-03-07 03:00:00,16.4,86.0,0.0,8.9,14.0,-2.1531048708370433,-8.635631963856369
2026-03-07 04:00:00,16.1,86.0,0.0,8.8,20.0,-3.0097772612658833,-8.269295062915996
2026-03-07 05:00:00,16.0,87.0,0.0,8.0,16.0,-2.205098846535991,-7.690093567506552
2026-03-07 06:00:00,15.7,86.0,0.0,11.9,3.0,-0.6227978792910372,-11.88369146357943
2026-03-07 07:00:00,15.7,85.0,0.0,14.2,12.0,-2.9523460096121887,-13.88969593042004
2026-03-07 08:00:00,17.4,78.0,0.0,12.0,7.0,-1.462432120861766,-11.910553819695865
2026-03-07 09:00:00,19.9,72.0,0.0,8.1,1.0,-0.14136449214199634,-8.098766330766768
2026-03-07 10:00:00,22.2,68.0,0.0,6.1,355.0,0.5316500307607146,-6.076787658359647
2026-03-07 11:00:00,23.8,65.0,0.0,8.4,315.0,5.939696961967,-5.939696961966999
2026-03-07 12:00:00,24.5,61.0,0.0,13.0,303.0,10.902717383290513,-7.080307455195352
2026-03-07 13:00:00,24.4,59.0,0.0,15.0,296.0,13.481910694487505,-6.5755672018361615
2026-03-07 14:00:00,24.8,58.0,0.0,15.2,310.0,11.643875535408466,-9.770371667235397
2026-03-07 15:00:00,24.8,57.0,0.0,16.7,320.0,10.734553081765206,-12.792942200086932
2026-03-07 16:00:00,24.6,57.0,0.0,14.5,323.0,8.726317835704702,-11.580214895685746
2026-03-07 17:00:00,23.5,60.0,0.0,12.6,326.0,7.0458305837314095,-10.445873414193526
2026-03-07 18:00:00,22.0,67.0,0.0,12.6,336.0,5.124881702755083,-11.510672766296771
2026-03-07 19:00:00,20.8,69.0,0.0,13.0,359.0,0.22688128368468677,-12.998020037033086
2026-03-07 20:00:00,19.9,68.0,0.0,15.0,3.0,-0.7850393436441646,-14.979443021318607
2026-03-07 21:00:00,18.8,73.0,0.0,11.4,3.0,-0.5966299011695652,-11.384376696202143
2026-03-07 22:00:00,18.0,76.0,0.0,11.0,356.0,0.7673212111853775,-10.973204552858066
2026-03-07 23:00:00,17.1,77.0,0.0,11.2,6.0,-1.1707187885977175,-11.13864522812466
2026-03-08 00:00:00,16.8,76.0,0.0,11.1,7.0,-1.3527497117971337,-11.017262283218676
2026-03-08 01:00:00,16.4,77.0,0.0,10.6,9.0,-1.658205329426449,-10.469496410308459
2026-03-08 02:00:00,16.2,77.0,0.0,11.8,6.0,-1.2334358665583096,-11.735358365345627
2026-03-08 03:00:00,16.0,79.0,0.0,9.1,10.0,-1.580198416769066,-8.961750552411093
2026-03-08 04:00:00,15.9,80.0,0.0,8.6,12.0,-1.788040541032734,-8.412069366310728
2026-03-08 05:00:00,15.9,80.0,0.0,8.9,6.0,-0.9303033230821149,-8.851244868777634
2026-03-08 06:00:00,15.9,80.0,0.0,9.9,10.0,-1.7191169589026103,-9.74959675482086
2026-03-08 07:00:00,16.2,79.0,0.0,9.7,12.0,-2.01674340093227,-9.488031727117914
2026-03-08 08:00:00,18.5,71.0,0.0,11.9,1.0,-0.20768363660367362,-11.898187572361056
2026-03-08 09:00:00,20.8,65.0,0.0,12.6,350.0,2.187967038603323,-12.408577687953821
2026-03-08 10:00:00,22.5,60.0,0.0,12.5,337.0,4.884139106115922,-11.506310668155505
2026-03-08 11:00:00,23.7,58.0,0.0,13.1,318.0,8.765610943301043,-9.735197213753864
2026-03-08 12:00:00,24.5,57.0,0.0,14.3,316.0,9.93361469756366,-10.28655914484271
2026-03-08 13:00:00,25.4,54.0,0.0,13.7,315.0,9.687362902255702,-9.6873629022557
2026-03-08 14:00:00,25.5,55.0,0.0,16.7,314.0,12.012974665655474,-11.600794786665254
2026-03-08 15:00:00,25.5,55.0,0.0,17.3,313.0,12.652419038011649,-11.798571629081223
2026-03-08 16:00:00,24.5,61.0,0.0,20.3,318.0,13.583351309084822,-15.085839957191103
2026-03-08 17:00:00,23.5,65.0,0.0,19.1,326.0,10.680584456291264,-15.834617635801298
2026-03-08 18:00:00,22.1,73.0,0.0,15.2,337.0,5.93911315303696,-13.991673772477093
2026-03-08 19:00:00,21.1,76.0,0.0,13.2,353.0,1.6086753329479468,-13.101609201665449
2026-03-08 20:00:00,20.8,77.0,0.0,10.5,333.0,4.766900247265242,-9.355568503977862
2026-03-08 21:00:00,20.1,78.0,0.0,9.8,340.0,3.351797404591555,-9.208987683701903
2026-03-08 22:00:00,19.2,83.0,0.0,9.9,345.0,2.5623085465149553,-9.562665680261777
2026-03-08 23:00:00,18.8,85.0,0.0,10.1,348.0,2.0999080772593706,-9.879290767411437
2026-03-09 00:00:00,18.4,85.0,0.0,10.6,350.0,1.8406706832694624,-10.438962181929405
2026-03-09 01:00:00,17.9,86.0,0.1,10.4,8.0,-1.4474002499846848,-10.298787914912332
2026-03-09 02:00:00,17.8,84.0,0.0,12.5,16.0,-3.445466947712486,-12.015771199228988
2026-03-09 03:00:00,17.7,85.0,0.0,9.5,15.0,-2.458780928473946,-9.176295349746148
2026-03-09 04:00:00,17.6,86.0,0.0,10.3,2.0,-0.35946481603575786,-10.293725518296688
2026-03-09 05:00:00,17.7,84.0,0.0,11.3,2.0,-0.3943643127382586,-11.293116345315783
2026-03-09 06:00:00,17.5,84.0,0.0,10.7,20.0,-3.6596155335846534,-10.05471104240922
2026-03-09 07:00:00,17.6,83.0,0.0,9.6,14.0,-2.322450197756811,-9.314838972249566
2026-03-09 08:00:00,19.1,78.0,0.0,8.7,5.0,-0.7582549619046267,-8.666893873398186
2026-03-09 09:00:00,21.4,69.0,0.0,6.9,5.0,-0.601374624958842,-6.873743416833045
2026-03-09 10:00:00,23.2,63.0,0.0,4.2,353.0,0.5118512423016195,-4.168693836893553
2026-03-09 11:00:00,24.5,58.0,0.0,7.7,288.0,7.323135175472682,-2.379430856687095
2026-03-09 12:00:00,24.2,59.0,0.0,14.0,290.0,13.155696691002717,-4.788282006559362
2026-03-09 13:00:00,24.6,57.0,0.0,14.4,299.0,12.594523782807299,-6.981258531547254
2026-03-09 14:00:00,24.3,58.0,0.0,16.0,309.0,12.434335383311534,-10.069126256797398
2026-03-09 15:00:00,23.7,61.0,0.0,18.9,320.0,12.148685823075594,-14.478239974948684
2026-03-09 16:00:00,22.8,64.0,0.0,17.6,335.0,7.438081406636311,-15.95101705184504
2026-03-09 17:00:00,22.2,63.0,0.0,14.6,342.0,4.511648117874232,-13.885425137909241
2026-03-09 18:00:00,21.2,65.0,0.0,13.5,348.0,2.8068078260397527,-13.204992609906375
2026-03-09 19:00:00,20.3,66.0,0.0,14.5,354.0,1.5156627173809751,-14.420567482839962
2026-03-09 20:00:00,19.2,67.0,0.0,15.7,1.0,-0.2740027810653509,-15.697608813955343
2026-03-09 21:00:00,18.6,67.0,0.0,13.3,351.0,2.0805783850350714,-13.136254929915333
2026-03-09 22:00:00,17.8,69.0,0.0,14.2,352.0,1.9762580336329296,-14.061806576130298
2026-03-09 23:00:00,17.0,68.0,0.0,11.7,3.0,-0.6123306880424484,-11.683965556628513
2026-03-10 00:00:00,17.0,68.0,0.0,8.5,12.0,-1.767249371950958,-8.314254606237347
2026-03-10 01:00:00,16.9,69.0,0.0,8.8,351.0,1.3766232923540322,-8.691657397237213
2026-03-10 02:00:00,16.9,69.0,0.0,13.3,344.0,3.665976832366089,-12.784780555979642
2026-03-10 03:00:00,16.9,69.0,0.0,12.6,358.0,0.4397336584515136,-12.592324420440606
2026-03-10 04:00:00,16.4,70.0,0.0,10.7,5.0,-0.9325664473999432,-10.659283269581676
2026-03-10 05:00:00,16.2,71.0,0.0,8.7,5.0,-0.7582549619046267,-8.666893873398186
2026-03-10 06:00:00,16.0,73.0,0.0,10.3,349.0,1.9653326523784127,-10.110759989510939
2026-03-10 07:00:00,16.1,70.0,0.0,9.7,11.0,-1.8508472551524826,-9.52178367944234
2026-03-10 08:00:00,17.1,66.0,0.0,11.7,350.0,2.031683678703086,-11.522250710242833
2026-03-10 09:00:00,18.6,61.0,0.0,11.4,349.0,2.175222547292612,-11.19054989130337
2026-03-10 10:00:00,20.5,55.0,0.0,8.4,351.0,1.3140495063379398,-8.296582060999157
2026-03-10 11:00:00,20.5,56.0,0.0,7.5,325.0,4.301823272632846,-6.143640332167439
2026-03-10 12:00:00,21.6,53.0,0.0,12.0,307.0,9.583626120567514,-7.221780277824579
2026-03-10 13:00:00,21.8,54.0,0.0,14.5,317.0,9.888976220906228,-10.604628673477972
2026-03-10 14:00:00,20.2,58.0,0.0,16.6,343.0,4.853370298397431,-15.87465894898639
2026-03-10 15:00:00,19.9,58.0,0.0,14.2,351.0,2.221369403571279,-14.025174436450955
2026-03-10 16:00:00,20.3,56.0,0.0,13.1,352.0,1.8231676225768576,-12.972511700514572
2026-03-10 17:00:00,19.8,59.0,0.0,13.5,351.0,2.1118652780431173,-13.33379259803436
2026-03-10 18:00:00,19.3,61.0,0.0,12.0,353.0,1.4624321208617699,-11.910553819695863
2026-03-10 19:00:00,18.8,64.0,0.0,11.2,356.0,0.7812725059342026,-11.17271736291003
2026-03-10 20:00:00,19.0,64.0,0.0,11.2,4.0,-0.7812725059342065,-11.17271736291003
2026-03-10 21:00:00,18.1,68.0,0.0,12.4,358.0,0.4327537591110134,-12.392446255036788
2026-03-10 22:00:00,17.6,69.0,0.0,12.3,357.0,0.6437322617882109,-12.283143277481258
2026-03-10 23:00:00,17.4,68.0,0.0,10.5,3.0,-0.5495275405509152,-10.485610114923025
2026-03-11 00:00:00,17.0,68.0,0.0,9.1,8.0,-1.266475218736599,-9.01143942554829
2026-03-11 01:00:00,16.7,70.0,0.1,8.5,1.0,-0.14834545471690974,-8.498705408829325
2026-03-11 02:00:00,16.5,70.0,0.0,13.3,8.0,-1.8510022427688755,-13.170565314262886
2026-03-11 03:00:00,16.0,71.0,0.0,11.2,15.0,-2.898773305148231,-10.818369254437565
2026-03-11 04:00:00,15.6,73.0,0.0,10.8,15.0,-2.795245687107223,-10.431998923921938
2026-03-11 05:00:00,15.3,75.0,0.0,10.7,6.0,-1.1184545569638908,-10.641384280440525
2026-03-11 06:00:00,15.1,76.0,0.0,10.7,5.0,-0.9325664473999432,-10.659283269581676
2026-03-11 07:00:00,15.4,75.0,0.0,9.3,9.0,-1.4548405248741487,-9.18550156753478
2026-03-11 08:00:00,17.1,67.0,0.0,9.5,9.0,-1.4861274178821948,-9.383039235653808
2026-03-11 09:00:00,19.8,59.0,0.0,7.9,349.0,1.507391063474705,-7.754854749236546
2026-03-11 10:00:00,22.0,53.0,0.0,9.1,330.0,4.550000000000001,-7.8808311744383905
2026-03-11 11:00:00,23.5,49.0,0.0,11.3,314.0,8.128539743826758,-7.84963958618667
2026-03-11 12:00:00,24.1,48.0,0.0,13.9,303.0,11.657520894441394,-7.570482586708876
2026-03-11 13:00:00,24.3,49.0,0.0,15.9,298.0,14.03886672645694,-7.464597848295664
2026-03-11 14:00:00,24.2,50.0,0.0,16.9,304.0,14.010734976180203,-9.450360068655622
2026-03-11 15:00:00,24.0,52.0,0.0,15.8,307.0,12.618441058747226,-9.508677365802363
2026-03-11 16:00:00,23.6,53.0,0.0,13.7,305.0,11.222383006759188,-7.85799717800933
2026-03-11 17:00:00,22.9,56.0,0.0,10.8,303.0,9.05764213381058,-5.882101578162293
2026-03-11 18:00:00,22.1,60.0,0.0,8.3,309.0,6.450311480092859,-5.223359245713651
2026-03-11 19:00:00,21.8,63.0,0.0,8.8,327.0,4.792823508132239,-7.380300997919732
2026-03-11 20:00:00,21.1,66.0,0.0,11.3,353.0,1.3771235804781667,-11.215771513546938
2026-03-11 21:00:00,20.5,64.0,0.0,9.7,10.0,-1.6843873233692241,-9.552635204218417
2026-03-11 22:00:00,19.9,66.0,0.0,7.2,14.0,-1.7418376483176081,-6.986129229187175
2026-03-11 23:00:00,19.0,69.0,0.0,6.6,21.0,-2.3652284669989845,-6.161630814881531
2026-03-12 00:00:00,18.5,71.0,0.0,7.5,20.0,-2.565151074942514,-7.047694655894313
2026-03-12 01:00:00,18.0,73.0,0.0,7.1,27.0,-3.223332548150783,-6.3261463217374105
2026-03-12 02:00:00,17.6,74.0,0.0,9.1,9.0,-1.4235536318661024,-8.987963899415753
2026-03-12 03:00:00,17.1,76.0,0.0,9.9,21.0,-3.547842700498477,-9.242446222322297
2026-03-12 04:00:00,16.8,76.0,0.0,9.7,19.0,-3.1580110982344194,-9.171530183313372
2026-03-12 05:00:00,16.4,77.0,0.0,10.1,19.0,-3.288238360017282,-9.5497376135531
2026-03-12 06:00:00,16.2,76.0,0.0,10.4,14.0,-2.515987714236545,-10.091075553270363
2026-03-12 07:00:00,16.5,74.0,0.0,10.4,15.0,-2.691718069066215,-10.045628593406311
2026-03-12 08:00:00,18.4,65.0,0.0,11.6,8.0,-1.6144079711367636,-11.487109597402215
2026-03-12 09:00:00,21.5,52.0,0.0,9.5,350.0,1.6496576878358389,-9.355673653615977
2026-03-12 10:00:00,23.4,46.0,0.0,12.7,339.0,4.551272959225314,-11.856471416514461
2026-03-12 11:00:00,25.0,41.0,0.0,14.4,342.0,4.449844718999244,-13.695213834650211
2026-03-12 12:00:00,26.5,36.0,0.0,14.3,333.0,6.49206414627552,-12.74139329589366
2026-03-12 13:00:00,27.2,33.0,0.0,17.3,322.0,10.650943523133888,-13.632586037396292
2026-03-12 14:00:00,26.9,34.0,0.0,22.2,321.0,13.970912681306393,-17.252640344344755
2026-03-12 15:00:00,26.5,34.0,0.0,24.5,330.0,12.250000000000004,-21.217622392718745
2026-03-12 16:00:00,25.5,33.0,0.0,24.8,344.0,6.8358064242615795,-23.839290059270308
2026-03-12 17:00:00,24.2,33.0,0.0,23.5,352.0,3.2705678725615384,-23.271299615426905
2026-03-12 18:00:00,22.0,35.0,0.0,20.9,358.0,0.7293994810822725,-20.8872682846991
2026-03-12 19:00:00,20.3,40.0,0.0,17.0,5.0,-1.4816476267101901,-16.935309867559674
2026-03-12 20:00:00,19.0,48.0,0.0,20.5,6.0,-2.142833496986894,-20.387698855049603
2026-03-12 21:00:00,18.2,47.0,0.0,19.2,10.0,-3.3340450112050624,-18.908308857834392
2026-03-12 22:00:00,17.2,46.0,0.0,17.6,7.0,-2.1449004439305903,-17.46881226888727
2026-03-12 23:00:00,16.9,44.0,0.0,16.1,5.0,-1.403207458237298,-16.038734639277106
2026-03-13 00:00:00,16.6,39.0,0.0,13.1,9.0,-2.0492914920270264,-12.938717261796302
2026-03-13 01:00:00,16.0,36.0,0.0,10.9,9.0,-1.7051356689385184,-10.765802912487
2026-03-13 02:00:00,15.6,33.0,0.0,11.3,2.0,-0.3943643127382586,-11.293116345315783
2026-03-13 03:00:00,15.4,35.0,0.0,9.7,4.0,-0.676637795318018,-9.676371287520293
2026-03-13 04:00:00,14.9,40.0,0.0,9.9,10.0,-1.7191169589026103,-9.74959675482086
2026-03-13 05:00:00,14.6,43.0,0.0,9.4,7.0,-1.1455718280083835,-9.329933825428428
2026-03-13 06:00:00,14.1,40.0,0.0,10.5,5.0,-0.9151352988504116,-10.460044329963328
2026-03-13 07:00:00,14.1,35.0,0.0,9.6,14.0,-2.322450197756811,-9.314838972249566
2026-03-13 08:00:00,16.2,28.0,0.0,10.3,19.0,-3.3533519909087137,-9.738841328672963
2026-03-13 09:00:00,19.5,28.0,0.0,7.1,10.0,-1.2329020614352053,-6.992135046386677
2026-03-13 10:00:00,21.0,36.0,0.0,8.2,299.0,7.171881598543044,-3.9754388860199636
2026-03-13 11:00:00,21.3,40.0,0.0,11.9,273.0,11.88369146357943,-0.6227978792910317
2026-03-13 12:00:00,21.3,42.0,0.0,11.9,264.0,11.834810554882452,1.2438887128850764
2026-03-13 13:00:00,21.2,44.0,0.0,10.6,255.0,10.238813758664124,2.74348187808672
2026-03-13 14:00:00,21.2,46.0,0.0,12.2,269.0,12.198141880907972,0.21291935853485883
2026-03-13 15:00:00,21.6,46.0,0.0,7.9,258.0,7.727366045797066,1.6425023574602988
2026-03-13 16:00:00,21.6,47.0,0.0,8.1,239.0,6.94305513568711,4.171808406771438
2026-03-13 17:00:00,21.0,49.0,0.0,8.6,258.0,8.412069366310728,1.7880405410327302
2026-03-13 18:00:00,20.2,52.0,0.0,7.2,276.0,7.160557646651568,-0.7526049355271051
2026-03-13 19:00:00,19.9,54.0,0.0,4.7,268.0,4.6971368869897505,0.16402763450175456
2026-03-13 20:00:00,20.3,51.0,0.0,4.4,210.0,2.2000000000000006,3.81051177665153
2026-03-13 21:00:00,20.1,53.0,0.0,4.2,192.0,0.8732291014345898,4.108219923081983
2026-03-13 22:00:00,20.1,54.0,0.0,3.8,199.0,1.2371589869371955,3.5929705872774034
2026-03-13 23:00:00,20.0,54.0,0.0,3.9,202.0,1.4609657143220567,3.616017032810471
2026-03-14 00:00:00,19.1,60.0,0.0,0.4,243.0,0.3564026096753472,0.1815961998958187
2026-03-14 01:00:00,18.5,60.0,0.0,2.6,16.0,-0.7166571251241971,-2.4992804094396295
2026-03-14 02:00:00,18.4,60.0,0.0,4.5,360.0,2.755455298081545e-16,-4.5
2026-03-14 03:00:00,18.0,61.0,0.0,2.1,15.0,-0.5435199947152933,-2.0284442352070435
2026-03-14 04:00:00,18.1,59.0,0.0,2.0,27.0,-0.9079809994790938,-1.7820130483767356
2026-03-14 05:00:00,17.9,61.0,0.0,2.3,32.0,-1.2188143077363713,-1.9505106211597796
2026-03-14 06:00:00,17.8,61.0,0.0,3.6,49.0,-2.7169544888019797,-2.3618125043658256
2026-03-14 07:00:00,18.2,60.0,0.0,5.1,67.0,-4.694574752607446,-1.992728755295295
2026-03-14 08:00:00,20.2,63.0,0.0,6.6,79.0,-6.4787394107545815,-1.259339369485195
2026-03-14 09:00:00,22.0,53.0,0.0,1.0,301.0,0.8571673007021123,-0.5150380749100542
2026-03-14 10:00:00,23.1,47.0,0.0,5.4,272.0,5.3967104659031175,-0.18845728219350524
2026-03-14 11:00:00,23.4,46.0,0.0,8.1,266.0,8.080268807104575,0.5650274373274149
2026-03-14 12:00:00,23.4,47.0,0.0,11.3,262.0,11.190029176779746,1.5726560408487396
2026-03-14 13:00:00,23.3,47.0,0.0,12.5,259.0,12.2703397930958,2.38511244220681
2026-03-14 14:00:00,23.0,47.0,0.0,12.5,265.0,12.45243372614682,1.0894467843457272
2026-03-14 15:00:00,23.1,48.0,0.0,12.4,287.0,11.858178973941639,-3.625409138561936
2026-03-14 16:00:00,21.9,60.0,0.0,13.4,303.0,11.238185610468683,-7.2981630692013635
2026-03-14 17:00:00,21.5,61.0,0.0,12.0,314.0,8.632077604063815,-8.335900445507967
2026-03-14 18:00:00,20.9,60.0,0.0,10.6,326.0,5.927444776789915,-8.787798269083442
2026-03-14 19:00:00,20.9,58.0,0.0,9.6,339.0,3.4403323156348837,-8.962372094373137
2026-03-14 20:00:00,20.9,57.0,0.0,10.6,358.0,0.36993466504651146,-10.593542766402415
2026-03-14 21:00:00,20.5,57.0,0.0,9.7,22.0,-3.633683956134349,-8.993683389297836
2026-03-14 22:00:00,20.3,58.0,0.0,6.8,37.0,-4.0923421574339285,-5.430721468321591
2026-03-14 23:00:00,20.2,58.0,0.0,7.0,42.0,-4.683914244512007,-5.202013778341761
2026-03-15 00:00:00,19.7,60.0,0.0,8.4,48.0,-6.242416534010112,-5.620697093414409
2026-03-15 01:00:00,19.1,63.0,0.0,6.2,57.0,-5.199757521261629,-3.376762017093168
2026-03-15 02:00:00,19.0,65.0,0.0,5.4,42.0,-3.613305274337834,-4.01298205757793
2026-03-15 03:00:00,18.8,70.0,0.0,5.0,52.0,-3.94005376803361,-3.078307376628291
2026-03-15 04:00:00,18.5,74.0,0.0,4.1,61.0,-3.5859407992715226,-1.9877194430099814
2026-03-15 05:00:00,18.1,76.0,0.0,2.9,43.0,-1.9777952441812459,-2.1209257346955943
2026-03-15 06:00:00,17.7,78.0,0.0,3.0,25.0,-1.2678547852220974,-2.71892336110995
2026-03-15 07:00:00,18.3,75.0,0.0,5.1,18.0,-1.5759866713122324,-4.850388233105282
2026-03-15 08:00:00,19.7,70.0,0.0,6.8,12.0,-1.4137994975607666,-6.651403684989877
2026-03-15 09:00:00,21.8,60.0,0.0,4.0,352.0,0.5566924038402619,-3.9610722749662814
2026-03-15 10:00:00,22.9,53.0,0.0,7.2,267.0,7.190132650232932,0.37681888494919563
2026-03-15 11:00:00,22.9,56.0,0.0,12.6,257.0,12.277062816293963,2.834383284732699
2026-03-15 12:00:00,22.6,58.0,0.0,14.1,274.0,14.06565310866352,-0.9835662797921667
2026-03-15 13:00:00,22.8,58.0,0.0,14.2,288.0,13.50500253139118,-4.388041320124253
2026-03-15 14:00:00,22.8,56.0,0.0,14.1,293.0,12.979118433679409,-5.50930891169876
2026-03-15 15:00:00,23.0,57.0,0.0,15.9,290.0,14.941112670495944,-5.438120278878133
2026-03-15 16:00:00,22.4,62.0,0.0,14.9,307.0,11.899669099704663,-8.96704384496552
2026-03-15 17:00:00,21.6,64.0,0.0,14.0,313.0,10.238951822668387,-9.54797704087498
2026-03-15 18:00:00,21.1,67.0,0.0,12.2,319.0,8.003920153684188,-9.207456878717817
2026-03-15 19:00:00,20.9,69.0,0.0,10.6,332.0,4.976398565530443,-9.359244484304625
2026-03-15 20:00:00,21.0,68.0,0.0,10.4,350.0,1.8059410477360764,-10.242000631326963
2026-03-15 21:00:00,21.1,65.0,0.0,7.1,9.0,-1.1106847017856403,-7.012587218225477
2026-03-15 22:00:00,21.2,63.0,0.0,5.8,16.0,-1.5986966637385935,-5.57531783644225
2026-03-15 23:00:00,21.0,63.0,0.0,5.4,20.0,-1.8469087739586103,-5.074340152243906
2026-03-16 00:00:00,20.7,63.0,0.0,4.4,27.0,-1.9975581988540065,-3.920428706428819
2026-03-16 01:00:00,20.3,64.0,0.0,4.7,28.0,-2.2065163450936867,-4.149853686436957
2026-03-16 02:00:00,20.0,64.0,0.0,3.9,16.0,-1.0749856876862955,-3.748920614159444
2026-03-16 03:00:00,20.0,62.0,0.0,5.0,19.0,-1.6278407722857833,-4.727592877996584
2026-03-16 04:00:00,19.7,64.0,0.0,5.3,38.0,-3.2630058192259876,-4.176456994115627
2026-03-16 05:00:00,19.2,66.0,0.0,4.7,58.0,-3.9858260519352027,-2.4906205418960625
2026-03-16 06:00:00,18.4,70.0,0.0,2.0,80.0,-1.969615506024416,-0.34729635533386094
2026-03-16 07:00:00,19.7,64.0,0.0,2.3,122.0,-1.9505106211597796,1.2188143077363711
2026-03-16 08:00:00,21.9,59.0,0.0,3.8,205.0,1.605949394614658,3.4439695907392696
2026-03-16 09:00:00,23.4,51.0,0.0,5.7,229.0,4.301844607269801,3.739536465245892
2026-03-16 10:00:00,24.5,47.0,0.0,7.7,259.0,7.558529312547013,1.469229264399395
2026-03-16 11:00:00,25.0,45.0,0.0,12.8,272.0,12.792202585844427,-0.44671355779201244
2026-03-16 12:00:00,24.4,49.0,0.0,18.0,272.0,17.989034886343724,-0.6281909406450175
2026-03-16 13:00:00,24.0,51.0,0.0,18.8,277.0,18.659867650856853,-2.291143656016773
2026-03-16 14:00:00,24.1,52.0,0.0,17.7,282.0,17.31321253298836,-3.6800369274743403
2026-03-16 15:00:00,24.1,54.0,0.0,16.2,283.0,15.78479504952081,-3.644207080370613
2026-03-16 16:00:00,23.0,66.0,0.0,17.1,289.0,16.16836764274832,-5.56721544121738
2026-03-16 17:00:00,22.3,69.0,0.0,14.5,298.0,12.80274009645444,-6.807337660395417
2026-03-16 18:00:00,21.7,72.0,0.0,14.3,305.0,11.713874233332584,-8.202143039819958
2026-03-16 19:00:00,21.8,72.0,0.0,12.6,329.0,6.489479743866682,-10.800307988846615
2026-03-16 20:00:00,21.8,69.0,0.0,9.8,352.0,1.3638963894086416,-9.70462707366739
2026-03-16 21:00:00,21.8,65.0,0.0,6.8,17.0,-1.9881275921146122,-6.50287234054864
2026-03-16 22:00:00,21.8,63.0,0.0,4.5,23.0,-1.7582900782017323,-4.142271840535981
2026-03-16 23:00:00,21.5,63.0,0.0,2.4,13.0,-0.5398825304252766,-2.3384881554845642
2026-03-17 00:00:00,21.2,64.0,0.0,2.0,360.0,1.2246467991473532e-16,-2.0
2026-03-17 01:00:00,21.1,64.0,0.0,2.6,16.0,-0.7166571251241971,-2.4992804094396295
2026-03-17 02:00:00,20.9,66.0,0.0,5.2,20.0,-1.7785047452934766,-4.886401628086724
2026-03-17 03:00:00,20.9,67.0,0.0,4.7,62.0,-4.149853686436956,-2.206516345093687
2026-03-17 04:00:00,20.6,70.0,0.0,3.6,108.0,-3.4238034586625528,1.112461179749811
2026-03-17 05:00:00,20.1,76.0,0.0,4.3,147.0,-2.3419478505646163,3.606283442165323
2026-03-17 06:00:00,19.8,80.0,0.0,3.6,183.0,0.1884094424745983,3.595066325116466
2026-03-17 07:00:00,21.0,73.0,0.0,3.4,227.0,2.4866025855051794,2.318794424212495
2026-03-17 08:00:00,21.9,72.0,0.0,1.3,225.0,0.9192388155425119,0.9192388155425117
2026-03-17 09:00:00,23.6,61.0,0.1,4.4,218.0,2.7089104914328965,3.467247315869577
2026-03-17 10:00:00,24.8,54.0,0.0,6.7,234.0,5.420413862312148,3.93816119035957
2026-03-17 11:00:00,25.4,54.0,0.0,8.5,263.0,8.436642288951237,1.0358894189437535
2026-03-17 12:00:00,25.5,54.0,0.0,13.5,274.0,13.467114678507627,-0.9417123955456916
2026-03-17 13:00:00,25.1,52.0,0.0,17.3,266.0,17.257858069494958,1.2067869957733677
2026-03-17 14:00:00,24.6,49.0,0.0,15.7,273.0,15.678483695646808,-0.8216745130142181
2026-03-17 15:00:00,24.7,51.0,0.0,13.3,286.0,12.784780555979642,-3.665976832366089
2026-03-17 16:00:00,23.9,57.0,0.0,14.9,288.0,14.170742092797788,-4.604353216186716
2026-03-17 17:00:00,23.0,65.0,0.0,14.0,305.0,11.468128620045885,-8.030070108914645
2026-03-17 18:00:00,22.2,69.0,0.0,13.4,321.0,8.432893240067823,-10.413755883523411
2026-03-17 19:00:00,22.1,68.0,0.0,9.1,328.0,4.822265304522165,-7.717237675023476
2026-03-17 20:00:00,22.4,61.0,0.0,7.4,3.0,-0.3872860761977879,-7.389858557183847
2026-03-17 21:00:00,22.3,59.0,0.0,4.3,42.0,-2.87726160734309,-3.195522749552796
2026-03-17 22:00:00,21.8,62.0,0.0,1.3,8.0,-0.1809250312480856,-1.2873484893640414
2026-03-17 23:00:00,21.5,63.0,0.0,1.1,360.0,6.735557395310444e-17,-1.1
2026-03-18 00:00:00,21.0,63.0,0.0,2.5,45.0,-1.7677669529663693,-1.7677669529663687
2026-03-18 01:00:00,20.5,64.0,0.0,3.1,45.0,-2.192031021678298,-2.192031021678297
2026-03-18 02:00:00,20.4,65.0,0.0,4.5,43.0,-3.068992620281244,-3.291091657286267
2026-03-18 03:00:00,20.4,65.0,0.0,4.9,54.0,-3.964183272437243,-2.880147736233118
2026-03-18 04:00:00,20.0,66.0,0.0,5.1,63.0,-4.544133273360676,-2.315351548671688
2026-03-18 05:00:00,19.8,67.0,0.0,4.8,70.0,-4.51052457977236,-1.6416966879632096
2026-03-18 06:00:00,19.5,68.0,0.0,4.3,75.0,-4.153481053042993,-1.1129218939408394
2026-03-18 07:00:00,20.8,62.0,0.0,5.9,92.0,-5.896405879412665,0.20590703054475676
2026-03-18 08:00:00,23.0,54.0,0.0,4.4,58.0,-3.731411623088275,-2.331644762626101
2026-03-18 09:00:00,25.2,47.0,0.0,2.3,90.0,-2.3,2.816687638038912e-16
2026-03-18 10:00:00,26.2,45.0,0.0,4.4,215.0,2.5237363199446032,3.604268994871564
2026-03-18 11:00:00,27.0,43.0,0.0,7.9,231.0,6.139453095510071,4.971631089293716
2026-03-18 12:00:00,27.1,43.0,0.0,11.2,226.0,8.056605763792893,7.7801737491407685
2026-03-18 13:00:00,26.9,43.0,0.0,13.2,211.0,6.798502588812714,11.314608369267882
2026-03-18 14:00:00,26.6,42.0,0.0,14.6,206.0,6.400218743120531,13.122393075967839
2026-03-18 15:00:00,26.5,50.0,0.0,14.1,199.0,4.59051097784591,13.331811915950366
2026-03-18 16:00:00,26.0,54.0,0.0,13.4,200.0,4.583069920563962,12.591881118531171
2026-03-18 17:00:00,25.1,61.0,0.0,12.2,204.0,4.962187045524762,11.14525458323973
2026-03-18 18:00:00,24.2,70.0,0.0,9.4,204.0,3.8233244449125223,8.587327301840448
2026-03-18 19:00:00,24.0,73.0,0.0,5.7,193.0,1.2822210097600302,5.553909369275841
2026-03-18 20:00:00,24.3,71.0,0.0,4.2,200.0,1.436484601967809,3.9467090073008153
2026-03-18 21:00:00,24.1,72.0,0.0,1.4,180.0,8.572527594031472e-17,1.4
2026-03-18 22:00:00,23.9,73.0,0.0,0.6000000000000001,214.0,0.3355157420824481,0.4974225435330251
2026-03-18 23:00:00,23.5,75.0,0.0,1.0,315.0,0.7071067811865476,-0.7071067811865475
2026-03-19 00:00:00,23.0,78.0,0.0,0.9,349.0,0.17172809583889043,-0.8834644651028976
2026-03-19 01:00:00,22.5,80.0,0.0,0.4,360.0,2.4492935982947065e-17,-0.4
2026-03-19 02:00:00,21.6,85.0,0.0,2.8,342.0,0.8652475842498528,-2.6629582456264296
2026-03-19 03:00:00,21.9,83.0,0.0,3.8,349.0,0.7250741824308706,-3.730183297101123
2026-03-19 04:00:00,21.5,81.0,0.0,5.3,24.0,-2.1557042083017404,-4.841790925505785
2026-03-19 05:00:00,21.1,78.0,0.0,5.9,40.0,-3.792446897150583,-4.51966221440197
2026-03-19 06:00:00,21.0,77.0,0.0,6.0,25.0,-2.5357095704441948,-5.4378467222199
2026-03-19 07:00:00,22.0,68.0,0.0,7.5,20.0,-2.565151074942514,-7.047694655894313
2026-03-19 08:00:00,24.0,63.0,0.0,7.0,23.0,-2.7351178994249166,-6.443533974167082
2026-03-19 09:00:00,25.4,62.0,0.0,6.3,340.0,2.1547269029517135,-5.9200635109512225
2026-03-19 10:00:00,26.5,56.0,0.0,9.7,309.0,7.538315826132617,-6.104407793183422
2026-03-19 11:00:00,26.9,56.0,0.0,12.9,293.0,11.874512609536481,-5.040431557511631
2026-03-19 12:00:00,25.7,64.0,0.0,18.1,289.0,17.113886218347638,-5.892783595674537
2026-03-19 13:00:00,25.2,65.0,0.0,18.4,296.0,16.537810451904672,-8.066029100919023
2026-03-19 14:00:00,25.5,65.0,0.0,18.3,301.0,15.686161602848657,-9.425196770853992
2026-03-19 15:00:00,25.3,67.0,0.0,17.9,308.0,14.105392489560321,-11.020340408329282
2026-03-19 16:00:00,24.9,66.0,0.0,15.9,315.0,11.242997820866107,-11.242997820866105
2026-03-19 17:00:00,24.5,66.0,0.0,14.0,318.0,9.367828489024015,-10.40402755668352
2026-03-19 18:00:00,23.6,70.0,0.0,12.5,325.0,7.169705454388077,-10.239400553612397
2026-03-19 19:00:00,23.2,71.0,0.0,11.1,331.0,5.3813867847343415,-9.708278749247292
2026-03-19 20:00:00,22.9,74.0,0.0,12.0,342.0,3.7082039324993694,-11.412678195541842
2026-03-19 21:00:00,22.5,74.0,0.0,10.6,357.0,0.5547611361752061,-10.585473068398482
2026-03-19 22:00:00,21.9,75.0,0.0,9.9,3.0,-0.5181259668051487,-9.886432394070281
2026-03-19 23:00:00,21.4,76.0,0.0,9.2,12.0,-1.91278755552339,-8.998957926751011
2026-03-20 00:00:00,20.9,78.0,0.0,8.9,8.0,-1.2386405985445859,-8.813385811799975
2026-03-20 01:00:00,20.4,81.0,0.0,8.9,9.0,-1.3922667388580563,-8.790426231296726
2026-03-20 02:00:00,19.6,83.0,0.0,10.2,17.0,-2.9821913881719184,-9.754308510822959
2026-03-20 03:00:00,19.3,84.0,0.0,8.9,29.0,-4.314805620192398,-7.784115393540624
2026-03-20 04:00:00,19.1,84.0,0.0,8.4,23.0,-3.2821414793099004,-7.732240769000499
2026-03-20 05:00:00,18.9,85.0,0.0,9.2,20.0,-3.1465853185961503,-8.645172111230357
2026-03-20 06:00:00,18.7,85.0,0.0,8.2,22.0,-3.0717740660104806,-7.602907607447655
2026-03-20 07:00:00,19.4,80.0,0.0,6.9,17.0,-2.0173647625868862,-6.598502816144944
2026-03-20 08:00:00,21.4,71.0,0.0,6.5,6.0,-0.6794350112397468,-6.464392319893777
2026-03-20 09:00:00,24.0,60.0,0.0,4.7,332.0,2.206516345093687,-4.149853686436956
2026-03-20 10:00:00,25.7,55.0,0.0,7.5,294.0,6.851590932319507,-3.0505248230685016
2026-03-20 11:00:00,26.5,54.0,0.0,11.1,287.0,10.614982791189693,-3.245325922422378
2026-03-20 12:00:00,26.7,54.0,0.0,13.3,283.0,12.959121861643629,-2.9918490227734047
2026-03-20 13:00:00,26.6,54.0,0.0,13.7,281.0,13.448292413232997,-2.6140832366586637
2026-03-20 14:00:00,26.0,57.0,0.0,13.5,284.0,13.098992304725952,-3.265945590595514
2026-03-20 15:00:00,25.4,61.0,0.0,14.7,296.0,13.212272480597754,-6.444055857799437
2026-03-20 16:00:00,24.5,66.0,0.0,13.6,307.0,10.861442936643183,-8.184684314867857
2026-03-20 17:00:00,23.7,69.0,0.0,12.0,316.0,8.335900445507967,-8.632077604063813
2026-03-20 18:00:00,23.0,71.0,0.0,11.2,327.0,6.099957192168303,-9.393110360988748
2026-03-20 19:00:00,22.7,72.0,0.0,11.3,329.0,5.8199302464836125,-9.68599049793387
2026-03-20 20:00:00,23.0,70.0,0.0,11.0,342.0,3.399186938124422,-10.461621679246688
2026-03-20 21:00:00,22.6,70.0,0.0,9.6,357.0,0.5024251799322621,-9.586843533643908
2026-03-20 22:00:00,22.2,71.0,0.0,9.4,7.0,-1.1455718280083835,-9.329933825428428
2026-03-20 23:00:00,21.7,73.0,0.0,9.3,13.0,-2.092044805397947,-9.061641602502688
2026-03-21 00:00:00,21.1,76.0,0.0,9.8,6.0,-1.024378940023003,-9.74631457460908
2026-03-21 01:00:00,20.6,79.0,0.0,11.7,1.0,-0.2041931553162169,-11.698218033329777
2026-03-21 02:00:00,20.3,80.0,0.0,11.8,6.0,-1.2334358665583096,-11.735358365345627
2026-03-21 03:00:00,20.1,82.0,0.0,11.8,7.0,-1.4380582521807368,-11.7120445893676
2026-03-21 04:00:00,20.0,82.0,0.0,13.1,9.0,-2.0492914920270264,-12.938717261796302
2026-03-21 05:00:00,19.7,83.0,0.0,12.8,10.0,-2.2226966741367082,-12.605539238556263
2026-03-21 06:00:00,19.6,82.0,0.0,11.5,17.0,-3.3622746043114766,-10.997504693574907
2026-03-21 07:00:00,20.3,77.0,0.0,8.9,18.0,-2.7502512499370333,-8.464402995026866
2026-03-21 08:00:00,21.9,72.0,0.0,9.0,350.0,1.5628335990023738,-8.863269777109872
2026-03-21 09:00:00,24.0,63.0,0.0,8.9,335.0,3.7613025294922253,-8.066139304626185
2026-03-21 10:00:00,26.0,55.0,0.0,8.7,328.0,4.610297598828883,-7.378018436560906
2026-03-21 11:00:00,27.1,53.0,0.0,12.2,304.0,10.114258385171507,-6.822153422343112
2026-03-21 12:00:00,27.1,56.0,0.0,16.2,304.0,13.430408675391673,-9.0589250362261
2026-03-21 13:00:00,27.0,57.0,0.0,17.9,306.0,14.481404199311559,-10.521356016035268
2026-03-21 14:00:00,26.6,59.0,0.0,16.8,305.0,13.761754344055063,-9.636084130697574
2026-03-21 15:00:00,26.2,60.0,0.0,17.6,311.0,13.28288861192079,-11.546638910232929
2026-03-21 16:00:00,25.4,62.0,0.0,18.7,321.0,11.76829131263196,-14.532629479245355
2026-03-21 17:00:00,24.8,62.0,0.0,16.4,328.0,8.69067593342456,-13.907988776965384
2026-03-21 18:00:00,24.1,65.0,0.0,13.6,334.0,5.961847596331453,-12.223599029668671
2026-03-21 19:00:00,23.6,64.0,0.0,12.3,348.0,2.5573137970584416,-12.03121548902581
2026-03-21 20:00:00,23.0,67.0,0.0,13.2,355.0,1.1504558042690873,-13.14977001481104
2026-03-21 21:00:00,22.2,69.0,0.0,10.6,360.0,6.490628035480972e-16,-10.6
2026-03-21 22:00:00,21.5,72.0,0.0,9.6,348.0,1.9959522318504908,-9.390216967044534
2026-03-21 23:00:00,21.0,76.0,0.0,10.1,348.0,2.0999080772593706,-9.879290767411437
2026-03-22 00:00:00,20.5,78.0,0.0,9.5,359.0,0.16579786115419418,-9.498553103985717
2026-03-22 01:00:00,20.0,80.0,0.0,10.3,5.0,-0.89770415030088,-10.260805390344979
2026-03-22 02:00:00,19.5,82.0,0.0,10.2,7.0,-1.243067302732501,-10.123970746741485
2026-03-22 03:00:00,19.4,82.0,0.0,8.9,6.0,-0.9303033230821149,-8.851244868777634
2026-03-22 04:00:00,19.4,83.0,0.0,8.8,359.0,0.15358117664809567,-8.798659717376244
2026-03-22 05:00:00,19.0,84.0,0.0,8.8,358.0,0.30711557098200953,-8.794639277768043
2026-03-22 06:00:00,18.6,86.0,0.0,9.6,6.0,-1.0034732473694723,-9.547410195535424
2026-03-22 07:00:00,19.1,82.0,0.0,8.9,21.0,-3.1894747509531767,-8.308865795825096
2026-03-22 08:00:00,21.5,69.0,0.0,7.8,9.0,-1.220188827313802,-7.703969056642074
2026-03-22 09:00:00,24.4,58.0,0.0,5.2,344.0,1.4333142502483958,-4.998560818879258
2026-03-22 10:00:00,26.1,53.0,0.0,6.7,294.0,6.120754566205426,-2.7251355086078615
2026-03-22 11:00:00,26.8,52.0,0.0,10.5,278.0,10.397814721786489,-1.4613175600806871
2026-03-22 12:00:00,26.6,54.0,0.0,13.2,273.0,13.181909858760374,-0.6908346224068586
2026-03-22 13:00:00,26.2,58.0,0.0,13.7,275.0,13.647867363856914,-1.1940336756429168
2026-03-22 14:00:00,25.8,60.0,0.0,14.1,287.0,13.4838970590788,-4.122441036590589
2026-03-22 15:00:00,25.4,64.0,0.0,13.6,300.0,11.777945491468365,-6.799999999999999
2026-03-22 16:00:00,24.8,66.0,0.0,11.6,306.0,9.38459713474939,-6.818308926592688
2026-03-22 17:00:00,24.2,68.0,0.0,8.4,310.0,6.4347733221994154,-5.39941592136693
2026-03-22 18:00:00,23.6,71.0,0.0,6.9,313.0,5.046340541172277,-4.70578868443124
2026-03-22 19:00:00,23.4,73.0,0.0,6.2,330.0,3.100000000000001,-5.36935750346352
2026-03-22 20:00:00,23.2,77.0,0.0,6.6,325.0,3.7856044799169046,-5.406403492307345
2026-03-22 21:00:00,23.3,77.0,0.0,4.5,337.0,1.7582900782017317,-4.142271840535981
2026-03-22 22:00:00,23.2,76.0,0.0,3.8,17.0,-1.111012477946401,-3.633958072659534
2026-03-22 23:00:00,23.2,75.0,0.0,3.7,43.0,-2.523393932231245,-2.706008695990931
2026-03-23 00:00:00,22.9,75.0,0.0,3.8,41.0,-2.4930243101639276,-2.8678964048465336
2026-03-23 01:00:00,22.4,75.0,0.0,4.1,29.0,-1.987719443009981,-3.585940799271523
2026-03-23 02:00:00,22.0,77.0,0.0,5.6,25.0,-2.366662265747915,-5.07532360740524
2026-03-23 03:00:00,21.8,76.0,0.0,5.1,36.0,-2.9977047866916133,-4.125986671312231
2026-03-23 04:00:00,21.7,76.0,0.0,5.2,25.0,-2.197614961051636,-4.71280049259058
2026-03-23 05:00:00,21.4,77.0,0.0,5.2,29.0,-2.5210100252809515,-4.548022477124859
2026-03-23 06:00:00,21.0,80.0,0.0,4.9,24.0,-1.9930095510714205,-4.476372742448745
2026-03-23 07:00:00,21.6,77.0,0.0,5.2,41.0,-3.411506950750638,-3.9244898171584146
2026-03-23 08:00:00,24.1,66.0,0.0,4.7,40.0,-3.0211017655267356,-3.6004088826591962
2026-03-23 09:00:00,26.2,60.0,0.0,0.9,349.0,0.17172809583889043,-0.8834644651028976
2026-03-23 10:00:00,27.4,56.0,0.0,5.0,255.0,4.8296291314453415,1.2940952255126037
2026-03-23 11:00:00,27.4,59.0,0.0,12.2,262.0,12.081270438647158,1.6979118317127981
2026-03-23 12:00:00,26.7,62.0,0.0,15.2,265.0,15.142159410994532,1.324767289764404
2026-03-23 13:00:00,26.7,59.0,0.0,11.0,264.0,10.939740849051006,1.1498130959441881
2026-03-23 14:00:00,26.6,62.0,0.0,10.8,252.0,10.271410375987658,3.337383539249432
2026-03-23 15:00:00,26.4,64.0,0.0,11.4,265.0,11.3566195582459,0.9935754673233032
2026-03-23 16:00:00,25.8,68.0,0.0,11.2,276.0,11.13864522812466,-1.1707187885977188
2026-03-23 17:00:00,25.1,73.0,0.0,9.4,273.0,9.387117626692994,-0.4919579886836721
2026-03-23 18:00:00,24.4,78.0,0.0,7.7,295.0,6.978569960182205,-3.2541606154033857
2026-03-23 19:00:00,24.2,78.0,0.0,6.1,330.0,3.0500000000000007,-5.282754963085075
2026-03-23 20:00:00,24.5,75.0,0.1,5.0,339.0,1.791839747726502,-4.667902132486009
2026-03-23 21:00:00,24.5,73.0,0.0,4.9,350.0,0.8508760705679591,-4.82555798975982
2026-03-23 22:00:00,24.5,72.0,0.0,4.1,13.0,-0.9222993228098475,-3.994917265619464
2026-03-23 23:00:00,24.2,73.0,0.0,3.7,29.0,-1.7937955949114464,-3.2360929164157652
2026-03-24 00:00:00,23.8,78.0,0.0,4.6,42.0,-3.0780007892507473,-3.4184661971960137
2026-03-24 01:00:00,23.1,81.0,0.0,5.0,38.0,-3.0783073766282905,-3.9400537680336107
2026-03-24 02:00:00,22.5,78.0,0.0,6.6,16.0,-1.8192065483921926,-6.344327193192905
2026-03-24 03:00:00,22.1,78.0,0.0,5.6,21.0,-2.006860517453684,-5.228050388384329
2026-03-24 04:00:00,21.8,80.0,0.0,5.7,24.0,-2.3183988655320604,-5.207209108562826
2026-03-24 05:00:00,21.4,81.0,0.0,5.7,41.0,-3.739536465245892,-4.301844607269801
2026-03-24 06:00:00,21.1,82.0,0.0,4.7,47.0,-3.437362397610102,-3.2053922922937423
2026-03-24 07:00:00,22.0,77.0,0.0,4.2,40.0,-2.6997079606834657,-3.2173866610997073
2026-03-24 08:00:00,23.9,71.0,0.0,3.9,22.0,-1.460965714322058,-3.6160170328104706
2026-03-24 09:00:00,26.0,61.0,0.0,2.3,337.0,0.8986815955253294,-2.117161162940613
2026-03-24 10:00:00,27.2,57.0,0.0,6.2,249.0,5.788198644282651,2.2218812871808615
2026-03-24 11:00:00,27.3,60.0,0.0,10.5,250.0,9.866772518252038,3.5912115049195217
2026-03-24 12:00:00,26.5,66.0,0.0,12.6,236.0,10.445873414193525,7.045830583731411
2026-03-24 13:00:00,26.5,67.0,0.0,12.9,223.0,8.797778844806231,9.434462750887299
2026-03-24 14:00:00,26.3,68.0,0.0,12.1,227.0,8.849379789591962,8.252180156756232
2026-03-24 15:00:00,26.1,68.0,0.0,11.0,249.0,10.269384691469218,3.9420474449983027
2026-03-24 16:00:00,25.5,71.0,0.0,9.4,258.0,9.194587446897774,1.9543698936869378
2026-03-24 17:00:00,25.1,74.0,0.0,8.0,265.0,7.969557584733964,0.6972459419812653
2026-03-24 18:00:00,24.5,78.0,0.0,6.8,270.0,6.8,0.0
2026-03-24 19:00:00,24.4,79.0,0.0,6.1,289.0,5.767663311155832,-1.9859657421886558
2026-03-24 20:00:00,24.7,77.0,0.0,7.0,312.0,5.20201377834176,-4.683914244512008
2026-03-24 21:00:00,24.5,79.0,0.0,7.5,333.0,3.404928748046601,-6.682548931412758
2026-03-24 22:00:00,24.4,79.0,0.0,7.8,345.0,2.0187885517996618,-7.534221445054732
2026-03-24 23:00:00,24.1,79.0,0.0,7.8,351.0,1.220188827313801,-7.703969056642075
2026-03-25 00:00:00,23.7,79.0,0.0,8.8,359.0,0.15358117664809567,-8.798659717376244
2026-03-25 01:00:00,23.5,78.0,0.0,8.0,8.0,-1.1133848076805266,-7.922144549932562
2026-03-25 02:00:00,23.4,78.0,0.0,8.1,4.0,-0.5650274373274172,-8.080268807104575
2026-03-25 03:00:00,23.3,77.0,0.0,8.6,2.0,-0.3001356716415065,-8.594761112364223
2026-03-25 04:00:00,23.2,76.0,0.0,9.9,2.0,-0.3455050173547575,-9.893969187489049
2026-03-25 05:00:00,23.1,75.0,0.0,10.5,3.0,-0.5495275405509152,-10.485610114923025
2026-03-25 06:00:00,23.0,76.0,0.0,10.1,1.0,-0.17626930501656332,-10.098461721079552
2026-03-25 07:00:00,23.3,75.0,0.0,9.7,357.0,0.5076587755565565,-9.686706487119366
2026-03-25 08:00:00,24.9,70.0,0.0,10.2,330.0,5.1000000000000005,-8.833459118601272
2026-03-25 09:00:00,26.3,65.0,0.0,12.0,323.0,7.22178027782458,-9.583626120567514
2026-03-25 10:00:00,27.4,61.0,0.0,12.3,316.0,8.544297956645666,-8.847879544165409
2026-03-25 11:00:00,28.0,60.0,0.0,14.7,303.0,12.328457348797732,-8.006193814720898
2026-03-25 12:00:00,27.8,63.0,0.0,18.4,297.0,16.394520045065967,-8.35342519520766
2026-03-25 13:00:00,27.3,65.0,0.0,20.9,299.0,18.27955187921337,-10.132521063148443
2026-03-25 14:00:00,27.0,65.0,0.0,20.0,303.0,16.773411358908483,-10.892780700300541
2026-03-25 15:00:00,26.9,67.0,0.0,19.3,306.0,15.614027991436487,-11.344255369244731
2026-03-25 16:00:00,26.5,69.0,0.0,18.3,306.0,14.805010997061538,-10.75647011695226
2026-03-25 17:00:00,25.7,72.0,0.0,16.9,310.0,12.946151088710728,-10.863110603702513
2026-03-25 18:00:00,25.0,75.0,0.0,13.6,319.0,8.922402794270898,-10.2640502910297
2026-03-25 19:00:00,25.0,75.0,0.0,6.7,340.0,2.291534960281981,-6.295940559265586
2026-03-25 20:00:00,25.6,71.0,0.0,2.9,60.0,-2.5114736709748717,-1.4500000000000002
2026-03-25 21:00:00,25.5,71.0,0.0,2.3,86.0,-2.2943973155975956,-0.1604398896114881
2026-03-25 22:00:00,25.1,74.0,0.0,0.4,360.0,2.4492935982947065e-17,-0.4
2026-03-25 23:00:00,24.9,74.0,0.0,0.6000000000000001,304.0,0.49742254353302506,-0.33551574208244817
2026-03-26 00:00:00,24.8,76.0,0.0,5.8,185.0,0.5055033079364172,5.777929248932124
2026-03-26 01:00:00,24.4,83.0,0.0,9.8,212.0,5.193208789485408,8.310871342332975
2026-03-26 02:00:00,24.0,86.0,0.0,10.1,226.0,7.265331983420377,7.016049541635872
2026-03-26 03:00:00,23.0,86.0,0.9,4.7,230.0,3.6004088826591967,3.0211017655267347
2026-03-26 04:00:00,22.8,90.0,0.9,1.2,117.0,-1.0692078290260414,0.5447885996874562
2026-03-26 05:00:00,22.4,89.0,0.1,2.6,65.0,-2.35640024629529,-1.0988074805258181
2026-03-26 06:00:00,21.9,94.0,0.0,7.3,83.0,-7.245586906981651,-0.8896462068575753
2026-03-26 07:00:00,22.5,90.0,0.0,6.7,90.0,-6.7,8.205133554287267e-16
2026-03-26 08:00:00,24.1,84.0,0.0,3.3,54.0,-2.6697560814373267,-1.9396913325651608
2026-03-26 09:00:00,25.9,71.0,0.0,2.0,280.0,1.969615506024416,-0.34729635533386066
2026-03-26 10:00:00,26.6,67.0,0.0,7.9,271.0,7.898796791735491,-0.13787401085453974
2026-03-26 11:00:00,26.8,66.0,0.0,10.4,280.0,10.242000631326963,-1.8059410477360756
2026-03-26 12:00:00,27.0,65.0,0.0,12.2,278.0,12.081270438647158,-1.6979118317127981
2026-03-26 13:00:00,26.8,65.0,0.0,12.4,270.0,12.4,0.0
2026-03-26 14:00:00,26.2,66.0,0.0,11.1,263.0,11.017262283218674,1.352749711797137
2026-03-26 15:00:00,26.0,67.0,0.0,11.7,274.0,11.671499388039942,-0.816150742806266
2026-03-26 16:00:00,25.2,71.0,0.0,12.3,276.0,12.232619313029762,-1.2857000981921378
2026-03-26 17:00:00,24.4,76.0,0.0,12.8,301.0,10.97174144898704,-6.592487358848693
2026-03-26 18:00:00,24.0,76.0,0.0,11.1,328.0,5.882103832988574,-9.413333867336327
2026-03-26 19:00:00,24.3,73.0,0.0,8.4,350.0,1.4586446924022156,-8.272385125302547
2026-03-26 20:00:00,24.6,72.0,0.0,7.9,357.0,0.41345405431925736,-7.889173324561134
2026-03-26 21:00:00,24.2,71.0,0.0,7.5,24.0,-3.0505248230685007,-6.851590932319508
2026-03-26 22:00:00,24.2,70.0,0.0,6.1,62.0,-5.385980316439453,-2.863776532993934
2026-03-26 23:00:00,24.0,71.0,0.0,1.9,73.0,-1.8169790363297673,-0.5555062389731998
2026-03-27 00:00:00,23.8,73.0,0.0,0.4,360.0,2.4492935982947065e-17,-0.4
2026-03-27 01:00:00,23.6,71.0,0.0,2.4,333.0,1.0895771993749124,-2.138415658052083
2026-03-27 02:00:00,23.4,70.0,0.0,1.6,354.0,0.16724554122824553,-1.5912350325892373
2026-03-27 03:00:00,23.4,68.0,0.0,4.2,18.0,-1.2978713763747798,-3.994437368439645
2026-03-27 04:00:00,23.0,68.0,0.0,6.9,20.0,-2.359938988947113,-6.483879083422768
2026-03-27 05:00:00,22.7,68.0,0.0,8.3,27.0,-3.7681211478382397,-7.3953541507634535
2026-03-27 06:00:00,22.4,68.0,0.0,9.9,19.0,-3.2231247291258507,-9.360633898433237
2026-03-27 07:00:00,22.8,67.0,0.0,9.8,13.0,-2.2045203325698797,-9.548826634895304
2026-03-27 08:00:00,24.6,61.0,0.0,9.6,9.0,-1.501770864386218,-9.48180806971332
2026-03-27 09:00:00,26.6,55.0,0.0,9.9,351.0,1.5487012038982861,-9.778114571891864
2026-03-27 10:00:00,28.0,52.0,0.0,11.4,322.0,7.018540818712505,-8.98332259111663
2026-03-27 11:00:00,28.5,54.0,0.0,15.2,304.0,12.601371102836632,-8.499732132755353
2026-03-27 12:00:00,28.2,57.0,0.0,17.9,301.0,15.343294682567809,-9.219181540889968
2026-03-27 13:00:00,28.4,56.0,0.0,20.3,311.0,15.320604478522272,-13.317998288507297
2026-03-27 14:00:00,28.1,56.0,0.0,22.8,313.0,16.674864396917087,-15.549562609424965
2026-03-27 15:00:00,27.6,58.0,0.0,22.0,313.0,16.08978143562175,-15.003963921374966
2026-03-27 16:00:00,27.2,59.0,0.0,18.7,319.0,12.268303842122485,-14.113069150165837
2026-03-27 17:00:00,26.6,62.0,0.0,18.2,321.0,11.453631117107042,-14.14405649851687
2026-03-27 18:00:00,25.8,66.0,0.0,15.4,324.0,9.051892885304087,-12.45886171337419
2026-03-27 19:00:00,25.1,67.0,0.0,12.9,337.0,5.040431557511631,-11.874512609536481
2026-03-27 20:00:00,25.0,71.0,0.0,11.5,337.0,4.493407977626648,-10.585805814703065
2026-03-27 21:00:00,24.9,70.0,0.0,8.7,347.0,1.9570741727916245,-8.477019563631545
2026-03-27 22:00:00,24.5,71.0,0.0,7.0,348.0,1.4553818357243162,-6.847033205136639
2026-03-27 23:00:00,24.2,72.0,0.0,5.4,356.0,0.3766849582182763,-5.386845871403051
2026-03-28 00:00:00,23.7,74.0,0.0,4.2,31.0,-2.163159914622229,-3.600102662948871
2026-03-28 01:00:00,23.3,76.0,0.0,2.5,30.0,-1.250000000000001,-2.165063509461096
2026-03-28 02:00:00,22.9,78.0,0.0,6.7,9.0,-1.048110915769548,-6.617511881987422
2026-03-28 03:00:00,22.8,79.0,0.1,6.6,344.0,1.8192065483921944,-6.344327193192904
2026-03-28 04:00:00,22.5,82.0,0.1,4.0,280.0,3.939231012048832,-0.6945927106677213
2026-03-28 05:00:00,22.5,83.0,0.0,2.2,9.0,-0.3441558230885083,-2.172914349309303
2026-03-28 06:00:00,22.1,87.0,0.0,4.8,29.0,-2.3270861771824167,-4.1981745942691004
2026-03-28 07:00:00,22.8,81.0,0.0,3.7,11.0,-0.7059932828932151,-3.632020578756357
2026-03-28 08:00:00,24.1,76.0,0.0,5.6,354.0,0.5853593942988593,-5.56932261406233
2026-03-28 09:00:00,25.6,68.0,0.0,2.0,5.0,-0.1743114854953165,-1.992389396183491
2026-03-28 10:00:00,26.7,63.0,0.0,4.1,285.0,3.96029588778518,-1.061158084920335
2026-03-28 11:00:00,27.4,60.0,0.0,7.6,278.0,7.5260373224359345,-1.0577155672964973
2026-03-28 12:00:00,27.4,59.0,0.0,10.3,273.0,10.285884207972112,-0.5390603493023215
2026-03-28 13:00:00,27.9,55.0,0.0,10.5,273.0,10.485610114923025,-0.5495275405509102
2026-03-28 14:00:00,27.1,57.0,0.0,11.5,262.0,11.38808279052806,1.6004906610407525
2026-03-28 15:00:00,26.5,60.0,0.0,10.8,272.0,10.793420931806235,-0.3769145643870105
2026-03-28 16:00:00,25.8,64.0,0.0,10.1,281.0,9.914434552821406,-1.9271708533031024
2026-03-28 17:00:00,25.0,68.0,0.0,8.6,296.0,7.729628798172836,-3.7699918623860653
2026-03-28 18:00:00,23.9,77.0,0.0,11.0,310.0,8.426488874308758,-7.070663706551931
2026-03-28 19:00:00,23.5,79.0,0.0,9.0,329.0,4.635342674190487,-7.714505706319011
2026-03-28 20:00:00,24.0,75.0,0.0,7.4,326.0,4.138027485683526,-6.134878036907309
2026-03-28 21:00:00,24.0,74.0,0.0,4.3,332.0,2.0187277199793305,-3.7966746492933856
2026-03-28 22:00:00,23.9,75.0,0.0,4.8,326.0,2.6841259366595844,-3.9793803482642
2026-03-28 23:00:00,23.6,77.0,0.0,3.2,341.0,1.0418180942629016,-3.0256594419178136
2026-03-29 00:00:00,23.5,77.0,0.0,2.9,4.0,-0.20229377385796418,-2.89293574575349
2026-03-29 01:00:00,23.2,78.0,0.0,4.5,5.0,-0.3922008423644621,-4.482876141412855
2026-03-29 02:00:00,22.9,79.0,0.0,6.7,9.0,-1.048110915769548,-6.617511881987422
2026-03-29 03:00:00,22.6,81.0,0.0,7.7,1.0,-0.13438352956708294,-7.698827252704213
2026-03-29 04:00:00,22.5,80.0,0.0,9.0,6.0,-0.9407561694088802,-8.95069705831446
2026-03-29 05:00:00,22.4,80.0,0.0,9.3,9.0,-1.4548405248741487,-9.18550156753478
2026-03-29 06:00:00,22.1,81.0,0.0,8.6,8.0,-1.196888668256566,-8.516305391177504
2026-03-29 07:00:00,22.8,78.0,0.0,9.9,357.0,0.5181259668051453,-9.886432394070281
2026-03-29 08:00:00,24.9,64.0,0.0,6.0,10.0,-1.041889066001582,-5.908846518073248
2026-03-29 09:00:00,26.6,58.0,0.0,7.2,328.0,3.8154187024790756,-6.105946292326267
2026-03-29 10:00:00,27.2,59.0,0.0,12.5,306.0,10.112712429686843,-7.347315653655914
2026-03-29 11:00:00,27.5,60.0,0.0,14.9,297.0,13.275997210406683,-6.764458446119247
2026-03-29 12:00:00,27.5,62.0,0.0,16.3,295.0,14.772816928697395,-6.888677666373401
2026-03-29 13:00:00,27.5,62.0,0.0,17.7,297.0,15.77081547813411,-8.035631845389977
2026-03-29 14:00:00,27.9,59.0,0.0,18.8,304.0,15.585906364034782,-10.512826585250043
2026-03-29 15:00:00,27.4,62.0,0.0,18.7,305.0,15.318143228204146,-10.72587935976456
2026-03-29 16:00:00,26.5,67.0,0.0,18.4,307.0,14.694893384870188,-11.073396425997688
2026-03-29 17:00:00,25.5,70.0,0.0,18.1,307.0,14.455302731856001,-10.892851919052074
2026-03-29 18:00:00,24.5,76.0,0.0,17.9,311.0,13.509301485987619,-11.743456618930079
2026-03-29 19:00:00,24.0,79.0,0.0,14.6,308.0,11.50495700265814,-8.98865753975461
2026-03-29 20:00:00,24.0,79.0,0.0,13.0,321.0,8.181165083647887,-10.10289749894062
2026-03-29 21:00:00,23.9,80.0,0.0,8.9,336.0,3.619956123374622,-8.130554573019149
2026-03-29 22:00:00,23.8,81.0,0.0,7.8,328.0,4.133370261018998,-6.614775150020122
2026-03-29 23:00:00,23.5,82.0,0.0,8.8,327.0,4.792823508132239,-7.380300997919732
2026-03-30 00:00:00,23.4,82.0,0.0,8.7,339.0,3.117801161044113,-8.122149710525655
2026-03-30 01:00:00,23.2,81.0,0.0,9.1,8.0,-1.266475218736599,-9.01143942554829
2026-03-30 02:00:00,23.0,79.0,0.0,8.7,27.0,-3.9497173477340577,-7.751756760438799
2026-03-30 03:00:00,22.9,77.0,0.0,7.9,45.0,-5.586143571373727,-5.586143571373725
2026-03-30 04:00:00,22.6,76.0,0.0,5.0,52.0,-3.94005376803361,-3.078307376628291
2026-03-30 05:00:00,22.4,77.0,0.0,0.4,117.0,-0.35640260967534715,0.18159619989581877
2026-03-30 06:00:00,22.6,77.0,0.0,3.8,185.0,0.3311918224411009,3.785539852748633
2026-03-30 07:00:00,24.0,75.0,0.0,6.0,185.0,0.5229344564859488,5.977168188550474
2026-03-30 08:00:00,25.9,65.0,0.0,8.1,167.0,-1.8221035401853067,7.892397524760405
2026-03-30 09:00:00,27.4,61.0,0.0,13.3,182.0,0.4641633061432644,13.291897999353974
2026-03-30 10:00:00,27.9,61.0,0.0,15.9,186.0,1.66200256595569,15.812898136355546
2026-03-30 11:00:00,28.5,58.0,0.0,15.8,194.0,3.8223659504747496,15.330672475160744
2026-03-30 12:00:00,28.7,56.0,0.0,15.3,200.0,5.232908192882733,14.377297098024398
2026-03-30 13:00:00,28.8,56.0,0.0,14.7,198.0,4.542549817311727,13.980530789538756
2026-03-30 14:00:00,28.9,57.0,0.0,15.2,199.0,4.948635947748782,14.371882349109613
2026-03-30 15:00:00,28.4,63.0,0.0,11.6,212.0,6.147063465105177,9.837357915414541
2026-03-30 16:00:00,27.4,69.0,0.1,12.3,256.0,11.934637433194757,2.975639315875913
2026-03-30 17:00:00,26.7,72.0,0.2,9.8,288.0,9.320353859692505,-3.0283665448744848
2026-03-30 18:00:00,26.4,73.0,0.0,4.8,329.0,2.47218275956826,-4.114403043370139
2026-03-30 19:00:00,26.2,73.0,0.0,2.3,4.0,-0.16043988961148883,-2.2943973155975956
2026-03-30 20:00:00,26.7,75.0,0.0,0.7000000000000001,284.0,0.6792070083931976,-0.16934532691976742
2026-03-30 21:00:00,26.5,71.0,0.0,4.8,250.0,4.51052457977236,1.6416966879632098
2026-03-30 22:00:00,26.0,75.0,0.0,7.2,252.0,6.8476069173251055,2.2249223594996215
2026-03-30 23:00:00,25.4,79.0,0.0,5.2,243.0,4.633233925779513,2.360750598645643
2026-03-31 00:00:00,25.1,82.0,0.0,7.3,250.0,6.859756131737131,2.4967470462773815
2026-03-31 01:00:00,24.9,86.0,0.0,6.5,275.0,6.475265537596346,-0.5665123278597781
2026-03-31 02:00:00,24.2,89.0,0.0,1.2,39.0,-0.7551844692598054,-0.9325751537483646
2026-03-31 03:00:00,23.8,90.0,0.0,2.2,76.0,-2.1346505978071924,-0.5322281703192686
2026-03-31 04:00:00,23.5,90.0,0.0,2.3,18.0,-0.7107390870623793,-2.1874299874788528
2026-03-31 05:00:00,23.6,89.0,0.0,4.2,12.0,-0.8732291014345911,-4.108219923081983
2026-03-31 06:00:00,23.6,86.0,0.0,3.7,35.0,-2.122232814498872,-3.030862563869269
2026-03-31 07:00:00,24.5,80.0,0.0,3.1,103.0,-3.020547200834229,0.6973482684659821
2026-03-31 08:00:00,25.9,76.0,0.0,3.7,14.0,-0.8951110137187709,-3.590094187221187
2026-03-31 09:00:00,27.6,66.0,0.0,3.5,246.0,3.197409101749103,1.4235782507653008
2026-03-31 10:00:00,28.4,64.0,0.0,6.8,243.0,6.058844364480901,3.087135398228918
2026-03-31 11:00:00,28.9,64.0,0.0,9.4,241.0,8.22142524711032,4.5572104303155685
2026-03-31 12:00:00,28.5,63.0,0.0,12.4,242.0,10.948550151450695,5.821447378545046
2026-03-31 13:00:00,28.5,63.0,0.0,12.3,232.0,9.69253226936268,7.572636146505597
2026-03-31 14:00:00,28.2,67.0,0.0,12.6,233.0,10.062807426595889,7.582869291715808
2026-03-31 15:00:00,28.4,63.0,0.0,9.5,226.0,6.833728103217187,6.599254519360474
2026-03-31 16:00:00,27.5,68.0,0.0,11.5,221.0,7.544678833390834,8.679160172561879
2026-03-31 17:00:00,26.6,74.0,0.0,10.1,224.0,7.016049541635872,7.265331983420376
2026-03-31 18:00:00,25.5,82.0,0.0,9.3,245.0,8.428662419440846,3.930349834188505
2026-03-31 19:00:00,25.1,85.0,0.0,7.3,253.0,6.981024718530159,2.1343134444759784
2026-03-31 20:00:00,25.1,82.0,0.0,5.6,228.0,4.161611022673408,3.747131395609606
2026-03-31 21:00:00,25.0,85.0,0.0,5.8,216.0,3.409154463296344,4.692298567374695
2026-03-31 22:00:00,24.7,87.0,0.0,5.9,235.0,4.8329970613050515,3.384100974471172
2026-03-31 23:00:00,24.5,88.0,0.0,8.1,269.0,8.098766330766768,0.14136449214199645
2026-04-01 00:00:00,24.1,86.0,0.0,2.5,45.0,-1.7677669529663693,-1.7677669529663687
2026-04-01 01:00:00,24.0,86.0,0.0,3.9,34.0,-2.1808523235359116,-3.233246532964663
2026-04-01 02:00:00,24.0,86.0,0.0,4.5,29.0,-2.1816432911085157,-3.935788682127282
2026-04-01 03:00:00,24.2,85.0,0.0,3.5,24.0,-1.4235782507653003,-3.1974091017491033
2026-04-01 04:00:00,24.5,82.0,0.0,1.8,349.0,0.34345619167778085,-1.7669289302057951
2026-04-01 05:00:00,24.9,80.0,0.0,2.2,261.0,2.1729143493093033,0.34415582308850795
2026-04-01 06:00:00,25.2,77.0,0.0,5.3,242.0,4.679622242152313,2.4881992827652213
2026-04-01 07:00:00,25.6,75.0,0.0,7.6,239.0,6.5144714853360535,3.9142893693164114
2026-04-01 08:00:00,25.8,74.0,0.0,9.2,244.0,8.268905225952336,4.033014550459511
2026-04-01 09:00:00,25.9,74.0,0.1,10.0,257.0,9.743700647852352,2.24951054343865
2026-04-01 10:00:00,25.9,74.0,0.1,11.5,274.0,11.471986577987979,-0.802199448057441
2026-04-01 11:00:00,25.9,76.0,0.1,13.8,290.0,12.967758166845536,-4.719877977894228
2026-04-01 12:00:00,25.8,77.0,0.1,16.5,302.0,13.992793586581028,-8.74366785984788
2026-04-01 13:00:00,25.7,78.0,0.1,18.9,309.0,14.68805867153675,-11.894155390841926
2026-04-01 14:00:00,25.5,79.0,0.1,20.1,313.0,14.700209402545328,-13.70816703725622
2026-04-01 15:00:00,25.3,80.0,0.2,19.6,316.0,13.615304060996348,-14.099060086637563
2026-04-01 16:00:00,25.1,80.0,0.2,17.9,320.0,11.505898213389054,-13.712195531829705
2026-04-01 17:00:00,24.8,81.0,0.2,15.5,324.0,9.110671410533334,-12.539763412811686
2026-04-01 18:00:00,24.4,81.0,0.2,12.4,330.0,6.200000000000002,-10.73871500692704
2026-04-01 19:00:00,24.1,82.0,0.2,10.0,339.0,3.583679495453004,-9.335804264972017
2026-04-01 20:00:00,23.9,82.0,0.2,8.5,348.0,1.7672493719509554,-8.314254606237347
2026-04-01 21:00:00,23.6,82.0,0.1,7.2,354.0,0.752604935527105,-7.160557646651568
2026-04-01 22:00:00,23.4,82.0,0.1,6.5,3.0,-0.340183715579138,-6.49109197590473
2026-04-01 23:00:00,23.1,83.0,0.1,5.5,11.0,-1.0494494745709955,-5.3989495089621515
2026-04-02 00:00:00,22.9,83.0,0.1,4.6,18.0,-1.4214781741247586,-4.3748599749577055
2026-04-02 01:00:00,22.7,82.0,0.1,4.0,27.0,-1.8159619989581877,-3.564026096753471
2026-04-02 02:00:00,22.7,82.0,0.1,3.6,37.0,-2.166534083347374,-2.875087836170254
2026-04-02 03:00:00,22.7,81.0,0.1,3.3,49.0,-2.490541614735148,-2.1649947956686733
2026-04-02 04:00:00,22.8,80.0,0.1,3.7,61.0,-3.236092916415765,-1.7937955949114468
2026-04-02 05:00:00,22.9,79.0,0.1,3.9,68.0,-3.616017032810471,-1.460965714322057
2026-04-02 06:00:00,23.1,78.0,0.1,4.1,75.0,-3.96029588778518,-1.0611580849203353
2026-04-02 07:00:00,23.3,76.0,0.1,4.1,75.0,-3.96029588778518,-1.0611580849203353
2026-04-02 08:00:00,23.6,75.0,0.1,3.4,72.0,-3.2335921554035223,-1.0506577808748208
2026-04-02 09:00:00,24.0,73.0,0.2,2.1,59.0,-1.800051331474436,-1.0815799573111138
2026-04-02 10:00:00,24.5,71.0,0.2,1.5,346.0,0.3628828433995015,-1.4554435894139948
2026-04-02 11:00:00,25.2,69.0,0.2,3.4,302.0,2.883363526931848,-1.8017254983928965
2026-04-02 12:00:00,25.7,67.0,0.2,6.0,295.0,5.437846722219899,-2.5357095704441965
2026-04-02 13:00:00,26.1,66.0,0.2,8.1,291.0,7.5620014546273335,-2.902780391316932
2026-04-02 14:00:00,26.3,66.0,0.2,8.9,291.0,8.308865795825096,-3.1894747509531727
2026-04-02 15:00:00,26.1,67.0,0.3,8.7,294.0,7.947845481490627,-3.5386087947594613
2026-04-02 16:00:00,25.7,69.0,0.3,7.6,301.0,6.5144714853360535,-3.9142893693164114
2026-04-02 17:00:00,25.1,72.0,0.3,6.4,317.0,4.36478950439999,-4.6806636903626915
2026-04-02 18:00:00,24.4,75.0,0.3,5.6,333.0,2.542346798541462,-4.989636535454859
2026-04-02 19:00:00,23.8,78.0,0.3,5.4,356.0,0.3766849582182763,-5.386845871403051
2026-04-02 20:00:00,23.4,80.0,0.3,5.4,8.0,-0.7515347451843555,-5.34744757120448
2026-04-02 21:00:00,23.0,81.0,0.1,5.5,11.0,-1.0494494745709955,-5.3989495089621515
2026-04-02 22:00:00,22.7,82.0,0.1,5.2,16.0,-1.4333142502483942,-4.998560818879259
2026-04-02 23:00:00,22.5,83.0,0.1,4.5,14.0,-1.088648530198505,-4.366330768241984
2026-04-03 00:00:00,22.3,83.0,0.1,4.0,10.0,-0.6945927106677213,-3.939231012048832
2026-04-03 01:00:00,22.2,83.0,0.1,3.3,13.0,-0.7423384793347553,-3.215421213791276
2026-04-03 02:00:00,22.2,83.0,0.1,3.0,14.0,-0.7257656867990033,-2.9108871788279895
2026-04-03 03:00:00,22.2,83.0,0.0,3.1,21.0,-1.1109406435904323,-2.894099322141325
2026-04-03 04:00:00,22.3,82.0,0.0,3.2,27.0,-1.4527695991665501,-2.851220877402777
2026-04-03 05:00:00,22.5,81.0,0.0,3.7,29.0,-1.7937955949114464,-3.2360929164157652
2026-04-03 06:00:00,22.8,79.0,0.0,3.9,34.0,-2.1808523235359116,-3.233246532964663
2026-04-03 07:00:00,23.2,78.0,0.0,3.3,49.0,-2.490541614735148,-2.1649947956686733
2026-04-03 08:00:00,23.7,76.0,0.0,2.9,83.0,-2.878383839759834,-0.3534210958749272
2026-04-03 09:00:00,24.4,73.0,0.0,4.6,135.0,-3.252691193458118,3.2526911934581184
2026-04-03 10:00:00,25.4,70.0,0.0,9.2,159.0,-3.296985135816762,8.588939923774255
2026-04-03 11:00:00,26.6,66.0,0.0,15.1,168.0,-3.139466531348166,14.770028771080465
2026-04-03 12:00:00,27.6,63.0,0.0,21.1,171.0,-3.3007672123488705,20.840223986557408
2026-04-03 13:00:00,28.5,61.0,0.0,25.8,173.0,-3.144229059852802,25.60769071234611
2026-04-03 14:00:00,28.9,60.0,0.0,28.3,173.0,-3.4489024183656705,28.089056091449415
2026-04-03 15:00:00,28.9,61.0,0.0,28.7,172.0,-3.9942679975538757,28.420693572883067
2026-04-03 16:00:00,28.6,64.0,0.0,27.0,170.0,-4.688500797007118,26.589809331329615
2026-04-03 17:00:00,28.0,68.0,0.0,24.7,167.0,-5.556291042293466,24.06694060019531
2026-04-03 18:00:00,27.4,72.0,0.0,21.7,165.0,-5.616373278724702,20.96059043047278
2026-04-03 19:00:00,26.7,76.0,0.0,18.7,161.0,-6.088124488348829,17.681197363707224
2026-04-03 20:00:00,26.3,79.0,0.0,16.3,158.0,-6.106087472679367,15.113096829438636
2026-04-03 21:00:00,26.0,81.0,0.1,14.4,158.0,-5.394334945189134,13.351447505761739
2026-04-03 22:00:00,25.7,83.0,0.1,12.4,158.0,-4.64512175835731,11.497079796628164
2026-04-03 23:00:00,25.4,84.0,0.1,10.2,162.0,-3.1519733426244625,9.700776466210566
2026-04-04 00:00:00,25.2,85.0,0.1,8.1,167.0,-1.8221035401853067,7.892397524760405
2026-04-04 01:00:00,25.1,86.0,0.1,6.5,174.0,-0.6794350112397481,6.4643923198937765
2026-04-04 02:00:00,25.0,86.0,0.1,5.4,180.0,3.3065463576978537e-16,5.4
2026-04-04 03:00:00,24.9,85.0,0.3,4.7,184.0,0.3278554265973886,4.688551036221174
2026-04-04 04:00:00,24.9,84.0,0.3,4.0,185.0,0.34862297099063255,3.984778792366982
2026-04-04 05:00:00,25.0,83.0,0.3,3.6,180.0,2.2043642384652358e-16,3.6
2026-04-04 06:00:00,25.0,81.0,0.3,3.2,180.0,1.9594348786357652e-16,3.2
2026-04-04 07:00:00,25.1,79.0,0.3,3.2,180.0,1.9594348786357652e-16,3.2
2026-04-04 08:00:00,25.2,78.0,0.3,2.9,187.0,0.3534210958749277,2.8783838397598336
2026-04-04 09:00:00,25.3,77.0,0.7000000000000001,2.9,210.0,1.4500000000000002,2.5114736709748717
2026-04-04 10:00:00,25.5,76.0,0.7000000000000001,4.1,232.0,3.2308440897875594,2.524212048835199
2026-04-04 11:00:00,25.7,75.0,0.7000000000000001,5.6,243.0,4.98963653545486,2.5423467985414616
2026-04-04 12:00:00,25.8,75.0,0.7000000000000001,7.3,250.0,6.859756131737131,2.4967470462773815
2026-04-04 13:00:00,25.9,75.0,0.7000000000000001,8.6,255.0,8.306962106085987,2.2258437878816784
2026-04-04 14:00:00,25.9,75.0,0.7000000000000001,8.9,256.0,8.635631963856369,2.153104870837043
2026-04-04 15:00:00,25.7,76.0,1.2,8.1,257.0,7.892397524760405,1.8221035401853065
2026-04-04 16:00:00,25.3,78.0,1.2,6.6,257.0,6.430842427582553,1.484676958669509
2026-04-04 17:00:00,24.8,80.0,1.2,4.5,256.0,4.366330768241984,1.0886485301985047
2026-04-04 18:00:00,24.4,83.0,1.2,2.4,243.0,2.138415658052083,1.0895771993749122
2026-04-04 19:00:00,24.0,85.0,1.2,0.8,207.0,0.3631923997916375,0.7128052193506943
2026-04-04 20:00:00,23.7,86.0,1.2,1.3,124.0,-1.0777488443215542,0.726950774511971
2026-04-04 21:00:00,23.5,87.0,0.6,2.1,121.0,-1.8000513314744357,1.0815799573111142
2026-04-04 22:00:00,23.3,87.0,0.6,2.9,120.0,-2.511473670974872,1.4499999999999997
2026-04-04 23:00:00,23.2,88.0,0.6,3.4,122.0,-2.883363526931848,1.8017254983928965
2026-04-05 00:00:00,23.2,87.0,0.6,3.8,131.0,-2.8678964048465336,2.4930243101639276
2026-04-05 01:00:00,23.2,87.0,0.6,4.1,135.0,-2.8991378028648445,2.899137802864845
2026-04-05 02:00:00,23.2,87.0,0.6,4.8,138.0,-3.2118269105225195,3.5670951622914924
2026-04-05 03:00:00,23.2,87.0,0.5,5.4,138.0,-3.6133052743378347,4.012982057577929
2026-04-05 04:00:00,23.3,86.0,0.5,5.9,137.0,-4.023790324368741,4.314986839553106
2026-04-05 05:00:00,23.4,85.0,0.5,6.1,140.0,-3.92100441908789,4.6728711030257655
2026-04-05 06:00:00,23.6,84.0,0.5,6.9,141.0,-4.342310698243877,5.3623071340531006
2026-04-05 07:00:00,23.8,83.0,0.5,7.5,145.0,-4.301823272632846,6.143640332167438
2026-04-05 08:00:00,24.1,82.0,0.5,7.9,150.0,-3.9499999999999984,6.841600689897066
2026-04-05 09:00:00,24.6,80.0,0.4,8.9,159.0,-3.1894747509531727,8.308865795825096
2026-04-05 10:00:00,25.1,78.0,0.4,10.4,166.0,-2.515987714236545,10.091075553270363
2026-04-05 11:00:00,25.8,76.0,0.4,12.3,173.0,-1.4989929238833126,12.208317665188263
2026-04-05 12:00:00,26.3,74.0,0.4,14.0,179.0,-0.24433369012196868,13.997867732189478
2026-04-05 13:00:00,26.8,72.0,0.4,15.5,181.0,0.27051229977789576,15.497639274924065
2026-04-05 14:00:00,27.0,72.0,0.4,16.2,183.0,0.8478424911356922,16.177798463024097
2026-04-05 15:00:00,27.0,73.0,0.4,15.8,181.0,0.27574802170908086,15.797593583470983
2026-04-05 16:00:00,26.7,75.0,0.4,14.4,179.0,-0.2513146526968821,14.397806810252035
2026-04-05 17:00:00,26.3,77.0,0.4,12.6,175.0,-1.0981623586204938,12.552053195955994
2026-04-05 18:00:00,25.8,80.0,0.4,10.7,168.0,-2.2246550917500247,10.46617932785172
2026-04-05 19:00:00,25.4,82.0,0.4,9.4,162.0,-2.9047597471245052,8.939931253174445
2026-04-05 20:00:00,25.1,84.0,0.4,8.7,156.0,-3.538608794759462,7.947845481490627
2026-04-05 21:00:00,24.9,85.0,0.1,8.9,153.0,-4.040515447681965,7.929958065276475
2026-04-05 22:00:00,24.7,85.0,0.1,9.3,152.0,-4.366085533908786,8.21141261358802
2026-04-05 23:00:00,24.6,86.0,0.1,10.0,154.0,-4.383711467890775,8.98794046299167
2026-04-06 00:00:00,24.6,86.0,0.1,10.6,156.0,-4.3114084166034825,9.683581851011569
2026-04-06 01:00:00,24.5,85.0,0.1,11.6,158.0,-4.34543648362458,10.755332712974734
2026-04-06 02:00:00,24.6,85.0,0.1,12.0,159.0,-4.300415394543603,11.202965117966421
2026-04-06 03:00:00,24.7,84.0,0.1,12.0,159.0,-4.300415394543603,11.202965117966421
2026-04-06 04:00:00,24.8,84.0,0.1,12.0,159.0,-4.300415394543603,11.202965117966421
2026-04-06 05:00:00,25.0,83.0,0.1,12.1,157.0,-4.727846654720213,11.138108726774528
2026-04-06 06:00:00,25.3,82.0,0.1,11.6,158.0,-4.34543648362458,10.755332712974734
2026-04-06 07:00:00,25.5,80.0,0.1,11.6,158.0,-4.34543648362458,10.755332712974734
2026-04-06 08:00:00,25.9,79.0,0.1,11.7,162.0,-3.6154988341868837,11.127361240653297
2026-04-06 09:00:00,26.3,77.0,0.0,12.1,168.0,-2.515731458894888,11.835585968879048
2026-04-06 10:00:00,26.9,74.0,0.0,13.4,175.0,-1.1678869528186204,13.34900895442939
2026-04-06 11:00:00,27.6,72.0,0.0,14.4,184.0,1.0044932219154035,14.36492232374147
2026-04-06 12:00:00,28.2,69.0,0.0,16.0,189.0,2.502951440643695,15.803013449522204
2026-04-06 13:00:00,28.6,68.0,0.0,17.0,193.0,3.8241679238457036,16.564291101349
2026-04-06 14:00:00,28.8,67.0,0.0,17.6,195.0,4.555215193804365,17.000294542687605
2026-04-06 15:00:00,28.6,68.0,0.0,16.9,196.0,4.658271313307285,16.245322661357587
2026-04-06 16:00:00,28.2,71.0,0.0,15.6,195.0,4.0375771035993235,15.068442890109464
2026-04-06 17:00:00,27.7,74.0,0.0,13.6,192.0,2.8275989951215283,13.302807369979755
2026-04-06 18:00:00,27.1,77.0,0.0,12.0,187.0,1.4624321208617699,11.910553819695863
2026-04-06 19:00:00,26.5,80.0,0.0,10.1,182.0,0.3524849166952609,10.093847352892867
2026-04-06 20:00:00,26.1,82.0,0.0,9.0,178.0,-0.3140954703225086,8.994517443171862
2026-04-06 21:00:00,25.8,83.0,0.0,8.3,175.0,-0.7233926648055634,8.268415994161488
2026-04-06 22:00:00,25.6,83.0,0.0,8.0,172.0,-1.1133848076805228,7.922144549932563
2026-04-06 23:00:00,25.4,83.0,0.0,7.7,169.0,-1.469229264399395,7.558529312547013
2026-04-07 00:00:00,25.2,83.0,0.0,7.7,169.0,-1.469229264399395,7.558529312547013
2026-04-07 01:00:00,25.1,82.0,0.0,7.3,169.0,-1.392905666248777,7.165878439167947
2026-04-07 02:00:00,25.1,82.0,0.0,6.9,171.0,-1.0793978087775926,6.815049550106451
2026-04-07 03:00:00,25.2,81.0,0.0,6.5,174.0,-0.6794350112397481,6.4643923198937765
2026-04-07 04:00:00,25.4,81.0,0.0,5.8,176.0,-0.4045875477159269,5.78587149150698
2026-04-07 05:00:00,25.6,80.0,0.0,5.4,180.0,3.3065463576978537e-16,5.4
2026-04-07 06:00:00,25.9,79.0,0.0,4.7,189.0,0.7352419856890854,4.6421352007971475
2026-04-07 07:00:00,26.1,78.0,0.0,4.6,198.0,1.4214781741247582,4.3748599749577055
2026-04-07 08:00:00,26.4,77.0,0.0,4.7,212.0,2.490620541896063,3.9858260519352022
2026-04-07 09:00:00,26.8,76.0,0.1,5.6,225.0,3.9597979746446663,3.9597979746446654
2026-04-07 10:00:00,27.2,74.0,0.1,7.2,233.0,5.750175672340508,4.333068166694748
2026-04-07 11:00:00,27.6,73.0,0.1,9.0,241.0,7.871577364254562,4.363286582217033
2026-04-07 12:00:00,28.0,71.0,0.1,11.1,245.0,10.060016436106814,4.691062705321763
2026-04-07 13:00:00,28.2,71.0,0.1,12.6,246.0,11.510672766296771,5.124881702755083
2026-04-07 14:00:00,28.3,71.0,0.1,12.8,248.0,11.86795333845488,4.794964395723674
2026-04-07 15:00:00,28.0,72.0,0.5,11.8,250.0,11.08837292527372,4.035837691242891
2026-04-07 16:00:00,27.6,75.0,0.5,10.5,254.0,10.093247807352348,2.8941922360784913
2026-04-07 17:00:00,27.0,78.0,0.5,8.1,257.0,7.892397524760405,1.8221035401853065
2026-04-07 18:00:00,26.3,81.0,0.5,5.8,266.0,5.78587149150698,0.40458754771592675
2026-04-07 19:00:00,25.7,84.0,0.5,4.0,275.0,3.984778792366982,-0.34862297099063266
2026-04-07 20:00:00,25.2,86.0,0.5,2.3,288.0,2.1874299874788528,-0.710739087062379
2026-04-07 21:00:00,24.9,87.0,0.6,0.8,297.0,0.7128052193506944,-0.3631923997916374
2026-04-07 22:00:00,24.6,88.0,0.6,0.8,153.0,-0.36319239979163737,0.7128052193506944
2026-04-07 23:00:00,24.3,89.0,0.6,2.6,146.0,-1.4539015490239415,2.1554976886431088
2026-04-08 00:00:00,24.1,89.0,0.6,4.1,142.0,-2.524212048835199,3.23084408978756
2026-04-08 01:00:00,24.0,89.0,0.6,5.4,143.0,-3.2498011250210617,4.312631754255381
2026-04-08 02:00:00,23.8,89.0,0.6,6.1,140.0,-3.92100441908789,4.6728711030257655
2026-04-08 03:00:00,23.7,89.0,0.6,6.1,135.0,-4.313351365237939,4.31335136523794
2026-04-08 04:00:00,23.6,89.0,0.6,5.4,127.0,-4.312631754255382,3.2498011250210603
2026-04-08 05:00:00,23.5,88.0,0.6,4.8,117.0,-4.276831316104166,2.1791543987498248
2026-04-08 06:00:00,23.5,88.0,0.6,4.4,99.0,-4.345828698618606,0.6883116461770163
2026-04-08 07:00:00,23.6,87.0,0.6,4.0,85.0,-3.984778792366982,-0.3486229709906318
2026-04-08 08:00:00,23.7,86.0,0.6,3.5,66.0,-3.197409101749103,-1.4235782507653008
2026-04-08 09:00:00,23.9,85.0,0.4,3.1,45.0,-2.192031021678298,-2.192031021678297
2026-04-08 10:00:00,24.3,83.0,0.4,3.0,14.0,-0.7257656867990033,-2.9108871788279895
2026-04-08 11:00:00,24.8,81.0,0.4,3.4,342.0,1.0506577808748212,-3.233592155403522
2026-04-08 12:00:00,25.2,79.0,0.4,4.6,321.0,2.894873798829252,-3.5748714227020657
2026-04-08 13:00:00,25.6,78.0,0.4,5.6,315.0,3.9597979746446663,-3.9597979746446654
2026-04-08 14:00:00,25.7,77.0,0.4,6.4,313.0,4.6806636903626915,-4.36478950439999
2026-04-08 15:00:00,25.7,78.0,0.1,6.4,317.0,4.36478950439999,-4.6806636903626915
2026-04-08 16:00:00,25.4,79.0,0.1,5.7,325.0,3.269385687200963,-4.669166652447253
2026-04-08 17:00:00,25.1,81.0,0.1,5.4,340.0,1.8469087739586119,-5.074340152243905
2026-04-08 18:00:00,24.7,83.0,0.1,5.1,356.0,0.35575801609503865,-5.087576656325103
2026-04-08 19:00:00,24.4,85.0,0.1,5.1,8.0,-0.7097828148963357,-5.050367150582008
2026-04-08 20:00:00,24.1,86.0,0.1,5.0,21.0,-1.7918397477265036,-4.667902132486008
2026-04-08 21:00:00,23.9,87.0,0.0,4.8,27.0,-2.179154398749825,-4.276831316104166
2026-04-08 22:00:00,23.7,88.0,0.0,4.1,38.0,-2.524212048835198,-3.2308440897875603
2026-04-08 23:00:00,23.5,88.0,0.0,3.6,45.0,-2.545584412271572,-2.545584412271571
2026-04-09 00:00:00,23.3,88.0,0.0,2.9,60.0,-2.5114736709748717,-1.4500000000000002
2026-04-09 01:00:00,23.3,88.0,0.0,2.6,74.0,-2.499280409439629,-0.7166571251241974
2026-04-09 02:00:00,23.3,88.0,0.0,2.5,98.0,-2.475670171853926,0.3479327524001633
2026-04-09 03:00:00,23.4,87.0,0.0,3.1,111.0,-2.8940993221413254,1.1109406435904308
2026-04-09 04:00:00,23.6,87.0,0.0,3.9,124.0,-3.2332465329646625,2.180852323535913
2026-04-09 05:00:00,23.9,86.0,0.0,4.6,129.0,-3.5748714227020657,2.8948737988292517
2026-04-09 06:00:00,24.3,84.0,0.0,5.1,135.0,-3.606244584051392,3.6062445840513924
2026-04-09 07:00:00,24.7,83.0,0.0,5.9,142.0,-3.6324027044213842,4.64926344627966
2026-04-09 08:00:00,25.1,81.0,0.0,6.6,151.0,-3.199743493625824,5.772490067120012
2026-04-09 09:00:00,25.7,79.0,0.0,7.5,163.0,-2.192787785420525,7.172285669722767
2026-04-09 10:00:00,26.5,76.0,0.0,9.4,176.0,-0.6557108531947782,9.377102072442348
2026-04-09 11:00:00,27.4,73.0,0.0,11.6,185.0,1.0110066158728344,11.555858497864248
2026-04-09 12:00:00,28.2,70.0,0.0,13.6,192.0,2.8275989951215283,13.302807369979755
2026-04-09 13:00:00,28.7,68.0,0.0,15.5,198.0,4.789763412811686,14.74137600257488
2026-04-09 14:00:00,29.0,67.0,0.0,16.1,200.0,5.506524307543269,15.129051194653126
2026-04-09 15:00:00,28.9,68.0,0.0,15.4,201.0,5.518866422997626,14.377138568056907
2026-04-09 16:00:00,28.5,71.0,0.0,14.0,203.0,5.470235798849832,12.887067948334165
2026-04-09 17:00:00,27.9,74.0,0.0,11.8,203.0,4.61062731617343,10.861957270738797
2026-04-09 18:00:00,27.2,78.0,0.0,9.4,203.0,3.672872607799173,8.65274562245294
2026-04-09 19:00:00,26.6,82.0,0.0,7.4,203.0,2.8914103508206255,6.811735915548059
2026-04-09 20:00:00,26.1,84.0,0.0,6.0,205.0,2.5357095704441965,5.437846722219899
2026-04-09 21:00:00,25.7,86.0,0.0,5.2,205.0,2.197614961051637,4.7128004925905795
2026-04-09 22:00:00,25.4,87.0,0.0,4.8,207.0,2.1791543987498248,4.276831316104166
2026-04-09 23:00:00,25.1,87.0,0.0,4.7,203.0,1.8364363038995866,4.32637281122647
2026-04-10 00:00:00,24.9,88.0,0.0,4.7,203.0,1.8364363038995866,4.32637281122647
2026-04-10 01:00:00,24.8,88.0,0.0,4.6,198.0,1.4214781741247582,4.3748599749577055
2026-04-10 02:00:00,24.7,88.0,0.0,4.6,198.0,1.4214781741247582,4.3748599749577055
2026-04-10 03:00:00,24.7,88.0,0.0,4.1,195.0,1.061158084920335,3.96029588778518
2026-04-10 04:00:00,24.7,87.0,0.0,3.8,197.0,1.1110124779463997,3.6339580726595346
2026-04-10 05:00:00,24.9,86.0,0.0,3.7,191.0,0.7059932828932162,3.632020578756357
2026-04-10 06:00:00,25.1,85.0,0.0,3.3,193.0,0.7423384793347542,3.2154212137912763
2026-04-10 07:00:00,25.3,84.0,0.0,3.3,193.0,0.7423384793347542,3.2154212137912763
2026-04-10 08:00:00,25.7,82.0,0.0,3.4,198.0,1.0506577808748212,3.233592155403522
2026-04-10 09:00:00,26.2,79.0,0.0,4.2,211.0,2.1631599146222276,3.600102662948872
2026-04-10 10:00:00,26.9,76.0,0.0,5.6,220.0,3.5996106142446203,4.289848881466277
2026-04-10 11:00:00,27.7,72.0,0.0,7.6,225.0,5.374011537017761,5.37401153701776
2026-04-10 12:00:00,28.4,68.0,0.0,9.4,230.0,7.200817765318393,6.042203531053469
2026-04-10 13:00:00,29.0,65.0,0.0,11.0,232.0,8.668118289673941,6.772276228582241
2026-04-10 14:00:00,29.2,64.0,0.0,11.5,231.0,8.937178556755166,7.23718449707313
2026-04-10 15:00:00,29.1,65.0,0.0,11.2,230.0,8.579697762932554,7.199221228489239
2026-04-10 16:00:00,28.7,67.0,0.0,10.0,229.0,7.54709580222772,6.560590289905073
2026-04-10 17:00:00,28.1,70.0,0.0,8.4,223.0,5.728786224524987,6.143371093601032
2026-04-10 18:00:00,27.5,74.0,0.0,6.7,216.0,3.93816119035957,5.420413862312148
2026-04-10 19:00:00,26.9,77.0,0.0,5.3,208.0,2.4881992827652213,4.679622242152313
2026-04-10 20:00:00,26.4,79.0,0.0,4.6,198.0,1.4214781741247582,4.3748599749577055
2026-04-10 21:00:00,26.1,81.0,0.0,4.4,189.0,0.6883116461770161,4.3458286986186065
2026-04-10 22:00:00,25.7,82.0,0.0,4.0,185.0,0.34862297099063255,3.984778792366982
2026-04-10 23:00:00,25.4,83.0,0.0,4.0,180.0,2.4492935982947064e-16,4.0
2026-04-11 00:00:00,25.2,84.0,0.0,4.3,180.0,2.632990618166809e-16,4.3
2026-04-11 01:00:00,25.0,84.0,0.0,4.3,175.0,-0.3747696938149304,4.283637201794505
2026-04-11 02:00:00,24.9,84.0,0.0,4.3,175.0,-0.3747696938149304,4.283637201794505
2026-04-11 03:00:00,25.0,84.0,0.0,4.3,175.0,-0.3747696938149304,4.283637201794505
2026-04-11 04:00:00,25.1,83.0,0.0,4.4,171.0,-0.6883116461770157,4.3458286986186065
2026-04-11 05:00:00,25.3,82.0,0.0,4.4,171.0,-0.6883116461770157,4.3458286986186065
2026-04-11 06:00:00,25.6,81.0,0.0,4.4,171.0,-0.6883116461770157,4.3458286986186065
2026-04-11 07:00:00,25.9,80.0,0.0,4.3,175.0,-0.3747696938149304,4.283637201794505
2026-04-11 08:00:00,26.3,78.0,0.0,5.0,180.0,3.061616997868383e-16,5.0
2026-04-11 09:00:00,26.9,76.0,0.0,6.2,190.0,1.0766187015349686,6.10580806867569
2026-04-11 10:00:00,27.5,73.0,0.0,8.4,200.0,2.872969203935618,7.893418014601631
2026-04-11 11:00:00,28.3,70.0,0.0,10.8,206.0,4.734408385322037,9.706975700031006
2026-04-11 12:00:00,29.0,67.0,0.0,13.0,208.0,6.103130316216581,11.47831870716605
2026-04-11 13:00:00,29.5,66.0,0.0,14.7,211.0,7.571059701177796,12.60035932032105
2026-04-11 14:00:00,29.7,65.0,0.0,15.5,211.0,7.98309016110584,13.286093160882741
2026-04-11 15:00:00,29.6,66.0,0.0,14.8,209.0,7.17518237964579,12.944371665663057
2026-04-11 16:00:00,29.1,69.0,0.0,13.5,205.0,5.705346533499442,12.235155124994774
2026-04-11 17:00:00,28.5,72.0,0.0,11.5,200.0,3.9332316482451914,10.806465139037945
2026-04-11 18:00:00,27.8,75.0,0.0,9.6,193.0,2.159530121701103,9.353952621938259
2026-04-11 19:00:00,27.2,79.0,0.0,7.9,183.0,0.41345405431925736,7.889173324561134
2026-04-11 20:00:00,26.7,81.0,0.0,7.3,171.0,-1.1419715947936848,7.210124886344506
2026-04-11 21:00:00,26.3,82.0,0.0,7.1,165.0,-1.837615220227898,6.858073366652385
2026-04-11 22:00:00,25.9,84.0,0.0,7.0,159.0,-2.5085756468171017,6.535062985480412
2026-04-11 23:00:00,25.6,84.0,0.0,6.6,158.0,-2.4724035165450196,6.1194134401407965
2026-04-12 00:00:00,25.4,85.0,0.0,6.8,155.0,-2.8738041798367555,6.16289295184922
2026-04-12 01:00:00,25.2,85.0,0.0,6.8,155.0,-2.8738041798367555,6.16289295184922
2026-04-12 02:00:00,25.1,85.0,0.0,6.9,152.0,-3.2393537832226476,6.092338390726596
2026-04-12 03:00:00,25.2,85.0,0.0,7.1,150.0,-3.549999999999998,6.148780366869515
2026-04-12 04:00:00,25.4,84.0,0.0,7.6,149.0,-3.9142893693164122,6.5144714853360535
2026-04-12 05:00:00,25.6,83.0,0.0,8.3,146.0,-4.641301098807197,6.881011852206847
2026-04-12 06:00:00,26.0,81.0,0.0,8.9,148.0,-4.716281451675523,7.547628055792193
2026-04-12 07:00:00,26.3,80.0,0.0,9.2,149.0,-4.738350289172499,7.8859391664594325
2026-04-12 08:00:00,26.7,78.0,0.0,9.7,153.0,-4.403707847473602,8.642763284627168
2026-04-12 09:00:00,27.2,76.0,0.0,10.2,162.0,-3.1519733426244625,9.700776466210566
2026-04-12 10:00:00,27.9,73.0,0.0,11.3,173.0,-1.3771235804781654,11.21577151354694
2026-04-12 11:00:00,28.6,70.0,0.0,12.6,183.0,0.659433048661094,12.58273213790763
2026-04-12 12:00:00,29.3,67.0,0.0,14.0,192.0,2.9107636714486325,13.694066410273278
2026-04-12 13:00:00,29.7,66.0,0.0,15.5,198.0,4.789763412811686,14.74137600257488
2026-04-12 14:00:00,29.9,65.0,0.0,15.7,200.0,5.369716250213,14.75317414633876
2026-04-12 15:00:00,29.8,66.0,0.0,14.6,200.0,4.993494092554765,13.719512263474261
2026-04-12 16:00:00,29.3,69.0,0.0,12.6,200.0,4.309453805903427,11.840127021902445
2026-04-12 17:00:00,28.7,72.0,0.0,10.1,197.0,2.952954217699641,9.658678035226657
2026-04-12 18:00:00,28.0,76.0,0.0,7.3,191.0,1.3929056662487778,7.165878439167947
2026-04-12 19:00:00,27.3,80.0,0.0,5.4,180.0,3.3065463576978537e-16,5.4
2026-04-12 20:00:00,26.8,82.0,0.0,4.1,165.0,-1.0611580849203355,3.96029588778518
2026-04-12 21:00:00,26.4,84.0,0.0,3.7,151.0,-1.793795594911447,3.236092916415765
2026-04-12 22:00:00,26.0,85.0,0.0,3.9,146.0,-2.180852323535912,3.233246532964663
2026-04-12 23:00:00,25.6,86.0,0.0,4.1,142.0,-2.524212048835199,3.23084408978756
2026-04-13 00:00:00,25.3,87.0,0.0,4.6,141.0,-2.894873798829251,3.5748714227020666
2026-04-13 01:00:00,25.1,87.0,0.0,4.9,144.0,-2.880147736233118,3.9641832724372428
2026-04-13 02:00:00,25.0,87.0,0.0,5.4,143.0,-3.2498011250210617,4.312631754255381
2026-04-13 03:00:00,25.1,87.0,0.0,5.9,142.0,-3.6324027044213842,4.64926344627966
2026-04-13 04:00:00,25.2,86.0,0.0,6.2,144.0,-3.644268564213333,5.0159053651246746
2026-04-13 05:00:00,25.5,85.0,0.0,7.0,145.0,-4.015035054457323,5.734064310022942
2026-04-13 06:00:00,25.8,83.0,0.0,7.6,149.0,-3.9142893693164122,6.5144714853360535
2026-04-13 07:00:00,26.2,82.0,0.0,8.2,151.0,-3.975438886019963,7.171881598543045
2026-04-13 08:00:00,26.6,80.0,0.0,8.6,158.0,-3.2216167033768435,7.973781149274371
2026-04-13 09:00:00,27.1,78.0,0.0,9.2,169.0,-1.755442757464212,9.030970087718508
2026-04-13 10:00:00,27.7,75.0,0.0,10.1,180.0,6.184466335694133e-16,10.1
2026-04-13 11:00:00,28.4,72.0,0.0,11.7,191.0,2.2324652459055754,11.485038046337667
2026-04-13 12:00:00,29.0,69.0,0.0,13.3,199.0,4.330056454280185,12.575397055470914
2026-04-13 13:00:00,29.5,67.0,0.0,14.7,205.0,6.212488447588282,13.322724469438754
2026-04-13 14:00:00,29.7,66.0,0.0,15.0,207.0,6.809857496093202,13.365097862825516
2026-04-13 15:00:00,29.5,67.0,0.0,14.0,209.0,6.787334683448719,12.24467589995154
2026-04-13 16:00:00,29.1,70.0,0.0,12.2,208.0,5.727553065987868,10.771960632878907
2026-04-13 17:00:00,28.4,73.0,0.0,9.8,208.0,4.600821315301731,8.652886410017484
2026-04-13 18:00:00,27.8,77.0,0.0,7.2,207.0,3.268731598124737,6.415246974156248
2026-04-13 19:00:00,27.1,81.0,0.0,4.7,203.0,1.8364363038995866,4.32637281122647
2026-04-13 20:00:00,26.6,83.0,0.0,3.3,193.0,0.7423384793347542,3.2154212137912763
2026-04-13 21:00:00,26.3,85.0,0.0,2.5,180.0,1.5308084989341916e-16,2.5
2026-04-13 22:00:00,25.9,86.0,0.0,2.5,172.0,-0.3479327524001634,2.475670171853926
2026-04-13 23:00:00,25.6,87.0,0.0,2.7,157.0,-1.0549740469210394,2.4853631043215887
2026-04-14 00:00:00,25.4,87.0,0.0,3.2,153.0,-1.4527695991665495,2.8512208774027776
2026-04-14 01:00:00,25.2,87.0,0.0,3.7,151.0,-1.793795594911447,3.236092916415765
2026-04-14 02:00:00,25.2,87.0,0.0,4.0,153.0,-1.8159619989581868,3.5640260967534716
2026-04-14 03:00:00,25.2,86.0,0.0,4.3,156.0,-1.748967565225941,3.9282454678631837
2026-04-14 04:00:00,25.4,85.0,0.0,4.8,153.0,-2.179154398749824,4.276831316104166
2026-04-14 05:00:00,25.6,84.0,0.0,5.5,157.0,-2.149021206691006,5.062776693988422
2026-04-14 06:00:00,26.0,82.0,0.0,5.8,158.0,-2.17271824181229,5.377666356487367
2026-04-14 07:00:00,26.3,81.0,0.0,6.3,167.0,-1.4171916423663498,6.1385314081469815
2026-04-14 08:00:00,26.7,79.0,0.0,6.5,174.0,-0.6794350112397481,6.4643923198937765
2026-04-14 09:00:00,27.2,77.0,0.0,6.9,186.0,0.7212463965468089,6.862201078041086
2026-04-14 10:00:00,27.8,74.0,0.0,8.1,201.0,2.902780391316933,7.5620014546273335
2026-04-14 11:00:00,28.5,71.0,0.0,9.8,216.0,5.760295472466237,7.9283665448744856
2026-04-14 12:00:00,29.1,68.0,0.0,11.7,223.0,7.979380812731232,8.556838308944293
2026-04-14 13:00:00,29.5,67.0,0.0,13.0,228.0,9.660882731206126,8.698697882665158
2026-04-14 14:00:00,29.7,66.0,0.0,13.6,233.0,10.861442936643183,8.184684314867857
2026-04-14 15:00:00,29.5,67.0,0.0,12.7,235.0,10.403230962470195,7.284420741658284
2026-04-14 16:00:00,29.1,70.0,0.0,11.0,238.0,9.328529057720685,5.829111906565254
2026-04-14 17:00:00,28.5,73.0,0.0,9.0,241.0,7.871577364254562,4.363286582217033
2026-04-14 18:00:00,27.8,76.0,0.0,6.6,248.0,6.1194134401407965,2.472403516545019
2026-04-14 19:00:00,27.2,80.0,0.0,4.5,256.0,4.366330768241984,1.0886485301985047
2026-04-14 20:00:00,26.8,82.0,0.0,3.2,270.0,3.2,0.0
2026-04-14 21:00:00,26.4,84.0,0.0,2.5,278.0,2.475670171853926,-0.3479327524001636
2026-04-14 22:00:00,26.1,85.0,0.0,1.8,281.0,1.7669289302057951,-0.34345619167778063
2026-04-14 23:00:00,25.8,87.0,0.0,1.1,288.0,1.0461621679246689,-0.33991869381244216
2026-04-15 00:00:00,25.6,87.0,0.0,0.4,270.0,0.4,0.0
2026-04-15 01:00:00,25.4,88.0,0.0,0.4,180.0,2.4492935982947065e-17,0.4
2026-04-15 02:00:00,25.4,88.0,0.0,0.7000000000000001,180.0,4.2862637970157366e-17,0.7000000000000001
2026-04-15 03:00:00,25.4,88.0,0.0,1.1,180.0,6.735557395310444e-17,1.1
2026-04-15 04:00:00,25.6,86.0,0.0,1.8,180.0,1.1021821192326179e-16,1.8
2026-04-15 05:00:00,25.9,85.0,0.0,2.2,189.0,0.34415582308850806,2.1729143493093033
2026-04-15 06:00:00,26.2,83.0,0.0,3.0,194.0,0.725765686799003,2.9108871788279895
2026-04-15 07:00:00,26.5,82.0,0.0,3.4,198.0,1.0506577808748212,3.233592155403522
2026-04-15 08:00:00,26.8,80.0,0.0,4.2,211.0,2.1631599146222276,3.600102662948872
2026-04-15 09:00:00,27.2,78.0,0.1,5.1,225.0,3.6062445840513924,3.606244584051392
2026-04-15 10:00:00,27.8,76.0,0.1,7.0,235.0,5.7340643100229425,4.015035054457322
2026-04-15 11:00:00,28.3,73.0,0.1,9.2,244.0,8.268905225952336,4.033014550459511
2026-04-15 12:00:00,28.8,71.0,0.1,11.0,251.0,10.400704331592486,3.5812496990287235
2026-04-15 13:00:00,29.2,69.0,0.1,12.7,255.0,12.267257993871167,3.2870018728020134
2026-04-15 14:00:00,29.3,69.0,0.1,13.3,257.0,12.959121861643629,2.9918490227734047
2026-04-15 15:00:00,29.1,70.0,0.2,12.8,260.0,12.605539238556263,2.2226966741367082
2026-04-15 16:00:00,28.7,72.0,0.2,11.2,266.0,11.17271736291003,0.7812725059342034
2026-04-15 17:00:00,28.2,76.0,0.2,9.7,274.0,9.676371287520293,-0.6766377953180154
2026-04-15 18:00:00,27.6,79.0,0.2,7.9,286.0,7.59396739791272,-2.1775351109542935
2026-04-15 19:00:00,27.0,82.0,0.2,6.6,299.0,5.772490067120011,-3.1997434936258244
2026-04-15 20:00:00,26.6,84.0,0.2,6.1,315.0,4.31335136523794,-4.313351365237939
2026-04-15 21:00:00,26.2,86.0,0.2,6.0,327.0,3.2678342100901627,-5.032023407672544
2026-04-15 22:00:00,25.9,87.0,0.2,6.0,335.0,2.5357095704441965,-5.437846722219899
2026-04-15 23:00:00,25.6,88.0,0.2,6.2,339.0,2.2218812871808624,-5.788198644282651
2026-04-16 00:00:00,25.3,89.0,0.2,6.0,343.0,1.7542302283364206,-5.737828535778212
2026-04-16 01:00:00,25.1,89.0,0.2,5.9,349.0,1.125773072721615,-5.791600382341218
2026-04-16 02:00:00,25.0,89.0,0.2,5.8,353.0,0.7068421917498554,-5.756767679519667
2026-04-16 03:00:00,24.9,89.0,0.3,5.4,356.0,0.3766849582182763,-5.386845871403051
2026-04-16 04:00:00,25.0,88.0,0.3,5.1,4.0,-0.35575801609504043,-5.087576656325103
2026-04-16 05:00:00,25.0,86.0,0.3,4.8,13.0,-1.0797650608505531,-4.6769763109691285
2026-04-16 06:00:00,25.2,85.0,0.3,4.2,20.0,-1.436484601967808,-3.9467090073008158
2026-04-16 07:00:00,25.3,83.0,0.3,3.9,22.0,-1.460965714322058,-3.6160170328104706
2026-04-16 08:00:00,25.5,82.0,0.3,3.5,24.0,-1.4235782507653003,-3.1974091017491033
2026-04-16 09:00:00,25.8,81.0,0.6,3.0,14.0,-0.7257656867990033,-2.9108871788279895
2026-04-16 10:00:00,26.1,79.0,0.6,2.9,353.0,0.3534210958749277,-2.8783838397598336
2026-04-16 11:00:00,26.5,78.0,0.6,3.1,324.0,1.8221342821066668,-2.5079526825623373
2026-04-16 12:00:00,26.9,77.0,0.6,3.8,311.0,2.8678964048465336,-2.4930243101639276
2026-04-16 13:00:00,27.1,76.0,0.6,4.7,302.0,3.9858260519352022,-2.490620541896063
2026-04-16 14:00:00,27.2,76.0,0.6,5.0,300.0,4.330127018922194,-2.4999999999999996
