time,temperature_2m,relativehumidity_2m,precipitation,windspeed_10m,winddirection_10m,u,v
2025-12-14 00:00:00,18.5,78.0,0.0,11.2,344.0,3.0871383851503906,-10.76613099450917
2025-12-14 01:00:00,18.0,78.0,0.0,12.7,348.0,2.640478473385545,-12.42247452931933
2025-12-14 02:00:00,17.6,78.0,0.0,11.8,353.0,1.4380582521807406,-11.7120445893676
2025-12-14 03:00:00,17.3,77.0,0.0,11.2,348.0,2.328610937158906,-10.955253128218622
2025-12-14 04:00:00,17.1,76.0,0.0,10.3,356.0,0.71849167956449,-10.27490971767619
2025-12-14 05:00:00,16.8,76.0,0.0,8.7,353.0,1.060263287624783,-8.6351515192795
2025-12-14 06:00:00,16.7,75.0,0.0,7.4,346.0,1.7902220274375409,-7.180188374442374
2025-12-14 07:00:00,16.7,74.0,0.0,8.3,14.0,-2.0079517334772428,-8.053454528090771
2025-12-14 08:00:00,17.3,72.0,0.0,4.9,360.0,3.0003846579110154e-16,-4.9
2025-12-14 09:00:00,19.9,69.0,0.0,3.5,305.0,2.8670321550114712,-2.007517527228661
2025-12-14 10:00:00,22.4,65.0,0.0,5.3,246.0,4.8417909255057845,2.155704208301741
2025-12-14 11:00:00,23.9,57.0,0.0,8.3,250.0,7.79944875252304,2.8387671896030504
2025-12-14 12:00:00,24.4,55.0,0.0,9.3,252.0,8.844825601544928,2.873858047687011
2025-12-14 13:00:00,24.4,56.0,0.0,11.5,236.0,9.533932084382979,6.430718389913589
2025-12-14 14:00:00,23.0,61.0,0.0,13.8,223.0,9.41157736886248,10.092681082344553
2025-12-14 15:00:00,23.1,60.0,0.0,11.1,228.0,8.248907562799076,7.427349730583326
2025-12-14 16:00:00,22.9,59.0,0.0,6.9,229.0,5.207496103537127,4.5268073000345
2025-12-14 17:00:00,22.1,61.0,0.0,5.9,215.0,3.3841009744711728,4.8329970613050515
2025-12-14 18:00:00,21.8,65.0,0.0,6.6,201.0,2.3652284669989823,6.161630814881531
2025-12-14 19:00:00,21.8,66.0,0.0,7.5,195.0,1.9411428382689055,7.244443697168013
2025-12-14 20:00:00,21.5,70.0,0.0,8.8,192.0,1.8296228791962834,8.60769888645749
2025-12-14 21:00:00,20.7,72.0,0.0,5.7,204.0,2.3183988655320613,5.207209108562825
2025-12-14 22:00:00,19.6,77.0,0.0,1.4,247.0,1.2887067948334165,0.5470235798849833
2025-12-14 23:00:00,19.3,76.0,0.0,2.7,293.0,2.485363104321589,-1.0549740469210394
2025-12-15 00:00:00,19.1,72.0,0.0,2.3,309.0,1.7874357113510329,-1.4474368994146258
2025-12-15 01:00:00,18.0,75.0,0.0,1.3,326.0,0.7269507745119709,-1.0777488443215544
2025-12-15 02:00:00,17.7,76.0,0.0,2.7,337.0,1.0549740469210391,-2.485363104321589
2025-12-15 03:00:00,17.3,71.0,0.0,4.2,40.0,-2.6997079606834657,-3.2173866610997073
2025-12-15 04:00:00,16.8,71.0,0.0,3.5,62.0,-3.090316575006244,-1.643150469750618
2025-12-15 05:00:00,16.5,74.0,0.0,2.3,94.0,-2.2943973155975956,0.1604398896114887
2025-12-15 06:00:00,16.3,76.0,0.0,0.9,90.0,-0.9,1.1021821192326179e-16
2025-12-15 07:00:00,16.5,78.0,0.0,2.7,340.0,0.9234543869793059,-2.5371700761219524
2025-12-15 08:00:00,18.9,69.0,0.0,2.6,344.0,0.7166571251241979,-2.499280409439629
2025-12-15 09:00:00,21.4,64.0,0.0,2.1,308.0,1.654822582574116,-1.2928890981838825
2025-12-15 10:00:00,23.0,61.0,0.0,3.4,270.0,3.4,0.0
2025-12-15 11:00:00,23.9,57.0,0.0,7.9,253.0,7.55480757210798,2.309736467309621
2025-12-15 12:00:00,24.0,59.0,0.1,12.2,246.0,11.14525458323973,4.962187045524762
2025-12-15 13:00:00,23.1,64.0,0.0,12.2,237.0,10.231780928934173,6.64459622718333
2025-12-15 14:00:00,23.0,64.0,0.0,16.1,241.0,14.081377284944272,7.805434885966028
2025-12-15 15:00:00,23.1,63.0,0.0,11.0,249.0,10.269384691469218,3.9420474449983027
2025-12-15 16:00:00,22.8,64.0,0.0,9.0,260.0,8.863269777109872,1.562833599002373
2025-12-15 17:00:00,22.0,67.0,0.0,6.2,263.0,6.153786140176196,0.7555899291119144
2025-12-15 18:00:00,21.2,72.0,0.0,4.3,246.0,3.9282454678631837,1.7489675652259409
2025-12-15 19:00:00,21.0,74.0,0.0,5.6,245.0,5.075323607405239,2.366662265747917
2025-12-15 20:00:00,20.9,78.0,0.0,4.7,270.0,4.7,0.0
2025-12-15 21:00:00,20.5,81.0,0.0,4.6,301.0,3.9429695832297162,-2.369175144586249
2025-12-15 22:00:00,20.6,80.0,0.0,3.1,320.0,1.9926415900282721,-2.3747377736688318
2025-12-15 23:00:00,20.3,81.0,0.0,3.5,21.0,-1.2542878234085526,-3.267531492740206
2025-12-16 00:00:00,19.8,81.0,0.0,4.4,52.0,-3.467247315869577,-2.708910491432896
2025-12-16 01:00:00,18.1,88.0,0.0,2.8,72.0,-2.66295824562643,-0.8652475842498524
2025-12-16 02:00:00,17.8,86.0,0.0,1.2,51.0,-0.9325751537483649,-0.7551844692598051
2025-12-16 03:00:00,17.0,88.0,0.0,2.7,37.0,-1.6249005625105304,-2.1563158771276907
2025-12-16 04:00:00,16.8,85.0,0.0,5.6,29.0,-2.7149338733794863,-4.897870359980617
2025-12-16 05:00:00,16.2,86.0,0.0,5.7,18.0,-1.7613968679372012,-5.421022142882375
2025-12-16 06:00:00,15.9,88.0,0.0,5.3,12.0,-1.1019319613341267,-5.18418228388917
2025-12-16 07:00:00,16.0,88.0,0.0,6.9,9.0,-1.0793978087775942,-6.81504955010645
2025-12-16 08:00:00,18.4,79.0,0.0,5.8,5.0,-0.5055033079364178,-5.777929248932124
2025-12-16 09:00:00,21.6,68.0,0.0,4.7,7.0,-0.5727859140041918,-4.664966912714214
2025-12-16 10:00:00,23.7,62.0,0.0,3.6,354.0,0.3763024677635525,-3.580278823325784
2025-12-16 11:00:00,25.1,53.0,0.0,2.2,265.0,2.1916283358018402,0.19174263404484798
2025-12-16 12:00:00,25.8,51.0,0.0,6.0,253.0,5.737828535778212,1.7542302283364206
2025-12-16 13:00:00,26.0,53.0,0.0,8.7,262.0,8.61533219805166,1.2108059783525693
2025-12-16 14:00:00,26.6,51.0,0.0,8.5,274.0,8.479294427208506,-0.592930026825065
2025-12-16 15:00:00,26.1,53.0,0.0,9.0,257.0,8.769330583067116,2.024559489094785
2025-12-16 16:00:00,25.2,57.0,0.0,7.3,239.0,6.25732129512542,3.7597779468433954
2025-12-16 17:00:00,23.7,65.0,0.0,6.9,233.0,5.510585019326321,4.152523659749133
2025-12-16 18:00:00,22.7,72.0,0.0,6.8,268.0,6.795857623729851,0.23731657757700658
2025-12-16 19:00:00,22.2,76.0,0.0,5.9,293.0,5.4309786353693985,-2.3053136580867153
2025-12-16 20:00:00,21.6,78.0,0.0,1.5,353.0,0.18280401510772123,-1.488819227461983
2025-12-16 21:00:00,20.8,81.0,0.0,1.0,31.0,-0.5150380749100545,-0.8571673007021121
2025-12-16 22:00:00,19.7,85.0,0.0,3.8,5.0,-0.33119182244110135,-3.785539852748633
2025-12-16 23:00:00,19.3,84.0,0.0,4.3,360.0,2.632990618166809e-16,-4.3
2025-12-17 00:00:00,18.8,84.0,0.0,4.3,358.0,0.15006783582075464,-4.2973805561821115
2025-12-17 01:00:00,18.2,85.0,0.0,4.7,358.0,0.1640276345017551,-4.6971368869897505
2025-12-17 02:00:00,18.1,82.0,0.0,5.1,4.0,-0.35575801609504043,-5.087576656325103
2025-12-17 03:00:00,17.4,85.0,0.0,5.0,2.0,-0.1744974835125038,-4.9969541350954785
2025-12-17 04:00:00,17.1,86.0,0.0,5.2,340.0,1.778504745293478,-4.886401628086723
2025-12-17 05:00:00,16.4,88.0,0.0,3.8,341.0,1.2371589869371955,-3.5929705872774034
2025-12-17 06:00:00,16.7,84.0,0.0,5.8,340.0,1.983716831288879,-5.450217200558268
2025-12-17 07:00:00,16.6,82.0,0.0,7.3,340.0,2.4967470462773824,-6.8597561317371305
2025-12-17 08:00:00,18.5,78.0,0.0,4.7,4.0,-0.32785542659739025,-4.688551036221174
2025-12-17 09:00:00,21.9,66.0,0.0,0.9,270.0,0.9,0.0
2025-12-17 10:00:00,24.7,57.0,0.0,4.1,255.0,3.96029588778518,1.061158084920335
2025-12-17 11:00:00,26.3,51.0,0.0,6.4,254.0,6.1520748540052415,1.7640790772287946
2025-12-17 12:00:00,27.0,47.0,0.0,9.6,253.0,9.18052565724514,2.806768365338273
2025-12-17 13:00:00,27.1,46.0,0.0,11.0,255.0,10.62518408917975,2.847009496127728
2025-12-17 14:00:00,27.2,46.0,0.0,8.6,250.0,8.081356538758811,2.9413732326007507
2025-12-17 15:00:00,26.9,47.0,0.0,7.8,244.0,7.010593561133502,3.4192949449548036
2025-12-17 16:00:00,26.0,50.0,0.0,8.1,233.0,6.468947631383072,4.874701687531591
2025-12-17 17:00:00,24.6,59.0,0.0,6.1,227.0,4.461257579876939,4.1601899963812405
2025-12-17 18:00:00,23.1,69.0,0.0,4.5,233.0,3.5938597952128175,2.7081676041842173
2025-12-17 19:00:00,23.2,73.0,0.0,6.9,229.0,5.207496103537127,4.5268073000345
2025-12-17 20:00:00,22.5,82.0,0.0,2.5,180.0,1.5308084989341916e-16,2.5
2025-12-17 21:00:00,21.5,86.0,0.0,3.8,135.0,-2.68700576850888,2.6870057685088806
2025-12-17 22:00:00,21.3,86.0,0.0,1.5,126.0,-1.213525491562421,0.8816778784387098
2025-12-17 23:00:00,19.9,93.0,0.0,1.3,352.0,0.18092503124808512,-1.2873484893640414
2025-12-18 00:00:00,19.4,92.0,0.0,4.0,350.0,0.6945927106677217,-3.939231012048832
2025-12-18 01:00:00,19.1,91.0,0.0,5.1,356.0,0.35575801609503865,-5.087576656325103
2025-12-18 02:00:00,18.7,91.0,0.0,3.8,3.0,-0.19887663372318837,-3.7947922320673806
2025-12-18 03:00:00,18.0,94.0,0.0,2.4,13.0,-0.5398825304252766,-2.3384881554845642
2025-12-18 04:00:00,17.9,94.0,0.0,2.0,5.0,-0.1743114854953165,-1.992389396183491
2025-12-18 05:00:00,17.8,94.0,0.0,2.2,5.0,-0.19174263404484818,-2.1916283358018402
2025-12-18 06:00:00,17.7,94.0,0.0,2.9,11.0,-0.5533460865919794,-2.8467188319982255
2025-12-18 07:00:00,18.1,91.0,0.0,5.6,15.0,-1.4493866525741155,-5.4091846272187825
2025-12-18 08:00:00,20.3,81.0,0.0,3.3,22.0,-1.2362017582725104,-3.059706720070398
2025-12-18 09:00:00,22.9,71.0,0.0,0.2,180.0,1.2246467991473533e-17,0.2
2025-12-18 10:00:00,25.2,62.0,0.0,5.4,249.0,5.04133430308489,1.9351869275446216
2025-12-18 11:00:00,26.1,57.0,0.0,9.6,266.0,9.576614882494312,0.6696621479436029
2025-12-18 12:00:00,26.1,59.0,0.0,13.3,270.0,13.3,0.0
2025-12-18 13:00:00,26.1,59.0,0.0,13.2,266.0,13.167845463429678,0.920785453422454
2025-12-18 14:00:00,25.8,58.0,0.0,13.4,265.0,13.34900895442939,1.1678869528186195
2025-12-18 15:00:00,25.3,61.0,0.0,8.9,252.0,8.464402995026866,2.750251249937032
2025-12-18 16:00:00,24.4,65.0,0.0,6.3,250.0,5.9200635109512225,2.1547269029517127
2025-12-18 17:00:00,23.8,68.0,0.0,4.5,217.0,2.7081676041842178,3.5938597952128175
2025-12-18 18:00:00,23.1,75.0,0.2,3.0,237.0,2.516011703836272,1.6339171050450814
2025-12-18 19:00:00,22.7,83.0,0.0,0.4,243.0,0.3564026096753472,0.1815961998958187
2025-12-18 20:00:00,22.8,81.0,0.0,4.3,135.0,-3.040559159102154,3.0405591591021546
2025-12-18 21:00:00,22.9,81.0,0.0,3.9,156.0,-1.586272907995621,3.562827284806143
2025-12-18 22:00:00,22.5,85.0,0.2,2.6,196.0,0.7166571251241979,2.499280409439629
2025-12-18 23:00:00,22.1,86.0,0.0,1.1,270.0,1.1,0.0
2025-12-19 00:00:00,21.5,90.0,0.0,2.0,315.0,1.4142135623730951,-1.414213562373095
2025-12-19 01:00:00,21.8,90.0,0.0,1.3,315.0,0.9192388155425119,-0.9192388155425117
2025-12-19 02:00:00,21.3,93.0,0.0,1.7000000000000002,13.0,-0.382416792384571,-1.6564291101348998
2025-12-19 03:00:00,21.1,94.0,0.0,1.9,17.0,-0.5555062389732005,-1.816979036329767
2025-12-19 04:00:00,20.8,95.0,0.0,3.4,360.0,2.0818995585505003e-16,-3.4
2025-12-19 05:00:00,20.4,95.0,0.0,3.8,11.0,-0.7250741824308695,-3.730183297101123
2025-12-19 06:00:00,20.0,96.0,0.0,5.3,342.0,1.6377900701872214,-5.040599536364313
2025-12-19 07:00:00,20.0,95.0,0.0,5.2,6.0,-0.5435480089917974,-5.1715138559150216
2025-12-19 08:00:00,21.3,86.0,0.0,3.6,327.0,1.9607005260540975,-3.0192140446035265
2025-12-19 09:00:00,22.2,81.0,0.0,2.4,42.0,-1.6059134552612595,-1.7835475811457464
2025-12-19 10:00:00,22.7,76.0,0.1,1.9,34.0,-1.0624665165944185,-1.5751713878545794
2025-12-19 11:00:00,23.0,74.0,0.1,5.5,27.0,-2.496947748567508,-4.900535883036023
2025-12-19 12:00:00,24.3,67.0,0.0,4.5,29.0,-2.1816432911085157,-3.935788682127282
2025-12-19 13:00:00,25.1,62.0,0.0,1.8,336.0,0.7321259575364404,-1.6443818237566816
2025-12-19 14:00:00,25.1,62.0,0.1,4.0,63.0,-3.5640260967534716,-1.8159619989581868
2025-12-19 15:00:00,23.9,71.0,1.6,3.1,103.0,-3.020547200834229,0.6973482684659821
2025-12-19 16:00:00,23.1,76.0,0.2,2.9,191.0,0.5533460865919803,2.8467188319982255
2025-12-19 17:00:00,22.0,91.0,1.5,2.8,191.0,0.5342651870543257,2.748556113653459
2025-12-19 18:00:00,21.7,94.0,0.2,2.2,246.0,2.0098000068137223,0.8948206147667606
2025-12-19 19:00:00,21.8,96.0,0.1,1.5,166.0,-0.36288284339950166,1.4554435894139948
2025-12-19 20:00:00,21.3,84.0,0.2,5.6,329.0,2.8842132194963033,-4.800136883931828
2025-12-19 21:00:00,21.2,87.0,0.0,7.6,352.0,1.0577155672964975,-7.5260373224359345
2025-12-19 22:00:00,20.5,89.0,0.0,7.4,360.0,4.531193156845207e-16,-7.4
2025-12-19 23:00:00,20.0,93.0,0.0,5.5,49.0,-4.150902691225246,-3.608324659447789
2025-12-20 00:00:00,20.0,95.0,0.0,4.1,124.0,-3.3990540474756705,2.2926909042300623
2025-12-20 01:00:00,20.2,95.0,0.2,2.4,163.0,-0.701692091334568,2.2951314143112853
2025-12-20 02:00:00,21.8,93.0,1.9,10.1,224.0,7.016049541635872,7.265331983420376
2025-12-20 03:00:00,22.0,93.0,0.3,4.1,236.0,3.3990540474756705,2.2926909042300623
2025-12-20 04:00:00,21.3,96.0,0.1,3.3,331.0,1.5998717468129124,-2.8862450335600056
2025-12-20 05:00:00,21.1,96.0,0.3,1.8,11.0,-0.3434561916777803,-1.7669289302057951
2025-12-20 06:00:00,21.0,97.0,0.4,0.4,90.0,-0.4,4.898587196589413e-17
2025-12-20 07:00:00,20.8,98.0,0.2,2.8,79.0,-2.748556113653459,-0.5342651870543251
2025-12-20 08:00:00,20.1,96.0,0.4,7.6,15.0,-1.9670247427791567,-7.341036279796919
2025-12-20 09:00:00,20.6,91.0,0.0,7.1,30.0,-3.550000000000003,-6.148780366869512
2025-12-20 10:00:00,21.6,85.0,0.0,4.1,345.0,1.061158084920335,-3.96029588778518
2025-12-20 11:00:00,22.9,77.0,0.0,2.2,156.0,-0.8948206147667607,2.0098000068137223
2025-12-20 12:00:00,23.4,73.0,0.0,1.5,60.0,-1.299038105676658,-0.7500000000000002
2025-12-20 13:00:00,23.6,72.0,0.0,2.1,345.0,0.5435199947152936,-2.0284442352070435
2025-12-20 14:00:00,23.5,77.0,0.1,1.1,81.0,-1.0864571746546516,-0.1720779115442538
2025-12-20 15:00:00,23.5,77.0,0.0,1.7000000000000002,32.0,-0.9008627491964486,-1.4416817634659242
2025-12-20 16:00:00,23.4,79.0,0.2,3.3,54.0,-2.6697560814373267,-1.9396913325651608
2025-12-20 17:00:00,22.6,83.0,0.0,3.7,104.0,-3.590094187221187,0.8951110137187707
2025-12-20 18:00:00,21.3,88.0,0.0,1.1,90.0,-1.1,1.3471114790620887e-16
2025-12-20 19:00:00,21.1,90.0,0.0,1.6,63.0,-1.4256104387013888,-0.7263847995832747
2025-12-20 20:00:00,21.4,84.0,0.0,1.6,153.0,-0.7263847995832747,1.4256104387013888
2025-12-20 21:00:00,21.3,84.0,0.0,0.5,135.0,-0.35355339059327373,0.3535533905932738
2025-12-20 22:00:00,20.7,86.0,0.0,0.9,11.0,-0.17172809583889015,-0.8834644651028976
2025-12-20 23:00:00,19.7,91.0,0.0,3.3,9.0,-0.5162337346327623,-3.2593715239639542
2025-12-21 00:00:00,19.2,92.0,0.0,3.8,5.0,-0.33119182244110135,-3.785539852748633
2025-12-21 01:00:00,18.9,93.0,0.0,5.1,356.0,0.35575801609503865,-5.087576656325103
2025-12-21 02:00:00,18.8,95.0,0.0,6.9,354.0,0.7212463965468089,-6.862201078041086
2025-12-21 03:00:00,18.7,95.0,0.0,5.4,354.0,0.5644537016453287,-5.370418234988676
2025-12-21 04:00:00,18.9,96.0,0.0,5.1,324.0,2.997704786691613,-4.125986671312232
2025-12-21 05:00:00,19.1,97.0,0.0,6.4,302.0,5.4275078154011265,-3.3914832910925115
2025-12-21 06:00:00,18.9,98.0,0.0,7.0,342.0,2.163118960624632,-6.657395614066075
2025-12-21 07:00:00,18.4,99.0,0.0,6.6,21.0,-2.3652284669989845,-6.161630814881531
2025-12-21 08:00:00,19.0,97.0,0.0,4.4,19.0,-1.4324998796114894,-4.160281732636994
2025-12-21 09:00:00,21.2,88.0,0.0,0.2,90.0,-0.2,2.4492935982947065e-17
2025-12-21 10:00:00,23.9,75.0,0.0,2.7,238.0,2.28972985962235,1.4307820134296534
2025-12-21 11:00:00,25.4,69.0,0.0,7.4,266.0,7.381973971922699,0.5161979057065272
2025-12-21 12:00:00,26.2,65.0,0.0,9.4,269.0,9.398568334470077,0.164052620510465
2025-12-21 13:00:00,26.0,66.0,0.0,14.6,271.0,14.597776349283313,-0.25480513398433924
2025-12-21 14:00:00,25.2,68.0,0.0,13.2,272.0,13.191958916652064,-0.4606733564730128
2025-12-21 15:00:00,25.7,64.0,0.0,6.7,284.0,6.500981366049176,-1.6208767005177738
2025-12-21 16:00:00,25.4,64.0,0.0,3.7,256.0,3.590094187221187,0.8951110137187707
2025-12-21 17:00:00,24.4,72.0,0.0,4.7,230.0,3.6004088826591967,3.0211017655267347
2025-12-21 18:00:00,22.8,82.0,0.0,3.9,257.0,3.8000432526624173,0.8773091119410735
2025-12-21 19:00:00,22.7,80.0,0.0,8.6,331.0,4.169362734118499,-7.521729481398803
2025-12-21 20:00:00,21.7,75.0,0.0,13.3,350.0,2.3095207629701746,-13.097943115062368
2025-12-21 21:00:00,20.6,74.0,0.0,11.7,350.0,2.031683678703086,-11.522250710242833
2025-12-21 22:00:00,19.9,75.0,0.0,6.7,2.0,-0.2338266279067551,-6.695918541027941
2025-12-21 23:00:00,19.0,79.0,0.0,3.5,348.0,0.7276909178621581,-3.4235166025683195
2025-12-22 00:00:00,18.7,80.0,0.0,3.5,339.0,1.2542878234085513,-3.267531492740206
2025-12-22 01:00:00,18.4,81.0,0.0,3.1,353.0,0.37779496455595724,-3.076893070088098
2025-12-22 02:00:00,18.6,83.0,0.0,0.6000000000000001,108.0,-0.5706339097770922,0.18541019662496852
2025-12-22 03:00:00,18.3,85.0,0.0,0.5,90.0,-0.5,6.123233995736766e-17
2025-12-22 04:00:00,17.2,91.0,0.0,2.8,11.0,-0.5342651870543249,-2.748556113653459
2025-12-22 05:00:00,16.6,94.0,0.0,2.5,8.0,-0.3479327524001646,-2.475670171853926
2025-12-22 06:00:00,16.4,95.0,0.0,2.8,349.0,0.5342651870543257,-2.748556113653459
2025-12-22 07:00:00,16.7,95.0,0.0,5.0,360.0,3.061616997868383e-16,-5.0
2025-12-22 08:00:00,18.6,88.0,0.0,2.7,4.0,-0.18834247910913907,-2.6934229357015256
2025-12-22 09:00:00,21.5,77.0,0.0,0.0,270.0,0.0,0.0
2025-12-22 10:00:00,23.6,69.0,0.0,5.2,248.0,4.821356043747294,1.9479542857627425
2025-12-22 11:00:00,24.9,60.0,0.0,10.1,266.0,10.075396907624224,0.7045403848156655
2025-12-22 12:00:00,25.1,60.0,0.0,13.1,272.0,13.092019833950154,-0.4571834068027627
2025-12-22 13:00:00,24.8,64.0,0.0,14.0,263.0,13.895646122978508,1.7061708076720647
2025-12-22 14:00:00,24.8,63.0,0.0,12.4,248.0,11.497079796628164,4.645121758357309
2025-12-22 15:00:00,24.4,64.0,0.0,9.5,249.0,8.869014051723417,3.4044955206803524
2025-12-22 16:00:00,23.6,67.0,0.0,6.4,234.0,5.177708763999664,3.761825614671828
2025-12-22 17:00:00,22.8,72.0,0.0,5.2,243.0,4.633233925779513,2.360750598645643
2025-12-22 18:00:00,21.9,82.0,0.0,2.2,261.0,2.1729143493093033,0.34415582308850795
2025-12-22 19:00:00,21.3,87.0,0.0,2.8,255.0,2.7045923136093912,0.7246933262870581
2025-12-22 20:00:00,21.5,86.0,0.0,4.2,234.0,3.3978713763747797,2.4686980596283874
2025-12-22 21:00:00,22.0,84.0,0.0,4.1,218.0,2.524212048835199,3.23084408978756
2025-12-22 22:00:00,22.0,84.0,0.0,3.3,225.0,2.3334523779156067,2.3334523779156067
2025-12-22 23:00:00,21.2,87.0,0.0,1.2,321.0,0.755184469259805,-0.9325751537483651
2025-12-23 00:00:00,19.9,93.0,0.0,2.5,21.0,-0.8959198738632518,-2.333951066243004
2025-12-23 01:00:00,19.5,94.0,0.0,4.4,9.0,-0.6883116461770166,-4.345828698618606
2025-12-23 02:00:00,19.1,93.0,0.0,4.2,20.0,-1.436484601967808,-3.9467090073008158
2025-12-23 03:00:00,19.0,93.0,0.0,3.1,10.0,-0.5383093507674841,-3.052904034337845
2025-12-23 04:00:00,18.5,94.0,0.0,3.6,3.0,-0.1884094424745995,-3.595066325116466
2025-12-23 05:00:00,18.3,96.0,0.0,6.3,360.0,3.8576374173141627e-16,-6.3
2025-12-23 06:00:00,18.0,97.0,0.0,7.4,360.0,4.531193156845207e-16,-7.4
2025-12-23 07:00:00,17.7,97.0,0.0,7.4,6.0,-0.7735106281806349,-7.3594620257252235
2025-12-23 08:00:00,19.6,87.0,0.0,3.0,33.0,-1.633917105045081,-2.516011703836272
2025-12-23 09:00:00,22.4,73.0,0.0,1.5,104.0,-1.4554435894139948,0.3628828433995016
2025-12-23 10:00:00,24.6,65.0,0.0,5.8,206.0,2.542552651376649,5.213005468535169
2025-12-23 11:00:00,25.8,61.0,0.0,7.8,244.0,7.010593561133502,3.4192949449548036
2025-12-23 12:00:00,26.4,60.0,0.0,9.1,262.0,9.01143942554829,1.2664752187365955
2025-12-23 13:00:00,26.2,61.0,0.0,11.6,266.0,11.57174298301396,0.8091750954318535
2025-12-23 14:00:00,25.8,61.0,0.0,8.8,261.0,8.691657397237213,1.3766232923540318
2025-12-23 15:00:00,25.9,59.0,0.0,7.0,266.0,6.982948351818769,0.4882953162088771
2025-12-23 16:00:00,25.6,60.0,0.0,5.8,266.0,5.78587149150698,0.40458754771592675
2025-12-23 17:00:00,24.3,68.0,0.0,5.2,248.0,4.821356043747294,1.9479542857627425
2025-12-23 18:00:00,22.4,80.0,0.0,4.2,245.0,3.80649270555393,1.7749966993109376
2025-12-23 19:00:00,21.5,87.0,0.0,3.8,253.0,3.6339580726595346,1.1110124779463997
2025-12-23 20:00:00,21.9,85.0,0.0,1.5,256.0,1.4554435894139948,0.3628828433995016
2025-12-23 21:00:00,21.7,85.0,0.0,0.30000000000000004,45.0,-0.21213203435596434,-0.21213203435596428
2025-12-23 22:00:00,20.8,88.0,0.0,1.9,61.0,-1.661777443564852,-0.9211382784680402
2025-12-23 23:00:00,20.0,90.0,0.0,1.5,45.0,-1.0606601717798214,-1.0606601717798212
2025-12-24 00:00:00,19.6,92.0,0.0,0.9,37.0,-0.5416335208368435,-0.7187719590425635
2025-12-24 01:00:00,18.7,95.0,0.0,3.1,31.0,-1.596618032221169,-2.6572186321765474
2025-12-24 02:00:00,18.9,93.0,0.0,4.0,39.0,-2.5172815641993513,-3.1085838458278823
2025-12-24 03:00:00,18.8,91.0,0.0,3.9,24.0,-1.5862729079956204,-3.5628272848061435
2025-12-24 04:00:00,18.1,95.0,0.0,3.6,37.0,-2.166534083347374,-2.875087836170254
2025-12-24 05:00:00,17.9,95.0,0.0,3.6,18.0,-1.1124611797498112,-3.4238034586625528
2025-12-24 06:00:00,18.0,95.0,0.0,3.6,357.0,0.1884094424745983,-3.595066325116466
2025-12-24 07:00:00,18.1,94.0,0.0,3.1,10.0,-0.5383093507674841,-3.052904034337845
2025-12-24 08:00:00,19.9,86.0,0.0,2.9,277.0,2.8783838397598336,-0.35342109587492765
2025-12-24 09:00:00,23.2,75.0,0.0,1.9,197.0,0.5555062389731998,1.8169790363297673
2025-12-24 10:00:00,25.4,66.0,0.0,5.1,222.0,3.412566092430177,3.7900386099347103
2025-12-24 11:00:00,26.7,62.0,0.0,6.6,244.0,5.932040705574502,2.8932495688079105
2025-12-24 12:00:00,27.0,64.0,0.0,12.5,274.0,12.469550628247802,-0.8719559218015662
2025-12-24 13:00:00,27.0,63.0,0.0,10.9,277.0,10.81875305289041,-1.3283758431161075
2025-12-24 14:00:00,27.1,59.0,0.0,9.4,267.0,9.387117626692994,0.4919579886836721
2025-12-24 15:00:00,26.4,62.0,0.0,10.1,250.0,9.490895469937675,3.4544034475892538
2025-12-24 16:00:00,25.5,67.0,0.0,8.4,235.0,6.880877172027532,4.818042065348787
2025-12-24 17:00:00,24.1,76.0,0.0,7.1,254.0,6.824958041162064,1.957025226300694
2025-12-24 18:00:00,22.9,84.0,0.0,3.8,281.0,3.730183297101123,-0.7250741824308702
2025-12-24 19:00:00,22.5,86.0,0.0,1.8,360.0,1.1021821192326179e-16,-1.8
2025-12-24 20:00:00,22.6,81.0,0.0,2.6,25.0,-1.098807480525818,-2.35640024629529
2025-12-24 21:00:00,21.8,84.0,0.2,1.7000000000000002,162.0,-0.5253288904374105,1.6167960777017614
2025-12-24 22:00:00,21.6,91.0,0.3,5.3,208.0,2.4881992827652213,4.679622242152313
2025-12-24 23:00:00,21.3,96.0,0.2,1.5,291.0,1.4003706397458027,-0.5375519243179504
2025-12-25 00:00:00,20.5,95.0,0.1,4.2,350.0,0.7293223462011078,-4.136192562651273
2025-12-25 01:00:00,20.4,93.0,0.5,5.8,326.0,3.2433188401303314,-4.808417920819242
2025-12-25 02:00:00,20.1,94.0,0.6,4.0,357.0,0.20934382497177587,-3.9945181390182953
2025-12-25 03:00:00,20.0,96.0,1.9,4.2,59.0,-3.600102662948872,-2.1631599146222276
2025-12-25 04:00:00,20.1,95.0,0.2,1.8,336.0,0.7321259575364404,-1.6443818237566816
2025-12-25 05:00:00,20.0,95.0,0.1,4.0,357.0,0.20934382497177587,-3.9945181390182953
2025-12-25 06:00:00,20.1,96.0,0.0,3.1,336.0,1.2608835935349807,-2.8319909186920627
2025-12-25 07:00:00,19.7,95.0,0.0,8.8,11.0,-1.6791191593135928,-8.638319214339443
2025-12-25 08:00:00,20.3,89.0,0.0,8.7,347.0,1.9570741727916245,-8.477019563631545
2025-12-25 09:00:00,22.7,75.0,0.0,7.6,341.0,2.474317973874391,-7.185941174554807
2025-12-25 10:00:00,24.7,61.0,0.0,8.1,359.0,0.14136449214199714,-8.098766330766768
2025-12-25 11:00:00,26.0,55.0,0.0,7.6,352.0,1.0577155672964975,-7.5260373224359345
2025-12-25 12:00:00,26.8,53.0,0.0,7.5,336.0,3.0505248230685016,-6.851590932319507
2025-12-25 13:00:00,27.1,50.0,0.1,7.6,322.0,4.6790272124750025,-5.988881727411087
2025-12-25 14:00:00,26.0,53.0,0.2,12.0,344.0,3.30764826980399,-11.535140351259827
2025-12-25 15:00:00,25.7,48.0,0.0,12.0,351.0,1.877213580482771,-11.852260087141653
2025-12-25 16:00:00,24.7,48.0,0.0,11.3,353.0,1.3771235804781667,-11.215771513546938
2025-12-25 17:00:00,23.0,51.0,0.0,12.3,350.0,2.135872585303244,-12.113135362050159
2025-12-25 18:00:00,20.9,54.0,0.0,15.2,346.0,3.6772128131149486,-14.748495039395145
2025-12-25 19:00:00,19.1,58.0,0.0,15.7,347.0,3.531731553198679,-15.297610017128193
2025-12-25 20:00:00,17.2,64.0,0.0,13.4,346.0,3.241753401035547,-13.001962732098352
2025-12-25 21:00:00,16.2,66.0,0.0,12.0,347.0,2.6994126521263793,-11.692440777422823
2025-12-25 22:00:00,15.5,69.0,0.0,9.3,350.0,1.614928052302453,-9.158712103013535
2025-12-25 23:00:00,15.0,71.0,0.0,8.0,350.0,1.3891854213354433,-7.878462024097664
2025-12-26 00:00:00,14.8,73.0,0.0,5.4,356.0,0.3766849582182763,-5.386845871403051
2025-12-26 01:00:00,14.9,73.0,0.0,5.0,347.0,1.1247552717193245,-4.871850323926176
2025-12-26 02:00:00,14.9,78.0,0.2,5.0,360.0,3.061616997868383e-16,-5.0
2025-12-26 03:00:00,15.1,79.0,0.0,5.5,324.0,3.232818887608602,-4.449593469062211
2025-12-26 04:00:00,15.4,80.0,0.0,5.1,333.0,2.3153515486716887,-4.544133273360675
2025-12-26 05:00:00,15.4,81.0,0.0,3.8,319.0,2.4930243101639276,-2.8678964048465336
2025-12-26 06:00:00,15.6,80.0,0.0,4.7,360.0,2.8779199779962803e-16,-4.7
2025-12-26 07:00:00,15.4,81.0,0.0,4.7,356.0,0.3278554265973886,-4.688551036221174
2025-12-26 08:00:00,15.4,88.0,0.0,2.9,356.0,0.20229377385796318,-2.89293574575349
2025-12-26 09:00:00,16.9,83.0,0.0,2.9,300.0,2.511473670974872,-1.4499999999999997
2025-12-26 10:00:00,18.1,76.0,0.0,3.5,294.0,3.197409101749103,-1.4235782507653008
2025-12-26 11:00:00,19.1,70.0,0.0,5.6,264.0,5.56932261406233,0.5853593942988594
2025-12-26 12:00:00,19.7,66.0,0.0,6.9,261.0,6.815049550106451,1.079397808777593
2025-12-26 13:00:00,19.9,67.0,0.0,6.2,260.0,6.10580806867569,1.0766187015349682
2025-12-26 14:00:00,20.6,64.0,0.0,7.3,280.0,7.189096596989119,-1.2676316969685915
2025-12-26 15:00:00,20.2,65.0,0.0,4.1,283.0,3.9949172656194643,-0.9222993228098464
2025-12-26 16:00:00,20.0,66.0,0.0,5.0,300.0,4.330127018922194,-2.4999999999999996
2025-12-26 17:00:00,19.7,68.0,0.0,2.5,315.0,1.7677669529663689,-1.7677669529663687
2025-12-26 18:00:00,19.3,73.0,0.0,0.6000000000000001,72.0,-0.5706339097770923,-0.1854101966249684
2025-12-26 19:00:00,19.4,74.0,0.0,1.1,198.0,0.3399186938124422,1.0461621679246689
2025-12-26 20:00:00,19.4,78.0,0.0,6.5,222.0,4.349348941332579,4.830441365603063
2025-12-26 21:00:00,18.9,82.0,0.0,4.6,259.0,4.515485043859254,0.877721378732106
2025-12-26 22:00:00,18.4,85.0,0.0,3.1,301.0,2.6572186321765483,-1.5966180322211678
2025-12-26 23:00:00,18.5,82.0,0.0,3.1,336.0,1.2608835935349807,-2.8319909186920627
2025-12-27 00:00:00,18.5,79.0,0.0,5.9,348.0,1.226678975824781,-5.771070844329453
2025-12-27 01:00:00,17.7,87.0,0.4,7.3,38.0,-4.494328769877304,-5.752478501329072
2025-12-27 02:00:00,16.8,90.0,0.1,6.5,19.0,-2.116193003971518,-6.1458707413955596
2025-12-27 03:00:00,16.9,86.0,0.0,8.3,321.0,5.2233592457136515,-6.450311480092859
2025-12-27 04:00:00,16.8,82.0,0.0,8.7,353.0,1.060263287624783,-8.6351515192795
2025-12-27 05:00:00,16.3,84.0,0.1,9.4,13.0,-2.1145399108323333,-9.159078608981211
2025-12-27 06:00:00,16.0,87.0,0.1,9.6,3.0,-0.5024251799322653,-9.586843533643908
2025-12-27 07:00:00,16.2,86.0,0.0,9.6,337.0,3.7510188334970276,-8.836846593143427
2025-12-27 08:00:00,16.9,88.0,0.0,9.1,339.0,3.2611483408622335,-8.495581881124535
2025-12-27 09:00:00,18.9,79.0,0.2,6.5,341.0,2.116193003971519,-6.145870741395559
2025-12-27 10:00:00,19.1,80.0,0.1,8.9,13.0,-2.0020643836604006,-8.671893576588593
2025-12-27 11:00:00,21.1,72.0,0.0,9.3,28.0,-4.366085533908785,-8.211412613588022
2025-12-27 12:00:00,19.4,87.0,1.2,6.1,24.0,-2.4810935227623805,-5.572627291619866
2025-12-27 13:00:00,19.8,82.0,0.3,3.7,47.0,-2.7060086959909313,-2.523393932231244
2025-12-27 14:00:00,19.8,79.0,0.0,8.0,34.0,-4.473543227765973,-6.632300580440335
2025-12-27 15:00:00,21.0,73.0,0.0,7.2,347.0,1.6196475912758275,-7.015464466453694
2025-12-27 16:00:00,21.2,72.0,0.0,5.3,352.0,0.737617435088347,-5.248420764330323
2025-12-27 17:00:00,20.8,73.0,0.0,5.3,28.0,-2.488199282765221,-4.679622242152313
2025-12-27 18:00:00,19.8,78.0,0.0,7.2,90.0,-7.2,8.817456953860943e-16
2025-12-27 19:00:00,18.8,81.0,0.0,6.8,68.0,-6.304850211054155,-2.547324835228202
2025-12-27 20:00:00,18.9,70.0,0.0,9.8,13.0,-2.2045203325698797,-9.548826634895304
2025-12-27 21:00:00,18.0,73.0,0.0,12.2,358.0,0.42577385977051313,-12.192568089632967
2025-12-27 22:00:00,17.7,74.0,0.0,11.9,358.0,0.41530401075976286,-11.89275084152724
2025-12-27 23:00:00,17.3,76.0,0.0,11.0,357.0,0.5756955186723837,-10.984924882300312
2025-12-28 00:00:00,17.0,78.0,0.0,9.2,7.0,-1.1211979593273538,-9.131424595100162
2025-12-28 01:00:00,16.7,79.0,0.0,6.3,355.0,0.5490811793102462,-6.276026597977997
2025-12-28 02:00:00,16.3,82.0,0.0,5.8,355.0,0.5055033079364172,-5.777929248932124
2025-12-28 03:00:00,16.3,81.0,0.0,5.8,353.0,0.7068421917498554,-5.756767679519667
2025-12-28 04:00:00,16.2,82.0,0.0,7.6,342.0,2.3485291572496005,-7.228029523843166
2025-12-28 05:00:00,16.1,81.0,0.0,6.9,354.0,0.7212463965468089,-6.862201078041086
2025-12-28 06:00:00,15.9,82.0,0.0,5.4,6.0,-0.5644537016453282,-5.370418234988676
2025-12-28 07:00:00,16.0,82.0,0.0,6.4,342.0,1.9777087639996638,-6.086761704288983
2025-12-28 08:00:00,16.5,84.0,0.0,7.5,352.0,1.043798257200491,-7.427010515561777
2025-12-28 09:00:00,18.3,76.0,0.0,6.7,358.0,0.23382662790675723,-6.695918541027941
2025-12-28 10:00:00,19.7,70.0,0.0,7.2,25.0,-3.042851484533034,-6.5254160666638805
2025-12-28 11:00:00,22.3,59.0,0.0,5.3,8.0,-0.7376174350883489,-5.248420764330322
2025-12-28 12:00:00,24.3,52.0,0.0,4.4,328.0,2.3316447626261017,-3.7314116230882743
2025-12-28 13:00:00,25.2,48.0,0.0,4.6,324.0,2.703812160545376,-3.721478174124758
2025-12-28 14:00:00,25.5,46.0,0.0,6.0,321.0,3.775922346299025,-4.662875768741825
2025-12-28 15:00:00,25.8,44.0,0.0,5.6,329.0,2.8842132194963033,-4.800136883931828
2025-12-28 16:00:00,25.4,44.0,0.0,3.6,357.0,0.1884094424745983,-3.595066325116466
2025-12-28 17:00:00,23.8,58.0,0.0,2.0,153.0,-0.9079809994790934,1.7820130483767358
2025-12-28 18:00:00,22.8,60.0,0.0,1.7000000000000002,122.0,-1.4416817634659242,0.9008627491964484
2025-12-28 19:00:00,22.2,64.0,0.0,3.1,77.0,-3.0205472008342293,-0.6973482684659814
2025-12-28 20:00:00,20.0,64.0,0.0,7.2,360.0,4.4087284769304716e-16,-7.2
2025-12-28 21:00:00,19.3,68.0,0.0,9.4,349.0,1.7936045565395222,-9.227295524408042
2025-12-28 22:00:00,18.7,72.0,0.0,8.0,350.0,1.3891854213354433,-7.878462024097664
2025-12-28 23:00:00,18.0,76.0,0.0,8.4,351.0,1.3140495063379398,-8.296582060999157
2025-12-29 00:00:00,17.3,81.0,0.0,8.7,353.0,1.060263287624783,-8.6351515192795
2025-12-29 01:00:00,16.8,85.0,0.0,8.4,345.0,2.174079978861174,-8.113776940828174
2025-12-29 02:00:00,16.7,87.0,0.0,7.6,355.0,0.6623836448822018,-7.571079705497266
2025-12-29 03:00:00,16.6,88.0,0.0,7.4,347.0,1.6646378021446004,-7.2103384794107415
2025-12-29 04:00:00,16.2,91.0,0.0,7.3,349.0,1.3929056662487778,-7.165878439167947
2025-12-29 05:00:00,16.2,91.0,0.0,7.9,349.0,1.507391063474705,-7.754854749236546
2025-12-29 06:00:00,16.3,89.0,0.0,6.7,355.0,0.5839434764093095,-6.674504477214695
2025-12-29 07:00:00,15.9,89.0,0.0,8.8,355.0,0.7669705361793917,-8.766513343207361
2025-12-29 08:00:00,17.3,84.0,0.0,6.7,358.0,0.23382662790675723,-6.695918541027941
2025-12-29 09:00:00,19.1,75.0,0.0,5.6,4.0,-0.39063625296710325,-5.586358681455015
2025-12-29 10:00:00,21.4,66.0,0.0,4.7,7.0,-0.5727859140041918,-4.664966912714214
2025-12-29 11:00:00,22.9,58.0,0.0,5.1,17.0,-1.4910956940859592,-4.8771542554114795
2025-12-29 12:00:00,24.5,53.0,0.0,2.3,321.0,1.447436899414626,-1.7874357113510329
2025-12-29 13:00:00,26.0,48.0,0.0,3.0,287.0,2.868914267889106,-0.8771151141682103
2025-12-29 14:00:00,26.5,45.0,0.0,2.5,330.0,1.2500000000000002,-2.1650635094610964
2025-12-29 15:00:00,26.5,45.0,0.0,1.4,247.0,1.2887067948334165,0.5470235798849833
2025-12-29 16:00:00,25.7,49.0,0.0,4.2,190.0,0.7293223462011078,4.136192562651273
2025-12-29 17:00:00,24.0,61.0,0.0,5.6,182.0,0.19543718153400605,5.596588631306936
2025-12-29 18:00:00,21.7,73.0,0.0,3.1,183.0,0.1622414643531263,3.0957515577391788
2025-12-29 19:00:00,21.1,76.0,0.0,2.7,132.0,-2.006491028788964,1.8066526371689176
2025-12-29 20:00:00,20.9,85.0,0.0,2.5,150.0,-1.2499999999999996,2.165063509461097
2025-12-29 21:00:00,20.7,83.0,0.0,1.9,73.0,-1.8169790363297673,-0.5555062389731998
2025-12-29 22:00:00,20.2,79.0,0.0,5.2,20.0,-1.7785047452934766,-4.886401628086724
2025-12-29 23:00:00,19.4,79.0,0.0,8.4,15.0,-2.1740799788611733,-8.113776940828174
2025-12-30 00:00:00,18.2,85.0,0.0,8.9,14.0,-2.1531048708370433,-8.635631963856369
2025-12-30 01:00:00,17.8,88.0,0.0,7.9,3.0,-0.41345405431926,-7.889173324561134
2025-12-30 02:00:00,17.3,91.0,0.0,7.9,349.0,1.507391063474705,-7.754854749236546
2025-12-30 03:00:00,17.1,93.0,0.0,8.4,344.0,2.315353788862793,-8.074598245881878
2025-12-30 04:00:00,16.9,93.0,0.0,8.0,346.0,1.9353751647973414,-7.762365810207972
2025-12-30 05:00:00,16.7,94.0,0.0,8.5,355.0,0.7408238133550942,-8.467654933779837
2025-12-30 06:00:00,16.4,95.0,0.0,9.1,352.0,1.2664752187365957,-9.01143942554829
2025-12-30 07:00:00,16.3,94.0,0.0,8.6,349.0,1.6409573602382863,-8.441993777649909
2025-12-30 08:00:00,18.2,85.0,0.0,10.4,343.0,3.0406657291164625,-9.94556946201557
2025-12-30 09:00:00,20.8,69.0,0.0,9.2,358.0,0.3210753696630099,-9.19439560857568
2025-12-30 10:00:00,23.4,56.0,0.0,9.0,359.0,0.1570716579355524,-8.998629256407522
2025-12-30 11:00:00,25.8,47.0,0.0,8.7,354.0,0.909397630428585,-8.652340489703978
2025-12-30 12:00:00,27.6,42.0,0.0,8.7,343.0,2.5436338310878095,-8.319851376878407
2025-12-30 13:00:00,28.7,38.0,0.0,9.7,335.0,4.099397138884784,-8.791185534255504
2025-12-30 14:00:00,28.6,39.0,0.0,11.2,325.0,6.424056087131716,-9.174502896036708
2025-12-30 15:00:00,28.3,41.0,0.0,12.1,323.0,7.281961780139786,-9.663489671572243
2025-12-30 16:00:00,27.5,44.0,0.0,11.0,326.0,6.151121938178215,-9.119413298105458
2025-12-30 17:00:00,25.8,53.0,0.0,8.0,326.0,4.473543227765974,-6.632300580440334
2025-12-30 18:00:00,24.2,57.0,0.0,8.8,343.0,2.5728710015600837,-8.415481852474713
2025-12-30 19:00:00,22.9,64.0,0.0,8.5,7.0,-1.0358894189437509,-8.436642288951237
2025-12-30 20:00:00,21.2,74.0,0.0,11.5,356.0,0.8021994480574401,-11.471986577987979
2025-12-30 21:00:00,20.1,79.0,0.0,11.1,347.0,2.4969567032169007,-10.81550771911611
2025-12-30 22:00:00,19.2,83.0,0.0,9.1,353.0,1.1090110249868421,-9.032169979936029
2025-12-30 23:00:00,18.5,86.0,0.0,9.3,351.0,1.4548405248741476,-9.185501567534782
2025-12-31 00:00:00,17.8,89.0,0.0,8.5,342.0,2.6266444521870533,-8.083980388508804
2025-12-31 01:00:00,17.3,91.0,0.0,8.6,344.0,2.370481260026193,-8.266850585069543
2025-12-31 02:00:00,16.7,94.0,0.0,9.7,358.0,0.33852511801426044,-9.694091022085228
2025-12-31 03:00:00,16.3,96.0,0.0,8.2,352.0,1.1412194278725367,-8.120198163680877
2025-12-31 04:00:00,16.4,94.0,0.0,6.9,346.0,1.669261079637707,-6.695040511304376
2025-12-31 05:00:00,16.4,94.0,0.0,6.1,341.0,1.985965742188656,-5.7676633111558315
2025-12-31 06:00:00,16.3,92.0,0.0,7.3,344.0,2.012152697464094,-7.017210380349728
2025-12-31 07:00:00,16.2,91.0,0.0,7.3,350.0,1.267631696968592,-7.189096596989119
2025-12-31 08:00:00,17.0,90.0,0.0,7.4,359.0,0.12914780763589864,-7.398872944157295
2025-12-31 09:00:00,20.1,74.0,0.0,6.3,3.0,-0.3297165243305491,-6.291366068953815
2025-12-31 10:00:00,23.2,63.0,0.0,5.4,354.0,0.5644537016453287,-5.370418234988676
2025-12-31 11:00:00,25.3,54.0,0.0,5.0,322.0,3.0783073766282913,-3.94005376803361
2025-12-31 12:00:00,26.4,48.0,0.0,6.7,297.0,5.969743712062065,-3.0417363482549633
2025-12-31 13:00:00,26.9,46.0,0.0,9.7,299.0,8.483811159252138,-4.702653316389469
2025-12-31 14:00:00,26.8,46.0,0.0,9.8,308.0,7.722505385345875,-6.033482458191452
2025-12-31 15:00:00,26.5,48.0,0.0,10.0,287.0,9.563047559630354,-2.9237170472273677
2025-12-31 16:00:00,25.7,52.0,0.0,12.0,288.0,11.412678195541842,-3.7082039324993685
2025-12-31 17:00:00,24.2,59.0,0.0,11.7,288.0,11.127361240653295,-3.615498834186884
2025-12-31 18:00:00,22.8,66.0,0.0,11.8,296.0,10.605769746330171,-5.172779532111114
2025-12-31 19:00:00,22.1,66.0,0.0,10.4,330.0,5.200000000000001,-9.00666419935816
2025-12-31 20:00:00,20.9,68.0,0.0,12.1,357.0,0.633265070539622,-12.083417370530343
2025-12-31 21:00:00,19.7,73.0,0.0,9.6,357.0,0.5024251799322621,-9.586843533643908
2025-12-31 22:00:00,18.7,77.0,0.0,7.4,356.0,0.5161979057065268,-7.381973971922699
2025-12-31 23:00:00,18.2,79.0,0.0,8.3,347.0,1.867093751054079,-8.087271537717454
2026-01-01 00:00:00,17.7,81.0,0.0,8.6,352.0,1.196888668256563,-8.516305391177506
2026-01-01 01:00:00,17.2,84.0,0.0,8.6,348.0,1.7880405410327311,-8.412069366310728
2026-01-01 02:00:00,16.9,86.0,0.0,9.7,358.0,0.33852511801426044,-9.694091022085228
2026-01-01 03:00:00,16.5,88.0,0.0,10.0,7.0,-1.2186934340514717,-9.925461516413222
2026-01-01 04:00:00,16.2,90.0,0.0,8.7,352.0,1.2108059783525695,-8.61533219805166
2026-01-01 05:00:00,16.4,88.0,0.0,8.4,345.0,2.174079978861174,-8.113776940828174
2026-01-01 06:00:00,16.7,87.0,0.0,11.0,341.0,3.5812496990287244,-10.400704331592484
2026-01-01 07:00:00,16.3,88.0,0.0,11.1,346.0,2.685333041156311,-10.77028256166356
2026-01-01 08:00:00,17.8,81.0,0.0,10.8,350.0,1.8754003188028485,-10.635923732531847
2026-01-01 09:00:00,20.0,71.0,0.0,10.3,359.0,0.17975978630402106,-10.298431260110831
2026-01-01 10:00:00,22.6,60.0,0.0,9.5,2.0,-0.33154521867375725,-9.49421285668141
2026-01-01 11:00:00,24.7,52.0,0.0,9.7,359.0,0.1692883424416509,-9.698522643016995
2026-01-01 12:00:00,25.9,49.0,0.0,9.5,339.0,3.4044955206803538,-8.869014051723417
2026-01-01 13:00:00,26.7,46.0,0.0,9.5,331.0,4.605691392340202,-8.30888721782426
2026-01-01 14:00:00,26.7,44.0,0.0,8.2,319.0,5.379684037722159,-6.18861855782673
2026-01-01 15:00:00,26.5,44.0,0.0,9.5,302.0,8.056456913486047,-5.034233010215447
2026-01-01 16:00:00,24.7,53.0,0.0,12.6,290.0,11.840127021902445,-4.309453805903425
2026-01-01 17:00:00,23.2,60.0,0.0,10.5,290.0,9.866772518252038,-3.5912115049195217
2026-01-01 18:00:00,22.0,65.0,0.0,6.6,315.0,4.666904755831213,-4.666904755831213
2026-01-01 19:00:00,20.8,64.0,0.0,13.3,339.0,4.766293728952495,-12.416619672412784
2026-01-01 20:00:00,19.2,68.0,0.0,15.7,355.0,1.3683451611382327,-15.640256760040405
2026-01-01 21:00:00,18.3,68.0,0.0,12.9,351.0,2.0180045990189788,-12.741179593677277
2026-01-01 22:00:00,17.6,69.0,0.0,12.0,353.0,1.4624321208617699,-11.910553819695863
2026-01-01 23:00:00,16.8,71.0,0.0,11.7,351.0,1.8302832409707017,-11.555953584963111
2026-01-02 00:00:00,16.4,72.0,0.0,9.6,351.0,1.5017708643862169,-9.481808069713322
2026-01-02 01:00:00,16.1,72.0,0.0,10.0,342.0,3.0901699437494745,-9.510565162951535
2026-01-02 02:00:00,16.0,74.0,0.0,10.2,351.0,1.5956315434103554,-10.074421074070404
2026-01-02 03:00:00,15.7,76.0,0.0,9.1,345.0,2.3552533104329387,-8.789925019230521
2026-01-02 04:00:00,15.3,79.0,0.1,9.3,347.0,2.092044805397944,-9.06164160250269
2026-01-02 05:00:00,14.8,80.0,0.0,10.3,345.0,2.6658361645559636,-9.949036010777405
2026-01-02 06:00:00,14.5,79.0,0.0,10.2,343.0,2.982191388171915,-9.75430851082296
2026-01-02 07:00:00,14.4,78.0,0.0,11.2,344.0,3.0871383851503906,-10.76613099450917
2026-01-02 08:00:00,14.6,76.0,0.0,12.9,354.0,1.3484171761527297,-12.829332450250726
2026-01-02 09:00:00,15.9,69.0,0.0,12.3,356.0,0.8580046270527404,-12.270037818195838
2026-01-02 10:00:00,17.9,61.0,0.0,10.3,3.0,-0.5390603493023264,-10.285884207972112
2026-01-02 11:00:00,20.4,54.0,0.0,7.8,355.0,0.6798147934317335,-7.770318645115615
2026-01-02 12:00:00,21.8,50.0,0.0,6.1,330.0,3.0500000000000007,-5.282754963085075
2026-01-02 13:00:00,22.7,47.0,0.0,4.3,312.0,3.195522749552795,-2.8772616073430903
2026-01-02 14:00:00,22.2,50.0,0.0,2.2,261.0,2.1729143493093033,0.34415582308850795
2026-01-02 15:00:00,22.4,47.0,0.0,4.5,275.0,4.482876141412855,-0.39220084236446173
2026-01-02 16:00:00,21.9,47.0,0.0,5.0,285.0,4.8296291314453415,-1.2940952255126037
2026-01-02 17:00:00,20.4,47.0,0.0,8.9,331.0,4.3148056201924,-7.784115393540622
2026-01-02 18:00:00,18.2,50.0,0.0,15.7,349.0,2.995701227411755,-15.411546780128324
2026-01-02 19:00:00,16.6,54.0,0.0,14.2,356.0,0.9905419271665783,-14.165409513689504
2026-01-02 20:00:00,15.2,57.0,0.0,13.5,351.0,2.1118652780431173,-13.33379259803436
2026-01-02 21:00:00,14.1,61.0,0.0,11.8,349.0,2.25154614544323,-11.583200764682436
2026-01-02 22:00:00,13.3,64.0,0.0,9.5,349.0,1.8126854560771768,-9.325458242752807
2026-01-02 23:00:00,12.7,67.0,0.0,8.5,347.0,1.9120839619228518,-8.2821455506745
2026-01-03 00:00:00,12.1,69.0,0.0,8.0,350.0,1.3891854213354433,-7.878462024097664
2026-01-03 01:00:00,11.6,71.0,0.0,7.7,349.0,1.4692292643993958,-7.558529312547013
2026-01-03 02:00:00,11.5,71.0,0.0,7.5,340.0,2.5651510749425164,-7.047694655894312
2026-01-03 03:00:00,11.4,73.0,0.0,5.9,337.0,2.305313658086715,-5.4309786353693985
2026-01-03 04:00:00,11.2,76.0,0.0,3.6,351.0,0.5631640741448314,-3.555678026142496
2026-01-03 05:00:00,10.8,77.0,0.0,3.8,352.0,0.5288577836482488,-3.7630186612179672
2026-01-03 06:00:00,10.3,80.0,0.0,3.2,360.0,1.9594348786357652e-16,-3.2
2026-01-03 07:00:00,10.5,80.0,0.0,2.3,4.0,-0.16043988961148883,-2.2943973155975956
2026-01-03 08:00:00,15.0,75.0,0.0,3.1,294.0,2.8319909186920627,-1.2608835935349807
2026-01-03 09:00:00,17.9,67.0,0.0,3.6,290.0,3.3828934348292705,-1.2312725159724074
2026-01-03 10:00:00,19.5,62.0,0.0,6.9,250.0,6.483879083422768,2.359938988947114
2026-01-03 11:00:00,20.7,55.0,0.0,10.6,228.0,7.877335150060379,7.092784427403897
2026-01-03 12:00:00,21.0,55.0,0.0,13.7,226.0,9.854955264639521,9.516819675288263
2026-01-03 13:00:00,20.5,60.0,0.0,14.3,231.0,11.113187248834684,8.999281592012675
2026-01-03 14:00:00,20.4,60.0,0.0,16.2,238.0,13.7383791577341,8.58469208057792
2026-01-03 15:00:00,20.1,59.0,0.0,15.8,244.0,14.20094593152684,6.926264119267423
2026-01-03 16:00:00,19.7,60.0,0.0,14.8,237.0,12.412324405592276,8.060657718222402
2026-01-03 17:00:00,19.2,62.0,0.0,12.6,236.0,10.445873414193525,7.045830583731411
2026-01-03 18:00:00,18.6,66.0,0.0,12.0,231.0,9.32575153748365,7.551844692598049
2026-01-03 19:00:00,18.5,67.0,0.0,11.1,223.0,7.570181796693733,8.118026087972792
2026-01-03 20:00:00,17.8,71.0,0.0,4.3,175.0,-0.3747696938149304,4.283637201794505
2026-01-03 21:00:00,16.1,78.0,0.0,2.7,132.0,-2.006491028788964,1.8066526371689176
2026-01-03 22:00:00,15.3,78.0,0.0,2.7,82.0,-2.67372378560224,-0.3757673725921769
2026-01-03 23:00:00,14.6,74.0,0.0,3.2,71.0,-3.0256594419178136,-1.0418180942629016
2026-01-04 00:00:00,14.4,67.0,0.0,2.0,80.0,-1.969615506024416,-0.34729635533386094
2026-01-04 01:00:00,14.2,67.0,0.0,1.0,68.0,-0.9271838545667874,-0.374606593415912
2026-01-04 02:00:00,13.9,60.0,0.0,2.7,42.0,-1.806652637168917,-2.006491028788965
2026-01-04 03:00:00,13.1,61.0,0.0,1.6,90.0,-1.6,1.9594348786357652e-16
2026-01-04 04:00:00,13.0,66.0,0.0,1.3,146.0,-0.7269507745119708,1.0777488443215544
2026-01-04 05:00:00,12.8,74.0,0.0,0.4,90.0,-0.4,4.898587196589413e-17
2026-01-04 06:00:00,12.6,73.0,0.0,2.2,351.0,0.34415582308850806,-2.1729143493093033
2026-01-04 07:00:00,12.5,70.0,0.0,4.7,2.0,-0.1640276345017536,-4.6971368869897505
2026-01-04 08:00:00,15.2,60.0,0.0,8.6,30.0,-4.300000000000003,-7.44781847254617
2026-01-04 09:00:00,18.6,59.0,0.0,5.7,32.0,-3.0205398061292685,-4.8338741480916285
2026-01-04 10:00:00,21.1,56.0,0.0,2.8,27.0,-1.2711733992707313,-2.4948182677274295
2026-01-04 11:00:00,22.5,52.0,0.0,3.6,300.0,3.1176914536239795,-1.7999999999999998
2026-01-04 12:00:00,23.5,47.0,0.0,4.7,277.0,4.664966912714213,-0.5727859140041932
2026-01-04 13:00:00,24.0,42.0,0.0,4.6,259.0,4.515485043859254,0.877721378732106
2026-01-04 14:00:00,23.8,45.0,0.0,7.7,239.0,6.600188215406265,3.9657931768074173
2026-01-04 15:00:00,22.8,52.0,0.0,11.0,246.0,10.049000034068609,4.474103073833803
2026-01-04 16:00:00,22.0,54.0,0.0,8.8,259.0,8.638319214339443,1.6791191593135943
2026-01-04 17:00:00,21.6,54.0,0.0,5.9,258.0,5.771070844329454,1.2266789758247802
2026-01-04 18:00:00,20.3,63.0,0.0,3.6,279.0,3.555678026142496,-0.5631640741448312
2026-01-04 19:00:00,19.6,67.0,0.0,4.4,328.0,2.3316447626261017,-3.7314116230882743
2026-01-04 20:00:00,19.3,72.0,0.0,9.8,355.0,0.8541262789270498,-9.762708041299106
2026-01-04 21:00:00,19.0,70.0,0.0,5.3,336.0,2.155704208301741,-4.8417909255057845
2026-01-04 22:00:00,18.4,72.0,0.0,5.2,335.0,2.197614961051637,-4.7128004925905795
2026-01-04 23:00:00,17.8,74.0,0.0,6.8,3.0,-0.3558845024520213,-6.790680836331102
2026-01-05 00:00:00,17.0,77.0,0.0,7.6,355.0,0.6623836448822018,-7.571079705497266
2026-01-05 01:00:00,16.2,80.0,0.0,7.2,1.0,-0.12565732634844118,-7.198903405126018
2026-01-05 02:00:00,15.7,81.0,0.0,7.1,16.0,-1.957025226300692,-6.8249580411620645
2026-01-05 03:00:00,14.9,85.0,0.0,6.0,17.0,-1.7542302283364226,-5.7378285357782115
2026-01-05 04:00:00,14.5,88.0,0.0,6.9,5.0,-0.601374624958842,-6.873743416833045
2026-01-05 05:00:00,14.4,88.0,0.0,6.0,355.0,0.5229344564859488,-5.977168188550474
2026-01-05 06:00:00,14.3,89.0,0.0,6.2,348.0,1.2890524830701087,-6.064515124549595
2026-01-05 07:00:00,14.3,88.0,0.0,8.9,354.0,0.9303033230821158,-8.851244868777632
2026-01-05 08:00:00,16.0,80.0,0.0,8.3,5.0,-0.7233926648055635,-8.268415994161488
2026-01-05 09:00:00,19.1,66.0,0.0,7.7,357.0,0.40298686307066856,-7.689447417610219
2026-01-05 10:00:00,21.8,55.0,0.0,7.8,356.0,0.5441004952041768,-7.780999592026628
2026-01-05 11:00:00,23.9,42.0,0.0,8.1,342.0,2.5030376544370743,-7.703557781990743
2026-01-05 12:00:00,24.9,38.0,0.0,8.4,323.0,5.055246194477206,-6.70853828439726
2026-01-05 13:00:00,25.4,37.0,0.0,9.8,313.0,7.167266275867871,-6.683583928612485
2026-01-05 14:00:00,25.3,35.0,0.0,12.6,319.0,8.266343765280391,-9.509340710806928
2026-01-05 15:00:00,25.1,37.0,0.0,13.9,317.0,9.479777204868729,-10.16581645250647
2026-01-05 16:00:00,24.2,43.0,0.0,14.3,319.0,9.381644114564255,-10.792346997185641
2026-01-05 17:00:00,22.8,53.0,0.0,11.4,321.0,7.174252457968148,-8.85946396060947
2026-01-05 18:00:00,21.5,58.0,0.0,12.3,328.0,6.518006950068421,-10.43099158272404
2026-01-05 19:00:00,20.4,58.0,0.0,13.6,355.0,1.1853181013681506,-13.548247894047739
2026-01-05 20:00:00,19.3,61.0,0.0,12.8,359.0,0.22339080239723008,-12.798050498001809
2026-01-05 21:00:00,17.9,68.0,0.0,13.0,355.0,1.1330246557195558,-12.950531075192693
2026-01-05 22:00:00,16.7,77.0,0.0,12.6,356.0,0.8789315691759779,-12.569307033273784
2026-01-05 23:00:00,16.0,80.0,0.0,11.7,347.0,2.6319273358232196,-11.400129757987251
2026-01-06 00:00:00,15.4,83.0,0.0,12.8,344.0,3.5281581544575893,-12.304149708010483
2026-01-06 01:00:00,14.9,85.0,0.0,12.6,346.0,3.0482158845558125,-12.225726151077556
2026-01-06 02:00:00,14.5,86.0,0.0,12.7,353.0,1.547740661245373,-12.605336125844788
2026-01-06 03:00:00,14.0,88.0,0.0,12.2,347.0,2.744402862995152,-11.88731479037987
2026-01-06 04:00:00,13.5,89.0,0.0,12.2,344.0,3.3627757409673897,-11.72739269044749
2026-01-06 05:00:00,13.4,88.0,0.0,10.7,344.0,2.949319707241891,-10.285500146540011
2026-01-06 06:00:00,13.1,88.0,0.0,11.2,344.0,3.0871383851503906,-10.76613099450917
2026-01-06 07:00:00,12.9,87.0,0.0,11.0,345.0,2.847009496127728,-10.62518408917975
2026-01-06 08:00:00,14.0,82.0,0.0,9.8,347.0,2.2045203325698766,-9.548826634895306
2026-01-06 09:00:00,16.6,69.0,0.0,6.8,349.0,1.2975011685605053,-6.675064847444115
2026-01-06 10:00:00,19.4,59.0,0.0,5.6,329.0,2.8842132194963033,-4.800136883931828
2026-01-06 11:00:00,21.6,51.0,0.0,6.3,323.0,3.7914346458579047,-5.031403713297944
2026-01-06 12:00:00,23.1,45.0,0.0,8.2,320.0,5.270858399429622,-6.281564433575619
2026-01-06 13:00:00,23.7,41.0,0.0,11.1,323.0,6.680146756987737,-8.864854161524951
2026-01-06 14:00:00,22.8,41.0,0.0,16.1,342.0,4.975173609436655,-15.312009912351973
2026-01-06 15:00:00,22.3,43.0,0.0,19.2,343.0,5.613536730676546,-18.36105131449028
2026-01-06 16:00:00,21.5,45.0,0.0,18.3,346.0,4.427170689473918,-17.756411790850738
2026-01-06 17:00:00,19.9,50.0,0.0,16.5,342.0,5.0987804071866325,-15.692432518870033
2026-01-06 18:00:00,18.3,56.0,0.0,15.5,340.0,5.3013122215478665,-14.565235622181579
2026-01-06 19:00:00,17.2,59.0,0.0,17.6,345.0,4.555215193804365,-17.000294542687605
2026-01-06 20:00:00,16.3,62.0,0.0,19.9,351.0,3.113045854300595,-19.65499797784324
2026-01-06 21:00:00,15.0,67.0,0.0,19.0,356.0,1.3253730011383795,-18.95371695493666
2026-01-06 22:00:00,14.2,70.0,0.0,18.8,356.0,1.3114217063895544,-18.754204144884696
2026-01-06 23:00:00,13.4,73.0,0.0,19.9,354.0,2.0801164190263037,-19.790985717828637
2026-01-07 00:00:00,13.0,72.0,0.0,18.1,354.0,1.8919651851445278,-18.000846306165748
2026-01-07 01:00:00,12.7,70.0,0.0,17.6,354.0,1.839700953510701,-17.50358535848161
2026-01-07 02:00:00,12.2,70.0,0.0,17.6,1.0,-0.30716235329618957,-17.59731943475249
2026-01-07 03:00:00,11.8,69.0,0.0,16.8,355.0,1.4642164781606568,-16.736070927941327
2026-01-07 04:00:00,11.7,68.0,0.0,15.9,354.0,1.66200256595569,-15.812898136355546
2026-01-07 05:00:00,11.9,66.0,0.0,13.7,355.0,1.1940336756429164,-13.647867363856914
2026-01-07 06:00:00,11.8,66.0,0.0,14.2,352.0,1.9762580336329296,-14.061806576130298
2026-01-07 07:00:00,11.7,66.0,0.0,13.9,350.0,2.413709669570333,-13.688827766869691
2026-01-07 08:00:00,12.7,62.0,0.0,14.2,348.0,2.9523460096121843,-13.88969593042004
2026-01-07 09:00:00,13.7,58.0,0.0,11.4,354.0,1.1916244812512495,-11.337549607198316
2026-01-07 10:00:00,14.3,57.0,0.0,11.1,353.0,1.352749711797137,-11.017262283218674
2026-01-07 11:00:00,16.4,50.0,0.0,11.3,353.0,1.3771235804781667,-11.215771513546938
2026-01-07 12:00:00,16.6,50.0,0.0,11.2,360.0,6.858022075225178e-16,-11.2
2026-01-07 13:00:00,17.3,47.0,0.0,10.5,4.0,-0.7324429743133186,-10.474422527728153
2026-01-07 14:00:00,16.9,54.0,0.0,9.1,22.0,-3.4089200000848017,-8.437373076557764
2026-01-07 15:00:00,17.7,51.0,0.0,7.4,1.0,-0.1291478076358979,-7.398872944157295
2026-01-07 16:00:00,18.1,49.0,0.0,5.4,20.0,-1.8469087739586103,-5.074340152243906
2026-01-07 17:00:00,17.6,51.0,0.0,4.7,23.0,-1.836436303899587,-4.326372811226469
2026-01-07 18:00:00,16.9,56.0,0.0,4.5,37.0,-2.7081676041842173,-3.5938597952128175
2026-01-07 19:00:00,16.6,58.0,0.0,5.1,18.0,-1.5759866713122324,-4.850388233105282
2026-01-07 20:00:00,17.2,55.0,0.0,3.3,351.0,0.516233734632762,-3.2593715239639547
2026-01-07 21:00:00,16.5,58.0,0.0,7.3,17.0,-2.1343134444759806,-6.981024718530158
2026-01-07 22:00:00,15.3,62.0,0.0,11.6,356.0,0.8091750954318527,-11.57174298301396
2026-01-07 23:00:00,14.3,66.0,0.0,10.9,351.0,1.705135668938517,-10.765802912487002
2026-01-08 00:00:00,14.1,66.0,0.0,8.6,1.0,-0.15009069536063807,-8.598690178344965
2026-01-08 01:00:00,13.5,68.0,0.0,8.8,9.0,-1.3766232923540331,-8.691657397237211
2026-01-08 02:00:00,12.8,70.0,0.0,7.4,6.0,-0.7735106281806349,-7.3594620257252235
2026-01-08 03:00:00,12.8,70.0,0.0,5.6,331.0,2.7149338733794877,-4.897870359980616
2026-01-08 04:00:00,12.9,70.0,0.0,7.1,341.0,2.311533896645813,-6.713181886755148
2026-01-08 05:00:00,13.2,69.0,0.0,7.9,1.0,-0.13787401085453962,-7.898796791735491
2026-01-08 06:00:00,12.7,73.0,0.0,8.3,319.0,5.445289940621211,-6.264089515849008
2026-01-08 07:00:00,13.1,74.0,0.0,5.0,330.0,2.5000000000000004,-4.330127018922193
2026-01-08 08:00:00,13.7,67.0,0.0,5.9,317.0,4.023790324368742,-4.314986839553106
2026-01-08 09:00:00,16.0,58.0,0.0,5.7,347.0,1.2822210097600302,-5.553909369275841
2026-01-08 10:00:00,15.9,59.0,0.1,4.4,30.0,-2.200000000000002,-3.8105117766515293
2026-01-08 11:00:00,16.5,61.0,0.1,4.2,20.0,-1.436484601967808,-3.9467090073008158
2026-01-08 12:00:00,18.5,54.0,0.0,3.9,13.0,-0.8773091119410744,-3.800043252662417
2026-01-08 13:00:00,20.0,49.0,0.0,1.8,156.0,-0.7321259575364405,1.6443818237566816
2026-01-08 14:00:00,20.2,49.0,0.0,2.8,243.0,2.49481826772743,1.2711733992707308
2026-01-08 15:00:00,21.3,46.0,0.0,4.2,263.0,4.168693836893553,0.5118512423016194
2026-01-08 16:00:00,20.8,48.0,0.0,3.4,227.0,2.4866025855051794,2.318794424212495
2026-01-08 17:00:00,20.1,51.0,0.0,8.0,194.0,1.9353751647973414,7.762365810207972
2026-01-08 18:00:00,19.4,58.0,0.0,12.0,198.0,3.7082039324993694,11.412678195541842
2026-01-08 19:00:00,19.7,58.0,0.0,10.0,187.0,1.2186934340514748,9.92546151641322
2026-01-08 20:00:00,19.2,63.0,0.0,4.6,169.0,-0.877721378732106,4.515485043859254
2026-01-08 21:00:00,18.1,71.0,0.0,1.1,270.0,1.1,0.0
2026-01-08 22:00:00,17.3,63.0,0.0,6.7,322.0,4.124931884681911,-5.279672049165038
2026-01-08 23:00:00,16.0,54.0,0.0,10.5,338.0,3.9333692308670756,-9.735430472951268
2026-01-09 00:00:00,15.0,56.0,0.0,8.7,354.0,0.909397630428585,-8.652340489703978
2026-01-09 01:00:00,14.7,60.0,0.0,6.7,19.0,-2.1813066348629495,-6.334974456515423
2026-01-09 02:00:00,15.2,60.0,0.0,4.2,102.0,-4.108219923081984,0.8732291014345892
2026-01-09 03:00:00,15.6,61.0,0.1,2.4,42.0,-1.6059134552612595,-1.7835475811457464
2026-01-09 04:00:00,15.3,67.0,0.1,4.3,5.0,-0.37476969381493047,-4.283637201794505
2026-01-09 05:00:00,14.9,73.0,0.1,5.5,351.0,0.8603895577212701,-5.4322858732732575
2026-01-09 06:00:00,14.7,79.0,0.1,5.3,336.0,2.155704208301741,-4.8417909255057845
2026-01-09 07:00:00,14.7,81.0,0.0,5.4,330.0,2.7000000000000006,-4.676537180435969
2026-01-09 08:00:00,15.8,67.0,0.0,4.6,334.0,2.016507275229756,-4.134452612976168
2026-01-09 09:00:00,17.6,64.0,0.0,3.7,309.0,2.8754400573907923,-2.3284854468843985
2026-01-09 10:00:00,19.3,62.0,0.0,2.7,290.0,2.537170076121953,-0.9234543869793056
2026-01-09 11:00:00,20.2,61.0,0.0,4.2,258.0,4.108219923081984,0.8732291014345893
2026-01-09 12:00:00,21.4,57.0,0.0,4.5,236.0,3.730669076497687,2.516368065618361
2026-01-09 13:00:00,21.9,53.0,0.0,6.8,235.0,5.570233901165144,3.900319767187113
2026-01-09 14:00:00,21.5,57.0,0.0,9.4,240.0,8.140638795573723,4.699999999999999
2026-01-09 15:00:00,20.8,61.0,0.0,9.0,247.0,8.284543681071963,3.5165801564034638
2026-01-09 16:00:00,20.4,60.0,0.0,9.1,234.0,7.3620546488120215,5.348845795861505
2026-01-09 17:00:00,19.7,61.0,0.0,7.5,235.0,6.143640332167439,4.301823272632845
2026-01-09 18:00:00,18.2,69.0,0.0,2.8,215.0,1.606014021782929,2.293625724009177
2026-01-09 19:00:00,17.8,73.0,0.0,0.8,207.0,0.3631923997916375,0.7128052193506943
2026-01-09 20:00:00,18.5,74.0,0.0,0.2,180.0,1.2246467991473533e-17,0.2
2026-01-09 21:00:00,17.5,76.0,0.0,1.6,90.0,-1.6,1.9594348786357652e-16
2026-01-09 22:00:00,16.4,81.0,0.0,2.6,34.0,-1.453901549023941,-2.1554976886431088
2026-01-09 23:00:00,15.7,79.0,0.0,6.5,14.0,-1.5724923213978406,-6.306922220793977
2026-01-10 00:00:00,15.3,70.0,0.0,9.0,12.0,-1.8712052173598381,-8.80332840660425
2026-01-10 01:00:00,15.0,68.0,0.0,7.9,1.0,-0.13787401085453962,-7.898796791735491
2026-01-10 02:00:00,14.5,69.0,0.0,6.8,338.0,2.5473248352282014,-6.304850211054155
2026-01-10 03:00:00,14.3,71.0,0.0,6.6,351.0,1.032467469265524,-6.518743047927909
2026-01-10 04:00:00,13.9,68.0,0.0,8.7,352.0,1.2108059783525695,-8.61533219805166
2026-01-10 05:00:00,13.2,68.0,0.0,8.4,350.0,1.4586446924022156,-8.272385125302547
2026-01-10 06:00:00,12.6,69.0,0.0,4.2,342.0,1.2978713763747793,-3.994437368439645
2026-01-10 07:00:00,12.7,69.0,0.0,4.7,342.0,1.452379873562253,-4.469965626587221
2026-01-10 08:00:00,15.0,67.0,0.0,1.4,320.0,0.8999026535611551,-1.0724622203665692
2026-01-10 09:00:00,18.4,62.0,0.0,1.8,259.0,1.7669289302057951,0.34345619167778063
2026-01-10 10:00:00,20.8,60.0,0.0,7.9,259.0,7.754854749236546,1.507391063474704
2026-01-10 11:00:00,21.7,55.0,0.0,9.6,278.0,9.506573459919075,-1.3360617692166281
2026-01-10 12:00:00,22.5,52.0,0.0,9.4,282.0,9.194587446897774,-1.9543698936869378
2026-01-10 13:00:00,23.2,49.0,0.0,9.6,296.0,8.628422844472004,-4.208363009175143
2026-01-10 14:00:00,23.3,47.0,0.0,9.8,302.0,8.310871342332975,-5.193208789485408
2026-01-10 15:00:00,23.4,45.0,0.0,9.7,299.0,8.483811159252138,-4.702653316389469
2026-01-10 16:00:00,22.5,49.0,0.0,9.8,301.0,8.400239546880702,-5.047373134118531
2026-01-10 17:00:00,22.0,51.0,0.0,8.8,301.0,7.543072246178589,-4.532335059208477
2026-01-10 18:00:00,21.5,54.0,0.0,7.4,321.0,4.656970893768798,-5.750880114781585
2026-01-10 19:00:00,20.6,51.0,0.0,11.2,355.0,0.9761443187737711,-11.157380618627549
2026-01-10 20:00:00,20.3,50.0,0.0,11.8,354.0,1.233435866558311,-11.735358365345625
2026-01-10 21:00:00,19.3,54.0,0.0,10.3,359.0,0.17975978630402106,-10.298431260110831
2026-01-10 22:00:00,18.3,60.0,0.0,10.2,352.0,1.4195656297926678,-10.100734301164017
2026-01-10 23:00:00,17.8,63.0,0.0,9.9,351.0,1.5487012038982861,-9.778114571891864
2026-01-11 00:00:00,17.5,64.0,0.0,9.6,351.0,1.5017708643862169,-9.481808069713322
2026-01-11 01:00:00,16.9,67.0,0.0,9.8,343.0,2.8652427062828205,-9.371786608437748
2026-01-11 02:00:00,16.8,68.0,0.0,9.4,342.0,2.904759747124506,-8.939931253174443
2026-01-11 03:00:00,16.6,68.0,0.0,8.3,354.0,0.8675862451215237,-8.25453173155667
2026-01-11 04:00:00,15.5,72.0,0.0,8.4,351.0,1.3140495063379398,-8.296582060999157
2026-01-11 05:00:00,15.2,71.0,0.0,8.1,360.0,4.959819536546781e-16,-8.1
2026-01-11 06:00:00,14.4,73.0,0.0,6.3,342.0,1.946807064562169,-5.991656052659467
2026-01-11 07:00:00,14.0,75.0,0.0,4.5,358.0,0.15704773516125486,-4.497258721585931
2026-01-11 08:00:00,15.5,69.0,0.0,0.7000000000000001,90.0,-0.7000000000000001,8.572527594031473e-17
2026-01-11 09:00:00,18.5,61.0,0.0,3.4,227.0,2.4866025855051794,2.318794424212495
2026-01-11 10:00:00,21.2,57.0,0.0,10.0,232.0,7.880107536067219,6.156614753256583
2026-01-11 11:00:00,22.4,50.0,0.0,12.9,243.0,11.493984162029946,5.856477446640153
2026-01-11 12:00:00,22.4,49.0,0.0,16.1,245.0,14.591555371290065,6.804154014025261
2026-01-11 13:00:00,22.2,52.0,0.0,17.4,246.0,15.895690962981254,7.077217589518923
2026-01-11 14:00:00,22.4,55.0,0.0,15.0,246.0,13.703181864639014,6.101049646137003
2026-01-11 15:00:00,22.0,57.0,0.0,13.9,250.0,13.061727428924128,4.754079992226795
2026-01-11 16:00:00,21.5,58.0,0.0,13.6,244.0,12.223599029668671,5.961847596331452
2026-01-11 17:00:00,21.0,59.0,0.0,11.3,233.0,9.02458126353441,6.800509761618146
2026-01-11 18:00:00,20.7,61.0,0.0,10.5,219.0,6.607864106023293,8.160032595298194
2026-01-11 19:00:00,20.7,62.0,0.0,11.5,207.0,5.2208907470047885,10.24657502816623
2026-01-11 20:00:00,20.5,63.0,0.0,7.3,173.0,-0.8896462068575758,7.245586906981651
2026-01-11 21:00:00,19.3,57.0,0.0,6.4,128.0,-5.043268823083021,3.9402334420842138
2026-01-11 22:00:00,18.3,53.0,0.0,5.5,99.0,-5.4322858732732575,0.8603895577212703
2026-01-11 23:00:00,17.5,52.0,0.0,6.0,73.0,-5.737828535778212,-1.7542302283364206
2026-01-12 00:00:00,17.1,54.0,0.0,4.6,81.0,-4.543366366737634,-0.7195985391850613
2026-01-12 01:00:00,16.7,61.0,0.0,0.9,101.0,-0.8834644651028976,0.17172809583889048
2026-01-12 02:00:00,16.4,58.0,0.0,2.8,101.0,-2.748556113653459,0.5342651870543259
2026-01-12 03:00:00,16.1,58.0,0.0,3.6,120.0,-3.1176914536239795,1.7999999999999998
2026-01-12 04:00:00,16.4,59.0,0.0,2.9,101.0,-2.8467188319982255,0.5533460865919804
2026-01-12 05:00:00,16.3,61.0,0.0,1.2,129.0,-0.9325751537483651,0.7551844692598049
2026-01-12 06:00:00,16.0,65.0,0.0,0.4,360.0,2.4492935982947065e-17,-0.4
2026-01-12 07:00:00,15.5,66.0,0.0,1.3,16.0,-0.35832856256209855,-1.2496402047198147
2026-01-12 08:00:00,17.9,56.0,0.0,2.0,63.0,-1.7820130483767358,-0.9079809994790934
2026-01-12 09:00:00,20.5,52.0,0.0,0.6000000000000001,124.0,-0.49742254353302506,0.33551574208244817
2026-01-12 10:00:00,21.9,59.0,0.0,3.9,257.0,3.8000432526624173,0.8773091119410735
2026-01-12 11:00:00,22.6,57.0,0.0,6.0,279.0,5.926130043570827,-0.9386067902413853
2026-01-12 12:00:00,23.8,51.0,0.0,4.9,280.0,4.82555798975982,-0.8508760705679587
2026-01-12 13:00:00,24.5,48.0,0.0,7.0,271.0,6.998933866094739,-0.12216684506098457
2026-01-12 14:00:00,24.2,52.0,0.0,10.2,252.0,9.700776466210565,3.1519733426244634
2026-01-12 15:00:00,23.1,57.0,0.0,13.9,253.0,13.292636107886192,4.063966695646041
2026-01-12 16:00:00,22.2,59.0,0.0,10.8,259.0,10.601573581234772,2.060737150066684
2026-01-12 17:00:00,21.5,59.0,0.0,6.8,267.0,6.790680836331102,0.3558845024520181
2026-01-12 18:00:00,19.8,69.0,0.0,1.7000000000000002,257.0,1.6564291101349,0.38241679238457055
2026-01-12 19:00:00,19.5,70.0,0.0,1.3,172.0,-0.18092503124808496,1.2873484893640414
2026-01-12 20:00:00,19.0,77.0,0.0,4.7,152.0,-2.2065163450936875,4.149853686436956
2026-01-12 21:00:00,18.1,83.0,0.0,2.5,86.0,-2.4939101256495606,-0.1743911843603132
2026-01-12 22:00:00,18.0,83.0,0.0,3.6,30.0,-1.8000000000000016,-3.117691453623978
2026-01-12 23:00:00,17.4,83.0,0.0,6.5,19.0,-2.116193003971518,-6.1458707413955596
2026-01-13 00:00:00,16.7,84.0,0.0,6.3,5.0,-0.5490811793102469,-6.276026597977997
2026-01-13 01:00:00,16.3,80.0,0.0,7.6,359.0,0.13263828892335533,-7.598842483188573
2026-01-13 02:00:00,16.4,67.0,0.0,8.5,356.0,0.5929300268250645,-8.479294427208506
2026-01-13 03:00:00,16.1,66.0,0.0,9.1,351.0,1.4235536318661013,-8.987963899415753
2026-01-13 04:00:00,16.2,65.0,0.0,11.5,346.0,2.782101799396178,-11.15840085217396
2026-01-13 05:00:00,16.2,65.0,0.0,11.8,348.0,2.453357951649562,-11.542141688658907
2026-01-13 06:00:00,16.2,66.0,0.0,12.2,347.0,2.744402862995152,-11.88731479037987
2026-01-13 07:00:00,16.2,66.0,0.0,11.8,348.0,2.453357951649562,-11.542141688658907
2026-01-13 08:00:00,17.9,63.0,0.0,11.3,353.0,1.3771235804781667,-11.215771513546938
2026-01-13 09:00:00,20.4,55.0,0.0,11.0,355.0,0.9587131702242395,-10.9581416790092
2026-01-13 10:00:00,23.0,48.0,0.0,9.4,1.0,-0.16405262051046487,-9.398568334470077
2026-01-13 11:00:00,25.0,42.0,0.0,9.5,346.0,2.298258008196843,-9.217809399621967
2026-01-13 12:00:00,26.1,39.0,0.0,9.5,331.0,4.605691392340202,-8.30888721782426
2026-01-13 13:00:00,26.8,37.0,0.0,7.7,323.0,4.633975678270772,-6.149493427364155
2026-01-13 14:00:00,26.8,37.0,0.0,7.3,293.0,6.719685430202815,-2.8523372379716982
2026-01-13 15:00:00,26.3,38.0,0.0,8.9,278.0,8.813385811799977,-1.2386405985445825
2026-01-13 16:00:00,25.2,42.0,0.0,7.3,263.0,7.24558690698165,0.8896462068575766
2026-01-13 17:00:00,23.6,50.0,0.0,4.9,231.0,3.808015211139158,3.0836699161442036
2026-01-13 18:00:00,21.4,61.0,0.0,0.9,217.0,0.5416335208368436,0.7187719590425635
2026-01-13 19:00:00,20.6,65.0,0.0,2.2,145.0,-1.2618681599723016,1.8021344974357818
2026-01-13 20:00:00,19.6,78.0,0.0,3.5,159.0,-1.2542878234085508,3.267531492740206
2026-01-13 21:00:00,18.9,85.0,0.0,0.6000000000000001,162.0,-0.18541019662496844,0.5706339097770923
2026-01-13 22:00:00,17.9,87.0,0.0,1.4,320.0,0.8999026535611551,-1.0724622203665692
2026-01-13 23:00:00,17.0,79.0,0.0,3.6,330.0,1.8000000000000005,-3.117691453623979
2026-01-14 00:00:00,16.7,72.0,0.0,2.5,339.0,0.895919873863251,-2.3339510662430043
2026-01-14 01:00:00,16.2,72.0,0.0,1.9,331.0,0.9211382784680405,-1.6617774435648518
2026-01-14 02:00:00,16.1,74.0,0.0,2.3,331.0,1.1150621265665752,-2.01162532642061
2026-01-14 03:00:00,15.6,75.0,0.0,1.4,360.0,8.572527594031472e-17,-1.4
2026-01-14 04:00:00,14.8,78.0,0.0,3.1,350.0,0.5383093507674843,-3.052904034337845
2026-01-14 05:00:00,14.7,80.0,0.0,1.5,7.0,-0.18280401510772076,-1.4888192274619831
2026-01-14 06:00:00,14.2,82.0,0.0,1.2,27.0,-0.5447885996874563,-1.0692078290260414
2026-01-14 07:00:00,13.9,83.0,0.0,1.2,39.0,-0.7551844692598054,-0.9325751537483646
2026-01-14 08:00:00,16.9,75.0,0.0,1.3,326.0,0.7269507745119709,-1.0777488443215544
2026-01-14 09:00:00,20.8,67.0,0.0,1.7000000000000002,229.0,1.2830062863787126,1.1153003492838625
2026-01-14 10:00:00,23.1,60.0,0.0,7.6,239.0,6.5144714853360535,3.9142893693164114
2026-01-14 11:00:00,24.4,53.0,0.0,9.6,258.0,9.390216967044534,1.9959522318504896
2026-01-14 12:00:00,24.7,55.0,0.0,12.7,254.0,12.208023538416649,3.500594418875889
2026-01-14 13:00:00,24.6,55.0,0.0,14.8,257.0,14.420676958821483,3.329275604289202
2026-01-14 14:00:00,24.4,53.0,0.0,13.8,263.0,13.697136892650244,1.6817969389910352
2026-01-14 15:00:00,24.1,55.0,0.0,10.8,274.0,10.773691742806102,-0.7533699164365533
2026-01-14 16:00:00,23.5,58.0,0.0,9.2,286.0,8.843607602632533,-2.535863673516392
2026-01-14 17:00:00,22.4,62.0,0.0,8.3,294.0,7.582427298433588,-3.375914137529142
2026-01-14 18:00:00,21.2,68.0,0.0,7.8,296.0,7.010593561133502,-3.4192949449548036
2026-01-14 19:00:00,20.8,68.0,0.0,6.9,319.0,4.5268073000345,-5.207496103537127
2026-01-14 20:00:00,20.2,70.0,0.0,3.8,5.0,-0.33119182244110135,-3.785539852748633
2026-01-14 21:00:00,18.9,74.0,0.0,4.2,43.0,-2.864393112262494,-3.071685546800516
2026-01-14 22:00:00,18.3,75.0,0.0,4.1,41.0,-2.6898420188610794,-3.094309278913365
2026-01-14 23:00:00,18.0,75.0,0.0,4.4,21.0,-1.5768189779993234,-4.1077538765876875
2026-01-15 00:00:00,18.1,73.0,0.0,5.7,24.0,-2.3183988655320604,-5.207209108562826
2026-01-15 01:00:00,18.3,72.0,0.0,5.5,23.0,-2.149021206691006,-5.062776693988422
2026-01-15 02:00:00,17.4,76.0,0.0,3.3,41.0,-2.1649947956686737,-2.4905416147351476
2026-01-15 03:00:00,17.9,72.0,0.0,4.7,358.0,0.1640276345017551,-4.6971368869897505
2026-01-15 04:00:00,18.0,70.0,0.0,5.8,338.0,2.1727182418122895,-5.377666356487367
2026-01-15 05:00:00,18.0,69.0,0.0,4.1,345.0,1.061158084920335,-3.96029588778518
2026-01-15 06:00:00,18.2,67.0,0.0,3.0,33.0,-1.633917105045081,-2.516011703836272
2026-01-15 07:00:00,17.5,72.0,0.0,2.7,340.0,0.9234543869793059,-2.5371700761219524
2026-01-15 08:00:00,18.7,64.0,0.0,5.9,333.0,2.6785439484633264,-5.25693849271137
2026-01-15 09:00:00,21.1,55.0,0.0,6.9,340.0,2.359938988947115,-6.483879083422767
2026-01-15 10:00:00,24.3,44.0,0.0,3.7,11.0,-0.7059932828932151,-3.632020578756357
2026-01-15 11:00:00,25.9,40.0,0.0,1.5,216.0,0.8816778784387097,1.2135254915624212
2026-01-15 12:00:00,26.5,40.0,0.0,8.0,198.0,2.4721359549995796,7.608452130361228
2026-01-15 13:00:00,25.6,48.0,0.0,13.5,211.0,6.953014011285731,11.571758559478516
2026-01-15 14:00:00,25.5,51.0,0.0,8.8,227.0,6.4359125742487,6.001585568549987
2026-01-15 15:00:00,25.4,51.0,0.0,6.9,217.0,4.152523659749134,5.510585019326321
2026-01-15 16:00:00,24.9,51.0,0.0,6.5,212.0,3.4444752175158317,5.512312625016769
2026-01-15 17:00:00,24.1,51.0,0.0,8.0,230.0,6.128355544951824,5.142300877492314
2026-01-15 18:00:00,22.7,61.0,0.0,8.6,244.0,7.729628798172836,3.7699918623860653
2026-01-15 19:00:00,22.1,68.0,0.0,6.8,238.0,5.766727053863696,3.603450996785793
2026-01-15 20:00:00,21.1,66.0,0.0,3.7,209.0,1.7937955949114475,3.2360929164157644
2026-01-15 21:00:00,21.2,68.0,0.0,1.1,198.0,0.3399186938124422,1.0461621679246689
2026-01-15 22:00:00,20.1,74.0,0.0,2.2,114.0,-2.009800006813722,0.894820614766761
2026-01-15 23:00:00,18.9,80.0,0.0,1.9,119.0,-1.6617774435648518,0.9211382784680405
2026-01-16 00:00:00,18.8,82.0,0.0,0.6000000000000001,18.0,-0.18541019662496858,-0.5706339097770922
2026-01-16 01:00:00,18.4,82.0,0.0,1.1,9.0,-0.17207791154425414,-1.0864571746546514
2026-01-16 02:00:00,18.7,78.0,0.0,4.2,348.0,0.8732291014345898,-4.108219923081983
2026-01-16 03:00:00,18.4,77.0,0.0,3.8,352.0,0.5288577836482488,-3.7630186612179672
2026-01-16 04:00:00,17.9,78.0,0.0,3.2,360.0,1.9594348786357652e-16,-3.2
2026-01-16 05:00:00,17.4,79.0,0.0,3.1,28.0,-1.4553618446362613,-2.7371375378626737
2026-01-16 06:00:00,17.4,78.0,0.0,1.8,354.0,0.18815123388177624,-1.790139411662892
2026-01-16 07:00:00,17.5,79.0,0.0,2.2,355.0,0.19174263404484793,-2.1916283358018402
2026-01-16 08:00:00,19.5,69.0,0.0,8.9,326.0,4.976816840889646,-7.3784343957398715
2026-01-16 09:00:00,22.4,56.0,0.0,6.5,360.0,3.9801020972288977e-16,-6.5
2026-01-16 10:00:00,24.8,48.0,0.0,5.1,10.0,-0.8856057061013446,-5.022519540362261
2026-01-16 11:00:00,26.6,43.0,0.0,7.0,288.0,6.657395614066075,-2.1631189606246317
2026-01-16 12:00:00,27.7,42.0,0.0,6.7,289.0,6.334974456515423,-2.18130663486295
2026-01-16 13:00:00,28.1,40.0,0.0,5.4,262.0,5.34744757120448,0.7515347451843534
2026-01-16 14:00:00,28.2,39.0,0.0,8.0,284.0,7.762365810207972,-1.9353751647973418
2026-01-16 15:00:00,27.9,39.0,0.0,9.7,295.0,8.791185534255504,-4.099397138884784
2026-01-16 16:00:00,27.3,40.0,0.0,9.5,302.0,8.056456913486047,-5.034233010215447
2026-01-16 17:00:00,26.1,42.0,0.0,9.4,324.0,5.525181371549247,-7.604759747124507
2026-01-16 18:00:00,24.7,46.0,0.0,6.2,7.0,-0.7555899291119125,-6.153786140176197
2026-01-16 19:00:00,23.2,52.0,0.0,3.7,23.0,-1.4457051754103132,-3.405867957774029
2026-01-16 20:00:00,22.9,58.0,0.0,6.8,32.0,-3.603450996785794,-5.766727053863696
2026-01-16 21:00:00,22.2,56.0,0.0,7.3,25.0,-3.085113310707104,-6.616046845367546
2026-01-16 22:00:00,21.5,57.0,0.0,7.7,9.0,-1.204545380809779,-7.60520022258256
2026-01-16 23:00:00,20.8,60.0,0.0,6.4,8.0,-0.8907078461444213,-6.33771563994605
2026-01-17 00:00:00,20.3,62.0,0.0,5.6,2.0,-0.19543718153400425,-5.596588631306936
2026-01-17 01:00:00,19.7,66.0,0.0,8.3,344.0,2.287790053281093,-7.978472076288048
2026-01-17 02:00:00,19.1,74.0,0.0,8.8,351.0,1.3766232923540322,-8.691657397237213
2026-01-17 03:00:00,18.7,77.0,0.0,7.5,350.0,1.302361332501978,-7.3860581475915605
2026-01-17 04:00:00,18.0,79.0,0.0,3.6,9.0,-0.5631640741448317,-3.5556780261424956
2026-01-17 05:00:00,17.7,81.0,0.0,3.2,341.0,1.0418180942629016,-3.0256594419178136
2026-01-17 06:00:00,18.8,75.0,0.0,6.4,333.0,2.9055391983331,-5.702441754805554
2026-01-17 07:00:00,19.1,72.0,0.0,4.7,351.0,0.7352419856890854,-4.6421352007971475
2026-01-17 08:00:00,20.7,68.0,0.0,1.0,135.0,-0.7071067811865475,0.7071067811865476
2026-01-17 09:00:00,22.2,62.0,0.0,1.9,229.0,1.4339482024232668,1.2465121550819638
2026-01-17 10:00:00,23.4,60.0,0.0,2.4,257.0,2.3384881554845647,0.539882530425276
2026-01-17 11:00:00,25.4,53.0,0.0,6.9,264.0,6.862201078041086,0.721246396546809
2026-01-17 12:00:00,26.8,47.0,0.0,10.3,259.0,10.110759989510939,1.9653326523784116
2026-01-17 13:00:00,26.7,47.0,0.0,12.1,255.0,11.687702498097726,3.131710445740501
2026-01-17 14:00:00,26.1,50.0,0.0,12.1,265.0,12.053955846910121,1.0545844872466639
2026-01-17 15:00:00,25.3,52.0,0.0,9.7,273.0,9.686706487119366,-0.5076587755565551
2026-01-17 16:00:00,25.5,48.0,0.0,5.4,268.0,5.3967104659031175,0.18845728219350524
2026-01-17 17:00:00,24.5,51.0,0.0,5.5,247.0,5.062776693988422,2.149021206691006
2026-01-17 18:00:00,22.8,61.0,0.0,6.2,260.0,6.10580806867569,1.0766187015349682
2026-01-17 19:00:00,22.0,69.0,0.0,4.8,257.0,4.676976310969129,1.079765060850552
2026-01-17 20:00:00,21.9,76.0,0.0,5.1,238.0,4.325045290397772,2.702588247589345
2026-01-17 21:00:00,21.7,80.0,0.0,3.6,250.0,3.3828934348292705,1.2312725159724074
2026-01-17 22:00:00,21.1,84.0,0.0,2.7,302.0,2.28972985962235,-1.4307820134296534
2026-01-17 23:00:00,20.1,88.0,0.0,2.0,5.0,-0.1743114854953165,-1.992389396183491
2026-01-18 00:00:00,19.2,90.0,0.0,3.4,18.0,-1.0506577808748216,-3.233592155403522
2026-01-18 01:00:00,18.7,88.0,0.0,3.7,29.0,-1.7937955949114464,-3.2360929164157652
2026-01-18 02:00:00,18.7,85.0,0.0,3.1,62.0,-2.737137537862673,-1.4553618446362617
2026-01-18 03:00:00,18.2,83.0,0.0,2.0,95.0,-1.992389396183491,0.1743114854953164
2026-01-18 04:00:00,18.5,80.0,0.0,0.8,45.0,-0.5656854249492381,-0.565685424949238
2026-01-18 05:00:00,18.2,81.0,0.0,1.1,9.0,-0.17207791154425414,-1.0864571746546514
2026-01-18 06:00:00,17.5,84.0,0.0,2.2,9.0,-0.3441558230885083,-2.172914349309303
2026-01-18 07:00:00,17.5,86.0,0.0,4.7,342.0,1.452379873562253,-4.469965626587221
2026-01-18 08:00:00,19.3,80.0,0.0,4.2,342.0,1.2978713763747793,-3.994437368439645
2026-01-18 09:00:00,22.0,68.0,0.0,2.2,355.0,0.19174263404484793,-2.1916283358018402
2026-01-18 10:00:00,24.4,60.0,0.0,2.4,171.0,-0.37544271609655394,2.3704520174283306
2026-01-18 11:00:00,26.0,53.0,0.0,5.8,250.0,5.450217200558269,1.9837168312888784
2026-01-18 12:00:00,26.5,53.0,0.0,11.2,258.0,10.955253128218622,2.3286109371589045
2026-01-18 13:00:00,26.1,55.0,0.0,12.3,256.0,11.934637433194757,2.975639315875913
2026-01-18 14:00:00,25.9,53.0,0.0,9.2,242.0,8.123117854302128,4.319138377630195
2026-01-18 15:00:00,25.8,51.0,0.0,8.6,229.0,6.490502389915839,5.642107649318362
2026-01-18 16:00:00,25.3,53.0,0.0,8.6,234.0,6.957546151624547,5.054953169715269
2026-01-18 17:00:00,24.2,58.0,0.0,6.7,246.0,6.120754566205426,2.7251355086078615
2026-01-18 18:00:00,22.8,67.0,0.0,4.7,242.0,4.149853686436957,2.2065163450936867
2026-01-18 19:00:00,22.0,74.0,0.0,3.1,242.0,2.7371375378626737,1.4553618446362615
2026-01-18 20:00:00,21.9,78.0,0.0,2.9,202.0,1.0863591209061447,2.6888331782436836
2026-01-18 21:00:00,21.2,82.0,0.0,3.2,177.0,-0.1674750599774203,3.1956145112146364
2026-01-18 22:00:00,21.0,83.0,0.0,2.3,176.0,-0.16043988961148825,2.2943973155975956
2026-01-18 23:00:00,20.7,85.0,0.0,0.6000000000000001,342.0,0.1854101966249685,-0.5706339097770922
2026-01-19 00:00:00,19.5,90.0,0.0,4.2,350.0,0.7293223462011078,-4.136192562651273
2026-01-19 01:00:00,18.9,88.0,0.0,6.6,347.0,1.4846769586695083,-6.430842427582553
2026-01-19 02:00:00,18.0,91.0,0.0,3.2,16.0,-0.8820395386143964,-3.076037427002621
2026-01-19 03:00:00,17.3,94.0,0.0,2.2,5.0,-0.19174263404484818,-2.1916283358018402
2026-01-19 04:00:00,17.1,95.0,0.0,4.2,348.0,0.8732291014345898,-4.108219923081983
2026-01-19 05:00:00,16.9,97.0,0.0,8.0,351.0,1.2514757203218474,-7.901506724761102
2026-01-19 06:00:00,16.3,98.0,0.0,8.1,355.0,0.7059615162560309,-8.069177054543138
2026-01-19 07:00:00,15.8,97.0,0.0,8.8,359.0,0.15358117664809567,-8.798659717376244
2026-01-19 08:00:00,17.0,90.0,0.0,6.3,355.0,0.5490811793102462,-6.276026597977997
2026-01-19 09:00:00,20.1,76.0,0.0,3.1,350.0,0.5383093507674843,-3.052904034337845
2026-01-19 10:00:00,23.3,63.0,0.0,2.4,257.0,2.3384881554845647,0.539882530425276
2026-01-19 11:00:00,25.0,56.0,0.0,8.3,250.0,7.79944875252304,2.8387671896030504
2026-01-19 12:00:00,25.2,56.0,0.0,13.5,254.0,12.977032895167305,3.7211043035294886
2026-01-19 13:00:00,25.0,56.0,0.0,15.2,260.0,14.969077845785561,2.6394523005373407
2026-01-19 14:00:00,25.0,55.0,0.0,12.6,270.0,12.6,0.0
2026-01-19 15:00:00,25.0,54.0,0.0,10.1,273.0,10.086158301021195,-0.5285931580537327
2026-01-19 16:00:00,24.8,53.0,0.0,6.7,256.0,6.500981366049176,1.6208767005177738
2026-01-19 17:00:00,23.9,56.0,0.0,6.3,207.0,2.860140148359145,5.613341102386717
2026-01-19 18:00:00,22.6,63.0,0.0,9.8,194.0,2.3708345768767436,9.508898117504765
2026-01-19 19:00:00,22.0,68.0,0.0,10.4,197.0,3.0406657291164625,9.94556946201557
2026-01-19 20:00:00,21.4,77.0,0.0,4.3,195.0,1.1129218939408392,4.153481053042993
2026-01-19 21:00:00,21.0,82.0,0.0,1.9,236.0,1.575171387854579,1.0624665165944192
2026-01-19 22:00:00,20.4,84.0,0.0,2.3,293.0,2.117161162940613,-0.8986815955253296
2026-01-19 23:00:00,20.5,81.0,0.0,6.4,320.0,4.113840701993852,-4.90268443596146
2026-01-20 00:00:00,19.8,79.0,0.0,7.7,330.0,3.850000000000001,-6.668395609140178
2026-01-20 01:00:00,19.0,80.0,0.0,7.9,330.0,3.950000000000001,-6.841600689897065
2026-01-20 02:00:00,18.4,81.0,0.0,7.6,345.0,1.9670247427791576,-7.341036279796919
2026-01-20 03:00:00,17.9,82.0,0.0,7.4,347.0,1.6646378021446004,-7.2103384794107415
2026-01-20 04:00:00,17.4,84.0,0.0,6.6,344.0,1.8192065483921944,-6.344327193192904
2026-01-20 05:00:00,17.2,86.0,0.0,6.9,335.0,2.9160660060108263,-6.253523730552885
2026-01-20 06:00:00,16.8,87.0,0.0,7.2,333.0,3.268731598124737,-6.415246974156248
2026-01-20 07:00:00,16.3,89.0,0.0,8.9,339.0,3.1894747509531736,-8.308865795825096
2026-01-20 08:00:00,17.7,86.0,0.0,7.0,334.0,3.0685980275235423,-6.2915583240941695
2026-01-20 09:00:00,20.2,74.0,0.0,3.0,335.0,1.2678547852220983,-2.7189233611099497
2026-01-20 10:00:00,22.5,66.0,0.0,4.5,230.0,3.447199994035401,2.892544243589427
2026-01-20 11:00:00,24.0,57.0,0.0,10.2,233.0,8.146082202482386,6.138513236150892
2026-01-20 12:00:00,24.1,60.0,0.0,13.3,254.0,12.784780555979642,3.665976832366089
2026-01-20 13:00:00,23.9,61.0,0.0,15.2,257.0,14.810424984735574,3.4192560260267477
2026-01-20 14:00:00,24.2,61.0,0.0,14.6,260.0,14.378193193978237,2.535263393937183
2026-01-20 15:00:00,23.6,62.0,0.0,12.6,260.0,12.408577687953821,2.1879670386033223
2026-01-20 16:00:00,23.2,60.0,0.0,9.4,253.0,8.989264706052534,2.7482940243937257
2026-01-20 17:00:00,22.5,61.0,0.0,6.1,230.0,4.6728711030257655,3.921004419087889
2026-01-20 18:00:00,21.8,64.0,0.0,3.1,190.0,0.5383093507674843,3.052904034337845
2026-01-20 19:00:00,20.8,71.0,0.0,9.5,170.0,-1.649657687835838,9.355673653615977
2026-01-20 20:00:00,19.5,84.0,0.2,14.9,159.0,-5.339682448224974,13.910348354808306
2026-01-20 21:00:00,19.3,87.0,0.9,14.2,183.0,0.7431705786498043,14.180539393514948
2026-01-20 22:00:00,19.3,90.0,0.8,12.1,190.0,2.101142949769858,11.916173811447717
2026-01-20 23:00:00,19.3,93.0,0.3,2.9,184.0,0.20229377385796318,2.89293574575349
2026-01-21 00:00:00,18.2,96.0,0.3,5.4,330.0,2.7000000000000006,-4.676537180435969
2026-01-21 01:00:00,16.7,90.0,0.1,9.7,359.0,0.1692883424416509,-9.698522643016995
2026-01-21 02:00:00,15.5,74.0,0.0,8.7,343.0,2.5436338310878095,-8.319851376878407
2026-01-21 03:00:00,15.1,72.0,0.0,9.3,335.0,3.930349834188505,-8.428662419440846
2026-01-21 04:00:00,14.8,72.0,0.0,7.6,346.0,1.8386064065574743,-7.3742475196975725
2026-01-21 05:00:00,14.5,72.0,0.0,8.0,354.0,0.8362277061412277,-7.956175162946186
2026-01-21 06:00:00,14.3,72.0,0.0,9.0,360.0,5.51091059616309e-16,-9.0
2026-01-21 07:00:00,14.0,73.0,0.0,9.2,354.0,0.9616618620624118,-9.149601437388114
2026-01-21 08:00:00,14.4,75.0,0.0,8.2,350.0,1.4239150568688292,-8.075423574700105
2026-01-21 09:00:00,16.9,68.0,0.0,5.4,346.0,1.3063782362382055,-5.2395969218903815
2026-01-21 10:00:00,19.6,67.0,0.0,3.1,270.0,3.1,0.0
2026-01-21 11:00:00,21.3,56.0,0.0,8.7,256.0,8.441572818601168,2.104720491717109
2026-01-21 12:00:00,21.5,54.0,0.0,10.7,264.0,10.641384280440523,1.118454556963892
2026-01-21 13:00:00,21.9,52.0,0.0,11.3,257.0,11.010381732073158,2.5419469140856745
2026-01-21 14:00:00,21.8,54.0,0.0,10.1,264.0,10.04467114321956,1.0557374790033
2026-01-21 15:00:00,21.7,54.0,0.0,7.2,258.0,7.042662725283401,1.4969641738878674
2026-01-21 16:00:00,21.3,56.0,0.0,5.8,216.0,3.409154463296344,4.692298567374695
2026-01-21 17:00:00,20.3,61.0,0.0,7.8,203.0,3.047702802216335,7.179937856929035
2026-01-21 18:00:00,19.6,66.0,0.0,7.0,238.0,5.936336673094981,3.7094348496324345
2026-01-21 19:00:00,19.2,70.0,0.1,3.0,253.0,2.868914267889106,0.8771151141682103
2026-01-21 20:00:00,19.5,70.0,0.3,1.6,270.0,1.6,0.0
2026-01-21 21:00:00,17.9,68.0,0.0,5.8,321.0,3.650058268089057,-4.507446576450431
2026-01-21 22:00:00,16.5,61.0,0.0,8.6,327.0,4.683895701129233,-7.212566884330647
2026-01-21 23:00:00,15.7,65.0,0.0,9.7,335.0,4.099397138884784,-8.791185534255504
2026-01-22 00:00:00,14.9,65.0,0.0,10.2,346.0,2.46760333511661,-9.897016408015164
2026-01-22 01:00:00,14.5,65.0,0.0,8.8,345.0,2.2776075969021825,-8.500147271343803
2026-01-22 02:00:00,14.2,67.0,0.0,8.1,347.0,1.8221035401853058,-7.892397524760405
2026-01-22 03:00:00,14.1,69.0,0.0,8.2,338.0,3.071774066010478,-7.602907607447656
2026-01-22 04:00:00,13.9,70.0,0.0,7.3,344.0,2.012152697464094,-7.017210380349728
2026-01-22 05:00:00,13.3,73.0,0.0,7.0,342.0,2.163118960624632,-6.657395614066075
2026-01-22 06:00:00,13.1,74.0,0.0,6.9,337.0,2.696044786575989,-6.351483488821839
2026-01-22 07:00:00,13.6,74.0,0.0,5.7,323.0,3.430345631966676,-4.55222240726957
2026-01-22 08:00:00,15.1,71.0,0.0,5.5,324.0,3.232818887608602,-4.449593469062211
2026-01-22 09:00:00,17.1,66.0,0.0,5.1,333.0,2.3153515486716887,-4.544133273360675
2026-01-22 10:00:00,19.6,56.0,0.0,6.7,301.0,5.743020914704153,-3.450755101897363
2026-01-22 11:00:00,20.9,50.0,0.0,8.1,275.0,8.069177054543138,-0.7059615162560311
2026-01-22 12:00:00,21.2,51.0,0.0,9.1,253.0,8.702373279263622,2.6605825129769043
2026-01-22 13:00:00,21.4,52.0,0.0,9.4,241.0,8.22142524711032,4.5572104303155685
2026-01-22 14:00:00,21.1,58.0,0.0,9.1,243.0,8.108159370114148,4.131313547629875
2026-01-22 15:00:00,20.8,59.0,0.0,9.9,241.0,8.658735100680017,4.799615240438737
2026-01-22 16:00:00,20.3,60.0,0.1,8.9,242.0,7.858233576444451,4.178296908794429
2026-01-22 17:00:00,19.4,67.0,0.0,6.8,253.0,6.502872340548641,1.98812759211461
2026-01-22 18:00:00,19.1,69.0,0.1,1.9,248.0,1.761649323676896,0.7117525274902328
2026-01-22 19:00:00,18.6,76.0,0.2,2.7,180.0,1.6532731788489269e-16,2.7
2026-01-22 20:00:00,17.5,88.0,0.0,3.5,156.0,-1.423578250765301,3.197409101749103
2026-01-22 21:00:00,17.7,88.0,0.8,3.3,186.0,0.3449439287832564,3.2819222547153015
2026-01-22 22:00:00,17.3,94.0,0.1,1.9,319.0,1.2465121550819638,-1.4339482024232668
2026-01-22 23:00:00,16.0,85.0,0.0,11.3,358.0,0.3943643127382622,-11.293116345315783
2026-01-23 00:00:00,15.0,77.0,0.0,9.9,360.0,6.062001655779399e-16,-9.9
2026-01-23 01:00:00,14.6,73.0,0.0,8.4,345.0,2.174079978861174,-8.113776940828174
2026-01-23 02:00:00,13.8,76.0,0.0,8.7,4.0,-0.6068813215738925,-8.67880723726047
2026-01-23 03:00:00,13.5,76.0,0.0,7.1,354.0,0.7421520892003395,-7.06110545711474
2026-01-23 04:00:00,13.5,76.0,0.0,8.6,337.0,3.360287705007754,-7.916341739690987
2026-01-23 05:00:00,13.4,75.0,0.0,8.6,350.0,1.4933743279356015,-8.469346675904989
2026-01-23 06:00:00,13.1,76.0,0.0,8.8,351.0,1.3766232923540322,-8.691657397237213
2026-01-23 07:00:00,12.6,78.0,0.0,8.6,1.0,-0.15009069536063807,-8.598690178344965
2026-01-23 08:00:00,13.7,82.0,0.0,5.2,4.0,-0.362733663469453,-5.187333061351086
2026-01-23 09:00:00,17.1,72.0,0.0,3.8,11.0,-0.7250741824308695,-3.730183297101123
2026-01-23 10:00:00,20.1,63.0,0.0,2.0,270.0,2.0,0.0
2026-01-23 11:00:00,21.8,55.0,0.0,6.5,256.0,6.306922220793977,1.5724923213978403
2026-01-23 12:00:00,22.9,51.0,0.0,8.7,253.0,8.319851376878407,2.5436338310878095
2026-01-23 13:00:00,23.0,52.0,0.0,10.9,248.0,10.106304014777983,4.083211868233441
2026-01-23 14:00:00,22.2,57.0,0.0,11.7,252.0,11.127361240653295,3.615498834186884
2026-01-23 15:00:00,21.8,59.0,0.0,12.3,263.0,12.208317665188261,1.498992923883314
2026-01-23 16:00:00,21.1,63.0,0.0,12.6,287.0,12.049439925134246,-3.683883479506483
2026-01-23 17:00:00,20.4,67.0,0.0,10.8,300.0,9.353074360871938,-5.3999999999999995
2026-01-23 18:00:00,19.6,70.0,0.0,7.8,323.0,4.694157180585977,-6.229356978368884
2026-01-23 19:00:00,19.6,69.0,0.0,7.4,347.0,1.6646378021446004,-7.2103384794107415
2026-01-23 20:00:00,18.5,79.0,0.0,4.1,38.0,-2.524212048835198,-3.2308440897875603
2026-01-23 21:00:00,18.3,77.0,0.0,6.1,2.0,-0.21288692988525462,-6.096284044816484
2026-01-23 22:00:00,17.6,73.0,0.0,10.3,345.0,2.6658361645559636,-9.949036010777405
2026-01-23 23:00:00,16.7,76.0,0.0,10.2,343.0,2.982191388171915,-9.75430851082296
2026-01-24 00:00:00,16.3,77.0,0.0,10.1,349.0,1.9271708533031036,-9.914434552821406
2026-01-24 01:00:00,15.8,80.0,0.0,9.2,344.0,2.535863673516392,-8.843607602632533
2026-01-24 02:00:00,15.8,81.0,0.0,10.3,355.0,0.8977041503008789,-10.260805390344979
2026-01-24 03:00:00,16.1,80.0,0.0,9.5,351.0,1.4861274178821937,-9.38303923565381
2026-01-24 04:00:00,16.1,80.0,0.0,9.8,352.0,1.3638963894086416,-9.70462707366739
2026-01-24 05:00:00,16.0,79.0,0.0,10.6,1.0,-0.18499550823520508,-10.598385568657747
2026-01-24 06:00:00,15.7,81.0,0.0,8.7,8.0,-1.2108059783525726,-8.61533219805166
2026-01-24 07:00:00,15.8,80.0,0.0,7.6,348.0,1.5801288502149717,-7.433921765576922
2026-01-24 08:00:00,16.9,77.0,0.0,7.4,334.0,3.243946486239173,-6.651075942613836
2026-01-24 09:00:00,19.5,65.0,0.0,7.8,5.0,-0.6798147934317343,-7.770318645115615
2026-01-24 10:00:00,22.1,55.0,0.0,4.5,360.0,2.755455298081545e-16,-4.5
2026-01-24 11:00:00,23.2,51.0,0.0,3.2,308.0,2.5216344115415104,-1.9701167210421067
2026-01-24 12:00:00,24.3,48.0,0.0,3.1,249.0,2.8940993221413254,1.1109406435904308
2026-01-24 13:00:00,24.4,49.0,0.0,6.8,245.0,6.162892951849219,2.873804179836756
2026-01-24 14:00:00,24.3,51.0,0.0,7.9,250.0,7.423571704208677,2.701959132272783
2026-01-24 15:00:00,23.9,55.0,0.0,9.4,240.0,8.140638795573723,4.699999999999999
2026-01-24 16:00:00,23.1,57.0,0.0,8.9,232.0,7.013295707099825,5.479387130398359
2026-01-24 17:00:00,22.2,60.0,0.0,5.7,235.0,4.669166652447253,3.2693856872009626
2026-01-24 18:00:00,20.4,71.0,0.0,2.7,200.0,0.9234543869793059,2.5371700761219524
2026-01-24 19:00:00,20.0,74.0,0.0,2.4,193.0,0.5398825304252758,2.3384881554845647
2026-01-24 20:00:00,19.6,75.0,0.0,3.4,122.0,-2.883363526931848,1.8017254983928965
2026-01-24 21:00:00,18.7,80.0,0.0,3.8,149.0,-1.9571446846582061,3.2572357426680267
2026-01-24 22:00:00,18.8,81.0,0.0,0.9,233.0,0.7187719590425635,0.5416335208368435
2026-01-24 23:00:00,18.0,86.0,0.0,3.0,335.0,1.2678547852220983,-2.7189233611099497
2026-01-25 00:00:00,17.6,85.0,0.0,8.7,338.0,3.259077362718434,-8.066499534731049
2026-01-25 01:00:00,16.9,84.0,0.0,8.6,349.0,1.6409573602382863,-8.441993777649909
2026-01-25 02:00:00,16.4,86.0,0.0,7.4,359.0,0.12914780763589864,-7.398872944157295
2026-01-25 03:00:00,16.4,86.0,0.0,5.4,2.0,-0.18845728219350413,-5.3967104659031175
2026-01-25 04:00:00,16.0,88.0,0.0,3.8,360.0,2.326828918379971e-16,-3.8
2026-01-25 05:00:00,16.0,88.0,0.0,5.4,354.0,0.5644537016453287,-5.370418234988676
2026-01-25 06:00:00,15.9,88.0,0.0,5.2,348.0,1.0811407922523493,-5.086367523815789
2026-01-25 07:00:00,16.0,87.0,0.0,6.5,347.0,1.462181853235122,-6.333405421104029
2026-01-25 08:00:00,17.4,81.0,0.0,5.2,2.0,-0.18147738285300397,-5.196832300499298
2026-01-25 09:00:00,20.0,71.0,0.0,3.3,13.0,-0.7423384793347553,-3.215421213791276
2026-01-25 10:00:00,22.8,61.0,0.0,0.2,180.0,1.2246467991473533e-17,0.2
2026-01-25 11:00:00,24.2,55.0,0.0,5.5,251.0,5.200352165796243,1.7906248495143617
2026-01-25 12:00:00,24.8,53.0,0.0,6.7,256.0,6.500981366049176,1.6208767005177738
2026-01-25 13:00:00,25.2,53.0,0.0,8.1,269.0,8.098766330766768,0.14136449214199645
2026-01-25 14:00:00,25.3,54.0,0.0,6.1,270.0,6.1,0.0
2026-01-25 15:00:00,25.0,54.0,0.0,7.1,285.0,6.858073366652385,-1.8376152202278973
2026-01-25 16:00:00,25.1,53.0,0.0,6.2,282.0,6.064515124549596,-1.289052483070108
2026-01-25 17:00:00,23.7,57.0,0.0,2.8,225.0,1.9798989873223332,1.9798989873223327
2026-01-25 18:00:00,22.1,68.0,0.0,6.3,215.0,3.613531549011591,5.160657879020648
2026-01-25 19:00:00,21.8,72.0,0.0,4.7,212.0,2.490620541896063,3.9858260519352022
2026-01-25 20:00:00,21.5,77.0,0.0,4.6,231.0,3.5748714227020657,2.8948737988292517
2026-01-25 21:00:00,21.3,80.0,0.0,5.8,234.0,4.692298567374695,3.409154463296344
2026-01-25 22:00:00,20.9,81.0,0.0,6.9,264.0,6.862201078041086,0.721246396546809
2026-01-25 23:00:00,20.5,81.0,0.0,6.5,283.0,6.333405421104029,-1.4621818532351225
2026-01-26 00:00:00,19.7,81.0,0.0,6.8,323.0,4.0923421574339285,-5.430721468321591
2026-01-26 01:00:00,18.9,83.0,0.0,5.6,353.0,0.6824683230688259,-5.558258449191403
2026-01-26 02:00:00,18.6,85.0,0.0,6.1,332.0,2.863776532993934,-5.385980316439453
2026-01-26 03:00:00,18.4,85.0,0.0,5.6,7.0,-0.6824683230688241,-5.5582584491914035
2026-01-26 04:00:00,18.0,87.0,0.0,4.4,351.0,0.6883116461770161,-4.3458286986186065
2026-01-26 05:00:00,17.8,89.0,0.0,5.1,356.0,0.35575801609503865,-5.087576656325103
2026-01-26 06:00:00,17.1,92.0,0.0,3.4,357.0,0.17794225122600948,-3.395340418165551
2026-01-26 07:00:00,17.0,94.0,0.0,3.8,355.0,0.3311918224411009,-3.785539852748633
2026-01-26 08:00:00,18.2,90.0,0.0,6.2,345.0,1.6046780796356286,-5.9887401229922235
2026-01-26 09:00:00,21.1,75.0,0.0,5.1,333.0,2.3153515486716887,-4.544133273360675
2026-01-26 10:00:00,23.7,62.0,0.0,6.4,313.0,4.6806636903626915,-4.36478950439999
2026-01-26 11:00:00,25.3,54.0,0.0,6.0,299.0,5.247718242836374,-2.9088577214780225
2026-01-26 12:00:00,26.1,52.0,0.0,8.2,279.0,8.09904439288013,-1.282762613329893
2026-01-26 13:00:00,26.1,52.0,0.1,9.5,284.0,9.217809399621967,-2.2982580081968433
2026-01-26 14:00:00,26.3,49.0,0.2,9.4,308.0,7.407301083903186,-5.787217868061188
2026-01-26 15:00:00,26.2,49.0,0.1,10.1,299.0,8.833659042107897,-4.896577164488004
2026-01-26 16:00:00,26.1,49.0,0.0,8.4,293.0,7.7322407690005,-3.2821414793099
2026-01-26 17:00:00,24.9,56.0,0.0,7.9,270.0,7.9,0.0
2026-01-26 18:00:00,23.1,70.0,0.0,3.6,261.0,3.555678026142496,0.5631640741448312
2026-01-26 19:00:00,22.1,78.0,0.0,0.6000000000000001,146.0,-0.33551574208244805,0.4974225435330251
2026-01-26 20:00:00,21.3,80.0,0.0,2.2,279.0,2.1729143493093033,-0.34415582308850795
2026-01-26 21:00:00,20.8,82.0,0.0,1.2,51.0,-0.9325751537483649,-0.7551844692598051
2026-01-26 22:00:00,19.7,87.0,0.0,3.3,99.0,-3.2593715239639542,0.5162337346327622
2026-01-26 23:00:00,19.1,89.0,0.0,2.6,124.0,-2.1554976886431083,1.453901549023942
2026-01-27 00:00:00,18.7,90.0,0.0,0.8,135.0,-0.565685424949238,0.5656854249492381
2026-01-27 01:00:00,17.8,93.0,0.0,1.9,22.0,-0.7117525274902333,-1.7616493236768958
2026-01-27 02:00:00,17.5,95.0,0.0,4.4,32.0,-2.331644762626102,-3.7314116230882743
2026-01-27 03:00:00,16.7,94.0,0.0,4.9,24.0,-1.9930095510714205,-4.476372742448745
2026-01-27 04:00:00,16.3,94.0,0.0,3.8,3.0,-0.19887663372318837,-3.7947922320673806
2026-01-27 05:00:00,16.6,92.0,0.0,3.9,344.0,1.0749856876862967,-3.7489206141594438
2026-01-27 06:00:00,17.2,91.0,0.0,6.1,346.0,1.4757235631579728,-5.918803930283578
2026-01-27 07:00:00,17.0,91.0,0.0,7.5,350.0,1.302361332501978,-7.3860581475915605
2026-01-27 08:00:00,18.6,80.0,0.0,10.0,352.0,1.3917310096006545,-9.902680687415703
2026-01-27 09:00:00,22.3,63.0,0.0,7.0,4.0,-0.48829531620887906,-6.982948351818769
2026-01-27 10:00:00,24.9,55.0,0.0,4.4,12.0,-0.9148114395981432,-4.303849443228745
2026-01-27 11:00:00,26.3,47.0,0.0,1.5,300.0,1.299038105676658,-0.7499999999999999
2026-01-27 12:00:00,27.2,44.0,0.0,7.1,246.0,6.486172749262466,2.8878301658381815
2026-01-27 13:00:00,27.0,45.0,0.2,9.6,236.0,7.958760696528399,5.36825187331917
2026-01-27 14:00:00,25.8,50.0,0.3,10.9,262.0,10.793921949283117,1.5169868004647133
2026-01-27 15:00:00,25.2,53.0,0.0,10.6,289.0,10.022496901352758,-3.451022437245861
2026-01-27 16:00:00,24.8,53.0,0.0,10.7,301.0,9.171690117512602,-5.510907401537579
2026-01-27 17:00:00,24.1,54.0,0.0,10.5,319.0,6.888619804400326,-7.924450592339106
2026-01-27 18:00:00,22.9,60.0,0.0,7.2,325.0,4.129750341727532,-5.897894718880741
2026-01-27 19:00:00,22.0,63.0,0.0,9.8,337.0,3.8291650591948825,-9.020947563833916
2026-01-27 20:00:00,21.5,65.0,0.0,10.0,352.0,1.3917310096006545,-9.902680687415703
2026-01-27 21:00:00,20.2,70.0,0.0,10.7,354.0,1.118454556963892,-10.641384280440523
2026-01-27 22:00:00,19.2,74.0,0.0,9.0,355.0,0.7844016847289232,-8.96575228282571
2026-01-27 23:00:00,18.5,77.0,0.0,10.2,353.0,1.2430673027325043,-10.123970746741483
2026-01-28 00:00:00,18.0,79.0,0.0,8.0,344.0,2.2050988465359933,-7.690093567506551
2026-01-28 01:00:00,17.5,81.0,0.0,8.5,342.0,2.6266444521870533,-8.083980388508804
2026-01-28 02:00:00,16.9,82.0,0.0,8.9,347.0,2.002064383660398,-8.671893576588594
2026-01-28 03:00:00,16.6,82.0,0.0,9.3,341.0,3.027783836451558,-8.793322753073646
2026-01-28 04:00:00,16.3,83.0,0.0,10.9,351.0,1.705135668938517,-10.765802912487002
2026-01-28 05:00:00,15.6,87.0,0.0,8.6,352.0,1.196888668256563,-8.516305391177506
2026-01-28 06:00:00,15.3,88.0,0.0,8.5,343.0,2.4851594901432623,-8.1285904256858
2026-01-28 07:00:00,15.1,88.0,0.0,8.4,341.0,2.734772497440117,-7.942356035034261
2026-01-28 08:00:00,16.5,82.0,0.0,8.1,343.0,2.3682108082541675,-7.746068523300587
2026-01-28 09:00:00,19.5,69.0,0.0,6.2,348.0,1.2890524830701087,-6.064515124549595
2026-01-28 10:00:00,22.2,60.0,0.0,3.1,336.0,1.2608835935349807,-2.8319909186920627
2026-01-28 11:00:00,24.1,53.0,0.0,3.3,225.0,2.3334523779156067,2.3334523779156067
2026-01-28 12:00:00,25.0,50.0,0.0,7.7,233.0,6.149493427364155,4.6339756782707715
2026-01-28 13:00:00,25.1,51.0,0.0,10.5,246.0,9.59222730524731,4.270734752295902
2026-01-28 14:00:00,24.8,52.0,0.0,10.2,244.0,9.167699272251504,4.471385697248589
2026-01-28 15:00:00,23.8,55.0,0.0,11.4,237.0,9.560844474577834,6.208884999171309
2026-01-28 16:00:00,23.2,58.0,0.0,8.8,242.0,7.769938817158558,4.131349752515839
2026-01-28 17:00:00,22.4,62.0,0.0,7.5,255.0,7.244443697168013,1.9411428382689055
2026-01-28 18:00:00,21.2,67.0,0.0,3.3,257.0,3.2154212137912763,0.7423384793347545
2026-01-28 19:00:00,20.8,75.0,0.0,0.0,270.0,0.0,0.0
2026-01-28 20:00:00,20.7,71.0,0.0,6.3,24.0,-2.5624408513775405,-5.755336383148386
2026-01-28 21:00:00,19.7,65.0,0.0,8.6,15.0,-2.2258437878816775,-8.306962106085987
2026-01-28 22:00:00,18.7,65.0,0.0,8.6,350.0,1.4933743279356015,-8.469346675904989
2026-01-28 23:00:00,17.7,69.0,0.0,10.3,344.0,2.8390647649150917,-9.900995468164686
2026-01-29 00:00:00,16.8,72.0,0.0,8.5,354.0,0.8884919377750544,-8.453436110630323
2026-01-29 01:00:00,16.2,74.0,0.0,7.4,354.0,0.7735106281806357,-7.359462025725223
2026-01-29 02:00:00,15.9,75.0,0.0,5.2,2.0,-0.18147738285300397,-5.196832300499298
2026-01-29 03:00:00,15.6,77.0,0.0,3.8,357.0,0.19887663372318706,-3.7947922320673806
2026-01-29 04:00:00,15.5,78.0,0.0,6.0,353.0,0.7312160604308849,-5.955276909847932
2026-01-29 05:00:00,15.1,81.0,0.0,6.0,351.0,0.9386067902413855,-5.926130043570827
2026-01-29 06:00:00,14.5,84.0,0.0,4.7,358.0,0.1640276345017551,-4.6971368869897505
2026-01-29 07:00:00,14.3,86.0,0.0,4.4,351.0,0.6883116461770161,-4.3458286986186065
2026-01-29 08:00:00,16.2,79.0,0.0,4.0,10.0,-0.6945927106677213,-3.939231012048832
2026-01-29 09:00:00,19.3,70.0,0.0,2.5,45.0,-1.7677669529663693,-1.7677669529663687
2026-01-29 10:00:00,22.1,60.0,0.0,0.5,225.0,0.3535533905932738,0.35355339059327373
2026-01-29 11:00:00,23.9,52.0,0.0,6.7,239.0,5.743020914704153,3.450755101897363
2026-01-29 12:00:00,24.5,51.0,0.0,10.2,253.0,9.75430851082296,2.982191388171915
2026-01-29 13:00:00,24.3,52.0,0.0,12.5,252.0,11.888206453689419,3.8627124296868423
2026-01-29 14:00:00,24.0,55.0,0.0,12.1,247.0,11.138108726774528,4.727846654720213
2026-01-29 15:00:00,23.5,59.0,0.0,10.9,239.0,9.343123577653024,5.613915016519591
2026-01-29 16:00:00,23.2,62.0,0.0,9.2,237.0,7.715769225097901,5.0106791221382485
2026-01-29 17:00:00,22.4,66.0,0.0,7.9,243.0,7.038951541088107,3.5865249479424195
2026-01-29 18:00:00,21.4,73.0,0.0,8.3,252.0,7.893769085249775,2.5648410533120636
2026-01-29 19:00:00,21.1,76.0,0.0,8.1,258.0,7.922995565943825,1.6840846956238507
2026-01-29 20:00:00,21.6,73.0,0.0,4.9,253.0,4.685893304218874,1.4326213531414103
2026-01-29 21:00:00,20.4,81.0,0.0,2.5,274.0,2.4939101256495606,-0.17439118436031326
2026-01-29 22:00:00,20.4,82.0,0.0,2.7,266.0,2.6934229357015256,0.18834247910913832
2026-01-29 23:00:00,19.8,83.0,0.0,2.7,298.0,2.383958500719103,-1.2675732195219052
2026-01-30 00:00:00,19.3,83.0,0.0,4.4,325.0,2.5237363199446032,-3.604268994871564
2026-01-30 01:00:00,19.4,76.0,0.0,7.9,340.0,2.701959132272784,-7.423571704208676
2026-01-30 02:00:00,18.6,75.0,0.0,7.2,6.0,-0.7526049355271042,-7.160557646651569
2026-01-30 03:00:00,17.9,78.0,0.0,5.2,6.0,-0.5435480089917974,-5.1715138559150216
2026-01-30 04:00:00,17.6,80.0,0.0,5.2,6.0,-0.5435480089917974,-5.1715138559150216
2026-01-30 05:00:00,17.2,83.0,0.0,3.6,3.0,-0.1884094424745995,-3.595066325116466
2026-01-30 06:00:00,17.3,83.0,0.0,6.0,353.0,0.7312160604308849,-5.955276909847932
2026-01-30 07:00:00,17.4,82.0,0.1,6.9,14.0,-1.6692610796377079,-6.695040511304376
2026-01-30 08:00:00,18.9,82.0,0.0,7.6,353.0,0.9262070098791209,-7.543350752474047
2026-01-30 09:00:00,21.6,70.0,0.0,4.9,6.0,-0.5121894700115015,-4.87315728730454
2026-01-30 10:00:00,23.7,62.0,0.0,2.0,100.0,-1.969615506024416,0.34729635533386055
2026-01-30 11:00:00,24.9,56.0,0.0,7.4,181.0,0.12914780763589864,7.398872944157295
2026-01-30 12:00:00,25.4,55.0,0.0,10.8,195.0,2.795245687107224,10.431998923921938
2026-01-30 13:00:00,25.5,56.0,0.0,10.3,211.0,5.304892171573558,8.828823197231758
2026-01-30 14:00:00,25.1,61.0,0.0,10.5,231.0,8.160032595298194,6.6078641060232925
2026-01-30 15:00:00,24.8,63.0,0.0,11.7,266.0,11.671499388039942,0.816150742806266
2026-01-30 16:00:00,24.1,65.0,0.0,13.5,286.0,12.977032895167305,-3.7211043035294886
2026-01-30 17:00:00,22.9,74.0,0.1,12.9,298.0,11.390023947880158,-6.056183159937992
2026-01-30 18:00:00,22.2,78.0,0.0,7.5,303.0,6.29002925959068,-4.084792762612703
2026-01-30 19:00:00,22.1,78.0,0.0,2.8,72.0,-2.66295824562643,-0.8652475842498524
2026-01-30 20:00:00,21.9,76.0,0.0,6.9,37.0,-4.152523659749133,-5.510585019326321
2026-01-30 21:00:00,21.5,78.0,0.0,4.8,56.0,-3.9793803482642005,-2.684125936659584
2026-01-30 22:00:00,20.4,84.0,0.0,2.8,35.0,-1.6060140217829297,-2.293625724009176
2026-01-30 23:00:00,20.3,84.0,0.0,1.0,45.0,-0.7071067811865477,-0.7071067811865475
2026-01-31 00:00:00,20.3,83.0,0.0,1.0,22.0,-0.3746065934159123,-0.9271838545667873
2026-01-31 01:00:00,20.1,83.0,0.0,5.1,354.0,0.5330951626650325,-5.072061666378193
2026-01-31 02:00:00,19.6,85.0,0.0,5.1,352.0,0.7097828148963339,-5.050367150582009
2026-01-31 03:00:00,19.2,85.0,0.0,6.2,15.0,-1.604678079635628,-5.9887401229922235
2026-01-31 04:00:00,18.7,87.0,0.0,6.9,354.0,0.7212463965468089,-6.862201078041086
2026-01-31 05:00:00,18.4,88.0,0.0,6.2,339.0,2.2218812871808624,-5.788198644282651
2026-01-31 06:00:00,18.8,87.0,0.0,6.5,328.0,3.4444752175158317,-5.512312625016769
2026-01-31 07:00:00,18.7,86.0,0.0,8.6,344.0,2.370481260026193,-8.266850585069543
2026-01-31 08:00:00,19.2,86.0,0.0,10.2,352.0,1.4195656297926678,-10.100734301164017
2026-01-31 09:00:00,21.1,77.0,0.0,7.8,352.0,1.0855501874885105,-7.724090936184249
2026-01-31 10:00:00,22.9,68.0,0.0,4.8,13.0,-1.0797650608505531,-4.6769763109691285
2026-01-31 11:00:00,23.9,64.0,0.0,4.5,337.0,1.7582900782017317,-4.142271840535981
2026-01-31 12:00:00,24.6,60.0,0.0,5.1,352.0,0.7097828148963339,-5.050367150582009
2026-01-31 13:00:00,25.8,56.0,0.0,1.3,254.0,1.2496402047198145,0.35832856256209894
2026-01-31 14:00:00,26.8,50.0,0.0,5.0,311.0,3.77354790111386,-3.2802951449525364
2026-01-31 15:00:00,26.9,50.0,0.0,6.8,287.0,6.502872340548641,-1.98812759211461
2026-01-31 16:00:00,26.1,54.0,0.0,10.1,286.0,9.708743128977021,-2.7839372937516913
2026-01-31 17:00:00,25.0,59.0,0.0,8.6,292.0,7.973781149274371,-3.221616703376843
2026-01-31 18:00:00,23.8,60.0,0.0,11.0,337.0,4.298042413382011,-10.125553387976844
2026-01-31 19:00:00,21.9,63.0,0.0,15.4,7.0,-1.8767878884392666,-15.28521073527636
2026-01-31 20:00:00,20.7,67.0,0.0,13.5,1.0,-0.23560748690332722,-13.497943884611281
2026-01-31 21:00:00,19.5,71.0,0.0,9.8,353.0,1.1943195653704455,-9.726952286084956
2026-01-31 22:00:00,18.7,74.0,0.0,9.7,345.0,2.510544737494451,-9.369480515003962
2026-01-31 23:00:00,17.9,76.0,0.0,9.5,346.0,2.298258008196843,-9.217809399621967
2026-02-01 00:00:00,17.3,78.0,0.0,9.6,346.0,2.3224501977568095,-9.314838972249566
2026-02-01 01:00:00,16.8,82.0,0.9,8.6,345.0,2.2258437878816784,-8.306962106085987
2026-02-01 02:00:00,16.4,81.0,0.1,7.7,342.0,2.3794308566870956,-7.323135175472682
2026-02-01 03:00:00,16.2,80.0,0.0,8.2,337.0,3.203995253612044,-7.54813979831001
2026-02-01 04:00:00,15.4,83.0,0.0,8.9,333.0,4.040515447681967,-7.929958065276474
2026-02-01 05:00:00,15.3,83.0,0.0,7.2,360.0,4.4087284769304716e-16,-7.2
2026-02-01 06:00:00,15.0,84.0,0.0,6.3,360.0,3.8576374173141627e-16,-6.3
2026-02-01 07:00:00,15.3,83.0,0.0,7.3,335.0,3.085113310707106,-6.616046845367545
2026-02-01 08:00:00,16.0,83.0,0.0,4.3,5.0,-0.37476969381493047,-4.283637201794505
2026-02-01 09:00:00,18.5,76.0,0.0,3.8,319.0,2.4930243101639276,-2.8678964048465336
2026-02-01 10:00:00,21.6,65.0,0.0,3.2,267.0,3.1956145112146364,0.1674750599774203
2026-02-01 11:00:00,23.7,56.0,0.0,7.6,262.0,7.5260373224359345,1.0577155672964973
2026-02-01 12:00:00,24.3,52.0,0.0,9.8,256.0,9.508898117504765,2.370834576876744
2026-02-01 13:00:00,24.5,52.0,0.0,11.5,256.0,11.15840085217396,2.782101799396179
2026-02-01 14:00:00,23.6,56.0,0.0,10.4,262.0,10.298787914912332,1.4474002499846805
2026-02-01 15:00:00,24.0,55.0,0.0,8.0,254.0,7.690093567506551,2.2050988465359933
2026-02-01 16:00:00,23.9,55.0,0.0,7.1,254.0,6.824958041162064,1.957025226300694
2026-02-01 17:00:00,23.5,56.0,0.0,4.0,249.0,3.734321705988807,1.433471798181201
2026-02-01 18:00:00,22.2,66.0,0.0,1.0,225.0,0.7071067811865476,0.7071067811865475
2026-02-01 19:00:00,20.9,70.0,0.0,2.5,4.0,-0.17439118436031395,-2.4939101256495606
2026-02-01 20:00:00,19.9,72.0,0.0,6.4,22.0,-2.3974821978618386,-5.933976669227439
2026-02-01 21:00:00,19.5,75.0,0.0,7.6,348.0,1.5801288502149717,-7.433921765576922
2026-02-01 22:00:00,19.1,79.0,0.0,6.9,355.0,0.6013746249588412,-6.873743416833045
2026-02-01 23:00:00,18.8,80.0,0.0,7.8,338.0,2.9219314286441134,-7.232034065620942
2026-02-02 00:00:00,18.2,81.0,0.0,10.1,348.0,2.0999080772593706,-9.879290767411437
2026-02-02 01:00:00,17.2,83.0,0.0,10.6,356.0,0.7394186216877274,-10.574178932754137
2026-02-02 02:00:00,16.5,87.0,0.0,10.6,349.0,2.022575350991376,-10.405248144545238
2026-02-02 03:00:00,16.3,86.0,0.0,10.6,345.0,2.74348187808672,-10.238813758664124
2026-02-02 04:00:00,16.2,86.0,0.0,10.3,359.0,0.17975978630402106,-10.298431260110831
2026-02-02 05:00:00,16.0,87.0,0.0,9.5,11.0,-1.812685456077174,-9.325458242752807
2026-02-02 06:00:00,16.1,88.0,0.0,9.4,355.0,0.8192639818279865,-9.364230162062409
2026-02-02 07:00:00,16.3,85.0,0.0,10.9,343.0,3.186851581477831,-10.423721839997087
2026-02-02 08:00:00,17.0,84.0,0.0,6.8,2.0,-0.23731657757700517,-6.795857623729851
2026-02-02 09:00:00,19.8,73.0,0.0,5.9,337.0,2.305313658086715,-5.4309786353693985
2026-02-02 10:00:00,22.4,63.0,0.0,3.2,313.0,2.3403318451813457,-2.182394752199995
2026-02-02 11:00:00,24.7,56.0,0.0,2.7,262.0,2.67372378560224,0.3757673725921767
2026-02-02 12:00:00,25.9,51.0,0.0,3.8,245.0,3.4439695907392696,1.605949394614658
2026-02-02 13:00:00,26.5,49.0,0.0,5.6,248.0,5.192229585574009,2.097796923129107
2026-02-02 14:00:00,26.2,48.0,0.0,8.8,258.0,8.607698886457491,1.8296228791962823
2026-02-02 15:00:00,26.0,48.0,0.1,8.2,262.0,8.120198163680877,1.1412194278725365
2026-02-02 16:00:00,25.4,50.0,0.0,6.3,252.0,5.991656052659467,1.9468070645621685
2026-02-02 17:00:00,24.1,55.0,0.0,6.9,255.0,6.664888201394572,1.785851411207393
2026-02-02 18:00:00,22.3,62.0,0.0,9.4,294.0,8.587327301840448,-3.8233244449125223
2026-02-02 19:00:00,20.9,62.0,0.0,13.8,332.0,6.478707566445294,-12.184676781453192
2026-02-02 20:00:00,19.5,66.0,0.0,13.3,344.0,3.665976832366089,-12.784780555979642
2026-02-02 21:00:00,18.3,69.0,0.0,11.1,346.0,2.685333041156311,-10.77028256166356
2026-02-02 22:00:00,17.4,71.0,0.0,10.1,343.0,2.952954217699641,-9.658678035226657
2026-02-02 23:00:00,16.5,74.0,0.0,9.6,346.0,2.3224501977568095,-9.314838972249566
2026-02-03 00:00:00,15.9,77.0,0.0,9.1,346.0,2.2014892499569756,-8.829691109111568
2026-02-03 01:00:00,15.4,79.0,0.0,8.6,345.0,2.2258437878816784,-8.306962106085987
2026-02-03 02:00:00,15.3,79.0,0.0,9.5,349.0,1.8126854560771768,-9.325458242752807
2026-02-03 03:00:00,15.1,79.0,0.0,8.3,346.0,2.007951733477242,-8.053454528090771
2026-02-03 04:00:00,14.8,81.0,0.0,8.2,341.0,2.6696588665486853,-7.753252319914396
2026-02-03 05:00:00,14.5,82.0,0.0,7.8,338.0,2.9219314286441134,-7.232034065620942
2026-02-03 06:00:00,14.2,84.0,0.0,6.3,345.0,1.6305599841458807,-6.085332705621131
2026-02-03 07:00:00,14.1,85.0,0.0,3.4,354.0,0.35539677511002177,-3.381374444252129
2026-02-03 08:00:00,15.9,80.0,0.0,4.5,331.0,2.181643291108517,-3.935788682127281
2026-02-03 09:00:00,18.8,70.0,0.0,1.7000000000000002,319.0,1.1153003492838625,-1.2830062863787126
2026-02-03 10:00:00,21.8,60.0,0.0,3.2,254.0,3.0760374270026207,0.8820395386143973
2026-02-03 11:00:00,23.7,51.0,0.0,8.5,243.0,7.573555455601127,3.8589192477861474
2026-02-03 12:00:00,24.3,50.0,0.0,11.1,243.0,9.890172418490883,5.039294547108969
2026-02-03 13:00:00,24.1,51.0,0.0,11.7,245.0,10.603801108328804,4.944633662366183
2026-02-03 14:00:00,24.0,53.0,0.0,11.8,259.0,11.583200764682436,2.251546145443229
2026-02-03 15:00:00,24.0,53.0,0.0,9.4,257.0,9.159078608981211,2.114539910832331
2026-02-03 16:00:00,23.7,55.0,0.0,8.9,245.0,8.066139304626185,3.7613025294922253
2026-02-03 17:00:00,22.6,59.0,0.0,8.2,238.0,6.953994388482692,4.34533796671228
2026-02-03 18:00:00,21.5,65.0,0.0,5.0,240.0,4.330127018922194,2.4999999999999996
2026-02-03 19:00:00,21.4,67.0,0.0,4.8,225.0,3.394112549695428,3.3941125496954276
2026-02-03 20:00:00,21.4,71.0,0.0,4.5,166.0,-1.088648530198505,4.366330768241984
2026-02-03 21:00:00,21.2,72.0,0.0,5.4,188.0,0.7515347451843536,5.34744757120448
2026-02-03 22:00:00,20.8,75.0,0.0,5.1,186.0,0.5330951626650325,5.072061666378193
2026-02-03 23:00:00,20.1,80.0,0.0,4.8,193.0,1.0797650608505516,4.676976310969129
2026-02-04 00:00:00,19.2,85.0,0.0,4.2,205.0,1.7749966993109376,3.80649270555393
2026-02-04 01:00:00,18.9,88.0,0.0,1.9,241.0,1.6617774435648518,0.9211382784680404
2026-02-04 02:00:00,18.9,87.0,0.0,3.6,327.0,1.9607005260540975,-3.0192140446035265
2026-02-04 03:00:00,18.6,85.0,0.0,3.6,360.0,2.2043642384652358e-16,-3.6
2026-02-04 04:00:00,18.9,80.0,0.0,4.5,353.0,0.5484120453231637,-4.466457682385949
2026-02-04 05:00:00,19.1,78.0,0.0,4.1,331.0,1.987719443009982,-3.585940799271522
2026-02-04 06:00:00,19.2,78.0,0.0,2.6,335.0,1.0988074805258186,-2.3564002462952898
2026-02-04 07:00:00,19.3,78.0,0.0,2.6,335.0,1.0988074805258186,-2.3564002462952898
2026-02-04 08:00:00,20.3,76.0,0.0,3.5,9.0,-0.5475206276408087,-3.456909192082982
2026-02-04 09:00:00,22.8,65.0,0.0,2.7,82.0,-2.67372378560224,-0.3757673725921769
2026-02-04 10:00:00,24.5,55.0,0.0,2.6,146.0,-1.4539015490239415,2.1554976886431088
2026-02-04 11:00:00,25.8,51.0,0.0,5.1,212.0,2.702588247589345,4.325045290397772
2026-02-04 12:00:00,26.4,52.0,0.0,8.7,238.0,7.378018436560906,4.610297598828883
2026-02-04 13:00:00,26.3,55.0,0.0,10.8,238.0,9.1589194384894,5.7231280537186136
2026-02-04 14:00:00,26.7,52.0,0.0,11.1,233.0,8.864854161524951,6.680146756987735
2026-02-04 15:00:00,25.9,55.0,0.0,12.2,229.0,9.207456878717817,8.003920153684188
2026-02-04 16:00:00,24.9,59.0,0.0,9.0,240.0,7.794228634059948,4.499999999999999
2026-02-04 17:00:00,23.8,64.0,0.0,7.2,245.0,6.52541606666388,3.042851484533036
2026-02-04 18:00:00,22.6,70.0,0.0,4.9,266.0,4.8880638462731385,0.341806721346214
2026-02-04 19:00:00,21.8,77.0,0.0,1.5,291.0,1.4003706397458027,-0.5375519243179504
2026-02-04 20:00:00,22.3,69.0,0.0,4.0,302.0,3.392192384625704,-2.1196770569328196
2026-02-04 21:00:00,21.8,73.0,0.0,1.7000000000000002,288.0,1.6167960777017611,-0.5253288904374106
2026-02-04 22:00:00,21.7,74.0,0.0,1.0,315.0,0.7071067811865476,-0.7071067811865475
2026-02-04 23:00:00,21.2,76.0,0.0,0.5,45.0,-0.35355339059327384,-0.35355339059327373
2026-02-05 00:00:00,20.5,78.0,0.0,0.4,90.0,-0.4,4.898587196589413e-17
2026-02-05 01:00:00,20.0,80.0,0.0,1.5,36.0,-0.8816778784387098,-1.213525491562421
2026-02-05 02:00:00,19.7,82.0,0.0,1.9,34.0,-1.0624665165944185,-1.5751713878545794
2026-02-05 03:00:00,19.4,81.0,0.0,3.5,24.0,-1.4235782507653003,-3.1974091017491033
2026-02-05 04:00:00,19.1,82.0,0.0,5.1,23.0,-1.9927287552952964,-4.694574752607445
2026-02-05 05:00:00,18.7,84.0,0.0,3.5,9.0,-0.5475206276408087,-3.456909192082982
2026-02-05 06:00:00,18.1,88.0,0.0,3.2,360.0,1.9594348786357652e-16,-3.2
2026-02-05 07:00:00,18.5,85.0,0.0,4.9,360.0,3.0003846579110154e-16,-4.9
2026-02-05 08:00:00,21.0,71.0,0.0,8.1,360.0,4.959819536546781e-16,-8.1
2026-02-05 09:00:00,23.6,61.0,0.0,6.8,2.0,-0.23731657757700517,-6.795857623729851
2026-02-05 10:00:00,26.1,52.0,0.0,3.2,19.0,-1.0418180942629014,-3.025659441917814
2026-02-05 11:00:00,27.5,49.0,0.0,5.4,194.0,1.3063782362382055,5.2395969218903815
2026-02-05 12:00:00,27.7,51.0,0.0,11.4,211.0,5.8714340539746175,9.77170722800408
2026-02-05 13:00:00,27.3,55.0,0.0,12.1,221.0,7.938314250785138,9.131985920695541
2026-02-05 14:00:00,27.4,54.0,0.0,11.2,230.0,8.579697762932554,7.199221228489239
2026-02-05 15:00:00,26.7,57.0,0.0,10.7,225.0,7.566042558696059,7.566042558696057
2026-02-05 16:00:00,25.8,61.0,0.0,9.5,219.0,5.978543714973457,7.382886633841224
2026-02-05 17:00:00,24.7,65.0,0.0,7.7,210.0,3.850000000000001,6.668395609140178
2026-02-05 18:00:00,23.6,71.0,0.0,5.0,226.0,3.596699001693256,3.4732918522949863
2026-02-05 19:00:00,22.8,78.0,0.0,1.5,249.0,1.4003706397458027,0.5375519243179504
2026-02-05 20:00:00,22.9,80.0,0.0,0.4,297.0,0.3564026096753472,-0.1815961998958187
2026-02-05 21:00:00,22.4,81.0,0.0,2.1,301.0,1.800051331474436,-1.0815799573111138
2026-02-05 22:00:00,22.0,85.0,0.1,3.8,275.0,3.785539852748633,-0.331191822441101
2026-02-05 23:00:00,21.6,91.0,0.1,0.8,243.0,0.7128052193506944,0.3631923997916374
2026-02-06 00:00:00,21.1,92.0,0.0,1.0,68.0,-0.9271838545667874,-0.374606593415912
2026-02-06 01:00:00,20.7,93.0,0.0,1.5,330.0,0.7500000000000002,-1.299038105676658
2026-02-06 02:00:00,20.7,95.0,0.1,5.9,305.0,4.8329970613050515,-3.384100974471172
2026-02-06 03:00:00,20.7,94.0,0.0,4.1,315.0,2.899137802864845,-2.8991378028648445
2026-02-06 04:00:00,20.5,93.0,0.0,3.2,344.0,0.8820395386143973,-3.0760374270026207
2026-02-06 05:00:00,20.4,89.0,0.0,7.1,19.0,-2.311533896645812,-6.713181886755149
2026-02-06 06:00:00,20.1,86.0,0.0,7.9,16.0,-2.1775351109542913,-7.593967397912721
2026-02-06 07:00:00,19.9,85.0,0.0,7.3,9.0,-1.1419715947936866,-7.210124886344505
2026-02-06 08:00:00,22.1,80.0,0.0,4.7,28.0,-2.2065163450936867,-4.149853686436957
2026-02-06 09:00:00,24.4,71.0,0.1,4.7,97.0,-4.664966912714213,0.5727859140041934
2026-02-06 10:00:00,25.0,70.0,0.2,6.5,166.0,-1.5724923213978406,6.306922220793977
2026-02-06 11:00:00,25.9,67.0,0.1,8.8,197.0,2.5728710015600837,8.415481852474713
2026-02-06 12:00:00,26.6,62.0,0.1,9.8,206.0,4.29603723853296,8.808181653731838
2026-02-06 13:00:00,26.6,62.0,0.6,9.7,215.0,5.563691432605148,7.94577482960322
2026-02-06 14:00:00,25.6,65.0,0.8,9.4,209.0,4.557210430315569,8.22142524711032
2026-02-06 15:00:00,25.5,65.0,0.8,8.9,186.0,0.9303033230821158,8.851244868777632
2026-02-06 16:00:00,24.9,67.0,0.6,4.8,158.0,-1.798111648396378,4.45048250192058
2026-02-06 17:00:00,24.9,66.0,0.1,2.9,83.0,-2.878383839759834,-0.3534210958749272
2026-02-06 18:00:00,23.1,74.0,0.0,3.7,29.0,-1.7937955949114464,-3.2360929164157652
2026-02-06 19:00:00,22.3,77.0,0.0,4.8,25.0,-2.028567656355356,-4.35027737777592
2026-02-06 20:00:00,21.6,87.0,0.0,7.8,32.0,-4.133370261018999,-6.614775150020122
2026-02-06 21:00:00,21.2,87.0,0.0,5.8,14.0,-1.403146994478073,-5.627715212400779
2026-02-06 22:00:00,20.7,88.0,0.0,5.3,18.0,-1.6377900701872221,-5.040599536364313
2026-02-06 23:00:00,20.2,93.0,0.0,9.8,355.0,0.8541262789270498,-9.762708041299106
2026-02-07 00:00:00,19.5,98.0,0.0,10.0,346.0,2.419218955996677,-9.702957262759965
2026-02-07 01:00:00,19.2,98.0,0.0,9.5,339.0,3.4044955206803538,-8.869014051723417
2026-02-07 02:00:00,19.0,98.0,0.0,12.2,346.0,2.9514471263159456,-11.837607860567156
2026-02-07 03:00:00,18.7,97.0,0.0,12.2,341.0,3.971931484377312,-11.535326622311663
2026-02-07 04:00:00,18.1,97.0,0.0,14.9,340.0,5.096100135552466,-14.001420049710035
2026-02-07 05:00:00,17.5,97.0,0.0,14.1,349.0,2.6904068348092833,-13.840943286612061
2026-02-07 06:00:00,17.0,97.0,0.0,14.2,345.0,3.6752304404557945,-13.71614673330477
2026-02-07 07:00:00,16.9,96.0,0.0,12.5,354.0,1.3066057908456683,-12.431523692103417
2026-02-07 08:00:00,17.6,91.0,0.0,11.8,354.0,1.233435866558311,-11.735358365345625
2026-02-07 09:00:00,19.7,79.0,0.0,8.9,342.0,2.7502512499370324,-8.464402995026866
2026-02-07 10:00:00,22.5,65.0,0.0,6.5,316.0,4.515279407983482,-4.6757087022012325
2026-02-07 11:00:00,24.7,56.0,0.0,7.9,281.0,7.754854749236546,-1.507391063474704
2026-02-07 12:00:00,25.7,51.0,0.0,10.3,281.0,10.110759989510939,-1.9653326523784116
2026-02-07 13:00:00,26.1,49.0,0.0,11.0,273.0,10.984924882300312,-0.5756955186723822
2026-02-07 14:00:00,26.4,47.0,0.0,10.1,281.0,9.914434552821406,-1.9271708533031024
2026-02-07 15:00:00,26.1,47.0,0.0,8.9,276.0,8.851244868777632,-0.9303033230821159
2026-02-07 16:00:00,25.0,49.0,0.0,8.3,272.0,8.294943864258496,-0.2896658226307581
2026-02-07 17:00:00,23.7,51.0,0.0,8.3,284.0,8.053454528090771,-2.0079517334772423
2026-02-07 18:00:00,21.9,54.0,0.0,10.1,313.0,7.386672386353621,-6.888183436631234
2026-02-07 19:00:00,20.1,57.0,0.0,12.5,345.0,3.2352380637815092,-12.074072828613353
2026-02-07 20:00:00,18.4,66.0,0.0,10.0,342.0,3.0901699437494745,-9.510565162951535
2026-02-07 21:00:00,17.7,69.0,0.0,10.6,334.0,4.646734155964221,-9.52721689077117
2026-02-07 22:00:00,17.1,69.0,0.0,9.6,339.0,3.4403323156348837,-8.962372094373137
2026-02-07 23:00:00,16.6,70.0,0.0,8.9,333.0,4.040515447681967,-7.929958065276474
2026-02-08 00:00:00,16.1,71.0,0.0,8.9,346.0,2.1531048708370424,-8.635631963856369
2026-02-08 01:00:00,15.2,74.0,0.0,7.4,354.0,0.7735106281806357,-7.359462025725223
2026-02-08 02:00:00,15.2,74.0,0.0,6.3,333.0,2.860140148359145,-5.613341102386717
2026-02-08 03:00:00,15.7,74.0,0.0,6.9,321.0,4.342310698243879,-5.3623071340531
2026-02-08 04:00:00,15.6,75.0,0.0,8.1,332.0,3.802719658565716,-7.151875502157307
2026-02-08 05:00:00,15.2,75.0,0.0,8.6,348.0,1.7880405410327311,-8.412069366310728
2026-02-08 06:00:00,14.6,76.0,0.0,7.6,356.0,0.5301492004553517,-7.581486781974664
2026-02-08 07:00:00,14.0,79.0,0.0,10.0,340.0,3.4202014332566884,-9.396926207859083
2026-02-08 08:00:00,14.9,72.0,0.0,9.0,338.0,3.3714593407432076,-8.344654691101088
2026-02-08 09:00:00,16.8,65.0,0.0,8.2,341.0,2.6696588665486853,-7.753252319914396
2026-02-08 10:00:00,18.3,64.0,0.0,4.4,328.0,2.3316447626261017,-3.7314116230882743
2026-02-08 11:00:00,21.1,53.0,0.0,5.8,265.0,5.777929248932124,0.5055033079364174
2026-02-08 12:00:00,22.2,48.0,0.0,11.2,271.0,11.198294185751582,-0.1954669520975753
2026-02-08 13:00:00,22.7,46.0,0.0,12.0,286.0,11.535140351259827,-3.30764826980399
2026-02-08 14:00:00,21.4,44.0,0.0,10.6,309.0,8.23774719144389,-6.670796145128276
2026-02-08 15:00:00,21.2,42.0,0.0,7.5,312.0,5.573586191080457,-5.018479547691436
2026-02-08 16:00:00,21.2,42.0,0.0,4.0,275.0,3.984778792366982,-0.34862297099063266
2026-02-08 17:00:00,20.5,43.0,0.0,4.3,275.0,4.283637201794505,-0.3747696938149301
2026-02-08 18:00:00,18.8,46.0,0.0,8.4,304.0,6.96391560946235,-4.697220389154274
2026-02-08 19:00:00,16.8,47.0,0.0,11.4,323.0,6.860691263933352,-9.10444481453914
2026-02-08 20:00:00,16.3,50.0,0.0,10.1,310.0,7.737048875501678,-6.492154857834046
2026-02-08 21:00:00,15.6,53.0,0.0,9.7,312.0,7.208504807130724,-6.490566881680924
2026-02-08 22:00:00,14.8,55.0,0.0,6.1,313.0,4.461257579876939,-4.1601899963812405
2026-02-08 23:00:00,14.3,58.0,0.0,5.4,310.0,4.136639992842482,-3.4710530923073124
2026-02-09 00:00:00,13.8,62.0,0.0,3.2,313.0,2.3403318451813457,-2.182394752199995
2026-02-09 01:00:00,13.6,65.0,0.0,2.7,340.0,0.9234543869793059,-2.5371700761219524
2026-02-09 02:00:00,14.1,76.0,0.0,0.4,270.0,0.4,0.0
2026-02-09 03:00:00,14.1,73.0,0.0,3.0,128.0,-2.364032260820166,1.8469844259769752
2026-02-09 04:00:00,14.1,72.0,0.0,2.7,160.0,-0.9234543869793056,2.537170076121953
2026-02-09 05:00:00,13.9,80.0,0.0,2.1,200.0,0.7182423009839045,1.9733545036504077
2026-02-09 06:00:00,14.1,84.0,0.0,0.6000000000000001,214.0,0.3355157420824481,0.4974225435330251
2026-02-09 07:00:00,14.8,86.0,0.0,1.0,158.0,-0.37460659341591207,0.9271838545667874
2026-02-09 08:00:00,16.0,62.0,0.0,4.7,47.0,-3.437362397610102,-3.2053922922937423
2026-02-09 09:00:00,18.0,46.0,0.0,3.9,28.0,-1.830939094864974,-3.4434956121498153
2026-02-09 10:00:00,20.0,46.0,0.0,1.9,326.0,1.062466516594419,-1.5751713878545792
2026-02-09 11:00:00,21.4,45.0,0.0,6.8,287.0,6.502872340548641,-1.98812759211461
2026-02-09 12:00:00,22.0,48.0,0.0,14.5,287.0,13.866418961464014,-4.239389718479683
2026-02-09 13:00:00,21.3,54.0,0.0,17.9,285.0,17.290072290574322,-4.632860907335121
2026-02-09 14:00:00,20.5,57.0,0.0,16.1,301.0,13.80039354130401,-8.292113006051872
2026-02-09 15:00:00,20.5,56.0,0.0,14.4,302.0,12.211892584652533,-7.630837404958151
2026-02-09 16:00:00,19.9,56.0,0.0,15.0,305.0,12.287280664334878,-8.60364654526569
2026-02-09 17:00:00,19.3,58.0,0.0,12.7,310.0,9.72876442761102,-8.163402643019047
2026-02-09 18:00:00,19.1,59.0,0.0,7.4,313.0,5.412017391981862,-5.046787864462489
2026-02-09 19:00:00,18.9,59.0,0.0,2.9,356.0,0.20229377385796318,-2.89293574575349
2026-02-09 20:00:00,18.5,63.0,0.0,2.2,351.0,0.34415582308850806,-2.1729143493093033
2026-02-09 21:00:00,17.6,68.0,0.0,2.0,270.0,2.0,0.0
2026-02-09 22:00:00,17.3,71.0,0.0,6.2,292.0,5.748539898314082,-2.3225608791786545
2026-02-09 23:00:00,16.7,75.0,0.0,7.0,328.0,3.7094348496324345,-5.936336673094981
2026-02-10 00:00:00,16.2,72.0,0.0,9.2,3.0,-0.4814907974350876,-9.18739171974208
2026-02-10 01:00:00,15.7,71.0,0.0,9.7,18.0,-2.997464845436991,-9.225248208062988
2026-02-10 02:00:00,15.4,72.0,0.0,7.8,19.0,-2.539431604765822,-7.375044889674672
2026-02-10 03:00:00,15.3,73.0,0.0,7.3,17.0,-2.1343134444759806,-6.981024718530158
2026-02-10 04:00:00,14.9,75.0,0.0,6.2,12.0,-1.2890524830701107,-6.064515124549595
2026-02-10 05:00:00,14.7,76.0,0.0,6.9,355.0,0.6013746249588412,-6.873743416833045
2026-02-10 06:00:00,14.4,78.0,0.0,6.2,352.0,0.8628732259524059,-6.139662026197737
2026-02-10 07:00:00,14.1,79.0,0.0,5.6,354.0,0.5853593942988593,-5.56932261406233
2026-02-10 08:00:00,16.3,72.0,0.0,6.3,18.0,-1.9468070645621696,-5.991656052659467
2026-02-10 09:00:00,19.0,60.0,0.0,4.6,39.0,-2.894873798829254,-3.5748714227020644
2026-02-10 10:00:00,21.5,50.0,0.0,1.2,219.0,0.755184469259805,0.9325751537483651
2026-02-10 11:00:00,23.3,45.0,0.0,5.1,228.0,3.7900386099347103,3.412566092430177
2026-02-10 12:00:00,24.3,44.0,0.0,6.2,237.0,5.199757521261629,3.376762017093168
2026-02-10 13:00:00,24.5,45.0,0.0,8.0,250.0,7.517540966287267,2.7361611466053497
2026-02-10 14:00:00,24.9,43.0,0.0,11.2,270.0,11.2,0.0
2026-02-10 15:00:00,24.8,42.0,0.0,10.7,277.0,10.620243822562145,-1.304001974435078
2026-02-10 16:00:00,24.6,41.0,0.0,10.1,286.0,9.708743128977021,-2.7839372937516913
2026-02-10 17:00:00,23.4,45.0,0.0,9.9,279.0,9.778114571891864,-1.5487012038982857
2026-02-10 18:00:00,21.6,54.0,0.0,7.3,281.0,7.165878439167947,-1.392905666248777
2026-02-10 19:00:00,20.3,63.0,0.0,3.1,310.0,2.3747377736688318,-1.9926415900282717
2026-02-10 20:00:00,20.2,64.0,0.0,1.5,21.0,-0.5375519243179511,-1.4003706397458024
2026-02-10 21:00:00,19.4,65.0,0.0,3.1,97.0,-3.076893070088098,0.3777949645559574
2026-02-10 22:00:00,18.9,67.0,0.0,2.2,90.0,-2.2,2.6942229581241775e-16
2026-02-10 23:00:00,18.3,69.0,0.0,2.6,39.0,-1.6362330167295784,-2.0205794997881235
2026-02-11 00:00:00,17.5,72.0,0.0,4.2,18.0,-1.2978713763747798,-3.994437368439645
2026-02-11 01:00:00,17.3,72.0,0.0,5.6,15.0,-1.4493866525741155,-5.4091846272187825
2026-02-11 02:00:00,17.2,72.0,0.0,6.9,14.0,-1.6692610796377079,-6.695040511304376
2026-02-11 03:00:00,16.6,74.0,0.0,5.8,16.0,-1.5986966637385935,-5.57531783644225
2026-02-11 04:00:00,15.9,78.0,0.0,4.5,7.0,-0.5484120453231622,-4.46645768238595
2026-02-11 05:00:00,15.5,80.0,0.0,4.4,351.0,0.6883116461770161,-4.3458286986186065
2026-02-11 06:00:00,15.3,81.0,0.0,4.7,358.0,0.1640276345017551,-4.6971368869897505
2026-02-11 07:00:00,16.0,77.0,0.0,7.2,356.0,0.5022466109577017,-7.182461161870735
2026-02-11 08:00:00,18.9,64.0,0.0,12.1,355.0,1.0545844872466634,-12.053955846910121
2026-02-11 09:00:00,22.7,49.0,0.0,12.6,5.0,-1.0981623586204938,-12.552053195955994
2026-02-11 10:00:00,25.3,40.0,0.0,10.9,7.0,-1.3283758431161041,-10.818753052890411
2026-02-11 11:00:00,27.1,35.0,0.0,7.0,357.0,0.3663516937006078,-6.9904067432820165
2026-02-11 12:00:00,28.2,32.0,0.0,4.3,312.0,3.195522749552795,-2.8772616073430903
2026-02-11 13:00:00,28.8,30.0,0.0,6.6,291.0,6.161630814881531,-2.365228466998982
2026-02-11 14:00:00,28.5,31.0,0.0,10.2,301.0,8.743106467161546,-5.253388364082552
2026-02-11 15:00:00,27.7,36.0,0.0,11.4,288.0,10.84204428576475,-3.5227937358744006
2026-02-11 16:00:00,26.7,43.0,0.0,12.2,287.0,11.666918022749032,-3.5669347976173884
2026-02-11 17:00:00,25.3,50.0,0.0,10.9,290.0,10.242649566566403,-3.728019562249789
2026-02-11 18:00:00,23.6,53.0,0.0,7.2,321.0,4.5311068155588305,-5.5954509224901905
2026-02-11 19:00:00,22.5,54.0,0.0,11.5,3.0,-0.6018634967938595,-11.4842396496776
2026-02-11 20:00:00,21.6,57.0,0.0,11.6,4.0,-0.8091750954318567,-11.57174298301396
2026-02-11 21:00:00,20.6,62.0,0.0,6.8,3.0,-0.3558845024520213,-6.790680836331102
2026-02-11 22:00:00,19.4,68.0,0.0,3.6,9.0,-0.5631640741448317,-3.5556780261424956
2026-02-11 23:00:00,19.1,69.0,0.0,6.6,339.0,2.3652284669989823,-6.161630814881531
2026-02-12 00:00:00,18.2,74.0,0.0,8.3,344.0,2.287790053281093,-7.978472076288048
2026-02-12 01:00:00,17.2,79.0,0.0,9.0,350.0,1.5628335990023738,-8.863269777109872
2026-02-12 02:00:00,16.7,82.0,0.0,6.9,355.0,0.6013746249588412,-6.873743416833045
2026-02-12 03:00:00,16.2,84.0,0.0,5.2,358.0,0.18147738285300563,-5.196832300499298
2026-02-12 04:00:00,15.9,86.0,0.0,4.8,338.0,1.7981116483963773,-4.45048250192058
2026-02-12 05:00:00,15.5,88.0,0.0,5.6,339.0,2.006860517453682,-5.22805038838433
2026-02-12 06:00:00,15.1,90.0,0.0,6.3,353.0,0.7677768634524291,-6.253040755340328
2026-02-12 07:00:00,14.7,90.0,0.0,7.6,356.0,0.5301492004553517,-7.581486781974664
2026-02-12 08:00:00,17.1,78.0,0.0,5.2,358.0,0.18147738285300563,-5.196832300499298
2026-02-12 09:00:00,20.9,64.0,0.0,2.7,4.0,-0.18834247910913907,-2.6934229357015256
2026-02-12 10:00:00,23.9,57.0,0.0,2.4,257.0,2.3384881554845647,0.539882530425276
2026-02-12 11:00:00,25.7,50.0,0.0,7.6,245.0,6.887939181478539,3.211898789229316
2026-02-12 12:00:00,26.3,48.0,0.0,11.8,250.0,11.08837292527372,4.035837691242891
2026-02-12 13:00:00,26.1,49.0,0.0,13.7,247.0,12.610916492298433,5.35301646030305
2026-02-12 14:00:00,25.9,49.0,0.0,12.4,244.0,11.145046174109671,5.43580222018456
2026-02-12 15:00:00,25.6,49.0,0.0,10.2,236.0,8.456183240061424,5.703767615401618
2026-02-12 16:00:00,25.2,50.0,0.0,7.7,242.0,6.798696465013738,3.6149310334513594
2026-02-12 17:00:00,24.4,51.0,0.0,7.3,254.0,7.017210380349728,2.012152697464094
2026-02-12 18:00:00,22.9,60.0,0.0,6.8,259.0,6.675064847444115,1.2975011685605047
2026-02-12 19:00:00,22.1,67.0,0.0,6.8,268.0,6.795857623729851,0.23731657757700658
2026-02-12 20:00:00,21.6,70.0,0.0,2.2,256.0,2.1346505978071924,0.5322281703192691
2026-02-12 21:00:00,21.1,73.0,0.0,0.7000000000000001,256.0,0.6792070083931976,0.16934532691976742
2026-02-12 22:00:00,20.4,77.0,0.0,0.0,270.0,0.0,0.0
2026-02-12 23:00:00,19.4,81.0,0.0,0.2,90.0,-0.2,2.4492935982947065e-17
2026-02-13 00:00:00,18.5,84.0,0.0,1.2,27.0,-0.5447885996874563,-1.0692078290260414
2026-02-13 01:00:00,17.6,87.0,0.0,2.9,22.0,-1.0863591209061456,-2.688833178243683
2026-02-13 02:00:00,17.5,85.0,0.0,2.4,9.0,-0.3754427160965545,-2.37045201742833
2026-02-13 03:00:00,17.2,86.0,0.0,3.1,7.0,-0.37779496455595624,-3.0768930700880985
2026-02-13 04:00:00,16.9,86.0,0.0,3.6,354.0,0.3763024677635525,-3.580278823325784
2026-02-13 05:00:00,16.5,87.0,0.0,3.8,355.0,0.3311918224411009,-3.785539852748633
2026-02-13 06:00:00,16.6,87.0,0.0,4.4,353.0,0.536225110982649,-4.367203067221817
2026-02-13 07:00:00,17.1,83.0,0.0,5.4,352.0,0.7515347451843536,-5.34744757120448
2026-02-13 08:00:00,19.7,75.0,0.0,3.8,341.0,1.2371589869371955,-3.5929705872774034
2026-02-13 09:00:00,22.9,63.0,0.0,1.3,34.0,-0.7269507745119705,-1.0777488443215544
2026-02-13 10:00:00,24.9,56.0,0.0,2.6,214.0,1.4539015490239418,2.1554976886431088
2026-02-13 11:00:00,26.2,51.0,0.0,7.3,234.0,5.9058240589371165,4.290832341735054
2026-02-13 12:00:00,26.7,50.0,0.0,10.7,245.0,9.697493321292153,4.522015400625484
2026-02-13 13:00:00,26.0,55.0,0.0,10.9,250.0,10.242649566566403,3.728019562249789
2026-02-13 14:00:00,26.3,52.0,0.0,11.7,260.0,11.522250710242833,2.031683678703085
2026-02-13 15:00:00,26.2,51.0,0.0,10.2,257.0,9.9385746608094,2.294500754307423
2026-02-13 16:00:00,25.6,52.0,0.0,9.0,247.0,8.284543681071963,3.5165801564034638
2026-02-13 17:00:00,24.5,57.0,0.0,7.6,239.0,6.5144714853360535,3.9142893693164114
2026-02-13 18:00:00,23.1,65.0,0.0,5.4,268.0,5.3967104659031175,0.18845728219350524
2026-02-13 19:00:00,22.5,70.0,0.0,4.1,311.0,3.094309278913365,-2.6898420188610794
2026-02-13 20:00:00,22.2,73.0,0.0,2.2,351.0,0.34415582308850806,-2.1729143493093033
2026-02-13 21:00:00,22.1,76.0,0.0,0.4,27.0,-0.18159619989581877,-0.35640260967534715
2026-02-13 22:00:00,21.5,77.0,0.0,0.4,243.0,0.3564026096753472,0.1815961998958187
2026-02-13 23:00:00,20.8,80.0,0.0,1.6,354.0,0.16724554122824553,-1.5912350325892373
2026-02-14 00:00:00,19.8,80.0,0.0,4.5,7.0,-0.5484120453231622,-4.46645768238595
2026-02-14 01:00:00,19.2,79.0,0.0,4.3,17.0,-1.2571983303077694,-4.112110450641052
2026-02-14 02:00:00,18.8,81.0,0.0,2.2,14.0,-0.5322281703192692,-2.1346505978071924
2026-02-14 03:00:00,18.1,83.0,0.0,1.4,23.0,-0.5470235798849833,-1.2887067948334163
2026-02-14 04:00:00,17.4,86.0,0.0,4.2,10.0,-0.7293223462011075,-4.136192562651273
2026-02-14 05:00:00,16.9,87.0,0.0,4.5,7.0,-0.5484120453231622,-4.46645768238595
2026-02-14 06:00:00,16.3,89.0,0.0,4.2,20.0,-1.436484601967808,-3.9467090073008158
2026-02-14 07:00:00,16.8,85.0,0.0,3.3,13.0,-0.7423384793347553,-3.215421213791276
2026-02-14 08:00:00,19.8,72.0,0.0,2.8,315.0,1.9798989873223332,-1.9798989873223327
2026-02-14 09:00:00,23.4,58.0,0.0,2.2,175.0,-0.19174263404484812,2.1916283358018402
2026-02-14 10:00:00,25.7,48.0,0.0,3.7,166.0,-0.8951110137187709,3.590094187221187
2026-02-14 11:00:00,27.3,42.0,0.0,7.4,184.0,0.5161979057065268,7.381973971922699
2026-02-14 12:00:00,27.6,45.0,0.0,11.1,207.0,5.03929454710897,9.890172418490883
2026-02-14 13:00:00,27.6,50.0,0.0,12.1,229.0,9.131985920695541,7.938314250785138
2026-02-14 14:00:00,27.5,51.0,0.0,11.1,231.0,8.626320172172377,6.985456340653195
2026-02-14 15:00:00,27.0,54.0,0.0,11.8,247.0,10.861957270738797,4.610627316173431
2026-02-14 16:00:00,26.3,57.0,0.0,11.0,255.0,10.62518408917975,2.847009496127728
2026-02-14 17:00:00,25.4,62.0,0.0,9.4,265.0,9.364230162062409,0.8192639818279868
2026-02-14 18:00:00,24.1,69.0,0.0,7.9,281.0,7.754854749236546,-1.507391063474704
2026-02-14 19:00:00,23.6,72.0,0.0,4.8,295.0,4.350277377775919,-2.0285676563553574
2026-02-14 20:00:00,22.8,73.0,0.0,3.4,43.0,-2.318794424212495,-2.4866025855051794
2026-02-14 21:00:00,22.9,68.0,0.0,10.3,360.0,6.30693101560887e-16,-10.3
2026-02-14 22:00:00,22.3,68.0,0.0,7.6,1.0,-0.13263828892335458,-7.598842483188573
2026-02-14 23:00:00,20.8,74.0,0.0,3.5,35.0,-2.0075175272286625,-2.8670321550114704
2026-02-15 00:00:00,20.2,76.0,0.0,3.0,25.0,-1.2678547852220974,-2.71892336110995
2026-02-15 01:00:00,19.9,76.0,0.0,4.3,17.0,-1.2571983303077694,-4.112110450641052
2026-02-15 02:00:00,19.3,79.0,0.0,3.1,21.0,-1.1109406435904323,-2.894099322141325
2026-02-15 03:00:00,18.7,82.0,0.0,3.4,16.0,-0.9371670097777962,-3.2682897661902843
2026-02-15 04:00:00,18.5,83.0,0.0,3.6,3.0,-0.1884094424745995,-3.595066325116466
2026-02-15 05:00:00,18.3,84.0,0.0,4.0,5.0,-0.348622970990633,-3.984778792366982
2026-02-15 06:00:00,17.8,86.0,0.0,3.3,6.0,-0.3449439287832561,-3.281922254715302
2026-02-15 07:00:00,18.4,83.0,0.0,4.9,4.0,-0.34180672134621537,-4.8880638462731385
2026-02-15 08:00:00,20.7,73.0,0.0,1.9,236.0,1.575171387854579,1.0624665165944192
2026-02-15 09:00:00,24.1,56.0,0.0,3.6,174.0,-0.3763024677635528,3.580278823325784
2026-02-15 10:00:00,26.7,45.0,0.0,4.5,173.0,-0.5484120453231631,4.46645768238595
2026-02-15 11:00:00,28.2,41.0,0.0,6.2,206.0,2.7179011100922805,5.572523087054836
2026-02-15 12:00:00,29.0,42.0,0.0,10.6,236.0,8.78779826908344,5.927444776789917
2026-02-15 13:00:00,29.1,42.0,0.0,11.4,242.0,10.065602558591769,5.351975815759156
2026-02-15 14:00:00,29.1,42.0,0.0,10.2,242.0,9.006065447161054,4.788609940416086
2026-02-15 15:00:00,28.1,48.0,0.0,10.6,249.0,9.895952520870338,3.798700265180183
2026-02-15 16:00:00,27.2,53.0,0.0,9.4,269.0,9.398568334470077,0.164052620510465
2026-02-15 17:00:00,26.1,58.0,0.0,8.3,286.0,7.978472076288048,-2.287790053281093
2026-02-15 18:00:00,24.9,64.0,0.0,5.6,315.0,3.9597979746446663,-3.9597979746446654
2026-02-15 19:00:00,23.9,70.0,0.0,2.7,332.0,1.2675732195219054,-2.383958500719103
2026-02-15 20:00:00,24.3,71.0,0.0,4.2,350.0,0.7293223462011078,-4.136192562651273
2026-02-15 21:00:00,23.6,75.0,0.0,2.6,12.0,-0.5405703961261754,-2.5431837619078945
2026-02-15 22:00:00,23.1,77.0,0.0,2.9,11.0,-0.5533460865919794,-2.8467188319982255
2026-02-15 23:00:00,22.9,77.0,0.0,4.3,17.0,-1.2571983303077694,-4.112110450641052
2026-02-16 00:00:00,22.3,79.0,0.0,4.0,3.0,-0.20934382497177723,-3.9945181390182953
2026-02-16 01:00:00,21.5,83.0,0.0,3.4,3.0,-0.17794225122601065,-3.395340418165551
2026-02-16 02:00:00,21.1,85.0,0.0,3.1,13.0,-0.6973482684659823,-3.020547200834229
2026-02-16 03:00:00,20.9,84.0,0.0,4.2,353.0,0.5118512423016195,-4.168693836893553
2026-02-16 04:00:00,20.7,84.0,0.0,4.1,319.0,2.6898420188610794,-3.094309278913365
2026-02-16 05:00:00,20.2,86.0,0.0,1.8,315.0,1.2727922061357857,-1.2727922061357855
2026-02-16 06:00:00,20.1,86.0,0.0,2.0,350.0,0.34729635533386083,-1.969615506024416
2026-02-16 07:00:00,20.3,84.0,0.0,2.5,8.0,-0.3479327524001646,-2.475670171853926
2026-02-16 08:00:00,22.4,72.0,0.0,3.4,6.0,-0.35539677511002143,-3.3813744442521294
2026-02-16 09:00:00,25.4,57.0,0.0,2.4,36.0,-1.4106846055019358,-1.9416407864998735
2026-02-16 10:00:00,27.7,47.0,0.0,1.9,319.0,1.2465121550819638,-1.4339482024232668
2026-02-16 11:00:00,29.3,41.0,0.0,4.4,279.0,4.3458286986186065,-0.6883116461770159
2026-02-16 12:00:00,30.0,40.0,0.0,7.9,269.0,7.898796791735491,0.13787401085453974
2026-02-16 13:00:00,30.5,39.0,0.0,10.3,268.0,10.293725518296688,0.35946481603576
2026-02-16 14:00:00,30.9,37.0,0.0,12.3,284.0,11.934637433194757,-2.975639315875913
2026-02-16 15:00:00,29.5,47.0,0.0,14.2,279.0,14.025174436450955,-2.2213694035712783
2026-02-16 16:00:00,28.3,52.0,0.0,13.9,280.0,13.688827766869691,-2.4137096695703315
2026-02-16 17:00:00,26.9,58.0,0.0,10.3,286.0,9.900995468164686,-2.8390647649150917
2026-02-16 18:00:00,25.4,62.0,0.0,2.4,312.0,1.7835475811457462,-1.6059134552612597
2026-02-16 19:00:00,24.5,66.0,0.0,3.7,43.0,-2.523393932231245,-2.706008695990931
2026-02-16 20:00:00,24.5,61.0,0.0,7.8,15.0,-2.018788551799661,-7.534221445054732
2026-02-16 21:00:00,23.1,64.0,0.0,9.4,347.0,2.11453991083233,-9.159078608981211
2026-02-16 22:00:00,21.6,71.0,0.0,9.8,342.0,3.028366544874485,-9.320353859692505
2026-02-16 23:00:00,20.6,76.0,0.0,8.9,352.0,1.2386405985445827,-8.813385811799977
2026-02-17 00:00:00,20.0,79.0,0.0,9.7,342.0,2.99746484543699,-9.225248208062988
2026-02-17 01:00:00,19.3,83.0,0.0,11.5,338.0,4.3079758242829875,-10.662614327518055
2026-02-17 02:00:00,18.8,84.0,0.0,10.2,346.0,2.46760333511661,-9.897016408015164
2026-02-17 03:00:00,18.6,84.0,0.0,10.6,330.0,5.300000000000001,-9.17986928011505
2026-02-17 04:00:00,17.7,86.0,0.0,11.7,347.0,2.6319273358232196,-11.400129757987251
2026-02-17 05:00:00,16.9,88.0,0.0,10.9,354.0,1.1393602496174227,-10.84028865951418
2026-02-17 06:00:00,16.6,87.0,0.0,11.4,347.0,2.5644420195200603,-11.107818738551682
2026-02-17 07:00:00,16.4,86.0,0.0,10.5,352.0,1.4613175600806874,-10.397814721786489
2026-02-17 08:00:00,18.0,81.0,0.0,8.3,359.0,0.1448549734294539,-8.298735869798048
2026-02-17 09:00:00,21.2,67.0,0.0,5.4,358.0,0.18845728219350585,-5.3967104659031175
2026-02-17 10:00:00,24.4,60.0,0.0,3.0,253.0,2.868914267889106,0.8771151141682103
2026-02-17 11:00:00,25.9,54.0,0.0,10.0,256.0,9.702957262759965,2.4192189559966772
2026-02-17 12:00:00,26.4,50.0,0.0,13.2,272.0,13.191958916652064,-0.4606733564730128
2026-02-17 13:00:00,27.1,46.0,0.0,11.5,272.0,11.492994510719601,-0.40134421207876114
2026-02-17 14:00:00,27.4,46.0,0.0,10.6,266.0,10.574178932754137,0.7394186216877282
2026-02-17 15:00:00,26.8,49.0,0.0,11.0,267.0,10.984924882300312,0.5756955186723822
2026-02-17 16:00:00,26.1,52.0,0.0,10.6,261.0,10.46949641030846,1.6582053294264472
2026-02-17 17:00:00,25.0,56.0,0.0,9.8,262.0,9.70462707366739,1.3638963894086413
2026-02-17 18:00:00,23.4,63.0,0.0,9.0,270.0,9.0,0.0
2026-02-17 19:00:00,22.7,66.0,0.0,6.1,294.0,5.572627291619865,-2.481093522762381
2026-02-17 20:00:00,22.4,69.0,0.0,2.6,321.0,1.6362330167295775,-2.0205794997881243
2026-02-17 21:00:00,22.3,65.0,0.0,6.8,342.0,2.1013155617496424,-6.467184310807044
2026-02-17 22:00:00,20.9,65.0,0.0,12.5,342.0,3.862712429686843,-11.888206453689419
2026-02-17 23:00:00,19.3,70.0,0.0,12.5,342.0,3.862712429686843,-11.888206453689419
2026-02-18 00:00:00,18.4,73.0,0.0,9.0,347.0,2.0245594890947842,-8.769330583067116
2026-02-18 01:00:00,17.9,74.0,0.0,9.2,334.0,4.033014550459512,-8.268905225952336
2026-02-18 02:00:00,17.7,74.0,0.0,10.0,342.0,3.0901699437494745,-9.510565162951535
2026-02-18 03:00:00,17.0,75.0,0.0,10.7,343.0,3.128377240533283,-10.232460888804479
2026-02-18 04:00:00,16.6,76.0,0.0,8.9,351.0,1.3922667388580552,-8.790426231296726
2026-02-18 05:00:00,16.4,77.0,0.0,7.9,340.0,2.701959132272784,-7.423571704208676
2026-02-18 06:00:00,16.4,77.0,0.0,7.1,336.0,2.8878301658381815,-6.486172749262466
2026-02-18 07:00:00,16.5,78.0,0.0,8.3,330.0,4.150000000000001,-7.188010851410841
2026-02-18 08:00:00,17.9,72.0,0.0,7.3,350.0,1.267631696968592,-7.189096596989119
2026-02-18 09:00:00,20.4,65.0,0.0,4.9,4.0,-0.34180672134621537,-4.8880638462731385
2026-02-18 10:00:00,22.8,61.0,0.0,2.9,259.0,2.8467188319982255,0.5533460865919799
2026-02-18 11:00:00,24.6,54.0,0.0,8.5,257.0,8.2821455506745,1.9120839619228525
2026-02-18 12:00:00,25.6,49.0,0.0,10.5,267.0,10.485610114923025,0.5495275405509102
2026-02-18 13:00:00,26.2,47.0,0.0,10.8,259.0,10.601573581234772,2.060737150066684
2026-02-18 14:00:00,26.0,49.0,0.0,12.8,254.0,12.304149708010483,3.5281581544575893
2026-02-18 15:00:00,24.7,53.0,0.0,12.7,262.0,12.576404473017943,1.767498382192831
2026-02-18 16:00:00,24.3,54.0,0.0,10.5,262.0,10.397814721786489,1.4613175600806871
2026-02-18 17:00:00,23.2,58.0,0.0,8.6,262.0,8.516305391177506,1.1968886682565627
2026-02-18 18:00:00,22.2,63.0,0.0,6.7,251.0,6.334974456515423,2.18130663486295
2026-02-18 19:00:00,21.8,66.0,0.0,5.3,232.0,4.176456994115626,3.263005819225989
2026-02-18 20:00:00,22.1,68.0,0.0,5.0,224.0,3.4732918522949863,3.5966990016932554
2026-02-18 21:00:00,21.5,71.0,0.0,5.5,251.0,5.200352165796243,1.7906248495143617
2026-02-18 22:00:00,20.4,71.0,0.0,6.1,293.0,5.6150796060598855,-2.3834598837845697
2026-02-18 23:00:00,19.5,64.0,0.0,9.5,341.0,3.092897467342989,-8.982426468193509
2026-02-19 00:00:00,18.3,66.0,0.0,9.1,345.0,2.3552533104329387,-8.789925019230521
2026-02-19 01:00:00,17.7,67.0,0.0,8.2,351.0,1.2827626133298935,-8.09904439288013
2026-02-19 02:00:00,17.6,66.0,0.0,6.8,348.0,1.4137994975607642,-6.651403684989877
2026-02-19 03:00:00,17.2,67.0,0.0,6.4,344.0,1.7640790772287946,-6.1520748540052415
2026-02-19 04:00:00,16.7,69.0,0.0,7.4,338.0,2.7720887912777488,-6.8611605237942275
2026-02-19 05:00:00,16.6,69.0,0.0,7.9,339.0,2.831106801407873,-7.375285369327894
2026-02-19 06:00:00,16.2,70.0,0.0,8.9,341.0,2.897556574668695,-8.41511532283392
2026-02-19 07:00:00,16.3,70.0,0.0,8.8,345.0,2.2776075969021825,-8.500147271343803
2026-02-19 08:00:00,18.1,66.0,0.0,7.7,359.0,0.13438352956708371,-7.698827252704213
2026-02-19 09:00:00,20.9,57.0,0.0,6.8,25.0,-2.873804179836754,-6.16289295184922
2026-02-19 10:00:00,23.3,52.0,0.0,3.4,72.0,-3.2335921554035223,-1.0506577808748208
2026-02-19 11:00:00,24.7,48.0,0.0,6.0,189.0,0.9386067902413855,5.926130043570827
2026-02-19 12:00:00,25.5,46.0,0.0,10.7,215.0,6.137267868956194,8.764926873892211
2026-02-19 13:00:00,25.3,48.0,0.0,13.4,233.0,10.701715834633724,8.064321310237448
2026-02-19 14:00:00,24.0,54.0,0.1,12.3,262.0,12.180297245521317,1.711829141808805
2026-02-19 15:00:00,24.2,53.0,0.0,9.7,286.0,9.324238450601692,-2.6736823514248917
2026-02-19 16:00:00,24.1,52.0,0.0,9.4,288.0,8.939931253174443,-2.9047597471245057
2026-02-19 17:00:00,22.7,59.0,0.4,9.6,303.0,8.051237452276071,-5.22853473614426
2026-02-19 18:00:00,22.1,60.0,0.1,8.2,327.0,4.466040087123222,-6.877098657152477
2026-02-19 19:00:00,22.0,60.0,0.0,5.6,2.0,-0.19543718153400425,-5.596588631306936
2026-02-19 20:00:00,20.8,70.0,0.0,5.3,72.0,-5.040599536364314,-1.6377900701872206
2026-02-19 21:00:00,19.7,76.0,0.0,2.7,82.0,-2.67372378560224,-0.3757673725921769
2026-02-19 22:00:00,19.3,78.0,0.0,2.1,31.0,-1.0815799573111144,-1.8000513314744355
2026-02-19 23:00:00,18.8,80.0,0.0,4.9,354.0,0.512189470011502,-4.873157287304539
2026-02-20 00:00:00,18.3,82.0,0.0,7.2,1.0,-0.12565732634844118,-7.198903405126018
2026-02-20 01:00:00,17.7,84.0,0.0,7.1,350.0,1.232902061435206,-6.992135046386677
2026-02-20 02:00:00,17.2,86.0,0.0,7.2,356.0,0.5022466109577017,-7.182461161870735
2026-02-20 03:00:00,17.1,86.0,0.0,6.5,352.0,0.9046251562404255,-6.436742446820207
2026-02-20 04:00:00,17.0,87.0,0.0,7.5,350.0,1.302361332501978,-7.3860581475915605
2026-02-20 05:00:00,16.9,85.0,0.0,10.1,348.0,2.0999080772593706,-9.879290767411437
2026-02-20 06:00:00,16.6,83.0,0.0,10.9,340.0,3.7280195622497905,-10.242649566566401
2026-02-20 07:00:00,17.0,79.0,0.0,11.1,337.0,4.337115526230938,-10.217603873322087
2026-02-20 08:00:00,19.6,69.0,0.0,9.8,352.0,1.3638963894086416,-9.70462707366739
2026-02-20 09:00:00,22.8,55.0,0.0,10.0,353.0,1.2186934340514748,-9.92546151641322
2026-02-20 10:00:00,25.1,45.0,0.0,10.7,344.0,2.949319707241891,-10.285500146540011
2026-02-20 11:00:00,26.5,41.0,0.0,13.2,323.0,7.943958305607038,-10.541988732624265
2026-02-20 12:00:00,27.5,37.0,0.0,16.3,311.0,12.301766157631185,-10.693762172545268
2026-02-20 13:00:00,26.4,43.0,0.0,19.6,309.0,15.232060844556631,-12.334679664576814
2026-02-20 14:00:00,26.0,44.0,0.0,19.2,310.0,14.708053307884377,-12.341522105981554
2026-02-20 15:00:00,25.4,46.0,0.0,18.7,300.0,16.194675050769003,-9.349999999999998
2026-02-20 16:00:00,25.0,48.0,0.0,17.5,302.0,14.840841682737453,-9.273587124081086
2026-02-20 17:00:00,23.9,52.0,0.0,15.2,303.0,12.747792632770444,-8.278513332228412
2026-02-20 18:00:00,22.7,56.0,0.0,12.1,314.0,8.70401158409768,-8.405366282553867
2026-02-20 19:00:00,22.0,56.0,0.0,10.4,340.0,3.557009490586956,-9.772803256173447
2026-02-20 20:00:00,21.9,55.0,0.0,8.3,360.0,5.082284216461516e-16,-8.3
2026-02-20 21:00:00,20.5,61.0,0.0,4.5,5.0,-0.3922008423644621,-4.482876141412855
2026-02-20 22:00:00,19.5,66.0,0.0,4.3,360.0,2.632990618166809e-16,-4.3
2026-02-20 23:00:00,19.3,68.0,0.0,5.6,339.0,2.006860517453682,-5.22805038838433
2026-02-21 00:00:00,18.7,71.0,0.0,5.2,356.0,0.36273366346945124,-5.187333061351086
2026-02-21 01:00:00,17.9,75.0,0.0,4.6,13.0,-1.0347748499817802,-4.482102298012081
2026-02-21 02:00:00,17.4,78.0,0.0,4.5,2.0,-0.15704773516125342,-4.497258721585931
2026-02-21 03:00:00,16.7,81.0,0.0,3.3,13.0,-0.7423384793347553,-3.215421213791276
2026-02-21 04:00:00,16.5,82.0,0.0,3.2,360.0,1.9594348786357652e-16,-3.2
2026-02-21 05:00:00,16.2,84.0,0.0,3.2,357.0,0.1674750599774207,-3.1956145112146364
2026-02-21 06:00:00,16.1,86.0,0.0,2.7,337.0,1.0549740469210391,-2.485363104321589
2026-02-21 07:00:00,17.0,83.0,0.0,4.4,341.0,1.4324998796114898,-4.160281732636994
2026-02-21 08:00:00,20.2,68.0,0.0,5.1,352.0,0.7097828148963339,-5.050367150582009
2026-02-21 09:00:00,23.4,56.0,0.0,2.8,345.0,0.7246933262870581,-2.7045923136093912
2026-02-21 10:00:00,25.5,48.0,0.0,2.5,291.0,2.3339510662430043,-0.8959198738632507
2026-02-21 11:00:00,26.5,46.0,0.0,6.2,244.0,5.572523087054836,2.71790111009228
2026-02-21 12:00:00,26.8,46.0,0.0,10.3,239.0,8.828823197231758,5.304892171573558
2026-02-21 13:00:00,26.5,50.0,0.0,12.5,243.0,11.137581552354598,5.674881246744334
2026-02-21 14:00:00,26.3,51.0,0.0,12.0,244.0,10.785528555590005,5.260453761468929
2026-02-21 15:00:00,25.8,54.0,0.0,9.9,243.0,8.820964589464843,4.494505947421513
2026-02-21 16:00:00,25.3,56.0,0.0,7.5,237.0,6.29002925959068,4.084792762612703
2026-02-21 17:00:00,24.5,59.0,0.0,6.3,231.0,4.896019557178916,3.9647184636139756
2026-02-21 18:00:00,23.2,66.0,0.0,4.4,238.0,3.7314116230882743,2.3316447626261017
2026-02-21 19:00:00,22.1,76.0,0.0,2.0,260.0,1.969615506024416,0.34729635533386066
2026-02-21 20:00:00,22.2,76.0,0.0,2.4,351.0,0.3754427160965542,-2.3704520174283306
2026-02-21 21:00:00,21.6,76.0,0.0,3.1,24.0,-1.2608835935349803,-2.831990918692063
2026-02-21 22:00:00,21.0,77.0,0.0,2.9,43.0,-1.9777952441812459,-2.1209257346955943
2026-02-21 23:00:00,20.1,80.0,0.0,3.4,43.0,-2.318794424212495,-2.4866025855051794
2026-02-22 00:00:00,19.5,82.0,0.0,3.9,43.0,-2.6597936042437444,-2.8522794363147645
2026-02-22 01:00:00,19.1,83.0,0.0,5.1,27.0,-2.315351548671689,-4.544133273360675
2026-02-22 02:00:00,18.8,84.0,0.0,5.6,40.0,-3.5996106142446207,-4.289848881466276
2026-02-22 03:00:00,18.4,86.0,0.0,6.9,15.0,-1.7858514112073924,-6.664888201394572
2026-02-22 04:00:00,18.3,86.0,0.0,6.5,358.0,0.226846728566257,-6.496040375624123
2026-02-22 05:00:00,18.3,85.0,0.0,8.2,346.0,1.9837595439172748,-7.95642495546317
2026-02-22 06:00:00,18.4,84.0,0.0,8.4,345.0,2.174079978861174,-8.113776940828174
2026-02-22 07:00:00,18.8,82.0,0.0,7.3,349.0,1.3929056662487778,-7.165878439167947
2026-02-22 08:00:00,21.7,69.0,0.0,9.9,2.0,-0.3455050173547575,-9.893969187489049
2026-02-22 09:00:00,24.8,58.0,0.0,10.9,348.0,2.266237429913578,-10.661808847998481
2026-02-22 10:00:00,27.4,51.0,0.0,11.1,337.0,4.337115526230938,-10.217603873322087
2026-02-22 11:00:00,29.1,44.0,0.0,10.1,325.0,5.793122007145566,-8.273435647318816
2026-02-22 12:00:00,30.2,40.0,0.0,10.5,307.0,8.385672855496574,-6.319057743096507
2026-02-22 13:00:00,30.0,41.0,0.0,14.8,293.0,13.623471831096118,-5.782820701641252
2026-02-22 14:00:00,29.4,44.0,0.0,19.1,292.0,17.70921162222564,-7.15498593424392
2026-02-22 15:00:00,28.1,47.0,0.0,19.7,294.0,17.996845515559237,-8.012711868593264
2026-02-22 16:00:00,27.5,47.0,0.0,17.9,298.0,15.804761912174792,-8.403540973867445
2026-02-22 17:00:00,26.6,49.0,0.0,13.8,297.0,12.295890033799477,-6.2650688964057455
2026-02-22 18:00:00,25.3,54.0,0.0,2.7,302.0,2.28972985962235,-1.4307820134296534
2026-02-22 19:00:00,24.4,58.0,0.0,1.9,151.0,-0.9211382784680403,1.661777443564852
2026-02-22 20:00:00,23.7,64.0,0.0,3.8,197.0,1.1110124779463997,3.6339580726595346
2026-02-22 21:00:00,23.0,70.0,0.0,4.6,206.0,2.016507275229756,4.134452612976168
2026-02-22 22:00:00,22.4,77.0,0.0,2.7,200.0,0.9234543869793059,2.5371700761219524
2026-02-22 23:00:00,22.3,79.0,0.0,1.3,180.0,7.960204194457797e-17,1.3
2026-02-23 00:00:00,21.9,82.0,0.0,0.7000000000000001,194.0,0.1693453269197674,0.6792070083931976
2026-02-23 01:00:00,21.2,86.0,0.0,0.4,243.0,0.3564026096753472,0.1815961998958187
2026-02-23 02:00:00,20.8,82.0,0.0,0.8,45.0,-0.5656854249492381,-0.565685424949238
2026-02-23 03:00:00,19.8,86.0,0.0,1.3,56.0,-1.0777488443215544,-0.7269507745119708
2026-02-23 04:00:00,18.7,90.0,0.0,3.0,14.0,-0.7257656867990033,-2.9108871788279895
2026-02-23 05:00:00,18.6,90.0,0.0,3.4,357.0,0.17794225122600948,-3.395340418165551
2026-02-23 06:00:00,18.4,89.0,0.0,0.9,349.0,0.17172809583889043,-0.8834644651028976
2026-02-23 07:00:00,19.0,87.0,0.0,1.3,360.0,7.960204194457797e-17,-1.3
2026-02-23 08:00:00,22.0,72.0,0.0,2.8,220.0,1.7998053071223101,2.1449244407331385
2026-02-23 09:00:00,25.1,61.0,0.0,7.5,235.0,6.143640332167439,4.301823272632845
2026-02-23 10:00:00,26.7,52.0,0.0,10.0,255.0,9.659258262890683,2.5881904510252074
2026-02-23 11:00:00,27.4,48.0,0.0,14.1,263.0,13.99490073814264,1.7183577420125793
2026-02-23 12:00:00,27.2,53.0,0.0,19.2,263.0,19.056886111513382,2.3398913933788315
2026-02-23 13:00:00,27.0,59.0,0.0,19.6,271.0,19.59701482506527,-0.34206716617075683
2026-02-23 14:00:00,26.8,59.0,0.0,18.2,270.0,18.2,0.0
2026-02-23 15:00:00,26.4,59.0,0.0,9.8,276.0,9.746314574609078,-1.0243789400230041
2026-02-23 16:00:00,26.5,58.0,0.0,6.8,268.0,6.795857623729851,0.23731657757700658
2026-02-23 17:00:00,25.9,59.0,0.0,6.7,267.0,6.690817882855645,0.3506509068277237
2026-02-23 18:00:00,24.7,63.0,0.0,7.4,252.0,7.037818220584136,2.286725758374611
2026-02-23 19:00:00,24.1,67.0,0.0,6.8,272.0,6.795857623729851,-0.23731657757700658
2026-02-23 20:00:00,24.3,70.0,0.0,5.0,270.0,5.0,0.0
2026-02-23 21:00:00,23.8,72.0,0.0,5.1,306.0,4.125986671312232,-2.997704786691613
2026-02-23 22:00:00,23.4,70.0,0.0,5.0,360.0,3.061616997868383e-16,-5.0
2026-02-23 23:00:00,22.4,75.0,0.0,2.3,321.0,1.447436899414626,-1.7874357113510329
2026-02-24 00:00:00,22.3,77.0,0.0,6.8,235.0,5.570233901165144,3.900319767187113
2026-02-24 01:00:00,22.3,80.0,0.0,7.9,253.0,7.55480757210798,2.309736467309621
2026-02-24 02:00:00,21.7,85.0,0.0,11.4,354.0,1.1916244812512495,-11.337549607198316
2026-02-24 03:00:00,20.4,87.0,0.0,9.7,3.0,-0.5076587755565597,-9.686706487119366
2026-02-24 04:00:00,20.3,88.0,0.0,8.2,15.0,-2.122316169840669,-7.92059177557036
2026-02-24 05:00:00,20.2,89.0,0.0,4.7,4.0,-0.32785542659739025,-4.688551036221174
2026-02-24 06:00:00,20.2,89.0,0.0,4.0,10.0,-0.6945927106677213,-3.939231012048832
2026-02-24 07:00:00,20.1,89.0,0.0,4.4,348.0,0.9148114395981417,-4.303849443228745
2026-02-24 08:00:00,22.0,78.0,0.0,3.4,65.0,-3.08144647592461,-1.4369020899183775
2026-02-24 09:00:00,23.3,71.0,0.0,0.7000000000000001,166.0,-0.16934532691976747,0.6792070083931976
2026-02-24 10:00:00,24.4,68.0,0.0,3.5,208.0,1.643150469750618,3.090316575006244
2026-02-24 11:00:00,27.2,56.0,0.0,6.5,208.0,3.0515651581082905,5.739159353583025
2026-02-24 12:00:00,27.5,55.0,0.0,10.1,197.0,2.952954217699641,9.658678035226657
2026-02-24 13:00:00,27.9,54.0,0.0,13.2,186.0,1.3797757151330257,13.127689018861206
2026-02-24 14:00:00,28.8,52.0,0.0,16.2,184.0,1.1300548746548287,16.16053761420915
2026-02-24 15:00:00,28.7,53.0,0.0,14.9,191.0,2.8430540311105195,14.626245033370193
2026-02-24 16:00:00,28.1,56.0,0.0,13.7,199.0,4.4602837160630475,12.953604485710638
2026-02-24 17:00:00,26.7,65.0,0.0,9.6,232.0,7.56490323462453,5.91035016312632
2026-02-24 18:00:00,25.2,76.0,0.0,6.8,297.0,6.058844364480901,-3.087135398228918
2026-02-24 19:00:00,25.0,74.0,0.1,7.1,345.0,1.8376152202278973,-6.858073366652385
2026-02-24 20:00:00,23.5,86.0,0.2,6.1,19.0,-1.9859657421886554,-5.767663311155832
2026-02-24 21:00:00,23.4,84.0,0.0,6.4,58.0,-5.427507815401127,-3.391483291092511
2026-02-24 22:00:00,23.1,81.0,0.0,6.2,68.0,-5.748539898314082,-2.3225608791786545
2026-02-24 23:00:00,23.1,80.0,0.0,4.2,20.0,-1.436484601967808,-3.9467090073008158
2026-02-25 00:00:00,22.2,84.0,0.0,3.4,3.0,-0.17794225122601065,-3.395340418165551
2026-02-25 01:00:00,21.8,88.0,0.0,3.9,16.0,-1.0749856876862955,-3.748920614159444
2026-02-25 02:00:00,22.3,87.0,0.0,5.6,2.0,-0.19543718153400425,-5.596588631306936
2026-02-25 03:00:00,22.1,84.0,0.0,8.7,353.0,1.060263287624783,-8.6351515192795
2026-02-25 04:00:00,21.6,82.0,0.0,8.8,343.0,2.5728710015600837,-8.415481852474713
2026-02-25 05:00:00,21.3,80.0,0.0,9.0,340.0,3.0781812899310195,-8.457233587073175
2026-02-25 06:00:00,21.1,80.0,0.0,8.8,349.0,1.6791191593135955,-8.638319214339443
2026-02-25 07:00:00,21.1,80.0,0.0,9.7,349.0,1.8508472551524855,-9.52178367944234
2026-02-25 08:00:00,22.7,72.0,0.0,8.0,351.0,1.2514757203218474,-7.901506724761102
2026-02-25 09:00:00,25.2,62.0,0.0,7.7,3.0,-0.40298686307067116,-7.689447417610219
2026-02-25 10:00:00,27.6,53.0,0.0,4.3,15.0,-1.1129218939408387,-4.153481053042993
2026-02-25 11:00:00,29.6,45.0,0.0,4.7,212.0,2.490620541896063,3.9858260519352022
2026-02-25 12:00:00,29.6,48.0,0.0,11.5,220.0,7.392057511395203,8.809511095868247
2026-02-25 13:00:00,29.1,53.0,0.0,13.1,237.0,10.986584440085055,7.134771358696854
2026-02-25 14:00:00,28.7,55.0,0.0,11.9,239.0,10.200290878355137,6.128953091429644
2026-02-25 15:00:00,28.0,55.0,0.0,13.4,265.0,13.34900895442939,1.1678869528186195
2026-02-25 16:00:00,27.7,55.0,0.0,10.4,284.0,10.091075553270363,-2.5159877142365445
2026-02-25 17:00:00,27.3,55.0,0.0,6.6,283.0,6.430842427582553,-1.484676958669509
2026-02-25 18:00:00,26.6,57.0,0.0,4.6,252.0,4.3748599749577055,1.421478174124758
2026-02-25 19:00:00,26.0,63.0,0.0,6.0,231.0,4.662875768741825,3.7759223462990246
2026-02-25 20:00:00,25.7,68.0,0.0,5.7,212.0,3.020539806129268,4.8338741480916285
2026-02-25 21:00:00,25.3,71.0,0.0,5.9,225.0,4.171930009000631,4.17193000900063
2026-02-25 22:00:00,24.6,74.0,0.0,4.7,230.0,3.6004088826591967,3.0211017655267347
2026-02-25 23:00:00,23.9,76.0,0.0,3.4,273.0,3.395340418165551,-0.17794225122600904
2026-02-26 00:00:00,23.4,72.0,0.0,5.9,333.0,2.6785439484633264,-5.25693849271137
2026-02-26 01:00:00,22.6,70.0,0.0,5.2,348.0,1.0811407922523493,-5.086367523815789
2026-02-26 02:00:00,22.0,72.0,0.0,5.0,347.0,1.1247552717193245,-4.871850323926176
2026-02-26 03:00:00,21.3,75.0,0.0,4.0,8.0,-0.5566924038402633,-3.961072274966281
2026-02-26 04:00:00,20.8,78.0,0.0,3.8,3.0,-0.19887663372318837,-3.7947922320673806
2026-02-26 05:00:00,20.5,81.0,0.0,2.3,360.0,1.408343819019456e-16,-2.3
2026-02-26 06:00:00,20.2,82.0,0.0,2.4,351.0,0.3754427160965542,-2.3704520174283306
2026-02-26 07:00:00,21.1,79.0,0.0,2.6,326.0,1.4539015490239418,-2.1554976886431088
2026-02-26 08:00:00,22.8,74.0,0.0,0.4,90.0,-0.4,4.898587196589413e-17
2026-02-26 09:00:00,25.6,63.0,0.0,4.7,180.0,2.8779199779962803e-16,4.7
2026-02-26 10:00:00,27.2,57.0,0.0,8.6,209.0,4.169362734118499,7.521729481398803
2026-02-26 11:00:00,27.7,57.0,0.0,10.7,239.0,9.171690117512602,5.510907401537579
2026-02-26 12:00:00,28.1,56.0,0.0,12.4,256.0,12.031667005822356,2.9998315054358797
2026-02-26 13:00:00,27.9,56.0,0.0,14.3,256.0,13.87522888574675,3.4594831070752488
2026-02-26 14:00:00,28.1,54.0,0.0,11.8,250.0,11.08837292527372,4.035837691242891
2026-02-26 15:00:00,27.7,56.0,0.0,9.7,246.0,8.861390939133228,3.945345437835262
2026-02-26 16:00:00,27.1,58.0,0.0,7.8,244.0,7.010593561133502,3.4192949449548036
2026-02-26 17:00:00,26.1,63.0,0.0,7.1,249.0,6.628421028130132,2.5444124417716316
2026-02-26 18:00:00,24.8,69.0,0.0,5.6,253.0,5.355306633392998,1.6372815464473258
2026-02-26 19:00:00,24.2,73.0,0.0,3.3,279.0,3.2593715239639547,-0.5162337346327618
2026-02-26 20:00:00,24.4,73.0,0.0,8.0,335.0,3.3809460939255955,-7.2504622962931995
2026-02-26 21:00:00,24.2,72.0,0.0,7.4,347.0,1.6646378021446004,-7.2103384794107415
2026-02-26 22:00:00,24.4,69.0,0.0,6.3,5.0,-0.5490811793102469,-6.276026597977997
2026-02-26 23:00:00,23.9,71.0,0.0,6.9,9.0,-1.0793978087775942,-6.81504955010645
2026-02-27 00:00:00,23.2,73.0,0.0,3.4,342.0,1.0506577808748212,-3.233592155403522
2026-02-27 01:00:00,22.8,75.0,0.0,5.9,315.0,4.171930009000631,-4.17193000900063
2026-02-27 02:00:00,22.5,75.0,0.0,9.1,350.0,1.5801984167690668,-8.961750552411093
2026-02-27 03:00:00,22.4,76.0,0.0,8.2,346.0,1.9837595439172748,-7.95642495546317
2026-02-27 04:00:00,21.8,79.0,0.0,10.4,346.0,2.515987714236544,-10.091075553270363
2026-02-27 05:00:00,21.3,80.0,0.0,10.7,5.0,-0.9325664473999432,-10.659283269581676
2026-02-27 06:00:00,21.0,82.0,0.0,11.3,350.0,1.9622244076363138,-11.128327609037951
2026-02-27 07:00:00,21.4,79.0,0.0,12.5,348.0,2.598896135221993,-12.22684500917257
2026-02-27 08:00:00,23.7,70.0,0.0,9.8,337.0,3.8291650591948825,-9.020947563833916
2026-02-27 09:00:00,26.6,59.0,0.0,9.1,321.0,5.726815558553521,-7.072028249258435
2026-02-27 10:00:00,28.8,52.0,0.0,14.3,335.0,6.043441142892003,-12.960201354624095
2026-02-27 11:00:00,29.9,46.0,0.0,12.7,325.0,7.284420741658286,-10.403230962470195
2026-02-27 12:00:00,30.7,42.0,0.0,12.9,303.0,10.818850326495971,-7.02584355169385
2026-02-27 13:00:00,31.0,42.0,0.0,14.2,299.0,12.41959984137942,-6.884296607497986
2026-02-27 14:00:00,31.8,35.0,0.0,14.0,305.0,11.468128620045885,-8.030070108914645
2026-02-27 15:00:00,31.2,35.0,0.0,16.2,311.0,12.226295199608906,-10.628156269646217
2026-02-27 16:00:00,30.0,34.0,0.0,17.8,330.0,8.900000000000002,-15.415252187363008
2026-02-27 17:00:00,28.5,39.0,0.0,14.9,335.0,6.297012099936421,-13.503986026846084
2026-02-27 18:00:00,26.8,45.0,0.0,12.8,354.0,1.3379643298259642,-12.729880260713898
2026-02-27 19:00:00,25.6,49.0,0.0,11.1,351.0,1.7364225619465632,-10.96334058060603
2026-02-27 20:00:00,25.8,49.0,0.0,11.6,354.0,1.21253017390478,-11.53645398627197
2026-02-27 21:00:00,25.0,49.0,0.0,11.5,360.0,7.041719095097281e-16,-11.5
2026-02-27 22:00:00,24.0,54.0,0.0,8.7,5.0,-0.7582549619046267,-8.666893873398186
2026-02-27 23:00:00,23.3,59.0,0.0,7.5,352.0,1.043798257200491,-7.427010515561777
2026-02-28 00:00:00,23.0,61.0,0.0,5.0,21.0,-1.7918397477265036,-4.667902132486008
2026-02-28 01:00:00,22.8,63.0,0.0,4.8,326.0,2.6841259366595844,-3.9793803482642
2026-02-28 02:00:00,22.8,67.0,0.0,6.7,329.0,3.450755101897363,-5.743020914704153
2026-02-28 03:00:00,22.6,68.0,0.0,4.5,337.0,1.7582900782017317,-4.142271840535981
2026-02-28 04:00:00,21.9,72.0,0.1,3.5,9.0,-0.5475206276408087,-3.456909192082982
2026-02-28 05:00:00,21.8,73.0,0.0,4.9,360.0,3.0003846579110154e-16,-4.9
2026-02-28 06:00:00,21.7,75.0,0.0,5.9,2.0,-0.2059070305447545,-5.896405879412665
2026-02-28 07:00:00,21.3,80.0,0.1,8.7,343.0,2.5436338310878095,-8.319851376878407
2026-02-28 08:00:00,22.0,81.0,0.4,5.6,345.0,1.4493866525741161,-5.4091846272187825
2026-02-28 09:00:00,22.0,82.0,0.6,4.8,34.0,-2.6841259366595835,-3.9793803482642005
2026-02-28 10:00:00,22.4,83.0,0.3,3.7,35.0,-2.122232814498872,-3.030862563869269
2026-02-28 11:00:00,24.8,69.0,0.0,2.4,193.0,0.5398825304252758,2.3384881554845647
2026-02-28 12:00:00,24.6,69.0,0.0,3.4,267.0,3.395340418165551,0.17794225122600904
2026-02-28 13:00:00,25.1,66.0,0.0,4.0,306.0,3.23606797749979,-2.3511410091698925
2026-02-28 14:00:00,24.5,67.0,0.0,3.5,298.0,3.0903165750062445,-1.6431504697506178
2026-02-28 15:00:00,24.0,75.0,2.7,6.4,292.0,5.93397666922744,-2.397482197861837
2026-02-28 16:00:00,22.6,92.0,3.4,5.7,316.0,3.9595527116162845,-4.100236861930311
2026-02-28 17:00:00,22.1,92.0,1.4,5.4,6.0,-0.5644537016453282,-5.370418234988676
2026-02-28 18:00:00,21.5,96.0,0.9,4.3,15.0,-1.1129218939408387,-4.153481053042993
2026-02-28 19:00:00,21.2,96.0,1.9,9.4,336.0,3.8233244449125223,-8.587327301840448
2026-02-28 20:00:00,20.8,94.0,4.6,10.2,336.0,4.148713759373162,-9.318163667954527
2026-02-28 21:00:00,20.6,93.0,4.9,7.7,332.0,3.61493103345136,-6.798696465013737
2026-02-28 22:00:00,20.5,95.0,1.1,8.2,327.0,4.466040087123222,-6.877098657152477
2026-02-28 23:00:00,20.6,95.0,0.4,6.6,343.0,1.9296532511700626,-6.311611389356034
2026-03-01 00:00:00,20.0,94.0,0.5,7.1,49.0,-5.358438019581682,-4.6580191058326
2026-03-01 01:00:00,19.7,92.0,0.1,5.4,21.0,-1.935186927544624,-5.041334303084889
2026-03-01 02:00:00,19.4,93.0,0.0,5.0,19.0,-1.6278407722857833,-4.727592877996584
2026-03-01 03:00:00,19.3,93.0,0.0,5.1,18.0,-1.5759866713122324,-4.850388233105282
2026-03-01 04:00:00,19.2,93.0,0.0,5.3,8.0,-0.7376174350883489,-5.248420764330322
2026-03-01 05:00:00,18.8,94.0,0.0,5.8,30.0,-2.9000000000000026,-5.022947341949743
2026-03-01 06:00:00,18.4,96.0,0.0,5.0,358.0,0.1744974835125054,-4.9969541350954785
2026-03-01 07:00:00,19.0,94.0,0.0,5.3,33.0,-2.886586885579643,-4.444954010110747
2026-03-01 08:00:00,21.0,89.0,0.0,4.5,230.0,3.447199994035401,2.892544243589427
2026-03-01 09:00:00,23.7,80.0,0.0,7.2,219.0,4.5311068155588305,5.5954509224901905
2026-03-01 10:00:00,25.9,70.0,0.0,10.5,204.0,4.270734752295902,9.59222730524731
2026-03-01 11:00:00,28.0,61.0,0.0,9.3,209.0,4.508729468290936,8.133963276396381
2026-03-01 12:00:00,29.3,56.0,0.0,10.7,192.0,2.224655091750026,10.46617932785172
2026-03-01 13:00:00,29.5,56.0,0.0,17.5,177.0,-0.9158792342515172,17.476016858205043
2026-03-01 14:00:00,28.7,59.0,0.0,26.8,177.0,-1.402603627310895,26.76327153142258
2026-03-01 15:00:00,28.3,59.0,0.0,29.0,177.0,-1.5177427310453715,28.96025650788264
2026-03-01 16:00:00,27.6,62.0,0.0,27.3,172.0,-3.799425656209784,27.03431827664487
2026-03-01 17:00:00,26.7,67.0,0.0,23.1,169.0,-4.4076877931981855,22.67558793764104
2026-03-01 18:00:00,25.5,74.0,0.0,21.7,175.0,-1.8912796176241837,21.617424948590877
2026-03-01 19:00:00,25.0,77.0,0.0,18.9,173.0,-2.303330590357285,18.759122266020984
2026-03-01 20:00:00,24.9,77.0,0.0,11.3,178.0,-0.39436431273826084,11.293116345315783
2026-03-01 21:00:00,24.8,78.0,0.0,12.2,171.0,-1.9085004734908158,12.04979775526068
2026-03-01 22:00:00,24.6,80.0,0.0,11.4,162.0,-3.5227937358743997,10.842044285764752
2026-03-01 23:00:00,23.9,84.0,0.0,4.8,138.0,-3.2118269105225195,3.5670951622914924
2026-03-02 00:00:00,23.2,86.0,0.0,4.0,82.0,-3.961072274966281,-0.5566924038402621
2026-03-02 01:00:00,23.2,84.0,0.0,5.6,61.0,-4.897870359980616,-2.7149338733794868
2026-03-02 02:00:00,23.3,85.0,0.0,1.8,11.0,-0.3434561916777803,-1.7669289302057951
2026-03-02 03:00:00,22.2,92.0,0.1,9.9,9.0,-1.5487012038982872,-9.778114571891864
2026-03-02 04:00:00,21.9,93.0,0.1,7.0,18.0,-2.163118960624633,-6.657395614066075
2026-03-02 05:00:00,22.2,90.0,0.0,5.6,15.0,-1.4493866525741155,-5.4091846272187825
2026-03-02 06:00:00,21.7,91.0,0.0,4.9,2.0,-0.17100753384225373,-4.897015052393569
2026-03-02 07:00:00,22.0,91.0,0.0,6.4,317.0,4.36478950439999,-4.6806636903626915
2026-03-02 08:00:00,24.5,84.0,0.0,5.6,333.0,2.542346798541462,-4.989636535454859
2026-03-02 09:00:00,26.9,74.0,0.0,6.4,317.0,4.36478950439999,-4.6806636903626915
2026-03-02 10:00:00,28.5,66.0,0.1,8.9,308.0,7.013295707099825,-5.479387130398359
2026-03-02 11:00:00,29.7,60.0,0.0,11.3,309.0,8.781749364463773,-7.111320418863163
2026-03-02 12:00:00,30.3,59.0,0.0,13.3,298.0,11.74320298502373,-6.243971785052348
2026-03-02 13:00:00,30.0,60.0,0.0,18.1,294.0,16.535172783331078,-7.361933239671984
2026-03-02 14:00:00,29.2,63.0,0.0,19.7,297.0,17.552828526510847,-8.94361284486907
2026-03-02 15:00:00,29.2,62.0,0.0,16.9,300.0,14.635829323957013,-8.449999999999998
2026-03-02 16:00:00,28.3,65.0,0.0,17.1,299.0,14.95599699208367,-8.290244506212364
2026-03-02 17:00:00,26.6,74.0,0.0,17.9,299.0,15.655692757795183,-8.678092202409433
2026-03-02 18:00:00,25.2,80.0,0.0,14.4,308.0,11.347354851936796,-8.86552524468948
2026-03-02 19:00:00,24.6,84.0,0.0,9.5,324.0,5.583959896778495,-7.685661446562001
2026-03-02 20:00:00,24.5,84.0,0.0,9.3,328.0,4.928249157368806,-7.886847294254762
2026-03-02 21:00:00,24.2,85.0,0.0,6.8,328.0,3.603450996785793,-5.766727053863696
2026-03-02 22:00:00,23.9,86.0,0.0,7.4,315.0,5.232590180780452,-5.232590180780451
2026-03-02 23:00:00,23.6,85.0,0.0,6.2,322.0,3.8171011470190814,-4.885666672361677
2026-03-03 00:00:00,23.3,86.0,0.0,6.4,328.0,3.3914832910925115,-5.4275078154011265
2026-03-03 01:00:00,22.8,89.0,0.0,7.2,347.0,1.6196475912758275,-7.015464466453694
2026-03-03 02:00:00,22.3,91.0,0.0,3.6,20.0,-1.2312725159724067,-3.3828934348292705
2026-03-03 03:00:00,21.8,94.0,0.0,1.8,315.0,1.2727922061357857,-1.2727922061357855
2026-03-03 04:00:00,21.9,94.0,0.0,1.0,315.0,0.7071067811865476,-0.7071067811865475
2026-03-03 05:00:00,21.8,94.0,0.0,0.30000000000000004,225.0,0.2121320343559643,0.21213203435596428
2026-03-03 06:00:00,21.7,96.0,0.0,2.2,256.0,2.1346505978071924,0.5322281703192691
2026-03-03 07:00:00,22.6,92.0,0.0,0.7000000000000001,284.0,0.6792070083931976,-0.16934532691976742
2026-03-03 08:00:00,22.5,94.0,0.6,5.0,13.0,-1.1247552717193263,-4.871850323926176
2026-03-03 09:00:00,22.3,96.0,3.4,4.7,16.0,-1.2954955723398949,-4.5179299709100995
2026-03-03 10:00:00,22.6,96.0,2.7,4.5,317.0,3.068992620281243,-3.291091657286267
2026-03-03 11:00:00,23.2,92.0,3.7,9.4,252.0,8.939931253174443,2.9047597471245057
2026-03-03 12:00:00,25.4,75.0,0.6,11.2,208.0,5.258081503201978,9.88901304001998
2026-03-03 13:00:00,25.7,71.0,0.4,12.4,227.0,9.068785900077714,8.45677966477498
2026-03-03 14:00:00,25.4,72.0,0.2,11.8,250.0,11.08837292527372,4.035837691242891
2026-03-03 15:00:00,24.9,74.0,0.1,7.9,283.0,7.697523511803359,-1.7771133293165335
2026-03-03 16:00:00,24.7,74.0,0.1,7.2,282.0,7.042662725283401,-1.4969641738878674
2026-03-03 17:00:00,24.0,75.0,0.1,6.5,294.0,5.938045474676906,-2.6437881799927014
2026-03-03 18:00:00,23.4,79.0,0.1,4.8,295.0,4.350277377775919,-2.0285676563553574
2026-03-03 19:00:00,22.8,83.0,0.6,0.9,281.0,0.8834644651028976,-0.17172809583889032
2026-03-03 20:00:00,22.3,93.0,0.7000000000000001,7.2,145.0,-4.129750341727532,5.897894718880741
2026-03-03 21:00:00,22.1,93.0,0.9,8.8,176.0,-0.613856968948303,8.778563642286453
2026-03-03 22:00:00,22.1,91.0,0.3,10.5,204.0,4.270734752295902,9.59222730524731
2026-03-03 23:00:00,21.9,90.0,0.2,11.4,239.0,9.77170722800408,5.8714340539746175
2026-03-04 00:00:00,21.1,93.0,0.3,11.8,277.0,11.7120445893676,-1.4380582521807403
2026-03-04 01:00:00,20.4,93.0,0.2,6.5,326.0,3.634753872559854,-5.388744221607771
2026-03-04 02:00:00,20.3,89.0,0.0,4.4,330.0,2.2000000000000006,-3.81051177665153
2026-03-04 03:00:00,20.2,91.0,0.1,3.9,294.0,3.562827284806143,-1.5862729079956208
2026-03-04 04:00:00,20.1,92.0,0.5,3.5,339.0,1.2542878234085513,-3.267531492740206
2026-03-04 05:00:00,20.2,92.0,0.2,1.4,270.0,1.4,0.0
2026-03-04 06:00:00,20.1,93.0,0.4,4.4,277.0,4.367203067221817,-0.5362251109826489
2026-03-04 07:00:00,20.2,95.0,0.6,5.4,304.0,4.476802891797225,-3.0196416787420333
2026-03-04 08:00:00,21.1,89.0,1.1,6.7,275.0,6.674504477214695,-0.5839434764093098
2026-03-04 09:00:00,22.3,79.0,0.0,6.9,284.0,6.695040511304376,-1.6692610796377074
2026-03-04 10:00:00,22.8,76.0,0.0,4.0,330.0,2.0000000000000004,-3.4641016151377544
2026-03-04 11:00:00,24.1,68.0,0.0,3.7,284.0,3.590094187221187,-0.8951110137187707
2026-03-04 12:00:00,24.3,66.0,0.0,3.3,234.0,2.6697560814373262,1.9396913325651612
2026-03-04 13:00:00,23.5,70.0,0.2,4.2,234.0,3.3978713763747797,2.4686980596283874
2026-03-04 14:00:00,22.7,79.0,0.2,3.4,295.0,3.0814464759246096,-1.436902089918378
2026-03-04 15:00:00,22.8,80.0,0.2,4.9,332.0,2.3004106576508656,-4.326443205008742
2026-03-04 16:00:00,22.7,81.0,0.0,4.0,357.0,0.20934382497177587,-3.9945181390182953
2026-03-04 17:00:00,22.6,80.0,0.1,4.2,10.0,-0.7293223462011075,-4.136192562651273
2026-03-04 18:00:00,21.7,88.0,0.3,5.5,73.0,-5.259676157796695,-1.6080443759750522
2026-03-04 19:00:00,21.1,92.0,0.1,5.2,360.0,3.1840816777831187e-16,-5.2
2026-03-04 20:00:00,20.8,99.0,0.1,3.1,339.0,1.1109406435904312,-2.8940993221413254
2026-03-04 21:00:00,20.7,98.0,0.1,6.0,80.0,-5.908846518073248,-1.0418890660015827
2026-03-04 22:00:00,20.5,98.0,0.1,2.4,73.0,-2.295131414311285,-0.7016920913345682
2026-03-04 23:00:00,20.5,97.0,0.1,1.8,315.0,1.2727922061357857,-1.2727922061357855
2026-03-05 00:00:00,20.3,99.0,0.3,5.1,8.0,-0.7097828148963357,-5.050367150582008
2026-03-05 01:00:00,19.7,98.0,0.6,8.5,348.0,1.7672493719509554,-8.314254606237347
2026-03-05 02:00:00,19.5,97.0,0.7000000000000001,6.6,41.0,-4.329989591337347,-4.981083229470295
2026-03-05 03:00:00,19.3,97.0,0.2,4.6,54.0,-3.7214781741247585,-2.7038121605453758
2026-03-05 04:00:00,19.3,97.0,0.3,3.7,35.0,-2.122232814498872,-3.030862563869269
2026-03-05 05:00:00,19.2,98.0,0.5,6.5,14.0,-1.5724923213978406,-6.306922220793977
2026-03-05 06:00:00,19.1,98.0,0.8,5.4,50.0,-4.136639992842482,-3.4710530923073124
2026-03-05 07:00:00,19.1,97.0,0.3,6.2,30.0,-3.1000000000000028,-5.369357503463518
2026-03-05 08:00:00,19.4,95.0,0.1,5.3,33.0,-2.886586885579643,-4.444954010110747
2026-03-05 09:00:00,19.9,92.0,2.0,7.0,10.0,-1.2155372436685123,-6.893654271085456
2026-03-05 10:00:00,20.2,94.0,1.7000000000000002,4.5,326.0,2.5163680656183605,-3.730669076497688
2026-03-05 11:00:00,21.0,86.0,5.3,3.4,245.0,3.0814464759246096,1.436902089918378
2026-03-05 12:00:00,21.9,85.0,1.3,3.1,350.0,0.5383093507674843,-3.052904034337845
2026-03-05 13:00:00,23.6,74.0,0.1,4.1,247.0,3.774069899155005,1.6019976268060223
2026-03-05 14:00:00,24.6,75.0,0.0,4.2,168.0,-0.8732291014345893,4.108219923081984
2026-03-05 15:00:00,24.8,73.0,0.0,6.9,195.0,1.785851411207393,6.664888201394572
2026-03-05 16:00:00,23.6,77.0,0.0,5.8,187.0,0.7068421917498554,5.756767679519667
2026-03-05 17:00:00,22.8,82.0,0.2,2.3,157.0,-0.8986815955253296,2.1171611629406124
2026-03-05 18:00:00,21.7,90.0,0.4,2.7,148.0,-1.430782013429653,2.2897298596223505
2026-03-05 19:00:00,21.4,93.0,0.0,1.3,135.0,-0.9192388155425117,0.9192388155425119
2026-03-05 20:00:00,21.1,94.0,0.0,12.5,344.0,3.4454669477124895,-12.015771199228986
2026-03-05 21:00:00,20.4,93.0,0.0,13.1,1.0,-0.22862652432841382,-13.098004806548726
2026-03-05 22:00:00,20.1,94.0,0.0,9.5,351.0,1.4861274178821937,-9.38303923565381
2026-03-05 23:00:00,19.6,94.0,0.0,9.2,344.0,2.535863673516392,-8.843607602632533
2026-03-06 00:00:00,19.2,95.0,0.0,9.9,348.0,2.0583257390958187,-9.683661247264675
2026-03-06 01:00:00,18.9,96.0,0.0,12.5,345.0,3.2352380637815092,-12.074072828613353
2026-03-06 02:00:00,19.0,95.0,0.0,15.9,354.0,1.66200256595569,-15.812898136355546
2026-03-06 03:00:00,19.3,92.0,0.0,15.3,348.0,3.1810488695117196,-14.965658291227227
2026-03-06 04:00:00,19.2,92.0,0.0,14.4,352.0,2.0040926538249426,-14.259860189878614
2026-03-06 05:00:00,19.3,90.0,0.0,14.6,351.0,2.2839431895873714,-14.420249772689012
2026-03-06 06:00:00,19.1,91.0,0.0,14.9,1.0,-0.2600408559155241,-14.89773065783023
2026-03-06 07:00:00,18.9,91.0,0.0,12.4,1.0,-0.21640983982231538,-12.398111419939251
2026-03-06 08:00:00,20.5,87.0,0.0,10.3,354.0,1.0766431716568308,-10.243575522293215
2026-03-06 09:00:00,22.6,79.0,0.0,8.1,348.0,1.6840846956238515,-7.9229955659438245
2026-03-06 10:00:00,24.2,72.0,0.0,6.8,357.0,0.35588450245201897,-6.790680836331102
2026-03-06 11:00:00,25.7,64.0,0.0,2.1,301.0,1.800051331474436,-1.0815799573111138
2026-03-06 12:00:00,26.9,57.0,0.0,7.6,251.0,7.185941174554808,2.474317973874391
2026-03-06 13:00:00,27.1,59.0,0.0,11.3,269.0,11.298278955267222,0.1972121927413037
2026-03-06 14:00:00,26.6,60.0,0.0,11.7,267.0,11.683965556628513,0.6123306880424428
2026-03-06 15:00:00,26.5,59.0,0.0,11.3,271.0,11.298278955267222,-0.1972121927413037
2026-03-06 16:00:00,26.1,59.0,0.0,9.4,282.0,9.194587446897774,-1.9543698936869378
2026-03-06 17:00:00,25.4,61.0,0.0,7.8,302.0,6.614775150020122,-4.133370261018998
2026-03-06 18:00:00,23.8,70.0,0.0,5.3,336.0,2.155704208301741,-4.8417909255057845
2026-03-06 19:00:00,23.0,73.0,0.0,5.5,349.0,1.049449474570997,-5.3989495089621515
2026-03-06 20:00:00,21.0,82.0,0.0,10.3,360.0,6.30693101560887e-16,-10.3
2026-03-06 21:00:00,20.2,77.0,0.0,9.3,335.0,3.930349834188505,-8.428662419440846
2026-03-06 22:00:00,19.2,76.0,0.0,10.0,343.0,2.9237170472273677,-9.563047559630354
2026-03-06 23:00:00,18.5,78.0,0.0,8.8,355.0,0.7669705361793917,-8.766513343207361
2026-03-07 00:00:00,17.8,80.0,0.0,9.0,338.0,3.3714593407432076,-8.344654691101088
2026-03-07 01:00:00,17.4,81.0,0.0,9.9,339.0,3.547842700498474,-9.242446222322297
2026-03-07 02:00:00,16.5,83.0,0.0,8.5,2.0,-0.2966457219712565,-8.494822029662314
2026-03-07 03:00:00,16.7,85.0,0.0,4.8,349.0,0.9158831778074156,-4.711810480548787
2026-03-07 04:00:00,16.8,86.0,0.0,5.3,332.0,2.4881992827652213,-4.679622242152313
2026-03-07 05:00:00,16.5,88.0,0.0,4.8,347.0,1.0797650608505516,-4.676976310969129
2026-03-07 06:00:00,16.2,89.0,0.0,6.4,335.0,2.7047568751404767,-5.80036983703456
2026-03-07 07:00:00,16.2,87.0,0.0,10.2,353.0,1.2430673027325043,-10.123970746741483
2026-03-07 08:00:00,17.8,81.0,0.0,6.7,8.0,-0.932459776432441,-6.634796060568521
2026-03-07 09:00:00,20.9,75.0,0.0,5.2,16.0,-1.4333142502483942,-4.998560818879259
2026-03-07 10:00:00,23.5,65.0,0.0,1.0,31.0,-0.5150380749100545,-0.8571673007021121
2026-03-07 11:00:00,25.0,57.0,0.0,7.0,230.0,5.362311101832846,4.499513267805774
2026-03-07 12:00:00,25.6,56.0,0.0,9.1,253.0,8.702373279263622,2.6605825129769043
2026-03-07 13:00:00,25.9,57.0,0.0,10.3,271.0,10.298431260110831,-0.17975978630402017
2026-03-07 14:00:00,25.4,57.0,0.0,10.3,248.0,9.549993702037911,3.858447912183894
2026-03-07 15:00:00,25.6,55.0,0.0,9.2,242.0,8.123117854302128,4.319138377630195
2026-03-07 16:00:00,25.0,56.0,0.0,9.3,221.0,6.101348969611718,7.01879909607178
2026-03-07 17:00:00,24.1,62.0,0.0,11.9,219.0,7.488912653493067,9.248036941337954
2026-03-07 18:00:00,23.0,68.0,0.0,8.8,255.0,8.500147271343803,2.2776075969021825
2026-03-07 19:00:00,22.1,74.0,0.0,5.7,294.0,5.207209108562825,-2.3183988655320613
2026-03-07 20:00:00,21.8,71.0,0.0,7.8,316.0,5.418335289580178,-5.610850442641478
2026-03-07 21:00:00,20.7,68.0,0.0,8.9,322.0,5.479387130398359,-7.013295707099826
2026-03-07 22:00:00,19.5,71.0,0.0,9.8,325.0,5.6210490762402525,-8.027690034032121
2026-03-07 23:00:00,18.4,73.0,0.0,11.9,338.0,4.457818461649352,-11.033487869344771
2026-03-08 00:00:00,17.5,74.0,0.0,9.9,344.0,2.7288098225882917,-9.516490789789357
2026-03-08 01:00:00,16.8,75.0,0.0,8.5,343.0,2.4851594901432623,-8.1285904256858
2026-03-08 02:00:00,16.4,76.0,0.0,8.0,350.0,1.3891854213354433,-7.878462024097664
2026-03-08 03:00:00,16.0,78.0,0.0,5.2,344.0,1.4333142502483958,-4.998560818879258
2026-03-08 04:00:00,15.7,81.0,0.0,4.9,336.0,1.9930095510714212,-4.476372742448745
2026-03-08 05:00:00,15.5,82.0,0.0,5.9,340.0,2.017918845621446,-5.544186462636859
2026-03-08 06:00:00,15.2,83.0,0.0,5.7,351.0,0.8916764507293163,-5.629823541392286
2026-03-08 07:00:00,15.5,82.0,0.0,7.1,350.0,1.232902061435206,-6.992135046386677
2026-03-08 08:00:00,17.7,78.0,0.0,8.8,356.0,0.6138569689483021,-8.778563642286453
2026-03-08 09:00:00,21.0,66.0,0.0,7.4,346.0,1.7902220274375409,-7.180188374442374
2026-03-08 10:00:00,23.4,57.0,0.0,6.8,320.0,4.370955745868468,-5.20910221320905
2026-03-08 11:00:00,25.2,52.0,0.0,7.5,291.0,7.001853198729013,-2.687759621589752
2026-03-08 12:00:00,26.0,51.0,0.0,8.0,279.0,7.901506724761102,-1.251475720321847
2026-03-08 13:00:00,26.6,51.0,0.0,6.3,270.0,6.3,0.0
2026-03-08 14:00:00,27.3,47.0,0.0,6.9,240.0,5.975575286112627,3.4499999999999997
2026-03-08 15:00:00,26.2,55.0,0.0,13.7,254.0,13.169285234354968,3.776231774692888
2026-03-08 16:00:00,25.1,61.0,0.0,15.7,253.0,15.013984668619656,4.590235764146967
2026-03-08 17:00:00,24.0,67.0,0.0,13.6,264.0,13.525497777008516,1.421587100440087
2026-03-08 18:00:00,23.0,73.0,0.0,10.8,274.0,10.773691742806102,-0.7533699164365533
2026-03-08 19:00:00,22.2,77.0,0.0,8.2,279.0,8.09904439288013,-1.282762613329893
2026-03-08 20:00:00,21.7,80.0,0.0,7.8,285.0,7.534221445054732,-2.0187885517996618
2026-03-08 21:00:00,21.3,80.0,0.0,6.7,290.0,6.295940559265587,-2.2915349602819806
2026-03-08 22:00:00,20.5,81.0,0.0,7.8,307.0,6.229356978368884,-4.694157180585976
2026-03-08 23:00:00,19.7,83.0,0.0,10.3,327.0,5.609782060654779,-8.638306849837868
2026-03-09 00:00:00,18.9,84.0,0.0,10.4,346.0,2.515987714236544,-10.091075553270363
2026-03-09 01:00:00,18.2,86.0,0.0,10.1,344.0,2.7839372937516913,-9.708743128977021
2026-03-09 02:00:00,17.8,86.0,0.0,6.0,339.0,2.150207697271802,-5.601482558983211
2026-03-09 03:00:00,17.5,86.0,0.0,5.8,326.0,3.2433188401303314,-4.808417920819242
2026-03-09 04:00:00,17.4,87.0,0.0,6.2,330.0,3.100000000000001,-5.36935750346352
2026-03-09 05:00:00,17.4,87.0,0.0,7.3,340.0,2.4967470462773824,-6.8597561317371305
2026-03-09 06:00:00,17.1,87.0,0.0,8.3,354.0,0.8675862451215237,-8.25453173155667
2026-03-09 07:00:00,17.1,86.0,0.0,7.2,356.0,0.5022466109577017,-7.182461161870735
2026-03-09 08:00:00,18.7,82.0,0.0,5.7,351.0,0.8916764507293163,-5.629823541392286
2026-03-09 09:00:00,21.8,72.0,0.0,4.3,360.0,2.632990618166809e-16,-4.3
2026-03-09 10:00:00,24.1,63.0,0.0,0.8,135.0,-0.565685424949238,0.5656854249492381
2026-03-09 11:00:00,25.6,56.0,0.0,5.7,217.0,3.430345631966676,4.55222240726957
2026-03-09 12:00:00,26.3,54.0,0.0,12.0,253.0,11.475657071556425,3.5084604566728412
2026-03-09 13:00:00,26.1,54.0,0.0,12.3,266.0,12.270037818195838,0.8580046270527413
2026-03-09 14:00:00,25.9,54.0,0.0,10.8,273.0,10.785198975349399,-0.5652283274237935
2026-03-09 15:00:00,25.8,53.0,0.0,10.7,284.0,10.382164271153162,-2.5885642829164444
2026-03-09 16:00:00,25.1,56.0,0.0,10.3,306.0,8.332875042061959,-6.054188098612474
2026-03-09 17:00:00,24.3,58.0,0.0,10.3,329.0,5.304892171573558,-8.828823197231758
2026-03-09 18:00:00,23.1,62.0,0.0,10.4,334.0,4.559059926606405,-9.347458081511338
2026-03-09 19:00:00,21.8,64.0,0.0,12.2,352.0,1.6979118317127986,-12.081270438647158
2026-03-09 20:00:00,20.5,65.0,0.0,13.2,357.0,0.6908346224068603,-13.181909858760374
2026-03-09 21:00:00,19.4,67.0,0.0,9.9,344.0,2.7288098225882917,-9.516490789789357
2026-03-09 22:00:00,18.7,68.0,0.0,10.3,335.0,4.352968095929205,-9.334970206477495
2026-03-09 23:00:00,17.4,70.0,0.0,10.7,351.0,1.6738487759304708,-10.568265244367973
2026-03-10 00:00:00,16.7,71.0,0.0,7.5,11.0,-1.4310674653240847,-7.36220387585748
2026-03-10 01:00:00,16.7,72.0,0.0,4.1,358.0,0.14308793648025442,-4.097502390778292
2026-03-10 02:00:00,16.8,74.0,0.0,8.5,322.0,5.233122540268096,-6.698091405657137
2026-03-10 03:00:00,16.6,75.0,0.0,7.8,338.0,2.9219314286441134,-7.232034065620942
2026-03-10 04:00:00,16.3,73.0,0.0,6.4,338.0,2.397482197861837,-5.93397666922744
2026-03-10 05:00:00,16.0,75.0,0.0,5.1,356.0,0.35575801609503865,-5.087576656325103
2026-03-10 06:00:00,15.5,77.0,0.0,2.6,335.0,1.0988074805258186,-2.3564002462952898
2026-03-10 07:00:00,16.2,75.0,0.0,7.0,339.0,2.5085756468171025,-6.535062985480412
2026-03-10 08:00:00,17.9,69.0,0.0,5.6,335.0,2.366662265747917,-5.075323607405239
2026-03-10 09:00:00,20.0,60.0,0.0,8.7,320.0,5.592252204272892,-6.664586655135108
2026-03-10 10:00:00,21.9,53.0,0.0,4.6,312.0,3.4184661971960133,-3.0780007892507477
2026-03-10 11:00:00,22.1,53.0,0.0,8.3,292.0,7.695625992904336,-3.10923472535207
2026-03-10 12:00:00,22.6,53.0,0.0,10.1,297.0,8.999165894302516,-4.585304047369422
2026-03-10 13:00:00,23.5,51.0,0.0,10.3,295.0,9.334970206477495,-4.352968095929205
2026-03-10 14:00:00,23.0,52.0,0.0,9.9,333.0,4.494505947421514,-8.820964589464841
2026-03-10 15:00:00,21.8,54.0,0.0,14.5,337.0,5.665601363094469,-13.347320375060386
2026-03-10 16:00:00,21.1,55.0,0.0,13.9,350.0,2.413709669570333,-13.688827766869691
2026-03-10 17:00:00,21.1,55.0,0.0,11.1,348.0,2.3078197680771297,-10.857438368145242
2026-03-10 18:00:00,20.2,58.0,0.0,8.9,353.0,1.0846371563058128,-8.833660749607766
2026-03-10 19:00:00,19.6,61.0,0.0,8.3,2.0,-0.28966582263075635,-8.294943864258496
2026-03-10 20:00:00,19.4,64.0,0.0,8.7,356.0,0.6068813215738895,-8.67880723726047
2026-03-10 21:00:00,19.0,65.0,0.0,9.4,352.0,1.3082271490246153,-9.308519846170762
2026-03-10 22:00:00,18.4,68.0,0.0,8.4,9.0,-1.3140495063379407,-8.296582060999157
2026-03-10 23:00:00,17.9,69.0,0.0,9.2,358.0,0.3210753696630099,-9.19439560857568
2026-03-11 00:00:00,17.5,70.0,0.0,7.9,356.0,0.5510761425785894,-7.880755997052612
2026-03-11 01:00:00,16.9,72.0,0.1,7.6,342.0,2.3485291572496005,-7.228029523843166
2026-03-11 02:00:00,16.9,70.0,0.4,9.9,358.0,0.3455050173547607,-9.893969187489049
2026-03-11 03:00:00,16.3,71.0,0.0,10.1,357.0,0.5285931580537341,-10.086158301021195
2026-03-11 04:00:00,15.4,75.0,0.0,9.8,352.0,1.3638963894086416,-9.70462707366739
2026-03-11 05:00:00,15.3,76.0,0.0,8.7,339.0,3.117801161044113,-8.122149710525655
2026-03-11 06:00:00,14.9,77.0,0.0,6.8,343.0,1.98812759211461,-6.502872340548641
2026-03-11 07:00:00,15.0,76.0,0.0,6.9,355.0,0.6013746249588412,-6.873743416833045
2026-03-11 08:00:00,16.5,71.0,0.0,7.2,3.0,-0.376818884949199,-7.190132650232932
2026-03-11 09:00:00,20.0,62.0,0.0,5.1,352.0,0.7097828148963339,-5.050367150582009
2026-03-11 10:00:00,23.0,54.0,0.0,3.6,330.0,1.8000000000000005,-3.117691453623979
2026-03-11 11:00:00,25.0,48.0,0.0,4.7,266.0,4.688551036221174,0.3278554265973889
2026-03-11 12:00:00,25.6,47.0,0.0,9.5,260.0,9.355673653615977,1.6496576878358382
2026-03-11 13:00:00,25.7,47.0,0.0,11.3,260.0,11.128327609037951,1.962224407636313
2026-03-11 14:00:00,25.6,47.0,0.0,10.9,257.0,10.620633706159065,2.4519664923481286
2026-03-11 15:00:00,25.0,49.0,0.0,11.6,254.0,11.1506356728845,3.19739332747719
2026-03-11 16:00:00,24.5,51.0,0.0,9.6,254.0,9.228112281007862,2.646118615843192
2026-03-11 17:00:00,23.6,54.0,0.0,7.1,236.0,5.886166765140795,3.970269614642303
2026-03-11 18:00:00,22.3,61.0,0.0,5.9,247.0,5.4309786353693985,2.3053136580867153
2026-03-11 19:00:00,21.0,71.0,0.0,3.4,273.0,3.395340418165551,-0.17794225122600904
2026-03-11 20:00:00,21.0,73.0,0.0,2.8,342.0,0.8652475842498528,-2.6629582456264296
2026-03-11 21:00:00,20.9,71.0,0.0,3.9,24.0,-1.5862729079956204,-3.5628272848061435
2026-03-11 22:00:00,20.3,72.0,0.0,5.1,23.0,-1.9927287552952964,-4.694574752607445
2026-03-11 23:00:00,19.5,72.0,0.0,5.1,8.0,-0.7097828148963357,-5.050367150582008
2026-03-12 00:00:00,18.6,74.0,0.0,4.8,11.0,-0.9158831778074141,-4.711810480548787
2026-03-12 01:00:00,17.6,76.0,0.0,4.7,4.0,-0.32785542659739025,-4.688551036221174
2026-03-12 02:00:00,17.5,76.0,0.0,5.2,358.0,0.18147738285300563,-5.196832300499298
2026-03-12 03:00:00,17.2,77.0,0.0,6.2,348.0,1.2890524830701087,-6.064515124549595
2026-03-12 04:00:00,16.7,79.0,0.0,7.3,344.0,2.012152697464094,-7.017210380349728
2026-03-12 05:00:00,16.3,81.0,0.0,7.5,339.0,2.687759621589753,-7.001853198729013
2026-03-12 06:00:00,16.0,83.0,0.0,7.1,339.0,2.5444124417716325,-6.628421028130132
2026-03-12 07:00:00,16.3,81.0,0.0,8.1,343.0,2.3682108082541675,-7.746068523300587
2026-03-12 08:00:00,18.6,71.0,0.0,7.9,344.0,2.1775351109542935,-7.59396739791272
2026-03-12 09:00:00,22.3,54.0,0.0,6.2,348.0,1.2890524830701087,-6.064515124549595
2026-03-12 10:00:00,25.3,44.0,0.0,4.5,323.0,2.7081676041842178,-3.5938597952128175
2026-03-12 11:00:00,27.2,38.0,0.0,5.7,298.0,5.032801279295884,-2.675987907879578
2026-03-12 12:00:00,28.4,33.0,0.0,5.6,291.0,5.22805038838433,-2.0068605174536813
2026-03-12 13:00:00,29.0,31.0,0.0,5.6,276.0,5.56932261406233,-0.5853593942988594
2026-03-12 14:00:00,29.1,30.0,0.0,10.3,271.0,10.298431260110831,-0.17975978630402017
2026-03-12 15:00:00,28.7,31.0,0.0,9.5,268.0,9.49421285668141,0.3315452186737592
2026-03-12 16:00:00,27.9,31.0,0.0,4.9,253.0,4.685893304218874,1.4326213531414103
2026-03-12 17:00:00,26.5,31.0,0.0,0.6000000000000001,252.0,0.5706339097770922,0.18541019662496847
2026-03-12 18:00:00,24.1,38.0,0.0,3.0,33.0,-1.633917105045081,-2.516011703836272
2026-03-12 19:00:00,22.6,34.0,0.0,10.8,339.0,3.870373855089244,-10.08266860616978
2026-03-12 20:00:00,20.6,44.0,0.0,14.7,345.0,3.804639963007055,-14.199109646449303
2026-03-12 21:00:00,18.7,49.0,0.0,12.5,349.0,2.3851124422068115,-12.2703397930958
2026-03-12 22:00:00,17.4,50.0,0.0,11.0,332.0,5.1641871906448,-9.712423521448196
2026-03-12 23:00:00,16.6,51.0,0.0,10.3,327.0,5.609782060654779,-8.638306849837868
2026-03-13 00:00:00,16.0,51.0,0.0,9.0,338.0,3.3714593407432076,-8.344654691101088
2026-03-13 01:00:00,15.4,51.0,0.0,7.0,350.0,1.2155372436685128,-6.893654271085456
2026-03-13 02:00:00,15.6,47.0,0.0,4.9,350.0,0.8508760705679591,-4.82555798975982
2026-03-13 03:00:00,14.8,48.0,0.0,3.4,344.0,0.9371670097777971,-3.2682897661902843
2026-03-13 04:00:00,14.6,45.0,0.0,5.3,342.0,1.6377900701872214,-5.040599536364313
2026-03-13 05:00:00,14.2,49.0,0.0,5.5,341.0,1.7906248495143622,-5.200352165796242
2026-03-13 06:00:00,13.2,56.0,0.0,3.8,5.0,-0.33119182244110135,-3.785539852748633
2026-03-13 07:00:00,14.1,49.0,0.0,6.9,9.0,-1.0793978087775942,-6.81504955010645
2026-03-13 08:00:00,16.3,35.0,0.0,7.4,357.0,0.3872860761977854,-7.389858557183847
2026-03-13 09:00:00,19.7,40.0,0.0,3.1,329.0,1.5966180322211678,-2.6572186321765483
2026-03-13 10:00:00,21.6,40.0,0.0,5.4,272.0,5.3967104659031175,-0.18845728219350524
2026-03-13 11:00:00,22.5,38.0,0.0,7.0,260.0,6.893654271085456,1.2155372436685123
2026-03-13 12:00:00,22.7,41.0,0.0,12.4,262.0,12.279324052395474,1.7257464519048116
2026-03-13 13:00:00,22.2,46.0,0.0,16.6,258.0,16.237250172181177,3.4513340675748054
2026-03-13 14:00:00,22.8,45.0,0.0,13.7,254.0,13.169285234354968,3.776231774692888
2026-03-13 15:00:00,22.5,46.0,0.0,10.9,261.0,10.765802912487002,1.7051356689385164
2026-03-13 16:00:00,22.1,47.0,0.0,9.2,254.0,8.843607602632533,2.535863673516392
2026-03-13 17:00:00,21.4,49.0,0.0,6.8,222.0,4.5500881232402355,5.05338481324628
2026-03-13 18:00:00,20.5,53.0,0.0,6.9,213.0,3.758009341603687,5.786826918823426
2026-03-13 19:00:00,20.1,57.0,0.0,5.9,239.0,5.057287074142463,3.0387246419693197
2026-03-13 20:00:00,20.3,57.0,0.0,5.8,210.0,2.9000000000000004,5.0229473419497435
2026-03-13 21:00:00,20.5,56.0,0.0,6.2,206.0,2.7179011100922805,5.572523087054836
2026-03-13 22:00:00,19.8,59.0,0.0,4.2,223.0,2.8643931122624937,3.071685546800516
2026-03-13 23:00:00,18.6,67.0,0.0,2.2,215.0,1.2618681599723016,1.802134497435782
2026-03-14 00:00:00,17.2,63.0,0.0,8.6,75.0,-8.306962106085987,-2.225843787881679
2026-03-14 01:00:00,16.9,64.0,0.0,10.0,69.0,-9.335804264972017,-3.5836794954530045
2026-03-14 02:00:00,16.8,64.0,0.0,11.1,65.0,-10.060016436106816,-4.6910627053217615
2026-03-14 03:00:00,16.9,64.0,0.0,11.3,63.0,-10.068373723328557,-5.130092647056878
2026-03-14 04:00:00,17.0,64.0,0.0,11.1,61.0,-9.708278749247294,-5.38138678473434
2026-03-14 05:00:00,17.3,63.0,0.0,10.5,59.0,-9.00025665737218,-5.407899786555569
2026-03-14 06:00:00,17.6,63.0,0.0,9.6,56.0,-7.958760696528401,-5.368251873319168
2026-03-14 07:00:00,18.0,62.0,0.0,8.2,52.0,-6.46168817957512,-5.048424097670397
2026-03-14 08:00:00,18.5,61.0,0.0,6.9,47.0,-5.0463405411722775,-4.705788684431239
2026-03-14 09:00:00,19.2,59.0,0.0,4.9,36.0,-2.880147736233119,-3.9641832724372423
2026-03-14 10:00:00,20.1,57.0,0.0,3.3,354.0,0.3449439287832564,-3.2819222547153015
2026-03-14 11:00:00,21.0,54.0,0.0,4.2,301.0,3.600102662948872,-2.1631599146222276
2026-03-14 12:00:00,21.9,52.0,0.0,6.9,279.0,6.815049550106451,-1.079397808777593
2026-03-14 13:00:00,22.6,50.0,0.0,9.4,272.0,9.394273773979501,-0.3280552690035091
2026-03-14 14:00:00,22.9,50.0,0.0,10.4,270.0,10.4,0.0
2026-03-14 15:00:00,22.9,51.0,0.0,10.1,270.0,10.1,0.0
2026-03-14 16:00:00,22.5,53.0,0.0,8.6,272.0,8.594761112364223,-0.30013567164150834
2026-03-14 17:00:00,21.9,56.0,0.0,6.2,280.0,6.10580806867569,-1.0766187015349682
2026-03-14 18:00:00,21.2,60.0,0.0,4.0,297.0,3.5640260967534716,-1.815961998958187
2026-03-14 19:00:00,20.6,63.0,0.0,2.9,330.0,1.4500000000000002,-2.5114736709748717
2026-03-14 20:00:00,20.1,65.0,0.0,2.9,7.0,-0.35342109587492676,-2.878383839759834
2026-03-14 21:00:00,19.7,67.0,0.0,3.2,27.0,-1.4527695991665501,-2.851220877402777
2026-03-14 22:00:00,19.3,69.0,0.0,3.6,37.0,-2.166534083347374,-2.875087836170254
2026-03-14 23:00:00,18.9,70.0,0.0,3.8,41.0,-2.4930243101639276,-2.8678964048465336
2026-03-15 00:00:00,18.5,71.0,0.0,3.8,49.0,-2.867896404846534,-2.4930243101639267
2026-03-15 01:00:00,18.3,72.0,0.0,3.8,49.0,-2.867896404846534,-2.4930243101639267
2026-03-15 02:00:00,18.1,73.0,0.0,4.1,52.0,-3.23084408978756,-2.5242120488351985
2026-03-15 03:00:00,18.1,73.0,0.0,4.4,55.0,-3.604268994871564,-2.5237363199446032
2026-03-15 04:00:00,18.1,73.0,0.0,4.9,54.0,-3.964183272437243,-2.880147736233118
2026-03-15 05:00:00,18.2,73.0,0.0,4.9,54.0,-3.964183272437243,-2.880147736233118
2026-03-15 06:00:00,18.4,72.0,0.0,5.1,51.0,-3.9634444034305507,-3.2095339943541714
2026-03-15 07:00:00,18.7,71.0,0.0,4.8,48.0,-3.5670951622914924,-3.2118269105225195
2026-03-15 08:00:00,19.1,70.0,0.0,4.3,42.0,-2.87726160734309,-3.195522749552796
2026-03-15 09:00:00,19.6,68.0,0.0,3.1,21.0,-1.1109406435904323,-2.894099322141325
2026-03-15 10:00:00,20.4,65.0,0.0,2.9,330.0,1.4500000000000002,-2.5114736709748717
2026-03-15 11:00:00,21.3,62.0,0.0,4.8,297.0,4.276831316104166,-2.1791543987498243
2026-03-15 12:00:00,22.1,58.0,0.0,7.1,285.0,6.858073366652385,-1.8376152202278973
2026-03-15 13:00:00,22.7,56.0,0.0,9.1,279.0,8.987963899415753,-1.4235536318661008
2026-03-15 14:00:00,23.1,55.0,0.0,10.2,278.0,10.100734301164017,-1.4195656297926673
2026-03-15 15:00:00,23.0,56.0,0.0,9.9,280.0,9.74959675482086,-1.7191169589026103
2026-03-15 16:00:00,22.7,58.0,0.0,8.6,285.0,8.306962106085987,-2.2258437878816784
2026-03-15 17:00:00,22.3,60.0,0.0,7.2,297.0,6.415246974156249,-3.2687315981247367
2026-03-15 18:00:00,21.7,63.0,0.0,5.9,313.0,4.314986839553106,-4.023790324368742
2026-03-15 19:00:00,21.2,66.0,0.0,4.8,333.0,2.1791543987498248,-4.276831316104166
2026-03-15 20:00:00,20.7,68.0,0.0,4.7,351.0,0.7352419856890854,-4.6421352007971475
2026-03-15 21:00:00,20.4,69.0,0.0,4.7,4.0,-0.32785542659739025,-4.688551036221174
2026-03-15 22:00:00,20.0,70.0,0.0,4.5,14.0,-1.088648530198505,-4.366330768241984
2026-03-15 23:00:00,19.7,71.0,0.0,4.3,24.0,-1.7489675652259404,-3.928245467863184
2026-03-16 00:00:00,19.4,72.0,0.0,4.4,35.0,-2.523736319944604,-3.604268994871563
2026-03-16 01:00:00,19.1,72.0,0.0,4.3,42.0,-2.87726160734309,-3.195522749552796
2026-03-16 02:00:00,19.0,72.0,0.0,4.3,48.0,-3.195522749552795,-2.8772616073430903
2026-03-16 03:00:00,19.0,72.0,0.0,4.6,51.0,-3.5748714227020653,-2.894873798829253
2026-03-16 04:00:00,19.0,72.0,0.0,4.9,54.0,-3.964183272437243,-2.880147736233118
2026-03-16 05:00:00,19.2,71.0,0.0,5.4,53.0,-4.312631754255381,-3.2498011250210617
2026-03-16 06:00:00,19.3,70.0,0.0,5.6,50.0,-4.289848881466277,-3.5996106142446194
2026-03-16 07:00:00,19.6,69.0,0.0,5.4,48.0,-4.012982057577929,-3.6133052743378347
2026-03-16 08:00:00,20.0,68.0,0.0,5.1,45.0,-3.606244584051393,-3.606244584051392
2026-03-16 09:00:00,20.5,66.0,0.0,4.1,38.0,-2.524212048835198,-3.2308440897875603
2026-03-16 10:00:00,21.3,63.0,0.0,3.1,21.0,-1.1109406435904323,-2.894099322141325
2026-03-16 11:00:00,22.1,59.0,0.0,2.3,342.0,0.7107390870623791,-2.1874299874788528
2026-03-16 12:00:00,22.9,56.0,0.0,2.8,310.0,2.1449244407331385,-1.7998053071223097
2026-03-16 13:00:00,23.5,54.0,0.0,3.5,294.0,3.197409101749103,-1.4235782507653008
2026-03-16 14:00:00,23.8,53.0,0.0,4.2,290.0,3.9467090073008158,-1.4364846019678086
2026-03-16 15:00:00,23.7,54.0,0.0,4.0,297.0,3.5640260967534716,-1.815961998958187
2026-03-16 16:00:00,23.4,56.0,0.0,4.1,315.0,2.899137802864845,-2.8991378028648445
2026-03-16 17:00:00,22.8,60.0,0.0,4.2,340.0,1.436484601967809,-3.9467090073008153
2026-03-16 18:00:00,22.2,63.0,0.0,5.0,360.0,3.061616997868383e-16,-5.0
2026-03-16 19:00:00,21.6,67.0,0.0,5.9,11.0,-1.1257730727216133,-5.791600382341218
2026-03-16 20:00:00,21.1,69.0,0.0,6.5,19.0,-2.116193003971518,-6.1458707413955596
2026-03-16 21:00:00,20.8,70.0,0.0,6.8,25.0,-2.873804179836754,-6.16289295184922
2026-03-16 22:00:00,20.4,72.0,0.0,6.5,34.0,-3.6347538725598527,-5.388744221607772
2026-03-16 23:00:00,20.1,72.0,0.0,6.1,40.0,-3.9210044190878905,-4.672871103025765
2026-03-17 00:00:00,19.8,73.0,0.0,5.9,52.0,-4.64926344627966,-3.6324027044213834
2026-03-17 01:00:00,19.6,73.0,0.0,5.8,60.0,-5.0229473419497435,-2.9000000000000004
2026-03-17 02:00:00,19.5,73.0,0.0,6.0,65.0,-5.4378467222199,-2.5357095704441956
2026-03-17 03:00:00,19.4,73.0,0.0,6.3,66.0,-5.755336383148386,-2.5624408513775414
2026-03-17 04:00:00,19.5,72.0,0.0,6.6,68.0,-6.1194134401407965,-2.472403516545019
2026-03-17 05:00:00,19.6,72.0,0.0,7.0,69.0,-6.535062985480412,-2.508575646817103
2026-03-17 06:00:00,19.7,71.0,0.0,7.4,67.0,-6.811735915548059,-2.8914103508206246
2026-03-17 07:00:00,20.0,70.0,0.0,7.1,66.0,-6.486172749262466,-2.8878301658381815
2026-03-17 08:00:00,20.4,68.0,0.0,6.6,68.0,-6.1194134401407965,-2.472403516545019
2026-03-17 09:00:00,21.1,65.0,0.0,5.4,70.0,-5.074340152243906,-1.846908773958611
2026-03-17 10:00:00,22.0,62.0,0.0,3.4,72.0,-3.2335921554035223,-1.0506577808748208
2026-03-17 11:00:00,23.0,58.0,0.0,1.4,90.0,-1.4,1.7145055188062944e-16
2026-03-17 12:00:00,23.9,54.0,0.0,0.8,207.0,0.3631923997916375,0.7128052193506943
2026-03-17 13:00:00,24.6,51.0,0.0,2.3,231.0,1.7874357113510329,1.4474368994146258
2026-03-17 14:00:00,25.0,50.0,0.0,3.1,234.0,2.5079526825623373,1.8221342821066668
2026-03-17 15:00:00,24.9,51.0,0.0,2.6,236.0,2.1554976886431083,1.453901549023942
2026-03-17 16:00:00,24.4,53.0,0.0,1.3,236.0,1.0777488443215542,0.726950774511971
2026-03-17 17:00:00,23.7,57.0,0.0,0.8,27.0,-0.36319239979163753,-0.7128052193506943
2026-03-17 18:00:00,23.0,61.0,0.0,2.8,50.0,-2.1449244407331385,-1.7998053071223097
2026-03-17 19:00:00,22.2,64.0,0.0,4.4,55.0,-3.604268994871564,-2.5237363199446032
2026-03-17 20:00:00,21.7,67.0,0.0,5.7,55.0,-4.669166652447253,-3.269385687200963
2026-03-17 21:00:00,21.2,69.0,0.0,6.3,59.0,-5.400153994423308,-3.244739871933341
2026-03-17 22:00:00,20.8,71.0,0.0,6.9,62.0,-6.092338390726596,-3.239353783222647
2026-03-17 23:00:00,20.3,72.0,0.0,7.1,66.0,-6.486172749262466,-2.8878301658381815
2026-03-18 00:00:00,20.0,73.0,0.0,7.2,72.0,-6.847606917325106,-2.2249223594996206
2026-03-18 01:00:00,19.7,74.0,0.0,7.1,75.0,-6.858073366652385,-1.8376152202278975
2026-03-18 02:00:00,19.6,74.0,0.0,7.4,76.0,-7.180188374442374,-1.7902220274375396
2026-03-18 03:00:00,19.6,74.0,0.0,7.9,74.0,-7.59396739791272,-2.177535110954292
2026-03-18 04:00:00,19.7,73.0,0.0,8.0,72.0,-7.608452130361229,-2.4721359549995783
2026-03-18 05:00:00,19.9,72.0,0.0,8.4,70.0,-7.8934180146016315,-2.8729692039356167
2026-03-18 06:00:00,20.1,70.0,0.0,8.7,66.0,-7.947845481490627,-3.5386087947594613
2026-03-18 07:00:00,20.5,69.0,0.0,8.4,65.0,-7.612985411107861,-3.549993398621874
2026-03-18 08:00:00,21.0,67.0,0.0,7.4,67.0,-6.811735915548059,-2.8914103508206246
2026-03-18 09:00:00,21.7,65.0,0.0,5.6,75.0,-5.4091846272187825,-1.4493866525741164
2026-03-18 10:00:00,22.7,61.0,0.0,3.8,107.0,-3.633958072659535,1.111012477946399
2026-03-18 11:00:00,23.8,58.0,0.0,4.1,165.0,-1.0611580849203355,3.96029588778518
2026-03-18 12:00:00,24.8,55.0,0.0,6.6,189.0,1.032467469265524,6.518743047927909
2026-03-18 13:00:00,25.6,53.0,0.0,9.1,198.0,2.8120546488120217,8.654614298285896
2026-03-18 14:00:00,26.0,52.0,0.0,10.4,200.0,3.557009490586956,9.772803256173447
2026-03-18 15:00:00,26.0,53.0,0.0,10.2,198.0,3.151973342624464,9.700776466210565
2026-03-18 16:00:00,25.6,56.0,0.0,9.0,196.0,2.4807362023529924,8.65135526344487
2026-03-18 17:00:00,25.0,60.0,0.0,7.3,189.0,1.1419715947936857,7.210124886344506
2026-03-18 18:00:00,24.4,64.0,0.0,5.4,172.0,-0.7515347451843529,5.34744757120448
2026-03-18 19:00:00,23.7,68.0,0.0,4.5,151.0,-2.1816432911085166,3.9357886821272814
2026-03-18 20:00:00,23.2,71.0,0.0,4.3,132.0,-3.195522749552794,2.8772616073430908
2026-03-18 21:00:00,22.7,73.0,0.0,4.5,119.0,-3.935788682127281,2.181643291108517
2026-03-18 22:00:00,22.3,75.0,0.0,4.7,113.0,-4.32637281122647,1.8364363038995868
2026-03-18 23:00:00,21.9,77.0,0.0,5.2,106.0,-4.998560818879258,1.433314250248396
2026-03-19 00:00:00,21.5,79.0,0.0,5.2,102.0,-5.08636752381579,1.0811407922523484
2026-03-19 01:00:00,21.2,80.0,0.0,5.4,98.0,-5.34744757120448,0.7515347451843528
2026-03-19 02:00:00,21.1,80.0,0.0,5.4,94.0,-5.386845871403051,0.37668495821827785
2026-03-19 03:00:00,21.1,80.0,0.0,5.4,86.0,-5.386845871403051,-0.3766849582182765
2026-03-19 04:00:00,21.1,79.0,0.0,5.2,74.0,-4.998560818879258,-1.4333142502483949
2026-03-19 05:00:00,21.3,78.0,0.0,5.6,63.0,-4.98963653545486,-2.542346798541461
2026-03-19 06:00:00,21.6,76.0,0.0,5.6,50.0,-4.289848881466277,-3.5996106142446194
2026-03-19 07:00:00,21.9,75.0,0.0,5.9,43.0,-4.023790324368742,-4.314986839553106
2026-03-19 08:00:00,22.2,73.0,0.0,5.2,34.0,-2.907803098047882,-4.3109953772862175
2026-03-19 09:00:00,22.7,71.0,0.0,3.9,22.0,-1.460965714322058,-3.6160170328104706
2026-03-19 10:00:00,23.4,68.0,0.0,2.3,342.0,0.7107390870623791,-2.1874299874788528
2026-03-19 11:00:00,24.1,66.0,0.0,2.9,277.0,2.8783838397598336,-0.35342109587492765
2026-03-19 12:00:00,24.8,63.0,0.0,5.2,258.0,5.08636752381579,1.0811407922523486
2026-03-19 13:00:00,25.3,61.0,0.0,7.3,250.0,6.859756131737131,2.4967470462773815
2026-03-19 14:00:00,25.5,61.0,0.0,8.1,249.0,7.5620014546273335,2.902780391316932
2026-03-19 15:00:00,25.4,62.0,0.1,7.6,251.0,7.185941174554808,2.474317973874391
2026-03-19 16:00:00,25.0,65.0,0.1,6.2,260.0,6.10580806867569,1.0766187015349682
2026-03-19 17:00:00,24.4,68.0,0.1,4.7,279.0,4.6421352007971475,-0.7352419856890852
2026-03-19 18:00:00,23.8,71.0,0.1,3.8,311.0,2.8678964048465336,-2.4930243101639276
2026-03-19 19:00:00,23.1,75.0,0.1,4.2,340.0,1.436484601967809,-3.9467090073008153
2026-03-19 20:00:00,22.6,77.0,0.1,5.1,356.0,0.35575801609503865,-5.087576656325103
2026-03-19 21:00:00,22.2,79.0,0.0,5.8,4.0,-0.40458754771592836,-5.78587149150698
2026-03-19 22:00:00,21.8,81.0,0.0,6.2,7.0,-0.7555899291119125,-6.153786140176197
2026-03-19 23:00:00,21.4,82.0,0.0,6.2,10.0,-1.0766187015349682,-6.10580806867569
2026-03-20 00:00:00,21.1,83.0,0.0,6.3,13.0,-1.417191642366351,-6.1385314081469815
2026-03-20 01:00:00,20.8,84.0,0.0,6.4,16.0,-1.7640790772287929,-6.152074854005242
2026-03-20 02:00:00,20.7,84.0,0.0,6.4,16.0,-1.7640790772287929,-6.152074854005242
2026-03-20 03:00:00,20.6,84.0,0.0,6.5,19.0,-2.116193003971518,-6.1458707413955596
2026-03-20 04:00:00,20.7,83.0,0.0,6.5,19.0,-2.116193003971518,-6.1458707413955596
2026-03-20 05:00:00,20.8,82.0,0.0,6.6,22.0,-2.472403516545021,-6.119413440140796
2026-03-20 06:00:00,21.0,80.0,0.0,6.6,22.0,-2.472403516545021,-6.119413440140796
2026-03-20 07:00:00,21.3,79.0,0.0,6.2,21.0,-2.2218812871808646,-5.78819864428265
2026-03-20 08:00:00,21.6,77.0,0.0,5.6,15.0,-1.4493866525741155,-5.4091846272187825
2026-03-20 09:00:00,22.1,75.0,0.1,4.3,360.0,2.632990618166809e-16,-4.3
2026-03-20 10:00:00,22.9,72.0,0.1,3.4,328.0,1.8017254983928965,-2.883363526931848
2026-03-20 11:00:00,23.6,69.0,0.1,4.6,288.0,4.3748599749577055,-1.421478174124758
2026-03-20 12:00:00,24.4,66.0,0.1,6.5,270.0,6.5,0.0
2026-03-20 13:00:00,24.9,64.0,0.1,8.4,260.0,8.272385125302547,1.458644692402215
2026-03-20 14:00:00,25.2,63.0,0.1,9.2,259.0,9.030970087718508,1.755442757464212
2026-03-20 15:00:00,25.2,64.0,0.1,8.8,261.0,8.691657397237213,1.3766232923540318
2026-03-20 16:00:00,24.8,66.0,0.1,7.6,267.0,7.589584464134761,0.3977532674463731
2026-03-20 17:00:00,24.3,69.0,0.1,5.8,277.0,5.756767679519667,-0.7068421917498553
2026-03-20 18:00:00,23.7,72.0,0.1,4.5,299.0,3.935788682127281,-2.1816432911085166
2026-03-20 19:00:00,23.2,75.0,0.1,4.2,329.0,2.1631599146222276,-3.600102662948872
2026-03-20 20:00:00,22.7,77.0,0.1,4.8,347.0,1.0797650608505516,-4.676976310969129
2026-03-20 21:00:00,22.3,79.0,0.0,5.4,356.0,0.3766849582182763,-5.386845871403051
2026-03-20 22:00:00,21.9,80.0,0.0,5.8,360.0,3.5514757175273243e-16,-5.8
2026-03-20 23:00:00,21.6,82.0,0.0,6.1,3.0,-0.31924933308196024,-6.0916401620029
2026-03-21 00:00:00,21.2,83.0,0.0,6.5,6.0,-0.6794350112397468,-6.464392319893777
2026-03-21 01:00:00,21.0,84.0,0.0,6.9,9.0,-1.0793978087775942,-6.81504955010645
2026-03-21 02:00:00,20.8,84.0,0.0,6.9,9.0,-1.0793978087775942,-6.81504955010645
2026-03-21 03:00:00,20.8,84.0,0.0,7.0,12.0,-1.4553818357243185,-6.847033205136639
2026-03-21 04:00:00,20.8,83.0,0.0,7.1,15.0,-1.8376152202278964,-6.858073366652385
2026-03-21 05:00:00,21.0,82.0,0.0,6.7,16.0,-1.8467702839738926,-6.440453362786737
2026-03-21 06:00:00,21.2,80.0,0.0,6.7,16.0,-1.8467702839738926,-6.440453362786737
2026-03-21 07:00:00,21.4,79.0,0.0,6.0,17.0,-1.7542302283364226,-5.7378285357782115
2026-03-21 08:00:00,21.8,77.0,0.0,5.5,11.0,-1.0494494745709955,-5.3989495089621515
2026-03-21 09:00:00,22.3,75.0,0.1,4.7,356.0,0.3278554265973886,-4.688551036221174
2026-03-21 10:00:00,22.9,72.0,0.1,4.4,325.0,2.5237363199446032,-3.604268994871564
2026-03-21 11:00:00,23.7,69.0,0.1,5.3,298.0,4.679622242152313,-2.4881992827652213
2026-03-21 12:00:00,24.4,67.0,0.1,6.9,279.0,6.815049550106451,-1.079397808777593
2026-03-21 13:00:00,24.9,65.0,0.1,8.6,272.0,8.594761112364223,-0.30013567164150834
2026-03-21 14:00:00,25.1,64.0,0.1,9.4,270.0,9.4,0.0
2026-03-21 15:00:00,25.0,65.0,0.1,9.0,272.0,8.994517443171862,-0.31409547032250873
2026-03-21 16:00:00,24.7,67.0,0.1,7.6,275.0,7.571079705497266,-0.662383644882202
2026-03-21 17:00:00,24.1,69.0,0.1,6.0,287.0,5.737828535778212,-1.7542302283364206
2026-03-21 18:00:00,23.5,72.0,0.1,4.6,309.0,3.5748714227020657,-2.8948737988292517
2026-03-21 19:00:00,22.9,75.0,0.1,4.0,333.0,1.8159619989581872,-3.564026096753471
2026-03-21 20:00:00,22.5,77.0,0.1,4.3,355.0,0.37476969381492997,-4.283637201794505
2026-03-21 21:00:00,22.1,79.0,0.0,4.7,4.0,-0.32785542659739025,-4.688551036221174
2026-03-21 22:00:00,21.7,80.0,0.0,5.4,8.0,-0.7515347451843555,-5.34744757120448
2026-03-21 23:00:00,21.3,82.0,0.0,5.9,11.0,-1.1257730727216133,-5.791600382341218
2026-03-22 00:00:00,21.0,83.0,0.0,5.9,11.0,-1.1257730727216133,-5.791600382341218
2026-03-22 01:00:00,20.8,84.0,0.0,6.2,10.0,-1.0766187015349682,-6.10580806867569
2026-03-22 02:00:00,20.7,84.0,0.0,6.2,10.0,-1.0766187015349682,-6.10580806867569
2026-03-22 03:00:00,20.7,84.0,0.0,6.2,10.0,-1.0766187015349682,-6.10580806867569
2026-03-22 04:00:00,20.7,83.0,0.0,6.3,13.0,-1.417191642366351,-6.1385314081469815
2026-03-22 05:00:00,20.9,81.0,0.0,6.0,17.0,-1.7542302283364226,-5.7378285357782115
2026-03-22 06:00:00,21.1,80.0,0.0,5.7,18.0,-1.7613968679372012,-5.421022142882375
2026-03-22 07:00:00,21.4,78.0,0.0,5.2,16.0,-1.4333142502483942,-4.998560818879259
2026-03-22 08:00:00,21.7,76.0,0.0,4.5,14.0,-1.088648530198505,-4.366330768241984
2026-03-22 09:00:00,22.3,74.0,0.0,3.2,360.0,1.9594348786357652e-16,-3.2
2026-03-22 10:00:00,23.0,71.0,0.0,2.0,315.0,1.4142135623730951,-1.414213562373095
2026-03-22 11:00:00,23.8,68.0,0.0,2.9,263.0,2.8783838397598336,0.35342109587492765
2026-03-22 12:00:00,24.6,66.0,0.0,4.8,243.0,4.276831316104166,2.1791543987498243
2026-03-22 13:00:00,25.2,64.0,0.0,6.8,238.0,5.766727053863696,3.603450996785793
2026-03-22 14:00:00,25.5,63.0,0.0,7.3,237.0,6.122295146001595,3.9758649556096977
2026-03-22 15:00:00,25.4,64.0,0.1,6.8,238.0,5.766727053863696,3.603450996785793
2026-03-22 16:00:00,25.1,66.0,0.1,5.2,245.0,4.7128004925905795,2.197614961051637
2026-03-22 17:00:00,24.6,68.0,0.1,3.7,259.0,3.632020578756357,0.7059932828932158
2026-03-22 18:00:00,24.1,71.0,0.1,2.4,297.0,2.138415658052083,-1.0895771993749122
2026-03-22 19:00:00,23.5,74.0,0.1,2.6,344.0,0.7166571251241979,-2.499280409439629
2026-03-22 20:00:00,23.1,76.0,0.1,3.6,6.0,-0.3763024677635521,-3.5802788233257843
2026-03-22 21:00:00,22.8,78.0,0.0,4.1,15.0,-1.0611580849203346,-3.96029588778518
2026-03-22 22:00:00,22.4,79.0,0.0,4.3,24.0,-1.7489675652259404,-3.928245467863184
2026-03-22 23:00:00,22.1,80.0,0.0,4.4,35.0,-2.523736319944604,-3.604268994871563
2026-03-23 00:00:00,21.8,81.0,0.0,4.3,42.0,-2.87726160734309,-3.195522749552796
2026-03-23 01:00:00,21.5,82.0,0.0,4.3,48.0,-3.195522749552795,-2.8772616073430903
2026-03-23 02:00:00,21.4,82.0,0.0,4.4,55.0,-3.604268994871564,-2.5237363199446032
2026-03-23 03:00:00,21.4,82.0,0.0,4.7,58.0,-3.9858260519352027,-2.4906205418960625
2026-03-23 04:00:00,21.5,81.0,0.0,5.2,56.0,-4.3109953772862175,-2.907803098047883
2026-03-23 05:00:00,21.7,80.0,0.0,5.2,56.0,-4.3109953772862175,-2.907803098047883
2026-03-23 06:00:00,21.9,79.0,0.0,5.2,56.0,-4.3109953772862175,-2.907803098047883
2026-03-23 07:00:00,22.2,78.0,0.0,5.0,60.0,-4.330127018922193,-2.5000000000000004
2026-03-23 08:00:00,22.6,76.0,0.0,4.2,70.0,-3.9467090073008158,-1.4364846019678084
2026-03-23 09:00:00,23.2,74.0,0.0,3.3,103.0,-3.215421213791276,0.7423384793347552
2026-03-23 10:00:00,23.9,71.0,0.0,4.2,149.0,-2.163159914622228,3.600102662948872
2026-03-23 11:00:00,24.8,68.0,0.0,7.2,174.0,-0.7526049355271056,7.160557646651568
2026-03-23 12:00:00,25.6,66.0,0.0,10.5,184.0,0.732442974313315,10.474422527728153
2026-03-23 13:00:00,26.2,64.0,0.0,13.1,188.0,1.8231676225768576,12.972511700514572
2026-03-23 14:00:00,26.5,63.0,0.0,14.6,189.0,2.2839431895873714,14.420249772689012
2026-03-23 15:00:00,26.4,64.0,0.0,14.5,187.0,1.7671054793746386,14.391919198799169
2026-03-23 16:00:00,26.1,66.0,0.0,13.4,185.0,1.167886952818619,13.34900895442939
2026-03-23 17:00:00,25.6,69.0,0.0,11.5,182.0,0.4013442120787624,11.492994510719601
2026-03-23 18:00:00,25.1,73.0,0.0,9.4,173.0,-1.1455718280083853,9.329933825428428
2026-03-23 19:00:00,24.5,76.0,0.0,7.8,167.0,-1.7546182238821473,7.6000865053248345
2026-03-23 20:00:00,24.1,78.0,0.0,6.6,158.0,-2.4724035165450196,6.1194134401407965
2026-03-23 21:00:00,23.7,80.0,0.0,5.8,150.0,-2.8999999999999986,5.022947341949744
2026-03-23 22:00:00,23.4,81.0,0.0,5.2,146.0,-2.907803098047883,4.3109953772862175
2026-03-23 23:00:00,23.0,83.0,0.0,4.6,141.0,-2.894873798829251,3.5748714227020666
2026-03-24 00:00:00,22.8,84.0,0.0,4.1,135.0,-2.8991378028648445,2.899137802864845
2026-03-24 01:00:00,22.5,85.0,0.0,3.8,131.0,-2.8678964048465336,2.4930243101639276
2026-03-24 02:00:00,22.4,85.0,0.0,3.1,126.0,-2.507952682562337,1.822134282106667
2026-03-24 03:00:00,22.4,85.0,0.0,2.4,117.0,-2.138415658052083,1.0895771993749124
2026-03-24 04:00:00,22.5,84.0,0.0,1.8,101.0,-1.7669289302057951,0.34345619167778096
2026-03-24 05:00:00,22.6,83.0,0.0,1.5,76.0,-1.4554435894139948,-0.3628828433995013
2026-03-24 06:00:00,22.8,82.0,0.0,1.3,56.0,-1.0777488443215544,-0.7269507745119708
2026-03-24 07:00:00,23.1,81.0,0.0,1.1,18.0,-0.33991869381244233,-1.0461621679246689
2026-03-24 08:00:00,23.4,79.0,0.0,1.3,326.0,0.7269507745119709,-1.0777488443215544
2026-03-24 09:00:00,23.9,77.0,0.0,2.2,279.0,2.1729143493093033,-0.34415582308850795
2026-03-24 10:00:00,24.7,74.0,0.0,4.5,256.0,4.366330768241984,1.0886485301985047
2026-03-24 11:00:00,25.5,71.0,0.0,7.4,247.0,6.811735915548059,2.891410350820626
2026-03-24 12:00:00,26.2,69.0,0.0,10.0,244.0,8.98794046299167,4.383711467890774
2026-03-24 13:00:00,26.8,67.0,0.0,12.1,243.0,10.78117894267925,5.4932850468485155
2026-03-24 14:00:00,27.0,66.0,0.0,12.9,243.0,11.493984162029946,5.856477446640153
2026-03-24 15:00:00,26.9,67.0,0.0,12.2,246.0,11.14525458323973,4.962187045524762
2026-03-24 16:00:00,26.6,69.0,0.0,10.7,250.0,10.05471104240922,3.659615533584655
2026-03-24 17:00:00,26.0,72.0,0.0,8.5,258.0,8.314254606237348,1.7672493719509543
2026-03-24 18:00:00,25.4,76.0,0.0,6.5,273.0,6.49109197590473,-0.3401837155791349
2026-03-24 19:00:00,24.8,79.0,0.0,5.5,293.0,5.062776693988422,-2.149021206691006
2026-03-24 20:00:00,24.3,81.0,0.0,5.1,315.0,3.6062445840513924,-3.606244584051392
2026-03-24 21:00:00,23.9,83.0,0.0,5.5,328.0,2.914555953282627,-4.664264528860342
2026-03-24 22:00:00,23.5,84.0,0.0,5.8,338.0,2.1727182418122895,-5.377666356487367
2026-03-24 23:00:00,23.0,86.0,0.0,5.9,346.0,1.4273391840380394,-5.7247447850283795
2026-03-25 00:00:00,22.6,87.0,0.0,6.2,350.0,1.0766187015349686,-6.10580806867569
2026-03-25 01:00:00,22.4,88.0,0.0,6.5,354.0,0.6794350112397475,-6.4643923198937765
2026-03-25 02:00:00,22.2,88.0,0.0,6.8,357.0,0.35588450245201897,-6.790680836331102
2026-03-25 03:00:00,22.1,88.0,0.0,7.2,360.0,4.4087284769304716e-16,-7.2
2026-03-25 04:00:00,22.1,87.0,0.0,7.2,3.0,-0.376818884949199,-7.190132650232932
2026-03-25 05:00:00,22.2,85.0,0.0,7.6,3.0,-0.39775326744637673,-7.589584464134761
2026-03-25 06:00:00,22.4,84.0,0.0,7.2,3.0,-0.376818884949199,-7.190132650232932
2026-03-25 07:00:00,22.7,82.0,0.0,7.2,360.0,4.4087284769304716e-16,-7.2
2026-03-25 08:00:00,23.0,80.0,0.0,6.5,357.0,0.3401837155791358,-6.49109197590473
2026-03-25 09:00:00,23.6,77.0,0.0,5.6,345.0,1.4493866525741161,-5.4091846272187825
2026-03-25 10:00:00,24.3,74.0,0.0,4.8,318.0,3.2118269105225195,-3.5670951622914924
2026-03-25 11:00:00,25.1,71.0,0.0,5.4,290.0,5.074340152243906,-1.8469087739586112
2026-03-25 12:00:00,25.9,67.0,0.0,7.2,270.0,7.2,0.0
2026-03-25 13:00:00,26.5,65.0,0.0,8.5,258.0,8.314254606237348,1.7672493719509543
2026-03-25 14:00:00,26.7,64.0,0.0,9.3,254.0,8.939733772226367,2.5634274090980926
2026-03-25 15:00:00,26.6,65.0,0.0,9.0,254.0,8.65135526344487,2.4807362023529924
2026-03-25 16:00:00,26.2,66.0,0.0,7.5,253.0,7.172285669722766,2.192787785420526
2026-03-25 17:00:00,25.6,69.0,0.0,5.6,255.0,5.4091846272187825,1.4493866525741161
2026-03-25 18:00:00,25.0,72.0,0.0,3.6,264.0,3.580278823325784,0.37630246776355253
2026-03-25 19:00:00,24.4,75.0,0.0,1.9,292.0,1.761649323676896,-0.7117525274902328
2026-03-25 20:00:00,23.9,77.0,0.0,1.6,333.0,0.726384799583275,-1.4256104387013886
2026-03-25 21:00:00,23.5,79.0,0.0,2.2,360.0,1.3471114790620887e-16,-2.2
2026-03-25 22:00:00,23.1,80.0,0.0,2.6,16.0,-0.7166571251241971,-2.4992804094396295
2026-03-25 23:00:00,22.7,81.0,0.0,3.4,18.0,-1.0506577808748216,-3.233592155403522
2026-03-26 00:00:00,22.4,82.0,0.0,3.9,22.0,-1.460965714322058,-3.6160170328104706
2026-03-26 01:00:00,22.2,83.0,0.0,4.2,20.0,-1.436484601967808,-3.9467090073008158
2026-03-26 02:00:00,22.1,83.0,0.0,4.7,23.0,-1.836436303899587,-4.326372811226469
2026-03-26 03:00:00,22.1,83.0,0.0,5.0,21.0,-1.7918397477265036,-4.667902132486008
2026-03-26 04:00:00,22.1,82.0,0.0,5.5,23.0,-2.149021206691006,-5.062776693988422
2026-03-26 05:00:00,22.3,81.0,0.0,5.7,18.0,-1.7613968679372012,-5.421022142882375
2026-03-26 06:00:00,22.5,79.0,0.0,5.7,18.0,-1.7613968679372012,-5.421022142882375
2026-03-26 07:00:00,22.8,78.0,0.0,5.4,20.0,-1.8469087739586103,-5.074340152243906
2026-03-26 08:00:00,23.2,76.0,0.0,4.6,18.0,-1.4214781741247586,-4.3748599749577055
2026-03-26 09:00:00,23.8,74.0,0.0,3.1,21.0,-1.1109406435904323,-2.894099322141325
2026-03-26 10:00:00,24.6,71.0,0.0,0.5,45.0,-0.35355339059327384,-0.35355339059327373
2026-03-26 11:00:00,25.5,68.0,0.0,2.2,189.0,0.34415582308850806,2.1729143493093033
2026-03-26 12:00:00,26.3,65.0,0.0,5.2,192.0,1.0811407922523493,5.086367523815789
2026-03-26 13:00:00,26.9,63.0,0.0,7.3,191.0,1.3929056662487778,7.165878439167947
2026-03-26 14:00:00,27.2,62.0,0.0,8.4,190.0,1.4586446924022156,8.272385125302547
2026-03-26 15:00:00,27.1,63.0,0.0,8.3,185.0,0.7233926648055626,8.268415994161488
2026-03-26 16:00:00,26.7,65.0,0.0,7.6,175.0,-0.6623836448822026,7.571079705497266
2026-03-26 17:00:00,26.1,68.0,0.0,6.6,158.0,-2.4724035165450196,6.1194134401407965
2026-03-26 18:00:00,25.4,71.0,0.0,6.1,140.0,-3.92100441908789,4.6728711030257655
2026-03-26 19:00:00,24.7,74.0,0.0,6.6,119.0,-5.772490067120011,3.1997434936258253
2026-03-26 20:00:00,24.2,76.0,0.0,7.3,110.0,-6.8597561317371305,2.496747046277383
2026-03-26 21:00:00,23.8,78.0,0.0,7.9,106.0,-7.59396739791272,2.177535110954294
2026-03-26 22:00:00,23.4,79.0,0.0,8.5,102.0,-8.314254606237348,1.767249371950954
2026-03-26 23:00:00,22.9,80.0,0.0,8.8,102.0,-8.607698886457491,1.829622879196282
2026-03-27 00:00:00,22.6,81.0,0.0,8.8,102.0,-8.607698886457491,1.829622879196282
2026-03-27 01:00:00,22.3,82.0,0.0,9.2,101.0,-9.030970087718508,1.7554427574642135
2026-03-27 02:00:00,22.2,82.0,0.0,9.2,101.0,-9.030970087718508,1.7554427574642135
2026-03-27 03:00:00,22.2,82.0,0.0,9.1,99.0,-8.987963899415753,1.423553631866102
2026-03-27 04:00:00,22.4,81.0,0.0,8.7,97.0,-8.6351515192795,1.0602632876247835
2026-03-27 05:00:00,22.6,79.0,0.0,8.7,95.0,-8.666893873398186,0.7582549619046263
2026-03-27 06:00:00,22.9,78.0,0.0,8.3,95.0,-8.268415994161488,0.7233926648055631
2026-03-27 07:00:00,23.2,76.0,0.0,8.0,98.0,-7.922144549932563,1.1133848076805226
2026-03-27 08:00:00,23.7,74.0,0.0,7.9,106.0,-7.59396739791272,2.177535110954294
2026-03-27 09:00:00,24.3,71.0,0.0,8.4,121.0,-7.200205325897743,4.326319829244457
2026-03-27 10:00:00,25.1,68.0,0.0,10.5,139.0,-6.888619804400325,7.924450592339108
2026-03-27 11:00:00,26.1,64.0,0.0,13.5,151.0,-6.544929873325549,11.807366046381844
2026-03-27 12:00:00,26.9,61.0,0.0,16.6,158.0,-6.2184694507041405,15.391251985808672
2026-03-27 13:00:00,27.6,59.0,0.0,19.2,163.0,-5.613536730676544,18.361051314490282
2026-03-27 14:00:00,27.9,58.0,0.0,21.0,164.0,-5.78838447215698,20.186495614704697
2026-03-27 15:00:00,27.8,59.0,0.0,21.1,163.0,-6.169042969649744,20.178030350820052
2026-03-27 16:00:00,27.3,62.0,0.0,19.8,161.0,-6.446249458251701,18.721267796866474
2026-03-27 17:00:00,26.7,65.0,0.0,18.4,157.0,-7.1894527642026365,16.9372893035249
2026-03-27 18:00:00,26.0,69.0,0.0,16.3,152.0,-7.652386473410022,14.392045763600509
2026-03-27 19:00:00,25.3,72.0,0.0,14.8,146.0,-8.276054971367051,12.269756073814618
2026-03-27 20:00:00,24.8,75.0,0.0,13.8,141.0,-8.684621396487755,10.724614268106201
2026-03-27 21:00:00,24.4,77.0,0.0,13.5,138.0,-9.033263185844586,10.032455143944823
2026-03-27 22:00:00,24.0,79.0,0.0,13.0,136.0,-9.030558815966966,9.351417404402465
2026-03-27 23:00:00,23.7,80.0,0.0,13.2,135.0,-9.333809511662427,9.333809511662427
2026-03-28 00:00:00,23.4,82.0,0.0,13.0,134.0,-9.351417404402465,9.030558815966963
2026-03-28 01:00:00,23.2,83.0,0.0,13.0,134.0,-9.351417404402465,9.030558815966963
2026-03-28 02:00:00,23.1,83.0,0.0,12.5,134.0,-8.99174750423314,8.683229630737465
2026-03-28 03:00:00,23.2,83.0,0.0,12.0,134.0,-8.632077604063815,8.335900445507965
2026-03-28 04:00:00,23.4,82.0,0.0,11.5,134.0,-8.272407703894489,7.9885712602784675
2026-03-28 05:00:00,23.6,82.0,0.0,11.2,135.0,-7.919595949289331,7.919595949289333
2026-03-28 06:00:00,24.0,80.0,0.0,10.4,136.0,-7.224447052773573,7.481133923521972
2026-03-28 07:00:00,24.3,79.0,0.0,9.7,141.0,-6.104407793183421,7.538315826132618
2026-03-28 08:00:00,24.7,78.0,0.0,9.4,148.0,-4.981241083792125,7.971652103870405
2026-03-28 09:00:00,25.2,76.0,0.0,9.2,159.0,-3.296985135816762,8.588939923774255
2026-03-28 10:00:00,25.8,74.0,0.0,9.8,174.0,-1.024378940023005,9.746314574609078
2026-03-28 11:00:00,26.5,72.0,0.0,11.3,187.0,1.3771235804781667,11.215771513546938
2026-03-28 12:00:00,27.0,70.0,0.0,13.2,197.0,3.859306502340125,12.623222778712067
2026-03-28 13:00:00,27.5,69.0,0.0,14.3,205.0,6.043441142892003,12.960201354624095
2026-03-28 14:00:00,27.6,69.0,0.0,14.8,209.0,7.17518237964579,12.944371665663057
2026-03-28 15:00:00,27.5,70.0,0.0,13.8,213.0,7.516018683207374,11.573653837646852
2026-03-28 16:00:00,27.1,73.0,0.0,11.6,216.0,6.818308926592688,9.38459713474939
2026-03-28 17:00:00,26.5,76.0,0.0,8.9,220.0,5.7208097262102005,6.817795543758905
2026-03-28 18:00:00,25.9,79.0,0.0,6.1,230.0,4.6728711030257655,3.921004419087889
2026-03-28 19:00:00,25.3,83.0,0.0,3.8,253.0,3.6339580726595346,1.1110124779463997
2026-03-28 20:00:00,24.8,85.0,0.0,3.0,284.0,2.9108871788279895,-0.7257656867990032
2026-03-28 21:00:00,24.3,87.0,0.0,3.3,311.0,2.4905416147351476,-2.1649947956686737
2026-03-28 22:00:00,23.9,88.0,0.0,3.7,331.0,1.7937955949114475,-3.2360929164157644
2026-03-28 23:00:00,23.5,89.0,0.0,4.2,340.0,1.436484601967809,-3.9467090073008153
2026-03-29 00:00:00,23.1,90.0,0.0,4.9,343.0,1.4326213531414103,-4.685893304218874
2026-03-29 01:00:00,22.9,91.0,0.0,5.2,348.0,1.0811407922523493,-5.086367523815789
2026-03-29 02:00:00,22.8,91.0,0.0,5.2,348.0,1.0811407922523493,-5.086367523815789
