time,temperature_2m,relativehumidity_2m,precipitation,windspeed_10m,winddirection_10m,u,v
2026-03-23 00:00:00,12.0,99.0,0.0,7.5,44.0,-5.209937778442479,-5.3950485025398836
2026-03-23 01:00:00,11.8,98.0,0.0,7.8,44.0,-5.418335289580178,-5.610850442641479
2026-03-23 02:00:00,10.5,100.0,0.0,3.1,50.0,-2.3747377736688318,-1.9926415900282717
2026-03-23 03:00:00,10.4,97.0,0.0,5.1,45.0,-3.606244584051393,-3.606244584051392
2026-03-23 04:00:00,9.9,97.0,0.0,5.1,45.0,-3.606244584051393,-3.606244584051392
2026-03-23 05:00:00,9.8,94.0,0.0,5.6,45.0,-3.9597979746446668,-3.9597979746446654
2026-03-23 06:00:00,9.7,92.0,0.0,6.0,49.0,-4.528257481336633,-3.9363541739430423
2026-03-23 07:00:00,13.2,79.0,0.0,6.4,47.0,-4.6806636903626915,-4.364789504399989
2026-03-23 08:00:00,19.5,58.0,0.0,1.9,139.0,-1.2465121550819636,1.433948202423267
2026-03-23 09:00:00,22.0,57.0,0.0,4.5,256.0,4.366330768241984,1.0886485301985047
2026-03-23 10:00:00,23.4,56.0,0.0,7.3,250.0,6.859756131737131,2.4967470462773815
2026-03-23 11:00:00,24.4,53.0,0.0,9.2,250.0,8.645172111230357,3.146585318596152
2026-03-23 12:00:00,25.4,50.0,0.0,10.3,255.0,9.949036010777405,2.6658361645559636
2026-03-23 13:00:00,25.7,47.0,0.0,12.0,257.0,11.692440777422823,2.69941265212638
2026-03-23 14:00:00,25.5,49.0,0.0,11.0,256.0,10.67325298903596,2.661140851596345
2026-03-23 15:00:00,24.5,53.0,0.2,10.3,259.0,10.110759989510939,1.9653326523784116
2026-03-23 16:00:00,23.0,61.0,0.0,10.3,259.0,10.110759989510939,1.9653326523784116
2026-03-23 17:00:00,21.2,72.0,0.0,8.6,259.0,8.441993777649909,1.6409573602382852
2026-03-23 18:00:00,18.9,86.0,0.0,4.8,250.0,4.51052457977236,1.6416966879632098
2026-03-23 19:00:00,17.8,92.0,0.0,1.3,196.0,0.35832856256209894,1.2496402047198145
2026-03-23 20:00:00,17.1,94.0,0.0,0.5,90.0,-0.5,6.123233995736766e-17
2026-03-23 21:00:00,16.7,95.0,0.0,2.4,42.0,-1.6059134552612595,-1.7835475811457464
2026-03-23 22:00:00,15.9,95.0,0.0,1.8,45.0,-1.272792206135786,-1.2727922061357855
2026-03-23 23:00:00,14.2,97.0,0.0,3.0,33.0,-1.633917105045081,-2.516011703836272
2026-03-24 00:00:00,13.2,100.0,0.0,3.7,39.0,-2.3284854468844003,-2.8754400573907914
2026-03-24 01:00:00,12.2,100.0,0.0,4.2,43.0,-2.864393112262494,-3.071685546800516
2026-03-24 02:00:00,12.4,97.0,0.0,2.8,45.0,-1.9798989873223334,-1.9798989873223327
2026-03-24 03:00:00,11.2,99.0,0.0,5.1,42.0,-3.4125660924301764,-3.7900386099347108
2026-03-24 04:00:00,10.4,100.0,0.0,4.7,47.0,-3.437362397610102,-3.2053922922937423
2026-03-24 05:00:00,10.1,99.0,0.0,5.2,46.0,-3.740566961760986,-3.6122235263867863
2026-03-24 06:00:00,9.8,98.0,0.0,4.7,47.0,-3.437362397610102,-3.2053922922937423
2026-03-24 07:00:00,13.4,83.0,0.0,4.3,45.0,-3.040559159102155,-3.040559159102154
2026-03-24 08:00:00,19.1,65.0,0.0,3.3,248.0,3.0597067200703982,1.2362017582725096
2026-03-24 09:00:00,21.4,62.0,0.0,5.6,230.0,4.289848881466277,3.5996106142446194
2026-03-24 10:00:00,22.7,61.0,0.0,8.5,238.0,7.20840881732962,4.504313745982242
2026-03-24 11:00:00,24.1,57.0,0.0,9.2,237.0,7.715769225097901,5.0106791221382485
2026-03-24 12:00:00,25.0,53.0,0.0,9.8,246.0,8.95274548489749,3.9860191021428424
2026-03-24 13:00:00,26.0,48.0,0.0,11.0,242.0,9.712423521448198,5.164187190644799
2026-03-24 14:00:00,24.1,57.0,0.0,11.9,238.0,10.09177234426147,6.306039244375138
2026-03-24 15:00:00,23.1,66.0,0.0,9.8,234.0,7.9283665448744856,5.760295472466237
2026-03-24 16:00:00,22.1,72.0,0.0,7.7,239.0,6.600188215406265,3.9657931768074173
2026-03-24 17:00:00,20.8,80.0,0.0,6.1,246.0,5.572627291619865,2.481093522762381
2026-03-24 18:00:00,19.0,90.0,0.0,1.2,231.0,0.9325751537483651,0.7551844692598049
2026-03-24 19:00:00,17.5,94.0,0.0,1.1,342.0,0.3399186938124422,-1.0461621679246689
2026-03-24 20:00:00,17.5,95.0,0.0,1.4,40.0,-0.8999026535611552,-1.072462220366569
2026-03-24 21:00:00,16.8,94.0,0.0,1.9,34.0,-1.0624665165944185,-1.5751713878545794
2026-03-24 22:00:00,15.9,94.0,0.0,2.3,23.0,-0.8986815955253298,-2.1171611629406124
2026-03-24 23:00:00,14.6,96.0,0.0,3.6,37.0,-2.166534083347374,-2.875087836170254
2026-03-25 00:00:00,13.6,98.0,0.0,4.7,40.0,-3.0211017655267356,-3.6004088826591962
2026-03-25 01:00:00,12.8,100.0,0.0,5.7,37.0,-3.4303456319666754,-4.55222240726957
2026-03-25 02:00:00,12.4,100.0,0.0,4.4,52.0,-3.467247315869577,-2.708910491432896
2026-03-25 03:00:00,12.6,99.0,0.0,6.6,41.0,-4.329989591337347,-4.981083229470295
2026-03-25 04:00:00,12.4,99.0,0.0,7.3,42.0,-4.884653426419664,-5.424957225984978
2026-03-25 05:00:00,11.9,99.0,0.0,6.1,43.0,-4.160189996381241,-4.461257579876939
2026-03-25 06:00:00,11.6,98.0,0.0,5.9,45.0,-4.171930009000632,-4.17193000900063
2026-03-25 07:00:00,14.6,85.0,0.0,5.7,49.0,-4.301844607269802,-3.7395364652458905
2026-03-25 08:00:00,21.0,70.0,0.0,1.1,180.0,6.735557395310444e-17,1.1
2026-03-25 09:00:00,23.5,55.0,0.0,3.6,250.0,3.3828934348292705,1.2312725159724074
2026-03-25 10:00:00,24.9,51.0,0.1,7.8,261.0,7.703969056642075,1.2201888273138009
2026-03-25 11:00:00,25.1,51.0,0.2,10.0,264.0,9.945218953682733,1.0452846326765348
2026-03-25 12:00:00,25.5,50.0,0.2,10.4,260.0,10.242000631326963,1.8059410477360756
2026-03-25 13:00:00,25.2,52.0,0.3,10.8,255.0,10.431998923921938,2.795245687107224
2026-03-25 14:00:00,23.9,57.0,0.4,9.9,270.0,9.9,0.0
2026-03-25 15:00:00,23.7,59.0,0.2,8.8,275.0,8.766513343207361,-0.7669705361793919
2026-03-25 16:00:00,23.0,61.0,0.0,6.0,254.0,5.767570175629913,1.653824134901995
2026-03-25 17:00:00,22.0,64.0,0.0,4.6,257.0,4.482102298012082,1.034774849981779
2026-03-25 18:00:00,19.4,80.0,0.0,0.4,27.0,-0.18159619989581877,-0.35640260967534715
2026-03-25 19:00:00,17.5,87.0,0.0,2.4,63.0,-2.138415658052083,-1.089577199374912
2026-03-25 20:00:00,17.0,91.0,0.0,2.3,58.0,-1.9505106211597798,-1.218814307736371
2026-03-25 21:00:00,16.2,93.0,0.0,3.0,52.0,-2.3640322608201663,-1.8469844259769745
2026-03-25 22:00:00,16.0,90.0,0.0,3.8,49.0,-2.867896404846534,-2.4930243101639267
2026-03-25 23:00:00,15.1,93.0,0.0,4.2,47.0,-3.0716855468005164,-2.8643931122624933
2026-03-26 00:00:00,14.4,96.0,0.0,4.3,42.0,-2.87726160734309,-3.195522749552796
2026-03-26 01:00:00,14.1,96.0,0.0,4.7,50.0,-3.6004088826591967,-3.0211017655267347
2026-03-26 02:00:00,13.9,94.0,0.0,5.9,67.0,-5.4309786353693985,-2.305313658086714
2026-03-26 03:00:00,13.6,93.0,0.0,5.8,56.0,-4.808417920819243,-3.2433188401303306
2026-03-26 04:00:00,13.3,94.0,0.0,5.4,56.0,-4.4768028917972265,-3.0196416787420324
2026-03-26 05:00:00,13.1,94.0,0.0,5.7,55.0,-4.669166652447253,-3.269385687200963
2026-03-26 06:00:00,12.6,96.0,0.0,4.8,56.0,-3.9793803482642005,-2.684125936659584
2026-03-26 07:00:00,15.6,83.0,0.0,4.0,58.0,-3.3921923846257043,-2.119677056932819
2026-03-26 08:00:00,20.0,62.0,0.0,2.6,102.0,-2.543183761907895,0.5405703961261742
2026-03-26 09:00:00,22.8,49.0,0.0,3.1,173.0,-0.37779496455595685,3.0768930700880985
2026-03-26 10:00:00,24.4,46.0,0.0,8.1,239.0,6.94305513568711,4.171808406771438
2026-03-26 11:00:00,24.6,50.0,0.0,12.7,254.0,12.208023538416649,3.500594418875889
2026-03-26 12:00:00,24.6,50.0,0.1,11.6,248.0,10.755332712974734,4.345436483624579
2026-03-26 13:00:00,24.8,53.0,0.4,10.4,226.0,7.4811339235219725,7.224447052773572
2026-03-26 14:00:00,24.0,55.0,0.4,9.2,228.0,6.836932394392027,6.156001578501495
2026-03-26 15:00:00,23.3,59.0,0.1,11.0,266.0,10.973204552858066,0.7673212111853783
2026-03-26 16:00:00,20.1,73.0,0.2,12.9,278.0,12.774458086766257,-1.7953330023848442
2026-03-26 17:00:00,18.4,80.0,0.1,4.0,291.0,3.734321705988807,-1.433471798181201
2026-03-26 18:00:00,17.6,89.0,0.2,1.4,247.0,1.2887067948334165,0.5470235798849833
2026-03-26 19:00:00,16.5,100.0,0.1,0.7000000000000001,14.0,-0.16934532691976747,-0.6792070083931976
2026-03-26 20:00:00,17.0,98.0,0.1,2.9,22.0,-1.0863591209061456,-2.688833178243683
2026-03-26 21:00:00,16.6,98.0,0.6,2.3,122.0,-1.9505106211597796,1.2188143077363711
2026-03-26 22:00:00,16.3,98.0,0.5,5.9,67.0,-5.4309786353693985,-2.305313658086714
2026-03-26 23:00:00,15.9,98.0,0.4,7.3,73.0,-6.981024718530159,-2.1343134444759784
2026-03-27 00:00:00,15.6,98.0,0.0,7.2,58.0,-6.1059462923262675,-3.8154187024790747
2026-03-27 01:00:00,15.1,98.0,0.0,6.8,50.0,-5.20910221320905,-4.370955745868467
2026-03-27 02:00:00,14.6,99.0,0.1,6.4,63.0,-5.702441754805555,-2.905539198333099
2026-03-27 03:00:00,14.8,98.0,0.1,3.3,77.0,-3.2154212137912763,-0.7423384793347544
2026-03-27 04:00:00,14.6,98.0,0.2,3.3,68.0,-3.0597067200703982,-1.2362017582725096
2026-03-27 05:00:00,14.7,99.0,0.1,6.6,57.0,-5.535225748439799,-3.5946176310991786
2026-03-27 06:00:00,14.4,99.0,0.8,7.3,59.0,-6.25732129512542,-3.7597779468433954
2026-03-27 07:00:00,15.4,100.0,0.6,7.6,68.0,-7.046597294707584,-2.847010109960931
2026-03-27 08:00:00,18.0,89.0,0.7000000000000001,5.4,82.0,-5.34744757120448,-0.7515347451843538
2026-03-27 09:00:00,19.9,78.0,0.0,2.1,105.0,-2.028444235207043,0.5435199947152941
2026-03-27 10:00:00,22.6,61.0,0.1,3.8,229.0,2.8678964048465336,2.4930243101639276
2026-03-27 11:00:00,23.5,57.0,0.1,10.5,258.0,10.27054980770496,2.183072753586473
2026-03-27 12:00:00,19.1,84.0,1.2,9.6,291.0,8.962372094373137,-3.4403323156348824
2026-03-27 13:00:00,21.4,74.0,0.3,5.0,255.0,4.8296291314453415,1.2940952255126037
2026-03-27 14:00:00,21.6,71.0,0.1,4.4,282.0,4.303849443228746,-0.9148114395981412
2026-03-27 15:00:00,22.6,63.0,0.0,10.3,270.0,10.3,0.0
2026-03-27 16:00:00,20.6,74.0,0.3,6.3,265.0,6.276026597977997,0.5490811793102465
2026-03-27 17:00:00,20.2,75.0,0.0,1.4,220.0,0.8999026535611551,1.0724622203665692
2026-03-27 18:00:00,17.9,91.0,0.0,2.4,207.0,1.0895771993749124,2.138415658052083
2026-03-27 19:00:00,16.8,92.0,0.0,1.8,66.0,-1.6443818237566816,-0.7321259575364404
2026-03-27 20:00:00,15.9,93.0,0.0,2.6,65.0,-2.35640024629529,-1.0988074805258181
2026-03-27 21:00:00,15.1,95.0,0.1,2.8,55.0,-2.293625724009177,-1.606014021782929
2026-03-27 22:00:00,14.4,98.0,0.0,4.8,48.0,-3.5670951622914924,-3.2118269105225195
2026-03-27 23:00:00,13.4,100.0,0.0,7.2,51.0,-5.59545092249019,-4.5311068155588305
2026-03-28 00:00:00,12.9,99.0,0.0,7.0,46.0,-5.035378602370558,-4.862608593212982
2026-03-28 01:00:00,12.4,100.0,0.0,5.9,43.0,-4.023790324368742,-4.314986839553106
2026-03-28 02:00:00,11.6,100.0,0.0,2.9,60.0,-2.5114736709748717,-1.4500000000000002
2026-03-28 03:00:00,11.8,100.0,0.0,6.0,53.0,-4.791813060283757,-3.61089013891229
2026-03-28 04:00:00,11.4,100.0,0.0,5.4,48.0,-4.012982057577929,-3.6133052743378347
2026-03-28 05:00:00,11.6,100.0,0.0,4.2,50.0,-3.2173866610997077,-2.699707960683465
2026-03-28 06:00:00,12.5,97.0,0.0,3.1,50.0,-2.3747377736688318,-1.9926415900282717
2026-03-28 07:00:00,14.4,97.0,0.4,2.0,27.0,-0.9079809994790938,-1.7820130483767356
2026-03-28 08:00:00,20.1,63.0,0.9,1.4,203.0,0.5470235798849832,1.2887067948334165
2026-03-28 09:00:00,21.8,56.0,0.0,5.5,224.0,3.820621037524485,3.956368901862581
2026-03-28 10:00:00,22.5,56.0,0.0,8.0,226.0,5.7547184027092095,5.557266963671978
2026-03-28 11:00:00,23.8,53.0,0.0,6.9,229.0,5.207496103537127,4.5268073000345
2026-03-28 12:00:00,24.7,52.0,0.0,10.1,250.0,9.490895469937675,3.4544034475892538
2026-03-28 13:00:00,24.8,53.0,0.0,13.3,262.0,13.170565314262886,1.8510022427688704
2026-03-28 14:00:00,24.6,54.0,0.0,12.4,257.0,12.082188803336917,2.789393073863926
2026-03-28 15:00:00,24.3,55.0,0.0,10.1,254.0,9.708743128977021,2.7839372937516913
2026-03-28 16:00:00,22.0,68.0,0.4,8.4,260.0,8.272385125302547,1.458644692402215
2026-03-28 17:00:00,21.0,75.0,0.1,3.6,243.0,3.2076234870781244,1.6343657990623683
2026-03-28 18:00:00,18.7,90.0,0.0,4.5,214.0,2.5163680656183605,3.730669076497688
2026-03-28 19:00:00,17.1,97.0,0.5,2.7,180.0,1.6532731788489269e-16,2.7
2026-03-28 20:00:00,17.3,95.0,0.1,1.5,97.0,-1.488819227461983,0.18280401510772132
2026-03-28 21:00:00,16.6,94.0,0.1,1.9,68.0,-1.761649323676896,-0.7117525274902328
2026-03-28 22:00:00,15.9,92.0,0.0,2.1,70.0,-1.9733545036504079,-0.7182423009839042
2026-03-28 23:00:00,15.6,91.0,0.0,1.9,73.0,-1.8169790363297673,-0.5555062389731998
2026-03-29 00:00:00,15.4,88.0,0.0,1.7000000000000002,41.0,-1.1153003492838625,-1.2830062863787126
2026-03-29 01:00:00,15.1,89.0,0.0,1.9,41.0,-1.2465121550819638,-1.4339482024232668
2026-03-29 02:00:00,15.0,90.0,0.0,3.0,57.0,-2.516011703836272,-1.6339171050450814
2026-03-29 03:00:00,14.6,95.0,0.0,3.2,52.0,-2.521634411541511,-1.9701167210421062
2026-03-29 04:00:00,15.1,96.0,0.0,1.5,69.0,-1.4003706397458027,-0.5375519243179506
2026-03-29 05:00:00,15.1,95.0,0.1,1.9,73.0,-1.8169790363297673,-0.5555062389731998
2026-03-29 06:00:00,15.4,95.0,0.1,4.4,60.0,-3.81051177665153,-2.2000000000000006
2026-03-29 07:00:00,16.2,96.0,0.2,7.2,71.0,-6.8077337443150805,-2.344090712091529
2026-03-29 08:00:00,18.0,94.0,0.0,3.6,84.0,-3.580278823325784,-0.3763024677635526
2026-03-29 09:00:00,19.3,84.0,0.0,3.6,135.0,-2.545584412271571,2.5455844122715714
2026-03-29 10:00:00,21.5,66.0,0.1,4.6,206.0,2.016507275229756,4.134452612976168
2026-03-29 11:00:00,23.3,59.0,0.2,6.0,229.0,4.528257481336632,3.9363541739430437
2026-03-29 12:00:00,24.0,59.0,0.0,8.4,250.0,7.8934180146016315,2.872969203935617
2026-03-29 13:00:00,24.2,59.0,0.0,10.8,249.0,10.08266860616978,3.8703738550892433
2026-03-29 14:00:00,23.2,64.0,0.7000000000000001,8.4,260.0,8.272385125302547,1.458644692402215
2026-03-29 15:00:00,22.0,74.0,0.5,7.2,258.0,7.042662725283401,1.4969641738878674
2026-03-29 16:00:00,21.6,76.0,0.2,5.1,238.0,4.325045290397772,2.702588247589345
2026-03-29 17:00:00,21.4,77.0,0.2,4.3,197.0,1.257198330307768,4.112110450641052
2026-03-29 18:00:00,19.5,87.0,0.0,1.5,187.0,0.18280401510772123,1.488819227461983
2026-03-29 19:00:00,17.6,92.0,0.0,0.8,45.0,-0.5656854249492381,-0.565685424949238
2026-03-29 20:00:00,17.0,90.0,0.0,1.3,56.0,-1.0777488443215544,-0.7269507745119708
2026-03-29 21:00:00,15.4,95.0,0.0,3.1,40.0,-1.9926415900282723,-2.3747377736688318
2026-03-29 22:00:00,14.1,98.0,0.0,4.1,34.0,-2.292690904230061,-3.3990540474756714
2026-03-29 23:00:00,12.8,100.0,0.0,3.1,50.0,-2.3747377736688318,-1.9926415900282717
2026-03-30 00:00:00,12.6,97.0,0.0,2.6,51.0,-2.0205794997881243,-1.6362330167295778
2026-03-30 01:00:00,12.6,96.0,0.1,3.5,51.0,-2.7200108650993977,-2.2026213686744316
2026-03-30 02:00:00,12.9,97.0,0.1,5.0,52.0,-3.94005376803361,-3.078307376628291
2026-03-30 03:00:00,14.2,87.0,0.0,9.2,59.0,-7.8859391664594325,-4.738350289172498
2026-03-30 04:00:00,14.6,80.0,0.0,11.8,61.0,-10.320512544244872,-5.720753518906776
2026-03-30 05:00:00,14.9,79.0,0.0,13.2,52.0,-10.40174194760873,-8.126731474298687
2026-03-30 06:00:00,14.4,82.0,0.0,11.6,53.0,-9.264171916548596,-6.981054268563761
2026-03-30 07:00:00,16.5,76.0,0.0,7.6,45.0,-5.374011537017762,-5.37401153701776
2026-03-30 08:00:00,22.0,64.0,0.0,3.5,69.0,-3.267531492740206,-1.2542878234085515
2026-03-30 09:00:00,25.6,44.0,0.0,3.0,197.0,0.8771151141682103,2.868914267889106
2026-03-30 10:00:00,26.6,44.0,0.0,7.9,240.0,6.841600689897066,3.9499999999999997
2026-03-30 11:00:00,26.5,51.0,0.0,9.5,248.0,8.80824661838448,3.558762637451164
2026-03-30 12:00:00,26.4,53.0,0.0,10.4,244.0,9.347458081511338,4.559059926606405
2026-03-30 13:00:00,26.4,55.0,0.0,9.1,252.0,8.654614298285896,2.8120546488120213
2026-03-30 14:00:00,25.4,59.0,3.3,5.0,257.0,4.871850323926176,1.124755271719325
2026-03-30 15:00:00,19.5,87.0,1.5,8.0,85.0,-7.969557584733964,-0.6972459419812636
2026-03-30 16:00:00,19.8,75.0,0.2,6.8,169.0,-1.2975011685605047,6.675064847444115
2026-03-30 17:00:00,16.9,96.0,3.4,4.9,126.0,-3.9641832724372423,2.880147736233119
2026-03-30 18:00:00,16.4,99.0,5.1,11.1,51.0,-8.626320172172376,-6.985456340653197
2026-03-30 19:00:00,16.3,96.0,0.0,12.0,57.0,-10.064046815345089,-6.5356684201803255
2026-03-30 20:00:00,16.1,98.0,0.0,10.9,51.0,-8.470890979880982,-6.85959226244323
2026-03-30 21:00:00,15.1,99.0,0.0,9.4,50.0,-7.200817765318393,-6.042203531053469
2026-03-30 22:00:00,14.4,99.0,0.0,10.0,57.0,-8.386705679454241,-5.446390350150271
2026-03-30 23:00:00,13.7,99.0,0.0,10.2,54.0,-8.251973342624465,-5.995409573383225
2026-03-31 00:00:00,13.2,100.0,0.0,7.7,49.0,-5.811263767715346,-5.051654523226905
2026-03-31 01:00:00,12.9,99.0,0.0,5.5,41.0,-3.6083246594477902,-4.150902691225246
2026-03-31 02:00:00,12.3,100.0,0.0,4.9,54.0,-3.964183272437243,-2.880147736233118
2026-03-31 03:00:00,12.0,99.0,0.0,5.3,45.0,-3.7476659402887025,-3.7476659402887016
2026-03-31 04:00:00,12.4,95.0,0.0,2.6,51.0,-2.0205794997881243,-1.6362330167295778
2026-03-31 05:00:00,11.9,95.0,0.0,6.6,53.0,-5.270994366312133,-3.971979152803519
2026-03-31 06:00:00,11.0,98.0,0.0,9.1,52.0,-7.17089785782117,-5.602519425463489
2026-03-31 07:00:00,14.2,84.0,0.0,11.7,53.0,-9.344035467553326,-7.0412357708789655
2026-03-31 08:00:00,20.5,79.0,0.0,3.7,55.0,-3.03086256386927,-2.122232814498871
2026-03-31 09:00:00,24.4,46.0,0.0,4.3,112.0,-3.986890574637185,1.6108083516884226
2026-03-31 10:00:00,26.9,35.0,0.0,5.1,157.0,-1.9927287552952961,4.694574752607445
2026-03-31 11:00:00,28.2,31.0,0.0,5.2,209.0,2.521010025280953,4.548022477124858
2026-03-31 12:00:00,28.6,30.0,0.0,10.0,252.0,9.510565162951535,3.090169943749474
2026-03-31 13:00:00,28.0,35.0,0.0,10.4,249.0,9.709236435570899,3.727026675271123
2026-03-31 14:00:00,28.5,28.0,0.0,10.5,239.0,9.00025665737218,5.407899786555569
2026-03-31 15:00:00,27.1,40.0,0.1,7.5,233.0,5.989766325354696,4.513612673640362
2026-03-31 16:00:00,25.5,52.0,0.0,11.9,260.0,11.719212260845277,2.066413314236471
2026-03-31 17:00:00,21.8,80.0,0.4,4.7,277.0,4.664966912714213,-0.5727859140041932
2026-03-31 18:00:00,19.5,94.0,0.1,3.6,177.0,-0.18840944247459784,3.595066325116466
2026-03-31 19:00:00,17.6,98.0,0.0,6.0,117.0,-5.346039145130207,2.7239429984372814
2026-03-31 20:00:00,17.1,83.0,0.0,11.7,73.0,-11.188765644767514,-3.42074894525602
2026-03-31 21:00:00,16.2,85.0,0.0,9.6,62.0,-8.476296891445697,-4.506927002744552
2026-03-31 22:00:00,15.8,86.0,0.0,7.1,63.0,-6.326146321737411,-3.2233325481507813
2026-03-31 23:00:00,15.9,82.0,0.0,3.3,6.0,-0.3449439287832561,-3.281922254715302
2026-04-01 00:00:00,16.6,82.0,0.3,1.2,63.0,-1.0692078290260414,-0.544788599687456
2026-04-01 01:00:00,17.1,80.0,0.2,7.9,78.0,-7.727366045797065,-1.6425023574603002
2026-04-01 02:00:00,16.3,87.0,0.0,10.8,75.0,-10.431998923921938,-2.795245687107225
2026-04-01 03:00:00,15.5,88.0,0.0,9.4,60.0,-8.140638795573723,-4.700000000000001
2026-04-01 04:00:00,16.2,79.0,0.0,10.2,46.0,-7.33726596345424,-7.085515378681773
2026-04-01 05:00:00,16.1,76.0,0.2,12.8,51.0,-9.947468306649228,-8.055301005437922
2026-04-01 06:00:00,14.4,97.0,1.4,12.9,51.0,-10.025182902794924,-8.118233044542906
2026-04-01 07:00:00,15.1,95.0,0.0,13.9,59.0,-11.914625479759362,-7.159029241249753
2026-04-01 08:00:00,18.8,77.0,0.0,8.9,58.0,-7.547628055792193,-4.716281451675523
2026-04-01 09:00:00,20.2,77.0,0.4,7.1,27.0,-3.223332548150783,-6.3261463217374105
2026-04-01 10:00:00,20.0,81.0,0.0,2.9,187.0,0.3534210958749277,2.8783838397598336
2026-04-01 11:00:00,21.0,67.0,0.3,5.0,199.0,1.6278407722857837,4.7275928779965835
2026-04-01 12:00:00,19.5,88.0,1.3,3.0,303.0,2.516011703836272,-1.6339171050450814
2026-04-01 13:00:00,19.9,87.0,4.8,3.2,317.0,2.182394752199995,-2.3403318451813457
2026-04-01 14:00:00,22.5,62.0,1.3,3.5,195.0,0.9058666578588226,3.380740392011739
2026-04-01 15:00:00,23.0,64.0,0.0,3.9,242.0,3.4434956121498153,1.8309390948649742
2026-04-01 16:00:00,22.1,69.0,0.0,7.6,243.0,6.7716495838315955,3.450327798020555
2026-04-01 17:00:00,20.0,83.0,0.1,5.0,226.0,3.596699001693256,3.4732918522949863
2026-04-01 18:00:00,18.6,90.0,0.1,3.4,137.0,-2.3187944242124945,2.48660258550518
2026-04-01 19:00:00,17.0,94.0,0.0,4.8,70.0,-4.51052457977236,-1.6416966879632096
2026-04-01 20:00:00,16.4,91.0,0.0,1.7000000000000002,49.0,-1.2830062863787128,-1.115300349283862
2026-04-01 21:00:00,15.6,93.0,0.0,2.2,35.0,-1.261868159972302,-1.8021344974357816
2026-04-01 22:00:00,14.8,95.0,0.0,2.4,54.0,-1.9416407864998741,-1.4106846055019353
2026-04-01 23:00:00,13.8,98.0,0.0,4.6,39.0,-2.894873798829254,-3.5748714227020644
2026-04-02 00:00:00,12.9,100.0,0.0,5.9,45.0,-4.171930009000632,-4.17193000900063
2026-04-02 01:00:00,12.0,99.0,0.0,6.9,49.0,-5.207496103537128,-4.526807300034499
2026-04-02 02:00:00,10.6,100.0,0.0,4.6,48.0,-3.4184661971960133,-3.0780007892507477
2026-04-02 03:00:00,10.3,100.0,0.0,7.6,47.0,-5.558288132305696,-5.183187536474987
2026-04-02 04:00:00,9.8,100.0,0.0,5.7,46.0,-4.100236861930311,-3.959552711616285
2026-04-02 05:00:00,9.1,100.0,0.0,5.4,48.0,-4.012982057577929,-3.6133052743378347
2026-04-02 06:00:00,8.7,100.0,0.0,5.7,53.0,-4.55222240726957,-3.430345631966676
2026-04-02 07:00:00,12.2,95.0,0.0,5.4,50.0,-4.136639992842482,-3.4710530923073124
2026-04-02 08:00:00,19.4,72.0,0.0,2.9,83.0,-2.878383839759834,-0.3534210958749272
2026-04-02 09:00:00,22.6,42.0,0.0,2.4,216.0,1.4106846055019355,1.9416407864998737
2026-04-02 10:00:00,24.1,41.0,0.0,6.6,241.0,5.772490067120011,3.1997434936258244
2026-04-02 11:00:00,25.0,43.0,0.0,8.6,233.0,6.868265386406718,5.1756091991076145
2026-04-02 12:00:00,25.6,44.0,0.0,11.0,238.0,9.328529057720685,5.829111906565254
2026-04-02 13:00:00,24.2,53.0,0.4,12.0,242.0,10.595371114307124,5.63365875343069
2026-04-02 14:00:00,23.7,57.0,0.7000000000000001,9.2,242.0,8.123117854302128,4.319138377630195
2026-04-02 15:00:00,22.6,63.0,0.1,9.2,239.0,7.8859391664594325,4.738350289172498
2026-04-02 16:00:00,20.8,77.0,0.5,11.2,235.0,9.174502896036708,6.424056087131715
2026-04-02 17:00:00,19.6,84.0,0.1,5.1,252.0,4.850388233105282,1.5759866713122317
2026-04-02 18:00:00,18.2,97.0,0.8,1.3,90.0,-1.3,1.5920408388915593e-16
2026-04-02 19:00:00,17.0,98.0,0.0,2.4,54.0,-1.9416407864998741,-1.4106846055019353
2026-04-02 20:00:00,16.6,98.0,0.0,1.4,360.0,8.572527594031472e-17,-1.4
2026-04-02 21:00:00,16.6,97.0,0.1,0.5,360.0,3.061616997868383e-17,-0.5
2026-04-02 22:00:00,16.5,97.0,0.5,2.9,86.0,-2.89293574575349,-0.2022937738579633
2026-04-02 23:00:00,16.5,94.0,0.3,1.1,9.0,-0.17207791154425414,-1.0864571746546514
2026-04-03 00:00:00,16.1,98.0,0.8,1.9,319.0,1.2465121550819638,-1.4339482024232668
2026-04-03 01:00:00,16.0,97.0,3.1,2.9,79.0,-2.8467188319982255,-0.5533460865919797
2026-04-03 02:00:00,15.9,99.0,2.5,1.3,315.0,0.9192388155425119,-0.9192388155425117
2026-04-03 03:00:00,15.6,98.0,0.1,2.4,73.0,-2.295131414311285,-0.7016920913345682
2026-04-03 04:00:00,15.5,96.0,0.4,1.5,54.0,-1.2135254915624214,-0.8816778784387096
2026-04-03 05:00:00,15.4,94.0,0.5,2.7,70.0,-2.537170076121953,-0.9234543869793055
2026-04-03 06:00:00,15.4,92.0,0.5,1.1,81.0,-1.0864571746546516,-0.1720779115442538
2026-04-03 07:00:00,15.7,98.0,4.5,8.4,35.0,-4.81804206534879,-6.88087717202753
2026-04-03 08:00:00,17.6,96.0,0.2,4.4,30.0,-2.200000000000002,-3.8105117766515293
2026-04-03 09:00:00,19.2,95.0,2.0,9.3,61.0,-8.133963276396383,-4.508729468290934
2026-04-03 10:00:00,23.1,64.0,0.0,7.6,78.0,-7.433921765576922,-1.5801288502149722
2026-04-03 11:00:00,24.7,53.0,0.0,2.5,94.0,-2.4939101256495606,0.1743911843603138
2026-04-03 12:00:00,23.9,61.0,0.0,7.8,244.0,7.010593561133502,3.4192949449548036
2026-04-03 13:00:00,23.6,65.0,0.1,5.1,238.0,4.325045290397772,2.702588247589345
2026-04-03 14:00:00,24.0,67.0,0.2,4.7,162.0,-1.4523798735622526,4.469965626587222
2026-04-03 15:00:00,24.9,62.0,0.1,4.0,212.0,2.1196770569328196,3.392192384625704
2026-04-03 16:00:00,23.9,62.0,0.1,6.1,256.0,5.918803930283578,1.475723563157973
2026-04-03 17:00:00,18.9,90.0,2.2,5.8,86.0,-5.78587149150698,-0.4045875477159266
2026-04-03 18:00:00,17.1,98.0,7.3,10.7,63.0,-9.533769808815537,-4.857698347213149
2026-04-03 19:00:00,17.8,93.0,0.0,11.8,66.0,-10.77983640018269,-4.799492388294443
2026-04-03 20:00:00,16.8,97.0,0.0,10.8,47.0,-7.8986199774870425,-7.365582288674982
2026-04-03 21:00:00,16.2,96.0,0.0,11.1,46.0,-7.984671783759027,-7.710707912094871
2026-04-03 22:00:00,16.0,97.0,0.0,7.8,42.0,-5.219218729599093,-5.796529638723676
2026-04-03 23:00:00,15.8,99.0,1.9,8.7,58.0,-7.3780184365609065,-4.610297598828882
2026-04-04 00:00:00,15.8,98.0,2.9,11.7,45.0,-8.273149339882607,-8.273149339882604
2026-04-04 01:00:00,15.8,97.0,0.0,11.9,42.0,-7.962654215670412,-8.843423423180994
2026-04-04 02:00:00,15.2,99.0,0.0,10.8,54.0,-8.737383539249434,-6.348080724758709
2026-04-04 03:00:00,15.9,94.0,0.2,7.8,50.0,-5.975146656328028,-5.013743355555006
2026-04-04 04:00:00,15.3,99.0,3.1,9.3,56.0,-7.710049424761889,-5.200494002277945
2026-04-04 05:00:00,15.2,100.0,8.0,11.1,51.0,-8.626320172172376,-6.985456340653197
2026-04-04 06:00:00,15.2,96.0,0.9,10.7,55.0,-8.764926873892211,-6.137267868956194
2026-04-04 07:00:00,15.8,99.0,0.9,9.3,44.0,-6.460322845268675,-6.689860143149456
2026-04-04 08:00:00,17.2,93.0,4.0,5.4,90.0,-5.4,6.613092715395707e-16
2026-04-04 09:00:00,17.3,97.0,0.9,7.3,74.0,-7.017210380349728,-2.0121526974640926
2026-04-04 10:00:00,18.5,96.0,1.1,4.9,144.0,-2.880147736233118,3.9641832724372428
2026-04-04 11:00:00,20.0,86.0,0.5,4.8,101.0,-4.711810480548787,0.9158831778074158
2026-04-04 12:00:00,20.6,82.0,0.4,1.4,230.0,1.0724622203665692,0.8999026535611548
2026-04-04 13:00:00,18.2,96.0,4.4,3.6,250.0,3.3828934348292705,1.2312725159724074
2026-04-04 14:00:00,17.0,98.0,0.4,3.2,153.0,-1.4527695991665495,2.8512208774027776
2026-04-04 15:00:00,18.0,97.0,0.7000000000000001,3.5,51.0,-2.7200108650993977,-2.2026213686744316
2026-04-04 16:00:00,19.4,91.0,0.7000000000000001,2.0,45.0,-1.4142135623730954,-1.414213562373095
2026-04-04 17:00:00,17.8,95.0,0.1,7.4,51.0,-5.750880114781584,-4.656970893768799
2026-04-04 18:00:00,17.5,94.0,1.5,0.9,11.0,-0.17172809583889015,-0.8834644651028976
2026-04-04 19:00:00,17.1,96.0,1.6,2.1,70.0,-1.9733545036504079,-0.7182423009839042
2026-04-04 20:00:00,17.2,97.0,3.3,1.8,270.0,1.8,0.0
2026-04-04 21:00:00,16.8,99.0,11.7,4.4,63.0,-3.9204287064288192,-1.9975581988540057
2026-04-04 22:00:00,16.3,98.0,3.7,7.7,72.0,-7.323135175472683,-2.3794308566870943
2026-04-04 23:00:00,15.9,98.0,0.5,9.1,54.0,-7.362054648812022,-5.3488457958615045
2026-04-05 00:00:00,15.6,98.0,0.0,8.7,48.0,-6.46535998165333,-5.821436275322066
2026-04-05 01:00:00,15.2,98.0,0.0,6.2,44.0,-4.306881896845783,-4.459906762099638
2026-04-05 02:00:00,15.8,91.0,0.0,2.5,60.0,-2.1650635094610964,-1.2500000000000002
2026-04-05 03:00:00,15.5,88.0,0.0,1.4,67.0,-1.2887067948334165,-0.547023579884983
2026-04-05 04:00:00,14.9,90.0,0.0,4.0,82.0,-3.961072274966281,-0.5566924038402621
2026-04-05 05:00:00,14.4,93.0,0.0,5.6,69.0,-5.22805038838433,-2.006860517453682
2026-04-05 06:00:00,14.7,95.0,0.0,7.5,60.0,-6.495190528383289,-3.750000000000001
2026-04-05 07:00:00,16.0,96.0,0.0,7.2,65.0,-6.5254160666638805,-3.042851484533035
2026-04-05 08:00:00,19.9,89.0,0.0,3.6,57.0,-3.0192140446035265,-1.9607005260540975
2026-04-05 09:00:00,21.8,69.0,0.0,1.5,216.0,0.8816778784387097,1.2135254915624212
2026-04-05 10:00:00,23.6,58.0,0.0,4.8,211.0,2.47218275956826,4.114403043370139
2026-04-05 11:00:00,24.6,55.0,0.1,9.4,244.0,8.44866403521217,4.1206887798173275
2026-04-05 12:00:00,24.5,59.0,0.6,10.7,247.0,9.849401931941111,4.180823074835229
2026-04-05 13:00:00,21.8,81.0,1.3,12.8,242.0,11.301729188594265,6.009236003659403
2026-04-05 14:00:00,21.8,81.0,1.3,6.0,209.0,2.9088577214780225,5.247718242836374
2026-04-05 15:00:00,22.8,72.0,0.2,7.3,226.0,5.251180542472153,5.07100610435068
2026-04-05 16:00:00,23.0,71.0,0.0,6.5,222.0,4.349348941332579,4.830441365603063
2026-04-05 17:00:00,21.9,77.0,0.1,7.3,224.0,5.07100610435068,5.251180542472153
2026-04-05 18:00:00,19.2,95.0,0.2,5.5,224.0,3.820621037524485,3.956368901862581
2026-04-05 19:00:00,17.8,100.0,0.5,3.2,207.0,1.45276959916655,2.851220877402777
2026-04-05 20:00:00,18.8,94.0,1.2,2.4,107.0,-2.2951314143112853,0.7016920913345678
2026-04-05 21:00:00,19.0,92.0,0.1,1.2,117.0,-1.0692078290260414,0.5447885996874562
2026-04-05 22:00:00,18.0,94.0,0.0,0.8,63.0,-0.7128052193506944,-0.36319239979163737
2026-04-05 23:00:00,16.3,97.0,0.0,5.0,52.0,-3.94005376803361,-3.078307376628291
2026-04-06 00:00:00,14.9,99.0,0.0,5.5,54.0,-4.449593469062211,-3.2328188876086017
2026-04-06 01:00:00,15.2,98.0,0.0,3.1,24.0,-1.2608835935349803,-2.831990918692063
2026-04-06 02:00:00,15.8,97.0,0.0,5.2,70.0,-4.886401628086724,-1.778504745293477
2026-04-06 03:00:00,15.5,99.0,1.1,6.9,70.0,-6.483879083422768,-2.359938988947114
2026-04-06 04:00:00,15.4,100.0,10.6,9.0,55.0,-7.372368398600926,-5.162187927159415
2026-04-06 05:00:00,15.4,100.0,0.7000000000000001,6.2,60.0,-5.36935750346352,-3.100000000000001
2026-04-06 06:00:00,15.7,100.0,2.1,6.6,47.0,-4.826934430686525,-4.501189176412489
2026-04-06 07:00:00,16.4,100.0,2.1,6.8,35.0,-3.9003197671871153,-5.5702339011651425
2026-04-06 08:00:00,18.1,99.0,11.1,7.8,61.0,-6.8220337156872874,-3.781515037921428
2026-04-06 09:00:00,19.5,97.0,2.6,6.0,57.0,-5.032023407672544,-3.2678342100901627
2026-04-06 10:00:00,19.5,100.0,2.5,3.3,193.0,0.7423384793347542,3.2154212137912763
2026-04-06 11:00:00,19.0,99.0,2.6,6.9,81.0,-6.815049550106451,-1.0793978087775922
2026-04-06 12:00:00,18.4,96.0,5.8,9.2,67.0,-8.468644651762451,-3.5947263821013165
2026-04-06 13:00:00,19.1,98.0,5.4,8.2,33.0,-4.466040087123221,-6.877098657152477
2026-04-06 14:00:00,18.6,99.0,6.1,7.6,28.0,-3.5679838771727694,-6.710401705727845
2026-04-06 15:00:00,21.0,84.0,0.1,9.7,62.0,-8.56459165073159,-4.553874159023141
2026-04-06 16:00:00,22.6,73.0,0.0,2.7,113.0,-2.485363104321589,1.0549740469210394
2026-04-06 17:00:00,21.0,87.0,0.0,2.7,188.0,0.3757673725921768,2.67372378560224
2026-04-06 18:00:00,19.9,94.0,0.0,1.3,106.0,-1.2496402047198145,0.358328562562099
2026-04-06 19:00:00,17.9,95.0,0.0,4.8,63.0,-4.276831316104166,-2.179154398749824
2026-04-06 20:00:00,18.0,99.0,0.0,10.4,62.0,-9.18265496573284,-4.882504252973265
2026-04-06 21:00:00,17.5,98.0,0.0,8.8,46.0,-6.33019024298013,-6.112993660039177
2026-04-06 22:00:00,17.0,99.0,0.0,5.8,30.0,-2.9000000000000026,-5.022947341949743
2026-04-06 23:00:00,16.6,99.0,0.0,7.3,50.0,-5.5921244347685395,-4.692349550711737
2026-04-07 00:00:00,16.3,96.0,0.0,6.4,54.0,-5.177708763999664,-3.7618256146718276
2026-04-07 01:00:00,16.0,97.0,0.0,7.2,51.0,-5.59545092249019,-4.5311068155588305
2026-04-07 02:00:00,15.9,95.0,0.0,8.5,54.0,-6.876644452187055,-4.996174644486021
2026-04-07 03:00:00,15.6,96.0,0.0,5.4,64.0,-4.853487850015502,-2.3672041926610183
2026-04-07 04:00:00,15.6,91.0,0.0,4.6,54.0,-3.7214781741247585,-2.7038121605453758
2026-04-07 05:00:00,14.8,95.0,0.5,5.5,58.0,-4.664264528860343,-2.914555953282626
2026-04-07 06:00:00,14.9,99.0,2.4,12.4,50.0,-9.498951094675327,-7.970566360113087
2026-04-07 07:00:00,16.0,96.0,0.1,9.2,62.0,-8.123117854302127,-4.319138377630195
2026-04-07 08:00:00,18.8,86.0,0.5,6.9,95.0,-6.873743416833045,0.6013746249588415
2026-04-07 09:00:00,19.6,85.0,0.4,5.2,76.0,-5.045537776635181,-1.2579938571182712
2026-04-07 10:00:00,20.5,78.0,0.0,5.7,49.0,-4.301844607269802,-3.7395364652458905
2026-04-07 11:00:00,22.0,65.0,0.2,2.7,28.0,-1.2675732195219052,-2.383958500719103
2026-04-07 12:00:00,21.5,78.0,1.4,4.9,94.0,-4.8880638462731385,0.3418067213462151
2026-04-07 13:00:00,22.6,69.0,0.4,2.9,4.0,-0.20229377385796418,-2.89293574575349
2026-04-07 14:00:00,19.9,95.0,0.4,2.4,107.0,-2.2951314143112853,0.7016920913345678
2026-04-07 15:00:00,19.7,95.0,5.1,4.6,141.0,-2.894873798829251,3.5748714227020666
2026-04-07 16:00:00,19.2,98.0,3.8,5.0,165.0,-1.2940952255126041,4.8296291314453415
2026-04-07 17:00:00,19.0,98.0,4.1,4.1,209.0,1.987719443009982,3.585940799271522
2026-04-07 18:00:00,18.9,100.0,1.1,2.7,82.0,-2.67372378560224,-0.3757673725921769
2026-04-07 19:00:00,18.4,98.0,0.3,4.4,63.0,-3.9204287064288192,-1.9975581988540057
2026-04-07 20:00:00,18.7,98.0,0.1,2.9,360.0,1.7757378587636622e-16,-2.9
2026-04-07 21:00:00,18.0,98.0,0.3,4.3,68.0,-3.9868905746371857,-1.6108083516884215
2026-04-07 22:00:00,17.3,98.0,0.0,2.4,99.0,-2.37045201742833,0.37544271609655433
2026-04-07 23:00:00,17.1,99.0,0.1,2.8,63.0,-2.49481826772743,-1.2711733992707306
2026-04-08 00:00:00,17.1,99.0,0.3,2.2,42.0,-1.472087333989488,-1.6349186160502678
2026-04-08 01:00:00,16.9,100.0,0.0,3.4,47.0,-2.48660258550518,-2.3187944242124945
2026-04-08 02:00:00,16.1,99.0,0.0,5.2,65.0,-4.71280049259058,-2.1976149610516362
2026-04-08 03:00:00,15.9,99.0,0.0,4.6,51.0,-3.5748714227020653,-2.894873798829253
2026-04-08 04:00:00,16.4,98.0,0.0,1.9,41.0,-1.2465121550819638,-1.4339482024232668
2026-04-08 05:00:00,16.2,100.0,0.0,4.1,49.0,-3.0943092789133653,-2.6898420188610785
2026-04-08 06:00:00,16.0,99.0,0.0,4.2,65.0,-3.8064927055539304,-1.774996699310937
2026-04-08 07:00:00,17.6,99.0,0.2,2.7,42.0,-1.806652637168917,-2.006491028788965
2026-04-08 08:00:00,20.0,99.0,0.1,2.0,270.0,2.0,0.0
2026-04-08 09:00:00,20.5,98.0,3.0,0.6000000000000001,236.0,0.49742254353302506,0.33551574208244817
2026-04-08 10:00:00,20.6,93.0,0.2,4.0,267.0,3.9945181390182953,0.20934382497177534
2026-04-08 11:00:00,22.1,86.0,0.3,2.4,197.0,0.7016920913345682,2.295131414311285
2026-04-08 12:00:00,23.2,78.0,0.0,4.9,180.0,3.0003846579110154e-16,4.9
2026-04-08 13:00:00,25.4,68.0,0.0,8.4,233.0,6.70853828439726,5.055246194477205
2026-04-08 14:00:00,23.6,77.0,0.1,6.6,235.0,5.406403492307345,3.7856044799169037
2026-04-08 15:00:00,23.1,79.0,0.2,8.3,226.0,5.970520342810805,5.765664474809678
2026-04-08 16:00:00,22.6,83.0,0.3,3.8,225.0,2.6870057685088806,2.68700576850888
2026-04-08 17:00:00,20.8,93.0,0.8,4.5,247.0,4.142271840535981,1.7582900782017319
2026-04-08 18:00:00,20.0,99.0,0.3,5.1,253.0,4.87715425541148,1.4910956940859574
2026-04-08 19:00:00,19.5,100.0,0.3,0.6000000000000001,162.0,-0.18541019662496844,0.5706339097770923
2026-04-08 20:00:00,19.3,99.0,0.2,1.0,112.0,-0.9271838545667873,0.37460659341591224
2026-04-08 21:00:00,18.6,97.0,0.0,2.7,62.0,-2.383958500719103,-1.2675732195219054
2026-04-08 22:00:00,18.4,94.0,0.0,0.9,53.0,-0.7187719590425635,-0.5416335208368436
2026-04-08 23:00:00,18.0,94.0,0.0,0.9,37.0,-0.5416335208368435,-0.7187719590425635
2026-04-09 00:00:00,17.8,97.0,0.1,1.5,54.0,-1.2135254915624214,-0.8816778784387096
2026-04-09 01:00:00,17.4,98.0,0.0,2.4,48.0,-1.7835475811457462,-1.6059134552612597
2026-04-09 02:00:00,17.1,98.0,0.0,1.9,49.0,-1.433948202423267,-1.2465121550819633
2026-04-09 03:00:00,16.4,99.0,0.0,2.5,45.0,-1.7677669529663693,-1.7677669529663687
2026-04-09 04:00:00,15.9,98.0,0.0,2.2,48.0,-1.6349186160502676,-1.4720873339894882
2026-04-09 05:00:00,15.9,100.0,0.0,4.1,49.0,-3.0943092789133653,-2.6898420188610785
2026-04-09 06:00:00,15.8,100.0,0.0,5.7,46.0,-4.100236861930311,-3.959552711616285
2026-04-09 07:00:00,17.5,97.0,0.0,7.0,48.0,-5.20201377834176,-4.683914244512008
2026-04-09 08:00:00,22.2,89.0,0.0,3.9,56.0,-3.233246532964663,-2.180852323535912
2026-04-09 09:00:00,24.4,74.0,0.0,2.2,246.0,2.0098000068137223,0.8948206147667606
2026-04-09 10:00:00,26.0,62.0,0.1,7.4,236.0,6.134878036907308,4.138027485683527
2026-04-09 11:00:00,25.8,67.0,0.3,8.5,258.0,8.314254606237348,1.7672493719509543
2026-04-09 12:00:00,25.5,72.0,0.0,8.7,248.0,8.066499534731049,3.2590773627184344
2026-04-09 13:00:00,25.7,72.0,0.1,8.3,236.0,6.881011852206846,4.6413010988072
2026-04-09 14:00:00,26.2,69.0,0.1,5.5,207.0,2.4969477485675076,4.900535883036023
2026-04-09 15:00:00,26.2,70.0,0.0,5.9,198.0,1.82320026681219,5.611233446141406
2026-04-09 16:00:00,25.9,68.0,0.1,3.8,199.0,1.2371589869371955,3.5929705872774034
2026-04-09 17:00:00,25.0,74.0,0.0,4.4,238.0,3.7314116230882743,2.3316447626261017
2026-04-09 18:00:00,22.0,93.0,0.0,3.5,255.0,3.380740392011739,0.9058666578588226
2026-04-09 19:00:00,20.1,100.0,0.0,0.5,315.0,0.3535533905932738,-0.35355339059327373
2026-04-09 20:00:00,20.0,100.0,0.0,0.2,360.0,1.2246467991473533e-17,-0.2
2026-04-09 21:00:00,19.4,100.0,0.0,2.1,59.0,-1.800051331474436,-1.0815799573111138
2026-04-09 22:00:00,18.5,92.0,0.0,4.8,42.0,-3.211826910522519,-3.567095162291493
2026-04-09 23:00:00,17.9,78.0,0.0,6.0,46.0,-4.3160388020319065,-4.167950222753984
2026-04-10 00:00:00,16.8,65.0,0.0,6.6,49.0,-4.981083229470296,-4.3299895913373465
2026-04-10 01:00:00,16.1,59.0,0.0,5.9,50.0,-4.51966221440197,-3.792446897150582
2026-04-10 02:00:00,15.8,63.0,0.0,4.7,43.0,-3.2053922922937437,-3.437362397610101
2026-04-10 03:00:00,15.2,65.0,0.0,4.5,50.0,-3.447199994035401,-2.892544243589427
2026-04-10 04:00:00,15.1,65.0,0.0,4.9,51.0,-3.808015211139157,-3.0836699161442045
2026-04-10 05:00:00,14.7,64.0,0.0,6.0,53.0,-4.791813060283757,-3.61089013891229
2026-04-10 06:00:00,14.6,62.0,0.0,7.2,55.0,-5.897894718880741,-4.129750341727532
2026-04-10 07:00:00,18.1,63.0,0.0,9.3,58.0,-7.886847294254763,-4.928249157368805
2026-04-10 08:00:00,23.7,56.0,0.0,6.2,80.0,-6.10580806867569,-1.0766187015349689
2026-04-10 09:00:00,27.1,33.0,0.0,2.7,152.0,-1.2675732195219056,2.383958500719103
2026-04-10 10:00:00,28.2,36.0,0.0,4.3,195.0,1.1129218939408392,4.153481053042993
2026-04-10 11:00:00,29.5,35.0,0.0,7.8,230.0,5.975146656328028,5.013743355555006
2026-04-10 12:00:00,28.0,46.0,0.0,12.7,262.0,12.576404473017943,1.767498382192831
2026-04-10 13:00:00,27.0,56.0,0.0,8.9,261.0,8.790426231296726,1.3922667388580547
2026-04-10 14:00:00,26.1,67.0,0.0,7.2,258.0,7.042662725283401,1.4969641738878674
2026-04-10 15:00:00,25.3,72.0,0.1,5.8,234.0,4.692298567374695,3.409154463296344
2026-04-10 16:00:00,24.5,74.0,0.1,4.7,196.0,1.2954955723398962,4.517929970910099
2026-04-10 17:00:00,23.5,77.0,0.0,3.6,147.0,-1.9607005260540975,3.019214044603526
2026-04-10 18:00:00,21.5,89.0,0.0,1.3,82.0,-1.2873484893640414,-0.18092503124808518
2026-04-10 19:00:00,19.9,89.0,0.0,3.0,73.0,-2.868914267889106,-0.8771151141682103
2026-04-10 20:00:00,19.8,83.0,0.0,6.4,61.0,-5.597566125692134,-3.102781569576557
2026-04-10 21:00:00,18.0,82.0,0.0,4.9,62.0,-4.326443205008742,-2.3004106576508656
2026-04-10 22:00:00,17.4,78.0,0.0,4.5,53.0,-3.5938597952128175,-2.7081676041842178
2026-04-10 23:00:00,15.9,81.0,0.0,4.2,54.0,-3.39787137637478,-2.468698059628387
2026-04-11 00:00:00,15.2,80.0,0.0,6.7,54.0,-5.420413862312149,-3.9381611903595695
2026-04-11 01:00:00,14.6,81.0,0.0,7.3,48.0,-5.424957225984977,-4.884653426419665
2026-04-11 02:00:00,14.7,79.0,0.0,6.3,53.0,-5.031403713297944,-3.7914346458579047
2026-04-11 03:00:00,14.7,79.0,0.0,7.4,51.0,-5.750880114781584,-4.656970893768799
2026-04-11 04:00:00,14.3,81.0,0.0,7.3,50.0,-5.5921244347685395,-4.692349550711737
2026-04-11 05:00:00,13.8,84.0,0.0,6.6,45.0,-4.666904755831214,-4.666904755831213
2026-04-11 06:00:00,13.6,85.0,0.0,6.7,46.0,-4.819576662268962,-4.654211082075283
2026-04-11 07:00:00,18.1,77.0,0.0,5.9,47.0,-4.314986839553106,-4.023790324368741
2026-04-11 08:00:00,23.3,58.0,0.0,1.5,54.0,-1.2135254915624214,-0.8816778784387096
2026-04-11 09:00:00,25.9,47.0,0.0,3.5,219.0,2.202621368674431,2.720010865099398
2026-04-11 10:00:00,26.4,50.0,0.0,7.2,238.0,6.105946292326267,3.8154187024790756
2026-04-11 11:00:00,26.7,52.0,0.0,7.7,242.0,6.798696465013738,3.6149310334513594
2026-04-11 12:00:00,26.6,54.0,0.0,10.0,249.0,9.335804264972017,3.5836794954530027
2026-04-11 13:00:00,26.7,54.0,0.0,10.6,255.0,10.238813758664124,2.74348187808672
2026-04-11 14:00:00,27.0,52.0,0.0,9.2,253.0,8.798003754859925,2.689819683449178
2026-04-11 15:00:00,26.4,55.0,0.0,8.9,249.0,8.308865795825096,3.1894747509531727
2026-04-11 16:00:00,24.4,66.0,0.3,10.1,224.0,7.016049541635872,7.265331983420376
2026-04-11 17:00:00,22.6,78.0,0.1,7.2,192.0,1.496964173887868,7.0426627252834
2026-04-11 18:00:00,20.8,89.0,0.1,2.7,157.0,-1.0549740469210394,2.4853631043215887
2026-04-11 19:00:00,19.8,90.0,0.0,1.7000000000000002,122.0,-1.4416817634659242,0.9008627491964484
2026-04-11 20:00:00,19.4,91.0,0.0,0.7000000000000001,76.0,-0.6792070083931976,-0.16934532691976728
2026-04-11 21:00:00,18.7,90.0,0.0,0.4,63.0,-0.3564026096753472,-0.18159619989581868
2026-04-11 22:00:00,18.4,90.0,0.0,1.9,56.0,-1.5751713878545794,-1.0624665165944187
2026-04-11 23:00:00,18.0,86.0,0.0,4.8,48.0,-3.5670951622914924,-3.2118269105225195
2026-04-12 00:00:00,16.6,85.0,0.0,6.9,47.0,-5.0463405411722775,-4.705788684431239
2026-04-12 01:00:00,14.6,86.0,0.0,6.0,41.0,-3.9363541739430437,-4.528257481336632
2026-04-12 02:00:00,14.3,83.0,0.0,4.9,33.0,-2.668731271573632,-4.109485782932578
2026-04-12 03:00:00,14.6,73.0,0.0,4.2,47.0,-3.0716855468005164,-2.8643931122624933
2026-04-12 04:00:00,15.4,64.0,0.0,4.0,51.0,-3.108583845827883,-2.5172815641993505
2026-04-12 05:00:00,15.0,61.0,0.0,3.7,43.0,-2.523393932231245,-2.706008695990931
2026-04-12 06:00:00,13.9,61.0,0.0,5.5,46.0,-3.956368901862581,-3.8206210375244853
2026-04-12 07:00:00,16.4,67.0,0.0,5.9,43.0,-4.023790324368742,-4.314986839553106
2026-04-12 08:00:00,22.4,54.0,0.0,3.3,41.0,-2.1649947956686737,-2.4905416147351476
2026-04-12 09:00:00,25.2,41.0,0.0,5.9,230.0,4.51966221440197,3.792446897150582
2026-04-12 10:00:00,26.1,44.0,0.0,7.1,236.0,5.886166765140795,3.970269614642303
2026-04-12 11:00:00,26.9,38.0,0.0,8.0,256.0,7.762365810207972,1.9353751647973418
2026-04-12 12:00:00,26.5,45.0,0.0,9.4,262.0,9.308519846170762,1.3082271490246151
2026-04-12 13:00:00,26.6,51.0,0.0,9.7,259.0,9.52178367944234,1.8508472551524844
2026-04-12 14:00:00,26.9,52.0,0.0,9.5,243.0,8.464561979789496,4.312909747525694
2026-04-12 15:00:00,25.9,58.0,0.0,9.7,239.0,8.31452281681049,4.995869326627525
2026-04-12 16:00:00,24.5,65.0,0.1,9.2,244.0,8.268905225952336,4.033014550459511
2026-04-12 17:00:00,22.8,79.0,0.4,6.1,238.0,5.173093386554198,3.2325075118225497
2026-04-12 18:00:00,20.6,93.0,0.1,0.0,270.0,0.0,0.0
2026-04-12 19:00:00,20.1,92.0,0.0,1.1,288.0,1.0461621679246689,-0.33991869381244216
2026-04-12 20:00:00,19.8,95.0,0.0,0.4,243.0,0.3564026096753472,0.1815961998958187
2026-04-12 21:00:00,19.0,97.0,0.0,1.0,315.0,0.7071067811865476,-0.7071067811865475
2026-04-12 22:00:00,18.5,99.0,0.0,1.5,353.0,0.18280401510772123,-1.488819227461983
2026-04-12 23:00:00,18.5,97.0,0.0,1.2,51.0,-0.9325751537483649,-0.7551844692598051
2026-04-13 00:00:00,18.1,92.0,0.0,2.6,51.0,-2.0205794997881243,-1.6362330167295778
2026-04-13 01:00:00,17.1,90.0,0.0,4.8,48.0,-3.5670951622914924,-3.2118269105225195
2026-04-13 02:00:00,16.5,95.0,0.0,4.5,34.0,-2.5163680656183596,-3.7306690764976884
2026-04-13 03:00:00,13.6,98.0,0.0,3.8,45.0,-2.687005768508881,-2.68700576850888
2026-04-13 04:00:00,12.6,90.0,0.0,3.6,53.0,-2.875087836170254,-2.1665340833473743
2026-04-13 05:00:00,11.8,86.0,0.0,4.2,43.0,-2.864393112262494,-3.071685546800516
2026-04-13 06:00:00,11.1,85.0,0.0,4.3,45.0,-3.040559159102155,-3.040559159102154
2026-04-13 07:00:00,15.6,79.0,0.0,4.2,40.0,-2.6997079606834657,-3.2173866610997073
2026-04-13 08:00:00,21.4,71.0,0.0,0.2,270.0,0.2,0.0
2026-04-13 09:00:00,24.2,56.0,0.0,3.4,227.0,2.4866025855051794,2.318794424212495
2026-04-13 10:00:00,25.3,59.0,0.0,8.1,245.0,7.341093074996865,3.4232079200996655
2026-04-13 11:00:00,25.9,58.0,0.0,9.8,247.0,9.020947563833916,3.8291650591948834
2026-04-13 12:00:00,26.3,58.0,0.0,11.0,255.0,10.62518408917975,2.847009496127728
2026-04-13 13:00:00,26.5,54.0,0.0,11.5,259.0,11.288712609648135,2.1943034468302653
2026-04-13 14:00:00,26.5,54.0,0.0,11.2,259.0,10.994224454613835,2.137060748217302
2026-04-13 15:00:00,26.2,56.0,0.0,11.2,255.0,10.818369254437565,2.8987733051482323
2026-04-13 16:00:00,24.7,65.0,0.0,10.4,240.0,9.006664199358163,5.199999999999999
2026-04-13 17:00:00,22.4,80.0,0.1,9.0,227.0,6.582183314572534,6.137985240562486
2026-04-13 18:00:00,20.8,93.0,0.1,2.1,232.0,1.654822582574116,1.2928890981838825
2026-04-13 19:00:00,19.6,95.0,0.0,1.7000000000000002,103.0,-1.6564291101348998,0.3824167923845709
2026-04-13 20:00:00,19.9,97.0,0.0,0.4,90.0,-0.4,4.898587196589413e-17
2026-04-13 21:00:00,19.3,99.0,0.0,1.5,120.0,-1.299038105676658,0.7499999999999999
2026-04-13 22:00:00,18.2,99.0,0.0,2.6,65.0,-2.35640024629529,-1.0988074805258181
2026-04-13 23:00:00,17.2,99.0,0.0,3.7,35.0,-2.122232814498872,-3.030862563869269
2026-04-14 00:00:00,15.9,100.0,0.0,3.6,33.0,-1.960700526054097,-3.0192140446035265
2026-04-14 01:00:00,14.9,99.0,0.0,3.7,39.0,-2.3284854468844003,-2.8754400573907914
2026-04-14 02:00:00,15.0,98.0,0.0,3.5,28.0,-1.6431504697506176,-3.0903165750062445
2026-04-14 03:00:00,15.2,97.0,0.1,3.4,32.0,-1.801725498392897,-2.883363526931848
2026-04-14 04:00:00,14.6,97.0,0.1,1.9,41.0,-1.2465121550819638,-1.4339482024232668
2026-04-14 05:00:00,13.9,97.0,0.0,3.4,43.0,-2.318794424212495,-2.4866025855051794
2026-04-14 06:00:00,12.9,96.0,0.0,4.8,48.0,-3.5670951622914924,-3.2118269105225195
2026-04-14 07:00:00,16.1,86.0,0.0,5.4,40.0,-3.4710530923073133,-4.136639992842481
2026-04-14 08:00:00,21.4,73.0,0.0,0.5,270.0,0.5,0.0
2026-04-14 09:00:00,23.8,57.0,0.0,5.3,237.0,4.444954010110747,2.8865868855796433
2026-04-14 10:00:00,24.8,55.0,0.0,8.1,246.0,7.399718206905066,3.2945668089139817
2026-04-14 11:00:00,25.5,55.0,0.0,10.3,254.0,9.900995468164686,2.8390647649150917
2026-04-14 12:00:00,26.0,54.0,0.0,11.2,251.0,10.589808046712347,3.6463633299201548
2026-04-14 13:00:00,26.2,53.0,0.0,11.7,247.0,10.769906785393552,4.571554203324503
2026-04-14 14:00:00,26.0,54.0,0.0,12.0,252.0,11.412678195541842,3.7082039324993685
2026-04-14 15:00:00,26.1,54.0,0.0,9.8,256.0,9.508898117504765,2.370834576876744
2026-04-14 16:00:00,25.5,55.0,0.0,8.6,254.0,8.266850585069543,2.370481260026193
2026-04-14 17:00:00,23.8,68.0,0.0,10.0,256.0,9.702957262759965,2.4192189559966772
2026-04-14 18:00:00,21.3,86.0,0.0,5.0,251.0,4.727592877996584,1.6278407722857835
2026-04-14 19:00:00,19.8,92.0,0.0,2.2,138.0,-1.4720873339894882,1.6349186160502676
2026-04-14 20:00:00,18.8,92.0,0.0,1.1,342.0,0.3399186938124422,-1.0461621679246689
2026-04-14 21:00:00,17.6,96.0,0.0,0.7000000000000001,14.0,-0.16934532691976747,-0.6792070083931976
2026-04-14 22:00:00,17.5,96.0,0.0,1.1,18.0,-0.33991869381244233,-1.0461621679246689
2026-04-14 23:00:00,16.8,93.0,0.0,2.8,35.0,-1.6060140217829297,-2.293625724009176
2026-04-15 00:00:00,16.2,89.0,0.0,3.2,19.0,-1.0418180942629014,-3.025659441917814
2026-04-15 01:00:00,14.1,89.0,0.0,3.9,43.0,-2.6597936042437444,-2.8522794363147645
2026-04-15 02:00:00,13.9,80.0,0.0,4.8,53.0,-3.8334504482270053,-2.888712111129832
2026-04-15 03:00:00,13.1,79.0,0.0,5.6,40.0,-3.5996106142446207,-4.289848881466276
2026-04-15 04:00:00,12.8,79.0,0.0,6.2,38.0,-3.81710114701908,-4.885666672361677
2026-04-15 05:00:00,12.5,79.0,0.0,6.0,39.0,-3.7759223462990272,-4.662875768741824
2026-04-15 06:00:00,12.6,79.0,0.0,6.6,35.0,-3.785604479916906,-5.406403492307344
2026-04-15 07:00:00,17.1,75.0,0.0,6.2,26.0,-2.717901110092282,-5.572523087054835
2026-04-15 08:00:00,22.9,56.0,0.0,3.5,246.0,3.197409101749103,1.4235782507653008
2026-04-15 09:00:00,24.3,56.0,0.0,5.0,232.0,3.9400537680336094,3.0783073766282913
2026-04-15 10:00:00,25.8,52.0,0.0,7.6,251.0,7.185941174554808,2.474317973874391
2026-04-15 11:00:00,26.5,51.0,0.0,9.6,262.0,9.506573459919075,1.3360617692166281
2026-04-15 12:00:00,27.2,51.0,0.0,9.8,252.0,9.320353859692505,3.0283665448744848
2026-04-15 13:00:00,27.0,56.0,0.0,13.3,261.0,13.136254929915333,2.0805783850350705
2026-04-15 14:00:00,26.0,61.0,0.0,9.9,269.0,9.898492182048274,0.17277882372910677
2026-04-15 15:00:00,25.9,63.0,0.0,10.5,250.0,9.866772518252038,3.5912115049195217
2026-04-15 16:00:00,23.0,76.0,0.4,4.0,243.0,3.5640260967534716,1.815961998958187
2026-04-15 17:00:00,21.3,86.0,0.6,8.5,234.0,6.876644452187053,4.996174644486022
2026-04-15 18:00:00,19.9,94.0,0.5,0.2,180.0,1.2246467991473533e-17,0.2
2026-04-15 19:00:00,19.5,100.0,0.0,1.8,233.0,1.437543918085127,1.083267041673687
2026-04-15 20:00:00,19.6,99.0,0.0,2.1,38.0,-1.292889098183882,-1.6548225825741165
2026-04-15 21:00:00,19.8,96.0,0.0,0.4,360.0,2.4492935982947065e-17,-0.4
2026-04-15 22:00:00,19.4,95.0,0.2,0.9,37.0,-0.5416335208368435,-0.7187719590425635
2026-04-15 23:00:00,18.8,97.0,0.5,5.2,354.0,0.543548008991798,-5.1715138559150216
2026-04-16 00:00:00,18.5,94.0,0.0,1.5,69.0,-1.4003706397458027,-0.5375519243179506
2026-04-16 01:00:00,18.0,90.0,0.0,3.9,68.0,-3.616017032810471,-1.460965714322057
2026-04-16 02:00:00,16.5,97.0,0.0,3.9,47.0,-2.852279436314765,-2.6597936042437436
2026-04-16 03:00:00,15.4,100.0,0.0,4.1,41.0,-2.6898420188610794,-3.094309278913365
2026-04-16 04:00:00,14.6,100.0,0.0,4.7,40.0,-3.0211017655267356,-3.6004088826591962
2026-04-16 05:00:00,13.9,100.0,0.0,6.4,47.0,-4.6806636903626915,-4.364789504399989
2026-04-16 06:00:00,13.9,100.0,0.0,7.4,45.0,-5.232590180780453,-5.232590180780451
2026-04-16 07:00:00,17.1,98.0,0.0,6.6,47.0,-4.826934430686525,-4.501189176412489
2026-04-16 08:00:00,22.5,90.0,0.0,1.9,343.0,0.5555062389731998,-1.8169790363297673
2026-04-16 09:00:00,23.9,75.0,0.0,4.6,249.0,4.294469961887128,1.648492567908381
2026-04-16 10:00:00,25.1,70.0,0.0,8.2,251.0,7.753252319914398,2.669658866548685
2026-04-16 11:00:00,25.6,69.0,0.0,9.4,268.0,9.394273773979501,0.3280552690035091
2026-04-16 12:00:00,25.9,68.0,0.0,9.6,278.0,9.506573459919075,-1.3360617692166281
2026-04-16 13:00:00,25.9,67.0,0.1,11.0,260.0,10.832885283134289,1.9101299543362336
2026-04-16 14:00:00,25.3,70.0,0.7000000000000001,7.4,248.0,6.8611605237942275,2.772088791277749
2026-04-16 15:00:00,20.4,98.0,9.4,2.0,153.0,-0.9079809994790934,1.7820130483767358
2026-04-16 16:00:00,21.0,97.0,0.1,3.6,198.0,1.112461179749811,3.4238034586625528
2026-04-16 17:00:00,20.5,98.0,0.2,4.4,243.0,3.9204287064288192,1.9975581988540059
2026-04-16 18:00:00,20.0,100.0,0.2,0.5,270.0,0.5,0.0
2026-04-16 19:00:00,19.5,100.0,0.1,2.5,291.0,2.3339510662430043,-0.8959198738632507
2026-04-16 20:00:00,19.8,100.0,0.0,1.5,306.0,1.2135254915624212,-0.8816778784387097
2026-04-16 21:00:00,19.2,100.0,0.0,2.7,290.0,2.537170076121953,-0.9234543869793056
2026-04-16 22:00:00,19.0,100.0,0.1,1.5,315.0,1.0606601717798214,-1.0606601717798212
2026-04-16 23:00:00,18.8,100.0,0.1,0.0,270.0,0.0,0.0
2026-04-17 00:00:00,18.2,100.0,0.1,0.9,37.0,-0.5416335208368435,-0.7187719590425635
2026-04-17 01:00:00,17.8,98.0,0.1,2.3,39.0,-1.447436899414627,-1.7874357113510322
2026-04-17 02:00:00,17.0,99.0,0.0,2.6,39.0,-1.6362330167295784,-2.0205794997881235
2026-04-17 03:00:00,15.8,100.0,0.0,3.1,45.0,-2.192031021678298,-2.192031021678297
2026-04-17 04:00:00,14.6,100.0,0.0,5.6,45.0,-3.9597979746446668,-3.9597979746446654
2026-04-17 05:00:00,13.4,100.0,0.0,6.5,42.0,-4.349348941332578,-4.830441365603063
2026-04-17 06:00:00,13.2,100.0,0.0,6.4,27.0,-2.9055391983331003,-5.702441754805554
2026-04-17 07:00:00,16.8,98.0,0.0,3.5,55.0,-2.8670321550114712,-2.0075175272286616
2026-04-17 08:00:00,20.1,85.0,0.0,2.5,249.0,2.3339510662430043,0.8959198738632507
2026-04-17 09:00:00,23.4,71.0,0.0,3.9,227.0,2.8522794363147645,2.659793604243744
2026-04-17 10:00:00,25.2,61.0,0.0,7.4,244.0,6.651075942613836,3.243946486239173
2026-04-17 11:00:00,25.4,61.0,0.0,11.7,273.0,11.683965556628513,-0.6123306880424428
2026-04-17 12:00:00,26.1,58.0,0.0,9.6,257.0,9.353952621938259,2.159530121701104
2026-04-17 13:00:00,26.7,56.0,0.0,10.3,255.0,9.949036010777405,2.6658361645559636
2026-04-17 14:00:00,26.4,59.0,0.0,9.1,255.0,8.789925019230521,2.3552533104329387
2026-04-17 15:00:00,23.1,75.0,1.1,14.1,274.0,14.06565310866352,-0.9835662797921667
2026-04-17 16:00:00,22.2,82.0,0.3,4.9,242.0,4.326443205008743,2.300410657650865
2026-04-17 17:00:00,20.6,87.0,0.6,3.8,180.0,2.326828918379971e-16,3.8
2026-04-17 18:00:00,19.5,96.0,0.0,1.5,159.0,-0.5375519243179504,1.4003706397458027
2026-04-17 19:00:00,17.9,96.0,0.0,1.4,50.0,-1.0724622203665692,-0.8999026535611548
2026-04-17 20:00:00,18.4,99.0,0.0,1.7000000000000002,342.0,0.5253288904374107,-1.6167960777017611
2026-04-17 21:00:00,18.4,99.0,0.0,1.4,90.0,-1.4,1.7145055188062944e-16
2026-04-17 22:00:00,17.5,98.0,0.1,3.5,39.0,-2.2026213686744325,-2.720010865099397
2026-04-17 23:00:00,16.4,99.0,0.0,3.2,34.0,-1.789417291106389,-2.6529202321761343
2026-04-18 00:00:00,15.0,100.0,0.0,3.1,40.0,-1.9926415900282723,-2.3747377736688318
2026-04-18 01:00:00,13.9,100.0,0.0,2.9,43.0,-1.9777952441812459,-2.1209257346955943
2026-04-18 02:00:00,14.5,100.0,0.0,2.3,29.0,-1.1150621265665746,-2.0116253264206105
2026-04-18 03:00:00,14.1,100.0,0.0,5.5,46.0,-3.956368901862581,-3.8206210375244853
2026-04-18 04:00:00,13.5,100.0,0.0,3.9,37.0,-2.347078590292988,-3.114678489184442
2026-04-18 05:00:00,13.1,100.0,0.0,5.5,44.0,-3.820621037524485,-3.9563689018625814
2026-04-18 06:00:00,12.9,100.0,0.0,5.0,41.0,-3.2802951449525364,-3.77354790111386
2026-04-18 07:00:00,17.5,89.0,0.0,5.9,47.0,-4.314986839553106,-4.023790324368741
2026-04-18 08:00:00,21.1,76.0,0.0,2.8,207.0,1.271173399270731,2.4948182677274295
2026-04-18 09:00:00,24.0,60.0,0.0,4.3,237.0,3.6062834421653234,2.3419478505646163
2026-04-18 10:00:00,23.5,72.0,1.0,10.0,261.0,9.876883405951379,1.5643446504023086
2026-04-18 11:00:00,23.4,74.0,0.4,9.4,270.0,9.4,0.0
2026-04-18 12:00:00,23.5,74.0,0.2,5.4,274.0,5.386845871403051,-0.37668495821827663
2026-04-18 13:00:00,22.4,85.0,3.4,11.2,246.0,10.23170912559713,4.555450402448962
2026-04-18 14:00:00,20.9,91.0,9.1,6.0,319.0,3.9363541739430437,-4.528257481336632
2026-04-18 15:00:00,20.0,95.0,5.8,9.2,250.0,8.645172111230357,3.146585318596152
2026-04-18 16:00:00,18.5,95.0,3.2,0.30000000000000004,225.0,0.2121320343559643,0.21213203435596428
2026-04-18 17:00:00,18.9,96.0,0.1,0.7000000000000001,166.0,-0.16934532691976747,0.6792070083931976
2026-04-18 18:00:00,18.4,96.0,0.3,0.2,270.0,0.2,0.0
2026-04-18 19:00:00,17.9,96.0,0.2,3.4,65.0,-3.08144647592461,-1.4369020899183775
2026-04-18 20:00:00,16.6,98.0,0.0,4.5,67.0,-4.142271840535981,-1.758290078201731
2026-04-18 21:00:00,16.5,97.0,0.0,3.3,54.0,-2.6697560814373267,-1.9396913325651608
2026-04-18 22:00:00,16.1,95.0,0.0,3.5,35.0,-2.0075175272286625,-2.8670321550114704
2026-04-18 23:00:00,15.8,94.0,0.0,4.8,42.0,-3.211826910522519,-3.567095162291493
2026-04-19 00:00:00,14.5,99.0,0.0,2.3,51.0,-1.7874357113510326,-1.4474368994146265
2026-04-19 01:00:00,14.0,100.0,0.0,2.3,45.0,-1.6263455967290597,-1.626345596729059
2026-04-19 02:00:00,13.9,98.0,0.0,2.2,35.0,-1.261868159972302,-1.8021344974357816
2026-04-19 03:00:00,13.2,100.0,0.0,3.4,47.0,-2.48660258550518,-2.3187944242124945
2026-04-19 04:00:00,12.6,100.0,0.0,2.1,52.0,-1.6548225825741163,-1.2928890981838823
2026-04-19 05:00:00,12.4,100.0,0.0,3.2,52.0,-2.521634411541511,-1.9701167210421062
2026-04-19 06:00:00,12.2,100.0,0.0,3.6,45.0,-2.545584412271572,-2.545584412271571
2026-04-19 07:00:00,15.8,99.0,0.0,4.1,38.0,-2.524212048835198,-3.2308440897875603
2026-04-19 08:00:00,19.5,92.0,0.0,1.1,261.0,1.0864571746546516,0.17207791154425398
2026-04-19 09:00:00,21.7,78.0,0.0,2.1,211.0,1.0815799573111138,1.800051331474436
2026-04-19 10:00:00,23.6,66.0,0.2,5.7,246.0,5.207209108562825,2.3183988655320613
2026-04-19 11:00:00,24.8,59.0,0.3,9.0,257.0,8.769330583067116,2.024559489094785
2026-04-19 12:00:00,25.1,57.0,0.2,11.0,266.0,10.973204552858066,0.7673212111853783
2026-04-19 13:00:00,25.2,57.0,0.2,11.0,264.0,10.939740849051006,1.1498130959441881
2026-04-19 14:00:00,24.3,58.0,0.3,10.5,263.0,10.42173459223388,1.2796281057540484
2026-04-19 15:00:00,22.5,71.0,0.6,4.2,258.0,4.108219923081984,0.8732291014345893
2026-04-19 16:00:00,23.0,68.0,0.2,3.3,221.0,2.1649947956686737,2.4905416147351476
2026-04-19 17:00:00,21.9,75.0,0.0,3.9,233.0,3.114678489184442,2.347078590292988
2026-04-19 18:00:00,19.9,91.0,0.0,2.0,270.0,2.0,0.0
2026-04-19 19:00:00,18.3,92.0,0.1,0.2,90.0,-0.2,2.4492935982947065e-17
2026-04-19 20:00:00,17.8,90.0,0.0,0.9,53.0,-0.7187719590425635,-0.5416335208368436
2026-04-19 21:00:00,16.7,88.0,0.0,2.1,59.0,-1.800051331474436,-1.0815799573111138
2026-04-19 22:00:00,14.8,96.0,0.0,3.9,43.0,-2.6597936042437444,-2.8522794363147645
2026-04-19 23:00:00,13.1,100.0,0.0,5.6,42.0,-3.747131395609605,-4.161611022673408
2026-04-20 00:00:00,12.1,100.0,0.0,6.4,45.0,-4.525483399593905,-4.525483399593904
2026-04-20 01:00:00,11.7,100.0,0.0,6.0,41.0,-3.9363541739430437,-4.528257481336632
2026-04-20 02:00:00,11.1,100.0,0.0,4.1,38.0,-2.524212048835198,-3.2308440897875603
2026-04-20 03:00:00,11.4,100.0,0.0,6.8,35.0,-3.9003197671871153,-5.5702339011651425
2026-04-20 04:00:00,11.6,100.0,0.0,7.0,35.0,-4.015035054457325,-5.734064310022941
2026-04-20 05:00:00,11.6,100.0,0.0,6.7,34.0,-3.746592453254002,-5.55455173611878
2026-04-20 06:00:00,11.6,99.0,0.0,7.2,39.0,-4.531106815558832,-5.595450922490188
2026-04-20 07:00:00,16.1,88.0,0.0,6.4,45.0,-4.525483399593905,-4.525483399593904
2026-04-20 08:00:00,21.0,71.0,0.0,1.1,90.0,-1.1,1.3471114790620887e-16
2026-04-20 09:00:00,23.0,56.0,0.0,2.3,219.0,1.447436899414626,1.7874357113510329
2026-04-20 10:00:00,24.6,54.0,0.0,7.8,248.0,7.232034065620942,2.921931428644114
2026-04-20 11:00:00,25.0,56.0,0.0,9.3,260.0,9.158712103013535,1.6149280523024523
2026-04-20 12:00:00,25.1,57.0,0.2,10.2,262.0,10.100734301164017,1.4195656297926673
2026-04-20 13:00:00,25.5,53.0,0.1,10.3,264.0,10.243575522293215,1.0766431716568308
2026-04-20 14:00:00,25.2,52.0,0.0,11.3,262.0,11.190029176779746,1.5726560408487396
2026-04-20 15:00:00,24.6,57.0,0.0,10.3,251.0,9.738841328672963,3.353351990908714
2026-04-20 16:00:00,23.6,59.0,0.0,9.3,254.0,8.939733772226367,2.5634274090980926
2026-04-20 17:00:00,22.3,66.0,0.0,6.6,259.0,6.4787394107545815,1.2593393694851955
2026-04-20 18:00:00,20.1,82.0,0.0,3.1,283.0,3.0205472008342293,-0.6973482684659815
2026-04-20 19:00:00,18.4,86.0,0.0,1.3,56.0,-1.0777488443215544,-0.7269507745119708
2026-04-20 20:00:00,18.0,88.0,0.0,0.30000000000000004,45.0,-0.21213203435596434,-0.21213203435596428
2026-04-20 21:00:00,17.0,87.0,0.0,2.5,60.0,-2.1650635094610964,-1.2500000000000002
2026-04-20 22:00:00,16.4,85.0,0.0,2.8,50.0,-2.1449244407331385,-1.7998053071223097
2026-04-20 23:00:00,14.1,91.0,0.0,3.4,43.0,-2.318794424212495,-2.4866025855051794
2026-04-21 00:00:00,12.9,93.0,0.0,4.5,47.0,-3.2910916572862674,-3.0689926202812425
2026-04-21 01:00:00,12.6,91.0,0.0,5.0,44.0,-3.4732918522949863,-3.596699001693256
2026-04-21 02:00:00,12.1,93.0,0.0,3.7,39.0,-2.3284854468844003,-2.8754400573907914
2026-04-21 03:00:00,12.2,92.0,0.0,6.6,35.0,-3.785604479916906,-5.406403492307344
2026-04-21 04:00:00,12.2,91.0,0.0,6.9,39.0,-4.342310698243882,-5.362307134053097
2026-04-21 05:00:00,11.8,91.0,0.0,5.6,48.0,-4.161611022673408,-3.747131395609606
2026-04-21 06:00:00,11.4,91.0,0.0,6.2,46.0,-4.459906762099637,-4.306881896845784
2026-04-21 07:00:00,16.5,76.0,0.0,7.8,53.0,-6.229356978368884,-4.694157180585977
2026-04-21 08:00:00,21.7,57.0,0.0,1.8,264.0,1.790139411662892,0.18815123388177626
2026-04-21 09:00:00,23.1,55.0,0.0,5.7,259.0,5.595274945651685,1.0876112736463055
2026-04-21 10:00:00,24.5,52.0,0.0,5.9,247.0,5.4309786353693985,2.3053136580867153
2026-04-21 11:00:00,25.4,51.0,0.0,9.2,253.0,8.798003754859925,2.689819683449178
2026-04-21 12:00:00,25.6,52.0,0.1,10.3,259.0,10.110759989510939,1.9653326523784116
2026-04-21 13:00:00,25.7,53.0,0.0,10.0,253.0,9.563047559630354,2.9237170472273677
2026-04-21 14:00:00,25.1,52.0,0.0,10.5,258.0,10.27054980770496,2.183072753586473
2026-04-21 15:00:00,23.8,58.0,0.2,10.0,232.0,7.880107536067219,6.156614753256583
2026-04-21 16:00:00,21.6,72.0,0.3,7.7,221.0,5.051654523226906,5.811263767715345
2026-04-21 17:00:00,21.1,77.0,0.2,5.5,221.0,3.6083246594477902,4.150902691225246
2026-04-21 18:00:00,19.7,89.0,0.2,3.1,216.0,1.8221342821066668,2.5079526825623373
2026-04-21 19:00:00,18.5,93.0,0.1,1.5,97.0,-1.488819227461983,0.18280401510772132
2026-04-21 20:00:00,18.4,92.0,0.0,1.1,81.0,-1.0864571746546516,-0.1720779115442538
2026-04-21 21:00:00,17.8,93.0,0.0,3.8,41.0,-2.4930243101639276,-2.8678964048465336
2026-04-21 22:00:00,17.0,91.0,0.0,1.9,49.0,-1.433948202423267,-1.2465121550819633
2026-04-21 23:00:00,16.5,91.0,0.0,3.8,49.0,-2.867896404846534,-2.4930243101639267
2026-04-22 00:00:00,16.7,88.0,0.0,4.5,40.0,-2.8925442435894277,-3.4471999940354006
2026-04-22 01:00:00,15.7,92.0,0.0,4.7,43.0,-3.2053922922937437,-3.437362397610101
2026-04-22 02:00:00,15.4,91.0,0.0,5.6,50.0,-4.289848881466277,-3.5996106142446194
2026-04-22 03:00:00,15.5,88.0,0.0,4.6,45.0,-3.2526911934581193,-3.252691193458118
2026-04-22 04:00:00,15.4,88.0,0.0,3.1,45.0,-2.192031021678298,-2.192031021678297
2026-04-22 05:00:00,15.1,88.0,0.0,3.2,47.0,-2.3403318451813457,-2.1823947521999947
2026-04-22 06:00:00,15.1,87.0,0.0,4.4,52.0,-3.467247315869577,-2.708910491432896
2026-04-22 07:00:00,19.2,80.0,0.0,3.6,30.0,-1.8000000000000016,-3.117691453623978
2026-04-22 08:00:00,23.1,60.0,0.0,1.3,225.0,0.9192388155425119,0.9192388155425117
2026-04-22 09:00:00,24.5,58.0,0.0,7.0,244.0,6.2915583240941695,3.068598027523542
2026-04-22 10:00:00,25.2,54.0,0.0,8.7,257.0,8.477019563631545,1.9570741727916254
2026-04-22 11:00:00,26.0,54.0,0.0,8.5,265.0,8.467654933779837,0.7408238133550944
2026-04-22 12:00:00,26.6,50.0,0.0,12.7,258.0,12.42247452931933,2.6404784733855435
2026-04-22 13:00:00,25.7,57.0,0.1,12.0,253.0,11.475657071556425,3.5084604566728412
2026-04-22 14:00:00,26.2,54.0,0.0,8.9,242.0,7.858233576444451,4.178296908794429
2026-04-22 15:00:00,25.2,59.0,0.1,10.1,243.0,8.999165894302516,4.585304047369422
2026-04-22 16:00:00,24.2,64.0,0.4,9.5,248.0,8.80824661838448,3.558762637451164
2026-04-22 17:00:00,23.0,70.0,0.2,6.3,239.0,5.400153994423308,3.244739871933341
2026-04-22 18:00:00,21.2,85.0,0.2,0.30000000000000004,45.0,-0.21213203435596434,-0.21213203435596428
2026-04-22 19:00:00,19.6,87.0,0.0,2.6,51.0,-2.0205794997881243,-1.6362330167295778
2026-04-22 20:00:00,19.7,87.0,0.0,5.8,68.0,-5.377666356487367,-2.1727182418122895
2026-04-22 21:00:00,18.9,83.0,0.0,8.6,57.0,-7.212566884330647,-4.683895701129233
2026-04-22 22:00:00,17.5,83.0,0.0,9.2,57.0,-7.715769225097901,-5.0106791221382485
2026-04-22 23:00:00,17.2,78.0,0.0,7.8,58.0,-6.614775150020123,-4.133370261018997
2026-04-23 00:00:00,16.1,80.0,0.0,6.1,60.0,-5.282754963085075,-3.0500000000000007
2026-04-23 01:00:00,16.8,76.0,0.0,4.0,58.0,-3.3921923846257043,-2.119677056932819
2026-04-23 02:00:00,16.7,81.0,0.0,4.8,59.0,-4.114403043370139,-2.47218275956826
2026-04-23 03:00:00,16.0,88.0,0.1,12.3,58.0,-10.430991582724042,-6.518006950068419
2026-04-23 04:00:00,16.8,77.0,0.0,10.9,54.0,-8.81828523868693,-6.406859249987956
2026-04-23 05:00:00,15.4,87.0,0.6,13.3,67.0,-12.242714550917457,-5.1967240089073385
2026-04-23 06:00:00,15.1,87.0,0.3,14.4,59.0,-12.343209130110418,-7.41654827870478
2026-04-23 07:00:00,17.4,76.0,0.0,12.8,61.0,-11.195132251384267,-6.205563139153114
2026-04-23 08:00:00,20.8,71.0,0.0,8.5,66.0,-7.765136389962107,-3.4572614661443017
2026-04-23 09:00:00,24.0,47.0,0.0,2.3,162.0,-0.7107390870623789,2.187429987478853
2026-04-23 10:00:00,24.5,48.0,0.0,6.2,229.0,4.679199397381186,4.067565979741145
2026-04-23 11:00:00,24.7,55.0,0.0,10.0,247.0,9.205048534524403,3.907311284892738
2026-04-23 12:00:00,23.9,59.0,0.0,10.4,247.0,9.57325047590538,4.063603736288448
2026-04-23 13:00:00,21.6,86.0,3.7,6.4,280.0,6.3027696192781315,-1.1113483370683541
2026-04-23 14:00:00,22.3,84.0,4.9,7.7,282.0,7.531736525650304,-1.600920019296747
2026-04-23 15:00:00,24.3,74.0,0.7000000000000001,1.7000000000000002,122.0,-1.4416817634659242,0.9008627491964484
2026-04-23 16:00:00,21.2,88.0,0.2,4.0,330.0,2.0000000000000004,-3.4641016151377544
2026-04-23 17:00:00,19.8,92.0,0.2,4.0,148.0,-2.119677056932819,3.3921923846257043
2026-04-23 18:00:00,18.1,99.0,2.4,5.7,44.0,-3.9595527116162845,-4.100236861930312
2026-04-23 19:00:00,18.1,99.0,1.6,7.0,48.0,-5.20201377834176,-4.683914244512008
2026-04-23 20:00:00,18.2,97.0,0.3,2.0,45.0,-1.4142135623730954,-1.414213562373095
2026-04-23 21:00:00,17.8,97.0,0.0,6.6,61.0,-5.772490067120012,-3.1997434936258236
2026-04-23 22:00:00,17.8,97.0,0.3,4.6,59.0,-3.9429695832297162,-2.369175144586249
2026-04-23 23:00:00,17.6,98.0,1.9,1.4,67.0,-1.2887067948334165,-0.547023579884983
2026-04-24 00:00:00,17.5,98.0,5.3,3.3,49.0,-2.490541614735148,-2.1649947956686733
2026-04-24 01:00:00,17.4,99.0,5.9,2.3,61.0,-2.01162532642061,-1.115062126566575
2026-04-24 02:00:00,16.9,97.0,1.8,8.3,60.0,-7.188010851410841,-4.150000000000001
2026-04-24 03:00:00,16.8,98.0,0.2,9.5,79.0,-9.325458242752807,-1.8126854560771748
2026-04-24 04:00:00,16.6,98.0,0.3,7.5,69.0,-7.001853198729013,-2.6877596215897532
2026-04-24 05:00:00,16.5,99.0,0.1,8.3,72.0,-7.893769085249776,-2.5648410533120627
2026-04-24 06:00:00,16.5,98.0,0.0,8.6,70.0,-8.081356538758811,-2.9413732326007502
2026-04-24 07:00:00,17.5,98.0,0.0,6.9,75.0,-6.664888201394572,-1.7858514112073935
2026-04-24 08:00:00,19.3,88.0,0.0,6.5,90.0,-6.5,7.960204194457795e-16
2026-04-24 09:00:00,20.8,85.0,0.0,2.0,135.0,-1.414213562373095,1.4142135623730951
2026-04-24 10:00:00,21.8,64.0,0.1,5.6,207.0,2.542346798541462,4.989636535454859
2026-04-24 11:00:00,21.0,79.0,1.6,1.0,202.0,0.37460659341591196,0.9271838545667874
2026-04-24 12:00:00,18.1,97.0,3.7,6.0,80.0,-5.908846518073248,-1.0418890660015827
2026-04-24 13:00:00,18.4,96.0,4.5,6.1,90.0,-6.1,7.470345474798854e-16
2026-04-24 14:00:00,18.4,90.0,1.9,5.4,88.0,-5.3967104659031175,-0.18845728219350488
2026-04-24 15:00:00,18.2,98.0,2.9,4.5,127.0,-3.5938597952128184,2.708167604184217
2026-04-24 16:00:00,18.2,99.0,5.4,1.3,304.0,1.0777488443215542,-0.726950774511971
2026-04-24 17:00:00,17.8,100.0,2.3,2.7,32.0,-1.4307820134296536,-2.28972985962235
2026-04-24 18:00:00,17.0,98.0,1.9,7.8,67.0,-7.179937856929035,-3.0477028022163335
2026-04-24 19:00:00,16.5,98.0,1.2,8.2,67.0,-7.54813979831001,-3.203995253612043
2026-04-24 20:00:00,17.1,94.0,1.2,2.8,79.0,-2.748556113653459,-0.5342651870543251
2026-04-24 21:00:00,16.4,98.0,1.7000000000000002,7.7,74.0,-7.401715058725055,-2.122407639790892
2026-04-24 22:00:00,16.1,98.0,0.7000000000000001,9.0,61.0,-7.871577364254563,-4.363286582217032
2026-04-24 23:00:00,16.0,99.0,0.6,7.0,61.0,-6.122337949975771,-3.393667341724359
2026-04-25 00:00:00,16.0,99.0,0.3,5.4,75.0,-5.215999461960969,-1.3976228435536124
2026-04-25 01:00:00,15.9,98.0,0.0,7.0,69.0,-6.535062985480412,-2.508575646817103
2026-04-25 02:00:00,15.5,98.0,0.1,7.4,76.0,-7.180188374442374,-1.7902220274375396
2026-04-25 03:00:00,15.4,99.0,0.2,6.2,64.0,-5.572523087054835,-2.7179011100922805
2026-04-25 04:00:00,15.4,99.0,0.4,3.9,66.0,-3.562827284806143,-1.5862729079956208
2026-04-25 05:00:00,15.4,99.0,0.3,3.1,69.0,-2.8940993221413254,-1.1109406435904314
2026-04-25 06:00:00,15.2,99.0,0.1,3.5,62.0,-3.090316575006244,-1.643150469750618
2026-04-25 07:00:00,17.0,99.0,0.0,3.5,69.0,-3.267531492740206,-1.2542878234085515
2026-04-25 08:00:00,19.1,88.0,0.0,3.8,107.0,-3.633958072659535,1.111012477946399
2026-04-25 09:00:00,21.4,74.0,0.1,4.5,137.0,-3.0689926202812425,3.2910916572862674
2026-04-25 10:00:00,20.1,87.0,1.6,3.7,145.0,-2.122232814498871,3.0308625638692694
2026-04-25 11:00:00,20.7,75.0,0.1,6.7,88.0,-6.695918541027941,-0.23382662790675604
2026-04-25 12:00:00,22.1,66.0,0.0,2.2,235.0,1.802134497435782,1.2618681599723014
2026-04-25 13:00:00,19.9,86.0,3.1,11.3,250.0,10.618526614880766,3.8648276195800566
2026-04-25 14:00:00,18.2,94.0,11.4,3.4,245.0,3.0814464759246096,1.436902089918378
2026-04-25 15:00:00,19.1,87.0,0.2,5.1,243.0,4.544133273360676,2.3153515486716882
2026-04-25 16:00:00,18.5,92.0,0.1,5.3,258.0,5.18418228388917,1.1019319613341245
2026-04-25 17:00:00,18.1,93.0,0.1,1.6,297.0,1.4256104387013888,-0.7263847995832748
2026-04-25 18:00:00,17.5,96.0,0.1,3.6,177.0,-0.18840944247459784,3.595066325116466
2026-04-25 19:00:00,16.2,98.0,0.0,2.0,95.0,-1.992389396183491,0.1743114854953164
2026-04-25 20:00:00,17.4,94.0,0.2,1.4,67.0,-1.2887067948334165,-0.547023579884983
2026-04-25 21:00:00,16.9,93.0,0.0,4.4,81.0,-4.3458286986186065,-0.6883116461770152
2026-04-25 22:00:00,15.6,92.0,0.0,2.1,38.0,-1.292889098183882,-1.6548225825741165
2026-04-25 23:00:00,14.4,96.0,0.0,3.2,34.0,-1.789417291106389,-2.6529202321761343
2026-04-26 00:00:00,13.9,99.0,0.0,5.9,55.0,-4.8329970613050515,-3.3841009744711728
2026-04-26 01:00:00,13.9,99.0,0.0,6.4,65.0,-5.800369837034561,-2.7047568751404754
2026-04-26 02:00:00,14.2,99.0,0.0,5.0,49.0,-3.7735479011138606,-3.280295144952535
2026-04-26 03:00:00,14.0,99.0,0.2,6.9,67.0,-6.351483488821839,-2.6960447865759876
2026-04-26 04:00:00,13.9,99.0,0.1,6.7,66.0,-6.120754566205426,-2.7251355086078615
2026-04-26 05:00:00,13.6,99.0,0.0,6.2,75.0,-5.9887401229922235,-1.604678079635629
2026-04-26 06:00:00,13.8,99.0,0.0,5.8,60.0,-5.0229473419497435,-2.9000000000000004
2026-04-26 07:00:00,16.8,97.0,0.0,5.5,58.0,-4.664264528860343,-2.914555953282626
2026-04-26 08:00:00,19.8,83.0,0.0,1.9,41.0,-1.2465121550819638,-1.4339482024232668
2026-04-26 09:00:00,21.4,70.0,0.3,2.7,250.0,2.537170076121953,0.9234543869793056
2026-04-26 10:00:00,22.8,57.0,0.1,5.7,242.0,5.032801279295884,2.675987907879578
2026-04-26 11:00:00,24.0,50.0,0.0,8.2,244.0,7.370111179653169,3.5946434036704344
2026-04-26 12:00:00,24.5,47.0,0.0,9.7,248.0,8.993683389297837,3.6336839561343464
2026-04-26 13:00:00,24.5,49.0,0.0,10.2,247.0,9.389149505214892,3.9854575105905923
2026-04-26 14:00:00,24.9,46.0,0.0,10.4,244.0,9.347458081511338,4.559059926606405
2026-04-26 15:00:00,24.2,51.0,0.0,9.7,251.0,9.171530183313372,3.15801109823442
2026-04-26 16:00:00,23.4,54.0,0.0,8.8,261.0,8.691657397237213,1.3766232923540318
2026-04-26 17:00:00,21.9,59.0,0.0,6.3,265.0,6.276026597977997,0.5490811793102465
2026-04-26 18:00:00,19.2,79.0,0.0,2.7,200.0,0.9234543869793059,2.5371700761219524
2026-04-26 19:00:00,17.3,82.0,0.0,2.2,99.0,-2.172914349309303,0.3441558230885082
2026-04-26 20:00:00,16.5,84.0,0.0,2.2,66.0,-2.0098000068137223,-0.8948206147667606
2026-04-26 21:00:00,14.9,87.0,0.0,4.1,56.0,-3.3990540474756714,-2.2926909042300614
2026-04-26 22:00:00,13.1,92.0,0.0,6.0,51.0,-4.6628757687418245,-3.7759223462990255
2026-04-26 23:00:00,11.4,95.0,0.0,7.3,46.0,-5.251180542472153,-5.071006104350681
2026-04-27 00:00:00,11.2,90.0,0.0,7.6,45.0,-5.374011537017762,-5.37401153701776
2026-04-27 01:00:00,10.6,89.0,0.0,7.3,42.0,-4.884653426419664,-5.424957225984978
2026-04-27 02:00:00,9.4,93.0,0.0,5.9,43.0,-4.023790324368742,-4.314986839553106
2026-04-27 03:00:00,9.7,89.0,0.0,7.9,43.0,-5.387787044493739,-5.777694242791447
2026-04-27 04:00:00,9.2,90.0,0.0,8.0,40.0,-5.142300877492316,-6.128355544951823
2026-04-27 05:00:00,8.4,95.0,0.0,7.9,39.0,-4.971631089293719,-6.139453095510068
2026-04-27 06:00:00,8.9,93.0,0.0,8.9,42.0,-5.955262396593837,-6.61398894674881
2026-04-27 07:00:00,15.1,77.0,0.0,7.6,43.0,-5.183187536474989,-5.558288132305695
2026-04-27 08:00:00,19.8,64.0,0.0,1.7000000000000002,131.0,-1.2830062863787126,1.1153003492838625
2026-04-27 09:00:00,21.6,56.0,0.0,3.8,239.0,3.2572357426680267,1.9571446846582057
2026-04-27 10:00:00,23.1,51.0,0.0,7.2,243.0,6.415246974156249,3.2687315981247367
2026-04-27 11:00:00,23.9,53.0,0.0,8.8,250.0,8.269295062915996,3.009777261265885
2026-04-27 12:00:00,24.5,54.0,0.0,9.8,252.0,9.320353859692505,3.0283665448744848
2026-04-27 13:00:00,24.5,54.0,0.0,10.9,257.0,10.620633706159065,2.4519664923481286
2026-04-27 14:00:00,23.9,56.0,0.0,9.6,265.0,9.563469101680758,0.8366951303775184
2026-04-27 15:00:00,23.7,53.0,0.0,8.3,246.0,7.582427298433588,3.375914137529142
2026-04-27 16:00:00,22.7,61.0,0.0,8.3,259.0,8.147505622615611,1.583714661625322
2026-04-27 17:00:00,21.0,71.0,0.0,7.1,276.0,7.06110545711474,-0.7421520892003396
2026-04-27 18:00:00,19.2,86.0,0.0,1.1,198.0,0.3399186938124422,1.0461621679246689
2026-04-27 19:00:00,17.2,90.0,0.0,2.5,111.0,-2.3339510662430043,0.8959198738632506
2026-04-27 20:00:00,16.4,90.0,0.0,0.4,27.0,-0.18159619989581877,-0.35640260967534715
2026-04-27 21:00:00,15.3,90.0,0.0,2.2,42.0,-1.472087333989488,-1.6349186160502678
2026-04-27 22:00:00,14.2,92.0,0.0,3.2,34.0,-1.789417291106389,-2.6529202321761343
2026-04-27 23:00:00,13.1,92.0,0.0,3.8,49.0,-2.867896404846534,-2.4930243101639267
2026-04-28 00:00:00,11.7,91.0,0.0,3.9,53.0,-3.114678489184442,-2.3470785902929885
2026-04-28 01:00:00,11.0,87.0,0.0,5.1,51.0,-3.9634444034305507,-3.2095339943541714
2026-04-28 02:00:00,11.9,80.0,0.0,3.4,47.0,-2.48660258550518,-2.3187944242124945
2026-04-28 03:00:00,12.4,72.0,0.0,4.5,47.0,-3.2910916572862674,-3.0689926202812425
2026-04-28 04:00:00,11.2,74.0,0.0,4.7,43.0,-3.2053922922937437,-3.437362397610101
2026-04-28 05:00:00,10.5,77.0,0.0,6.6,43.0,-4.50118917641249,-4.826934430686525
2026-04-28 06:00:00,11.2,78.0,0.0,7.3,42.0,-4.884653426419664,-5.424957225984978
2026-04-28 07:00:00,16.6,72.0,0.0,7.1,45.0,-5.020458146424488,-5.020458146424486
2026-04-28 08:00:00,21.0,54.0,0.0,3.1,93.0,-3.0957515577391788,0.1622414643531258
2026-04-28 09:00:00,24.2,35.0,0.0,2.3,180.0,1.408343819019456e-16,2.3
2026-04-28 10:00:00,25.2,33.0,0.0,4.7,252.0,4.469965626587221,1.4523798735622528
2026-04-28 11:00:00,25.8,37.0,0.0,8.0,261.0,7.901506724761102,1.251475720321847
2026-04-28 12:00:00,25.8,39.0,0.0,9.9,265.0,9.862327511108282,0.8628418532018158
2026-04-28 13:00:00,26.0,40.0,0.0,9.3,254.0,8.939733772226367,2.5634274090980926
2026-04-28 14:00:00,25.8,45.0,0.0,9.0,260.0,8.863269777109872,1.562833599002373
2026-04-28 15:00:00,23.8,53.0,0.0,8.9,257.0,8.671893576588594,2.0020643836603984
2026-04-28 16:00:00,22.5,60.0,0.0,6.3,239.0,5.400153994423308,3.244739871933341
2026-04-28 17:00:00,22.1,62.0,0.0,4.1,236.0,3.3990540474756705,2.2926909042300623
2026-04-28 18:00:00,20.6,80.0,0.0,2.0,153.0,-0.9079809994790934,1.7820130483767358
2026-04-28 19:00:00,18.2,85.0,0.0,1.9,68.0,-1.761649323676896,-0.7117525274902328
2026-04-28 20:00:00,18.4,84.0,0.0,0.30000000000000004,45.0,-0.21213203435596434,-0.21213203435596428
2026-04-28 21:00:00,17.7,84.0,0.0,2.2,48.0,-1.6349186160502676,-1.4720873339894882
2026-04-28 22:00:00,17.0,84.0,0.0,2.9,60.0,-2.5114736709748717,-1.4500000000000002
2026-04-28 23:00:00,17.1,79.0,0.0,2.9,43.0,-1.9777952441812459,-2.1209257346955943
2026-04-29 00:00:00,15.1,88.0,0.0,4.5,47.0,-3.2910916572862674,-3.0689926202812425
2026-04-29 01:00:00,13.6,96.0,0.0,5.2,44.0,-3.612223526386786,-3.7405669617609862
2026-04-29 02:00:00,13.2,97.0,0.0,2.8,45.0,-1.9798989873223334,-1.9798989873223327
2026-04-29 03:00:00,13.1,97.0,0.0,5.7,41.0,-3.739536465245892,-4.301844607269801
2026-04-29 04:00:00,12.6,99.0,0.0,6.7,46.0,-4.819576662268962,-4.654211082075283
2026-04-29 05:00:00,12.5,98.0,0.0,7.1,49.0,-5.358438019581682,-4.6580191058326
2026-04-29 06:00:00,13.4,92.0,0.0,6.5,46.0,-4.6757087022012325,-4.515279407983483
2026-04-29 07:00:00,18.9,81.0,0.0,4.1,56.0,-3.3990540474756714,-2.2926909042300614
2026-04-29 08:00:00,23.5,59.0,0.0,3.2,227.0,2.3403318451813457,2.182394752199995
2026-04-29 09:00:00,25.0,53.0,0.0,6.2,224.0,4.306881896845783,4.459906762099637
2026-04-29 10:00:00,25.7,54.0,0.0,7.2,258.0,7.042662725283401,1.4969641738878674
2026-04-29 11:00:00,25.1,59.0,0.1,9.3,251.0,8.793322753073648,3.0277838364515577
2026-04-29 12:00:00,22.5,77.0,0.7000000000000001,3.8,262.0,3.7630186612179672,0.5288577836482486
2026-04-29 13:00:00,23.0,76.0,0.2,4.5,256.0,4.366330768241984,1.0886485301985047
2026-04-29 14:00:00,24.8,67.0,0.0,7.9,225.0,5.586143571373726,5.586143571373725
2026-04-29 15:00:00,21.0,91.0,6.5,8.3,256.0,8.053454528090771,2.0079517334772423
2026-04-29 16:00:00,20.9,93.0,1.2,2.2,246.0,2.0098000068137223,0.8948206147667606
2026-04-29 17:00:00,20.9,96.0,0.2,0.4,207.0,0.18159619989581874,0.35640260967534715
2026-04-29 18:00:00,18.6,100.0,0.6,5.1,72.0,-4.850388233105283,-1.575986671312231
2026-04-29 19:00:00,18.2,98.0,0.0,8.2,71.0,-7.753252319914396,-2.6696588665486853
2026-04-29 20:00:00,18.6,98.0,0.0,6.0,51.0,-4.6628757687418245,-3.7759223462990255
2026-04-29 21:00:00,18.0,100.0,0.3,4.8,37.0,-2.8887121111298315,-3.8334504482270053
2026-04-29 22:00:00,17.8,99.0,0.1,5.1,54.0,-4.125986671312233,-2.9977047866916124
2026-04-29 23:00:00,17.1,99.0,0.0,6.4,63.0,-5.702441754805555,-2.905539198333099
2026-04-30 00:00:00,16.8,99.0,0.0,7.1,56.0,-5.886166765140797,-3.970269614642301
2026-04-30 01:00:00,16.4,99.0,0.0,9.3,63.0,-8.286360674951823,-4.222111647577784
2026-04-30 02:00:00,16.8,97.0,0.0,6.8,63.0,-6.058844364480901,-3.0871353982289174
2026-04-30 03:00:00,16.9,97.0,0.2,5.9,70.0,-5.54418646263686,-2.017918845621445
2026-04-30 04:00:00,16.5,98.0,0.1,4.8,65.0,-4.35027737777592,-2.0285676563553565
2026-04-30 05:00:00,16.3,98.0,0.0,5.2,76.0,-5.045537776635181,-1.2579938571182712
2026-04-30 06:00:00,16.5,99.0,0.0,4.9,66.0,-4.476372742448745,-1.9930095510714212
2026-04-30 07:00:00,18.1,98.0,0.0,4.3,75.0,-4.153481053042993,-1.1129218939408394
2026-04-30 08:00:00,20.6,90.0,1.0,2.2,194.0,0.532228170319269,2.1346505978071924
2026-04-30 09:00:00,20.5,89.0,0.1,3.4,270.0,3.4,0.0
2026-04-30 10:00:00,20.3,90.0,0.2,1.3,278.0,1.2873484893640414,-0.18092503124808507
2026-04-30 11:00:00,21.2,85.0,0.2,4.6,239.0,3.9429695832297162,2.369175144586249
2026-04-30 12:00:00,19.8,93.0,0.4,5.9,239.0,5.057287074142463,3.0387246419693197
2026-04-30 13:00:00,20.6,87.0,0.4,4.5,230.0,3.447199994035401,2.892544243589427
2026-04-30 14:00:00,19.6,98.0,1.2,1.0,211.0,0.5150380749100542,0.8571673007021123
2026-04-30 15:00:00,19.6,100.0,2.7,2.2,222.0,1.4720873339894882,1.6349186160502676
2026-04-30 16:00:00,19.3,100.0,0.8,2.9,248.0,2.6888331782436836,1.0863591209061447
2026-04-30 17:00:00,19.3,100.0,0.3,0.30000000000000004,225.0,0.2121320343559643,0.21213203435596428
2026-04-30 18:00:00,19.1,100.0,0.1,1.9,229.0,1.4339482024232668,1.2465121550819638
2026-04-30 19:00:00,18.1,100.0,0.1,1.7000000000000002,212.0,0.9008627491964484,1.4416817634659242
2026-04-30 20:00:00,18.0,97.0,0.1,2.0,90.0,-2.0,2.4492935982947064e-16
2026-04-30 21:00:00,17.6,97.0,0.0,2.8,108.0,-2.6629582456264296,0.8652475842498529
2026-04-30 22:00:00,17.4,96.0,0.0,1.7000000000000002,108.0,-1.6167960777017611,0.5253288904374108
2026-04-30 23:00:00,17.0,96.0,0.0,2.1,75.0,-2.0284442352070435,-0.5435199947152937
2026-05-01 00:00:00,16.8,95.0,0.0,1.5,76.0,-1.4554435894139948,-0.3628828433995013
2026-05-01 01:00:00,16.5,94.0,0.0,1.5,97.0,-1.488819227461983,0.18280401510772132
2026-05-01 02:00:00,17.0,91.0,0.0,1.1,99.0,-1.0864571746546514,0.1720779115442541
2026-05-01 03:00:00,16.8,92.0,0.0,1.8,96.0,-1.790139411662892,0.18815123388177674
2026-05-01 04:00:00,16.4,94.0,0.0,1.8,79.0,-1.7669289302057951,-0.3434561916777805
2026-05-01 05:00:00,16.2,96.0,0.0,2.5,82.0,-2.475670171853926,-0.3479327524001638
2026-05-01 06:00:00,16.6,96.0,0.0,3.1,83.0,-3.0768930700880985,-0.3777949645559567
2026-05-01 07:00:00,18.4,98.0,0.0,2.5,180.0,1.5308084989341916e-16,2.5
2026-05-01 08:00:00,20.6,89.0,0.0,2.7,160.0,-0.9234543869793056,2.537170076121953
2026-05-01 09:00:00,21.6,80.0,0.1,4.9,213.0,2.668731271573633,4.109485782932578
2026-05-01 10:00:00,22.3,76.0,0.5,6.4,232.0,5.043268823083021,3.9402334420842133
2026-05-01 11:00:00,22.5,74.0,0.6,7.2,243.0,6.415246974156249,3.2687315981247367
2026-05-01 12:00:00,23.2,71.0,0.5,8.8,247.0,8.100442710381476,3.4384339307056093
2026-05-01 13:00:00,23.2,72.0,0.7000000000000001,9.4,246.0,8.587327301840448,3.8233244449125223
2026-05-01 14:00:00,23.0,71.0,0.8,9.1,260.0,8.961750552411093,1.580198416769066
2026-05-01 15:00:00,23.2,69.0,0.1,11.5,267.0,11.4842396496776,0.6018634967938541
2026-05-01 16:00:00,22.5,71.0,0.0,8.5,275.0,8.467654933779837,-0.7408238133550944
2026-05-01 17:00:00,21.2,77.0,0.0,4.0,252.0,3.804226065180614,1.2360679774997896
2026-05-01 18:00:00,19.6,92.0,0.0,1.8,225.0,1.2727922061357857,1.2727922061357855
2026-05-01 19:00:00,18.4,95.0,0.0,0.7000000000000001,104.0,-0.6792070083931976,0.16934532691976742
2026-05-01 20:00:00,18.2,95.0,0.0,1.2,63.0,-1.0692078290260414,-0.544788599687456
2026-05-01 21:00:00,18.1,94.0,0.0,0.4,27.0,-0.18159619989581877,-0.35640260967534715
2026-05-01 22:00:00,17.9,93.0,0.0,1.7000000000000002,41.0,-1.1153003492838625,-1.2830062863787126
2026-05-01 23:00:00,17.6,91.0,0.0,1.4,50.0,-1.0724622203665692,-0.8999026535611548
2026-05-02 00:00:00,17.2,93.0,0.0,2.3,51.0,-1.7874357113510326,-1.4474368994146265
2026-05-02 01:00:00,16.5,97.0,0.0,3.6,57.0,-3.0192140446035265,-1.9607005260540975
2026-05-02 02:00:00,17.7,86.0,0.0,0.8,63.0,-0.7128052193506944,-0.36319239979163737
2026-05-02 03:00:00,17.5,86.0,0.0,0.8,45.0,-0.5656854249492381,-0.565685424949238
2026-05-02 04:00:00,16.9,88.0,0.0,1.2,51.0,-0.9325751537483649,-0.7551844692598051
2026-05-02 05:00:00,15.9,92.0,0.0,2.9,60.0,-2.5114736709748717,-1.4500000000000002
2026-05-02 06:00:00,16.2,94.0,0.0,2.5,45.0,-1.7677669529663693,-1.7677669529663687
2026-05-02 07:00:00,19.8,91.0,0.0,2.2,351.0,0.34415582308850806,-2.1729143493093033
2026-05-02 08:00:00,21.8,75.0,0.0,1.2,219.0,0.755184469259805,0.9325751537483651
2026-05-02 09:00:00,23.9,66.0,0.0,4.3,225.0,3.0405591591021546,3.040559159102154
2026-05-02 10:00:00,25.0,63.0,0.1,6.4,223.0,4.36478950439999,4.6806636903626915
2026-05-02 11:00:00,26.3,57.0,0.1,7.3,228.0,5.424957225984977,4.884653426419665
2026-05-02 12:00:00,26.9,59.0,0.0,9.8,253.0,9.371786608437748,2.8652427062828205
2026-05-02 13:00:00,26.5,63.0,0.0,10.1,260.0,9.9465583054233,1.7538465944359962
2026-05-02 14:00:00,25.7,67.0,2.7,10.8,255.0,10.431998923921938,2.795245687107224
2026-05-02 15:00:00,21.2,93.0,6.6,1.3,270.0,1.3,0.0
2026-05-02 16:00:00,22.4,84.0,0.2,3.9,133.0,-2.8522794363147645,2.6597936042437444
2026-05-02 17:00:00,21.9,86.0,0.1,3.7,151.0,-1.793795594911447,3.236092916415765
2026-05-02 18:00:00,20.6,95.0,0.0,1.7000000000000002,139.0,-1.1153003492838622,1.2830062863787128
2026-05-02 19:00:00,19.0,96.0,0.0,1.5,60.0,-1.299038105676658,-0.7500000000000002
2026-05-02 20:00:00,19.5,92.0,0.0,2.4,81.0,-2.3704520174283306,-0.3754427160965537
2026-05-02 21:00:00,18.9,88.0,0.0,3.1,66.0,-2.8319909186920627,-1.2608835935349807
2026-05-02 22:00:00,18.2,88.0,0.0,4.6,59.0,-3.9429695832297162,-2.369175144586249
2026-05-02 23:00:00,16.0,99.0,0.0,4.6,51.0,-3.5748714227020653,-2.894873798829253
2026-05-03 00:00:00,15.1,100.0,0.0,5.7,53.0,-4.55222240726957,-3.430345631966676
2026-05-03 01:00:00,14.6,99.0,0.0,6.2,49.0,-4.679199397381187,-4.067565979741143
2026-05-03 02:00:00,14.1,100.0,0.0,5.1,45.0,-3.606244584051393,-3.606244584051392
2026-05-03 03:00:00,14.0,99.0,0.0,5.9,47.0,-4.314986839553106,-4.023790324368741
2026-05-03 04:00:00,13.8,99.0,0.0,5.9,52.0,-4.64926344627966,-3.6324027044213834
2026-05-03 05:00:00,13.6,98.0,0.0,6.0,49.0,-4.528257481336633,-3.9363541739430423
2026-05-03 06:00:00,14.1,98.0,0.0,5.7,46.0,-4.100236861930311,-3.959552711616285
2026-05-03 07:00:00,19.5,84.0,0.0,5.3,45.0,-3.7476659402887025,-3.7476659402887016
2026-05-03 08:00:00,23.6,72.0,0.0,0.30000000000000004,315.0,0.2121320343559643,-0.21213203435596428
2026-05-03 09:00:00,25.0,62.0,0.0,6.2,253.0,5.9290894869708195,1.812704569280968
2026-05-03 10:00:00,26.0,59.0,0.0,6.7,250.0,6.295940559265587,2.2915349602819806
2026-05-03 11:00:00,27.4,55.0,0.0,4.6,252.0,4.3748599749577055,1.421478174124758
2026-05-03 12:00:00,26.9,59.0,0.0,12.3,266.0,12.270037818195838,0.8580046270527413
2026-05-03 13:00:00,24.0,78.0,0.8,5.5,279.0,5.4322858732732575,-0.8603895577212698
2026-05-03 14:00:00,23.1,83.0,0.6,2.4,347.0,0.5398825304252758,-2.3384881554845647
2026-05-03 15:00:00,21.8,93.0,0.5,4.4,212.0,2.3316447626261017,3.7314116230882743
2026-05-03 16:00:00,21.8,92.0,0.2,4.3,66.0,-3.9282454678631837,-1.7489675652259409
2026-05-03 17:00:00,21.4,93.0,0.0,3.8,59.0,-3.2572357426680267,-1.9571446846582057
2026-05-03 18:00:00,21.1,93.0,0.0,3.6,72.0,-3.423803458662553,-1.1124611797498103
2026-05-03 19:00:00,19.4,92.0,0.0,2.6,56.0,-2.1554976886431088,-1.4539015490239415
2026-05-03 20:00:00,18.8,93.0,0.0,8.4,65.0,-7.612985411107861,-3.549993398621874
2026-05-03 21:00:00,18.0,98.0,0.0,9.1,51.0,-7.072028249258434,-5.726815558553522
2026-05-03 22:00:00,17.3,98.0,0.0,8.8,47.0,-6.435912574248701,-6.001585568549986
2026-05-03 23:00:00,17.0,97.0,0.0,7.1,30.0,-3.550000000000003,-6.148780366869512
2026-05-04 00:00:00,16.1,100.0,0.0,5.6,57.0,-4.696555180494374,-3.0499785960841517
2026-05-04 01:00:00,16.1,99.0,0.0,2.1,52.0,-1.6548225825741163,-1.2928890981838823
2026-05-04 02:00:00,15.9,100.0,0.0,4.2,50.0,-3.2173866610997077,-2.699707960683465
2026-05-04 03:00:00,15.6,100.0,0.0,5.0,44.0,-3.4732918522949863,-3.596699001693256
2026-05-04 04:00:00,15.7,100.0,0.0,4.6,45.0,-3.2526911934581193,-3.252691193458118
2026-05-04 05:00:00,15.1,100.0,0.0,7.5,60.0,-6.495190528383289,-3.750000000000001
2026-05-04 06:00:00,15.4,99.0,0.0,7.9,57.0,-6.62549748676885,-4.3026483766187145
2026-05-04 07:00:00,19.0,92.0,0.0,6.7,74.0,-6.440453362786736,-1.8467702839738933
2026-05-04 08:00:00,22.3,84.0,0.0,2.1,121.0,-1.8000513314744357,1.0815799573111142
2026-05-04 09:00:00,24.9,61.0,0.0,3.0,218.0,1.846984425976975,2.3640322608201663
2026-05-04 10:00:00,26.4,53.0,0.0,6.8,192.0,1.4137994975607642,6.651403684989877
2026-05-04 11:00:00,25.9,63.0,0.0,8.7,228.0,6.46535998165333,5.821436275322066
2026-05-04 12:00:00,25.7,68.0,0.1,6.7,226.0,4.819576662268963,4.654211082075282
2026-05-04 13:00:00,25.3,70.0,0.2,8.7,223.0,5.933385732543736,6.3627772040867825
2026-05-04 14:00:00,24.0,79.0,2.4,7.5,253.0,7.172285669722766,2.192787785420526
2026-05-04 15:00:00,23.1,84.0,0.6,4.4,199.0,1.4324998796114898,4.160281732636994
2026-05-04 16:00:00,21.0,95.0,0.9,7.3,228.0,5.424957225984977,4.884653426419665
2026-05-04 17:00:00,20.1,99.0,3.0,6.0,261.0,5.926130043570827,0.9386067902413853
2026-05-04 18:00:00,19.2,100.0,1.8,3.6,237.0,3.0192140446035265,1.9607005260540975
2026-05-04 19:00:00,18.9,100.0,0.5,1.0,211.0,0.5150380749100542,0.8571673007021123
2026-05-04 20:00:00,18.8,100.0,1.4,5.0,103.0,-4.871850323926176,1.124755271719326
2026-05-04 21:00:00,17.9,99.0,1.9,9.4,83.0,-9.329933825428428,-1.1455718280083849
2026-05-04 22:00:00,17.5,98.0,0.6,9.6,77.0,-9.353952621938259,-2.1595301217011036
2026-05-04 23:00:00,17.5,98.0,1.3,4.7,97.0,-4.664966912714213,0.5727859140041934
2026-05-05 00:00:00,17.0,98.0,0.5,9.4,77.0,-9.159078608981211,-2.114539910832331
2026-05-05 01:00:00,16.8,99.0,1.0,9.0,75.0,-8.693332436601615,-2.329371405922687
2026-05-05 02:00:00,16.5,99.0,0.9,7.4,58.0,-6.275555911557553,-3.9214025553257157
2026-05-05 03:00:00,16.5,99.0,1.2,7.3,65.0,-6.616046845367546,-3.0851133107071047
2026-05-05 04:00:00,16.5,99.0,0.1,3.3,13.0,-0.7423384793347553,-3.215421213791276
2026-05-05 05:00:00,16.5,100.0,0.5,4.6,18.0,-1.4214781741247586,-4.3748599749577055
2026-05-05 06:00:00,16.8,99.0,1.7000000000000002,4.6,72.0,-4.374859974957706,-1.4214781741247573
2026-05-05 07:00:00,17.5,100.0,2.5,4.5,76.0,-4.366330768241984,-1.0886485301985038
2026-05-05 08:00:00,18.1,99.0,0.1,2.0,10.0,-0.34729635533386066,-1.969615506024416
2026-05-05 09:00:00,19.0,98.0,1.2,3.8,109.0,-3.592970587277404,1.237158986937195
2026-05-05 10:00:00,19.6,98.0,0.6,2.8,162.0,-0.8652475842498525,2.66295824562643
2026-05-05 11:00:00,20.0,95.0,0.6,2.6,196.0,0.7166571251241979,2.499280409439629
2026-05-05 12:00:00,19.9,95.0,0.5,2.3,203.0,0.8986815955253294,2.117161162940613
2026-05-05 13:00:00,19.1,100.0,1.2,2.0,280.0,1.969615506024416,-0.34729635533386066
2026-05-05 14:00:00,19.0,99.0,1.1,2.0,225.0,1.4142135623730951,1.414213562373095
2026-05-05 15:00:00,19.2,99.0,1.4,3.8,251.0,3.592970587277404,1.2371589869371955
2026-05-05 16:00:00,18.4,98.0,7.7,5.4,256.0,5.2395969218903815,1.306378236238206
2026-05-05 17:00:00,18.0,99.0,2.6,4.0,273.0,3.9945181390182953,-0.20934382497177534
2026-05-05 18:00:00,17.8,100.0,3.6,1.2,243.0,1.0692078290260414,0.5447885996874561
2026-05-05 19:00:00,17.6,100.0,4.2,2.1,110.0,-1.9733545036504077,0.7182423009839046
2026-05-05 20:00:00,17.4,100.0,2.4,2.6,115.0,-2.3564002462952898,1.0988074805258188
2026-05-05 21:00:00,17.0,99.0,1.7000000000000002,3.9,47.0,-2.852279436314765,-2.6597936042437436
2026-05-05 22:00:00,17.0,99.0,2.4,3.8,71.0,-3.5929705872774034,-1.2371589869371955
2026-05-05 23:00:00,16.8,98.0,1.0,4.7,58.0,-3.9858260519352027,-2.4906205418960625
2026-05-06 00:00:00,16.5,99.0,1.4,3.5,75.0,-3.380740392011739,-0.9058666578588228
2026-05-06 01:00:00,16.1,99.0,4.5,4.4,63.0,-3.9204287064288192,-1.9975581988540057
2026-05-06 02:00:00,16.9,94.0,0.6,2.8,18.0,-0.8652475842498532,-2.6629582456264296
2026-05-06 03:00:00,17.0,92.0,9.2,2.0,360.0,1.2246467991473532e-16,-2.0
2026-05-06 04:00:00,16.9,93.0,6.4,2.5,86.0,-2.4939101256495606,-0.1743911843603132
2026-05-06 05:00:00,16.9,92.0,5.2,2.4,77.0,-2.3384881554845647,-0.5398825304252759
2026-05-06 06:00:00,16.8,94.0,7.0,3.0,76.0,-2.9108871788279895,-0.7257656867990026
2026-05-06 07:00:00,17.0,97.0,1.2,6.8,87.0,-6.790680836331102,-0.35588450245201625
2026-05-06 08:00:00,18.0,97.0,0.1,2.8,55.0,-2.293625724009177,-1.606014021782929
2026-05-06 09:00:00,20.0,91.0,0.0,4.2,102.0,-4.108219923081984,0.8732291014345892
2026-05-06 10:00:00,21.6,83.0,0.0,2.3,90.0,-2.3,2.816687638038912e-16
2026-05-06 11:00:00,22.4,77.0,0.0,0.9,180.0,5.5109105961630896e-17,0.9
2026-05-06 12:00:00,24.1,62.0,0.1,5.4,244.0,4.853487850015503,2.3672041926610183
2026-05-06 13:00:00,25.0,59.0,0.1,9.6,264.0,9.547410195535424,1.0034732473694732
2026-05-06 14:00:00,25.0,59.0,0.1,10.9,253.0,10.423721839997087,3.186851581477831
2026-05-06 15:00:00,24.5,62.0,0.6,10.7,258.0,10.46617932785172,2.2246550917500247
2026-05-06 16:00:00,23.1,72.0,0.4,8.1,253.0,7.746068523300587,2.3682108082541675
2026-05-06 17:00:00,21.8,82.0,0.6,5.8,248.0,5.377666356487367,2.1727182418122895
2026-05-06 18:00:00,20.1,96.0,0.4,2.6,214.0,1.4539015490239418,2.1554976886431088
2026-05-06 19:00:00,19.0,97.0,0.0,1.4,130.0,-1.072462220366569,0.8999026535611552
2026-05-06 20:00:00,18.1,96.0,0.0,2.2,81.0,-2.1729143493093033,-0.3441558230885076
2026-05-06 21:00:00,17.1,97.0,0.0,4.1,56.0,-3.3990540474756714,-2.2926909042300614
2026-05-06 22:00:00,15.6,100.0,0.0,3.6,45.0,-2.545584412271572,-2.545584412271571
2026-05-06 23:00:00,14.5,100.0,0.0,4.7,43.0,-3.2053922922937437,-3.437362397610101
2026-05-07 00:00:00,13.9,100.0,0.0,6.0,44.0,-4.1679502227539835,-4.316038802031907
2026-05-07 01:00:00,13.8,98.0,0.0,6.1,45.0,-4.31335136523794,-4.313351365237939
2026-05-07 02:00:00,13.7,98.0,0.0,4.6,48.0,-3.4184661971960133,-3.0780007892507477
2026-05-07 03:00:00,13.1,99.0,0.0,4.7,40.0,-3.0211017655267356,-3.6004088826591962
2026-05-07 04:00:00,12.7,100.0,0.0,4.7,43.0,-3.2053922922937437,-3.437362397610101
2026-05-07 05:00:00,12.8,98.0,0.0,4.6,42.0,-3.0780007892507473,-3.4184661971960137
2026-05-07 06:00:00,14.0,93.0,0.0,5.1,39.0,-3.2095339943541727,-3.96344440343055
2026-05-07 07:00:00,19.2,85.0,0.0,4.0,30.0,-2.0000000000000018,-3.4641016151377535
2026-05-07 08:00:00,21.0,80.0,0.0,1.2,219.0,0.755184469259805,0.9325751537483651
2026-05-07 09:00:00,23.8,65.0,0.0,3.8,199.0,1.2371589869371955,3.5929705872774034
2026-05-07 10:00:00,25.4,58.0,0.1,7.1,234.0,5.744020660062127,4.173275291276559
2026-05-07 11:00:00,25.6,60.0,0.3,8.6,241.0,7.521729481398803,4.169362734118499
2026-05-07 12:00:00,25.9,59.0,0.4,9.9,243.0,8.820964589464843,4.494505947421513
2026-05-07 13:00:00,25.9,60.0,0.4,10.4,249.0,9.709236435570899,3.727026675271123
2026-05-07 14:00:00,25.9,60.0,0.5,10.2,253.0,9.75430851082296,2.982191388171915
2026-05-07 15:00:00,25.0,65.0,0.2,10.5,251.0,9.927945043792826,3.4184656218001455
2026-05-07 16:00:00,23.8,73.0,0.3,10.5,258.0,10.27054980770496,2.183072753586473
2026-05-07 17:00:00,22.3,81.0,0.1,6.9,263.0,6.848568446325122,0.8408984694955176
2026-05-07 18:00:00,20.8,90.0,0.1,3.9,254.0,3.7489206141594438,1.0749856876862967
2026-05-07 19:00:00,20.0,94.0,0.1,0.7000000000000001,166.0,-0.16934532691976747,0.6792070083931976
2026-05-07 20:00:00,19.8,93.0,0.0,0.4,27.0,-0.18159619989581877,-0.35640260967534715
2026-05-07 21:00:00,19.5,93.0,0.1,1.3,45.0,-0.919238815542512,-0.9192388155425117
2026-05-07 22:00:00,18.9,93.0,0.0,1.8,66.0,-1.6443818237566816,-0.7321259575364404
2026-05-07 23:00:00,18.1,94.0,0.0,1.7000000000000002,41.0,-1.1153003492838625,-1.2830062863787126
2026-05-08 00:00:00,17.4,96.0,0.0,3.2,47.0,-2.3403318451813457,-2.1823947521999947
2026-05-08 01:00:00,16.6,98.0,0.0,3.2,43.0,-2.1823947521999956,-2.3403318451813457
2026-05-08 02:00:00,16.5,98.0,0.0,2.7,42.0,-1.806652637168917,-2.006491028788965
2026-05-08 03:00:00,16.0,99.0,0.0,4.7,32.0,-2.490620541896064,-3.9858260519352022
2026-05-08 04:00:00,15.6,100.0,0.0,4.2,36.0,-2.468698059628388,-3.3978713763747788
2026-05-08 05:00:00,15.6,99.0,0.0,4.5,37.0,-2.7081676041842173,-3.5938597952128175
2026-05-08 06:00:00,16.6,95.0,0.0,5.3,38.0,-3.2630058192259876,-4.176456994115627
2026-05-08 07:00:00,20.2,85.0,0.0,3.8,5.0,-0.33119182244110135,-3.785539852748633
2026-05-08 08:00:00,22.8,76.0,0.0,3.5,246.0,3.197409101749103,1.4235782507653008
2026-05-08 09:00:00,23.6,70.0,0.0,6.5,257.0,6.333405421104029,1.4621818532351225
2026-05-08 10:00:00,23.9,69.0,0.0,6.6,248.0,6.1194134401407965,2.472403516545019
2026-05-08 11:00:00,26.0,61.0,0.0,9.2,247.0,8.468644651762451,3.5947263821013182
2026-05-08 12:00:00,26.5,59.0,0.0,10.8,259.0,10.601573581234772,2.060737150066684
2026-05-08 13:00:00,26.9,54.0,0.0,10.1,264.0,10.04467114321956,1.0557374790033
2026-05-08 14:00:00,26.4,56.0,0.0,9.7,258.0,9.488031727117914,2.0167434009322656
2026-05-08 15:00:00,25.7,63.0,0.0,7.7,242.0,6.798696465013738,3.6149310334513594
2026-05-08 16:00:00,24.6,66.0,0.1,7.0,244.0,6.2915583240941695,3.068598027523542
2026-05-08 17:00:00,23.3,74.0,0.0,5.4,233.0,4.312631754255381,3.2498011250210608
2026-05-08 18:00:00,21.5,88.0,0.3,4.3,213.0,2.3419478505646163,3.6062834421653234
2026-05-08 19:00:00,20.0,96.0,0.0,3.4,115.0,-3.0814464759246096,1.4369020899183782
2026-05-08 20:00:00,19.8,97.0,0.0,2.4,77.0,-2.3384881554845647,-0.5398825304252759
2026-05-08 21:00:00,19.4,93.0,0.0,1.7000000000000002,77.0,-1.6564291101349,-0.3824167923845705
2026-05-08 22:00:00,19.0,90.0,0.0,0.6000000000000001,72.0,-0.5706339097770923,-0.1854101966249684
2026-05-08 23:00:00,18.6,90.0,0.0,1.8,79.0,-1.7669289302057951,-0.3434561916777805
2026-05-09 00:00:00,18.2,90.0,0.0,5.6,84.0,-5.56932261406233,-0.5853593942988595
2026-05-09 01:00:00,17.2,93.0,0.0,5.5,73.0,-5.259676157796695,-1.6080443759750522
2026-05-09 02:00:00,16.5,95.0,0.0,2.7,53.0,-2.1563158771276907,-1.6249005625105308
2026-05-09 03:00:00,16.0,97.0,0.0,3.1,62.0,-2.737137537862673,-1.4553618446362617
2026-05-09 04:00:00,16.6,92.0,0.0,3.9,74.0,-3.7489206141594438,-1.074985687686296
2026-05-09 05:00:00,17.1,89.0,0.0,1.0,45.0,-0.7071067811865477,-0.7071067811865475
2026-05-09 06:00:00,17.5,89.0,0.0,3.2,56.0,-2.6529202321761343,-1.7894172911063895
2026-05-09 07:00:00,20.6,87.0,0.0,3.6,127.0,-2.8750878361702545,2.1665340833473734
2026-05-09 08:00:00,22.9,71.0,0.0,1.5,225.0,1.0606601717798214,1.0606601717798212
2026-05-09 09:00:00,24.6,65.0,0.0,6.0,233.0,4.791813060283757,3.6108901389122896
2026-05-09 10:00:00,25.4,59.0,0.0,7.9,246.0,7.217009115376547,3.2132194802988217
2026-05-09 11:00:00,26.0,59.0,0.0,8.8,250.0,8.269295062915996,3.009777261265885
2026-05-09 12:00:00,26.5,58.0,0.0,10.4,255.0,10.045628593406311,2.6917180690662157
2026-05-09 13:00:00,26.2,57.0,0.1,12.6,257.0,12.277062816293963,2.834383284732699
2026-05-09 14:00:00,24.5,69.0,0.1,11.4,267.0,11.384376696202143,0.5966299011695597
2026-05-09 15:00:00,24.5,69.0,0.0,10.3,251.0,9.738841328672963,3.353351990908714
2026-05-09 16:00:00,23.6,72.0,0.0,8.7,236.0,7.212626881228862,4.864978260195498
2026-05-09 17:00:00,22.4,77.0,0.0,6.0,233.0,4.791813060283757,3.6108901389122896
2026-05-09 18:00:00,21.0,88.0,0.1,3.9,196.0,1.0749856876862967,3.7489206141594438
2026-05-09 19:00:00,19.4,95.0,0.0,3.1,159.0,-1.1109406435904308,2.8940993221413254
2026-05-09 20:00:00,19.0,93.0,0.0,3.2,93.0,-3.1956145112146364,0.16747505997742018
2026-05-09 21:00:00,18.8,91.0,0.0,5.0,77.0,-4.871850323926176,-1.1247552717193248
2026-05-09 22:00:00,17.9,92.0,0.0,5.0,71.0,-4.7275928779965835,-1.6278407722857837
2026-05-09 23:00:00,16.9,93.0,0.0,5.6,59.0,-4.800136883931828,-2.8842132194963033
2026-05-10 00:00:00,16.8,91.0,0.0,3.6,63.0,-3.2076234870781244,-1.6343657990623681
2026-05-10 01:00:00,16.5,91.0,0.0,3.7,55.0,-3.03086256386927,-2.122232814498871
2026-05-10 02:00:00,17.1,86.0,0.0,4.4,69.0,-4.107753876587688,-1.576818977999322
2026-05-10 03:00:00,16.5,89.0,0.0,4.7,62.0,-4.149853686436956,-2.206516345093687
2026-05-10 04:00:00,16.4,90.0,0.0,2.7,53.0,-2.1563158771276907,-1.6249005625105308
2026-05-10 05:00:00,16.5,89.0,0.0,2.7,42.0,-1.806652637168917,-2.006491028788965
2026-05-10 06:00:00,16.9,90.0,0.0,4.9,57.0,-4.109485782932578,-2.668731271573633
2026-05-10 07:00:00,20.9,78.0,0.0,1.9,343.0,0.5555062389731998,-1.8169790363297673
2026-05-10 08:00:00,22.6,69.0,0.0,1.8,225.0,1.2727922061357857,1.2727922061357855
2026-05-10 09:00:00,23.8,69.0,0.0,8.2,255.0,7.92059177557036,2.12231616984067
2026-05-10 10:00:00,24.2,70.0,0.0,8.4,251.0,7.942356035034262,2.734772497440116
2026-05-10 11:00:00,25.2,65.0,0.0,9.6,254.0,9.228112281007862,2.646118615843192
2026-05-10 12:00:00,25.3,64.0,0.0,11.6,266.0,11.57174298301396,0.8091750954318535
2026-05-10 13:00:00,25.5,62.0,0.0,11.5,259.0,11.288712609648135,2.1943034468302653
2026-05-10 14:00:00,24.0,75.0,0.1,7.3,253.0,6.981024718530159,2.1343134444759784
2026-05-10 15:00:00,23.1,80.0,0.5,7.2,245.0,6.52541606666388,3.042851484533036
2026-05-10 16:00:00,21.8,90.0,0.4,4.4,277.0,4.367203067221817,-0.5362251109826489
2026-05-10 17:00:00,21.5,90.0,0.6,2.4,243.0,2.138415658052083,1.0895771993749122
2026-05-10 18:00:00,20.1,97.0,3.5,4.8,169.0,-0.915883177807415,4.711810480548787
2026-05-10 19:00:00,19.5,99.0,0.1,3.4,108.0,-3.233592155403522,1.0506577808748214
2026-05-10 20:00:00,19.6,95.0,0.0,1.5,60.0,-1.299038105676658,-0.7500000000000002
2026-05-10 21:00:00,19.0,92.0,0.0,2.1,75.0,-2.0284442352070435,-0.5435199947152937
2026-05-10 22:00:00,18.8,92.0,0.0,2.8,75.0,-2.7045923136093912,-0.7246933262870582
2026-05-10 23:00:00,18.5,94.0,0.0,2.7,42.0,-1.806652637168917,-2.006491028788965
2026-05-11 00:00:00,17.8,94.0,0.0,3.3,36.0,-1.9396913325651617,-2.6697560814373262
2026-05-11 01:00:00,17.3,99.0,0.0,4.5,47.0,-3.2910916572862674,-3.0689926202812425
2026-05-11 02:00:00,16.9,98.0,0.0,3.6,57.0,-3.0192140446035265,-1.9607005260540975
2026-05-11 03:00:00,16.0,100.0,0.0,3.9,47.0,-2.852279436314765,-2.6597936042437436
2026-05-11 04:00:00,15.6,100.0,0.0,2.2,48.0,-1.6349186160502676,-1.4720873339894882
2026-05-11 05:00:00,15.4,100.0,0.0,2.8,50.0,-2.1449244407331385,-1.7998053071223097
2026-05-11 06:00:00,15.9,100.0,0.0,2.1,52.0,-1.6548225825741163,-1.2928890981838823
2026-05-11 07:00:00,19.7,98.0,0.0,1.5,346.0,0.3628828433995015,-1.4554435894139948
2026-05-11 08:00:00,22.4,88.0,0.0,2.6,231.0,2.0205794997881243,1.6362330167295773
2026-05-11 09:00:00,23.6,76.0,0.1,4.4,218.0,2.7089104914328965,3.467247315869577
2026-05-11 10:00:00,25.5,63.0,0.1,6.5,236.0,5.38874422160777,3.634753872559855
2026-05-11 11:00:00,26.2,63.0,0.1,8.9,249.0,8.308865795825096,3.1894747509531727
2026-05-11 12:00:00,27.0,60.0,0.0,11.0,252.0,10.461621679246688,3.3991869381244215
2026-05-11 13:00:00,27.1,59.0,0.0,11.1,254.0,10.67000482491534,3.0595746495686904
2026-05-11 14:00:00,25.2,65.0,0.8,9.1,248.0,8.437373076557765,3.408920000084799
2026-05-11 15:00:00,24.2,74.0,0.2,5.5,243.0,4.9005358830360235,2.496947748567507
2026-05-11 16:00:00,24.1,74.0,0.3,5.2,221.0,3.411506950750638,3.9244898171584146
2026-05-11 17:00:00,23.5,77.0,0.1,4.5,227.0,3.291091657286267,3.068992620281243
2026-05-11 18:00:00,21.9,91.0,0.0,3.3,221.0,2.1649947956686737,2.4905416147351476
2026-05-11 19:00:00,20.4,97.0,0.0,0.5,270.0,0.5,0.0
2026-05-11 20:00:00,19.8,95.0,0.0,2.2,66.0,-2.0098000068137223,-0.8948206147667606
2026-05-11 21:00:00,18.8,94.0,0.0,1.9,41.0,-1.2465121550819638,-1.4339482024232668
2026-05-11 22:00:00,18.1,94.0,0.0,3.2,38.0,-1.970116721042106,-2.521634411541511
2026-05-11 23:00:00,17.0,98.0,0.0,3.3,49.0,-2.490541614735148,-2.1649947956686733
2026-05-12 00:00:00,16.4,99.0,0.0,2.9,43.0,-1.9777952441812459,-2.1209257346955943
2026-05-12 01:00:00,15.5,100.0,0.0,3.8,41.0,-2.4930243101639276,-2.8678964048465336
2026-05-12 02:00:00,15.1,100.0,0.0,3.6,49.0,-2.7169544888019797,-2.3618125043658256
2026-05-12 03:00:00,15.2,99.0,0.1,4.4,52.0,-3.467247315869577,-2.708910491432896
2026-05-12 04:00:00,15.1,99.0,0.1,3.2,52.0,-2.521634411541511,-1.9701167210421062
2026-05-12 05:00:00,15.4,98.0,0.0,4.1,49.0,-3.0943092789133653,-2.6898420188610785
2026-05-12 06:00:00,16.5,95.0,0.0,5.8,51.0,-4.50744657645043,-3.650058268089058
2026-05-12 07:00:00,20.9,84.0,0.0,3.5,28.0,-1.6431504697506176,-3.0903165750062445
2026-05-12 08:00:00,23.5,66.0,0.0,3.1,239.0,2.6572186321765483,1.5966180322211678
2026-05-12 09:00:00,24.5,66.0,0.0,6.4,243.0,5.702441754805555,2.9055391983330994
2026-05-12 10:00:00,25.1,66.0,0.1,7.1,249.0,6.628421028130132,2.5444124417716316
2026-05-12 11:00:00,26.0,64.0,0.0,8.2,247.0,7.54813979831001,3.2039952536120446
2026-05-12 12:00:00,26.0,64.0,0.2,9.5,248.0,8.80824661838448,3.558762637451164
2026-05-12 13:00:00,26.0,66.0,0.3,10.5,257.0,10.23088568024497,2.3619860706105826
2026-05-12 14:00:00,25.6,63.0,0.2,9.1,256.0,8.829691109111568,2.2014892499569765
2026-05-12 15:00:00,24.9,65.0,0.1,9.2,239.0,7.8859391664594325,4.738350289172498
2026-05-12 16:00:00,24.0,70.0,0.4,9.6,254.0,9.228112281007862,2.646118615843192
2026-05-12 17:00:00,22.6,79.0,0.1,5.5,259.0,5.3989495089621515,1.0494494745709964
2026-05-12 18:00:00,21.5,90.0,0.2,2.3,212.0,1.2188143077363711,1.9505106211597796
2026-05-12 19:00:00,20.5,95.0,0.0,1.2,141.0,-0.7551844692598048,0.9325751537483652
2026-05-12 20:00:00,20.5,94.0,0.0,0.8,63.0,-0.7128052193506944,-0.36319239979163737
2026-05-12 21:00:00,20.1,93.0,0.0,2.3,61.0,-2.01162532642061,-1.115062126566575
2026-05-12 22:00:00,19.5,91.0,0.0,1.5,54.0,-1.2135254915624214,-0.8816778784387096
2026-05-12 23:00:00,18.4,94.0,0.0,2.7,42.0,-1.806652637168917,-2.006491028788965
2026-05-13 00:00:00,18.0,94.0,0.0,2.4,48.0,-1.7835475811457462,-1.6059134552612597
2026-05-13 01:00:00,17.2,95.0,0.0,3.2,52.0,-2.521634411541511,-1.9701167210421062
2026-05-13 02:00:00,19.4,88.0,0.0,0.30000000000000004,45.0,-0.21213203435596434,-0.21213203435596428
2026-05-13 03:00:00,18.4,91.0,0.0,2.1,38.0,-1.292889098183882,-1.6548225825741165
2026-05-13 04:00:00,18.4,89.0,0.0,1.0,59.0,-0.8571673007021123,-0.5150380749100542
2026-05-13 05:00:00,18.1,87.0,0.0,1.9,56.0,-1.5751713878545794,-1.0624665165944187
2026-05-13 06:00:00,18.4,86.0,0.0,2.2,48.0,-1.6349186160502676,-1.4720873339894882
2026-05-13 07:00:00,19.9,86.0,0.0,2.2,55.0,-1.802134497435782,-1.2618681599723016
2026-05-13 08:00:00,21.0,81.0,0.0,2.3,122.0,-1.9505106211597796,1.2188143077363711
2026-05-13 09:00:00,23.2,69.0,0.0,4.2,168.0,-0.8732291014345893,4.108219923081984
2026-05-13 10:00:00,25.4,60.0,0.0,6.2,218.0,3.8171011470190814,4.885666672361677
2026-05-13 11:00:00,25.4,59.0,0.0,7.7,245.0,6.978569960182205,3.2541606154033857
2026-05-13 12:00:00,25.0,62.0,0.0,8.5,252.0,8.083980388508804,2.626644452187053
2026-05-13 13:00:00,25.0,64.0,0.1,6.1,251.0,5.767663311155832,1.9859657421886558
2026-05-13 14:00:00,24.1,68.0,0.0,4.0,249.0,3.734321705988807,1.433471798181201
2026-05-13 15:00:00,23.1,74.0,0.3,6.5,246.0,5.938045474676906,2.6437881799927014
2026-05-13 16:00:00,20.8,95.0,2.3,3.1,260.0,3.052904034337845,0.5383093507674841
2026-05-13 17:00:00,20.4,98.0,0.7000000000000001,2.4,153.0,-1.089577199374912,2.138415658052083
2026-05-13 18:00:00,20.5,98.0,0.2,5.1,122.0,-4.325045290397772,2.702588247589345
2026-05-13 19:00:00,20.0,97.0,0.0,4.7,92.0,-4.6971368869897505,0.16402763450175536
2026-05-13 20:00:00,20.1,92.0,0.2,2.6,56.0,-2.1554976886431088,-1.4539015490239415
2026-05-13 21:00:00,19.8,92.0,0.0,1.9,29.0,-0.92113827846804,-1.6617774435648522
2026-05-13 22:00:00,19.1,94.0,0.1,3.6,72.0,-3.423803458662553,-1.1124611797498103
2026-05-13 23:00:00,18.6,94.0,0.0,4.4,55.0,-3.604268994871564,-2.5237363199446032
2026-05-14 00:00:00,18.3,94.0,0.0,4.0,54.0,-3.2360679774997902,-2.351141009169892
2026-05-14 01:00:00,18.0,94.0,0.0,3.0,52.0,-2.3640322608201663,-1.8469844259769745
2026-05-14 02:00:00,18.7,91.0,0.0,0.4,63.0,-0.3564026096753472,-0.18159619989581868
2026-05-14 03:00:00,18.5,92.0,0.8,2.1,70.0,-1.9733545036504079,-0.7182423009839042
2026-05-14 04:00:00,18.4,95.0,1.7000000000000002,2.7,70.0,-2.537170076121953,-0.9234543869793055
2026-05-14 05:00:00,18.5,96.0,0.8,2.7,62.0,-2.383958500719103,-1.2675732195219054
2026-05-14 06:00:00,18.6,96.0,0.2,3.1,59.0,-2.6572186321765483,-1.5966180322211678
2026-05-14 07:00:00,19.9,97.0,0.0,4.8,59.0,-4.114403043370139,-2.47218275956826
2026-05-14 08:00:00,19.6,97.0,0.0,5.5,46.0,-3.956368901862581,-3.8206210375244853
2026-05-14 09:00:00,20.2,98.0,1.0,0.4,270.0,0.4,0.0
2026-05-14 10:00:00,20.9,96.0,1.4,2.5,45.0,-1.7677669529663693,-1.7677669529663687
2026-05-14 11:00:00,21.9,92.0,0.2,4.5,74.0,-4.325677631722435,-1.2403681011764955
2026-05-14 12:00:00,21.5,93.0,0.1,0.6000000000000001,252.0,0.5706339097770922,0.18541019662496847
2026-05-14 13:00:00,21.9,93.0,0.6,1.9,331.0,0.9211382784680405,-1.6617774435648518
2026-05-14 14:00:00,21.2,99.0,1.0,2.6,309.0,2.0205794997881243,-1.6362330167295773
2026-05-14 15:00:00,20.9,100.0,2.4,1.9,229.0,1.4339482024232668,1.2465121550819638
2026-05-14 16:00:00,20.5,99.0,2.2,4.4,120.0,-3.8105117766515306,2.1999999999999997
2026-05-14 17:00:00,20.6,95.0,2.1,2.1,70.0,-1.9733545036504079,-0.7182423009839042
2026-05-14 18:00:00,19.9,94.0,1.0,2.7,86.0,-2.6934229357015256,-0.18834247910913826
2026-05-14 19:00:00,19.1,92.0,0.5,2.8,75.0,-2.7045923136093912,-0.7246933262870582
2026-05-14 20:00:00,20.0,87.0,0.1,1.0,68.0,-0.9271838545667874,-0.374606593415912
2026-05-14 21:00:00,19.4,85.0,0.0,1.8,84.0,-1.790139411662892,-0.1881512338817763
2026-05-14 22:00:00,18.2,85.0,0.0,2.7,67.0,-2.485363104321589,-1.0549740469210387
2026-05-14 23:00:00,17.0,91.0,0.0,3.9,53.0,-3.114678489184442,-2.3470785902929885
2026-05-15 00:00:00,16.0,95.0,0.0,3.9,47.0,-2.852279436314765,-2.6597936042437436
2026-05-15 01:00:00,15.7,96.0,0.0,3.8,45.0,-2.687005768508881,-2.68700576850888
2026-05-15 02:00:00,16.5,92.0,0.0,1.9,34.0,-1.0624665165944185,-1.5751713878545794
2026-05-15 03:00:00,16.6,93.0,0.0,1.5,60.0,-1.299038105676658,-0.7500000000000002
2026-05-15 04:00:00,16.6,94.0,0.0,1.8,53.0,-1.437543918085127,-1.0832670416736871
2026-05-15 05:00:00,16.3,93.0,0.0,1.5,36.0,-0.8816778784387098,-1.213525491562421
2026-05-15 06:00:00,16.9,93.0,0.2,2.9,43.0,-1.9777952441812459,-2.1209257346955943
2026-05-15 07:00:00,18.9,97.0,0.0,1.3,56.0,-1.0777488443215544,-0.7269507745119708
2026-05-15 08:00:00,21.1,91.0,0.0,1.5,234.0,1.2135254915624212,0.8816778784387097
2026-05-15 09:00:00,24.2,66.0,0.0,3.9,246.0,3.562827284806143,1.5862729079956208
2026-05-15 10:00:00,24.4,64.0,0.2,6.6,259.0,6.4787394107545815,1.2593393694851955
2026-05-15 11:00:00,25.5,61.0,0.3,7.6,263.0,7.543350752474047,0.9262070098791207
2026-05-15 12:00:00,26.0,59.0,0.0,7.6,262.0,7.5260373224359345,1.0577155672964973
2026-05-15 13:00:00,25.8,59.0,0.0,9.7,273.0,9.686706487119366,-0.5076587755565551
2026-05-15 14:00:00,26.2,55.0,0.0,6.3,275.0,6.276026597977997,-0.5490811793102465
2026-05-15 15:00:00,25.5,59.0,0.2,4.3,237.0,3.6062834421653234,2.3419478505646163
2026-05-15 16:00:00,24.1,66.0,0.1,7.0,274.0,6.982948351818769,-0.4882953162088771
2026-05-15 17:00:00,23.2,72.0,0.0,2.6,245.0,2.3564002462952898,1.0988074805258186
2026-05-15 18:00:00,21.5,86.0,0.0,4.0,170.0,-0.6945927106677212,3.939231012048832
2026-05-15 19:00:00,19.5,94.0,0.0,6.2,102.0,-6.064515124549596,1.2890524830701078
2026-05-15 20:00:00,19.0,98.0,0.1,3.1,54.0,-2.5079526825623377,-1.8221342821066664
2026-05-15 21:00:00,19.1,96.0,0.2,4.8,75.0,-4.636443966187528,-1.2423314164920998
2026-05-15 22:00:00,18.9,94.0,0.0,4.7,74.0,-4.517929970910099,-1.2954955723398953
2026-05-15 23:00:00,18.8,92.0,0.0,2.7,58.0,-2.2897298596223505,-1.430782013429653
2026-05-16 00:00:00,18.5,88.0,0.0,1.7000000000000002,49.0,-1.2830062863787128,-1.115300349283862
2026-05-16 01:00:00,18.5,85.0,0.0,2.1,59.0,-1.800051331474436,-1.0815799573111138
2026-05-16 02:00:00,19.5,81.0,0.0,1.5,60.0,-1.299038105676658,-0.7500000000000002
2026-05-16 03:00:00,17.8,87.0,0.0,3.3,49.0,-2.490541614735148,-2.1649947956686733
2026-05-16 04:00:00,16.5,96.0,0.0,5.1,42.0,-3.4125660924301764,-3.7900386099347108
2026-05-16 05:00:00,16.1,98.0,0.0,6.7,38.0,-4.124931884681909,-5.279672049165038
2026-05-16 06:00:00,16.8,96.0,0.0,8.2,40.0,-5.270858399429623,-6.2815644335756184
2026-05-16 07:00:00,19.6,93.0,0.0,6.0,39.0,-3.7759223462990272,-4.662875768741824
2026-05-16 08:00:00,22.5,91.0,0.0,0.6000000000000001,124.0,-0.49742254353302506,0.33551574208244817
2026-05-16 09:00:00,25.4,66.0,0.0,4.1,257.0,3.9949172656194643,0.9222993228098464
2026-05-16 10:00:00,26.0,62.0,0.0,8.3,270.0,8.3,0.0
2026-05-16 11:00:00,26.4,61.0,0.0,6.1,268.0,6.096284044816484,0.2128869298852559
2026-05-16 12:00:00,26.2,63.0,0.2,8.1,258.0,7.922995565943825,1.6840846956238507
2026-05-16 13:00:00,22.8,90.0,3.2,4.7,302.0,3.9858260519352022,-2.490620541896063
2026-05-16 14:00:00,21.4,95.0,0.4,5.0,270.0,5.0,0.0
2026-05-16 15:00:00,22.3,96.0,1.4,2.0,185.0,0.17431148549531628,1.992389396183491
2026-05-16 16:00:00,22.4,92.0,0.4,3.3,193.0,0.7423384793347542,3.2154212137912763
2026-05-16 17:00:00,22.7,94.0,0.5,2.2,114.0,-2.009800006813722,0.894820614766761
2026-05-16 18:00:00,20.9,97.0,0.2,3.4,84.0,-3.381374444252129,-0.3553967751100219
2026-05-16 19:00:00,20.0,97.0,0.7000000000000001,3.3,68.0,-3.0597067200703982,-1.2362017582725096
2026-05-16 20:00:00,19.7,94.0,0.4,1.1,72.0,-1.046162167924669,-0.33991869381244205
2026-05-16 21:00:00,18.9,92.0,0.0,2.6,51.0,-2.0205794997881243,-1.6362330167295778
2026-05-16 22:00:00,18.6,91.0,0.0,1.9,22.0,-0.7117525274902333,-1.7616493236768958
2026-05-16 23:00:00,18.4,92.0,0.0,2.6,16.0,-0.7166571251241971,-2.4992804094396295
2026-05-17 00:00:00,17.7,94.0,0.0,2.8,35.0,-1.6060140217829297,-2.293625724009176
2026-05-17 01:00:00,16.9,97.0,0.0,6.0,49.0,-4.528257481336633,-3.9363541739430423
2026-05-17 02:00:00,16.8,98.0,0.0,5.1,48.0,-3.7900386099347103,-3.412566092430177
2026-05-17 03:00:00,16.2,98.0,0.0,5.1,36.0,-2.9977047866916133,-4.125986671312231
2026-05-17 04:00:00,15.7,98.0,0.0,6.4,29.0,-3.102781569576556,-5.5975661256921345
2026-05-17 05:00:00,15.2,98.0,0.0,6.0,39.0,-3.7759223462990272,-4.662875768741824
2026-05-17 06:00:00,15.6,98.0,0.0,5.5,32.0,-2.9145559532826275,-4.664264528860342
2026-05-17 07:00:00,19.5,95.0,0.0,4.3,355.0,0.37476969381492997,-4.283637201794505
2026-05-17 08:00:00,22.0,81.0,0.0,2.0,185.0,0.17431148549531628,1.992389396183491
2026-05-17 09:00:00,23.8,70.0,0.0,3.4,227.0,2.4866025855051794,2.318794424212495
2026-05-17 10:00:00,25.1,65.0,0.0,8.5,258.0,8.314254606237348,1.7672493719509543
2026-05-17 11:00:00,26.0,59.0,0.2,8.7,275.0,8.666893873398186,-0.7582549619046259
2026-05-17 12:00:00,26.4,57.0,0.3,7.0,270.0,7.0,0.0
2026-05-17 13:00:00,26.2,58.0,0.5,8.3,259.0,8.147505622615611,1.583714661625322
2026-05-17 14:00:00,25.9,63.0,0.8,8.8,266.0,8.778563642286453,0.6138569689483027
2026-05-17 15:00:00,21.9,88.0,2.1,6.1,275.0,6.076787658359647,-0.5316500307607148
2026-05-17 16:00:00,21.5,94.0,1.8,4.3,242.0,3.796674649293386,2.0187277199793305
2026-05-17 17:00:00,20.9,95.0,0.9,4.4,201.0,1.5768189779993218,4.107753876587688
2026-05-17 18:00:00,20.5,98.0,0.1,2.1,160.0,-0.7182423009839043,1.9733545036504079
2026-05-17 19:00:00,19.4,98.0,0.0,1.8,84.0,-1.790139411662892,-0.1881512338817763
2026-05-17 20:00:00,19.0,99.0,0.0,5.0,71.0,-4.7275928779965835,-1.6278407722857837
2026-05-17 21:00:00,18.6,97.0,0.0,2.8,55.0,-2.293625724009177,-1.606014021782929
2026-05-17 22:00:00,18.4,94.0,0.0,1.4,67.0,-1.2887067948334165,-0.547023579884983
2026-05-17 23:00:00,18.4,91.0,0.0,1.6,63.0,-1.4256104387013888,-0.7263847995832747
2026-05-18 00:00:00,17.8,93.0,0.0,3.1,59.0,-2.6572186321765483,-1.5966180322211678
2026-05-18 01:00:00,17.0,96.0,0.0,4.5,47.0,-3.2910916572862674,-3.0689926202812425
2026-05-18 02:00:00,17.5,94.0,0.0,2.6,39.0,-1.6362330167295784,-2.0205794997881235
2026-05-18 03:00:00,16.7,96.0,0.0,3.8,31.0,-1.957144684658207,-3.257235742668026
2026-05-18 04:00:00,16.2,99.0,0.0,4.1,38.0,-2.524212048835198,-3.2308440897875603
2026-05-18 05:00:00,16.4,99.0,0.0,4.1,34.0,-2.292690904230061,-3.3990540474756714
2026-05-18 06:00:00,16.9,99.0,0.0,4.3,33.0,-2.341947850564616,-3.6062834421653234
2026-05-18 07:00:00,18.9,98.0,0.0,2.9,43.0,-1.9777952441812459,-2.1209257346955943
2026-05-18 08:00:00,21.0,91.0,0.0,1.8,217.0,1.0832670416736871,1.437543918085127
2026-05-18 09:00:00,22.4,84.0,0.3,4.1,232.0,3.2308440897875594,2.524212048835199
2026-05-18 10:00:00,23.5,78.0,0.5,6.8,258.0,6.651403684989878,1.4137994975607635
2026-05-18 11:00:00,23.8,77.0,0.6,6.9,275.0,6.873743416833045,-0.6013746249588414
2026-05-18 12:00:00,25.3,71.0,0.4,7.3,261.0,7.210124886344506,1.1419715947936853
2026-05-18 13:00:00,25.5,69.0,0.4,9.2,254.0,8.843607602632533,2.535863673516392
2026-05-18 14:00:00,25.5,63.0,0.1,7.7,258.0,7.531736525650304,1.600920019296747
2026-05-18 15:00:00,24.7,67.0,0.4,7.2,256.0,6.986129229187175,1.7418376483176077
2026-05-18 16:00:00,23.4,74.0,0.6,6.6,244.0,5.932040705574502,2.8932495688079105
2026-05-18 17:00:00,22.1,86.0,0.7000000000000001,5.2,239.0,4.457269963650984,2.678197989532282
2026-05-18 18:00:00,21.0,93.0,0.4,2.5,225.0,1.7677669529663689,1.7677669529663687
2026-05-18 19:00:00,19.3,98.0,0.0,2.6,102.0,-2.543183761907895,0.5405703961261742
2026-05-18 20:00:00,19.4,97.0,0.0,3.7,67.0,-3.4058679577740296,-1.4457051754103123
2026-05-18 21:00:00,18.7,95.0,0.0,3.1,66.0,-2.8319909186920627,-1.2608835935349807
2026-05-18 22:00:00,18.1,94.0,0.0,3.0,57.0,-2.516011703836272,-1.6339171050450814
2026-05-18 23:00:00,17.5,93.0,0.0,2.7,48.0,-2.0064910287889646,-1.8066526371689173
2026-05-19 00:00:00,16.5,96.0,0.0,4.0,36.0,-2.351141009169893,-3.2360679774997894
2026-05-19 01:00:00,15.6,98.0,0.0,4.6,36.0,-2.7038121605453767,-3.7214781741247576
2026-05-19 02:00:00,15.2,98.0,0.0,3.0,38.0,-1.846984425976974,-2.3640322608201663
2026-05-19 03:00:00,14.2,98.0,0.0,4.0,39.0,-2.5172815641993513,-3.1085838458278823
2026-05-19 04:00:00,13.7,98.0,0.0,2.3,39.0,-1.447436899414627,-1.7874357113510322
2026-05-19 05:00:00,13.3,98.0,0.0,2.2,42.0,-1.472087333989488,-1.6349186160502678
2026-05-19 06:00:00,14.2,97.0,0.0,3.2,38.0,-1.970116721042106,-2.521634411541511
2026-05-19 07:00:00,19.0,91.0,0.0,2.6,34.0,-1.453901549023941,-2.1554976886431088
2026-05-19 08:00:00,21.7,82.0,0.0,3.5,261.0,3.456909192082982,0.547520627640808
2026-05-19 09:00:00,22.9,75.0,0.0,7.0,244.0,6.2915583240941695,3.068598027523542
2026-05-19 10:00:00,24.2,68.0,0.0,7.9,243.0,7.038951541088107,3.5865249479424195
2026-05-19 11:00:00,25.1,66.0,0.2,10.5,253.0,10.041199937611871,3.069902899588736
2026-05-19 12:00:00,25.8,63.0,0.1,11.7,260.0,11.522250710242833,2.031683678703085
2026-05-19 13:00:00,26.0,62.0,0.1,11.7,255.0,11.301332167582098,3.0281828276994927
2026-05-19 14:00:00,25.9,60.0,0.1,11.2,252.0,10.651832982505718,3.460990336999411
2026-05-19 15:00:00,24.5,68.0,0.2,10.4,247.0,9.57325047590538,4.063603736288448
2026-05-19 16:00:00,23.5,76.0,0.6,7.9,243.0,7.038951541088107,3.5865249479424195
2026-05-19 17:00:00,22.8,81.0,0.5,5.5,243.0,4.9005358830360235,2.496947748567507
2026-05-19 18:00:00,21.4,91.0,0.1,4.4,263.0,4.367203067221817,0.5362251109826489
2026-05-19 19:00:00,20.0,94.0,0.0,0.7000000000000001,166.0,-0.16934532691976747,0.6792070083931976
2026-05-19 20:00:00,19.9,97.0,0.0,0.4,27.0,-0.18159619989581877,-0.35640260967534715
2026-05-19 21:00:00,18.3,98.0,0.0,2.4,48.0,-1.7835475811457462,-1.6059134552612597
2026-05-19 22:00:00,17.2,99.0,0.0,3.6,45.0,-2.545584412271572,-2.545584412271571
2026-05-19 23:00:00,16.0,98.0,0.0,3.1,45.0,-2.192031021678298,-2.192031021678297
2026-05-20 00:00:00,15.3,98.0,0.0,3.1,45.0,-2.192031021678298,-2.192031021678297
2026-05-20 01:00:00,14.9,97.0,0.0,4.3,45.0,-3.040559159102155,-3.040559159102154
2026-05-20 02:00:00,14.9,98.0,0.0,3.9,37.0,-2.347078590292988,-3.114678489184442
2026-05-20 03:00:00,14.4,98.0,0.0,3.6,41.0,-2.3618125043658265,-2.716954488801979
2026-05-20 04:00:00,14.1,97.0,0.0,3.1,45.0,-2.192031021678298,-2.192031021678297
2026-05-20 05:00:00,13.9,96.0,0.0,4.1,45.0,-2.8991378028648453,-2.8991378028648445
2026-05-20 06:00:00,15.5,92.0,0.0,5.0,46.0,-3.5966990016932554,-3.4732918522949867
2026-05-20 07:00:00,20.0,85.0,0.0,3.1,45.0,-2.192031021678298,-2.192031021678297
2026-05-20 08:00:00,22.0,83.0,0.0,2.5,249.0,2.3339510662430043,0.8959198738632507
2026-05-20 09:00:00,24.0,72.0,0.0,5.1,212.0,2.702588247589345,4.325045290397772
2026-05-20 10:00:00,25.8,61.0,0.0,6.4,223.0,4.36478950439999,4.6806636903626915
2026-05-20 11:00:00,27.0,56.0,0.0,7.5,233.0,5.989766325354696,4.513612673640362
2026-05-20 12:00:00,27.9,52.0,0.0,8.6,254.0,8.266850585069543,2.370481260026193
2026-05-20 13:00:00,27.7,53.0,0.0,12.1,249.0,11.29632316061614,4.336252189498133
2026-05-20 14:00:00,27.4,55.0,0.1,10.9,241.0,9.533354807819414,5.284424860685074
2026-05-20 15:00:00,26.6,59.0,0.1,9.1,238.0,7.717237675023476,4.822265304522165
2026-05-20 16:00:00,25.8,63.0,0.2,9.6,240.0,8.313843876330612,4.799999999999999
2026-05-20 17:00:00,24.1,74.0,0.1,7.0,228.0,5.20201377834176,4.683914244512008
2026-05-20 18:00:00,22.5,89.0,0.0,3.1,239.0,2.6572186321765483,1.5966180322211678
2026-05-20 19:00:00,21.1,91.0,0.0,0.4,90.0,-0.4,4.898587196589413e-17
2026-05-20 20:00:00,20.6,92.0,0.0,1.0,45.0,-0.7071067811865477,-0.7071067811865475
2026-05-20 21:00:00,19.6,91.0,0.0,2.7,42.0,-1.806652637168917,-2.006491028788965
2026-05-20 22:00:00,18.1,94.0,0.0,2.4,42.0,-1.6059134552612595,-1.7835475811457464
2026-05-20 23:00:00,17.4,93.0,0.0,1.8,37.0,-1.083267041673687,-1.437543918085127
2026-05-21 00:00:00,16.8,91.0,0.0,3.2,47.0,-2.3403318451813457,-2.1823947521999947
2026-05-21 01:00:00,16.1,90.0,0.0,4.1,45.0,-2.8991378028648453,-2.8991378028648445
2026-05-21 02:00:00,16.6,90.0,0.0,2.4,36.0,-1.4106846055019358,-1.9416407864998735
2026-05-21 03:00:00,16.0,90.0,0.0,3.8,45.0,-2.687005768508881,-2.68700576850888
2026-05-21 04:00:00,16.1,88.0,0.0,4.1,49.0,-3.0943092789133653,-2.6898420188610785
2026-05-21 05:00:00,16.0,88.0,0.0,3.7,47.0,-2.7060086959909313,-2.523393932231244
2026-05-21 06:00:00,17.4,86.0,0.0,3.7,47.0,-2.7060086959909313,-2.523393932231244
2026-05-21 07:00:00,22.0,79.0,0.0,3.0,57.0,-2.516011703836272,-1.6339171050450814
2026-05-21 08:00:00,25.2,64.0,0.0,2.2,189.0,0.34415582308850806,2.1729143493093033
2026-05-21 09:00:00,26.6,60.0,0.0,5.0,218.0,3.0783073766282913,3.94005376803361
2026-05-21 10:00:00,27.1,59.0,0.0,9.0,240.0,7.794228634059948,4.499999999999999
2026-05-21 11:00:00,26.8,65.0,0.2,9.0,257.0,8.769330583067116,2.024559489094785
2026-05-21 12:00:00,27.5,62.0,0.0,9.2,267.0,9.18739171974208,0.4814907974350832
2026-05-21 13:00:00,27.5,60.0,0.0,8.6,258.0,8.412069366310728,1.7880405410327302
2026-05-21 14:00:00,26.9,61.0,0.3,7.7,254.0,7.401715058725055,2.1224076397908935
2026-05-21 15:00:00,25.8,65.0,0.1,8.9,252.0,8.464402995026866,2.750251249937032
2026-05-21 16:00:00,23.5,81.0,0.9,3.5,235.0,2.8670321550114712,2.007517527228661
2026-05-21 17:00:00,22.5,93.0,0.4,2.0,190.0,0.34729635533386083,1.969615506024416
2026-05-21 18:00:00,22.1,96.0,0.1,0.7000000000000001,284.0,0.6792070083931976,-0.16934532691976742
2026-05-21 19:00:00,21.2,98.0,0.0,0.5,45.0,-0.35355339059327384,-0.35355339059327373
2026-05-21 20:00:00,22.0,92.0,0.1,1.9,49.0,-1.433948202423267,-1.2465121550819633
2026-05-21 21:00:00,22.0,89.0,0.0,2.1,70.0,-1.9733545036504079,-0.7182423009839042
2026-05-21 22:00:00,22.0,84.0,0.0,0.30000000000000004,45.0,-0.21213203435596434,-0.21213203435596428
2026-05-21 23:00:00,22.0,83.0,0.0,2.1,59.0,-1.800051331474436,-1.0815799573111138
2026-05-22 00:00:00,21.5,82.0,0.0,1.5,54.0,-1.2135254915624214,-0.8816778784387096
2026-05-22 01:00:00,21.4,82.0,0.0,0.8,45.0,-0.5656854249492381,-0.565685424949238
2026-05-22 02:00:00,21.9,80.0,0.0,0.6000000000000001,72.0,-0.5706339097770923,-0.1854101966249684
2026-05-22 03:00:00,20.8,86.0,0.3,1.9,311.0,1.4339482024232668,-1.2465121550819638
2026-05-22 04:00:00,20.0,89.0,2.2,2.0,63.0,-1.7820130483767358,-0.9079809994790934
2026-05-22 05:00:00,20.3,85.0,0.7000000000000001,0.8,45.0,-0.5656854249492381,-0.565685424949238
2026-05-22 06:00:00,20.1,89.0,0.8,3.0,57.0,-2.516011703836272,-1.6339171050450814
2026-05-22 07:00:00,21.0,97.0,0.8,3.5,15.0,-0.9058666578588221,-3.380740392011739
2026-05-22 08:00:00,23.4,93.0,0.8,2.4,103.0,-2.3384881554845642,0.5398825304252765
2026-05-22 09:00:00,24.3,82.0,0.1,5.7,101.0,-5.595274945651685,1.0876112736463064
2026-05-22 10:00:00,27.0,63.0,0.0,2.5,150.0,-1.2499999999999996,2.165063509461097
2026-05-22 11:00:00,28.2,59.0,0.0,6.2,249.0,5.788198644282651,2.2218812871808615
2026-05-22 12:00:00,26.2,73.0,0.5,12.3,252.0,11.697995150430389,3.8009090308118534
2026-05-22 13:00:00,23.4,92.0,1.2,7.1,286.0,6.824958041162064,-1.957025226300694
2026-05-22 14:00:00,24.1,91.0,0.7000000000000001,2.4,261.0,2.3704520174283306,0.37544271609655405
2026-05-22 15:00:00,24.9,88.0,0.7000000000000001,3.8,278.0,3.7630186612179672,-0.5288577836482486
2026-05-22 16:00:00,22.8,96.0,2.7,2.3,238.0,1.9505106211597796,1.2188143077363711
2026-05-22 17:00:00,22.8,98.0,0.6,2.3,72.0,-2.187429987478853,-0.7107390870623786
2026-05-22 18:00:00,22.4,98.0,0.4,2.2,104.0,-2.1346505978071924,0.5322281703192691
2026-05-22 19:00:00,21.8,95.0,0.0,2.6,65.0,-2.35640024629529,-1.0988074805258181
2026-05-22 20:00:00,22.4,92.0,0.0,1.3,56.0,-1.0777488443215544,-0.7269507745119708
2026-05-22 21:00:00,21.9,90.0,0.0,2.3,72.0,-2.187429987478853,-0.7107390870623786
2026-05-22 22:00:00,20.8,93.0,0.0,2.1,70.0,-1.9733545036504079,-0.7182423009839042
2026-05-22 23:00:00,19.5,95.0,0.0,3.4,58.0,-2.8833635269318485,-1.8017254983928963
2026-05-23 00:00:00,18.5,97.0,0.0,4.8,53.0,-3.8334504482270053,-2.888712111129832
2026-05-23 01:00:00,18.0,97.0,0.0,4.8,53.0,-3.8334504482270053,-2.888712111129832
2026-05-23 02:00:00,18.6,95.0,0.0,3.2,52.0,-2.521634411541511,-1.9701167210421062
2026-05-23 03:00:00,18.4,92.0,0.0,1.4,50.0,-1.0724622203665692,-0.8999026535611548
2026-05-23 04:00:00,18.1,92.0,0.1,1.5,60.0,-1.299038105676658,-0.7500000000000002
2026-05-23 05:00:00,18.2,89.0,0.0,1.5,60.0,-1.299038105676658,-0.7500000000000002
2026-05-23 06:00:00,19.2,90.0,0.0,2.0,63.0,-1.7820130483767358,-0.9079809994790934
2026-05-23 07:00:00,21.5,96.0,0.0,4.0,60.0,-3.4641016151377544,-2.0000000000000004
2026-05-23 08:00:00,23.8,89.0,0.0,5.5,67.0,-5.062776693988422,-2.1490212066910046
2026-05-23 09:00:00,24.0,92.0,0.0,2.8,55.0,-2.293625724009177,-1.606014021782929
2026-05-23 10:00:00,27.1,63.0,0.0,2.3,203.0,0.8986815955253294,2.117161162940613
2026-05-23 11:00:00,25.9,72.0,0.0,3.5,231.0,2.720010865099398,2.2026213686744307
2026-05-23 12:00:00,25.4,76.0,0.0,3.8,251.0,3.592970587277404,1.2371589869371955
2026-05-23 13:00:00,26.4,67.0,0.0,4.2,230.0,3.2173866610997077,2.699707960683465
2026-05-23 14:00:00,26.6,66.0,0.0,2.8,243.0,2.49481826772743,1.2711733992707308
2026-05-23 15:00:00,26.9,64.0,0.0,6.4,234.0,5.177708763999664,3.761825614671828
2026-05-23 16:00:00,26.8,64.0,0.0,6.9,240.0,5.975575286112627,3.4499999999999997
2026-05-23 17:00:00,25.6,68.0,0.0,5.3,242.0,4.679622242152313,2.4881992827652213
2026-05-23 18:00:00,23.8,84.0,0.0,2.6,236.0,2.1554976886431083,1.453901549023942
2026-05-23 19:00:00,22.0,83.0,0.0,0.9,101.0,-0.8834644651028976,0.17172809583889048
2026-05-23 20:00:00,21.5,88.0,0.0,2.3,61.0,-2.01162532642061,-1.115062126566575
2026-05-23 21:00:00,20.5,87.0,0.0,2.3,67.0,-2.117161162940613,-0.8986815955253291
2026-05-23 22:00:00,19.7,87.0,0.0,1.0,59.0,-0.8571673007021123,-0.5150380749100542
2026-05-23 23:00:00,18.6,84.0,0.0,3.8,59.0,-3.2572357426680267,-1.9571446846582057
2026-05-24 00:00:00,18.2,79.0,0.0,3.2,56.0,-2.6529202321761343,-1.7894172911063895
2026-05-24 01:00:00,17.6,75.0,0.0,4.1,56.0,-3.3990540474756714,-2.2926909042300614
2026-05-24 02:00:00,18.2,72.0,0.0,3.3,54.0,-2.6697560814373267,-1.9396913325651608
2026-05-24 03:00:00,17.5,71.0,0.0,2.7,48.0,-2.0064910287889646,-1.8066526371689173
2026-05-24 04:00:00,17.3,71.0,0.0,2.3,45.0,-1.6263455967290597,-1.626345596729059
2026-05-24 05:00:00,17.6,71.0,0.0,2.4,48.0,-1.7835475811457462,-1.6059134552612597
2026-05-24 06:00:00,19.0,76.0,0.0,1.9,49.0,-1.433948202423267,-1.2465121550819633
2026-05-24 07:00:00,22.1,75.0,0.0,2.6,78.0,-2.5431837619078945,-0.5405703961261747
2026-05-24 08:00:00,23.8,77.0,0.0,2.4,197.0,0.7016920913345682,2.295131414311285
2026-05-24 09:00:00,24.6,71.0,0.0,4.1,203.0,1.601997626806022,3.774069899155005
2026-05-24 10:00:00,27.2,59.0,0.0,4.8,211.0,2.47218275956826,4.114403043370139
2026-05-24 11:00:00,28.4,57.0,0.0,6.1,236.0,5.057129192585753,3.411076711171556
2026-05-24 12:00:00,27.9,60.0,0.0,7.9,259.0,7.754854749236546,1.507391063474704
2026-05-24 13:00:00,27.4,63.0,0.0,7.6,265.0,7.571079705497266,0.662383644882202
2026-05-24 14:00:00,27.6,60.0,0.0,7.1,254.0,6.824958041162064,1.957025226300694
2026-05-24 15:00:00,27.9,62.0,0.0,7.7,249.0,7.188569284028453,2.7594332114988123
2026-05-24 16:00:00,27.6,63.0,0.0,7.5,243.0,6.682548931412759,3.4049287480466006
2026-05-24 17:00:00,26.2,71.0,0.0,6.8,259.0,6.675064847444115,1.2975011685605047
2026-05-24 18:00:00,24.2,87.0,0.0,2.7,238.0,2.28972985962235,1.4307820134296534
2026-05-24 19:00:00,23.1,89.0,0.0,0.8,243.0,0.7128052193506944,0.3631923997916374
2026-05-24 20:00:00,22.6,91.0,0.0,0.0,270.0,0.0,0.0
2026-05-24 21:00:00,21.9,90.0,0.0,1.0,68.0,-0.9271838545667874,-0.374606593415912
2026-05-24 22:00:00,20.9,87.0,0.0,1.6,63.0,-1.4256104387013888,-0.7263847995832747
2026-05-24 23:00:00,19.8,82.0,0.0,2.7,62.0,-2.383958500719103,-1.2675732195219054
2026-05-25 00:00:00,19.1,74.0,0.0,3.2,56.0,-2.6529202321761343,-1.7894172911063895
2026-05-25 01:00:00,18.5,70.0,0.0,4.4,55.0,-3.604268994871564,-2.5237363199446032
2026-05-25 02:00:00,18.5,70.0,0.0,4.7,50.0,-3.6004088826591967,-3.0211017655267347
2026-05-25 03:00:00,17.6,71.0,0.0,3.3,54.0,-2.6697560814373267,-1.9396913325651608
2026-05-25 04:00:00,17.4,72.0,0.0,2.6,51.0,-2.0205794997881243,-1.6362330167295778
2026-05-25 05:00:00,17.5,72.0,0.0,2.3,51.0,-1.7874357113510326,-1.4474368994146265
2026-05-25 06:00:00,19.0,74.0,0.0,2.4,48.0,-1.7835475811457462,-1.6059134552612597
2026-05-25 07:00:00,22.9,79.0,0.0,1.8,349.0,0.34345619167778085,-1.7669289302057951
2026-05-25 08:00:00,24.5,74.0,0.0,4.9,264.0,4.873157287304539,0.5121894700115021
2026-05-25 09:00:00,25.4,71.0,0.0,6.8,243.0,6.058844364480901,3.087135398228918
2026-05-25 10:00:00,26.6,66.0,0.0,6.8,241.0,5.947414008547891,3.296705417675092
2026-05-25 11:00:00,27.8,61.0,0.0,6.5,251.0,6.1458707413955596,2.1161930039715187
2026-05-25 12:00:00,28.4,59.0,0.0,7.7,261.0,7.605200222582561,1.2045453808097777
2026-05-25 13:00:00,28.4,59.0,0.0,9.0,258.0,8.803328406604251,1.8712052173598341
2026-05-25 14:00:00,28.4,60.0,0.0,9.6,254.0,9.228112281007862,2.646118615843192
2026-05-25 15:00:00,28.0,62.0,0.0,7.6,243.0,6.7716495838315955,3.450327798020555
2026-05-25 16:00:00,27.6,65.0,0.0,5.2,245.0,4.7128004925905795,2.197614961051637
2026-05-25 17:00:00,26.8,70.0,0.0,3.1,257.0,3.0205472008342293,0.6973482684659815
2026-05-25 18:00:00,25.1,84.0,0.0,1.3,270.0,1.3,0.0
2026-05-25 19:00:00,22.9,88.0,0.0,0.30000000000000004,45.0,-0.21213203435596434,-0.21213203435596428
2026-05-25 20:00:00,22.2,84.0,0.0,1.9,56.0,-1.5751713878545794,-1.0624665165944187
2026-05-25 21:00:00,20.2,84.0,0.0,2.5,69.0,-2.3339510662430043,-0.8959198738632511
2026-05-25 22:00:00,18.6,77.0,0.0,5.2,56.0,-4.3109953772862175,-2.907803098047883
2026-05-25 23:00:00,17.7,70.0,0.0,4.6,54.0,-3.7214781741247585,-2.7038121605453758
2026-05-26 00:00:00,17.2,67.0,0.0,3.3,54.0,-2.6697560814373267,-1.9396913325651608
2026-05-26 01:00:00,17.0,67.0,0.0,3.2,52.0,-2.521634411541511,-1.9701167210421062
2026-05-26 02:00:00,17.5,70.0,0.0,3.7,51.0,-2.875440057390792,-2.3284854468843994
2026-05-26 03:00:00,17.2,71.0,0.0,4.4,52.0,-3.467247315869577,-2.708910491432896
2026-05-26 04:00:00,17.0,71.0,0.0,3.7,51.0,-2.875440057390792,-2.3284854468843994
2026-05-26 05:00:00,16.8,72.0,0.0,3.7,51.0,-2.875440057390792,-2.3284854468843994
2026-05-26 06:00:00,17.8,75.0,0.0,4.0,54.0,-3.2360679774997902,-2.351141009169892
2026-05-26 07:00:00,22.5,77.0,0.0,2.9,47.0,-2.1209257346955948,-1.9777952441812452
2026-05-26 08:00:00,25.5,61.0,0.0,2.3,241.0,2.01162532642061,1.1150621265665752
2026-05-26 09:00:00,26.5,63.0,0.0,6.7,243.0,5.969743712062065,3.0417363482549633
2026-05-26 10:00:00,27.1,63.0,0.0,7.3,245.0,6.616046845367545,3.085113310707106
2026-05-26 11:00:00,28.1,61.0,0.0,6.8,245.0,6.162892951849219,2.873804179836756
2026-05-26 12:00:00,28.9,57.0,0.0,7.0,252.0,6.657395614066075,2.1631189606246317
2026-05-26 13:00:00,29.4,52.0,0.0,8.1,253.0,7.746068523300587,2.3682108082541675
2026-05-26 14:00:00,29.5,51.0,0.0,9.2,254.0,8.843607602632533,2.535863673516392
2026-05-26 15:00:00,28.5,54.0,0.0,8.7,256.0,8.441572818601168,2.104720491717109
2026-05-26 16:00:00,27.5,60.0,0.0,6.8,252.0,6.467184310807044,2.1013155617496424
2026-05-26 17:00:00,26.2,70.0,0.0,3.7,247.0,3.4058679577740296,1.445705175410313
2026-05-26 18:00:00,25.0,81.0,0.0,0.6000000000000001,56.0,-0.4974225435330252,-0.33551574208244805
2026-05-26 19:00:00,23.1,81.0,0.0,2.2,42.0,-1.472087333989488,-1.6349186160502678
2026-05-26 20:00:00,23.4,78.0,0.0,0.6000000000000001,34.0,-0.335515742082448,-0.4974225435330252
2026-05-26 21:00:00,22.1,81.0,0.0,2.7,62.0,-2.383958500719103,-1.2675732195219054
2026-05-26 22:00:00,20.5,84.0,0.0,3.6,60.0,-3.117691453623979,-1.8000000000000005
2026-05-26 23:00:00,19.0,84.0,0.0,5.4,53.0,-4.312631754255381,-3.2498011250210617
2026-05-27 00:00:00,18.0,84.0,0.0,6.3,53.0,-5.031403713297944,-3.7914346458579047
2026-05-27 01:00:00,17.5,82.0,0.0,6.4,54.0,-5.177708763999664,-3.7618256146718276
2026-05-27 02:00:00,17.8,80.0,0.0,3.5,51.0,-2.7200108650993977,-2.2026213686744316
2026-05-27 03:00:00,17.2,81.0,0.0,3.3,49.0,-2.490541614735148,-2.1649947956686733
2026-05-27 04:00:00,17.4,79.0,0.0,2.8,55.0,-2.293625724009177,-1.606014021782929
2026-05-27 05:00:00,17.6,77.0,0.0,2.7,58.0,-2.2897298596223505,-1.430782013429653
2026-05-27 06:00:00,19.2,76.0,0.0,2.7,58.0,-2.2897298596223505,-1.430782013429653
2026-05-27 07:00:00,22.9,79.0,0.0,2.4,48.0,-1.7835475811457462,-1.6059134552612597
2026-05-27 08:00:00,25.6,64.0,0.0,2.3,247.0,2.117161162940613,0.8986815955253296
2026-05-27 09:00:00,26.9,62.0,0.0,5.8,236.0,4.808417920819242,3.243318840130332
2026-05-27 10:00:00,27.5,62.0,0.0,7.0,241.0,6.12233794997577,3.3936673417243592
2026-05-27 11:00:00,28.5,59.0,0.0,9.1,253.0,8.702373279263622,2.6605825129769043
2026-05-27 12:00:00,28.7,58.0,0.0,9.4,258.0,9.194587446897774,1.9543698936869378
2026-05-27 13:00:00,28.9,58.0,0.0,8.2,244.0,7.370111179653169,3.5946434036704344
2026-05-27 14:00:00,29.1,56.0,0.0,9.0,240.0,7.794228634059948,4.499999999999999
2026-05-27 15:00:00,28.9,58.0,0.0,7.3,234.0,5.9058240589371165,4.290832341735054
2026-05-27 16:00:00,28.5,60.0,0.0,6.0,229.0,4.528257481336632,3.9363541739430437
2026-05-27 17:00:00,27.5,66.0,0.0,4.2,230.0,3.2173866610997077,2.699707960683465
2026-05-27 18:00:00,25.6,81.0,0.0,2.6,245.0,2.3564002462952898,1.0988074805258186
2026-05-27 19:00:00,23.6,82.0,0.0,0.4,63.0,-0.3564026096753472,-0.18159619989581868
2026-05-27 20:00:00,23.5,84.0,0.0,0.4,333.0,0.18159619989581874,-0.35640260967534715
2026-05-27 21:00:00,22.4,87.0,0.0,0.9,37.0,-0.5416335208368435,-0.7187719590425635
2026-05-27 22:00:00,21.4,86.0,0.0,1.9,56.0,-1.5751713878545794,-1.0624665165944187
2026-05-27 23:00:00,19.9,84.0,0.0,3.2,52.0,-2.521634411541511,-1.9701167210421062
2026-05-28 00:00:00,18.6,81.0,0.0,5.0,49.0,-3.7735479011138606,-3.280295144952535
2026-05-28 01:00:00,17.5,80.0,0.0,5.4,50.0,-4.136639992842482,-3.4710530923073124
2026-05-28 02:00:00,18.0,76.0,0.0,3.3,36.0,-1.9396913325651617,-2.6697560814373262
2026-05-28 03:00:00,17.6,78.0,0.0,4.0,32.0,-2.11967705693282,-3.392192384625704
2026-05-28 04:00:00,17.2,79.0,0.0,3.0,57.0,-2.516011703836272,-1.6339171050450814
2026-05-28 05:00:00,17.0,79.0,0.0,4.4,52.0,-3.467247315869577,-2.708910491432896
2026-05-28 06:00:00,18.0,79.0,0.0,4.9,51.0,-3.808015211139157,-3.0836699161442045
2026-05-28 07:00:00,21.9,77.0,0.0,5.2,61.0,-4.548022477124858,-2.5210100252809524
2026-05-28 08:00:00,26.2,55.0,0.0,1.1,171.0,-0.17207791154425392,1.0864571746546516
2026-05-28 09:00:00,26.9,55.0,0.0,1.3,188.0,0.18092503124808512,1.2873484893640414
2026-05-28 10:00:00,28.1,53.0,0.0,4.3,222.0,2.8772616073430903,3.195522749552795
2026-05-28 11:00:00,29.8,49.0,0.0,7.6,232.0,5.988881727411086,4.6790272124750025
2026-05-28 12:00:00,30.0,50.0,0.1,9.4,247.0,8.65274562245294,3.6728726077991736
2026-05-28 13:00:00,29.7,52.0,0.1,7.7,234.0,6.229430856687095,4.525946442652043
2026-05-28 14:00:00,29.2,54.0,0.1,6.4,223.0,4.36478950439999,4.6806636903626915
2026-05-28 15:00:00,29.6,53.0,0.0,6.6,225.0,4.666904755831213,4.666904755831213
2026-05-28 16:00:00,27.8,63.0,0.2,8.3,254.0,7.978472076288048,2.287790053281093
2026-05-28 17:00:00,27.0,70.0,0.7000000000000001,4.5,247.0,4.142271840535981,1.7582900782017319
2026-05-28 18:00:00,24.7,90.0,0.2,3.4,186.0,0.35539677511002177,3.381374444252129
2026-05-28 19:00:00,23.1,92.0,0.0,1.9,68.0,-1.761649323676896,-0.7117525274902328
2026-05-28 20:00:00,23.2,88.0,0.0,2.5,60.0,-2.1650635094610964,-1.2500000000000002
2026-05-28 21:00:00,22.0,90.0,0.0,3.7,55.0,-3.03086256386927,-2.122232814498871
2026-05-28 22:00:00,20.4,94.0,0.0,4.7,43.0,-3.2053922922937437,-3.437362397610101
2026-05-28 23:00:00,19.1,97.0,0.0,5.3,35.0,-3.0399551126605457,-4.341505834731655
2026-05-29 00:00:00,18.2,98.0,0.0,4.5,43.0,-3.068992620281244,-3.291091657286267
2026-05-29 01:00:00,17.5,98.0,0.0,3.4,43.0,-2.318794424212495,-2.4866025855051794
2026-05-29 02:00:00,17.6,99.0,0.0,2.6,34.0,-1.453901549023941,-2.1554976886431088
2026-05-29 03:00:00,17.0,98.0,0.0,4.5,40.0,-2.8925442435894277,-3.4471999940354006
2026-05-29 04:00:00,17.0,97.0,0.0,4.7,43.0,-3.2053922922937437,-3.437362397610101
2026-05-29 05:00:00,16.5,97.0,0.0,3.7,43.0,-2.523393932231245,-2.706008695990931
2026-05-29 06:00:00,18.0,93.0,0.0,4.2,40.0,-2.6997079606834657,-3.2173866610997073
2026-05-29 07:00:00,22.5,83.0,0.0,2.5,94.0,-2.4939101256495606,0.1743911843603138
2026-05-29 08:00:00,24.9,85.0,0.0,2.3,184.0,0.16043988961148803,2.2943973155975956
2026-05-29 09:00:00,25.8,76.0,0.2,3.6,225.0,2.5455844122715714,2.545584412271571
2026-05-29 10:00:00,28.2,63.0,0.3,3.8,245.0,3.4439695907392696,1.605949394614658
2026-05-29 11:00:00,29.0,63.0,0.1,6.0,260.0,5.908846518073248,1.041889066001582
2026-05-29 12:00:00,29.4,62.0,0.2,8.3,266.0,8.27978161715654,0.5789787320762401
2026-05-29 13:00:00,28.4,64.0,0.6,7.3,254.0,7.017210380349728,2.012152697464094
2026-05-29 14:00:00,26.4,87.0,1.3,6.5,270.0,6.5,0.0
2026-05-29 15:00:00,26.2,85.0,1.1,2.9,266.0,2.89293574575349,0.20229377385796338
2026-05-29 16:00:00,23.5,93.0,4.6,0.4,117.0,-0.35640260967534715,0.18159619989581877
2026-05-29 17:00:00,23.4,96.0,0.7000000000000001,3.3,186.0,0.3449439287832564,3.2819222547153015
2026-05-29 18:00:00,23.0,98.0,0.7000000000000001,3.2,142.0,-1.9701167210421067,2.521634411541511
2026-05-29 19:00:00,22.2,98.0,0.0,2.5,94.0,-2.4939101256495606,0.1743911843603138
2026-05-29 20:00:00,22.8,96.0,0.2,1.8,45.0,-1.272792206135786,-1.2727922061357855
2026-05-29 21:00:00,21.1,97.0,2.3,2.7,67.0,-2.485363104321589,-1.0549740469210387
2026-05-29 22:00:00,20.4,98.0,2.3,2.4,54.0,-1.9416407864998741,-1.4106846055019353
2026-05-29 23:00:00,20.0,98.0,0.5,3.6,72.0,-3.423803458662553,-1.1124611797498103
2026-05-30 00:00:00,19.5,98.0,0.0,2.8,55.0,-2.293625724009177,-1.606014021782929
2026-05-30 01:00:00,19.0,98.0,0.0,2.3,58.0,-1.9505106211597798,-1.218814307736371
2026-05-30 02:00:00,19.5,97.0,0.0,3.1,62.0,-2.737137537862673,-1.4553618446362617
2026-05-30 03:00:00,18.7,97.0,0.0,1.2,39.0,-0.7551844692598054,-0.9325751537483646
2026-05-30 04:00:00,18.5,96.0,0.0,0.9,53.0,-0.7187719590425635,-0.5416335208368436
2026-05-30 05:00:00,17.9,98.0,0.0,2.8,50.0,-2.1449244407331385,-1.7998053071223097
2026-05-30 06:00:00,18.2,98.0,0.0,6.1,43.0,-4.160189996381241,-4.461257579876939
2026-05-30 07:00:00,21.4,95.0,0.0,4.3,15.0,-1.1129218939408387,-4.153481053042993
2026-05-30 08:00:00,23.4,90.0,0.0,4.1,257.0,3.9949172656194643,0.9222993228098464
2026-05-30 09:00:00,25.0,79.0,0.0,5.5,234.0,4.449593469062211,3.232818887608602
2026-05-30 10:00:00,26.0,74.0,0.2,7.1,246.0,6.486172749262466,2.8878301658381815
2026-05-30 11:00:00,26.5,72.0,0.4,7.1,261.0,7.012587218225478,1.1106847017856392
2026-05-30 12:00:00,24.6,82.0,0.8,9.0,267.0,8.987665812791164,0.4710236061864945
2026-05-30 13:00:00,23.8,94.0,5.0,5.2,292.0,4.821356043747294,-1.9479542857627425
2026-05-30 14:00:00,23.0,94.0,4.5,5.6,249.0,5.22805038838433,2.0068605174536813
2026-05-30 15:00:00,23.7,96.0,3.6,3.5,242.0,3.0903165750062445,1.6431504697506178
2026-05-30 16:00:00,23.2,98.0,3.5,3.2,251.0,3.025659441917814,1.0418180942629014
2026-05-30 17:00:00,22.1,97.0,3.1,4.6,225.0,3.2526911934581184,3.252691193458118
2026-05-30 18:00:00,22.1,98.0,1.4,3.6,162.0,-1.1124611797498105,3.423803458662553
2026-05-30 19:00:00,21.1,99.0,0.0,2.2,125.0,-1.8021344974357822,1.2618681599723012
2026-05-30 20:00:00,21.1,96.0,0.0,1.9,61.0,-1.661777443564852,-0.9211382784680402
2026-05-30 21:00:00,20.3,98.0,0.0,1.9,68.0,-1.761649323676896,-0.7117525274902328
2026-05-30 22:00:00,20.0,96.0,0.0,3.4,74.0,-3.2682897661902843,-0.9371670097777965
2026-05-30 23:00:00,19.5,97.0,0.0,3.9,77.0,-3.8000432526624173,-0.8773091119410734
2026-05-31 00:00:00,18.9,98.0,0.0,3.5,69.0,-3.267531492740206,-1.2542878234085515
2026-05-31 01:00:00,18.3,99.0,0.0,3.4,58.0,-2.8833635269318485,-1.8017254983928963
2026-05-31 02:00:00,18.5,99.0,0.0,2.3,32.0,-1.2188143077363713,-1.9505106211597796
2026-05-31 03:00:00,18.0,99.0,0.0,3.1,50.0,-2.3747377736688318,-1.9926415900282717
2026-05-31 04:00:00,17.8,98.0,0.0,1.4,67.0,-1.2887067948334165,-0.547023579884983
2026-05-31 05:00:00,17.5,98.0,0.0,1.6,63.0,-1.4256104387013888,-0.7263847995832747
2026-05-31 06:00:00,18.3,98.0,0.0,1.5,54.0,-1.2135254915624214,-0.8816778784387096
2026-05-31 07:00:00,20.9,97.0,0.0,1.4,220.0,0.8999026535611551,1.0724622203665692
2026-05-31 08:00:00,22.1,94.0,0.0,3.7,203.0,1.4457051754103127,3.4058679577740296
2026-05-31 09:00:00,23.5,85.0,0.1,5.5,218.0,3.3861381142911204,4.334059144836971
2026-05-31 10:00:00,24.7,78.0,0.2,7.6,248.0,7.046597294707584,2.847010109960931
2026-05-31 11:00:00,24.6,80.0,0.9,8.3,259.0,8.147505622615611,1.583714661625322
2026-05-31 12:00:00,24.4,84.0,1.4,10.2,252.0,9.700776466210565,3.1519733426244634
2026-05-31 13:00:00,24.5,80.0,0.2,8.5,249.0,7.9354336252262145,3.0461275711350524
2026-05-31 14:00:00,25.2,75.0,0.1,7.7,270.0,7.7,0.0
2026-05-31 15:00:00,25.9,71.0,0.1,5.9,247.0,5.4309786353693985,2.3053136580867153
2026-05-31 16:00:00,25.7,71.0,0.1,7.3,234.0,5.9058240589371165,4.290832341735054
2026-05-31 17:00:00,24.4,77.0,0.1,6.9,237.0,5.786826918823426,3.758009341603687
2026-05-31 18:00:00,23.0,86.0,0.1,3.6,225.0,2.5455844122715714,2.545584412271571
2026-05-31 19:00:00,21.1,93.0,0.0,1.5,166.0,-0.36288284339950166,1.4554435894139948
2026-05-31 20:00:00,21.8,93.0,0.0,0.5,135.0,-0.35355339059327373,0.3535533905932738
2026-05-31 21:00:00,20.5,96.0,0.0,2.5,159.0,-0.8959198738632507,2.3339510662430043
2026-05-31 22:00:00,20.4,96.0,0.0,2.0,117.0,-1.7820130483767356,0.9079809994790937
2026-05-31 23:00:00,20.0,95.0,0.0,1.1,99.0,-1.0864571746546514,0.1720779115442541
2026-06-01 00:00:00,19.2,96.0,0.0,1.8,90.0,-1.8,2.2043642384652358e-16
2026-06-01 01:00:00,18.0,98.0,0.0,2.1,75.0,-2.0284442352070435,-0.5435199947152937
2026-06-01 02:00:00,18.3,95.0,0.0,0.8,45.0,-0.5656854249492381,-0.565685424949238
2026-06-01 03:00:00,17.5,96.0,0.0,0.6000000000000001,56.0,-0.4974225435330252,-0.33551574208244805
2026-06-01 04:00:00,17.6,97.0,0.0,0.30000000000000004,45.0,-0.21213203435596434,-0.21213203435596428
2026-06-01 05:00:00,18.0,96.0,0.0,1.3,56.0,-1.0777488443215544,-0.7269507745119708
2026-06-01 06:00:00,18.8,94.0,0.0,1.7000000000000002,41.0,-1.1153003492838625,-1.2830062863787126
2026-06-01 07:00:00,21.0,91.0,0.0,1.1,252.0,1.0461621679246689,0.33991869381244216
2026-06-01 08:00:00,23.6,80.0,0.0,3.9,257.0,3.8000432526624173,0.8773091119410735
2026-06-01 09:00:00,24.9,73.0,0.2,6.9,256.0,6.695040511304376,1.6692610796377074
2026-06-01 10:00:00,25.2,75.0,0.4,9.2,254.0,8.843607602632533,2.535863673516392
2026-06-01 11:00:00,25.6,74.0,0.6,8.3,256.0,8.053454528090771,2.0079517334772423
2026-06-01 12:00:00,27.0,64.0,0.1,10.0,250.0,9.396926207859085,3.420201433256687
2026-06-01 13:00:00,27.5,58.0,0.0,9.7,251.0,9.171530183313372,3.15801109823442
2026-06-01 14:00:00,27.5,58.0,0.1,8.2,262.0,8.120198163680877,1.1412194278725365
2026-06-01 15:00:00,27.0,62.0,0.1,7.2,256.0,6.986129229187175,1.7418376483176077
2026-06-01 16:00:00,25.9,69.0,0.4,6.8,259.0,6.675064847444115,1.2975011685605047
2026-06-01 17:00:00,25.1,78.0,0.6,4.4,243.0,3.9204287064288192,1.9975581988540059
2026-06-01 18:00:00,23.7,92.0,0.1,2.7,184.0,0.18834247910913815,2.6934229357015256
2026-06-01 19:00:00,21.9,94.0,0.0,1.7000000000000002,103.0,-1.6564291101348998,0.3824167923845709
2026-06-01 20:00:00,21.9,92.0,0.0,0.8,63.0,-0.7128052193506944,-0.36319239979163737
2026-06-01 21:00:00,21.0,91.0,0.0,1.5,54.0,-1.2135254915624214,-0.8816778784387096
2026-06-01 22:00:00,20.1,90.0,0.0,2.5,45.0,-1.7677669529663693,-1.7677669529663687
2026-06-01 23:00:00,19.2,92.0,0.0,3.6,41.0,-2.3618125043658265,-2.716954488801979
2026-06-02 00:00:00,18.0,96.0,0.0,4.6,45.0,-3.2526911934581193,-3.252691193458118
2026-06-02 01:00:00,17.4,97.0,0.0,5.3,45.0,-3.7476659402887025,-3.7476659402887016
2026-06-02 02:00:00,17.2,97.0,0.0,3.7,51.0,-2.875440057390792,-2.3284854468843994
2026-06-02 03:00:00,16.6,98.0,0.0,5.6,48.0,-4.161611022673408,-3.747131395609606
2026-06-02 04:00:00,16.4,97.0,0.0,5.3,52.0,-4.176456994115626,-3.263005819225988
2026-06-02 05:00:00,16.2,96.0,0.0,5.9,50.0,-4.51966221440197,-3.792446897150582
2026-06-02 06:00:00,17.4,91.0,0.0,6.6,45.0,-4.666904755831214,-4.666904755831213
2026-06-02 07:00:00,21.2,84.0,0.0,3.1,31.0,-1.596618032221169,-2.6572186321765474
2026-06-02 08:00:00,24.3,68.0,0.0,2.7,233.0,2.1563158771276907,1.6249005625105304
2026-06-02 09:00:00,26.0,62.0,0.0,5.9,235.0,4.8329970613050515,3.384100974471172
2026-06-02 10:00:00,27.0,61.0,0.0,7.6,242.0,6.710401705727845,3.56798387717277
2026-06-02 11:00:00,28.0,57.0,0.0,8.7,246.0,7.947845481490627,3.5386087947594613
2026-06-02 12:00:00,28.6,53.0,0.0,10.4,252.0,9.890987769469596,3.213776741499453
2026-06-02 13:00:00,29.0,48.0,0.0,12.0,249.0,11.202965117966421,4.300415394543603
2026-06-02 14:00:00,28.9,48.0,0.0,11.1,250.0,10.430588090723584,3.7964235909149227
2026-06-02 15:00:00,28.6,51.0,0.0,10.5,250.0,9.866772518252038,3.5912115049195217
2026-06-02 16:00:00,27.3,57.0,0.0,9.8,253.0,9.371786608437748,2.8652427062828205
2026-06-02 17:00:00,25.9,65.0,0.0,6.8,245.0,6.162892951849219,2.873804179836756
2026-06-02 18:00:00,24.0,83.0,0.0,3.1,242.0,2.7371375378626737,1.4553618446362615
2026-06-02 19:00:00,22.5,83.0,0.0,0.4,117.0,-0.35640260967534715,0.18159619989581877
2026-06-02 20:00:00,22.2,84.0,0.0,0.5,90.0,-0.5,6.123233995736766e-17
2026-06-02 21:00:00,21.0,87.0,0.0,2.2,66.0,-2.0098000068137223,-0.8948206147667606
2026-06-02 22:00:00,19.4,93.0,0.0,3.1,50.0,-2.3747377736688318,-1.9926415900282717
2026-06-02 23:00:00,18.5,93.0,0.0,3.4,47.0,-2.48660258550518,-2.3187944242124945
2026-06-03 00:00:00,17.5,92.0,0.0,3.3,49.0,-2.490541614735148,-2.1649947956686733
2026-06-03 01:00:00,17.0,91.0,0.0,4.2,50.0,-3.2173866610997077,-2.699707960683465
2026-06-03 02:00:00,17.1,92.0,0.0,4.1,45.0,-2.8991378028648453,-2.8991378028648445
2026-06-03 03:00:00,16.5,92.0,0.0,5.4,50.0,-4.136639992842482,-3.4710530923073124
2026-06-03 04:00:00,16.2,90.0,0.0,4.7,50.0,-3.6004088826591967,-3.0211017655267347
2026-06-03 05:00:00,15.9,87.0,0.0,4.2,47.0,-3.0716855468005164,-2.8643931122624933
2026-06-03 06:00:00,17.5,83.0,0.0,4.8,48.0,-3.5670951622914924,-3.2118269105225195
2026-06-03 07:00:00,22.4,75.0,0.0,3.0,65.0,-2.71892336110995,-1.2678547852220978
2026-06-03 08:00:00,25.0,64.0,0.0,1.5,225.0,1.0606601717798214,1.0606601717798212
2026-06-03 09:00:00,26.0,63.0,0.0,6.4,245.0,5.80036983703456,2.7047568751404767
2026-06-03 10:00:00,26.8,61.0,0.0,7.4,244.0,6.651075942613836,3.243946486239173
2026-06-03 11:00:00,27.7,57.0,0.0,7.7,242.0,6.798696465013738,3.6149310334513594
2026-06-03 12:00:00,28.5,52.0,0.0,7.6,243.0,6.7716495838315955,3.450327798020555
2026-06-03 13:00:00,29.2,50.0,0.0,8.6,248.0,7.973781149274371,3.221616703376843
2026-06-03 14:00:00,29.5,50.0,0.0,9.3,246.0,8.495972756076188,3.7826507806049423
2026-06-03 15:00:00,28.5,57.0,0.3,9.7,230.0,7.430631098254086,6.23503981395943
2026-06-03 16:00:00,27.0,65.0,0.2,7.1,223.0,4.842188356443739,5.19261128149611
2026-06-03 17:00:00,25.7,73.0,0.1,4.6,206.0,2.016507275229756,4.134452612976168
2026-06-03 18:00:00,24.4,85.0,0.0,3.6,198.0,1.112461179749811,3.4238034586625528
2026-06-03 19:00:00,22.8,90.0,0.0,1.1,90.0,-1.1,1.3471114790620887e-16
2026-06-03 20:00:00,23.0,91.0,0.2,0.5,270.0,0.5,0.0
2026-06-03 21:00:00,21.9,94.0,0.0,1.0,121.0,-0.8571673007021122,0.5150380749100544
2026-06-03 22:00:00,21.3,94.0,0.0,1.8,79.0,-1.7669289302057951,-0.3434561916777805
2026-06-03 23:00:00,19.6,96.0,0.0,3.9,56.0,-3.233246532964663,-2.180852323535912
2026-06-04 00:00:00,18.4,95.0,0.0,4.2,47.0,-3.0716855468005164,-2.8643931122624933
2026-06-04 01:00:00,17.5,92.0,0.0,3.1,40.0,-1.9926415900282723,-2.3747377736688318
2026-06-04 02:00:00,17.1,95.0,0.0,3.8,31.0,-1.957144684658207,-3.257235742668026
2026-06-04 03:00:00,16.5,95.0,0.0,5.6,40.0,-3.5996106142446207,-4.289848881466276
2026-06-04 04:00:00,16.5,90.0,0.0,5.5,46.0,-3.956368901862581,-3.8206210375244853
2026-06-04 05:00:00,16.4,87.0,0.0,3.8,45.0,-2.687005768508881,-2.68700576850888
2026-06-04 06:00:00,17.6,84.0,0.0,4.7,40.0,-3.0211017655267356,-3.6004088826591962
2026-06-04 07:00:00,22.5,79.0,0.0,4.3,358.0,0.15006783582075464,-4.2973805561821115
2026-06-04 08:00:00,24.8,71.0,0.0,4.9,306.0,3.9641832724372428,-2.8801477362331185
2026-06-04 09:00:00,26.0,71.0,0.0,4.4,300.0,3.8105117766515306,-2.1999999999999997
2026-06-04 10:00:00,27.1,68.0,0.0,7.0,283.0,6.820590453496647,-1.574657380407055
2026-06-04 11:00:00,26.8,69.0,0.5,10.3,274.0,10.27490971767619,-0.7184916795644907
2026-06-04 12:00:00,23.5,91.0,2.5,9.6,262.0,9.506573459919075,1.3360617692166281
2026-06-04 13:00:00,23.0,95.0,2.3,8.3,256.0,8.053454528090771,2.0079517334772423
2026-06-04 14:00:00,23.8,93.0,4.6,5.6,274.0,5.586358681455015,-0.3906362529671017
2026-06-04 15:00:00,22.5,98.0,4.0,4.9,266.0,4.8880638462731385,0.341806721346214
2026-06-04 16:00:00,21.7,99.0,7.1,8.9,241.0,7.784115393540622,4.3148056201924
2026-06-04 17:00:00,21.1,100.0,5.7,2.0,355.0,0.17431148549531628,-1.992389396183491
2026-06-04 18:00:00,21.5,98.0,4.8,4.6,21.0,-1.648492567908383,-4.294469961887128
2026-06-04 19:00:00,21.5,97.0,3.4,5.8,5.0,-0.5055033079364178,-5.777929248932124
2026-06-04 20:00:00,21.9,94.0,3.9,0.8,45.0,-0.5656854249492381,-0.565685424949238
2026-06-04 21:00:00,21.1,94.0,0.0,3.5,69.0,-3.267531492740206,-1.2542878234085515
2026-06-04 22:00:00,21.0,95.0,0.0,1.5,60.0,-1.299038105676658,-0.7500000000000002
2026-06-04 23:00:00,20.8,96.0,0.1,4.9,17.0,-1.4326213531414118,-4.685893304218873
2026-06-05 00:00:00,20.5,95.0,0.0,3.3,45.0,-2.333452377915607,-2.3334523779156067
2026-06-05 01:00:00,20.5,95.0,2.5,3.6,351.0,0.5631640741448314,-3.555678026142496
2026-06-05 02:00:00,20.7,99.0,1.8,3.1,201.0,1.1109406435904312,2.8940993221413254
2026-06-05 03:00:00,20.4,99.0,0.6,0.9,127.0,-0.7187719590425636,0.5416335208368434
2026-06-05 04:00:00,20.5,99.0,1.1,1.5,324.0,0.8816778784387097,-1.2135254915624212
2026-06-05 05:00:00,20.3,99.0,1.3,2.4,343.0,0.7016920913345682,-2.295131414311285
2026-06-05 06:00:00,20.7,98.0,2.0,2.0,5.0,-0.1743114854953165,-1.992389396183491
2026-06-05 07:00:00,21.1,99.0,0.9,2.0,85.0,-1.992389396183491,-0.1743114854953159
2026-06-05 08:00:00,21.5,99.0,0.3,6.4,331.0,3.1027815695765577,-5.597566125692133
2026-06-05 09:00:00,23.1,94.0,0.2,6.0,299.0,5.247718242836374,-2.9088577214780225
2026-06-05 10:00:00,24.0,87.0,0.0,5.1,276.0,5.072061666378193,-0.5330951626650327
2026-06-05 11:00:00,24.7,84.0,0.0,4.9,253.0,4.685893304218874,1.4326213531414103
2026-06-05 12:00:00,24.5,84.0,0.4,6.4,248.0,5.93397666922744,2.397482197861837
2026-06-05 13:00:00,23.4,94.0,2.5,3.6,250.0,3.3828934348292705,1.2312725159724074
2026-06-05 14:00:00,22.8,94.0,2.8,8.5,258.0,8.314254606237348,1.7672493719509543
2026-06-05 15:00:00,22.5,96.0,6.3,8.0,254.0,7.690093567506551,2.2050988465359933
2026-06-05 16:00:00,22.1,98.0,1.6,9.3,261.0,9.185501567534782,1.4548405248741472
2026-06-05 17:00:00,21.3,99.0,0.6,5.5,229.0,4.150902691225246,3.6083246594477902
2026-06-05 18:00:00,21.0,100.0,0.3,6.0,219.0,3.775922346299025,4.662875768741825
2026-06-05 19:00:00,20.8,100.0,1.5,4.3,237.0,3.6062834421653234,2.3419478505646163
2026-06-05 20:00:00,21.0,100.0,1.0,4.8,228.0,3.5670951622914924,3.2118269105225195
2026-06-05 21:00:00,21.0,100.0,0.3,4.9,237.0,4.109485782932578,2.668731271573633
2026-06-05 22:00:00,20.9,100.0,0.9,5.8,254.0,5.57531783644225,1.598696663738595
2026-06-05 23:00:00,20.8,100.0,0.9,6.3,246.0,5.755336383148386,2.5624408513775414
2026-06-06 00:00:00,20.7,100.0,1.5,5.2,243.0,4.633233925779513,2.360750598645643
2026-06-06 01:00:00,20.6,100.0,0.8,3.0,218.0,1.846984425976975,2.3640322608201663
2026-06-06 02:00:00,20.6,100.0,0.3,4.1,180.0,2.5105259382520737e-16,4.1
2026-06-06 03:00:00,20.8,99.0,0.9,2.3,209.0,1.1150621265665752,2.01162532642061
2026-06-06 04:00:00,20.7,100.0,2.0,2.2,215.0,1.2618681599723016,1.802134497435782
2026-06-06 05:00:00,20.6,99.0,1.1,2.3,151.0,-1.115062126566575,2.01162532642061
2026-06-06 06:00:00,20.7,99.0,0.7000000000000001,2.4,167.0,-0.539882530425276,2.3384881554845647
2026-06-06 07:00:00,20.9,99.0,1.5,1.8,135.0,-1.2727922061357855,1.2727922061357857
2026-06-06 08:00:00,21.4,95.0,1.7000000000000002,3.1,249.0,2.8940993221413254,1.1109406435904308
2026-06-06 09:00:00,22.9,94.0,0.3,2.7,242.0,2.383958500719103,1.2675732195219052
2026-06-06 10:00:00,21.5,96.0,0.8,3.8,259.0,3.730183297101123,0.7250741824308702
2026-06-06 11:00:00,21.6,97.0,0.9,1.1,279.0,1.0864571746546516,-0.17207791154425398
2026-06-06 12:00:00,25.0,82.0,0.5,2.1,160.0,-0.7182423009839043,1.9733545036504079
2026-06-06 13:00:00,25.0,80.0,0.1,4.5,203.0,1.7582900782017317,4.142271840535981
2026-06-06 14:00:00,26.0,75.0,0.0,2.9,187.0,0.3534210958749277,2.8783838397598336
2026-06-06 15:00:00,26.0,74.0,0.0,3.1,177.0,-0.16224146435312592,3.0957515577391788
2026-06-06 16:00:00,25.9,73.0,0.1,4.0,190.0,0.6945927106677217,3.939231012048832
2026-06-06 17:00:00,23.6,83.0,0.8,6.2,224.0,4.306881896845783,4.459906762099637
2026-06-06 18:00:00,21.8,96.0,1.3,7.6,93.0,-7.589584464134761,0.3977532674463729
2026-06-06 19:00:00,21.0,96.0,0.1,4.0,80.0,-3.939231012048832,-0.6945927106677219
2026-06-06 20:00:00,21.4,93.0,0.2,4.5,61.0,-3.9357886821272814,-2.181643291108516
2026-06-06 21:00:00,20.8,90.0,0.0,4.3,62.0,-3.7966746492933856,-2.0187277199793305
2026-06-06 22:00:00,20.2,91.0,0.0,3.2,56.0,-2.6529202321761343,-1.7894172911063895
2026-06-06 23:00:00,19.5,92.0,0.0,1.9,56.0,-1.5751713878545794,-1.0624665165944187
2026-06-07 00:00:00,18.8,95.0,0.0,2.6,56.0,-2.1554976886431088,-1.4539015490239415
2026-06-07 01:00:00,18.0,98.0,0.0,4.1,49.0,-3.0943092789133653,-2.6898420188610785
2026-06-07 02:00:00,18.2,98.0,0.0,3.4,47.0,-2.48660258550518,-2.3187944242124945
2026-06-07 03:00:00,17.9,98.0,0.0,2.8,50.0,-2.1449244407331385,-1.7998053071223097
2026-06-07 04:00:00,17.9,97.0,0.0,2.8,50.0,-2.1449244407331385,-1.7998053071223097
2026-06-07 05:00:00,17.8,97.0,0.0,3.4,47.0,-2.48660258550518,-2.3187944242124945
2026-06-07 06:00:00,18.6,97.0,0.0,4.7,50.0,-3.6004088826591967,-3.0211017655267347
2026-06-07 07:00:00,21.9,96.0,0.0,3.0,57.0,-2.516011703836272,-1.6339171050450814
2026-06-07 08:00:00,24.0,82.0,0.0,2.9,263.0,2.8783838397598336,0.35342109587492765
2026-06-07 09:00:00,24.7,84.0,0.0,4.5,254.0,4.325677631722435,1.2403681011764962
2026-06-07 10:00:00,26.2,75.0,0.2,6.7,254.0,6.440453362786736,1.8467702839738944
2026-06-07 11:00:00,28.0,64.0,0.1,6.6,249.0,6.161630814881531,2.365228466998982
2026-06-07 12:00:00,27.1,68.0,0.7000000000000001,10.1,245.0,9.153708649070165,4.268444443581064
2026-06-07 13:00:00,23.3,89.0,2.9,7.8,241.0,6.822033715687287,3.781515037921429
2026-06-07 14:00:00,23.5,92.0,5.2,1.7000000000000002,41.0,-1.1153003492838625,-1.2830062863787126
2026-06-07 15:00:00,24.8,87.0,0.2,4.9,98.0,-4.852313536833695,0.6819481947043201
2026-06-07 16:00:00,23.0,92.0,1.4,6.8,235.0,5.570233901165144,3.900319767187113
2026-06-07 17:00:00,22.3,97.0,2.1,2.8,169.0,-0.5342651870543255,2.748556113653459
2026-06-07 18:00:00,22.1,98.0,0.5,2.5,159.0,-0.8959198738632507,2.3339510662430043
2026-06-07 19:00:00,21.5,100.0,0.1,2.5,45.0,-1.7677669529663693,-1.7677669529663687
2026-06-07 20:00:00,22.0,99.0,0.1,3.2,63.0,-2.8512208774027776,-1.4527695991665495
2026-06-07 21:00:00,21.9,97.0,0.0,3.0,17.0,-0.8771151141682113,-2.8689142678891058
2026-06-07 22:00:00,22.0,95.0,0.0,2.8,288.0,2.6629582456264296,-0.8652475842498527
2026-06-07 23:00:00,21.7,95.0,0.0,1.2,333.0,0.5447885996874562,-1.0692078290260414
2026-06-08 00:00:00,21.6,94.0,0.7000000000000001,0.9,79.0,-0.8834644651028976,-0.17172809583889026
2026-06-08 01:00:00,21.5,95.0,1.0,0.8,243.0,0.7128052193506944,0.3631923997916374
2026-06-08 02:00:00,21.3,95.0,0.6,0.7000000000000001,104.0,-0.6792070083931976,0.16934532691976742
2026-06-08 03:00:00,20.6,97.0,0.1,1.8,37.0,-1.083267041673687,-1.437543918085127
2026-06-08 04:00:00,20.5,97.0,0.1,1.7000000000000002,13.0,-0.382416792384571,-1.6564291101348998
2026-06-08 05:00:00,20.1,98.0,0.2,3.3,45.0,-2.333452377915607,-2.3334523779156067
2026-06-08 06:00:00,20.4,98.0,0.0,3.4,32.0,-1.801725498392897,-2.883363526931848
2026-06-08 07:00:00,21.9,98.0,0.3,3.4,360.0,2.0818995585505003e-16,-3.4
2026-06-08 08:00:00,23.6,87.0,0.1,3.5,282.0,3.42351660256832,-0.7276909178621577
2026-06-08 09:00:00,24.0,88.0,0.2,3.8,270.0,3.8,0.0
2026-06-08 10:00:00,24.0,89.0,0.3,4.7,286.0,4.517929970910099,-1.2954955723398962
2026-06-08 11:00:00,24.3,92.0,2.2,7.4,263.0,7.344841522145783,0.9018331411980913
2026-06-08 12:00:00,23.8,98.0,8.0,5.9,281.0,5.791600382341218,-1.1257730727216144
2026-06-08 13:00:00,22.2,96.0,5.8,3.3,299.0,2.8862450335600056,-1.5998717468129122
2026-06-08 14:00:00,23.1,97.0,2.9,2.4,17.0,-0.701692091334569,-2.295131414311285
2026-06-08 15:00:00,23.5,96.0,0.6,1.5,21.0,-0.5375519243179511,-1.4003706397458024
2026-06-08 16:00:00,23.6,95.0,1.3,2.5,274.0,2.4939101256495606,-0.17439118436031326
2026-06-08 17:00:00,22.7,99.0,0.6,4.3,292.0,3.9868905746371857,-1.6108083516884215
2026-06-08 18:00:00,22.0,100.0,0.1,6.3,297.0,5.613341102386718,-2.8601401483591444
2026-06-08 19:00:00,21.5,100.0,1.0,4.2,310.0,3.2173866610997077,-2.699707960683465
2026-06-08 20:00:00,21.4,99.0,0.8,2.7,352.0,0.3757673725921768,-2.67372378560224
2026-06-08 21:00:00,21.5,96.0,1.1,1.6,63.0,-1.4256104387013888,-0.7263847995832747
2026-06-08 22:00:00,21.6,96.0,4.0,0.7000000000000001,90.0,-0.7000000000000001,8.572527594031473e-17
2026-06-08 23:00:00,21.5,95.0,2.7,0.7000000000000001,284.0,0.6792070083931976,-0.16934532691976742
2026-06-09 00:00:00,21.5,94.0,0.4,0.30000000000000004,45.0,-0.21213203435596434,-0.21213203435596428
2026-06-09 01:00:00,21.2,94.0,2.3,0.6000000000000001,18.0,-0.18541019662496858,-0.5706339097770922
2026-06-09 02:00:00,21.0,100.0,1.8,4.4,308.0,3.4672473158695767,-2.7089104914328965
2026-06-09 03:00:00,20.5,100.0,2.9,0.7000000000000001,360.0,4.2862637970157366e-17,-0.7000000000000001
2026-06-09 04:00:00,20.6,100.0,7.4,3.8,163.0,-1.1110124779463992,3.633958072659535
2026-06-09 05:00:00,20.6,99.0,5.2,1.5,126.0,-1.213525491562421,0.8816778784387098
2026-06-09 06:00:00,20.6,99.0,2.4,2.9,101.0,-2.8467188319982255,0.5533460865919804
2026-06-09 07:00:00,21.2,97.0,1.7000000000000002,2.5,98.0,-2.475670171853926,0.3479327524001633
2026-06-09 08:00:00,21.2,98.0,0.8,4.1,2.0,-0.14308793648025311,-4.097502390778292
2026-06-09 09:00:00,21.2,97.0,3.3,3.2,63.0,-2.8512208774027776,-1.4527695991665495
2026-06-09 10:00:00,21.7,96.0,1.2,3.7,61.0,-3.236092916415765,-1.7937955949114468
2026-06-09 11:00:00,21.8,96.0,1.4,5.0,60.0,-4.330127018922193,-2.5000000000000004
2026-06-09 12:00:00,22.1,96.0,1.7000000000000002,3.5,55.0,-2.8670321550114712,-2.0075175272286616
2026-06-09 13:00:00,22.3,96.0,1.0,4.2,36.0,-2.468698059628388,-3.3978713763747788
2026-06-09 14:00:00,23.2,96.0,0.7000000000000001,5.4,42.0,-3.613305274337834,-4.01298205757793
2026-06-09 15:00:00,23.1,94.0,0.7000000000000001,4.0,260.0,3.939231012048832,0.6945927106677213
2026-06-09 16:00:00,20.9,100.0,4.5,2.9,317.0,1.9777952441812454,-2.1209257346955943
2026-06-09 17:00:00,21.2,99.0,2.3,3.2,27.0,-1.4527695991665501,-2.851220877402777
2026-06-09 18:00:00,21.0,99.0,0.1,5.7,55.0,-4.669166652447253,-3.269385687200963
2026-06-09 19:00:00,20.7,98.0,0.7000000000000001,3.0,65.0,-2.71892336110995,-1.2678547852220978
2026-06-09 20:00:00,20.8,95.0,2.6,3.1,80.0,-3.052904034337845,-0.5383093507674844
2026-06-09 21:00:00,20.5,95.0,1.7000000000000002,5.6,68.0,-5.192229585574009,-2.097796923129107
2026-06-09 22:00:00,19.9,96.0,0.2,6.2,57.0,-5.199757521261629,-3.376762017093168
2026-06-09 23:00:00,19.5,97.0,0.7000000000000001,4.8,68.0,-4.45048250192058,-1.7981116483963777
2026-06-10 00:00:00,19.4,98.0,1.9,2.4,117.0,-2.138415658052083,1.0895771993749124
2026-06-10 01:00:00,19.3,99.0,2.5,4.9,82.0,-4.8523135368336945,-0.6819481947043211
2026-06-10 02:00:00,19.6,96.0,4.1,6.1,78.0,-5.966700364476214,-1.268261313988333
2026-06-10 03:00:00,19.4,96.0,0.5,4.7,94.0,-4.688551036221174,0.32785542659739
2026-06-10 04:00:00,19.5,97.0,0.7000000000000001,3.9,74.0,-3.7489206141594438,-1.074985687686296
2026-06-10 05:00:00,19.2,97.0,0.8,2.2,76.0,-2.1346505978071924,-0.5322281703192686
2026-06-10 06:00:00,19.9,95.0,1.1,0.8,117.0,-0.7128052193506943,0.36319239979163753
2026-06-10 07:00:00,20.0,100.0,0.3,1.5,256.0,1.4554435894139948,0.3628828433995016
2026-06-10 08:00:00,21.3,99.0,1.6,3.0,284.0,2.9108871788279895,-0.7257656867990032
2026-06-10 09:00:00,21.2,98.0,10.7,3.1,130.0,-2.3747377736688318,1.9926415900282723
2026-06-10 10:00:00,21.0,100.0,8.2,3.6,233.0,2.875087836170254,2.166534083347374
2026-06-10 11:00:00,21.2,98.0,1.3,2.6,192.0,0.5405703961261746,2.5431837619078945
2026-06-10 12:00:00,21.6,96.0,0.1,3.8,205.0,1.605949394614658,3.4439695907392696
2026-06-10 13:00:00,21.9,97.0,0.1,4.2,200.0,1.436484601967809,3.9467090073008153
2026-06-10 14:00:00,22.2,98.0,0.1,4.9,172.0,-0.6819481947043203,4.852313536833695
2026-06-10 15:00:00,23.3,90.0,0.1,5.5,167.0,-1.2372307988912576,5.359035356318794
2026-06-10 16:00:00,24.0,85.0,0.1,5.6,197.0,1.6372815464473258,5.355306633392998
2026-06-10 17:00:00,22.1,98.0,1.6,2.8,230.0,2.1449244407331385,1.7998053071223097
2026-06-10 18:00:00,21.5,100.0,2.6,4.3,163.0,-1.2571983303077676,4.112110450641053
2026-06-10 19:00:00,21.2,98.0,0.3,1.2,141.0,-0.7551844692598048,0.9325751537483652
2026-06-10 20:00:00,21.5,95.0,0.0,0.4,117.0,-0.35640260967534715,0.18159619989581877
2026-06-10 21:00:00,21.0,96.0,0.4,0.30000000000000004,225.0,0.2121320343559643,0.21213203435596428
2026-06-10 22:00:00,20.5,99.0,0.4,1.3,254.0,1.2496402047198145,0.35832856256209894
2026-06-10 23:00:00,20.1,100.0,0.4,0.30000000000000004,135.0,-0.21213203435596428,0.2121320343559643
2026-06-11 00:00:00,19.7,100.0,0.5,0.7000000000000001,76.0,-0.6792070083931976,-0.16934532691976728
2026-06-11 01:00:00,19.8,97.0,0.2,2.2,85.0,-2.1916283358018402,-0.19174263404484748
2026-06-11 02:00:00,19.9,96.0,0.2,1.7000000000000002,58.0,-1.4416817634659245,-0.9008627491964483
2026-06-11 03:00:00,19.7,96.0,0.3,2.4,73.0,-2.295131414311285,-0.7016920913345682
2026-06-11 04:00:00,19.8,94.0,0.1,1.0,68.0,-0.9271838545667874,-0.374606593415912
2026-06-11 05:00:00,19.4,94.0,0.0,2.2,55.0,-1.802134497435782,-1.2618681599723016
2026-06-11 06:00:00,20.0,96.0,0.0,2.1,52.0,-1.6548225825741163,-1.2928890981838823
2026-06-11 07:00:00,21.7,96.0,0.0,0.4,270.0,0.4,0.0
2026-06-11 08:00:00,22.3,96.0,0.0,2.6,102.0,-2.543183761907895,0.5405703961261742
2026-06-11 09:00:00,23.2,92.0,0.1,1.9,229.0,1.4339482024232668,1.2465121550819638
2026-06-11 10:00:00,23.7,91.0,0.4,3.8,245.0,3.4439695907392696,1.605949394614658
2026-06-11 11:00:00,23.0,93.0,1.0,5.5,279.0,5.4322858732732575,-0.8603895577212698
2026-06-11 12:00:00,21.6,98.0,7.5,5.2,264.0,5.1715138559150216,0.5435480089917981
2026-06-11 13:00:00,21.9,100.0,1.7000000000000002,3.7,281.0,3.632020578756357,-0.7059932828932158
2026-06-11 14:00:00,21.8,99.0,6.3,5.8,284.0,5.627715212400779,-1.4031469944780728
2026-06-11 15:00:00,20.9,100.0,3.4,4.2,288.0,3.994437368439645,-1.2978713763747791
2026-06-11 16:00:00,21.5,99.0,0.4,1.1,90.0,-1.1,1.3471114790620887e-16
2026-06-11 17:00:00,21.5,99.0,0.4,1.8,101.0,-1.7669289302057951,0.34345619167778096
2026-06-11 18:00:00,21.5,99.0,0.8,1.3,180.0,7.960204194457797e-17,1.3
2026-06-11 19:00:00,21.0,99.0,1.9,0.4,180.0,2.4492935982947065e-17,0.4
2026-06-11 20:00:00,21.2,95.0,1.7000000000000002,1.1,72.0,-1.046162167924669,-0.33991869381244205
2026-06-11 21:00:00,20.8,93.0,0.0,2.4,48.0,-1.7835475811457462,-1.6059134552612597
2026-06-11 22:00:00,21.0,90.0,0.0,0.8,27.0,-0.36319239979163753,-0.7128052193506943
2026-06-11 23:00:00,21.0,89.0,0.0,1.3,360.0,7.960204194457797e-17,-1.3
2026-06-12 00:00:00,20.4,89.0,0.1,0.8,333.0,0.3631923997916375,-0.7128052193506943
2026-06-12 01:00:00,20.0,90.0,0.3,0.5,45.0,-0.35355339059327384,-0.35355339059327373
2026-06-12 02:00:00,20.1,93.0,0.0,2.1,38.0,-1.292889098183882,-1.6548225825741165
2026-06-12 03:00:00,19.5,91.0,0.0,1.7000000000000002,32.0,-0.9008627491964486,-1.4416817634659242
2026-06-12 04:00:00,19.2,90.0,0.0,0.6000000000000001,34.0,-0.335515742082448,-0.4974225435330252
2026-06-12 05:00:00,18.5,93.0,0.0,2.3,18.0,-0.7107390870623793,-2.1874299874788528
2026-06-12 06:00:00,19.1,96.0,0.0,2.2,24.0,-0.8948206147667603,-2.0098000068137223
2026-06-12 07:00:00,21.0,98.0,0.1,2.1,52.0,-1.6548225825741163,-1.2928890981838823
2026-06-12 08:00:00,22.9,92.0,0.1,2.7,82.0,-2.67372378560224,-0.3757673725921769
2026-06-12 09:00:00,26.7,71.0,0.4,0.2,270.0,0.2,0.0
2026-06-12 10:00:00,23.0,94.0,5.0,3.6,273.0,3.595066325116466,-0.18840944247459782
2026-06-12 11:00:00,23.8,94.0,0.8,4.0,249.0,3.734321705988807,1.433471798181201
2026-06-12 12:00:00,25.2,88.0,0.9,2.6,236.0,2.1554976886431083,1.453901549023942
2026-06-12 13:00:00,22.7,94.0,10.3,8.8,266.0,8.778563642286453,0.6138569689483027
2026-06-12 14:00:00,21.4,98.0,7.7,6.2,280.0,6.10580806867569,-1.0766187015349682
2026-06-12 15:00:00,21.1,100.0,8.3,5.9,270.0,5.9,0.0
2026-06-12 16:00:00,20.8,100.0,5.0,3.6,267.0,3.595066325116466,0.18840944247459782
2026-06-12 17:00:00,20.9,99.0,2.1,3.0,346.0,0.725765686799003,-2.9108871788279895
2026-06-12 18:00:00,21.0,99.0,0.7000000000000001,1.8,270.0,1.8,0.0
2026-06-12 19:00:00,20.7,99.0,0.6,1.3,106.0,-1.2496402047198145,0.358328562562099
2026-06-12 20:00:00,20.9,99.0,0.0,4.5,106.0,-4.325677631722435,1.2403681011764964
2026-06-12 21:00:00,20.4,98.0,0.1,3.1,83.0,-3.0768930700880985,-0.3777949645559567
2026-06-12 22:00:00,20.0,97.0,0.0,3.6,57.0,-3.0192140446035265,-1.9607005260540975
2026-06-12 23:00:00,19.4,97.0,0.1,1.9,49.0,-1.433948202423267,-1.2465121550819633
2026-06-13 00:00:00,19.1,97.0,0.5,1.5,36.0,-0.8816778784387098,-1.213525491562421
2026-06-13 01:00:00,18.5,98.0,0.2,3.8,59.0,-3.2572357426680267,-1.9571446846582057
2026-06-13 02:00:00,18.9,98.0,0.0,4.8,42.0,-3.211826910522519,-3.567095162291493
2026-06-13 03:00:00,18.0,98.0,0.0,3.5,35.0,-2.0075175272286625,-2.8670321550114704
2026-06-13 04:00:00,17.5,98.0,0.0,2.7,48.0,-2.0064910287889646,-1.8066526371689173
2026-06-13 05:00:00,17.5,98.0,0.0,2.7,53.0,-2.1563158771276907,-1.6249005625105308
2026-06-13 06:00:00,18.6,97.0,0.0,2.7,58.0,-2.2897298596223505,-1.430782013429653
2026-06-13 07:00:00,21.4,93.0,0.0,1.8,101.0,-1.7669289302057951,0.34345619167778096
2026-06-13 08:00:00,23.0,90.0,0.0,1.3,262.0,1.2873484893640414,0.18092503124808507
2026-06-13 09:00:00,25.4,74.0,0.0,3.9,242.0,3.4434956121498153,1.8309390948649742
2026-06-13 10:00:00,25.6,73.0,0.4,5.4,233.0,4.312631754255381,3.2498011250210608
2026-06-13 11:00:00,25.6,75.0,0.6,8.4,242.0,7.416759780014987,3.943561127401483
2026-06-13 12:00:00,25.8,73.0,0.2,10.9,251.0,10.306152474032555,3.548692883583008
2026-06-13 13:00:00,22.2,95.0,4.2,4.7,254.0,4.517929970910099,1.2954955723398962
2026-06-13 14:00:00,23.6,89.0,0.7000000000000001,7.8,263.0,7.741859982802311,0.9505808785601503
2026-06-13 15:00:00,21.1,96.0,7.8,5.2,276.0,5.1715138559150216,-0.5435480089917981
2026-06-13 16:00:00,21.6,98.0,0.9,0.5,135.0,-0.35355339059327373,0.3535533905932738
2026-06-13 17:00:00,22.6,95.0,0.2,2.9,120.0,-2.511473670974872,1.4499999999999997
2026-06-13 18:00:00,22.0,96.0,0.2,2.9,90.0,-2.9,3.5514757175273243e-16
2026-06-13 19:00:00,21.1,96.0,0.0,5.2,86.0,-5.187333061351086,-0.36273366346945146
2026-06-13 20:00:00,21.2,90.0,0.0,2.8,72.0,-2.66295824562643,-0.8652475842498524
2026-06-13 21:00:00,20.8,90.0,0.0,4.0,80.0,-3.939231012048832,-0.6945927106677219
2026-06-13 22:00:00,20.4,91.0,0.0,7.1,66.0,-6.486172749262466,-2.8878301658381815
2026-06-13 23:00:00,19.3,93.0,0.0,9.3,62.0,-8.21141261358802,-4.366085533908786
2026-06-14 00:00:00,18.9,93.0,0.1,7.9,51.0,-6.13945309551007,-4.971631089293718
2026-06-14 01:00:00,18.5,94.0,0.0,4.9,51.0,-3.808015211139157,-3.0836699161442045
2026-06-14 02:00:00,20.0,86.0,0.3,1.0,45.0,-0.7071067811865477,-0.7071067811865475
2026-06-14 03:00:00,19.5,92.0,0.6,3.6,60.0,-3.117691453623979,-1.8000000000000005
2026-06-14 04:00:00,19.3,94.0,0.0,6.3,59.0,-5.400153994423308,-3.244739871933341
2026-06-14 05:00:00,18.6,96.0,0.0,8.3,60.0,-7.188010851410841,-4.150000000000001
2026-06-14 06:00:00,19.2,95.0,0.0,9.2,59.0,-7.8859391664594325,-4.738350289172498
2026-06-14 07:00:00,21.5,93.0,0.0,6.8,63.0,-6.058844364480901,-3.0871353982289174
2026-06-14 08:00:00,23.1,93.0,0.0,4.0,39.0,-2.5172815641993513,-3.1085838458278823
2026-06-14 09:00:00,22.8,89.0,0.6,2.3,29.0,-1.1150621265665746,-2.0116253264206105
2026-06-14 10:00:00,23.6,92.0,0.8,4.2,350.0,0.7293223462011078,-4.136192562651273
2026-06-14 11:00:00,22.5,99.0,3.4,0.9,323.0,0.5416335208368436,-0.7187719590425635
2026-06-14 12:00:00,21.7,98.0,2.8,4.9,28.0,-2.3004106576508647,-4.326443205008743
2026-06-14 13:00:00,22.0,96.0,2.2,5.0,38.0,-3.0783073766282905,-3.9400537680336107
2026-06-14 14:00:00,21.7,96.0,3.1,4.2,36.0,-2.468698059628388,-3.3978713763747788
2026-06-14 15:00:00,21.5,97.0,2.7,3.3,36.0,-1.9396913325651617,-2.6697560814373262
2026-06-14 16:00:00,21.2,95.0,4.7,1.8,349.0,0.34345619167778085,-1.7669289302057951
2026-06-14 17:00:00,20.5,97.0,2.6,5.5,27.0,-2.496947748567508,-4.900535883036023
2026-06-14 18:00:00,20.2,96.0,0.7000000000000001,7.0,58.0,-5.936336673094982,-3.7094348496324336
2026-06-14 19:00:00,19.6,96.0,1.4,6.0,65.0,-5.4378467222199,-2.5357095704441956
2026-06-14 20:00:00,19.0,95.0,2.5,10.5,57.0,-8.806040963426952,-5.718709867657784
2026-06-14 21:00:00,18.5,96.0,1.8,5.8,54.0,-4.692298567374696,-3.4091544632963435
2026-06-14 22:00:00,18.5,97.0,0.3,7.3,57.0,-6.122295146001595,-3.9758649556096977
2026-06-14 23:00:00,18.6,96.0,0.0,9.2,62.0,-8.123117854302127,-4.319138377630195
2026-06-15 00:00:00,18.7,95.0,0.0,8.6,51.0,-6.683455268529949,-5.412155363028603
2026-06-15 01:00:00,19.0,95.0,0.1,7.0,64.0,-6.291558324094169,-3.0685980275235423
2026-06-15 02:00:00,19.0,96.0,0.0,7.7,65.0,-6.978569960182205,-3.2541606154033844
2026-06-15 03:00:00,18.5,97.0,0.5,6.4,54.0,-5.177708763999664,-3.7618256146718276
2026-06-15 04:00:00,18.9,97.0,2.1,5.1,42.0,-3.4125660924301764,-3.7900386099347108
2026-06-15 05:00:00,19.0,96.0,3.9,4.0,63.0,-3.5640260967534716,-1.8159619989581868
2026-06-15 06:00:00,19.1,97.0,1.0,6.0,61.0,-5.247718242836375,-2.9088577214780216
2026-06-15 07:00:00,19.6,96.0,1.4,6.0,53.0,-4.791813060283757,-3.61089013891229
2026-06-15 08:00:00,21.9,93.0,4.7,6.8,61.0,-5.9474140085478915,-3.296705417675091
2026-06-15 09:00:00,21.9,94.0,1.1,2.2,81.0,-2.1729143493093033,-0.3441558230885076
2026-06-15 10:00:00,21.5,96.0,0.8,1.9,146.0,-1.0624665165944187,1.5751713878545792
2026-06-15 11:00:00,21.4,97.0,1.4,1.5,60.0,-1.299038105676658,-0.7500000000000002
2026-06-15 12:00:00,21.5,97.0,3.2,3.1,80.0,-3.052904034337845,-0.5383093507674844
2026-06-15 13:00:00,21.0,97.0,2.3,5.7,58.0,-4.8338741480916285,-3.020539806129267
2026-06-15 14:00:00,20.3,98.0,4.9,7.2,51.0,-5.59545092249019,-4.5311068155588305
2026-06-15 15:00:00,20.7,96.0,3.0,6.3,53.0,-5.031403713297944,-3.7914346458579047
2026-06-15 16:00:00,21.0,96.0,1.0,6.7,56.0,-5.55455173611878,-3.746592453254003
2026-06-15 17:00:00,20.8,95.0,0.9,7.1,56.0,-5.886166765140797,-3.970269614642301
2026-06-15 18:00:00,20.5,96.0,0.5,6.0,53.0,-4.791813060283757,-3.61089013891229
2026-06-15 19:00:00,20.0,96.0,0.1,5.4,50.0,-4.136639992842482,-3.4710530923073124
2026-06-15 20:00:00,20.1,94.0,0.7000000000000001,5.0,52.0,-3.94005376803361,-3.078307376628291
2026-06-15 21:00:00,19.6,95.0,2.1,5.9,63.0,-5.256938492711371,-2.6785439484633256
2026-06-15 22:00:00,19.4,95.0,0.4,5.5,52.0,-4.334059144836971,-3.38613811429112
2026-06-15 23:00:00,19.2,95.0,0.1,4.9,51.0,-3.808015211139157,-3.0836699161442045
2026-06-16 00:00:00,19.0,96.0,0.5,5.7,53.0,-4.55222240726957,-3.430345631966676
2026-06-16 01:00:00,18.6,97.0,0.2,5.2,44.0,-3.612223526386786,-3.7405669617609862
2026-06-16 02:00:00,19.4,94.0,0.9,2.4,63.0,-2.138415658052083,-1.089577199374912
2026-06-16 03:00:00,18.9,95.0,1.3,4.4,55.0,-3.604268994871564,-2.5237363199446032
2026-06-16 04:00:00,18.9,95.0,0.5,5.2,44.0,-3.612223526386786,-3.7405669617609862
2026-06-16 05:00:00,18.9,93.0,0.0,3.5,55.0,-2.8670321550114712,-2.0075175272286616
2026-06-16 06:00:00,19.7,92.0,0.0,1.3,56.0,-1.0777488443215544,-0.7269507745119708
2026-06-16 07:00:00,21.5,96.0,0.0,1.0,59.0,-0.8571673007021123,-0.5150380749100542
2026-06-16 08:00:00,23.2,89.0,0.0,0.6000000000000001,326.0,0.3355157420824481,-0.4974225435330251
2026-06-16 09:00:00,23.9,87.0,0.0,2.4,42.0,-1.6059134552612595,-1.7835475811457464
2026-06-16 10:00:00,26.8,58.0,0.0,1.1,180.0,6.735557395310444e-17,1.1
2026-06-16 11:00:00,27.4,56.0,0.0,4.3,228.0,3.195522749552795,2.8772616073430903
2026-06-16 12:00:00,23.2,84.0,1.7000000000000002,11.6,251.0,10.968015476952075,3.776590591703018
2026-06-16 13:00:00,22.2,96.0,2.3,1.4,337.0,0.5470235798849832,-1.2887067948334165
2026-06-16 14:00:00,21.7,97.0,0.2,0.4,360.0,2.4492935982947065e-17,-0.4
2026-06-16 15:00:00,21.7,97.0,1.9,1.8,6.0,-0.18815123388177604,-1.7901394116628921
2026-06-16 16:00:00,21.6,97.0,1.4,4.0,32.0,-2.11967705693282,-3.392192384625704
2026-06-16 17:00:00,22.0,94.0,0.2,6.4,32.0,-3.3914832910925123,-5.4275078154011265
2026-06-16 18:00:00,21.8,95.0,0.1,6.8,40.0,-4.370955745868469,-5.209102213209049
2026-06-16 19:00:00,21.0,95.0,0.4,4.1,45.0,-2.8991378028648453,-2.8991378028648445
2026-06-16 20:00:00,20.5,96.0,1.2,6.3,55.0,-5.160657879020648,-3.613531549011591
2026-06-16 21:00:00,20.3,93.0,0.0,1.0,59.0,-0.8571673007021123,-0.5150380749100542
2026-06-16 22:00:00,19.2,94.0,0.0,2.5,60.0,-2.1650635094610964,-1.2500000000000002
2026-06-16 23:00:00,18.5,95.0,0.0,3.7,51.0,-2.875440057390792,-2.3284854468843994
2026-06-17 00:00:00,18.1,94.0,0.0,1.8,53.0,-1.437543918085127,-1.0832670416736871
2026-06-17 01:00:00,18.2,92.0,0.0,0.8,63.0,-0.7128052193506944,-0.36319239979163737
2026-06-17 02:00:00,18.9,87.0,0.0,3.5,75.0,-3.380740392011739,-0.9058666578588228
2026-06-17 03:00:00,18.6,87.0,0.0,4.9,73.0,-4.685893304218874,-1.4326213531414103
2026-06-17 04:00:00,18.8,87.0,0.0,2.3,51.0,-1.7874357113510326,-1.4474368994146265
2026-06-17 05:00:00,18.8,86.0,0.0,1.7000000000000002,32.0,-0.9008627491964486,-1.4416817634659242
2026-06-17 06:00:00,18.8,92.0,0.5,5.5,44.0,-3.820621037524485,-3.9563689018625814
2026-06-17 07:00:00,19.6,94.0,1.4,9.1,51.0,-7.072028249258434,-5.726815558553522
2026-06-17 08:00:00,23.2,93.0,0.0,2.7,32.0,-1.4307820134296536,-2.28972985962235
2026-06-17 09:00:00,24.5,79.0,0.0,4.2,40.0,-2.6997079606834657,-3.2173866610997073
2026-06-17 10:00:00,27.9,58.0,0.0,2.3,51.0,-1.7874357113510326,-1.4474368994146265
2026-06-17 11:00:00,28.6,54.0,0.0,6.6,261.0,6.518743047927909,1.0324674692655236
2026-06-17 12:00:00,24.2,80.0,1.8,9.5,241.0,8.30888721782426,4.605691392340202
2026-06-17 13:00:00,25.1,81.0,0.5,6.5,275.0,6.475265537596346,-0.5665123278597781
2026-06-17 14:00:00,21.6,98.0,3.1,4.8,68.0,-4.45048250192058,-1.7981116483963777
2026-06-17 15:00:00,24.4,84.0,0.1,3.9,68.0,-3.616017032810471,-1.460965714322057
2026-06-17 16:00:00,22.7,89.0,0.9,3.9,254.0,3.7489206141594438,1.0749856876862967
2026-06-17 17:00:00,20.9,97.0,2.7,5.7,58.0,-4.8338741480916285,-3.020539806129267
2026-06-17 18:00:00,21.9,95.0,0.2,5.3,62.0,-4.679622242152313,-2.4881992827652213
2026-06-17 19:00:00,20.9,95.0,0.0,2.3,67.0,-2.117161162940613,-0.8986815955253291
2026-06-17 20:00:00,20.3,98.0,0.0,5.7,49.0,-4.301844607269802,-3.7395364652458905
2026-06-17 21:00:00,19.5,98.0,0.0,6.0,44.0,-4.1679502227539835,-4.316038802031907
2026-06-17 22:00:00,18.7,99.0,0.0,5.0,46.0,-3.5966990016932554,-3.4732918522949867
2026-06-17 23:00:00,18.3,98.0,0.0,3.1,45.0,-2.192031021678298,-2.192031021678297
2026-06-18 00:00:00,18.0,98.0,0.0,4.6,54.0,-3.7214781741247585,-2.7038121605453758
2026-06-18 01:00:00,17.5,98.0,0.0,5.5,52.0,-4.334059144836971,-3.38613811429112
2026-06-18 02:00:00,18.0,97.0,0.0,2.1,38.0,-1.292889098183882,-1.6548225825741165
2026-06-18 03:00:00,17.6,96.0,0.0,3.6,41.0,-2.3618125043658265,-2.716954488801979
2026-06-18 04:00:00,17.2,97.0,0.0,2.9,43.0,-1.9777952441812459,-2.1209257346955943
2026-06-18 05:00:00,17.1,97.0,0.0,4.2,54.0,-3.39787137637478,-2.468698059628387
2026-06-18 06:00:00,18.0,97.0,0.0,6.2,52.0,-4.885666672361677,-3.817101147019081
2026-06-18 07:00:00,22.0,93.0,0.0,5.9,55.0,-4.8329970613050515,-3.3841009744711728
2026-06-18 08:00:00,24.9,86.0,0.0,1.1,342.0,0.3399186938124422,-1.0461621679246689
2026-06-18 09:00:00,26.5,69.0,0.0,4.2,252.0,3.994437368439645,1.2978713763747791
2026-06-18 10:00:00,27.3,63.0,0.0,7.6,263.0,7.543350752474047,0.9262070098791207
2026-06-18 11:00:00,27.8,60.0,0.0,10.5,258.0,10.27054980770496,2.183072753586473
2026-06-18 12:00:00,27.1,62.0,0.9,10.6,244.0,9.52721689077117,4.646734155964221
2026-06-18 13:00:00,24.1,81.0,1.5,9.8,244.0,8.808181653731838,4.296037238532959
2026-06-18 14:00:00,24.8,85.0,1.5,3.5,215.0,2.0075175272286616,2.8670321550114712
2026-06-18 15:00:00,22.6,93.0,2.3,6.7,226.0,4.819576662268963,4.654211082075282
2026-06-18 16:00:00,22.9,96.0,1.4,2.1,149.0,-1.081579957311114,1.800051331474436
2026-06-18 17:00:00,22.8,95.0,1.9,3.7,125.0,-3.0308625638692703,2.12223281449887
2026-06-18 18:00:00,22.4,96.0,0.5,4.5,61.0,-3.9357886821272814,-2.181643291108516
2026-06-18 19:00:00,21.1,98.0,0.0,5.6,63.0,-4.98963653545486,-2.542346798541461
2026-06-18 20:00:00,21.4,93.0,0.1,3.1,50.0,-2.3747377736688318,-1.9926415900282717
2026-06-18 21:00:00,21.3,89.0,0.0,2.1,59.0,-1.800051331474436,-1.0815799573111138
2026-06-18 22:00:00,20.6,91.0,0.0,2.7,53.0,-2.1563158771276907,-1.6249005625105308
2026-06-18 23:00:00,19.5,95.0,0.0,3.9,47.0,-2.852279436314765,-2.6597936042437436
2026-06-19 00:00:00,18.4,97.0,0.0,4.7,47.0,-3.437362397610102,-3.2053922922937423
2026-06-19 01:00:00,17.2,98.0,0.0,5.2,44.0,-3.612223526386786,-3.7405669617609862
2026-06-19 02:00:00,17.3,97.0,0.0,4.0,36.0,-2.351141009169893,-3.2360679774997894
2026-06-19 03:00:00,16.2,98.0,0.0,4.3,45.0,-3.040559159102155,-3.040559159102154
2026-06-19 04:00:00,15.6,98.0,0.0,3.6,49.0,-2.7169544888019797,-2.3618125043658256
2026-06-19 05:00:00,15.1,98.0,0.0,4.9,51.0,-3.808015211139157,-3.0836699161442045
2026-06-19 06:00:00,16.0,97.0,0.0,5.5,52.0,-4.334059144836971,-3.38613811429112
2026-06-19 07:00:00,20.6,95.0,0.0,4.2,40.0,-2.6997079606834657,-3.2173866610997073
2026-06-19 08:00:00,23.8,89.0,0.0,0.8,315.0,0.5656854249492381,-0.565685424949238
2026-06-19 09:00:00,26.1,64.0,0.0,3.6,252.0,3.4238034586625528,1.1124611797498107
2026-06-19 10:00:00,27.5,54.0,0.0,6.6,248.0,6.1194134401407965,2.472403516545019
2026-06-19 11:00:00,28.0,52.0,0.0,7.7,258.0,7.531736525650304,1.600920019296747
2026-06-19 12:00:00,28.2,54.0,0.0,8.3,252.0,7.893769085249775,2.5648410533120636
2026-06-19 13:00:00,27.0,66.0,1.4,8.7,233.0,6.948128937411447,5.235790701422819
2026-06-19 14:00:00,28.2,57.0,0.5,7.5,222.0,5.018479547691436,5.573586191080457
2026-06-19 15:00:00,27.5,62.0,0.3,7.5,222.0,5.018479547691436,5.573586191080457
2026-06-19 16:00:00,26.2,69.0,0.2,7.7,208.0,3.61493103345136,6.798696465013737
2026-06-19 17:00:00,24.0,81.0,0.3,8.1,209.0,3.9269579239953303,7.084419627829106
2026-06-19 18:00:00,22.6,91.0,0.4,2.2,95.0,-2.1916283358018402,0.19174263404484804
2026-06-19 19:00:00,21.1,96.0,0.0,2.3,51.0,-1.7874357113510326,-1.4474368994146265
2026-06-19 20:00:00,21.1,93.0,0.0,0.8,45.0,-0.5656854249492381,-0.565685424949238
2026-06-19 21:00:00,21.1,89.0,0.0,1.4,67.0,-1.2887067948334165,-0.547023579884983
2026-06-19 22:00:00,20.2,88.0,0.0,2.1,59.0,-1.800051331474436,-1.0815799573111138
2026-06-19 23:00:00,18.4,92.0,0.0,3.6,53.0,-2.875087836170254,-2.1665340833473743
2026-06-20 00:00:00,17.1,94.0,0.0,4.5,47.0,-3.2910916572862674,-3.0689926202812425
2026-06-20 01:00:00,16.8,90.0,0.0,3.9,47.0,-2.852279436314765,-2.6597936042437436
2026-06-20 02:00:00,17.6,82.0,0.0,2.1,52.0,-1.6548225825741163,-1.2928890981838823
2026-06-20 03:00:00,17.4,79.0,0.0,2.7,53.0,-2.1563158771276907,-1.6249005625105308
2026-06-20 04:00:00,17.0,77.0,0.0,2.6,51.0,-2.0205794997881243,-1.6362330167295778
2026-06-20 05:00:00,16.9,74.0,0.0,2.7,53.0,-2.1563158771276907,-1.6249005625105308
2026-06-20 06:00:00,18.1,74.0,0.0,3.3,54.0,-2.6697560814373267,-1.9396913325651608
2026-06-20 07:00:00,22.0,79.0,0.0,4.1,45.0,-2.8991378028648453,-2.8991378028648445
2026-06-20 08:00:00,25.0,67.0,0.0,1.8,276.0,1.790139411662892,-0.18815123388177626
2026-06-20 09:00:00,26.0,65.0,0.0,7.0,247.0,6.4435339741670825,2.7351178994249166
2026-06-20 10:00:00,26.8,62.0,0.0,8.1,246.0,7.399718206905066,3.2945668089139817
2026-06-20 11:00:00,27.6,59.0,0.0,8.3,252.0,7.893769085249775,2.5648410533120636
2026-06-20 12:00:00,28.4,56.0,0.0,9.3,254.0,8.939733772226367,2.5634274090980926
2026-06-20 13:00:00,28.6,55.0,0.0,10.5,253.0,10.041199937611871,3.069902899588736
2026-06-20 14:00:00,28.6,57.0,0.0,10.5,254.0,10.093247807352348,2.8941922360784913
2026-06-20 15:00:00,28.3,62.0,0.0,10.1,251.0,9.5497376135531,3.2882383600172824
2026-06-20 16:00:00,27.3,70.0,0.0,8.6,254.0,8.266850585069543,2.370481260026193
2026-06-20 17:00:00,26.0,78.0,0.0,5.1,260.0,5.022519540362261,0.8856057061013446
2026-06-20 18:00:00,24.5,87.0,0.0,3.9,257.0,3.8000432526624173,0.8773091119410735
2026-06-20 19:00:00,21.9,96.0,0.0,1.8,281.0,1.7669289302057951,-0.34345619167778063
2026-06-20 20:00:00,21.4,96.0,0.0,1.6,27.0,-0.7263847995832751,-1.4256104387013886
2026-06-20 21:00:00,20.6,92.0,0.0,3.1,45.0,-2.192031021678298,-2.192031021678297
2026-06-20 22:00:00,19.5,89.0,0.0,4.5,50.0,-3.447199994035401,-2.892544243589427
2026-06-20 23:00:00,18.3,81.0,0.0,5.5,46.0,-3.956368901862581,-3.8206210375244853
2026-06-21 00:00:00,16.6,78.0,0.0,2.7,67.0,-2.485363104321589,-1.0549740469210387
2026-06-21 01:00:00,16.2,75.0,0.0,2.4,63.0,-2.138415658052083,-1.089577199374912
2026-06-21 02:00:00,16.2,72.0,0.0,2.4,63.0,-2.138415658052083,-1.089577199374912
2026-06-21 03:00:00,16.9,70.0,0.0,2.1,59.0,-1.800051331474436,-1.0815799573111138
2026-06-21 04:00:00,18.2,67.0,0.0,1.6,63.0,-1.4256104387013888,-0.7263847995832747
2026-06-21 05:00:00,19.8,64.0,0.0,1.3,56.0,-1.0777488443215544,-0.7269507745119708
2026-06-21 06:00:00,21.5,62.0,0.0,0.8,27.0,-0.36319239979163753,-0.7128052193506943
2026-06-21 07:00:00,23.0,60.0,0.0,0.5,315.0,0.3535533905932738,-0.35355339059327373
2026-06-21 08:00:00,24.3,58.0,0.0,1.1,288.0,1.0461621679246689,-0.33991869381244216
2026-06-21 09:00:00,25.3,56.0,0.0,2.5,278.0,2.475670171853926,-0.3479327524001636
2026-06-21 10:00:00,26.2,55.0,0.0,4.3,275.0,4.283637201794505,-0.3747696938149301
2026-06-21 11:00:00,27.0,54.0,0.0,6.1,273.0,6.0916401620029,-0.31924933308195735
2026-06-21 12:00:00,27.6,53.0,0.0,7.9,273.0,7.889173324561134,-0.4134540543192563
2026-06-21 13:00:00,28.0,53.0,0.0,9.0,272.0,8.994517443171862,-0.31409547032250873
2026-06-21 14:00:00,28.0,55.0,0.0,9.4,272.0,9.394273773979501,-0.3280552690035091
2026-06-21 15:00:00,27.5,59.0,0.0,8.6,272.0,8.594761112364223,-0.30013567164150834
2026-06-21 16:00:00,26.6,64.0,0.0,6.8,270.0,6.8,0.0
2026-06-21 17:00:00,25.5,71.0,0.0,4.7,270.0,4.7,0.0
2026-06-21 18:00:00,24.2,78.0,0.0,2.2,261.0,2.1729143493093033,0.34415582308850795
2026-06-21 19:00:00,23.1,83.0,0.0,0.5,225.0,0.3535533905932738,0.35355339059327373
2026-06-21 20:00:00,22.2,87.0,0.0,1.1,108.0,-1.0461621679246689,0.3399186938124423
2026-06-21 21:00:00,21.5,88.0,0.0,1.8,101.0,-1.7669289302057951,0.34345619167778096
2026-06-21 22:00:00,20.8,88.0,0.0,2.2,90.0,-2.2,2.6942229581241775e-16
2026-06-21 23:00:00,20.1,87.0,0.0,1.8,79.0,-1.7669289302057951,-0.3434561916777805
2026-06-22 00:00:00,19.7,85.0,0.0,1.9,68.0,-1.761649323676896,-0.7117525274902328
2026-06-22 01:00:00,19.4,83.0,0.0,1.8,53.0,-1.437543918085127,-1.0832670416736871
2026-06-22 02:00:00,19.4,82.0,0.0,1.5,45.0,-1.0606601717798214,-1.0606601717798212
2026-06-22 03:00:00,19.8,81.0,0.0,1.3,34.0,-0.7269507745119705,-1.0777488443215544
2026-06-22 04:00:00,20.5,80.0,0.0,0.7000000000000001,360.0,4.2862637970157366e-17,-0.7000000000000001
2026-06-22 05:00:00,21.4,79.0,0.0,0.5,315.0,0.3535533905932738,-0.35355339059327373
2026-06-22 06:00:00,22.4,77.0,0.0,1.1,270.0,1.1,0.0
2026-06-22 07:00:00,23.3,76.0,0.0,1.8,270.0,1.8,0.0
2026-06-22 08:00:00,24.1,75.0,0.0,2.5,262.0,2.475670171853926,0.3479327524001636
2026-06-22 09:00:00,24.9,73.0,0.1,3.3,264.0,3.2819222547153015,0.3449439287832564
2026-06-22 10:00:00,25.6,71.0,0.1,4.0,260.0,3.939231012048832,0.6945927106677213
2026-06-22 11:00:00,26.4,69.0,0.1,5.1,262.0,5.050367150582009,0.7097828148963337
2026-06-22 12:00:00,27.0,67.0,0.1,5.8,263.0,5.756767679519667,0.7068421917498553
2026-06-22 13:00:00,27.4,67.0,0.1,6.2,263.0,6.153786140176196,0.7555899291119144
2026-06-22 14:00:00,27.5,67.0,0.1,6.2,263.0,6.153786140176196,0.7555899291119144
2026-06-22 15:00:00,27.1,69.0,0.0,5.4,262.0,5.34744757120448,0.7515347451843534
2026-06-22 16:00:00,26.4,73.0,0.0,4.4,261.0,4.3458286986186065,0.6883116461770159
2026-06-22 17:00:00,25.4,78.0,0.0,2.5,262.0,2.475670171853926,0.3479327524001636
2026-06-22 18:00:00,24.4,83.0,0.0,1.1,252.0,1.0461621679246689,0.33991869381244216
2026-06-22 19:00:00,23.4,87.0,0.0,0.4,90.0,-0.4,4.898587196589413e-17
2026-06-22 20:00:00,22.6,90.0,0.0,1.4,90.0,-1.4,1.7145055188062944e-16
2026-06-22 21:00:00,21.9,91.0,0.0,2.2,90.0,-2.2,2.6942229581241775e-16
2026-06-22 22:00:00,21.1,91.0,0.0,2.5,82.0,-2.475670171853926,-0.3479327524001638
2026-06-22 23:00:00,20.5,91.0,0.0,2.9,83.0,-2.878383839759834,-0.3534210958749272
2026-06-23 00:00:00,19.9,89.0,0.0,3.0,76.0,-2.9108871788279895,-0.7257656867990026
2026-06-23 01:00:00,19.6,88.0,0.0,3.0,76.0,-2.9108871788279895,-0.7257656867990026
2026-06-23 02:00:00,19.5,87.0,0.0,2.6,74.0,-2.499280409439629,-0.7166571251241974
2026-06-23 03:00:00,19.9,86.0,0.0,2.3,72.0,-2.187429987478853,-0.7107390870623786
2026-06-23 04:00:00,20.6,84.0,0.0,1.5,76.0,-1.4554435894139948,-0.3628828433995013
2026-06-23 05:00:00,21.5,82.0,0.0,0.4,90.0,-0.4,4.898587196589413e-17
2026-06-23 06:00:00,22.4,80.0,0.0,0.5,225.0,0.3535533905932738,0.35355339059327373
2026-06-23 07:00:00,23.4,79.0,0.0,1.5,256.0,1.4554435894139948,0.3628828433995016
2026-06-23 08:00:00,24.1,77.0,0.0,2.3,252.0,2.1874299874788528,0.710739087062379
2026-06-23 09:00:00,24.8,75.0,0.1,3.0,256.0,2.9108871788279895,0.7257656867990032
2026-06-23 10:00:00,25.5,74.0,0.1,3.7,259.0,3.632020578756357,0.7059932828932158
2026-06-23 11:00:00,26.1,72.0,0.1,4.7,261.0,4.6421352007971475,0.7352419856890852
2026-06-23 12:00:00,26.6,71.0,0.1,5.1,262.0,5.050367150582009,0.7097828148963337
2026-06-23 13:00:00,27.0,71.0,0.1,5.4,262.0,5.34744757120448,0.7515347451843534
2026-06-23 14:00:00,27.0,71.0,0.1,5.4,262.0,5.34744757120448,0.7515347451843534
2026-06-23 15:00:00,26.6,73.0,0.1,4.7,261.0,4.6421352007971475,0.7352419856890852
2026-06-23 16:00:00,25.9,76.0,0.1,3.7,259.0,3.632020578756357,0.7059932828932158
2026-06-23 17:00:00,25.0,80.0,0.1,2.3,252.0,2.1874299874788528,0.710739087062379
2026-06-23 18:00:00,24.1,84.0,0.1,0.5,225.0,0.3535533905932738,0.35355339059327373
2026-06-23 19:00:00,23.1,88.0,0.1,0.8,117.0,-0.7128052193506943,0.36319239979163753
2026-06-23 20:00:00,22.4,90.0,0.1,1.8,101.0,-1.7669289302057951,0.34345619167778096
2026-06-23 21:00:00,21.7,91.0,0.0,2.5,98.0,-2.475670171853926,0.3479327524001633
2026-06-23 22:00:00,21.0,91.0,0.0,2.9,97.0,-2.8783838397598336,0.35342109587492787
2026-06-23 23:00:00,20.4,91.0,0.0,2.9,90.0,-2.9,3.5514757175273243e-16
2026-06-24 00:00:00,19.9,91.0,0.0,2.9,90.0,-2.9,3.5514757175273243e-16
2026-06-24 01:00:00,19.6,90.0,0.0,2.9,90.0,-2.9,3.5514757175273243e-16
2026-06-24 02:00:00,19.5,89.0,0.0,2.5,90.0,-2.5,3.061616997868383e-16
2026-06-24 03:00:00,19.8,88.0,0.1,2.2,90.0,-2.2,2.6942229581241775e-16
2026-06-24 04:00:00,20.5,86.0,0.1,1.5,104.0,-1.4554435894139948,0.3628828433995016
2026-06-24 05:00:00,21.3,84.0,0.1,0.8,153.0,-0.36319239979163737,0.7128052193506944
2026-06-24 06:00:00,22.2,82.0,0.1,0.8,207.0,0.3631923997916375,0.7128052193506943
2026-06-24 07:00:00,23.1,81.0,0.1,1.8,233.0,1.437543918085127,1.083267041673687
2026-06-24 08:00:00,23.8,79.0,0.1,2.4,243.0,2.138415658052083,1.0895771993749122
2026-06-24 09:00:00,24.4,78.0,0.3,3.1,249.0,2.8940993221413254,1.1109406435904308
2026-06-24 10:00:00,25.1,76.0,0.3,3.7,259.0,3.632020578756357,0.7059932828932158
2026-06-24 11:00:00,25.7,74.0,0.3,4.3,265.0,4.283637201794505,0.3747696938149301
2026-06-24 12:00:00,26.2,73.0,0.3,5.0,270.0,5.0,0.0
2026-06-24 13:00:00,26.5,73.0,0.3,5.4,274.0,5.386845871403051,-0.37668495821827663
2026-06-24 14:00:00,26.6,73.0,0.3,5.4,278.0,5.34744757120448,-0.7515347451843534
2026-06-24 15:00:00,26.2,75.0,0.4,4.7,279.0,4.6421352007971475,-0.7352419856890852
2026-06-24 16:00:00,25.5,78.0,0.4,4.0,280.0,3.939231012048832,-0.6945927106677213
2026-06-24 17:00:00,24.7,81.0,0.4,2.6,286.0,2.499280409439629,-0.7166571251241979
2026-06-24 18:00:00,23.7,85.0,0.4,1.1,288.0,1.0461621679246689,-0.33991869381244216
2026-06-24 19:00:00,22.8,88.0,0.4,0.4,360.0,2.4492935982947065e-17,-0.4
2026-06-24 20:00:00,22.1,90.0,0.4,1.1,72.0,-1.046162167924669,-0.33991869381244205
2026-06-24 21:00:00,21.4,91.0,0.0,1.8,79.0,-1.7669289302057951,-0.3434561916777805
2026-06-24 22:00:00,20.8,90.0,0.0,2.2,81.0,-2.1729143493093033,-0.3441558230885076
2026-06-24 23:00:00,20.2,90.0,0.0,2.9,83.0,-2.878383839759834,-0.3534210958749272
2026-06-25 00:00:00,19.7,89.0,0.0,2.9,83.0,-2.878383839759834,-0.3534210958749272
2026-06-25 01:00:00,19.4,87.0,0.0,3.3,84.0,-3.2819222547153015,-0.3449439287832565
2026-06-25 02:00:00,19.4,86.0,0.0,2.9,83.0,-2.878383839759834,-0.3534210958749272
2026-06-25 03:00:00,19.7,85.0,0.0,2.2,81.0,-2.1729143493093033,-0.3441558230885076
2026-06-25 04:00:00,20.3,83.0,0.0,1.4,90.0,-1.4,1.7145055188062944e-16
2026-06-25 05:00:00,21.2,81.0,0.0,0.5,135.0,-0.35355339059327373,0.3535533905932738
2026-06-25 06:00:00,22.1,79.0,0.0,1.0,225.0,0.7071067811865476,0.7071067811865475
2026-06-25 07:00:00,22.9,77.0,0.0,1.9,248.0,1.761649323676896,0.7117525274902328
2026-06-25 08:00:00,23.6,75.0,0.0,3.0,256.0,2.9108871788279895,0.7257656867990032
2026-06-25 09:00:00,24.3,73.0,0.2,3.6,264.0,3.580278823325784,0.37630246776355253
2026-06-25 10:00:00,25.0,72.0,0.2,4.7,270.0,4.7,0.0
2026-06-25 11:00:00,25.6,70.0,0.2,5.8,277.0,5.756767679519667,-0.7068421917498553
2026-06-25 12:00:00,26.1,69.0,0.2,6.6,283.0,6.430842427582553,-1.484676958669509
2026-06-25 13:00:00,26.5,68.0,0.2,7.1,285.0,6.858073366652385,-1.8376152202278973
2026-06-25 14:00:00,26.5,69.0,0.2,7.2,288.0,6.8476069173251055,-2.2249223594996215
2026-06-25 15:00:00,26.1,71.0,0.3,6.8,288.0,6.467184310807044,-2.1013155617496424
2026-06-25 16:00:00,25.4,75.0,0.3,5.7,288.0,5.421022142882375,-1.7613968679372003
2026-06-25 17:00:00,24.4,79.0,0.3,4.6,288.0,4.3748599749577055,-1.421478174124758
2026-06-25 18:00:00,23.4,83.0,0.3,3.0,284.0,2.9108871788279895,-0.7257656867990032
2026-06-25 19:00:00,22.5,87.0,0.3,1.8,281.0,1.7669289302057951,-0.34345619167778063
2026-06-25 20:00:00,21.7,89.0,0.3,0.7000000000000001,270.0,0.7000000000000001,0.0
2026-06-25 21:00:00,21.1,90.0,0.0,0.0,270.0,0.0,0.0
2026-06-25 22:00:00,20.6,90.0,0.0,0.5,135.0,-0.35355339059327373,0.3535533905932738
2026-06-25 23:00:00,20.1,89.0,0.0,1.1,108.0,-1.0461621679246689,0.3399186938124423
2026-06-26 00:00:00,19.8,88.0,0.0,1.5,104.0,-1.4554435894139948,0.3628828433995016
2026-06-26 01:00:00,19.6,87.0,0.0,1.5,104.0,-1.4554435894139948,0.3628828433995016
2026-06-26 02:00:00,19.6,86.0,0.0,1.5,104.0,-1.4554435894139948,0.3628828433995016
2026-06-26 03:00:00,19.9,85.0,0.0,1.1,108.0,-1.0461621679246689,0.3399186938124423
2026-06-26 04:00:00,20.5,83.0,0.0,0.8,153.0,-0.36319239979163737,0.7128052193506944
2026-06-26 05:00:00,21.3,81.0,0.0,0.8,207.0,0.3631923997916375,0.7128052193506943
2026-06-26 06:00:00,22.1,80.0,0.0,1.6,243.0,1.4256104387013888,0.7263847995832748
2026-06-26 07:00:00,22.8,78.0,0.0,2.3,252.0,2.1874299874788528,0.710739087062379
2026-06-26 08:00:00,23.4,77.0,0.0,3.0,256.0,2.9108871788279895,0.7257656867990032
2026-06-26 09:00:00,23.9,76.0,0.5,3.3,264.0,3.2819222547153015,0.3449439287832564
2026-06-26 10:00:00,24.4,75.0,0.5,4.0,270.0,4.0,0.0
2026-06-26 11:00:00,24.8,75.0,0.5,4.3,275.0,4.283637201794505,-0.3747696938149301
2026-06-26 12:00:00,25.1,75.0,0.5,4.4,279.0,4.3458286986186065,-0.6883116461770159
2026-06-26 13:00:00,25.3,75.0,0.5,4.5,284.0,4.366330768241984,-1.0886485301985047
2026-06-26 14:00:00,25.2,76.0,0.5,4.6,288.0,4.3748599749577055,-1.421478174124758
2026-06-26 15:00:00,24.9,78.0,0.8,4.2,290.0,3.9467090073008158,-1.4364846019678086
2026-06-26 16:00:00,24.3,80.0,0.8,3.1,291.0,2.8940993221413254,-1.1109406435904308
2026-06-26 17:00:00,23.6,84.0,0.8,1.9,292.0,1.761649323676896,-0.7117525274902328
2026-06-26 18:00:00,22.8,87.0,0.8,0.8,297.0,0.7128052193506944,-0.3631923997916374
2026-06-26 19:00:00,22.1,89.0,0.8,0.4,360.0,2.4492935982947065e-17,-0.4
2026-06-26 20:00:00,21.5,91.0,0.8,0.7000000000000001,90.0,-0.7000000000000001,8.572527594031473e-17
2026-06-26 21:00:00,21.1,92.0,0.1,1.1,90.0,-1.1,1.3471114790620887e-16
2026-06-26 22:00:00,20.6,92.0,0.1,1.4,90.0,-1.4,1.7145055188062944e-16
2026-06-26 23:00:00,20.2,91.0,0.1,1.4,90.0,-1.4,1.7145055188062944e-16
2026-06-27 00:00:00,19.9,91.0,0.1,1.8,90.0,-1.8,2.2043642384652358e-16
2026-06-27 01:00:00,19.7,90.0,0.1,1.4,90.0,-1.4,1.7145055188062944e-16
2026-06-27 02:00:00,19.8,89.0,0.1,1.4,90.0,-1.4,1.7145055188062944e-16
2026-06-27 03:00:00,20.1,88.0,0.0,1.1,90.0,-1.1,1.3471114790620887e-16
2026-06-27 04:00:00,20.7,87.0,0.0,0.8,117.0,-0.7128052193506943,0.36319239979163753
2026-06-27 05:00:00,21.4,85.0,0.0,0.4,180.0,2.4492935982947065e-17,0.4
2026-06-27 06:00:00,22.2,83.0,0.0,0.8,243.0,0.7128052193506944,0.3631923997916374
2026-06-27 07:00:00,22.9,82.0,0.0,1.6,243.0,1.4256104387013888,0.7263847995832748
2026-06-27 08:00:00,23.5,81.0,0.0,1.9,248.0,1.761649323676896,0.7117525274902328
2026-06-27 09:00:00,23.9,80.0,0.6,2.3,252.0,2.1874299874788528,0.710739087062379
2026-06-27 10:00:00,24.4,79.0,0.6,3.0,256.0,2.9108871788279895,0.7257656867990032
2026-06-27 11:00:00,24.8,79.0,0.6,3.3,257.0,3.2154212137912763,0.7423384793347545
2026-06-27 12:00:00,25.1,78.0,0.6,4.0,265.0,3.984778792366982,0.34862297099063266
2026-06-27 13:00:00,25.2,78.0,0.6,4.0,265.0,3.984778792366982,0.34862297099063266
2026-06-27 14:00:00,25.2,79.0,0.6,4.0,265.0,3.984778792366982,0.34862297099063266
2026-06-27 15:00:00,24.9,81.0,1.2,3.6,264.0,3.580278823325784,0.37630246776355253
2026-06-27 16:00:00,24.3,83.0,1.2,2.9,263.0,2.8783838397598336,0.35342109587492765
2026-06-27 17:00:00,23.6,86.0,1.2,1.8,259.0,1.7669289302057951,0.34345619167778063
2026-06-27 18:00:00,22.9,90.0,1.2,0.8,243.0,0.7128052193506944,0.3631923997916374
2026-06-27 19:00:00,22.2,92.0,1.2,0.4,180.0,2.4492935982947065e-17,0.4
2026-06-27 20:00:00,21.7,94.0,1.2,0.8,117.0,-0.7128052193506943,0.36319239979163753
2026-06-27 21:00:00,21.3,95.0,0.7000000000000001,1.1,108.0,-1.0461621679246689,0.3399186938124423
2026-06-27 22:00:00,21.0,95.0,0.7000000000000001,1.1,90.0,-1.1,1.3471114790620887e-16
2026-06-27 23:00:00,20.7,95.0,0.7000000000000001,1.4,90.0,-1.4,1.7145055188062944e-16
2026-06-28 00:00:00,20.6,94.0,0.7000000000000001,1.5,76.0,-1.4554435894139948,-0.3628828433995013
2026-06-28 01:00:00,20.5,94.0,0.7000000000000001,1.1,72.0,-1.046162167924669,-0.33991869381244205
2026-06-28 02:00:00,20.5,93.0,0.7000000000000001,1.1,72.0,-1.046162167924669,-0.33991869381244205
2026-06-28 03:00:00,20.7,92.0,0.4,1.1,72.0,-1.046162167924669,-0.33991869381244205
2026-06-28 04:00:00,21.1,92.0,0.4,0.8,63.0,-0.7128052193506944,-0.36319239979163737
2026-06-28 05:00:00,21.5,91.0,0.4,0.4,90.0,-0.4,4.898587196589413e-17
2026-06-28 06:00:00,22.0,90.0,0.4,0.0,270.0,0.0,0.0
2026-06-28 07:00:00,22.5,90.0,0.4,0.5,225.0,0.3535533905932738,0.35355339059327373
2026-06-28 08:00:00,22.8,89.0,0.4,0.8,243.0,0.7128052193506944,0.3631923997916374
2026-06-28 09:00:00,23.2,88.0,1.4,1.1,252.0,1.0461621679246689,0.33991869381244216
2026-06-28 10:00:00,23.5,88.0,1.4,1.6,243.0,1.4256104387013888,0.7263847995832748
2026-06-28 11:00:00,23.9,87.0,1.4,1.9,248.0,1.761649323676896,0.7117525274902328
2026-06-28 12:00:00,24.1,86.0,1.4,2.3,252.0,2.1874299874788528,0.710739087062379
2026-06-28 13:00:00,24.3,86.0,1.4,2.3,252.0,2.1874299874788528,0.710739087062379
2026-06-28 14:00:00,24.3,86.0,1.4,2.3,252.0,2.1874299874788528,0.710739087062379
2026-06-28 15:00:00,24.0,87.0,1.1,1.9,248.0,1.761649323676896,0.7117525274902328
2026-06-28 16:00:00,23.6,88.0,1.1,1.5,256.0,1.4554435894139948,0.3628828433995016
2026-06-28 17:00:00,23.1,90.0,1.1,0.8,243.0,0.7128052193506944,0.3631923997916374
2026-06-28 18:00:00,22.5,92.0,1.1,0.4,180.0,2.4492935982947065e-17,0.4
2026-06-28 19:00:00,22.0,93.0,1.1,0.7000000000000001,90.0,-0.7000000000000001,8.572527594031473e-17
2026-06-28 20:00:00,21.6,94.0,1.1,1.1,90.0,-1.1,1.3471114790620887e-16
2026-06-28 21:00:00,21.2,94.0,0.2,1.4,90.0,-1.4,1.7145055188062944e-16
2026-06-28 22:00:00,20.9,94.0,0.2,1.4,90.0,-1.4,1.7145055188062944e-16
2026-06-28 23:00:00,20.6,94.0,0.2,1.4,90.0,-1.4,1.7145055188062944e-16
2026-06-29 00:00:00,20.3,93.0,0.2,1.4,90.0,-1.4,1.7145055188062944e-16
2026-06-29 01:00:00,20.2,92.0,0.2,1.4,90.0,-1.4,1.7145055188062944e-16
2026-06-29 02:00:00,20.3,91.0,0.2,1.4,90.0,-1.4,1.7145055188062944e-16
2026-06-29 03:00:00,20.7,90.0,0.2,1.1,90.0,-1.1,1.3471114790620887e-16
2026-06-29 04:00:00,21.2,89.0,0.2,0.7000000000000001,90.0,-0.7000000000000001,8.572527594031473e-17
2026-06-29 05:00:00,21.9,87.0,0.2,0.4,90.0,-0.4,4.898587196589413e-17
2026-06-29 06:00:00,22.7,86.0,0.2,0.0,270.0,0.0,0.0
2026-06-29 07:00:00,23.3,84.0,0.2,0.4,270.0,0.4,0.0
2026-06-29 08:00:00,23.9,83.0,0.2,0.7000000000000001,270.0,0.7000000000000001,0.0
2026-06-29 09:00:00,24.3,82.0,0.8,0.7000000000000001,270.0,0.7000000000000001,0.0
2026-06-29 10:00:00,24.8,81.0,0.8,1.1,270.0,1.1,0.0
2026-06-29 11:00:00,25.2,80.0,0.8,1.1,270.0,1.1,0.0
2026-06-29 12:00:00,25.4,79.0,0.8,1.1,252.0,1.0461621679246689,0.33991869381244216
2026-06-29 13:00:00,25.6,79.0,0.8,1.1,252.0,1.0461621679246689,0.33991869381244216
2026-06-29 14:00:00,25.6,79.0,0.8,0.8,243.0,0.7128052193506944,0.3631923997916374
2026-06-29 15:00:00,25.3,80.0,0.4,0.5,225.0,0.3535533905932738,0.35355339059327373
2026-06-29 16:00:00,24.8,82.0,0.4,0.4,180.0,2.4492935982947065e-17,0.4
2026-06-29 17:00:00,24.2,84.0,0.4,1.0,135.0,-0.7071067811865475,0.7071067811865476
2026-06-29 18:00:00,23.5,87.0,0.4,1.6,117.0,-1.4256104387013886,0.7263847995832751
2026-06-29 19:00:00,22.8,89.0,0.4,1.9,112.0,-1.7616493236768958,0.7117525274902332
2026-06-29 20:00:00,22.3,90.0,0.4,2.3,108.0,-2.1874299874788528,0.7107390870623792
2026-06-29 21:00:00,21.9,91.0,0.1,2.6,106.0,-2.499280409439629,0.716657125124198
2026-06-29 22:00:00,21.4,91.0,0.1,2.5,98.0,-2.475670171853926,0.3479327524001633
2026-06-29 23:00:00,20.9,90.0,0.1,2.5,98.0,-2.475670171853926,0.3479327524001633
2026-06-30 00:00:00,20.5,90.0,0.1,2.5,98.0,-2.475670171853926,0.3479327524001633
2026-06-30 01:00:00,20.3,89.0,0.1,2.5,90.0,-2.5,3.061616997868383e-16
2026-06-30 02:00:00,20.4,88.0,0.1,2.2,90.0,-2.2,2.6942229581241775e-16
2026-06-30 03:00:00,20.7,87.0,0.0,1.8,90.0,-1.8,2.2043642384652358e-16
2026-06-30 04:00:00,21.4,85.0,0.0,1.4,90.0,-1.4,1.7145055188062944e-16
2026-06-30 05:00:00,22.2,83.0,0.0,0.7000000000000001,90.0,-0.7000000000000001,8.572527594031473e-17
2026-06-30 06:00:00,23.1,81.0,0.0,0.5,135.0,-0.35355339059327373,0.3535533905932738
2026-06-30 07:00:00,23.9,80.0,0.0,0.5,225.0,0.3535533905932738,0.35355339059327373
2026-06-30 08:00:00,24.6,78.0,0.0,0.8,243.0,0.7128052193506944,0.3631923997916374
2026-06-30 09:00:00,25.2,76.0,0.4,1.1,252.0,1.0461621679246689,0.33991869381244216
2026-06-30 10:00:00,25.8,75.0,0.4,1.5,256.0,1.4554435894139948,0.3628828433995016
2026-06-30 11:00:00,26.3,73.0,0.4,1.8,259.0,1.7669289302057951,0.34345619167778063
2026-06-30 12:00:00,26.8,71.0,0.4,1.8,259.0,1.7669289302057951,0.34345619167778063
2026-06-30 13:00:00,27.0,71.0,0.4,1.8,259.0,1.7669289302057951,0.34345619167778063
2026-06-30 14:00:00,27.0,71.0,0.4,1.8,259.0,1.7669289302057951,0.34345619167778063
2026-06-30 15:00:00,26.6,73.0,0.3,1.5,256.0,1.4554435894139948,0.3628828433995016
2026-06-30 16:00:00,25.9,76.0,0.3,0.8,243.0,0.7128052193506944,0.3631923997916374
2026-06-30 17:00:00,25.0,80.0,0.3,0.4,180.0,2.4492935982947065e-17,0.4
2026-06-30 18:00:00,24.0,84.0,0.3,1.1,108.0,-1.0461621679246689,0.3399186938124423
2026-06-30 19:00:00,23.1,87.0,0.3,1.8,101.0,-1.7669289302057951,0.34345619167778096
2026-06-30 20:00:00,22.3,89.0,0.3,2.2,99.0,-2.172914349309303,0.3441558230885082
2026-06-30 21:00:00,21.7,90.0,0.1,2.5,98.0,-2.475670171853926,0.3479327524001633
2026-06-30 22:00:00,21.1,90.0,0.1,2.5,90.0,-2.5,3.061616997868383e-16
2026-06-30 23:00:00,20.5,90.0,0.1,2.9,90.0,-2.9,3.5514757175273243e-16
2026-07-01 00:00:00,20.1,89.0,0.1,2.9,83.0,-2.878383839759834,-0.3534210958749272
2026-07-01 01:00:00,19.9,88.0,0.1,2.9,83.0,-2.878383839759834,-0.3534210958749272
2026-07-01 02:00:00,19.9,87.0,0.1,2.5,82.0,-2.475670171853926,-0.3479327524001638
2026-07-01 03:00:00,20.3,86.0,0.0,2.2,81.0,-2.1729143493093033,-0.3441558230885076
2026-07-01 04:00:00,21.0,84.0,0.0,1.8,79.0,-1.7669289302057951,-0.3434561916777805
2026-07-01 05:00:00,21.9,82.0,0.0,1.1,90.0,-1.1,1.3471114790620887e-16
2026-07-01 06:00:00,22.9,80.0,0.0,0.4,90.0,-0.4,4.898587196589413e-17
2026-07-01 07:00:00,23.8,78.0,0.0,0.5,225.0,0.3535533905932738,0.35355339059327373
2026-07-01 08:00:00,24.5,76.0,0.0,0.8,243.0,0.7128052193506944,0.3631923997916374
2026-07-01 09:00:00,25.1,75.0,0.3,1.1,252.0,1.0461621679246689,0.33991869381244216
2026-07-01 10:00:00,25.7,73.0,0.3,1.8,259.0,1.7669289302057951,0.34345619167778063
2026-07-01 11:00:00,26.2,72.0,0.3,2.2,261.0,2.1729143493093033,0.34415582308850795
2026-07-01 12:00:00,26.6,71.0,0.3,2.9,270.0,2.9,0.0
2026-07-01 13:00:00,26.8,70.0,0.3,2.9,270.0,2.9,0.0
2026-07-01 14:00:00,26.7,71.0,0.3,2.9,270.0,2.9,0.0
2026-07-01 15:00:00,26.3,73.0,0.5,2.5,270.0,2.5,0.0
2026-07-01 16:00:00,25.6,76.0,0.5,1.4,270.0,1.4,0.0
2026-07-01 17:00:00,24.7,80.0,0.5,0.5,225.0,0.3535533905932738,0.35355339059327373
2026-07-01 18:00:00,23.7,84.0,0.5,0.8,117.0,-0.7128052193506943,0.36319239979163753
2026-07-01 19:00:00,22.8,88.0,0.5,1.5,104.0,-1.4554435894139948,0.3628828433995016
2026-07-01 20:00:00,22.1,90.0,0.5,2.2,99.0,-2.172914349309303,0.3441558230885082
2026-07-01 21:00:00,21.5,91.0,0.1,2.5,98.0,-2.475670171853926,0.3479327524001633
2026-07-01 22:00:00,20.9,91.0,0.1,2.9,90.0,-2.9,3.5514757175273243e-16
2026-07-01 23:00:00,20.4,90.0,0.1,2.9,90.0,-2.9,3.5514757175273243e-16
2026-07-02 00:00:00,20.0,89.0,0.1,2.9,83.0,-2.878383839759834,-0.3534210958749272
2026-07-02 01:00:00,19.8,88.0,0.1,2.9,83.0,-2.878383839759834,-0.3534210958749272
2026-07-02 02:00:00,19.8,87.0,0.1,2.5,82.0,-2.475670171853926,-0.3479327524001638
2026-07-02 03:00:00,20.2,86.0,0.0,2.2,81.0,-2.1729143493093033,-0.3441558230885076
2026-07-02 04:00:00,20.9,84.0,0.0,1.8,90.0,-1.8,2.2043642384652358e-16
2026-07-02 05:00:00,21.9,82.0,0.0,1.1,90.0,-1.1,1.3471114790620887e-16
2026-07-02 06:00:00,22.8,79.0,0.0,0.4,90.0,-0.4,4.898587196589413e-17
2026-07-02 07:00:00,23.8,78.0,0.0,0.4,180.0,2.4492935982947065e-17,0.4
2026-07-02 08:00:00,24.5,76.0,0.0,0.8,243.0,0.7128052193506944,0.3631923997916374
2026-07-02 09:00:00,25.1,75.0,0.2,1.5,256.0,1.4554435894139948,0.3628828433995016
2026-07-02 10:00:00,25.7,73.0,0.2,2.2,270.0,2.2,0.0
2026-07-02 11:00:00,26.2,72.0,0.2,2.5,270.0,2.5,0.0
2026-07-02 12:00:00,26.6,72.0,0.2,3.2,270.0,3.2,0.0
2026-07-02 13:00:00,26.9,71.0,0.2,3.6,276.0,3.580278823325784,-0.37630246776355253
2026-07-02 14:00:00,26.8,72.0,0.2,3.6,276.0,3.580278823325784,-0.37630246776355253
2026-07-02 15:00:00,26.4,74.0,0.3,3.3,276.0,3.2819222547153015,-0.3449439287832564
2026-07-02 16:00:00,25.7,77.0,0.3,2.5,270.0,2.5,0.0
2026-07-02 17:00:00,24.9,80.0,0.3,1.4,270.0,1.4,0.0
2026-07-02 18:00:00,23.9,84.0,0.3,0.5,225.0,0.3535533905932738,0.35355339059327373
2026-07-02 19:00:00,23.0,87.0,0.3,0.8,117.0,-0.7128052193506943,0.36319239979163753
2026-07-02 20:00:00,22.3,89.0,0.3,1.5,104.0,-1.4554435894139948,0.3628828433995016
2026-07-02 21:00:00,21.7,90.0,0.0,1.8,101.0,-1.7669289302057951,0.34345619167778096
2026-07-02 22:00:00,21.0,90.0,0.0,2.2,90.0,-2.2,2.6942229581241775e-16
2026-07-02 23:00:00,20.4,89.0,0.0,2.2,81.0,-2.1729143493093033,-0.3441558230885076
2026-07-03 00:00:00,20.0,88.0,0.0,2.5,82.0,-2.475670171853926,-0.3479327524001638
2026-07-03 01:00:00,19.7,87.0,0.0,2.3,72.0,-2.187429987478853,-0.7107390870623786
2026-07-03 02:00:00,19.7,86.0,0.0,2.3,72.0,-2.187429987478853,-0.7107390870623786
2026-07-03 03:00:00,20.1,84.0,0.0,1.9,68.0,-1.761649323676896,-0.7117525274902328
2026-07-03 04:00:00,20.8,82.0,0.0,1.6,63.0,-1.4256104387013888,-0.7263847995832747
2026-07-03 05:00:00,21.8,80.0,0.0,0.8,63.0,-0.7128052193506944,-0.36319239979163737
2026-07-03 06:00:00,22.8,78.0,0.0,0.5,45.0,-0.35355339059327384,-0.35355339059327373
2026-07-03 07:00:00,23.7,76.0,0.0,0.4,270.0,0.4,0.0
2026-07-03 08:00:00,24.4,74.0,0.0,1.1,270.0,1.1,0.0
2026-07-03 09:00:00,25.1,73.0,0.2,1.8,270.0,1.8,0.0
2026-07-03 10:00:00,25.7,72.0,0.2,2.9,270.0,2.9,0.0
2026-07-03 11:00:00,26.3,71.0,0.2,4.0,270.0,4.0,0.0
2026-07-03 12:00:00,26.7,71.0,0.2,4.7,270.0,4.7,0.0
2026-07-03 13:00:00,26.9,71.0,0.2,5.4,270.0,5.4,0.0
2026-07-03 14:00:00,26.9,72.0,0.2,5.4,270.0,5.4,0.0
2026-07-03 15:00:00,26.5,74.0,0.6,5.0,270.0,5.0,0.0
2026-07-03 16:00:00,25.8,77.0,0.6,4.0,270.0,4.0,0.0
2026-07-03 17:00:00,24.9,81.0,0.6,2.5,262.0,2.475670171853926,0.3479327524001636
2026-07-03 18:00:00,24.0,85.0,0.6,1.5,256.0,1.4554435894139948,0.3628828433995016
2026-07-03 19:00:00,23.1,88.0,0.6,0.4,180.0,2.4492935982947065e-17,0.4
2026-07-03 20:00:00,22.4,90.0,0.6,0.8,117.0,-0.7128052193506943,0.36319239979163753
2026-07-03 21:00:00,21.8,91.0,0.1,1.5,104.0,-1.4554435894139948,0.3628828433995016
2026-07-03 22:00:00,21.2,91.0,0.1,1.8,90.0,-1.8,2.2043642384652358e-16
2026-07-03 23:00:00,20.7,90.0,0.1,2.2,81.0,-2.1729143493093033,-0.3441558230885076
2026-07-04 00:00:00,20.3,89.0,0.1,2.2,81.0,-2.1729143493093033,-0.3441558230885076
2026-07-04 01:00:00,20.1,88.0,0.1,2.3,72.0,-2.187429987478853,-0.7107390870623786
2026-07-04 02:00:00,20.1,87.0,0.1,2.3,72.0,-2.187429987478853,-0.7107390870623786
2026-07-04 03:00:00,20.5,85.0,0.0,1.9,68.0,-1.761649323676896,-0.7117525274902328
2026-07-04 04:00:00,21.2,83.0,0.0,1.6,63.0,-1.4256104387013888,-0.7263847995832747
2026-07-04 05:00:00,22.1,81.0,0.0,0.8,63.0,-0.7128052193506944,-0.36319239979163737
2026-07-04 06:00:00,23.0,79.0,0.0,0.4,360.0,2.4492935982947065e-17,-0.4
2026-07-04 07:00:00,23.9,77.0,0.0,0.7000000000000001,270.0,0.7000000000000001,0.0
2026-07-04 08:00:00,24.6,75.0,0.0,1.4,270.0,1.4,0.0
2026-07-04 09:00:00,25.2,74.0,0.1,2.2,270.0,2.2,0.0
2026-07-04 10:00:00,25.8,72.0,0.1,3.2,270.0,3.2,0.0
2026-07-04 11:00:00,26.4,71.0,0.1,4.3,265.0,4.283637201794505,0.3747696938149301
2026-07-04 12:00:00,26.9,70.0,0.1,5.1,266.0,5.087576656325103,0.35575801609503904
2026-07-04 13:00:00,27.1,70.0,0.1,5.8,266.0,5.78587149150698,0.40458754771592675
2026-07-04 14:00:00,27.1,71.0,0.1,5.8,266.0,5.78587149150698,0.40458754771592675
2026-07-04 15:00:00,26.7,73.0,0.3,5.1,266.0,5.087576656325103,0.35575801609503904
2026-07-04 16:00:00,26.0,76.0,0.3,4.0,265.0,3.984778792366982,0.34862297099063266
2026-07-04 17:00:00,25.1,81.0,0.3,2.9,263.0,2.8783838397598336,0.35342109587492765
2026-07-04 18:00:00,24.1,85.0,0.3,1.1,252.0,1.0461621679246689,0.33991869381244216
2026-07-04 19:00:00,23.2,88.0,0.3,0.0,270.0,0.0,0.0
2026-07-04 20:00:00,22.5,90.0,0.3,1.1,90.0,-1.1,1.3471114790620887e-16
2026-07-04 21:00:00,21.9,91.0,0.0,1.8,90.0,-1.8,2.2043642384652358e-16
2026-07-04 22:00:00,21.3,91.0,0.0,2.2,81.0,-2.1729143493093033,-0.3441558230885076
2026-07-04 23:00:00,20.8,90.0,0.0,2.6,74.0,-2.499280409439629,-0.7166571251241974
2026-07-05 00:00:00,20.4,89.0,0.0,2.6,74.0,-2.499280409439629,-0.7166571251241974
2026-07-05 01:00:00,20.2,87.0,0.0,2.7,67.0,-2.485363104321589,-1.0549740469210387
2026-07-05 02:00:00,20.3,86.0,0.0,2.7,67.0,-2.485363104321589,-1.0549740469210387
2026-07-05 03:00:00,20.7,84.0,0.0,2.4,63.0,-2.138415658052083,-1.089577199374912
2026-07-05 04:00:00,21.4,82.0,0.0,1.6,63.0,-1.4256104387013888,-0.7263847995832747
2026-07-05 05:00:00,22.3,80.0,0.0,1.0,45.0,-0.7071067811865477,-0.7071067811865475
2026-07-05 06:00:00,23.2,78.0,0.0,0.4,360.0,2.4492935982947065e-17,-0.4
2026-07-05 07:00:00,24.1,76.0,0.0,0.7000000000000001,270.0,0.7000000000000001,0.0
2026-07-05 08:00:00,24.8,74.0,0.0,1.4,270.0,1.4,0.0
2026-07-05 09:00:00,25.4,73.0,0.2,2.2,270.0,2.2,0.0
2026-07-05 10:00:00,26.0,72.0,0.2,2.9,263.0,2.8783838397598336,0.35342109587492765
2026-07-05 11:00:00,26.5,71.0,0.2,4.0,265.0,3.984778792366982,0.34862297099063266
2026-07-05 12:00:00,26.9,70.0,0.2,4.7,266.0,4.688551036221174,0.3278554265973889
2026-07-05 13:00:00,27.1,70.0,0.2,5.1,266.0,5.087576656325103,0.35575801609503904
2026-07-05 14:00:00,27.1,71.0,0.2,5.1,266.0,5.087576656325103,0.35575801609503904
2026-07-05 15:00:00,26.7,73.0,0.3,4.7,266.0,4.688551036221174,0.3278554265973889
2026-07-05 16:00:00,26.0,76.0,0.3,3.6,264.0,3.580278823325784,0.37630246776355253
2026-07-05 17:00:00,25.1,80.0,0.3,2.5,262.0,2.475670171853926,0.3479327524001636
2026-07-05 18:00:00,24.2,84.0,0.3,1.5,256.0,1.4554435894139948,0.3628828433995016
2026-07-05 19:00:00,23.3,87.0,0.3,0.0,270.0,0.0,0.0
2026-07-05 20:00:00,22.6,89.0,0.3,0.7000000000000001,90.0,-0.7000000000000001,8.572527594031473e-17
2026-07-05 21:00:00,22.0,90.0,0.1,1.4,90.0,-1.4,1.7145055188062944e-16
2026-07-05 22:00:00,21.4,90.0,0.1,1.8,79.0,-1.7669289302057951,-0.3434561916777805
2026-07-05 23:00:00,20.9,89.0,0.1,2.6,74.0,-2.499280409439629,-0.7166571251241974
2026-07-06 00:00:00,20.5,88.0,0.1,3.0,76.0,-2.9108871788279895,-0.7257656867990026
2026-07-06 01:00:00,20.2,87.0,0.1,3.1,69.0,-2.8940993221413254,-1.1109406435904314
2026-07-06 02:00:00,20.3,86.0,0.1,3.1,69.0,-2.8940993221413254,-1.1109406435904314
2026-07-06 03:00:00,20.6,84.0,0.0,2.7,67.0,-2.485363104321589,-1.0549740469210387
2026-07-06 04:00:00,21.3,82.0,0.0,1.9,68.0,-1.761649323676896,-0.7117525274902328
2026-07-06 05:00:00,22.2,80.0,0.0,1.3,56.0,-1.0777488443215544,-0.7269507745119708
2026-07-06 06:00:00,23.1,78.0,0.0,0.5,45.0,-0.35355339059327384,-0.35355339059327373
2026-07-06 07:00:00,24.0,76.0,0.0,0.7000000000000001,270.0,0.7000000000000001,0.0
2026-07-06 08:00:00,24.7,74.0,0.0,1.4,270.0,1.4,0.0
2026-07-06 09:00:00,25.3,73.0,0.1,2.2,270.0,2.2,0.0
2026-07-06 10:00:00,25.9,72.0,0.1,3.3,264.0,3.2819222547153015,0.3449439287832564
2026-07-06 11:00:00,26.4,71.0,0.1,4.3,265.0,4.283637201794505,0.3747696938149301
2026-07-06 12:00:00,26.8,70.0,0.1,5.1,266.0,5.087576656325103,0.35575801609503904
2026-07-06 13:00:00,27.1,70.0,0.1,5.4,266.0,5.386845871403051,0.37668495821827663
2026-07-06 14:00:00,27.2,70.0,0.1,5.8,266.0,5.78587149150698,0.40458754771592675
