time,temperature_2m,relativehumidity_2m,precipitation,windspeed_10m,winddirection_10m,u,v
2026-03-21 00:00:00,17.1,89.0,0.0,4.0,291.0,3.734321705988807,-1.433471798181201
2026-03-21 01:00:00,16.3,87.0,0.0,4.4,291.0,4.107753876587688,-1.5768189779993214
2026-03-21 02:00:00,15.8,88.0,0.0,3.6,297.0,3.2076234870781244,-1.6343657990623683
2026-03-21 03:00:00,15.4,88.0,0.0,4.0,300.0,3.464101615137755,-1.9999999999999998
2026-03-21 04:00:00,15.2,87.0,0.0,4.6,306.0,3.721478174124758,-2.703812160545376
2026-03-21 05:00:00,15.3,86.0,0.0,4.8,301.0,4.114403043370139,-2.47218275956826
2026-03-21 06:00:00,15.1,85.0,0.0,5.3,294.0,4.8417909255057845,-2.155704208301741
2026-03-21 07:00:00,16.8,84.0,0.0,5.7,294.0,5.207209108562825,-2.3183988655320613
2026-03-21 08:00:00,21.2,80.0,0.1,4.0,291.0,3.734321705988807,-1.433471798181201
2026-03-21 09:00:00,23.3,68.0,0.0,0.4,270.0,0.4,0.0
2026-03-21 10:00:00,24.3,63.0,0.0,3.6,96.0,-3.580278823325784,0.37630246776355347
2026-03-21 11:00:00,24.8,62.0,0.0,5.6,83.0,-5.5582584491914035,-0.6824683230688249
2026-03-21 12:00:00,24.8,64.0,0.0,8.7,76.0,-8.441572818601168,-2.104720491717107
2026-03-21 13:00:00,24.9,63.0,0.0,10.9,71.0,-10.306152474032553,-3.548692883583009
2026-03-21 14:00:00,24.5,66.0,0.0,9.2,89.0,-9.1985987954388,-0.16056213922300944
2026-03-21 15:00:00,24.0,71.0,0.2,7.6,82.0,-7.526037322435934,-1.057715567296498
2026-03-21 16:00:00,23.2,75.0,0.4,6.2,73.0,-5.9290894869708195,-1.812704569280968
2026-03-21 17:00:00,22.5,79.0,0.2,5.4,37.0,-3.2498011250210608,-4.312631754255381
2026-03-21 18:00:00,21.2,86.0,0.1,3.5,348.0,0.7276909178621581,-3.4235166025683195
2026-03-21 19:00:00,20.4,90.0,0.0,2.8,325.0,1.606014021782929,-2.293625724009177
2026-03-21 20:00:00,20.5,90.0,0.0,1.4,320.0,0.8999026535611551,-1.0724622203665692
2026-03-21 21:00:00,19.9,90.0,0.0,1.0,315.0,0.7071067811865476,-0.7071067811865475
2026-03-21 22:00:00,19.6,90.0,0.0,1.4,310.0,1.0724622203665692,-0.8999026535611548
2026-03-21 23:00:00,19.6,89.0,0.0,1.4,293.0,1.2887067948334165,-0.5470235798849833
2026-03-22 00:00:00,19.4,88.0,0.0,2.3,299.0,2.01162532642061,-1.1150621265665752
2026-03-22 01:00:00,19.1,86.0,0.0,2.3,293.0,2.117161162940613,-0.8986815955253296
2026-03-22 02:00:00,19.0,86.0,0.0,1.9,304.0,1.575171387854579,-1.0624665165944192
2026-03-22 03:00:00,19.1,80.0,0.0,2.8,297.0,2.49481826772743,-1.2711733992707308
2026-03-22 04:00:00,17.9,81.0,0.0,2.5,300.0,2.165063509461097,-1.2499999999999998
2026-03-22 05:00:00,16.8,84.0,0.0,4.2,301.0,3.600102662948872,-2.1631599146222276
2026-03-22 06:00:00,16.1,84.0,0.0,5.2,301.0,4.457269963650984,-2.678197989532282
2026-03-22 07:00:00,17.5,84.0,0.0,4.8,299.0,4.1981745942691,-2.3270861771824176
2026-03-22 08:00:00,21.6,74.0,0.0,1.7000000000000002,311.0,1.2830062863787126,-1.1153003492838625
2026-03-22 09:00:00,23.5,68.0,0.0,2.1,70.0,-1.9733545036504079,-0.7182423009839042
2026-03-22 10:00:00,24.8,66.0,0.0,5.2,115.0,-4.7128004925905795,2.1976149610516376
2026-03-22 11:00:00,25.4,64.0,0.0,8.8,102.0,-8.607698886457491,1.829622879196282
2026-03-22 12:00:00,24.5,70.0,0.2,9.2,90.0,-9.2,1.1266750552155648e-15
2026-03-22 13:00:00,24.1,72.0,0.4,7.9,86.0,-7.880755997052612,-0.5510761425785897
2026-03-22 14:00:00,23.1,76.0,0.5,7.9,89.0,-7.898796791735491,-0.13787401085454074
2026-03-22 15:00:00,23.1,78.0,0.2,5.4,88.0,-5.3967104659031175,-0.18845728219350488
2026-03-22 16:00:00,22.6,79.0,0.1,4.1,77.0,-3.9949172656194643,-0.9222993228098463
2026-03-22 17:00:00,21.8,84.0,0.0,3.1,54.0,-2.5079526825623377,-1.8221342821066664
2026-03-22 18:00:00,20.9,89.0,0.0,3.1,350.0,0.5383093507674843,-3.052904034337845
2026-03-22 19:00:00,20.5,92.0,0.4,3.9,323.0,2.3470785902929885,-3.114678489184442
2026-03-22 20:00:00,20.5,96.0,0.2,2.0,10.0,-0.34729635533386066,-1.969615506024416
2026-03-22 21:00:00,20.8,94.0,0.0,2.6,348.0,0.5405703961261746,-2.5431837619078945
2026-03-22 22:00:00,20.5,94.0,0.0,2.3,309.0,1.7874357113510329,-1.4474368994146258
2026-03-22 23:00:00,20.8,91.0,0.0,0.2,270.0,0.2,0.0
2026-03-23 00:00:00,20.5,92.0,0.0,0.6000000000000001,34.0,-0.335515742082448,-0.4974225435330252
2026-03-23 01:00:00,20.2,93.0,0.0,0.6000000000000001,342.0,0.1854101966249685,-0.5706339097770922
2026-03-23 02:00:00,20.0,95.0,0.0,0.5,360.0,3.061616997868383e-17,-0.5
2026-03-23 03:00:00,19.8,95.0,0.0,0.8,315.0,0.5656854249492381,-0.565685424949238
2026-03-23 04:00:00,19.9,94.0,0.0,1.2,321.0,0.755184469259805,-0.9325751537483651
2026-03-23 05:00:00,19.5,93.0,0.0,1.7000000000000002,319.0,1.1153003492838625,-1.2830062863787126
2026-03-23 06:00:00,19.5,92.0,0.0,2.5,315.0,1.7677669529663689,-1.7677669529663687
2026-03-23 07:00:00,20.5,90.0,0.0,2.4,312.0,1.7835475811457462,-1.6059134552612597
2026-03-23 08:00:00,22.4,84.0,0.0,2.5,352.0,0.34793275240016364,-2.475670171853926
2026-03-23 09:00:00,24.0,80.0,0.1,2.4,107.0,-2.2951314143112853,0.7016920913345678
2026-03-23 10:00:00,25.2,73.0,0.2,5.5,136.0,-3.8206210375244853,3.956368901862581
2026-03-23 11:00:00,25.2,72.0,0.3,7.3,142.0,-4.494328769877305,5.752478501329071
2026-03-23 12:00:00,24.9,75.0,0.6,6.7,142.0,-4.124931884681911,5.279672049165038
2026-03-23 13:00:00,24.4,78.0,0.5,7.0,151.0,-3.393667341724359,6.122337949975771
2026-03-23 14:00:00,23.6,81.0,0.4,7.8,151.0,-3.7815150379214284,6.8220337156872874
2026-03-23 15:00:00,23.9,81.0,0.3,7.5,165.0,-1.9411428382689064,7.244443697168013
2026-03-23 16:00:00,23.1,85.0,0.3,7.3,187.0,0.8896462068575767,7.24558690698165
2026-03-23 17:00:00,22.5,87.0,0.1,4.9,216.0,2.8801477362331185,3.9641832724372428
2026-03-23 18:00:00,21.5,92.0,0.0,2.3,252.0,2.1874299874788528,0.710739087062379
2026-03-23 19:00:00,20.4,96.0,0.0,1.3,304.0,1.0777488443215542,-0.726950774511971
2026-03-23 20:00:00,20.8,97.0,0.0,0.9,11.0,-0.17172809583889015,-0.8834644651028976
2026-03-23 21:00:00,20.8,96.0,0.0,1.3,352.0,0.18092503124808512,-1.2873484893640414
2026-03-23 22:00:00,20.6,95.0,0.0,1.7000000000000002,328.0,0.9008627491964484,-1.4416817634659242
2026-03-23 23:00:00,20.0,95.0,0.0,1.8,307.0,1.437543918085127,-1.083267041673687
2026-03-24 00:00:00,19.8,93.0,0.0,1.6,297.0,1.4256104387013888,-0.7263847995832748
2026-03-24 01:00:00,19.0,95.0,0.0,2.3,299.0,2.01162532642061,-1.1150621265665752
2026-03-24 02:00:00,18.4,95.0,0.0,3.8,295.0,3.4439695907392696,-1.605949394614658
2026-03-24 03:00:00,17.9,95.0,0.0,4.4,297.0,3.9204287064288192,-1.9975581988540059
2026-03-24 04:00:00,17.6,94.0,0.0,4.0,302.0,3.392192384625704,-2.1196770569328196
2026-03-24 05:00:00,17.4,94.0,0.0,3.7,305.0,3.03086256386927,-2.1222328144988705
2026-03-24 06:00:00,17.2,94.0,0.0,3.7,305.0,3.03086256386927,-2.1222328144988705
2026-03-24 07:00:00,18.6,93.0,0.0,3.9,307.0,3.114678489184442,-2.347078590292988
2026-03-24 08:00:00,21.8,93.0,0.0,4.1,135.0,-2.8991378028648445,2.899137802864845
2026-03-24 09:00:00,22.6,91.0,0.7000000000000001,4.7,189.0,0.7352419856890854,4.6421352007971475
2026-03-24 10:00:00,22.9,90.0,0.8,8.2,199.0,2.6696588665486853,7.753252319914396
2026-03-24 11:00:00,23.0,87.0,0.4,10.1,197.0,2.952954217699641,9.658678035226657
2026-03-24 12:00:00,23.8,82.0,0.5,12.5,188.0,1.7396637620008184,12.378350859269629
2026-03-24 13:00:00,24.0,80.0,0.5,13.8,187.0,1.6817969389910354,13.697136892650244
2026-03-24 14:00:00,23.9,77.0,0.1,14.2,179.0,-0.24782417140942536,14.197837271220756
2026-03-24 15:00:00,23.8,75.0,0.0,10.2,194.0,2.46760333511661,9.897016408015164
2026-03-24 16:00:00,23.2,77.0,0.0,7.8,209.0,3.7815150379214293,6.822033715687287
2026-03-24 17:00:00,22.5,80.0,0.0,6.0,229.0,4.528257481336632,3.9363541739430437
2026-03-24 18:00:00,21.1,88.0,0.0,3.4,276.0,3.381374444252129,-0.35539677511002177
2026-03-24 19:00:00,20.5,92.0,0.0,1.5,306.0,1.2135254915624212,-0.8816778784387097
2026-03-24 20:00:00,20.8,91.0,0.0,0.6000000000000001,304.0,0.49742254353302506,-0.33551574208244817
2026-03-24 21:00:00,21.0,91.0,0.0,1.4,360.0,8.572527594031472e-17,-1.4
2026-03-24 22:00:00,21.0,90.0,0.0,5.8,353.0,0.7068421917498554,-5.756767679519667
2026-03-24 23:00:00,20.1,93.0,0.0,10.2,343.0,2.982191388171915,-9.75430851082296
2026-03-25 00:00:00,20.0,93.0,0.0,10.2,342.0,3.151973342624464,-9.700776466210565
2026-03-25 01:00:00,20.5,89.0,0.0,7.8,334.0,3.419294944954804,-7.010593561133502
2026-03-25 02:00:00,20.4,88.0,0.0,7.3,324.0,4.290832341735054,-5.9058240589371165
2026-03-25 03:00:00,20.7,86.0,0.0,7.5,320.0,4.820907072649045,-5.745333323392335
2026-03-25 04:00:00,20.9,85.0,0.0,7.7,324.0,4.525946442652043,-6.229430856687095
2026-03-25 05:00:00,20.9,85.0,0.0,9.0,329.0,4.635342674190487,-7.714505706319011
2026-03-25 06:00:00,20.2,83.0,0.0,9.5,327.0,5.174070832642757,-7.967370395481528
2026-03-25 07:00:00,20.8,81.0,0.0,10.4,326.0,5.815606196095767,-8.621990754572435
2026-03-25 08:00:00,22.5,81.0,0.0,9.6,343.0,2.806768365338273,-9.18052565724514
2026-03-25 09:00:00,23.3,78.0,0.0,8.8,356.0,0.6138569689483021,-8.778563642286453
2026-03-25 10:00:00,23.3,81.0,0.2,7.0,356.0,0.4882953162088766,-6.982948351818769
2026-03-25 11:00:00,23.6,83.0,0.6,5.1,10.0,-0.8856057061013446,-5.022519540362261
2026-03-25 12:00:00,23.8,82.0,1.1,5.0,44.0,-3.4732918522949863,-3.596699001693256
2026-03-25 13:00:00,23.5,85.0,1.2,4.2,54.0,-3.39787137637478,-2.468698059628387
2026-03-25 14:00:00,22.9,85.0,1.4,5.6,65.0,-5.07532360740524,-2.366662265747916
2026-03-25 15:00:00,23.4,85.0,0.8,4.0,32.0,-2.11967705693282,-3.392192384625704
2026-03-25 16:00:00,22.8,88.0,1.0,5.2,25.0,-2.197614961051636,-4.71280049259058
2026-03-25 17:00:00,21.7,96.0,1.2,4.3,358.0,0.15006783582075464,-4.2973805561821115
2026-03-25 18:00:00,21.1,98.0,0.7000000000000001,4.9,343.0,1.4326213531414103,-4.685893304218874
2026-03-25 19:00:00,20.8,97.0,0.9,3.5,348.0,0.7276909178621581,-3.4235166025683195
2026-03-25 20:00:00,21.0,94.0,0.7000000000000001,3.4,43.0,-2.318794424212495,-2.4866025855051794
2026-03-25 21:00:00,20.6,96.0,0.9,4.2,31.0,-2.163159914622229,-3.600102662948871
2026-03-25 22:00:00,20.2,95.0,0.1,3.6,27.0,-1.634365799062369,-3.207623487078124
2026-03-25 23:00:00,19.9,94.0,0.2,3.6,6.0,-0.3763024677635521,-3.5802788233257843
2026-03-26 00:00:00,19.9,92.0,0.0,3.0,335.0,1.2678547852220983,-2.7189233611099497
2026-03-26 01:00:00,20.0,90.0,0.1,1.9,311.0,1.4339482024232668,-1.2465121550819638
2026-03-26 02:00:00,20.0,91.0,0.3,0.9,360.0,5.5109105961630896e-17,-0.9
2026-03-26 03:00:00,19.6,94.0,0.5,1.8,315.0,1.2727922061357857,-1.2727922061357855
2026-03-26 04:00:00,19.3,96.0,0.8,2.4,333.0,1.0895771993749124,-2.138415658052083
2026-03-26 05:00:00,19.2,94.0,0.4,3.0,335.0,1.2678547852220983,-2.7189233611099497
2026-03-26 06:00:00,19.4,90.0,0.3,2.4,347.0,0.5398825304252758,-2.3384881554845647
2026-03-26 07:00:00,19.7,93.0,0.1,2.3,342.0,0.7107390870623791,-2.1874299874788528
2026-03-26 08:00:00,19.9,96.0,0.1,2.4,318.0,1.6059134552612597,-1.7835475811457462
2026-03-26 09:00:00,20.9,85.0,0.1,2.2,355.0,0.19174263404484793,-2.1916283358018402
2026-03-26 10:00:00,21.6,80.0,0.1,3.8,107.0,-3.633958072659535,1.111012477946399
2026-03-26 11:00:00,21.6,79.0,0.2,5.8,106.0,-5.57531783644225,1.5986966637385953
2026-03-26 12:00:00,22.3,75.0,0.2,7.2,109.0,-6.807733744315081,2.3440907120915275
2026-03-26 13:00:00,21.3,82.0,0.7000000000000001,5.8,104.0,-5.627715212400779,1.4031469944780728
2026-03-26 14:00:00,20.5,85.0,0.5,6.1,95.0,-6.076787658359647,0.5316500307607149
2026-03-26 15:00:00,20.5,86.0,0.2,3.1,40.0,-1.9926415900282723,-2.3747377736688318
2026-03-26 16:00:00,20.3,87.0,0.3,3.5,332.0,1.643150469750618,-3.090316575006244
2026-03-26 17:00:00,19.5,93.0,0.6,6.4,313.0,4.6806636903626915,-4.36478950439999
2026-03-26 18:00:00,18.9,99.0,0.9,6.3,309.0,4.896019557178916,-3.9647184636139756
2026-03-26 19:00:00,18.8,98.0,0.7000000000000001,6.0,319.0,3.9363541739430437,-4.528257481336632
2026-03-26 20:00:00,19.0,99.0,0.4,3.0,308.0,2.364032260820166,-1.846984425976975
2026-03-26 21:00:00,18.9,99.0,0.2,4.7,337.0,1.8364363038995866,-4.32637281122647
2026-03-26 22:00:00,18.7,98.0,0.4,6.2,348.0,1.2890524830701087,-6.064515124549595
2026-03-26 23:00:00,18.9,98.0,0.5,4.9,360.0,3.0003846579110154e-16,-4.9
2026-03-27 00:00:00,18.8,98.0,0.1,3.4,354.0,0.35539677511002177,-3.381374444252129
2026-03-27 01:00:00,18.9,98.0,0.1,2.7,352.0,0.3757673725921768,-2.67372378560224
2026-03-27 02:00:00,19.0,97.0,0.0,2.5,352.0,0.34793275240016364,-2.475670171853926
2026-03-27 03:00:00,19.0,98.0,0.5,2.0,333.0,0.9079809994790936,-1.7820130483767356
2026-03-27 04:00:00,18.6,97.0,0.3,2.2,312.0,1.6349186160502676,-1.4720873339894882
2026-03-27 05:00:00,19.0,94.0,0.0,3.6,303.0,3.0192140446035265,-1.9607005260540975
2026-03-27 06:00:00,18.8,92.0,0.0,4.9,298.0,4.326443205008743,-2.300410657650865
2026-03-27 07:00:00,19.2,92.0,0.0,6.4,306.0,5.177708763999664,-3.761825614671828
2026-03-27 08:00:00,20.8,95.0,0.0,5.6,338.0,2.0977969231291067,-5.192229585574009
2026-03-27 09:00:00,22.3,85.0,0.0,2.6,344.0,0.7166571251241979,-2.499280409439629
2026-03-27 10:00:00,23.0,80.0,0.0,3.8,59.0,-3.2572357426680267,-1.9571446846582057
2026-03-27 11:00:00,24.4,72.0,0.0,6.7,70.0,-6.295940559265587,-2.29153496028198
2026-03-27 12:00:00,24.8,70.0,0.2,7.7,87.0,-7.689447417610219,-0.40298686307066545
2026-03-27 13:00:00,24.7,72.0,0.3,7.6,89.0,-7.598842483188573,-0.13263828892335564
2026-03-27 14:00:00,24.4,73.0,0.2,7.6,94.0,-7.581486781974664,0.530149200455354
2026-03-27 15:00:00,24.7,73.0,0.2,7.4,87.0,-7.389858557183847,-0.3872860761977824
2026-03-27 16:00:00,23.8,78.0,0.4,8.3,51.0,-6.450311480092858,-5.223359245713652
2026-03-27 17:00:00,23.0,79.0,0.0,7.8,22.0,-2.921931428644116,-7.232034065620941
2026-03-27 18:00:00,21.6,87.0,0.0,5.1,342.0,1.575986671312232,-4.850388233105282
2026-03-27 19:00:00,21.1,89.0,0.1,4.0,333.0,1.8159619989581872,-3.564026096753471
2026-03-27 20:00:00,20.8,89.0,0.0,4.7,332.0,2.206516345093687,-4.149853686436956
2026-03-27 21:00:00,20.5,88.0,0.2,5.6,329.0,2.8842132194963033,-4.800136883931828
2026-03-27 22:00:00,19.9,91.0,0.3,3.2,304.0,2.6529202321761334,-1.7894172911063901
2026-03-27 23:00:00,19.5,89.0,0.1,3.8,301.0,3.2572357426680267,-1.9571446846582057
2026-03-28 00:00:00,19.2,90.0,0.2,3.1,301.0,2.6572186321765483,-1.5966180322211678
2026-03-28 01:00:00,18.9,90.0,0.3,1.9,292.0,1.761649323676896,-0.7117525274902328
2026-03-28 02:00:00,18.0,91.0,0.0,4.1,299.0,3.585940799271522,-1.9877194430099818
2026-03-28 03:00:00,18.2,91.0,0.0,2.8,285.0,2.7045923136093912,-0.7246933262870581
2026-03-28 04:00:00,18.5,90.0,0.0,2.7,293.0,2.485363104321589,-1.0549740469210394
2026-03-28 05:00:00,18.6,88.0,0.1,2.6,282.0,2.543183761907895,-0.5405703961261743
2026-03-28 06:00:00,18.5,86.0,0.0,1.8,294.0,1.6443818237566816,-0.7321259575364404
2026-03-28 07:00:00,20.0,84.0,0.0,2.6,295.0,2.3564002462952898,-1.0988074805258186
2026-03-28 08:00:00,21.0,89.0,0.3,3.6,270.0,3.6,0.0
2026-03-28 09:00:00,22.1,85.0,0.3,1.8,281.0,1.7669289302057951,-0.34345619167778063
2026-03-28 10:00:00,22.9,80.0,0.1,1.7000000000000002,288.0,1.6167960777017611,-0.5253288904374106
2026-03-28 11:00:00,24.2,72.0,0.1,4.6,77.0,-4.482102298012082,-1.0347748499817788
2026-03-28 12:00:00,25.0,68.0,0.0,8.0,99.0,-7.901506724761101,1.2514757203218478
2026-03-28 13:00:00,24.9,68.0,0.0,8.2,98.0,-8.120198163680877,1.1412194278725356
2026-03-28 14:00:00,24.5,68.0,0.2,8.4,106.0,-8.074598245881878,2.3153537888627937
2026-03-28 15:00:00,24.0,72.0,0.1,7.2,93.0,-7.190132650232932,0.3768188849491954
2026-03-28 16:00:00,23.5,74.0,0.1,6.7,84.0,-6.663296698967431,-0.7003407038932784
2026-03-28 17:00:00,22.9,77.0,0.0,4.5,67.0,-4.142271840535981,-1.758290078201731
2026-03-28 18:00:00,21.4,87.0,0.0,1.2,309.0,0.9325751537483651,-0.7551844692598049
2026-03-28 19:00:00,20.5,91.0,0.0,3.5,291.0,3.267531492740206,-1.2542878234085508
2026-03-28 20:00:00,21.1,93.0,0.0,2.2,270.0,2.2,0.0
2026-03-28 21:00:00,20.8,92.0,0.0,1.8,246.0,1.6443818237566816,0.7321259575364404
2026-03-28 22:00:00,20.5,93.0,0.0,2.0,260.0,1.969615506024416,0.34729635533386066
2026-03-28 23:00:00,20.1,92.0,0.0,0.9,307.0,0.7187719590425635,-0.5416335208368435
2026-03-29 00:00:00,19.5,92.0,0.0,1.4,310.0,1.0724622203665692,-0.8999026535611548
2026-03-29 01:00:00,19.5,92.0,0.0,2.4,306.0,1.9416407864998737,-1.4106846055019355
2026-03-29 02:00:00,19.1,89.0,0.0,2.7,302.0,2.28972985962235,-1.4307820134296534
2026-03-29 03:00:00,19.0,88.0,0.0,3.0,308.0,2.364032260820166,-1.846984425976975
2026-03-29 04:00:00,18.8,88.0,0.0,2.8,305.0,2.293625724009177,-1.6060140217829288
2026-03-29 05:00:00,18.7,89.0,0.0,3.3,306.0,2.6697560814373262,-1.9396913325651612
2026-03-29 06:00:00,18.6,89.0,0.0,3.0,303.0,2.516011703836272,-1.6339171050450814
2026-03-29 07:00:00,20.0,89.0,0.0,3.2,308.0,2.5216344115415104,-1.9701167210421067
2026-03-29 08:00:00,21.1,93.0,0.0,2.2,189.0,0.34415582308850806,2.1729143493093033
2026-03-29 09:00:00,22.3,89.0,0.3,6.6,191.0,1.2593393694851964,6.4787394107545815
2026-03-29 10:00:00,23.4,84.0,0.1,6.7,172.0,-0.9324597764324379,6.6347960605685214
2026-03-29 11:00:00,23.9,81.0,0.2,4.8,146.0,-2.684125936659584,3.9793803482642
2026-03-29 12:00:00,24.5,77.0,0.1,4.0,148.0,-2.119677056932819,3.3921923846257043
2026-03-29 13:00:00,24.9,74.0,0.1,4.4,83.0,-4.367203067221817,-0.5362251109826482
2026-03-29 14:00:00,24.6,74.0,0.0,6.8,65.0,-6.16289295184922,-2.873804179836755
2026-03-29 15:00:00,25.1,73.0,0.1,7.7,54.0,-6.229430856687096,-4.525946442652042
2026-03-29 16:00:00,24.5,78.0,0.1,10.6,60.0,-9.17986928011505,-5.300000000000001
2026-03-29 17:00:00,23.2,85.0,0.2,9.2,40.0,-5.913646009116163,-7.047608876694596
2026-03-29 18:00:00,22.2,90.0,0.0,6.8,11.0,-1.2975011685605033,-6.675064847444115
2026-03-29 19:00:00,21.7,93.0,0.0,6.5,8.0,-0.9046251562404278,-6.436742446820206
2026-03-29 20:00:00,21.9,93.0,0.0,4.9,352.0,0.6819481947043208,-4.852313536833695
2026-03-29 21:00:00,21.8,92.0,0.0,5.1,342.0,1.575986671312232,-4.850388233105282
2026-03-29 22:00:00,21.7,91.0,0.0,4.8,333.0,2.1791543987498248,-4.276831316104166
2026-03-29 23:00:00,21.4,91.0,0.0,4.0,330.0,2.0000000000000004,-3.4641016151377544
2026-03-30 00:00:00,21.0,90.0,0.0,2.6,309.0,2.0205794997881243,-1.6362330167295773
2026-03-30 01:00:00,20.6,89.0,0.0,2.4,324.0,1.4106846055019355,-1.9416407864998737
2026-03-30 02:00:00,20.4,89.0,0.0,2.3,315.0,1.6263455967290592,-1.626345596729059
2026-03-30 03:00:00,20.3,87.0,0.0,2.7,307.0,2.1563158771276907,-1.6249005625105304
2026-03-30 04:00:00,19.8,87.0,0.0,3.0,303.0,2.516011703836272,-1.6339171050450814
2026-03-30 05:00:00,19.5,86.0,0.0,4.5,299.0,3.935788682127281,-2.1816432911085166
2026-03-30 06:00:00,19.4,85.0,0.0,3.6,297.0,3.2076234870781244,-1.6343657990623683
2026-03-30 07:00:00,21.2,84.0,0.0,3.4,295.0,3.0814464759246096,-1.436902089918378
2026-03-30 08:00:00,23.4,79.0,0.0,4.1,268.0,4.097502390778292,0.14308793648025397
2026-03-30 09:00:00,24.8,73.0,0.0,5.2,221.0,3.411506950750638,3.9244898171584146
2026-03-30 10:00:00,25.5,70.0,0.0,8.9,194.0,2.1531048708370424,8.635631963856369
2026-03-30 11:00:00,25.5,71.0,0.0,10.3,178.0,-0.35946481603575986,10.293725518296688
2026-03-30 12:00:00,25.4,72.0,0.0,10.3,176.0,-0.718491679564491,10.27490971767619
2026-03-30 13:00:00,25.3,75.0,0.0,11.5,176.0,-0.8021994480574413,11.471986577987979
2026-03-30 14:00:00,25.5,78.0,0.0,12.1,173.0,-1.474619055202283,12.009808434859996
2026-03-30 15:00:00,26.1,77.0,0.0,12.7,186.0,1.3275114834991988,12.63042807117707
2026-03-30 16:00:00,26.3,80.0,0.0,11.0,180.0,6.735557395310443e-16,11.0
2026-03-30 17:00:00,26.1,82.0,0.0,8.8,182.0,0.30711557098200953,8.794639277768043
2026-03-30 18:00:00,24.8,87.0,0.0,1.1,252.0,1.0461621679246689,0.33991869381244216
2026-03-30 19:00:00,23.8,90.0,0.0,4.1,322.0,2.524212048835199,-3.23084408978756
2026-03-30 20:00:00,23.0,89.0,0.0,9.2,349.0,1.755442757464213,-9.030970087718508
2026-03-30 21:00:00,21.0,90.0,0.0,4.1,322.0,2.524212048835199,-3.23084408978756
2026-03-30 22:00:00,20.6,79.0,0.0,2.6,295.0,2.3564002462952898,-1.0988074805258186
2026-03-30 23:00:00,19.7,68.0,0.0,3.9,292.0,3.616017032810471,-1.460965714322057
2026-03-31 00:00:00,18.9,67.0,0.0,3.9,294.0,3.562827284806143,-1.5862729079956208
2026-03-31 01:00:00,18.5,71.0,0.0,3.7,293.0,3.4058679577740296,-1.445705175410313
2026-03-31 02:00:00,18.5,75.0,0.0,4.4,291.0,4.107753876587688,-1.5768189779993214
2026-03-31 03:00:00,18.0,76.0,0.0,3.6,297.0,3.2076234870781244,-1.6343657990623683
2026-03-31 04:00:00,17.5,74.0,0.0,2.2,305.0,1.802134497435782,-1.2618681599723014
2026-03-31 05:00:00,17.5,75.0,0.0,1.2,297.0,1.0692078290260414,-0.5447885996874561
2026-03-31 06:00:00,18.0,76.0,0.0,3.1,301.0,2.6572186321765483,-1.5966180322211678
2026-03-31 07:00:00,19.9,74.0,0.0,4.7,310.0,3.6004088826591967,-3.0211017655267347
2026-03-31 08:00:00,24.9,71.0,0.0,3.4,317.0,2.318794424212495,-2.4866025855051794
2026-03-31 09:00:00,26.6,62.0,0.0,1.5,194.0,0.3628828433995015,1.4554435894139948
2026-03-31 10:00:00,27.0,59.0,0.0,4.2,170.0,-0.7293223462011073,4.136192562651273
2026-03-31 11:00:00,27.3,58.0,0.0,4.9,172.0,-0.6819481947043203,4.852313536833695
2026-03-31 12:00:00,27.4,60.0,0.0,8.4,169.0,-1.6027955611629765,8.245668340960378
2026-03-31 13:00:00,26.8,64.0,0.0,8.9,171.0,-1.3922667388580543,8.790426231296726
2026-03-31 14:00:00,25.9,70.0,0.0,10.3,158.0,-3.8584479121838946,9.549993702037911
2026-03-31 15:00:00,25.9,75.0,0.0,5.9,108.0,-5.611233446141406,1.8232002668121905
2026-03-31 16:00:00,26.3,74.0,0.0,6.3,63.0,-5.613341102386718,-2.860140148359144
2026-03-31 17:00:00,26.0,75.0,0.0,6.4,58.0,-5.427507815401127,-3.391483291092511
2026-03-31 18:00:00,23.9,85.0,0.0,4.2,70.0,-3.9467090073008158,-1.4364846019678084
2026-03-31 19:00:00,23.0,85.0,0.0,2.7,58.0,-2.2897298596223505,-1.430782013429653
2026-03-31 20:00:00,22.1,90.0,0.0,4.1,331.0,1.987719443009982,-3.585940799271522
2026-03-31 21:00:00,21.7,90.0,0.0,2.3,302.0,1.9505106211597796,-1.2188143077363711
2026-03-31 22:00:00,20.5,89.0,0.0,3.1,283.0,3.0205472008342293,-0.6973482684659815
2026-03-31 23:00:00,19.4,85.0,0.0,4.1,285.0,3.96029588778518,-1.061158084920335
2026-04-01 00:00:00,18.6,80.0,0.0,3.4,295.0,3.0814464759246096,-1.436902089918378
2026-04-01 01:00:00,18.0,80.0,0.0,3.7,299.0,3.2360929164157644,-1.7937955949114472
2026-04-01 02:00:00,16.8,80.0,0.0,3.9,307.0,3.114678489184442,-2.347078590292988
2026-04-01 03:00:00,17.4,80.0,0.0,3.5,305.0,2.8670321550114712,-2.007517527228661
2026-04-01 04:00:00,17.5,78.0,0.0,4.7,302.0,3.9858260519352022,-2.490620541896063
2026-04-01 05:00:00,17.2,71.0,0.0,5.0,300.0,4.330127018922194,-2.4999999999999996
2026-04-01 06:00:00,17.1,71.0,0.0,4.3,298.0,3.796674649293386,-2.0187277199793305
2026-04-01 07:00:00,19.4,73.0,0.0,4.7,298.0,4.149853686436957,-2.2065163450936867
2026-04-01 08:00:00,24.2,69.0,0.0,2.4,306.0,1.9416407864998737,-1.4106846055019355
2026-04-01 09:00:00,25.8,65.0,0.0,2.8,220.0,1.7998053071223101,2.1449244407331385
2026-04-01 10:00:00,27.0,63.0,0.0,7.3,144.0,-4.290832341735053,5.9058240589371165
2026-04-01 11:00:00,27.5,60.0,0.0,8.5,107.0,-8.128590425685802,2.485159490143261
2026-04-01 12:00:00,27.2,62.0,0.0,12.2,82.0,-12.081270438647156,-1.6979118317127992
2026-04-01 13:00:00,26.7,71.0,0.0,15.6,79.0,-15.313384061783557,-2.9766203278740977
2026-04-01 14:00:00,25.9,72.0,0.1,11.2,75.0,-10.818369254437565,-2.8987733051482327
2026-04-01 15:00:00,24.8,78.0,0.2,14.4,54.0,-11.649844718999246,-8.464107633011611
2026-04-01 16:00:00,24.1,80.0,0.5,11.5,46.0,-8.272407703894487,-7.988571260278469
2026-04-01 17:00:00,22.6,85.0,0.3,11.1,44.0,-7.710707912094869,-7.984671783759028
2026-04-01 18:00:00,21.5,88.0,0.2,9.4,32.0,-4.981241083792128,-7.9716521038704045
2026-04-01 19:00:00,21.0,89.0,0.3,7.2,19.0,-2.344090712091528,-6.807733744315081
2026-04-01 20:00:00,20.5,92.0,0.3,8.5,25.0,-3.592255224795943,-7.703616189811525
2026-04-01 21:00:00,19.9,91.0,0.3,8.0,5.0,-0.697245941981266,-7.969557584733964
2026-04-01 22:00:00,19.5,90.0,0.1,7.6,355.0,0.6623836448822018,-7.571079705497266
2026-04-01 23:00:00,19.1,89.0,0.0,6.2,352.0,0.8628732259524059,-6.139662026197737
2026-04-02 00:00:00,18.9,87.0,0.0,6.8,348.0,1.4137994975607642,-6.651403684989877
2026-04-02 01:00:00,18.6,87.0,0.0,8.1,347.0,1.8221035401853058,-7.892397524760405
2026-04-02 02:00:00,18.3,91.0,0.1,7.6,345.0,1.9670247427791576,-7.341036279796919
2026-04-02 03:00:00,18.2,91.0,0.1,7.2,333.0,3.268731598124737,-6.415246974156248
2026-04-02 04:00:00,18.2,92.0,0.0,5.7,328.0,3.020539806129268,-4.8338741480916285
2026-04-02 05:00:00,18.2,89.0,0.0,6.4,331.0,3.1027815695765577,-5.597566125692133
2026-04-02 06:00:00,18.3,89.0,0.0,7.0,328.0,3.7094348496324345,-5.936336673094981
2026-04-02 07:00:00,18.9,87.0,0.0,8.2,328.0,4.34533796671228,-6.953994388482692
2026-04-02 08:00:00,19.4,80.0,0.0,8.9,352.0,1.2386405985445827,-8.813385811799977
2026-04-02 09:00:00,20.6,73.0,0.0,9.2,354.0,0.9616618620624118,-9.149601437388114
2026-04-02 10:00:00,21.7,68.0,0.0,7.5,10.0,-1.3023613325019774,-7.3860581475915605
2026-04-02 11:00:00,23.2,62.0,0.0,8.7,56.0,-7.212626881228863,-4.864978260195496
2026-04-02 12:00:00,23.4,62.0,0.0,8.1,58.0,-6.869189578867051,-4.292346040288959
2026-04-02 13:00:00,22.8,64.0,0.0,7.4,56.0,-6.13487803690731,-4.1380274856835255
2026-04-02 14:00:00,22.5,65.0,0.0,8.2,67.0,-7.54813979831001,-3.203995253612043
2026-04-02 15:00:00,22.4,66.0,0.0,7.7,57.0,-6.457763373179765,-4.193720569615708
2026-04-02 16:00:00,22.0,67.0,0.0,7.2,58.0,-6.1059462923262675,-3.8154187024790747
2026-04-02 17:00:00,21.5,69.0,0.0,6.9,49.0,-5.207496103537128,-4.526807300034499
2026-04-02 18:00:00,20.9,70.0,0.0,5.2,27.0,-2.360750598645644,-4.633233925779512
2026-04-02 19:00:00,20.4,73.0,0.0,4.7,353.0,0.5727859140041932,-4.664966912714213
2026-04-02 20:00:00,20.2,75.0,0.0,4.5,355.0,0.3922008423644616,-4.482876141412855
2026-04-02 21:00:00,20.0,76.0,0.0,3.6,327.0,1.9607005260540975,-3.0192140446035265
2026-04-02 22:00:00,19.2,81.0,0.0,5.0,308.0,3.9400537680336094,-3.0783073766282913
2026-04-02 23:00:00,19.1,83.0,0.0,3.9,294.0,3.562827284806143,-1.5862729079956208
2026-04-03 00:00:00,18.2,86.0,0.0,4.1,304.0,3.3990540474756705,-2.2926909042300623
2026-04-03 01:00:00,17.8,86.0,0.0,5.4,304.0,4.476802891797225,-3.0196416787420333
2026-04-03 02:00:00,18.0,83.0,0.0,5.1,309.0,3.963444403430551,-3.2095339943541705
2026-04-03 03:00:00,18.2,81.0,0.0,3.8,311.0,2.8678964048465336,-2.4930243101639276
2026-04-03 04:00:00,18.2,81.0,0.0,4.2,306.0,3.3978713763747797,-2.4686980596283874
2026-04-03 05:00:00,18.5,80.0,0.0,3.1,310.0,2.3747377736688318,-1.9926415900282717
2026-04-03 06:00:00,18.4,81.0,0.0,3.8,319.0,2.4930243101639276,-2.8678964048465336
2026-04-03 07:00:00,19.5,81.0,0.0,4.6,318.0,3.0780007892507477,-3.4184661971960133
2026-04-03 08:00:00,21.5,78.0,0.0,1.8,354.0,0.18815123388177624,-1.790139411662892
2026-04-03 09:00:00,23.4,73.0,0.0,2.9,187.0,0.3534210958749277,2.8783838397598336
2026-04-03 10:00:00,24.4,69.0,0.0,6.7,180.0,4.1025667771436333e-16,6.7
2026-04-03 11:00:00,25.0,68.0,0.0,10.1,178.0,-0.3524849166952596,10.093847352892867
2026-04-03 12:00:00,25.4,68.0,0.0,11.7,182.0,0.4083241114192626,11.69287267612342
2026-04-03 13:00:00,25.2,69.0,0.1,12.6,183.0,0.659433048661094,12.58273213790763
2026-04-03 14:00:00,25.3,71.0,0.1,13.3,171.0,-2.08057838503507,13.136254929915333
2026-04-03 15:00:00,25.1,74.0,0.0,14.9,178.0,-0.5200025008672643,14.890923322584527
2026-04-03 16:00:00,24.5,77.0,0.0,14.1,190.0,2.4484393051037188,13.885789317472133
2026-04-03 17:00:00,24.1,80.0,0.0,17.0,198.0,5.253288904374107,16.16796077701761
2026-04-03 18:00:00,23.1,85.0,0.0,13.2,202.0,4.944807033090037,12.238826880281593
2026-04-03 19:00:00,22.6,89.0,0.0,13.2,202.0,4.944807033090037,12.238826880281593
2026-04-03 20:00:00,22.9,88.0,0.0,14.4,209.0,6.981258531547255,12.594523782807299
2026-04-03 21:00:00,22.9,88.0,0.0,13.4,208.0,6.290918941330938,11.83149774430962
2026-04-03 22:00:00,22.9,87.0,0.0,13.9,210.0,6.950000000000002,12.037753112603697
2026-04-03 23:00:00,22.6,83.0,0.0,14.1,215.0,8.08742775254975,11.550043824474784
2026-04-04 00:00:00,22.3,83.0,0.0,9.9,228.0,7.357133772226203,6.624393002952697
2026-04-04 01:00:00,22.5,81.0,0.0,9.6,220.0,6.170761052990778,7.354026653942189
2026-04-04 02:00:00,22.8,82.0,0.0,11.4,208.0,5.351975815759156,10.065602558591767
2026-04-04 03:00:00,22.6,78.0,0.0,10.4,231.0,8.082317999152497,6.544932066918309
2026-04-04 04:00:00,22.6,73.0,0.0,10.2,240.0,8.833459118601274,5.099999999999999
2026-04-04 05:00:00,22.7,67.0,0.0,8.3,265.0,8.268415994161488,0.7233926648055629
2026-04-04 06:00:00,23.0,62.0,0.0,9.4,262.0,9.308519846170762,1.3082271490246151
2026-04-04 07:00:00,23.6,63.0,0.0,6.7,278.0,6.6347960605685214,-0.9324597764324385
2026-04-04 08:00:00,25.0,73.0,0.0,8.2,32.0,-4.345337966712281,-6.953994388482692
2026-04-04 09:00:00,25.2,66.0,0.0,12.1,49.0,-9.131985920695543,-7.938314250785135
2026-04-04 10:00:00,26.0,59.0,0.0,9.5,75.0,-9.176295349746148,-2.4587809284739475
2026-04-04 11:00:00,26.5,60.0,0.0,7.7,106.0,-7.401715058725055,2.122407639790894
2026-04-04 12:00:00,27.1,63.0,0.1,11.5,122.0,-9.7525531057989,6.094071538681856
2026-04-04 13:00:00,27.4,64.0,0.2,11.1,126.0,-8.980088637561915,6.524416300446453
2026-04-04 14:00:00,25.0,72.0,0.3,7.4,97.0,-7.344841522145783,0.9018331411980919
2026-04-04 15:00:00,24.8,74.0,0.2,7.6,54.0,-6.148529157249601,-4.4671679174227945
2026-04-04 16:00:00,23.0,81.0,0.1,14.5,60.0,-12.55736835487436,-7.250000000000002
2026-04-04 17:00:00,22.8,85.0,0.7000000000000001,5.6,33.0,-3.049978596084151,-4.696555180494374
2026-04-04 18:00:00,21.0,97.0,0.8,7.3,28.0,-3.4271424083370023,-6.445517427870167
2026-04-04 19:00:00,21.1,97.0,2.5,2.2,35.0,-1.261868159972302,-1.8021344974357816
2026-04-04 20:00:00,20.6,97.0,4.9,3.7,67.0,-3.4058679577740296,-1.4457051754103123
2026-04-04 21:00:00,20.5,96.0,7.2,3.5,99.0,-3.456909192082982,0.5475206276408084
2026-04-04 22:00:00,20.2,96.0,5.3,2.3,4.0,-0.16043988961148883,-2.2943973155975956
2026-04-04 23:00:00,20.0,97.0,2.1,2.0,5.0,-0.1743114854953165,-1.992389396183491
2026-04-05 00:00:00,19.9,95.0,2.7,1.6,360.0,9.797174393178826e-17,-1.6
2026-04-05 01:00:00,19.5,98.0,1.7000000000000002,4.3,338.0,1.6108083516884213,-3.9868905746371857
2026-04-05 02:00:00,19.5,96.0,0.1,1.5,346.0,0.3628828433995015,-1.4554435894139948
2026-04-05 03:00:00,19.4,99.0,0.1,2.1,322.0,1.2928890981838825,-1.6548225825741163
2026-04-05 04:00:00,19.4,99.0,0.4,4.7,332.0,2.206516345093687,-4.149853686436956
2026-04-05 05:00:00,19.2,99.0,0.6,4.5,326.0,2.5163680656183605,-3.730669076497688
2026-04-05 06:00:00,19.2,98.0,0.5,2.4,312.0,1.7835475811457462,-1.6059134552612597
2026-04-05 07:00:00,20.1,97.0,0.3,3.5,309.0,2.720010865099398,-2.2026213686744307
2026-04-05 08:00:00,21.0,94.0,0.0,1.7000000000000002,342.0,0.5253288904374107,-1.6167960777017611
2026-04-05 09:00:00,22.8,87.0,0.1,3.4,74.0,-3.2682897661902843,-0.9371670097777965
2026-04-05 10:00:00,23.9,84.0,0.3,5.5,109.0,-5.200352165796243,1.7906248495143613
2026-04-05 11:00:00,24.0,83.0,0.3,6.1,120.0,-5.282754963085075,3.0499999999999994
2026-04-05 12:00:00,24.4,82.0,0.4,7.1,164.0,-1.957025226300693,6.824958041162064
2026-04-05 13:00:00,24.8,81.0,0.3,7.2,174.0,-0.7526049355271056,7.160557646651568
2026-04-05 14:00:00,24.8,79.0,0.1,9.5,151.0,-4.605691392340201,8.30888721782426
2026-04-05 15:00:00,24.9,78.0,0.1,5.5,122.0,-4.664264528860342,2.914555953282627
2026-04-05 16:00:00,24.5,80.0,0.0,7.2,65.0,-6.5254160666638805,-3.042851484533035
2026-04-05 17:00:00,24.0,82.0,0.0,8.1,29.0,-3.926957923995328,-7.084419627829107
2026-04-05 18:00:00,23.0,86.0,0.0,3.6,360.0,2.2043642384652358e-16,-3.6
2026-04-05 19:00:00,22.0,91.0,0.0,3.6,357.0,0.1884094424745983,-3.595066325116466
2026-04-05 20:00:00,21.9,92.0,0.0,3.4,360.0,2.0818995585505003e-16,-3.4
2026-04-05 21:00:00,22.0,91.0,0.0,2.7,337.0,1.0549740469210391,-2.485363104321589
2026-04-05 22:00:00,21.5,91.0,0.0,0.8,297.0,0.7128052193506944,-0.3631923997916374
2026-04-05 23:00:00,21.1,91.0,0.0,0.9,281.0,0.8834644651028976,-0.17172809583889032
2026-04-06 00:00:00,21.0,90.0,0.0,2.0,297.0,1.7820130483767358,-0.9079809994790935
2026-04-06 01:00:00,20.7,90.0,0.0,2.3,299.0,2.01162532642061,-1.1150621265665752
2026-04-06 02:00:00,21.0,92.0,0.0,1.0,301.0,0.8571673007021123,-0.5150380749100542
2026-04-06 03:00:00,21.3,93.0,0.0,6.2,249.0,5.788198644282651,2.2218812871808615
2026-04-06 04:00:00,21.9,90.0,0.1,7.8,224.0,5.418335289580178,5.610850442641478
2026-04-06 05:00:00,21.9,92.0,0.0,9.5,217.0,5.717242719944459,7.587037345449282
2026-04-06 06:00:00,22.2,90.0,0.2,15.9,203.0,6.212624942979452,14.636027169893802
2026-04-06 07:00:00,23.1,86.0,0.0,16.1,202.0,6.031166153996183,14.927660058525278
2026-04-06 08:00:00,23.9,82.0,0.0,13.1,207.0,5.947275546588063,11.672185466867617
2026-04-06 09:00:00,25.9,74.0,0.1,15.5,195.0,4.011695199089072,14.971850307480558
2026-04-06 10:00:00,26.9,74.0,0.0,18.7,188.0,2.6025369879532243,18.518012885467364
2026-04-06 11:00:00,27.5,73.0,0.0,22.6,184.0,1.5764963066172304,22.54494753587203
2026-04-06 12:00:00,27.1,73.0,0.0,18.4,183.0,0.9629815948701689,18.37478343948416
2026-04-06 13:00:00,27.5,76.0,0.0,18.0,183.0,0.9420472123729914,17.975331625582328
2026-04-06 14:00:00,28.0,67.0,0.0,20.0,187.0,2.4373868681029496,19.85092303282644
2026-04-06 15:00:00,28.6,60.0,0.0,20.2,188.0,2.8112966393933223,20.00341498857972
2026-04-06 16:00:00,28.0,61.0,0.0,18.7,187.0,2.278956721676258,18.56061303569272
2026-04-06 17:00:00,26.8,67.0,0.0,16.0,195.0,4.141104721640332,15.454813220625093
2026-04-06 18:00:00,25.8,71.0,0.0,13.4,194.0,3.241753401035547,13.001962732098352
2026-04-06 19:00:00,25.0,75.0,0.0,12.4,193.0,2.789393073863925,12.082188803336917
2026-04-06 20:00:00,24.2,80.0,0.0,7.6,214.0,4.249866066377676,6.300685551418317
2026-04-06 21:00:00,23.6,80.0,0.0,6.8,241.0,5.947414008547891,3.296705417675092
2026-04-06 22:00:00,23.0,75.0,0.0,5.6,270.0,5.6,0.0
2026-04-06 23:00:00,21.5,71.0,0.0,5.3,282.0,5.18418228388917,-1.1019319613341245
2026-04-07 00:00:00,20.0,67.0,0.0,7.6,282.0,7.4339217655769225,-1.5801288502149708
2026-04-07 01:00:00,19.2,61.0,0.0,4.6,296.0,4.134452612976168,-2.0165072752297557
2026-04-07 02:00:00,19.1,67.0,0.0,10.1,341.0,3.2882383600172833,-9.549737613553098
2026-04-07 03:00:00,19.9,87.0,0.0,5.5,324.0,3.232818887608602,-4.449593469062211
2026-04-07 04:00:00,19.1,80.0,0.0,2.2,294.0,2.0098000068137223,-0.8948206147667606
2026-04-07 05:00:00,18.3,73.0,0.0,3.6,303.0,3.0192140446035265,-1.9607005260540975
2026-04-07 06:00:00,18.8,76.0,0.0,4.8,307.0,3.8334504482270053,-2.8887121111298315
2026-04-07 07:00:00,21.5,74.0,0.0,4.6,312.0,3.4184661971960133,-3.0780007892507477
2026-04-07 08:00:00,25.4,68.0,0.0,2.1,345.0,0.5435199947152936,-2.0284442352070435
2026-04-07 09:00:00,26.7,63.0,0.0,3.1,103.0,-3.020547200834229,0.6973482684659821
2026-04-07 10:00:00,27.6,59.0,0.0,6.0,127.0,-4.791813060283758,3.610890138912289
2026-04-07 11:00:00,27.6,58.0,0.0,5.8,129.0,-4.507446576450431,3.6500582680890568
2026-04-07 12:00:00,27.8,63.0,0.1,11.3,77.0,-11.010381732073158,-2.5419469140856745
2026-04-07 13:00:00,26.6,74.0,0.4,11.6,95.0,-11.555858497864248,1.011006615872835
2026-04-07 14:00:00,25.8,75.0,0.6,9.5,89.0,-9.498553103985717,-0.16579786115419454
2026-04-07 15:00:00,24.9,84.0,1.1,9.5,90.0,-9.5,1.1634144591899855e-15
2026-04-07 16:00:00,23.4,96.0,1.7000000000000002,9.5,69.0,-8.869014051723417,-3.404495520680354
2026-04-07 17:00:00,23.0,97.0,0.9,5.9,27.0,-2.678543948463327,-5.25693849271137
2026-04-07 18:00:00,22.5,94.0,0.2,6.7,355.0,0.5839434764093095,-6.674504477214695
2026-04-07 19:00:00,21.8,94.0,0.1,6.2,343.0,1.812704569280968,-5.9290894869708195
2026-04-07 20:00:00,21.9,99.0,0.0,2.7,352.0,0.3757673725921768,-2.67372378560224
2026-04-07 21:00:00,21.6,98.0,0.3,3.3,347.0,0.7423384793347542,-3.2154212137912763
2026-04-07 22:00:00,21.2,97.0,0.1,3.4,3.0,-0.17794225122601065,-3.395340418165551
2026-04-07 23:00:00,21.3,95.0,0.2,2.7,360.0,1.6532731788489269e-16,-2.7
2026-04-08 00:00:00,21.1,95.0,0.1,2.7,360.0,1.6532731788489269e-16,-2.7
2026-04-08 01:00:00,21.2,93.0,0.1,2.0,315.0,1.4142135623730951,-1.414213562373095
2026-04-08 02:00:00,21.4,91.0,0.0,1.8,323.0,1.0832670416736871,-1.437543918085127
2026-04-08 03:00:00,20.8,93.0,0.0,1.5,277.0,1.488819227461983,-0.1828040151077212
2026-04-08 04:00:00,21.0,92.0,0.0,0.8,297.0,0.7128052193506944,-0.3631923997916374
2026-04-08 05:00:00,21.0,95.0,0.1,1.8,294.0,1.6443818237566816,-0.7321259575364404
2026-04-08 06:00:00,20.8,97.0,0.1,2.3,309.0,1.7874357113510329,-1.4474368994146258
2026-04-08 07:00:00,21.1,98.0,0.2,3.6,297.0,3.2076234870781244,-1.6343657990623683
2026-04-08 08:00:00,22.2,90.0,0.1,2.3,342.0,0.7107390870623791,-2.1874299874788528
2026-04-08 09:00:00,23.0,86.0,0.0,2.8,310.0,2.1449244407331385,-1.7998053071223097
2026-04-08 10:00:00,24.1,77.0,0.0,3.6,333.0,1.6343657990623686,-3.207623487078124
2026-04-08 11:00:00,25.3,71.0,0.0,3.9,62.0,-3.443495612149815,-1.8309390948649744
2026-04-08 12:00:00,25.8,71.0,0.0,8.3,95.0,-8.268415994161488,0.7233926648055631
2026-04-08 13:00:00,25.4,75.0,0.1,8.9,98.0,-8.813385811799977,1.2386405985445814
2026-04-08 14:00:00,24.9,77.0,0.0,9.4,93.0,-9.387117626692994,0.4919579886836718
2026-04-08 15:00:00,24.9,76.0,0.0,7.9,107.0,-7.554807572107981,2.3097364673096195
2026-04-08 16:00:00,24.0,81.0,0.0,6.0,111.0,-5.601482558983211,2.150207697271801
2026-04-08 17:00:00,23.5,84.0,0.1,5.1,100.0,-5.022519540362261,0.8856057061013444
2026-04-08 18:00:00,22.5,90.0,0.0,2.2,76.0,-2.1346505978071924,-0.5322281703192686
2026-04-08 19:00:00,21.8,94.0,0.0,1.0,338.0,0.37460659341591196,-0.9271838545667874
2026-04-08 20:00:00,22.2,93.0,0.0,1.2,309.0,0.9325751537483651,-0.7551844692598049
2026-04-08 21:00:00,22.2,93.0,0.0,1.0,301.0,0.8571673007021123,-0.5150380749100542
2026-04-08 22:00:00,22.1,92.0,0.0,1.9,311.0,1.4339482024232668,-1.2465121550819638
2026-04-08 23:00:00,21.5,94.0,0.0,1.5,300.0,1.299038105676658,-0.7499999999999999
2026-04-09 00:00:00,21.1,95.0,0.0,1.4,293.0,1.2887067948334165,-0.5470235798849833
2026-04-09 01:00:00,21.1,93.0,0.0,2.1,301.0,1.800051331474436,-1.0815799573111138
2026-04-09 02:00:00,21.0,93.0,0.0,2.4,306.0,1.9416407864998737,-1.4106846055019355
2026-04-09 03:00:00,21.0,92.0,0.0,1.8,307.0,1.437543918085127,-1.083267041673687
2026-04-09 04:00:00,20.9,93.0,0.0,1.8,323.0,1.0832670416736871,-1.437543918085127
2026-04-09 05:00:00,21.0,93.0,0.0,3.1,329.0,1.5966180322211678,-2.6572186321765483
2026-04-09 06:00:00,21.0,92.0,0.0,3.5,321.0,2.202621368674431,-2.720010865099398
2026-04-09 07:00:00,22.2,89.0,0.0,1.9,304.0,1.575171387854579,-1.0624665165944192
2026-04-09 08:00:00,23.5,89.0,0.0,2.4,207.0,1.0895771993749124,2.138415658052083
2026-04-09 09:00:00,24.5,85.0,0.0,7.2,186.0,0.752604935527105,7.160557646651568
2026-04-09 10:00:00,24.5,87.0,0.1,9.9,180.0,6.062001655779399e-16,9.9
2026-04-09 11:00:00,24.8,87.0,0.2,11.4,184.0,0.7952238006830277,11.372230172961997
2026-04-09 12:00:00,25.1,85.0,0.2,12.9,186.0,1.3484171761527297,12.829332450250726
2026-04-09 13:00:00,24.9,87.0,0.3,13.3,189.0,2.0805783850350714,13.136254929915333
2026-04-09 14:00:00,25.3,86.0,0.3,15.8,187.0,1.9255356258013305,15.682229195932887
2026-04-09 15:00:00,25.9,84.0,0.3,13.7,190.0,2.3789800340369465,13.49186621626725
2026-04-09 16:00:00,25.5,86.0,0.2,10.1,191.0,1.9271708533031036,9.914434552821406
2026-04-09 17:00:00,25.4,87.0,0.0,7.4,198.0,2.2867257583746112,7.037818220584136
2026-04-09 18:00:00,24.0,95.0,0.0,1.3,188.0,0.18092503124808512,1.2873484893640414
2026-04-09 19:00:00,23.0,96.0,0.0,0.7000000000000001,284.0,0.6792070083931976,-0.16934532691976742
2026-04-09 20:00:00,22.5,97.0,0.0,2.0,260.0,1.969615506024416,0.34729635533386066
2026-04-09 21:00:00,21.8,99.0,0.0,3.0,308.0,2.364032260820166,-1.846984425976975
2026-04-09 22:00:00,21.0,100.0,0.0,6.3,325.0,3.613531549011591,-5.160657879020648
2026-04-09 23:00:00,20.0,100.0,0.0,6.7,326.0,3.746592453254004,-5.55455173611878
2026-04-10 00:00:00,18.8,98.0,0.0,6.0,327.0,3.2678342100901627,-5.032023407672544
2026-04-10 01:00:00,18.2,87.0,0.0,5.4,326.0,3.019641678742033,-4.476802891797226
2026-04-10 02:00:00,17.9,72.0,0.0,7.9,327.0,4.3026483766187145,-6.62549748676885
2026-04-10 03:00:00,17.6,60.0,0.0,7.0,325.0,4.015035054457323,-5.7340643100229425
2026-04-10 04:00:00,16.5,54.0,0.0,5.7,325.0,3.269385687200963,-4.669166652447253
2026-04-10 05:00:00,15.4,52.0,0.0,4.8,315.0,3.394112549695428,-3.3941125496954276
2026-04-10 06:00:00,15.3,50.0,0.0,4.4,308.0,3.4672473158695767,-2.7089104914328965
2026-04-10 07:00:00,18.3,66.0,0.0,4.9,309.0,3.808015211139158,-3.0836699161442036
2026-04-10 08:00:00,26.1,69.0,0.0,5.1,333.0,2.3153515486716887,-4.544133273360675
2026-04-10 09:00:00,28.1,47.0,0.0,7.0,87.0,-6.9904067432820165,-0.36635169370060494
2026-04-10 10:00:00,28.5,52.0,0.0,7.1,114.0,-6.486172749262465,2.887830165838183
2026-04-10 11:00:00,29.1,51.0,0.0,8.3,123.0,-6.96096571394702,4.520503990624727
2026-04-10 12:00:00,29.2,48.0,0.0,9.4,114.0,-8.587327301840448,3.823324444912524
2026-04-10 13:00:00,29.5,46.0,0.0,8.7,95.0,-8.666893873398186,0.7582549619046263
2026-04-10 14:00:00,29.5,55.0,0.0,8.7,124.0,-7.212626881228862,4.864978260195498
2026-04-10 15:00:00,29.6,57.0,0.0,6.4,142.0,-3.9402334420842133,5.043268823083022
2026-04-10 16:00:00,29.1,60.0,0.0,6.7,110.0,-6.295940559265586,2.2915349602819814
2026-04-10 17:00:00,27.5,70.0,0.0,6.7,66.0,-6.120754566205426,-2.7251355086078615
2026-04-10 18:00:00,25.2,84.0,0.0,5.8,76.0,-5.627715212400779,-1.4031469944780715
2026-04-10 19:00:00,23.5,92.0,0.0,0.7000000000000001,270.0,0.7000000000000001,0.0
2026-04-10 20:00:00,23.4,90.0,0.0,1.5,277.0,1.488819227461983,-0.1828040151077212
2026-04-10 21:00:00,24.1,76.0,0.0,2.4,283.0,2.3384881554845647,-0.539882530425276
2026-04-10 22:00:00,23.3,74.0,0.0,2.5,291.0,2.3339510662430043,-0.8959198738632507
2026-04-10 23:00:00,21.7,76.0,0.0,2.3,302.0,1.9505106211597796,-1.2188143077363711
2026-04-11 00:00:00,20.9,75.0,0.0,3.7,313.0,2.706008695990931,-2.5233939322312446
2026-04-11 01:00:00,20.5,73.0,0.0,5.1,312.0,3.7900386099347103,-3.412566092430177
2026-04-11 02:00:00,20.1,73.0,0.0,4.2,324.0,2.4686980596283874,-3.3978713763747797
2026-04-11 03:00:00,20.4,72.0,0.0,5.1,309.0,3.963444403430551,-3.2095339943541705
2026-04-11 04:00:00,20.1,73.0,0.0,4.6,309.0,3.5748714227020657,-2.8948737988292517
2026-04-11 05:00:00,20.5,73.0,0.0,3.6,300.0,3.1176914536239795,-1.7999999999999998
2026-04-11 06:00:00,21.1,73.0,0.0,2.6,295.0,2.3564002462952898,-1.0988074805258186
2026-04-11 07:00:00,23.4,75.0,0.0,3.6,279.0,3.555678026142496,-0.5631640741448312
2026-04-11 08:00:00,25.2,68.0,0.0,5.5,224.0,3.820621037524485,3.956368901862581
2026-04-11 09:00:00,26.8,64.0,0.0,7.3,208.0,3.4271424083370032,6.445517427870166
2026-04-11 10:00:00,27.1,63.0,0.0,8.4,195.0,2.174079978861174,8.113776940828174
2026-04-11 11:00:00,27.6,61.0,0.0,8.0,190.0,1.3891854213354433,7.878462024097664
2026-04-11 12:00:00,27.5,62.0,0.0,8.0,175.0,-0.6972459419812659,7.969557584733964
2026-04-11 13:00:00,27.2,62.0,0.0,6.7,177.0,-0.35065090682772376,6.690817882855645
2026-04-11 14:00:00,26.5,67.0,0.0,7.3,157.0,-2.8523372379716982,6.719685430202814
2026-04-11 15:00:00,26.6,68.0,0.0,6.4,170.0,-1.111348337068354,6.3027696192781315
2026-04-11 16:00:00,25.7,73.0,0.0,4.5,164.0,-1.2403681011764958,4.325677631722435
2026-04-11 17:00:00,24.8,77.0,0.0,2.8,191.0,0.5342651870543257,2.748556113653459
2026-04-11 18:00:00,23.0,87.0,0.0,1.5,216.0,0.8816778784387097,1.2135254915624212
2026-04-11 19:00:00,21.8,91.0,0.0,0.4,270.0,0.4,0.0
2026-04-11 20:00:00,21.5,90.0,0.0,2.4,333.0,1.0895771993749124,-2.138415658052083
2026-04-11 21:00:00,21.9,90.0,0.0,5.0,334.0,2.1918557339453875,-4.493970231495835
2026-04-11 22:00:00,21.7,92.0,0.0,6.2,334.0,2.7179011100922805,-5.572523087054836
2026-04-11 23:00:00,21.8,91.0,0.0,5.8,330.0,2.9000000000000004,-5.0229473419497435
2026-04-12 00:00:00,22.0,91.0,0.0,4.5,326.0,2.5163680656183605,-3.730669076497688
2026-04-12 01:00:00,21.6,91.0,0.0,4.2,317.0,2.8643931122624937,-3.071685546800516
2026-04-12 02:00:00,21.5,91.0,0.0,3.1,310.0,2.3747377736688318,-1.9926415900282717
2026-04-12 03:00:00,21.5,91.0,0.0,4.6,315.0,3.2526911934581184,-3.252691193458118
2026-04-12 04:00:00,21.0,93.0,0.0,4.5,317.0,3.068992620281243,-3.291091657286267
2026-04-12 05:00:00,20.6,93.0,0.0,3.8,315.0,2.6870057685088806,-2.68700576850888
2026-04-12 06:00:00,20.5,91.0,0.0,4.1,311.0,3.094309278913365,-2.6898420188610794
2026-04-12 07:00:00,21.9,87.0,0.0,4.3,315.0,3.0405591591021546,-3.040559159102154
2026-04-12 08:00:00,22.9,85.0,0.0,0.9,323.0,0.5416335208368436,-0.7187719590425635
2026-04-12 09:00:00,24.6,78.0,0.0,1.6,186.0,0.16724554122824553,1.5912350325892373
2026-04-12 10:00:00,25.9,72.0,0.0,2.8,191.0,0.5342651870543257,2.748556113653459
2026-04-12 11:00:00,26.5,68.0,0.0,4.0,183.0,0.20934382497177587,3.9945181390182953
2026-04-12 12:00:00,27.0,66.0,0.0,5.0,167.0,-1.1247552717193252,4.871850323926176
2026-04-12 13:00:00,27.5,62.0,0.0,8.0,128.0,-6.304086028853775,4.925291802605267
2026-04-12 14:00:00,27.9,61.0,0.0,9.1,126.0,-7.362054648812021,5.348845795861506
2026-04-12 15:00:00,27.6,61.0,0.0,7.4,64.0,-6.6510759426138355,-3.243946486239173
2026-04-12 16:00:00,27.4,63.0,0.0,10.6,32.0,-5.617144200871973,-8.989309819258114
2026-04-12 17:00:00,26.8,65.0,0.0,9.9,21.0,-3.547842700498477,-9.242446222322297
2026-04-12 18:00:00,25.1,74.0,0.0,10.2,10.0,-1.7712114122026892,-10.045039080724521
2026-04-12 19:00:00,23.7,85.0,0.0,11.9,6.0,-1.243888712885075,-11.834810554882454
2026-04-12 20:00:00,23.0,89.0,0.0,7.6,359.0,0.13263828892335533,-7.598842483188573
2026-04-12 21:00:00,21.9,88.0,0.0,6.5,328.0,3.4444752175158317,-5.512312625016769
2026-04-12 22:00:00,21.0,84.0,0.0,6.9,319.0,4.5268073000345,-5.207496103537127
2026-04-12 23:00:00,20.2,75.0,0.0,5.7,316.0,3.9595527116162845,-4.100236861930311
2026-04-13 00:00:00,19.6,65.0,0.0,5.1,309.0,3.963444403430551,-3.2095339943541705
2026-04-13 01:00:00,19.1,64.0,0.0,5.0,305.0,4.095760221444959,-2.8678821817552302
2026-04-13 02:00:00,18.6,85.0,0.0,3.6,303.0,3.0192140446035265,-1.9607005260540975
2026-04-13 03:00:00,18.4,80.0,0.0,4.4,305.0,3.604268994871564,-2.523736319944603
2026-04-13 04:00:00,18.1,77.0,0.0,4.9,303.0,4.109485782932578,-2.668731271573633
2026-04-13 05:00:00,17.9,76.0,0.0,6.2,308.0,4.885666672361676,-3.8171011470190814
2026-04-13 06:00:00,18.0,77.0,0.0,6.6,305.0,5.406403492307345,-3.7856044799169037
2026-04-13 07:00:00,21.0,75.0,0.0,5.6,303.0,4.696555180494374,-3.0499785960841517
2026-04-13 08:00:00,24.5,72.0,0.0,3.1,336.0,1.2608835935349807,-2.8319909186920627
2026-04-13 09:00:00,26.3,64.0,0.0,3.2,19.0,-1.0418180942629014,-3.025659441917814
2026-04-13 10:00:00,27.6,60.0,0.0,3.4,148.0,-1.8017254983928963,2.8833635269318485
2026-04-13 11:00:00,27.9,60.0,0.0,6.3,156.0,-2.5624408513775414,5.755336383148386
2026-04-13 12:00:00,27.8,59.0,0.0,6.5,161.0,-2.116193003971518,6.1458707413955596
2026-04-13 13:00:00,27.6,57.0,0.0,5.6,180.0,3.429011037612589e-16,5.6
2026-04-13 14:00:00,27.2,61.0,0.0,6.9,174.0,-0.7212463965468096,6.862201078041086
2026-04-13 15:00:00,26.9,65.0,0.0,6.1,182.0,0.21288692988525657,6.096284044816484
2026-04-13 16:00:00,26.0,67.0,0.0,3.5,192.0,0.7276909178621581,3.4235166025683195
2026-04-13 17:00:00,25.5,68.0,0.0,3.2,19.0,-1.0418180942629014,-3.025659441917814
2026-04-13 18:00:00,24.4,74.0,0.0,6.1,28.0,-2.8637765329939335,-5.385980316439454
2026-04-13 19:00:00,23.1,80.0,0.0,4.9,356.0,0.34180672134621365,-4.8880638462731385
2026-04-13 20:00:00,22.9,80.0,0.0,6.9,337.0,2.696044786575989,-6.351483488821839
2026-04-13 21:00:00,22.7,79.0,0.0,5.2,316.0,3.612223526386786,-3.740566961760986
2026-04-13 22:00:00,21.9,79.0,0.0,3.5,305.0,2.8670321550114712,-2.007517527228661
2026-04-13 23:00:00,20.0,76.0,0.0,3.3,299.0,2.8862450335600056,-1.5998717468129122
2026-04-14 00:00:00,18.8,66.0,0.0,3.7,299.0,3.2360929164157644,-1.7937955949114472
2026-04-14 01:00:00,18.5,59.0,0.0,4.0,300.0,3.464101615137755,-1.9999999999999998
2026-04-14 02:00:00,18.2,67.0,0.0,3.6,303.0,3.0192140446035265,-1.9607005260540975
2026-04-14 03:00:00,18.5,64.0,0.0,2.7,307.0,2.1563158771276907,-1.6249005625105304
2026-04-14 04:00:00,18.0,60.0,0.0,3.2,308.0,2.5216344115415104,-1.9701167210421067
2026-04-14 05:00:00,17.2,57.0,0.0,3.7,313.0,2.706008695990931,-2.5233939322312446
2026-04-14 06:00:00,16.7,56.0,0.0,4.6,312.0,3.4184661971960133,-3.0780007892507477
2026-04-14 07:00:00,19.8,62.0,0.0,4.7,310.0,3.6004088826591967,-3.0211017655267347
2026-04-14 08:00:00,25.0,68.0,0.0,1.3,360.0,7.960204194457797e-17,-1.3
2026-04-14 09:00:00,26.8,65.0,0.0,3.2,133.0,-2.3403318451813457,2.1823947521999956
2026-04-14 10:00:00,27.6,62.0,0.0,5.3,145.0,-3.0399551126605444,4.341505834731656
2026-04-14 11:00:00,28.0,59.0,0.0,6.7,160.0,-2.2915349602819806,6.295940559265587
2026-04-14 12:00:00,28.2,57.0,0.0,7.0,183.0,0.3663516937006078,6.9904067432820165
2026-04-14 13:00:00,28.0,57.0,0.0,6.0,155.0,-2.535709570444196,5.4378467222199
2026-04-14 14:00:00,27.8,59.0,0.0,7.0,122.0,-5.936336673094981,3.7094348496324345
2026-04-14 15:00:00,28.1,57.0,0.0,7.3,99.0,-7.210124886344505,1.1419715947936862
2026-04-14 16:00:00,27.9,58.0,0.0,7.5,73.0,-7.172285669722766,-2.192787785420526
2026-04-14 17:00:00,27.3,62.0,0.0,7.6,52.0,-5.988881727411087,-4.679027212475002
2026-04-14 18:00:00,25.8,73.0,0.0,6.5,28.0,-3.05156515810829,-5.739159353583025
2026-04-14 19:00:00,24.5,80.0,0.0,9.5,359.0,0.16579786115419418,-9.498553103985717
2026-04-14 20:00:00,23.6,82.0,0.0,8.0,350.0,1.3891854213354433,-7.878462024097664
2026-04-14 21:00:00,23.2,81.0,0.0,4.8,338.0,1.7981116483963773,-4.45048250192058
2026-04-14 22:00:00,22.1,79.0,0.0,4.1,311.0,3.094309278913365,-2.6898420188610794
2026-04-14 23:00:00,20.5,74.0,0.0,4.4,300.0,3.8105117766515306,-2.1999999999999997
2026-04-15 00:00:00,19.5,68.0,0.0,4.6,301.0,3.9429695832297162,-2.369175144586249
2026-04-15 01:00:00,19.2,65.0,0.0,4.6,301.0,3.9429695832297162,-2.369175144586249
2026-04-15 02:00:00,19.0,73.0,0.0,4.0,297.0,3.5640260967534716,-1.815961998958187
2026-04-15 03:00:00,19.3,71.0,0.0,4.8,299.0,4.1981745942691,-2.3270861771824176
2026-04-15 04:00:00,19.6,68.0,0.0,4.8,299.0,4.1981745942691,-2.3270861771824176
2026-04-15 05:00:00,20.0,63.0,0.0,3.6,307.0,2.875087836170254,-2.166534083347374
2026-04-15 06:00:00,20.4,63.0,0.0,3.2,308.0,2.5216344115415104,-1.9701167210421067
2026-04-15 07:00:00,23.2,65.0,0.0,3.5,294.0,3.197409101749103,-1.4235782507653008
2026-04-15 08:00:00,25.1,73.0,0.0,3.6,357.0,0.1884094424745983,-3.595066325116466
2026-04-15 09:00:00,27.0,66.0,0.0,4.1,347.0,0.9222993228098461,-3.9949172656194643
2026-04-15 10:00:00,28.5,60.0,0.0,3.6,53.0,-2.875087836170254,-2.1665340833473743
2026-04-15 11:00:00,29.2,57.0,0.0,6.5,118.0,-5.739159353583025,3.0515651581082897
2026-04-15 12:00:00,29.0,60.0,0.0,8.7,140.0,-5.592252204272892,6.664586655135108
2026-04-15 13:00:00,28.0,65.0,0.0,8.7,153.0,-3.949717347734056,7.7517567604388
2026-04-15 14:00:00,27.5,65.0,0.0,8.1,156.0,-3.294566808913982,7.399718206905066
2026-04-15 15:00:00,27.2,65.0,0.0,6.3,165.0,-1.6305599841458813,6.085332705621131
2026-04-15 16:00:00,26.5,65.0,0.0,3.8,172.0,-0.5288577836482483,3.7630186612179672
2026-04-15 17:00:00,25.5,66.0,0.0,2.0,225.0,1.4142135623730951,1.414213562373095
2026-04-15 18:00:00,24.1,75.0,0.0,1.6,297.0,1.4256104387013888,-0.7263847995832748
2026-04-15 19:00:00,23.4,80.0,0.0,3.8,335.0,1.605949394614658,-3.4439695907392696
2026-04-15 20:00:00,23.5,79.0,0.0,4.0,350.0,0.6945927106677217,-3.939231012048832
2026-04-15 21:00:00,23.6,78.0,0.0,4.5,355.0,0.3922008423644616,-4.482876141412855
2026-04-15 22:00:00,23.4,81.0,0.0,5.7,332.0,2.675987907879578,-5.032801279295883
2026-04-15 23:00:00,22.5,84.0,0.0,6.1,317.0,4.1601899963812405,-4.461257579876939
2026-04-16 00:00:00,21.0,86.0,0.0,4.9,306.0,3.9641832724372428,-2.8801477362331185
2026-04-16 01:00:00,20.2,84.0,0.0,5.4,310.0,4.136639992842482,-3.4710530923073124
2026-04-16 02:00:00,19.9,87.0,0.0,5.0,308.0,3.9400537680336094,-3.0783073766282913
2026-04-16 03:00:00,19.6,86.0,0.0,5.4,304.0,4.476802891797225,-3.0196416787420333
2026-04-16 04:00:00,19.6,85.0,0.0,4.9,298.0,4.326443205008743,-2.300410657650865
2026-04-16 05:00:00,19.5,84.0,0.0,6.1,298.0,5.385980316439454,-2.8637765329939335
2026-04-16 06:00:00,19.4,83.0,0.0,5.7,298.0,5.032801279295884,-2.675987907879578
2026-04-16 07:00:00,23.2,75.0,0.0,5.5,306.0,4.449593469062211,-3.232818887608602
2026-04-16 08:00:00,26.9,63.0,0.0,5.2,20.0,-1.7785047452934766,-4.886401628086724
2026-04-16 09:00:00,28.1,58.0,0.0,6.4,40.0,-4.113840701993853,-4.902684435961459
2026-04-16 10:00:00,28.8,57.0,0.0,8.7,83.0,-8.635151519279502,-1.0602632876247815
2026-04-16 11:00:00,29.2,58.0,0.0,8.9,111.0,-8.308865795825096,3.1894747509531722
2026-04-16 12:00:00,28.9,61.0,0.0,11.0,130.0,-8.426488874308756,7.070663706551934
2026-04-16 13:00:00,27.9,69.0,0.0,8.7,140.0,-5.592252204272892,6.664586655135108
2026-04-16 14:00:00,27.1,68.0,0.0,8.7,143.0,-5.235790701422821,6.948128937411446
2026-04-16 15:00:00,26.9,71.0,0.0,4.8,146.0,-2.684125936659584,3.9793803482642
2026-04-16 16:00:00,26.2,75.0,0.0,2.9,158.0,-1.086359120906145,2.6888331782436836
2026-04-16 17:00:00,25.9,75.0,0.0,1.9,331.0,0.9211382784680405,-1.6617774435648518
2026-04-16 18:00:00,25.0,76.0,0.0,4.2,329.0,2.1631599146222276,-3.600102662948872
2026-04-16 19:00:00,24.3,77.0,0.0,5.2,346.0,1.257993857118272,-5.045537776635181
2026-04-16 20:00:00,24.1,78.0,0.0,7.3,343.0,2.1343134444759784,-6.981024718530159
2026-04-16 21:00:00,23.5,80.0,0.0,6.9,327.0,3.758009341603687,-5.786826918823426
2026-04-16 22:00:00,23.0,80.0,0.0,4.5,317.0,3.068992620281243,-3.291091657286267
2026-04-16 23:00:00,22.9,77.0,0.0,4.3,315.0,3.0405591591021546,-3.040559159102154
2026-04-17 00:00:00,22.8,75.0,0.0,5.1,318.0,3.412566092430177,-3.7900386099347103
2026-04-17 01:00:00,22.7,73.0,0.0,4.5,313.0,3.291091657286267,-3.068992620281243
2026-04-17 02:00:00,22.0,75.0,0.0,2.7,318.0,1.8066526371689173,-2.0064910287889646
2026-04-17 03:00:00,22.0,75.0,0.0,2.2,305.0,1.802134497435782,-1.2618681599723014
2026-04-17 04:00:00,21.9,74.0,0.0,2.9,313.0,2.1209257346955943,-1.9777952441812454
2026-04-17 05:00:00,21.9,74.0,0.0,3.5,309.0,2.720010865099398,-2.2026213686744307
2026-04-17 06:00:00,22.0,73.0,0.0,4.3,303.0,3.6062834421653234,-2.3419478505646163
2026-04-17 07:00:00,24.2,73.0,0.0,4.2,310.0,3.2173866610997077,-2.699707960683465
2026-04-17 08:00:00,26.2,69.0,0.0,3.5,28.0,-1.6431504697506176,-3.0903165750062445
2026-04-17 09:00:00,27.7,63.0,0.0,3.1,83.0,-3.0768930700880985,-0.3777949645559567
2026-04-17 10:00:00,28.2,62.0,0.0,6.8,122.0,-5.766727053863696,3.603450996785793
2026-04-17 11:00:00,28.2,64.0,0.0,8.5,115.0,-7.703616189811524,3.5922552247959456
2026-04-17 12:00:00,28.4,66.0,0.0,8.4,110.0,-7.893418014601631,2.8729692039356185
2026-04-17 13:00:00,28.3,67.0,0.0,7.0,111.0,-6.535062985480412,2.5085756468171017
2026-04-17 14:00:00,28.2,67.0,0.0,6.9,129.0,-5.3623071340531,4.342310698243878
2026-04-17 15:00:00,27.9,72.0,0.0,5.8,126.0,-4.692298567374695,3.409154463296345
2026-04-17 16:00:00,26.7,77.0,0.2,3.9,118.0,-3.4434956121498153,1.8309390948649737
2026-04-17 17:00:00,25.9,82.0,0.2,3.6,93.0,-3.595066325116466,0.1884094424745977
2026-04-17 18:00:00,24.5,89.0,0.2,5.0,55.0,-4.095760221444959,-2.8678821817552307
2026-04-17 19:00:00,23.6,93.0,0.0,3.2,19.0,-1.0418180942629014,-3.025659441917814
2026-04-17 20:00:00,23.4,94.0,0.0,3.3,6.0,-0.3449439287832561,-3.281922254715302
2026-04-17 21:00:00,23.2,93.0,0.0,2.4,343.0,0.7016920913345682,-2.295131414311285
2026-04-17 22:00:00,23.0,93.0,0.0,3.1,332.0,1.4553618446362617,-2.737137537862673
2026-04-17 23:00:00,22.6,92.0,0.0,1.5,306.0,1.2135254915624212,-0.8816778784387097
2026-04-18 00:00:00,22.5,90.0,0.0,0.6000000000000001,304.0,0.49742254353302506,-0.33551574208244817
2026-04-18 01:00:00,22.3,89.0,0.0,0.4,297.0,0.3564026096753472,-0.1815961998958187
2026-04-18 02:00:00,21.4,94.0,0.0,1.0,338.0,0.37460659341591196,-0.9271838545667874
2026-04-18 03:00:00,21.3,94.0,0.0,1.9,304.0,1.575171387854579,-1.0624665165944192
2026-04-18 04:00:00,20.9,91.0,0.0,2.6,286.0,2.499280409439629,-0.7166571251241979
2026-04-18 05:00:00,20.8,87.0,0.0,3.0,284.0,2.9108871788279895,-0.7257656867990032
2026-04-18 06:00:00,21.0,83.0,0.0,3.5,285.0,3.380740392011739,-0.9058666578588226
2026-04-18 07:00:00,22.5,84.0,0.0,2.4,287.0,2.295131414311285,-0.7016920913345682
2026-04-18 08:00:00,24.1,79.0,0.0,1.4,270.0,1.4,0.0
2026-04-18 09:00:00,26.1,70.0,0.0,1.3,172.0,-0.18092503124808496,1.2873484893640414
2026-04-18 10:00:00,27.1,63.0,0.0,5.4,166.0,-1.3063782362382061,5.2395969218903815
2026-04-18 11:00:00,27.6,61.0,0.0,5.9,145.0,-3.3841009744711728,4.8329970613050515
2026-04-18 12:00:00,27.0,65.0,0.0,6.1,135.0,-4.313351365237939,4.31335136523794
2026-04-18 13:00:00,27.0,68.0,0.1,7.6,168.0,-1.5801288502149708,7.4339217655769225
2026-04-18 14:00:00,26.9,69.0,0.1,8.9,194.0,2.1531048708370424,8.635631963856369
2026-04-18 15:00:00,26.6,74.0,0.3,8.4,165.0,-2.174079978861175,8.113776940828174
2026-04-18 16:00:00,25.3,81.0,0.5,5.0,125.0,-4.0957602214449595,2.86788218175523
2026-04-18 17:00:00,24.5,86.0,0.1,6.0,69.0,-5.601482558983211,-2.1502076972718025
2026-04-18 18:00:00,23.6,89.0,0.2,7.8,38.0,-4.802159507540133,-6.1464838781324325
2026-04-18 19:00:00,23.4,91.0,0.2,6.8,25.0,-2.873804179836754,-6.16289295184922
2026-04-18 20:00:00,23.5,89.0,0.0,6.5,5.0,-0.5665123278597786,-6.475265537596346
2026-04-18 21:00:00,23.0,89.0,0.0,4.8,347.0,1.0797650608505516,-4.676976310969129
2026-04-18 22:00:00,22.5,88.0,0.6,3.6,330.0,1.8000000000000005,-3.117691453623979
2026-04-18 23:00:00,22.1,88.0,0.1,3.3,331.0,1.5998717468129124,-2.8862450335600056
2026-04-19 00:00:00,21.6,87.0,0.0,2.0,315.0,1.4142135623730951,-1.414213562373095
2026-04-19 01:00:00,21.5,85.0,0.1,2.1,285.0,2.0284442352070435,-0.5435199947152936
2026-04-19 02:00:00,21.8,83.0,0.1,1.9,304.0,1.575171387854579,-1.0624665165944192
2026-04-19 03:00:00,21.7,82.0,0.1,2.3,299.0,2.01162532642061,-1.1150621265665752
2026-04-19 04:00:00,21.1,81.0,0.1,2.1,290.0,1.9733545036504079,-0.7182423009839043
2026-04-19 05:00:00,21.0,79.0,0.0,2.2,294.0,2.0098000068137223,-0.8948206147667606
2026-04-19 06:00:00,21.0,78.0,0.2,3.1,294.0,2.8319909186920627,-1.2608835935349807
2026-04-19 07:00:00,21.0,95.0,1.0,2.0,297.0,1.7820130483767358,-0.9079809994790935
2026-04-19 08:00:00,23.5,80.0,0.7000000000000001,0.2,270.0,0.2,0.0
2026-04-19 09:00:00,25.5,72.0,0.0,2.5,82.0,-2.475670171853926,-0.3479327524001638
2026-04-19 10:00:00,26.4,67.0,0.1,7.6,90.0,-7.6,9.307315673519883e-16
2026-04-19 11:00:00,26.4,67.0,0.1,8.1,87.0,-8.088899231512048,-0.42392124556784283
2026-04-19 12:00:00,25.3,72.0,0.3,10.4,88.0,-10.393664600998596,-0.3629547657060094
2026-04-19 13:00:00,24.7,77.0,0.4,6.8,68.0,-6.304850211054155,-2.547324835228202
2026-04-19 14:00:00,25.2,70.0,0.3,10.1,85.0,-10.06156645072663,-0.8802730017513452
2026-04-19 15:00:00,24.5,76.0,0.5,6.3,51.0,-4.896019557178916,-3.964718463613977
2026-04-19 16:00:00,23.7,82.0,0.9,6.6,45.0,-4.666904755831214,-4.666904755831213
2026-04-19 17:00:00,22.9,86.0,0.7000000000000001,6.0,25.0,-2.5357095704441948,-5.4378467222199
2026-04-19 18:00:00,22.1,92.0,0.5,6.3,13.0,-1.417191642366351,-6.1385314081469815
2026-04-19 19:00:00,21.4,98.0,0.3,4.0,5.0,-0.348622970990633,-3.984778792366982
2026-04-19 20:00:00,21.9,93.0,0.1,4.0,39.0,-2.5172815641993513,-3.1085838458278823
2026-04-19 21:00:00,21.5,97.0,0.5,2.4,351.0,0.3754427160965542,-2.3704520174283306
2026-04-19 22:00:00,21.5,98.0,1.0,1.9,319.0,1.2465121550819638,-1.4339482024232668
2026-04-19 23:00:00,21.2,98.0,0.7000000000000001,2.3,302.0,1.9505106211597796,-1.2188143077363711
2026-04-20 00:00:00,21.1,98.0,0.2,1.9,304.0,1.575171387854579,-1.0624665165944192
2026-04-20 01:00:00,20.8,96.0,0.0,3.3,292.0,3.0597067200703982,-1.2362017582725096
2026-04-20 02:00:00,20.9,91.0,0.0,1.3,304.0,1.0777488443215542,-0.726950774511971
2026-04-20 03:00:00,21.0,89.0,0.0,2.4,287.0,2.295131414311285,-0.7016920913345682
2026-04-20 04:00:00,20.0,93.0,0.0,3.9,292.0,3.616017032810471,-1.460965714322057
2026-04-20 05:00:00,19.0,95.0,0.0,4.4,297.0,3.9204287064288192,-1.9975581988540059
2026-04-20 06:00:00,18.5,93.0,0.0,4.7,298.0,4.149853686436957,-2.2065163450936867
2026-04-20 07:00:00,20.7,94.0,0.0,4.6,301.0,3.9429695832297162,-2.369175144586249
2026-04-20 08:00:00,23.0,84.0,0.0,2.5,352.0,0.34793275240016364,-2.475670171853926
2026-04-20 09:00:00,25.2,71.0,0.0,1.5,14.0,-0.36288284339950166,-1.4554435894139948
2026-04-20 10:00:00,26.5,64.0,0.0,4.6,135.0,-3.252691193458118,3.2526911934581184
2026-04-20 11:00:00,26.8,63.0,0.0,8.7,135.0,-6.151828996322962,6.151828996322964
2026-04-20 12:00:00,26.7,63.0,0.0,8.2,128.0,-6.461688179575119,5.048424097670399
2026-04-20 13:00:00,26.5,63.0,0.0,8.2,131.0,-6.18861855782673,5.379684037722159
2026-04-20 14:00:00,25.9,63.0,0.1,7.2,145.0,-4.129750341727532,5.897894718880741
2026-04-20 15:00:00,26.1,62.0,0.0,4.5,166.0,-1.088648530198505,4.366330768241984
2026-04-20 16:00:00,25.2,66.0,0.0,3.3,139.0,-2.1649947956686737,2.490541614735148
2026-04-20 17:00:00,24.2,72.0,0.0,1.1,351.0,0.17207791154425403,-1.0864571746546516
2026-04-20 18:00:00,23.4,76.0,0.0,2.4,351.0,0.3754427160965542,-2.3704520174283306
2026-04-20 19:00:00,22.5,80.0,0.0,2.7,8.0,-0.37576737259217774,-2.67372378560224
2026-04-20 20:00:00,22.7,83.0,0.0,0.8,27.0,-0.36319239979163753,-0.7128052193506943
2026-04-20 21:00:00,22.5,85.0,0.0,0.4,270.0,0.4,0.0
2026-04-20 22:00:00,22.1,86.0,0.1,3.1,97.0,-3.076893070088098,0.3777949645559574
2026-04-20 23:00:00,21.5,93.0,0.0,2.5,60.0,-2.1650635094610964,-1.2500000000000002
2026-04-21 00:00:00,21.3,92.0,0.0,4.0,357.0,0.20934382497177587,-3.9945181390182953
2026-04-21 01:00:00,21.2,90.0,0.0,4.4,351.0,0.6883116461770161,-4.3458286986186065
2026-04-21 02:00:00,21.1,89.0,0.1,4.0,357.0,0.20934382497177587,-3.9945181390182953
2026-04-21 03:00:00,21.3,91.0,0.0,2.7,53.0,-2.1563158771276907,-1.6249005625105308
2026-04-21 04:00:00,21.0,92.0,0.0,1.9,29.0,-0.92113827846804,-1.6617774435648522
2026-04-21 05:00:00,21.0,93.0,0.0,4.8,27.0,-2.179154398749825,-4.276831316104166
2026-04-21 06:00:00,21.1,91.0,0.0,3.1,31.0,-1.596618032221169,-2.6572186321765474
2026-04-21 07:00:00,22.4,84.0,0.1,4.8,56.0,-3.9793803482642005,-2.684125936659584
2026-04-21 08:00:00,22.6,84.0,0.2,5.8,56.0,-4.808417920819243,-3.2433188401303306
2026-04-21 09:00:00,22.6,91.0,4.0,3.0,38.0,-1.846984425976974,-2.3640322608201663
2026-04-21 10:00:00,23.4,88.0,2.0,3.8,335.0,1.605949394614658,-3.4439695907392696
2026-04-21 11:00:00,24.7,75.0,0.3,4.3,327.0,2.3419478505646163,-3.6062834421653234
2026-04-21 12:00:00,25.7,66.0,0.1,4.0,54.0,-3.2360679774997902,-2.351141009169892
2026-04-21 13:00:00,25.2,67.0,0.0,4.3,85.0,-4.283637201794505,-0.37476969381492914
2026-04-21 14:00:00,25.2,67.0,0.4,4.0,87.0,-3.9945181390182953,-0.20934382497177426
2026-04-21 15:00:00,23.7,76.0,0.8,5.4,195.0,1.397622843553612,5.215999461960969
2026-04-21 16:00:00,23.1,80.0,0.7000000000000001,4.2,265.0,4.184017731985332,0.3660541195401643
2026-04-21 17:00:00,23.4,79.0,0.0,3.7,293.0,3.4058679577740296,-1.445705175410313
2026-04-21 18:00:00,22.6,84.0,0.0,5.4,304.0,4.476802891797225,-3.0196416787420333
2026-04-21 19:00:00,21.9,91.0,0.0,5.9,301.0,5.057287074142463,-3.0387246419693197
2026-04-21 20:00:00,22.0,88.0,0.0,3.5,294.0,3.197409101749103,-1.4235782507653008
2026-04-21 21:00:00,21.9,84.0,0.0,3.7,293.0,3.4058679577740296,-1.445705175410313
2026-04-21 22:00:00,21.2,83.0,0.0,4.2,295.0,3.80649270555393,-1.7749966993109376
2026-04-21 23:00:00,20.4,85.0,0.0,3.8,301.0,3.2572357426680267,-1.9571446846582057
2026-04-22 00:00:00,19.5,86.0,0.0,2.5,300.0,2.165063509461097,-1.2499999999999998
2026-04-22 01:00:00,19.2,84.0,0.0,2.7,302.0,2.28972985962235,-1.4307820134296534
2026-04-22 02:00:00,19.2,83.0,0.0,1.7000000000000002,302.0,1.4416817634659242,-0.9008627491964484
2026-04-22 03:00:00,19.5,81.0,0.0,2.6,295.0,2.3564002462952898,-1.0988074805258186
2026-04-22 04:00:00,19.1,81.0,0.0,3.2,304.0,2.6529202321761334,-1.7894172911063901
2026-04-22 05:00:00,18.9,80.0,0.0,4.1,308.0,3.2308440897875594,-2.524212048835199
2026-04-22 06:00:00,19.5,78.0,0.0,3.1,315.0,2.1920310216782974,-2.192031021678297
2026-04-22 07:00:00,22.2,78.0,0.0,2.9,317.0,1.9777952441812454,-2.1209257346955943
2026-04-22 08:00:00,24.0,75.0,0.0,4.1,225.0,2.899137802864845,2.8991378028648445
2026-04-22 09:00:00,26.0,69.0,0.0,14.0,192.0,2.9107636714486325,13.694066410273278
2026-04-22 10:00:00,26.6,67.0,0.0,14.9,182.0,0.5200025008672661,14.890923322584527
2026-04-22 11:00:00,26.8,69.0,0.0,16.2,179.0,-0.2827289842839923,16.197532661533536
2026-04-22 12:00:00,26.5,71.0,0.2,18.6,197.0,5.438113707842905,17.78726846091246
2026-04-22 13:00:00,26.4,73.0,0.3,19.9,197.0,5.818196923982462,19.030464643664402
2026-04-22 14:00:00,26.4,76.0,0.2,22.6,189.0,3.535418909909219,22.321756497450114
2026-04-22 15:00:00,26.4,78.0,0.3,18.9,193.0,4.251574927099047,18.415594224440945
2026-04-22 16:00:00,26.5,79.0,0.2,16.8,190.0,2.9172893848044312,16.544770250605094
2026-04-22 17:00:00,26.5,77.0,0.0,16.5,193.0,3.7116923966737714,16.077106068956383
2026-04-22 18:00:00,25.9,78.0,0.0,12.9,205.0,5.451775576455023,11.691370452772784
2026-04-22 19:00:00,24.9,83.0,0.0,9.8,230.0,7.507235542565985,6.299318574928085
2026-04-22 20:00:00,22.8,90.0,0.0,6.0,297.0,5.346039145130208,-2.7239429984372805
2026-04-22 21:00:00,20.8,86.0,0.0,7.9,317.0,5.387787044493738,-5.777694242791447
2026-04-22 22:00:00,20.0,88.0,0.0,8.4,325.0,4.818042065348788,-6.880877172027532
2026-04-22 23:00:00,19.4,90.0,0.0,8.6,327.0,4.683895701129233,-7.212566884330647
2026-04-23 00:00:00,19.1,80.0,0.0,6.6,319.0,4.329989591337347,-4.981083229470295
2026-04-23 01:00:00,18.8,71.0,0.0,5.1,309.0,3.963444403430551,-3.2095339943541705
2026-04-23 02:00:00,18.3,70.0,0.0,6.9,321.0,4.342310698243879,-5.3623071340531
2026-04-23 03:00:00,18.5,62.0,0.0,7.3,316.0,5.07100610435068,-5.251180542472153
2026-04-23 04:00:00,18.6,59.0,0.0,5.2,311.0,3.9244898171584146,-3.411506950750638
2026-04-23 05:00:00,18.4,57.0,0.0,4.9,309.0,3.808015211139158,-3.0836699161442036
2026-04-23 06:00:00,18.6,57.0,0.0,4.6,301.0,3.9429695832297162,-2.369175144586249
2026-04-23 07:00:00,22.0,61.0,0.0,2.0,297.0,1.7820130483767358,-0.9079809994790935
2026-04-23 08:00:00,26.5,58.0,0.0,3.1,97.0,-3.076893070088098,0.3777949645559574
2026-04-23 09:00:00,28.5,46.0,0.0,3.6,120.0,-3.1176914536239795,1.7999999999999998
2026-04-23 10:00:00,29.7,41.0,0.0,6.7,126.0,-5.420413862312147,3.938161190359571
2026-04-23 11:00:00,29.8,47.0,0.0,10.3,126.0,-8.332875042061959,6.0541880986124745
2026-04-23 12:00:00,29.8,53.0,0.0,11.6,114.0,-10.59712730865417,4.718145059679284
2026-04-23 13:00:00,29.8,56.0,0.0,11.1,97.0,-11.017262283218674,1.3527497117971377
2026-04-23 14:00:00,30.6,59.0,0.0,10.9,103.0,-10.620633706159063,2.451966492348131
2026-04-23 15:00:00,29.6,68.0,0.0,12.6,70.0,-11.840127021902445,-4.309453805903425
2026-04-23 16:00:00,28.5,70.0,0.0,13.4,70.0,-12.591881118531173,-4.58306992056396
2026-04-23 17:00:00,27.2,75.0,0.0,8.2,71.0,-7.753252319914396,-2.6696588665486853
2026-04-23 18:00:00,25.9,84.0,0.0,2.7,67.0,-2.485363104321589,-1.0549740469210387
2026-04-23 19:00:00,24.5,85.0,0.0,4.7,72.0,-4.469965626587222,-1.4523798735622524
2026-04-23 20:00:00,23.8,93.0,0.0,4.1,90.0,-4.1,5.021051876504147e-16
2026-04-23 21:00:00,23.1,91.0,0.0,3.4,43.0,-2.318794424212495,-2.4866025855051794
2026-04-23 22:00:00,22.8,90.0,0.0,3.4,6.0,-0.35539677511002143,-3.3813744442521294
2026-04-23 23:00:00,22.5,90.0,0.1,2.3,337.0,0.8986815955253294,-2.117161162940613
2026-04-24 00:00:00,21.9,92.0,0.3,1.7000000000000002,328.0,0.9008627491964484,-1.4416817634659242
2026-04-24 01:00:00,22.0,91.0,0.7000000000000001,0.6000000000000001,304.0,0.49742254353302506,-0.33551574208244817
2026-04-24 02:00:00,22.0,95.0,0.6,2.6,16.0,-0.7166571251241971,-2.4992804094396295
2026-04-24 03:00:00,21.6,96.0,0.8,1.2,309.0,0.9325751537483651,-0.7551844692598049
2026-04-24 04:00:00,21.4,95.0,0.1,1.4,310.0,1.0724622203665692,-0.8999026535611548
2026-04-24 05:00:00,21.1,92.0,0.1,2.6,295.0,2.3564002462952898,-1.0988074805258186
2026-04-24 06:00:00,21.1,92.0,0.0,3.8,319.0,2.4930243101639276,-2.8678964048465336
2026-04-24 07:00:00,21.4,94.0,0.0,4.6,315.0,3.2526911934581184,-3.252691193458118
2026-04-24 08:00:00,21.9,93.0,0.0,2.3,288.0,2.1874299874788528,-0.710739087062379
2026-04-24 09:00:00,23.4,84.0,0.1,2.9,30.0,-1.4500000000000013,-2.5114736709748713
2026-04-24 10:00:00,24.1,80.0,0.1,5.1,113.0,-4.694574752607446,1.9927287552952961
2026-04-24 11:00:00,24.1,81.0,0.4,6.7,104.0,-6.500981366049176,1.6208767005177738
2026-04-24 12:00:00,24.4,80.0,0.4,8.2,80.0,-8.075423574700105,-1.4239150568688297
2026-04-24 13:00:00,24.5,78.0,0.2,8.9,65.0,-8.066139304626185,-3.7613025294922235
2026-04-24 14:00:00,23.1,84.0,0.6,11.4,55.0,-9.338333304894507,-6.538771374401926
2026-04-24 15:00:00,22.9,87.0,0.7000000000000001,9.0,23.0,-3.5165801564034647,-8.284543681071963
2026-04-24 16:00:00,22.4,89.0,0.2,7.6,7.0,-0.9262070098791184,-7.543350752474048
2026-04-24 17:00:00,22.0,88.0,0.2,6.8,358.0,0.23731657757700733,-6.795857623729851
2026-04-24 18:00:00,21.5,90.0,0.2,5.9,342.0,1.82320026681219,-5.611233446141406
2026-04-24 19:00:00,21.0,90.0,0.0,5.2,348.0,1.0811407922523493,-5.086367523815789
2026-04-24 20:00:00,20.9,89.0,0.1,3.0,346.0,0.725765686799003,-2.9108871788279895
2026-04-24 21:00:00,21.0,88.0,0.2,4.1,326.0,2.292690904230062,-3.399054047475671
2026-04-24 22:00:00,20.8,89.0,0.1,1.7000000000000002,319.0,1.1153003492838625,-1.2830062863787126
2026-04-24 23:00:00,20.5,87.0,0.0,2.8,345.0,0.7246933262870581,-2.7045923136093912
2026-04-25 00:00:00,20.5,85.0,0.1,2.8,349.0,0.5342651870543257,-2.748556113653459
2026-04-25 01:00:00,20.1,87.0,0.1,2.7,332.0,1.2675732195219054,-2.383958500719103
2026-04-25 02:00:00,19.9,89.0,0.1,2.1,322.0,1.2928890981838825,-1.6548225825741163
2026-04-25 03:00:00,19.4,95.0,0.4,3.6,290.0,3.3828934348292705,-1.2312725159724074
2026-04-25 04:00:00,19.2,98.0,0.2,3.2,289.0,3.025659441917814,-1.0418180942629014
2026-04-25 05:00:00,19.3,98.0,0.2,2.7,298.0,2.383958500719103,-1.2675732195219052
2026-04-25 06:00:00,19.3,98.0,0.6,2.8,297.0,2.49481826772743,-1.2711733992707308
2026-04-25 07:00:00,19.7,99.0,1.0,4.5,284.0,4.366330768241984,-1.0886485301985047
2026-04-25 08:00:00,20.5,94.0,0.5,1.6,333.0,0.726384799583275,-1.4256104387013886
2026-04-25 09:00:00,20.9,93.0,0.2,3.7,313.0,2.706008695990931,-2.5233939322312446
2026-04-25 10:00:00,21.8,86.0,0.1,4.2,329.0,2.1631599146222276,-3.600102662948872
2026-04-25 11:00:00,22.5,80.0,0.2,4.3,327.0,2.3419478505646163,-3.6062834421653234
2026-04-25 12:00:00,23.4,76.0,0.3,3.7,43.0,-2.523393932231245,-2.706008695990931
2026-04-25 13:00:00,24.0,72.0,0.1,4.0,85.0,-3.984778792366982,-0.3486229709906318
2026-04-25 14:00:00,22.8,78.0,0.3,6.6,106.0,-6.344327193192904,1.8192065483921946
2026-04-25 15:00:00,22.4,82.0,0.4,4.5,61.0,-3.9357886821272814,-2.181643291108516
2026-04-25 16:00:00,22.1,85.0,0.4,5.4,84.0,-5.370418234988676,-0.5644537016453289
2026-04-25 17:00:00,21.6,87.0,0.0,4.5,90.0,-4.5,5.51091059616309e-16
2026-04-25 18:00:00,21.0,90.0,0.0,3.3,9.0,-0.5162337346327623,-3.2593715239639542
2026-04-25 19:00:00,20.5,93.0,0.0,4.5,344.0,1.2403681011764962,-4.325677631722435
2026-04-25 20:00:00,19.9,95.0,0.1,0.9,307.0,0.7187719590425635,-0.5416335208368435
2026-04-25 21:00:00,20.0,95.0,0.0,1.7000000000000002,283.0,1.6564291101349,-0.38241679238457055
2026-04-25 22:00:00,20.0,92.0,0.0,2.9,330.0,1.4500000000000002,-2.5114736709748717
2026-04-25 23:00:00,20.2,91.0,0.0,4.5,320.0,2.8925442435894273,-3.447199994035401
2026-04-26 00:00:00,20.4,90.0,0.0,4.1,308.0,3.2308440897875594,-2.524212048835199
2026-04-26 01:00:00,20.1,89.0,0.0,1.7000000000000002,302.0,1.4416817634659242,-0.9008627491964484
2026-04-26 02:00:00,19.9,88.0,0.0,0.30000000000000004,315.0,0.2121320343559643,-0.21213203435596428
2026-04-26 03:00:00,19.9,88.0,0.0,2.1,285.0,2.0284442352070435,-0.5435199947152936
2026-04-26 04:00:00,19.8,89.0,0.0,1.5,306.0,1.2135254915624212,-0.8816778784387097
2026-04-26 05:00:00,19.4,90.0,0.0,2.1,308.0,1.654822582574116,-1.2928890981838825
2026-04-26 06:00:00,19.9,88.0,0.0,2.8,310.0,2.1449244407331385,-1.7998053071223097
2026-04-26 07:00:00,20.7,87.0,0.0,3.0,303.0,2.516011703836272,-1.6339171050450814
2026-04-26 08:00:00,21.4,89.0,0.1,1.7000000000000002,347.0,0.3824167923845704,-1.6564291101349
2026-04-26 09:00:00,23.0,81.0,0.2,6.2,49.0,-4.679199397381187,-4.067565979741143
2026-04-26 10:00:00,23.5,79.0,0.2,6.2,83.0,-6.153786140176197,-0.7555899291119134
2026-04-26 11:00:00,23.9,78.0,0.4,6.8,87.0,-6.790680836331102,-0.35588450245201625
2026-04-26 12:00:00,23.9,77.0,0.8,8.2,71.0,-7.753252319914396,-2.6696588665486853
2026-04-26 13:00:00,24.0,75.0,0.4,8.8,75.0,-8.500147271343803,-2.2776075969021834
2026-04-26 14:00:00,24.3,69.0,0.7000000000000001,8.7,76.0,-8.441572818601168,-2.104720491717107
2026-04-26 15:00:00,24.2,69.0,0.1,8.5,66.0,-7.765136389962107,-3.4572614661443017
2026-04-26 16:00:00,23.4,70.0,0.0,8.9,47.0,-6.509047944410618,-6.069785404556236
2026-04-26 17:00:00,22.4,74.0,0.1,6.5,14.0,-1.5724923213978406,-6.306922220793977
2026-04-26 18:00:00,21.6,79.0,0.1,5.6,345.0,1.4493866525741161,-5.4091846272187825
2026-04-26 19:00:00,20.7,85.0,0.1,6.0,327.0,3.2678342100901627,-5.032023407672544
2026-04-26 20:00:00,20.6,92.0,0.0,5.4,304.0,4.476802891797225,-3.0196416787420333
2026-04-26 21:00:00,20.8,94.0,0.1,4.0,291.0,3.734321705988807,-1.433471798181201
2026-04-26 22:00:00,20.6,93.0,0.0,3.2,289.0,3.025659441917814,-1.0418180942629014
2026-04-26 23:00:00,20.6,92.0,0.0,4.0,297.0,3.5640260967534716,-1.815961998958187
2026-04-27 00:00:00,19.9,94.0,0.0,5.7,307.0,4.55222240726957,-3.4303456319666754
2026-04-27 01:00:00,19.8,94.0,0.0,5.8,300.0,5.022947341949744,-2.8999999999999995
2026-04-27 02:00:00,19.5,90.0,0.0,6.4,288.0,6.086761704288983,-1.9777087639996633
2026-04-27 03:00:00,18.6,93.0,0.0,4.7,298.0,4.149853686436957,-2.2065163450936867
2026-04-27 04:00:00,18.0,92.0,0.0,5.7,305.0,4.669166652447253,-3.2693856872009626
2026-04-27 05:00:00,17.4,92.0,0.0,6.2,306.0,5.0159053651246746,-3.6442685642133337
2026-04-27 06:00:00,17.1,91.0,0.0,6.8,307.0,5.430721468321591,-4.0923421574339285
2026-04-27 07:00:00,20.4,85.0,0.0,6.2,308.0,4.885666672361676,-3.8171011470190814
2026-04-27 08:00:00,22.9,70.0,0.0,3.8,5.0,-0.33119182244110135,-3.785539852748633
2026-04-27 09:00:00,24.4,63.0,0.0,1.9,73.0,-1.8169790363297673,-0.5555062389731998
2026-04-27 10:00:00,25.8,57.0,0.0,5.6,147.0,-3.0499785960841517,4.696555180494374
2026-04-27 11:00:00,26.0,58.0,0.0,9.2,130.0,-7.047608876694596,5.913646009116163
2026-04-27 12:00:00,25.8,63.0,0.0,8.4,127.0,-6.708538284397261,5.0552461944772045
2026-04-27 13:00:00,26.0,61.0,0.0,7.6,126.0,-6.1485291572496,4.467167917422796
2026-04-27 14:00:00,25.2,61.0,0.0,7.3,130.0,-5.592124434768539,4.692349550711738
2026-04-27 15:00:00,25.1,61.0,0.0,5.9,142.0,-3.6324027044213842,4.64926344627966
2026-04-27 16:00:00,24.4,64.0,0.0,5.1,135.0,-3.606244584051392,3.6062445840513924
2026-04-27 17:00:00,23.5,67.0,0.0,2.7,132.0,-2.006491028788964,1.8066526371689176
2026-04-27 18:00:00,22.4,77.0,0.0,0.6000000000000001,288.0,0.5706339097770922,-0.18541019662496847
2026-04-27 19:00:00,21.2,80.0,0.0,2.1,301.0,1.800051331474436,-1.0815799573111138
2026-04-27 20:00:00,21.0,80.0,0.0,4.8,301.0,4.114403043370139,-2.47218275956826
2026-04-27 21:00:00,21.1,79.0,0.0,5.8,306.0,4.692298567374695,-3.409154463296344
2026-04-27 22:00:00,20.6,81.0,0.0,5.4,304.0,4.476802891797225,-3.0196416787420333
2026-04-27 23:00:00,20.0,82.0,0.0,4.9,306.0,3.9641832724372428,-2.8801477362331185
2026-04-28 00:00:00,19.8,80.0,0.0,5.0,305.0,4.095760221444959,-2.8678821817552302
2026-04-28 01:00:00,18.9,81.0,0.0,4.5,304.0,3.730669076497687,-2.516368065618361
2026-04-28 02:00:00,19.0,78.0,0.0,4.1,315.0,2.899137802864845,-2.8991378028648445
2026-04-28 03:00:00,19.1,75.0,0.0,4.1,304.0,3.3990540474756705,-2.2926909042300623
2026-04-28 04:00:00,18.9,72.0,0.0,4.3,303.0,3.6062834421653234,-2.3419478505646163
2026-04-28 05:00:00,18.9,70.0,0.0,4.1,304.0,3.3990540474756705,-2.2926909042300623
2026-04-28 06:00:00,19.4,69.0,0.0,4.3,303.0,3.6062834421653234,-2.3419478505646163
2026-04-28 07:00:00,22.0,72.0,0.0,4.7,313.0,3.437362397610101,-3.205392292293743
2026-04-28 08:00:00,24.5,60.0,0.0,1.5,14.0,-0.36288284339950166,-1.4554435894139948
2026-04-28 09:00:00,26.0,59.0,0.0,3.7,129.0,-2.8754400573907923,2.3284854468843985
2026-04-28 10:00:00,26.7,61.0,0.0,7.7,150.0,-3.8499999999999983,6.668395609140179
2026-04-28 11:00:00,26.9,62.0,0.0,9.4,157.0,-3.6728726077991736,8.652745622452938
2026-04-28 12:00:00,27.5,60.0,0.0,8.7,172.0,-1.2108059783525684,8.61533219805166
2026-04-28 13:00:00,27.1,63.0,0.0,10.9,163.0,-3.1868515814778298,10.423721839997087
2026-04-28 14:00:00,26.0,70.0,0.0,8.8,152.0,-4.13134975251584,7.7699388171585575
2026-04-28 15:00:00,25.2,75.0,0.2,7.2,148.0,-3.8154187024790747,6.1059462923262675
2026-04-28 16:00:00,24.3,82.0,0.3,4.8,127.0,-3.8334504482270058,2.888712111129831
2026-04-28 17:00:00,23.5,87.0,0.2,4.8,117.0,-4.276831316104166,2.1791543987498248
2026-04-28 18:00:00,22.8,92.0,0.6,4.6,108.0,-4.3748599749577055,1.4214781741247584
2026-04-28 19:00:00,22.4,96.0,0.5,1.5,135.0,-1.0606601717798212,1.0606601717798214
2026-04-28 20:00:00,22.7,92.0,0.2,1.9,112.0,-1.7616493236768958,0.7117525274902332
2026-04-28 21:00:00,22.4,94.0,0.0,2.0,63.0,-1.7820130483767358,-0.9079809994790934
2026-04-28 22:00:00,22.2,94.0,0.0,2.7,70.0,-2.537170076121953,-0.9234543869793055
2026-04-28 23:00:00,22.1,94.0,0.0,0.6000000000000001,56.0,-0.4974225435330252,-0.33551574208244805
2026-04-29 00:00:00,21.5,96.0,0.0,1.0,248.0,0.9271838545667874,0.374606593415912
2026-04-29 01:00:00,21.1,95.0,0.0,0.4,297.0,0.3564026096753472,-0.1815961998958187
2026-04-29 02:00:00,20.9,94.0,0.0,4.0,342.0,1.2360679774997898,-3.804226065180614
2026-04-29 03:00:00,20.4,93.0,0.0,2.1,308.0,1.654822582574116,-1.2928890981838825
2026-04-29 04:00:00,19.6,92.0,0.0,2.4,306.0,1.9416407864998737,-1.4106846055019355
2026-04-29 05:00:00,18.9,90.0,0.0,3.4,302.0,2.883363526931848,-1.8017254983928965
2026-04-29 06:00:00,19.3,86.0,0.0,3.1,298.0,2.7371375378626737,-1.4553618446362615
2026-04-29 07:00:00,22.0,85.0,0.0,2.6,295.0,2.3564002462952898,-1.0988074805258186
2026-04-29 08:00:00,24.5,76.0,0.0,4.5,209.0,2.181643291108517,3.935788682127281
2026-04-29 09:00:00,26.8,74.0,0.0,8.8,179.0,-0.15358117664809462,8.798659717376244
2026-04-29 10:00:00,27.0,76.0,0.3,15.3,177.0,-0.8007401305170408,15.27903188174498
2026-04-29 11:00:00,26.0,82.0,0.7000000000000001,13.5,181.0,0.23560748690332858,13.497943884611281
2026-04-29 12:00:00,26.5,83.0,0.1,14.4,193.0,3.239295182551655,14.030928932907388
2026-04-29 13:00:00,25.5,87.0,0.1,17.1,192.0,3.555289912983687,16.726323972548077
2026-04-29 14:00:00,26.5,85.0,0.2,19.2,195.0,4.969325665968398,18.545775864750112
2026-04-29 15:00:00,26.7,83.0,0.2,16.4,203.0,6.407990507224088,15.09627959662002
2026-04-29 16:00:00,27.3,81.0,0.0,19.6,191.0,3.7398563093802806,19.239892795574214
2026-04-29 17:00:00,27.0,82.0,0.0,16.9,192.0,3.5137075748201343,16.530694452401313
2026-04-29 18:00:00,26.4,81.0,0.0,14.1,193.0,3.1718098662484953,13.738617913471817
2026-04-29 19:00:00,25.7,82.0,0.0,11.4,206.0,4.997431073395483,10.246252127810505
2026-04-29 20:00:00,25.9,72.0,0.0,10.0,221.0,6.560590289905073,7.54709580222772
2026-04-29 21:00:00,24.6,70.0,0.0,4.3,270.0,4.3,0.0
2026-04-29 22:00:00,23.9,68.0,0.0,4.8,285.0,4.636443966187528,-1.2423314164920995
2026-04-29 23:00:00,21.4,76.0,0.0,5.5,308.0,4.334059144836971,-3.3861381142911204
2026-04-30 00:00:00,21.9,84.0,0.0,6.0,331.0,2.9088577214780225,-5.247718242836374
2026-04-30 01:00:00,21.4,86.0,0.0,3.4,302.0,2.883363526931848,-1.8017254983928965
2026-04-30 02:00:00,21.8,93.0,0.0,1.7000000000000002,283.0,1.6564291101349,-0.38241679238457055
2026-04-30 03:00:00,21.3,83.0,0.0,1.6,297.0,1.4256104387013888,-0.7263847995832748
2026-04-30 04:00:00,21.2,87.0,0.0,0.9,281.0,0.8834644651028976,-0.17172809583889032
2026-04-30 05:00:00,21.5,77.0,0.0,3.5,291.0,3.267531492740206,-1.2542878234085508
2026-04-30 06:00:00,21.9,78.0,0.0,3.9,313.0,2.8522794363147645,-2.659793604243744
2026-04-30 07:00:00,22.7,81.0,0.0,2.1,290.0,1.9733545036504079,-0.7182423009839043
2026-04-30 08:00:00,23.6,82.0,0.0,2.2,222.0,1.4720873339894882,1.6349186160502676
2026-04-30 09:00:00,24.1,80.0,0.0,5.1,72.0,-4.850388233105283,-1.575986671312231
2026-04-30 10:00:00,24.0,81.0,0.0,6.7,74.0,-6.440453362786736,-1.8467702839738933
2026-04-30 11:00:00,25.4,76.0,0.4,9.0,88.0,-8.994517443171862,-0.3140954703225081
2026-04-30 12:00:00,24.5,80.0,0.8,8.0,62.0,-7.063580742871415,-3.755772502287127
2026-04-30 13:00:00,23.8,86.0,1.0,10.1,59.0,-8.657389737091334,-5.201884556591547
2026-04-30 14:00:00,22.9,92.0,1.4,12.7,72.0,-12.07841775694845,-3.9245158285618302
2026-04-30 15:00:00,22.5,96.0,2.0,9.7,40.0,-6.235039813959433,-7.430631098254085
2026-04-30 16:00:00,21.8,98.0,1.6,8.3,14.0,-2.0079517334772428,-8.053454528090771
2026-04-30 17:00:00,21.4,98.0,0.7000000000000001,8.7,14.0,-2.1047204917171096,-8.441572818601168
2026-04-30 18:00:00,20.9,95.0,0.2,7.6,360.0,4.653657836759942e-16,-7.6
2026-04-30 19:00:00,20.5,93.0,0.1,6.2,339.0,2.2218812871808624,-5.788198644282651
2026-04-30 20:00:00,20.3,97.0,0.1,4.2,342.0,1.2978713763747793,-3.994437368439645
2026-04-30 21:00:00,20.0,97.0,0.4,5.1,342.0,1.575986671312232,-4.850388233105282
2026-04-30 22:00:00,19.9,96.0,0.2,4.6,347.0,1.0347748499817786,-4.482102298012082
2026-04-30 23:00:00,20.1,93.0,0.1,5.1,342.0,1.575986671312232,-4.850388233105282
2026-05-01 00:00:00,19.7,97.0,0.2,3.3,324.0,1.9396913325651612,-2.6697560814373262
2026-05-01 01:00:00,19.9,95.0,0.2,2.7,323.0,1.6249005625105308,-2.1563158771276907
2026-05-01 02:00:00,20.1,93.0,0.0,2.5,315.0,1.7677669529663689,-1.7677669529663687
2026-05-01 03:00:00,20.2,90.0,0.0,1.8,323.0,1.0832670416736871,-1.437543918085127
2026-05-01 04:00:00,20.2,89.0,0.0,2.1,329.0,1.0815799573111138,-1.800051331474436
2026-05-01 05:00:00,20.1,88.0,0.0,1.5,339.0,0.5375519243179505,-1.4003706397458027
2026-05-01 06:00:00,20.4,87.0,0.0,2.2,360.0,1.3471114790620887e-16,-2.2
2026-05-01 07:00:00,21.2,86.0,0.0,4.2,350.0,0.7293223462011078,-4.136192562651273
2026-05-01 08:00:00,21.4,88.0,0.0,4.2,12.0,-0.8732291014345911,-4.108219923081983
2026-05-01 09:00:00,22.8,78.0,0.0,4.9,8.0,-0.6819481947043226,-4.8523135368336945
2026-05-01 10:00:00,24.3,70.0,0.0,6.9,39.0,-4.342310698243882,-5.362307134053097
2026-05-01 11:00:00,25.5,64.0,0.0,10.9,63.0,-9.71197111365321,-4.948496447161059
2026-05-01 12:00:00,25.5,65.0,0.0,11.4,67.0,-10.493755329357821,-4.454334864777719
2026-05-01 13:00:00,25.5,66.0,0.0,12.6,79.0,-12.368502511440566,-2.404193341744463
2026-05-01 14:00:00,24.2,70.0,0.1,13.0,72.0,-12.363734711836997,-4.017220926874315
2026-05-01 15:00:00,23.6,73.0,0.0,10.9,59.0,-9.343123577653024,-5.613915016519591
2026-05-01 16:00:00,23.2,74.0,0.0,10.2,46.0,-7.33726596345424,-7.085515378681773
2026-05-01 17:00:00,22.8,75.0,0.0,8.9,32.0,-4.716281451675525,-7.547628055792192
2026-05-01 18:00:00,22.0,78.0,0.0,7.2,4.0,-0.5022466109577042,-7.182461161870735
2026-05-01 19:00:00,21.4,81.0,0.0,5.2,331.0,2.521010025280953,-4.548022477124858
2026-05-01 20:00:00,21.2,86.0,0.0,2.8,345.0,0.7246933262870581,-2.7045923136093912
2026-05-01 21:00:00,21.0,86.0,0.0,3.3,6.0,-0.3449439287832561,-3.281922254715302
2026-05-01 22:00:00,20.5,87.0,0.0,2.3,331.0,1.1150621265665752,-2.01162532642061
2026-05-01 23:00:00,20.2,89.0,0.0,3.8,301.0,3.2572357426680267,-1.9571446846582057
2026-05-02 00:00:00,20.0,89.0,0.0,4.9,306.0,3.9641832724372428,-2.8801477362331185
2026-05-02 01:00:00,19.5,89.0,0.0,4.8,301.0,4.114403043370139,-2.47218275956826
2026-05-02 02:00:00,19.7,87.0,0.0,3.5,298.0,3.0903165750062445,-1.6431504697506178
2026-05-02 03:00:00,19.9,86.0,0.0,4.0,300.0,3.464101615137755,-1.9999999999999998
2026-05-02 04:00:00,19.6,87.0,0.0,4.2,301.0,3.600102662948872,-2.1631599146222276
2026-05-02 05:00:00,19.4,87.0,0.0,5.3,308.0,4.176456994115626,-3.263005819225989
2026-05-02 06:00:00,19.9,86.0,0.0,6.2,308.0,4.885666672361676,-3.8171011470190814
2026-05-02 07:00:00,21.5,82.0,0.0,5.7,316.0,3.9595527116162845,-4.100236861930311
2026-05-02 08:00:00,22.8,80.0,0.0,3.3,324.0,1.9396913325651612,-2.6697560814373262
2026-05-02 09:00:00,24.9,73.0,0.0,3.3,151.0,-1.599871746812912,2.886245033560006
2026-05-02 10:00:00,25.8,71.0,0.0,7.4,157.0,-2.891410350820626,6.811735915548058
2026-05-02 11:00:00,26.2,70.0,0.0,8.5,167.0,-1.9120839619228527,8.2821455506745
2026-05-02 12:00:00,26.6,70.0,0.0,9.0,160.0,-3.0781812899310186,8.457233587073176
2026-05-02 13:00:00,26.3,72.0,0.1,9.3,164.0,-2.5634274090980913,8.939733772226367
2026-05-02 14:00:00,25.9,74.0,0.0,10.4,162.0,-3.2137767414994522,9.890987769469598
2026-05-02 15:00:00,26.0,74.0,0.0,8.3,178.0,-0.28966582263075796,8.294943864258496
2026-05-02 16:00:00,25.3,78.0,0.1,7.1,186.0,0.7421520892003395,7.06110545711474
2026-05-02 17:00:00,24.6,81.0,0.0,4.8,202.0,1.7981116483963773,4.45048250192058
2026-05-02 18:00:00,23.6,86.0,0.0,3.2,254.0,3.0760374270026207,0.8820395386143973
2026-05-02 19:00:00,22.7,92.0,0.0,2.0,297.0,1.7820130483767358,-0.9079809994790935
2026-05-02 20:00:00,22.9,94.0,0.0,3.7,337.0,1.4457051754103127,-3.4058679577740296
2026-05-02 21:00:00,22.8,93.0,0.0,2.2,318.0,1.4720873339894882,-1.6349186160502676
2026-05-02 22:00:00,22.8,92.0,0.0,2.2,312.0,1.6349186160502676,-1.4720873339894882
2026-05-02 23:00:00,22.8,89.0,0.0,2.5,266.0,2.4939101256495606,0.17439118436031326
2026-05-03 00:00:00,22.8,89.0,0.0,3.2,267.0,3.1956145112146364,0.1674750599774203
2026-05-03 01:00:00,22.8,85.0,0.0,3.0,287.0,2.868914267889106,-0.8771151141682103
2026-05-03 02:00:00,21.8,91.0,0.0,2.9,292.0,2.6888331782436836,-1.0863591209061447
2026-05-03 03:00:00,22.1,86.0,0.0,3.5,279.0,3.456909192082982,-0.547520627640808
2026-05-03 04:00:00,22.0,84.0,0.0,3.1,283.0,3.0205472008342293,-0.6973482684659815
2026-05-03 05:00:00,22.0,83.0,0.0,3.2,289.0,3.025659441917814,-1.0418180942629014
2026-05-03 06:00:00,22.5,82.0,0.0,3.2,286.0,3.0760374270026207,-0.8820395386143973
2026-05-03 07:00:00,24.5,83.0,0.0,7.7,216.0,4.525946442652043,6.229430856687095
2026-05-03 08:00:00,26.3,84.0,0.1,15.1,188.0,2.1015138244969886,14.953047837997712
2026-05-03 09:00:00,27.5,78.0,0.2,17.6,186.0,1.839700953510701,17.50358535848161
2026-05-03 10:00:00,27.5,82.0,0.3,20.4,182.0,0.711949732731022,20.38757287118955
2026-05-03 11:00:00,28.1,79.0,0.3,19.6,181.0,0.34206716617075855,19.59701482506527
2026-05-03 12:00:00,28.5,77.0,0.1,17.8,182.0,0.6212110413045192,17.789156720939904
2026-05-03 13:00:00,28.5,77.0,0.0,16.0,181.0,0.2792385029965376,15.99756312250226
2026-05-03 14:00:00,28.9,76.0,0.0,12.9,165.0,-3.338765681822519,12.460443159128982
2026-05-03 15:00:00,29.4,75.0,0.0,6.9,157.0,-2.6960447865759893,6.351483488821838
2026-05-03 16:00:00,29.1,75.0,0.0,7.0,40.0,-4.499513267805776,-5.362311101832845
2026-05-03 17:00:00,28.1,77.0,0.1,15.8,19.0,-5.1439768404230755,-14.939193494469206
2026-05-03 18:00:00,27.4,77.0,0.0,13.6,24.0,-5.531618345830881,-12.424218223939373
2026-05-03 19:00:00,26.3,84.0,0.0,8.3,2.0,-0.28966582263075635,-8.294943864258496
2026-05-03 20:00:00,26.1,78.0,0.0,5.5,343.0,1.6080443759750522,-5.259676157796695
2026-05-03 21:00:00,24.7,79.0,0.0,4.5,313.0,3.291091657286267,-3.068992620281243
2026-05-03 22:00:00,23.4,81.0,0.0,4.7,310.0,3.6004088826591967,-3.0211017655267347
2026-05-03 23:00:00,22.3,83.0,0.0,5.5,314.0,3.9563689018625814,-3.820621037524485
2026-05-04 00:00:00,22.1,81.0,0.0,5.6,320.0,3.5996106142446203,-4.289848881466277
2026-05-04 01:00:00,22.2,79.0,0.0,6.8,335.0,2.873804179836756,-6.162892951849219
2026-05-04 02:00:00,22.3,82.0,0.0,7.7,349.0,1.4692292643993958,-7.558529312547013
2026-05-04 03:00:00,21.9,84.0,0.0,5.4,326.0,3.019641678742033,-4.476802891797226
2026-05-04 04:00:00,22.0,84.0,0.0,6.0,323.0,3.61089013891229,-4.791813060283757
2026-05-04 05:00:00,21.9,83.0,0.0,5.3,325.0,3.0399551126605444,-4.341505834731656
2026-05-04 06:00:00,22.5,81.0,0.0,5.8,321.0,3.650058268089057,-4.507446576450431
2026-05-04 07:00:00,23.8,77.0,0.0,7.5,8.0,-1.0437982572004938,-7.4270105155617765
2026-05-04 08:00:00,24.1,74.0,0.0,12.4,28.0,-5.821447378545045,-10.948550151450695
2026-05-04 09:00:00,25.2,67.0,0.0,14.7,33.0,-8.006193814720897,-12.328457348797732
2026-05-04 10:00:00,25.2,64.0,0.0,17.8,30.0,-8.900000000000007,-15.415252187363004
2026-05-04 11:00:00,25.0,64.0,0.0,14.5,28.0,-6.807337660395416,-12.80274009645444
2026-05-04 12:00:00,25.5,62.0,0.0,15.5,31.0,-7.983090161105845,-13.286093160882738
2026-05-04 13:00:00,25.4,60.0,0.0,14.0,41.0,-9.184826405867103,-10.565934123118808
2026-05-04 14:00:00,25.4,60.0,0.0,14.3,50.0,-10.954435536601386,-9.191862818517512
2026-05-04 15:00:00,25.0,61.0,0.0,14.3,50.0,-10.954435536601386,-9.191862818517512
2026-05-04 16:00:00,23.5,63.0,0.0,13.4,40.0,-8.613353969799629,-10.264995537794304
2026-05-04 17:00:00,22.3,67.0,0.0,11.3,29.0,-5.4783487087836065,-9.883202690675175
2026-05-04 18:00:00,21.1,71.0,0.0,10.0,17.0,-2.9237170472273712,-9.563047559630354
2026-05-04 19:00:00,20.1,75.0,0.0,7.6,346.0,1.8386064065574743,-7.3742475196975725
2026-05-04 20:00:00,20.7,71.0,0.0,8.3,6.0,-0.8675862451215229,-8.25453173155667
2026-05-04 21:00:00,20.2,73.0,0.0,8.5,343.0,2.4851594901432623,-8.1285904256858
2026-05-04 22:00:00,19.8,77.0,0.0,6.1,326.0,3.4110767111715554,-5.057129192585754
2026-05-04 23:00:00,19.6,78.0,0.0,4.8,347.0,1.0797650608505516,-4.676976310969129
2026-05-05 00:00:00,19.5,78.0,0.0,4.5,346.0,1.0886485301985045,-4.366330768241984
2026-05-05 01:00:00,19.0,81.0,0.0,3.7,331.0,1.7937955949114475,-3.2360929164157644
2026-05-05 02:00:00,19.1,81.0,0.0,3.8,343.0,1.1110124779463997,-3.6339580726595346
2026-05-05 03:00:00,19.2,80.0,0.0,4.5,313.0,3.291091657286267,-3.068992620281243
2026-05-05 04:00:00,19.2,79.0,0.0,5.0,311.0,3.77354790111386,-3.2802951449525364
2026-05-05 05:00:00,19.5,78.0,0.0,5.0,305.0,4.095760221444959,-2.8678821817552302
2026-05-05 06:00:00,20.0,77.0,0.0,5.3,305.0,4.341505834731656,-3.039955112660544
2026-05-05 07:00:00,21.5,72.0,0.0,5.3,315.0,3.747665940288702,-3.7476659402887016
2026-05-05 08:00:00,22.9,68.0,0.0,5.5,46.0,-3.956368901862581,-3.8206210375244853
2026-05-05 09:00:00,23.6,66.0,0.0,6.2,44.0,-4.306881896845783,-4.459906762099638
2026-05-05 10:00:00,24.0,66.0,0.0,4.4,38.0,-2.7089104914328956,-3.4672473158695776
2026-05-05 11:00:00,24.3,66.0,0.0,4.0,69.0,-3.734321705988807,-1.4334717981812017
2026-05-05 12:00:00,24.3,67.0,0.0,5.2,65.0,-4.71280049259058,-2.1976149610516362
2026-05-05 13:00:00,24.0,69.0,0.1,4.4,52.0,-3.467247315869577,-2.708910491432896
2026-05-05 14:00:00,23.8,70.0,0.1,3.5,81.0,-3.456909192082982,-0.5475206276408076
2026-05-05 15:00:00,24.4,68.0,0.0,3.1,54.0,-2.5079526825623377,-1.8221342821066664
2026-05-05 16:00:00,24.3,69.0,0.0,5.2,65.0,-4.71280049259058,-2.1976149610516362
2026-05-05 17:00:00,23.7,72.0,0.0,3.7,79.0,-3.632020578756357,-0.7059932828932155
2026-05-05 18:00:00,22.8,79.0,0.0,1.8,323.0,1.0832670416736871,-1.437543918085127
2026-05-05 19:00:00,22.0,86.0,0.1,3.5,305.0,2.8670321550114712,-2.007517527228661
2026-05-05 20:00:00,22.0,86.0,0.0,1.4,360.0,8.572527594031472e-17,-1.4
2026-05-05 21:00:00,21.2,87.0,0.0,2.4,351.0,0.3754427160965542,-2.3704520174283306
2026-05-05 22:00:00,21.0,87.0,0.0,1.9,299.0,1.6617774435648518,-0.9211382784680404
2026-05-05 23:00:00,20.9,88.0,0.0,1.3,286.0,1.2496402047198145,-0.35832856256209894
2026-05-06 00:00:00,21.3,85.0,0.0,0.7000000000000001,284.0,0.6792070083931976,-0.16934532691976742
2026-05-06 01:00:00,21.5,84.0,0.0,1.0,248.0,0.9271838545667874,0.374606593415912
2026-05-06 02:00:00,21.5,82.0,0.0,0.5,270.0,0.5,0.0
2026-05-06 03:00:00,20.9,84.0,0.0,1.1,261.0,1.0864571746546516,0.17207791154425398
2026-05-06 04:00:00,20.5,86.0,0.0,1.5,284.0,1.4554435894139948,-0.3628828433995016
2026-05-06 05:00:00,20.1,86.0,0.0,1.5,284.0,1.4554435894139948,-0.3628828433995016
2026-05-06 06:00:00,21.3,81.0,0.0,3.0,308.0,2.364032260820166,-1.846984425976975
2026-05-06 07:00:00,22.9,78.0,0.0,2.6,304.0,2.1554976886431083,-1.453901549023942
2026-05-06 08:00:00,23.5,78.0,0.0,3.3,103.0,-3.215421213791276,0.7423384793347552
2026-05-06 09:00:00,25.0,72.0,0.0,1.2,333.0,0.5447885996874562,-1.0692078290260414
2026-05-06 10:00:00,26.0,69.0,0.0,3.3,144.0,-1.9396913325651608,2.6697560814373262
2026-05-06 11:00:00,26.8,67.0,0.0,6.9,127.0,-5.510585019326322,4.152523659749132
2026-05-06 12:00:00,26.9,68.0,0.1,9.0,119.0,-7.871577364254562,4.363286582217034
2026-05-06 13:00:00,26.8,71.0,0.3,9.2,111.0,-8.588939923774255,3.2969851358167617
2026-05-06 14:00:00,26.2,72.0,0.5,9.3,98.0,-9.209493039296605,1.2943098389286076
2026-05-06 15:00:00,26.0,74.0,0.6,8.7,86.0,-8.67880723726047,-0.6068813215738899
2026-05-06 16:00:00,24.3,84.0,1.6,7.7,57.0,-6.457763373179765,-4.193720569615708
2026-05-06 17:00:00,23.2,96.0,1.4,5.5,32.0,-2.9145559532826275,-4.664264528860342
2026-05-06 18:00:00,22.7,97.0,0.6,5.9,14.0,-1.42733918403804,-5.7247447850283795
2026-05-06 19:00:00,22.6,93.0,0.1,5.9,360.0,3.612708057484692e-16,-5.9
2026-05-06 20:00:00,22.5,97.0,0.0,4.0,360.0,2.4492935982947064e-16,-4.0
2026-05-06 21:00:00,22.5,97.0,0.2,2.7,328.0,1.4307820134296534,-2.28972985962235
2026-05-06 22:00:00,22.8,92.0,0.1,3.7,317.0,2.5233939322312446,-2.706008695990931
2026-05-06 23:00:00,22.4,93.0,0.0,0.7000000000000001,284.0,0.6792070083931976,-0.16934532691976742
2026-05-07 00:00:00,21.9,91.0,0.0,1.0,301.0,0.8571673007021123,-0.5150380749100542
2026-05-07 01:00:00,21.8,92.0,0.0,3.5,309.0,2.720010865099398,-2.2026213686744307
2026-05-07 02:00:00,21.1,91.0,0.0,3.1,306.0,2.5079526825623373,-1.8221342821066668
2026-05-07 03:00:00,20.9,91.0,0.0,2.7,293.0,2.485363104321589,-1.0549740469210394
2026-05-07 04:00:00,20.8,89.0,0.0,2.7,293.0,2.485363104321589,-1.0549740469210394
2026-05-07 05:00:00,20.6,88.0,0.0,2.7,302.0,2.28972985962235,-1.4307820134296534
2026-05-07 06:00:00,21.4,84.0,0.0,3.3,306.0,2.6697560814373262,-1.9396913325651612
2026-05-07 07:00:00,23.0,84.0,0.0,3.2,304.0,2.6529202321761334,-1.7894172911063901
2026-05-07 08:00:00,24.1,83.0,0.0,1.9,311.0,1.4339482024232668,-1.2465121550819638
2026-05-07 09:00:00,26.0,73.0,0.0,1.8,191.0,0.34345619167778085,1.7669289302057951
2026-05-07 10:00:00,27.1,68.0,0.0,5.5,148.0,-2.914555953282626,4.664264528860343
2026-05-07 11:00:00,27.6,65.0,0.0,8.1,152.0,-3.8027196585657164,7.151875502157307
2026-05-07 12:00:00,27.2,69.0,0.1,8.6,143.0,-5.175609199107615,6.868265386406717
2026-05-07 13:00:00,27.0,72.0,0.4,7.5,143.0,-4.513612673640363,5.9897663253546956
2026-05-07 14:00:00,26.1,76.0,0.8,8.7,146.0,-4.864978260195496,7.2126268812288625
2026-05-07 15:00:00,26.3,75.0,0.4,5.6,151.0,-2.714933873379487,4.897870359980616
2026-05-07 16:00:00,25.5,81.0,0.5,4.9,156.0,-1.9930095510714214,4.476372742448745
2026-05-07 17:00:00,24.7,86.0,0.6,3.8,175.0,-0.3311918224411013,3.785539852748633
2026-05-07 18:00:00,23.8,93.0,0.3,1.7000000000000002,229.0,1.2830062863787126,1.1153003492838625
2026-05-07 19:00:00,22.8,97.0,0.1,1.0,315.0,0.7071067811865476,-0.7071067811865475
2026-05-07 20:00:00,23.2,98.0,0.1,2.7,20.0,-0.9234543869793052,-2.537170076121953
2026-05-07 21:00:00,23.3,97.0,1.6,3.2,16.0,-0.8820395386143964,-3.076037427002621
2026-05-07 22:00:00,23.3,97.0,1.6,3.4,25.0,-1.436902089918377,-3.08144647592461
2026-05-07 23:00:00,23.0,98.0,0.5,3.7,35.0,-2.122232814498872,-3.030862563869269
2026-05-08 00:00:00,23.0,98.0,0.2,3.2,360.0,1.9594348786357652e-16,-3.2
2026-05-08 01:00:00,23.0,96.0,0.1,2.9,356.0,0.20229377385796318,-2.89293574575349
2026-05-08 02:00:00,23.0,96.0,0.0,2.0,27.0,-0.9079809994790938,-1.7820130483767356
2026-05-08 03:00:00,22.9,95.0,0.0,1.5,339.0,0.5375519243179505,-1.4003706397458027
2026-05-08 04:00:00,22.2,96.0,0.0,2.0,315.0,1.4142135623730951,-1.414213562373095
2026-05-08 05:00:00,22.2,92.0,0.0,3.1,315.0,2.1920310216782974,-2.192031021678297
2026-05-08 06:00:00,22.0,91.0,0.0,4.2,310.0,3.2173866610997077,-2.699707960683465
2026-05-08 07:00:00,23.4,95.0,0.0,3.7,317.0,2.5233939322312446,-2.706008695990931
2026-05-08 08:00:00,24.5,90.0,0.0,1.5,291.0,1.4003706397458027,-0.5375519243179504
2026-05-08 09:00:00,26.4,78.0,0.0,2.8,169.0,-0.5342651870543255,2.748556113653459
2026-05-08 10:00:00,27.2,73.0,0.0,5.4,146.0,-3.0196416787420324,4.476802891797226
2026-05-08 11:00:00,27.6,73.0,0.1,6.8,132.0,-5.0533848132462795,4.550088123240236
2026-05-08 12:00:00,27.1,75.0,0.3,6.7,134.0,-4.819576662268963,4.654211082075281
2026-05-08 13:00:00,27.0,79.0,0.3,6.8,132.0,-5.0533848132462795,4.550088123240236
2026-05-08 14:00:00,25.2,83.0,0.6,1.8,143.0,-1.0832670416736871,1.4375439180851268
2026-05-08 15:00:00,25.8,80.0,3.1,4.5,53.0,-3.5938597952128175,-2.7081676041842178
2026-05-08 16:00:00,24.3,92.0,1.2,6.6,13.0,-1.4846769586695105,-6.430842427582552
2026-05-08 17:00:00,23.8,96.0,1.6,4.8,331.0,2.327086177182418,-4.1981745942691
2026-05-08 18:00:00,23.8,94.0,0.3,4.9,352.0,0.6819481947043208,-4.852313536833695
2026-05-08 19:00:00,23.5,95.0,0.0,3.8,355.0,0.3311918224411009,-3.785539852748633
2026-05-08 20:00:00,23.1,97.0,0.0,3.9,22.0,-1.460965714322058,-3.6160170328104706
2026-05-08 21:00:00,22.7,98.0,0.1,5.0,360.0,3.061616997868383e-16,-5.0
2026-05-08 22:00:00,22.9,94.0,0.1,5.4,346.0,1.3063782362382055,-5.2395969218903815
2026-05-08 23:00:00,22.8,93.0,0.1,4.4,341.0,1.4324998796114898,-4.160281732636994
2026-05-09 00:00:00,22.5,91.0,0.0,1.9,331.0,0.9211382784680405,-1.6617774435648518
2026-05-09 01:00:00,22.0,90.0,0.0,1.5,324.0,0.8816778784387097,-1.2135254915624212
2026-05-09 02:00:00,21.5,92.0,0.0,2.4,343.0,0.7016920913345682,-2.295131414311285
2026-05-09 03:00:00,21.3,89.0,0.0,0.9,307.0,0.7187719590425635,-0.5416335208368435
2026-05-09 04:00:00,20.9,89.0,0.0,1.0,301.0,0.8571673007021123,-0.5150380749100542
2026-05-09 05:00:00,20.5,90.0,0.0,1.4,293.0,1.2887067948334165,-0.5470235798849833
2026-05-09 06:00:00,20.9,90.0,0.0,2.4,297.0,2.138415658052083,-1.0895771993749122
2026-05-09 07:00:00,22.9,87.0,0.0,3.1,320.0,1.9926415900282721,-2.3747377736688318
2026-05-09 08:00:00,24.4,83.0,0.0,6.0,46.0,-4.3160388020319065,-4.167950222753984
2026-05-09 09:00:00,26.0,70.0,0.0,9.9,37.0,-5.957968729205278,-7.906491549468199
2026-05-09 10:00:00,27.1,63.0,0.0,13.2,37.0,-7.943958305607037,-10.541988732624265
2026-05-09 11:00:00,27.4,61.0,0.0,15.7,34.0,-8.77932858449072,-13.015889889114156
2026-05-09 12:00:00,28.0,58.0,0.0,15.7,41.0,-10.300126755150965,-11.84894040949752
2026-05-09 13:00:00,27.9,59.0,0.0,15.7,39.0,-9.880330139482453,-12.201191594874437
2026-05-09 14:00:00,27.1,62.0,0.0,13.6,42.0,-9.100176246480471,-10.106769626492563
2026-05-09 15:00:00,26.2,65.0,0.0,15.3,41.0,-10.037703143554761,-11.547056577408412
2026-05-09 16:00:00,25.1,68.0,0.0,15.5,39.0,-9.754466061272486,-12.045762402583044
2026-05-09 17:00:00,24.0,71.0,0.0,14.4,30.0,-7.200000000000006,-12.470765814495913
2026-05-09 18:00:00,23.0,75.0,0.0,11.2,18.0,-3.4609903369994126,-10.651832982505718
2026-05-09 19:00:00,22.5,76.0,0.0,8.9,354.0,0.9303033230821158,-8.851244868777632
2026-05-09 20:00:00,22.6,78.0,0.0,6.4,25.0,-2.704756875140475,-5.800369837034561
2026-05-09 21:00:00,22.6,77.0,0.0,6.4,8.0,-0.8907078461444213,-6.33771563994605
2026-05-09 22:00:00,22.6,77.0,0.0,6.7,357.0,0.3506509068277246,-6.690817882855645
2026-05-09 23:00:00,22.5,79.0,0.0,3.9,338.0,1.4609657143220567,-3.616017032810471
2026-05-10 00:00:00,22.6,79.0,0.0,4.1,347.0,0.9222993228098461,-3.9949172656194643
2026-05-10 01:00:00,22.3,81.0,0.0,2.4,343.0,0.7016920913345682,-2.295131414311285
2026-05-10 02:00:00,22.1,82.0,0.0,2.1,31.0,-1.0815799573111144,-1.8000513314744355
2026-05-10 03:00:00,21.9,82.0,0.0,1.4,337.0,0.5470235798849832,-1.2887067948334165
2026-05-10 04:00:00,21.4,83.0,0.0,2.4,318.0,1.6059134552612597,-1.7835475811457462
2026-05-10 05:00:00,21.1,85.0,0.0,1.7000000000000002,302.0,1.4416817634659242,-0.9008627491964484
2026-05-10 06:00:00,22.0,82.0,0.0,3.3,306.0,2.6697560814373262,-1.9396913325651612
2026-05-10 07:00:00,24.0,73.0,0.0,3.7,331.0,1.7937955949114475,-3.2360929164157644
2026-05-10 08:00:00,26.0,64.0,0.0,4.7,50.0,-3.6004088826591967,-3.0211017655267347
2026-05-10 09:00:00,27.4,61.0,0.0,5.7,72.0,-5.421022142882376,-1.7613968679371996
2026-05-10 10:00:00,28.2,59.0,0.0,5.4,90.0,-5.4,6.613092715395707e-16
2026-05-10 11:00:00,28.9,58.0,0.0,8.9,108.0,-8.464402995026866,2.750251249937033
2026-05-10 12:00:00,28.4,62.0,0.0,11.2,111.0,-10.45610077676866,4.013721034907362
2026-05-10 13:00:00,27.8,67.0,0.1,10.3,112.0,-9.54999370203791,3.8584479121838964
2026-05-10 14:00:00,27.5,71.0,0.7000000000000001,9.2,110.0,-8.645172111230355,3.1465853185961534
2026-05-10 15:00:00,27.2,71.0,0.1,7.0,108.0,-6.657395614066075,2.1631189606246326
2026-05-10 16:00:00,26.4,75.0,0.1,8.2,100.0,-8.075423574700105,1.4239150568688281
2026-05-10 17:00:00,25.5,81.0,0.2,6.7,84.0,-6.663296698967431,-0.7003407038932784
2026-05-10 18:00:00,24.6,86.0,0.1,3.3,61.0,-2.886245033560006,-1.5998717468129118
2026-05-10 19:00:00,23.5,92.0,0.0,2.3,58.0,-1.9505106211597798,-1.218814307736371
2026-05-10 20:00:00,24.0,91.0,0.0,1.6,6.0,-0.1672455412282454,-1.5912350325892375
2026-05-10 21:00:00,23.4,92.0,0.0,1.0,315.0,0.7071067811865476,-0.7071067811865475
2026-05-10 22:00:00,23.6,90.0,0.0,2.1,308.0,1.654822582574116,-1.2928890981838825
2026-05-10 23:00:00,23.4,90.0,0.0,0.9,307.0,0.7187719590425635,-0.5416335208368435
2026-05-11 00:00:00,22.8,92.0,0.0,0.4,297.0,0.3564026096753472,-0.1815961998958187
2026-05-11 01:00:00,22.6,90.0,0.0,1.9,287.0,1.8169790363297673,-0.5555062389731998
2026-05-11 02:00:00,22.4,91.0,0.0,2.6,295.0,2.3564002462952898,-1.0988074805258186
2026-05-11 03:00:00,22.2,88.0,0.0,2.8,288.0,2.6629582456264296,-0.8652475842498527
2026-05-11 04:00:00,21.8,88.0,0.0,3.0,287.0,2.868914267889106,-0.8771151141682103
2026-05-11 05:00:00,21.4,89.0,0.0,2.9,300.0,2.511473670974872,-1.4499999999999997
2026-05-11 06:00:00,21.8,88.0,0.0,3.6,307.0,2.875087836170254,-2.166534083347374
2026-05-11 07:00:00,23.5,86.0,0.0,1.9,319.0,1.2465121550819638,-1.4339482024232668
2026-05-11 08:00:00,24.9,86.0,0.1,7.4,180.0,4.531193156845207e-16,7.4
2026-05-11 09:00:00,26.6,79.0,0.1,10.1,182.0,0.3524849166952609,10.093847352892867
2026-05-11 10:00:00,27.0,79.0,0.1,9.2,163.0,-2.689819683449177,8.798003754859927
2026-05-11 11:00:00,27.1,79.0,0.2,7.4,141.0,-4.656970893768796,5.750880114781586
2026-05-11 12:00:00,27.0,78.0,0.2,5.2,94.0,-5.187333061351086,0.36273366346945274
2026-05-11 13:00:00,27.5,76.0,0.4,4.8,63.0,-4.276831316104166,-2.179154398749824
2026-05-11 14:00:00,27.2,77.0,0.3,7.2,71.0,-6.8077337443150805,-2.344090712091529
2026-05-11 15:00:00,27.5,74.0,0.2,11.0,40.0,-7.070663706551934,-8.426488874308756
2026-05-11 16:00:00,27.0,77.0,0.0,13.1,38.0,-8.06516532676612,-10.32294087224806
2026-05-11 17:00:00,26.2,80.0,0.0,11.7,34.0,-6.542556970607735,-9.69973959889399
2026-05-11 18:00:00,25.0,85.0,0.1,8.7,18.0,-2.6884478510620435,-8.274191691767834
2026-05-11 19:00:00,24.2,89.0,0.0,6.8,27.0,-3.087135398228919,-6.058844364480901
2026-05-11 20:00:00,24.3,89.0,0.0,4.8,20.0,-1.641696687963209,-4.51052457977236
2026-05-11 21:00:00,24.2,90.0,0.0,5.7,41.0,-3.739536465245892,-4.301844607269801
2026-05-11 22:00:00,24.0,91.0,0.1,4.9,8.0,-0.6819481947043226,-4.8523135368336945
2026-05-11 23:00:00,24.0,90.0,0.1,3.2,326.0,1.78941729110639,-2.652920232176134
2026-05-12 00:00:00,23.6,90.0,0.1,1.5,315.0,1.0606601717798214,-1.0606601717798212
2026-05-12 01:00:00,23.5,89.0,0.0,1.5,315.0,1.0606601717798214,-1.0606601717798212
2026-05-12 02:00:00,23.4,89.0,0.0,2.3,342.0,0.7107390870623791,-2.1874299874788528
2026-05-12 03:00:00,23.0,89.0,0.0,1.9,311.0,1.4339482024232668,-1.2465121550819638
2026-05-12 04:00:00,22.6,89.0,0.0,2.4,318.0,1.6059134552612597,-1.7835475811457462
2026-05-12 05:00:00,22.4,89.0,0.0,2.2,312.0,1.6349186160502676,-1.4720873339894882
2026-05-12 06:00:00,23.0,86.0,0.0,3.0,303.0,2.516011703836272,-1.6339171050450814
2026-05-12 07:00:00,23.9,85.0,0.0,2.8,297.0,2.49481826772743,-1.2711733992707308
2026-05-12 08:00:00,25.3,80.0,0.0,1.8,349.0,0.34345619167778085,-1.7669289302057951
2026-05-12 09:00:00,26.6,75.0,0.0,1.7000000000000002,148.0,-0.9008627491964483,1.4416817634659245
2026-05-12 10:00:00,27.4,71.0,0.0,5.2,121.0,-4.457269963650984,2.6781979895322827
2026-05-12 11:00:00,27.9,70.0,0.1,7.8,94.0,-7.780999592026628,0.544100495204179
2026-05-12 12:00:00,27.2,73.0,0.5,8.5,92.0,-8.494822029662314,0.2966457219712597
2026-05-12 13:00:00,26.5,78.0,0.6,7.8,67.0,-7.179937856929035,-3.0477028022163335
2026-05-12 14:00:00,26.1,83.0,0.7000000000000001,7.9,69.0,-7.375285369327894,-2.8311068014078735
2026-05-12 15:00:00,24.5,92.0,1.3,6.9,33.0,-3.758009341603686,-5.786826918823426
2026-05-12 16:00:00,24.3,95.0,0.8,6.0,16.0,-1.6538241349019933,-5.767570175629914
2026-05-12 17:00:00,24.1,96.0,0.5,6.3,15.0,-1.63055998414588,-6.085332705621131
2026-05-12 18:00:00,23.5,97.0,0.4,5.0,360.0,3.061616997868383e-16,-5.0
2026-05-12 19:00:00,23.2,98.0,0.3,3.5,336.0,1.4235782507653008,-3.197409101749103
2026-05-12 20:00:00,23.9,98.0,0.1,3.5,339.0,1.2542878234085513,-3.267531492740206
2026-05-12 21:00:00,23.8,98.0,0.6,2.7,298.0,2.383958500719103,-1.2675732195219052
2026-05-12 22:00:00,23.6,97.0,0.2,3.7,309.0,2.8754400573907923,-2.3284854468843985
2026-05-12 23:00:00,23.3,97.0,0.0,4.1,299.0,3.585940799271522,-1.9877194430099818
2026-05-13 00:00:00,23.2,98.0,0.0,3.9,294.0,3.562827284806143,-1.5862729079956208
2026-05-13 01:00:00,23.0,97.0,0.0,3.5,291.0,3.267531492740206,-1.2542878234085508
2026-05-13 02:00:00,22.8,96.0,0.0,3.5,291.0,3.267531492740206,-1.2542878234085508
2026-05-13 03:00:00,22.3,94.0,0.0,2.4,287.0,2.295131414311285,-0.7016920913345682
2026-05-13 04:00:00,21.9,93.0,0.0,1.9,292.0,1.761649323676896,-0.7117525274902328
2026-05-13 05:00:00,21.8,91.0,0.0,2.3,302.0,1.9505106211597796,-1.2188143077363711
2026-05-13 06:00:00,22.0,90.0,0.0,2.7,293.0,2.485363104321589,-1.0549740469210394
2026-05-13 07:00:00,23.4,94.0,0.0,3.3,292.0,3.0597067200703982,-1.2362017582725096
2026-05-13 08:00:00,25.1,78.0,0.0,3.1,301.0,2.6572186321765483,-1.5966180322211678
2026-05-13 09:00:00,26.1,72.0,0.0,1.2,309.0,0.9325751537483651,-0.7551844692598049
2026-05-13 10:00:00,27.4,66.0,0.0,2.5,188.0,0.34793275240016364,2.475670171853926
2026-05-13 11:00:00,28.1,63.0,0.0,5.6,138.0,-3.747131395609606,4.161611022673408
2026-05-13 12:00:00,27.5,68.0,0.2,7.5,114.0,-6.851590932319506,3.0505248230685034
2026-05-13 13:00:00,27.1,74.0,0.6,6.0,123.0,-5.032023407672543,3.2678342100901636
2026-05-13 14:00:00,27.0,73.0,0.5,6.6,107.0,-6.311611389356035,1.9296532511700615
2026-05-13 15:00:00,26.0,78.0,0.3,5.3,98.0,-5.248420764330323,0.7376174350883462
2026-05-13 16:00:00,25.5,82.0,0.3,6.0,81.0,-5.926130043570827,-0.9386067902413844
2026-05-13 17:00:00,24.6,87.0,0.6,5.2,56.0,-4.3109953772862175,-2.907803098047883
2026-05-13 18:00:00,23.9,93.0,0.7000000000000001,5.0,15.0,-1.2940952255126033,-4.8296291314453415
2026-05-13 19:00:00,23.4,96.0,0.2,3.8,355.0,0.3311918224411009,-3.785539852748633
2026-05-13 20:00:00,24.0,97.0,0.1,1.3,286.0,1.2496402047198145,-0.35832856256209894
2026-05-13 21:00:00,23.5,98.0,0.1,1.5,277.0,1.488819227461983,-0.1828040151077212
2026-05-13 22:00:00,23.4,98.0,0.0,2.3,270.0,2.3,0.0
2026-05-13 23:00:00,23.4,96.0,0.0,1.5,277.0,1.488819227461983,-0.1828040151077212
2026-05-14 00:00:00,23.1,95.0,0.0,1.0,301.0,0.8571673007021123,-0.5150380749100542
2026-05-14 01:00:00,22.8,96.0,0.0,1.5,300.0,1.299038105676658,-0.7499999999999999
2026-05-14 02:00:00,22.6,96.0,0.0,2.1,322.0,1.2928890981838825,-1.6548225825741163
2026-05-14 03:00:00,22.8,89.0,0.0,0.7000000000000001,284.0,0.6792070083931976,-0.16934532691976742
2026-05-14 04:00:00,22.5,90.0,0.0,0.6000000000000001,288.0,0.5706339097770922,-0.18541019662496847
2026-05-14 05:00:00,21.9,92.0,0.0,1.3,304.0,1.0777488443215542,-0.726950774511971
2026-05-14 06:00:00,22.0,95.0,0.0,2.7,302.0,2.28972985962235,-1.4307820134296534
2026-05-14 07:00:00,23.0,95.0,0.0,3.3,306.0,2.6697560814373262,-1.9396913325651612
2026-05-14 08:00:00,25.8,83.0,0.0,2.5,356.0,0.1743911843603131,-2.4939101256495606
2026-05-14 09:00:00,26.0,79.0,0.0,2.0,95.0,-1.992389396183491,0.1743114854953164
2026-05-14 10:00:00,26.5,76.0,0.1,4.3,138.0,-2.8772616073430903,3.195522749552795
2026-05-14 11:00:00,26.6,76.0,0.3,6.6,119.0,-5.772490067120011,3.1997434936258253
2026-05-14 12:00:00,26.0,82.0,0.8,7.2,96.0,-7.160557646651568,0.7526049355271069
2026-05-14 13:00:00,25.6,83.0,0.3,5.4,75.0,-5.215999461960969,-1.3976228435536124
2026-05-14 14:00:00,25.4,82.0,0.3,5.7,72.0,-5.421022142882376,-1.7613968679371996
2026-05-14 15:00:00,24.5,87.0,0.5,3.8,79.0,-3.730183297101123,-0.7250741824308699
2026-05-14 16:00:00,24.8,93.0,1.4,3.7,76.0,-3.590094187221187,-0.8951110137187698
2026-05-14 17:00:00,23.8,96.0,1.4,4.4,58.0,-3.731411623088275,-2.331644762626101
2026-05-14 18:00:00,23.0,98.0,0.7000000000000001,2.8,11.0,-0.5342651870543249,-2.748556113653459
2026-05-14 19:00:00,23.1,97.0,0.9,1.5,263.0,1.488819227461983,0.1828040151077212
2026-05-14 20:00:00,23.0,96.0,1.3,3.4,245.0,3.0814464759246096,1.436902089918378
2026-05-14 21:00:00,22.5,95.0,0.0,1.7000000000000002,288.0,1.6167960777017611,-0.5253288904374106
2026-05-14 22:00:00,22.1,97.0,0.0,4.2,320.0,2.6997079606834653,-3.2173866610997077
2026-05-14 23:00:00,22.0,97.0,0.0,3.1,329.0,1.5966180322211678,-2.6572186321765483
2026-05-15 00:00:00,21.8,97.0,0.1,4.0,324.0,2.3511410091698925,-3.23606797749979
2026-05-15 01:00:00,21.9,95.0,0.1,3.4,344.0,0.9371670097777971,-3.2682897661902843
2026-05-15 02:00:00,22.7,89.0,0.0,1.3,344.0,0.35832856256209894,-1.2496402047198145
2026-05-15 03:00:00,22.4,90.0,0.2,1.3,315.0,0.9192388155425119,-0.9192388155425117
2026-05-15 04:00:00,22.1,91.0,0.3,2.4,343.0,0.7016920913345682,-2.295131414311285
2026-05-15 05:00:00,22.2,90.0,0.2,1.9,338.0,0.7117525274902327,-1.761649323676896
2026-05-15 06:00:00,22.3,94.0,0.3,2.3,309.0,1.7874357113510329,-1.4474368994146258
2026-05-15 07:00:00,23.2,95.0,0.2,3.5,309.0,2.720010865099398,-2.2026213686744307
2026-05-15 08:00:00,25.0,85.0,0.0,4.0,5.0,-0.348622970990633,-3.984778792366982
2026-05-15 09:00:00,26.9,71.0,0.0,4.7,32.0,-2.490620541896064,-3.9858260519352022
2026-05-15 10:00:00,27.4,69.0,0.3,9.1,68.0,-8.437373076557765,-3.408920000084799
2026-05-15 11:00:00,27.1,70.0,0.3,10.9,74.0,-10.477752485727676,-3.004447178405289
2026-05-15 12:00:00,26.1,79.0,1.0,8.6,74.0,-8.266850585069543,-2.370481260026191
2026-05-15 13:00:00,23.9,91.0,15.0,5.5,77.0,-5.359035356318794,-1.2372307988912574
2026-05-15 14:00:00,24.4,92.0,9.3,8.3,46.0,-5.970520342810804,-5.765664474809679
2026-05-15 15:00:00,23.6,92.0,8.5,9.4,43.0,-6.410784584587487,-6.874724795220202
2026-05-15 16:00:00,22.7,96.0,3.2,14.2,38.0,-8.742392949624344,-11.189752701215454
2026-05-15 17:00:00,22.4,97.0,2.1,8.7,6.0,-0.9093976304285841,-8.652340489703978
2026-05-15 18:00:00,22.5,97.0,0.5,7.3,16.0,-2.0121526974640918,-7.017210380349729
2026-05-15 19:00:00,22.0,98.0,0.1,4.7,2.0,-0.1640276345017536,-4.6971368869897505
2026-05-15 20:00:00,22.2,97.0,0.0,5.6,343.0,1.6372815464473258,-5.355306633392998
2026-05-15 21:00:00,22.5,95.0,0.5,3.2,16.0,-0.8820395386143964,-3.076037427002621
2026-05-15 22:00:00,22.2,96.0,0.1,6.2,33.0,-3.376762017093167,-5.199757521261629
2026-05-15 23:00:00,21.9,96.0,0.0,6.4,29.0,-3.102781569576556,-5.5975661256921345
2026-05-16 00:00:00,21.5,96.0,0.0,4.9,356.0,0.34180672134621365,-4.8880638462731385
2026-05-16 01:00:00,21.5,94.0,0.0,3.7,346.0,0.8951110137187704,-3.590094187221187
2026-05-16 02:00:00,21.6,96.0,0.0,6.0,21.0,-2.1502076972718043,-5.60148255898321
2026-05-16 03:00:00,21.5,95.0,0.0,3.9,344.0,1.0749856876862967,-3.7489206141594438
2026-05-16 04:00:00,21.5,94.0,0.0,5.0,360.0,3.061616997868383e-16,-5.0
2026-05-16 05:00:00,21.6,93.0,0.0,5.1,356.0,0.35575801609503865,-5.087576656325103
2026-05-16 06:00:00,21.9,93.0,0.0,5.8,358.0,0.20241708087450627,-5.796466796710755
2026-05-16 07:00:00,22.2,94.0,0.1,11.5,22.0,-4.307975824282991,-10.662614327518055
2026-05-16 08:00:00,22.9,93.0,0.3,11.4,25.0,-4.817848183843971,-10.33190877221781
2026-05-16 09:00:00,23.0,92.0,0.8,12.3,27.0,-5.584083146796427,-10.959380247516924
2026-05-16 10:00:00,23.0,90.0,0.7000000000000001,13.9,27.0,-6.310467946379703,-12.384990686218313
2026-05-16 11:00:00,23.7,89.0,0.9,10.5,24.0,-4.270734752295901,-9.59222730524731
2026-05-16 12:00:00,23.0,94.0,2.5,14.1,37.0,-8.48559182644388,-11.260760691666828
2026-05-16 13:00:00,22.4,96.0,2.0,10.2,41.0,-6.691802095703173,-7.698037718272274
2026-05-16 14:00:00,22.5,95.0,2.2,8.0,34.0,-4.473543227765973,-6.632300580440335
2026-05-16 15:00:00,22.7,95.0,0.8,10.0,18.0,-3.0901699437494754,-9.510565162951535
2026-05-16 16:00:00,22.9,93.0,0.5,5.9,348.0,1.226678975824781,-5.771070844329453
2026-05-16 17:00:00,22.9,94.0,0.5,6.8,348.0,1.4137994975607642,-6.651403684989877
2026-05-16 18:00:00,22.1,96.0,0.4,4.6,347.0,1.0347748499817786,-4.482102298012082
2026-05-16 19:00:00,21.6,96.0,0.2,5.7,332.0,2.675987907879578,-5.032801279295883
2026-05-16 20:00:00,21.9,91.0,0.0,6.2,352.0,0.8628732259524059,-6.139662026197737
2026-05-16 21:00:00,21.6,87.0,0.0,5.6,333.0,2.542346798541462,-4.989636535454859
2026-05-16 22:00:00,21.1,86.0,0.0,4.6,324.0,2.703812160545376,-3.721478174124758
2026-05-16 23:00:00,20.6,87.0,0.0,4.2,310.0,3.2173866610997077,-2.699707960683465
2026-05-17 00:00:00,21.0,85.0,0.0,2.9,313.0,2.1209257346955943,-1.9777952441812454
2026-05-17 01:00:00,21.2,83.0,0.0,3.9,323.0,2.3470785902929885,-3.114678489184442
2026-05-17 02:00:00,21.1,82.0,0.0,4.9,2.0,-0.17100753384225373,-4.897015052393569
2026-05-17 03:00:00,20.8,81.0,0.0,5.1,333.0,2.3153515486716887,-4.544133273360675
2026-05-17 04:00:00,20.6,81.0,0.0,5.0,319.0,3.2802951449525364,-3.77354790111386
2026-05-17 05:00:00,20.3,82.0,0.0,4.8,307.0,3.8334504482270053,-2.8887121111298315
2026-05-17 06:00:00,20.8,84.0,0.0,4.1,304.0,3.3990540474756705,-2.2926909042300623
2026-05-17 07:00:00,23.0,81.0,0.0,4.5,358.0,0.15704773516125486,-4.497258721585931
2026-05-17 08:00:00,24.4,71.0,0.0,7.7,39.0,-4.845767011083751,-5.984023903218674
2026-05-17 09:00:00,25.3,64.0,0.0,9.4,32.0,-4.981241083792128,-7.9716521038704045
2026-05-17 10:00:00,26.4,60.0,0.0,13.2,38.0,-8.126731474298687,-10.401741947608732
2026-05-17 11:00:00,27.1,56.0,0.0,14.4,52.0,-11.347354851936798,-8.865525244689477
2026-05-17 12:00:00,26.0,63.0,0.0,15.0,63.0,-13.365097862825518,-6.8098574960932
2026-05-17 13:00:00,25.3,69.0,0.2,14.5,62.0,-12.802740096454439,-6.807337660395418
2026-05-17 14:00:00,25.5,69.0,0.5,14.1,60.0,-12.210958193360584,-7.050000000000002
2026-05-17 15:00:00,25.0,69.0,0.0,12.5,44.0,-8.683229630737465,-8.99174750423314
2026-05-17 16:00:00,24.5,72.0,0.0,12.8,40.0,-8.227681403987706,-9.805368871922918
2026-05-17 17:00:00,23.5,77.0,0.2,11.6,33.0,-6.317812806174313,-9.728578588166918
2026-05-17 18:00:00,23.2,78.0,0.0,9.7,25.0,-4.099397138884782,-8.791185534255504
2026-05-17 19:00:00,22.6,81.0,0.0,7.6,15.0,-1.9670247427791567,-7.341036279796919
2026-05-17 20:00:00,22.0,86.0,0.0,4.2,320.0,2.6997079606834653,-3.2173866610997077
2026-05-17 21:00:00,21.6,86.0,0.0,5.0,296.0,4.493970231495835,-2.191855733945387
2026-05-17 22:00:00,21.2,85.0,0.0,6.0,299.0,5.247718242836374,-2.9088577214780225
2026-05-17 23:00:00,21.2,81.0,0.0,6.3,307.0,5.031403713297944,-3.791434645857904
2026-05-18 00:00:00,21.0,80.0,0.0,6.1,300.0,5.282754963085075,-3.0499999999999994
2026-05-18 01:00:00,20.6,80.0,0.0,4.7,302.0,3.9858260519352022,-2.490620541896063
2026-05-18 02:00:00,20.6,79.0,0.0,4.7,317.0,3.205392292293743,-3.437362397610101
2026-05-18 03:00:00,20.5,79.0,0.0,3.6,303.0,3.0192140446035265,-1.9607005260540975
2026-05-18 04:00:00,20.0,80.0,0.0,2.9,300.0,2.511473670974872,-1.4499999999999997
2026-05-18 05:00:00,19.9,81.0,0.0,2.7,307.0,2.1563158771276907,-1.6249005625105304
2026-05-18 06:00:00,20.8,80.0,0.0,3.9,307.0,3.114678489184442,-2.347078590292988
2026-05-18 07:00:00,22.5,73.0,0.0,4.5,320.0,2.8925442435894273,-3.447199994035401
2026-05-18 08:00:00,24.4,67.0,0.0,5.6,22.0,-2.097796923129109,-5.192229585574009
2026-05-18 09:00:00,25.5,65.0,0.0,7.7,39.0,-4.845767011083751,-5.984023903218674
2026-05-18 10:00:00,25.9,66.0,0.0,8.1,61.0,-7.0844196278291065,-3.926957923995329
2026-05-18 11:00:00,25.8,68.0,0.0,7.0,77.0,-6.820590453496647,-1.574657380407055
2026-05-18 12:00:00,25.8,70.0,0.1,5.2,106.0,-4.998560818879258,1.433314250248396
2026-05-18 13:00:00,25.5,73.0,0.0,4.9,114.0,-4.476372742448744,1.9930095510714223
2026-05-18 14:00:00,26.3,68.0,0.0,6.2,111.0,-5.788198644282651,2.2218812871808615
2026-05-18 15:00:00,26.0,70.0,0.0,5.2,110.0,-4.886401628086723,1.7785047452934781
2026-05-18 16:00:00,25.0,73.0,0.1,3.0,128.0,-2.364032260820166,1.8469844259769752
2026-05-18 17:00:00,24.2,78.0,0.1,2.9,86.0,-2.89293574575349,-0.2022937738579633
2026-05-18 18:00:00,23.5,82.0,0.0,2.7,23.0,-1.0549740469210394,-2.4853631043215887
2026-05-18 19:00:00,23.0,86.0,0.1,3.9,326.0,2.1808523235359125,-3.233246532964663
2026-05-18 20:00:00,23.2,87.0,0.0,3.8,319.0,2.4930243101639276,-2.8678964048465336
2026-05-18 21:00:00,23.0,91.0,0.0,5.4,300.0,4.676537180435969,-2.6999999999999997
2026-05-18 22:00:00,22.8,91.0,0.0,5.3,298.0,4.679622242152313,-2.4881992827652213
2026-05-18 23:00:00,22.7,91.0,0.0,5.7,302.0,4.8338741480916285,-3.020539806129268
2026-05-19 00:00:00,22.6,88.0,0.0,6.2,306.0,5.0159053651246746,-3.6442685642133337
2026-05-19 01:00:00,22.4,88.0,0.0,5.3,308.0,4.176456994115626,-3.263005819225989
2026-05-19 02:00:00,22.1,89.0,0.0,4.6,318.0,3.0780007892507477,-3.4184661971960133
2026-05-19 03:00:00,21.3,92.0,0.0,3.5,298.0,3.0903165750062445,-1.6431504697506178
2026-05-19 04:00:00,20.9,93.0,0.0,3.5,298.0,3.0903165750062445,-1.6431504697506178
2026-05-19 05:00:00,20.2,92.0,0.0,3.6,297.0,3.2076234870781244,-1.6343657990623683
2026-05-19 06:00:00,21.0,89.0,0.0,3.7,299.0,3.2360929164157644,-1.7937955949114472
2026-05-19 07:00:00,23.6,79.0,0.0,2.3,299.0,2.01162532642061,-1.1150621265665752
2026-05-19 08:00:00,25.6,69.0,0.0,3.8,163.0,-1.1110124779463992,3.633958072659535
2026-05-19 09:00:00,26.4,66.0,0.0,5.1,186.0,0.5330951626650325,5.072061666378193
2026-05-19 10:00:00,26.9,67.0,0.0,6.5,180.0,3.9801020972288977e-16,6.5
2026-05-19 11:00:00,27.0,67.0,0.0,7.0,181.0,0.12216684506098519,6.998933866094739
2026-05-19 12:00:00,27.4,65.0,0.0,7.6,183.0,0.3977532674463741,7.589584464134761
2026-05-19 13:00:00,27.2,67.0,0.0,7.2,192.0,1.496964173887868,7.0426627252834
2026-05-19 14:00:00,26.8,68.0,0.0,5.3,192.0,1.101931961334125,5.18418228388917
2026-05-19 15:00:00,26.0,71.0,0.0,2.6,231.0,2.0205794997881243,1.6362330167295773
2026-05-19 16:00:00,25.3,76.0,0.1,3.2,270.0,3.2,0.0
2026-05-19 17:00:00,24.8,78.0,0.0,3.4,273.0,3.395340418165551,-0.17794225122600904
2026-05-19 18:00:00,24.0,81.0,0.0,4.0,278.0,3.9610722749662814,-0.5566924038402618
2026-05-19 19:00:00,23.0,89.0,0.0,3.4,295.0,3.0814464759246096,-1.436902089918378
2026-05-19 20:00:00,23.1,89.0,0.0,5.5,311.0,4.150902691225246,-3.6083246594477902
2026-05-19 21:00:00,23.1,88.0,0.0,5.1,318.0,3.412566092430177,-3.7900386099347103
2026-05-19 22:00:00,23.4,87.0,0.0,5.3,327.0,2.8865868855796433,-4.444954010110747
2026-05-19 23:00:00,23.4,86.0,0.0,5.7,336.0,2.3183988655320613,-5.207209108562825
2026-05-20 00:00:00,23.3,86.0,0.0,6.2,345.0,1.6046780796356286,-5.9887401229922235
2026-05-20 01:00:00,23.0,86.0,0.0,5.8,344.0,1.598696663738595,-5.57531783644225
2026-05-20 02:00:00,22.8,87.0,0.0,5.7,351.0,0.8916764507293163,-5.629823541392286
2026-05-20 03:00:00,22.3,89.0,0.0,4.7,332.0,2.206516345093687,-4.149853686436956
2026-05-20 04:00:00,22.4,88.0,0.0,5.0,330.0,2.5000000000000004,-4.330127018922193
2026-05-20 05:00:00,22.3,88.0,0.0,4.4,330.0,2.2000000000000006,-3.81051177665153
2026-05-20 06:00:00,23.1,86.0,0.0,1.4,320.0,0.8999026535611551,-1.0724622203665692
2026-05-20 07:00:00,23.9,85.0,0.0,2.8,259.0,2.748556113653459,0.5342651870543255
2026-05-20 08:00:00,25.4,81.0,0.0,4.6,198.0,1.4214781741247582,4.3748599749577055
2026-05-20 09:00:00,26.2,79.0,0.0,6.7,194.0,1.6208767005177735,6.500981366049176
2026-05-20 10:00:00,26.9,76.0,0.0,10.7,192.0,2.224655091750026,10.46617932785172
2026-05-20 11:00:00,27.5,71.0,0.0,11.5,197.0,3.362274604311473,10.997504693574907
2026-05-20 12:00:00,27.6,71.0,0.0,11.9,190.0,2.066413314236472,11.719212260845277
2026-05-20 13:00:00,27.9,70.0,0.0,11.0,190.0,1.9101299543362344,10.832885283134289
2026-05-20 14:00:00,28.2,68.0,0.0,9.2,184.0,0.6417595584459521,9.177589262390383
2026-05-20 15:00:00,27.6,72.0,0.0,5.0,139.0,-3.280295144952536,3.7735479011138606
2026-05-20 16:00:00,27.1,75.0,0.0,7.2,22.0,-2.6971674725945687,-6.675723752880868
2026-05-20 17:00:00,26.4,76.0,0.0,11.7,358.0,0.4083241114192626,-11.69287267612342
2026-05-20 18:00:00,25.4,79.0,0.0,11.2,354.0,1.1707187885977186,-11.13864522812466
2026-05-20 19:00:00,24.6,82.0,0.0,10.8,356.0,0.7533699164365526,-10.773691742806102
2026-05-20 20:00:00,24.8,81.0,0.0,10.0,345.0,2.5881904510252074,-9.659258262890683
2026-05-20 21:00:00,24.5,82.0,0.0,10.1,338.0,3.7835265935007105,-9.364556931124552
2026-05-20 22:00:00,24.5,80.0,0.0,9.1,339.0,3.2611483408622335,-8.495581881124535
2026-05-20 23:00:00,24.3,79.0,0.0,8.6,329.0,4.429327444226465,-7.371638786038166
2026-05-21 00:00:00,23.9,80.0,0.0,7.5,323.0,4.513612673640363,-5.989766325354696
2026-05-21 01:00:00,23.5,80.0,0.0,5.5,316.0,3.820621037524485,-3.956368901862581
2026-05-21 02:00:00,23.3,83.0,0.0,3.9,313.0,2.8522794363147645,-2.659793604243744
2026-05-21 03:00:00,23.2,82.0,0.0,2.7,293.0,2.485363104321589,-1.0549740469210394
2026-05-21 04:00:00,23.1,82.0,0.0,2.5,291.0,2.3339510662430043,-0.8959198738632507
2026-05-21 05:00:00,23.0,82.0,0.0,1.9,299.0,1.6617774435648518,-0.9211382784680404
2026-05-21 06:00:00,24.2,81.0,0.0,1.7000000000000002,302.0,1.4416817634659242,-0.9008627491964484
2026-05-21 07:00:00,25.5,79.0,0.0,2.1,290.0,1.9733545036504079,-0.7182423009839043
2026-05-21 08:00:00,27.5,74.0,0.0,2.3,231.0,1.7874357113510329,1.4474368994146258
2026-05-21 09:00:00,28.5,71.0,0.0,2.0,207.0,0.9079809994790936,1.7820130483767356
2026-05-21 10:00:00,29.1,68.0,0.0,2.9,184.0,0.20229377385796318,2.89293574575349
2026-05-21 11:00:00,29.5,66.0,0.0,1.3,180.0,7.960204194457797e-17,1.3
2026-05-21 12:00:00,29.5,68.0,0.0,4.1,139.0,-2.689842018861079,3.0943092789133653
2026-05-21 13:00:00,29.2,73.0,0.2,4.7,106.0,-4.517929970910099,1.2954955723398964
2026-05-21 14:00:00,29.4,73.0,0.2,6.3,95.0,-6.276026597977997,0.5490811793102466
2026-05-21 15:00:00,28.5,80.0,0.4,6.1,32.0,-3.2325075118225506,-5.173093386554198
2026-05-21 16:00:00,28.0,83.0,0.3,5.6,29.0,-2.7149338733794863,-4.897870359980617
2026-05-21 17:00:00,27.3,87.0,0.4,6.4,18.0,-1.9777087639996644,-6.086761704288983
2026-05-21 18:00:00,26.5,91.0,0.1,5.4,20.0,-1.8469087739586103,-5.074340152243906
2026-05-21 19:00:00,25.4,96.0,0.0,3.9,347.0,0.8773091119410732,-3.8000432526624173
2026-05-21 20:00:00,25.7,92.0,0.0,2.4,324.0,1.4106846055019355,-1.9416407864998737
2026-05-21 21:00:00,25.4,91.0,0.0,2.5,291.0,2.3339510662430043,-0.8959198738632507
2026-05-21 22:00:00,25.4,89.0,0.0,1.8,276.0,1.790139411662892,-0.18815123388177626
2026-05-21 23:00:00,25.2,88.0,0.0,2.5,262.0,2.475670171853926,0.3479327524001636
2026-05-22 00:00:00,24.9,89.0,0.0,2.7,262.0,2.67372378560224,0.3757673725921767
2026-05-22 01:00:00,24.5,88.0,0.0,2.4,279.0,2.3704520174283306,-0.37544271609655405
2026-05-22 02:00:00,24.8,84.0,0.0,1.8,264.0,1.790139411662892,0.18815123388177626
2026-05-22 03:00:00,24.0,87.0,0.0,2.2,279.0,2.1729143493093033,-0.34415582308850795
2026-05-22 04:00:00,23.9,89.0,0.0,1.9,304.0,1.575171387854579,-1.0624665165944192
2026-05-22 05:00:00,23.7,89.0,0.0,1.4,310.0,1.0724622203665692,-0.8999026535611548
2026-05-22 06:00:00,24.5,87.0,0.0,1.3,304.0,1.0777488443215542,-0.726950774511971
2026-05-22 07:00:00,25.2,86.0,0.0,3.4,286.0,3.2682897661902843,-0.9371670097777971
2026-05-22 08:00:00,27.0,85.0,0.1,7.9,197.0,2.309736467309621,7.55480757210798
2026-05-22 09:00:00,27.8,80.0,0.0,6.9,185.0,0.6013746249588412,6.873743416833045
2026-05-22 10:00:00,28.3,76.0,0.0,4.4,153.0,-1.9975581988540057,3.9204287064288192
2026-05-22 11:00:00,28.9,73.0,0.0,3.2,87.0,-3.1956145112146364,-0.1674750599774194
2026-05-22 12:00:00,29.5,70.0,0.0,4.3,57.0,-3.6062834421653234,-2.3419478505646163
2026-05-22 13:00:00,29.6,69.0,0.1,3.7,35.0,-2.122232814498872,-3.030862563869269
2026-05-22 14:00:00,30.7,63.0,0.2,5.6,75.0,-5.4091846272187825,-1.4493866525741164
2026-05-22 15:00:00,30.2,68.0,0.1,6.4,45.0,-4.525483399593905,-4.525483399593904
2026-05-22 16:00:00,30.0,72.0,0.1,6.2,68.0,-5.748539898314082,-2.3225608791786545
2026-05-22 17:00:00,29.1,76.0,0.0,4.8,31.0,-2.4721827595682613,-4.114403043370138
2026-05-22 18:00:00,28.0,81.0,0.0,4.9,36.0,-2.880147736233119,-3.9641832724372423
2026-05-22 19:00:00,26.4,88.0,0.0,3.8,41.0,-2.4930243101639276,-2.8678964048465336
2026-05-22 20:00:00,26.5,88.0,0.0,0.9,90.0,-0.9,1.1021821192326179e-16
2026-05-22 21:00:00,25.5,92.0,0.0,2.0,275.0,1.992389396183491,-0.17431148549531633
2026-05-22 22:00:00,25.1,93.0,0.0,2.5,278.0,2.475670171853926,-0.3479327524001636
2026-05-22 23:00:00,24.6,93.0,0.0,2.2,294.0,2.0098000068137223,-0.8948206147667606
2026-05-23 00:00:00,24.0,91.0,0.0,2.4,306.0,1.9416407864998737,-1.4106846055019355
2026-05-23 01:00:00,23.7,89.0,0.0,3.3,311.0,2.4905416147351476,-2.1649947956686737
2026-05-23 02:00:00,23.7,91.0,0.0,2.4,318.0,1.6059134552612597,-1.7835475811457462
2026-05-23 03:00:00,24.2,90.0,0.0,3.0,303.0,2.516011703836272,-1.6339171050450814
2026-05-23 04:00:00,24.4,91.0,0.0,2.3,299.0,2.01162532642061,-1.1150621265665752
2026-05-23 05:00:00,24.5,92.0,0.0,1.7000000000000002,288.0,1.6167960777017611,-0.5253288904374106
2026-05-23 06:00:00,25.1,87.0,0.0,2.3,309.0,1.7874357113510329,-1.4474368994146258
2026-05-23 07:00:00,26.0,86.0,0.0,2.8,342.0,0.8652475842498528,-2.6629582456264296
2026-05-23 08:00:00,27.6,83.0,0.0,3.3,41.0,-2.1649947956686737,-2.4905416147351476
2026-05-23 09:00:00,28.7,77.0,0.0,2.0,360.0,1.2246467991473532e-16,-2.0
2026-05-23 10:00:00,29.6,71.0,0.0,3.2,90.0,-3.2,3.9188697572715305e-16
2026-05-23 11:00:00,30.2,67.0,0.0,4.3,107.0,-4.112110450641053,1.2571983303077674
2026-05-23 12:00:00,30.0,68.0,0.0,3.1,130.0,-2.3747377736688318,1.9926415900282723
2026-05-23 13:00:00,30.0,68.0,0.0,4.1,113.0,-3.774069899155005,1.6019976268060223
2026-05-23 14:00:00,29.8,71.0,0.0,6.9,84.0,-6.862201078041086,-0.7212463965468092
2026-05-23 15:00:00,28.9,75.0,0.0,5.2,14.0,-1.2579938571182725,-5.045537776635181
2026-05-23 16:00:00,28.5,78.0,0.0,4.8,333.0,2.1791543987498248,-4.276831316104166
2026-05-23 17:00:00,28.1,81.0,0.0,4.9,24.0,-1.9930095510714205,-4.476372742448745
2026-05-23 18:00:00,27.5,85.0,0.0,2.9,47.0,-2.1209257346955948,-1.9777952441812452
2026-05-23 19:00:00,26.5,90.0,0.0,0.6000000000000001,342.0,0.1854101966249685,-0.5706339097770922
2026-05-23 20:00:00,26.8,92.0,0.1,1.8,180.0,1.1021821192326179e-16,1.8
2026-05-23 21:00:00,26.1,93.0,0.0,2.2,256.0,2.1346505978071924,0.5322281703192691
2026-05-23 22:00:00,26.0,90.0,0.0,1.3,286.0,1.2496402047198145,-0.35832856256209894
2026-05-23 23:00:00,24.9,88.0,0.0,2.0,297.0,1.7820130483767358,-0.9079809994790935
2026-05-24 00:00:00,23.4,87.0,0.0,2.9,300.0,2.511473670974872,-1.4499999999999997
2026-05-24 01:00:00,22.5,84.0,0.0,2.8,305.0,2.293625724009177,-1.6060140217829288
2026-05-24 02:00:00,22.9,85.0,0.0,1.4,310.0,1.0724622203665692,-0.8999026535611548
2026-05-24 03:00:00,23.3,80.0,0.0,3.0,303.0,2.516011703836272,-1.6339171050450814
2026-05-24 04:00:00,23.8,75.0,0.0,2.1,308.0,1.654822582574116,-1.2928890981838825
2026-05-24 05:00:00,24.1,71.0,0.0,1.9,304.0,1.575171387854579,-1.0624665165944192
2026-05-24 06:00:00,25.4,76.0,0.0,1.4,310.0,1.0724622203665692,-0.8999026535611548
2026-05-24 07:00:00,26.4,81.0,0.0,1.4,337.0,0.5470235798849832,-1.2887067948334165
2026-05-24 08:00:00,28.5,75.0,0.0,0.5,360.0,3.061616997868383e-17,-0.5
2026-05-24 09:00:00,30.0,69.0,0.0,0.9,191.0,0.17172809583889043,0.8834644651028976
2026-05-24 10:00:00,30.6,65.0,0.0,2.9,137.0,-1.9777952441812452,2.1209257346955948
2026-05-24 11:00:00,30.9,63.0,0.0,4.9,118.0,-4.326443205008743,2.3004106576508647
2026-05-24 12:00:00,30.6,66.0,0.0,6.5,95.0,-6.475265537596346,0.5665123278597782
2026-05-24 13:00:00,30.5,68.0,0.0,6.3,95.0,-6.276026597977997,0.5490811793102466
2026-05-24 14:00:00,30.6,67.0,0.0,6.5,109.0,-6.1458707413955596,2.1161930039715178
2026-05-24 15:00:00,30.1,69.0,0.0,4.9,123.0,-4.109485782932578,2.668731271573634
2026-05-24 16:00:00,29.5,71.0,0.0,4.9,126.0,-3.9641832724372423,2.880147736233119
2026-05-24 17:00:00,28.6,75.0,0.0,2.7,127.0,-2.156315877127691,1.6249005625105302
2026-05-24 18:00:00,27.7,81.0,0.0,0.30000000000000004,225.0,0.2121320343559643,0.21213203435596428
2026-05-24 19:00:00,26.6,85.0,0.0,0.5,225.0,0.3535533905932738,0.35355339059327373
2026-05-24 20:00:00,26.6,85.0,0.0,0.4,333.0,0.18159619989581874,-0.35640260967534715
2026-05-24 21:00:00,25.3,91.0,0.0,2.2,294.0,2.0098000068137223,-0.8948206147667606
2026-05-24 22:00:00,24.5,94.0,0.0,3.1,291.0,2.8940993221413254,-1.1109406435904308
2026-05-24 23:00:00,23.6,94.0,0.0,3.2,297.0,2.8512208774027776,-1.4527695991665497
2026-05-25 00:00:00,23.0,90.0,0.0,2.3,302.0,1.9505106211597796,-1.2188143077363711
2026-05-25 01:00:00,23.0,86.0,0.0,2.2,305.0,1.802134497435782,-1.2618681599723014
2026-05-25 02:00:00,23.2,86.0,0.0,1.5,306.0,1.2135254915624212,-0.8816778784387097
2026-05-25 03:00:00,23.5,84.0,0.0,2.3,299.0,2.01162532642061,-1.1150621265665752
2026-05-25 04:00:00,23.8,86.0,0.0,1.0,301.0,0.8571673007021123,-0.5150380749100542
2026-05-25 05:00:00,23.8,88.0,0.0,0.9,307.0,0.7187719590425635,-0.5416335208368435
2026-05-25 06:00:00,24.2,83.0,0.0,3.4,313.0,2.4866025855051794,-2.318794424212495
2026-05-25 07:00:00,26.2,84.0,0.0,2.1,308.0,1.654822582574116,-1.2928890981838825
2026-05-25 08:00:00,27.9,80.0,0.0,3.6,93.0,-3.595066325116466,0.1884094424745977
2026-05-25 09:00:00,29.1,78.0,0.0,2.5,135.0,-1.7677669529663687,1.7677669529663689
2026-05-25 10:00:00,30.0,73.0,0.0,4.3,135.0,-3.040559159102154,3.0405591591021546
2026-05-25 11:00:00,30.6,67.0,0.0,5.8,95.0,-5.777929248932124,0.5055033079364175
2026-05-25 12:00:00,31.0,66.0,0.0,7.5,79.0,-7.36220387585748,-1.4310674653240854
2026-05-25 13:00:00,31.5,65.0,0.0,8.1,73.0,-7.746068523300587,-2.3682108082541675
2026-05-25 14:00:00,32.0,63.0,0.0,9.2,111.0,-8.588939923774255,3.2969851358167617
2026-05-25 15:00:00,31.5,67.0,0.0,9.2,118.0,-8.123117854302128,4.319138377630194
2026-05-25 16:00:00,31.0,68.0,0.0,6.0,99.0,-5.926130043570826,0.9386067902413859
2026-05-25 17:00:00,30.0,72.0,0.0,4.7,58.0,-3.9858260519352027,-2.4906205418960625
2026-05-25 18:00:00,28.6,83.0,0.0,1.8,24.0,-0.7321259575364402,-1.6443818237566818
2026-05-25 19:00:00,27.4,85.0,0.0,1.3,124.0,-1.0777488443215542,0.726950774511971
2026-05-25 20:00:00,27.0,85.0,0.0,0.7000000000000001,256.0,0.6792070083931976,0.16934532691976742
2026-05-25 21:00:00,25.6,88.0,0.0,3.8,267.0,3.7947922320673806,0.19887663372318656
2026-05-25 22:00:00,24.6,91.0,0.0,2.6,286.0,2.499280409439629,-0.7166571251241979
2026-05-25 23:00:00,23.9,86.0,0.0,1.9,304.0,1.575171387854579,-1.0624665165944192
2026-05-26 00:00:00,23.8,77.0,0.0,2.7,290.0,2.537170076121953,-0.9234543869793056
2026-05-26 01:00:00,23.6,71.0,0.0,2.3,288.0,2.1874299874788528,-0.710739087062379
2026-05-26 02:00:00,23.4,80.0,0.0,0.0,270.0,0.0,0.0
2026-05-26 03:00:00,23.1,80.0,0.0,2.5,315.0,1.7677669529663689,-1.7677669529663687
2026-05-26 04:00:00,22.8,77.0,0.0,3.8,319.0,2.4930243101639276,-2.8678964048465336
2026-05-26 05:00:00,22.7,71.0,0.0,4.5,317.0,3.068992620281243,-3.291091657286267
2026-05-26 06:00:00,23.5,69.0,0.0,4.8,315.0,3.394112549695428,-3.3941125496954276
2026-05-26 07:00:00,27.0,68.0,0.0,4.3,318.0,2.8772616073430903,-3.195522749552795
2026-05-26 08:00:00,29.3,64.0,0.0,2.7,28.0,-1.2675732195219052,-2.383958500719103
2026-05-26 09:00:00,30.4,62.0,0.0,2.2,138.0,-1.4720873339894882,1.6349186160502676
2026-05-26 10:00:00,31.1,60.0,0.0,4.7,157.0,-1.8364363038995868,4.326372811226469
2026-05-26 11:00:00,31.1,59.0,0.0,6.4,170.0,-1.111348337068354,6.3027696192781315
2026-05-26 12:00:00,31.0,57.0,0.0,5.4,178.0,-0.18845728219350516,5.3967104659031175
2026-05-26 13:00:00,31.0,57.0,0.0,4.3,156.0,-1.748967565225941,3.9282454678631837
2026-05-26 14:00:00,31.5,55.0,0.0,6.1,152.0,-2.8637765329939344,5.385980316439453
2026-05-26 15:00:00,31.5,57.0,0.0,2.9,169.0,-0.5533460865919799,2.8467188319982255
2026-05-26 16:00:00,31.3,60.0,0.0,3.7,133.0,-2.706008695990931,2.523393932231245
2026-05-26 17:00:00,30.2,67.0,0.0,4.6,135.0,-3.252691193458118,3.2526911934581184
2026-05-26 18:00:00,28.6,80.0,0.0,2.3,157.0,-0.8986815955253296,2.1171611629406124
2026-05-26 19:00:00,27.1,84.0,0.0,2.5,180.0,1.5308084989341916e-16,2.5
2026-05-26 20:00:00,27.1,88.0,0.0,1.5,216.0,0.8816778784387097,1.2135254915624212
2026-05-26 21:00:00,25.8,89.0,0.0,2.2,270.0,2.2,0.0
2026-05-26 22:00:00,24.5,86.0,0.0,0.6000000000000001,288.0,0.5706339097770922,-0.18541019662496847
2026-05-26 23:00:00,23.9,82.0,0.0,0.30000000000000004,315.0,0.2121320343559643,-0.21213203435596428
2026-05-27 00:00:00,23.5,76.0,0.0,1.7000000000000002,302.0,1.4416817634659242,-0.9008627491964484
2026-05-27 01:00:00,23.2,69.0,0.0,2.2,305.0,1.802134497435782,-1.2618681599723014
2026-05-27 02:00:00,22.9,74.0,0.0,1.4,320.0,0.8999026535611551,-1.0724622203665692
2026-05-27 03:00:00,22.9,74.0,0.0,1.2,309.0,0.9325751537483651,-0.7551844692598049
2026-05-27 04:00:00,22.6,68.0,0.0,1.4,310.0,1.0724622203665692,-0.8999026535611548
2026-05-27 05:00:00,22.5,63.0,0.0,2.0,315.0,1.4142135623730951,-1.414213562373095
2026-05-27 06:00:00,23.1,65.0,0.0,3.1,315.0,2.1920310216782974,-2.192031021678297
2026-05-27 07:00:00,27.2,65.0,0.0,4.4,333.0,1.997558198854006,-3.920428706428819
2026-05-27 08:00:00,30.2,62.0,0.0,4.7,62.0,-4.149853686436956,-2.206516345093687
2026-05-27 09:00:00,31.5,58.0,0.0,3.3,103.0,-3.215421213791276,0.7423384793347552
2026-05-27 10:00:00,31.9,58.0,0.0,7.0,119.0,-6.12233794997577,3.39366734172436
2026-05-27 11:00:00,31.4,62.0,0.0,8.9,117.0,-7.929958065276474,4.040515447681967
2026-05-27 12:00:00,31.2,61.0,0.0,8.6,116.0,-7.729628798172836,3.7699918623860644
2026-05-27 13:00:00,31.2,61.0,0.0,7.6,117.0,-6.771649583831595,3.450327798020556
2026-05-27 14:00:00,31.5,62.0,0.0,9.2,106.0,-8.843607602632533,2.5358636735163924
2026-05-27 15:00:00,31.0,66.0,0.0,6.9,99.0,-6.81504955010645,1.0793978087775937
2026-05-27 16:00:00,29.9,71.0,0.0,5.6,112.0,-5.192229585574009,2.0977969231291085
2026-05-27 17:00:00,29.1,74.0,0.0,3.2,124.0,-2.6529202321761334,1.7894172911063901
2026-05-27 18:00:00,28.3,83.0,0.0,1.3,196.0,0.35832856256209894,1.2496402047198145
2026-05-27 19:00:00,27.1,84.0,0.0,1.8,191.0,0.34345619167778085,1.7669289302057951
2026-05-27 20:00:00,27.0,89.0,0.0,1.5,249.0,1.4003706397458027,0.5375519243179504
2026-05-27 21:00:00,26.2,91.0,0.0,1.2,297.0,1.0692078290260414,-0.5447885996874561
2026-05-27 22:00:00,25.5,92.0,0.0,1.2,297.0,1.0692078290260414,-0.5447885996874561
2026-05-27 23:00:00,24.5,91.0,0.0,3.4,302.0,2.883363526931848,-1.8017254983928965
2026-05-28 00:00:00,23.5,86.0,0.0,5.7,305.0,4.669166652447253,-3.2693856872009626
2026-05-28 01:00:00,23.0,77.0,0.0,4.8,312.0,3.5670951622914924,-3.2118269105225195
2026-05-28 02:00:00,23.8,68.0,0.0,3.6,319.0,2.3618125043658265,-2.716954488801979
2026-05-28 03:00:00,25.0,65.0,0.0,1.5,315.0,1.0606601717798214,-1.0606601717798212
2026-05-28 04:00:00,26.0,61.0,0.0,1.3,326.0,0.7269507745119709,-1.0777488443215544
2026-05-28 05:00:00,26.5,59.0,0.0,1.3,304.0,1.0777488443215542,-0.726950774511971
2026-05-28 06:00:00,27.6,63.0,0.0,1.5,300.0,1.299038105676658,-0.7499999999999999
2026-05-28 07:00:00,29.5,56.0,0.0,1.6,6.0,-0.1672455412282454,-1.5912350325892375
2026-05-28 08:00:00,30.3,62.0,0.0,3.0,76.0,-2.9108871788279895,-0.7257656867990026
2026-05-28 09:00:00,31.0,59.0,0.0,3.1,126.0,-2.507952682562337,1.822134282106667
2026-05-28 10:00:00,31.4,57.0,0.0,5.3,156.0,-2.1557042083017413,4.8417909255057845
2026-05-28 11:00:00,31.6,56.0,0.0,5.7,156.0,-2.3183988655320618,5.207209108562825
2026-05-28 12:00:00,31.6,56.0,0.0,4.2,155.0,-1.7749966993109372,3.8064927055539304
2026-05-28 13:00:00,31.9,55.0,0.0,3.4,155.0,-1.4369020899183778,3.08144647592461
2026-05-28 14:00:00,32.6,51.0,0.0,3.5,141.0,-2.2026213686744303,2.7200108650993986
2026-05-28 15:00:00,32.2,56.0,0.0,3.5,141.0,-2.2026213686744303,2.7200108650993986
2026-05-28 16:00:00,31.3,62.0,0.0,4.4,111.0,-4.107753876587688,1.5768189779993211
2026-05-28 17:00:00,30.1,70.0,0.0,3.2,109.0,-3.025659441917814,1.0418180942629012
2026-05-28 18:00:00,28.9,80.0,0.0,1.1,99.0,-1.0864571746546514,0.1720779115442541
2026-05-28 19:00:00,27.6,86.0,0.0,0.8,117.0,-0.7128052193506943,0.36319239979163753
2026-05-28 20:00:00,27.5,87.0,0.0,0.30000000000000004,135.0,-0.21213203435596428,0.2121320343559643
2026-05-28 21:00:00,27.3,87.0,0.0,1.0,292.0,0.9271838545667874,-0.374606593415912
2026-05-28 22:00:00,27.4,85.0,0.0,0.4,297.0,0.3564026096753472,-0.1815961998958187
2026-05-28 23:00:00,27.1,84.0,0.0,0.30000000000000004,315.0,0.2121320343559643,-0.21213203435596428
2026-05-29 00:00:00,26.8,83.0,0.0,0.30000000000000004,315.0,0.2121320343559643,-0.21213203435596428
2026-05-29 01:00:00,26.0,83.0,0.0,0.6000000000000001,288.0,0.5706339097770922,-0.18541019662496847
2026-05-29 02:00:00,24.9,88.0,0.0,1.5,324.0,0.8816778784387097,-1.2135254915624212
2026-05-29 03:00:00,24.0,85.0,0.0,3.1,291.0,2.8940993221413254,-1.1109406435904308
2026-05-29 04:00:00,23.4,81.0,0.0,4.0,288.0,3.804226065180614,-1.2360679774997896
2026-05-29 05:00:00,22.9,79.0,0.0,2.7,293.0,2.485363104321589,-1.0549740469210394
2026-05-29 06:00:00,23.9,79.0,0.0,3.1,301.0,2.6572186321765483,-1.5966180322211678
2026-05-29 07:00:00,27.0,78.0,0.0,2.1,301.0,1.800051331474436,-1.0815799573111138
2026-05-29 08:00:00,29.4,69.0,0.0,1.3,124.0,-1.0777488443215542,0.726950774511971
2026-05-29 09:00:00,30.7,62.0,0.0,2.2,138.0,-1.4720873339894882,1.6349186160502676
2026-05-29 10:00:00,31.0,61.0,0.0,5.9,121.0,-5.0572870741424625,3.038724641969321
2026-05-29 11:00:00,31.1,62.0,0.0,4.1,124.0,-3.3990540474756705,2.2926909042300623
2026-05-29 12:00:00,31.1,64.0,0.0,5.3,145.0,-3.0399551126605444,4.341505834731656
2026-05-29 13:00:00,31.0,67.0,0.1,5.9,145.0,-3.3841009744711728,4.8329970613050515
2026-05-29 14:00:00,31.0,70.0,0.2,2.4,144.0,-1.4106846055019353,1.9416407864998737
2026-05-29 15:00:00,28.5,88.0,1.8,4.0,95.0,-3.984778792366982,0.3486229709906328
2026-05-29 16:00:00,26.5,95.0,5.4,4.9,336.0,1.9930095510714212,-4.476372742448745
2026-05-29 17:00:00,26.5,97.0,1.2,2.7,312.0,2.0064910287889646,-1.8066526371689173
2026-05-29 18:00:00,26.1,95.0,0.6,5.0,2.0,-0.1744974835125038,-4.9969541350954785
2026-05-29 19:00:00,25.1,97.0,0.6,3.1,350.0,0.5383093507674843,-3.052904034337845
2026-05-29 20:00:00,24.5,98.0,0.6,4.3,332.0,2.0187277199793305,-3.7966746492933856
2026-05-29 21:00:00,24.0,98.0,3.8,5.7,307.0,4.55222240726957,-3.4303456319666754
2026-05-29 22:00:00,24.1,99.0,3.7,2.9,248.0,2.6888331782436836,1.0863591209061447
2026-05-29 23:00:00,24.3,98.0,0.7000000000000001,2.1,290.0,1.9733545036504079,-0.7182423009839043
2026-05-30 00:00:00,24.3,99.0,0.2,1.1,279.0,1.0864571746546516,-0.17207791154425398
2026-05-30 01:00:00,24.2,99.0,0.2,1.3,304.0,1.0777488443215542,-0.726950774511971
2026-05-30 02:00:00,24.1,98.0,0.1,1.3,360.0,7.960204194457797e-17,-1.3
2026-05-30 03:00:00,24.0,97.0,0.1,1.1,351.0,0.17207791154425403,-1.0864571746546516
2026-05-30 04:00:00,23.8,97.0,0.1,2.4,351.0,0.3754427160965542,-2.3704520174283306
2026-05-30 05:00:00,23.5,97.0,0.2,4.6,334.0,2.016507275229756,-4.134452612976168
2026-05-30 06:00:00,24.1,96.0,0.1,3.4,335.0,1.436902089918378,-3.0814464759246096
2026-05-30 07:00:00,24.9,93.0,0.0,2.3,32.0,-1.2188143077363713,-1.9505106211597796
2026-05-30 08:00:00,26.3,85.0,0.0,5.2,65.0,-4.71280049259058,-2.1976149610516362
2026-05-30 09:00:00,27.6,75.0,0.0,6.9,51.0,-5.362307134053099,-4.34231069824388
2026-05-30 10:00:00,29.0,67.0,0.0,8.1,61.0,-7.0844196278291065,-3.926957923995329
2026-05-30 11:00:00,29.8,61.0,0.0,10.6,66.0,-9.683581851011569,-4.311408416603482
2026-05-30 12:00:00,29.8,59.0,0.0,13.4,76.0,-13.001962732098352,-3.241753401035545
2026-05-30 13:00:00,29.4,62.0,0.0,13.0,66.0,-11.876090949353811,-5.287576359985403
2026-05-30 14:00:00,29.6,61.0,0.0,15.1,61.0,-13.206757577804877,-7.320625265719688
2026-05-30 15:00:00,28.6,64.0,0.0,13.3,55.0,-10.894722189043591,-7.628566603468914
2026-05-30 16:00:00,27.3,68.0,0.2,12.4,50.0,-9.498951094675327,-7.970566360113087
2026-05-30 17:00:00,26.5,70.0,0.0,8.4,34.0,-4.697220389154271,-6.963915609462352
2026-05-30 18:00:00,25.6,76.0,0.0,4.4,19.0,-1.4324998796114894,-4.160281732636994
2026-05-30 19:00:00,24.5,80.0,0.0,4.0,27.0,-1.8159619989581877,-3.564026096753471
2026-05-30 20:00:00,24.4,76.0,0.0,5.0,26.0,-2.191855733945389,-4.493970231495834
2026-05-30 21:00:00,23.8,79.0,0.0,3.4,354.0,0.35539677511002177,-3.381374444252129
2026-05-30 22:00:00,23.5,81.0,0.0,2.9,353.0,0.3534210958749277,-2.8783838397598336
2026-05-30 23:00:00,23.0,82.0,0.0,4.8,349.0,0.9158831778074156,-4.711810480548787
2026-05-31 00:00:00,22.8,85.0,0.0,4.5,331.0,2.181643291108517,-3.935788682127281
2026-05-31 01:00:00,22.7,88.0,0.0,2.0,315.0,1.4142135623730951,-1.414213562373095
2026-05-31 02:00:00,23.0,85.0,0.0,0.8,315.0,0.5656854249492381,-0.565685424949238
2026-05-31 03:00:00,23.1,84.0,0.0,0.2,270.0,0.2,0.0
2026-05-31 04:00:00,22.9,85.0,0.0,1.3,90.0,-1.3,1.5920408388915593e-16
2026-05-31 05:00:00,22.4,86.0,0.0,2.2,42.0,-1.472087333989488,-1.6349186160502678
2026-05-31 06:00:00,23.3,83.0,0.0,2.6,348.0,0.5405703961261746,-2.5431837619078945
2026-05-31 07:00:00,24.4,76.0,0.0,2.7,23.0,-1.0549740469210394,-2.4853631043215887
2026-05-31 08:00:00,26.4,67.0,0.0,5.2,49.0,-3.924489817158415,-3.4115069507506366
2026-05-31 09:00:00,27.5,63.0,0.0,5.2,56.0,-4.3109953772862175,-2.907803098047883
2026-05-31 10:00:00,28.2,62.0,0.0,5.7,77.0,-5.553909369275841,-1.2822210097600304
2026-05-31 11:00:00,28.8,62.0,0.0,5.4,82.0,-5.34744757120448,-0.7515347451843538
2026-05-31 12:00:00,29.0,62.0,0.0,7.6,83.0,-7.543350752474048,-0.9262070098791195
2026-05-31 13:00:00,29.0,63.0,0.0,10.7,84.0,-10.641384280440523,-1.1184545569638924
2026-05-31 14:00:00,28.6,64.0,0.0,11.4,77.0,-11.107818738551682,-2.564442019520061
2026-05-31 15:00:00,27.9,67.0,0.0,9.8,70.0,-9.208987683701903,-3.351797404591553
2026-05-31 16:00:00,27.2,69.0,0.0,8.1,72.0,-7.703557781990744,-2.503037654437073
2026-05-31 17:00:00,26.5,71.0,0.0,9.4,60.0,-8.140638795573723,-4.700000000000001
2026-05-31 18:00:00,25.6,72.0,0.0,7.9,20.0,-2.7019591322727816,-7.423571704208677
2026-05-31 19:00:00,24.9,78.0,0.0,5.9,305.0,4.8329970613050515,-3.384100974471172
2026-05-31 20:00:00,24.5,85.0,0.0,2.3,39.0,-1.447436899414627,-1.7874357113510322
2026-05-31 21:00:00,24.1,85.0,0.0,2.4,36.0,-1.4106846055019358,-1.9416407864998735
2026-05-31 22:00:00,24.0,84.0,0.0,2.0,63.0,-1.7820130483767358,-0.9079809994790934
2026-05-31 23:00:00,23.6,83.0,0.0,1.0,135.0,-0.7071067811865475,0.7071067811865476
2026-06-01 00:00:00,23.2,86.0,0.0,2.3,225.0,1.6263455967290592,1.626345596729059
2026-06-01 01:00:00,23.1,87.0,0.0,2.4,234.0,1.9416407864998737,1.4106846055019355
2026-06-01 02:00:00,22.6,90.0,0.0,3.0,115.0,-2.7189233611099497,1.2678547852220985
2026-06-01 03:00:00,22.1,91.0,0.0,1.9,338.0,0.7117525274902327,-1.761649323676896
2026-06-01 04:00:00,22.4,89.0,0.0,3.4,317.0,2.318794424212495,-2.4866025855051794
2026-06-01 05:00:00,22.6,87.0,0.0,3.3,315.0,2.3334523779156067,-2.3334523779156067
2026-06-01 06:00:00,23.0,86.0,0.0,3.0,303.0,2.516011703836272,-1.6339171050450814
2026-06-01 07:00:00,23.8,85.0,0.0,1.5,324.0,0.8816778784387097,-1.2135254915624212
2026-06-01 08:00:00,25.2,82.0,0.0,0.8,243.0,0.7128052193506944,0.3631923997916374
2026-06-01 09:00:00,26.4,78.0,0.0,2.4,193.0,0.5398825304252758,2.3384881554845647
2026-06-01 10:00:00,27.4,73.0,0.0,3.4,180.0,2.0818995585505003e-16,3.4
2026-06-01 11:00:00,28.0,70.0,0.0,2.6,196.0,0.7166571251241979,2.499280409439629
2026-06-01 12:00:00,28.5,68.0,0.0,4.0,180.0,2.4492935982947064e-16,4.0
2026-06-01 13:00:00,29.0,67.0,0.0,5.6,197.0,1.6372815464473258,5.355306633392998
2026-06-01 14:00:00,29.2,62.0,0.0,3.3,248.0,3.0597067200703982,1.2362017582725096
2026-06-01 15:00:00,29.1,62.0,0.0,3.5,235.0,2.8670321550114712,2.007517527228661
2026-06-01 16:00:00,28.4,63.0,0.0,5.2,226.0,3.7405669617609862,3.612223526386786
2026-06-01 17:00:00,27.6,65.0,0.0,3.5,231.0,2.720010865099398,2.2026213686744307
2026-06-01 18:00:00,26.6,74.0,0.0,2.7,266.0,2.6934229357015256,0.18834247910913832
2026-06-01 19:00:00,26.0,81.0,0.0,2.8,288.0,2.6629582456264296,-0.8652475842498527
2026-06-01 20:00:00,25.8,85.0,0.0,2.1,285.0,2.0284442352070435,-0.5435199947152936
2026-06-01 21:00:00,25.9,84.0,0.0,0.9,307.0,0.7187719590425635,-0.5416335208368435
2026-06-01 22:00:00,25.9,81.0,0.0,0.30000000000000004,315.0,0.2121320343559643,-0.21213203435596428
2026-06-01 23:00:00,25.7,81.0,0.0,0.2,270.0,0.2,0.0
2026-06-02 00:00:00,25.5,81.0,0.0,0.30000000000000004,315.0,0.2121320343559643,-0.21213203435596428
2026-06-02 01:00:00,25.1,82.0,0.0,0.2,270.0,0.2,0.0
2026-06-02 02:00:00,24.8,84.0,0.0,0.5,270.0,0.5,0.0
2026-06-02 03:00:00,24.1,85.0,0.0,1.9,299.0,1.6617774435648518,-0.9211382784680404
2026-06-02 04:00:00,23.9,84.0,0.0,2.4,312.0,1.7835475811457462,-1.6059134552612597
2026-06-02 05:00:00,23.5,81.0,0.0,4.6,321.0,2.894873798829252,-3.5748714227020657
2026-06-02 06:00:00,24.0,80.0,0.0,6.1,313.0,4.461257579876939,-4.1601899963812405
2026-06-02 07:00:00,25.5,78.0,0.0,4.5,307.0,3.5938597952128175,-2.7081676041842173
2026-06-02 08:00:00,27.6,72.0,0.0,0.8,117.0,-0.7128052193506943,0.36319239979163753
2026-06-02 09:00:00,28.9,68.0,0.0,1.7000000000000002,13.0,-0.382416792384571,-1.6564291101348998
2026-06-02 10:00:00,30.0,64.0,0.0,4.6,81.0,-4.543366366737634,-0.7195985391850613
2026-06-02 11:00:00,29.9,67.0,0.0,7.6,83.0,-7.543350752474048,-0.9262070098791195
2026-06-02 12:00:00,29.5,72.0,0.0,5.8,85.0,-5.777929248932124,-0.5055033079364161
2026-06-02 13:00:00,29.5,72.0,0.3,4.8,79.0,-4.711810480548787,-0.9158831778074146
2026-06-02 14:00:00,29.5,72.0,0.5,6.6,116.0,-5.932040705574502,2.89324956880791
2026-06-02 15:00:00,28.9,76.0,0.3,4.5,104.0,-4.366330768241984,1.0886485301985047
2026-06-02 16:00:00,28.3,78.0,0.2,2.8,101.0,-2.748556113653459,0.5342651870543259
2026-06-02 17:00:00,27.7,80.0,0.1,3.1,93.0,-3.0957515577391788,0.1622414643531258
2026-06-02 18:00:00,26.9,85.0,0.0,0.5,270.0,0.5,0.0
2026-06-02 19:00:00,25.9,91.0,0.0,2.0,270.0,2.0,0.0
2026-06-02 20:00:00,26.3,90.0,0.0,0.9,307.0,0.7187719590425635,-0.5416335208368435
2026-06-02 21:00:00,26.1,89.0,0.0,1.1,288.0,1.0461621679246689,-0.33991869381244216
2026-06-02 22:00:00,26.0,87.0,0.0,0.6000000000000001,304.0,0.49742254353302506,-0.33551574208244817
2026-06-02 23:00:00,26.0,85.0,0.0,0.4,270.0,0.4,0.0
2026-06-03 00:00:00,25.8,86.0,0.0,2.3,219.0,1.447436899414626,1.7874357113510329
2026-06-03 01:00:00,25.4,85.0,0.0,3.6,225.0,2.5455844122715714,2.545584412271571
2026-06-03 02:00:00,24.9,89.0,0.0,3.1,225.0,2.1920310216782974,2.192031021678297
2026-06-03 03:00:00,24.4,87.0,0.0,2.9,266.0,2.89293574575349,0.20229377385796338
2026-06-03 04:00:00,23.6,85.0,0.0,3.4,276.0,3.381374444252129,-0.35539677511002177
2026-06-03 05:00:00,22.9,85.0,0.0,3.4,295.0,3.0814464759246096,-1.436902089918378
2026-06-03 06:00:00,23.1,84.0,0.0,3.1,310.0,2.3747377736688318,-1.9926415900282717
2026-06-03 07:00:00,26.1,82.0,0.0,3.2,322.0,1.9701167210421067,-2.521634411541511
2026-06-03 08:00:00,28.8,66.0,0.0,1.9,112.0,-1.7616493236768958,0.7117525274902332
2026-06-03 09:00:00,29.4,60.0,0.0,4.3,147.0,-2.3419478505646163,3.606283442165323
2026-06-03 10:00:00,30.0,58.0,0.0,3.5,171.0,-0.5475206276408079,3.456909192082982
2026-06-03 11:00:00,30.5,59.0,0.0,6.5,199.0,2.116193003971519,6.145870741395559
2026-06-03 12:00:00,30.9,60.0,0.0,8.7,201.0,3.117801161044113,8.122149710525655
2026-06-03 13:00:00,31.0,61.0,0.0,8.9,201.0,3.1894747509531736,8.308865795825096
2026-06-03 14:00:00,31.6,60.0,0.0,9.7,192.0,2.0167434009322665,9.488031727117914
2026-06-03 15:00:00,30.9,66.0,0.0,7.3,190.0,1.267631696968592,7.189096596989119
2026-06-03 16:00:00,30.3,70.0,0.2,3.6,225.0,2.5455844122715714,2.545584412271571
2026-06-03 17:00:00,29.6,73.0,0.1,2.8,225.0,1.9798989873223332,1.9798989873223327
2026-06-03 18:00:00,28.3,81.0,0.1,1.8,259.0,1.7669289302057951,0.34345619167778063
2026-06-03 19:00:00,26.9,89.0,0.1,1.2,297.0,1.0692078290260414,-0.5447885996874561
2026-06-03 20:00:00,26.4,91.0,0.0,2.3,328.0,1.2188143077363711,-1.9505106211597796
2026-06-03 21:00:00,26.0,90.0,0.0,1.5,306.0,1.2135254915624212,-0.8816778784387097
2026-06-03 22:00:00,26.1,86.0,0.0,0.9,281.0,0.8834644651028976,-0.17172809583889032
2026-06-03 23:00:00,25.9,86.0,0.0,2.7,247.0,2.485363104321589,1.0549740469210394
2026-06-04 00:00:00,25.2,88.0,0.0,4.7,247.0,4.32637281122647,1.8364363038995868
2026-06-04 01:00:00,24.7,89.0,0.0,5.1,260.0,5.022519540362261,0.8856057061013446
2026-06-04 02:00:00,23.9,94.0,0.0,6.3,246.0,5.755336383148386,2.5624408513775414
2026-06-04 03:00:00,23.8,90.0,0.0,7.2,252.0,6.8476069173251055,2.2249223594996215
2026-06-04 04:00:00,23.8,87.0,0.0,7.7,249.0,7.188569284028453,2.7594332114988123
2026-06-04 05:00:00,23.4,87.0,0.0,5.2,264.0,5.1715138559150216,0.5435480089917981
2026-06-04 06:00:00,24.2,85.0,0.0,5.9,259.0,5.791600382341218,1.1257730727216144
2026-06-04 07:00:00,26.4,85.0,0.0,7.6,207.0,3.4503277980205556,6.771649583831595
2026-06-04 08:00:00,28.2,81.0,0.0,12.4,189.0,1.9397873664988636,12.247335423379708
2026-06-04 09:00:00,29.2,77.0,0.0,13.3,189.0,2.0805783850350714,13.136254929915333
2026-06-04 10:00:00,29.6,75.0,0.0,17.1,184.0,1.1928357010245416,17.058345259442994
2026-06-04 11:00:00,30.3,72.0,0.1,18.6,183.0,0.9734487861187578,18.574509346435075
2026-06-04 12:00:00,30.6,69.0,0.0,19.7,185.0,1.7169681321288652,19.625035552407386
2026-06-04 13:00:00,30.6,70.0,0.0,19.3,182.0,0.6735602863582709,19.288242961468548
2026-06-04 14:00:00,27.4,92.0,0.0,19.5,190.0,3.3861394645051432,19.203751183738056
2026-06-04 15:00:00,26.1,96.0,1.1,17.3,189.0,2.7063162451959952,17.087008292295884
2026-06-04 16:00:00,25.7,98.0,1.3,13.8,194.0,3.338522159275414,13.390081022608753
2026-06-04 17:00:00,25.8,98.0,3.5,11.6,198.0,3.5845971347493903,11.03225558902378
2026-06-04 18:00:00,25.5,98.0,1.0,12.1,197.0,3.5376976271451146,11.571287547152728
2026-06-04 19:00:00,25.0,99.0,2.0,11.6,199.0,3.7765905917030183,10.968015476952074
2026-06-04 20:00:00,24.8,96.0,0.3,5.0,215.0,2.8678821817552307,4.095760221444959
2026-06-04 21:00:00,24.3,97.0,4.5,6.8,202.0,2.5473248352282014,6.304850211054155
2026-06-04 22:00:00,24.3,99.0,3.8,4.1,229.0,3.094309278913365,2.6898420188610794
2026-06-04 23:00:00,24.2,98.0,5.8,3.3,216.0,1.9396913325651612,2.6697560814373262
2026-06-05 00:00:00,24.2,99.0,6.2,3.7,231.0,2.8754400573907923,2.3284854468843985
2026-06-05 01:00:00,24.4,98.0,5.8,4.2,185.0,0.3660541195401642,4.184017731985332
2026-06-05 02:00:00,24.2,97.0,4.4,3.6,135.0,-2.545584412271571,2.5455844122715714
2026-06-05 03:00:00,24.1,98.0,5.9,0.9,191.0,0.17172809583889043,0.8834644651028976
2026-06-05 04:00:00,24.2,98.0,10.4,2.4,9.0,-0.3754427160965545,-2.37045201742833
2026-06-05 05:00:00,24.4,94.0,11.0,1.2,27.0,-0.5447885996874563,-1.0692078290260414
2026-06-05 06:00:00,24.4,96.0,2.9,1.9,319.0,1.2465121550819638,-1.4339482024232668
2026-06-05 07:00:00,25.0,95.0,2.3,3.0,335.0,1.2678547852220983,-2.7189233611099497
2026-06-05 08:00:00,24.7,96.0,2.1,4.9,336.0,1.9930095510714212,-4.476372742448745
2026-06-05 09:00:00,25.4,96.0,1.3,5.3,308.0,4.176456994115626,-3.263005819225989
2026-06-05 10:00:00,25.1,96.0,3.0,3.5,258.0,3.42351660256832,0.7276909178621577
2026-06-05 11:00:00,25.1,97.0,1.3,5.1,238.0,4.325045290397772,2.702588247589345
2026-06-05 12:00:00,25.2,97.0,1.2,4.0,201.0,1.4334717981812015,3.734321705988807
2026-06-05 13:00:00,24.6,98.0,2.3,3.1,130.0,-2.3747377736688318,1.9926415900282723
2026-06-05 14:00:00,25.7,93.0,1.5,1.7000000000000002,41.0,-1.1153003492838625,-1.2830062863787126
2026-06-05 15:00:00,24.9,97.0,3.3,0.2,270.0,0.2,0.0
2026-06-05 16:00:00,24.3,97.0,7.5,4.4,12.0,-0.9148114395981432,-4.303849443228745
2026-06-05 17:00:00,23.9,98.0,5.6,6.7,3.0,-0.35065090682772687,-6.690817882855645
2026-06-05 18:00:00,24.0,98.0,2.0,3.2,360.0,1.9594348786357652e-16,-3.2
2026-06-05 19:00:00,24.4,94.0,2.7,2.5,339.0,0.895919873863251,-2.3339510662430043
2026-06-05 20:00:00,23.8,97.0,1.7000000000000002,4.7,358.0,0.1640276345017551,-4.6971368869897505
2026-06-05 21:00:00,24.0,97.0,1.6,4.2,348.0,0.8732291014345898,-4.108219923081983
2026-06-05 22:00:00,24.8,92.0,0.9,1.6,333.0,0.726384799583275,-1.4256104387013886
2026-06-05 23:00:00,25.0,88.0,0.1,0.7000000000000001,194.0,0.1693453269197674,0.6792070083931976
2026-06-06 00:00:00,24.8,87.0,0.0,0.2,270.0,0.2,0.0
2026-06-06 01:00:00,24.6,87.0,0.0,0.9,323.0,0.5416335208368436,-0.7187719590425635
2026-06-06 02:00:00,23.6,96.0,0.2,1.4,310.0,1.0724622203665692,-0.8999026535611548
2026-06-06 03:00:00,23.4,97.0,0.2,5.4,345.0,1.397622843553612,-5.215999461960969
2026-06-06 04:00:00,23.7,95.0,0.0,3.8,335.0,1.605949394614658,-3.4439695907392696
2026-06-06 05:00:00,24.1,90.0,0.0,1.9,319.0,1.2465121550819638,-1.4339482024232668
2026-06-06 06:00:00,25.1,90.0,0.0,0.6000000000000001,252.0,0.5706339097770922,0.18541019662496847
2026-06-06 07:00:00,25.5,94.0,0.0,2.2,270.0,2.2,0.0
2026-06-06 08:00:00,26.7,91.0,0.0,2.0,27.0,-0.9079809994790938,-1.7820130483767356
2026-06-06 09:00:00,29.1,77.0,0.0,1.6,117.0,-1.4256104387013886,0.7263847995832751
2026-06-06 10:00:00,29.6,74.0,0.0,4.8,158.0,-1.798111648396378,4.45048250192058
2026-06-06 11:00:00,29.9,72.0,0.1,6.5,161.0,-2.116193003971518,6.1458707413955596
2026-06-06 12:00:00,30.2,73.0,0.2,8.7,127.0,-6.948128937411448,5.235790701422818
2026-06-06 13:00:00,29.6,78.0,0.4,8.1,61.0,-7.0844196278291065,-3.926957923995329
2026-06-06 14:00:00,29.6,81.0,0.8,6.8,37.0,-4.0923421574339285,-5.430721468321591
2026-06-06 15:00:00,28.6,85.0,0.5,8.6,51.0,-6.683455268529949,-5.412155363028603
2026-06-06 16:00:00,28.2,86.0,0.4,6.2,83.0,-6.153786140176197,-0.7555899291119134
2026-06-06 17:00:00,26.7,95.0,0.5,4.2,7.0,-0.5118512423016182,-4.168693836893553
2026-06-06 18:00:00,26.4,97.0,0.4,0.9,323.0,0.5416335208368436,-0.7187719590425635
2026-06-06 19:00:00,25.9,96.0,0.5,2.3,72.0,-2.187429987478853,-0.7107390870623786
2026-06-06 20:00:00,26.0,95.0,0.0,2.1,128.0,-1.654822582574116,1.2928890981838828
2026-06-06 21:00:00,25.0,97.0,0.5,1.2,321.0,0.755184469259805,-0.9325751537483651
2026-06-06 22:00:00,24.9,96.0,1.0,2.6,231.0,2.0205794997881243,1.6362330167295773
2026-06-06 23:00:00,24.4,96.0,1.7000000000000002,1.2,297.0,1.0692078290260414,-0.5447885996874561
2026-06-07 00:00:00,24.2,96.0,0.2,1.1,279.0,1.0864571746546516,-0.17207791154425398
2026-06-07 01:00:00,23.8,97.0,0.0,3.6,279.0,3.555678026142496,-0.5631640741448312
2026-06-07 02:00:00,23.8,99.0,0.0,0.4,297.0,0.3564026096753472,-0.1815961998958187
2026-06-07 03:00:00,23.6,99.0,0.0,2.3,288.0,2.1874299874788528,-0.710739087062379
2026-06-07 04:00:00,23.2,99.0,0.1,1.0,292.0,0.9271838545667874,-0.374606593415912
2026-06-07 05:00:00,22.9,99.0,0.1,4.0,309.0,3.1085838458278836,-2.5172815641993496
2026-06-07 06:00:00,23.2,99.0,0.0,5.4,310.0,4.136639992842482,-3.4710530923073124
2026-06-07 07:00:00,24.9,98.0,0.0,3.6,330.0,1.8000000000000005,-3.117691453623979
2026-06-07 08:00:00,26.5,96.0,0.0,3.1,97.0,-3.076893070088098,0.3777949645559574
2026-06-07 09:00:00,27.8,90.0,0.3,3.4,180.0,2.0818995585505003e-16,3.4
2026-06-07 10:00:00,28.4,87.0,0.2,4.2,175.0,-0.3660541195401646,4.184017731985332
2026-06-07 11:00:00,28.0,88.0,0.6,5.1,162.0,-1.5759866713122312,4.850388233105283
2026-06-07 12:00:00,27.9,88.0,0.8,6.5,138.0,-4.349348941332579,4.830441365603063
2026-06-07 13:00:00,27.5,94.0,1.3,6.5,124.0,-5.38874422160777,3.634753872559855
2026-06-07 14:00:00,28.1,83.0,0.6,6.0,164.0,-1.6538241349019942,5.767570175629913
2026-06-07 15:00:00,28.0,85.0,1.4,6.6,215.0,3.7856044799169046,5.406403492307345
2026-06-07 16:00:00,27.7,88.0,0.3,5.4,240.0,4.676537180435969,2.6999999999999997
2026-06-07 17:00:00,27.2,88.0,0.2,4.9,264.0,4.873157287304539,0.5121894700115021
2026-06-07 18:00:00,27.0,91.0,0.1,2.3,180.0,1.408343819019456e-16,2.3
2026-06-07 19:00:00,25.8,95.0,0.0,5.4,178.0,-0.18845728219350516,5.3967104659031175
2026-06-07 20:00:00,25.5,98.0,0.0,4.6,193.0,1.0347748499817786,4.482102298012082
2026-06-07 21:00:00,25.2,98.0,1.6,3.8,211.0,1.9571446846582057,3.2572357426680267
2026-06-07 22:00:00,25.2,97.0,0.6,2.2,228.0,1.6349186160502676,1.4720873339894882
2026-06-07 23:00:00,24.9,99.0,0.1,2.7,217.0,1.6249005625105308,2.1563158771276907
2026-06-08 00:00:00,24.9,99.0,0.0,4.1,241.0,3.585940799271522,1.9877194430099818
2026-06-08 01:00:00,24.9,99.0,0.0,8.2,209.0,3.975438886019964,7.171881598543044
2026-06-08 02:00:00,24.8,99.0,0.1,10.6,215.0,6.079910225321089,8.683011669463312
2026-06-08 03:00:00,24.6,99.0,0.0,7.0,222.0,4.683914244512008,5.20201377834176
2026-06-08 04:00:00,24.8,98.0,0.0,7.5,207.0,3.404928748046601,6.682548931412758
2026-06-08 05:00:00,24.8,98.0,0.0,7.3,208.0,3.4271424083370032,6.445517427870166
2026-06-08 06:00:00,24.8,99.0,0.0,6.1,212.0,3.2325075118225497,5.173093386554198
2026-06-08 07:00:00,25.5,95.0,0.1,6.6,201.0,2.3652284669989823,6.161630814881531
2026-06-08 08:00:00,27.0,92.0,0.1,7.5,169.0,-1.431067465324086,7.36220387585748
2026-06-08 09:00:00,27.5,88.0,0.0,12.0,198.0,3.7082039324993694,11.412678195541842
2026-06-08 10:00:00,28.3,82.0,0.1,12.4,197.0,3.625409138561936,11.858178973941639
2026-06-08 11:00:00,26.6,89.0,0.8,15.5,195.0,4.011695199089072,14.971850307480558
2026-06-08 12:00:00,26.4,90.0,0.7000000000000001,17.7,195.0,4.581097098314617,17.09688712531651
2026-06-08 13:00:00,26.2,91.0,0.8,16.8,193.0,3.7791777129769306,16.369417088391952
2026-06-08 14:00:00,27.1,91.0,0.4,15.9,183.0,0.8321417042628091,15.878209602597725
2026-06-08 15:00:00,26.4,90.0,0.7000000000000001,14.8,196.0,4.0794328660915875,14.22667309988712
2026-06-08 16:00:00,26.1,93.0,1.0,10.5,196.0,2.8941922360784913,10.093247807352348
2026-06-08 17:00:00,26.0,94.0,0.2,7.6,183.0,0.3977532674463741,7.589584464134761
2026-06-08 18:00:00,26.0,95.0,0.2,7.6,199.0,2.474317973874391,7.185941174554807
2026-06-08 19:00:00,25.4,98.0,0.1,6.9,210.0,3.450000000000001,5.975575286112627
2026-06-08 20:00:00,25.4,99.0,0.2,4.2,275.0,4.184017731985332,-0.3660541195401643
2026-06-08 21:00:00,25.2,98.0,3.8,5.7,226.0,4.100236861930312,3.9595527116162845
2026-06-08 22:00:00,25.0,98.0,1.5,6.0,201.0,2.150207697271802,5.601482558983211
2026-06-08 23:00:00,24.8,98.0,0.5,4.7,242.0,4.149853686436957,2.2065163450936867
2026-06-09 00:00:00,24.8,98.0,0.4,1.3,270.0,1.3,0.0
2026-06-09 01:00:00,24.8,98.0,0.0,0.6000000000000001,304.0,0.49742254353302506,-0.33551574208244817
2026-06-09 02:00:00,24.6,99.0,0.0,6.2,26.0,-2.717901110092282,-5.572523087054835
2026-06-09 03:00:00,24.4,99.0,1.2,2.8,349.0,0.5342651870543257,-2.748556113653459
2026-06-09 04:00:00,24.1,99.0,0.7000000000000001,4.6,18.0,-1.4214781741247586,-4.3748599749577055
2026-06-09 05:00:00,24.1,98.0,0.1,2.0,355.0,0.17431148549531628,-1.992389396183491
2026-06-09 06:00:00,23.9,98.0,0.3,6.4,18.0,-1.9777087639996644,-6.086761704288983
2026-06-09 07:00:00,23.9,98.0,1.2,3.9,336.0,1.5862729079956208,-3.562827284806143
2026-06-09 08:00:00,26.9,94.0,0.4,5.1,117.0,-4.544133273360675,2.3153515486716887
2026-06-09 09:00:00,26.5,94.0,0.0,14.7,199.0,4.785851870520204,13.899123061309956
2026-06-09 10:00:00,26.7,90.0,0.5,14.1,202.0,5.281952967164359,13.073292349391702
2026-06-09 11:00:00,25.3,99.0,2.0,14.3,211.0,7.365044471213775,12.257492400040206
2026-06-09 12:00:00,25.5,98.0,2.4,6.8,215.0,3.900319767187114,5.570233901165144
2026-06-09 13:00:00,26.4,96.0,0.3,10.9,197.0,3.186851581477831,10.423721839997087
2026-06-09 14:00:00,26.0,98.0,0.5,8.3,182.0,0.289665822630759,8.294943864258496
2026-06-09 15:00:00,26.2,98.0,0.5,1.5,263.0,1.488819227461983,0.1828040151077212
2026-06-09 16:00:00,26.3,97.0,0.3,1.8,354.0,0.18815123388177624,-1.790139411662892
2026-06-09 17:00:00,25.5,99.0,0.9,3.9,24.0,-1.5862729079956204,-3.5628272848061435
2026-06-09 18:00:00,24.8,98.0,5.8,4.2,47.0,-3.0716855468005164,-2.8643931122624933
2026-06-09 19:00:00,24.2,99.0,3.0,6.7,84.0,-6.663296698967431,-0.7003407038932784
2026-06-09 20:00:00,24.1,98.0,2.4,2.1,142.0,-1.2928890981838825,1.6548225825741163
2026-06-09 21:00:00,24.1,98.0,0.1,3.2,223.0,2.182394752199995,2.3403318451813457
2026-06-09 22:00:00,23.8,98.0,0.2,4.6,239.0,3.9429695832297162,2.369175144586249
2026-06-09 23:00:00,23.6,98.0,0.5,4.9,260.0,4.82555798975982,0.8508760705679587
2026-06-10 00:00:00,23.6,99.0,1.4,5.0,255.0,4.8296291314453415,1.2940952255126037
2026-06-10 01:00:00,23.6,99.0,2.5,4.5,270.0,4.5,0.0
2026-06-10 02:00:00,23.1,98.0,1.6,1.4,293.0,1.2887067948334165,-0.5470235798849833
2026-06-10 03:00:00,23.2,99.0,0.9,2.7,278.0,2.67372378560224,-0.3757673725921767
2026-06-10 04:00:00,23.2,98.0,1.3,4.1,285.0,3.96029588778518,-1.061158084920335
2026-06-10 05:00:00,23.3,99.0,1.8,1.6,270.0,1.6,0.0
2026-06-10 06:00:00,23.4,98.0,2.2,3.2,236.0,2.6529202321761334,1.7894172911063901
2026-06-10 07:00:00,23.4,96.0,2.5,3.3,248.0,3.0597067200703982,1.2362017582725096
2026-06-10 08:00:00,24.0,98.0,2.7,2.8,230.0,2.1449244407331385,1.7998053071223097
2026-06-10 09:00:00,24.4,96.0,3.2,3.9,214.0,2.1808523235359125,3.233246532964663
2026-06-10 10:00:00,24.4,97.0,2.1,0.7000000000000001,256.0,0.6792070083931976,0.16934532691976742
2026-06-10 11:00:00,24.2,97.0,4.3,1.4,50.0,-1.0724622203665692,-0.8999026535611548
2026-06-10 12:00:00,24.1,98.0,1.4,4.6,36.0,-2.7038121605453767,-3.7214781741247576
2026-06-10 13:00:00,24.8,97.0,1.3,4.4,21.0,-1.5768189779993234,-4.1077538765876875
2026-06-10 14:00:00,25.0,98.0,1.3,5.7,72.0,-5.421022142882376,-1.7613968679371996
2026-06-10 15:00:00,25.0,98.0,1.9,5.9,14.0,-1.42733918403804,-5.7247447850283795
2026-06-10 16:00:00,24.3,98.0,1.1,7.2,25.0,-3.042851484533034,-6.5254160666638805
2026-06-10 17:00:00,24.4,97.0,0.3,1.5,330.0,0.7500000000000002,-1.299038105676658
2026-06-10 18:00:00,24.1,99.0,0.4,4.1,358.0,0.14308793648025442,-4.097502390778292
2026-06-10 19:00:00,23.9,99.0,0.4,2.1,301.0,1.800051331474436,-1.0815799573111138
2026-06-10 20:00:00,23.9,96.0,0.2,1.9,253.0,1.8169790363297673,0.5555062389731998
2026-06-10 21:00:00,23.5,98.0,1.1,2.5,266.0,2.4939101256495606,0.17439118436031326
2026-06-10 22:00:00,23.4,98.0,0.8,3.1,273.0,3.0957515577391788,-0.1622414643531259
2026-06-10 23:00:00,23.2,97.0,0.1,1.5,291.0,1.4003706397458027,-0.5375519243179504
2026-06-11 00:00:00,23.0,96.0,0.1,3.1,315.0,2.1920310216782974,-2.192031021678297
2026-06-11 01:00:00,22.9,95.0,0.2,1.5,306.0,1.2135254915624212,-0.8816778784387097
2026-06-11 02:00:00,22.6,97.0,0.1,1.9,292.0,1.761649323676896,-0.7117525274902328
2026-06-11 03:00:00,22.5,96.0,0.1,1.0,301.0,0.8571673007021123,-0.5150380749100542
2026-06-11 04:00:00,22.1,98.0,0.1,3.0,295.0,2.7189233611099497,-1.2678547852220983
2026-06-11 05:00:00,22.0,98.0,0.0,2.8,297.0,2.49481826772743,-1.2711733992707308
2026-06-11 06:00:00,22.5,97.0,0.0,3.8,301.0,3.2572357426680267,-1.9571446846582057
2026-06-11 07:00:00,23.3,94.0,0.0,3.5,309.0,2.720010865099398,-2.2026213686744307
2026-06-11 08:00:00,24.5,93.0,0.0,1.7000000000000002,288.0,1.6167960777017611,-0.5253288904374106
2026-06-11 09:00:00,25.2,87.0,0.1,2.3,151.0,-1.115062126566575,2.01162532642061
2026-06-11 10:00:00,26.1,81.0,0.0,4.2,144.0,-2.468698059628387,3.3978713763747797
2026-06-11 11:00:00,26.5,79.0,0.2,4.9,152.0,-2.3004106576508656,4.326443205008742
2026-06-11 12:00:00,26.5,80.0,0.3,5.2,117.0,-4.633233925779512,2.3607505986456436
2026-06-11 13:00:00,26.8,80.0,0.5,6.8,132.0,-5.0533848132462795,4.550088123240236
2026-06-11 14:00:00,26.8,80.0,0.5,8.5,119.0,-7.4342675106848635,4.120881772093866
2026-06-11 15:00:00,25.6,87.0,0.8,6.7,104.0,-6.500981366049176,1.6208767005177738
2026-06-11 16:00:00,25.2,88.0,0.5,7.0,89.0,-6.998933866094739,-0.12216684506098546
2026-06-11 17:00:00,24.1,96.0,1.2,5.1,51.0,-3.9634444034305507,-3.2095339943541714
2026-06-11 18:00:00,23.9,98.0,1.3,4.5,23.0,-1.7582900782017323,-4.142271840535981
2026-06-11 19:00:00,23.6,99.0,1.1,2.4,324.0,1.4106846055019355,-1.9416407864998737
2026-06-11 20:00:00,23.7,99.0,0.3,2.0,297.0,1.7820130483767358,-0.9079809994790935
2026-06-11 21:00:00,24.0,96.0,1.1,0.8,225.0,0.5656854249492381,0.565685424949238
2026-06-11 22:00:00,24.1,94.0,2.2,0.6000000000000001,252.0,0.5706339097770922,0.18541019662496847
2026-06-11 23:00:00,23.8,96.0,1.4,1.4,247.0,1.2887067948334165,0.5470235798849833
2026-06-12 00:00:00,23.8,96.0,0.1,1.5,225.0,1.0606601717798214,1.0606601717798212
2026-06-12 01:00:00,23.5,94.0,0.0,1.2,243.0,1.0692078290260414,0.5447885996874561
2026-06-12 02:00:00,23.0,98.0,0.1,2.9,184.0,0.20229377385796318,2.89293574575349
2026-06-12 03:00:00,22.6,98.0,0.3,1.6,264.0,1.5912350325892373,0.16724554122824556
2026-06-12 04:00:00,22.8,98.0,0.1,2.1,285.0,2.0284442352070435,-0.5435199947152936
2026-06-12 05:00:00,22.7,98.0,0.0,2.8,305.0,2.293625724009177,-1.6060140217829288
2026-06-12 06:00:00,23.0,97.0,0.0,2.8,305.0,2.293625724009177,-1.6060140217829288
2026-06-12 07:00:00,23.6,94.0,0.0,2.5,291.0,2.3339510662430043,-0.8959198738632507
2026-06-12 08:00:00,24.9,89.0,0.1,1.1,270.0,1.1,0.0
2026-06-12 09:00:00,26.0,84.0,0.0,2.0,225.0,1.4142135623730951,1.414213562373095
2026-06-12 10:00:00,26.3,83.0,0.2,4.0,185.0,0.34862297099063255,3.984778792366982
2026-06-12 11:00:00,25.4,91.0,1.1,4.7,196.0,1.2954955723398962,4.517929970910099
2026-06-12 12:00:00,25.6,89.0,0.5,4.2,168.0,-0.8732291014345893,4.108219923081984
2026-06-12 13:00:00,26.0,86.0,0.6,5.3,142.0,-3.263005819225989,4.176456994115626
2026-06-12 14:00:00,25.5,90.0,0.9,8.1,177.0,-0.4239212455678451,8.088899231512048
2026-06-12 15:00:00,25.1,91.0,0.7000000000000001,9.4,181.0,0.16405262051046582,9.398568334470077
2026-06-12 16:00:00,24.9,94.0,1.0,3.4,183.0,0.17794225122600948,3.395340418165551
2026-06-12 17:00:00,24.3,98.0,0.7000000000000001,6.2,54.0,-5.015905365124675,-3.644268564213333
2026-06-12 18:00:00,24.0,100.0,0.3,10.1,51.0,-7.849174210715405,-6.35613594960336
2026-06-12 19:00:00,24.0,98.0,0.1,4.7,28.0,-2.2065163450936867,-4.149853686436957
2026-06-12 20:00:00,24.5,92.0,0.2,1.5,7.0,-0.18280401510772076,-1.4888192274619831
2026-06-12 21:00:00,23.9,95.0,0.0,2.3,337.0,0.8986815955253294,-2.117161162940613
2026-06-12 22:00:00,23.9,96.0,0.1,1.8,307.0,1.437543918085127,-1.083267041673687
2026-06-12 23:00:00,24.0,96.0,0.0,1.3,262.0,1.2873484893640414,0.18092503124808507
2026-06-13 00:00:00,23.6,94.0,0.0,1.9,229.0,1.4339482024232668,1.2465121550819638
2026-06-13 01:00:00,23.5,96.0,0.1,2.3,238.0,1.9505106211597796,1.2188143077363711
2026-06-13 02:00:00,23.4,96.0,0.4,1.6,270.0,1.6,0.0
2026-06-13 03:00:00,23.2,97.0,0.2,2.2,275.0,2.1916283358018402,-0.19174263404484798
2026-06-13 04:00:00,23.1,97.0,0.2,2.7,250.0,2.537170076121953,0.9234543869793056
2026-06-13 05:00:00,23.0,96.0,0.3,2.5,249.0,2.3339510662430043,0.8959198738632507
2026-06-13 06:00:00,23.2,96.0,0.2,1.8,276.0,1.790139411662892,-0.18815123388177626
2026-06-13 07:00:00,23.4,97.0,0.2,2.7,290.0,2.537170076121953,-0.9234543869793056
2026-06-13 08:00:00,24.3,96.0,0.1,1.3,304.0,1.0777488443215542,-0.726950774511971
2026-06-13 09:00:00,24.9,91.0,0.1,1.6,264.0,1.5912350325892373,0.16724554122824556
2026-06-13 10:00:00,25.9,85.0,0.1,6.1,177.0,-0.3192493330819574,6.0916401620029
2026-06-13 11:00:00,26.7,83.0,0.6,6.7,174.0,-0.7003407038932788,6.663296698967431
2026-06-13 12:00:00,26.0,87.0,1.3,3.0,155.0,-1.267854785222098,2.71892336110995
2026-06-13 13:00:00,26.2,85.0,0.6,4.4,78.0,-4.303849443228745,-0.9148114395981419
2026-06-13 14:00:00,26.4,88.0,0.6,3.6,53.0,-2.875087836170254,-2.1665340833473743
2026-06-13 15:00:00,26.5,86.0,0.3,5.9,360.0,3.612708057484692e-16,-5.9
2026-06-13 16:00:00,26.9,84.0,0.2,5.2,34.0,-2.907803098047882,-4.3109953772862175
2026-06-13 17:00:00,26.5,86.0,0.2,4.0,8.0,-0.5566924038402633,-3.961072274966281
2026-06-13 18:00:00,25.6,91.0,0.3,5.0,345.0,1.2940952255126037,-4.8296291314453415
2026-06-13 19:00:00,24.7,94.0,0.0,4.3,336.0,1.7489675652259409,-3.9282454678631837
2026-06-13 20:00:00,24.5,92.0,0.0,1.8,79.0,-1.7669289302057951,-0.3434561916777805
2026-06-13 21:00:00,24.2,92.0,0.0,0.9,270.0,0.9,0.0
2026-06-13 22:00:00,23.8,93.0,0.0,1.1,279.0,1.0864571746546516,-0.17207791154425398
2026-06-13 23:00:00,23.7,93.0,0.0,1.5,291.0,1.4003706397458027,-0.5375519243179504
2026-06-14 00:00:00,23.5,94.0,0.0,1.9,292.0,1.761649323676896,-0.7117525274902328
2026-06-14 01:00:00,23.1,95.0,0.0,1.5,306.0,1.2135254915624212,-0.8816778784387097
2026-06-14 02:00:00,23.1,96.0,0.0,0.30000000000000004,315.0,0.2121320343559643,-0.21213203435596428
2026-06-14 03:00:00,23.0,97.0,0.0,1.5,291.0,1.4003706397458027,-0.5375519243179504
2026-06-14 04:00:00,23.2,98.0,0.0,1.6,297.0,1.4256104387013888,-0.7263847995832748
2026-06-14 05:00:00,23.2,96.0,0.0,1.7000000000000002,311.0,1.2830062863787126,-1.1153003492838625
2026-06-14 06:00:00,23.8,95.0,0.0,2.9,313.0,2.1209257346955943,-1.9777952441812454
2026-06-14 07:00:00,24.5,96.0,0.0,0.6000000000000001,288.0,0.5706339097770922,-0.18541019662496847
2026-06-14 08:00:00,26.6,91.0,0.0,6.2,142.0,-3.8171011470190814,4.885666672361677
2026-06-14 09:00:00,28.0,83.0,0.0,4.8,143.0,-2.888712111129832,3.833450448227005
2026-06-14 10:00:00,30.1,75.0,0.0,14.5,187.0,1.7671054793746386,14.391919198799169
2026-06-14 11:00:00,31.1,67.0,0.0,17.2,193.0,3.8691581347144766,16.759165114306047
2026-06-14 12:00:00,31.2,65.0,0.0,18.0,189.0,2.8158203707241567,17.77839013071248
2026-06-14 13:00:00,30.7,67.0,0.0,18.7,191.0,3.5681282135413896,18.356428330471317
2026-06-14 14:00:00,29.9,73.0,0.0,15.7,185.0,1.3683451611382327,15.640256760040405
2026-06-14 15:00:00,29.2,75.0,0.0,13.1,199.0,4.264942823388753,12.386293340351049
2026-06-14 16:00:00,28.9,76.0,0.0,10.4,217.0,6.258876240781303,8.305809304491845
2026-06-14 17:00:00,28.5,76.0,0.0,5.1,225.0,3.6062445840513924,3.606244584051392
2026-06-14 18:00:00,27.6,81.0,0.0,1.3,286.0,1.2496402047198145,-0.35832856256209894
2026-06-14 19:00:00,26.0,85.0,0.3,4.8,22.0,-1.798111648396379,-4.450482501920579
2026-06-14 20:00:00,26.4,86.0,0.4,2.2,9.0,-0.3441558230885083,-2.172914349309303
2026-06-14 21:00:00,25.8,91.0,0.0,3.0,14.0,-0.7257656867990033,-2.9108871788279895
2026-06-14 22:00:00,25.5,94.0,0.2,3.5,21.0,-1.2542878234085526,-3.267531492740206
2026-06-14 23:00:00,25.0,93.0,0.1,3.3,61.0,-2.886245033560006,-1.5998717468129118
2026-06-15 00:00:00,24.9,91.0,0.1,2.1,142.0,-1.2928890981838825,1.6548225825741163
2026-06-15 01:00:00,25.0,90.0,0.0,2.1,218.0,1.2928890981838825,1.6548225825741163
2026-06-15 02:00:00,24.5,96.0,0.0,6.4,40.0,-4.113840701993853,-4.902684435961459
2026-06-15 03:00:00,24.0,95.0,0.0,6.9,20.0,-2.359938988947113,-6.483879083422768
2026-06-15 04:00:00,24.1,94.0,0.0,4.6,13.0,-1.0347748499817802,-4.482102298012081
2026-06-15 05:00:00,24.3,92.0,0.1,2.7,352.0,0.3757673725921768,-2.67372378560224
2026-06-15 06:00:00,24.5,95.0,1.9,3.2,34.0,-1.789417291106389,-2.6529202321761343
2026-06-15 07:00:00,24.6,95.0,3.5,2.3,61.0,-2.01162532642061,-1.115062126566575
2026-06-15 08:00:00,25.1,97.0,2.4,5.4,150.0,-2.699999999999999,4.676537180435969
2026-06-15 09:00:00,25.5,98.0,1.0,2.3,266.0,2.2943973155975956,0.1604398896114882
2026-06-15 10:00:00,26.2,98.0,1.2,7.6,199.0,2.474317973874391,7.185941174554807
2026-06-15 11:00:00,25.9,99.0,2.5,9.7,199.0,3.1580110982344203,9.171530183313372
2026-06-15 12:00:00,26.0,98.0,2.5,6.9,195.0,1.785851411207393,6.664888201394572
2026-06-15 13:00:00,26.4,97.0,1.9,7.2,193.0,1.6196475912758275,7.015464466453694
2026-06-15 14:00:00,27.0,93.0,0.7000000000000001,10.7,194.0,2.588564282916444,10.382164271153162
2026-06-15 15:00:00,27.1,89.0,0.0,11.9,203.0,4.649700429022357,10.95400775608404
2026-06-15 16:00:00,27.2,86.0,0.0,12.5,192.0,2.598896135221993,12.22684500917257
2026-06-15 17:00:00,27.1,84.0,0.0,10.5,204.0,4.270734752295902,9.59222730524731
2026-06-15 18:00:00,26.7,87.0,0.0,9.0,206.0,3.945340321101697,8.089146416692504
2026-06-15 19:00:00,26.2,90.0,0.0,6.1,214.0,3.4110767111715554,5.057129192585754
2026-06-15 20:00:00,25.9,97.0,0.0,4.5,355.0,0.3922008423644616,-4.482876141412855
2026-06-15 21:00:00,25.5,97.0,0.5,5.3,10.0,-0.9203353416347307,-5.2194810909647025
2026-06-15 22:00:00,25.0,97.0,0.5,8.5,18.0,-2.6266444521870542,-8.083980388508804
2026-06-15 23:00:00,24.5,98.0,0.0,8.3,18.0,-2.564841053312065,-7.893769085249775
2026-06-16 00:00:00,24.1,98.0,0.0,7.1,9.0,-1.1106847017856403,-7.012587218225477
2026-06-16 01:00:00,23.9,97.0,0.0,5.8,5.0,-0.5055033079364178,-5.777929248932124
2026-06-16 02:00:00,24.0,97.0,0.0,4.5,337.0,1.7582900782017317,-4.142271840535981
2026-06-16 03:00:00,23.9,96.0,0.0,5.5,341.0,1.7906248495143622,-5.200352165796242
2026-06-16 04:00:00,23.9,96.0,0.0,6.3,345.0,1.6305599841458807,-6.085332705621131
2026-06-16 05:00:00,23.7,96.0,0.1,7.6,352.0,1.0577155672964975,-7.5260373224359345
2026-06-16 06:00:00,24.0,96.0,0.1,8.6,1.0,-0.15009069536063807,-8.598690178344965
2026-06-16 07:00:00,24.5,95.0,0.0,11.6,21.0,-4.157068214725488,-10.82953294736754
2026-06-16 08:00:00,25.6,90.0,0.0,6.9,45.0,-4.879036790187179,-4.879036790187178
2026-06-16 09:00:00,27.5,83.0,0.0,1.8,66.0,-1.6443818237566816,-0.7321259575364404
2026-06-16 10:00:00,28.0,85.0,0.0,7.7,191.0,1.4692292643993958,7.558529312547013
2026-06-16 11:00:00,28.4,83.0,0.0,14.4,189.0,2.2526562965793255,14.222712104569984
2026-06-16 12:00:00,28.8,81.0,0.0,13.7,189.0,2.1431521710511636,13.531330266153386
2026-06-16 13:00:00,29.5,77.0,0.1,15.7,184.0,1.095176637782766,15.66175558907924
2026-06-16 14:00:00,29.2,77.0,0.0,13.8,191.0,2.63316413619632,13.546455131577764
2026-06-16 15:00:00,28.5,79.0,0.0,12.7,192.0,2.640478473385545,12.42247452931933
2026-06-16 16:00:00,28.6,80.0,0.0,13.6,188.0,1.8927541730568902,13.467645734885357
2026-06-16 17:00:00,28.0,82.0,0.0,11.8,189.0,1.845926687474725,11.654722419022626
2026-06-16 18:00:00,27.2,84.0,0.0,8.4,195.0,2.174079978861174,8.113776940828174
2026-06-16 19:00:00,26.3,88.0,0.0,3.2,214.0,1.78941729110639,2.652920232176134
2026-06-16 20:00:00,26.2,83.0,0.0,1.3,286.0,1.2496402047198145,-0.35832856256209894
2026-06-16 21:00:00,24.8,88.0,0.0,3.2,326.0,1.78941729110639,-2.652920232176134
2026-06-16 22:00:00,24.6,89.0,0.0,6.9,343.0,2.017364762586884,-6.598502816144945
2026-06-16 23:00:00,24.5,93.0,0.0,9.4,355.0,0.8192639818279865,-9.364230162062409
2026-06-17 00:00:00,24.4,95.0,0.0,9.9,4.0,-0.6905890900668432,-9.87588409757226
2026-06-17 01:00:00,24.4,93.0,0.0,9.7,12.0,-2.01674340093227,-9.488031727117914
2026-06-17 02:00:00,24.0,93.0,0.0,3.9,28.0,-1.830939094864974,-3.4434956121498153
2026-06-17 03:00:00,23.8,93.0,0.0,3.1,24.0,-1.2608835935349803,-2.831990918692063
2026-06-17 04:00:00,23.6,95.0,0.0,3.9,34.0,-2.1808523235359116,-3.233246532964663
2026-06-17 05:00:00,23.4,95.0,0.0,4.3,2.0,-0.15006783582075325,-4.2973805561821115
2026-06-17 06:00:00,24.2,91.0,0.0,5.4,358.0,0.18845728219350585,-5.3967104659031175
2026-06-17 07:00:00,25.3,88.0,0.0,7.0,21.0,-2.508575646817105,-6.535062985480412
2026-06-17 08:00:00,28.3,80.0,0.0,8.9,186.0,0.9303033230821158,8.851244868777632
2026-06-17 09:00:00,29.3,77.0,0.0,14.0,187.0,1.706170807672065,13.895646122978508
2026-06-17 10:00:00,29.3,77.0,0.0,16.3,186.0,1.7038139512627515,16.210706894502856
2026-06-17 11:00:00,29.5,76.0,0.0,16.1,190.0,2.79573566043758,15.855404823496551
2026-06-17 12:00:00,29.8,75.0,0.0,15.9,186.0,1.66200256595569,15.812898136355546
2026-06-17 13:00:00,29.8,75.0,0.0,16.7,186.0,1.7456253365698127,16.608515652650162
2026-06-17 14:00:00,30.0,73.0,0.0,17.4,191.0,3.3200765195518813,17.080312991989352
2026-06-17 15:00:00,29.7,75.0,0.0,16.8,189.0,2.6280990126758796,16.593164121998313
2026-06-17 16:00:00,29.6,75.0,0.0,14.7,188.0,2.045844584112962,14.556940610501083
2026-06-17 17:00:00,28.9,76.0,0.0,12.2,189.0,1.908500473490817,12.04979775526068
2026-06-17 18:00:00,27.9,81.0,0.0,8.0,188.0,1.1133848076805237,7.922144549932563
2026-06-17 19:00:00,25.9,90.0,0.0,1.5,249.0,1.4003706397458027,0.5375519243179504
2026-06-17 20:00:00,25.8,92.0,0.0,0.8,297.0,0.7128052193506944,-0.3631923997916374
2026-06-17 21:00:00,25.1,92.0,0.0,6.9,337.0,2.696044786575989,-6.351483488821839
2026-06-17 22:00:00,25.1,90.0,0.0,8.6,349.0,1.6409573602382863,-8.441993777649909
2026-06-17 23:00:00,25.1,88.0,0.0,8.7,353.0,1.060263287624783,-8.6351515192795
2026-06-18 00:00:00,24.6,87.0,0.0,6.2,348.0,1.2890524830701087,-6.064515124549595
2026-06-18 01:00:00,23.8,88.0,0.0,4.6,334.0,2.016507275229756,-4.134452612976168
2026-06-18 02:00:00,24.5,88.0,0.0,3.8,355.0,0.3311918224411009,-3.785539852748633
2026-06-18 03:00:00,24.5,83.0,0.0,6.8,348.0,1.4137994975607642,-6.651403684989877
2026-06-18 04:00:00,24.5,81.0,0.0,6.3,347.0,1.4171916423663489,-6.1385314081469815
2026-06-18 05:00:00,24.2,80.0,0.0,7.3,350.0,1.267631696968592,-7.189096596989119
2026-06-18 06:00:00,24.5,79.0,0.0,9.6,354.0,1.0034732473694732,-9.547410195535424
2026-06-18 07:00:00,26.0,82.0,0.0,8.9,6.0,-0.9303033230821149,-8.851244868777634
2026-06-18 08:00:00,28.0,73.0,0.0,4.1,52.0,-3.23084408978756,-2.5242120488351985
2026-06-18 09:00:00,29.0,69.0,0.0,2.8,55.0,-2.293625724009177,-1.606014021782929
2026-06-18 10:00:00,29.6,67.0,0.0,5.0,193.0,1.1247552717193245,4.871850323926176
2026-06-18 11:00:00,30.0,68.0,0.0,10.9,189.0,1.705135668938517,10.765802912487002
2026-06-18 12:00:00,29.7,72.0,0.1,13.6,197.0,3.97625518422922,13.005744681097282
2026-06-18 13:00:00,29.2,76.0,0.5,13.0,204.0,5.287576359985403,11.876090949353811
2026-06-18 14:00:00,30.2,70.0,0.1,13.0,199.0,4.232386007943038,12.291741482791117
2026-06-18 15:00:00,29.9,72.0,0.1,12.7,203.0,4.962285331813776,11.690411638845992
2026-06-18 16:00:00,29.2,77.0,0.0,11.0,205.0,4.648800879147694,9.96938565740315
2026-06-18 17:00:00,28.4,82.0,0.0,9.5,199.0,3.092897467342989,8.982426468193509
2026-06-18 18:00:00,27.6,87.0,0.0,6.0,207.0,2.723942998437281,5.346039145130207
2026-06-18 19:00:00,26.4,91.0,0.0,2.7,217.0,1.6249005625105308,2.1563158771276907
2026-06-18 20:00:00,26.2,93.0,0.0,3.2,207.0,1.45276959916655,2.851220877402777
2026-06-18 21:00:00,25.1,93.0,0.0,1.3,286.0,1.2496402047198145,-0.35832856256209894
2026-06-18 22:00:00,24.5,91.0,0.0,3.0,322.0,1.846984425976975,-2.3640322608201663
2026-06-18 23:00:00,24.4,91.0,0.0,6.4,335.0,2.7047568751404767,-5.80036983703456
2026-06-19 00:00:00,23.8,87.0,0.0,3.8,229.0,2.8678964048465336,2.4930243101639276
2026-06-19 01:00:00,23.4,85.0,0.0,3.4,252.0,3.233592155403522,1.0506577808748212
2026-06-19 02:00:00,23.3,84.0,0.0,3.3,264.0,3.2819222547153015,0.3449439287832564
2026-06-19 03:00:00,23.6,83.0,0.0,3.3,264.0,3.2819222547153015,0.3449439287832564
2026-06-19 04:00:00,24.2,82.0,0.0,2.9,263.0,2.8783838397598336,0.35342109587492765
2026-06-19 05:00:00,25.0,81.0,0.0,2.7,247.0,2.485363104321589,1.0549740469210394
2026-06-19 06:00:00,25.9,80.0,0.0,2.8,230.0,2.1449244407331385,1.7998053071223097
2026-06-19 07:00:00,26.7,79.0,0.0,3.7,209.0,1.7937955949114475,3.2360929164157644
2026-06-19 08:00:00,27.3,78.0,0.0,4.7,203.0,1.8364363038995866,4.32637281122647
2026-06-19 09:00:00,27.9,77.0,0.1,6.4,196.0,1.7640790772287946,6.1520748540052415
2026-06-19 10:00:00,28.4,77.0,0.1,8.8,192.0,1.8296228791962834,8.60769888645749
2026-06-19 11:00:00,28.8,76.0,0.1,11.4,191.0,2.175222547292612,11.19054989130337
2026-06-19 12:00:00,29.2,76.0,0.1,13.5,189.0,2.1118652780431173,13.33379259803436
2026-06-19 13:00:00,29.5,76.0,0.1,15.6,188.0,2.171100374977021,15.448181872368497
2026-06-19 14:00:00,29.6,76.0,0.1,16.4,189.0,2.565525226659787,16.19808878576026
2026-06-19 15:00:00,29.5,77.0,0.1,16.1,190.0,2.79573566043758,15.855404823496551
2026-06-19 16:00:00,29.2,78.0,0.1,14.8,193.0,3.329275604289201,14.420676958821483
2026-06-19 17:00:00,28.7,80.0,0.1,13.0,194.0,3.14498464279568,12.613844441587954
2026-06-19 18:00:00,28.3,81.0,0.1,11.0,199.0,3.5812496990287244,10.400704331592484
2026-06-19 19:00:00,27.8,82.0,0.1,9.5,205.0,4.014873486536644,8.609923976848174
2026-06-19 20:00:00,27.4,82.0,0.1,8.2,209.0,3.975438886019964,7.171881598543044
2026-06-19 21:00:00,27.1,81.0,0.0,7.6,211.0,3.9142893693164114,6.5144714853360535
2026-06-19 22:00:00,26.7,80.0,0.0,6.8,212.0,3.603450996785793,5.766727053863696
2026-06-19 23:00:00,26.3,78.0,0.0,6.3,211.0,3.244739871933341,5.400153994423308
2026-06-20 00:00:00,25.9,75.0,0.0,5.8,210.0,2.9000000000000004,5.0229473419497435
2026-06-20 01:00:00,25.7,73.0,0.0,5.3,208.0,2.4881992827652213,4.679622242152313
2026-06-20 02:00:00,25.7,72.0,0.0,5.2,205.0,2.197614961051637,4.7128004925905795
2026-06-20 03:00:00,26.0,71.0,0.0,5.0,201.0,1.791839747726502,4.667902132486009
2026-06-20 04:00:00,26.4,71.0,0.0,5.2,196.0,1.4333142502483958,4.998560818879258
2026-06-20 05:00:00,27.0,70.0,0.0,5.1,188.0,0.7097828148963339,5.050367150582009
2026-06-20 06:00:00,27.6,70.0,0.0,5.8,184.0,0.40458754771592637,5.78587149150698
2026-06-20 07:00:00,28.2,70.0,0.0,6.1,177.0,-0.3192493330819574,6.0916401620029
2026-06-20 08:00:00,28.7,70.0,0.0,6.5,174.0,-0.6794350112397481,6.4643923198937765
2026-06-20 09:00:00,29.1,70.0,0.1,7.3,171.0,-1.1419715947936848,7.210124886344506
2026-06-20 10:00:00,29.6,70.0,0.1,8.5,168.0,-1.7672493719509543,8.314254606237348
2026-06-20 11:00:00,30.1,71.0,0.1,9.3,164.0,-2.5634274090980913,8.939733772226367
2026-06-20 12:00:00,30.4,71.0,0.1,10.5,164.0,-2.89419223607849,10.093247807352348
2026-06-20 13:00:00,30.7,72.0,0.1,10.9,163.0,-3.1868515814778298,10.423721839997087
2026-06-20 14:00:00,30.7,73.0,0.1,10.6,162.0,-3.2755801403744416,10.081199072728628
2026-06-20 15:00:00,30.5,75.0,0.1,9.4,162.0,-2.9047597471245052,8.939931253174445
2026-06-20 16:00:00,30.0,77.0,0.1,7.3,160.0,-2.4967470462773815,6.859756131737131
2026-06-20 17:00:00,29.5,79.0,0.1,4.6,162.0,-1.4214781741247577,4.374859974957706
2026-06-20 18:00:00,28.8,81.0,0.1,1.9,158.0,-0.7117525274902329,1.761649323676896
2026-06-20 19:00:00,28.2,83.0,0.1,0.4,360.0,2.4492935982947065e-17,-0.4
2026-06-20 20:00:00,27.7,84.0,0.1,1.8,349.0,0.34345619167778085,-1.7669289302057951
2026-06-20 21:00:00,27.3,84.0,0.0,2.6,344.0,0.7166571251241979,-2.499280409439629
2026-06-20 22:00:00,26.9,84.0,0.0,2.6,344.0,0.7166571251241979,-2.499280409439629
2026-06-20 23:00:00,26.6,83.0,0.0,2.7,337.0,1.0549740469210391,-2.485363104321589
2026-06-21 00:00:00,26.3,82.0,0.0,2.4,333.0,1.0895771993749124,-2.138415658052083
2026-06-21 01:00:00,26.1,81.0,0.0,1.9,338.0,0.7117525274902327,-1.761649323676896
2026-06-21 02:00:00,26.1,80.0,0.0,1.6,333.0,0.726384799583275,-1.4256104387013886
2026-06-21 03:00:00,26.3,79.0,0.0,1.1,342.0,0.3399186938124422,-1.0461621679246689
2026-06-21 04:00:00,26.7,79.0,0.0,1.1,360.0,6.735557395310444e-17,-1.1
2026-06-21 05:00:00,27.3,78.0,0.0,0.8,27.0,-0.36319239979163753,-0.7128052193506943
2026-06-21 06:00:00,27.8,78.0,0.0,0.8,63.0,-0.7128052193506944,-0.36319239979163737
2026-06-21 07:00:00,28.4,77.0,0.0,1.4,90.0,-1.4,1.7145055188062944e-16
2026-06-21 08:00:00,28.8,77.0,0.0,1.8,101.0,-1.7669289302057951,0.34345619167778096
2026-06-21 09:00:00,29.2,77.0,0.1,2.6,106.0,-2.499280409439629,0.716657125124198
2026-06-21 10:00:00,29.6,76.0,0.1,3.5,114.0,-3.197409101749103,1.4235782507653014
2026-06-21 11:00:00,30.0,76.0,0.1,4.5,119.0,-3.935788682127281,2.181643291108517
2026-06-21 12:00:00,30.3,76.0,0.1,5.3,118.0,-4.679622242152313,2.4881992827652204
2026-06-21 13:00:00,30.5,77.0,0.1,6.1,118.0,-5.385980316439454,2.863776532993933
2026-06-21 14:00:00,30.5,77.0,0.1,6.1,118.0,-5.385980316439454,2.863776532993933
2026-06-21 15:00:00,30.3,78.0,0.2,5.6,117.0,-4.989636535454859,2.542346798541462
2026-06-21 16:00:00,29.9,79.0,0.2,4.2,110.0,-3.9467090073008153,1.4364846019678092
2026-06-21 17:00:00,29.3,81.0,0.2,2.9,97.0,-2.8783838397598336,0.35342109587492787
2026-06-21 18:00:00,28.8,83.0,0.2,1.9,68.0,-1.761649323676896,-0.7117525274902328
2026-06-21 19:00:00,28.2,84.0,0.2,1.9,22.0,-0.7117525274902333,-1.7616493236768958
2026-06-21 20:00:00,27.8,85.0,0.2,2.2,360.0,1.3471114790620887e-16,-2.2
2026-06-21 21:00:00,27.4,85.0,0.0,2.3,342.0,0.7107390870623791,-2.1874299874788528
2026-06-21 22:00:00,27.0,85.0,0.0,2.1,329.0,1.0815799573111138,-1.800051331474436
2026-06-21 23:00:00,26.6,85.0,0.0,2.0,315.0,1.4142135623730951,-1.414213562373095
2026-06-22 00:00:00,26.3,85.0,0.0,1.9,292.0,1.761649323676896,-0.7117525274902328
2026-06-22 01:00:00,26.1,84.0,0.0,1.8,270.0,1.8,0.0
2026-06-22 02:00:00,26.0,84.0,0.0,1.8,259.0,1.7669289302057951,0.34345619167778063
2026-06-22 03:00:00,26.2,83.0,0.0,1.6,243.0,1.4256104387013888,0.7263847995832748
2026-06-22 04:00:00,26.6,83.0,0.0,1.8,217.0,1.0832670416736871,1.437543918085127
2026-06-22 05:00:00,27.1,82.0,0.0,1.8,191.0,0.34345619167778085,1.7669289302057951
2026-06-22 06:00:00,27.6,81.0,0.0,2.5,172.0,-0.3479327524001634,2.475670171853926
2026-06-22 07:00:00,28.1,81.0,0.0,3.1,159.0,-1.1109406435904308,2.8940993221413254
2026-06-22 08:00:00,28.6,80.0,0.0,3.7,151.0,-1.793795594911447,3.236092916415765
2026-06-22 09:00:00,29.0,79.0,0.2,4.4,145.0,-2.5237363199446032,3.6042689948715636
2026-06-22 10:00:00,29.4,79.0,0.2,4.9,144.0,-2.880147736233118,3.9641832724372428
2026-06-22 11:00:00,29.7,78.0,0.2,5.6,140.0,-3.5996106142446203,4.289848881466277
2026-06-22 12:00:00,30.1,78.0,0.2,6.1,140.0,-3.92100441908789,4.6728711030257655
2026-06-22 13:00:00,30.3,78.0,0.2,6.6,139.0,-4.329989591337347,4.981083229470296
2026-06-22 14:00:00,30.3,78.0,0.2,6.4,137.0,-4.364789504399989,4.6806636903626915
2026-06-22 15:00:00,30.2,79.0,0.2,5.6,135.0,-3.9597979746446654,3.9597979746446663
2026-06-22 16:00:00,29.9,80.0,0.2,4.6,135.0,-3.252691193458118,3.2526911934581184
2026-06-22 17:00:00,29.4,81.0,0.2,3.1,126.0,-2.507952682562337,1.822134282106667
2026-06-22 18:00:00,29.0,82.0,0.2,1.9,112.0,-1.7616493236768958,0.7117525274902332
2026-06-22 19:00:00,28.5,83.0,0.2,0.8,63.0,-0.7128052193506944,-0.36319239979163737
2026-06-22 20:00:00,28.1,84.0,0.2,1.1,18.0,-0.33991869381244233,-1.0461621679246689
2026-06-22 21:00:00,27.8,84.0,0.1,1.4,360.0,8.572527594031472e-17,-1.4
2026-06-22 22:00:00,27.4,85.0,0.1,1.4,360.0,8.572527594031472e-17,-1.4
2026-06-22 23:00:00,27.0,85.0,0.1,1.5,346.0,0.3628828433995015,-1.4554435894139948
2026-06-23 00:00:00,26.6,85.0,0.1,1.1,342.0,0.3399186938124422,-1.0461621679246689
2026-06-23 01:00:00,26.4,84.0,0.1,0.7000000000000001,360.0,4.2862637970157366e-17,-0.7000000000000001
2026-06-23 02:00:00,26.3,84.0,0.1,0.7000000000000001,360.0,4.2862637970157366e-17,-0.7000000000000001
2026-06-23 03:00:00,26.4,83.0,0.0,0.8,27.0,-0.36319239979163753,-0.7128052193506943
2026-06-23 04:00:00,26.7,82.0,0.0,1.0,45.0,-0.7071067811865477,-0.7071067811865475
2026-06-23 05:00:00,27.1,81.0,0.0,1.3,56.0,-1.0777488443215544,-0.7269507745119708
2026-06-23 06:00:00,27.5,80.0,0.0,1.6,63.0,-1.4256104387013888,-0.7263847995832747
2026-06-23 07:00:00,28.0,79.0,0.0,1.9,68.0,-1.761649323676896,-0.7117525274902328
2026-06-23 08:00:00,28.4,78.0,0.0,2.6,74.0,-2.499280409439629,-0.7166571251241974
2026-06-23 09:00:00,28.8,77.0,0.1,3.3,77.0,-3.2154212137912763,-0.7423384793347544
2026-06-23 10:00:00,29.3,76.0,0.1,4.4,81.0,-4.3458286986186065,-0.6883116461770152
2026-06-23 11:00:00,29.7,74.0,0.1,5.4,82.0,-5.34744757120448,-0.7515347451843538
2026-06-23 12:00:00,30.2,73.0,0.1,6.2,83.0,-6.153786140176197,-0.7555899291119134
2026-06-23 13:00:00,30.4,73.0,0.1,6.9,81.0,-6.815049550106451,-1.0793978087775922
2026-06-23 14:00:00,30.5,73.0,0.1,7.3,79.0,-7.165878439167947,-1.3929056662487764
2026-06-23 15:00:00,30.3,74.0,0.1,7.2,72.0,-6.847606917325106,-2.2249223594996206
2026-06-23 16:00:00,29.8,76.0,0.1,6.8,65.0,-6.16289295184922,-2.873804179836755
2026-06-23 17:00:00,29.2,78.0,0.1,6.7,54.0,-5.420413862312149,-3.9381611903595695
2026-06-23 18:00:00,28.5,81.0,0.1,6.6,41.0,-4.329989591337347,-4.981083229470295
2026-06-23 19:00:00,27.9,83.0,0.1,6.6,29.0,-3.199743493625823,-5.772490067120013
2026-06-23 20:00:00,27.5,84.0,0.1,7.0,21.0,-2.508575646817105,-6.535062985480412
2026-06-23 21:00:00,27.1,84.0,0.1,7.2,18.0,-2.2249223594996224,-6.8476069173251055
2026-06-23 22:00:00,26.8,84.0,0.1,7.1,15.0,-1.8376152202278964,-6.858073366652385
2026-06-23 23:00:00,26.5,84.0,0.1,7.0,12.0,-1.4553818357243185,-6.847033205136639
2026-06-24 00:00:00,26.2,83.0,0.1,6.9,9.0,-1.0793978087775942,-6.81504955010645
2026-06-24 01:00:00,26.1,83.0,0.1,6.6,9.0,-1.0324674692655247,-6.5187430479279085
2026-06-24 02:00:00,26.1,82.0,0.1,6.6,9.0,-1.0324674692655247,-6.5187430479279085
2026-06-24 03:00:00,26.3,81.0,0.1,6.6,9.0,-1.0324674692655247,-6.5187430479279085
2026-06-24 04:00:00,26.7,80.0,0.1,6.3,13.0,-1.417191642366351,-6.1385314081469815
2026-06-24 05:00:00,27.1,79.0,0.1,6.0,17.0,-1.7542302283364226,-5.7378285357782115
2026-06-24 06:00:00,27.6,78.0,0.1,6.2,21.0,-2.2218812871808646,-5.78819864428265
2026-06-24 07:00:00,28.0,77.0,0.1,6.0,25.0,-2.5357095704441948,-5.4378467222199
2026-06-24 08:00:00,28.4,76.0,0.1,6.3,31.0,-3.2447398719333433,-5.400153994423306
2026-06-24 09:00:00,28.8,75.0,0.3,6.7,36.0,-3.938161190359571,-5.420413862312147
2026-06-24 10:00:00,29.1,74.0,0.3,7.4,43.0,-5.04678786446249,-5.412017391981862
2026-06-24 11:00:00,29.5,74.0,0.3,8.7,48.0,-6.46535998165333,-5.821436275322066
2026-06-24 12:00:00,29.8,73.0,0.3,9.5,53.0,-7.587037345449282,-5.717242719944459
2026-06-24 13:00:00,29.9,73.0,0.3,10.3,54.0,-8.33287504206196,-6.054188098612473
2026-06-24 14:00:00,29.9,73.0,0.3,10.8,53.0,-8.625263508510763,-6.499602250042123
2026-06-24 15:00:00,29.7,74.0,0.4,10.7,50.0,-8.196675541373065,-6.87782742364597
2026-06-24 16:00:00,29.2,76.0,0.4,10.7,45.0,-7.56604255869606,-7.566042558696057
2026-06-24 17:00:00,28.6,78.0,0.4,10.5,38.0,-6.46444549091941,-8.274112912870581
2026-06-24 18:00:00,28.0,80.0,0.4,10.3,29.0,-4.99353908853727,-9.00858298353578
2026-06-24 19:00:00,27.4,82.0,0.4,10.5,22.0,-3.933369230867079,-9.735430472951267
2026-06-24 20:00:00,27.0,83.0,0.4,10.9,17.0,-3.1868515814778346,-10.423721839997086
2026-06-24 21:00:00,26.7,83.0,0.2,11.2,15.0,-2.898773305148231,-10.818369254437565
2026-06-24 22:00:00,26.4,83.0,0.2,11.4,13.0,-2.564442019520064,-11.10781873855168
2026-06-24 23:00:00,26.2,83.0,0.2,11.7,11.0,-2.232465245905572,-11.485038046337667
2026-06-25 00:00:00,26.0,82.0,0.2,12.1,10.0,-2.101142949769857,-11.916173811447717
2026-06-25 01:00:00,25.9,82.0,0.2,12.4,10.0,-2.1532374030699364,-12.21161613735138
2026-06-25 02:00:00,26.0,81.0,0.2,12.8,10.0,-2.2226966741367082,-12.605539238556263
2026-06-25 03:00:00,26.2,80.0,0.2,13.5,9.0,-2.111865278043119,-13.333792598034359
2026-06-25 04:00:00,26.5,79.0,0.2,14.3,10.0,-2.483168940637104,-14.082750868074575
2026-06-25 05:00:00,26.9,78.0,0.2,15.0,11.0,-2.8621349306481694,-14.72440775171496
2026-06-25 06:00:00,27.3,77.0,0.2,15.8,12.0,-3.2850047149206048,-15.45473209159413
2026-06-25 07:00:00,27.8,76.0,0.2,16.6,13.0,-3.7341875021081634,-16.174543075434904
2026-06-25 08:00:00,28.1,75.0,0.2,17.0,13.0,-3.8241679238457094,-16.564291101348996
2026-06-25 09:00:00,28.5,74.0,0.3,17.5,14.0,-4.233633172994186,-16.980175209829937
2026-06-25 10:00:00,28.8,74.0,0.3,17.6,15.0,-4.555215193804363,-17.000294542687605
2026-06-25 11:00:00,29.2,74.0,0.3,17.7,17.0,-5.174979173592447,-16.926594180545724
2026-06-25 12:00:00,29.4,73.0,0.3,17.4,18.0,-5.376895702124087,-16.54838338353567
2026-06-25 13:00:00,29.6,73.0,0.3,17.1,18.0,-5.284190603811604,-16.263066428647125
2026-06-25 14:00:00,29.6,74.0,0.3,16.6,18.0,-5.12968210662413,-15.78753817049955
2026-06-25 15:00:00,29.4,75.0,0.7000000000000001,15.6,15.0,-4.037577103599322,-15.068442890109464
2026-06-25 16:00:00,29.0,77.0,0.7000000000000001,14.6,10.0,-2.535263393937183,-14.378193193978237
2026-06-25 17:00:00,28.5,79.0,0.7000000000000001,13.7,3.0,-0.717002600528337,-13.681224626137661
2026-06-25 18:00:00,28.0,81.0,0.7000000000000001,13.0,355.0,1.1330246557195558,-12.950531075192693
2026-06-25 19:00:00,27.5,83.0,0.7000000000000001,11.8,348.0,2.453357951649562,-11.542141688658907
2026-06-25 20:00:00,27.2,84.0,0.7000000000000001,11.2,339.0,4.013721034907364,-10.45610077676866
2026-06-25 21:00:00,26.9,85.0,1.5,10.1,333.0,4.585304047369423,-8.999165894302514
2026-06-25 22:00:00,26.8,85.0,1.5,9.0,323.0,5.4163352083684355,-7.187719590425635
2026-06-25 23:00:00,26.7,85.0,1.5,8.2,311.0,6.18861855782673,-5.379684037722159
2026-06-26 00:00:00,26.6,85.0,1.5,7.2,297.0,6.415246974156249,-3.2687315981247367
2026-06-26 01:00:00,26.5,85.0,1.5,7.0,282.0,6.84703320513664,-1.4553818357243153
2026-06-26 02:00:00,26.5,85.0,1.5,6.8,270.0,6.8,0.0
2026-06-26 03:00:00,26.6,85.0,2.6,7.0,258.0,6.84703320513664,1.4553818357243153
2026-06-26 04:00:00,26.6,85.0,2.6,7.0,249.0,6.535062985480412,2.5085756468171017
2026-06-26 05:00:00,26.8,85.0,2.6,6.8,238.0,5.766727053863696,3.603450996785793
2026-06-26 06:00:00,26.9,85.0,2.6,7.1,229.0,5.358438019581681,4.658019105832602
2026-06-26 07:00:00,27.1,85.0,2.6,7.7,221.0,5.051654523226906,5.811263767715345
2026-06-26 08:00:00,27.2,85.0,2.6,8.0,216.0,4.702282018339785,6.47213595499958
2026-06-26 09:00:00,27.3,85.0,4.2,8.6,213.0,4.683895701129233,7.212566884330647
2026-06-26 10:00:00,27.4,85.0,4.2,9.2,211.0,4.738350289172498,7.8859391664594325
2026-06-26 11:00:00,27.6,85.0,4.2,9.8,208.0,4.600821315301731,8.652886410017484
2026-06-26 12:00:00,27.7,85.0,4.2,10.5,207.0,4.766900247265242,9.355568503977862
2026-06-26 13:00:00,27.7,85.0,4.2,11.3,207.0,5.1300926470568795,10.068373723328557
2026-06-26 14:00:00,27.7,85.0,4.2,11.6,206.0,5.085105302753298,10.426010937070338
2026-06-26 15:00:00,27.6,85.0,5.0,11.9,205.0,5.029157314714324,10.785062665736135
2026-06-26 16:00:00,27.4,86.0,5.0,12.2,204.0,4.962187045524762,11.14525458323973
2026-06-26 17:00:00,27.2,87.0,5.0,12.2,204.0,4.962187045524762,11.14525458323973
2026-06-26 18:00:00,27.0,87.0,5.0,12.2,204.0,4.962187045524762,11.14525458323973
2026-06-26 19:00:00,26.7,88.0,5.0,12.6,204.0,5.124881702755083,11.510672766296771
2026-06-26 20:00:00,26.6,88.0,5.0,13.0,204.0,5.287576359985403,11.876090949353811
2026-06-26 21:00:00,26.5,88.0,4.4,13.5,205.0,5.705346533499442,12.235155124994774
2026-06-26 22:00:00,26.4,88.0,4.4,14.3,205.0,6.043441142892003,12.960201354624095
2026-06-26 23:00:00,26.3,88.0,4.4,15.3,207.0,6.9460546460150665,13.632399820082028
2026-06-27 00:00:00,26.2,88.0,4.4,16.3,208.0,7.652386473410021,14.392045763600509
2026-06-27 01:00:00,26.2,87.0,4.4,17.1,208.0,8.027963723638734,15.09840383788765
2026-06-27 02:00:00,26.2,87.0,4.4,17.9,208.0,8.403540973867445,15.80476191217479
2026-06-27 03:00:00,26.3,87.0,3.2,18.4,208.0,8.63827675526039,16.246235708604253
2026-06-27 04:00:00,26.4,86.0,3.2,19.0,207.0,8.62581949505139,16.929123959578988
2026-06-27 05:00:00,26.5,86.0,3.2,19.3,207.0,8.762016644973254,17.196425916835498
2026-06-27 06:00:00,26.7,86.0,3.2,19.6,206.0,8.59207447706592,17.616363307463676
2026-06-27 07:00:00,26.8,85.0,3.2,20.0,206.0,8.76742293578155,17.97588092598334
2026-06-27 08:00:00,27.0,85.0,3.2,20.3,205.0,8.5791507133362,18.398048076843995
2026-06-27 09:00:00,27.2,85.0,1.7000000000000002,20.3,205.0,8.5791507133362,18.398048076843995
2026-06-27 10:00:00,27.4,84.0,1.7000000000000002,20.6,205.0,8.70593619185841,18.66994041295499
2026-06-27 11:00:00,27.6,83.0,1.7000000000000002,20.3,205.0,8.5791507133362,18.398048076843995
2026-06-27 12:00:00,27.8,83.0,1.7000000000000002,20.3,205.0,8.5791507133362,18.398048076843995
2026-06-27 13:00:00,27.9,82.0,1.7000000000000002,20.3,205.0,8.5791507133362,18.398048076843995
2026-06-27 14:00:00,28.0,82.0,1.7000000000000002,20.0,206.0,8.76742293578155,17.97588092598334
2026-06-27 15:00:00,28.0,82.0,0.7000000000000001,19.6,206.0,8.59207447706592,17.616363307463676
2026-06-27 16:00:00,27.9,82.0,0.7000000000000001,18.8,206.0,8.241377559634657,16.89732807042434
2026-06-27 17:00:00,27.8,83.0,0.7000000000000001,18.4,206.0,8.066029100919025,16.537810451904672
2026-06-27 18:00:00,27.7,83.0,0.7000000000000001,17.7,207.0,8.035631845389979,15.770815478134109
2026-06-27 19:00:00,27.5,83.0,0.7000000000000001,16.9,207.0,7.67243944559834,15.058010258783414
2026-06-27 20:00:00,27.4,83.0,0.7000000000000001,16.6,207.0,7.536242295676478,14.790708301526907
2026-06-27 21:00:00,27.3,83.0,0.2,16.3,208.0,7.652386473410021,14.392045763600509
2026-06-27 22:00:00,27.2,82.0,0.2,16.4,209.0,7.950877772039928,14.343763197086089
2026-06-27 23:00:00,27.1,82.0,0.2,16.4,209.0,7.950877772039928,14.343763197086089
2026-06-28 00:00:00,27.1,81.0,0.2,16.3,211.0,8.395120621033882,13.971827001444431
2026-06-28 01:00:00,27.1,80.0,0.2,16.3,211.0,8.395120621033882,13.971827001444431
2026-06-28 02:00:00,27.1,80.0,0.2,16.3,211.0,8.395120621033882,13.971827001444431
2026-06-28 03:00:00,27.3,80.0,0.1,16.3,211.0,8.395120621033882,13.971827001444431
2026-06-28 04:00:00,27.5,80.0,0.1,16.1,209.0,7.8054348859660285,14.081377284944272
2026-06-28 05:00:00,27.8,80.0,0.1,15.6,209.0,7.563030075842859,13.644067431374573
2026-06-28 06:00:00,28.2,80.0,0.1,15.5,208.0,7.276809223181308,13.685687689313367
2026-06-28 07:00:00,28.5,80.0,0.1,15.3,207.0,6.9460546460150665,13.632399820082028
2026-06-28 08:00:00,28.8,80.0,0.1,15.1,205.0,6.381535752284561,13.685247584253414
2026-06-28 09:00:00,29.1,79.0,0.3,15.0,204.0,6.101049646137003,13.703181864639014
2026-06-28 10:00:00,29.4,78.0,0.3,15.0,201.0,5.375519243179506,14.003706397458027
2026-06-28 11:00:00,29.8,77.0,0.3,14.9,200.0,5.096100135552466,14.001420049710035
2026-06-28 12:00:00,30.0,77.0,0.3,14.8,198.0,4.5734515167492225,14.075636441168273
2026-06-28 13:00:00,30.2,76.0,0.3,14.6,196.0,4.024305394928188,14.034420760699456
2026-06-28 14:00:00,30.2,76.0,0.3,13.8,195.0,3.571702822414786,13.329776402789143
2026-06-28 15:00:00,30.0,77.0,0.4,12.7,195.0,3.2870018728020134,12.267257993871167
2026-06-28 16:00:00,29.7,78.0,0.4,10.8,195.0,2.795245687107224,10.431998923921938
2026-06-28 17:00:00,29.2,80.0,0.4,8.9,194.0,2.1531048708370424,8.635631963856369
2026-06-28 18:00:00,28.7,82.0,0.4,6.7,196.0,1.8467702839738944,6.440453362786736
2026-06-28 19:00:00,28.3,84.0,0.4,5.2,196.0,1.4333142502483958,4.998560818879258
2026-06-28 20:00:00,27.9,85.0,0.4,3.9,202.0,1.4609657143220567,3.616017032810471
2026-06-28 21:00:00,27.5,86.0,0.2,3.2,207.0,1.45276959916655,2.851220877402777
2026-06-28 22:00:00,27.1,86.0,0.2,3.1,216.0,1.8221342821066668,2.5079526825623373
2026-06-28 23:00:00,26.8,86.0,0.2,3.1,225.0,2.1920310216782974,2.192031021678297
2026-06-29 00:00:00,26.4,86.0,0.2,3.3,229.0,2.4905416147351476,2.1649947956686737
2026-06-29 01:00:00,26.3,85.0,0.2,3.1,234.0,2.5079526825623373,1.8221342821066668
2026-06-29 02:00:00,26.2,85.0,0.2,3.1,234.0,2.5079526825623373,1.8221342821066668
2026-06-29 03:00:00,26.4,84.0,0.1,2.6,236.0,2.1554976886431083,1.453901549023942
2026-06-29 04:00:00,26.7,84.0,0.1,2.0,225.0,1.4142135623730951,1.414213562373095
2026-06-29 05:00:00,27.2,83.0,0.1,1.6,207.0,0.726384799583275,1.4256104387013886
2026-06-29 06:00:00,27.7,82.0,0.1,1.1,180.0,6.735557395310444e-17,1.1
2026-06-29 07:00:00,28.2,81.0,0.1,1.3,146.0,-0.7269507745119708,1.0777488443215544
2026-06-29 08:00:00,28.6,80.0,0.1,1.8,127.0,-1.4375439180851273,1.0832670416736867
2026-06-29 09:00:00,29.0,79.0,0.3,2.4,117.0,-2.138415658052083,1.0895771993749124
2026-06-29 10:00:00,29.5,78.0,0.3,3.1,111.0,-2.8940993221413254,1.1109406435904308
2026-06-29 11:00:00,29.9,77.0,0.3,4.2,110.0,-3.9467090073008153,1.4364846019678092
2026-06-29 12:00:00,30.2,76.0,0.3,4.9,107.0,-4.685893304218874,1.4326213531414094
2026-06-29 13:00:00,30.4,76.0,0.3,5.2,102.0,-5.08636752381579,1.0811407922523484
2026-06-29 14:00:00,30.4,76.0,0.3,5.4,98.0,-5.34744757120448,0.7515347451843528
2026-06-29 15:00:00,30.2,77.0,0.4,5.0,90.0,-5.0,6.123233995736766e-16
2026-06-29 16:00:00,29.6,79.0,0.4,4.9,73.0,-4.685893304218874,-1.4326213531414103
2026-06-29 17:00:00,29.0,81.0,0.4,4.6,51.0,-3.5748714227020653,-2.894873798829253
2026-06-29 18:00:00,28.3,83.0,0.4,5.2,34.0,-2.907803098047882,-4.3109953772862175
2026-06-29 19:00:00,27.7,85.0,0.4,5.8,22.0,-2.1727182418122912,-5.377666356487366
2026-06-29 20:00:00,27.2,86.0,0.4,6.3,13.0,-1.417191642366351,-6.1385314081469815
2026-06-29 21:00:00,26.8,86.0,0.4,6.6,9.0,-1.0324674692655247,-6.5187430479279085
2026-06-29 22:00:00,26.5,86.0,0.4,6.5,6.0,-0.6794350112397468,-6.464392319893777
2026-06-29 23:00:00,26.3,86.0,0.4,6.1,3.0,-0.31924933308196024,-6.0916401620029
2026-06-30 00:00:00,26.1,85.0,0.4,6.1,360.0,3.735172737399427e-16,-6.1
2026-06-30 01:00:00,26.0,85.0,0.4,5.8,360.0,3.5514757175273243e-16,-5.8
2026-06-30 02:00:00,26.1,84.0,0.4,5.4,360.0,3.3065463576978537e-16,-5.4
2026-06-30 03:00:00,26.3,83.0,0.3,5.4,360.0,3.3065463576978537e-16,-5.4
2026-06-30 04:00:00,26.6,82.0,0.3,5.1,4.0,-0.35575801609504043,-5.087576656325103
2026-06-30 05:00:00,27.0,81.0,0.3,5.1,8.0,-0.7097828148963357,-5.050367150582008
2026-06-30 06:00:00,27.5,80.0,0.3,4.9,17.0,-1.4326213531414118,-4.685893304218873
2026-06-30 07:00:00,28.0,79.0,0.3,4.7,23.0,-1.836436303899587,-4.326372811226469
2026-06-30 08:00:00,28.4,78.0,0.3,4.5,29.0,-2.1816432911085157,-3.935788682127282
2026-06-30 09:00:00,28.8,77.0,0.3,4.1,38.0,-2.524212048835198,-3.2308440897875603
2026-06-30 10:00:00,29.3,75.0,0.3,4.1,52.0,-3.23084408978756,-2.5242120488351985
2026-06-30 11:00:00,29.9,73.0,0.3,4.3,66.0,-3.9282454678631837,-1.7489675652259409
2026-06-30 12:00:00,30.3,72.0,0.3,4.5,76.0,-4.366330768241984,-1.0886485301985038
2026-06-30 13:00:00,30.6,71.0,0.3,4.7,86.0,-4.688551036221174,-0.3278554265973888
2026-06-30 14:00:00,30.6,71.0,0.3,4.7,90.0,-4.7,5.755839955992561e-16
2026-06-30 15:00:00,30.4,72.0,0.3,4.3,90.0,-4.3,5.265981236333618e-16
2026-06-30 16:00:00,29.8,74.0,0.3,3.7,79.0,-3.632020578756357,-0.7059932828932155
2026-06-30 17:00:00,29.2,77.0,0.3,2.7,67.0,-2.485363104321589,-1.0549740469210387
2026-06-30 18:00:00,28.5,79.0,0.3,2.3,39.0,-1.447436899414627,-1.7874357113510322
2026-06-30 19:00:00,27.8,81.0,0.3,2.6,16.0,-0.7166571251241971,-2.4992804094396295
2026-06-30 20:00:00,27.3,83.0,0.3,2.9,360.0,1.7757378587636622e-16,-2.9
2026-06-30 21:00:00,26.9,84.0,0.4,2.9,353.0,0.3534210958749277,-2.8783838397598336
2026-06-30 22:00:00,26.6,84.0,0.4,3.0,346.0,0.725765686799003,-2.9108871788279895
2026-06-30 23:00:00,26.3,84.0,0.4,3.1,339.0,1.1109406435904312,-2.8940993221413254
2026-07-01 00:00:00,26.0,84.0,0.4,3.2,333.0,1.45276959916655,-2.851220877402777
2026-07-01 01:00:00,25.9,83.0,0.4,2.9,330.0,1.4500000000000002,-2.5114736709748717
2026-07-01 02:00:00,25.9,83.0,0.4,2.9,330.0,1.4500000000000002,-2.5114736709748717
2026-07-01 03:00:00,26.1,82.0,0.3,2.7,337.0,1.0549740469210391,-2.485363104321589
2026-07-01 04:00:00,26.4,81.0,0.3,3.0,346.0,0.725765686799003,-2.9108871788279895
2026-07-01 05:00:00,26.7,80.0,0.3,2.9,353.0,0.3534210958749277,-2.8783838397598336
2026-07-01 06:00:00,27.2,79.0,0.3,2.9,360.0,1.7757378587636622e-16,-2.9
2026-07-01 07:00:00,27.6,78.0,0.3,3.0,14.0,-0.7257656867990033,-2.9108871788279895
2026-07-01 08:00:00,28.0,77.0,0.3,3.1,21.0,-1.1109406435904323,-2.894099322141325
2026-07-01 09:00:00,28.4,76.0,0.3,2.9,30.0,-1.4500000000000013,-2.5114736709748713
2026-07-01 10:00:00,28.8,74.0,0.3,2.8,50.0,-2.1449244407331385,-1.7998053071223097
2026-07-01 11:00:00,29.3,73.0,0.3,2.9,60.0,-2.5114736709748717,-1.4500000000000002
2026-07-01 12:00:00,29.7,72.0,0.3,3.0,76.0,-2.9108871788279895,-0.7257656867990026
2026-07-01 13:00:00,29.9,71.0,0.3,3.3,84.0,-3.2819222547153015,-0.3449439287832565
2026-07-01 14:00:00,29.9,71.0,0.3,3.2,90.0,-3.2,3.9188697572715305e-16
2026-07-01 15:00:00,29.7,72.0,0.3,2.9,90.0,-2.9,3.5514757175273243e-16
2026-07-01 16:00:00,29.2,74.0,0.3,2.2,81.0,-2.1729143493093033,-0.3441558230885076
2026-07-01 17:00:00,28.5,76.0,0.3,1.8,53.0,-1.437543918085127,-1.0832670416736871
2026-07-01 18:00:00,27.8,79.0,0.3,1.8,11.0,-0.3434561916777803,-1.7669289302057951
2026-07-01 19:00:00,27.2,81.0,0.3,2.2,351.0,0.34415582308850806,-2.1729143493093033
2026-07-01 20:00:00,26.7,82.0,0.3,2.7,337.0,1.0549740469210391,-2.485363104321589
2026-07-01 21:00:00,26.4,83.0,0.3,2.9,330.0,1.4500000000000002,-2.5114736709748717
2026-07-01 22:00:00,26.1,83.0,0.3,3.4,328.0,1.8017254983928965,-2.883363526931848
2026-07-01 23:00:00,25.8,83.0,0.3,3.3,319.0,2.1649947956686737,-2.4905416147351476
2026-07-02 00:00:00,25.7,82.0,0.3,3.6,315.0,2.5455844122715714,-2.545584412271571
2026-07-02 01:00:00,25.6,82.0,0.3,3.6,315.0,2.5455844122715714,-2.545584412271571
2026-07-02 02:00:00,25.6,81.0,0.3,3.6,315.0,2.5455844122715714,-2.545584412271571
2026-07-02 03:00:00,25.8,80.0,0.2,3.3,319.0,2.1649947956686737,-2.4905416147351476
2026-07-02 04:00:00,26.1,80.0,0.2,3.1,324.0,1.8221342821066668,-2.5079526825623373
2026-07-02 05:00:00,26.5,79.0,0.2,3.1,339.0,1.1109406435904312,-2.8940993221413254
2026-07-02 06:00:00,27.0,78.0,0.2,3.0,346.0,0.725765686799003,-2.9108871788279895
2026-07-02 07:00:00,27.4,77.0,0.2,2.5,360.0,1.5308084989341916e-16,-2.5
2026-07-02 08:00:00,27.8,76.0,0.2,2.5,8.0,-0.3479327524001646,-2.475670171853926
2026-07-02 09:00:00,28.1,75.0,0.4,2.3,18.0,-0.7107390870623793,-2.1874299874788528
2026-07-02 10:00:00,28.5,74.0,0.4,1.8,37.0,-1.083267041673687,-1.437543918085127
2026-07-02 11:00:00,28.9,73.0,0.4,1.8,53.0,-1.437543918085127,-1.0832670416736871
2026-07-02 12:00:00,29.2,72.0,0.4,1.5,76.0,-1.4554435894139948,-0.3628828433995013
2026-07-02 13:00:00,29.3,72.0,0.4,1.4,90.0,-1.4,1.7145055188062944e-16
2026-07-02 14:00:00,29.3,72.0,0.4,1.5,104.0,-1.4554435894139948,0.3628828433995016
2026-07-02 15:00:00,29.1,73.0,0.5,1.1,108.0,-1.0461621679246689,0.3399186938124423
2026-07-02 16:00:00,28.6,75.0,0.5,0.7000000000000001,90.0,-0.7000000000000001,8.572527594031473e-17
2026-07-02 17:00:00,28.1,77.0,0.5,0.7000000000000001,360.0,4.2862637970157366e-17,-0.7000000000000001
2026-07-02 18:00:00,27.5,79.0,0.5,1.3,326.0,0.7269507745119709,-1.0777488443215544
2026-07-02 19:00:00,26.9,81.0,0.5,2.0,315.0,1.4142135623730951,-1.414213562373095
2026-07-02 20:00:00,26.5,82.0,0.5,2.5,315.0,1.7677669529663689,-1.7677669529663687
2026-07-02 21:00:00,26.2,83.0,0.5,2.8,310.0,2.1449244407331385,-1.7998053071223097
2026-07-02 22:00:00,26.0,83.0,0.5,2.6,304.0,2.1554976886431083,-1.453901549023942
2026-07-02 23:00:00,25.7,83.0,0.5,2.7,293.0,2.485363104321589,-1.0549740469210394
2026-07-03 00:00:00,25.6,83.0,0.5,2.6,286.0,2.499280409439629,-0.7166571251241979
2026-07-03 01:00:00,25.5,83.0,0.5,2.5,278.0,2.475670171853926,-0.3479327524001636
2026-07-03 02:00:00,25.6,83.0,0.5,2.5,278.0,2.475670171853926,-0.3479327524001636
2026-07-03 03:00:00,25.8,83.0,0.4,2.5,278.0,2.475670171853926,-0.3479327524001636
2026-07-03 04:00:00,26.1,82.0,0.4,2.2,279.0,2.1729143493093033,-0.34415582308850795
2026-07-03 05:00:00,26.5,81.0,0.4,1.9,292.0,1.761649323676896,-0.7117525274902328
2026-07-03 06:00:00,26.9,81.0,0.4,1.6,297.0,1.4256104387013888,-0.7263847995832748
2026-07-03 07:00:00,27.3,80.0,0.4,1.3,304.0,1.0777488443215542,-0.726950774511971
2026-07-03 08:00:00,27.7,79.0,0.4,1.0,315.0,0.7071067811865476,-0.7071067811865475
2026-07-03 09:00:00,28.0,78.0,0.6,0.5,315.0,0.3535533905932738,-0.35355339059327373
2026-07-03 10:00:00,28.3,77.0,0.6,0.4,180.0,2.4492935982947065e-17,0.4
2026-07-03 11:00:00,28.7,76.0,0.6,0.7000000000000001,180.0,4.2862637970157366e-17,0.7000000000000001
2026-07-03 12:00:00,28.9,75.0,0.6,1.5,166.0,-0.36288284339950166,1.4554435894139948
2026-07-03 13:00:00,29.1,75.0,0.6,1.8,169.0,-0.34345619167778063,1.7669289302057951
2026-07-03 14:00:00,29.1,75.0,0.6,2.2,171.0,-0.34415582308850784,2.1729143493093033
2026-07-03 15:00:00,28.9,76.0,0.6,2.2,180.0,1.3471114790620887e-16,2.2
2026-07-03 16:00:00,28.5,77.0,0.6,1.8,191.0,0.34345619167778085,1.7669289302057951
2026-07-03 17:00:00,28.0,79.0,0.6,1.5,225.0,1.0606601717798214,1.0606601717798212
2026-07-03 18:00:00,27.5,81.0,0.6,1.9,248.0,1.761649323676896,0.7117525274902328
2026-07-03 19:00:00,27.0,83.0,0.6,2.5,262.0,2.475670171853926,0.3479327524001636
2026-07-03 20:00:00,26.6,84.0,0.6,2.9,270.0,2.9,0.0
2026-07-03 21:00:00,26.4,85.0,0.5,3.2,270.0,3.2,0.0
2026-07-03 22:00:00,26.1,85.0,0.5,3.6,264.0,3.580278823325784,0.37630246776355253
2026-07-03 23:00:00,25.9,85.0,0.5,3.7,259.0,3.632020578756357,0.7059932828932158
2026-07-04 00:00:00,25.8,85.0,0.5,4.1,255.0,3.96029588778518,1.061158084920335
2026-07-04 01:00:00,25.8,84.0,0.5,4.2,250.0,3.9467090073008158,1.4364846019678086
2026-07-04 02:00:00,25.8,84.0,0.5,4.3,246.0,3.9282454678631837,1.7489675652259409
2026-07-04 03:00:00,26.0,84.0,0.5,4.5,241.0,3.935788682127281,2.1816432911085166
2026-07-04 04:00:00,26.3,83.0,0.5,4.2,239.0,3.600102662948872,2.1631599146222276
2026-07-04 05:00:00,26.6,83.0,0.5,3.9,236.0,3.2332465329646625,2.180852323535913
2026-07-04 06:00:00,27.0,82.0,0.5,3.6,233.0,2.875087836170254,2.166534083347374
2026-07-04 07:00:00,27.4,82.0,0.5,3.6,225.0,2.5455844122715714,2.545584412271571
2026-07-04 08:00:00,27.8,81.0,0.5,3.6,217.0,2.1665340833473743,2.875087836170254
2026-07-04 09:00:00,28.1,80.0,0.5,4.0,207.0,1.8159619989581872,3.564026096753471
2026-07-04 10:00:00,28.5,79.0,0.5,4.9,197.0,1.4326213531414103,4.685893304218874
2026-07-04 11:00:00,28.9,78.0,0.5,5.9,191.0,1.125773072721615,5.791600382341218
2026-07-04 12:00:00,29.3,77.0,0.5,6.6,189.0,1.032467469265524,6.518743047927909
2026-07-04 13:00:00,29.5,76.0,0.5,7.2,186.0,0.752604935527105,7.160557646651568
2026-07-04 14:00:00,29.6,76.0,0.5,7.6,185.0,0.6623836448822018,7.571079705497266
