time,temperature_2m,relativehumidity_2m,precipitation,windspeed_10m,winddirection_10m,u,v
2026-06-14 00:00:00,26.6,69.0,0.0,17.5,209.0,8.4841683543109,15.305844874939426
2026-06-14 01:00:00,26.1,74.0,0.0,16.9,208.0,7.934069411081555,14.921814319315862
2026-06-14 02:00:00,25.3,84.0,0.1,18.7,187.0,2.278956721676258,18.56061303569272
2026-06-14 03:00:00,25.4,81.0,0.0,19.7,186.0,2.0592107263727732,19.592081338754983
2026-06-14 04:00:00,26.3,72.0,0.0,21.9,187.0,2.66893862057273,21.73676072094495
2026-06-14 05:00:00,26.5,69.0,0.0,20.0,189.0,3.1286893008046186,19.753766811902757
2026-06-14 06:00:00,26.7,68.0,0.0,16.7,205.0,7.05772497106968,15.135340043512054
2026-06-14 07:00:00,26.6,72.0,0.1,17.0,216.0,9.992349288972044,13.753288904374106
2026-06-14 08:00:00,25.9,88.0,0.5,22.9,189.0,3.582349249421288,22.618062999628652
2026-06-14 09:00:00,24.7,96.0,1.1,22.0,207.0,9.98779099427003,19.60214353214409
2026-06-14 10:00:00,24.8,96.0,2.3,20.6,196.0,5.6781295298301835,19.80199093632937
2026-06-14 11:00:00,24.8,95.0,1.8,24.5,197.0,7.163106765707051,23.42946652109437
2026-06-14 12:00:00,24.4,95.0,1.7000000000000002,24.4,185.0,2.1266001230428584,24.30715063343859
2026-06-14 13:00:00,24.4,95.0,2.1,24.6,198.0,7.601818061623708,23.395990300860777
2026-06-14 14:00:00,25.1,94.0,4.0,23.1,193.0,5.19636935534328,22.507948496538937
2026-06-14 15:00:00,24.3,96.0,4.3,23.4,193.0,5.263854671646439,22.800259515974503
2026-06-14 16:00:00,24.4,96.0,2.4,25.1,190.0,4.358569259439953,24.718674600606423
2026-06-14 17:00:00,23.9,94.0,3.0,25.0,179.0,-0.4363101609320869,24.996192378909782
2026-06-14 18:00:00,23.9,91.0,0.4,28.1,169.0,-5.361732770080909,27.58372385487936
2026-06-14 19:00:00,23.9,86.0,0.3,23.0,173.0,-2.8029948983183894,22.82856148775041
2026-06-14 20:00:00,22.6,88.0,0.9,24.6,162.0,-7.601818061623705,23.39599030086078
2026-06-14 21:00:00,23.4,83.0,0.0,22.4,185.0,1.9522886375475421,22.314761237255098
2026-06-14 22:00:00,24.1,78.0,0.1,24.8,175.0,-2.161462420141924,24.70562851267529
2026-06-14 23:00:00,25.5,73.0,0.0,24.4,171.0,-3.8170009469816315,24.09959551052136
2026-06-15 00:00:00,26.1,70.0,0.0,25.0,173.0,-3.0467335851286843,24.81365379103305
2026-06-15 01:00:00,25.5,73.0,0.0,24.2,175.0,-2.109168974493329,24.107911693820242
2026-06-15 02:00:00,25.9,73.0,0.0,23.1,170.0,-4.01127290410609,22.749059094582005
2026-06-15 03:00:00,25.5,76.0,0.3,21.9,175.0,-1.9087107661737153,21.816663888209227
2026-06-15 04:00:00,24.7,80.0,0.6,20.2,175.0,-1.7605460035026963,20.12313290145326
2026-06-15 05:00:00,24.9,78.0,0.0,20.1,174.0,-2.1010221116798364,19.989890096902293
2026-06-15 06:00:00,24.6,81.0,0.1,20.9,176.0,-1.4579103012522192,20.849088650430325
2026-06-15 07:00:00,25.2,82.0,0.2,16.8,198.0,5.191485505499117,15.97774947375858
2026-06-15 08:00:00,27.3,72.0,9.3,21.5,198.0,6.643865379061371,20.4477151003458
2026-06-15 09:00:00,24.3,95.0,3.7,20.6,207.0,9.352204294634666,18.354734398280378
2026-06-15 10:00:00,23.9,96.0,2.2,20.4,194.0,4.93520667023322,19.794032816030327
2026-06-15 11:00:00,24.5,95.0,1.5,22.1,186.0,2.3100790382151417,21.978933887638842
2026-06-15 12:00:00,25.4,94.0,1.3,22.2,186.0,2.3205318845419067,22.078386077175665
2026-06-15 13:00:00,25.5,94.0,1.5,25.1,184.0,1.7508874909775434,25.03885766152159
2026-06-15 14:00:00,24.0,93.0,2.3,25.5,184.0,1.7787900804751935,25.437883281625517
2026-06-15 15:00:00,23.8,94.0,2.0,20.8,185.0,1.8128394491512894,20.72084972030831
2026-06-15 16:00:00,24.1,93.0,1.0,22.2,184.0,1.54859371711958,22.145921915768096
2026-06-15 17:00:00,23.8,92.0,0.8,23.8,183.0,1.2455957585820665,23.76738292715886
2026-06-15 18:00:00,24.0,88.0,0.3,20.0,194.0,4.838437911993354,19.40591452551993
2026-06-15 19:00:00,23.5,91.0,0.7000000000000001,21.8,195.0,5.642255183234952,21.05718301310169
2026-06-15 20:00:00,24.4,82.0,0.4,21.9,175.0,-1.9087107661737153,21.816663888209227
2026-06-15 21:00:00,25.0,76.0,0.0,21.2,179.0,-0.3699910164704097,21.196771137315494
2026-06-15 22:00:00,25.8,72.0,0.0,20.7,191.0,3.9497462042944798,20.319682697366645
2026-06-15 23:00:00,25.9,72.0,0.0,19.2,192.0,3.9919044637009815,18.780433934089068
2026-06-16 00:00:00,26.2,70.0,0.0,22.6,188.0,3.1453120816974796,22.38005835355949
2026-06-16 01:00:00,25.7,71.0,0.0,22.5,178.0,-0.7852386758062715,22.486293607929653
2026-06-16 02:00:00,24.3,84.0,0.0,23.2,178.0,-0.8096683234980221,23.18586718684302
2026-06-16 03:00:00,24.4,83.0,0.1,22.1,189.0,3.4572016773891034,21.827912327152546
2026-06-16 04:00:00,23.7,88.0,0.5,20.2,191.0,3.854341706606207,19.828869105642813
2026-06-16 05:00:00,24.1,85.0,0.2,18.7,200.0,6.395776680190007,17.572252008696484
2026-06-16 06:00:00,24.4,84.0,0.1,18.2,198.0,5.624109297624043,17.309228596571792
2026-06-16 07:00:00,25.3,81.0,0.0,17.2,201.0,6.1639287321791665,16.05758333575187
2026-06-16 08:00:00,28.4,69.0,0.0,19.6,199.0,6.381135827360273,18.53216408174661
2026-06-16 09:00:00,30.0,62.0,0.0,20.0,201.0,7.167358990906008,18.671608529944034
2026-06-16 10:00:00,29.3,65.0,0.0,18.6,208.0,8.732171067817571,16.42282522717604
2026-06-16 11:00:00,29.8,68.0,0.0,18.6,220.0,11.955849540169632,14.248426642012992
2026-06-16 12:00:00,25.6,95.0,1.8,21.9,218.0,13.482986309631915,17.25743550398721
2026-06-16 13:00:00,25.8,96.0,1.3,18.1,190.0,3.143032015771441,17.825020329520967
2026-06-16 14:00:00,25.6,95.0,0.1,18.5,187.0,2.2545828529952288,18.362103805364455
2026-06-16 15:00:00,25.6,95.0,2.1,15.9,200.0,5.438120278878134,14.941112670495942
2026-06-16 16:00:00,25.0,96.0,3.3,17.6,186.0,1.839700953510701,17.50358535848161
2026-06-16 17:00:00,25.0,93.0,0.5,21.3,177.0,-1.1147558679747038,21.270809090272422
2026-06-16 18:00:00,25.2,89.0,0.0,17.6,187.0,2.144900443930596,17.46881226888727
2026-06-16 19:00:00,25.1,86.0,0.0,17.4,191.0,3.3200765195518813,17.080312991989352
2026-06-16 20:00:00,26.3,78.0,0.2,18.4,209.0,8.920497012532602,16.09300261136488
2026-06-16 21:00:00,25.6,84.0,0.0,17.8,208.0,8.356593817588857,15.7164671528889
2026-06-16 22:00:00,25.6,83.0,0.0,14.9,202.0,5.581638241897088,13.815039433045133
2026-06-16 23:00:00,25.8,80.0,0.0,14.0,204.0,5.694313003061203,12.789636406996411
2026-06-17 00:00:00,25.8,77.0,0.0,15.2,204.0,6.182396974752163,13.885890956167533
2026-06-17 01:00:00,25.5,78.0,0.0,16.8,201.0,6.020581552361047,15.68415116515299
2026-06-17 02:00:00,25.6,74.0,0.0,16.4,189.0,2.565525226659787,16.19808878576026
2026-06-17 03:00:00,25.6,74.0,0.0,16.9,218.0,10.404678933003625,13.317381735953601
2026-06-17 04:00:00,25.2,76.0,0.0,16.0,205.0,6.761892187851191,14.500924592586399
2026-06-17 05:00:00,25.4,76.0,0.0,19.5,192.0,4.054277970946309,19.073878214309207
2026-06-17 06:00:00,25.3,75.0,0.0,19.3,168.0,-4.012695632782756,18.87824869416245
2026-06-17 07:00:00,26.7,72.0,0.0,16.5,172.0,-2.2963561658410785,16.33942313423591
2026-06-17 08:00:00,29.1,68.0,0.0,15.3,199.0,4.981192763194499,14.466434206669547
2026-06-17 09:00:00,30.0,64.0,0.0,18.4,200.0,6.293170637192306,17.29034422246071
2026-06-17 10:00:00,30.7,62.0,0.0,18.8,214.0,10.51282658525004,15.585906364034786
2026-06-17 11:00:00,30.7,65.0,0.0,19.1,225.0,13.50573952066306,13.505739520663058
2026-06-17 12:00:00,30.8,70.0,0.1,19.4,232.0,15.287408619970403,11.94383262131777
2026-06-17 13:00:00,28.2,83.0,1.7000000000000002,24.1,212.0,12.771054268020238,20.437959117369868
2026-06-17 14:00:00,28.1,84.0,0.5,14.8,196.0,4.0794328660915875,14.22667309988712
2026-06-17 15:00:00,27.7,84.0,0.5,14.3,241.0,12.50706181209336,6.93277756952262
2026-06-17 16:00:00,25.7,97.0,2.5,13.7,193.0,3.0818294445109493,13.348869887557722
2026-06-17 17:00:00,26.0,95.0,0.4,16.0,197.0,4.677947275563788,15.300876095408567
2026-06-17 18:00:00,25.3,91.0,0.1,14.6,189.0,2.2839431895873714,14.420249772689012
2026-06-17 19:00:00,25.3,87.0,0.0,16.4,189.0,2.565525226659787,16.19808878576026
2026-06-17 20:00:00,25.4,89.0,0.0,14.1,184.0,0.9835662797921657,14.06565310866352
2026-06-17 21:00:00,25.7,86.0,0.0,15.9,190.0,2.7610060249041934,15.658443272894107
2026-06-17 22:00:00,25.9,84.0,0.0,15.5,195.0,4.011695199089072,14.971850307480558
2026-06-17 23:00:00,26.0,84.0,0.0,15.8,204.0,6.426438960597643,14.434018230753095
2026-06-18 00:00:00,26.0,83.0,0.0,15.3,198.0,4.727960013936697,14.55116469931585
2026-06-18 01:00:00,25.8,83.0,0.0,13.9,211.0,7.159029241249753,11.914625479759362
2026-06-18 02:00:00,26.1,83.0,0.0,13.9,201.0,4.981314498679676,12.976767928311105
2026-06-18 03:00:00,25.8,84.0,0.0,13.6,206.0,5.961847596331453,12.223599029668671
2026-06-18 04:00:00,25.9,82.0,0.0,13.5,196.0,3.7211043035294886,12.977032895167305
2026-06-18 05:00:00,26.0,79.0,0.0,13.7,191.0,2.614083236658665,13.448292413232997
2026-06-18 06:00:00,26.3,75.0,0.0,14.2,189.0,2.221369403571279,14.025174436450955
2026-06-18 07:00:00,27.2,72.0,0.0,15.0,196.0,4.134560337254987,14.418925439074783
2026-06-18 08:00:00,29.1,70.0,0.0,10.8,213.0,5.882101578162293,9.05764213381058
2026-06-18 09:00:00,30.2,65.0,0.0,10.3,239.0,8.828823197231758,5.304892171573558
2026-06-18 10:00:00,30.8,64.0,0.0,11.6,254.0,11.1506356728845,3.19739332747719
2026-06-18 11:00:00,31.2,63.0,0.0,13.3,257.0,12.959121861643629,2.9918490227734047
2026-06-18 12:00:00,30.3,70.0,0.8,15.5,250.0,14.56523562218158,5.301312221547865
2026-06-18 13:00:00,30.5,68.0,0.3,16.9,247.0,15.556532023346241,6.603356071468726
2026-06-18 14:00:00,30.8,66.0,0.1,15.9,243.0,14.167003734595049,7.2184489458587935
2026-06-18 15:00:00,28.9,74.0,0.5,16.6,202.0,6.218469450704139,15.391251985808672
2026-06-18 16:00:00,29.2,74.0,0.1,15.7,195.0,4.063459008109575,15.165035472738372
2026-06-18 17:00:00,28.2,82.0,0.5,15.8,197.0,4.619472934619242,15.10961514421596
2026-06-18 18:00:00,27.5,83.0,0.1,13.9,203.0,5.431162686000905,12.795017462988922
2026-06-18 19:00:00,27.1,81.0,0.0,14.8,201.0,5.303845653270446,13.816990312158586
2026-06-18 20:00:00,27.5,74.0,0.0,13.9,186.0,1.452945639420383,13.823854345618999
2026-06-18 21:00:00,27.2,74.0,0.0,14.0,196.0,3.8589229814379884,13.457663743136465
2026-06-18 22:00:00,27.0,75.0,0.0,14.2,195.0,3.6752304404557945,13.71614673330477
2026-06-18 23:00:00,26.8,77.0,0.0,14.2,198.0,4.388041320124254,13.50500253139118
2026-06-19 00:00:00,26.5,79.0,0.0,12.4,204.0,5.043534374139923,11.32796367476825
2026-06-19 01:00:00,26.0,81.0,0.0,11.1,205.0,4.691062705321763,10.060016436106814
2026-06-19 02:00:00,25.9,85.0,0.0,12.8,199.0,4.1672723770516065,12.102637767671254
2026-06-19 03:00:00,25.3,88.0,0.0,11.8,197.0,3.449986115728294,11.28439612036382
2026-06-19 04:00:00,25.1,88.0,0.0,12.5,192.0,2.598896135221993,12.22684500917257
2026-06-19 05:00:00,25.1,86.0,0.0,13.5,196.0,3.7211043035294886,12.977032895167305
2026-06-19 06:00:00,25.6,82.0,0.0,13.5,196.0,3.7211043035294886,12.977032895167305
2026-06-19 07:00:00,27.1,78.0,0.0,13.1,201.0,4.694620139043435,12.229903587113343
2026-06-19 08:00:00,29.2,66.0,0.0,13.6,206.0,5.961847596331453,12.223599029668671
2026-06-19 09:00:00,30.3,63.0,0.0,14.4,228.0,10.701285486874477,9.63548073156756
2026-06-19 10:00:00,30.9,60.0,0.0,17.4,233.0,13.896257874822894,10.471581402845638
2026-06-19 11:00:00,31.1,61.0,0.0,18.4,236.0,15.254291335012764,10.289149423861742
2026-06-19 12:00:00,31.4,63.0,0.0,19.3,237.0,16.186341961346685,10.511533375790023
2026-06-19 13:00:00,31.3,65.0,0.1,20.2,234.0,16.342143286373936,11.873262096307958
2026-06-19 14:00:00,31.4,63.0,0.1,19.7,234.0,15.937634789186465,11.579369470161721
2026-06-19 15:00:00,30.5,65.0,0.0,20.9,239.0,17.914796584674146,10.764295765620131
2026-06-19 16:00:00,29.8,67.0,0.0,20.8,239.0,17.829079854603936,10.712791958129127
2026-06-19 17:00:00,29.0,71.0,0.0,18.2,232.0,14.341795715642338,11.20503885092698
2026-06-19 18:00:00,28.2,72.0,0.0,17.2,217.0,10.35121839821523,13.736530772813436
2026-06-19 19:00:00,27.8,72.0,0.0,16.8,207.0,7.627040395624387,14.96890960636458
2026-06-19 20:00:00,27.5,74.0,0.0,16.4,197.0,4.794895957452883,15.68339799779378
2026-06-19 21:00:00,27.3,76.0,0.0,15.6,204.0,6.345091631982483,14.251309139224572
2026-06-19 22:00:00,27.2,76.0,0.0,16.1,204.0,6.548459953520384,14.708081868045875
2026-06-19 23:00:00,27.0,76.0,0.0,16.7,205.0,7.05772497106968,15.135340043512054
2026-06-20 00:00:00,26.6,77.0,0.0,16.7,204.0,6.792501939365863,15.256209142631434
2026-06-20 01:00:00,26.4,78.0,0.0,16.6,198.0,5.129682106624128,15.78753817049955
2026-06-20 02:00:00,26.1,80.0,0.0,16.7,191.0,3.1865102227883,16.393173963575986
2026-06-20 03:00:00,25.8,81.0,0.0,15.6,201.0,5.590540012906686,14.563854653356346
2026-06-20 04:00:00,25.6,81.0,0.0,15.5,200.0,5.3013122215478665,14.565235622181579
2026-06-20 05:00:00,25.4,80.0,0.0,15.9,194.0,3.846558140034716,15.427702047788344
2026-06-20 06:00:00,25.6,79.0,0.0,16.4,192.0,3.409751729411255,16.04162065203441
2026-06-20 07:00:00,27.2,74.0,0.0,15.7,202.0,5.881323516629817,14.556786516698562
2026-06-20 08:00:00,28.9,66.0,0.0,17.0,214.0,9.506279359002695,14.093638733435709
2026-06-20 09:00:00,29.9,60.0,0.0,17.4,225.0,12.303657992645928,12.303657992645924
2026-06-20 10:00:00,30.7,57.0,0.0,17.8,226.0,12.804248446027993,12.364918994170152
2026-06-20 11:00:00,31.3,56.0,0.0,19.1,228.0,14.194066166618232,12.780394581454193
2026-06-20 12:00:00,31.4,57.0,0.0,20.5,238.0,17.38498597120673,10.8633449167807
2026-06-20 13:00:00,31.1,60.0,0.0,21.3,242.0,18.806783727895144,9.999744287339475
2026-06-20 14:00:00,30.6,63.0,0.0,19.8,245.0,17.94489418332567,8.36784158246585
2026-06-20 15:00:00,30.1,64.0,0.0,18.0,244.0,16.178292833385008,7.890680642203393
2026-06-20 16:00:00,29.8,64.0,0.0,15.4,234.0,12.45886171337419,9.051892885304087
2026-06-20 17:00:00,29.4,66.0,0.0,13.8,222.0,9.234002367752245,10.25539859158804
2026-06-20 18:00:00,28.2,68.0,0.0,12.8,214.0,7.15766916442556,10.611680928704535
2026-06-20 19:00:00,27.0,70.0,0.0,12.6,193.0,2.8343832847326977,12.277062816293963
2026-06-20 20:00:00,26.7,74.0,0.0,13.3,188.0,1.8510022427688708,13.170565314262886
2026-06-20 21:00:00,26.4,78.0,0.0,13.3,196.0,3.665976832366089,12.784780555979642
2026-06-20 22:00:00,26.2,81.0,0.0,12.7,210.0,6.350000000000001,10.99852262806237
2026-06-20 23:00:00,25.6,82.0,0.0,12.7,211.0,6.540983551357687,10.886024718916826
2026-06-21 00:00:00,25.2,83.0,0.0,11.4,198.0,3.522793735874401,10.84204428576475
2026-06-21 01:00:00,24.8,84.0,0.0,11.6,187.0,1.4136843834997108,11.513535359039334
2026-06-21 02:00:00,24.7,84.0,0.0,11.8,171.0,-1.8459266874747238,11.654722419022626
2026-06-21 03:00:00,24.6,83.0,0.0,11.6,175.0,-1.0110066158728355,11.555858497864248
2026-06-21 04:00:00,24.5,83.0,0.0,11.4,176.0,-0.7952238006830288,11.372230172961997
2026-06-21 05:00:00,24.6,82.0,0.0,11.2,174.0,-1.1707187885977197,11.13864522812466
2026-06-21 06:00:00,25.2,81.0,0.0,12.1,176.0,-0.8440533323039164,12.070525008143873
2026-06-21 07:00:00,27.0,73.0,0.0,13.0,191.0,2.4805169398950837,12.761153384819632
2026-06-21 08:00:00,29.0,67.0,0.0,14.3,205.0,6.043441142892003,12.960201354624095
2026-06-21 09:00:00,30.1,62.0,0.0,13.0,222.0,8.698697882665158,9.660882731206126
2026-06-21 10:00:00,31.2,59.0,0.0,12.1,229.0,9.131985920695541,7.938314250785138
2026-06-21 11:00:00,32.0,58.0,0.0,12.2,241.0,10.670360427100627,5.914677367005312
2026-06-21 12:00:00,32.2,61.0,0.0,13.3,249.0,12.416619672412784,4.766293728952494
2026-06-21 13:00:00,31.7,67.0,0.0,15.3,253.0,14.631462766234442,4.4732870822578725
2026-06-21 14:00:00,31.2,69.0,0.0,17.5,253.0,16.73533322935312,5.116504832647894
2026-06-21 15:00:00,30.5,73.0,0.0,15.5,250.0,14.56523562218158,5.301312221547865
2026-06-21 16:00:00,30.1,75.0,0.0,13.9,236.0,11.52362225851508,7.772781358243382
2026-06-21 17:00:00,29.5,76.0,0.0,13.6,231.0,10.569185075814804,8.558757318277788
2026-06-21 18:00:00,28.5,80.0,0.0,10.7,230.0,8.196675541373065,6.87782742364597
2026-06-21 19:00:00,27.0,85.0,0.0,7.2,208.0,3.380195252058414,6.357222668584273
2026-06-21 20:00:00,26.6,85.0,0.0,9.0,190.0,1.5628335990023738,8.863269777109872
2026-06-21 21:00:00,26.0,87.0,0.0,9.0,178.0,-0.3140954703225086,8.994517443171862
2026-06-21 22:00:00,25.7,88.0,0.0,9.7,178.0,-0.3385251180142592,9.694091022085228
2026-06-21 23:00:00,25.5,91.0,0.0,9.4,175.0,-0.8192639818279874,9.364230162062409
2026-06-22 00:00:00,25.0,93.0,0.0,7.3,170.0,-1.2676316969685912,7.189096596989119
2026-06-22 01:00:00,24.4,96.0,0.0,7.1,171.0,-1.1106847017856387,7.012587218225478
2026-06-22 02:00:00,24.5,98.0,0.0,9.8,185.0,0.8541262789270498,9.762708041299106
2026-06-22 03:00:00,24.7,96.0,0.0,12.0,196.0,3.30764826980399,11.535140351259827
2026-06-22 04:00:00,24.8,94.0,0.0,12.7,196.0,3.500594418875889,12.208023538416649
2026-06-22 05:00:00,24.7,93.0,0.0,13.2,197.0,3.859306502340125,12.623222778712067
2026-06-22 06:00:00,25.3,88.0,0.0,14.2,204.0,5.775660331676363,12.972345498524932
2026-06-22 07:00:00,26.8,82.0,0.0,13.4,208.0,6.290918941330938,11.83149774430962
2026-06-22 08:00:00,28.5,71.0,0.0,14.3,205.0,6.043441142892003,12.960201354624095
2026-06-22 09:00:00,29.6,66.0,0.0,13.3,220.0,8.549075208830974,10.188391093482409
2026-06-22 10:00:00,30.7,65.0,0.0,13.7,232.0,10.795747324412089,8.434562211961518
2026-06-22 11:00:00,31.1,67.0,0.0,14.9,240.0,12.903778516388137,7.449999999999999
2026-06-22 12:00:00,31.5,66.0,0.0,14.9,242.0,13.155919133598012,6.995126285509773
2026-06-22 13:00:00,31.5,67.0,0.0,15.5,248.0,14.371349745785205,5.806402197946636
2026-06-22 14:00:00,31.1,69.0,0.0,16.6,253.0,15.87465894898639,4.853370298397431
2026-06-22 15:00:00,30.3,70.0,0.0,16.3,251.0,15.411952782268866,5.306760917651655
2026-06-22 16:00:00,29.7,71.0,0.0,15.1,244.0,13.571790099117422,6.619404316515069
2026-06-22 17:00:00,29.4,72.0,0.0,13.5,226.0,9.711087304571791,9.377888001196464
2026-06-22 18:00:00,28.6,76.0,0.0,10.9,219.0,6.859592262443229,8.470890979880982
2026-06-22 19:00:00,27.3,81.0,0.0,11.3,211.0,5.8199302464836125,9.68599049793387
2026-06-22 20:00:00,27.1,85.0,0.0,13.5,209.0,6.544929873325551,11.807366046381842
2026-06-22 21:00:00,26.7,89.0,0.0,13.4,209.0,6.496448911300917,11.719904075667904
2026-06-22 22:00:00,26.3,91.0,0.0,13.9,201.0,4.981314498679676,12.976767928311105
2026-06-22 23:00:00,25.8,93.0,0.0,13.0,202.0,4.8698857144068555,12.053390109368237
2026-06-23 00:00:00,25.5,93.0,0.0,11.4,196.0,3.1422658563137906,10.958383333696835
2026-06-23 01:00:00,25.2,95.0,0.0,10.7,172.0,-1.4891521802726992,10.595868335534803
2026-06-23 02:00:00,25.0,96.0,0.0,11.9,178.0,-0.41530401075976137,11.89275084152724
2026-06-23 03:00:00,24.9,94.0,0.0,12.8,180.0,7.837739514543061e-16,12.8
2026-06-23 04:00:00,25.0,91.0,0.0,14.4,178.0,-0.5025527525160137,14.39122790907498
2026-06-23 05:00:00,24.6,92.0,0.0,13.9,178.0,-0.4851030041647633,13.891532495565432
2026-06-23 06:00:00,25.2,88.0,0.0,14.3,175.0,-1.2463271212915128,14.245584182711962
2026-06-23 07:00:00,27.1,80.0,0.0,14.6,185.0,1.2724738441158088,14.544442592139484
2026-06-23 08:00:00,29.1,67.0,0.0,15.9,196.0,4.382633957490286,15.28406096541927
2026-06-23 09:00:00,30.4,61.0,0.0,13.8,206.0,6.049521825689269,12.403357838928505
2026-06-23 10:00:00,31.6,57.0,0.0,12.9,219.0,8.118233044542905,10.025182902794924
2026-06-23 11:00:00,32.1,59.0,0.0,14.2,235.0,11.631959028903683,8.144785396184853
2026-06-23 12:00:00,32.0,64.0,0.0,16.2,247.0,14.912178625929533,6.329844281526235
2026-06-23 13:00:00,31.3,72.0,0.0,18.4,249.0,17.17787984754851,6.593970271633524
2026-06-23 14:00:00,31.2,72.0,0.0,16.7,242.0,14.74522480074408,7.8401750985243766
2026-06-23 15:00:00,31.1,72.0,0.0,15.1,234.0,12.216156615061706,8.875557309616344
2026-06-23 16:00:00,31.0,71.0,0.0,14.0,234.0,11.326237921249264,8.228993532094623
2026-06-23 17:00:00,30.5,73.0,0.0,11.3,233.0,9.02458126353441,6.800509761618146
2026-06-23 18:00:00,29.2,79.0,0.0,10.5,235.0,8.601096465034415,6.022552581685984
2026-06-23 19:00:00,27.9,84.0,0.0,9.7,227.0,7.094130905705953,6.615384092606234
2026-06-23 20:00:00,27.4,84.0,0.0,10.4,210.0,5.200000000000001,9.00666419935816
2026-06-23 21:00:00,26.8,86.0,0.0,9.3,205.0,3.930349834188505,8.428662419440846
2026-06-23 22:00:00,26.2,89.0,0.0,6.1,180.0,3.735172737399427e-16,6.1
2026-06-23 23:00:00,25.8,90.0,0.0,6.3,160.0,-2.1547269029517127,5.9200635109512225
2026-06-24 00:00:00,25.3,92.0,0.0,6.4,162.0,-1.977708763999663,6.086761704288984
2026-06-24 01:00:00,24.2,95.0,0.0,6.5,150.0,-3.2499999999999987,5.629165124598852
2026-06-24 02:00:00,25.0,93.0,0.0,10.6,156.0,-4.3114084166034825,9.683581851011569
2026-06-24 03:00:00,24.8,92.0,0.0,9.6,157.0,-3.751018833497028,8.836846593143425
2026-06-24 04:00:00,24.5,92.0,0.0,9.4,154.0,-4.120688779817328,8.44866403521217
2026-06-24 05:00:00,24.7,90.0,0.0,10.8,150.0,-5.399999999999998,9.353074360871938
2026-06-24 06:00:00,25.5,88.0,0.0,11.9,165.0,-3.079946636719998,11.494517332839914
2026-06-24 07:00:00,27.4,80.0,0.0,11.0,180.0,6.735557395310443e-16,11.0
2026-06-24 08:00:00,29.3,68.0,0.0,14.2,198.0,4.388041320124254,13.50500253139118
2026-06-24 09:00:00,30.4,64.0,0.0,12.9,216.0,7.582429754572904,10.436319227436822
2026-06-24 10:00:00,31.3,61.0,0.0,12.3,230.0,9.42234665036343,7.9062875991444335
2026-06-24 11:00:00,32.0,60.0,0.0,11.7,241.0,10.23305057353093,5.6722725568821435
2026-06-24 12:00:00,31.9,63.0,0.1,13.5,254.0,12.977032895167305,3.7211043035294886
2026-06-24 13:00:00,31.4,71.0,0.1,13.9,257.0,13.54374390051477,3.1268196553797236
2026-06-24 14:00:00,32.1,69.0,0.1,13.5,251.0,12.764500770590777,4.395170085171616
2026-06-24 15:00:00,31.4,74.0,0.0,15.0,257.0,14.615550971778529,3.374265815157975
2026-06-24 16:00:00,30.7,77.0,0.0,13.8,256.0,13.390081022608753,3.338522159275415
2026-06-24 17:00:00,30.1,79.0,0.0,11.1,243.0,9.890172418490883,5.039294547108969
2026-06-24 18:00:00,29.5,81.0,0.0,8.6,231.0,6.68345526852995,5.412155363028601
2026-06-24 19:00:00,28.5,85.0,0.0,7.2,205.0,3.042851484533036,6.52541606666388
2026-06-24 20:00:00,28.5,84.0,0.0,7.3,205.0,3.085113310707106,6.616046845367545
2026-06-24 21:00:00,28.2,84.0,0.0,8.9,204.0,3.619956123374622,8.130554573019149
2026-06-24 22:00:00,27.8,85.0,0.0,8.8,189.0,1.3766232923540322,8.691657397237213
2026-06-24 23:00:00,26.8,89.0,0.1,7.7,208.0,3.61493103345136,6.798696465013737
2026-06-25 00:00:00,26.9,85.0,0.1,7.5,204.0,3.0505248230685016,6.851590932319507
2026-06-25 01:00:00,26.5,83.0,0.0,12.5,196.0,3.4454669477124895,12.015771199228986
2026-06-25 02:00:00,25.4,89.0,0.1,16.6,171.0,-2.5968121196678315,16.395626453879288
2026-06-25 03:00:00,25.7,83.0,0.0,13.7,178.0,-0.47812310482426307,13.691654330161612
2026-06-25 04:00:00,25.9,81.0,0.0,12.4,181.0,0.21640983982231662,12.398111419939251
2026-06-25 05:00:00,25.8,82.0,0.0,11.5,171.0,-1.7989963479626543,11.358415916844084
2026-06-25 06:00:00,26.3,82.0,0.0,11.2,182.0,0.3908743630680121,11.193177262613872
2026-06-25 07:00:00,27.8,79.0,0.0,12.1,207.0,5.493285046848516,10.781178942679249
2026-06-25 08:00:00,29.8,74.0,0.0,16.1,210.0,8.050000000000002,13.943009000929463
2026-06-25 09:00:00,30.4,73.0,0.0,15.1,221.0,9.906491337756659,11.396114661363857
2026-06-25 10:00:00,30.6,70.0,0.0,15.6,232.0,12.292967756264861,9.60431901508027
2026-06-25 11:00:00,29.5,76.0,0.6,16.9,243.0,15.058010258783415,7.672439445598339
2026-06-25 12:00:00,26.8,92.0,8.3,15.5,265.0,15.441017820422056,1.3509140125887016
2026-06-25 13:00:00,26.3,97.0,3.5,13.1,226.0,9.42335138443633,9.100024653012865
2026-06-25 14:00:00,26.6,95.0,2.2,16.3,221.0,10.693762172545268,12.301766157631185
2026-06-25 15:00:00,26.9,95.0,2.0,9.2,230.0,7.047608876694597,5.91364600911616
2026-06-25 16:00:00,26.3,95.0,4.0,9.1,245.0,8.247400862033514,3.8458261818403647
2026-06-25 17:00:00,25.9,96.0,5.5,7.8,230.0,5.975146656328028,5.013743355555006
2026-06-25 18:00:00,26.1,97.0,4.3,8.4,205.0,3.5499933986218752,7.61298541110786
2026-06-25 19:00:00,25.5,96.0,1.4,6.7,186.0,0.7003407038932782,6.663296698967431
2026-06-25 20:00:00,25.3,96.0,3.0,14.4,183.0,0.7536377698983932,14.380265300465863
2026-06-25 21:00:00,25.0,95.0,0.8,14.9,172.0,-2.0736792043049737,14.7549942242494
2026-06-25 22:00:00,24.8,93.0,0.0,16.2,177.0,-0.8478424911356902,16.177798463024097
2026-06-25 23:00:00,24.8,91.0,0.0,16.7,191.0,3.1865102227883,16.393173963575986
2026-06-26 00:00:00,25.1,88.0,0.0,14.9,191.0,2.8430540311105195,14.626245033370193
2026-06-26 01:00:00,25.4,83.0,0.0,14.8,181.0,0.2582956152717973,14.79774588831459
2026-06-26 02:00:00,25.4,87.0,0.0,5.8,219.0,3.650058268089057,4.507446576450431
2026-06-26 03:00:00,24.4,97.0,0.8,12.1,242.0,10.683665873593016,5.6806059097092785
2026-06-26 04:00:00,24.2,99.0,1.6,10.0,194.0,2.419218955996677,9.702957262759965
2026-06-26 05:00:00,24.1,98.0,2.3,9.3,216.0,5.46640284632,7.523858047687012
2026-06-26 06:00:00,23.9,98.0,1.8,12.0,208.0,5.633658753430691,10.595371114307122
2026-06-26 07:00:00,24.2,98.0,3.0,11.7,197.0,3.42074894525602,11.188765644767514
2026-06-26 08:00:00,24.7,97.0,2.6,5.7,226.0,4.100236861930312,3.9595527116162845
2026-06-26 09:00:00,24.8,97.0,7.0,6.1,212.0,3.2325075118225497,5.173093386554198
2026-06-26 10:00:00,25.1,97.0,2.5,10.6,191.0,2.022575350991376,10.405248144545238
2026-06-26 11:00:00,25.9,96.0,1.2,2.6,321.0,1.6362330167295775,-2.0205794997881243
2026-06-26 12:00:00,25.4,99.0,0.7000000000000001,6.6,343.0,1.9296532511700626,-6.311611389356034
2026-06-26 13:00:00,26.0,94.0,0.4,5.3,12.0,-1.1019319613341267,-5.18418228388917
2026-06-26 14:00:00,27.0,89.0,0.7000000000000001,5.4,326.0,3.019641678742033,-4.476802891797226
2026-06-26 15:00:00,25.9,92.0,2.0,1.0,315.0,0.7071067811865476,-0.7071067811865475
2026-06-26 16:00:00,25.4,97.0,0.6,7.3,329.0,3.7597779468433954,-6.25732129512542
2026-06-26 17:00:00,24.7,99.0,3.2,7.7,342.0,2.3794308566870956,-7.323135175472682
2026-06-26 18:00:00,24.8,99.0,4.6,5.4,21.0,-1.935186927544624,-5.041334303084889
2026-06-26 19:00:00,24.5,99.0,2.1,7.3,23.0,-2.8523372379716987,-6.719685430202814
2026-06-26 20:00:00,25.0,99.0,2.5,7.6,34.0,-4.249866066377674,-6.300685551418318
2026-06-26 21:00:00,24.6,99.0,1.9,7.0,46.0,-5.035378602370558,-4.862608593212982
2026-06-26 22:00:00,24.5,99.0,2.0,4.5,40.0,-2.8925442435894277,-3.4471999940354006
2026-06-26 23:00:00,24.5,99.0,5.2,3.2,16.0,-0.8820395386143964,-3.076037427002621
2026-06-27 00:00:00,24.4,99.0,5.9,5.6,63.0,-4.98963653545486,-2.542346798541461
2026-06-27 01:00:00,24.4,98.0,6.9,2.1,142.0,-1.2928890981838825,1.6548225825741163
2026-06-27 02:00:00,24.5,98.0,7.6,3.6,147.0,-1.9607005260540975,3.019214044603526
2026-06-27 03:00:00,24.3,98.0,2.8,5.0,180.0,3.061616997868383e-16,5.0
2026-06-27 04:00:00,24.1,98.0,2.7,4.8,195.0,1.2423314164920995,4.636443966187528
2026-06-27 05:00:00,24.1,98.0,5.6,2.9,176.0,-0.20229377385796346,2.89293574575349
2026-06-27 06:00:00,24.4,97.0,2.8,3.5,171.0,-0.5475206276408079,3.456909192082982
2026-06-27 07:00:00,24.9,97.0,0.2,2.8,255.0,2.7045923136093912,0.7246933262870581
2026-06-27 08:00:00,25.7,95.0,0.0,14.4,184.0,1.0044932219154035,14.36492232374147
2026-06-27 09:00:00,25.5,91.0,0.3,16.8,177.0,-0.8792440648814566,16.77697618387684
2026-06-27 10:00:00,28.1,84.0,0.0,13.8,201.0,4.945477703725145,12.883409885661385
2026-06-27 11:00:00,29.3,71.0,0.3,20.0,212.0,10.598385284664097,16.96096192312852
2026-06-27 12:00:00,28.1,79.0,1.6,23.6,211.0,12.154898567877279,20.229148296569853
2026-06-27 13:00:00,26.5,92.0,2.9,18.9,213.0,10.29367776178401,15.850873734168513
2026-06-27 14:00:00,25.7,95.0,1.5,16.2,203.0,6.329844281526234,14.912178625929533
2026-06-27 15:00:00,25.3,96.0,4.7,12.4,196.0,3.4179032121307897,11.919645029635154
2026-06-27 16:00:00,25.6,96.0,1.1,14.6,179.0,-0.25480513398433874,14.597776349283313
2026-06-27 17:00:00,25.5,93.0,0.1,15.3,199.0,4.981192763194499,14.466434206669547
2026-06-27 18:00:00,25.0,93.0,0.1,16.7,187.0,2.035218034865963,16.575520732410077
2026-06-27 19:00:00,24.4,95.0,0.8,16.1,190.0,2.79573566043758,15.855404823496551
2026-06-27 20:00:00,24.6,99.0,5.8,10.5,218.0,6.464445490919412,8.274112912870581
2026-06-27 21:00:00,24.5,99.0,2.1,12.0,215.0,6.882917236212554,9.829824531467901
2026-06-27 22:00:00,24.4,98.0,0.2,12.7,191.0,2.42327424128212,12.466665229785331
2026-06-27 23:00:00,24.4,94.0,0.0,14.4,200.0,4.925090063889631,13.53157373931708
2026-06-28 00:00:00,24.3,93.0,0.0,14.8,196.0,4.0794328660915875,14.22667309988712
2026-06-28 01:00:00,24.3,92.0,0.0,15.9,198.0,4.913370210561665,15.121798609092941
2026-06-28 02:00:00,24.5,96.0,0.0,8.7,193.0,1.9570741727916245,8.477019563631545
2026-06-28 03:00:00,24.4,93.0,0.0,3.4,198.0,1.0506577808748212,3.233592155403522
2026-06-28 04:00:00,24.3,93.0,0.0,4.3,156.0,-1.748967565225941,3.9282454678631837
2026-06-28 05:00:00,24.0,93.0,0.0,9.1,166.0,-2.201489249956977,8.829691109111568
2026-06-28 06:00:00,24.3,93.0,0.0,10.6,190.0,1.8406706832694624,10.438962181929405
2026-06-28 07:00:00,25.8,90.0,0.0,11.4,204.0,4.636797731064123,10.41441821712565
2026-06-28 08:00:00,28.7,77.0,0.0,11.1,202.0,4.158133186916623,10.29174078569134
2026-06-28 09:00:00,29.8,67.0,0.0,13.5,217.0,8.124502812552652,10.781579385638453
2026-06-28 10:00:00,30.7,63.0,0.0,14.7,229.0,11.094230829274748,9.644067726160456
2026-06-28 11:00:00,28.6,79.0,0.0,13.9,274.0,13.866140298611557,-0.9696149850433418
2026-06-28 12:00:00,27.3,88.0,0.0,12.6,287.0,12.049439925134246,-3.683883479506483
2026-06-28 13:00:00,27.8,87.0,0.1,9.4,288.0,8.939931253174443,-2.9047597471245057
2026-06-28 14:00:00,28.3,86.0,0.2,9.2,272.0,9.19439560857568,-0.32107536966300887
2026-06-28 15:00:00,28.3,82.0,0.3,9.2,272.0,9.19439560857568,-0.32107536966300887
2026-06-28 16:00:00,28.1,85.0,0.4,5.6,248.0,5.192229585574009,2.097796923129107
2026-06-28 17:00:00,28.2,87.0,0.1,3.9,233.0,3.114678489184442,2.347078590292988
2026-06-28 18:00:00,27.4,91.0,0.1,6.0,277.0,5.955276909847932,-0.7312160604308848
2026-06-28 19:00:00,26.2,97.0,0.1,2.5,352.0,0.34793275240016364,-2.475670171853926
2026-06-28 20:00:00,25.8,98.0,0.0,6.5,34.0,-3.6347538725598527,-5.388744221607772
2026-06-28 21:00:00,25.5,98.0,0.0,4.5,43.0,-3.068992620281244,-3.291091657286267
2026-06-28 22:00:00,25.5,97.0,0.0,3.4,90.0,-3.4,4.1637991171010006e-16
2026-06-28 23:00:00,25.3,94.0,0.0,3.0,128.0,-2.364032260820166,1.8469844259769752
2026-06-29 00:00:00,25.2,92.0,0.0,3.2,146.0,-1.7894172911063895,2.652920232176134
2026-06-29 01:00:00,25.1,90.0,0.0,4.8,146.0,-2.684125936659584,3.9793803482642
2026-06-29 02:00:00,24.8,95.0,0.0,3.1,130.0,-2.3747377736688318,1.9926415900282723
2026-06-29 03:00:00,25.2,89.0,0.0,0.9,127.0,-0.7187719590425636,0.5416335208368434
2026-06-29 04:00:00,25.1,87.0,0.0,1.9,107.0,-1.8169790363297675,0.5555062389731995
2026-06-29 05:00:00,25.0,86.0,0.0,2.5,98.0,-2.475670171853926,0.3479327524001633
2026-06-29 06:00:00,25.7,89.0,0.0,2.7,90.0,-2.7,3.3065463576978537e-16
2026-06-29 07:00:00,27.8,88.0,0.0,2.2,360.0,1.3471114790620887e-16,-2.2
2026-06-29 08:00:00,28.7,81.0,0.0,4.0,350.0,0.6945927106677217,-3.939231012048832
2026-06-29 09:00:00,29.6,76.0,0.2,6.5,332.0,3.0515651581082905,-5.739159353583025
2026-06-29 10:00:00,30.6,70.0,0.1,7.7,329.0,3.9657931768074173,-6.600188215406265
2026-06-29 11:00:00,30.9,69.0,0.0,11.6,321.0,7.300116536178114,-9.014893152900862
2026-06-29 12:00:00,30.6,70.0,0.0,13.8,329.0,7.107525433758748,-11.82890874968915
2026-06-29 13:00:00,30.7,69.0,0.0,13.0,333.0,5.901876496614109,-11.583084814448782
2026-06-29 14:00:00,31.5,68.0,0.1,12.3,345.0,3.183474254761005,-11.88088766335554
2026-06-29 15:00:00,30.6,69.0,0.3,11.4,342.0,3.522793735874401,-10.84204428576475
2026-06-29 16:00:00,28.8,80.0,0.6,9.0,337.0,3.5165801564034633,-8.284543681071963
2026-06-29 17:00:00,28.0,91.0,1.0,1.6,333.0,0.726384799583275,-1.4256104387013886
2026-06-29 18:00:00,27.5,89.0,0.3,0.7000000000000001,346.0,0.1693453269197674,-0.6792070083931976
2026-06-29 19:00:00,26.7,95.0,0.0,4.2,97.0,-4.168693836893553,0.5118512423016197
2026-06-29 20:00:00,26.6,97.0,0.0,6.7,161.0,-2.1813066348629495,6.334974456515423
2026-06-29 21:00:00,25.3,99.0,2.4,8.1,163.0,-2.3682108082541666,7.746068523300588
2026-06-29 22:00:00,25.2,96.0,0.9,6.9,110.0,-6.483879083422767,2.3599389889471154
2026-06-29 23:00:00,25.4,95.0,0.0,3.8,65.0,-3.44396959073927,-1.6059493946146572
2026-06-30 00:00:00,25.3,95.0,0.0,3.2,117.0,-2.851220877402777,1.4527695991665501
2026-06-30 01:00:00,25.4,92.0,0.0,2.4,132.0,-1.7835475811457455,1.60591345526126
2026-06-30 02:00:00,25.4,94.0,0.0,5.1,174.0,-0.5330951626650331,5.072061666378193
2026-06-30 03:00:00,25.3,89.0,0.0,3.9,146.0,-2.180852323535912,3.233246532964663
2026-06-30 04:00:00,24.7,89.0,0.0,3.9,124.0,-3.2332465329646625,2.180852323535913
2026-06-30 05:00:00,23.6,93.0,0.0,3.9,112.0,-3.6160170328104706,1.4609657143220578
2026-06-30 06:00:00,23.7,96.0,0.0,4.9,118.0,-4.326443205008743,2.3004106576508647
2026-06-30 07:00:00,27.1,90.0,0.0,3.6,117.0,-3.207623487078124,1.6343657990623688
2026-06-30 08:00:00,29.0,80.0,0.0,5.1,297.0,4.544133273360676,-2.3153515486716882
2026-06-30 09:00:00,30.1,72.0,0.0,7.0,312.0,5.20201377834176,-4.683914244512008
2026-06-30 10:00:00,30.7,68.0,0.0,9.8,325.0,5.6210490762402525,-8.027690034032121
2026-06-30 11:00:00,31.0,68.0,0.0,12.4,324.0,7.288537128426667,-10.031810730249349
2026-06-30 12:00:00,31.1,68.0,0.0,12.6,324.0,7.406094178885161,-10.193614129124338
2026-06-30 13:00:00,31.3,67.0,0.0,12.5,324.0,7.347315653655914,-10.112712429686843
2026-06-30 14:00:00,31.4,64.0,0.0,10.6,325.0,6.079910225321089,-8.683011669463312
2026-06-30 15:00:00,30.8,66.0,0.0,10.7,324.0,6.2893021995294625,-8.656481839811937
2026-06-30 16:00:00,30.2,67.0,0.0,9.0,322.0,5.5409532779309245,-7.092096782460498
2026-06-30 17:00:00,29.8,67.0,0.0,6.1,326.0,3.4110767111715554,-5.057129192585754
2026-06-30 18:00:00,28.8,76.0,0.0,4.7,337.0,1.8364363038995866,-4.32637281122647
2026-06-30 19:00:00,27.4,84.0,0.0,3.5,9.0,-0.5475206276408087,-3.456909192082982
2026-06-30 20:00:00,28.3,78.0,0.0,1.9,29.0,-0.92113827846804,-1.6617774435648522
2026-06-30 21:00:00,27.9,78.0,0.0,2.0,333.0,0.9079809994790936,-1.7820130483767356
2026-06-30 22:00:00,27.0,82.0,0.0,3.9,317.0,2.659793604243744,-2.8522794363147645
2026-06-30 23:00:00,26.4,88.0,0.0,3.8,315.0,2.6870057685088806,-2.68700576850888
2026-07-01 00:00:00,26.3,89.0,0.0,2.3,321.0,1.447436899414626,-1.7874357113510329
2026-07-01 01:00:00,26.1,90.0,0.0,0.7000000000000001,284.0,0.6792070083931976,-0.16934532691976742
2026-07-01 02:00:00,25.9,93.0,0.0,4.2,190.0,0.7293223462011078,4.136192562651273
2026-07-01 03:00:00,25.2,95.0,0.0,3.6,162.0,-1.1124611797498105,3.423803458662553
2026-07-01 04:00:00,24.6,95.0,0.0,3.7,129.0,-2.8754400573907923,2.3284854468843985
2026-07-01 05:00:00,23.9,94.0,0.0,3.2,117.0,-2.851220877402777,1.4527695991665501
2026-07-01 06:00:00,24.4,92.0,0.0,2.7,118.0,-2.383958500719103,1.267573219521905
2026-07-01 07:00:00,27.7,85.0,0.0,1.3,360.0,7.960204194457797e-17,-1.3
2026-07-01 08:00:00,29.5,77.0,0.0,6.2,350.0,1.0766187015349686,-6.10580806867569
2026-07-01 09:00:00,30.3,74.0,0.0,9.2,343.0,2.689819683449178,-8.798003754859925
2026-07-01 10:00:00,30.4,74.0,0.1,11.9,337.0,4.649700429022357,-10.95400775608404
2026-07-01 11:00:00,30.1,78.0,0.4,12.3,333.0,5.584083146796426,-10.959380247516924
2026-07-01 12:00:00,29.6,82.0,0.4,14.0,331.0,6.787334683448719,-12.24467589995154
2026-07-01 13:00:00,29.5,81.0,0.5,14.5,329.0,7.468052086195785,-12.428925860180629
2026-07-01 14:00:00,29.5,84.0,0.5,10.7,337.0,4.180823074835229,-9.849401931941111
2026-07-01 15:00:00,29.4,84.0,0.2,12.4,339.0,4.443762574361725,-11.576397288565301
2026-07-01 16:00:00,29.2,84.0,0.1,11.6,342.0,3.5845971347493903,-11.03225558902378
2026-07-01 17:00:00,28.8,84.0,0.1,11.2,348.0,2.328610937158906,-10.955253128218622
2026-07-01 18:00:00,28.1,86.0,0.0,12.5,353.0,1.5233667925643437,-12.406826895516526
2026-07-01 19:00:00,27.1,91.0,0.0,8.9,351.0,1.3922667388580552,-8.790426231296726
2026-07-01 20:00:00,27.1,90.0,0.0,6.4,10.0,-1.1113483370683541,-6.3027696192781315
2026-07-01 21:00:00,26.6,93.0,0.0,3.9,16.0,-1.0749856876862955,-3.748920614159444
2026-07-01 22:00:00,26.2,94.0,0.0,2.6,51.0,-2.0205794997881243,-1.6362330167295778
2026-07-01 23:00:00,25.9,95.0,0.0,0.9,127.0,-0.7187719590425636,0.5416335208368434
2026-07-02 00:00:00,25.5,96.0,0.0,2.7,160.0,-0.9234543869793056,2.537170076121953
2026-07-02 01:00:00,25.5,95.0,0.0,2.7,143.0,-1.6249005625105308,2.1563158771276907
2026-07-02 02:00:00,25.4,97.0,0.0,2.9,137.0,-1.9777952441812452,2.1209257346955948
2026-07-02 03:00:00,25.2,97.0,0.0,3.2,142.0,-1.9701167210421067,2.521634411541511
2026-07-02 04:00:00,25.0,96.0,0.0,2.7,132.0,-2.006491028788964,1.8066526371689176
2026-07-02 05:00:00,25.1,94.0,0.0,1.5,120.0,-1.299038105676658,0.7499999999999999
2026-07-02 06:00:00,26.2,90.0,0.0,1.2,117.0,-1.0692078290260414,0.5447885996874562
2026-07-02 07:00:00,27.8,87.0,0.0,1.6,333.0,0.726384799583275,-1.4256104387013886
2026-07-02 08:00:00,29.4,78.0,0.0,2.1,290.0,1.9733545036504079,-0.7182423009839043
2026-07-02 09:00:00,30.2,75.0,0.0,6.1,293.0,5.6150796060598855,-2.3834598837845697
2026-07-02 10:00:00,29.6,79.0,0.1,12.4,304.0,10.280065899682516,-6.933992003037262
2026-07-02 11:00:00,29.6,80.0,0.2,11.4,309.0,8.85946396060947,-7.174252457968146
2026-07-02 12:00:00,30.4,77.0,0.1,9.7,309.0,7.538315826132617,-6.104407793183422
2026-07-02 13:00:00,28.7,88.0,1.6,3.8,289.0,3.592970587277404,-1.2371589869371955
2026-07-02 14:00:00,30.8,73.0,0.6,5.6,315.0,3.9597979746446663,-3.9597979746446654
2026-07-02 15:00:00,30.7,73.0,0.1,5.1,321.0,3.209533994354171,-3.963444403430551
2026-07-02 16:00:00,30.1,76.0,0.1,2.8,349.0,0.5342651870543257,-2.748556113653459
2026-07-02 17:00:00,29.9,78.0,0.2,5.0,358.0,0.1744974835125054,-4.9969541350954785
2026-07-02 18:00:00,29.1,83.0,0.0,6.4,333.0,2.9055391983331,-5.702441754805554
2026-07-02 19:00:00,27.8,89.0,0.0,4.7,360.0,2.8779199779962803e-16,-4.7
2026-07-02 20:00:00,27.4,91.0,0.0,5.0,345.0,1.2940952255126037,-4.8296291314453415
2026-07-02 21:00:00,26.8,92.0,0.0,3.6,33.0,-1.960700526054097,-3.0192140446035265
2026-07-02 22:00:00,27.0,90.0,0.0,0.5,270.0,0.5,0.0
2026-07-02 23:00:00,26.5,94.0,0.0,4.5,209.0,2.181643291108517,3.935788682127281
2026-07-03 00:00:00,26.3,92.0,0.0,7.2,155.0,-3.0428514845330352,6.5254160666638805
2026-07-03 01:00:00,26.0,93.0,0.0,4.9,156.0,-1.9930095510714214,4.476372742448745
2026-07-03 02:00:00,26.2,92.0,0.0,5.0,210.0,2.5000000000000004,4.330127018922193
2026-07-03 03:00:00,25.5,93.0,0.0,4.5,140.0,-2.8925442435894273,3.447199994035401
2026-07-03 04:00:00,25.1,91.0,0.0,5.5,122.0,-4.664264528860342,2.914555953282627
2026-07-03 05:00:00,24.5,91.0,0.0,3.6,135.0,-2.545584412271571,2.5455844122715714
2026-07-03 06:00:00,25.0,89.0,0.0,4.8,138.0,-3.2118269105225195,3.5670951622914924
2026-07-03 07:00:00,28.4,80.0,0.0,2.5,150.0,-1.2499999999999996,2.165063509461097
2026-07-03 08:00:00,30.2,71.0,0.0,3.8,188.0,0.5288577836482488,3.7630186612179672
2026-07-03 09:00:00,31.1,68.0,0.0,6.8,273.0,6.790680836331102,-0.3558845024520181
2026-07-03 10:00:00,31.4,68.0,0.0,9.6,291.0,8.962372094373137,-3.4403323156348824
2026-07-03 11:00:00,30.4,76.0,0.6,12.9,300.0,11.17172770881926,-6.449999999999999
2026-07-03 12:00:00,30.3,78.0,0.2,12.2,306.0,9.870007331374358,-7.170980077968172
2026-07-03 13:00:00,30.3,72.0,0.2,11.5,316.0,7.988571260278468,-8.272407703894487
2026-07-03 14:00:00,29.3,81.0,0.8,11.6,325.0,6.653486661672135,-9.502163713752305
2026-07-03 15:00:00,29.4,84.0,0.6,9.6,320.0,6.170761052990778,-7.354026653942189
2026-07-03 16:00:00,29.2,83.0,0.0,6.7,306.0,5.420413862312148,-3.93816119035957
2026-07-03 17:00:00,28.7,84.0,0.2,1.4,270.0,1.4,0.0
2026-07-03 18:00:00,27.8,90.0,1.0,3.1,149.0,-1.5966180322211683,2.6572186321765483
2026-07-03 19:00:00,26.8,97.0,0.5,2.9,180.0,1.7757378587636622e-16,2.9
2026-07-03 20:00:00,26.2,94.0,0.0,8.6,149.0,-4.429327444226466,7.371638786038166
2026-07-03 21:00:00,26.3,93.0,0.0,8.3,156.0,-3.3759141375291426,7.582427298433588
2026-07-03 22:00:00,26.0,93.0,0.0,9.4,157.0,-3.6728726077991736,8.652745622452938
2026-07-03 23:00:00,25.7,93.0,0.0,11.4,157.0,-4.454334864777721,10.49375532935782
2026-07-04 00:00:00,25.6,92.0,0.0,9.3,155.0,-3.930349834188504,8.428662419440846
2026-07-04 01:00:00,25.7,91.0,0.0,8.0,155.0,-3.3809460939255946,7.2504622962932
2026-07-04 02:00:00,25.8,91.0,0.0,8.0,144.0,-4.702282018339784,6.47213595499958
2026-07-04 03:00:00,25.6,90.0,0.0,6.4,142.0,-3.9402334420842133,5.043268823083022
2026-07-04 04:00:00,25.5,88.0,0.0,4.5,151.0,-2.1816432911085166,3.9357886821272814
2026-07-04 05:00:00,25.7,86.0,0.0,2.7,152.0,-1.2675732195219056,2.383958500719103
2026-07-04 06:00:00,26.5,86.0,0.0,4.2,170.0,-0.7293223462011073,4.136192562651273
2026-07-04 07:00:00,27.7,84.0,0.0,7.0,206.0,3.0685980275235423,6.2915583240941695
2026-07-04 08:00:00,29.3,79.0,0.0,9.3,204.0,3.7826507806049423,8.495972756076188
2026-07-04 09:00:00,30.6,71.0,0.0,11.4,221.0,7.479072930491784,8.603689214539601
2026-07-04 10:00:00,31.6,66.0,0.0,12.6,232.0,9.928935495444696,7.757334589103294
2026-07-04 11:00:00,32.2,63.0,0.0,12.5,243.0,11.137581552354598,5.674881246744334
2026-07-04 12:00:00,32.5,63.0,0.0,12.5,255.0,12.074072828613353,3.2352380637815092
2026-07-04 13:00:00,32.0,68.0,0.0,13.0,266.0,12.968332653377715,0.9068341586736289
2026-07-04 14:00:00,31.5,70.0,0.1,15.3,269.0,15.297669735892788,0.26702181849043777
2026-07-04 15:00:00,30.6,71.0,0.0,13.5,273.0,13.481498719186746,-0.7065354092797418
2026-07-04 16:00:00,30.3,70.0,0.0,11.4,264.0,11.337549607198316,1.1916244812512495
2026-07-04 17:00:00,29.6,72.0,0.0,12.1,258.0,11.835585968879048,2.515731458894888
2026-07-04 18:00:00,28.7,76.0,0.0,11.5,239.0,9.857423958074293,5.9229378614656225
2026-07-04 19:00:00,28.1,78.0,0.0,11.2,220.0,7.1992212284892405,8.579697762932554
2026-07-04 20:00:00,27.1,87.0,0.0,12.3,177.0,-0.6437322617882093,12.283143277481258
2026-07-04 21:00:00,26.4,88.0,0.1,9.5,180.0,5.817072295949927e-16,9.5
2026-07-04 22:00:00,26.2,87.0,0.0,10.7,185.0,0.932566447399942,10.659283269581676
2026-07-04 23:00:00,26.0,86.0,0.0,11.1,188.0,1.5448214206567266,10.991975563031431
2026-07-05 00:00:00,26.0,85.0,0.0,10.7,194.0,2.588564282916444,10.382164271153162
2026-07-05 01:00:00,26.0,84.0,0.0,11.8,191.0,2.25154614544323,11.583200764682436
2026-07-05 02:00:00,26.3,84.0,0.0,12.3,183.0,0.6437322617882109,12.283143277481258
2026-07-05 03:00:00,25.9,86.0,0.0,11.1,187.0,1.352749711797137,11.017262283218674
2026-07-05 04:00:00,25.8,87.0,0.0,11.5,179.0,-0.20070267402876,11.4982484942985
2026-07-05 05:00:00,25.7,87.0,0.0,11.2,174.0,-1.1707187885977197,11.13864522812466
2026-07-05 06:00:00,26.1,86.0,0.0,11.3,180.0,6.919254415182546e-16,11.3
2026-07-05 07:00:00,27.8,82.0,0.0,11.4,193.0,2.5644420195200603,11.107818738551682
2026-07-05 08:00:00,29.5,73.0,0.0,12.9,212.0,6.835958508608344,10.939820440417895
2026-07-05 09:00:00,30.4,68.0,0.0,12.5,231.0,9.714324518212136,7.866504888122967
2026-07-05 10:00:00,31.2,65.0,0.1,13.4,238.0,11.363844488496108,7.1009181407249455
2026-07-05 11:00:00,31.4,64.0,0.1,14.0,248.0,12.980573963935024,5.244492307822768
2026-07-05 12:00:00,31.3,68.0,0.2,14.5,253.0,13.866418961464014,4.239389718479683
2026-07-05 13:00:00,31.1,70.0,0.2,14.8,257.0,14.420676958821483,3.329275604289202
2026-07-05 14:00:00,31.1,71.0,0.1,15.6,256.0,15.136613329905545,3.7739815713548164
2026-07-05 15:00:00,30.5,73.0,0.0,15.6,253.0,14.918354193023353,4.560998593674693
2026-07-05 16:00:00,30.1,74.0,0.0,15.3,246.0,13.977245501931794,6.223070639059744
2026-07-05 17:00:00,29.4,77.0,0.1,14.5,245.0,13.141462912031423,6.127964795240142
2026-07-05 18:00:00,28.6,80.0,0.0,13.0,243.0,11.583084814448783,5.901876496614108
2026-07-05 19:00:00,27.9,82.0,0.0,10.5,235.0,8.601096465034415,6.022552581685984
2026-07-05 20:00:00,26.8,88.0,0.0,10.9,173.0,-1.3283758431161063,10.818753052890411
2026-07-05 21:00:00,25.4,92.0,0.4,14.8,177.0,-0.7745721523955689,14.779717114367694
2026-07-05 22:00:00,25.0,91.0,0.2,13.0,162.0,-4.017220926874315,12.363734711836997
2026-07-05 23:00:00,25.3,91.0,0.1,13.9,156.0,-5.6536393387536235,12.698281861232152
2026-07-06 00:00:00,25.3,90.0,0.0,13.1,172.0,-1.823167622576856,12.972511700514572
2026-07-06 01:00:00,25.3,89.0,0.0,12.6,190.0,2.187967038603323,12.408577687953821
2026-07-06 02:00:00,25.3,90.0,0.0,12.6,178.0,-0.439733658451512,12.592324420440606
2026-07-06 03:00:00,25.2,89.0,0.0,11.5,179.0,-0.20070267402876,11.4982484942985
2026-07-06 04:00:00,25.2,89.0,0.0,10.6,181.0,0.18499550823520614,10.598385568657747
2026-07-06 05:00:00,25.1,89.0,0.0,10.3,182.0,0.35946481603576114,10.293725518296688
2026-07-06 06:00:00,25.6,89.0,0.0,11.7,179.0,-0.20419315531621668,11.698218033329777
2026-07-06 07:00:00,27.0,84.0,0.0,12.5,185.0,1.0894467843457267,12.45243372614682
2026-07-06 08:00:00,28.7,76.0,0.0,12.4,196.0,3.4179032121307897,11.919645029635154
2026-07-06 09:00:00,30.0,70.0,0.0,11.2,215.0,6.424056087131716,9.174502896036708
2026-07-06 10:00:00,31.2,64.0,0.0,12.7,238.0,10.770210821186609,6.729974655761702
2026-07-06 11:00:00,31.5,61.0,0.0,15.4,254.0,14.80343011745011,4.244815279581787
2026-07-06 12:00:00,31.5,61.0,0.0,17.1,262.0,16.933583975480854,2.379860026417119
2026-07-06 13:00:00,31.4,64.0,0.0,16.0,258.0,15.650361611740891,3.3265870530841495
2026-07-06 14:00:00,31.2,66.0,0.0,15.5,255.0,14.971850307480558,4.011695199089072
2026-07-06 15:00:00,30.2,71.0,0.0,14.6,260.0,14.378193193978237,2.535263393937183
2026-07-06 16:00:00,30.1,71.0,0.0,13.6,259.0,13.35012969488823,2.5950023371210094
2026-07-06 17:00:00,29.7,71.0,0.0,11.3,250.0,10.618526614880766,3.8648276195800566
2026-07-06 18:00:00,28.9,75.0,0.0,9.2,253.0,8.798003754859925,2.689819683449178
2026-07-06 19:00:00,27.9,79.0,0.0,5.7,233.0,4.55222240726957,3.4303456319666754
2026-07-06 20:00:00,28.3,81.0,0.0,4.4,207.0,1.997558198854006,3.920428706428819
2026-07-06 21:00:00,27.8,83.0,0.0,5.3,213.0,2.8865868855796433,4.444954010110747
2026-07-06 22:00:00,27.3,84.0,0.0,6.4,212.0,3.3914832910925115,5.4275078154011265
2026-07-06 23:00:00,26.9,85.0,0.0,7.0,201.0,2.5085756468171025,6.535062985480412
2026-07-07 00:00:00,26.7,85.0,0.0,8.8,211.0,4.532335059208477,7.543072246178589
2026-07-07 01:00:00,26.5,85.0,0.0,8.7,207.0,3.949717347734057,7.751756760438799
2026-07-07 02:00:00,26.8,83.0,0.0,10.6,204.0,4.311408416603482,9.683581851011569
2026-07-07 03:00:00,26.2,86.0,0.0,9.5,199.0,3.092897467342989,8.982426468193509
2026-07-07 04:00:00,26.0,87.0,0.0,11.1,202.0,4.158133186916623,10.29174078569134
2026-07-07 05:00:00,25.8,87.0,0.0,11.5,194.0,2.782101799396178,11.15840085217396
2026-07-07 06:00:00,25.9,85.0,0.0,14.8,183.0,0.7745721523955708,14.779717114367694
2026-07-07 07:00:00,27.1,80.0,0.0,14.8,186.0,1.5470212563612713,14.718924051450445
2026-07-07 08:00:00,28.9,70.0,0.0,14.0,195.0,3.6234666314352904,13.522961568046956
2026-07-07 09:00:00,30.3,65.0,0.0,12.2,211.0,6.28346451390266,10.45744106856577
2026-07-07 10:00:00,31.4,59.0,0.0,12.5,235.0,10.239400553612397,7.169705454388076
2026-07-07 11:00:00,31.8,58.0,0.0,13.4,250.0,12.591881118531173,4.583069920563961
2026-07-07 12:00:00,31.6,62.0,0.0,15.3,258.0,14.965658291227228,3.1810488695117183
2026-07-07 13:00:00,31.3,65.0,0.0,15.6,262.0,15.448181872368497,2.1711003749770206
2026-07-07 14:00:00,31.1,65.0,0.0,15.6,262.0,15.448181872368497,2.1711003749770206
2026-07-07 15:00:00,30.7,64.0,0.0,14.2,255.0,13.71614673330477,3.6752304404557945
2026-07-07 16:00:00,30.0,67.0,0.0,13.9,251.0,13.142708200830505,4.525397346954478
2026-07-07 17:00:00,29.5,70.0,0.0,13.0,246.0,11.876090949353811,5.287576359985403
2026-07-07 18:00:00,28.8,75.0,0.0,11.3,236.0,9.368124569871972,6.318879809219441
2026-07-07 19:00:00,28.1,77.0,0.0,11.1,234.0,8.980088637561916,6.524416300446451
2026-07-07 20:00:00,28.0,82.0,0.0,9.4,218.0,5.787217868061188,7.407301083903187
2026-07-07 21:00:00,27.3,83.0,0.0,7.5,207.0,3.404928748046601,6.682548931412758
2026-07-07 22:00:00,26.8,85.0,0.0,7.6,183.0,0.3977532674463741,7.589584464134761
2026-07-07 23:00:00,26.4,85.0,0.0,8.1,176.0,-0.5650274373274151,8.080268807104575
2026-07-08 00:00:00,26.2,85.0,0.0,9.0,170.0,-1.5628335990023727,8.863269777109872
2026-07-08 01:00:00,26.1,85.0,0.0,9.2,179.0,-0.16056213922300797,9.1985987954388
2026-07-08 02:00:00,26.2,87.0,0.0,9.1,190.0,1.5801984167690668,8.961750552411093
2026-07-08 03:00:00,25.8,91.0,0.0,9.3,204.0,3.7826507806049423,8.495972756076188
2026-07-08 04:00:00,25.5,94.0,0.0,9.0,203.0,3.5165801564034633,8.284543681071963
2026-07-08 05:00:00,25.2,95.0,0.0,8.6,179.0,-0.1500906953606379,8.598690178344965
2026-07-08 06:00:00,25.8,90.0,0.0,9.4,172.0,-1.3082271490246145,9.308519846170762
2026-07-08 07:00:00,27.7,82.0,0.0,7.6,184.0,0.5301492004553517,7.581486781974664
2026-07-08 08:00:00,29.6,70.0,0.0,6.5,208.0,3.0515651581082905,5.739159353583025
2026-07-08 09:00:00,30.6,65.0,0.0,8.0,260.0,7.878462024097664,1.3891854213354426
2026-07-08 10:00:00,31.1,63.0,0.0,10.8,272.0,10.793420931806235,-0.3769145643870105
2026-07-08 11:00:00,31.1,64.0,0.0,13.1,279.0,12.938717261796304,-2.049291492027024
2026-07-08 12:00:00,31.1,65.0,0.0,13.2,282.0,12.911548329686234,-2.7444343187944233
2026-07-08 13:00:00,31.0,67.0,0.0,13.3,283.0,12.959121861643629,-2.9918490227734047
2026-07-08 14:00:00,31.1,66.0,0.0,11.9,274.0,11.871012198091908,-0.8301020375550912
2026-07-08 15:00:00,30.7,66.0,0.0,11.4,275.0,11.3566195582459,-0.9935754673233032
2026-07-08 16:00:00,30.4,65.0,0.0,7.7,273.0,7.689447417610219,-0.40298686307066756
2026-07-08 17:00:00,30.1,65.0,0.0,4.5,277.0,4.466457682385949,-0.5484120453231637
2026-07-08 18:00:00,29.3,75.0,0.0,2.2,294.0,2.0098000068137223,-0.8948206147667606
2026-07-08 19:00:00,27.9,85.0,0.0,2.0,275.0,1.992389396183491,-0.17431148549531633
2026-07-08 20:00:00,27.7,83.0,0.0,2.4,287.0,2.295131414311285,-0.7016920913345682
2026-07-08 21:00:00,27.2,85.0,0.0,1.4,247.0,1.2887067948334165,0.5470235798849833
2026-07-08 22:00:00,26.8,86.0,0.0,1.8,169.0,-0.34345619167778063,1.7669289302057951
2026-07-08 23:00:00,26.4,88.0,0.0,3.3,167.0,-0.7423384793347546,3.2154212137912763
2026-07-09 00:00:00,26.0,90.0,0.0,4.1,178.0,-0.1430879364802539,4.097502390778292
2026-07-09 01:00:00,25.5,91.0,0.0,4.2,185.0,0.3660541195401642,4.184017731985332
2026-07-09 02:00:00,25.7,91.0,0.0,4.3,178.0,-0.15006783582075411,4.2973805561821115
2026-07-09 03:00:00,24.8,92.0,0.0,3.4,137.0,-2.3187944242124945,2.48660258550518
2026-07-09 04:00:00,24.0,92.0,0.0,4.2,137.0,-2.8643931122624933,3.0716855468005164
2026-07-09 05:00:00,23.1,92.0,0.0,3.6,147.0,-1.9607005260540975,3.019214044603526
2026-07-09 06:00:00,23.3,89.0,0.0,5.1,148.0,-2.702588247589344,4.325045290397773
2026-07-09 07:00:00,27.0,79.0,0.0,3.9,167.0,-0.8773091119410736,3.8000432526624173
2026-07-09 08:00:00,29.2,68.0,0.0,3.2,199.0,1.0418180942629016,3.0256594419178136
2026-07-09 09:00:00,30.2,64.0,0.0,4.9,280.0,4.82555798975982,-0.8508760705679587
2026-07-09 10:00:00,30.7,65.0,0.0,8.4,305.0,6.880877172027532,-4.818042065348787
2026-07-09 11:00:00,30.7,70.0,0.0,12.3,316.0,8.544297956645666,-8.847879544165409
2026-07-09 12:00:00,30.6,70.0,0.0,13.9,323.0,8.365228821813472,-11.101033589657371
2026-07-09 13:00:00,30.3,70.0,0.0,16.0,330.0,8.000000000000002,-13.856406460551018
2026-07-09 14:00:00,30.1,66.0,0.0,13.4,334.0,5.874173366973638,-12.043840220408839
2026-07-09 15:00:00,30.5,63.0,0.0,12.1,349.0,2.3087888440561932,-11.877688919716734
2026-07-09 16:00:00,29.8,69.0,0.0,11.5,346.0,2.782101799396178,-11.15840085217396
2026-07-09 17:00:00,29.0,77.0,0.0,12.2,341.0,3.971931484377312,-11.535326622311663
2026-07-09 18:00:00,28.6,80.0,0.0,9.3,333.0,4.222111647577786,-8.28636067495182
2026-07-09 19:00:00,27.8,81.0,0.0,6.9,15.0,-1.7858514112073924,-6.664888201394572
2026-07-09 20:00:00,27.6,72.0,0.0,10.4,26.0,-4.559059926606409,-9.347458081511336
2026-07-09 21:00:00,26.1,78.0,0.0,4.1,52.0,-3.23084408978756,-2.5242120488351985
2026-07-09 22:00:00,25.8,79.0,0.0,0.7000000000000001,180.0,4.2862637970157366e-17,0.7000000000000001
2026-07-09 23:00:00,25.3,81.0,0.0,0.5,180.0,3.061616997868383e-17,0.5
2026-07-10 00:00:00,24.7,85.0,0.0,1.6,180.0,9.797174393178826e-17,1.6
2026-07-10 01:00:00,24.1,90.0,0.0,3.6,171.0,-0.5631640741448309,3.555678026142496
2026-07-10 02:00:00,24.4,90.0,0.0,3.2,117.0,-2.851220877402777,1.4527695991665501
2026-07-10 03:00:00,24.0,91.0,0.0,4.1,92.0,-4.097502390778292,0.14308793648025467
2026-07-10 04:00:00,24.0,91.0,0.0,2.7,132.0,-2.006491028788964,1.8066526371689176
2026-07-10 05:00:00,24.1,88.0,0.0,3.0,147.0,-1.6339171050450814,2.5160117038362717
2026-07-10 06:00:00,25.3,85.0,0.0,3.8,115.0,-3.4439695907392696,1.605949394614658
2026-07-10 07:00:00,26.6,74.0,0.0,6.6,55.0,-5.406403492307345,-3.7856044799169046
2026-07-10 08:00:00,28.9,72.0,0.0,10.3,44.0,-7.154981215727672,-7.409199943488108
2026-07-10 09:00:00,30.7,69.0,0.0,24.0,19.0,-7.813635706971759,-22.692445814383603
2026-07-10 10:00:00,31.5,64.0,0.0,30.7,10.0,-5.330999054374761,-30.233598017474787
2026-07-10 11:00:00,32.0,62.0,0.0,34.3,9.0,-5.365702150879924,-33.877710082413216
2026-07-10 12:00:00,31.6,67.0,0.1,34.3,8.0,-4.773637362930257,-33.96619475783586
2026-07-10 13:00:00,31.2,62.0,0.2,35.5,13.0,-7.985762429207217,-34.59013729987585
2026-07-10 14:00:00,30.4,69.0,0.4,34.6,19.0,-11.26465814421762,-32.71494271573636
2026-07-10 15:00:00,28.0,85.0,1.0,29.5,28.0,-13.849411102183778,-26.046953989338345
2026-07-10 16:00:00,27.8,85.0,0.5,29.0,20.0,-9.918584156444387,-27.251086002791343
2026-07-10 17:00:00,25.5,91.0,0.7000000000000001,31.4,19.0,-10.222840049954717,-29.689283273818546
2026-07-10 18:00:00,23.7,99.0,1.6,28.2,24.0,-11.469973334737562,-25.761981905521345
2026-07-10 19:00:00,24.4,97.0,0.1,27.3,20.0,-9.337149912790752,-25.6536085474553
2026-07-10 20:00:00,25.2,95.0,0.1,28.3,21.0,-10.14181297213201,-26.420326069870807
2026-07-10 21:00:00,25.4,92.0,0.1,27.6,17.0,-8.069459050347545,-26.394011264579778
2026-07-10 22:00:00,24.4,94.0,0.5,27.0,22.0,-10.114378022229632,-25.033964073303256
2026-07-10 23:00:00,23.5,98.0,1.7000000000000002,24.9,18.0,-7.694523159936194,-23.68130725574932
2026-07-11 00:00:00,23.5,98.0,3.5,23.1,16.0,-6.367222919372675,-22.205145176175172
2026-07-11 01:00:00,24.5,98.0,1.5,28.9,12.0,-6.008647864633257,-28.26846566120698
2026-07-11 02:00:00,24.5,98.0,2.3,31.2,11.0,-5.953240655748192,-30.626768123567114
2026-07-11 03:00:00,24.8,99.0,2.0,29.1,4.0,-2.0299133859540546,-29.029113862560887
2026-07-11 04:00:00,25.1,98.0,5.7,32.4,9.0,-5.068476667303485,-32.00110223528246
2026-07-11 05:00:00,24.9,99.0,5.9,34.8,4.0,-2.42752528629557,-34.71522894904188
2026-07-11 06:00:00,24.6,97.0,2.9,32.5,356.0,2.2670853966840703,-32.42083163344429
2026-07-11 07:00:00,25.3,97.0,9.5,34.6,357.0,1.8108240860058613,-34.55258190250826
2026-07-11 08:00:00,25.3,97.0,6.4,36.6,338.0,13.710601319022379,-33.934929077144425
2026-07-11 09:00:00,25.4,97.0,4.4,33.9,335.0,14.326759073009711,-30.72383398054243
2026-07-11 10:00:00,25.0,98.0,6.3,33.9,326.0,18.956639427658317,-28.104373709615913
2026-07-11 11:00:00,25.2,98.0,5.0,28.6,321.0,17.998563184025354,-22.22637449766937
2026-07-11 12:00:00,25.1,97.0,4.3,28.9,312.0,21.476885456296692,-19.337874523771003
2026-07-11 13:00:00,25.4,97.0,9.3,28.8,298.0,25.428890674337097,-13.520781008233655
2026-07-11 14:00:00,25.4,96.0,12.7,30.8,269.0,30.79530901081685,0.5375341182683322
2026-07-11 15:00:00,25.4,97.0,12.6,29.5,248.0,27.35192370972023,11.050894505769405
2026-07-11 16:00:00,25.2,96.0,3.7,27.0,222.0,18.06652637168917,20.064910287889646
2026-07-11 17:00:00,25.1,96.0,4.6,26.3,203.0,10.276228679267899,24.209277645799183
2026-07-11 18:00:00,24.6,96.0,6.3,25.4,187.0,3.095481322490746,25.210672251689576
2026-07-11 19:00:00,24.8,95.0,3.8,27.5,179.0,-0.4799411770252956,27.49581161680076
2026-07-11 20:00:00,24.0,94.0,2.9,25.0,174.0,-2.613211581691339,24.863047384206833
2026-07-11 21:00:00,23.5,94.0,2.4,27.3,172.0,-3.799425656209784,27.03431827664487
2026-07-11 22:00:00,23.6,90.0,0.4,32.2,168.0,-6.694756444331851,31.496352743628545
2026-07-11 23:00:00,25.0,81.0,0.1,29.7,170.0,-5.15735087670783,29.248790264462578
2026-07-12 00:00:00,27.0,69.0,0.2,28.0,184.0,1.9531812648355065,27.931793407275077
2026-07-12 01:00:00,24.4,87.0,2.7,31.9,173.0,-3.8876320546242007,31.662222237358172
2026-07-12 02:00:00,27.1,71.0,0.7000000000000001,30.1,182.0,1.0504748507452826,30.081663893274783
2026-07-12 03:00:00,26.2,74.0,0.2,34.2,183.0,1.7898897035086838,34.153130088606424
2026-07-12 04:00:00,26.5,74.0,0.1,27.2,183.0,1.4235380098080759,27.16272334532441
2026-07-12 05:00:00,26.2,78.0,0.3,25.1,188.0,3.493244834097643,24.85572852541342
2026-07-12 06:00:00,25.8,82.0,0.3,25.7,185.0,2.239902588614814,25.60220374095786
2026-07-12 07:00:00,24.9,92.0,1.0,27.5,174.0,-2.8745327398604728,27.349352122627515
2026-07-12 08:00:00,28.3,77.0,0.3,27.9,174.0,-2.916344125167534,27.747160880774825
2026-07-12 09:00:00,30.9,66.0,0.0,24.8,179.0,-0.43281967964463025,24.796222839878503
2026-07-12 10:00:00,32.4,58.0,0.0,26.9,191.0,5.132761975629058,26.405771234742158
2026-07-12 11:00:00,33.3,54.0,0.0,27.5,199.0,8.953124247571811,26.00176082898121
2026-07-12 12:00:00,33.4,56.0,0.1,25.6,205.0,10.819027500561907,23.20147934813824
2026-07-12 13:00:00,33.5,59.0,0.1,22.3,207.0,10.123988144191895,19.8694454894006
2026-07-12 14:00:00,33.4,56.0,0.1,22.7,203.0,8.869596616706513,20.895460173370395
2026-07-12 15:00:00,33.0,59.0,0.0,19.8,208.0,9.29553694316064,17.48236233860675
2026-07-12 16:00:00,32.2,63.0,0.0,17.2,210.0,8.600000000000001,14.895636945092344
2026-07-12 17:00:00,31.2,69.0,0.0,16.3,208.0,7.652386473410021,14.392045763600509
2026-07-12 18:00:00,30.0,75.0,0.0,13.3,210.0,6.650000000000002,11.518137870333033
2026-07-12 19:00:00,29.0,79.0,0.0,11.5,205.0,4.860110010018044,10.422539550921474
2026-07-12 20:00:00,28.6,80.0,0.0,9.9,185.0,0.8628418532018156,9.862327511108282
2026-07-12 21:00:00,28.2,82.0,0.0,11.5,184.0,0.8021994480574401,11.471986577987979
2026-07-12 22:00:00,27.9,84.0,0.0,12.1,185.0,1.0545844872466634,12.053955846910121
2026-07-12 23:00:00,27.4,86.0,0.0,11.1,187.0,1.352749711797137,11.017262283218674
2026-07-13 00:00:00,26.9,89.0,0.0,9.3,190.0,1.614928052302453,9.158712103013535
2026-07-13 01:00:00,26.4,90.0,0.0,8.8,176.0,-0.613856968948303,8.778563642286453
2026-07-13 02:00:00,26.4,89.0,0.0,2.3,129.0,-1.7874357113510329,1.4474368994146258
2026-07-13 03:00:00,26.2,90.0,0.1,2.9,133.0,-2.1209257346955943,1.9777952441812459
2026-07-13 04:00:00,26.0,89.0,0.1,2.7,152.0,-1.2675732195219056,2.383958500719103
2026-07-13 05:00:00,26.0,89.0,0.0,2.5,120.0,-2.165063509461097,1.2499999999999998
2026-07-13 06:00:00,26.6,88.0,0.0,2.9,94.0,-2.89293574575349,0.20229377385796402
2026-07-13 07:00:00,28.4,83.0,0.0,2.3,61.0,-2.01162532642061,-1.115062126566575
2026-07-13 08:00:00,30.4,70.0,0.0,3.2,199.0,1.0418180942629016,3.0256594419178136
2026-07-13 09:00:00,30.9,68.0,0.0,8.2,232.0,6.461688179575119,5.048424097670398
2026-07-13 10:00:00,31.7,65.0,0.0,5.4,262.0,5.34744757120448,0.7515347451843534
2026-07-13 11:00:00,31.1,72.0,0.0,10.6,296.0,9.52721689077117,-4.646734155964221
2026-07-13 12:00:00,29.9,81.0,0.1,13.8,286.0,13.265411403948802,-3.803795510274589
2026-07-13 13:00:00,29.1,85.0,1.0,10.3,276.0,10.243575522293215,-1.0766431716568308
2026-07-13 14:00:00,29.1,89.0,1.5,2.9,259.0,2.8467188319982255,0.5533460865919799
2026-07-13 15:00:00,28.1,96.0,2.5,1.3,326.0,0.7269507745119709,-1.0777488443215544
2026-07-13 16:00:00,27.7,93.0,2.6,4.2,31.0,-2.163159914622229,-3.600102662948871
2026-07-13 17:00:00,27.5,94.0,1.1,2.2,85.0,-2.1916283358018402,-0.19174263404484748
2026-07-13 18:00:00,27.1,97.0,1.7000000000000002,5.1,98.0,-5.050367150582009,0.7097828148963331
2026-07-13 19:00:00,26.9,97.0,0.6,3.6,120.0,-3.1176914536239795,1.7999999999999998
2026-07-13 20:00:00,25.9,97.0,0.1,7.4,124.0,-6.134878036907308,4.138027485683527
2026-07-13 21:00:00,25.9,94.0,1.7000000000000002,6.3,127.0,-5.031403713297945,3.7914346458579034
2026-07-13 22:00:00,25.9,95.0,0.2,5.6,112.0,-5.192229585574009,2.0977969231291085
2026-07-13 23:00:00,25.6,96.0,0.0,4.7,122.0,-3.9858260519352022,2.490620541896063
2026-07-14 00:00:00,25.5,96.0,0.0,4.2,149.0,-2.163159914622228,3.600102662948872
2026-07-14 01:00:00,25.5,95.0,0.0,4.9,141.0,-3.0836699161442027,3.8080152111391583
2026-07-14 02:00:00,26.0,94.0,0.0,5.2,124.0,-4.310995377286217,2.907803098047884
2026-07-14 03:00:00,25.4,94.0,0.0,7.1,71.0,-6.713181886755148,-2.311533896645813
2026-07-14 04:00:00,25.4,93.0,0.0,7.9,20.0,-2.7019591322727816,-7.423571704208677
2026-07-14 05:00:00,25.4,94.0,0.0,5.7,347.0,1.2822210097600302,-5.553909369275841
2026-07-14 06:00:00,26.0,95.0,0.0,5.9,349.0,1.125773072721615,-5.791600382341218
2026-07-14 07:00:00,27.0,92.0,0.0,4.3,345.0,1.1129218939408392,-4.153481053042993
2026-07-14 08:00:00,28.8,82.0,0.0,3.4,317.0,2.318794424212495,-2.4866025855051794
2026-07-14 09:00:00,29.8,77.0,0.0,5.3,315.0,3.747665940288702,-3.7476659402887016
2026-07-14 10:00:00,30.4,75.0,0.1,9.0,313.0,6.582183314572534,-6.137985240562486
2026-07-14 11:00:00,30.4,75.0,0.5,11.6,307.0,9.264171916548596,-6.98105426856376
2026-07-14 12:00:00,29.9,79.0,0.5,6.3,325.0,3.613531549011591,-5.160657879020648
2026-07-14 13:00:00,30.3,79.0,0.4,7.5,310.0,5.745333323392335,-4.820907072649044
2026-07-14 14:00:00,30.3,77.0,1.2,6.5,316.0,4.515279407983482,-4.6757087022012325
2026-07-14 15:00:00,29.9,84.0,1.9,4.0,201.0,1.4334717981812015,3.734321705988807
2026-07-14 16:00:00,28.4,88.0,0.8,3.0,213.0,1.6339171050450814,2.516011703836272
2026-07-14 17:00:00,28.1,91.0,0.5,2.8,310.0,2.1449244407331385,-1.7998053071223097
2026-07-14 18:00:00,27.6,96.0,0.3,1.8,354.0,0.18815123388177624,-1.790139411662892
2026-07-14 19:00:00,27.0,99.0,0.0,2.4,234.0,1.9416407864998737,1.4106846055019355
2026-07-14 20:00:00,26.9,95.0,0.0,4.0,126.0,-3.2360679774997894,2.351141009169893
2026-07-14 21:00:00,26.3,93.0,0.0,8.2,140.0,-5.270858399429622,6.281564433575619
2026-07-14 22:00:00,26.0,94.0,0.1,9.7,151.0,-4.702653316389468,8.48381115925214
2026-07-14 23:00:00,26.0,94.0,0.0,5.1,148.0,-2.702588247589344,4.325045290397773
2026-07-15 00:00:00,26.0,93.0,0.0,4.3,135.0,-3.040559159102154,3.0405591591021546
2026-07-15 01:00:00,25.8,93.0,0.0,3.8,155.0,-1.6059493946146575,3.44396959073927
2026-07-15 02:00:00,25.8,93.0,0.0,2.8,130.0,-2.144924440733138,1.7998053071223103
2026-07-15 03:00:00,25.7,91.0,0.0,3.5,159.0,-1.2542878234085508,3.267531492740206
2026-07-15 04:00:00,25.2,94.0,0.0,6.1,175.0,-0.5316500307607152,6.076787658359647
2026-07-15 05:00:00,25.1,96.0,0.0,11.2,190.0,1.9448595898696206,11.029846833736729
2026-07-15 06:00:00,25.5,94.0,0.0,14.3,204.0,5.8163339959839435,13.063700044289194
2026-07-15 07:00:00,26.7,89.0,0.0,15.2,207.0,6.900655596041111,13.54329916766319
2026-07-15 08:00:00,28.5,80.0,0.0,15.5,203.0,6.056332491583743,14.267825228512827
2026-07-15 09:00:00,30.3,70.0,0.0,17.2,209.0,8.338725468236998,15.043458962797606
2026-07-15 10:00:00,31.5,63.0,0.0,19.1,213.0,10.402605568787019,16.0186078477576
2026-07-15 11:00:00,32.2,63.0,0.0,16.4,225.0,11.59655121145938,11.596551211459378
2026-07-15 12:00:00,32.2,63.0,0.1,16.6,236.0,13.762023704413693,9.2826021976144
2026-07-15 13:00:00,31.9,66.0,0.1,17.9,239.0,15.343294682567809,9.219181540889968
2026-07-15 14:00:00,31.6,67.0,0.3,18.5,236.0,15.33719509226827,10.345068714208818
2026-07-15 15:00:00,31.2,70.0,0.3,17.6,230.0,13.482382198894014,11.313061930483093
2026-07-15 16:00:00,30.5,75.0,0.2,18.3,230.0,14.018613309077299,11.763013257263669
2026-07-15 17:00:00,29.8,78.0,0.2,16.3,218.0,10.03528204780823,12.844575283789569
2026-07-15 18:00:00,29.1,77.0,0.2,16.4,203.0,6.407990507224088,15.09627959662002
2026-07-15 19:00:00,28.5,76.0,0.1,16.4,189.0,2.565525226659787,16.19808878576026
2026-07-15 20:00:00,27.8,79.0,0.0,15.0,170.0,-2.6047226650039548,14.772116295183121
2026-07-15 21:00:00,27.6,80.0,0.0,14.1,185.0,1.2288959727419797,14.046345243093612
2026-07-15 22:00:00,27.5,81.0,0.0,14.6,193.0,3.284285393420428,14.225802945864434
2026-07-15 23:00:00,27.2,82.0,0.0,13.2,202.0,4.944807033090037,12.238826880281593
2026-07-16 00:00:00,26.7,85.0,0.0,12.6,209.0,6.108601215103848,11.020208309956386
2026-07-16 01:00:00,26.4,87.0,0.0,11.5,210.0,5.750000000000001,9.959292143521044
2026-07-16 02:00:00,26.5,87.0,0.0,12.7,196.0,3.500594418875889,12.208023538416649
2026-07-16 03:00:00,26.4,85.0,0.0,13.9,193.0,3.1268196553797223,13.54374390051477
2026-07-16 04:00:00,26.5,82.0,0.0,15.3,200.0,5.232908192882733,14.377297098024398
2026-07-16 05:00:00,26.4,81.0,0.0,15.2,199.0,4.948635947748782,14.371882349109613
2026-07-16 06:00:00,26.7,79.0,0.0,16.4,204.0,6.6704809464431225,14.982145505338654
2026-07-16 07:00:00,27.6,77.0,0.0,15.9,208.0,7.464597848295665,14.038866726456938
2026-07-16 08:00:00,29.7,68.0,0.0,16.0,215.0,9.177222981616739,13.106432708623869
2026-07-16 09:00:00,30.6,64.0,0.0,19.7,222.0,13.181872945269507,14.639953061904666
2026-07-16 10:00:00,31.5,63.0,0.0,20.1,219.0,12.649339860101735,15.620633825285116
2026-07-16 11:00:00,32.1,61.0,0.2,20.0,225.0,14.142135623730951,14.14213562373095
2026-07-16 12:00:00,30.7,70.0,0.8,20.4,237.0,17.10887958608665,11.110636314306552
2026-07-16 13:00:00,29.5,82.0,1.0,19.3,228.0,14.34269513171371,12.914220702725965
2026-07-16 14:00:00,30.3,77.0,0.8,20.5,234.0,16.584848384686424,12.049597671995699
2026-07-16 15:00:00,29.9,78.0,0.1,20.0,223.0,13.63996720124997,14.627074032383408
2026-07-16 16:00:00,27.3,88.0,1.0,18.7,203.0,7.306672102749419,17.213440759560633
2026-07-16 17:00:00,27.3,90.0,0.7000000000000001,18.6,203.0,7.267598989900492,17.121390274215393
2026-07-16 18:00:00,26.5,90.0,0.2,19.7,195.0,5.098735188519658,19.028738777894645
2026-07-16 19:00:00,26.1,90.0,0.1,21.8,196.0,6.008894356810582,20.95550497145535
2026-07-16 20:00:00,26.5,89.0,0.0,18.9,201.0,6.773154246406176,17.64467006079711
2026-07-16 21:00:00,26.3,88.0,0.0,19.1,199.0,6.218351750131695,18.05940479394695
2026-07-16 22:00:00,26.5,85.0,0.0,19.4,195.0,5.021089474988902,18.738961030007925
2026-07-16 23:00:00,26.6,83.0,0.0,18.8,198.0,5.809519494249012,17.879862506348886
2026-07-17 00:00:00,26.9,80.0,0.0,19.0,195.0,4.917561856947894,18.352590699492296
2026-07-17 01:00:00,27.1,77.0,0.0,18.5,196.0,5.099291082614484,17.7833413748589
2026-07-17 02:00:00,27.1,74.0,0.0,16.1,191.0,3.0720248255623734,15.80419765350739
2026-07-17 03:00:00,26.9,75.0,0.0,16.0,203.0,6.2516980558283795,14.728077655239046
2026-07-17 04:00:00,26.7,75.0,0.0,16.3,206.0,7.145449692661963,14.650342954676423
2026-07-17 05:00:00,26.6,75.0,0.0,16.5,198.0,5.0987804071866325,15.692432518870033
2026-07-17 06:00:00,26.6,74.0,0.0,17.1,194.0,4.136864414754317,16.592056919319543
2026-07-17 07:00:00,27.7,72.0,0.0,17.0,200.0,5.81434243653637,15.974774553360442
2026-07-17 08:00:00,29.0,69.0,0.0,17.8,200.0,6.087958551196905,16.72652864998917
2026-07-17 09:00:00,30.4,65.0,0.0,18.3,206.0,8.022191986240118,16.447931047274757
2026-07-17 10:00:00,31.5,62.0,0.0,19.1,214.0,10.680584456291264,15.834617635801298
2026-07-17 11:00:00,32.2,60.0,0.0,19.1,227.0,13.968855700926158,13.026168677193722
2026-07-17 12:00:00,31.5,66.0,0.2,20.5,236.0,16.995270237378353,11.463454521150311
2026-07-17 13:00:00,30.8,70.0,0.7000000000000001,21.9,235.0,17.939429769928918,12.561323956087907
2026-07-17 14:00:00,31.1,71.0,1.2,22.1,230.0,16.929582192929416,14.205606174072518
2026-07-17 15:00:00,30.2,73.0,0.3,22.9,220.0,14.71983626182175,17.542417747424594
2026-07-17 16:00:00,29.4,75.0,0.3,23.7,219.0,14.914893267881148,18.418359286530208
2026-07-17 17:00:00,28.6,77.0,0.2,22.1,202.0,8.278805714491655,20.490763185926003
2026-07-17 18:00:00,27.6,83.0,0.1,17.6,191.0,3.358238318627191,17.276638428678886
2026-07-17 19:00:00,27.1,82.0,0.1,19.7,186.0,2.0592107263727732,19.592081338754983
2026-07-17 20:00:00,27.4,81.0,0.0,23.0,189.0,3.5979926959253112,22.71683183368817
2026-07-17 21:00:00,27.1,80.0,0.0,22.0,193.0,4.948923195565028,21.436141425275174
2026-07-17 22:00:00,27.3,77.0,0.0,22.5,192.0,4.678013043399588,22.008321016510624
2026-07-17 23:00:00,27.2,76.0,0.0,21.6,195.0,5.590491374214448,20.863997847843876
2026-07-18 00:00:00,27.2,75.0,0.0,20.5,195.0,5.305790424601675,19.8014794389259
2026-07-18 01:00:00,27.3,74.0,0.0,21.0,198.0,6.4893568818738965,19.972186842198223
2026-07-18 02:00:00,27.6,72.0,0.0,21.8,196.0,6.008894356810582,20.95550497145535
2026-07-18 03:00:00,27.1,74.0,0.0,19.8,202.0,7.417210549635057,18.358240320422393
2026-07-18 04:00:00,26.8,74.0,0.0,18.9,205.0,7.9874851468992185,17.129217174992682
2026-07-18 05:00:00,26.6,74.0,0.0,18.1,205.0,7.649390537506661,16.404170945363365
2026-07-18 06:00:00,26.5,75.0,0.0,17.9,199.0,5.827669964783105,16.924782503227767
2026-07-18 07:00:00,27.6,74.0,0.0,17.1,197.0,4.999556150758799,16.352811326967906
2026-07-18 08:00:00,29.3,69.0,0.0,18.2,206.0,7.978354871561209,16.35805164264484
2026-07-18 09:00:00,30.3,66.0,0.0,17.9,216.0,10.521356016035268,14.481404199311559
2026-07-18 10:00:00,30.9,63.0,0.1,19.4,223.0,13.230768185212469,14.188261811411905
2026-07-18 11:00:00,31.1,63.0,0.4,20.2,231.0,15.698348421430811,12.712271899206716
2026-07-18 12:00:00,29.8,75.0,0.9,18.6,227.0,13.603178850116572,12.685169497162473
2026-07-18 13:00:00,31.2,70.0,0.1,17.1,231.0,13.289195940914203,10.76137868695222
2026-07-18 14:00:00,30.2,71.0,0.2,21.3,220.0,13.691376086323288,16.316746638434232
2026-07-18 15:00:00,28.9,76.0,0.6,20.9,203.0,8.16628058542582,19.238551437156
2026-07-18 16:00:00,27.7,87.0,0.7000000000000001,17.8,201.0,6.378949501906347,16.61773159165019
2026-07-18 17:00:00,27.0,90.0,0.5,20.5,201.0,7.346542965678657,19.138398743192635
2026-07-18 18:00:00,25.9,94.0,0.6,19.8,190.0,3.4382339178052224,19.49919350964172
2026-07-18 19:00:00,25.6,93.0,0.2,21.3,192.0,4.428519014418277,20.83454389563006
2026-07-18 20:00:00,25.7,87.0,0.0,20.2,185.0,1.7605460035026943,20.12313290145326
2026-07-18 21:00:00,26.0,82.0,0.0,17.0,207.0,7.717838495572296,15.147110911202253
2026-07-18 22:00:00,25.9,84.0,0.0,18.0,207.0,8.171828995311843,16.03811743539062
2026-07-18 23:00:00,25.7,85.0,0.0,19.5,194.0,4.717476964193519,18.920766662381933
2026-07-19 00:00:00,25.6,84.0,0.0,20.2,183.0,1.0571863161074682,20.17231660204239
2026-07-19 01:00:00,26.2,78.0,0.0,20.2,183.0,1.0571863161074682,20.17231660204239
2026-07-19 02:00:00,26.9,71.0,0.0,20.3,187.0,2.473947671124494,20.148686878318838
2026-07-19 03:00:00,26.9,71.0,0.0,18.4,195.0,4.762270429886382,17.773035203718855
2026-07-19 04:00:00,26.6,73.0,0.0,15.7,196.0,4.327506486326887,15.091808626231606
2026-07-19 05:00:00,26.3,75.0,0.0,15.2,199.0,4.948635947748782,14.371882349109613
2026-07-19 06:00:00,26.2,77.0,0.0,16.1,205.0,6.804154014025261,14.591555371290065
2026-07-19 07:00:00,27.0,79.0,0.0,15.2,203.0,5.93911315303696,13.991673772477093
2026-07-19 08:00:00,28.3,76.0,0.0,17.2,193.0,3.8691581347144766,16.759165114306047
2026-07-19 09:00:00,29.4,74.0,0.1,19.5,215.0,11.1847405088454,15.973464863635341
2026-07-19 10:00:00,29.5,77.0,0.3,18.4,221.0,12.071486133425333,13.886656276099004
2026-07-19 11:00:00,28.5,83.0,0.7000000000000001,17.6,222.0,11.776698671915906,13.07934892840214
2026-07-19 12:00:00,28.9,80.0,1.2,18.4,219.0,11.579495195317008,14.299485690808263
2026-07-19 13:00:00,29.9,78.0,0.3,19.0,222.0,12.713481520818306,14.11975168407049
2026-07-19 14:00:00,31.2,69.0,0.2,16.7,220.0,10.734553081765206,12.792942200086932
2026-07-19 15:00:00,30.1,70.0,0.4,17.7,224.0,12.295453157124252,12.732314465994124
2026-07-19 16:00:00,28.5,81.0,0.7000000000000001,17.6,206.0,7.715332183487764,15.818775214865342
2026-07-19 17:00:00,27.8,83.0,0.4,16.9,189.0,2.6437424591799026,16.691932956057826
2026-07-19 18:00:00,26.8,87.0,0.2,18.7,191.0,3.5681282135413896,18.356428330471317
2026-07-19 19:00:00,25.8,90.0,0.3,18.2,178.0,-0.6351708399855174,18.18891305174754
2026-07-19 20:00:00,26.4,86.0,0.1,15.3,183.0,0.8007401305170427,15.27903188174498
2026-07-19 21:00:00,26.0,86.0,0.0,14.0,202.0,5.244492307822767,12.980573963935024
2026-07-19 22:00:00,25.7,88.0,0.0,16.8,213.0,9.149935788252455,14.089665541483125
2026-07-19 23:00:00,25.4,91.0,0.0,17.4,220.0,11.184504408545784,13.329173310270216
2026-07-20 00:00:00,25.2,91.0,0.0,18.6,208.0,8.732171067817571,16.42282522717604
2026-07-20 01:00:00,25.3,89.0,0.0,19.1,194.0,4.620708205953653,18.532648371871534
2026-07-20 02:00:00,25.8,85.0,0.0,18.2,182.0,0.6351708399855196,18.18891305174754
2026-07-20 03:00:00,25.7,83.0,0.1,16.9,179.0,-0.2949456687900907,16.89742604814301
2026-07-20 04:00:00,25.8,79.0,0.0,15.5,181.0,0.27051229977789576,15.497639274924065
2026-07-20 05:00:00,26.2,74.0,0.0,15.9,177.0,-0.8321417042628071,15.878209602597725
2026-07-20 06:00:00,26.5,74.0,0.0,15.3,199.0,4.981192763194499,14.466434206669547
2026-07-20 07:00:00,27.5,72.0,0.0,16.9,200.0,5.780140422203803,15.880805291281849
2026-07-20 08:00:00,28.9,69.0,0.0,18.4,206.0,8.066029100919025,16.537810451904672
2026-07-20 09:00:00,29.7,68.0,0.0,18.0,207.0,8.171828995311843,16.03811743539062
2026-07-20 10:00:00,30.3,64.0,0.1,18.8,218.0,11.574435736122377,14.814602167806374
2026-07-20 11:00:00,29.6,70.0,0.9,19.6,226.0,14.099060086637564,13.615304060996348
2026-07-20 12:00:00,29.7,75.0,0.7000000000000001,16.9,226.0,12.156842625723204,11.739726460757053
2026-07-20 13:00:00,31.3,66.0,0.0,18.1,225.0,12.798632739476512,12.79863273947651
2026-07-20 14:00:00,32.3,58.0,0.1,17.1,228.0,12.707776515663443,11.442133368736476
2026-07-20 15:00:00,30.1,72.0,0.8,15.8,222.0,10.572263580469961,11.74168824254283
2026-07-20 16:00:00,29.2,74.0,0.2,17.1,213.0,9.313327498756964,14.341266711866753
2026-07-20 17:00:00,28.0,80.0,0.3,18.3,205.0,7.7339141898548,16.585432502770693
2026-07-20 18:00:00,26.6,87.0,0.5,14.3,195.0,3.7011123449660466,13.812739315933678
2026-07-20 19:00:00,26.2,87.0,0.1,15.5,205.0,6.550583056980841,14.047770699068074
2026-07-20 20:00:00,26.5,85.0,0.1,12.1,198.0,3.739105631936864,11.507783847171357
2026-07-20 21:00:00,26.2,86.0,0.0,11.5,200.0,3.9332316482451914,10.806465139037945
2026-07-20 22:00:00,26.1,87.0,0.0,10.9,186.0,1.1393602496174227,10.84028865951418
2026-07-20 23:00:00,25.9,88.0,0.0,10.0,187.0,1.2186934340514748,9.92546151641322
2026-07-21 00:00:00,25.8,89.0,0.0,9.4,183.0,0.4919579886836733,9.387117626692994
2026-07-21 01:00:00,25.6,90.0,0.0,10.6,181.0,0.18499550823520614,10.598385568657747
2026-07-21 02:00:00,25.8,90.0,0.0,11.9,174.0,-1.2438887128850773,11.834810554882452
2026-07-21 03:00:00,25.8,89.0,0.0,12.9,189.0,2.0180045990189788,12.741179593677277
2026-07-21 04:00:00,25.7,87.0,0.0,11.9,183.0,0.6227978792910333,11.88369146357943
2026-07-21 05:00:00,25.7,83.0,0.0,13.3,182.0,0.4641633061432644,13.291897999353974
2026-07-21 06:00:00,26.0,82.0,0.0,13.0,186.0,1.358870022479495,12.928784639787553
2026-07-21 07:00:00,27.4,79.0,0.0,12.2,193.0,2.744402862995152,11.88731479037987
2026-07-21 08:00:00,29.6,69.0,0.0,15.5,189.0,2.424734208123579,15.309169279224635
2026-07-21 09:00:00,30.7,64.0,0.0,16.3,208.0,7.652386473410021,14.392045763600509
2026-07-21 10:00:00,31.7,61.0,0.0,16.0,221.0,10.496944463848116,12.075353283564352
2026-07-21 11:00:00,32.1,61.0,0.0,16.5,237.0,13.838064371099497,8.986544077747947
2026-07-21 12:00:00,31.8,64.0,0.2,16.7,248.0,15.483970371265348,6.25593011004573
2026-07-21 13:00:00,30.9,72.0,0.4,17.5,255.0,16.903701960058694,4.529333289294113
2026-07-21 14:00:00,30.0,74.0,0.7000000000000001,12.5,250.0,11.746157759823856,4.2752517915708586
2026-07-21 15:00:00,30.0,79.0,0.7000000000000001,11.4,219.0,7.174252457968148,8.85946396060947
2026-07-21 16:00:00,29.0,81.0,0.4,12.3,220.0,7.906287599144434,9.42234665036343
2026-07-21 17:00:00,27.4,89.0,0.8,11.7,197.0,3.42074894525602,11.188765644767514
2026-07-21 18:00:00,27.4,88.0,0.0,11.0,201.0,3.942047444998304,10.269384691469218
2026-07-21 19:00:00,26.9,88.0,0.0,9.3,199.0,3.027783836451558,8.793322753073646
2026-07-21 20:00:00,27.4,82.0,0.0,7.0,181.0,0.12216684506098519,6.998933866094739
2026-07-21 21:00:00,26.7,84.0,0.0,4.8,151.0,-2.3270861771824176,4.1981745942691
2026-07-21 22:00:00,26.2,85.0,0.0,3.9,133.0,-2.8522794363147645,2.6597936042437444
2026-07-21 23:00:00,26.1,84.0,0.0,4.4,153.0,-1.9975581988540057,3.9204287064288192
2026-07-22 00:00:00,26.2,84.0,0.0,5.2,180.0,3.1840816777831187e-16,5.2
2026-07-22 01:00:00,26.0,85.0,0.0,7.8,185.0,0.6798147934317335,7.770318645115615
2026-07-22 02:00:00,26.2,86.0,0.0,9.3,171.0,-1.4548405248741467,9.185501567534782
2026-07-22 03:00:00,25.7,87.0,0.0,8.8,179.0,-0.15358117664809462,8.798659717376244
2026-07-22 04:00:00,25.5,88.0,0.0,7.9,181.0,0.13787401085454043,7.898796791735491
2026-07-22 05:00:00,25.3,89.0,0.0,7.9,176.0,-0.5510761425785902,7.880755997052612
2026-07-22 06:00:00,25.8,87.0,0.0,9.4,176.0,-0.6557108531947782,9.377102072442348
2026-07-22 07:00:00,27.6,82.0,0.0,10.4,190.0,1.8059410477360764,10.242000631326963
2026-07-22 08:00:00,29.3,74.0,0.0,13.4,200.0,4.583069920563962,12.591881118531171
2026-07-22 09:00:00,30.2,69.0,0.0,12.0,226.0,8.632077604063815,8.335900445507967
2026-07-22 10:00:00,31.0,66.0,0.0,12.2,243.0,10.870279595098088,5.53868409682247
2026-07-22 11:00:00,30.9,68.0,0.1,14.1,253.0,13.4838970590788,4.122441036590589
2026-07-22 12:00:00,30.8,70.0,0.2,15.2,256.0,14.748495039395145,3.6772128131149495
2026-07-22 13:00:00,30.7,71.0,0.2,14.6,261.0,14.420249772689012,2.2839431895873705
2026-07-22 14:00:00,30.2,73.0,0.1,14.5,255.0,14.00592448119149,3.7528761539865507
2026-07-22 15:00:00,30.0,74.0,0.0,12.3,256.0,11.934637433194757,2.975639315875913
2026-07-22 16:00:00,29.7,74.0,0.0,10.7,254.0,10.285500146540011,2.949319707241891
2026-07-22 17:00:00,29.3,75.0,0.0,9.2,258.0,8.998957926751011,1.9127875555233858
2026-07-22 18:00:00,28.5,81.0,0.0,6.5,265.0,6.475265537596346,0.5665123278597781
2026-07-22 19:00:00,27.6,86.0,0.0,1.7000000000000002,229.0,1.2830062863787126,1.1153003492838625
2026-07-22 20:00:00,28.0,85.0,0.0,5.4,184.0,0.3766849582182763,5.386845871403051
2026-07-22 21:00:00,27.3,88.0,0.0,4.6,159.0,-1.648492567908381,4.294469961887128
2026-07-22 22:00:00,26.7,89.0,0.0,4.2,149.0,-2.163159914622228,3.600102662948872
2026-07-22 23:00:00,26.4,87.0,0.0,4.0,144.0,-2.351141009169892,3.23606797749979
2026-07-23 00:00:00,26.1,86.0,0.0,4.2,149.0,-2.163159914622228,3.600102662948872
2026-07-23 01:00:00,25.6,86.0,0.0,3.7,157.0,-1.445705175410313,3.405867957774029
2026-07-23 02:00:00,25.6,89.0,0.0,4.4,171.0,-0.6883116461770157,4.3458286986186065
2026-07-23 03:00:00,25.1,91.0,0.0,6.0,163.0,-1.75423022833642,5.737828535778213
2026-07-23 04:00:00,25.0,92.0,0.0,6.8,162.0,-2.101315561749642,6.467184310807045
2026-07-23 05:00:00,24.8,93.0,0.0,6.6,163.0,-1.929653251170062,6.311611389356035
2026-07-23 06:00:00,25.5,91.0,0.0,7.5,169.0,-1.431067465324086,7.36220387585748
2026-07-23 07:00:00,27.6,85.0,0.0,6.2,197.0,1.812704569280968,5.9290894869708195
2026-07-23 08:00:00,29.4,77.0,0.0,7.8,228.0,5.796529638723675,5.219218729599094
2026-07-23 09:00:00,30.0,75.0,0.0,9.5,260.0,9.355673653615977,1.6496576878358382
2026-07-23 10:00:00,29.3,77.0,0.3,12.6,268.0,12.592324420440606,0.4397336584515122
2026-07-23 11:00:00,29.2,78.0,1.2,10.4,272.0,10.393664600998596,-0.3629547657060101
2026-07-23 12:00:00,29.0,80.0,1.0,11.3,278.0,11.190029176779746,-1.5726560408487396
2026-07-23 13:00:00,29.3,77.0,0.6,7.4,276.0,7.359462025725223,-0.7735106281806358
2026-07-23 14:00:00,30.4,67.0,0.5,9.6,303.0,8.051237452276071,-5.22853473614426
2026-07-23 15:00:00,30.5,65.0,0.0,6.9,303.0,5.786826918823426,-3.758009341603687
2026-07-23 16:00:00,30.7,61.0,0.1,4.4,289.0,4.160281732636994,-1.4324998796114896
2026-07-23 17:00:00,30.6,62.0,0.0,2.5,352.0,0.34793275240016364,-2.475670171853926
2026-07-23 18:00:00,29.5,78.0,0.0,2.2,5.0,-0.19174263404484818,-2.1916283358018402
2026-07-23 19:00:00,28.2,81.0,0.0,2.3,23.0,-0.8986815955253298,-2.1171611629406124
2026-07-23 20:00:00,27.6,90.0,0.0,4.4,102.0,-4.303849443228746,0.914811439598141
2026-07-23 21:00:00,27.1,90.0,0.0,3.4,96.0,-3.381374444252129,0.3553967751100227
2026-07-23 22:00:00,27.1,88.0,0.0,1.8,135.0,-1.2727922061357855,1.2727922061357857
2026-07-23 23:00:00,26.6,89.0,0.0,2.5,184.0,0.1743911843603131,2.4939101256495606
2026-07-24 00:00:00,25.9,91.0,0.0,3.2,177.0,-0.1674750599774203,3.1956145112146364
2026-07-24 01:00:00,25.3,91.0,0.0,4.6,154.0,-2.0165072752297566,4.134452612976167
2026-07-24 02:00:00,25.4,89.0,0.0,7.2,155.0,-3.0428514845330352,6.5254160666638805
2026-07-24 03:00:00,24.3,92.0,0.0,5.3,142.0,-3.263005819225989,4.176456994115626
2026-07-24 04:00:00,23.9,89.0,0.0,7.1,142.0,-4.371196474812174,5.594876350607726
2026-07-24 05:00:00,24.0,85.0,0.0,7.1,144.0,-4.173275291276559,5.744020660062127
2026-07-24 06:00:00,24.5,84.0,0.0,7.8,138.0,-5.219218729599094,5.796529638723675
2026-07-24 07:00:00,26.7,82.0,0.2,6.8,151.0,-3.2967054176750916,5.9474140085478915
2026-07-24 08:00:00,28.8,76.0,0.3,3.1,173.0,-0.37779496455595685,3.0768930700880985
2026-07-24 09:00:00,29.7,75.0,0.0,4.5,265.0,4.482876141412855,0.39220084236446173
2026-07-24 10:00:00,29.9,75.0,0.0,6.1,265.0,6.076787658359647,0.5316500307607148
2026-07-24 11:00:00,30.9,70.0,0.0,6.5,265.0,6.475265537596346,0.5665123278597781
2026-07-24 12:00:00,31.7,66.0,0.0,4.7,261.0,4.6421352007971475,0.7352419856890852
2026-07-24 13:00:00,30.7,72.0,0.0,6.4,297.0,5.702441754805555,-2.9055391983330994
2026-07-24 14:00:00,29.4,80.0,0.0,9.8,313.0,7.167266275867871,-6.683583928612485
2026-07-24 15:00:00,30.0,76.0,0.0,7.2,332.0,3.380195252058414,-6.357222668584273
2026-07-24 16:00:00,29.4,74.0,0.0,8.3,330.0,4.150000000000001,-7.188010851410841
2026-07-24 17:00:00,29.1,74.0,0.0,3.6,300.0,3.1176914536239795,-1.7999999999999998
2026-07-24 18:00:00,28.3,78.0,0.0,3.6,217.0,2.1665340833473743,2.875087836170254
2026-07-24 19:00:00,26.9,87.0,0.0,3.0,142.0,-1.846984425976975,2.3640322608201663
2026-07-24 20:00:00,27.9,84.0,0.0,3.0,115.0,-2.7189233611099497,1.2678547852220985
2026-07-24 21:00:00,28.0,83.0,0.0,5.3,170.0,-0.9203353416347306,5.2194810909647025
2026-07-24 22:00:00,27.9,85.0,0.0,9.1,187.0,1.1090110249868421,9.032169979936029
2026-07-24 23:00:00,27.3,84.0,0.0,11.2,181.0,0.19546695209757628,11.198294185751582
2026-07-25 00:00:00,27.0,82.0,0.0,11.7,184.0,0.8161507428062652,11.671499388039942
2026-07-25 01:00:00,26.6,87.0,0.0,11.4,176.0,-0.7952238006830288,11.372230172961997
2026-07-25 02:00:00,26.7,87.0,0.0,12.2,166.0,-2.951447126315947,11.837607860567156
2026-07-25 03:00:00,26.2,90.0,0.0,9.4,172.0,-1.3082271490246145,9.308519846170762
2026-07-25 04:00:00,26.4,87.0,0.0,11.6,156.0,-4.718145059679283,10.59712730865417
2026-07-25 05:00:00,26.4,84.0,0.0,9.1,159.0,-3.261148340862232,8.495581881124535
2026-07-25 06:00:00,26.7,82.0,0.0,5.9,133.0,-4.314986839553106,4.023790324368742
2026-07-25 07:00:00,27.7,78.0,0.0,7.5,143.0,-4.513612673640363,5.9897663253546956
2026-07-25 08:00:00,29.8,68.0,0.0,2.9,101.0,-2.8467188319982255,0.5533460865919804
2026-07-25 09:00:00,31.2,61.0,0.0,5.2,333.0,2.3607505986456436,-4.633233925779512
2026-07-25 10:00:00,32.2,57.0,0.0,5.5,324.0,3.232818887608602,-4.449593469062211
2026-07-25 11:00:00,32.5,58.0,0.0,9.1,291.0,8.495581881124535,-3.261148340862232
2026-07-25 12:00:00,32.7,60.0,0.0,10.3,286.0,9.900995468164686,-2.8390647649150917
2026-07-25 13:00:00,32.8,61.0,0.0,9.6,278.0,9.506573459919075,-1.3360617692166281
2026-07-25 14:00:00,31.5,66.0,0.0,10.3,270.0,10.3,0.0
2026-07-25 15:00:00,31.2,63.0,0.2,12.8,250.0,12.02806554605963,4.37785783456856
2026-07-25 16:00:00,31.1,62.0,0.0,8.5,245.0,7.703616189811524,3.592255224795945
2026-07-25 17:00:00,30.2,68.0,0.0,6.2,240.0,5.36935750346352,3.0999999999999996
2026-07-25 18:00:00,29.3,73.0,0.0,4.7,196.0,1.2954955723398962,4.517929970910099
2026-07-25 19:00:00,28.5,77.0,0.0,2.8,198.0,0.8652475842498528,2.6629582456264296
2026-07-25 20:00:00,28.0,92.0,0.0,5.0,235.0,4.095760221444959,2.8678821817552302
2026-07-25 21:00:00,27.4,93.0,0.3,2.6,192.0,0.5405703961261746,2.5431837619078945
2026-07-25 22:00:00,27.3,92.0,0.1,1.0,149.0,-0.5150380749100543,0.8571673007021123
2026-07-25 23:00:00,26.8,94.0,0.0,3.5,152.0,-1.6431504697506183,3.090316575006244
2026-07-26 00:00:00,26.7,94.0,0.1,3.7,141.0,-2.328485446884398,2.875440057390793
2026-07-26 01:00:00,26.4,92.0,0.3,3.9,133.0,-2.8522794363147645,2.6597936042437444
2026-07-26 02:00:00,26.5,92.0,0.0,5.4,94.0,-5.386845871403051,0.37668495821827785
2026-07-26 03:00:00,26.3,92.0,0.0,2.2,42.0,-1.472087333989488,-1.6349186160502678
2026-07-26 04:00:00,26.2,93.0,0.0,2.7,42.0,-1.806652637168917,-2.006491028788965
2026-07-26 05:00:00,26.1,95.0,0.0,2.3,4.0,-0.16043988961148883,-2.2943973155975956
2026-07-26 06:00:00,26.2,95.0,0.0,4.1,15.0,-1.0611580849203346,-3.96029588778518
2026-07-26 07:00:00,26.9,91.0,0.0,7.0,3.0,-0.36635169370061016,-6.9904067432820165
2026-07-26 08:00:00,28.4,83.0,0.2,10.7,40.0,-6.8778274236459715,-8.196675541373063
2026-07-26 09:00:00,28.7,78.0,0.0,12.8,38.0,-7.880466884168424,-10.086537646166043
2026-07-26 10:00:00,30.1,69.0,0.0,15.2,27.0,-6.900655596041113,-13.54329916766319
2026-07-26 11:00:00,31.1,63.0,0.0,19.9,14.0,-4.814245722433388,-19.308884952892328
2026-07-26 12:00:00,30.5,65.0,0.0,20.4,3.0,-1.0676535073560638,-20.372042508993303
2026-07-26 13:00:00,30.4,69.0,0.0,19.8,358.0,0.6910100347095214,-19.787938374978097
2026-07-26 14:00:00,29.8,67.0,0.0,20.8,4.0,-1.450934653877812,-20.749332245404343
2026-07-26 15:00:00,30.0,66.0,0.0,17.9,357.0,0.9368136167486969,-17.87546867210687
2026-07-26 16:00:00,28.9,71.0,0.0,15.0,10.0,-2.6047226650039548,-14.772116295183121
2026-07-26 17:00:00,28.5,74.0,0.0,14.1,16.0,-3.886486717019684,-13.553789912730297
2026-07-26 18:00:00,27.7,80.0,0.0,10.1,22.0,-3.783526593500714,-9.364556931124552
2026-07-26 19:00:00,26.8,86.0,0.2,8.0,14.0,-1.9353751647973423,-7.762365810207972
2026-07-26 20:00:00,26.9,96.0,0.4,1.8,354.0,0.18815123388177624,-1.790139411662892
2026-07-26 21:00:00,26.7,96.0,0.0,0.4,117.0,-0.35640260967534715,0.18159619989581877
2026-07-26 22:00:00,26.4,95.0,0.0,1.1,162.0,-0.3399186938124421,1.046162167924669
2026-07-26 23:00:00,26.0,96.0,0.0,4.7,184.0,0.3278554265973886,4.688551036221174
2026-07-27 00:00:00,25.6,98.0,0.0,7.9,200.0,2.701959132272784,7.423571704208676
2026-07-27 01:00:00,25.2,97.0,0.0,7.4,193.0,1.6646378021446004,7.2103384794107415
2026-07-27 02:00:00,25.7,98.0,0.0,5.4,194.0,1.3063782362382055,5.2395969218903815
2026-07-27 03:00:00,25.3,98.0,0.0,6.2,202.0,2.322560879178654,5.748539898314082
2026-07-27 04:00:00,24.7,99.0,0.2,7.4,186.0,0.7735106281806357,7.359462025725223
2026-07-27 05:00:00,24.8,98.0,0.0,3.4,177.0,-0.17794225122600907,3.395340418165551
2026-07-27 06:00:00,25.5,96.0,0.0,1.4,90.0,-1.4,1.7145055188062944e-16
2026-07-27 07:00:00,26.1,95.0,0.0,3.1,291.0,2.8940993221413254,-1.1109406435904308
2026-07-27 08:00:00,27.3,89.0,0.2,0.8,297.0,0.7128052193506944,-0.3631923997916374
2026-07-27 09:00:00,27.4,89.0,0.0,3.8,343.0,1.1110124779463997,-3.6339580726595346
2026-07-27 10:00:00,28.0,85.0,0.2,4.1,360.0,2.5105259382520737e-16,-4.1
2026-07-27 11:00:00,26.9,90.0,1.0,5.2,356.0,0.36273366346945124,-5.187333061351086
2026-07-27 12:00:00,27.4,90.0,1.5,4.4,348.0,0.9148114395981417,-4.303849443228745
2026-07-27 13:00:00,28.1,91.0,1.1,5.3,352.0,0.737617435088347,-5.248420764330323
2026-07-27 14:00:00,27.3,90.0,4.2,9.3,22.0,-3.4838413187679844,-8.622809847471123
2026-07-27 15:00:00,27.1,92.0,0.9,7.1,99.0,-7.012587218225477,1.1106847017856398
2026-07-27 16:00:00,28.7,83.0,0.1,4.7,50.0,-3.6004088826591967,-3.0211017655267347
2026-07-27 17:00:00,26.7,91.0,2.0,3.4,276.0,3.381374444252129,-0.35539677511002177
2026-07-27 18:00:00,26.2,97.0,1.5,3.0,284.0,2.9108871788279895,-0.7257656867990032
2026-07-27 19:00:00,25.6,100.0,0.1,1.3,304.0,1.0777488443215542,-0.726950774511971
2026-07-27 20:00:00,26.3,97.0,0.1,6.4,61.0,-5.597566125692134,-3.102781569576557
2026-07-27 21:00:00,26.0,98.0,0.0,2.7,8.0,-0.37576737259217774,-2.67372378560224
2026-07-27 22:00:00,25.7,98.0,0.0,5.2,14.0,-1.2579938571182725,-5.045537776635181
2026-07-27 23:00:00,25.4,96.0,0.0,6.6,17.0,-1.9296532511700648,-6.311611389356033
2026-07-28 00:00:00,25.0,93.0,0.0,7.4,14.0,-1.7902220274375418,-7.180188374442374
2026-07-28 01:00:00,24.9,93.0,0.0,7.7,360.0,4.71489017671731e-16,-7.7
2026-07-28 02:00:00,25.2,93.0,0.0,10.0,18.0,-3.0901699437494754,-9.510565162951535
2026-07-28 03:00:00,25.0,95.0,0.0,10.3,13.0,-2.3169958597418123,-10.036011667287923
2026-07-28 04:00:00,25.0,95.0,0.0,11.7,23.0,-4.571554203324504,-10.76990678539355
2026-07-28 05:00:00,24.9,94.0,0.0,12.7,31.0,-6.540983551357692,-10.886024718916824
2026-07-28 06:00:00,25.0,93.0,0.0,12.6,33.0,-6.86245184118934,-10.567249156112343
2026-07-28 07:00:00,26.1,90.0,0.0,12.6,27.0,-5.720280296718291,-11.226682204773434
2026-07-28 08:00:00,28.3,81.0,0.0,12.5,36.0,-7.347315653655915,-10.112712429686841
2026-07-28 09:00:00,29.8,73.0,0.0,13.6,17.0,-3.9762551842292244,-13.00574468109728
2026-07-28 10:00:00,30.8,69.0,0.0,15.5,359.0,0.27051229977789576,-15.497639274924065
2026-07-28 11:00:00,31.2,67.0,0.0,16.4,348.0,3.409751729411255,-16.04162065203441
2026-07-28 12:00:00,31.3,66.0,0.0,14.8,351.0,2.3152300825954177,-14.617787440808039
2026-07-28 13:00:00,31.3,66.0,0.0,12.9,341.0,4.199829192497322,-12.197189625231186
2026-07-28 14:00:00,31.1,61.0,0.0,10.6,330.0,5.300000000000001,-9.17986928011505
2026-07-28 15:00:00,29.6,75.0,0.9,2.3,270.0,2.3,0.0
2026-07-28 16:00:00,29.5,73.0,0.1,6.2,188.0,0.8628732259524059,6.139662026197737
2026-07-28 17:00:00,29.1,74.0,0.0,4.9,176.0,-0.34180672134621415,4.8880638462731385
2026-07-28 18:00:00,28.5,80.0,0.0,4.7,130.0,-3.6004088826591962,3.0211017655267356
2026-07-28 19:00:00,27.4,83.0,0.0,1.1,99.0,-1.0864571746546514,0.1720779115442541
2026-07-28 20:00:00,27.2,88.0,0.0,2.2,14.0,-0.5322281703192692,-2.1346505978071924
2026-07-28 21:00:00,26.7,90.0,0.0,1.5,291.0,1.4003706397458027,-0.5375519243179504
2026-07-28 22:00:00,26.6,92.0,0.0,2.8,225.0,1.9798989873223332,1.9798989873223327
2026-07-28 23:00:00,26.5,91.0,0.0,4.4,171.0,-0.6883116461770157,4.3458286986186065
2026-07-29 00:00:00,26.2,88.0,0.1,5.4,160.0,-1.8469087739586112,5.074340152243906
2026-07-29 01:00:00,25.6,90.0,0.4,6.7,166.0,-1.6208767005177742,6.500981366049176
2026-07-29 02:00:00,25.2,97.0,0.6,2.0,185.0,0.17431148549531628,1.992389396183491
2026-07-29 03:00:00,25.1,97.0,0.1,6.4,169.0,-1.2211775704098868,6.28241397406505
2026-07-29 04:00:00,24.6,98.0,0.0,8.7,166.0,-2.1047204917171096,8.441572818601168
2026-07-29 05:00:00,24.2,97.0,0.0,7.8,161.0,-2.539431604765822,7.375044889674672
2026-07-29 06:00:00,24.4,96.0,0.0,6.2,168.0,-1.289052483070108,6.064515124549596
2026-07-29 07:00:00,26.3,93.0,0.0,3.4,223.0,2.318794424212495,2.4866025855051794
2026-07-29 08:00:00,28.4,88.0,0.0,4.9,264.0,4.873157287304539,0.5121894700115021
2026-07-29 09:00:00,29.0,81.0,0.3,5.9,282.0,5.771070844329454,-1.2266789758247802
2026-07-29 10:00:00,29.9,76.0,0.1,7.5,297.0,6.682548931412759,-3.4049287480466006
2026-07-29 11:00:00,30.4,74.0,0.2,10.5,307.0,8.385672855496574,-6.319057743096507
2026-07-29 12:00:00,30.3,75.0,0.1,8.1,307.0,6.468947631383072,-4.874701687531591
2026-07-29 13:00:00,30.6,75.0,0.0,10.5,307.0,8.385672855496574,-6.319057743096507
2026-07-29 14:00:00,30.6,71.0,0.1,6.9,323.0,4.152523659749134,-5.510585019326321
2026-07-29 15:00:00,29.7,78.0,0.3,5.9,297.0,5.256938492711371,-2.678543948463326
2026-07-29 16:00:00,29.2,81.0,0.4,3.9,257.0,3.8000432526624173,0.8773091119410735
2026-07-29 17:00:00,29.1,83.0,0.1,3.9,298.0,3.4434956121498153,-1.8309390948649742
2026-07-29 18:00:00,28.5,88.0,0.0,3.1,310.0,2.3747377736688318,-1.9926415900282717
2026-07-29 19:00:00,27.7,93.0,0.0,0.4,333.0,0.18159619989581874,-0.35640260967534715
2026-07-29 20:00:00,27.8,90.0,0.0,4.7,203.0,1.8364363038995866,4.32637281122647
2026-07-29 21:00:00,27.4,92.0,0.0,4.4,199.0,1.4324998796114898,4.160281732636994
2026-07-29 22:00:00,26.8,94.0,0.0,8.8,180.0,5.388445916248355e-16,8.8
2026-07-29 23:00:00,26.4,95.0,0.0,12.6,189.0,1.9710742595069095,12.444873091498735
2026-07-30 00:00:00,26.2,93.0,0.0,11.6,192.0,2.4117756134860096,11.346512168512144
2026-07-30 01:00:00,26.4,91.0,0.0,12.4,201.0,4.443762574361725,11.576397288565301
2026-07-30 02:00:00,26.7,91.0,0.0,9.6,197.0,2.806768365338273,9.18052565724514
2026-07-30 03:00:00,26.5,91.0,0.0,8.9,207.0,4.040515447681967,7.929958065276474
2026-07-30 04:00:00,26.4,91.0,0.0,9.2,196.0,2.535863673516392,8.843607602632533
2026-07-30 05:00:00,26.2,92.0,0.0,7.7,196.0,2.1224076397908935,7.401715058725055
2026-07-30 06:00:00,26.2,92.0,0.0,9.4,183.0,0.4919579886836733,9.387117626692994
2026-07-30 07:00:00,27.3,88.0,0.0,9.6,200.0,3.2833933759264204,9.02104915954472
2026-07-30 08:00:00,28.5,83.0,0.0,7.0,203.0,2.735117899424916,6.4435339741670825
2026-07-30 09:00:00,28.9,80.0,0.0,2.9,263.0,2.8783838397598336,0.35342109587492765
2026-07-30 10:00:00,29.4,77.0,0.0,2.9,300.0,2.511473670974872,-1.4499999999999997
2026-07-30 11:00:00,29.7,76.0,0.0,6.0,297.0,5.346039145130208,-2.7239429984372805
2026-07-30 12:00:00,30.2,75.0,0.0,4.9,278.0,4.852313536833695,-0.6819481947043207
2026-07-30 13:00:00,31.6,68.0,0.0,8.0,276.0,7.956175162946186,-0.8362277061412278
2026-07-30 14:00:00,31.8,69.0,0.0,7.3,200.0,2.4967470462773824,6.8597561317371305
2026-07-30 15:00:00,28.6,85.0,0.3,9.4,7.0,-1.1455718280083835,-9.329933825428428
2026-07-30 16:00:00,30.3,76.0,0.0,7.0,212.0,3.7094348496324345,5.936336673094981
2026-07-30 17:00:00,28.8,80.0,0.2,10.7,237.0,8.973775077016036,5.82763767466079
2026-07-30 18:00:00,27.7,85.0,0.0,4.5,265.0,4.482876141412855,0.39220084236446173
2026-07-30 19:00:00,27.2,90.0,0.0,1.0,239.0,0.8571673007021123,0.5150380749100542
2026-07-30 20:00:00,27.3,91.0,0.0,2.1,121.0,-1.8000513314744357,1.0815799573111142
2026-07-30 21:00:00,27.1,90.0,0.0,5.3,123.0,-4.444954010110747,2.8865868855796446
2026-07-30 22:00:00,26.7,89.0,0.0,9.1,142.0,-5.60251942546349,7.17089785782117
2026-07-30 23:00:00,26.6,86.0,0.0,9.8,157.0,-3.8291650591948834,9.020947563833916
2026-07-31 00:00:00,26.4,86.0,0.0,10.6,180.0,6.490628035480972e-16,10.6
2026-07-31 01:00:00,26.4,87.0,0.0,12.9,172.0,-1.795333002384843,12.774458086766257
2026-07-31 02:00:00,26.4,91.0,0.0,11.0,175.0,-0.9587131702242406,10.9581416790092
2026-07-31 03:00:00,26.5,89.0,0.0,9.6,174.0,-1.003473247369474,9.547410195535424
2026-07-31 04:00:00,26.2,89.0,0.0,9.0,177.0,-0.4710236061864946,8.987665812791164
2026-07-31 05:00:00,26.1,89.0,0.0,7.5,188.0,1.043798257200491,7.427010515561777
2026-07-31 06:00:00,26.3,89.0,0.0,6.4,202.0,2.397482197861837,5.93397666922744
2026-07-31 07:00:00,27.3,86.0,0.0,5.7,217.0,3.430345631966676,4.55222240726957
2026-07-31 08:00:00,29.1,79.0,0.0,5.7,246.0,5.207209108562825,2.3183988655320613
2026-07-31 09:00:00,29.9,76.0,0.0,5.1,287.0,4.87715425541148,-1.4910956940859574
2026-07-31 10:00:00,30.9,72.0,0.0,7.1,317.0,4.842188356443739,-5.19261128149611
2026-07-31 11:00:00,31.0,71.0,0.0,8.6,331.0,4.169362734118499,-7.521729481398803
2026-07-31 12:00:00,31.4,71.0,0.0,9.9,328.0,5.246200715908729,-8.395676151948617
2026-07-31 13:00:00,30.8,73.0,0.2,9.0,317.0,6.137985240562486,-6.582183314572534
2026-07-31 14:00:00,32.4,67.0,0.1,7.3,293.0,6.719685430202815,-2.8523372379716982
2026-07-31 15:00:00,31.7,72.0,0.0,9.0,303.0,7.548035111508817,-4.901751315135244
2026-07-31 16:00:00,30.8,73.0,0.0,12.6,279.0,12.444873091498735,-1.9710742595069088
2026-07-31 17:00:00,29.1,79.0,0.0,9.8,257.0,9.548826634895306,2.204520332569877
2026-07-31 18:00:00,25.9,90.0,0.9,9.2,215.0,5.276903214429624,7.536198807458724
2026-07-31 19:00:00,25.2,98.0,0.9,4.7,140.0,-3.021101765526735,3.6004088826591967
2026-07-31 20:00:00,27.2,84.0,0.1,4.1,119.0,-3.585940799271522,1.9877194430099823
2026-07-31 21:00:00,26.7,87.0,0.0,0.2,360.0,1.2246467991473533e-17,-0.2
2026-07-31 22:00:00,26.6,88.0,0.0,3.9,146.0,-2.180852323535912,3.233246532964663
2026-07-31 23:00:00,26.7,86.0,0.0,10.7,157.0,-4.180823074835229,9.84940193194111
2026-08-01 00:00:00,26.4,90.0,0.0,9.6,184.0,0.6696621479436022,9.576614882494312
2026-08-01 01:00:00,25.9,91.0,0.0,10.4,178.0,-0.36295476570600993,10.393664600998596
2026-08-01 02:00:00,26.5,87.0,0.0,12.3,187.0,1.4989929238833142,12.208317665188261
2026-08-01 03:00:00,26.7,85.0,0.0,12.2,180.0,7.470345474798854e-16,12.2
2026-08-01 04:00:00,26.8,84.0,0.0,8.1,184.0,0.5650274373274143,8.080268807104575
2026-08-01 05:00:00,26.4,86.0,0.0,6.8,180.0,4.1637991171010006e-16,6.8
2026-08-01 06:00:00,26.5,85.0,0.0,8.2,166.0,-1.9837595439172757,7.95642495546317
2026-08-01 07:00:00,28.3,80.0,0.0,5.0,206.0,2.1918557339453875,4.493970231495835
2026-08-01 08:00:00,29.7,74.0,0.0,5.5,218.0,3.3861381142911204,4.334059144836971
2026-08-01 09:00:00,30.0,73.0,0.0,4.9,274.0,4.8880638462731385,-0.341806721346214
2026-08-01 10:00:00,30.7,69.0,0.0,6.7,290.0,6.295940559265587,-2.2915349602819806
2026-08-01 11:00:00,30.7,70.0,0.0,9.7,301.0,8.31452281681049,-4.995869326627525
2026-08-01 12:00:00,30.3,68.0,0.0,9.9,305.0,8.109605238461018,-5.6784067198753565
2026-08-01 13:00:00,29.9,71.0,0.3,5.2,304.0,4.310995377286217,-2.907803098047884
2026-08-01 14:00:00,30.8,68.0,0.0,6.7,290.0,6.295940559265587,-2.2915349602819806
2026-08-01 15:00:00,31.6,64.0,0.1,4.1,257.0,3.9949172656194643,0.9222993228098464
2026-08-01 16:00:00,31.2,66.0,0.0,5.8,272.0,5.796466796710755,-0.2024170808745056
2026-08-01 17:00:00,30.2,71.0,0.0,6.6,303.0,5.535225748439799,-3.5946176310991786
2026-08-01 18:00:00,29.0,78.0,0.0,6.7,316.0,4.654211082075282,-4.819576662268962
2026-08-01 19:00:00,28.0,85.0,0.0,1.3,352.0,0.18092503124808512,-1.2873484893640414
2026-08-01 20:00:00,28.1,85.0,0.0,1.3,344.0,0.35832856256209894,-1.2496402047198145
2026-08-01 21:00:00,27.5,87.0,0.0,0.0,270.0,0.0,0.0
2026-08-01 22:00:00,26.9,89.0,0.0,2.1,128.0,-1.654822582574116,1.2928890981838828
2026-08-01 23:00:00,26.5,91.0,0.0,2.5,120.0,-2.165063509461097,1.2499999999999998
2026-08-02 00:00:00,26.2,90.0,0.0,3.5,159.0,-1.2542878234085508,3.267531492740206
2026-08-02 01:00:00,26.2,89.0,0.0,5.2,180.0,3.1840816777831187e-16,5.2
2026-08-02 02:00:00,26.7,88.0,0.0,5.1,176.0,-0.35575801609503915,5.087576656325103
2026-08-02 03:00:00,26.6,89.0,0.1,3.5,165.0,-0.905866657858823,3.380740392011739
2026-08-02 04:00:00,26.3,90.0,0.0,2.7,143.0,-1.6249005625105308,2.1563158771276907
2026-08-02 05:00:00,26.2,89.0,0.0,0.2,90.0,-0.2,2.4492935982947065e-17
2026-08-02 06:00:00,26.3,90.0,0.0,1.8,37.0,-1.083267041673687,-1.437543918085127
2026-08-02 07:00:00,27.4,86.0,0.0,3.2,360.0,1.9594348786357652e-16,-3.2
2026-08-02 08:00:00,29.6,72.0,0.0,6.3,18.0,-1.9468070645621696,-5.991656052659467
2026-08-02 09:00:00,30.5,65.0,0.0,9.0,350.0,1.5628335990023738,-8.863269777109872
2026-08-02 10:00:00,31.2,63.0,0.0,11.8,337.0,4.61062731617343,-10.861957270738797
2026-08-02 11:00:00,31.6,63.0,0.0,13.9,333.0,6.310467946379701,-12.384990686218313
2026-08-02 12:00:00,31.3,62.0,0.0,15.3,326.0,8.555651423102427,-12.68427486009214
2026-08-02 13:00:00,30.8,65.0,0.0,13.1,322.0,8.065165326766124,-10.322940872248058
2026-08-02 14:00:00,31.3,64.0,0.0,13.8,319.0,9.053614600069,-10.414992207074254
2026-08-02 15:00:00,30.6,68.0,0.0,12.6,312.0,9.363624801015167,-8.431045640121614
2026-08-02 16:00:00,29.8,71.0,0.0,9.0,308.0,7.092096782460497,-5.5409532779309245
2026-08-02 17:00:00,29.3,74.0,0.0,7.9,317.0,5.387787044493738,-5.777694242791447
2026-08-02 18:00:00,28.5,79.0,0.0,5.1,324.0,2.997704786691613,-4.125986671312232
2026-08-02 19:00:00,27.7,87.0,0.0,1.1,342.0,0.3399186938124422,-1.0461621679246689
2026-08-02 20:00:00,27.5,90.0,0.0,0.8,297.0,0.7128052193506944,-0.3631923997916374
2026-08-02 21:00:00,27.1,90.0,0.0,1.0,301.0,0.8571673007021123,-0.5150380749100542
2026-08-02 22:00:00,26.8,91.0,0.0,1.0,158.0,-0.37460659341591207,0.9271838545667874
2026-08-02 23:00:00,26.6,91.0,0.0,2.7,160.0,-0.9234543869793056,2.537170076121953
2026-08-03 00:00:00,26.5,90.0,0.0,4.7,180.0,2.8779199779962803e-16,4.7
2026-08-03 01:00:00,26.1,90.0,0.0,3.5,168.0,-0.7276909178621577,3.42351660256832
2026-08-03 02:00:00,26.6,88.0,0.0,1.9,151.0,-0.9211382784680403,1.661777443564852
2026-08-03 03:00:00,26.3,89.0,0.0,0.30000000000000004,135.0,-0.21213203435596428,0.2121320343559643
2026-08-03 04:00:00,26.4,88.0,0.0,0.7000000000000001,90.0,-0.7000000000000001,8.572527594031473e-17
2026-08-03 05:00:00,26.4,87.0,0.0,2.2,66.0,-2.0098000068137223,-0.8948206147667606
2026-08-03 06:00:00,26.5,87.0,0.0,2.7,48.0,-2.0064910287889646,-1.8066526371689173
2026-08-03 07:00:00,27.9,81.0,0.0,4.0,357.0,0.20934382497177587,-3.9945181390182953
2026-08-03 08:00:00,29.4,73.0,0.0,7.1,30.0,-3.550000000000003,-6.148780366869512
2026-08-03 09:00:00,30.3,69.0,0.0,9.9,5.0,-0.8628418532018167,-9.862327511108282
2026-08-03 10:00:00,31.1,66.0,0.0,12.5,4.0,-0.8719559218015698,-12.469550628247802
2026-08-03 11:00:00,31.8,63.0,0.0,12.7,353.0,1.547740661245373,-12.605336125844788
2026-08-03 12:00:00,31.5,67.0,0.0,16.8,330.0,8.400000000000002,-14.549226783578568
2026-08-03 13:00:00,30.7,71.0,0.0,16.9,333.0,7.67243944559834,-15.058010258783414
2026-08-03 14:00:00,30.1,71.0,0.0,15.5,335.0,6.550583056980841,-14.047770699068074
2026-08-03 15:00:00,29.9,74.0,0.0,14.3,342.0,4.418943019561749,-13.600108183020696
2026-08-03 16:00:00,29.7,75.0,0.0,11.5,346.0,2.782101799396178,-11.15840085217396
2026-08-03 17:00:00,29.3,75.0,0.0,8.8,341.0,2.8649997592229797,-8.320563465273988
2026-08-03 18:00:00,28.7,79.0,0.0,3.6,303.0,3.0192140446035265,-1.9607005260540975
2026-08-03 19:00:00,27.9,83.0,0.0,5.4,220.0,3.471053092307313,4.136639992842482
2026-08-03 20:00:00,28.3,84.0,0.0,9.1,187.0,1.1090110249868421,9.032169979936029
2026-08-03 21:00:00,27.6,86.0,0.0,9.2,184.0,0.6417595584459521,9.177589262390383
2026-08-03 22:00:00,27.3,86.0,0.0,7.9,184.0,0.5510761425785894,7.880755997052612
2026-08-03 23:00:00,27.0,87.0,0.0,7.0,177.0,-0.3663516937006069,6.9904067432820165
2026-08-04 00:00:00,26.7,89.0,0.0,6.7,178.0,-0.2338266279067564,6.695918541027941
2026-08-04 01:00:00,26.2,90.0,0.0,5.7,167.0,-1.2822210097600306,5.553909369275841
2026-08-04 02:00:00,26.9,87.0,0.0,9.2,178.0,-0.32107536966300876,9.19439560857568
2026-08-04 03:00:00,26.9,86.0,0.0,9.5,170.0,-1.649657687835838,9.355673653615977
2026-08-04 04:00:00,27.0,86.0,0.0,11.1,173.0,-1.3527497117971357,11.017262283218676
2026-08-04 05:00:00,26.7,86.0,0.0,10.9,171.0,-1.705135668938516,10.765802912487002
2026-08-04 06:00:00,26.7,85.0,0.0,8.7,148.0,-4.610297598828882,7.3780184365609065
2026-08-04 07:00:00,28.2,81.0,0.0,4.8,124.0,-3.9793803482641996,2.684125936659585
2026-08-04 08:00:00,29.8,74.0,0.0,4.6,108.0,-4.3748599749577055,1.4214781741247584
2026-08-04 09:00:00,30.7,70.0,0.2,7.8,15.0,-2.018788551799661,-7.534221445054732
2026-08-04 10:00:00,31.4,68.0,0.2,12.6,357.0,0.659433048661094,-12.58273213790763
2026-08-04 11:00:00,31.8,66.0,0.1,15.6,346.0,3.7739815713548155,-15.136613329905545
2026-08-04 12:00:00,31.7,68.0,0.0,16.5,328.0,8.74366785984788,-13.992793586581028
2026-08-04 13:00:00,31.4,71.0,0.1,15.6,327.0,8.496368946234423,-13.083260859948615
2026-08-04 14:00:00,30.9,73.0,0.3,13.9,339.0,4.981314498679676,-12.976767928311105
2026-08-04 15:00:00,30.2,76.0,0.5,10.3,345.0,2.6658361645559636,-9.949036010777405
2026-08-04 16:00:00,29.7,79.0,0.2,9.7,326.0,5.4241711636662435,-8.041664453783904
2026-08-04 17:00:00,29.4,82.0,0.0,5.9,293.0,5.4309786353693985,-2.3053136580867153
2026-08-04 18:00:00,28.7,84.0,0.0,3.6,264.0,3.580278823325784,0.37630246776355253
2026-08-04 19:00:00,27.7,91.0,0.0,3.0,205.0,1.2678547852220983,2.7189233611099497
2026-08-04 20:00:00,28.3,88.0,0.0,3.5,215.0,2.0075175272286616,2.8670321550114712
2026-08-04 21:00:00,27.3,92.0,0.0,2.5,188.0,0.34793275240016364,2.475670171853926
2026-08-04 22:00:00,26.9,91.0,0.0,5.9,192.0,1.226678975824781,5.771070844329453
2026-08-04 23:00:00,26.6,91.0,0.0,3.8,191.0,0.7250741824308706,3.730183297101123
2026-08-05 00:00:00,26.5,90.0,0.0,3.5,208.0,1.643150469750618,3.090316575006244
2026-08-05 01:00:00,26.9,87.0,0.0,1.1,180.0,6.735557395310444e-17,1.1
2026-08-05 02:00:00,27.0,85.0,0.0,4.6,225.0,3.2526911934581184,3.252691193458118
2026-08-05 03:00:00,26.3,91.0,0.0,2.7,270.0,2.7,0.0
2026-08-05 04:00:00,26.1,93.0,0.0,2.2,5.0,-0.19174263404484818,-2.1916283358018402
2026-08-05 05:00:00,25.8,94.0,0.0,2.0,27.0,-0.9079809994790938,-1.7820130483767356
2026-08-05 06:00:00,26.3,92.0,0.0,2.3,45.0,-1.6263455967290597,-1.626345596729059
2026-08-05 07:00:00,27.7,85.0,0.0,2.2,42.0,-1.472087333989488,-1.6349186160502678
2026-08-05 08:00:00,29.7,70.0,0.0,3.1,257.0,3.0205472008342293,0.6973482684659815
2026-08-05 09:00:00,30.4,68.0,0.0,5.4,291.0,5.04133430308489,-1.9351869275446216
2026-08-05 10:00:00,31.0,66.0,0.0,8.6,303.0,7.212566884330647,-4.683895701129233
2026-08-05 11:00:00,30.3,73.0,0.4,11.5,305.0,9.420248509323406,-6.596129018037029
2026-08-05 12:00:00,30.0,73.0,0.6,10.5,307.0,8.385672855496574,-6.319057743096507
2026-08-05 13:00:00,30.9,69.0,0.5,8.4,318.0,5.620697093414409,-6.242416534010112
2026-08-05 14:00:00,31.5,65.0,0.5,10.2,346.0,2.46760333511661,-9.897016408015164
2026-08-05 15:00:00,30.8,69.0,0.0,13.2,340.0,4.5146658918988285,-12.403942594373989
2026-08-05 16:00:00,30.0,73.0,0.0,13.1,348.0,2.723643149712649,-12.813733569612852
2026-08-05 17:00:00,29.6,74.0,0.0,12.3,357.0,0.6437322617882109,-12.283143277481258
2026-08-05 18:00:00,28.9,76.0,0.0,9.4,5.0,-0.8192639818279875,-9.364230162062409
2026-08-05 19:00:00,28.4,79.0,0.1,7.6,18.0,-2.3485291572496014,-7.228029523843166
2026-08-05 20:00:00,27.6,91.0,0.0,3.7,61.0,-3.236092916415765,-1.7937955949114468
2026-08-05 21:00:00,26.8,94.0,0.2,0.6000000000000001,198.0,0.1854101966249685,0.5706339097770922
2026-08-05 22:00:00,26.1,98.0,0.6,4.5,185.0,0.3922008423644616,4.482876141412855
2026-08-05 23:00:00,25.9,97.0,1.1,6.8,182.0,0.23731657757700733,6.795857623729851
2026-08-06 00:00:00,25.9,96.0,0.1,8.6,165.0,-2.2258437878816792,8.306962106085987
2026-08-06 01:00:00,25.8,95.0,0.0,6.5,185.0,0.5665123278597779,6.475265537596346
2026-08-06 02:00:00,25.9,94.0,0.0,6.0,177.0,-0.31401573745766304,5.991777208527443
2026-08-06 03:00:00,25.6,93.0,0.0,4.3,135.0,-3.040559159102154,3.0405591591021546
2026-08-06 04:00:00,25.4,93.0,0.0,5.1,126.0,-4.125986671312231,2.9977047866916133
2026-08-06 05:00:00,25.6,89.0,0.0,2.2,125.0,-1.8021344974357822,1.2618681599723012
2026-08-06 06:00:00,25.8,90.0,0.0,2.8,55.0,-2.293625724009177,-1.606014021782929
2026-08-06 07:00:00,27.0,89.0,0.0,3.8,41.0,-2.4930243101639276,-2.8678964048465336
2026-08-06 08:00:00,29.3,74.0,0.0,5.3,18.0,-1.6377900701872221,-5.040599536364313
2026-08-06 09:00:00,30.1,71.0,0.1,7.4,338.0,2.7720887912777488,-6.8611605237942275
2026-08-06 10:00:00,31.1,66.0,0.1,11.2,345.0,2.8987733051482323,-10.818369254437565
2026-08-06 11:00:00,31.0,68.0,0.1,13.7,339.0,4.909640908770615,-12.790051843011664
2026-08-06 12:00:00,30.4,72.0,0.6,17.0,345.0,4.399923766742853,-16.42073904691416
2026-08-06 13:00:00,29.8,76.0,1.0,19.7,355.0,1.7169681321288652,-19.625035552407386
2026-08-06 14:00:00,28.8,84.0,0.8,19.7,5.0,-1.7169681321288675,-19.625035552407386
2026-08-06 15:00:00,29.0,83.0,0.5,19.5,9.0,-3.0504720682845052,-19.259922641605183
2026-08-06 16:00:00,28.9,82.0,0.7000000000000001,17.0,13.0,-3.8241679238457094,-16.564291101348996
2026-08-06 17:00:00,29.2,79.0,0.1,16.0,14.0,-3.8707503295946846,-15.524731620415944
2026-08-06 18:00:00,28.6,81.0,0.1,15.4,14.0,-3.725597192234884,-14.942554184650346
2026-08-06 19:00:00,27.8,83.0,0.0,13.6,15.0,-3.5199390133942803,-13.136591237531329
2026-08-06 20:00:00,28.2,82.0,0.0,15.5,18.0,-4.789763412811687,-14.74137600257488
2026-08-06 21:00:00,27.7,84.0,0.0,11.5,20.0,-3.9332316482451883,-10.806465139037947
2026-08-06 22:00:00,26.7,88.0,0.0,3.5,69.0,-3.267531492740206,-1.2542878234085515
2026-08-06 23:00:00,26.1,89.0,0.0,3.0,142.0,-1.846984425976975,2.3640322608201663
2026-08-07 00:00:00,25.7,90.0,0.0,3.7,141.0,-2.328485446884398,2.875440057390793
2026-08-07 01:00:00,25.3,92.0,0.0,2.7,122.0,-2.28972985962235,1.4307820134296534
2026-08-07 02:00:00,25.6,93.0,0.0,2.3,148.0,-1.218814307736371,1.9505106211597798
2026-08-07 03:00:00,25.3,91.0,0.0,2.4,107.0,-2.2951314143112853,0.7016920913345678
2026-08-07 04:00:00,24.7,90.0,0.0,3.6,93.0,-3.595066325116466,0.1884094424745977
2026-08-07 05:00:00,24.3,89.0,0.0,2.3,119.0,-2.01162532642061,1.1150621265665754
2026-08-07 06:00:00,24.8,84.0,0.0,3.5,99.0,-3.456909192082982,0.5475206276408084
2026-08-07 07:00:00,26.8,84.0,0.0,6.1,24.0,-2.4810935227623805,-5.572627291619866
2026-08-07 08:00:00,29.5,73.0,0.0,10.3,13.0,-2.3169958597418123,-10.036011667287923
2026-08-07 09:00:00,29.8,72.0,0.6,13.3,352.0,1.8510022427688708,-13.170565314262886
2026-08-07 10:00:00,29.8,73.0,0.4,14.3,5.0,-1.246327121291513,-14.245584182711962
2026-08-07 11:00:00,31.1,68.0,0.1,13.8,353.0,1.6817969389910354,-13.697136892650244
2026-08-07 12:00:00,31.6,65.0,0.0,16.0,349.0,3.0529439260247186,-15.706034935162624
2026-08-07 13:00:00,31.7,63.0,0.0,16.9,348.0,3.5137075748201343,-16.530694452401313
2026-08-07 14:00:00,31.6,62.0,0.0,18.8,355.0,1.638527963655973,-18.728460324124818
2026-08-07 15:00:00,30.9,64.0,0.0,17.5,356.0,1.2207382905221915,-17.457370879546925
2026-08-07 16:00:00,30.5,63.0,0.0,17.1,360.0,1.047073013270987e-15,-17.1
2026-08-07 17:00:00,29.9,65.0,0.0,14.9,360.0,9.123618653647781e-16,-14.9
2026-08-07 18:00:00,28.7,72.0,0.0,11.2,350.0,1.9448595898696206,-11.029846833736729
2026-08-07 19:00:00,27.5,77.0,0.0,8.6,350.0,1.4933743279356015,-8.469346675904989
2026-08-07 20:00:00,28.4,63.0,0.0,7.4,56.0,-6.13487803690731,-4.1380274856835255
2026-08-07 21:00:00,28.6,51.0,0.0,9.3,80.0,-9.158712103013535,-1.6149280523024534
2026-08-07 22:00:00,28.1,59.0,0.0,5.6,86.0,-5.586358681455015,-0.3906362529671015
2026-08-07 23:00:00,28.1,61.0,0.0,1.2,231.0,0.9325751537483651,0.7551844692598049
2026-08-08 00:00:00,26.6,65.0,0.0,3.9,164.0,-1.0749856876862962,3.7489206141594438
2026-08-08 01:00:00,23.8,91.0,1.7000000000000002,9.6,94.0,-9.576614882494312,0.669662147943605
2026-08-08 02:00:00,23.9,96.0,4.5,7.0,130.0,-5.362311101832845,4.499513267805776
2026-08-08 03:00:00,24.8,94.0,1.5,4.7,162.0,-1.4523798735622526,4.469965626587222
2026-08-08 04:00:00,24.5,96.0,0.6,7.3,189.0,1.1419715947936857,7.210124886344506
2026-08-08 05:00:00,23.9,96.0,0.2,12.5,162.0,-3.862712429686842,11.88820645368942
2026-08-08 06:00:00,23.3,96.0,0.5,13.7,118.0,-12.0963820221673,6.431760410166702
2026-08-08 07:00:00,24.2,92.0,0.2,14.9,134.0,-10.718163025045904,10.350409719839059
2026-08-08 08:00:00,26.3,88.0,0.0,13.3,132.0,-9.883826178849342,8.899437064572817
2026-08-08 09:00:00,29.3,75.0,0.0,10.6,152.0,-4.9763985655304435,9.359244484304625
2026-08-08 10:00:00,30.5,69.0,0.0,3.8,149.0,-1.9571446846582061,3.2572357426680267
2026-08-08 11:00:00,31.0,67.0,0.0,3.0,343.0,0.8771151141682103,-2.868914267889106
2026-08-08 12:00:00,32.1,59.0,0.1,9.9,344.0,2.7288098225882917,-9.516490789789357
2026-08-08 13:00:00,31.9,56.0,0.4,13.5,344.0,3.7211043035294886,-12.977032895167305
2026-08-08 14:00:00,32.2,63.0,0.2,11.7,326.0,6.542556970607737,-9.699739598893988
2026-08-08 15:00:00,31.9,61.0,0.1,10.7,323.0,6.439420747726917,-8.545399957506033
2026-08-08 16:00:00,28.0,78.0,0.7000000000000001,15.7,22.0,-5.881323516629823,-14.55678651669856
2026-08-08 17:00:00,27.1,80.0,0.1,16.2,73.0,-15.492137046601174,-4.736421616508335
2026-08-08 18:00:00,27.4,64.0,0.0,21.2,74.0,-20.37874795389236,-5.843511943320379
2026-08-08 19:00:00,27.6,59.0,0.0,18.1,85.0,-18.031124035460596,-1.577518943732609
2026-08-08 20:00:00,28.2,58.0,0.0,6.6,103.0,-6.430842427582552,1.4846769586695103
2026-08-08 21:00:00,27.3,65.0,0.0,4.7,189.0,0.7352419856890854,4.6421352007971475
2026-08-08 22:00:00,25.8,70.0,0.1,14.6,178.0,-0.509532651856514,14.591106074478798
2026-08-08 23:00:00,24.0,86.0,0.8,16.7,135.0,-11.808683245815342,11.808683245815343
2026-08-09 00:00:00,24.0,94.0,2.2,10.8,127.0,-8.625263508510765,6.499602250042121
2026-08-09 01:00:00,24.0,94.0,4.1,15.5,148.0,-8.213748595614675,13.144745490424604
2026-08-09 02:00:00,23.8,95.0,0.2,21.9,163.0,-6.4029403334279325,20.943074155590477
2026-08-09 03:00:00,23.3,95.0,0.4,25.8,168.0,-5.364121623098192,25.236208098932188
2026-08-09 04:00:00,23.8,94.0,0.4,24.9,170.0,-4.323839623906564,24.521713050003978
2026-08-09 05:00:00,23.5,94.0,0.4,24.8,163.0,-7.250818277123869,23.71635794788328
2026-08-09 06:00:00,23.7,95.0,1.7000000000000002,25.5,169.0,-4.8656293821018926,25.031493177915433
2026-08-09 07:00:00,23.4,94.0,3.8,26.9,168.0,-5.592824482997726,26.31217045973937
2026-08-09 08:00:00,24.5,92.0,6.7,26.7,168.0,-5.551242144834174,26.11654093959261
2026-08-09 09:00:00,23.8,94.0,4.1,20.9,180.0,1.279755905108984e-15,20.9
2026-08-09 10:00:00,24.1,93.0,5.5,22.3,173.0,-2.7176863579347863,22.133779181601483
2026-08-09 11:00:00,24.3,94.0,3.6,21.6,191.0,4.121474300133371,21.203147162469545
2026-08-09 12:00:00,24.6,95.0,5.5,20.8,190.0,3.611882095472153,20.484001262653926
2026-08-09 13:00:00,24.2,95.0,5.5,21.3,192.0,4.428519014418277,20.83454389563006
2026-08-09 14:00:00,24.1,93.0,2.5,24.8,161.0,-8.074090230537484,23.44886067486306
2026-08-09 15:00:00,24.8,91.0,0.7000000000000001,25.7,172.0,-3.5767486946736797,25.449889366658358
2026-08-09 16:00:00,25.9,86.0,0.1,24.5,192.0,5.093836425035106,23.964616217978236
2026-08-09 17:00:00,25.0,95.0,2.5,25.5,204.0,10.371784398432906,23.295409169886323
2026-08-09 18:00:00,25.0,97.0,1.9,22.3,186.0,2.330984730868672,22.177838266712495
2026-08-09 19:00:00,25.0,96.0,0.5,25.7,175.0,-2.2399025886148167,25.60220374095786
2026-08-09 20:00:00,25.4,86.0,0.1,26.5,177.0,-1.3869028404380117,26.463682670996207
2026-08-09 21:00:00,26.5,80.0,0.0,24.9,175.0,-2.17017799441669,24.805247982484463
2026-08-09 22:00:00,27.4,73.0,0.0,25.8,184.0,1.7997170225984311,25.737152496703466
2026-08-09 23:00:00,27.4,72.0,0.0,25.5,184.0,1.7787900804751935,25.437883281625517
2026-08-10 00:00:00,26.9,73.0,0.0,27.2,187.0,3.314846140620012,26.99725532464396
2026-08-10 01:00:00,26.9,72.0,0.1,24.5,182.0,0.8550376692112764,24.485075261967847
2026-08-10 02:00:00,27.9,68.0,0.2,25.9,173.0,-3.1564159941933165,25.70694532751024
2026-08-10 03:00:00,29.0,61.0,0.0,24.0,185.0,2.0917378259437953,23.908672754201895
2026-08-10 04:00:00,28.5,65.0,0.0,23.7,194.0,5.733548925712124,22.996008712741116
2026-08-10 05:00:00,27.5,72.0,0.1,23.9,189.0,3.738783714461519,23.60575134022379
2026-08-10 06:00:00,26.4,74.0,0.2,22.1,180.0,1.3532347130578255e-15,22.1
2026-08-10 07:00:00,27.5,77.0,0.1,22.9,178.0,-0.7991984744872719,22.88604993873729
2026-08-10 08:00:00,28.8,75.0,0.0,20.1,186.0,2.1010221116798347,19.989890096902293
2026-08-10 09:00:00,29.5,75.0,0.0,15.9,190.0,2.7610060249041934,15.658443272894107
2026-08-10 10:00:00,30.8,68.0,0.2,21.9,194.0,5.298089513632721,21.249476405444323
2026-08-10 11:00:00,32.1,61.0,0.0,25.0,199.0,8.13920386142892,23.63796438998292
2026-08-10 12:00:00,32.2,62.0,0.1,23.0,202.0,8.615951648565975,21.32522865503611
2026-08-10 13:00:00,32.5,62.0,0.1,22.1,213.0,12.0365226738321,18.534619551593874
2026-08-10 14:00:00,31.5,60.0,0.4,25.6,201.0,9.17421950835969,23.899658918328367
2026-08-10 15:00:00,30.6,68.0,0.0,23.0,204.0,9.354942790743404,21.01154552577982
2026-08-10 16:00:00,29.6,74.0,0.5,22.8,202.0,8.541030329882792,21.139791884122754
2026-08-10 17:00:00,28.9,78.0,0.2,20.0,204.0,8.134732861516005,18.270909152852017
2026-08-10 18:00:00,28.1,78.0,0.1,20.8,200.0,7.114018981173912,19.545606512346893
2026-08-10 19:00:00,27.6,79.0,0.0,20.5,197.0,5.9936199468161035,19.604247497242227
2026-08-10 20:00:00,28.1,75.0,0.0,18.4,189.0,2.878394156740249,18.173465466950535
2026-08-10 21:00:00,28.2,72.0,0.0,16.1,190.0,2.79573566043758,15.855404823496551
2026-08-10 22:00:00,28.6,69.0,0.0,16.4,192.0,3.409751729411255,16.04162065203441
2026-08-10 23:00:00,28.7,67.0,0.0,17.6,194.0,4.257825362554152,17.07720478245754
2026-08-11 00:00:00,28.8,67.0,0.0,18.1,195.0,4.684624716355626,17.48325745583214
2026-08-11 01:00:00,28.8,66.0,0.0,19.9,200.0,6.806200852180809,18.699883153639576
2026-08-11 02:00:00,28.4,69.0,0.0,17.4,191.0,3.3200765195518813,17.080312991989352
2026-08-11 03:00:00,28.3,70.0,0.0,19.5,197.0,5.701248242093367,18.64794274127919
2026-08-11 04:00:00,27.7,73.0,0.0,20.1,189.0,3.144332747308642,19.85253564596227
2026-08-11 05:00:00,27.6,72.0,0.0,19.6,188.0,2.727792778817283,19.40925414733478
2026-08-11 06:00:00,27.9,71.0,0.0,17.1,188.0,2.3798600264171195,16.933583975480854
2026-08-11 07:00:00,28.9,70.0,0.0,16.6,195.0,4.296396148701844,16.034368716398536
2026-08-11 08:00:00,30.3,68.0,0.0,17.1,195.0,4.425805671253105,16.51733162954307
2026-08-11 09:00:00,31.3,64.0,0.0,19.0,213.0,10.348141665285514,15.934740790963057
2026-08-11 10:00:00,32.1,64.0,0.0,19.7,216.0,11.579369470161721,15.937634789186465
2026-08-11 11:00:00,32.5,64.0,0.1,19.2,219.0,12.08295150815688,14.921202459973841
2026-08-11 12:00:00,32.8,63.0,0.0,18.5,226.0,13.307786306265047,12.851179853491448
2026-08-11 13:00:00,32.2,67.0,0.2,20.2,226.0,14.530663966840754,14.032099083271744
2026-08-11 14:00:00,32.2,65.0,0.2,21.5,223.0,14.662964741343718,15.724104584812165
2026-08-11 15:00:00,31.6,70.0,0.1,18.6,230.0,14.248426642012992,11.95584954016963
2026-08-11 16:00:00,30.8,72.0,0.2,18.7,218.0,11.51286958858981,14.735801092445701
2026-08-11 17:00:00,30.5,73.0,0.1,15.2,204.0,6.182396974752163,13.885890956167533
2026-08-11 18:00:00,29.3,76.0,0.1,12.2,200.0,4.172645748573159,11.46424997358808
2026-08-11 19:00:00,28.9,76.0,0.0,11.9,205.0,5.029157314714324,10.785062665736135
2026-08-11 20:00:00,28.4,79.0,0.0,9.3,170.0,-1.6149280523024518,9.158712103013535
2026-08-11 21:00:00,28.2,80.0,0.0,10.3,186.0,1.0766431716568308,10.243575522293215
2026-08-11 22:00:00,27.9,82.0,0.0,11.4,196.0,3.1422658563137906,10.958383333696835
2026-08-11 23:00:00,27.4,85.0,0.0,11.1,187.0,1.352749711797137,11.017262283218674
2026-08-12 00:00:00,27.3,86.0,0.0,12.7,186.0,1.3275114834991988,12.63042807117707
2026-08-12 01:00:00,27.4,84.0,0.0,13.5,194.0,3.2659455905955137,13.098992304725952
2026-08-12 02:00:00,27.0,84.0,0.0,9.9,183.0,0.5181259668051453,9.886432394070281
2026-08-12 03:00:00,26.8,85.0,0.0,9.4,198.0,2.904759747124506,8.939931253174443
2026-08-12 04:00:00,26.8,83.0,0.0,10.4,195.0,2.6917180690662157,10.045628593406311
2026-08-12 05:00:00,27.1,78.0,0.0,13.5,196.0,3.7211043035294886,12.977032895167305
2026-08-12 06:00:00,27.3,78.0,0.0,14.4,203.0,5.626528250245542,13.25526988971514
2026-08-12 07:00:00,28.0,77.0,0.0,15.2,201.0,5.4471928330885655,14.190422482757466
2026-08-12 08:00:00,29.9,72.0,0.0,18.1,202.0,6.780379340828007,16.782027767658853
2026-08-12 09:00:00,30.4,69.0,0.0,19.6,214.0,10.960180908026638,16.24913642207882
2026-08-12 10:00:00,31.2,67.0,0.0,20.1,217.0,12.096481965356173,16.052573751950586
2026-08-12 11:00:00,31.1,65.0,0.5,22.4,228.0,16.64644409069363,14.988525582438424
2026-08-12 12:00:00,30.6,73.0,0.7000000000000001,19.5,231.0,15.154346248410933,12.271747625471829
2026-08-12 13:00:00,31.0,70.0,0.5,21.7,216.0,12.754939974746666,17.555668777936358
2026-08-12 14:00:00,30.6,68.0,0.2,22.8,209.0,11.053659341616486,19.941329322778223
2026-08-12 15:00:00,30.6,70.0,0.0,18.9,220.0,12.148685823075594,14.478239974948684
2026-08-12 16:00:00,30.4,71.0,0.1,17.6,209.0,8.532649316335533,15.393306845653367
2026-08-12 17:00:00,30.5,71.0,0.0,14.6,202.0,5.469256263872315,13.536884276675096
2026-08-12 18:00:00,29.8,72.0,0.0,13.5,196.0,3.7211043035294886,12.977032895167305
2026-08-12 19:00:00,29.3,71.0,0.0,12.5,201.0,4.479599369316254,11.669755331215022
2026-08-12 20:00:00,29.3,69.0,0.0,13.7,184.0,0.9556636902945156,13.666627488559591
2026-08-12 21:00:00,29.0,69.0,0.0,13.5,203.0,5.274870234605195,12.426815521607946
2026-08-12 22:00:00,28.9,70.0,0.0,14.5,199.0,4.720738239628773,13.710019346190093
2026-08-12 23:00:00,28.5,75.0,0.0,13.7,203.0,5.353016460303049,12.610916492298433
2026-08-13 00:00:00,28.2,78.0,0.0,14.1,199.0,4.59051097784591,13.331811915950366
2026-08-13 01:00:00,27.9,80.0,0.0,14.2,193.0,3.1943049716828815,13.83605491995034
2026-08-13 02:00:00,27.8,79.0,0.0,13.9,190.0,2.413709669570333,13.688827766869691
2026-08-13 03:00:00,27.7,80.0,0.0,14.6,202.0,5.469256263872315,13.536884276675096
2026-08-13 04:00:00,27.6,79.0,0.0,14.7,199.0,4.785851870520204,13.899123061309956
2026-08-13 05:00:00,27.3,78.0,0.0,15.0,194.0,3.628828433995015,14.554435894139948
2026-08-13 06:00:00,27.3,76.0,0.0,15.5,200.0,5.3013122215478665,14.565235622181579
2026-08-13 07:00:00,27.9,75.0,0.0,14.7,198.0,4.542549817311727,13.980530789538756
2026-08-13 08:00:00,29.3,74.0,0.0,17.7,201.0,6.343112706951817,16.52437354900047
2026-08-13 09:00:00,30.7,66.0,0.0,19.0,207.0,8.62581949505139,16.929123959578988
2026-08-13 10:00:00,31.6,60.0,0.0,19.6,218.0,12.066964916382904,15.445010770691752
2026-08-13 11:00:00,31.9,61.0,0.2,19.1,227.0,13.968855700926158,13.026168677193722
2026-08-13 12:00:00,32.4,61.0,0.1,17.9,236.0,14.839772548735244,10.009552972126368
2026-08-13 13:00:00,32.1,64.0,0.1,17.6,245.0,15.95101705184504,7.438081406636311
2026-08-13 14:00:00,31.7,66.0,0.4,17.6,243.0,15.681714825715277,7.9902327954160235
2026-08-13 15:00:00,31.0,70.0,0.2,16.7,242.0,14.74522480074408,7.8401750985243766
2026-08-13 16:00:00,30.8,70.0,0.0,13.9,237.0,11.657520894441394,7.570482586708876
2026-08-13 17:00:00,30.3,73.0,0.0,11.8,232.0,9.29852689255932,7.2648054088427685
2026-08-13 18:00:00,29.3,79.0,0.0,10.9,236.0,9.036509540849954,6.095202647831141
2026-08-13 19:00:00,28.3,83.0,0.0,9.7,225.0,6.858935777509511,6.85893577750951
2026-08-13 20:00:00,28.1,80.0,0.0,6.6,189.0,1.032467469265524,6.518743047927909
2026-08-13 21:00:00,27.8,79.0,0.0,8.1,204.0,3.2945668089139817,7.399718206905066
2026-08-13 22:00:00,27.5,81.0,0.0,8.3,194.0,2.007951733477242,8.053454528090771
2026-08-13 23:00:00,27.3,83.0,0.0,10.2,189.0,1.5956315434103554,10.074421074070404
2026-08-14 00:00:00,27.4,85.0,0.0,12.9,193.0,2.9018686010358574,12.569373835729534
2026-08-14 01:00:00,26.8,86.0,0.0,15.2,190.0,2.639452300537342,14.969077845785561
2026-08-14 02:00:00,26.5,89.0,0.0,12.5,187.0,1.5233667925643437,12.406826895516526
2026-08-14 03:00:00,26.4,91.0,0.0,12.6,197.0,3.683883479506483,12.049439925134246
2026-08-14 04:00:00,26.4,90.0,0.0,13.7,198.0,4.2335328229367795,13.029474273243602
2026-08-14 05:00:00,26.2,90.0,0.0,13.4,198.0,4.140827724624296,12.744157318355057
2026-08-14 06:00:00,26.2,90.0,0.0,12.1,200.0,4.138443734240592,11.37028071150949
2026-08-14 07:00:00,27.3,86.0,0.0,11.3,211.0,5.8199302464836125,9.68599049793387
2026-08-14 08:00:00,29.1,76.0,0.0,14.2,209.0,6.884296607497987,12.41959984137942
2026-08-14 09:00:00,30.4,69.0,0.0,15.5,218.0,9.542752867547703,12.21416668090419
2026-08-14 10:00:00,31.0,67.0,0.0,15.7,222.0,10.505350519834074,11.667373759995089
2026-08-14 11:00:00,31.6,66.0,0.0,14.5,222.0,9.702393792203445,10.775599969422217
2026-08-14 12:00:00,32.3,66.0,0.0,16.4,235.0,13.434093526339465,9.406653556157154
2026-08-14 13:00:00,29.8,76.0,0.7000000000000001,18.3,231.0,14.221771094662568,11.516563156212024
2026-08-14 14:00:00,32.1,66.0,0.7000000000000001,18.3,235.0,14.99048241048855,10.496448785224143
2026-08-14 15:00:00,30.8,72.0,0.3,18.4,235.0,15.072397614917447,10.553806428859247
2026-08-14 16:00:00,29.8,76.0,0.5,16.7,216.0,9.8160137132843,13.510583806061621
2026-08-14 17:00:00,29.8,75.0,0.1,18.0,219.0,11.327767038897075,13.988627306225476
2026-08-14 18:00:00,28.6,79.0,0.1,13.5,209.0,6.544929873325551,11.807366046381842
2026-08-14 19:00:00,28.1,79.0,0.0,16.2,193.0,3.6442070803706117,15.78479504952081
2026-08-14 20:00:00,28.1,83.0,0.0,13.3,178.0,-0.46416330614326273,13.291897999353974
2026-08-14 21:00:00,28.1,78.0,0.0,15.8,201.0,5.662213602815746,14.750570738655789
2026-08-14 22:00:00,27.8,74.0,0.0,14.9,201.0,5.339682448224976,13.910348354808306
2026-08-14 23:00:00,27.4,77.0,0.0,12.2,213.0,6.64459622718333,10.231780928934173
2026-08-15 00:00:00,26.8,82.0,0.0,13.7,207.0,6.219669846431791,12.206789381380638
2026-08-15 01:00:00,26.6,83.0,0.0,14.8,201.0,5.303845653270446,13.816990312158586
2026-08-15 02:00:00,26.8,81.0,0.0,16.0,192.0,3.3265870530841513,15.65036161174089
2026-08-15 03:00:00,27.4,74.0,0.0,16.7,191.0,3.1865102227883,16.393173963575986
2026-08-15 04:00:00,27.5,71.0,0.0,18.3,190.0,3.177761651304827,18.02198188012341
2026-08-15 05:00:00,27.3,71.0,0.0,16.4,199.0,5.339317733097371,15.506504639828792
2026-08-15 06:00:00,27.2,73.0,0.0,17.1,213.0,9.313327498756964,14.341266711866753
2026-08-15 07:00:00,27.6,75.0,0.0,17.8,208.0,8.356593817588857,15.7164671528889
2026-08-15 08:00:00,29.2,75.0,0.0,15.4,201.0,5.518866422997626,14.377138568056907
2026-08-15 09:00:00,30.4,68.0,0.0,19.0,211.0,9.78572342329103,16.286178713340135
2026-08-15 10:00:00,31.2,66.0,0.0,20.3,206.0,8.898934279818272,18.245519139873092
2026-08-15 11:00:00,31.4,65.0,0.2,21.7,206.0,9.512653885322981,19.503830804691923
2026-08-15 12:00:00,31.9,66.0,0.6,20.1,207.0,9.125209044764892,17.909231136186193
2026-08-15 13:00:00,32.8,61.0,0.1,18.8,221.0,12.333909745021538,14.188540108188114
2026-08-15 14:00:00,28.5,85.0,5.2,20.1,208.0,9.436378411996406,17.74724661646443
2026-08-15 15:00:00,27.8,92.0,1.4,17.7,178.0,-0.6177210916342669,17.689217638237995
2026-08-15 16:00:00,28.5,84.0,0.2,18.1,197.0,5.291927855481536,17.30911608293094
2026-08-15 17:00:00,28.6,78.0,0.0,17.3,203.0,6.759648522864436,15.924733964727219
2026-08-15 18:00:00,28.1,77.0,0.0,15.7,195.0,4.063459008109575,15.165035472738372
2026-08-15 19:00:00,27.7,74.0,0.0,14.2,196.0,3.914050452601388,13.649916082324127
2026-08-15 20:00:00,27.1,76.0,0.0,11.3,200.0,3.864827619580058,10.618526614880764
2026-08-15 21:00:00,26.8,78.0,0.0,10.7,193.0,2.4069762814793543,10.425759693202016
2026-08-15 22:00:00,26.5,81.0,0.0,12.3,183.0,0.6437322617882109,12.283143277481258
2026-08-15 23:00:00,26.5,81.0,0.0,14.6,180.0,8.939921633775679e-16,14.6
2026-08-16 00:00:00,27.0,81.0,0.0,14.8,198.0,4.5734515167492225,14.075636441168273
2026-08-16 01:00:00,26.9,82.0,0.0,15.5,205.0,6.550583056980841,14.047770699068074
2026-08-16 02:00:00,26.8,82.0,0.0,12.8,186.0,1.3379643298259642,12.729880260713898
2026-08-16 03:00:00,26.8,81.0,0.0,11.7,185.0,1.0197221901476001,11.655477967673422
2026-08-16 04:00:00,27.0,77.0,0.0,12.8,186.0,1.3379643298259642,12.729880260713898
2026-08-16 05:00:00,26.7,78.0,0.0,14.4,196.0,3.969177923764788,13.842168421511792
2026-08-16 06:00:00,26.5,79.0,0.0,13.3,193.0,2.991849022773404,12.959121861643629
2026-08-16 07:00:00,27.5,78.0,0.0,13.6,204.0,5.531618345830883,12.424218223939372
2026-08-16 08:00:00,29.2,73.0,0.0,13.7,213.0,7.461554779705871,11.48978678085231
2026-08-16 09:00:00,30.0,71.0,0.0,14.3,223.0,9.752576548893728,10.458357933154138
2026-08-16 10:00:00,31.2,67.0,0.0,14.5,221.0,9.512855920362355,10.943288913230194
2026-08-16 11:00:00,31.4,71.0,0.0,10.9,246.0,9.95764548830435,4.433429409526222
2026-08-16 12:00:00,29.4,83.0,1.7000000000000002,12.6,266.0,12.569307033273784,0.8789315691759788
2026-08-16 13:00:00,28.2,90.0,5.1,9.8,263.0,9.726952286084956,1.1943195653704453
2026-08-16 14:00:00,27.3,93.0,4.9,7.5,204.0,3.0505248230685016,6.851590932319507
2026-08-16 15:00:00,27.1,93.0,5.2,4.7,176.0,-0.3278554265973891,4.688551036221174
2026-08-16 16:00:00,26.7,96.0,3.0,2.5,266.0,2.4939101256495606,0.17439118436031326
2026-08-16 17:00:00,26.8,97.0,1.4,0.5,315.0,0.3535533905932738,-0.35355339059327373
2026-08-16 18:00:00,27.1,97.0,1.5,3.9,137.0,-2.6597936042437436,2.852279436314765
2026-08-16 19:00:00,26.9,97.0,0.2,3.2,52.0,-2.521634411541511,-1.9701167210421062
2026-08-16 20:00:00,26.9,95.0,0.0,1.4,157.0,-0.5470235798849833,1.2887067948334163
2026-08-16 21:00:00,26.9,95.0,2.0,0.6000000000000001,288.0,0.5706339097770922,-0.18541019662496847
2026-08-16 22:00:00,26.6,97.0,0.5,1.3,8.0,-0.1809250312480856,-1.2873484893640414
2026-08-16 23:00:00,26.2,99.0,0.0,1.7000000000000002,342.0,0.5253288904374107,-1.6167960777017611
2026-08-17 00:00:00,26.1,100.0,0.0,1.0,338.0,0.37460659341591196,-0.9271838545667874
2026-08-17 01:00:00,26.0,100.0,0.0,0.7000000000000001,346.0,0.1693453269197674,-0.6792070083931976
2026-08-17 02:00:00,26.3,97.0,0.0,1.1,198.0,0.3399186938124422,1.0461621679246689
2026-08-17 03:00:00,25.9,96.0,0.0,2.3,162.0,-0.7107390870623789,2.187429987478853
2026-08-17 04:00:00,25.5,96.0,0.0,3.6,225.0,2.5455844122715714,2.545584412271571
2026-08-17 05:00:00,25.7,95.0,0.0,0.6000000000000001,34.0,-0.335515742082448,-0.4974225435330252
2026-08-17 06:00:00,25.9,96.0,0.0,1.8,79.0,-1.7669289302057951,-0.3434561916777805
2026-08-17 07:00:00,26.7,95.0,0.0,2.7,62.0,-2.383958500719103,-1.2675732195219054
2026-08-17 08:00:00,28.8,83.0,0.0,1.3,56.0,-1.0777488443215544,-0.7269507745119708
2026-08-17 09:00:00,29.5,79.0,0.0,4.1,331.0,1.987719443009982,-3.585940799271522
2026-08-17 10:00:00,30.3,78.0,0.1,8.2,331.0,3.975438886019964,-7.171881598543044
2026-08-17 11:00:00,28.7,88.0,2.0,10.6,334.0,4.646734155964221,-9.52721689077117
2026-08-17 12:00:00,28.9,85.0,2.1,9.8,328.0,5.193208789485408,-8.310871342332975
2026-08-17 13:00:00,29.1,84.0,2.0,11.2,328.0,5.935095759411895,-9.498138676951971
2026-08-17 14:00:00,30.5,72.0,4.8,13.5,335.0,5.705346533499442,-12.235155124994774
2026-08-17 15:00:00,29.9,74.0,0.1,13.5,341.0,4.395170085171616,-12.764500770590775
2026-08-17 16:00:00,29.9,72.0,0.1,12.1,349.0,2.3087888440561932,-11.877688919716734
2026-08-17 17:00:00,29.5,77.0,0.0,9.6,339.0,3.4403323156348837,-8.962372094373137
2026-08-17 18:00:00,28.7,86.0,0.0,5.1,252.0,4.850388233105282,1.5759866713122317
2026-08-17 19:00:00,27.7,88.0,0.0,9.3,202.0,3.4838413187679813,8.622809847471125
2026-08-17 20:00:00,27.5,91.0,0.0,13.4,185.0,1.167886952818619,13.34900895442939
2026-08-17 21:00:00,27.2,88.0,0.0,12.3,190.0,2.135872585303244,12.113135362050159
2026-08-17 22:00:00,27.1,88.0,0.0,12.6,182.0,0.4397336584515136,12.592324420440606
2026-08-17 23:00:00,27.1,88.0,0.0,11.2,177.0,-0.586162709920971,11.184650789251226
2026-08-18 00:00:00,27.1,86.0,0.0,9.3,171.0,-1.4548405248741467,9.185501567534782
2026-08-18 01:00:00,26.8,86.0,0.0,6.4,164.0,-1.764079077228794,6.1520748540052415
2026-08-18 02:00:00,27.2,84.0,0.0,5.4,146.0,-3.0196416787420324,4.476802891797226
2026-08-18 03:00:00,26.9,86.0,0.0,2.2,66.0,-2.0098000068137223,-0.8948206147667606
2026-08-18 04:00:00,26.8,88.0,0.0,1.7000000000000002,58.0,-1.4416817634659245,-0.9008627491964483
2026-08-18 05:00:00,26.5,89.0,0.0,1.8,101.0,-1.7669289302057951,0.34345619167778096
2026-08-18 06:00:00,26.6,89.0,0.0,2.2,125.0,-1.8021344974357822,1.2618681599723012
2026-08-18 07:00:00,28.1,84.0,0.0,0.30000000000000004,225.0,0.2121320343559643,0.21213203435596428
2026-08-18 08:00:00,30.1,73.0,0.0,0.4,270.0,0.4,0.0
2026-08-18 09:00:00,30.9,71.0,0.0,5.9,320.0,3.7924468971505823,-4.51966221440197
2026-08-18 10:00:00,30.9,74.0,0.1,10.7,320.0,6.877827423645971,-8.196675541373065
2026-08-18 11:00:00,31.4,71.0,0.0,10.3,310.0,7.890257764125474,-6.620712379771355
2026-08-18 12:00:00,31.4,70.0,0.0,10.0,293.0,9.205048534524403,-3.907311284892738
2026-08-18 13:00:00,31.3,70.0,0.1,9.0,282.0,8.803328406604251,-1.8712052173598341
2026-08-18 14:00:00,30.7,70.0,0.1,10.7,283.0,10.425759693202016,-2.406976281479355
2026-08-18 15:00:00,30.3,71.0,0.0,7.0,305.0,5.7340643100229425,-4.015035054457322
2026-08-18 16:00:00,30.0,72.0,0.0,5.1,312.0,3.7900386099347103,-3.412566092430177
2026-08-18 17:00:00,29.9,72.0,0.0,2.5,300.0,2.165063509461097,-1.2499999999999998
2026-08-18 18:00:00,29.4,82.0,0.0,1.1,171.0,-0.17207791154425392,1.0864571746546516
2026-08-18 19:00:00,28.5,87.0,0.0,2.6,129.0,-2.0205794997881243,1.6362330167295773
2026-08-18 20:00:00,28.8,74.0,0.0,9.1,159.0,-3.261148340862232,8.495581881124535
2026-08-18 21:00:00,28.5,76.0,0.0,9.2,163.0,-2.689819683449177,8.798003754859927
2026-08-18 22:00:00,28.0,78.0,0.0,9.9,164.0,-2.728809822588291,9.516490789789357
2026-08-18 23:00:00,27.7,80.0,0.0,9.1,173.0,-1.109011024986841,9.03216997993603
2026-08-19 00:00:00,27.4,83.0,0.0,7.8,173.0,-0.9505808785601494,7.741859982802312
2026-08-19 01:00:00,27.3,84.0,0.0,7.0,179.0,-0.12216684506098434,6.998933866094739
2026-08-19 02:00:00,27.8,83.0,0.0,7.3,169.0,-1.392905666248777,7.165878439167947
2026-08-19 03:00:00,27.4,86.0,0.0,5.0,167.0,-1.1247552717193252,4.871850323926176
2026-08-19 04:00:00,27.4,87.0,0.0,5.0,142.0,-3.0783073766282913,3.94005376803361
2026-08-19 05:00:00,27.1,89.0,0.1,4.3,107.0,-4.112110450641053,1.2571983303077674
2026-08-19 06:00:00,27.3,88.0,0.0,4.7,74.0,-4.517929970910099,-1.2954955723398953
2026-08-19 07:00:00,28.0,87.0,0.1,1.2,333.0,0.5447885996874562,-1.0692078290260414
2026-08-19 08:00:00,28.8,83.0,0.5,4.4,282.0,4.303849443228746,-0.9148114395981412
2026-08-19 09:00:00,29.3,81.0,0.5,7.8,292.0,7.232034065620942,-2.921931428644114
2026-08-19 10:00:00,30.1,78.0,0.3,10.6,285.0,10.238813758664124,-2.74348187808672
2026-08-19 11:00:00,30.8,74.0,0.0,9.2,277.0,9.131424595100162,-1.1211979593273567
2026-08-19 12:00:00,31.8,70.0,0.1,8.6,285.0,8.306962106085987,-2.2258437878816784
2026-08-19 13:00:00,30.1,77.0,1.1,12.2,352.0,1.6979118317127986,-12.081270438647158
2026-08-19 14:00:00,29.5,83.0,0.9,11.4,5.0,-0.993575467323304,-11.3566195582459
2026-08-19 15:00:00,27.0,95.0,2.2,14.8,18.0,-4.573451516749224,-14.075636441168273
2026-08-19 16:00:00,26.5,97.0,1.0,6.4,11.0,-1.2211775704098855,-6.28241397406505
2026-08-19 17:00:00,26.9,95.0,0.7000000000000001,6.7,326.0,3.746592453254004,-5.55455173611878
2026-08-19 18:00:00,26.6,97.0,1.3,3.0,327.0,1.6339171050450814,-2.516011703836272
2026-08-19 19:00:00,26.3,99.0,0.2,4.6,169.0,-0.877721378732106,4.515485043859254
2026-08-19 20:00:00,25.9,98.0,0.0,7.8,209.0,3.7815150379214293,6.822033715687287
2026-08-19 21:00:00,25.6,98.0,0.0,8.1,201.0,2.902780391316933,7.5620014546273335
2026-08-19 22:00:00,25.5,98.0,0.0,8.0,189.0,1.2514757203218474,7.901506724761102
2026-08-19 23:00:00,25.5,96.0,0.0,9.8,163.0,-2.8652427062828196,9.371786608437748
2026-08-20 00:00:00,25.2,95.0,0.0,12.1,165.0,-3.1317104457405023,11.687702498097726
2026-08-20 01:00:00,25.1,94.0,0.0,11.5,188.0,1.6004906610407528,11.38808279052806
2026-08-20 02:00:00,25.4,94.0,0.0,7.2,183.0,0.3768188849491966,7.190132650232932
2026-08-20 03:00:00,25.3,95.0,0.0,5.6,176.0,-0.3906362529671018,5.586358681455015
2026-08-20 04:00:00,25.5,94.0,0.0,4.3,147.0,-2.3419478505646163,3.606283442165323
2026-08-20 05:00:00,25.7,92.0,0.0,0.6000000000000001,198.0,0.1854101966249685,0.5706339097770922
2026-08-20 06:00:00,25.6,94.0,0.0,2.3,157.0,-0.8986815955253296,2.1171611629406124
2026-08-20 07:00:00,26.4,89.0,0.0,5.2,158.0,-1.9479542857627428,4.821356043747294
2026-08-20 08:00:00,27.7,83.0,0.0,11.8,213.0,6.42674061317732,9.896312701756004
2026-08-20 09:00:00,28.7,77.0,0.1,15.1,221.0,9.906491337756659,11.396114661363857
2026-08-20 10:00:00,29.6,71.0,0.0,15.5,222.0,10.371524398562302,11.518744794899611
2026-08-20 11:00:00,30.4,66.0,0.0,13.6,229.0,10.2640502910297,8.922402794270898
2026-08-20 12:00:00,31.1,66.0,0.0,15.1,237.0,12.663925575975902,8.224049428726909
2026-08-20 13:00:00,28.9,76.0,0.5,15.2,243.0,13.543299167663191,6.90065559604111
2026-08-20 14:00:00,28.4,85.0,3.4,17.9,212.0,9.485554829774367,15.180060921200024
2026-08-20 15:00:00,27.5,88.0,1.3,18.1,197.0,5.291927855481536,17.30911608293094
2026-08-20 16:00:00,28.2,77.0,0.2,17.0,190.0,2.952019020337817,16.741731801207536
2026-08-20 17:00:00,28.4,75.0,0.0,12.8,202.0,4.794964395723674,11.86795333845488
2026-08-20 18:00:00,25.7,93.0,0.7000000000000001,18.3,210.0,9.150000000000002,15.848264889255226
2026-08-20 19:00:00,25.1,95.0,0.3,15.3,200.0,5.232908192882733,14.377297098024398
2026-08-20 20:00:00,25.8,91.0,0.1,13.7,189.0,2.1431521710511636,13.531330266153386
2026-08-20 21:00:00,25.4,88.0,0.0,14.5,197.0,4.239389718479683,13.866418961464014
2026-08-20 22:00:00,25.4,88.0,0.0,13.5,207.0,6.128871746483882,12.028588076542965
2026-08-20 23:00:00,25.2,90.0,0.3,13.0,197.0,3.800832161395578,12.43196182751946
2026-08-21 00:00:00,24.5,96.0,1.8,12.6,190.0,2.187967038603323,12.408577687953821
2026-08-21 01:00:00,24.4,96.0,0.9,13.5,183.0,0.7065354092797436,13.481498719186746
2026-08-21 02:00:00,25.0,95.0,0.3,7.6,168.0,-1.5801288502149708,7.4339217655769225
2026-08-21 03:00:00,25.0,91.0,0.0,2.5,159.0,-0.8959198738632507,2.3339510662430043
2026-08-21 04:00:00,25.0,91.0,0.0,3.1,201.0,1.1109406435904312,2.8940993221413254
2026-08-21 05:00:00,24.6,93.0,0.0,6.0,201.0,2.150207697271802,5.601482558983211
2026-08-21 06:00:00,24.7,92.0,0.0,8.1,198.0,2.5030376544370743,7.703557781990743
2026-08-21 07:00:00,25.7,90.0,0.0,9.8,208.0,4.600821315301731,8.652886410017484
2026-08-21 08:00:00,29.1,70.0,0.0,8.7,232.0,6.85569355637848,5.356254835333226
2026-08-21 09:00:00,29.4,70.0,0.0,12.2,261.0,12.04979775526068,1.9085004734908164
2026-08-21 10:00:00,29.6,69.0,0.1,15.2,247.0,13.991673772477093,5.939113153036961
2026-08-21 11:00:00,28.6,77.0,0.7000000000000001,18.0,244.0,16.178292833385008,7.890680642203393
2026-08-21 12:00:00,29.0,80.0,1.5,15.6,234.0,12.62066511224918,9.16944993576258
2026-08-21 13:00:00,27.6,88.0,3.5,16.6,223.0,11.321172777037475,12.14047144687823
2026-08-21 14:00:00,29.2,77.0,2.6,16.0,223.0,10.911973760999976,11.701659225906727
2026-08-21 15:00:00,28.6,78.0,0.7000000000000001,18.2,203.0,7.111306538504781,16.753188332834416
2026-08-21 16:00:00,26.6,95.0,1.6,15.4,199.0,5.013749578640214,14.560986064229478
2026-08-21 17:00:00,25.8,96.0,5.8,14.3,190.0,2.483168940637105,14.082750868074575
2026-08-21 18:00:00,25.3,97.0,1.1,16.1,191.0,3.0720248255623734,15.80419765350739
2026-08-21 19:00:00,25.0,97.0,0.2,17.5,192.0,3.6384545893107902,17.117583012841596
2026-08-21 20:00:00,24.8,97.0,1.7000000000000002,16.2,176.0,-1.1300548746548302,16.16053761420915
2026-08-21 21:00:00,24.7,96.0,0.5,16.6,183.0,0.8687768736328699,16.577250276925927
2026-08-21 22:00:00,24.8,96.0,0.1,18.1,193.0,4.071614083623955,17.63609817261276
2026-08-21 23:00:00,24.3,96.0,0.1,20.9,184.0,1.4579103012522172,20.849088650430325
2026-08-22 00:00:00,24.3,94.0,0.1,18.6,177.0,-0.9734487861187555,18.574509346435075
2026-08-22 01:00:00,24.7,93.0,0.0,18.3,174.0,-1.91287087779806,18.1997506852394
2026-08-22 02:00:00,25.3,93.0,0.0,16.1,174.0,-1.6829082586092223,16.011802515429203
2026-08-22 03:00:00,25.4,90.0,0.0,15.1,179.0,-0.2635313372029805,15.097700196861508
2026-08-22 04:00:00,25.3,88.0,0.0,13.3,178.0,-0.46416330614326273,13.291897999353974
2026-08-22 05:00:00,25.4,86.0,0.0,12.3,192.0,2.5573137970584416,12.03121548902581
2026-08-22 06:00:00,25.3,87.0,0.0,12.5,201.0,4.479599369316254,11.669755331215022
2026-08-22 07:00:00,26.2,86.0,0.1,15.0,203.0,5.860966927339105,13.807572801786606
2026-08-22 08:00:00,27.8,82.0,1.1,12.7,198.0,3.9245158285618325,12.078417756948449
2026-08-22 09:00:00,29.0,77.0,0.0,13.7,210.0,6.850000000000001,11.864548031846809
2026-08-22 10:00:00,29.0,75.0,0.1,15.8,197.0,4.619472934619242,15.10961514421596
2026-08-22 11:00:00,30.3,68.0,0.1,19.2,206.0,8.416726018350287,17.256845688944008
2026-08-22 12:00:00,30.2,70.0,0.1,19.4,208.0,9.107748318046282,17.12918330146318
2026-08-22 13:00:00,31.0,66.0,0.1,18.1,218.0,11.143472703394416,14.26299464028167
2026-08-22 14:00:00,30.0,70.0,0.4,19.0,217.0,11.434485439888919,15.174074690898564
2026-08-22 15:00:00,28.8,78.0,0.1,19.6,219.0,12.334679664576816,15.232060844556631
2026-08-22 16:00:00,27.5,84.0,0.1,20.2,199.0,6.576476720034567,19.099475227106197
2026-08-22 17:00:00,27.0,86.0,0.1,19.8,196.0,5.4576196451765835,19.032981579578713
2026-08-22 18:00:00,26.0,88.0,0.2,19.0,185.0,1.6559591122055046,18.927699263743165
2026-08-22 19:00:00,25.1,93.0,0.9,18.1,190.0,3.143032015771441,17.825020329520967
2026-08-22 20:00:00,25.9,83.0,0.3,17.1,188.0,2.3798600264171195,16.933583975480854
2026-08-22 21:00:00,25.8,83.0,0.0,15.6,195.0,4.0375771035993235,15.068442890109464
2026-08-22 22:00:00,25.9,81.0,0.1,15.8,192.0,3.2850047149205994,15.45473209159413
2026-08-22 23:00:00,25.8,83.0,0.1,14.2,198.0,4.388041320124254,13.50500253139118
2026-08-23 00:00:00,25.8,82.0,0.0,15.7,200.0,5.369716250213,14.75317414633876
2026-08-23 01:00:00,25.8,80.0,0.0,13.9,191.0,2.652245035733974,13.644617849922529
2026-08-23 02:00:00,25.6,84.0,0.0,8.8,184.0,0.6138569689483021,8.778563642286453
2026-08-23 03:00:00,25.4,83.0,0.0,6.9,163.0,-2.017364762586883,6.598502816144945
2026-08-23 04:00:00,25.1,85.0,0.0,4.5,187.0,0.5484120453231637,4.466457682385949
2026-08-23 05:00:00,24.9,86.0,0.0,2.6,34.0,-1.453901549023941,-2.1554976886431088
2026-08-23 06:00:00,24.8,90.0,0.0,4.6,11.0,-0.8777213787321051,-4.515485043859254
2026-08-23 07:00:00,26.2,88.0,0.0,4.7,43.0,-3.2053922922937437,-3.437362397610101
2026-08-23 08:00:00,28.1,75.0,0.0,10.0,41.0,-6.560590289905073,-7.54709580222772
2026-08-23 09:00:00,28.3,76.0,0.0,14.7,33.0,-8.006193814720897,-12.328457348797732
2026-08-23 10:00:00,29.9,70.0,0.1,13.1,27.0,-5.947275546588064,-11.672185466867617
2026-08-23 11:00:00,30.8,68.0,0.0,13.7,16.0,-3.7762317746928846,-13.16928523435497
2026-08-23 12:00:00,29.5,74.0,0.0,11.8,9.0,-1.8459266874747264,-11.654722419022626
2026-08-23 13:00:00,29.8,71.0,0.0,12.9,340.0,4.412059848901128,-12.122034808138217
2026-08-23 14:00:00,28.8,74.0,0.0,10.6,313.0,7.752349237163207,-7.2291826166624835
2026-08-23 15:00:00,28.7,74.0,0.0,7.6,289.0,7.185941174554808,-2.474317973874391
2026-08-23 16:00:00,28.0,77.0,0.1,6.8,272.0,6.795857623729851,-0.23731657757700658
2026-08-23 17:00:00,27.4,81.0,0.1,3.6,290.0,3.3828934348292705,-1.2312725159724074
2026-08-23 18:00:00,26.7,85.0,0.0,6.7,250.0,6.295940559265587,2.2915349602819806
2026-08-23 19:00:00,25.4,93.0,0.6,11.0,215.0,6.309340799861507,9.01067248717891
2026-08-23 20:00:00,26.0,96.0,1.2,5.0,224.0,3.4732918522949863,3.5966990016932554
2026-08-23 21:00:00,25.7,97.0,0.3,6.2,123.0,-5.1997575212616285,3.3767620170931694
2026-08-23 22:00:00,25.3,97.0,0.1,9.6,124.0,-7.958760696528399,5.36825187331917
2026-08-23 23:00:00,25.1,96.0,0.4,8.2,130.0,-6.2815644335756184,5.270858399429623
2026-08-24 00:00:00,25.0,96.0,2.8,5.5,167.0,-1.2372307988912576,5.359035356318794
2026-08-24 01:00:00,24.9,97.0,0.9,7.5,190.0,1.302361332501978,7.3860581475915605
2026-08-24 02:00:00,24.7,95.0,0.9,12.1,162.0,-3.7391056319368627,11.507783847171359
2026-08-24 03:00:00,25.4,91.0,7.1,0.6000000000000001,214.0,0.3355157420824481,0.4974225435330251
2026-08-24 04:00:00,25.0,96.0,3.4,4.2,54.0,-3.39787137637478,-2.468698059628387
2026-08-24 05:00:00,25.6,93.0,5.1,0.9,349.0,0.17172809583889043,-0.8834644651028976
2026-08-24 06:00:00,25.4,95.0,11.6,3.2,180.0,1.9594348786357652e-16,3.2
2026-08-24 07:00:00,25.1,96.0,7.9,3.6,110.0,-3.38289343482927,1.231272515972408
2026-08-24 08:00:00,25.4,97.0,3.1,4.1,128.0,-3.2308440897875594,2.5242120488351993
2026-08-24 09:00:00,25.9,94.0,1.0,5.2,84.0,-5.1715138559150216,-0.5435480089917982
2026-08-24 10:00:00,26.2,94.0,2.1,1.7000000000000002,238.0,1.4416817634659242,0.9008627491964484
2026-08-24 11:00:00,25.9,96.0,2.0,1.7000000000000002,319.0,1.1153003492838625,-1.2830062863787126
2026-08-24 12:00:00,26.5,91.0,0.5,3.3,112.0,-3.059706720070398,1.2362017582725102
2026-08-24 13:00:00,26.6,94.0,0.9,6.3,97.0,-6.253040755340328,0.7677768634524296
2026-08-24 14:00:00,26.4,94.0,0.3,3.2,326.0,1.78941729110639,-2.652920232176134
2026-08-24 15:00:00,25.9,96.0,1.9,7.1,201.0,2.5444124417716325,6.628421028130132
2026-08-24 16:00:00,25.4,96.0,2.4,7.0,130.0,-5.362311101832845,4.499513267805776
2026-08-24 17:00:00,25.5,96.0,1.1,4.4,83.0,-4.367203067221817,-0.5362251109826482
2026-08-24 18:00:00,25.6,97.0,0.6,3.7,39.0,-2.3284854468844003,-2.8754400573907914
2026-08-24 19:00:00,25.2,97.0,0.1,5.9,55.0,-4.8329970613050515,-3.3841009744711728
2026-08-24 20:00:00,25.5,98.0,0.2,4.4,38.0,-2.7089104914328956,-3.4672473158695776
2026-08-24 21:00:00,24.8,96.0,0.3,10.7,44.0,-7.43284456391127,-7.696935863623567
2026-08-24 22:00:00,24.1,94.0,0.6,7.2,63.0,-6.415246974156249,-3.2687315981247362
2026-08-24 23:00:00,24.2,93.0,0.1,6.5,60.0,-5.629165124598851,-3.250000000000001
2026-08-25 00:00:00,24.9,89.0,0.0,1.9,163.0,-0.5555062389731996,1.8169790363297675
2026-08-25 01:00:00,24.0,94.0,0.0,7.2,180.0,4.4087284769304716e-16,7.2
2026-08-25 02:00:00,24.5,95.0,3.1,7.3,140.0,-4.692349550711738,5.5921244347685395
2026-08-25 03:00:00,24.1,93.0,2.1,10.7,168.0,-2.2246550917500247,10.46617932785172
2026-08-25 04:00:00,24.7,89.0,2.7,1.0,135.0,-0.7071067811865475,0.7071067811865476
2026-08-25 05:00:00,23.8,97.0,5.0,5.7,46.0,-4.100236861930311,-3.959552711616285
2026-08-25 06:00:00,24.4,94.0,10.4,4.4,78.0,-4.303849443228745,-0.9148114395981419
2026-08-25 07:00:00,24.7,92.0,18.0,4.8,124.0,-3.9793803482641996,2.684125936659585
2026-08-25 08:00:00,24.4,93.0,15.1,20.5,173.0,-2.498321539805521,20.347196108647104
2026-08-25 09:00:00,24.7,94.0,0.7000000000000001,9.0,186.0,0.9407561694088811,8.950697058314459
2026-08-25 10:00:00,26.3,95.0,1.9,2.7,98.0,-2.67372378560224,0.3757673725921764
2026-08-25 11:00:00,26.5,90.0,2.6,5.2,344.0,1.4333142502483958,-4.998560818879258
2026-08-25 12:00:00,26.1,97.0,3.0,3.8,45.0,-2.687005768508881,-2.68700576850888
2026-08-25 13:00:00,26.2,97.0,2.9,4.1,232.0,3.2308440897875594,2.524212048835199
2026-08-25 14:00:00,26.4,94.0,2.9,2.6,236.0,2.1554976886431083,1.453901549023942
2026-08-25 15:00:00,26.4,95.0,0.9,1.5,45.0,-1.0606601717798214,-1.0606601717798212
2026-08-25 16:00:00,26.2,96.0,1.2,2.4,54.0,-1.9416407864998741,-1.4106846055019353
2026-08-25 17:00:00,26.2,97.0,1.3,2.1,31.0,-1.0815799573111144,-1.8000513314744355
2026-08-25 18:00:00,26.1,97.0,1.5,1.1,99.0,-1.0864571746546514,0.1720779115442541
2026-08-25 19:00:00,26.0,95.0,1.6,1.9,151.0,-0.9211382784680403,1.661777443564852
2026-08-25 20:00:00,25.4,98.0,0.8,4.6,72.0,-4.374859974957706,-1.4214781741247573
2026-08-25 21:00:00,25.1,98.0,0.8,4.3,95.0,-4.283637201794505,0.3747696938149302
2026-08-25 22:00:00,25.3,95.0,0.5,2.7,67.0,-2.485363104321589,-1.0549740469210387
2026-08-25 23:00:00,24.8,97.0,0.1,6.6,57.0,-5.535225748439799,-3.5946176310991786
2026-08-26 00:00:00,24.6,97.0,0.0,4.9,80.0,-4.82555798975982,-0.8508760705679593
2026-08-26 01:00:00,24.8,93.0,0.5,1.0,112.0,-0.9271838545667873,0.37460659341591224
2026-08-26 02:00:00,25.2,92.0,0.0,0.6000000000000001,198.0,0.1854101966249685,0.5706339097770922
2026-08-26 03:00:00,24.1,97.0,0.2,6.7,144.0,-3.9381611903595695,5.420413862312148
2026-08-26 04:00:00,24.2,97.0,0.3,6.0,221.0,3.9363541739430437,4.528257481336632
2026-08-26 05:00:00,24.3,98.0,0.6,3.4,205.0,1.436902089918378,3.0814464759246096
2026-08-26 06:00:00,24.6,95.0,0.3,0.6000000000000001,108.0,-0.5706339097770922,0.18541019662496852
2026-08-26 07:00:00,25.0,97.0,0.2,1.7000000000000002,103.0,-1.6564291101348998,0.3824167923845709
2026-08-26 08:00:00,26.7,92.0,0.2,0.8,135.0,-0.565685424949238,0.5656854249492381
2026-08-26 09:00:00,27.8,84.0,0.0,4.8,211.0,2.47218275956826,4.114403043370139
2026-08-26 10:00:00,28.9,77.0,0.0,8.9,243.0,7.929958065276475,4.040515447681966
2026-08-26 11:00:00,29.2,76.0,0.0,10.3,254.0,9.900995468164686,2.8390647649150917
2026-08-26 12:00:00,29.1,77.0,0.0,10.5,257.0,10.23088568024497,2.3619860706105826
2026-08-26 13:00:00,28.4,82.0,0.0,11.9,281.0,11.681363483027202,-2.270627044980883
2026-08-26 14:00:00,26.2,95.0,0.0,7.0,226.0,5.0353786023705585,4.862608593212981
2026-08-26 15:00:00,26.5,93.0,4.9,6.3,219.0,3.964718463613976,4.896019557178916
2026-08-26 16:00:00,26.0,97.0,0.8,9.5,238.0,8.056456913486047,5.034233010215447
2026-08-26 17:00:00,25.5,98.0,0.8,6.4,207.0,2.9055391983331,5.702441754805554
2026-08-26 18:00:00,25.3,97.0,0.4,9.0,215.0,5.162187927159415,7.372368398600926
2026-08-26 19:00:00,24.8,97.0,0.1,10.5,213.0,5.718709867657784,8.806040963426952
2026-08-26 20:00:00,26.1,94.0,0.1,8.7,174.0,-0.9093976304285859,8.652340489703978
2026-08-26 21:00:00,25.5,96.0,0.7000000000000001,10.0,201.0,3.583679495453004,9.335804264972017
2026-08-26 22:00:00,25.3,97.0,0.0,11.0,212.0,5.829111906565254,9.328529057720685
2026-08-26 23:00:00,25.2,97.0,0.4,10.0,201.0,3.583679495453004,9.335804264972017
2026-08-27 00:00:00,25.0,97.0,0.1,12.6,204.0,5.124881702755083,11.510672766296771
2026-08-27 01:00:00,24.8,97.0,0.0,15.9,203.0,6.212624942979452,14.636027169893802
2026-08-27 02:00:00,25.3,96.0,0.0,18.3,190.0,3.177761651304827,18.02198188012341
2026-08-27 03:00:00,25.1,95.0,0.0,18.3,196.0,5.044163611451085,17.591089035671235
2026-08-27 04:00:00,25.1,93.0,0.0,17.8,198.0,5.500502499874065,16.928805990053732
2026-08-27 05:00:00,25.2,91.0,0.0,16.9,203.0,6.603356071468725,15.556532023346241
2026-08-27 06:00:00,25.0,89.0,0.0,16.6,186.0,1.7351724902430474,16.50906346311334
2026-08-27 07:00:00,26.1,85.0,0.0,12.9,192.0,2.682060811549097,12.618104049466092
2026-08-27 08:00:00,27.9,78.0,0.5,17.0,185.0,1.4816476267101883,16.935309867559674
2026-08-27 09:00:00,28.9,71.0,0.0,16.9,188.0,2.3520254062251063,16.735530361732536
2026-08-27 10:00:00,30.3,67.0,0.0,17.8,210.0,8.900000000000002,15.415252187363008
2026-08-27 11:00:00,28.6,77.0,0.1,18.3,211.0,9.425196770853992,15.686161602848657
2026-08-27 12:00:00,29.7,75.0,0.1,16.2,172.0,-2.2546042355530584,16.04234271361344
2026-08-27 13:00:00,30.5,73.0,0.2,15.9,196.0,4.382633957490286,15.28406096541927
2026-08-27 14:00:00,31.4,70.0,0.4,16.4,201.0,5.877234372542926,15.310718994554108
2026-08-27 15:00:00,31.6,66.0,0.1,14.8,202.0,5.5441775825554975,13.722321047588455
2026-08-27 16:00:00,30.6,67.0,0.0,18.7,206.0,8.197540444955749,16.80744866579442
2026-08-27 17:00:00,29.2,74.0,0.0,18.1,190.0,3.143032015771441,17.825020329520967
2026-08-27 18:00:00,28.1,77.0,0.0,15.3,192.0,3.1810488695117196,14.965658291227227
2026-08-27 19:00:00,28.1,74.0,0.0,16.6,200.0,5.677534379206103,15.598897505046079
2026-08-27 20:00:00,28.3,77.0,0.0,16.7,196.0,4.6031438421438855,16.053070322169926
2026-08-27 21:00:00,27.5,83.0,0.0,18.3,200.0,6.25896862285974,17.196374960382123
2026-08-27 22:00:00,27.4,84.0,0.0,20.3,197.0,5.935145605871557,19.41298654604962
2026-08-27 23:00:00,27.6,80.0,0.0,20.8,192.0,4.324563169009397,20.345470095263156
2026-08-28 00:00:00,27.6,75.0,0.0,21.8,190.0,3.785530273139083,21.468809015666135
2026-08-28 01:00:00,27.6,74.0,0.0,22.0,195.0,5.694018992255456,21.2503681783595
2026-08-28 02:00:00,27.8,74.0,0.0,21.1,195.0,5.461081851663188,20.381034934699343
2026-08-28 03:00:00,27.9,72.0,0.0,21.6,198.0,6.674767078498865,20.542820751975317
2026-08-28 04:00:00,27.7,72.0,0.0,18.7,209.0,9.065939898606503,16.3553885235067
2026-08-28 05:00:00,26.7,78.0,0.0,22.8,215.0,13.077542748803852,18.676666609789013
2026-08-28 06:00:00,25.6,85.0,0.0,23.2,203.0,9.06496218095115,21.355712600096616
2026-08-28 07:00:00,26.0,83.0,0.0,21.8,190.0,3.785530273139083,21.468809015666135
2026-08-28 08:00:00,28.4,78.0,0.0,22.1,195.0,5.719900896765709,21.34696076098841
2026-08-28 09:00:00,29.8,73.0,0.0,25.0,199.0,8.13920386142892,23.63796438998292
2026-08-28 10:00:00,30.7,68.0,0.1,28.6,205.0,12.086882285784005,25.92040270924819
2026-08-28 11:00:00,30.6,68.0,0.1,25.1,200.0,8.584705597474288,23.5862847817263
2026-08-28 12:00:00,30.6,68.0,0.0,22.4,195.0,5.797546610296465,21.63673850887513
2026-08-28 13:00:00,30.9,67.0,0.1,24.9,205.0,10.523194717343415,22.56706389721258
2026-08-28 14:00:00,30.8,71.0,0.2,25.6,191.0,4.88471028163955,25.1296558962602
2026-08-28 15:00:00,29.6,73.0,0.0,23.9,186.0,2.4982302720969174,23.76907329930173
2026-08-28 16:00:00,29.5,74.0,0.0,24.8,187.0,3.022359716447658,24.615144560704785
2026-08-28 17:00:00,29.1,74.0,0.0,23.6,191.0,4.50309229088646,23.166401529364872
2026-08-28 18:00:00,28.4,75.0,0.0,21.8,197.0,6.373703162955662,20.847443679994175
2026-08-28 19:00:00,28.2,76.0,0.0,18.3,193.0,4.116604294492729,17.830972185569806
2026-08-28 20:00:00,28.4,76.0,0.0,15.3,188.0,2.129348444689002,15.151101451746028
2026-08-28 21:00:00,28.0,77.0,0.0,10.2,163.0,-2.9821913881719135,9.754308510822963
2026-08-28 22:00:00,27.5,78.0,0.0,10.3,157.0,-4.02453062343952,9.481199990560135
2026-08-28 23:00:00,27.5,79.0,0.0,11.4,176.0,-0.7952238006830288,11.372230172961997
2026-08-29 00:00:00,27.3,81.0,0.0,11.5,188.0,1.6004906610407528,11.38808279052806
2026-08-29 01:00:00,27.3,81.0,0.0,12.5,187.0,1.5233667925643437,12.406826895516526
2026-08-29 02:00:00,27.3,81.0,0.0,12.6,181.0,0.21990032110977334,12.59808095897053
2026-08-29 03:00:00,26.8,84.0,0.1,10.9,188.0,1.5169868004647136,10.793921949283117
2026-08-29 04:00:00,25.9,88.0,0.0,4.0,190.0,0.6945927106677217,3.939231012048832
2026-08-29 05:00:00,25.4,89.0,0.0,3.6,110.0,-3.38289343482927,1.231272515972408
2026-08-29 06:00:00,25.4,88.0,0.0,3.8,109.0,-3.592970587277404,1.237158986937195
2026-08-29 07:00:00,27.3,83.0,0.0,3.6,45.0,-2.545584412271572,-2.545584412271571
2026-08-29 08:00:00,29.9,72.0,0.0,3.1,3.0,-0.16224146435312736,-3.0957515577391788
2026-08-29 09:00:00,30.3,74.0,0.1,2.8,349.0,0.5342651870543257,-2.748556113653459
2026-08-29 10:00:00,31.1,71.0,0.4,1.2,333.0,0.5447885996874562,-1.0692078290260414
2026-08-29 11:00:00,31.7,70.0,0.1,6.2,316.0,4.306881896845783,-4.459906762099637
2026-08-29 12:00:00,28.9,85.0,2.7,7.6,285.0,7.341036279796919,-1.9670247427791576
2026-08-29 13:00:00,28.3,89.0,3.1,2.5,266.0,2.4939101256495606,0.17439118436031326
2026-08-29 14:00:00,31.2,74.0,5.6,2.7,270.0,2.7,0.0
2026-08-29 15:00:00,27.2,93.0,4.1,2.4,103.0,-2.3384881554845642,0.5398825304252765
2026-08-29 16:00:00,27.4,92.0,0.7000000000000001,1.1,9.0,-0.17207791154425414,-1.0864571746546514
2026-08-29 17:00:00,26.8,97.0,1.4,3.6,333.0,1.6343657990623686,-3.207623487078124
2026-08-29 18:00:00,26.7,99.0,0.1,1.3,352.0,0.18092503124808512,-1.2873484893640414
2026-08-29 19:00:00,26.7,97.0,0.0,1.3,180.0,7.960204194457797e-17,1.3
2026-08-29 20:00:00,26.0,96.0,0.0,10.3,161.0,-3.3533519909087137,9.738841328672963
2026-08-29 21:00:00,25.9,96.0,0.2,4.6,144.0,-2.7038121605453758,3.721478174124758
2026-08-29 22:00:00,25.9,95.0,0.0,4.5,166.0,-1.088648530198505,4.366330768241984
2026-08-29 23:00:00,25.8,94.0,0.0,4.4,111.0,-4.107753876587688,1.5768189779993211
2026-08-30 00:00:00,26.0,91.0,0.0,2.9,133.0,-2.1209257346955943,1.9777952441812459
2026-08-30 01:00:00,26.2,88.0,0.0,1.5,173.0,-0.18280401510772104,1.4888192274619831
2026-08-30 02:00:00,25.9,92.0,0.0,1.9,131.0,-1.4339482024232668,1.2465121550819638
2026-08-30 03:00:00,25.7,92.0,0.1,2.0,117.0,-1.7820130483767356,0.9079809994790937
2026-08-30 04:00:00,25.7,92.0,0.0,2.6,74.0,-2.499280409439629,-0.7166571251241974
2026-08-30 05:00:00,26.0,89.0,0.0,1.5,54.0,-1.2135254915624214,-0.8816778784387096
2026-08-30 06:00:00,25.8,92.0,0.0,3.6,49.0,-2.7169544888019797,-2.3618125043658256
2026-08-30 07:00:00,26.7,93.0,0.0,6.4,22.0,-2.3974821978618386,-5.933976669227439
2026-08-30 08:00:00,28.9,84.0,0.0,6.8,27.0,-3.087135398228919,-6.058844364480901
2026-08-30 09:00:00,29.4,78.0,0.2,11.3,358.0,0.3943643127382622,-11.293116345315783
2026-08-30 10:00:00,29.9,76.0,0.3,13.0,354.0,1.358870022479495,-12.928784639787553
2026-08-30 11:00:00,30.1,75.0,0.3,13.9,343.0,4.063966695646041,-13.292636107886192
2026-08-30 12:00:00,29.9,76.0,0.2,13.9,326.0,7.772781358243381,-11.523622258515081
2026-08-30 13:00:00,29.9,75.0,0.1,13.2,309.0,10.258326691232016,-8.307029161857853
2026-08-30 14:00:00,30.1,77.0,0.7000000000000001,13.0,327.0,7.080307455195352,-10.902717383290513
2026-08-30 15:00:00,27.7,87.0,2.6,11.4,333.0,5.175491697030834,-10.157474375747393
2026-08-30 16:00:00,26.8,96.0,6.9,2.7,307.0,2.1563158771276907,-1.6249005625105304
2026-08-30 17:00:00,26.4,97.0,3.5,5.2,236.0,4.310995377286217,2.907803098047884
2026-08-30 18:00:00,26.6,94.0,0.4,5.5,144.0,-3.2328188876086017,4.449593469062211
2026-08-30 19:00:00,26.0,95.0,0.0,8.3,131.0,-6.264089515849008,5.445289940621211
2026-08-30 20:00:00,26.0,96.0,0.0,8.9,117.0,-7.929958065276474,4.040515447681967
2026-08-30 21:00:00,25.8,93.0,0.0,8.4,146.0,-4.697220389154272,6.963915609462351
2026-08-30 22:00:00,25.5,93.0,0.0,6.7,166.0,-1.6208767005177742,6.500981366049176
2026-08-30 23:00:00,25.2,92.0,0.0,5.8,150.0,-2.8999999999999986,5.022947341949744
2026-08-31 00:00:00,25.4,92.0,0.0,1.5,104.0,-1.4554435894139948,0.3628828433995016
2026-08-31 01:00:00,25.6,92.0,0.0,4.2,43.0,-2.864393112262494,-3.071685546800516
2026-08-31 02:00:00,25.8,91.0,0.0,3.8,17.0,-1.111012477946401,-3.633958072659534
2026-08-31 03:00:00,25.2,97.0,0.0,6.9,14.0,-1.6692610796377079,-6.695040511304376
2026-08-31 04:00:00,25.2,98.0,0.0,8.6,16.0,-2.37048126002619,-8.266850585069543
2026-08-31 05:00:00,25.0,98.0,0.0,8.2,22.0,-3.0717740660104806,-7.602907607447655
2026-08-31 06:00:00,25.0,97.0,0.0,8.1,360.0,4.959819536546781e-16,-8.1
2026-08-31 07:00:00,26.3,94.0,0.0,7.9,356.0,0.5510761425785894,-7.880755997052612
2026-08-31 08:00:00,28.6,85.0,0.0,11.9,14.0,-2.8788705576360467,-11.546519142684359
2026-08-31 09:00:00,29.7,76.0,0.0,13.6,8.0,-1.892754173056895,-13.467645734885355
2026-08-31 10:00:00,29.5,75.0,0.8,14.4,356.0,1.0044932219154035,-14.36492232374147
2026-08-31 11:00:00,28.8,83.0,4.7,12.5,353.0,1.5233667925643437,-12.406826895516526
2026-08-31 12:00:00,28.6,85.0,3.0,10.1,335.0,4.268444443581064,-9.153708649070165
2026-08-31 13:00:00,28.4,87.0,3.8,8.3,286.0,7.978472076288048,-2.287790053281093
2026-08-31 14:00:00,28.1,88.0,2.5,11.0,304.0,9.119413298105458,-6.151121938178216
2026-08-31 15:00:00,27.9,87.0,0.5,9.8,277.0,9.726952286084956,-1.1943195653704453
2026-08-31 16:00:00,28.0,84.0,0.3,7.4,247.0,6.811735915548059,2.891410350820626
2026-08-31 17:00:00,27.4,88.0,0.3,7.3,220.0,4.692349550711738,5.5921244347685395
2026-08-31 18:00:00,26.5,92.0,0.3,8.2,189.0,1.2827626133298935,8.09904439288013
2026-08-31 19:00:00,25.8,95.0,0.2,10.5,175.0,-0.9151352988504114,10.460044329963328
2026-08-31 20:00:00,24.8,97.0,0.2,13.8,174.0,-1.442492793093619,13.724402156082173
2026-08-31 21:00:00,24.8,95.0,0.1,10.7,164.0,-2.9493197072418895,10.285500146540011
2026-08-31 22:00:00,25.4,92.0,0.3,2.1,149.0,-1.081579957311114,1.800051331474436
2026-08-31 23:00:00,25.3,92.0,0.0,0.9,323.0,0.5416335208368436,-0.7187719590425635
2026-09-01 00:00:00,25.0,96.0,1.4,2.5,45.0,-1.7677669529663693,-1.7677669529663687
2026-09-01 01:00:00,24.6,97.0,3.3,5.4,110.0,-5.074340152243905,1.846908773958612
2026-09-01 02:00:00,24.6,96.0,2.3,10.8,72.0,-10.27141037598766,-3.337383539249431
2026-09-01 03:00:00,24.3,94.0,0.0,9.5,53.0,-7.587037345449282,-5.717242719944459
2026-09-01 04:00:00,24.4,94.0,0.1,9.4,38.0,-5.787217868061186,-7.407301083903188
2026-09-01 05:00:00,24.5,96.0,0.0,11.1,29.0,-5.381386784734339,-9.708278749247295
2026-09-01 06:00:00,24.7,98.0,0.3,9.4,20.0,-3.2149893472612843,-8.83311063538754
2026-09-01 07:00:00,25.1,99.0,1.3,7.2,13.0,-1.61964759127583,-7.015464466453693
2026-09-01 08:00:00,27.2,89.0,0.1,5.8,14.0,-1.403146994478073,-5.627715212400779
2026-09-01 09:00:00,27.2,89.0,0.1,1.5,256.0,1.4554435894139948,0.3628828433995016
2026-09-01 10:00:00,27.2,89.0,0.3,11.7,234.0,9.465498834186885,6.877087451821935
2026-09-01 11:00:00,27.0,88.0,0.5,12.3,233.0,9.823216773581702,7.402324784770194
2026-09-01 12:00:00,26.3,93.0,1.6,7.7,219.0,4.8457670110837485,5.984023903218676
2026-09-01 13:00:00,26.4,95.0,2.7,4.6,154.0,-2.0165072752297566,4.134452612976167
2026-09-01 14:00:00,27.8,91.0,0.5,2.3,129.0,-1.7874357113510329,1.4474368994146258
2026-09-01 15:00:00,26.4,95.0,4.7,10.2,203.0,3.985457510590592,9.389149505214892
2026-09-01 16:00:00,25.2,96.0,6.6,15.9,176.0,-1.1091279325315928,15.861268399131205
2026-09-01 17:00:00,25.1,96.0,1.5,13.0,170.0,-2.2574263096700937,12.802500789158705
2026-09-01 18:00:00,24.8,96.0,0.8,12.8,185.0,1.1155935071700243,12.751292135574344
2026-09-01 19:00:00,24.8,96.0,0.6,7.9,191.0,1.507391063474705,7.754854749236546
2026-09-01 20:00:00,25.1,93.0,2.8,3.7,133.0,-2.706008695990931,2.523393932231245
2026-09-01 21:00:00,24.8,94.0,0.6,3.9,62.0,-3.443495612149815,-1.8309390948649744
2026-09-01 22:00:00,24.7,97.0,0.0,6.6,64.0,-5.932040705574502,-2.893249568807911
2026-09-01 23:00:00,24.5,96.0,0.0,4.3,75.0,-4.153481053042993,-1.1129218939408394
2026-09-02 00:00:00,24.4,96.0,0.0,6.6,49.0,-4.981083229470296,-4.3299895913373465
2026-09-02 01:00:00,24.2,93.0,0.0,4.7,47.0,-3.437362397610102,-3.2053922922937423
2026-09-02 02:00:00,24.6,90.0,0.0,2.2,95.0,-2.1916283358018402,0.19174263404484804
2026-09-02 03:00:00,23.8,93.0,0.0,3.9,124.0,-3.2332465329646625,2.180852323535913
2026-09-02 04:00:00,23.6,93.0,0.0,4.3,105.0,-4.153481053042993,1.1129218939408403
2026-09-02 05:00:00,24.3,89.0,0.0,4.2,59.0,-3.600102662948872,-2.1631599146222276
2026-09-02 06:00:00,24.3,89.0,0.0,6.0,37.0,-3.6108901389122896,-4.791813060283757
2026-09-02 07:00:00,25.3,89.0,0.0,8.7,17.0,-2.5436338310878126,-8.319851376878407
2026-09-02 08:00:00,27.1,87.0,0.0,10.7,33.0,-5.827637674660788,-8.973775077016036
2026-09-02 09:00:00,27.4,85.0,0.0,10.8,26.0,-4.73440838532204,-9.706975700031002
2026-09-02 10:00:00,29.0,76.0,0.0,13.3,13.0,-2.991849022773408,-12.959121861643627
2026-09-02 11:00:00,29.9,71.0,0.0,12.8,358.0,0.4467135577920138,-12.792202585844427
2026-09-02 12:00:00,29.0,80.0,0.0,12.9,341.0,4.199829192497322,-12.197189625231186
2026-09-02 13:00:00,27.8,88.0,0.0,13.5,346.0,3.2659455905955137,-13.098992304725952
2026-09-02 14:00:00,29.0,82.0,0.0,15.5,357.0,0.8112073217656315,-15.478757788695894
2026-09-02 15:00:00,29.0,83.0,0.1,13.6,6.0,-1.4215871004400857,-13.525497777008518
2026-09-02 16:00:00,28.6,85.0,0.0,10.6,358.0,0.36993466504651146,-10.593542766402415
2026-09-02 17:00:00,28.3,88.0,0.0,6.0,316.0,4.1679502227539835,-4.3160388020319065
2026-09-02 18:00:00,27.4,93.0,0.0,5.2,270.0,5.2,0.0
2026-09-02 19:00:00,26.9,95.0,0.1,7.5,207.0,3.404928748046601,6.682548931412758
2026-09-02 20:00:00,28.3,85.0,0.4,12.4,178.0,-0.4327537591110119,12.392446255036788
2026-09-02 21:00:00,27.6,87.0,0.0,12.2,179.0,-0.2129193585348584,12.198141880907972
2026-09-02 22:00:00,27.5,84.0,0.0,12.1,165.0,-3.1317104457405023,11.687702498097726
2026-09-02 23:00:00,26.9,86.0,0.3,9.2,140.0,-5.913646009116162,7.047608876694597
2026-09-03 00:00:00,26.5,90.0,0.2,5.6,69.0,-5.22805038838433,-2.006860517453682
2026-09-03 01:00:00,26.2,91.0,0.0,3.4,65.0,-3.08144647592461,-1.4369020899183775
2026-09-03 02:00:00,26.5,89.0,0.0,5.0,52.0,-3.94005376803361,-3.078307376628291
2026-09-03 03:00:00,26.4,91.0,0.0,5.8,20.0,-1.9837168312888775,-5.450217200558269
2026-09-03 04:00:00,26.1,91.0,0.0,8.9,43.0,-6.069785404556238,-6.509047944410617
2026-09-03 05:00:00,26.2,84.0,0.0,6.1,30.0,-3.0500000000000025,-5.282754963085074
2026-09-03 06:00:00,25.7,88.0,0.6,7.4,58.0,-6.275555911557553,-3.9214025553257157
2026-09-03 07:00:00,25.8,93.0,1.3,7.6,85.0,-7.571079705497266,-0.6623836448822004
2026-09-03 08:00:00,26.7,96.0,0.3,4.0,324.0,2.3511410091698925,-3.23606797749979
2026-09-03 09:00:00,26.8,97.0,1.0,10.9,220.0,7.006384945583279,8.34988442999686
2026-09-03 10:00:00,26.7,97.0,3.0,9.2,244.0,8.268905225952336,4.033014550459511
2026-09-03 11:00:00,26.6,97.0,2.0,10.6,249.0,9.895952520870338,3.798700265180183
2026-09-03 12:00:00,26.6,97.0,0.9,8.2,241.0,7.171881598543044,3.9754388860199636
2026-09-03 13:00:00,27.2,96.0,0.9,5.1,280.0,5.022519540362261,-0.8856057061013446
2026-09-03 14:00:00,26.7,95.0,5.0,1.9,326.0,1.062466516594419,-1.5751713878545792
2026-09-03 15:00:00,27.0,96.0,1.8,1.7000000000000002,18.0,-0.5253288904374109,-1.6167960777017611
2026-09-03 16:00:00,26.3,97.0,6.0,4.3,292.0,3.9868905746371857,-1.6108083516884215
2026-09-03 17:00:00,25.9,98.0,5.9,2.2,284.0,2.1346505978071924,-0.5322281703192691
2026-09-03 18:00:00,25.6,99.0,2.7,6.9,143.0,-4.152523659749134,5.51058501932632
2026-09-03 19:00:00,25.6,97.0,0.8,3.5,118.0,-3.0903165750062445,1.6431504697506174
2026-09-03 20:00:00,26.1,98.0,0.3,3.8,85.0,-3.785539852748633,-0.3311918224411002
2026-09-03 21:00:00,26.0,96.0,0.3,2.7,62.0,-2.383958500719103,-1.2675732195219054
2026-09-03 22:00:00,25.7,97.0,0.3,3.9,47.0,-2.852279436314765,-2.6597936042437436
2026-09-03 23:00:00,25.6,96.0,0.1,3.6,63.0,-3.2076234870781244,-1.6343657990623681
2026-09-04 00:00:00,25.8,94.0,0.0,1.8,96.0,-1.790139411662892,0.18815123388177674
2026-09-04 01:00:00,25.6,93.0,0.0,2.6,102.0,-2.543183761907895,0.5405703961261742
2026-09-04 02:00:00,25.4,96.0,0.0,3.6,174.0,-0.3763024677635528,3.580278823325784
2026-09-04 03:00:00,24.9,96.0,0.2,6.7,161.0,-2.1813066348629495,6.334974456515423
2026-09-04 04:00:00,24.6,96.0,0.0,8.2,170.0,-1.4239150568688284,8.075423574700105
2026-09-04 05:00:00,24.5,96.0,0.0,7.6,173.0,-0.92620700987912,7.543350752474048
2026-09-04 06:00:00,24.5,96.0,0.0,6.1,177.0,-0.3192493330819574,6.0916401620029
2026-09-04 07:00:00,26.2,93.0,0.0,3.0,213.0,1.6339171050450814,2.516011703836272
2026-09-04 08:00:00,26.2,95.0,0.0,2.5,82.0,-2.475670171853926,-0.3479327524001638
2026-09-04 09:00:00,26.6,96.0,0.5,0.30000000000000004,315.0,0.2121320343559643,-0.21213203435596428
2026-09-04 10:00:00,27.4,92.0,0.0,1.3,326.0,0.7269507745119709,-1.0777488443215544
2026-09-04 11:00:00,26.9,90.0,3.1,7.0,274.0,6.982948351818769,-0.4882953162088771
2026-09-04 12:00:00,27.0,94.0,5.0,3.7,293.0,3.4058679577740296,-1.445705175410313
2026-09-04 13:00:00,27.6,93.0,0.9,6.8,325.0,3.900319767187114,-5.570233901165144
2026-09-04 14:00:00,28.5,82.0,5.3,5.9,333.0,2.6785439484633264,-5.25693849271137
2026-09-04 15:00:00,28.3,83.0,0.3,4.2,355.0,0.3660541195401642,-4.184017731985332
2026-09-04 16:00:00,28.1,84.0,0.0,5.4,320.0,3.471053092307313,-4.136639992842482
2026-09-04 17:00:00,27.1,89.0,0.4,6.6,339.0,2.3652284669989823,-6.161630814881531
2026-09-04 18:00:00,26.6,92.0,0.0,5.2,6.0,-0.5435480089917974,-5.1715138559150216
2026-09-04 19:00:00,26.0,93.0,0.0,5.7,49.0,-4.301844607269802,-3.7395364652458905
2026-09-04 20:00:00,25.7,96.0,0.0,9.8,28.0,-4.600821315301729,-8.652886410017485
2026-09-04 21:00:00,25.1,96.0,0.0,10.3,40.0,-6.620712379771357,-7.890257764125473
2026-09-04 22:00:00,25.0,93.0,0.0,7.0,55.0,-5.7340643100229425,-4.015035054457323
2026-09-04 23:00:00,25.1,91.0,0.0,8.2,33.0,-4.466040087123221,-6.877098657152477
2026-09-05 00:00:00,25.1,90.0,0.0,7.5,42.0,-5.018479547691436,-5.573586191080458
2026-09-05 01:00:00,25.4,86.0,0.0,10.6,44.0,-7.3633787268653705,-7.625001883589702
2026-09-05 02:00:00,26.4,78.0,0.0,20.6,39.0,-12.964000055626661,-16.009206806013594
2026-09-05 03:00:00,25.7,82.0,0.1,15.1,39.0,-9.502737904852552,-11.734904018000256
2026-09-05 04:00:00,24.6,93.0,1.2,14.5,38.0,-8.927091392222042,-11.42615592729747
2026-09-05 05:00:00,24.3,96.0,0.6,14.4,32.0,-7.630837404958152,-12.211892584652533
2026-09-05 06:00:00,24.2,97.0,1.8,16.2,37.0,-9.749403375063181,-12.937895262766144
2026-09-05 07:00:00,24.4,96.0,3.3,14.4,32.0,-7.630837404958152,-12.211892584652533
2026-09-05 08:00:00,26.0,94.0,3.1,15.7,24.0,-6.385765296290061,-14.342663684988835
2026-09-05 09:00:00,26.8,89.0,0.0,14.4,10.0,-2.500533758403797,-14.181231643375796
2026-09-05 10:00:00,27.9,81.0,0.1,18.4,14.0,-4.451362879033887,-17.853441363478332
2026-09-05 11:00:00,28.7,77.0,0.0,18.6,10.0,-3.2298561046049046,-18.31742420602707
2026-09-05 12:00:00,29.0,76.0,0.2,22.2,8.0,-3.089642841313461,-21.98395112606286
2026-09-05 13:00:00,29.4,73.0,0.1,21.4,7.0,-2.608003948870149,-21.24048764512429
2026-09-05 14:00:00,29.5,71.0,0.0,23.8,10.0,-4.132826628472942,-23.438424521690553
2026-09-05 15:00:00,28.7,76.0,0.1,23.8,11.0,-4.541254089961762,-23.362726966054403
2026-09-05 16:00:00,28.2,78.0,0.1,22.9,16.0,-6.312095448209274,-22.012892836987504
2026-09-05 17:00:00,27.6,78.0,0.0,23.7,22.0,-8.878176263957121,-21.974257353232858
2026-09-05 18:00:00,26.7,78.0,0.0,23.2,31.0,-11.948883337913264,-19.886281376289002
2026-09-05 19:00:00,26.8,72.0,0.0,24.0,27.0,-10.895771993749126,-21.384156580520827
2026-09-05 20:00:00,27.4,64.0,0.0,25.1,27.0,-11.395161543462628,-22.364263757128032
2026-09-05 21:00:00,27.9,60.0,0.0,26.6,27.0,-12.076147293071948,-23.700773543410584
2026-09-05 22:00:00,28.1,54.0,0.0,24.7,30.0,-12.35000000000001,-21.39082747347563
2026-09-05 23:00:00,27.7,55.0,0.0,24.6,27.0,-11.168166293592854,-21.918760495033847
2026-09-06 00:00:00,27.4,54.0,0.0,23.4,26.0,-10.257884834864418,-21.031780683400502
2026-09-06 01:00:00,27.1,54.0,0.0,22.6,23.0,-8.83052350385759,-20.803409688025152
2026-09-06 02:00:00,26.4,60.0,0.0,24.1,27.0,-10.941171043723081,-21.473257232939666
2026-09-06 03:00:00,25.9,65.0,0.0,22.8,22.0,-8.541030329882801,-21.13979188412275
2026-09-06 04:00:00,25.5,68.0,0.0,20.4,17.0,-5.964382776343837,-19.508617021645918
2026-09-06 05:00:00,25.0,73.0,0.0,19.2,19.0,-6.250908565577407,-18.15395665150688
2026-09-06 06:00:00,24.7,77.0,0.0,17.9,19.0,-5.827669964783103,-16.92478250322777
2026-09-06 07:00:00,25.4,79.0,0.0,19.3,18.0,-5.964027991436488,-18.355390764496462
2026-09-06 08:00:00,26.7,73.0,0.0,22.8,26.0,-9.994862146790974,-20.492504255621004
2026-09-06 09:00:00,27.7,69.0,0.0,24.6,23.0,-9.611985760836136,-22.644419394930033
2026-09-06 10:00:00,27.7,70.0,0.0,25.0,25.0,-10.56545654351748,-22.65769467591625
2026-09-06 11:00:00,27.8,70.0,0.0,24.4,17.0,-7.133869595234785,-23.33383604549806
2026-09-06 12:00:00,27.9,72.0,0.0,23.5,11.0,-4.4840113913487984,-23.0682388110201
2026-09-06 13:00:00,27.3,75.0,0.0,25.9,11.0,-4.9419529802525055,-25.424144051294494
2026-09-06 14:00:00,27.4,74.0,0.1,24.8,16.0,-6.835806424261572,-23.83929005927031
2026-09-06 15:00:00,26.5,78.0,0.0,22.0,13.0,-4.948923195565036,-21.436141425275174
2026-09-06 16:00:00,26.5,79.0,0.0,21.9,14.0,-5.298089513632724,-21.249476405444323
2026-09-06 17:00:00,25.7,83.0,0.0,19.8,19.0,-6.446249458251701,-18.721267796866474
2026-09-06 18:00:00,25.0,89.0,0.0,15.5,25.0,-6.550583056980837,-14.047770699068076
2026-09-06 19:00:00,24.0,95.0,0.5,12.8,22.0,-4.794964395723677,-11.867953338454878
2026-09-06 20:00:00,25.2,89.0,0.4,22.2,28.0,-10.422268693846775,-19.60143656146818
2026-09-06 21:00:00,25.1,89.0,0.1,22.6,27.0,-10.26018529411376,-20.136747446657115
2026-09-06 22:00:00,25.0,80.0,0.1,24.5,33.0,-13.343656357868161,-20.547428914662888
2026-09-06 23:00:00,25.9,67.0,0.0,23.1,42.0,-15.456917006889624,-17.16664546852781
2026-09-07 00:00:00,26.9,61.0,0.0,22.0,48.0,-16.349186160502672,-14.720873339894881
2026-09-07 01:00:00,27.4,57.0,0.0,20.0,42.0,-13.382612127177163,-14.862896509547888
2026-09-07 02:00:00,27.6,52.0,0.0,23.1,42.0,-15.456917006889624,-17.16664546852781
2026-09-07 03:00:00,27.5,51.0,0.0,19.3,32.0,-10.227441799700857,-16.36732825581902
2026-09-07 04:00:00,26.8,53.0,0.0,14.2,22.0,-5.319413626505955,-13.16601073484838
2026-09-07 05:00:00,26.1,55.0,0.0,16.6,13.0,-3.7341875021081634,-16.174543075434904
2026-09-07 06:00:00,25.1,61.0,0.0,16.6,20.0,-5.677534379206098,-15.59889750504608
2026-09-07 07:00:00,25.2,68.0,0.0,14.4,22.0,-5.394334945189137,-13.351447505761737
2026-09-07 08:00:00,27.1,68.0,0.0,13.8,13.0,-3.1043245499453405,-13.446306894036246
2026-09-07 09:00:00,28.5,58.0,0.0,17.4,7.0,-2.120526575249561,-17.270303038559003
2026-09-07 10:00:00,28.1,62.0,0.0,17.8,360.0,1.0899356512411444e-15,-17.8
2026-09-07 11:00:00,27.1,68.0,0.0,16.7,359.0,0.2914551875026361,-16.697456509111735
2026-09-07 12:00:00,26.5,75.0,0.4,14.4,8.0,-2.004092653824948,-14.259860189878612
2026-09-07 13:00:00,26.9,72.0,0.1,11.8,8.0,-1.6422425913287768,-11.68516321115053
2026-09-07 14:00:00,28.5,65.0,0.0,15.2,17.0,-4.444049911785604,-14.535832290638137
2026-09-07 15:00:00,28.3,66.0,0.0,15.3,8.0,-2.129348444689007,-15.151101451746026
2026-09-07 16:00:00,28.1,67.0,0.0,15.2,19.0,-4.948635947748781,-14.371882349109615
2026-09-07 17:00:00,27.3,72.0,0.0,13.1,15.0,-3.3905294908430204,-12.653628324386794
2026-09-07 18:00:00,25.8,76.0,0.0,12.1,12.0,-2.5157314588948934,-11.835585968879046
2026-09-07 19:00:00,24.8,78.0,0.0,9.3,28.0,-4.366085533908785,-8.211412613588022
2026-09-07 20:00:00,24.8,78.0,0.0,8.3,33.0,-4.520503990624724,-6.9609657139470205
2026-09-07 21:00:00,24.1,78.0,0.0,8.4,25.0,-3.549993398621873,-7.612985411107861
2026-09-07 22:00:00,23.9,70.0,0.0,9.8,30.0,-4.900000000000005,-8.487048957087497
2026-09-07 23:00:00,24.5,56.0,0.0,13.0,43.0,-8.865978680812482,-9.507598121049217
2026-09-08 00:00:00,25.2,52.0,0.0,13.5,49.0,-10.188579333007423,-8.856796891371845
2026-09-08 01:00:00,24.6,55.0,0.0,10.0,54.0,-8.090169943749476,-5.87785252292473
2026-09-08 02:00:00,23.5,58.0,0.0,8.8,89.0,-8.798659717376244,-0.153581176648096
2026-09-08 03:00:00,21.9,66.0,0.0,4.8,103.0,-4.6769763109691285,1.079765060850553
2026-09-08 04:00:00,21.0,70.0,0.0,3.3,144.0,-1.9396913325651608,2.6697560814373262
2026-09-08 05:00:00,19.7,78.0,0.0,3.4,162.0,-1.050657780874821,3.2335921554035223
2026-09-08 06:00:00,18.9,87.0,0.0,2.9,150.0,-1.4499999999999993,2.511473670974872
2026-09-08 07:00:00,21.8,80.0,0.0,5.8,92.0,-5.796466796710755,0.20241708087450663
2026-09-08 08:00:00,26.1,60.0,0.0,6.3,55.0,-5.160657879020648,-3.613531549011591
2026-09-08 09:00:00,27.6,61.0,0.0,9.5,2.0,-0.33154521867375725,-9.49421285668141
2026-09-08 10:00:00,28.7,59.0,0.0,14.2,2.0,-0.4955728531755108,-14.191349743671159
2026-09-08 11:00:00,29.0,60.0,0.0,16.8,356.0,1.171908758901304,-16.75907604436505
2026-09-08 12:00:00,29.2,62.0,0.0,17.1,358.0,0.5967813936127685,-17.089583142026537
2026-09-08 13:00:00,29.3,61.0,0.0,17.9,5.0,-1.5600877951830825,-17.831885095842242
2026-09-08 14:00:00,29.4,58.0,0.0,18.4,12.0,-3.82557511104678,-17.997915853502022
2026-09-08 15:00:00,28.6,63.0,0.0,16.8,4.0,-1.1719087589013097,-16.75907604436505
2026-09-08 16:00:00,27.7,69.0,0.0,15.5,359.0,0.27051229977789576,-15.497639274924065
2026-09-08 17:00:00,26.5,75.0,0.0,15.1,1.0,-0.26353133720298083,-15.097700196861508
2026-09-08 18:00:00,25.5,77.0,0.0,15.5,10.0,-2.6915467538374203,-15.264520171689224
2026-09-08 19:00:00,25.0,77.0,0.0,16.5,20.0,-5.643332364873531,-15.50492824296749
2026-09-08 20:00:00,24.8,78.0,0.0,14.9,34.0,-8.331974261714125,-12.352659831070124
2026-09-08 21:00:00,24.4,77.0,0.0,13.9,33.0,-7.570482586708875,-11.657520894441394
2026-09-08 22:00:00,24.2,73.0,0.0,14.7,33.0,-8.006193814720897,-12.328457348797732
2026-09-08 23:00:00,24.2,70.0,0.0,14.4,34.0,-8.05237780997875,-11.938141044792603
2026-09-09 00:00:00,24.4,66.0,0.0,14.9,35.0,-8.546288901630591,-12.205365459905975
2026-09-09 01:00:00,23.9,66.0,0.0,12.2,38.0,-7.511069998973028,-9.613731194002009
2026-09-09 02:00:00,24.1,61.0,0.0,15.9,43.0,-10.843773924993728,-11.628523855744811
2026-09-09 03:00:00,23.5,65.0,0.0,9.5,57.0,-7.967370395481528,-5.174070832642757
2026-09-09 04:00:00,22.3,72.0,0.0,5.5,77.0,-5.359035356318794,-1.2372307988912574
2026-09-09 05:00:00,21.9,76.0,0.0,4.0,95.0,-3.984778792366982,0.3486229709906328
2026-09-09 06:00:00,21.7,80.0,0.0,4.2,83.0,-4.168693836893553,-0.5118512423016187
2026-09-09 07:00:00,23.8,75.0,0.0,6.7,56.0,-5.55455173611878,-3.746592453254003
2026-09-09 08:00:00,26.5,64.0,0.0,5.4,56.0,-4.4768028917972265,-3.0196416787420324
2026-09-09 09:00:00,28.3,56.0,0.0,11.5,11.0,-2.194303446830263,-11.288712609648135
2026-09-09 10:00:00,28.9,54.0,0.0,17.5,10.0,-3.038843109171281,-17.234135677713642
2026-09-09 11:00:00,29.0,58.0,0.0,20.6,4.0,-1.4369833591289871,-20.54981943535238
2026-09-09 12:00:00,29.0,59.0,0.0,22.1,7.0,-2.6933124892537528,-21.93526995127322
2026-09-09 13:00:00,28.5,62.0,0.0,23.9,6.0,-2.498230272096915,-23.769073299301734
2026-09-09 14:00:00,28.1,65.0,0.0,24.6,8.0,-3.4236582836176197,-24.36059449104263
2026-09-09 15:00:00,27.6,68.0,0.0,24.9,15.0,-6.444594223052763,-24.0515530745978
2026-09-09 16:00:00,26.8,72.0,0.0,22.9,18.0,-7.0764891711862985,-21.779194223159013
2026-09-09 17:00:00,25.6,77.0,0.0,20.2,20.0,-6.908806895178504,-18.98179093987535
2026-09-09 18:00:00,24.7,79.0,0.0,20.4,27.0,-9.261406194686757,-18.1765330934427
2026-09-09 19:00:00,24.5,77.0,0.0,19.0,30.0,-9.500000000000009,-16.45448267190433
2026-09-09 20:00:00,25.2,72.0,0.0,18.6,39.0,-11.705359273526984,-14.454914883099654
2026-09-09 21:00:00,25.2,70.0,0.0,15.8,37.0,-9.508677365802363,-12.618441058747226
2026-09-09 22:00:00,24.7,73.0,0.0,12.2,37.0,-7.342143282454988,-9.743353222576973
2026-09-09 23:00:00,24.3,75.0,0.0,9.6,37.0,-5.777424222259663,-7.666900896454011
2026-09-10 00:00:00,23.8,78.0,0.0,7.3,48.0,-5.424957225984977,-4.884653426419665
2026-09-10 01:00:00,23.2,81.0,0.0,5.5,71.0,-5.200352165796242,-1.7906248495143622
2026-09-10 02:00:00,22.6,83.0,0.0,3.9,114.0,-3.562827284806143,1.5862729079956217
2026-09-10 03:00:00,22.0,84.0,0.0,3.2,109.0,-3.025659441917814,1.0418180942629012
2026-09-10 04:00:00,21.6,85.0,0.0,3.9,106.0,-3.7489206141594438,1.0749856876862969
2026-09-10 05:00:00,21.5,85.0,0.0,3.8,107.0,-3.633958072659535,1.111012477946399
2026-09-10 06:00:00,21.8,85.0,0.0,3.0,115.0,-2.7189233611099497,1.2678547852220985
2026-09-10 07:00:00,24.1,78.0,0.0,5.5,52.0,-4.334059144836971,-3.38613811429112
2026-09-10 08:00:00,26.6,70.0,0.0,7.9,27.0,-3.586524947942421,-7.038951541088106
2026-09-10 09:00:00,28.0,67.0,0.0,8.9,19.0,-2.897556574668694,-8.41511532283392
2026-09-10 10:00:00,29.4,62.0,0.0,10.2,13.0,-2.2945007543074256,-9.938574660809397
2026-09-10 11:00:00,30.0,61.0,0.0,15.7,13.0,-3.5317315531986844,-15.297610017128191
2026-09-10 12:00:00,29.8,63.0,0.1,20.7,16.0,-5.705693265411877,-19.898117105923202
2026-09-10 13:00:00,29.5,64.0,0.1,24.8,17.0,-7.25081827712388,-23.716357947883278
2026-09-10 14:00:00,29.6,63.0,0.0,22.4,17.0,-6.54912618578931,-21.42122653357199
2026-09-10 15:00:00,29.1,63.0,0.0,24.5,18.0,-7.570916362186216,-23.30088464923126
2026-09-10 16:00:00,28.4,63.0,0.0,24.4,20.0,-8.345291497146311,-22.928499947176164
2026-09-10 17:00:00,27.3,67.0,0.0,24.3,21.0,-8.708341173950808,-22.686004363882
2026-09-10 18:00:00,25.9,72.0,0.0,24.7,21.0,-8.851688353768928,-23.05943653448088
2026-09-10 19:00:00,25.0,75.0,0.0,25.6,24.0,-10.412458062740484,-23.386763715650588
2026-09-10 20:00:00,25.0,77.0,0.0,23.9,29.0,-11.586949923887449,-20.90341100063156
2026-09-10 21:00:00,24.7,78.0,0.0,24.8,27.0,-11.258964393540763,-22.096961799871522
2026-09-10 22:00:00,24.6,77.0,0.0,23.4,29.0,-11.344545113764282,-20.466101147061863
2026-09-10 23:00:00,24.4,78.0,0.0,22.6,30.0,-11.300000000000011,-19.57217412552831
2026-09-11 00:00:00,24.1,80.0,0.0,20.9,31.0,-10.764295765620139,-17.914796584674143
2026-09-11 01:00:00,23.7,82.0,0.0,19.9,32.0,-10.545393358240778,-16.876157113512875
2026-09-11 02:00:00,23.6,82.0,0.0,19.9,37.0,-11.97611896072576,-15.892846649941125
2026-09-11 03:00:00,23.5,82.0,0.0,18.4,32.0,-9.75051446189097,-15.604084969278237
2026-09-11 04:00:00,23.4,82.0,0.0,18.1,33.0,-9.85796653377199,-15.179937279812176
2026-09-11 05:00:00,23.3,83.0,0.0,17.8,35.0,-10.209660567048626,-14.58090638834405
2026-09-11 06:00:00,23.3,84.0,0.0,16.6,37.0,-9.990129384324002,-13.257349466785062
2026-09-11 07:00:00,24.4,80.0,0.0,16.4,39.0,-10.32085441321734,-12.745193767894316
2026-09-11 08:00:00,26.5,78.0,0.0,19.6,39.0,-12.334679664576823,-15.232060844556624
2026-09-11 09:00:00,28.1,70.0,0.0,22.9,31.0,-11.794371915440246,-19.629131186078364
2026-09-11 10:00:00,29.3,65.0,0.0,23.4,28.0,-10.985634569189843,-20.66097367289889
2026-09-11 11:00:00,30.0,63.0,0.0,24.2,24.0,-9.843026762434363,-22.107800074950944
2026-09-11 12:00:00,30.0,64.0,0.0,26.1,19.0,-8.497328831331789,-24.67803482314217
2026-09-11 13:00:00,29.4,67.0,0.0,26.5,13.0,-5.961202940112429,-25.820806716808733
2026-09-11 14:00:00,29.8,67.0,0.0,25.5,20.0,-8.721513654804548,-23.962161830040664
2026-09-11 15:00:00,29.0,69.0,0.0,27.8,18.0,-8.590672443623543,-26.43937115300527
2026-09-11 16:00:00,28.2,72.0,0.0,26.8,20.0,-9.166139841127917,-25.183762237062346
2026-09-11 17:00:00,26.8,78.0,0.0,25.9,20.0,-8.858321712134815,-24.338038878355025
2026-09-11 18:00:00,25.8,82.0,0.0,24.8,25.0,-10.48093289116934,-22.476433118508922
2026-09-11 19:00:00,25.1,85.0,0.0,21.2,27.0,-9.624598594478394,-18.889338312793395
2026-09-11 20:00:00,25.6,83.0,0.0,21.4,33.0,-11.655275349321576,-17.947550154032072
2026-09-11 21:00:00,25.3,84.0,0.0,18.6,34.0,-10.400988004555886,-15.420098849523779
2026-09-11 22:00:00,25.1,86.0,0.0,15.7,41.0,-10.300126755150965,-11.84894040949752
2026-09-11 23:00:00,25.0,87.0,0.0,11.9,52.0,-9.377327967919992,-7.326371556375332
2026-09-12 00:00:00,25.1,86.0,0.0,14.6,40.0,-9.384699101423475,-11.184248869537077
2026-09-12 01:00:00,25.1,86.0,0.0,12.0,44.0,-8.335900445507967,-8.632077604063815
2026-09-12 02:00:00,25.2,86.0,0.0,10.2,45.0,-7.212489168102786,-7.212489168102784
2026-09-12 03:00:00,25.4,85.0,0.0,9.2,45.0,-6.505382386916239,-6.505382386916236
2026-09-12 04:00:00,25.9,83.0,0.0,9.2,45.0,-6.505382386916239,-6.505382386916236
2026-09-12 05:00:00,26.4,81.0,0.0,9.2,42.0,-6.1560015785014945,-6.8369323943920275
2026-09-12 06:00:00,26.9,79.0,0.0,9.4,40.0,-6.042203531053471,-7.2008177653183925
2026-09-12 07:00:00,27.5,77.0,0.0,9.8,36.0,-5.760295472466238,-7.928366544874485
2026-09-12 08:00:00,28.0,76.0,0.0,9.9,33.0,-5.3919264466487675,-8.302838622659698
2026-09-12 09:00:00,28.5,75.0,0.2,9.8,28.0,-4.600821315301729,-8.652886410017485
2026-09-12 10:00:00,29.0,75.0,0.2,9.7,22.0,-3.633683956134349,-8.993683389297836
2026-09-12 11:00:00,29.5,74.0,0.2,9.8,17.0,-2.8652427062828236,-9.371786608437747
2026-09-12 12:00:00,30.0,75.0,0.2,9.9,10.0,-1.7191169589026103,-9.74959675482086
2026-09-12 13:00:00,30.3,75.0,0.2,10.1,6.0,-1.055737479003299,-10.044671143219562
2026-09-12 14:00:00,30.3,76.0,0.2,10.5,4.0,-0.7324429743133186,-10.474422527728153
2026-09-12 15:00:00,30.0,78.0,0.2,11.2,6.0,-1.1707187885977175,-11.13864522812466
2026-09-12 16:00:00,29.3,80.0,0.2,12.0,7.0,-1.462432120861766,-11.910553819695865
2026-09-12 17:00:00,28.6,83.0,0.2,12.8,11.0,-2.442355140819771,-12.5648279481301
2026-09-12 18:00:00,27.7,86.0,0.2,13.8,15.0,-3.571702822414785,-13.329776402789143
2026-09-12 19:00:00,27.0,89.0,0.2,14.0,18.0,-4.326237921249266,-13.31479122813215
2026-09-12 20:00:00,26.5,91.0,0.2,13.8,20.0,-4.719877977894226,-12.967758166845536
2026-09-12 21:00:00,26.2,92.0,0.1,12.8,22.0,-4.794964395723677,-11.867953338454878
2026-09-12 22:00:00,25.9,93.0,0.1,11.1,25.0,-4.691062705321761,-10.060016436106816
2026-09-12 23:00:00,25.8,93.0,0.1,8.9,32.0,-4.716281451675525,-7.547628055792192
2026-09-13 00:00:00,25.7,93.0,0.1,6.9,39.0,-4.342310698243882,-5.362307134053097
2026-09-13 01:00:00,25.8,92.0,0.1,4.8,48.0,-3.5670951622914924,-3.2118269105225195
2026-09-13 02:00:00,25.8,92.0,0.1,3.5,66.0,-3.197409101749103,-1.4235782507653008
2026-09-13 03:00:00,26.0,91.0,0.0,2.5,90.0,-2.5,3.061616997868383e-16
2026-09-13 04:00:00,26.2,91.0,0.0,2.3,141.0,-1.4474368994146256,1.7874357113510333
2026-09-13 05:00:00,26.6,90.0,0.0,3.3,167.0,-0.7423384793347546,3.2154212137912763
2026-09-13 06:00:00,26.9,88.0,0.0,4.3,185.0,0.37476969381492997,4.283637201794505
2026-09-13 07:00:00,27.3,87.0,0.0,4.8,193.0,1.0797650608505516,4.676976310969129
2026-09-13 08:00:00,27.7,86.0,0.0,4.9,197.0,1.4326213531414103,4.685893304218874
2026-09-13 09:00:00,28.1,85.0,0.2,3.9,202.0,1.4609657143220567,3.616017032810471
2026-09-13 10:00:00,28.6,83.0,0.2,2.1,211.0,1.0815799573111138,1.800051331474436
2026-09-13 11:00:00,29.1,82.0,0.2,0.8,333.0,0.3631923997916375,-0.7128052193506943
2026-09-13 12:00:00,29.5,80.0,0.2,3.6,6.0,-0.3763024677635521,-3.5802788233257843
2026-09-13 13:00:00,29.9,79.0,0.2,6.3,13.0,-1.417191642366351,-6.1385314081469815
2026-09-13 14:00:00,30.0,79.0,0.2,8.2,15.0,-2.122316169840669,-7.92059177557036
2026-09-13 15:00:00,29.8,79.0,0.1,9.8,17.0,-2.8652427062828236,-9.371786608437747
2026-09-13 16:00:00,29.5,80.0,0.1,11.5,20.0,-3.9332316482451883,-10.806465139037947
2026-09-13 17:00:00,29.0,81.0,0.1,13.2,22.0,-4.944807033090042,-12.238826880281591
2026-09-13 18:00:00,28.5,82.0,0.1,14.7,25.0,-6.212488447588277,-13.322724469438755
2026-09-13 19:00:00,28.0,83.0,0.1,15.6,26.0,-6.8385898899096125,-14.021187122267001
2026-09-13 20:00:00,27.6,84.0,0.1,16.3,28.0,-7.6523864734100195,-14.39204576360051
2026-09-13 21:00:00,27.2,84.0,0.0,16.1,29.0,-7.805434885966024,-14.081377284944276
2026-09-13 22:00:00,26.9,84.0,0.0,15.2,31.0,-7.828578738632828,-13.028942970672103
2026-09-13 23:00:00,26.6,84.0,0.0,14.3,34.0,-7.996458519631676,-11.855237287537099
2026-09-14 00:00:00,26.4,84.0,0.0,12.9,36.0,-7.582429754572905,-10.43631922743682
2026-09-14 01:00:00,26.2,84.0,0.0,12.0,39.0,-7.5518446925980545,-9.325751537483647
2026-09-14 02:00:00,26.2,83.0,0.0,11.8,40.0,-7.584893794301166,-9.03932442880394
2026-09-14 03:00:00,26.3,82.0,0.0,11.8,40.0,-7.584893794301166,-9.03932442880394
2026-09-14 04:00:00,26.5,81.0,0.0,12.0,39.0,-7.5518446925980545,-9.325751537483647
2026-09-14 05:00:00,26.9,80.0,0.0,12.6,37.0,-7.582869291715808,-10.062807426595889
2026-09-14 06:00:00,27.2,79.0,0.0,13.5,34.0,-7.549104196855079,-11.192007229493065
2026-09-14 07:00:00,27.6,78.0,0.0,14.4,32.0,-7.630837404958152,-12.211892584652533
2026-09-14 08:00:00,28.0,77.0,0.0,15.8,30.0,-7.9000000000000075,-13.683201379794127
2026-09-14 09:00:00,28.4,76.0,0.1,17.9,28.0,-8.403540973867443,-15.804761912174792
2026-09-14 10:00:00,28.8,74.0,0.1,20.4,26.0,-8.942771394497186,-18.335398544503
2026-09-14 11:00:00,29.3,73.0,0.1,23.7,24.0,-9.639658440896461,-21.65102734612964
2026-09-14 12:00:00,29.7,72.0,0.1,26.6,23.0,-10.393448017814684,-24.485429101834914
2026-09-14 13:00:00,29.9,71.0,0.1,28.9,23.0,-11.292129613340013,-26.60259026477552
2026-09-14 14:00:00,30.0,71.0,0.1,30.5,23.0,-11.917299418922852,-28.07539803029943
2026-09-14 15:00:00,29.8,72.0,0.1,31.1,24.0,-12.649509599657383,-28.41126373268489
2026-09-14 16:00:00,29.3,73.0,0.1,30.6,25.0,-12.932118809265395,-27.733018283321492
2026-09-14 17:00:00,28.8,75.0,0.1,29.9,27.0,-13.574315942212452,-26.641095073232197
2026-09-14 18:00:00,28.2,76.0,0.1,29.2,29.0,-14.156440911193036,-25.538895448470363
2026-09-14 19:00:00,27.6,78.0,0.1,28.1,31.0,-14.472569904972532,-24.08640114972935
2026-09-14 20:00:00,27.2,79.0,0.1,27.2,32.0,-14.413803987143176,-23.066908215454784
2026-09-14 21:00:00,26.9,80.0,0.0,26.3,33.0,-14.32400662089521,-22.057035936964652
2026-09-14 22:00:00,26.7,80.0,0.0,25.0,33.0,-13.615975875375675,-20.9667641986356
2026-09-14 23:00:00,26.5,80.0,0.0,23.9,34.0,-13.364710392950842,-19.813997984065498
2026-09-15 00:00:00,26.3,80.0,0.0,22.6,34.0,-12.637759618438873,-18.736249139743947
2026-09-15 01:00:00,26.2,80.0,0.0,21.8,34.0,-12.190405295662275,-18.07301908169991
2026-09-15 02:00:00,26.2,80.0,0.0,21.3,34.0,-11.910808843926903,-17.658500295422392
2026-09-15 03:00:00,26.2,80.0,0.0,21.6,33.0,-11.764203156324584,-18.11528426762116
2026-09-15 04:00:00,26.4,79.0,0.0,22.2,32.0,-11.764207665977152,-18.826667734672654
2026-09-15 05:00:00,26.6,78.0,0.0,23.3,32.0,-12.347118856633678,-19.759520640444727
2026-09-15 06:00:00,26.8,77.0,0.0,24.4,31.0,-12.56692902780533,-20.914882137131535
2026-09-15 07:00:00,27.1,76.0,0.0,25.6,29.0,-12.411126278306224,-22.390264502768538
2026-09-15 08:00:00,27.3,75.0,0.0,26.7,29.0,-12.944416860577194,-23.352346180621872
2026-09-15 09:00:00,27.7,73.0,0.0,28.0,28.0,-13.145203758004941,-24.722532600049956
2026-09-15 10:00:00,28.1,71.0,0.0,29.5,27.0,-13.392719742316634,-26.28469246355685
2026-09-15 11:00:00,28.6,69.0,0.0,30.8,26.0,-13.501831321103595,-27.68285662601434
2026-09-15 12:00:00,29.0,67.0,0.0,32.2,25.0,-13.608308028050514,-29.183110742580133
2026-09-15 13:00:00,29.3,66.0,0.0,33.2,24.0,-13.503656550116565,-30.329709193734356
2026-09-15 14:00:00,29.4,65.0,0.0,33.5,24.0,-13.625677543039304,-30.603772831027133
2026-09-15 15:00:00,29.2,65.0,0.0,33.2,24.0,-13.503656550116565,-30.329709193734356
2026-09-15 16:00:00,28.7,66.0,0.0,31.9,25.0,-13.481522549528302,-28.911218406469136
2026-09-15 17:00:00,28.1,68.0,0.0,30.6,27.0,-13.892109292030137,-27.264799640164057
2026-09-15 18:00:00,27.5,70.0,0.0,29.0,28.0,-13.614675320790832,-25.60548019290888
2026-09-15 19:00:00,26.9,72.0,0.0,27.2,29.0,-13.186821670700361,-23.78965603419157
2026-09-15 20:00:00,26.4,73.0,0.0,26.0,31.0,-13.390989947661417,-22.286349818254916
2026-09-15 21:00:00,26.1,74.0,0.0,24.6,32.0,-13.036013900136844,-20.86198316544808
2026-09-15 22:00:00,25.8,75.0,0.0,22.9,33.0,-12.472233901844117,-19.20555600595021
2026-09-15 23:00:00,25.5,76.0,0.0,21.5,35.0,-12.331893381547497,-17.611768952213318
2026-09-16 00:00:00,25.3,77.0,0.0,20.1,36.0,-11.814483571078712,-16.261241586936443
2026-09-16 01:00:00,25.2,78.0,0.0,19.0,37.0,-11.434485439888917,-15.174074690898564
2026-09-16 02:00:00,25.2,78.0,0.0,18.5,37.0,-11.133577928312892,-14.774756935874917
2026-09-16 03:00:00,25.3,78.0,0.0,18.5,37.0,-11.133577928312892,-14.774756935874917
2026-09-16 04:00:00,25.4,77.0,0.0,19.1,36.0,-11.226698318786239,-15.452224592561496
2026-09-16 05:00:00,25.7,76.0,0.0,20.0,34.0,-11.183858069414931,-16.580751451100838
2026-09-16 06:00:00,26.0,75.0,0.0,21.4,33.0,-11.655275349321576,-17.947550154032072
2026-09-16 07:00:00,26.3,74.0,0.0,22.6,31.0,-11.639860492967232,-19.371980995867734
2026-09-16 08:00:00,26.7,73.0,0.0,23.5,29.0,-11.393026075788915,-20.553563117775806
2026-09-16 09:00:00,27.1,72.0,0.0,24.5,28.0,-11.502053288254324,-21.63221602504371
2026-09-16 10:00:00,27.6,70.0,0.0,25.9,25.0,-10.945812979084108,-23.473371684249233
2026-09-16 11:00:00,28.1,68.0,0.0,27.1,23.0,-10.588813582059322,-24.94568152856113
2026-09-16 12:00:00,28.6,66.0,0.0,28.3,22.0,-10.601366593670319,-26.23930308424008
2026-09-16 13:00:00,29.0,65.0,0.0,28.8,20.0,-9.850180127779254,-27.063147478634164
2026-09-16 14:00:00,29.1,65.0,0.0,29.2,20.0,-9.98698818510952,-27.439024526948526
2026-09-16 15:00:00,28.9,66.0,0.0,28.8,20.0,-9.850180127779254,-27.063147478634164
2026-09-16 16:00:00,28.5,67.0,0.0,27.5,22.0,-10.301681318937588,-25.497556000586652
2026-09-16 17:00:00,27.9,69.0,0.0,26.3,23.0,-10.276228679267902,-24.20927764579918
2026-09-16 18:00:00,27.2,71.0,0.0,24.6,25.0,-10.3964092388212,-22.295171561101593
2026-09-16 19:00:00,26.7,73.0,0.0,23.0,27.0,-10.441781494009579,-20.49315005633246
2026-09-16 20:00:00,26.2,75.0,0.0,21.7,29.0,-10.520368759345509,-18.979247644924893
2026-09-16 21:00:00,25.9,76.0,0.0,20.3,30.0,-10.15000000000001,-17.5803156968241
2026-09-16 22:00:00,25.6,77.0,0.0,18.8,32.0,-9.962482167584255,-15.943304207740809
2026-09-16 23:00:00,25.3,78.0,0.0,17.4,34.0,-9.72995652039099,-14.425253762457727
2026-09-17 00:00:00,25.2,79.0,0.0,15.7,37.0,-9.448495863487157,-12.538577507742497
2026-09-17 01:00:00,25.1,80.0,0.0,14.6,38.0,-8.988657539754607,-11.504957002658143
2026-09-17 02:00:00,25.1,80.0,0.0,13.8,39.0,-8.684621396487763,-10.724614268106194
2026-09-17 03:00:00,25.2,80.0,0.0,13.3,38.0,-8.188297621831254,-10.480543022969405
2026-09-17 04:00:00,25.5,80.0,0.0,13.3,38.0,-8.188297621831254,-10.480543022969405
2026-09-17 05:00:00,25.9,79.0,0.0,13.9,37.0,-8.36522882181347,-11.101033589657371
2026-09-17 06:00:00,26.3,79.0,0.0,14.2,36.0,-8.34655058255312,-11.488041320124251
2026-09-17 07:00:00,26.7,78.0,0.0,14.9,32.0,-7.895797037074755,-12.635916632730748
2026-09-17 08:00:00,27.2,77.0,0.0,15.5,31.0,-7.983090161105845,-13.286093160882738
2026-09-17 09:00:00,27.7,76.0,0.0,16.4,29.0,-7.950877772039924,-14.343763197086092
2026-09-17 10:00:00,28.3,74.0,0.0,17.9,25.0,-7.564866885158515,-16.222909387956033
2026-09-17 11:00:00,28.9,72.0,0.0,19.9,22.0,-7.454671208976654,-18.450958705879067
2026-09-17 12:00:00,29.4,70.0,0.0,21.1,20.0,-7.216625024171607,-19.82751429858267
2026-09-17 13:00:00,29.8,69.0,0.0,22.4,19.0,-7.292726659840309,-21.179616093424695
2026-09-17 14:00:00,29.9,69.0,0.0,23.1,18.0,-7.138292570061289,-21.969405526418047
2026-09-17 15:00:00,29.7,70.0,0.0,23.1,18.0,-7.138292570061289,-21.969405526418047
2026-09-17 16:00:00,29.3,72.0,0.0,22.2,20.0,-7.592847181829842,-20.861176181447167
2026-09-17 17:00:00,28.7,74.0,0.0,21.3,22.0,-7.979120439758932,-19.74901610227257
2026-09-17 18:00:00,28.0,77.0,0.0,20.0,23.0,-7.8146225697854765,-18.410097069048806
2026-09-17 19:00:00,27.4,79.0,0.0,18.8,26.0,-8.241377559634662,-16.897328070424336
2026-09-17 20:00:00,27.0,81.0,0.0,17.9,28.0,-8.403540973867443,-15.804761912174792
2026-09-17 21:00:00,26.6,82.0,0.0,16.9,29.0,-8.193282582163091,-14.78107305065579
2026-09-17 22:00:00,26.3,83.0,0.0,15.5,31.0,-7.983090161105845,-13.286093160882738
2026-09-17 23:00:00,26.0,84.0,0.0,14.3,34.0,-7.996458519631676,-11.855237287537099
2026-09-18 00:00:00,25.8,85.0,0.0,12.9,36.0,-7.582429754572905,-10.43631922743682
2026-09-18 01:00:00,25.7,85.0,0.0,12.3,38.0,-7.5726361465055945,-9.692532269362683
2026-09-18 02:00:00,25.7,85.0,0.0,11.5,39.0,-7.237184497073135,-8.937178556755162
2026-09-18 03:00:00,25.8,85.0,0.0,11.2,40.0,-7.199221228489241,-8.579697762932552
2026-09-18 04:00:00,26.1,84.0,0.0,11.3,37.0,-6.800509761618146,-9.02458126353441
2026-09-18 05:00:00,26.5,83.0,0.0,11.3,37.0,-6.800509761618146,-9.02458126353441
2026-09-18 06:00:00,26.9,82.0,0.0,11.7,34.0,-6.542556970607735,-9.69973959889399
2026-09-18 07:00:00,27.3,81.0,0.0,12.3,32.0,-6.518006950068422,-10.43099158272404
2026-09-18 08:00:00,27.7,80.0,0.0,13.2,29.0,-6.399486987251646,-11.544980134240026
2026-09-18 09:00:00,28.1,79.0,0.0,14.5,27.0,-6.5828622462234305,-12.919594600731333
2026-09-18 10:00:00,28.6,77.0,0.0,16.5,23.0,-6.447063620073018,-15.188330081965264
2026-09-18 11:00:00,29.1,75.0,0.0,18.9,21.0,-6.773154246406183,-17.64467006079711
2026-09-18 12:00:00,29.6,73.0,0.0,20.9,19.0,-6.804374428154573,-19.76133823002572
2026-09-18 13:00:00,29.8,72.0,0.0,22.8,18.0,-7.045587471748805,-21.6840885715295
2026-09-18 14:00:00,29.9,72.0,0.0,23.5,18.0,-7.261899367811267,-22.349828132936107
2026-09-18 15:00:00,29.7,73.0,0.0,23.2,19.0,-7.553181183406034,-21.93603095390415
2026-09-18 16:00:00,29.3,75.0,0.0,22.7,20.0,-7.7638572534926755,-21.33102249184012
2026-09-18 17:00:00,28.7,77.0,0.0,21.3,22.0,-7.979120439758932,-19.74901610227257
2026-09-18 18:00:00,28.0,79.0,0.0,19.8,25.0,-8.367841582465843,-17.944894183325673
2026-09-18 19:00:00,27.4,81.0,0.0,18.7,28.0,-8.779118224096157,-16.511119986461935
2026-09-18 20:00:00,27.0,83.0,0.0,17.4,30.0,-8.700000000000006,-15.068842025849227
2026-09-18 21:00:00,26.6,84.0,0.0,16.5,32.0,-8.743667859847882,-13.992793586581028
2026-09-18 22:00:00,26.3,85.0,0.0,15.4,33.0,-8.387441139231415,-12.91552674635953
2026-09-18 23:00:00,26.0,85.0,0.0,14.3,34.0,-7.996458519631676,-11.855237287537099
2026-09-19 00:00:00,25.7,85.0,0.0,13.0,34.0,-7.269507745119705,-10.777488443215544
2026-09-19 01:00:00,25.6,85.0,0.0,12.5,33.0,-6.807987937687837,-10.4833820993178
2026-09-19 02:00:00,25.5,85.0,0.0,12.2,34.0,-6.822153422343108,-10.11425838517151
2026-09-19 03:00:00,25.6,85.0,0.0,12.5,33.0,-6.807987937687837,-10.4833820993178
2026-09-19 04:00:00,25.8,84.0,0.0,13.1,32.0,-6.941942361454985,-11.10943005964918
2026-09-19 05:00:00,26.1,83.0,0.0,13.9,31.0,-7.159029241249757,-11.914625479759358
2026-09-19 06:00:00,26.4,82.0,0.0,15.0,30.0,-7.500000000000007,-12.990381056766577
2026-09-19 07:00:00,26.8,80.0,0.0,16.4,29.0,-7.950877772039924,-14.343763197086092
2026-09-19 08:00:00,27.2,79.0,0.0,17.4,27.0,-7.899434695468115,-15.503513520877599
2026-09-19 09:00:00,27.6,77.0,0.0,18.7,25.0,-7.902961494551074,-16.947955617585354
2026-09-19 10:00:00,28.2,74.0,0.0,20.3,23.0,-7.931841908332259,-18.686248525084537
2026-09-19 11:00:00,28.9,71.0,0.0,22.0,21.0,-7.884094889996616,-20.538769382938437
2026-09-19 12:00:00,29.4,69.0,0.0,23.7,20.0,-8.105877396818345,-22.27071511262603
2026-09-19 13:00:00,29.8,67.0,0.0,25.2,19.0,-8.204317492320348,-23.827068105102782
2026-09-19 14:00:00,29.9,66.0,0.0,25.5,19.0,-8.301987938657495,-24.11072367778258
2026-09-19 15:00:00,29.7,67.0,0.0,25.3,20.0,-8.653109626139415,-23.774223305883485
2026-09-19 16:00:00,29.2,69.0,0.0,24.4,22.0,-9.14040087934826,-22.62328605142961
2026-09-19 17:00:00,28.5,71.0,0.0,23.0,25.0,-9.72022002003608,-20.845079101842952
2026-09-19 18:00:00,27.7,74.0,0.0,21.6,28.0,-10.140585756175241,-19.071668005752823
2026-09-19 19:00:00,27.0,76.0,0.0,20.2,31.0,-10.4037691131831,-17.314779474182664
2026-09-19 20:00:00,26.5,78.0,0.0,19.0,33.0,-10.348141665285512,-15.934740790963057
2026-09-19 21:00:00,26.1,79.0,0.0,17.9,34.0,-10.009552972126363,-14.839772548735247
2026-09-19 22:00:00,25.8,79.0,0.0,16.5,36.0,-9.698456662825809,-13.34878040718663
2026-09-19 23:00:00,25.5,80.0,0.0,15.2,36.0,-8.934335834845593,-12.2970583144992
2026-09-20 00:00:00,25.3,80.0,0.0,14.1,38.0,-8.68082680209178,-11.110951625854781
2026-09-20 01:00:00,25.2,79.0,0.0,13.1,37.0,-7.883776803291832,-10.462125181619536
2026-09-20 02:00:00,25.2,79.0,0.0,12.6,37.0,-7.582869291715808,-10.062807426595889
2026-09-20 03:00:00,25.4,78.0,0.0,12.6,37.0,-7.582869291715808,-10.062807426595889
2026-09-20 04:00:00,25.8,77.0,0.0,13.2,35.0,-7.571208959833812,-10.812806984614689
2026-09-20 05:00:00,26.2,76.0,0.0,13.8,33.0,-7.516018683207372,-11.573653837646852
2026-09-20 06:00:00,26.7,75.0,0.0,14.9,32.0,-7.895797037074755,-12.635916632730748
2026-09-20 07:00:00,27.2,74.0,0.0,16.1,29.0,-7.805434885966024,-14.081377284944276
2026-09-20 08:00:00,27.6,73.0,0.0,17.1,28.0,-8.027963723638733,-15.098403837887652
2026-09-20 09:00:00,28.0,72.0,0.0,18.4,26.0,-8.06602910091903,-16.53781045190467
2026-09-20 10:00:00,28.4,71.0,0.0,19.9,22.0,-7.454671208976654,-18.450958705879067
2026-09-20 11:00:00,28.9,70.0,0.0,21.9,20.0,-7.490241138832141,-20.579268395211393
2026-09-20 12:00:00,29.3,69.0,0.0,23.5,18.0,-7.261899367811267,-22.349828132936107
2026-09-20 13:00:00,29.5,69.0,0.0,24.5,17.0,-7.163106765707059,-23.429466521094366
2026-09-20 14:00:00,29.6,69.0,0.0,24.8,17.0,-7.25081827712388,-23.716357947883278
2026-09-20 15:00:00,29.4,70.0,0.0,24.2,18.0,-7.478211263873731,-23.015567694342714
2026-09-20 16:00:00,28.9,72.0,0.0,22.8,21.0,-8.170789249632856,-21.285633724136197
2026-09-20 17:00:00,28.3,74.0,0.0,21.1,25.0,-8.917245322728753,-19.123094306473316
2026-09-20 18:00:00,27.7,77.0,0.0,19.5,30.0,-9.750000000000009,-16.887495373796547
2026-09-20 19:00:00,27.1,79.0,0.0,17.6,35.0,-10.094945279778416,-14.417075979486253
2026-09-20 20:00:00,26.7,80.0,0.0,16.6,39.0,-10.446718491427308,-12.900622960185713
2026-09-20 21:00:00,26.3,81.0,0.0,15.6,40.0,-10.027486711110015,-11.950293312656054
2026-09-20 22:00:00,26.0,81.0,0.0,14.5,42.0,-9.702393792203443,-10.775599969422219
2026-09-20 23:00:00,25.7,81.0,0.0,13.8,41.0,-9.053614600069,-10.414992207074254
2026-09-21 00:00:00,25.5,81.0,0.0,12.5,39.0,-7.866504888122973,-9.714324518212132
2026-09-21 01:00:00,25.4,81.0,0.0,11.8,38.0,-7.264805408842766,-9.298526892559321
2026-09-21 02:00:00,25.4,80.0,0.0,11.6,36.0,-6.81830892659269,-9.38459713474939
2026-09-21 03:00:00,25.6,79.0,0.0,11.6,36.0,-6.81830892659269,-9.38459713474939
2026-09-21 04:00:00,25.8,78.0,0.0,11.9,35.0,-6.825559592577452,-9.747909327039
2026-09-21 05:00:00,26.2,77.0,0.0,12.5,33.0,-6.807987937687837,-10.4833820993178
2026-09-21 06:00:00,26.6,75.0,0.0,13.3,33.0,-7.2436991656998595,-11.154318553674141
2026-09-21 07:00:00,27.0,73.0,0.0,13.9,31.0,-7.159029241249757,-11.914625479759358
2026-09-21 08:00:00,27.4,72.0,0.0,14.8,29.0,-7.175182379645785,-12.944371665663061
2026-09-21 09:00:00,27.8,70.0,0.0,16.1,27.0,-7.309247045806706,-14.345205039432722
2026-09-21 10:00:00,28.3,68.0,0.0,17.6,23.0,-6.8768678614112195,-16.20088542076295
2026-09-21 11:00:00,28.9,66.0,0.0,19.5,19.0,-6.348579011914555,-18.43761222418668
2026-09-21 12:00:00,29.3,65.0,0.0,21.1,17.0,-6.1690429696497535,-20.17803035082005
2026-09-21 13:00:00,29.6,63.0,0.0,22.1,16.0,-6.091585563555676,-21.24388348023685
2026-09-21 14:00:00,29.7,63.0,0.0,22.5,16.0,-6.201840505882475,-21.62838815861218
2026-09-21 15:00:00,29.5,64.0,0.0,21.9,17.0,-6.402940333427942,-20.943074155590473
2026-09-21 16:00:00,29.0,65.0,0.0,20.3,20.0,-6.943008909511072,-19.07576020195394
2026-09-21 17:00:00,28.4,67.0,0.0,18.1,23.0,-7.072233425655857,-16.66113784748917
2026-09-21 18:00:00,27.7,70.0,0.0,16.4,29.0,-7.950877772039924,-14.343763197086092
2026-09-21 19:00:00,27.1,72.0,0.0,14.5,35.0,-8.316858327090172,-11.877704642190379
2026-09-21 20:00:00,26.6,73.0,0.0,13.3,38.0,-8.188297621831254,-10.480543022969405
2026-09-21 21:00:00,26.2,74.0,0.0,12.3,40.0,-7.906287599144436,-9.422346650363428
2026-09-21 22:00:00,25.9,74.0,0.0,11.8,40.0,-7.584893794301166,-9.03932442880394
2026-09-21 23:00:00,25.6,74.0,0.0,10.7,40.0,-6.8778274236459715,-8.196675541373063
2026-09-22 00:00:00,25.3,74.0,0.0,10.5,38.0,-6.46444549091941,-8.274112912870581
2026-09-22 01:00:00,25.1,74.0,0.0,10.1,35.0,-5.793122007145568,-8.273435647318815
2026-09-22 02:00:00,25.1,73.0,0.0,9.9,33.0,-5.3919264466487675,-8.302838622659698
2026-09-22 03:00:00,25.3,72.0,0.0,10.2,32.0,-5.405176495178691,-8.650090580795544
2026-09-22 04:00:00,25.5,71.0,0.0,10.5,31.0,-5.407899786555572,-9.000256657372177
2026-09-22 05:00:00,25.9,70.0,0.0,10.8,30.0,-5.400000000000005,-9.353074360871934
2026-09-22 06:00:00,26.4,69.0,0.0,11.8,27.0,-5.357087896926654,-10.51387698542274
2026-09-22 07:00:00,26.8,67.0,0.0,12.6,27.0,-5.720280296718291,-11.226682204773434
2026-09-22 08:00:00,27.2,66.0,0.0,13.5,25.0,-5.705346533499439,-12.235155124994776
2026-09-22 09:00:00,27.7,64.0,0.0,14.8,23.0,-5.782820701641253,-13.623471831096117
2026-09-22 10:00:00,28.2,63.0,0.0,17.0,21.0,-6.092255142270112,-15.870867250452427
2026-09-22 11:00:00,28.7,61.0,0.0,19.0,19.0,-6.185794934685976,-17.96485293638702
2026-09-22 12:00:00,29.2,59.0,0.0,20.8,18.0,-6.42755348299891,-19.781975538939193
2026-09-22 13:00:00,29.5,58.0,0.0,22.2,17.0,-6.490651844844764,-21.229965582379382
2026-09-22 14:00:00,29.6,58.0,0.0,23.0,17.0,-6.724549208622953,-21.995009387149814
2026-09-22 15:00:00,29.3,59.0,0.0,22.8,18.0,-7.045587471748805,-21.6840885715295
2026-09-22 16:00:00,28.8,61.0,0.0,21.5,21.0,-7.704910915223965,-20.071979169689836
2026-09-22 17:00:00,28.2,64.0,0.0,20.0,23.0,-7.8146225697854765,-18.410097069048806
2026-09-22 18:00:00,27.5,67.0,0.0,18.2,27.0,-8.262627095259754,-16.216318740228292
2026-09-22 19:00:00,26.8,70.0,0.0,16.6,30.0,-8.300000000000008,-14.376021702821678
2026-09-22 20:00:00,26.3,72.0,0.0,15.1,33.0,-8.224049428726907,-12.663925575975902
2026-09-22 21:00:00,25.9,73.0,0.0,13.4,36.0,-7.876322380719142,-10.840827724624294
2026-09-22 22:00:00,25.5,74.0,0.0,11.3,37.0,-6.800509761618146,-9.02458126353441
2026-09-22 23:00:00,25.2,75.0,0.0,9.4,40.0,-6.042203531053471,-7.2008177653183925
2026-09-23 00:00:00,24.9,76.0,0.0,7.7,41.0,-5.051654523226906,-5.811263767715345
2026-09-23 01:00:00,24.7,76.0,0.0,6.1,40.0,-3.9210044190878905,-4.672871103025765
2026-09-23 02:00:00,24.7,76.0,0.0,5.4,42.0,-3.613305274337834,-4.01298205757793
2026-09-23 03:00:00,24.9,75.0,0.0,5.4,42.0,-3.613305274337834,-4.01298205757793
2026-09-23 04:00:00,25.2,75.0,0.0,5.9,38.0,-3.632402704421383,-4.649263446279661
2026-09-23 05:00:00,25.5,73.0,0.0,7.0,35.0,-4.015035054457325,-5.734064310022941
2026-09-23 06:00:00,26.0,72.0,0.0,8.1,32.0,-4.292346040288961,-6.86918957886705
2026-09-23 07:00:00,26.5,70.0,0.0,9.5,29.0,-4.6056913923402,-8.308887217824262
2026-09-23 08:00:00,26.9,69.0,0.0,10.9,27.0,-4.9484964471610615,-9.71197111365321
2026-09-23 09:00:00,27.3,67.0,0.0,12.7,25.0,-5.3672519241068795,-11.510108895365455
2026-09-23 10:00:00,27.9,65.0,0.0,14.8,23.0,-5.782820701641253,-13.623471831096117
2026-09-23 11:00:00,28.5,63.0,0.0,17.3,21.0,-6.199765527133702,-16.15094137840159
2026-09-23 12:00:00,29.0,61.0,0.0,19.5,19.0,-6.348579011914555,-18.43761222418668
2026-09-23 13:00:00,29.3,60.0,0.0,21.2,18.0,-6.5511602807488885,-20.162398145457253
2026-09-23 14:00:00,29.4,60.0,0.0,22.0,18.0,-6.798373876248847,-20.923243358493377
2026-09-23 15:00:00,29.2,61.0,0.0,21.7,19.0,-7.064828951720299,-20.517753090505174
2026-09-23 16:00:00,28.7,64.0,0.0,20.4,21.0,-7.310706170724134,-19.045040700542913
2026-09-23 17:00:00,28.0,67.0,0.0,18.9,24.0,-7.6873225541326216,-17.266009149445157
2026-09-23 18:00:00,27.3,70.0,0.0,16.9,27.0,-7.672439445598342,-15.058010258783414
2026-09-23 19:00:00,26.6,73.0,0.0,14.9,32.0,-7.895797037074755,-12.635916632730748
2026-09-23 20:00:00,26.1,75.0,0.0,13.2,35.0,-7.571208959833812,-10.812806984614689
2026-09-23 21:00:00,25.6,77.0,0.0,11.5,39.0,-7.237184497073135,-8.937178556755162
2026-09-23 22:00:00,25.2,79.0,0.0,9.4,43.0,-6.410784584587487,-6.874724795220202
2026-09-23 23:00:00,24.8,80.0,0.0,7.1,49.0,-5.358438019581682,-4.6580191058326
2026-09-24 00:00:00,24.5,81.0,0.0,5.3,62.0,-4.679622242152313,-2.4881992827652213
2026-09-24 01:00:00,24.4,82.0,0.0,3.8,73.0,-3.6339580726595346,-1.1110124779463997
2026-09-24 02:00:00,24.3,82.0,0.0,3.2,90.0,-3.2,3.9188697572715305e-16
2026-09-24 03:00:00,24.5,81.0,0.0,2.9,97.0,-2.8783838397598336,0.35342109587492787
2026-09-24 04:00:00,24.8,80.0,0.0,2.9,90.0,-2.9,3.5514757175273243e-16
2026-09-24 05:00:00,25.2,78.0,0.0,3.3,77.0,-3.2154212137912763,-0.7423384793347544
2026-09-24 06:00:00,25.6,76.0,0.0,3.7,61.0,-3.236092916415765,-1.7937955949114468
2026-09-24 07:00:00,26.1,74.0,0.0,4.6,51.0,-3.5748714227020653,-2.894873798829253
2026-09-24 08:00:00,26.6,72.0,0.0,5.4,42.0,-3.613305274337834,-4.01298205757793
2026-09-24 09:00:00,27.2,70.0,0.0,6.5,34.0,-3.6347538725598527,-5.388744221607772
2026-09-24 10:00:00,27.8,67.0,0.0,8.4,25.0,-3.549993398621873,-7.612985411107861
2026-09-24 11:00:00,28.5,65.0,0.0,10.2,18.0,-3.1519733426244647,-9.700776466210565
2026-09-24 12:00:00,29.1,63.0,0.0,12.3,15.0,-3.1834742547610038,-11.88088766335554
2026-09-24 13:00:00,29.6,61.0,0.0,13.7,14.0,-3.3143299697154487,-13.293051449981151
2026-09-24 14:00:00,29.7,61.0,0.0,14.4,13.0,-3.23929518255166,-14.030928932907386
2026-09-24 15:00:00,29.5,62.0,0.0,14.1,15.0,-3.6493485359455407,-13.619554150675864
2026-09-24 16:00:00,29.0,65.0,0.0,13.6,17.0,-3.9762551842292244,-13.00574468109728
2026-09-24 17:00:00,28.4,69.0,0.0,12.4,22.0,-4.645121758357313,-11.497079796628164
2026-09-24 18:00:00,27.6,73.0,0.0,10.9,27.0,-4.9484964471610615,-9.71197111365321
2026-09-24 19:00:00,26.9,76.0,0.0,9.6,34.0,-5.368251873319167,-7.958760696528401
2026-09-24 20:00:00,26.4,79.0,0.0,8.2,41.0,-5.379684037722159,-6.18861855782673
2026-09-24 21:00:00,25.9,81.0,0.0,6.6,49.0,-4.981083229470296,-4.3299895913373465
2026-09-24 22:00:00,25.5,82.0,0.0,5.3,62.0,-4.679622242152313,-2.4881992827652213
2026-09-24 23:00:00,25.1,84.0,0.0,4.0,85.0,-3.984778792366982,-0.3486229709906318
2026-09-25 00:00:00,24.7,85.0,0.0,3.5,114.0,-3.197409101749103,1.4235782507653014
2026-09-25 01:00:00,24.5,85.0,0.0,4.1,135.0,-2.8991378028648445,2.899137802864845
2026-09-25 02:00:00,24.4,85.0,0.0,4.5,151.0,-2.1816432911085166,3.9357886821272814
2026-09-25 03:00:00,24.5,84.0,0.0,4.7,157.0,-1.8364363038995868,4.326372811226469
2026-09-25 04:00:00,24.8,83.0,0.0,4.5,166.0,-1.088648530198505,4.366330768241984
2026-09-25 05:00:00,25.2,82.0,0.0,4.0,170.0,-0.6945927106677212,3.939231012048832
2026-09-25 06:00:00,25.7,80.0,0.0,3.3,174.0,-0.3449439287832567,3.2819222547153015
2026-09-25 07:00:00,26.2,78.0,0.0,2.5,172.0,-0.3479327524001634,2.475670171853926
2026-09-25 08:00:00,26.7,76.0,0.0,1.4,180.0,8.572527594031472e-17,1.4
2026-09-25 09:00:00,27.2,74.0,0.0,0.0,270.0,0.0,0.0
2026-09-25 10:00:00,27.9,71.0,0.0,2.2,360.0,1.3471114790620887e-16,-2.2
2026-09-25 11:00:00,28.5,69.0,0.0,4.3,360.0,2.632990618166809e-16,-4.3
2026-09-25 12:00:00,29.1,67.0,0.0,6.5,360.0,3.9801020972288977e-16,-6.5
2026-09-25 13:00:00,29.6,65.0,0.0,7.9,3.0,-0.41345405431926,-7.889173324561134
2026-09-25 14:00:00,29.7,65.0,0.0,9.0,5.0,-0.7844016847289242,-8.96575228282571
2026-09-25 15:00:00,29.5,66.0,0.0,9.1,9.0,-1.4235536318661024,-8.987963899415753
2026-09-25 16:00:00,29.0,69.0,0.0,8.9,14.0,-2.1531048708370433,-8.635631963856369
2026-09-25 17:00:00,28.4,73.0,0.0,8.6,22.0,-3.2216167033768457,-7.97378114927437
2026-09-25 18:00:00,27.6,76.0,0.0,7.9,30.0,-3.9500000000000037,-6.841600689897064
2026-09-25 19:00:00,27.0,80.0,0.0,7.1,41.0,-4.658019105832602,-5.358438019581681
2026-09-25 20:00:00,26.4,82.0,0.0,6.6,49.0,-4.981083229470296,-4.3299895913373465
2026-09-25 21:00:00,26.0,84.0,0.0,5.5,58.0,-4.664264528860343,-2.914555953282626
2026-09-25 22:00:00,25.6,85.0,0.0,4.5,76.0,-4.366330768241984,-1.0886485301985038
2026-09-25 23:00:00,25.2,86.0,0.0,3.3,103.0,-3.215421213791276,0.7423384793347552
2026-09-26 00:00:00,24.9,87.0,0.0,3.6,143.0,-2.1665340833473743,2.8750878361702537
2026-09-26 01:00:00,24.7,87.0,0.0,4.6,162.0,-1.4214781741247577,4.374859974957706
2026-09-26 02:00:00,24.6,87.0,0.0,5.4,172.0,-0.7515347451843529,5.34744757120448
2026-09-26 03:00:00,24.8,86.0,0.0,6.1,177.0,-0.3192493330819574,6.0916401620029
2026-09-26 04:00:00,25.1,84.0,0.0,6.1,180.0,3.735172737399427e-16,6.1
2026-09-26 05:00:00,25.6,82.0,0.0,6.1,183.0,0.3192493330819582,6.0916401620029
2026-09-26 06:00:00,26.1,80.0,0.0,5.8,187.0,0.7068421917498554,5.756767679519667
2026-09-26 07:00:00,26.6,78.0,0.0,5.5,191.0,1.049449474570997,5.3989495089621515
2026-09-26 08:00:00,27.1,76.0,0.0,5.2,196.0,1.4333142502483958,4.998560818879258
2026-09-26 09:00:00,27.7,74.0,0.0,4.8,207.0,2.1791543987498248,4.276831316104166
2026-09-26 10:00:00,28.3,72.0,0.0,4.6,225.0,3.2526911934581184,3.252691193458118
2026-09-26 11:00:00,28.9,69.0,0.0,4.8,243.0,4.276831316104166,2.1791543987498243
2026-09-26 12:00:00,29.5,68.0,0.0,5.2,258.0,5.08636752381579,1.0811407922523486
2026-09-26 13:00:00,29.9,66.0,0.0,5.8,266.0,5.78587149150698,0.40458754771592675
2026-09-26 14:00:00,30.1,66.0,0.0,5.8,270.0,5.8,0.0
2026-09-26 15:00:00,29.9,67.0,0.0,5.0,270.0,5.0,0.0
2026-09-26 16:00:00,29.4,69.0,0.0,3.7,259.0,3.632020578756357,0.7059932828932158
2026-09-26 17:00:00,28.8,72.0,0.0,2.3,231.0,1.7874357113510329,1.4474368994146258
2026-09-26 18:00:00,28.1,75.0,0.0,2.2,180.0,1.3471114790620887e-16,2.2
2026-09-26 19:00:00,27.5,78.0,0.0,3.5,156.0,-1.423578250765301,3.197409101749103
2026-09-26 20:00:00,27.0,80.0,0.0,4.5,151.0,-2.1816432911085166,3.9357886821272814
2026-09-26 21:00:00,26.7,81.0,0.0,5.2,155.0,-2.1976149610516367,4.71280049259058
2026-09-26 22:00:00,26.3,83.0,0.0,5.8,158.0,-2.17271824181229,5.377666356487367
2026-09-26 23:00:00,26.0,83.0,0.0,6.3,167.0,-1.4171916423663498,6.1385314081469815
2026-09-27 00:00:00,25.8,84.0,0.0,6.5,174.0,-0.6794350112397481,6.4643923198937765
2026-09-27 01:00:00,25.6,84.0,0.0,7.2,180.0,4.4087284769304716e-16,7.2
2026-09-27 02:00:00,25.6,84.0,0.0,7.6,185.0,0.6623836448822018,7.571079705497266
2026-09-27 03:00:00,25.8,83.0,0.0,8.0,188.0,1.1133848076805237,7.922144549932563
2026-09-27 04:00:00,26.0,82.0,0.0,8.0,190.0,1.3891854213354433,7.878462024097664
2026-09-27 05:00:00,26.4,80.0,0.0,8.5,192.0,1.7672493719509554,8.314254606237347
2026-09-27 06:00:00,26.9,78.0,0.0,8.6,195.0,2.2258437878816784,8.306962106085987
2026-09-27 07:00:00,27.3,77.0,0.0,8.4,200.0,2.872969203935618,7.893418014601631
2026-09-27 08:00:00,27.7,75.0,0.0,8.7,204.0,3.5386087947594613,7.947845481490627
2026-09-27 09:00:00,28.2,73.0,0.0,8.9,212.0,4.716281451675524,7.547628055792192
2026-09-27 10:00:00,28.8,71.0,0.0,9.7,222.0,6.490566881680924,7.208504807130724
2026-09-27 11:00:00,29.4,70.0,0.0,10.7,230.0,8.196675541373065,6.87782742364597
2026-09-27 12:00:00,29.9,68.0,0.0,12.0,237.0,10.064046815345089,6.5356684201803255
2026-09-27 13:00:00,30.3,67.0,0.0,12.7,241.0,11.107670280670325,6.157082177128481
2026-09-27 14:00:00,30.4,67.0,0.0,12.9,243.0,11.493984162029946,5.856477446640153
2026-09-27 15:00:00,30.1,68.0,0.0,11.9,241.0,10.40797451495881,5.769234480931411
2026-09-27 16:00:00,29.6,71.0,0.0,10.6,235.0,8.683011669463312,6.079910225321088
2026-09-27 17:00:00,28.9,74.0,0.0,8.9,223.0,6.069785404556237,6.509047944410617
2026-09-27 18:00:00,28.2,77.0,0.0,7.6,205.0,3.211898789229316,6.887939181478539
2026-09-27 19:00:00,27.6,79.0,0.0,7.3,191.0,1.3929056662487778,7.165878439167947
2026-09-27 20:00:00,27.4,80.0,0.0,7.2,186.0,0.752604935527105,7.160557646651568
