time,temperature_2m,relativehumidity_2m,precipitation,windspeed_10m,winddirection_10m,u,v
2025-12-22 00:00:00,17.1,92.0,0.0,1.5,166.0,-0.36288284339950166,1.4554435894139948
2025-12-22 01:00:00,17.0,91.0,0.0,1.1,180.0,6.735557395310444e-17,1.1
2025-12-22 02:00:00,17.6,90.0,0.0,2.4,167.0,-0.539882530425276,2.3384881554845647
2025-12-22 03:00:00,17.1,89.0,0.0,3.2,177.0,-0.1674750599774203,3.1956145112146364
2025-12-22 04:00:00,16.2,86.0,0.0,4.4,173.0,-0.5362251109826485,4.367203067221817
2025-12-22 05:00:00,15.1,87.0,0.0,4.2,168.0,-0.8732291014345893,4.108219923081984
2025-12-22 06:00:00,14.5,88.0,0.0,4.1,167.0,-0.9222993228098465,3.9949172656194643
2025-12-22 07:00:00,14.5,88.0,0.0,3.6,160.0,-1.2312725159724074,3.3828934348292705
2025-12-22 08:00:00,18.1,80.0,0.0,3.8,161.0,-1.2371589869371953,3.592970587277404
2025-12-22 09:00:00,21.9,60.0,0.0,0.5,315.0,0.3535533905932738,-0.35355339059327373
2025-12-22 10:00:00,23.0,57.0,0.0,4.1,315.0,2.899137802864845,-2.8991378028648445
2025-12-22 11:00:00,23.7,56.0,0.0,6.2,311.0,4.679199397381186,-4.067565979741145
2025-12-22 12:00:00,23.4,61.0,0.0,8.1,307.0,6.468947631383072,-4.874701687531591
2025-12-22 13:00:00,23.0,64.0,0.0,6.3,297.0,5.613341102386718,-2.8601401483591444
2025-12-22 14:00:00,23.0,63.0,0.0,5.5,306.0,4.449593469062211,-3.232818887608602
2025-12-22 15:00:00,22.8,64.0,0.0,6.1,315.0,4.31335136523794,-4.313351365237939
2025-12-22 16:00:00,22.0,70.0,0.0,4.1,315.0,2.899137802864845,-2.8991378028648445
2025-12-22 17:00:00,20.0,84.0,0.0,0.6000000000000001,252.0,0.5706339097770922,0.18541019662496847
2025-12-22 18:00:00,17.7,89.0,0.0,1.8,180.0,1.1021821192326179e-16,1.8
2025-12-22 19:00:00,17.3,89.0,0.0,3.6,174.0,-0.3763024677635528,3.580278823325784
2025-12-22 20:00:00,16.3,87.0,0.0,4.0,150.0,-1.9999999999999991,3.464101615137755
2025-12-22 21:00:00,15.2,90.0,0.0,4.1,167.0,-0.9222993228098465,3.9949172656194643
2025-12-22 22:00:00,14.5,95.0,0.0,5.3,162.0,-1.6377900701872208,5.040599536364314
2025-12-22 23:00:00,13.4,98.0,0.0,4.4,153.0,-1.9975581988540057,3.9204287064288192
2025-12-23 00:00:00,14.3,92.0,0.0,2.8,153.0,-1.2711733992707306,2.49481826772743
2025-12-23 01:00:00,14.9,89.0,0.0,4.4,159.0,-1.5768189779993214,4.107753876587688
2025-12-23 02:00:00,14.1,90.0,0.0,4.0,144.0,-2.351141009169892,3.23606797749979
2025-12-23 03:00:00,14.1,92.0,0.0,2.1,160.0,-0.7182423009839043,1.9733545036504079
2025-12-23 04:00:00,13.8,93.0,0.0,2.5,159.0,-0.8959198738632507,2.3339510662430043
2025-12-23 05:00:00,13.4,95.0,0.0,2.7,152.0,-1.2675732195219056,2.383958500719103
2025-12-23 06:00:00,13.1,94.0,0.0,3.1,152.0,-1.455361844636262,2.737137537862673
2025-12-23 07:00:00,13.4,89.0,0.0,4.0,148.0,-2.119677056932819,3.3921923846257043
2025-12-23 08:00:00,18.6,78.0,0.0,6.0,139.0,-3.9363541739430428,4.528257481336633
2025-12-23 09:00:00,22.9,59.0,0.0,1.4,293.0,1.2887067948334165,-0.5470235798849833
2025-12-23 10:00:00,23.6,58.0,0.0,6.9,303.0,5.786826918823426,-3.758009341603687
2025-12-23 11:00:00,23.6,60.0,0.0,6.8,310.0,5.20910221320905,-4.370955745868467
2025-12-23 12:00:00,24.0,57.0,0.0,7.5,307.0,5.989766325354696,-4.513612673640362
2025-12-23 13:00:00,24.1,55.0,0.0,7.8,310.0,5.975146656328028,-5.013743355555006
2025-12-23 14:00:00,23.9,54.0,0.0,7.7,309.0,5.984023903218676,-4.845767011083748
2025-12-23 15:00:00,23.7,55.0,0.0,7.5,318.0,5.018479547691436,-5.573586191080457
2025-12-23 16:00:00,22.8,62.0,0.0,6.6,323.0,3.971979152803519,-5.270994366312133
2025-12-23 17:00:00,20.1,81.0,0.0,0.7000000000000001,194.0,0.1693453269197674,0.6792070083931976
2025-12-23 18:00:00,18.5,84.0,0.0,0.4,180.0,2.4492935982947065e-17,0.4
2025-12-23 19:00:00,17.1,86.0,0.0,1.8,156.0,-0.7321259575364405,1.6443818237566816
2025-12-23 20:00:00,17.5,81.0,0.0,3.1,144.0,-1.8221342821066664,2.5079526825623373
2025-12-23 21:00:00,16.8,81.0,0.0,2.9,150.0,-1.4499999999999993,2.511473670974872
2025-12-23 22:00:00,15.7,83.0,0.0,2.7,157.0,-1.0549740469210394,2.4853631043215887
2025-12-23 23:00:00,14.4,86.0,0.0,3.3,158.0,-1.2362017582725098,3.0597067200703982
2025-12-24 00:00:00,13.4,86.0,0.0,4.4,161.0,-1.4324998796114894,4.160281732636994
2025-12-24 01:00:00,12.9,84.0,0.0,4.3,158.0,-1.6108083516884217,3.9868905746371857
2025-12-24 02:00:00,13.9,79.0,0.0,2.7,143.0,-1.6249005625105308,2.1563158771276907
2025-12-24 03:00:00,13.9,78.0,0.0,2.7,152.0,-1.2675732195219056,2.383958500719103
2025-12-24 04:00:00,13.1,78.0,0.0,3.3,151.0,-1.599871746812912,2.886245033560006
2025-12-24 05:00:00,13.1,74.0,0.0,5.0,145.0,-2.8678821817552307,4.095760221444959
2025-12-24 06:00:00,13.5,69.0,0.0,7.7,143.0,-4.633975678270772,6.149493427364154
2025-12-24 07:00:00,12.6,72.0,0.0,7.4,146.0,-4.1380274856835255,6.134878036907309
2025-12-24 08:00:00,18.0,68.0,0.0,7.1,139.0,-4.658019105832601,5.358438019581682
2025-12-24 09:00:00,24.2,51.0,0.0,0.6000000000000001,288.0,0.5706339097770922,-0.18541019662496847
2025-12-24 10:00:00,25.2,45.0,0.0,3.7,309.0,2.8754400573907923,-2.3284854468843985
2025-12-24 11:00:00,25.0,49.0,0.0,8.5,306.0,6.876644452187053,-4.996174644486022
2025-12-24 12:00:00,24.6,52.0,0.0,9.6,293.0,8.836846593143427,-3.751018833497028
2025-12-24 13:00:00,24.6,50.0,0.0,8.3,304.0,6.881011852206846,-4.6413010988072
2025-12-24 14:00:00,24.3,52.0,0.0,8.6,311.0,6.490502389915839,-5.642107649318362
2025-12-24 15:00:00,23.9,54.0,0.0,7.9,309.0,6.139453095510071,-4.971631089293716
2025-12-24 16:00:00,23.0,58.0,0.0,6.0,303.0,5.032023407672544,-3.2678342100901627
2025-12-24 17:00:00,19.9,79.0,0.0,3.8,229.0,2.8678964048465336,2.4930243101639276
2025-12-24 18:00:00,18.4,82.0,0.0,3.1,208.0,1.4553618446362617,2.737137537862673
2025-12-24 19:00:00,17.6,85.0,0.0,0.9,169.0,-0.17172809583889032,0.8834644651028976
2025-12-24 20:00:00,17.7,85.0,0.0,0.30000000000000004,135.0,-0.21213203435596428,0.2121320343559643
2025-12-24 21:00:00,17.6,88.0,0.1,1.8,186.0,0.18815123388177624,1.790139411662892
2025-12-24 22:00:00,17.3,89.0,0.2,2.5,150.0,-1.2499999999999996,2.165063509461097
2025-12-24 23:00:00,16.7,92.0,0.2,3.6,139.0,-2.361812504365826,2.7169544888019797
2025-12-25 00:00:00,15.7,98.0,0.2,7.4,139.0,-4.854836814529754,5.584850893648514
2025-12-25 01:00:00,15.3,100.0,0.0,8.3,146.0,-4.641301098807197,6.881011852206847
2025-12-25 02:00:00,14.6,100.0,0.0,6.6,143.0,-3.971979152803519,5.270994366312132
2025-12-25 03:00:00,14.9,99.0,0.0,4.8,153.0,-2.179154398749824,4.276831316104166
2025-12-25 04:00:00,14.4,99.0,0.0,5.6,158.0,-2.0977969231291076,5.192229585574009
2025-12-25 05:00:00,14.7,95.0,0.0,4.3,147.0,-2.3419478505646163,3.606283442165323
2025-12-25 06:00:00,14.7,93.0,0.0,5.2,146.0,-2.907803098047883,4.3109953772862175
2025-12-25 07:00:00,14.6,93.0,0.0,3.3,151.0,-1.599871746812912,2.886245033560006
2025-12-25 08:00:00,17.3,85.0,0.0,2.7,157.0,-1.0549740469210394,2.4853631043215887
2025-12-25 09:00:00,19.5,75.0,0.0,3.5,305.0,2.8670321550114712,-2.007517527228661
2025-12-25 10:00:00,20.5,72.0,0.0,6.3,301.0,5.400153994423308,-3.244739871933341
2025-12-25 11:00:00,20.9,73.0,0.0,8.5,294.0,7.765136389962107,-3.4572614661443017
2025-12-25 12:00:00,20.6,74.0,0.0,11.5,297.0,10.24657502816623,-5.220890747004788
2025-12-25 13:00:00,19.4,73.0,0.0,11.9,300.0,10.30570230503482,-5.949999999999999
2025-12-25 14:00:00,18.4,75.0,0.0,6.7,294.0,6.120754566205426,-2.7251355086078615
2025-12-25 15:00:00,18.8,71.0,0.0,7.1,304.0,5.886166765140795,-3.970269614642303
2025-12-25 16:00:00,17.5,75.0,0.0,5.2,301.0,4.457269963650984,-2.678197989532282
2025-12-25 17:00:00,15.4,84.0,0.0,4.2,280.0,4.136192562651273,-0.7293223462011075
2025-12-25 18:00:00,13.8,92.0,0.0,4.3,237.0,3.6062834421653234,2.3419478505646163
2025-12-25 19:00:00,13.0,95.0,0.0,5.1,225.0,3.6062445840513924,3.606244584051392
2025-12-25 20:00:00,12.6,94.0,0.0,6.5,204.0,2.6437881799927014,5.938045474676906
2025-12-25 21:00:00,13.3,91.0,0.0,4.2,187.0,0.5118512423016195,4.168693836893553
2025-12-25 22:00:00,13.0,92.0,0.0,3.6,180.0,2.2043642384652358e-16,3.6
2025-12-25 23:00:00,13.5,89.0,0.0,3.1,180.0,1.8982025386783975e-16,3.1
2025-12-26 00:00:00,14.0,87.0,0.0,1.9,197.0,0.5555062389731998,1.8169790363297673
2025-12-26 01:00:00,13.8,89.0,0.0,2.1,195.0,0.5435199947152936,2.0284442352070435
2025-12-26 02:00:00,13.7,90.0,0.0,2.3,162.0,-0.7107390870623789,2.187429987478853
2025-12-26 03:00:00,13.3,92.0,0.0,0.9,217.0,0.5416335208368436,0.7187719590425635
2025-12-26 04:00:00,13.0,94.0,0.0,0.9,180.0,5.5109105961630896e-17,0.9
2025-12-26 05:00:00,13.0,93.0,0.0,1.3,180.0,7.960204194457797e-17,1.3
2025-12-26 06:00:00,12.6,93.0,0.0,1.8,217.0,1.0832670416736871,1.437543918085127
2025-12-26 07:00:00,12.6,92.0,0.0,2.9,191.0,0.5533460865919803,2.8467188319982255
2025-12-26 08:00:00,12.6,95.0,0.1,3.4,32.0,-1.801725498392897,-2.883363526931848
2025-12-26 09:00:00,14.5,86.0,0.0,4.6,18.0,-1.4214781741247586,-4.3748599749577055
2025-12-26 10:00:00,16.0,80.0,0.0,6.0,353.0,0.7312160604308849,-5.955276909847932
2025-12-26 11:00:00,15.3,85.0,0.1,4.8,349.0,0.9158831778074156,-4.711810480548787
2025-12-26 12:00:00,14.9,90.0,1.8,4.4,351.0,0.6883116461770161,-4.3458286986186065
2025-12-26 13:00:00,15.5,95.0,5.4,4.8,349.0,0.9158831778074156,-4.711810480548787
2025-12-26 14:00:00,14.3,98.0,3.8,4.0,350.0,0.6945927106677217,-3.939231012048832
2025-12-26 15:00:00,14.9,97.0,2.6,3.2,333.0,1.45276959916655,-2.851220877402777
2025-12-26 16:00:00,15.2,92.0,0.1,2.6,335.0,1.0988074805258186,-2.3564002462952898
2025-12-26 17:00:00,14.5,100.0,0.0,3.2,317.0,2.182394752199995,-2.3403318451813457
2025-12-26 18:00:00,13.1,100.0,0.1,2.1,110.0,-1.9733545036504077,0.7182423009839046
2025-12-26 19:00:00,12.8,100.0,0.3,2.2,132.0,-1.634918616050267,1.4720873339894884
2025-12-26 20:00:00,13.4,100.0,0.0,1.2,129.0,-0.9325751537483651,0.7551844692598049
2025-12-26 21:00:00,12.9,100.0,0.0,1.4,140.0,-0.8999026535611551,1.0724622203665692
2025-12-26 22:00:00,12.7,100.0,0.0,1.3,164.0,-0.3583285625620988,1.2496402047198145
2025-12-26 23:00:00,13.4,100.0,0.6,2.8,140.0,-1.7998053071223101,2.1449244407331385
2025-12-27 00:00:00,13.8,100.0,0.2,4.0,129.0,-3.1085838458278836,2.5172815641993496
2025-12-27 01:00:00,13.7,100.0,0.1,3.6,217.0,2.1665340833473743,2.875087836170254
2025-12-27 02:00:00,13.3,100.0,0.2,2.2,99.0,-2.172914349309303,0.3441558230885082
2025-12-27 03:00:00,13.1,100.0,0.1,6.2,98.0,-6.139662026197737,0.862873225952405
2025-12-27 04:00:00,13.3,100.0,0.6,3.1,144.0,-1.8221342821066664,2.5079526825623373
2025-12-27 05:00:00,13.4,100.0,2.4,4.3,156.0,-1.748967565225941,3.9282454678631837
2025-12-27 06:00:00,13.4,100.0,1.3,5.6,119.0,-4.897870359980616,2.714933873379488
2025-12-27 07:00:00,13.4,100.0,0.2,4.2,198.0,1.2978713763747793,3.994437368439645
2025-12-27 08:00:00,14.2,100.0,0.4,7.0,103.0,-6.820590453496646,1.5746573804070563
2025-12-27 09:00:00,15.5,97.0,0.0,0.5,270.0,0.5,0.0
2025-12-27 10:00:00,16.0,96.0,0.1,2.8,130.0,-2.144924440733138,1.7998053071223103
2025-12-27 11:00:00,16.6,96.0,0.3,1.1,252.0,1.0461621679246689,0.33991869381244216
2025-12-27 12:00:00,17.0,91.0,0.1,2.0,5.0,-0.1743114854953165,-1.992389396183491
2025-12-27 13:00:00,17.5,86.0,0.0,4.6,318.0,3.0780007892507477,-3.4184661971960133
2025-12-27 14:00:00,18.0,74.0,0.5,8.4,304.0,6.96391560946235,-4.697220389154274
2025-12-27 15:00:00,17.1,81.0,0.2,9.0,313.0,6.582183314572534,-6.137985240562486
2025-12-27 16:00:00,15.8,91.0,0.3,7.0,328.0,3.7094348496324345,-5.936336673094981
2025-12-27 17:00:00,14.9,96.0,0.2,4.4,333.0,1.997558198854006,-3.920428706428819
2025-12-27 18:00:00,14.0,100.0,0.0,0.9,270.0,0.9,0.0
2025-12-27 19:00:00,13.5,100.0,0.0,1.7000000000000002,131.0,-1.2830062863787126,1.1153003492838625
2025-12-27 20:00:00,14.2,99.0,0.0,3.2,153.0,-1.4527695991665495,2.8512208774027776
2025-12-27 21:00:00,14.2,96.0,0.0,0.7000000000000001,166.0,-0.16934532691976747,0.6792070083931976
2025-12-27 22:00:00,14.1,93.0,0.0,2.2,156.0,-0.8948206147667607,2.0098000068137223
2025-12-27 23:00:00,15.2,85.0,0.0,2.8,169.0,-0.5342651870543255,2.748556113653459
2025-12-28 00:00:00,14.6,82.0,0.0,2.2,189.0,0.34415582308850806,2.1729143493093033
2025-12-28 01:00:00,14.5,76.0,0.0,2.7,172.0,-0.37576737259217646,2.67372378560224
2025-12-28 02:00:00,14.6,75.0,0.0,1.8,156.0,-0.7321259575364405,1.6443818237566816
2025-12-28 03:00:00,14.8,72.0,0.0,1.1,162.0,-0.3399186938124421,1.046162167924669
2025-12-28 04:00:00,14.7,72.0,0.0,1.3,180.0,7.960204194457797e-17,1.3
2025-12-28 05:00:00,15.3,69.0,0.0,2.0,175.0,-0.17431148549531647,1.992389396183491
2025-12-28 06:00:00,15.4,68.0,0.0,2.2,189.0,0.34415582308850806,2.1729143493093033
2025-12-28 07:00:00,15.8,69.0,0.0,2.0,185.0,0.17431148549531628,1.992389396183491
2025-12-28 08:00:00,17.2,71.0,0.0,2.1,149.0,-1.081579957311114,1.800051331474436
2025-12-28 09:00:00,17.4,83.0,0.0,3.3,225.0,2.3334523779156067,2.3334523779156067
2025-12-28 10:00:00,17.7,82.0,0.3,1.1,261.0,1.0864571746546516,0.17207791154425398
2025-12-28 11:00:00,18.5,79.0,0.0,1.2,333.0,0.5447885996874562,-1.0692078290260414
2025-12-28 12:00:00,18.6,78.0,0.0,1.5,330.0,0.7500000000000002,-1.299038105676658
2025-12-28 13:00:00,18.9,78.0,0.0,3.1,310.0,2.3747377736688318,-1.9926415900282717
2025-12-28 14:00:00,17.8,84.0,0.0,2.6,309.0,2.0205794997881243,-1.6362330167295773
2025-12-28 15:00:00,18.6,81.0,0.0,3.9,323.0,2.3470785902929885,-3.114678489184442
2025-12-28 16:00:00,18.0,84.0,0.0,2.7,337.0,1.0549740469210391,-2.485363104321589
2025-12-28 17:00:00,17.4,89.0,0.0,4.6,72.0,-4.374859974957706,-1.4214781741247573
2025-12-28 18:00:00,15.9,95.0,0.0,2.3,141.0,-1.4474368994146256,1.7874357113510333
2025-12-28 19:00:00,15.7,95.0,0.0,2.2,180.0,1.3471114790620887e-16,2.2
2025-12-28 20:00:00,16.4,86.0,0.0,2.6,164.0,-0.7166571251241975,2.499280409439629
2025-12-28 21:00:00,15.5,87.0,0.0,2.0,175.0,-0.17431148549531647,1.992389396183491
2025-12-28 22:00:00,15.2,84.0,0.0,1.7000000000000002,162.0,-0.5253288904374105,1.6167960777017614
2025-12-28 23:00:00,15.0,81.0,0.0,2.4,167.0,-0.539882530425276,2.3384881554845647
2025-12-29 00:00:00,13.9,86.0,0.0,2.8,162.0,-0.8652475842498525,2.66295824562643
2025-12-29 01:00:00,13.6,88.0,0.0,3.3,167.0,-0.7423384793347546,3.2154212137912763
2025-12-29 02:00:00,14.1,86.0,0.0,4.0,153.0,-1.8159619989581868,3.5640260967534716
2025-12-29 03:00:00,13.7,87.0,0.0,2.8,165.0,-0.7246933262870583,2.7045923136093912
2025-12-29 04:00:00,13.2,88.0,0.0,2.9,158.0,-1.086359120906145,2.6888331782436836
2025-12-29 05:00:00,13.4,86.0,0.0,2.8,153.0,-1.2711733992707306,2.49481826772743
2025-12-29 06:00:00,13.1,84.0,0.0,3.9,152.0,-1.8309390948649746,3.443495612149815
2025-12-29 07:00:00,12.8,82.0,0.0,3.7,157.0,-1.445705175410313,3.405867957774029
2025-12-29 08:00:00,17.1,76.0,0.0,4.5,157.0,-1.7582900782017319,4.142271840535981
2025-12-29 09:00:00,20.3,65.0,0.0,0.7000000000000001,256.0,0.6792070083931976,0.16934532691976742
2025-12-29 10:00:00,21.7,53.0,0.0,2.7,332.0,1.2675732195219054,-2.383958500719103
2025-12-29 11:00:00,22.2,52.0,0.0,4.7,328.0,2.490620541896063,-3.9858260519352022
2025-12-29 12:00:00,22.5,53.0,0.0,6.2,324.0,3.6442685642133337,-5.0159053651246746
2025-12-29 13:00:00,22.5,53.0,0.0,6.5,316.0,4.515279407983482,-4.6757087022012325
2025-12-29 14:00:00,22.7,49.0,0.0,6.1,317.0,4.1601899963812405,-4.461257579876939
2025-12-29 15:00:00,22.7,48.0,0.0,5.6,318.0,3.747131395609606,-4.161611022673408
2025-12-29 16:00:00,21.5,53.0,0.0,4.7,320.0,3.021101765526735,-3.6004088826591967
2025-12-29 17:00:00,18.5,78.0,0.0,0.7000000000000001,180.0,4.2862637970157366e-17,0.7000000000000001
2025-12-29 18:00:00,16.6,79.0,0.0,1.3,164.0,-0.3583285625620988,1.2496402047198145
2025-12-29 19:00:00,16.3,75.0,0.0,2.3,157.0,-0.8986815955253296,2.1171611629406124
2025-12-29 20:00:00,15.3,78.0,0.0,4.2,149.0,-2.163159914622228,3.600102662948872
2025-12-29 21:00:00,14.0,83.0,0.0,4.1,165.0,-1.0611580849203355,3.96029588778518
2025-12-29 22:00:00,13.1,87.0,0.0,4.0,159.0,-1.433471798181201,3.734321705988807
2025-12-29 23:00:00,12.4,88.0,0.0,4.0,159.0,-1.433471798181201,3.734321705988807
2025-12-30 00:00:00,12.0,88.0,0.0,3.7,157.0,-1.445705175410313,3.405867957774029
2025-12-30 01:00:00,11.7,86.0,0.0,3.5,156.0,-1.423578250765301,3.197409101749103
2025-12-30 02:00:00,13.1,79.0,0.0,2.3,148.0,-1.218814307736371,1.9505106211597798
2025-12-30 03:00:00,12.9,79.0,0.0,2.5,159.0,-0.8959198738632507,2.3339510662430043
2025-12-30 04:00:00,12.8,77.0,0.0,2.1,160.0,-0.7182423009839043,1.9733545036504079
2025-12-30 05:00:00,12.7,76.0,0.0,1.7000000000000002,148.0,-0.9008627491964483,1.4416817634659245
2025-12-30 06:00:00,12.2,76.0,0.0,2.7,152.0,-1.2675732195219056,2.383958500719103
2025-12-30 07:00:00,12.1,74.0,0.0,2.6,155.0,-1.0988074805258183,2.35640024629529
2025-12-30 08:00:00,16.6,72.0,0.0,3.1,152.0,-1.455361844636262,2.737137537862673
2025-12-30 09:00:00,20.8,56.0,0.0,2.1,340.0,0.7182423009839045,-1.9733545036504077
2025-12-30 10:00:00,22.0,55.0,0.0,5.2,331.0,2.521010025280953,-4.548022477124858
2025-12-30 11:00:00,22.7,54.0,0.0,7.3,320.0,4.692349550711738,-5.5921244347685395
2025-12-30 12:00:00,23.1,52.0,0.0,9.2,318.0,6.156001578501495,-6.836932394392027
2025-12-30 13:00:00,23.2,53.0,0.0,9.8,317.0,6.683583928612485,-7.167266275867871
2025-12-30 14:00:00,23.1,58.0,0.0,10.3,313.0,7.5329431266774565,-7.024583108643735
2025-12-30 15:00:00,22.6,63.0,0.0,10.4,315.0,7.353910524340095,-7.353910524340094
2025-12-30 16:00:00,20.5,77.0,0.0,9.6,313.0,7.020995535544036,-6.547184256599985
2025-12-30 17:00:00,17.9,91.0,0.0,1.5,277.0,1.488819227461983,-0.1828040151077212
2025-12-30 18:00:00,15.6,94.0,0.0,1.7000000000000002,167.0,-0.3824167923845706,1.6564291101349
2025-12-30 19:00:00,15.7,91.0,0.0,3.3,167.0,-0.7423384793347546,3.2154212137912763
2025-12-30 20:00:00,15.2,92.0,0.0,5.2,155.0,-2.1976149610516367,4.71280049259058
2025-12-30 21:00:00,14.7,89.0,0.0,4.8,167.0,-1.079765060850552,4.676976310969129
2025-12-30 22:00:00,14.2,87.0,0.0,4.7,164.0,-1.2954955723398955,4.517929970910099
2025-12-30 23:00:00,13.7,85.0,0.0,4.4,161.0,-1.4324998796114894,4.160281732636994
2025-12-31 00:00:00,13.2,85.0,0.0,3.3,158.0,-1.2362017582725098,3.0597067200703982
2025-12-31 01:00:00,12.8,85.0,0.0,2.9,158.0,-1.086359120906145,2.6888331782436836
2025-12-31 02:00:00,13.7,83.0,0.0,2.6,155.0,-1.0988074805258183,2.35640024629529
2025-12-31 03:00:00,12.8,81.0,0.0,2.9,150.0,-1.4499999999999993,2.511473670974872
2025-12-31 04:00:00,12.1,76.0,0.0,3.6,150.0,-1.7999999999999992,3.1176914536239795
2025-12-31 05:00:00,11.4,71.0,0.0,2.8,153.0,-1.2711733992707306,2.49481826772743
2025-12-31 06:00:00,11.2,65.0,0.0,2.8,153.0,-1.2711733992707306,2.49481826772743
2025-12-31 07:00:00,11.1,60.0,0.0,3.1,149.0,-1.5966180322211683,2.6572186321765483
2025-12-31 08:00:00,15.8,65.0,0.0,3.1,149.0,-1.5966180322211683,2.6572186321765483
2025-12-31 09:00:00,20.0,56.0,0.0,1.5,284.0,1.4554435894139948,-0.3628828433995016
2025-12-31 10:00:00,21.1,54.0,0.0,5.6,312.0,4.161611022673408,-3.747131395609606
2025-12-31 11:00:00,21.7,52.0,0.0,8.1,315.0,5.727564927611035,-5.727564927611034
2025-12-31 12:00:00,21.6,54.0,0.0,10.2,311.0,7.698037718272274,-6.691802095703173
2025-12-31 13:00:00,21.7,57.0,0.0,10.1,309.0,7.849174210715406,-6.356135949603358
2025-12-31 14:00:00,21.6,59.0,0.0,7.6,306.0,6.1485291572496,-4.467167917422795
2025-12-31 15:00:00,21.7,59.0,0.0,7.8,304.0,6.466493065929325,-4.361704647071826
2025-12-31 16:00:00,20.6,65.0,0.0,8.1,315.0,5.727564927611035,-5.727564927611034
2025-12-31 17:00:00,17.5,87.0,0.0,2.7,302.0,2.28972985962235,-1.4307820134296534
2025-12-31 18:00:00,15.5,90.0,0.0,1.3,164.0,-0.3583285625620988,1.2496402047198145
2025-12-31 19:00:00,15.1,90.0,0.0,3.0,166.0,-0.7257656867990033,2.9108871788279895
2025-12-31 20:00:00,14.6,95.0,0.0,5.8,144.0,-3.4091544632963435,4.692298567374695
2025-12-31 21:00:00,13.8,96.0,0.0,4.1,157.0,-1.6019976268060223,3.7740698991550046
2025-12-31 22:00:00,13.4,94.0,0.0,3.4,155.0,-1.4369020899183778,3.08144647592461
2025-12-31 23:00:00,13.1,92.0,0.0,4.2,155.0,-1.7749966993109372,3.8064927055539304
2026-01-01 00:00:00,12.8,91.0,0.0,3.4,155.0,-1.4369020899183778,3.08144647592461
2026-01-01 01:00:00,12.2,90.0,0.0,3.4,155.0,-1.4369020899183778,3.08144647592461
2026-01-01 02:00:00,14.5,82.0,0.0,3.5,152.0,-1.6431504697506183,3.090316575006244
2026-01-01 03:00:00,14.1,80.0,0.0,3.0,155.0,-1.267854785222098,2.71892336110995
2026-01-01 04:00:00,13.6,78.0,0.0,3.3,171.0,-0.5162337346327617,3.2593715239639547
2026-01-01 05:00:00,13.7,75.0,0.0,5.3,162.0,-1.6377900701872208,5.040599536364314
2026-01-01 06:00:00,13.1,75.0,0.0,2.2,171.0,-0.34415582308850784,2.1729143493093033
2026-01-01 07:00:00,13.1,75.0,0.0,3.8,175.0,-0.3311918224411013,3.785539852748633
2026-01-01 08:00:00,16.4,75.0,0.0,3.2,153.0,-1.4527695991665495,2.8512208774027776
2026-01-01 09:00:00,19.6,66.0,0.0,3.3,283.0,3.2154212137912763,-0.7423384793347545
2026-01-01 10:00:00,19.6,69.0,0.0,6.4,302.0,5.4275078154011265,-3.3914832910925115
2026-01-01 11:00:00,19.8,72.0,0.0,6.8,310.0,5.20910221320905,-4.370955745868467
2026-01-01 12:00:00,20.0,71.0,0.1,7.5,307.0,5.989766325354696,-4.513612673640362
2026-01-01 13:00:00,20.3,70.0,0.2,8.0,306.0,6.47213595499958,-4.702282018339785
2026-01-01 14:00:00,20.2,69.0,0.2,7.9,303.0,6.62549748676885,-4.3026483766187145
2026-01-01 15:00:00,20.0,70.0,0.0,9.9,305.0,8.109605238461018,-5.6784067198753565
2026-01-01 16:00:00,18.7,75.0,0.0,7.9,305.0,6.471301149883035,-4.531253847173264
2026-01-01 17:00:00,16.8,83.0,0.0,4.8,295.0,4.350277377775919,-2.0285676563553574
2026-01-01 18:00:00,14.3,94.0,0.0,2.9,240.0,2.511473670974872,1.4499999999999997
2026-01-01 19:00:00,13.8,97.0,0.2,3.6,229.0,2.716954488801979,2.3618125043658265
2026-01-01 20:00:00,13.5,98.0,0.1,4.0,212.0,2.1196770569328196,3.392192384625704
2026-01-01 21:00:00,13.7,97.0,0.0,5.1,231.0,3.963444403430551,3.2095339943541705
2026-01-01 22:00:00,13.3,100.0,0.0,4.5,217.0,2.7081676041842178,3.5938597952128175
2026-01-01 23:00:00,13.1,100.0,0.0,5.4,214.0,3.019641678742033,4.476802891797226
2026-01-02 00:00:00,12.7,100.0,0.0,6.5,219.0,4.090582541823943,5.05144874947031
2026-01-02 01:00:00,12.6,99.0,0.1,5.5,216.0,3.232818887608602,4.449593469062211
2026-01-02 02:00:00,13.0,99.0,0.7000000000000001,3.8,199.0,1.2371589869371955,3.5929705872774034
2026-01-02 03:00:00,13.0,100.0,0.7000000000000001,1.1,252.0,1.0461621679246689,0.33991869381244216
2026-01-02 04:00:00,12.6,100.0,0.7000000000000001,1.0,239.0,0.8571673007021123,0.5150380749100542
2026-01-02 05:00:00,12.1,100.0,0.0,2.2,228.0,1.6349186160502676,1.4720873339894882
2026-01-02 06:00:00,11.8,100.0,0.0,3.0,237.0,2.516011703836272,1.6339171050450814
2026-01-02 07:00:00,11.6,100.0,0.0,4.7,266.0,4.688551036221174,0.3278554265973889
2026-01-02 08:00:00,10.8,100.0,0.0,5.9,225.0,4.171930009000631,4.17193000900063
2026-01-02 09:00:00,12.7,90.0,0.0,3.7,241.0,3.2360929164157644,1.7937955949114472
2026-01-02 10:00:00,14.1,87.0,0.0,4.8,292.0,4.45048250192058,-1.7981116483963777
2026-01-02 11:00:00,15.1,82.0,0.0,7.6,301.0,6.5144714853360535,-3.9142893693164114
2026-01-02 12:00:00,14.9,81.0,0.0,9.9,307.0,7.906491549468199,-5.957968729205278
2026-01-02 13:00:00,14.5,78.0,0.0,10.0,306.0,8.090169943749475,-5.877852522924732
2026-01-02 14:00:00,13.7,80.0,0.0,7.2,298.0,6.357222668584274,-3.3801952520584138
2026-01-02 15:00:00,14.4,77.0,0.0,6.2,306.0,5.0159053651246746,-3.6442685642133337
2026-01-02 16:00:00,13.7,77.0,0.0,7.9,305.0,6.471301149883035,-4.531253847173264
2026-01-02 17:00:00,11.9,79.0,0.0,5.7,294.0,5.207209108562825,-2.3183988655320613
2026-01-02 18:00:00,10.3,87.0,0.0,1.3,214.0,0.7269507745119709,1.0777488443215544
2026-01-02 19:00:00,9.8,93.0,0.0,3.6,200.0,1.2312725159724078,3.38289343482927
2026-01-02 20:00:00,9.2,96.0,0.0,5.2,168.0,-1.0811407922523486,5.08636752381579
2026-01-02 21:00:00,9.5,93.0,0.0,2.3,162.0,-0.7107390870623789,2.187429987478853
2026-01-02 22:00:00,9.7,89.0,0.0,1.9,158.0,-0.7117525274902329,1.761649323676896
2026-01-02 23:00:00,9.7,87.0,0.0,1.7000000000000002,162.0,-0.5253288904374105,1.6167960777017614
2026-01-03 00:00:00,9.6,84.0,0.0,1.5,166.0,-0.36288284339950166,1.4554435894139948
2026-01-03 01:00:00,9.5,82.0,0.0,0.9,169.0,-0.17172809583889032,0.8834644651028976
2026-01-03 02:00:00,9.6,83.0,0.0,1.8,143.0,-1.0832670416736871,1.4375439180851268
2026-01-03 03:00:00,9.2,82.0,0.0,1.3,172.0,-0.18092503124808496,1.2873484893640414
2026-01-03 04:00:00,8.7,78.0,0.0,1.6,174.0,-0.1672455412282457,1.5912350325892373
2026-01-03 05:00:00,8.9,71.0,0.0,1.1,162.0,-0.3399186938124421,1.046162167924669
2026-01-03 06:00:00,8.9,66.0,0.0,1.5,166.0,-0.36288284339950166,1.4554435894139948
2026-01-03 07:00:00,8.5,66.0,0.0,2.4,167.0,-0.539882530425276,2.3384881554845647
2026-01-03 08:00:00,12.1,68.0,0.0,0.30000000000000004,135.0,-0.21213203435596428,0.2121320343559643
2026-01-03 09:00:00,14.8,72.0,0.0,3.6,323.0,2.1665340833473743,-2.875087836170254
2026-01-03 10:00:00,16.3,69.0,0.0,6.8,323.0,4.0923421574339285,-5.430721468321591
2026-01-03 11:00:00,17.4,64.0,0.0,9.5,323.0,5.717242719944459,-7.587037345449282
2026-01-03 12:00:00,17.5,64.0,0.0,11.1,317.0,7.570181796693733,-8.118026087972792
2026-01-03 13:00:00,17.1,63.0,0.0,12.0,317.0,8.183980320749981,-8.776244419430046
2026-01-03 14:00:00,16.7,69.0,0.0,8.9,315.0,6.293250352560274,-6.293250352560273
2026-01-03 15:00:00,16.3,69.0,0.0,7.1,308.0,5.594876350607725,-4.371196474812174
2026-01-03 16:00:00,16.0,71.0,0.0,2.8,285.0,2.7045923136093912,-0.7246933262870581
2026-01-03 17:00:00,14.8,79.0,0.0,2.9,270.0,2.9,0.0
2026-01-03 18:00:00,12.8,89.0,0.0,2.7,200.0,0.9234543869793059,2.5371700761219524
2026-01-03 19:00:00,11.7,91.0,0.0,3.8,177.0,-0.1988766337231866,3.7947922320673806
2026-01-03 20:00:00,11.6,90.0,0.0,1.7000000000000002,139.0,-1.1153003492838622,1.2830062863787128
2026-01-03 21:00:00,12.2,88.0,0.0,2.8,140.0,-1.7998053071223101,2.1449244407331385
2026-01-03 22:00:00,11.7,89.0,0.0,2.8,145.0,-1.606014021782929,2.2936257240091766
2026-01-03 23:00:00,10.7,91.0,0.0,3.0,147.0,-1.6339171050450814,2.5160117038362717
2026-01-04 00:00:00,10.0,90.0,0.0,3.9,152.0,-1.8309390948649746,3.443495612149815
2026-01-04 01:00:00,9.8,86.0,0.0,4.3,156.0,-1.748967565225941,3.9282454678631837
2026-01-04 02:00:00,8.9,86.0,0.0,5.1,144.0,-2.9977047866916124,4.125986671312232
2026-01-04 03:00:00,8.0,85.0,0.0,4.9,147.0,-2.668731271573633,4.109485782932578
2026-01-04 04:00:00,7.2,82.0,0.0,4.0,150.0,-1.9999999999999991,3.464101615137755
2026-01-04 05:00:00,6.6,80.0,0.0,3.7,151.0,-1.793795594911447,3.236092916415765
2026-01-04 06:00:00,6.8,73.0,0.0,3.2,153.0,-1.4527695991665495,2.8512208774027776
2026-01-04 07:00:00,7.9,65.0,0.0,2.4,153.0,-1.089577199374912,2.138415658052083
2026-01-04 08:00:00,12.7,65.0,0.0,3.8,131.0,-2.8678964048465336,2.4930243101639276
2026-01-04 09:00:00,16.2,58.0,0.0,4.1,315.0,2.899137802864845,-2.8991378028648445
2026-01-04 10:00:00,17.3,53.0,0.0,7.7,309.0,5.984023903218676,-4.845767011083748
2026-01-04 11:00:00,18.4,48.0,0.0,8.0,316.0,5.557266963671978,-5.754718402709209
2026-01-04 12:00:00,19.1,44.0,0.0,9.1,319.0,5.970137163813616,-6.867857180027225
2026-01-04 13:00:00,19.6,42.0,0.0,9.5,316.0,6.599254519360474,-6.833728103217185
2026-01-04 14:00:00,18.9,47.0,0.0,9.4,306.0,7.604759747124507,-5.525181371549247
2026-01-04 15:00:00,19.2,51.0,0.0,7.4,302.0,6.275555911557553,-3.9214025553257166
2026-01-04 16:00:00,18.6,57.0,0.0,6.8,295.0,6.162892951849219,-2.873804179836756
2026-01-04 17:00:00,16.2,72.0,0.0,5.1,293.0,4.694574752607446,-1.9927287552952961
2026-01-04 18:00:00,13.5,85.0,0.0,1.9,236.0,1.575171387854579,1.0624665165944192
2026-01-04 19:00:00,12.5,88.0,0.0,1.6,174.0,-0.1672455412282457,1.5912350325892373
2026-01-04 20:00:00,11.7,87.0,0.0,2.5,135.0,-1.7677669529663687,1.7677669529663689
2026-01-04 21:00:00,11.8,83.0,0.0,2.3,157.0,-0.8986815955253296,2.1171611629406124
2026-01-04 22:00:00,11.3,80.0,0.0,4.0,162.0,-1.2360679774997894,3.8042260651806146
2026-01-04 23:00:00,10.3,83.0,0.0,3.1,156.0,-1.260883593534981,2.8319909186920627
2026-01-05 00:00:00,9.5,85.0,0.0,4.3,156.0,-1.748967565225941,3.9282454678631837
2026-01-05 01:00:00,8.4,87.0,0.0,2.9,150.0,-1.4499999999999993,2.511473670974872
2026-01-05 02:00:00,9.4,82.0,0.0,1.7000000000000002,139.0,-1.1153003492838622,1.2830062863787128
2026-01-05 03:00:00,9.8,77.0,0.0,1.5,150.0,-0.7499999999999997,1.299038105676658
2026-01-05 04:00:00,10.1,78.0,0.0,0.9,143.0,-0.5416335208368436,0.7187719590425634
2026-01-05 05:00:00,10.4,79.0,0.0,1.0,135.0,-0.7071067811865475,0.7071067811865476
2026-01-05 06:00:00,10.5,75.0,0.0,2.0,135.0,-1.414213562373095,1.4142135623730951
2026-01-05 07:00:00,10.5,66.0,0.0,2.6,141.0,-1.6362330167295769,2.020579499788125
2026-01-05 08:00:00,13.3,67.0,0.0,2.5,135.0,-1.7677669529663687,1.7677669529663689
2026-01-05 09:00:00,17.3,56.0,0.0,4.5,313.0,3.291091657286267,-3.068992620281243
2026-01-05 10:00:00,18.0,54.0,0.0,8.5,316.0,5.904596148901477,-6.114388302878535
2026-01-05 11:00:00,18.2,58.0,0.0,10.2,318.0,6.825132184860354,-7.580077219869421
2026-01-05 12:00:00,18.9,57.0,0.0,9.6,319.0,6.29816667830887,-7.245211970138611
2026-01-05 13:00:00,19.9,52.0,0.0,9.8,319.0,6.429378484106972,-7.396153886183166
2026-01-05 14:00:00,19.6,53.0,0.0,9.8,316.0,6.807652030498174,-7.049530043318781
2026-01-05 15:00:00,19.4,56.0,0.0,11.4,307.0,9.10444481453914,-6.860691263933351
2026-01-05 16:00:00,17.7,71.0,0.0,10.7,314.0,7.696935863623567,-7.43284456391127
2026-01-05 17:00:00,15.8,80.0,0.0,6.3,309.0,4.896019557178916,-3.9647184636139756
2026-01-05 18:00:00,14.0,89.0,0.0,1.2,333.0,0.5447885996874562,-1.0692078290260414
2026-01-05 19:00:00,12.8,92.0,0.0,1.2,333.0,0.5447885996874562,-1.0692078290260414
2026-01-05 20:00:00,12.3,91.0,0.0,0.4,153.0,-0.18159619989581868,0.3564026096753472
2026-01-05 21:00:00,11.8,90.0,0.0,2.2,180.0,1.3471114790620887e-16,2.2
2026-01-05 22:00:00,11.6,83.0,0.0,2.0,170.0,-0.3472963553338606,1.969615506024416
2026-01-05 23:00:00,11.5,76.0,0.0,2.8,169.0,-0.5342651870543255,2.748556113653459
2026-01-06 00:00:00,11.1,77.0,0.0,3.1,177.0,-0.16224146435312592,3.0957515577391788
2026-01-06 01:00:00,10.8,76.0,0.0,2.4,171.0,-0.37544271609655394,2.3704520174283306
2026-01-06 02:00:00,10.6,78.0,0.0,2.0,175.0,-0.17431148549531647,1.992389396183491
2026-01-06 03:00:00,10.7,69.0,0.0,1.3,164.0,-0.3583285625620988,1.2496402047198145
2026-01-06 04:00:00,10.4,65.0,0.0,1.3,164.0,-0.3583285625620988,1.2496402047198145
2026-01-06 05:00:00,9.7,64.0,0.0,1.1,162.0,-0.3399186938124421,1.046162167924669
2026-01-06 06:00:00,8.4,67.0,0.0,2.1,160.0,-0.7182423009839043,1.9733545036504079
2026-01-06 07:00:00,7.5,72.0,0.0,1.9,158.0,-0.7117525274902329,1.761649323676896
2026-01-06 08:00:00,12.5,73.0,0.0,2.0,190.0,0.34729635533386083,1.969615506024416
2026-01-06 09:00:00,16.4,62.0,0.0,5.1,318.0,3.412566092430177,-3.7900386099347103
2026-01-06 10:00:00,16.8,69.0,0.0,8.9,312.0,6.613988946748809,-5.955262396593839
2026-01-06 11:00:00,16.7,70.0,0.0,10.3,306.0,8.332875042061959,-6.054188098612474
2026-01-06 12:00:00,16.9,69.0,0.0,9.4,296.0,8.44866403521217,-4.1206887798173275
2026-01-06 13:00:00,16.9,67.0,0.0,11.2,298.0,9.889013040019982,-5.258081503201977
2026-01-06 14:00:00,15.2,71.0,0.0,10.9,308.0,8.589317214313269,-6.710710081049676
2026-01-06 15:00:00,14.3,75.0,0.0,8.3,316.0,5.765664474809678,-5.970520342810804
2026-01-06 16:00:00,13.7,77.0,0.0,7.1,333.0,3.223332548150782,-6.3261463217374105
2026-01-06 17:00:00,12.5,83.0,0.0,5.7,336.0,2.3183988655320613,-5.207209108562825
2026-01-06 18:00:00,10.7,94.0,0.0,4.3,312.0,3.195522749552795,-2.8772616073430903
2026-01-06 19:00:00,9.9,99.0,0.0,3.6,307.0,2.875087836170254,-2.166534083347374
2026-01-06 20:00:00,9.5,100.0,0.0,4.4,291.0,4.107753876587688,-1.5768189779993214
2026-01-06 21:00:00,9.0,100.0,0.0,4.1,285.0,3.96029588778518,-1.061158084920335
2026-01-06 22:00:00,8.7,99.0,0.0,3.6,290.0,3.3828934348292705,-1.2312725159724074
2026-01-06 23:00:00,8.3,99.0,0.1,2.4,343.0,0.7016920913345682,-2.295131414311285
2026-01-07 00:00:00,8.4,100.0,0.1,2.8,117.0,-2.4948182677274295,1.271173399270731
2026-01-07 01:00:00,8.8,100.0,0.0,1.4,113.0,-1.2887067948334165,0.5470235798849833
2026-01-07 02:00:00,8.3,100.0,0.0,0.4,63.0,-0.3564026096753472,-0.18159619989581868
2026-01-07 03:00:00,8.9,100.0,0.0,3.1,90.0,-3.1,3.796405077356795e-16
2026-01-07 04:00:00,9.1,100.0,0.0,2.8,45.0,-1.9798989873223334,-1.9798989873223327
2026-01-07 05:00:00,9.0,100.0,0.0,2.7,42.0,-1.806652637168917,-2.006491028788965
2026-01-07 06:00:00,8.7,100.0,0.0,1.9,22.0,-0.7117525274902333,-1.7616493236768958
2026-01-07 07:00:00,8.7,100.0,0.0,1.0,121.0,-0.8571673007021122,0.5150380749100544
2026-01-07 08:00:00,9.8,95.0,0.0,3.7,247.0,3.4058679577740296,1.445705175410313
2026-01-07 09:00:00,12.3,82.0,0.0,3.2,317.0,2.182394752199995,-2.3403318451813457
2026-01-07 10:00:00,14.3,70.0,0.0,6.8,325.0,3.900319767187114,-5.570233901165144
2026-01-07 11:00:00,14.7,68.0,0.0,8.1,321.0,5.097495167503683,-6.294882287801464
2026-01-07 12:00:00,14.5,68.0,0.0,7.9,311.0,5.962205683759899,-5.182866329025008
2026-01-07 13:00:00,13.4,72.0,0.0,6.9,313.0,5.046340541172277,-4.70578868443124
2026-01-07 14:00:00,13.6,73.0,0.0,7.0,350.0,1.2155372436685128,-6.893654271085456
2026-01-07 15:00:00,15.0,68.0,0.0,5.7,319.0,3.739536465245892,-4.301844607269801
2026-01-07 16:00:00,14.3,70.0,0.0,3.0,346.0,0.725765686799003,-2.9108871788279895
2026-01-07 17:00:00,13.8,75.0,0.0,1.0,292.0,0.9271838545667874,-0.374606593415912
2026-01-07 18:00:00,13.0,83.0,0.2,3.2,273.0,3.1956145112146364,-0.1674750599774203
2026-01-07 19:00:00,12.2,91.0,0.3,3.6,279.0,3.555678026142496,-0.5631640741448312
2026-01-07 20:00:00,11.6,100.0,0.1,2.3,90.0,-2.3,2.816687638038912e-16
2026-01-07 21:00:00,10.4,100.0,0.0,0.4,180.0,2.4492935982947065e-17,0.4
2026-01-07 22:00:00,10.3,97.0,0.0,0.6000000000000001,146.0,-0.33551574208244805,0.4974225435330251
2026-01-07 23:00:00,10.0,94.0,0.0,0.9,180.0,5.5109105961630896e-17,0.9
2026-01-08 00:00:00,10.8,90.0,0.0,1.0,135.0,-0.7071067811865475,0.7071067811865476
2026-01-08 01:00:00,11.2,87.0,0.0,0.2,180.0,1.2246467991473533e-17,0.2
2026-01-08 02:00:00,11.1,90.0,0.0,1.1,99.0,-1.0864571746546514,0.1720779115442541
2026-01-08 03:00:00,10.4,89.0,0.0,0.8,135.0,-0.565685424949238,0.5656854249492381
2026-01-08 04:00:00,11.8,86.0,0.1,2.4,99.0,-2.37045201742833,0.37544271609655433
2026-01-08 05:00:00,12.2,87.0,0.1,2.6,102.0,-2.543183761907895,0.5405703961261742
2026-01-08 06:00:00,11.1,90.0,0.0,1.1,252.0,1.0461621679246689,0.33991869381244216
2026-01-08 07:00:00,11.7,90.0,0.0,0.4,117.0,-0.35640260967534715,0.18159619989581877
2026-01-08 08:00:00,13.2,74.0,0.0,1.4,140.0,-0.8999026535611551,1.0724622203665692
2026-01-08 09:00:00,15.1,76.0,0.0,4.5,293.0,4.142271840535981,-1.7582900782017319
2026-01-08 10:00:00,15.7,67.0,0.0,7.6,306.0,6.1485291572496,-4.467167917422795
2026-01-08 11:00:00,15.3,67.0,0.0,6.1,317.0,4.1601899963812405,-4.461257579876939
2026-01-08 12:00:00,16.0,65.0,0.0,6.1,310.0,4.6728711030257655,-3.921004419087889
2026-01-08 13:00:00,16.8,63.0,0.0,7.8,307.0,6.229356978368884,-4.694157180585976
2026-01-08 14:00:00,16.5,62.0,0.0,8.5,306.0,6.876644452187053,-4.996174644486022
2026-01-08 15:00:00,16.7,59.0,0.0,6.8,305.0,5.570233901165144,-3.900319767187113
2026-01-08 16:00:00,16.0,59.0,0.0,8.5,312.0,6.316731016557851,-5.6876101540502955
2026-01-08 17:00:00,13.2,68.0,0.0,4.1,299.0,3.585940799271522,-1.9877194430099818
2026-01-08 18:00:00,10.7,80.0,0.0,1.0,202.0,0.37460659341591196,0.9271838545667874
2026-01-08 19:00:00,9.8,84.0,0.0,1.1,171.0,-0.17207791154425392,1.0864571746546516
2026-01-08 20:00:00,10.0,83.0,0.0,0.5,135.0,-0.35355339059327373,0.3535533905932738
2026-01-08 21:00:00,9.9,83.0,0.0,1.7000000000000002,139.0,-1.1153003492838622,1.2830062863787128
2026-01-08 22:00:00,10.1,81.0,0.0,1.0,158.0,-0.37460659341591207,0.9271838545667874
2026-01-08 23:00:00,10.1,80.0,0.0,0.4,180.0,2.4492935982947065e-17,0.4
2026-01-09 00:00:00,10.6,79.0,0.0,0.9,180.0,5.5109105961630896e-17,0.9
2026-01-09 01:00:00,11.8,76.0,0.0,0.6000000000000001,146.0,-0.33551574208244805,0.4974225435330251
2026-01-09 02:00:00,11.9,76.0,0.0,0.4,27.0,-0.18159619989581877,-0.35640260967534715
2026-01-09 03:00:00,12.2,74.0,0.0,2.2,104.0,-2.1346505978071924,0.5322281703192691
2026-01-09 04:00:00,12.6,72.0,0.0,0.7000000000000001,104.0,-0.6792070083931976,0.16934532691976742
2026-01-09 05:00:00,12.4,72.0,0.0,0.2,180.0,1.2246467991473533e-17,0.2
2026-01-09 06:00:00,11.1,77.0,0.0,2.3,212.0,1.2188143077363711,1.9505106211597796
2026-01-09 07:00:00,11.1,78.0,0.0,0.9,180.0,5.5109105961630896e-17,0.9
2026-01-09 08:00:00,14.4,74.0,0.0,2.4,228.0,1.7835475811457462,1.6059134552612597
2026-01-09 09:00:00,15.7,65.0,0.0,6.1,289.0,5.767663311155832,-1.9859657421886558
2026-01-09 10:00:00,16.0,61.0,0.0,7.7,301.0,6.600188215406265,-3.9657931768074173
2026-01-09 11:00:00,16.1,62.0,0.0,7.5,312.0,5.573586191080457,-5.018479547691436
2026-01-09 12:00:00,16.4,61.0,0.0,9.6,310.0,7.354026653942189,-6.170761052990777
2026-01-09 13:00:00,16.8,58.0,0.0,9.7,313.0,7.094130905705953,-6.615384092606234
2026-01-09 14:00:00,16.7,57.0,0.0,9.4,310.0,7.200817765318393,-6.042203531053469
2026-01-09 15:00:00,17.3,53.0,0.0,9.5,302.0,8.056456913486047,-5.034233010215447
2026-01-09 16:00:00,16.4,54.0,0.0,8.3,300.0,7.188010851410842,-4.1499999999999995
2026-01-09 17:00:00,14.5,64.0,0.0,4.5,310.0,3.447199994035401,-2.892544243589427
2026-01-09 18:00:00,12.5,73.0,0.0,1.1,261.0,1.0864571746546516,0.17207791154425398
2026-01-09 19:00:00,12.0,72.0,0.0,1.0,68.0,-0.9271838545667874,-0.374606593415912
2026-01-09 20:00:00,12.2,72.0,0.0,0.4,180.0,2.4492935982947065e-17,0.4
2026-01-09 21:00:00,11.8,76.0,0.0,0.4,153.0,-0.18159619989581868,0.3564026096753472
2026-01-09 22:00:00,12.7,73.0,0.0,0.5,180.0,3.061616997868383e-17,0.5
2026-01-09 23:00:00,11.5,73.0,0.0,2.7,203.0,1.0549740469210391,2.485363104321589
2026-01-10 00:00:00,11.1,74.0,0.0,0.4,153.0,-0.18159619989581868,0.3564026096753472
2026-01-10 01:00:00,11.9,70.0,0.0,1.1,180.0,6.735557395310444e-17,1.1
2026-01-10 02:00:00,12.3,70.0,0.0,0.8,117.0,-0.7128052193506943,0.36319239979163753
2026-01-10 03:00:00,11.9,72.0,0.0,1.3,135.0,-0.9192388155425117,0.9192388155425119
2026-01-10 04:00:00,11.3,72.0,0.0,2.6,129.0,-2.0205794997881243,1.6362330167295773
2026-01-10 05:00:00,10.9,69.0,0.0,3.0,147.0,-1.6339171050450814,2.5160117038362717
2026-01-10 06:00:00,9.2,76.0,0.0,2.3,151.0,-1.115062126566575,2.01162532642061
2026-01-10 07:00:00,7.8,81.0,0.0,3.4,155.0,-1.4369020899183778,3.08144647592461
2026-01-10 08:00:00,13.6,71.0,0.0,6.8,168.0,-1.4137994975607635,6.651403684989878
2026-01-10 09:00:00,18.6,55.0,0.0,5.5,293.0,5.062776693988422,-2.149021206691006
2026-01-10 10:00:00,19.3,51.0,0.0,8.6,303.0,7.212566884330647,-4.683895701129233
2026-01-10 11:00:00,19.7,49.0,0.0,10.2,302.0,8.650090580795544,-5.40517649517869
2026-01-10 12:00:00,19.3,50.0,0.0,12.0,291.0,11.202965117966421,-4.300415394543603
2026-01-10 13:00:00,18.8,52.0,0.0,9.8,293.0,9.020947563833916,-3.8291650591948834
2026-01-10 14:00:00,16.9,60.0,0.0,5.8,306.0,4.692298567374695,-3.409154463296344
2026-01-10 15:00:00,17.2,60.0,0.0,5.3,315.0,3.747665940288702,-3.7476659402887016
2026-01-10 16:00:00,16.4,63.0,0.0,4.3,315.0,3.0405591591021546,-3.040559159102154
2026-01-10 17:00:00,15.5,70.0,0.0,2.7,312.0,2.0064910287889646,-1.8066526371689173
2026-01-10 18:00:00,14.3,81.0,0.0,0.8,153.0,-0.36319239979163737,0.7128052193506944
2026-01-10 19:00:00,14.1,82.0,0.0,0.4,180.0,2.4492935982947065e-17,0.4
2026-01-10 20:00:00,14.4,77.0,0.0,2.9,223.0,1.9777952441812454,2.1209257346955943
2026-01-10 21:00:00,14.3,77.0,0.0,3.1,257.0,3.0205472008342293,0.6973482684659815
2026-01-10 22:00:00,14.1,82.0,0.0,1.5,150.0,-0.7499999999999997,1.299038105676658
2026-01-10 23:00:00,14.6,80.0,0.0,1.5,120.0,-1.299038105676658,0.7499999999999999
2026-01-11 00:00:00,15.0,78.0,0.0,0.6000000000000001,162.0,-0.18541019662496844,0.5706339097770923
2026-01-11 01:00:00,15.2,77.0,0.0,0.4,180.0,2.4492935982947065e-17,0.4
2026-01-11 02:00:00,14.6,78.0,0.0,0.4,207.0,0.18159619989581874,0.35640260967534715
2026-01-11 03:00:00,13.7,81.0,0.0,1.0,225.0,0.7071067811865476,0.7071067811865475
2026-01-11 04:00:00,13.3,80.0,0.0,1.0,149.0,-0.5150380749100543,0.8571673007021123
2026-01-11 05:00:00,13.9,77.0,0.0,1.7000000000000002,131.0,-1.2830062863787126,1.1153003492838625
2026-01-11 06:00:00,13.2,77.0,0.0,1.5,144.0,-0.8816778784387096,1.2135254915624212
2026-01-11 07:00:00,12.7,79.0,0.0,1.5,166.0,-0.36288284339950166,1.4554435894139948
2026-01-11 08:00:00,16.3,71.0,0.0,2.7,188.0,0.3757673725921768,2.67372378560224
2026-01-11 09:00:00,18.0,62.0,0.0,3.9,283.0,3.8000432526624173,-0.8773091119410735
2026-01-11 10:00:00,19.4,58.0,0.0,6.9,303.0,5.786826918823426,-3.758009341603687
2026-01-11 11:00:00,20.1,55.0,0.0,7.7,309.0,5.984023903218676,-4.845767011083748
2026-01-11 12:00:00,20.5,51.0,0.0,9.9,312.0,7.357133772226203,-6.624393002952697
2026-01-11 13:00:00,20.6,52.0,0.0,10.5,311.0,7.924450592339106,-6.888619804400326
2026-01-11 14:00:00,20.1,56.0,0.0,9.9,299.0,8.658735100680017,-4.799615240438737
2026-01-11 15:00:00,20.1,54.0,0.0,8.6,296.0,7.729628798172836,-3.7699918623860653
2026-01-11 16:00:00,19.4,54.0,0.0,6.0,279.0,5.926130043570827,-0.9386067902413853
2026-01-11 17:00:00,17.0,69.0,0.0,3.2,267.0,3.1956145112146364,0.1674750599774203
2026-01-11 18:00:00,14.4,75.0,0.0,2.4,189.0,0.3754427160965542,2.3704520174283306
2026-01-11 19:00:00,13.6,80.0,0.0,4.0,180.0,2.4492935982947064e-16,4.0
2026-01-11 20:00:00,12.7,81.0,0.0,2.2,132.0,-1.634918616050267,1.4720873339894884
2026-01-11 21:00:00,12.5,83.0,0.0,1.6,153.0,-0.7263847995832747,1.4256104387013888
2026-01-11 22:00:00,12.8,80.0,0.0,0.9,169.0,-0.17172809583889032,0.8834644651028976
2026-01-11 23:00:00,13.3,76.0,0.0,1.7000000000000002,148.0,-0.9008627491964483,1.4416817634659245
2026-01-12 00:00:00,12.7,77.0,0.0,0.7000000000000001,166.0,-0.16934532691976747,0.6792070083931976
2026-01-12 01:00:00,12.3,77.0,0.0,1.5,166.0,-0.36288284339950166,1.4554435894139948
2026-01-12 02:00:00,12.7,75.0,0.0,1.9,131.0,-1.4339482024232668,1.2465121550819638
2026-01-12 03:00:00,13.1,72.0,0.0,1.4,140.0,-0.8999026535611551,1.0724622203665692
2026-01-12 04:00:00,12.5,73.0,0.0,1.9,151.0,-0.9211382784680403,1.661777443564852
2026-01-12 05:00:00,11.2,77.0,0.0,2.3,151.0,-1.115062126566575,2.01162532642061
2026-01-12 06:00:00,10.2,81.0,0.0,1.9,151.0,-0.9211382784680403,1.661777443564852
2026-01-12 07:00:00,9.7,83.0,0.0,3.2,164.0,-0.882039538614397,3.0760374270026207
2026-01-12 08:00:00,15.2,71.0,0.0,2.3,141.0,-1.4474368994146256,1.7874357113510333
2026-01-12 09:00:00,17.5,67.0,0.0,4.8,331.0,2.327086177182418,-4.1981745942691
2026-01-12 10:00:00,18.8,65.0,0.0,8.5,312.0,6.316731016557851,-5.6876101540502955
2026-01-12 11:00:00,18.6,65.0,0.0,11.3,301.0,9.68599049793387,-5.8199302464836125
2026-01-12 12:00:00,17.8,66.0,0.0,9.0,296.0,8.089146416692504,-3.9453403211016966
2026-01-12 13:00:00,18.7,62.0,0.0,8.5,295.0,7.703616189811524,-3.592255224795945
2026-01-12 14:00:00,18.8,61.0,0.0,8.4,305.0,6.880877172027532,-4.818042065348787
2026-01-12 15:00:00,18.1,63.0,0.0,8.1,305.0,6.6351315587408335,-4.645969134443472
2026-01-12 16:00:00,17.5,63.0,0.0,7.3,310.0,5.5921244347685395,-4.692349550711737
2026-01-12 17:00:00,15.9,71.0,0.0,3.1,329.0,1.5966180322211678,-2.6572186321765483
2026-01-12 18:00:00,15.4,77.0,0.0,3.2,117.0,-2.851220877402777,1.4527695991665501
2026-01-12 19:00:00,15.2,83.0,0.0,2.6,124.0,-2.1554976886431083,1.453901549023942
2026-01-12 20:00:00,14.0,89.0,0.0,3.8,135.0,-2.68700576850888,2.6870057685088806
2026-01-12 21:00:00,13.9,89.0,0.0,2.1,211.0,1.0815799573111138,1.800051331474436
2026-01-12 22:00:00,14.1,85.0,0.0,1.6,207.0,0.726384799583275,1.4256104387013886
2026-01-12 23:00:00,14.0,81.0,0.0,3.1,93.0,-3.0957515577391788,0.1622414643531258
2026-01-13 00:00:00,13.5,83.0,0.0,3.2,124.0,-2.6529202321761334,1.7894172911063901
2026-01-13 01:00:00,13.6,81.0,0.0,2.7,138.0,-1.8066526371689173,2.0064910287889646
2026-01-13 02:00:00,13.2,83.0,0.0,2.5,135.0,-1.7677669529663687,1.7677669529663689
2026-01-13 03:00:00,13.7,79.0,0.0,0.4,153.0,-0.18159619989581868,0.3564026096753472
2026-01-13 04:00:00,14.4,74.0,0.0,1.9,151.0,-0.9211382784680403,1.661777443564852
2026-01-13 05:00:00,14.6,75.0,0.0,1.1,162.0,-0.3399186938124421,1.046162167924669
2026-01-13 06:00:00,14.6,77.0,0.0,0.4,153.0,-0.18159619989581868,0.3564026096753472
2026-01-13 07:00:00,13.9,80.0,0.0,1.3,146.0,-0.7269507745119708,1.0777488443215544
2026-01-13 08:00:00,16.8,71.0,0.0,1.1,99.0,-1.0864571746546514,0.1720779115442541
2026-01-13 09:00:00,17.5,69.0,0.0,4.3,315.0,3.0405591591021546,-3.040559159102154
2026-01-13 10:00:00,18.7,65.0,0.0,6.1,326.0,3.4110767111715554,-5.057129192585754
2026-01-13 11:00:00,19.9,60.0,0.0,9.9,328.0,5.246200715908729,-8.395676151948617
2026-01-13 12:00:00,20.6,52.0,0.0,11.0,322.0,6.772276228582241,-8.668118289673941
2026-01-13 13:00:00,20.8,45.0,0.0,11.0,320.0,7.070663706551933,-8.426488874308758
2026-01-13 14:00:00,20.5,43.0,0.0,9.9,325.0,5.678406719875357,-8.109605238461018
2026-01-13 15:00:00,20.2,42.0,0.0,10.7,323.0,6.439420747726917,-8.545399957506033
2026-01-13 16:00:00,18.7,47.0,0.0,9.8,322.0,6.033482458191452,-7.722505385345876
2026-01-13 17:00:00,16.1,64.0,0.0,3.2,313.0,2.3403318451813457,-2.182394752199995
2026-01-13 18:00:00,14.1,67.0,0.0,1.0,121.0,-0.8571673007021122,0.5150380749100544
2026-01-13 19:00:00,13.0,72.0,0.0,2.6,129.0,-2.0205794997881243,1.6362330167295773
2026-01-13 20:00:00,13.0,71.0,0.0,3.2,142.0,-1.9701167210421067,2.521634411541511
2026-01-13 21:00:00,12.5,72.0,0.0,1.8,156.0,-0.7321259575364405,1.6443818237566816
2026-01-13 22:00:00,12.0,72.0,0.0,3.1,159.0,-1.1109406435904308,2.8940993221413254
2026-01-13 23:00:00,11.0,74.0,0.0,3.4,162.0,-1.050657780874821,3.2335921554035223
2026-01-14 00:00:00,10.1,75.0,0.0,4.8,160.0,-1.6416966879632098,4.51052457977236
2026-01-14 01:00:00,9.1,76.0,0.0,5.5,157.0,-2.149021206691006,5.062776693988422
2026-01-14 02:00:00,9.5,69.0,0.0,2.8,145.0,-1.606014021782929,2.2936257240091766
2026-01-14 03:00:00,9.7,65.0,0.0,3.6,153.0,-1.6343657990623681,3.2076234870781244
2026-01-14 04:00:00,9.2,62.0,0.0,2.8,153.0,-1.2711733992707306,2.49481826772743
2026-01-14 05:00:00,8.5,60.0,0.0,3.5,156.0,-1.423578250765301,3.197409101749103
2026-01-14 06:00:00,8.2,56.0,0.0,3.5,156.0,-1.423578250765301,3.197409101749103
2026-01-14 07:00:00,8.2,55.0,0.0,3.6,153.0,-1.6343657990623681,3.2076234870781244
2026-01-14 08:00:00,13.0,60.0,0.0,4.3,147.0,-2.3419478505646163,3.606283442165323
2026-01-14 09:00:00,19.6,47.0,0.0,2.3,252.0,2.1874299874788528,0.710739087062379
2026-01-14 10:00:00,21.1,44.0,0.0,5.2,297.0,4.633233925779513,-2.360750598645643
2026-01-14 11:00:00,22.0,41.0,0.0,7.9,303.0,6.62549748676885,-4.3026483766187145
2026-01-14 12:00:00,22.4,40.0,0.0,9.5,302.0,8.056456913486047,-5.034233010215447
2026-01-14 13:00:00,22.6,44.0,0.0,9.4,296.0,8.44866403521217,-4.1206887798173275
2026-01-14 14:00:00,22.5,47.0,0.0,8.9,288.0,8.464402995026866,-2.750251249937032
2026-01-14 15:00:00,22.6,47.0,0.0,9.3,294.0,8.495972756076188,-3.7826507806049423
2026-01-14 16:00:00,20.8,52.0,0.0,10.3,299.0,9.008582983535776,-4.993539088537272
2026-01-14 17:00:00,18.1,66.0,0.0,4.6,288.0,4.3748599749577055,-1.421478174124758
2026-01-14 18:00:00,15.8,74.0,0.0,0.9,169.0,-0.17172809583889032,0.8834644651028976
2026-01-14 19:00:00,14.9,78.0,0.0,3.5,156.0,-1.423578250765301,3.197409101749103
2026-01-14 20:00:00,13.7,82.0,0.0,4.8,138.0,-3.2118269105225195,3.5670951622914924
2026-01-14 21:00:00,11.8,90.0,0.0,3.7,151.0,-1.793795594911447,3.236092916415765
2026-01-14 22:00:00,11.2,90.0,0.0,3.6,150.0,-1.7999999999999992,3.1176914536239795
2026-01-14 23:00:00,11.2,88.0,0.0,2.4,153.0,-1.089577199374912,2.138415658052083
2026-01-15 00:00:00,10.9,87.0,0.0,1.6,153.0,-0.7263847995832747,1.4256104387013888
2026-01-15 01:00:00,10.8,86.0,0.0,1.6,153.0,-0.7263847995832747,1.4256104387013888
2026-01-15 02:00:00,11.5,80.0,0.0,3.0,142.0,-1.846984425976975,2.3640322608201663
2026-01-15 03:00:00,11.8,77.0,0.0,2.2,145.0,-1.2618681599723016,1.8021344974357818
2026-01-15 04:00:00,11.7,75.0,0.0,3.2,146.0,-1.7894172911063895,2.652920232176134
2026-01-15 05:00:00,11.7,71.0,0.0,4.4,145.0,-2.5237363199446032,3.6042689948715636
2026-01-15 06:00:00,11.6,67.0,0.0,4.8,146.0,-2.684125936659584,3.9793803482642
2026-01-15 07:00:00,12.3,65.0,0.0,3.0,147.0,-1.6339171050450814,2.5160117038362717
2026-01-15 08:00:00,15.8,67.0,0.0,3.3,139.0,-2.1649947956686737,2.490541614735148
2026-01-15 09:00:00,20.3,52.0,0.0,4.6,342.0,1.4214781741247582,-4.3748599749577055
2026-01-15 10:00:00,21.3,51.0,0.0,9.5,331.0,4.605691392340202,-8.30888721782426
2026-01-15 11:00:00,21.6,51.0,0.0,12.0,323.0,7.22178027782458,-9.583626120567514
2026-01-15 12:00:00,21.4,51.0,0.0,10.4,316.0,7.224447052773572,-7.481133923521972
2026-01-15 13:00:00,21.0,53.0,0.0,10.0,327.0,5.446390350150271,-8.386705679454241
2026-01-15 14:00:00,21.5,52.0,0.0,9.9,316.0,6.877117867544073,-7.121464023352646
2026-01-15 15:00:00,21.3,49.0,0.0,10.1,309.0,7.849174210715406,-6.356135949603358
2026-01-15 16:00:00,19.7,51.0,0.0,8.2,310.0,6.281564433575619,-5.270858399429621
2026-01-15 17:00:00,18.2,63.0,0.0,2.4,297.0,2.138415658052083,-1.0895771993749122
2026-01-15 18:00:00,15.6,73.0,0.0,1.0,158.0,-0.37460659341591207,0.9271838545667874
2026-01-15 19:00:00,16.1,69.0,0.0,2.7,143.0,-1.6249005625105308,2.1563158771276907
2026-01-15 20:00:00,16.7,61.0,0.0,3.4,133.0,-2.4866025855051794,2.318794424212495
2026-01-15 21:00:00,16.2,68.0,0.0,3.0,155.0,-1.267854785222098,2.71892336110995
2026-01-15 22:00:00,16.0,70.0,0.0,3.8,155.0,-1.6059493946146575,3.44396959073927
2026-01-15 23:00:00,15.7,72.0,0.0,2.7,160.0,-0.9234543869793056,2.537170076121953
2026-01-16 00:00:00,15.3,73.0,0.0,3.8,163.0,-1.1110124779463992,3.633958072659535
2026-01-16 01:00:00,14.2,77.0,0.0,2.3,162.0,-0.7107390870623789,2.187429987478853
2026-01-16 02:00:00,14.9,70.0,0.0,2.0,153.0,-0.9079809994790934,1.7820130483767358
2026-01-16 03:00:00,15.4,66.0,0.0,1.3,146.0,-0.7269507745119708,1.0777488443215544
2026-01-16 04:00:00,15.5,66.0,0.0,2.1,142.0,-1.2928890981838825,1.6548225825741163
2026-01-16 05:00:00,15.4,67.0,0.0,0.30000000000000004,135.0,-0.21213203435596428,0.2121320343559643
2026-01-16 06:00:00,15.2,67.0,0.0,1.1,162.0,-0.3399186938124421,1.046162167924669
2026-01-16 07:00:00,14.8,70.0,0.0,1.2,153.0,-0.544788599687456,1.0692078290260414
2026-01-16 08:00:00,17.5,66.0,0.0,2.3,113.0,-2.117161162940613,0.8986815955253296
2026-01-16 09:00:00,19.4,58.0,0.0,2.7,8.0,-0.37576737259217774,-2.67372378560224
2026-01-16 10:00:00,20.6,55.0,0.0,5.2,340.0,1.778504745293478,-4.886401628086723
2026-01-16 11:00:00,22.2,52.0,0.0,9.1,328.0,4.822265304522165,-7.717237675023476
2026-01-16 12:00:00,22.6,52.0,0.0,10.8,323.0,6.499602250042123,-8.625263508510763
2026-01-16 13:00:00,22.1,55.0,0.0,10.9,320.0,7.006384945583279,-8.34988442999686
2026-01-16 14:00:00,21.0,59.0,0.0,7.6,329.0,3.9142893693164114,-6.5144714853360535
2026-01-16 15:00:00,20.2,62.0,0.0,8.3,309.0,6.450311480092859,-5.223359245713651
2026-01-16 16:00:00,19.5,67.0,0.0,4.9,324.0,2.8801477362331185,-3.9641832724372428
2026-01-16 17:00:00,18.5,75.0,0.0,3.2,333.0,1.45276959916655,-2.851220877402777
2026-01-16 18:00:00,17.6,81.0,0.0,2.4,81.0,-2.3704520174283306,-0.3754427160965537
2026-01-16 19:00:00,17.4,80.0,0.0,4.0,108.0,-3.804226065180614,1.23606797749979
2026-01-16 20:00:00,16.7,82.0,0.0,5.4,138.0,-3.6133052743378347,4.012982057577929
2026-01-16 21:00:00,16.8,82.0,0.0,4.2,155.0,-1.7749966993109372,3.8064927055539304
2026-01-16 22:00:00,16.8,82.0,0.0,3.0,166.0,-0.7257656867990033,2.9108871788279895
2026-01-16 23:00:00,15.9,85.0,0.0,0.4,153.0,-0.18159619989581868,0.3564026096753472
2026-01-17 00:00:00,16.7,79.0,0.0,2.3,148.0,-1.218814307736371,1.9505106211597798
2026-01-17 01:00:00,17.3,77.0,0.0,0.4,153.0,-0.18159619989581868,0.3564026096753472
2026-01-17 02:00:00,17.2,78.0,0.0,2.6,129.0,-2.0205794997881243,1.6362330167295773
2026-01-17 03:00:00,17.7,76.0,0.0,2.7,118.0,-2.383958500719103,1.267573219521905
2026-01-17 04:00:00,17.7,75.0,0.0,2.7,113.0,-2.485363104321589,1.0549740469210394
2026-01-17 05:00:00,16.7,78.0,0.0,1.4,157.0,-0.5470235798849833,1.2887067948334163
2026-01-17 06:00:00,15.8,79.0,0.0,0.9,169.0,-0.17172809583889032,0.8834644651028976
2026-01-17 07:00:00,15.7,78.0,0.0,0.7000000000000001,166.0,-0.16934532691976747,0.6792070083931976
2026-01-17 08:00:00,18.2,75.0,0.0,3.4,148.0,-1.8017254983928963,2.8833635269318485
2026-01-17 09:00:00,20.0,77.0,0.0,2.6,231.0,2.0205794997881243,1.6362330167295773
2026-01-17 10:00:00,21.3,65.0,0.0,3.8,281.0,3.730183297101123,-0.7250741824308702
2026-01-17 11:00:00,21.5,67.0,0.0,5.1,288.0,4.850388233105282,-1.5759866713122317
2026-01-17 12:00:00,21.6,68.0,0.0,6.2,291.0,5.788198644282651,-2.2218812871808615
2026-01-17 13:00:00,21.7,67.0,0.0,6.4,286.0,6.1520748540052415,-1.7640790772287946
2026-01-17 14:00:00,21.4,68.0,0.0,6.9,285.0,6.664888201394572,-1.785851411207393
2026-01-17 15:00:00,21.5,67.0,0.0,7.2,292.0,6.675723752880869,-2.6971674725945665
2026-01-17 16:00:00,20.9,69.0,0.0,7.5,305.0,6.143640332167439,-4.301823272632845
2026-01-17 17:00:00,19.6,75.0,0.0,4.1,299.0,3.585940799271522,-1.9877194430099818
2026-01-17 18:00:00,17.2,89.0,0.1,2.1,160.0,-0.7182423009839043,1.9733545036504079
2026-01-17 19:00:00,17.2,90.0,0.1,2.8,165.0,-0.7246933262870583,2.7045923136093912
2026-01-17 20:00:00,17.0,90.0,0.0,1.7000000000000002,148.0,-0.9008627491964483,1.4416817634659245
2026-01-17 21:00:00,16.5,88.0,0.0,2.3,176.0,-0.16043988961148825,2.2943973155975956
2026-01-17 22:00:00,16.4,85.0,0.0,2.5,172.0,-0.3479327524001634,2.475670171853926
2026-01-17 23:00:00,15.8,84.0,0.1,2.5,150.0,-1.2499999999999996,2.165063509461097
2026-01-18 00:00:00,15.7,85.0,0.0,2.6,141.0,-1.6362330167295769,2.020579499788125
2026-01-18 01:00:00,15.8,83.0,0.0,2.4,138.0,-1.6059134552612597,1.7835475811457462
2026-01-18 02:00:00,16.2,80.0,0.0,3.2,137.0,-2.1823947521999947,2.3403318451813457
2026-01-18 03:00:00,15.7,83.0,0.0,3.1,149.0,-1.5966180322211683,2.6572186321765483
2026-01-18 04:00:00,15.0,89.0,0.0,3.0,155.0,-1.267854785222098,2.71892336110995
2026-01-18 05:00:00,13.9,94.0,0.0,1.0,149.0,-0.5150380749100543,0.8571673007021123
2026-01-18 06:00:00,14.3,92.0,0.0,4.6,144.0,-2.7038121605453758,3.721478174124758
2026-01-18 07:00:00,14.6,89.0,0.0,5.2,146.0,-2.907803098047883,4.3109953772862175
2026-01-18 08:00:00,17.3,84.0,0.0,2.3,151.0,-1.115062126566575,2.01162532642061
2026-01-18 09:00:00,20.7,70.0,0.0,1.9,338.0,0.7117525274902327,-1.761649323676896
2026-01-18 10:00:00,22.6,62.0,0.0,4.2,329.0,2.1631599146222276,-3.600102662948872
2026-01-18 11:00:00,23.0,62.0,0.0,6.7,308.0,5.279672049165037,-4.124931884681911
2026-01-18 12:00:00,22.5,65.0,0.0,9.1,304.0,7.544241910250879,-5.0886554215837965
2026-01-18 13:00:00,22.5,64.0,0.1,7.3,301.0,6.25732129512542,-3.7597779468433954
2026-01-18 14:00:00,22.0,65.0,0.1,5.6,285.0,5.4091846272187825,-1.4493866525741161
2026-01-18 15:00:00,21.7,63.0,0.1,6.2,291.0,5.788198644282651,-2.2218812871808615
2026-01-18 16:00:00,21.5,64.0,0.0,5.4,307.0,4.312631754255381,-3.2498011250210608
2026-01-18 17:00:00,19.6,77.0,0.0,2.2,294.0,2.0098000068137223,-0.8948206147667606
2026-01-18 18:00:00,17.4,88.0,0.0,0.9,169.0,-0.17172809583889032,0.8834644651028976
2026-01-18 19:00:00,16.6,91.0,0.0,2.2,156.0,-0.8948206147667607,2.0098000068137223
2026-01-18 20:00:00,16.0,93.0,0.0,3.5,145.0,-2.0075175272286616,2.867032155011471
2026-01-18 21:00:00,15.1,92.0,0.0,1.7000000000000002,167.0,-0.3824167923845706,1.6564291101349
2026-01-18 22:00:00,14.2,92.0,0.0,2.1,165.0,-0.5435199947152938,2.0284442352070435
2026-01-18 23:00:00,13.8,91.0,0.0,1.4,157.0,-0.5470235798849833,1.2887067948334163
2026-01-19 00:00:00,13.9,89.0,0.0,2.1,149.0,-1.081579957311114,1.800051331474436
2026-01-19 01:00:00,14.0,87.0,0.0,2.2,156.0,-0.8948206147667607,2.0098000068137223
2026-01-19 02:00:00,15.1,77.0,0.0,2.2,156.0,-0.8948206147667607,2.0098000068137223
2026-01-19 03:00:00,14.3,76.0,0.0,1.6,153.0,-0.7263847995832747,1.4256104387013888
2026-01-19 04:00:00,13.6,75.0,0.0,1.6,153.0,-0.7263847995832747,1.4256104387013888
2026-01-19 05:00:00,12.1,81.0,0.0,1.9,158.0,-0.7117525274902329,1.761649323676896
2026-01-19 06:00:00,10.9,84.0,0.0,3.1,156.0,-1.260883593534981,2.8319909186920627
2026-01-19 07:00:00,10.3,84.0,0.0,3.5,156.0,-1.423578250765301,3.197409101749103
2026-01-19 08:00:00,15.0,76.0,0.0,3.0,155.0,-1.267854785222098,2.71892336110995
2026-01-19 09:00:00,20.5,54.0,0.0,2.3,266.0,2.2943973155975956,0.1604398896114882
2026-01-19 10:00:00,22.2,48.0,0.0,5.6,292.0,5.192229585574009,-2.097796923129107
2026-01-19 11:00:00,22.5,56.0,0.0,9.3,295.0,8.428662419440846,-3.930349834188505
2026-01-19 12:00:00,22.5,59.0,0.0,10.9,297.0,9.71197111365321,-4.94849644716106
2026-01-19 13:00:00,22.4,58.0,0.0,10.8,298.0,9.535834002876411,-5.070292878087621
2026-01-19 14:00:00,21.7,62.0,0.0,9.5,280.0,9.355673653615977,-1.6496576878358382
2026-01-19 15:00:00,21.2,66.0,0.2,9.5,280.0,9.355673653615977,-1.6496576878358382
2026-01-19 16:00:00,19.7,79.0,1.1,5.4,276.0,5.370418234988676,-0.5644537016453288
2026-01-19 17:00:00,18.3,92.0,0.3,3.0,253.0,2.868914267889106,0.8771151141682103
2026-01-19 18:00:00,16.9,100.0,0.1,2.9,191.0,0.5533460865919803,2.8467188319982255
2026-01-19 19:00:00,16.4,100.0,0.0,4.9,182.0,0.1710075338422553,4.897015052393569
2026-01-19 20:00:00,17.0,100.0,0.0,4.4,153.0,-1.9975581988540057,3.9204287064288192
2026-01-19 21:00:00,16.9,99.0,0.2,4.3,180.0,2.632990618166809e-16,4.3
2026-01-19 22:00:00,16.9,98.0,0.0,5.8,194.0,1.4031469944780726,5.627715212400779
2026-01-19 23:00:00,17.0,93.0,0.0,3.8,205.0,1.605949394614658,3.4439695907392696
2026-01-20 00:00:00,17.3,91.0,0.1,0.4,180.0,2.4492935982947065e-17,0.4
2026-01-20 01:00:00,16.7,94.0,0.2,0.6000000000000001,18.0,-0.18541019662496858,-0.5706339097770922
2026-01-20 02:00:00,15.3,98.0,0.1,3.0,73.0,-2.868914267889106,-0.8771151141682103
2026-01-20 03:00:00,15.7,93.0,0.1,2.2,95.0,-2.1916283358018402,0.19174263404484804
2026-01-20 04:00:00,15.9,90.0,0.0,0.7000000000000001,90.0,-0.7000000000000001,8.572527594031473e-17
2026-01-20 05:00:00,15.4,93.0,0.0,0.2,270.0,0.2,0.0
2026-01-20 06:00:00,14.7,97.0,0.1,1.6,186.0,0.16724554122824553,1.5912350325892373
2026-01-20 07:00:00,14.8,95.0,0.0,3.5,189.0,0.5475206276408082,3.456909192082982
2026-01-20 08:00:00,16.4,100.0,0.0,3.1,156.0,-1.260883593534981,2.8319909186920627
2026-01-20 09:00:00,19.1,87.0,0.0,0.9,233.0,0.7187719590425635,0.5416335208368435
2026-01-20 10:00:00,21.6,68.0,0.1,3.8,287.0,3.6339580726595346,-1.1110124779463997
2026-01-20 11:00:00,21.2,68.0,0.0,13.4,296.0,12.043840220408839,-5.874173366973637
2026-01-20 12:00:00,20.2,67.0,0.0,10.7,299.0,9.358430866391533,-5.187462936635806
2026-01-20 13:00:00,20.9,55.0,0.0,9.4,299.0,8.22142524711032,-4.5572104303155685
2026-01-20 14:00:00,20.9,53.0,0.0,11.6,300.0,10.045894683899489,-5.799999999999999
2026-01-20 15:00:00,20.5,51.0,0.0,9.7,295.0,8.791185534255504,-4.099397138884784
2026-01-20 16:00:00,19.5,53.0,0.0,7.7,295.0,6.978569960182205,-3.2541606154033857
2026-01-20 17:00:00,17.5,65.0,0.0,5.2,295.0,4.7128004925905795,-2.197614961051637
2026-01-20 18:00:00,14.9,79.0,0.0,1.9,236.0,1.575171387854579,1.0624665165944192
2026-01-20 19:00:00,14.0,81.0,0.0,2.2,215.0,1.2618681599723016,1.802134497435782
2026-01-20 20:00:00,13.6,86.0,0.0,3.1,190.0,0.5383093507674843,3.052904034337845
2026-01-20 21:00:00,13.5,87.0,0.0,3.1,211.0,1.5966180322211678,2.6572186321765483
2026-01-20 22:00:00,13.0,90.0,0.0,2.3,203.0,0.8986815955253294,2.117161162940613
2026-01-20 23:00:00,13.0,89.0,0.0,1.1,180.0,6.735557395310444e-17,1.1
2026-01-21 00:00:00,13.0,88.0,0.0,0.6000000000000001,198.0,0.1854101966249685,0.5706339097770922
2026-01-21 01:00:00,12.6,88.0,0.0,0.8,225.0,0.5656854249492381,0.565685424949238
2026-01-21 02:00:00,11.5,91.0,0.0,0.9,233.0,0.7187719590425635,0.5416335208368435
2026-01-21 03:00:00,11.4,90.0,0.0,0.6000000000000001,214.0,0.3355157420824481,0.4974225435330251
2026-01-21 04:00:00,11.0,91.0,0.0,0.4,207.0,0.18159619989581874,0.35640260967534715
2026-01-21 05:00:00,10.4,90.0,0.0,0.9,191.0,0.17172809583889043,0.8834644651028976
2026-01-21 06:00:00,10.3,87.0,0.0,1.5,194.0,0.3628828433995015,1.4554435894139948
2026-01-21 07:00:00,10.3,87.0,0.0,3.1,208.0,1.4553618446362617,2.737137537862673
2026-01-21 08:00:00,13.4,83.0,0.0,5.7,235.0,4.669166652447253,3.2693856872009626
2026-01-21 09:00:00,15.6,73.0,0.0,5.8,268.0,5.796466796710755,0.2024170808745056
2026-01-21 10:00:00,17.2,66.0,0.0,7.8,302.0,6.614775150020122,-4.133370261018998
2026-01-21 11:00:00,17.8,62.0,0.0,9.2,296.0,8.268905225952336,-4.033014550459511
2026-01-21 12:00:00,18.6,61.0,0.0,11.6,283.0,11.302692751508728,-2.6094322303888338
2026-01-21 13:00:00,18.3,60.0,0.0,13.2,287.0,12.623222778712067,-3.859306502340125
2026-01-21 14:00:00,17.1,64.0,0.0,12.2,297.0,10.870279595098088,-5.53868409682247
2026-01-21 15:00:00,17.1,61.0,0.0,8.3,304.0,6.881011852206846,-4.6413010988072
2026-01-21 16:00:00,17.0,61.0,0.0,6.6,305.0,5.406403492307345,-3.7856044799169037
2026-01-21 17:00:00,15.4,65.0,0.0,6.7,301.0,5.743020914704153,-3.450755101897363
2026-01-21 18:00:00,12.5,76.0,0.0,7.6,297.0,6.7716495838315955,-3.450327798020555
2026-01-21 19:00:00,10.8,86.0,0.0,1.7000000000000002,238.0,1.4416817634659242,0.9008627491964484
2026-01-21 20:00:00,10.6,92.0,0.0,4.0,148.0,-2.119677056932819,3.3921923846257043
2026-01-21 21:00:00,11.1,90.0,0.0,1.8,169.0,-0.34345619167778063,1.7669289302057951
2026-01-21 22:00:00,10.8,90.0,0.0,2.5,201.0,0.895919873863251,2.3339510662430043
2026-01-21 23:00:00,10.6,90.0,0.0,2.3,212.0,1.2188143077363711,1.9505106211597796
2026-01-22 00:00:00,10.6,87.0,0.0,0.8,153.0,-0.36319239979163737,0.7128052193506944
2026-01-22 01:00:00,10.8,86.0,0.0,0.2,180.0,1.2246467991473533e-17,0.2
2026-01-22 02:00:00,11.2,85.0,0.0,0.0,270.0,0.0,0.0
2026-01-22 03:00:00,12.1,83.0,0.0,0.0,270.0,0.0,0.0
2026-01-22 04:00:00,12.3,85.0,0.1,0.4,207.0,0.18159619989581874,0.35640260967534715
2026-01-22 05:00:00,12.2,86.0,0.0,1.0,149.0,-0.5150380749100543,0.8571673007021123
2026-01-22 06:00:00,11.9,86.0,0.0,0.4,180.0,2.4492935982947065e-17,0.4
2026-01-22 07:00:00,12.1,84.0,0.0,2.7,222.0,1.8066526371689173,2.0064910287889646
2026-01-22 08:00:00,12.4,85.0,0.0,2.6,326.0,1.4539015490239418,-2.1554976886431088
2026-01-22 09:00:00,14.2,78.0,0.0,5.2,314.0,3.7405669617609862,-3.612223526386786
2026-01-22 10:00:00,16.0,72.0,0.0,7.2,309.0,5.5954509224901905,-4.53110681555883
2026-01-22 11:00:00,16.7,71.0,0.0,9.4,302.0,7.9716521038704045,-4.981241083792126
2026-01-22 12:00:00,16.7,72.0,0.0,10.1,297.0,8.999165894302516,-4.585304047369422
2026-01-22 13:00:00,16.6,70.0,0.0,10.3,295.0,9.334970206477495,-4.352968095929205
2026-01-22 14:00:00,15.5,73.0,0.0,8.5,305.0,6.96279237645643,-4.875399708983892
2026-01-22 15:00:00,15.6,72.0,0.0,7.3,303.0,6.122295146001595,-3.9758649556096977
2026-01-22 16:00:00,14.9,72.0,0.0,9.3,302.0,7.886847294254762,-4.928249157368806
2026-01-22 17:00:00,13.6,76.0,0.0,7.4,304.0,6.134878036907308,-4.138027485683527
2026-01-22 18:00:00,12.4,82.0,0.1,2.4,297.0,2.138415658052083,-1.0895771993749122
2026-01-22 19:00:00,12.5,83.0,0.0,0.6000000000000001,288.0,0.5706339097770922,-0.18541019662496847
2026-01-22 20:00:00,11.0,95.0,0.0,0.4,153.0,-0.18159619989581868,0.3564026096753472
2026-01-22 21:00:00,12.1,90.0,0.0,3.3,189.0,0.516233734632762,3.2593715239639547
2026-01-22 22:00:00,11.6,94.0,0.0,2.5,201.0,0.895919873863251,2.3339510662430043
2026-01-22 23:00:00,10.9,97.0,0.0,3.3,193.0,0.7423384793347542,3.2154212137912763
2026-01-23 00:00:00,11.4,92.0,0.0,1.6,174.0,-0.1672455412282457,1.5912350325892373
2026-01-23 01:00:00,11.7,91.0,0.0,0.8,153.0,-0.36319239979163737,0.7128052193506944
2026-01-23 02:00:00,11.9,91.0,0.0,1.5,111.0,-1.4003706397458027,0.5375519243179503
2026-01-23 03:00:00,12.1,89.0,0.0,0.7000000000000001,104.0,-0.6792070083931976,0.16934532691976742
2026-01-23 04:00:00,11.8,90.0,0.0,0.7000000000000001,270.0,0.7000000000000001,0.0
2026-01-23 05:00:00,11.1,92.0,0.0,1.5,120.0,-1.299038105676658,0.7499999999999999
2026-01-23 06:00:00,11.3,89.0,0.0,0.4,153.0,-0.18159619989581868,0.3564026096753472
2026-01-23 07:00:00,11.9,87.0,0.0,0.6000000000000001,146.0,-0.33551574208244805,0.4974225435330251
2026-01-23 08:00:00,14.0,81.0,0.0,3.2,87.0,-3.1956145112146364,-0.1674750599774194
2026-01-23 09:00:00,15.2,78.0,0.0,3.1,315.0,2.1920310216782974,-2.192031021678297
2026-01-23 10:00:00,16.9,71.0,0.0,3.8,311.0,2.8678964048465336,-2.4930243101639276
2026-01-23 11:00:00,18.6,66.0,0.0,7.6,306.0,6.1485291572496,-4.467167917422795
2026-01-23 12:00:00,19.6,62.0,0.0,10.1,297.0,8.999165894302516,-4.585304047369422
2026-01-23 13:00:00,19.3,62.0,0.0,11.0,288.0,10.461621679246688,-3.3991869381244215
2026-01-23 14:00:00,17.8,69.0,0.0,11.4,289.0,10.778911761832212,-3.7114769608115865
2026-01-23 15:00:00,16.9,73.0,0.3,10.4,287.0,9.94556946201557,-3.0406657291164625
2026-01-23 16:00:00,15.9,79.0,0.3,7.0,282.0,6.84703320513664,-1.4553818357243153
2026-01-23 17:00:00,15.2,84.0,0.2,3.9,286.0,3.7489206141594438,-1.0749856876862967
2026-01-23 18:00:00,14.1,97.0,0.1,1.8,294.0,1.6443818237566816,-0.7321259575364404
2026-01-23 19:00:00,13.6,100.0,0.0,1.3,124.0,-1.0777488443215542,0.726950774511971
2026-01-23 20:00:00,14.1,100.0,0.0,3.8,135.0,-2.68700576850888,2.6870057685088806
2026-01-23 21:00:00,13.4,99.0,0.0,3.1,193.0,0.6973482684659813,3.0205472008342293
2026-01-23 22:00:00,13.3,99.0,0.0,3.7,203.0,1.4457051754103127,3.4058679577740296
2026-01-23 23:00:00,13.3,99.0,0.0,2.4,216.0,1.4106846055019355,1.9416407864998737
2026-01-24 00:00:00,12.6,97.0,0.0,2.5,135.0,-1.7677669529663687,1.7677669529663689
2026-01-24 01:00:00,12.5,95.0,0.0,1.0,149.0,-0.5150380749100543,0.8571673007021123
2026-01-24 02:00:00,13.0,98.0,0.0,1.4,140.0,-0.8999026535611551,1.0724622203665692
2026-01-24 03:00:00,13.4,96.0,0.0,0.6000000000000001,146.0,-0.33551574208244805,0.4974225435330251
2026-01-24 04:00:00,13.2,92.0,0.0,1.5,111.0,-1.4003706397458027,0.5375519243179503
2026-01-24 05:00:00,12.9,92.0,0.0,2.9,94.0,-2.89293574575349,0.20229377385796402
2026-01-24 06:00:00,13.0,92.0,0.0,3.6,81.0,-3.555678026142496,-0.5631640741448306
2026-01-24 07:00:00,13.8,90.0,0.0,3.4,115.0,-3.0814464759246096,1.4369020899183782
2026-01-24 08:00:00,14.6,88.0,0.0,5.1,135.0,-3.606244584051392,3.6062445840513924
2026-01-24 09:00:00,17.4,85.0,0.0,1.6,264.0,1.5912350325892373,0.16724554122824556
2026-01-24 10:00:00,18.8,73.0,0.0,4.0,302.0,3.392192384625704,-2.1196770569328196
2026-01-24 11:00:00,20.2,61.0,0.1,5.6,301.0,4.800136883931828,-2.8842132194963033
2026-01-24 12:00:00,20.7,60.0,0.1,7.4,304.0,6.134878036907308,-4.138027485683527
2026-01-24 13:00:00,21.2,53.0,0.0,8.6,300.0,7.447818472546173,-4.299999999999999
2026-01-24 14:00:00,21.0,52.0,0.0,8.6,296.0,7.729628798172836,-3.7699918623860653
2026-01-24 15:00:00,20.5,54.0,0.0,8.8,301.0,7.543072246178589,-4.532335059208477
2026-01-24 16:00:00,19.1,61.0,0.0,7.8,289.0,7.375044889674672,-2.5394316047658223
2026-01-24 17:00:00,17.6,73.0,0.0,4.6,283.0,4.482102298012082,-1.034774849981779
2026-01-24 18:00:00,15.1,88.0,0.0,0.4,153.0,-0.18159619989581868,0.3564026096753472
2026-01-24 19:00:00,14.0,90.0,0.0,1.9,151.0,-0.9211382784680403,1.661777443564852
2026-01-24 20:00:00,14.3,82.0,0.0,4.8,138.0,-3.2118269105225195,3.5670951622914924
2026-01-24 21:00:00,13.0,86.0,0.0,3.0,163.0,-0.87711511416821,2.8689142678891066
2026-01-24 22:00:00,12.0,89.0,0.0,4.8,165.0,-1.2423314164921,4.636443966187528
2026-01-24 23:00:00,11.9,88.0,0.0,4.7,162.0,-1.4523798735622526,4.469965626587222
2026-01-25 00:00:00,11.3,89.0,0.0,4.2,155.0,-1.7749966993109372,3.8064927055539304
2026-01-25 01:00:00,10.4,92.0,0.0,3.5,152.0,-1.6431504697506183,3.090316575006244
2026-01-25 02:00:00,11.2,87.0,0.0,3.7,137.0,-2.523393932231244,2.7060086959909313
2026-01-25 03:00:00,11.4,85.0,0.0,3.7,145.0,-2.122232814498871,3.0308625638692694
2026-01-25 04:00:00,11.4,84.0,0.0,3.6,150.0,-1.7999999999999992,3.1176914536239795
2026-01-25 05:00:00,11.8,80.0,0.0,3.8,149.0,-1.9571446846582061,3.2572357426680267
2026-01-25 06:00:00,11.6,80.0,0.0,4.5,146.0,-2.51636806561836,3.730669076497688
2026-01-25 07:00:00,10.9,82.0,0.0,4.7,148.0,-2.4906205418960625,3.9858260519352027
2026-01-25 08:00:00,15.6,74.0,0.0,6.5,134.0,-4.6757087022012325,4.515279407983481
2026-01-25 09:00:00,19.6,61.0,0.0,2.7,37.0,-1.6249005625105304,-2.1563158771276907
2026-01-25 10:00:00,20.8,58.0,0.0,5.3,336.0,2.155704208301741,-4.8417909255057845
2026-01-25 11:00:00,21.2,57.0,0.0,6.5,316.0,4.515279407983482,-4.6757087022012325
2026-01-25 12:00:00,21.5,57.0,0.0,6.6,296.0,5.932040705574502,-2.8932495688079105
2026-01-25 13:00:00,21.7,58.0,0.0,6.6,296.0,5.932040705574502,-2.8932495688079105
2026-01-25 14:00:00,21.3,61.0,0.0,7.7,306.0,6.229430856687095,-4.525946442652043
2026-01-25 15:00:00,20.6,63.0,0.0,7.5,303.0,6.29002925959068,-4.084792762612703
2026-01-25 16:00:00,19.6,70.0,0.0,6.6,287.0,6.311611389356034,-1.9296532511700626
2026-01-25 17:00:00,18.4,79.0,0.0,4.8,285.0,4.636443966187528,-1.2423314164920995
2026-01-25 18:00:00,16.7,90.0,0.0,0.4,117.0,-0.35640260967534715,0.18159619989581877
2026-01-25 19:00:00,16.0,92.0,0.0,1.5,104.0,-1.4554435894139948,0.3628828433995016
2026-01-25 20:00:00,15.8,89.0,0.0,3.0,115.0,-2.7189233611099497,1.2678547852220985
2026-01-25 21:00:00,15.1,87.0,0.0,1.8,143.0,-1.0832670416736871,1.4375439180851268
2026-01-25 22:00:00,14.9,85.0,0.0,1.8,156.0,-0.7321259575364405,1.6443818237566816
2026-01-25 23:00:00,15.0,82.0,0.0,2.0,180.0,1.2246467991473532e-16,2.0
2026-01-26 00:00:00,14.5,83.0,0.0,1.9,158.0,-0.7117525274902329,1.761649323676896
2026-01-26 01:00:00,14.5,82.0,0.0,1.9,151.0,-0.9211382784680403,1.661777443564852
2026-01-26 02:00:00,14.4,83.0,0.0,1.2,153.0,-0.544788599687456,1.0692078290260414
2026-01-26 03:00:00,13.9,84.0,0.0,2.1,165.0,-0.5435199947152938,2.0284442352070435
2026-01-26 04:00:00,13.5,85.0,0.0,3.3,158.0,-1.2362017582725098,3.0597067200703982
2026-01-26 05:00:00,11.3,96.0,0.0,3.5,156.0,-1.423578250765301,3.197409101749103
2026-01-26 06:00:00,11.1,94.0,0.0,3.9,164.0,-1.0749856876862962,3.7489206141594438
2026-01-26 07:00:00,10.9,92.0,0.0,3.8,169.0,-0.7250741824308702,3.730183297101123
2026-01-26 08:00:00,16.6,79.0,0.0,4.1,221.0,2.6898420188610794,3.094309278913365
2026-01-26 09:00:00,18.7,77.0,0.0,6.4,299.0,5.597566125692133,-3.1027815695765573
2026-01-26 10:00:00,20.2,74.0,0.0,8.1,309.0,6.294882287801464,-5.097495167503682
2026-01-26 11:00:00,21.5,67.0,0.0,8.0,318.0,5.353044850870866,-5.945158603819154
2026-01-26 12:00:00,22.4,63.0,0.1,10.1,316.0,7.016049541635872,-7.265331983420376
2026-01-26 13:00:00,22.3,62.0,0.0,12.4,304.0,10.280065899682516,-6.933992003037262
2026-01-26 14:00:00,21.3,65.0,0.0,11.3,299.0,9.883202690675173,-5.478348708783609
2026-01-26 15:00:00,20.1,73.0,0.0,11.1,304.0,9.202317055360961,-6.2070412285252905
2026-01-26 16:00:00,19.5,77.0,0.0,8.0,322.0,4.925291802605266,-6.304086028853776
2026-01-26 17:00:00,18.6,81.0,0.0,5.7,325.0,3.269385687200963,-4.669166652447253
2026-01-26 18:00:00,16.5,92.0,0.0,1.3,315.0,0.9192388155425119,-0.9192388155425117
2026-01-26 19:00:00,15.6,95.0,0.0,2.4,126.0,-1.9416407864998735,1.4106846055019358
2026-01-26 20:00:00,14.7,93.0,0.0,4.4,145.0,-2.5237363199446032,3.6042689948715636
2026-01-26 21:00:00,13.8,94.0,0.0,4.5,151.0,-2.1816432911085166,3.9357886821272814
2026-01-26 22:00:00,13.7,92.0,0.0,3.8,155.0,-1.6059493946146575,3.44396959073927
2026-01-26 23:00:00,13.0,95.0,0.0,4.0,162.0,-1.2360679774997894,3.8042260651806146
2026-01-27 00:00:00,12.9,94.0,0.0,4.3,165.0,-1.1129218939408396,4.153481053042993
2026-01-27 01:00:00,13.8,89.0,0.0,4.0,172.0,-0.5566924038402614,3.9610722749662814
2026-01-27 02:00:00,15.0,88.0,0.0,2.6,141.0,-1.6362330167295769,2.020579499788125
2026-01-27 03:00:00,14.2,89.0,0.0,1.7000000000000002,162.0,-0.5253288904374105,1.6167960777017614
2026-01-27 04:00:00,13.5,90.0,0.0,1.1,171.0,-0.17207791154425392,1.0864571746546516
2026-01-27 05:00:00,12.8,95.0,0.0,1.2,153.0,-0.544788599687456,1.0692078290260414
2026-01-27 06:00:00,11.6,100.0,0.0,4.2,149.0,-2.163159914622228,3.600102662948872
2026-01-27 07:00:00,10.9,98.0,0.0,4.5,151.0,-2.1816432911085166,3.9357886821272814
2026-01-27 08:00:00,16.0,78.0,0.0,2.7,143.0,-1.6249005625105308,2.1563158771276907
2026-01-27 09:00:00,19.6,70.0,0.0,1.7000000000000002,328.0,0.9008627491964484,-1.4416817634659242
2026-01-27 10:00:00,20.9,65.0,0.0,5.4,323.0,3.2498011250210617,-4.312631754255381
2026-01-27 11:00:00,22.0,61.0,0.0,7.3,308.0,5.75247850132907,-4.494328769877305
2026-01-27 12:00:00,22.4,59.0,0.0,9.3,306.0,7.523858047687012,-5.46640284632
2026-01-27 13:00:00,21.9,60.0,0.2,9.8,283.0,9.548826634895306,-2.204520332569877
2026-01-27 14:00:00,20.4,66.0,0.6,9.9,269.0,9.898492182048274,0.17277882372910677
2026-01-27 15:00:00,19.8,74.0,0.2,8.4,279.0,8.296582060999157,-1.3140495063379394
2026-01-27 16:00:00,19.2,77.0,0.1,7.6,297.0,6.7716495838315955,-3.450327798020555
2026-01-27 17:00:00,18.4,80.0,0.0,5.4,300.0,4.676537180435969,-2.6999999999999997
2026-01-27 18:00:00,16.8,89.0,0.0,1.9,253.0,1.8169790363297673,0.5555062389731998
2026-01-27 19:00:00,15.6,96.0,0.6,1.3,196.0,0.35832856256209894,1.2496402047198145
2026-01-27 20:00:00,15.6,99.0,0.0,2.2,156.0,-0.8948206147667607,2.0098000068137223
2026-01-27 21:00:00,15.1,97.0,0.1,2.1,160.0,-0.7182423009839043,1.9733545036504079
2026-01-27 22:00:00,14.4,97.0,0.0,2.4,171.0,-0.37544271609655394,2.3704520174283306
2026-01-27 23:00:00,14.1,97.0,0.0,2.5,184.0,0.1743911843603131,2.4939101256495606
2026-01-28 00:00:00,13.7,100.0,0.0,4.0,190.0,0.6945927106677217,3.939231012048832
2026-01-28 01:00:00,13.0,100.0,0.0,3.9,167.0,-0.8773091119410736,3.8000432526624173
2026-01-28 02:00:00,13.5,100.0,0.0,3.6,153.0,-1.6343657990623681,3.2076234870781244
2026-01-28 03:00:00,13.1,100.0,0.1,3.0,163.0,-0.87711511416821,2.8689142678891066
2026-01-28 04:00:00,13.6,96.0,0.0,3.8,172.0,-0.5288577836482483,3.7630186612179672
2026-01-28 05:00:00,13.7,96.0,0.0,4.7,152.0,-2.2065163450936875,4.149853686436956
2026-01-28 06:00:00,13.8,93.0,0.0,1.5,173.0,-0.18280401510772104,1.4888192274619831
2026-01-28 07:00:00,13.6,92.0,0.0,1.7000000000000002,198.0,0.5253288904374107,1.6167960777017611
2026-01-28 08:00:00,16.1,83.0,0.0,1.1,171.0,-0.17207791154425392,1.0864571746546516
2026-01-28 09:00:00,17.8,78.0,0.0,2.6,304.0,2.1554976886431083,-1.453901549023942
2026-01-28 10:00:00,19.6,67.0,0.0,4.5,323.0,2.7081676041842178,-3.5938597952128175
2026-01-28 11:00:00,21.3,58.0,0.0,9.9,322.0,6.095048605724017,-7.801306460706548
2026-01-28 12:00:00,21.4,58.0,0.0,12.0,311.0,9.056514962673264,-7.872708347886087
2026-01-28 13:00:00,21.2,57.0,0.0,11.1,304.0,9.202317055360961,-6.2070412285252905
2026-01-28 14:00:00,20.9,58.0,0.0,10.0,309.0,7.771459614569709,-6.293203910498374
2026-01-28 15:00:00,20.7,58.0,0.0,11.4,303.0,9.560844474577834,-6.208884999171309
2026-01-28 16:00:00,18.9,64.0,0.0,10.1,301.0,8.657389737091334,-5.201884556591547
2026-01-28 17:00:00,17.3,70.0,0.0,4.8,295.0,4.350277377775919,-2.0285676563553574
2026-01-28 18:00:00,14.4,87.0,0.0,1.7000000000000002,193.0,0.3824167923845704,1.6564291101349
2026-01-28 19:00:00,13.8,90.0,0.0,2.7,184.0,0.18834247910913815,2.6934229357015256
2026-01-28 20:00:00,14.2,90.0,0.0,3.5,152.0,-1.6431504697506183,3.090316575006244
2026-01-28 21:00:00,14.2,90.0,0.0,3.8,180.0,2.326828918379971e-16,3.8
2026-01-28 22:00:00,14.4,89.0,0.0,2.4,167.0,-0.539882530425276,2.3384881554845647
2026-01-28 23:00:00,14.8,87.0,0.0,2.9,176.0,-0.20229377385796346,2.89293574575349
2026-01-29 00:00:00,14.8,88.0,0.0,1.5,159.0,-0.5375519243179504,1.4003706397458027
2026-01-29 01:00:00,14.6,87.0,0.0,1.5,150.0,-0.7499999999999997,1.299038105676658
2026-01-29 02:00:00,14.5,87.0,0.0,2.6,129.0,-2.0205794997881243,1.6362330167295773
2026-01-29 03:00:00,14.6,85.0,0.0,1.4,140.0,-0.8999026535611551,1.0724622203665692
2026-01-29 04:00:00,13.9,87.0,0.0,1.9,151.0,-0.9211382784680403,1.661777443564852
2026-01-29 05:00:00,13.6,86.0,0.0,2.4,144.0,-1.4106846055019353,1.9416407864998737
2026-01-29 06:00:00,14.1,83.0,0.0,3.4,133.0,-2.4866025855051794,2.318794424212495
2026-01-29 07:00:00,14.5,79.0,0.0,3.5,141.0,-2.2026213686744303,2.7200108650993986
2026-01-29 08:00:00,17.6,74.0,0.0,6.5,132.0,-4.830441365603061,4.349348941332579
2026-01-29 09:00:00,20.5,60.0,0.0,3.8,79.0,-3.730183297101123,-0.7250741824308699
2026-01-29 10:00:00,22.0,51.0,0.0,3.8,360.0,2.326828918379971e-16,-3.8
2026-01-29 11:00:00,23.0,48.0,0.0,7.3,310.0,5.5921244347685395,-4.692349550711737
2026-01-29 12:00:00,22.5,54.0,0.0,12.5,306.0,10.112712429686843,-7.347315653655914
2026-01-29 13:00:00,22.7,53.0,0.0,10.4,304.0,8.621990754572433,-5.815606196095768
2026-01-29 14:00:00,22.0,56.0,0.0,10.1,320.0,6.4921548578340476,-7.737048875501678
2026-01-29 15:00:00,21.8,58.0,0.0,10.5,309.0,8.160032595298194,-6.6078641060232925
2026-01-29 16:00:00,20.6,63.0,0.0,9.3,304.0,7.710049424761888,-5.200494002277947
2026-01-29 17:00:00,19.3,70.0,0.0,4.2,310.0,3.2173866610997077,-2.699707960683465
2026-01-29 18:00:00,16.8,83.0,0.0,0.5,180.0,3.061616997868383e-17,0.5
2026-01-29 19:00:00,15.6,86.0,0.0,1.2,153.0,-0.544788599687456,1.0692078290260414
2026-01-29 20:00:00,15.3,87.0,0.0,1.1,162.0,-0.3399186938124421,1.046162167924669
2026-01-29 21:00:00,15.4,85.0,0.0,1.7000000000000002,167.0,-0.3824167923845706,1.6564291101349
2026-01-29 22:00:00,15.7,80.0,0.0,2.2,166.0,-0.5322281703192692,2.1346505978071924
2026-01-29 23:00:00,15.4,79.0,0.0,3.1,177.0,-0.16224146435312592,3.0957515577391788
2026-01-30 00:00:00,15.8,78.0,0.0,3.1,173.0,-0.37779496455595685,3.0768930700880985
2026-01-30 01:00:00,15.7,78.0,0.0,1.5,159.0,-0.5375519243179504,1.4003706397458027
2026-01-30 02:00:00,15.8,79.0,0.0,2.3,157.0,-0.8986815955253296,2.1171611629406124
2026-01-30 03:00:00,15.7,81.0,0.0,2.6,155.0,-1.0988074805258183,2.35640024629529
2026-01-30 04:00:00,15.7,82.0,0.0,0.6000000000000001,162.0,-0.18541019662496844,0.5706339097770923
2026-01-30 05:00:00,15.1,83.0,0.0,1.4,157.0,-0.5470235798849833,1.2887067948334163
2026-01-30 06:00:00,14.9,82.0,0.0,2.7,143.0,-1.6249005625105308,2.1563158771276907
2026-01-30 07:00:00,14.8,83.0,0.0,4.1,146.0,-2.2926909042300614,3.399054047475671
2026-01-30 08:00:00,15.8,92.0,0.0,4.5,137.0,-3.0689926202812425,3.2910916572862674
2026-01-30 09:00:00,17.0,100.0,1.4,3.0,166.0,-0.7257656867990033,2.9108871788279895
2026-01-30 10:00:00,17.8,99.0,1.5,3.7,47.0,-2.7060086959909313,-2.523393932231244
2026-01-30 11:00:00,18.5,92.0,0.1,4.9,62.0,-4.326443205008742,-2.3004106576508656
2026-01-30 12:00:00,20.7,79.0,0.0,4.3,75.0,-4.153481053042993,-1.1129218939408394
2026-01-30 13:00:00,22.4,68.0,0.0,4.7,302.0,3.9858260519352022,-2.490620541896063
2026-01-30 14:00:00,22.4,65.0,0.3,6.2,303.0,5.199757521261629,-3.376762017093168
2026-01-30 15:00:00,22.8,59.0,0.0,5.2,311.0,3.9244898171584146,-3.411506950750638
2026-01-30 16:00:00,22.3,60.0,0.0,6.8,310.0,5.20910221320905,-4.370955745868467
2026-01-30 17:00:00,19.8,75.0,0.0,7.4,292.0,6.8611605237942275,-2.772088791277749
2026-01-30 18:00:00,17.0,91.0,0.0,0.6000000000000001,162.0,-0.18541019662496844,0.5706339097770923
2026-01-30 19:00:00,16.4,93.0,0.0,0.2,180.0,1.2246467991473533e-17,0.2
2026-01-30 20:00:00,16.5,94.0,0.0,2.3,141.0,-1.4474368994146256,1.7874357113510333
2026-01-30 21:00:00,16.5,92.0,0.0,1.8,169.0,-0.34345619167778063,1.7669289302057951
2026-01-30 22:00:00,15.7,91.0,0.0,1.8,169.0,-0.34345619167778063,1.7669289302057951
2026-01-30 23:00:00,15.2,90.0,0.0,1.5,173.0,-0.18280401510772104,1.4888192274619831
2026-01-31 00:00:00,14.4,90.0,0.0,1.3,180.0,7.960204194457797e-17,1.3
2026-01-31 01:00:00,14.3,88.0,0.0,0.6000000000000001,162.0,-0.18541019662496844,0.5706339097770923
2026-01-31 02:00:00,14.8,85.0,0.0,0.9,143.0,-0.5416335208368436,0.7187719590425634
2026-01-31 03:00:00,14.9,81.0,0.0,1.6,153.0,-0.7263847995832747,1.4256104387013888
2026-01-31 04:00:00,14.2,82.0,0.0,2.0,180.0,1.2246467991473532e-16,2.0
2026-01-31 05:00:00,13.3,91.0,0.0,5.4,200.0,1.8469087739586119,5.074340152243905
2026-01-31 06:00:00,13.9,92.0,0.0,2.3,157.0,-0.8986815955253296,2.1171611629406124
2026-01-31 07:00:00,13.9,94.0,0.0,0.6000000000000001,162.0,-0.18541019662496844,0.5706339097770923
2026-01-31 08:00:00,16.7,85.0,0.0,3.3,151.0,-1.599871746812912,2.886245033560006
2026-01-31 09:00:00,21.1,61.0,0.0,2.4,312.0,1.7835475811457462,-1.6059134552612597
2026-01-31 10:00:00,21.9,64.0,0.0,9.0,303.0,7.548035111508817,-4.901751315135244
2026-01-31 11:00:00,21.2,71.0,0.0,9.8,301.0,8.400239546880702,-5.047373134118531
2026-01-31 12:00:00,20.8,72.0,0.0,7.9,305.0,6.471301149883035,-4.531253847173264
2026-01-31 13:00:00,21.6,68.0,0.0,8.1,305.0,6.6351315587408335,-4.645969134443472
2026-01-31 14:00:00,21.4,68.0,0.0,6.6,311.0,4.981083229470295,-4.329989591337347
2026-01-31 15:00:00,21.8,64.0,0.0,10.1,310.0,7.737048875501678,-6.492154857834046
2026-01-31 16:00:00,19.3,76.0,0.6,10.0,306.0,8.090169943749475,-5.877852522924732
2026-01-31 17:00:00,17.6,86.0,0.1,5.5,316.0,3.820621037524485,-3.956368901862581
2026-01-31 18:00:00,15.8,97.0,0.0,2.1,285.0,2.0284442352070435,-0.5435199947152936
2026-01-31 19:00:00,15.1,98.0,0.0,0.6000000000000001,162.0,-0.18541019662496844,0.5706339097770923
2026-01-31 20:00:00,15.3,98.0,0.0,3.1,156.0,-1.260883593534981,2.8319909186920627
2026-01-31 21:00:00,15.3,96.0,0.0,2.2,175.0,-0.19174263404484812,2.1916283358018402
2026-01-31 22:00:00,14.6,93.0,0.0,1.3,172.0,-0.18092503124808496,1.2873484893640414
2026-01-31 23:00:00,14.6,89.0,0.0,1.3,172.0,-0.18092503124808496,1.2873484893640414
2026-02-01 00:00:00,14.2,88.0,0.0,2.2,180.0,1.3471114790620887e-16,2.2
2026-02-01 01:00:00,13.8,87.0,0.0,1.1,180.0,6.735557395310444e-17,1.1
2026-02-01 02:00:00,13.9,87.0,0.0,2.9,210.0,1.4500000000000002,2.5114736709748717
2026-02-01 03:00:00,13.9,91.0,0.0,2.4,197.0,0.7016920913345682,2.295131414311285
2026-02-01 04:00:00,13.7,89.0,0.0,3.1,177.0,-0.16224146435312592,3.0957515577391788
2026-02-01 05:00:00,13.3,89.0,0.0,3.3,171.0,-0.5162337346327617,3.2593715239639547
2026-02-01 06:00:00,13.2,89.0,0.0,3.5,168.0,-0.7276909178621577,3.42351660256832
2026-02-01 07:00:00,13.5,90.0,0.0,3.6,171.0,-0.5631640741448309,3.555678026142496
2026-02-01 08:00:00,16.1,89.0,0.0,2.9,169.0,-0.5533460865919799,2.8467188319982255
2026-02-01 09:00:00,19.4,73.0,0.0,2.2,265.0,2.1916283358018402,0.19174263404484798
2026-02-01 10:00:00,20.6,70.0,0.0,5.7,302.0,4.8338741480916285,-3.020539806129268
2026-02-01 11:00:00,20.8,68.0,0.0,8.7,308.0,6.85569355637848,-5.356254835333226
2026-02-01 12:00:00,20.8,67.0,0.0,10.7,300.0,9.266471820493493,-5.349999999999999
2026-02-01 13:00:00,20.3,68.0,0.0,10.4,293.0,9.57325047590538,-4.063603736288448
2026-02-01 14:00:00,18.8,77.0,0.0,9.3,298.0,8.211412613588022,-4.366085533908785
2026-02-01 15:00:00,18.5,78.0,0.2,6.3,309.0,4.896019557178916,-3.9647184636139756
2026-02-01 16:00:00,17.1,87.0,1.3,4.2,335.0,1.7749966993109376,-3.80649270555393
2026-02-01 17:00:00,16.5,98.0,1.1,2.0,100.0,-1.969615506024416,0.34729635533386055
2026-02-01 18:00:00,16.3,100.0,0.1,0.8,297.0,0.7128052193506944,-0.3631923997916374
2026-02-01 19:00:00,16.5,100.0,0.7000000000000001,0.5,270.0,0.5,0.0
2026-02-01 20:00:00,16.2,100.0,0.0,2.4,261.0,2.3704520174283306,0.37544271609655405
2026-02-01 21:00:00,16.0,100.0,0.0,0.8,207.0,0.3631923997916375,0.7128052193506943
2026-02-01 22:00:00,16.1,100.0,0.0,3.1,263.0,3.076893070088098,0.3777949645559572
2026-02-01 23:00:00,16.0,100.0,0.1,3.9,146.0,-2.180852323535912,3.233246532964663
2026-02-02 00:00:00,15.9,100.0,0.1,1.5,234.0,1.2135254915624212,0.8816778784387097
2026-02-02 01:00:00,15.5,100.0,0.0,3.8,287.0,3.6339580726595346,-1.1110124779463997
2026-02-02 02:00:00,15.4,100.0,0.0,4.4,125.0,-3.6042689948715645,2.5237363199446023
2026-02-02 03:00:00,15.7,100.0,0.0,0.4,243.0,0.3564026096753472,0.1815961998958187
2026-02-02 04:00:00,15.7,100.0,0.7000000000000001,1.9,202.0,0.7117525274902327,1.761649323676896
2026-02-02 05:00:00,15.8,97.0,0.3,3.3,144.0,-1.9396913325651608,2.6697560814373262
2026-02-02 06:00:00,15.4,98.0,0.1,0.6000000000000001,214.0,0.3355157420824481,0.4974225435330251
2026-02-02 07:00:00,15.5,99.0,0.0,2.4,167.0,-0.539882530425276,2.3384881554845647
2026-02-02 08:00:00,16.9,97.0,0.2,4.8,158.0,-1.798111648396378,4.45048250192058
2026-02-02 09:00:00,18.1,95.0,0.0,2.6,245.0,2.3564002462952898,1.0988074805258186
2026-02-02 10:00:00,19.0,89.0,0.0,2.1,290.0,1.9733545036504079,-0.7182423009839043
2026-02-02 11:00:00,19.2,84.0,0.0,5.6,303.0,4.696555180494374,-3.0499785960841517
2026-02-02 12:00:00,20.0,79.0,0.0,4.8,312.0,3.5670951622914924,-3.2118269105225195
2026-02-02 13:00:00,20.3,79.0,0.0,8.9,315.0,6.293250352560274,-6.293250352560273
2026-02-02 14:00:00,19.2,81.0,0.2,7.6,308.0,5.988881727411086,-4.6790272124750025
2026-02-02 15:00:00,19.4,79.0,0.0,3.8,295.0,3.4439695907392696,-1.605949394614658
2026-02-02 16:00:00,19.4,78.0,0.0,5.9,317.0,4.023790324368742,-4.314986839553106
2026-02-02 17:00:00,17.4,85.0,0.0,4.4,308.0,3.4672473158695767,-2.7089104914328965
2026-02-02 18:00:00,14.7,97.0,0.0,0.6000000000000001,162.0,-0.18541019662496844,0.5706339097770923
2026-02-02 19:00:00,14.5,97.0,0.0,2.4,193.0,0.5398825304252758,2.3384881554845647
2026-02-02 20:00:00,14.0,98.0,0.0,2.2,194.0,0.532228170319269,2.1346505978071924
2026-02-02 21:00:00,13.5,97.0,0.0,2.2,175.0,-0.19174263404484812,2.1916283358018402
2026-02-02 22:00:00,14.0,92.0,0.0,1.6,174.0,-0.1672455412282457,1.5912350325892373
2026-02-02 23:00:00,13.8,89.0,0.0,1.8,191.0,0.34345619167778085,1.7669289302057951
2026-02-03 00:00:00,13.7,88.0,0.0,1.6,180.0,9.797174393178826e-17,1.6
2026-02-03 01:00:00,13.8,86.0,0.0,1.1,171.0,-0.17207791154425392,1.0864571746546516
2026-02-03 02:00:00,13.7,90.0,0.0,1.3,146.0,-0.7269507745119708,1.0777488443215544
2026-02-03 03:00:00,13.5,88.0,0.0,1.1,180.0,6.735557395310444e-17,1.1
2026-02-03 04:00:00,13.9,85.0,0.0,2.0,170.0,-0.3472963553338606,1.969615506024416
2026-02-03 05:00:00,13.8,82.0,0.0,2.9,169.0,-0.5533460865919799,2.8467188319982255
2026-02-03 06:00:00,12.5,89.0,0.0,3.5,165.0,-0.905866657858823,3.380740392011739
2026-02-03 07:00:00,12.1,93.0,0.0,3.9,164.0,-1.0749856876862962,3.7489206141594438
2026-02-03 08:00:00,16.1,84.0,0.0,4.0,162.0,-1.2360679774997894,3.8042260651806146
2026-02-03 09:00:00,19.5,72.0,0.0,2.5,291.0,2.3339510662430043,-0.8959198738632507
2026-02-03 10:00:00,20.5,67.0,0.0,6.2,300.0,5.36935750346352,-3.0999999999999996
2026-02-03 11:00:00,20.7,67.0,0.0,7.5,305.0,6.143640332167439,-4.301823272632845
2026-02-03 12:00:00,21.2,65.0,0.0,8.7,307.0,6.948128937411447,-5.235790701422819
2026-02-03 13:00:00,21.1,63.0,0.0,8.9,304.0,7.378434395739871,-4.976816840889648
2026-02-03 14:00:00,20.3,66.0,0.0,8.5,291.0,7.9354336252262145,-3.0461275711350524
2026-02-03 15:00:00,20.4,65.0,0.0,7.8,293.0,7.179937856929035,-3.0477028022163353
2026-02-03 16:00:00,19.7,67.0,0.0,5.3,294.0,4.8417909255057845,-2.155704208301741
2026-02-03 17:00:00,18.8,72.0,0.0,3.0,303.0,2.516011703836272,-1.6339171050450814
2026-02-03 18:00:00,17.2,84.0,0.0,0.4,180.0,2.4492935982947065e-17,0.4
2026-02-03 19:00:00,16.6,87.0,0.0,1.7000000000000002,139.0,-1.1153003492838622,1.2830062863787128
2026-02-03 20:00:00,16.6,86.0,0.0,2.0,135.0,-1.414213562373095,1.4142135623730951
2026-02-03 21:00:00,16.5,84.0,0.0,1.0,158.0,-0.37460659341591207,0.9271838545667874
2026-02-03 22:00:00,16.1,83.0,0.0,0.7000000000000001,166.0,-0.16934532691976747,0.6792070083931976
2026-02-03 23:00:00,15.4,82.0,0.0,1.3,164.0,-0.3583285625620988,1.2496402047198145
2026-02-04 00:00:00,14.7,81.0,0.0,1.0,158.0,-0.37460659341591207,0.9271838545667874
2026-02-04 01:00:00,14.1,81.0,0.0,1.3,164.0,-0.3583285625620988,1.2496402047198145
2026-02-04 02:00:00,15.2,77.0,0.0,1.5,150.0,-0.7499999999999997,1.299038105676658
2026-02-04 03:00:00,14.8,75.0,0.0,0.9,180.0,5.5109105961630896e-17,0.9
2026-02-04 04:00:00,13.7,78.0,0.0,1.3,180.0,7.960204194457797e-17,1.3
2026-02-04 05:00:00,13.5,79.0,0.0,1.0,158.0,-0.37460659341591207,0.9271838545667874
2026-02-04 06:00:00,13.0,84.0,0.0,2.0,153.0,-0.9079809994790934,1.7820130483767358
2026-02-04 07:00:00,12.8,85.0,0.0,2.7,152.0,-1.2675732195219056,2.383958500719103
2026-02-04 08:00:00,17.1,78.0,0.0,2.4,144.0,-1.4106846055019353,1.9416407864998737
2026-02-04 09:00:00,20.7,58.0,0.0,2.4,13.0,-0.5398825304252766,-2.3384881554845642
2026-02-04 10:00:00,22.7,49.0,0.0,5.4,352.0,0.7515347451843536,-5.34744757120448
2026-02-04 11:00:00,24.0,46.0,0.0,9.2,309.0,7.149742845404131,-5.789747597658503
2026-02-04 12:00:00,23.0,52.0,0.0,14.6,302.0,12.38150220388382,-7.736821257804792
2026-02-04 13:00:00,22.9,52.0,0.0,12.2,296.0,10.965287364849837,-5.348127990826744
2026-02-04 14:00:00,22.6,54.0,0.0,10.8,306.0,8.737383539249434,-6.34808072475871
2026-02-04 15:00:00,22.6,58.0,0.0,10.1,303.0,8.470572736248783,-5.500854253651774
2026-02-04 16:00:00,21.6,62.0,0.0,10.0,311.0,7.54709580222772,-6.560590289905073
2026-02-04 17:00:00,20.0,69.0,0.0,5.7,314.0,4.100236861930312,-3.9595527116162845
2026-02-04 18:00:00,16.9,83.0,0.0,1.5,104.0,-1.4554435894139948,0.3628828433995016
2026-02-04 19:00:00,16.1,85.0,0.0,3.0,128.0,-2.364032260820166,1.8469844259769752
2026-02-04 20:00:00,15.5,86.0,0.0,1.5,144.0,-0.8816778784387096,1.2135254915624212
2026-02-04 21:00:00,15.6,83.0,0.0,2.2,166.0,-0.5322281703192692,2.1346505978071924
2026-02-04 22:00:00,15.2,81.0,0.0,3.1,159.0,-1.1109406435904308,2.8940993221413254
2026-02-04 23:00:00,14.2,80.0,0.0,3.2,164.0,-0.882039538614397,3.0760374270026207
2026-02-05 00:00:00,13.3,80.0,0.0,2.5,159.0,-0.8959198738632507,2.3339510662430043
2026-02-05 01:00:00,12.8,80.0,0.0,1.7000000000000002,162.0,-0.5253288904374105,1.6167960777017614
2026-02-05 02:00:00,15.3,76.0,0.0,3.3,119.0,-2.8862450335600056,1.5998717468129127
2026-02-05 03:00:00,15.8,74.0,0.0,3.4,137.0,-2.3187944242124945,2.48660258550518
2026-02-05 04:00:00,15.3,70.0,0.0,2.7,143.0,-1.6249005625105308,2.1563158771276907
2026-02-05 05:00:00,15.4,69.0,0.0,2.1,149.0,-1.081579957311114,1.800051331474436
2026-02-05 06:00:00,16.2,66.0,0.0,3.3,139.0,-2.1649947956686737,2.490541614735148
2026-02-05 07:00:00,16.4,67.0,0.0,2.1,149.0,-1.081579957311114,1.800051331474436
2026-02-05 08:00:00,18.5,73.0,0.0,2.7,138.0,-1.8066526371689173,2.0064910287889646
2026-02-05 09:00:00,20.8,62.0,0.0,1.6,333.0,0.726384799583275,-1.4256104387013886
2026-02-05 10:00:00,22.6,57.0,0.0,4.7,320.0,3.021101765526735,-3.6004088826591967
2026-02-05 11:00:00,24.2,57.0,0.0,8.3,309.0,6.450311480092859,-5.223359245713651
2026-02-05 12:00:00,23.3,63.0,0.0,11.0,304.0,9.119413298105458,-6.151121938178216
2026-02-05 13:00:00,24.0,62.0,0.0,11.7,297.0,10.424776333003903,-5.311688846952697
2026-02-05 14:00:00,23.0,66.0,0.0,10.2,296.0,9.167699272251504,-4.471385697248589
2026-02-05 15:00:00,23.1,67.0,0.0,10.0,296.0,8.98794046299167,-4.383711467890774
2026-02-05 16:00:00,21.7,72.0,0.1,7.9,305.0,6.471301149883035,-4.531253847173264
2026-02-05 17:00:00,20.8,74.0,0.0,5.3,305.0,4.341505834731656,-3.039955112660544
2026-02-05 18:00:00,18.9,85.0,0.0,1.3,262.0,1.2873484893640414,0.18092503124808507
2026-02-05 19:00:00,17.6,88.0,0.0,0.6000000000000001,146.0,-0.33551574208244805,0.4974225435330251
2026-02-05 20:00:00,17.4,90.0,0.0,1.5,126.0,-1.213525491562421,0.8816778784387098
2026-02-05 21:00:00,16.6,93.0,0.0,2.3,151.0,-1.115062126566575,2.01162532642061
2026-02-05 22:00:00,16.4,92.0,0.0,2.8,153.0,-1.2711733992707306,2.49481826772743
2026-02-05 23:00:00,15.2,94.0,0.0,1.6,153.0,-0.7263847995832747,1.4256104387013888
2026-02-06 00:00:00,14.1,96.0,0.0,3.2,153.0,-1.4527695991665495,2.8512208774027776
2026-02-06 01:00:00,13.6,93.0,0.0,2.6,155.0,-1.0988074805258183,2.35640024629529
2026-02-06 02:00:00,15.0,88.0,0.0,2.5,150.0,-1.2499999999999996,2.165063509461097
2026-02-06 03:00:00,14.6,82.0,0.0,3.3,151.0,-1.599871746812912,2.886245033560006
2026-02-06 04:00:00,14.0,77.0,0.0,2.7,152.0,-1.2675732195219056,2.383958500719103
2026-02-06 05:00:00,13.6,73.0,0.0,3.0,155.0,-1.267854785222098,2.71892336110995
2026-02-06 06:00:00,13.7,70.0,0.0,1.4,157.0,-0.5470235798849833,1.2887067948334163
2026-02-06 07:00:00,14.0,70.0,0.0,1.9,158.0,-0.7117525274902329,1.761649323676896
2026-02-06 08:00:00,18.1,66.0,0.0,1.2,153.0,-0.544788599687456,1.0692078290260414
2026-02-06 09:00:00,21.0,68.0,0.0,4.6,291.0,4.294469961887128,-1.648492567908381
2026-02-06 10:00:00,22.3,67.0,0.0,5.7,307.0,4.55222240726957,-3.4303456319666754
2026-02-06 11:00:00,22.4,68.0,0.0,9.5,306.0,7.685661446562001,-5.583959896778495
2026-02-06 12:00:00,22.2,70.0,0.0,10.4,298.0,9.18265496573284,-4.8825042529732645
2026-02-06 13:00:00,21.6,73.0,0.0,8.5,302.0,7.20840881732962,-4.504313745982242
2026-02-06 14:00:00,21.1,79.0,0.1,10.1,301.0,8.657389737091334,-5.201884556591547
2026-02-06 15:00:00,20.6,83.0,0.5,7.5,305.0,6.143640332167439,-4.301823272632845
2026-02-06 16:00:00,19.8,95.0,0.6,5.1,302.0,4.325045290397772,-2.702588247589345
2026-02-06 17:00:00,19.2,100.0,0.9,4.8,299.0,4.1981745942691,-2.3270861771824176
2026-02-06 18:00:00,18.6,100.0,0.9,4.2,306.0,3.3978713763747797,-2.4686980596283874
2026-02-06 19:00:00,18.3,100.0,0.8,3.5,298.0,3.0903165750062445,-1.6431504697506178
2026-02-06 20:00:00,17.7,100.0,0.9,4.1,331.0,1.987719443009982,-3.585940799271522
2026-02-06 21:00:00,17.6,100.0,1.8,3.2,326.0,1.78941729110639,-2.652920232176134
2026-02-06 22:00:00,17.6,100.0,1.9,1.2,39.0,-0.7551844692598054,-0.9325751537483646
2026-02-06 23:00:00,17.8,100.0,1.1,3.0,76.0,-2.9108871788279895,-0.7257656867990026
2026-02-07 00:00:00,17.8,100.0,0.4,3.9,106.0,-3.7489206141594438,1.0749856876862969
2026-02-07 01:00:00,17.1,97.0,0.4,1.7000000000000002,139.0,-1.1153003492838622,1.2830062863787128
2026-02-07 02:00:00,16.7,100.0,0.4,1.9,34.0,-1.0624665165944185,-1.5751713878545794
2026-02-07 03:00:00,16.7,100.0,0.0,1.0,45.0,-0.7071067811865477,-0.7071067811865475
2026-02-07 04:00:00,16.6,100.0,0.0,2.1,38.0,-1.292889098183882,-1.6548225825741165
2026-02-07 05:00:00,16.5,100.0,0.0,1.8,37.0,-1.083267041673687,-1.437543918085127
2026-02-07 06:00:00,16.7,99.0,0.0,3.5,141.0,-2.2026213686744303,2.7200108650993986
2026-02-07 07:00:00,16.6,94.0,0.0,1.3,188.0,0.18092503124808512,1.2873484893640414
2026-02-07 08:00:00,17.2,100.0,0.0,3.0,163.0,-0.87711511416821,2.8689142678891066
2026-02-07 09:00:00,19.3,89.0,0.0,2.3,157.0,-0.8986815955253296,2.1171611629406124
2026-02-07 10:00:00,21.3,76.0,0.0,4.5,310.0,3.447199994035401,-2.892544243589427
2026-02-07 11:00:00,21.8,72.0,0.0,9.2,310.0,7.047608876694597,-5.91364600911616
2026-02-07 12:00:00,21.3,69.0,0.0,10.7,301.0,9.171690117512602,-5.510907401537579
2026-02-07 13:00:00,21.0,64.0,0.0,11.1,299.0,9.708278749247292,-5.3813867847343415
2026-02-07 14:00:00,19.0,70.0,0.0,10.1,297.0,8.999165894302516,-4.585304047369422
2026-02-07 15:00:00,18.6,71.0,0.0,7.7,303.0,6.457763373179765,-4.193720569615708
2026-02-07 16:00:00,18.0,73.0,0.0,6.7,304.0,5.554551736118779,-3.7465924532540043
2026-02-07 17:00:00,16.5,77.0,0.0,4.0,297.0,3.5640260967534716,-1.815961998958187
2026-02-07 18:00:00,13.8,91.0,0.0,0.5,180.0,3.061616997868383e-17,0.5
2026-02-07 19:00:00,13.6,93.0,0.0,2.7,184.0,0.18834247910913815,2.6934229357015256
2026-02-07 20:00:00,14.3,94.0,0.0,3.8,175.0,-0.3311918224411013,3.785539852748633
2026-02-07 21:00:00,14.3,93.0,0.0,3.1,220.0,1.9926415900282721,2.3747377736688318
2026-02-07 22:00:00,14.1,93.0,0.0,1.5,225.0,1.0606601717798214,1.0606601717798212
2026-02-07 23:00:00,13.7,94.0,0.0,1.4,230.0,1.0724622203665692,0.8999026535611548
2026-02-08 00:00:00,13.7,95.0,0.0,0.9,180.0,5.5109105961630896e-17,0.9
2026-02-08 01:00:00,13.2,95.0,0.0,0.5,270.0,0.5,0.0
2026-02-08 02:00:00,13.2,95.0,0.0,1.3,106.0,-1.2496402047198145,0.358328562562099
2026-02-08 03:00:00,13.7,94.0,0.0,2.7,302.0,2.28972985962235,-1.4307820134296534
2026-02-08 04:00:00,13.4,94.0,0.1,1.5,291.0,1.4003706397458027,-0.5375519243179504
2026-02-08 05:00:00,13.3,97.0,0.1,2.3,293.0,2.117161162940613,-0.8986815955253296
2026-02-08 06:00:00,12.2,100.0,0.0,2.7,278.0,2.67372378560224,-0.3757673725921767
2026-02-08 07:00:00,12.1,100.0,0.0,4.6,281.0,4.515485043859254,-0.877721378732106
2026-02-08 08:00:00,12.1,99.0,0.0,5.2,274.0,5.187333061351086,-0.3627336634694516
2026-02-08 09:00:00,14.2,86.0,0.0,4.7,279.0,4.6421352007971475,-0.7352419856890852
2026-02-08 10:00:00,17.2,73.0,0.0,7.3,280.0,7.189096596989119,-1.2676316969685915
2026-02-08 11:00:00,15.9,72.0,0.0,13.5,291.0,12.603335757712223,-4.837967318861554
2026-02-08 12:00:00,15.1,66.0,0.0,12.2,292.0,11.311643025714806,-4.570200439674126
2026-02-08 13:00:00,15.6,61.0,0.0,10.6,294.0,9.683581851011569,-4.311408416603482
2026-02-08 14:00:00,14.3,65.0,0.0,9.1,292.0,8.437373076557765,-3.408920000084799
2026-02-08 15:00:00,15.5,61.0,0.0,7.9,297.0,7.038951541088107,-3.5865249479424195
2026-02-08 16:00:00,14.4,62.0,0.0,8.3,300.0,7.188010851410842,-4.1499999999999995
2026-02-08 17:00:00,12.8,65.0,0.0,5.8,296.0,5.213005468535169,-2.5425526513766488
2026-02-08 18:00:00,10.5,76.0,0.0,1.6,264.0,1.5912350325892373,0.16724554122824556
2026-02-08 19:00:00,10.4,83.0,0.0,1.4,180.0,8.572527594031472e-17,1.4
2026-02-08 20:00:00,10.4,85.0,0.0,1.3,164.0,-0.3583285625620988,1.2496402047198145
2026-02-08 21:00:00,10.6,86.0,0.0,2.4,207.0,1.0895771993749124,2.138415658052083
2026-02-08 22:00:00,10.7,87.0,0.0,3.7,203.0,1.4457051754103127,3.4058679577740296
2026-02-08 23:00:00,10.3,87.0,0.0,1.9,197.0,0.5555062389731998,1.8169790363297673
2026-02-09 00:00:00,10.5,85.0,0.0,0.0,270.0,0.0,0.0
2026-02-09 01:00:00,10.3,84.0,0.0,0.4,153.0,-0.18159619989581868,0.3564026096753472
2026-02-09 02:00:00,10.0,86.0,0.0,1.7000000000000002,108.0,-1.6167960777017611,0.5253288904374108
2026-02-09 03:00:00,10.2,83.0,0.0,0.9,143.0,-0.5416335208368436,0.7187719590425634
2026-02-09 04:00:00,9.9,82.0,0.0,0.2,180.0,1.2246467991473533e-17,0.2
2026-02-09 05:00:00,9.5,83.0,0.0,0.4,180.0,2.4492935982947065e-17,0.4
2026-02-09 06:00:00,9.5,80.0,0.0,0.6000000000000001,162.0,-0.18541019662496844,0.5706339097770923
2026-02-09 07:00:00,9.8,78.0,0.0,0.6000000000000001,162.0,-0.18541019662496844,0.5706339097770923
2026-02-09 08:00:00,12.0,81.0,0.0,4.1,49.0,-3.0943092789133653,-2.6898420188610785
2026-02-09 09:00:00,14.5,73.0,0.0,4.5,353.0,0.5484120453231637,-4.466457682385949
2026-02-09 10:00:00,16.3,67.0,0.0,6.2,334.0,2.7179011100922805,-5.572523087054836
2026-02-09 11:00:00,17.8,62.0,0.0,9.0,316.0,6.251925334130975,-6.47405820304786
2026-02-09 12:00:00,18.3,62.0,0.0,11.9,301.0,10.200290878355137,-6.128953091429644
2026-02-09 13:00:00,17.7,66.0,0.0,11.3,299.0,9.883202690675173,-5.478348708783609
2026-02-09 14:00:00,16.2,73.0,0.1,10.8,288.0,10.271410375987658,-3.337383539249432
2026-02-09 15:00:00,15.7,76.0,0.1,11.3,290.0,10.618526614880766,-3.8648276195800566
2026-02-09 16:00:00,15.3,77.0,0.0,9.0,285.0,8.693332436601615,-2.3293714059226867
2026-02-09 17:00:00,14.8,79.0,0.0,6.0,291.0,5.601482558983211,-2.1502076972718016
2026-02-09 18:00:00,13.7,85.0,0.0,1.8,281.0,1.7669289302057951,-0.34345619167778063
2026-02-09 19:00:00,12.3,94.0,0.0,1.7000000000000002,212.0,0.9008627491964484,1.4416817634659242
2026-02-09 20:00:00,12.2,95.0,0.0,2.6,106.0,-2.499280409439629,0.716657125124198
2026-02-09 21:00:00,11.7,92.0,0.0,2.3,180.0,1.408343819019456e-16,2.3
2026-02-09 22:00:00,11.5,90.0,0.0,3.1,190.0,0.5383093507674843,3.052904034337845
2026-02-09 23:00:00,11.3,88.0,0.0,1.5,159.0,-0.5375519243179504,1.4003706397458027
2026-02-10 00:00:00,11.1,85.0,0.0,0.8,153.0,-0.36319239979163737,0.7128052193506944
2026-02-10 01:00:00,11.1,84.0,0.0,0.30000000000000004,135.0,-0.21213203435596428,0.2121320343559643
2026-02-10 02:00:00,10.5,93.0,0.0,2.2,99.0,-2.172914349309303,0.3441558230885082
2026-02-10 03:00:00,10.9,90.0,0.0,3.2,133.0,-2.3403318451813457,2.1823947521999956
2026-02-10 04:00:00,11.2,84.0,0.0,1.2,153.0,-0.544788599687456,1.0692078290260414
2026-02-10 05:00:00,11.4,82.0,0.0,2.4,126.0,-1.9416407864998735,1.4106846055019358
2026-02-10 06:00:00,11.7,75.0,0.0,3.7,129.0,-2.8754400573907923,2.3284854468843985
2026-02-10 07:00:00,12.3,67.0,0.0,2.8,145.0,-1.606014021782929,2.2936257240091766
2026-02-10 08:00:00,15.7,68.0,0.0,0.9,143.0,-0.5416335208368436,0.7187719590425634
2026-02-10 09:00:00,17.7,65.0,0.0,5.3,327.0,2.8865868855796433,-4.444954010110747
2026-02-10 10:00:00,18.8,61.0,0.0,8.4,323.0,5.055246194477206,-6.70853828439726
2026-02-10 11:00:00,19.3,57.0,0.0,11.2,311.0,8.452747298495046,-7.347861124693681
2026-02-10 12:00:00,19.9,56.0,0.0,10.8,307.0,8.625263508510763,-6.4996022500421216
2026-02-10 13:00:00,20.5,56.0,0.0,11.6,309.0,9.014893152900862,-7.3001165361781135
2026-02-10 14:00:00,20.8,57.0,0.0,9.8,322.0,6.033482458191452,-7.722505385345876
2026-02-10 15:00:00,20.7,57.0,0.0,11.2,318.0,7.494262791219212,-8.323222045346816
2026-02-10 16:00:00,18.9,61.0,0.0,13.4,318.0,8.9663501252087,-9.958140661397083
2026-02-10 17:00:00,17.1,66.0,0.0,8.4,320.0,5.399415921366931,-6.4347733221994154
2026-02-10 18:00:00,14.3,81.0,0.0,2.3,58.0,-1.9505106211597798,-1.218814307736371
2026-02-10 19:00:00,13.8,80.0,0.0,4.2,95.0,-4.184017731985332,0.3660541195401644
2026-02-10 20:00:00,13.5,84.0,0.0,2.9,133.0,-2.1209257346955943,1.9777952441812459
2026-02-10 21:00:00,13.1,86.0,0.0,2.7,143.0,-1.6249005625105308,2.1563158771276907
2026-02-10 22:00:00,13.1,84.0,0.0,2.2,145.0,-1.2618681599723016,1.8021344974357818
2026-02-10 23:00:00,13.1,81.0,0.0,2.1,149.0,-1.081579957311114,1.800051331474436
2026-02-11 00:00:00,12.6,79.0,0.0,2.8,153.0,-1.2711733992707306,2.49481826772743
2026-02-11 01:00:00,11.6,79.0,0.0,3.5,152.0,-1.6431504697506183,3.090316575006244
2026-02-11 02:00:00,12.2,75.0,0.0,3.6,135.0,-2.545584412271571,2.5455844122715714
2026-02-11 03:00:00,12.4,75.0,0.0,1.0,149.0,-0.5150380749100543,0.8571673007021123
2026-02-11 04:00:00,12.1,74.0,0.0,1.2,153.0,-0.544788599687456,1.0692078290260414
2026-02-11 05:00:00,11.9,74.0,0.0,0.8,153.0,-0.36319239979163737,0.7128052193506944
2026-02-11 06:00:00,11.0,78.0,0.0,2.3,148.0,-1.218814307736371,1.9505106211597798
2026-02-11 07:00:00,10.9,80.0,0.0,3.6,150.0,-1.7999999999999992,3.1176914536239795
2026-02-11 08:00:00,16.5,69.0,0.0,4.1,308.0,3.2308440897875594,-2.524212048835199
2026-02-11 09:00:00,17.6,67.0,0.0,6.6,325.0,3.7856044799169046,-5.406403492307345
2026-02-11 10:00:00,19.0,62.0,0.0,8.2,331.0,3.975438886019964,-7.171881598543044
2026-02-11 11:00:00,20.4,57.0,0.0,8.4,323.0,5.055246194477206,-6.70853828439726
2026-02-11 12:00:00,21.5,53.0,0.0,10.5,319.0,6.888619804400326,-7.924450592339106
2026-02-11 13:00:00,21.7,52.0,0.0,11.4,308.0,8.98332259111663,-7.018540818712505
2026-02-11 14:00:00,21.0,56.0,0.0,8.5,306.0,6.876644452187053,-4.996174644486022
2026-02-11 15:00:00,21.4,56.0,0.0,10.1,305.0,8.273435647318816,-5.7931220071455645
2026-02-11 16:00:00,19.6,68.0,0.0,12.1,307.0,9.663489671572243,-7.281961780139784
2026-02-11 17:00:00,17.7,79.0,0.0,6.2,311.0,4.679199397381186,-4.067565979741145
2026-02-11 18:00:00,15.1,93.0,0.0,0.9,127.0,-0.7187719590425636,0.5416335208368434
2026-02-11 19:00:00,14.9,92.0,0.0,4.4,142.0,-2.7089104914328965,3.467247315869577
2026-02-11 20:00:00,14.1,96.0,0.0,6.2,142.0,-3.8171011470190814,4.885666672361677
2026-02-11 21:00:00,13.0,96.0,0.0,3.4,155.0,-1.4369020899183778,3.08144647592461
2026-02-11 22:00:00,12.9,91.0,0.0,2.4,167.0,-0.539882530425276,2.3384881554845647
2026-02-11 23:00:00,12.2,90.0,0.0,3.1,159.0,-1.1109406435904308,2.8940993221413254
2026-02-12 00:00:00,11.3,90.0,0.0,2.7,157.0,-1.0549740469210394,2.4853631043215887
2026-02-12 01:00:00,10.8,91.0,0.0,2.8,153.0,-1.2711733992707306,2.49481826772743
2026-02-12 02:00:00,12.0,86.0,0.0,2.7,152.0,-1.2675732195219056,2.383958500719103
2026-02-12 03:00:00,12.2,84.0,0.0,2.7,160.0,-0.9234543869793056,2.537170076121953
2026-02-12 04:00:00,11.6,84.0,0.0,3.6,160.0,-1.2312725159724074,3.3828934348292705
2026-02-12 05:00:00,10.9,84.0,0.0,2.9,158.0,-1.086359120906145,2.6888331782436836
2026-02-12 06:00:00,10.3,84.0,0.0,2.9,158.0,-1.086359120906145,2.6888331782436836
2026-02-12 07:00:00,10.5,82.0,0.0,3.2,153.0,-1.4527695991665495,2.8512208774027776
2026-02-12 08:00:00,16.4,74.0,0.0,3.1,149.0,-1.5966180322211683,2.6572186321765483
2026-02-12 09:00:00,20.7,59.0,0.0,3.1,298.0,2.7371375378626737,-1.4553618446362615
2026-02-12 10:00:00,21.8,56.0,0.0,7.5,307.0,5.989766325354696,-4.513612673640362
2026-02-12 11:00:00,22.3,53.0,0.0,9.5,307.0,7.587037345449282,-5.717242719944458
2026-02-12 12:00:00,22.4,50.0,0.0,11.1,300.0,9.61288198200727,-5.549999999999999
2026-02-12 13:00:00,22.4,50.0,0.0,11.0,302.0,9.328529057720685,-5.829111906565254
2026-02-12 14:00:00,22.2,51.0,0.0,9.0,307.0,7.187719590425635,-5.416335208368435
2026-02-12 15:00:00,22.0,53.0,0.0,9.4,308.0,7.407301083903186,-5.787217868061188
2026-02-12 16:00:00,21.0,57.0,0.0,8.4,310.0,6.4347733221994154,-5.39941592136693
2026-02-12 17:00:00,19.6,64.0,0.0,5.5,308.0,4.334059144836971,-3.3861381142911204
2026-02-12 18:00:00,16.8,80.0,0.0,0.30000000000000004,135.0,-0.21213203435596428,0.2121320343559643
2026-02-12 19:00:00,15.7,87.0,0.0,2.3,148.0,-1.218814307736371,1.9505106211597798
2026-02-12 20:00:00,15.8,86.0,0.0,3.7,133.0,-2.706008695990931,2.523393932231245
2026-02-12 21:00:00,15.3,85.0,0.0,3.5,152.0,-1.6431504697506183,3.090316575006244
2026-02-12 22:00:00,14.3,87.0,0.0,3.6,153.0,-1.6343657990623681,3.2076234870781244
2026-02-12 23:00:00,13.5,88.0,0.0,3.4,155.0,-1.4369020899183778,3.08144647592461
2026-02-13 00:00:00,13.1,87.0,0.0,3.5,159.0,-1.2542878234085508,3.267531492740206
2026-02-13 01:00:00,12.5,85.0,0.0,3.7,157.0,-1.445705175410313,3.405867957774029
2026-02-13 02:00:00,13.2,78.0,0.0,3.6,147.0,-1.9607005260540975,3.019214044603526
2026-02-13 03:00:00,12.4,76.0,0.0,4.0,159.0,-1.433471798181201,3.734321705988807
2026-02-13 04:00:00,11.1,77.0,0.0,4.0,159.0,-1.433471798181201,3.734321705988807
2026-02-13 05:00:00,10.3,78.0,0.0,4.3,158.0,-1.6108083516884217,3.9868905746371857
2026-02-13 06:00:00,9.6,78.0,0.0,3.9,152.0,-1.8309390948649746,3.443495612149815
2026-02-13 07:00:00,9.6,78.0,0.0,4.0,153.0,-1.8159619989581868,3.5640260967534716
2026-02-13 08:00:00,16.4,69.0,0.0,0.8,153.0,-0.36319239979163737,0.7128052193506944
2026-02-13 09:00:00,21.1,54.0,0.0,3.7,305.0,3.03086256386927,-2.1222328144988705
2026-02-13 10:00:00,22.4,50.0,0.0,7.5,307.0,5.989766325354696,-4.513612673640362
2026-02-13 11:00:00,23.1,48.0,0.0,9.7,301.0,8.31452281681049,-4.995869326627525
2026-02-13 12:00:00,23.5,48.0,0.0,11.4,297.0,10.157474375747395,-5.175491697030833
2026-02-13 13:00:00,23.7,48.0,0.0,12.0,300.0,10.392304845413264,-5.999999999999999
2026-02-13 14:00:00,23.2,51.0,0.0,11.6,300.0,10.045894683899489,-5.799999999999999
2026-02-13 15:00:00,22.5,56.0,0.0,9.9,299.0,8.658735100680017,-4.799615240438737
2026-02-13 16:00:00,21.8,57.0,0.0,5.3,298.0,4.679622242152313,-2.4881992827652213
2026-02-13 17:00:00,20.8,62.0,0.0,4.0,300.0,3.464101615137755,-1.9999999999999998
2026-02-13 18:00:00,18.2,76.0,0.0,0.6000000000000001,146.0,-0.33551574208244805,0.4974225435330251
2026-02-13 19:00:00,16.4,83.0,0.0,2.3,148.0,-1.218814307736371,1.9505106211597798
2026-02-13 20:00:00,16.2,78.0,0.0,3.6,143.0,-2.1665340833473743,2.8750878361702537
2026-02-13 21:00:00,14.4,85.0,0.0,3.7,157.0,-1.445705175410313,3.405867957774029
2026-02-13 22:00:00,13.1,89.0,0.0,4.9,156.0,-1.9930095510714214,4.476372742448745
2026-02-13 23:00:00,12.7,89.0,0.0,4.2,155.0,-1.7749966993109372,3.8064927055539304
2026-02-14 00:00:00,12.5,88.0,0.0,3.3,158.0,-1.2362017582725098,3.0597067200703982
2026-02-14 01:00:00,12.2,87.0,0.0,3.5,159.0,-1.2542878234085508,3.267531492740206
2026-02-14 02:00:00,13.7,81.0,0.0,1.5,144.0,-0.8816778784387096,1.2135254915624212
2026-02-14 03:00:00,13.6,79.0,0.0,1.2,153.0,-0.544788599687456,1.0692078290260414
2026-02-14 04:00:00,13.0,79.0,0.0,1.9,151.0,-0.9211382784680403,1.661777443564852
2026-02-14 05:00:00,12.2,77.0,0.0,2.4,153.0,-1.089577199374912,2.138415658052083
2026-02-14 06:00:00,11.4,73.0,0.0,3.9,152.0,-1.8309390948649746,3.443495612149815
2026-02-14 07:00:00,11.4,69.0,0.0,3.9,152.0,-1.8309390948649746,3.443495612149815
2026-02-14 08:00:00,17.2,66.0,0.0,4.5,143.0,-2.7081676041842178,3.593859795212817
2026-02-14 09:00:00,22.8,49.0,0.0,2.9,300.0,2.511473670974872,-1.4499999999999997
2026-02-14 10:00:00,23.9,48.0,0.0,8.0,306.0,6.47213595499958,-4.702282018339785
2026-02-14 11:00:00,24.7,45.0,0.0,10.1,309.0,7.849174210715406,-6.356135949603358
2026-02-14 12:00:00,25.3,42.0,0.0,11.4,305.0,9.338333304894507,-6.538771374401925
2026-02-14 13:00:00,25.6,41.0,0.0,11.9,300.0,10.30570230503482,-5.949999999999999
2026-02-14 14:00:00,25.3,44.0,0.0,11.9,297.0,10.602977637841578,-5.4024869469006065
2026-02-14 15:00:00,24.7,49.0,0.0,13.9,300.0,12.0377531126037,-6.949999999999999
2026-02-14 16:00:00,22.8,60.0,0.0,11.9,297.0,10.602977637841578,-5.4024869469006065
2026-02-14 17:00:00,21.3,66.0,0.0,8.4,298.0,7.416759780014987,-3.943561127401483
2026-02-14 18:00:00,18.6,82.0,0.0,1.2,309.0,0.9325751537483651,-0.7551844692598049
2026-02-14 19:00:00,17.2,86.0,0.0,2.0,135.0,-1.414213562373095,1.4142135623730951
2026-02-14 20:00:00,17.1,84.0,0.0,2.3,129.0,-1.7874357113510329,1.4474368994146258
2026-02-14 21:00:00,16.2,87.0,0.0,2.9,150.0,-1.4499999999999993,2.511473670974872
2026-02-14 22:00:00,15.4,86.0,0.0,4.2,155.0,-1.7749966993109372,3.8064927055539304
2026-02-14 23:00:00,13.0,92.0,0.0,4.3,152.0,-2.018727719979331,3.7966746492933856
2026-02-15 00:00:00,12.0,91.0,0.0,4.6,154.0,-2.0165072752297566,4.134452612976167
2026-02-15 01:00:00,11.7,89.0,0.0,4.4,153.0,-1.9975581988540057,3.9204287064288192
2026-02-15 02:00:00,12.8,82.0,0.0,4.2,144.0,-2.468698059628387,3.3978713763747797
2026-02-15 03:00:00,13.1,78.0,0.0,3.2,153.0,-1.4527695991665495,2.8512208774027776
2026-02-15 04:00:00,12.7,76.0,0.0,3.5,156.0,-1.423578250765301,3.197409101749103
2026-02-15 05:00:00,12.3,74.0,0.0,3.0,155.0,-1.267854785222098,2.71892336110995
2026-02-15 06:00:00,12.0,71.0,0.0,2.7,157.0,-1.0549740469210394,2.4853631043215887
2026-02-15 07:00:00,12.0,71.0,0.0,3.4,155.0,-1.4369020899183778,3.08144647592461
2026-02-15 08:00:00,17.9,69.0,0.0,3.7,141.0,-2.328485446884398,2.875440057390793
2026-02-15 09:00:00,22.5,51.0,0.0,2.6,344.0,0.7166571251241979,-2.499280409439629
2026-02-15 10:00:00,23.8,48.0,0.0,6.7,322.0,4.124931884681911,-5.279672049165038
2026-02-15 11:00:00,24.8,47.0,0.0,9.8,317.0,6.683583928612485,-7.167266275867871
2026-02-15 12:00:00,25.4,46.0,0.0,11.3,316.0,7.84963958618667,-8.128539743826758
2026-02-15 13:00:00,25.9,44.0,0.0,11.3,312.0,8.397536527894555,-7.561175851855099
2026-02-15 14:00:00,25.7,45.0,0.0,11.2,307.0,8.944717712529679,-6.74032825930294
2026-02-15 15:00:00,25.6,48.0,0.0,11.6,306.0,9.38459713474939,-6.818308926592688
2026-02-15 16:00:00,24.2,54.0,0.0,12.0,306.0,9.70820393249937,-7.053423027509678
2026-02-15 17:00:00,22.1,63.0,0.0,8.2,302.0,6.953994388482692,-4.34533796671228
2026-02-15 18:00:00,19.2,77.0,0.0,0.2,180.0,1.2246467991473533e-17,0.2
2026-02-15 19:00:00,17.9,82.0,0.0,2.7,143.0,-1.6249005625105308,2.1563158771276907
2026-02-15 20:00:00,17.6,80.0,0.0,2.1,142.0,-1.2928890981838825,1.6548225825741163
2026-02-15 21:00:00,16.8,81.0,0.0,3.8,155.0,-1.6059493946146575,3.44396959073927
2026-02-15 22:00:00,14.6,87.0,0.0,3.9,156.0,-1.586272907995621,3.562827284806143
2026-02-15 23:00:00,13.7,87.0,0.0,3.3,158.0,-1.2362017582725098,3.0597067200703982
2026-02-16 00:00:00,13.1,86.0,0.0,2.9,158.0,-1.086359120906145,2.6888331782436836
2026-02-16 01:00:00,12.8,84.0,0.0,2.7,157.0,-1.0549740469210394,2.4853631043215887
2026-02-16 02:00:00,14.3,78.0,0.0,1.5,150.0,-0.7499999999999997,1.299038105676658
2026-02-16 03:00:00,14.1,74.0,0.0,1.5,150.0,-0.7499999999999997,1.299038105676658
2026-02-16 04:00:00,13.5,71.0,0.0,2.5,150.0,-1.2499999999999996,2.165063509461097
2026-02-16 05:00:00,12.9,67.0,0.0,2.4,153.0,-1.089577199374912,2.138415658052083
2026-02-16 06:00:00,12.4,65.0,0.0,2.2,156.0,-0.8948206147667607,2.0098000068137223
2026-02-16 07:00:00,12.2,67.0,0.0,2.6,155.0,-1.0988074805258183,2.35640024629529
2026-02-16 08:00:00,18.6,68.0,0.0,2.3,141.0,-1.4474368994146256,1.7874357113510333
2026-02-16 09:00:00,22.0,58.0,0.0,5.6,327.0,3.0499785960841517,-4.696555180494374
2026-02-16 10:00:00,23.3,49.0,0.0,7.8,323.0,4.694157180585977,-6.229356978368884
2026-02-16 11:00:00,24.2,44.0,0.0,10.5,319.0,6.888619804400326,-7.924450592339106
2026-02-16 12:00:00,24.6,44.0,0.0,12.0,314.0,8.632077604063815,-8.335900445507967
2026-02-16 13:00:00,25.0,45.0,0.0,11.9,309.0,9.248036941337954,-7.488912653493065
2026-02-16 14:00:00,24.8,51.0,0.0,11.7,302.0,9.922162725030184,-6.200055391528497
2026-02-16 15:00:00,24.1,59.0,0.0,13.5,307.0,10.781579385638453,-8.124502812552652
2026-02-16 16:00:00,22.4,70.0,0.0,10.2,315.0,7.212489168102785,-7.212489168102784
2026-02-16 17:00:00,20.7,79.0,0.0,8.1,317.0,5.524186716506238,-5.9239649831152805
2026-02-16 18:00:00,17.6,94.0,0.0,1.4,337.0,0.5470235798849832,-1.2887067948334165
2026-02-16 19:00:00,16.6,96.0,0.0,0.6000000000000001,56.0,-0.4974225435330252,-0.33551574208244805
2026-02-16 20:00:00,16.2,94.0,0.0,0.9,143.0,-0.5416335208368436,0.7187719590425634
2026-02-16 21:00:00,15.4,90.0,0.0,1.7000000000000002,167.0,-0.3824167923845706,1.6564291101349
2026-02-16 22:00:00,15.3,78.0,0.0,2.6,164.0,-0.7166571251241975,2.499280409439629
2026-02-16 23:00:00,14.3,84.0,0.0,3.1,183.0,0.1622414643531263,3.0957515577391788
2026-02-17 00:00:00,14.1,79.0,0.0,3.5,152.0,-1.6431504697506183,3.090316575006244
2026-02-17 01:00:00,13.3,73.0,0.0,2.9,158.0,-1.086359120906145,2.6888331782436836
2026-02-17 02:00:00,14.5,69.0,0.0,3.1,177.0,-0.16224146435312592,3.0957515577391788
2026-02-17 03:00:00,14.2,74.0,0.0,2.0,180.0,1.2246467991473532e-16,2.0
2026-02-17 04:00:00,12.8,74.0,0.0,2.7,176.0,-0.1883424791091384,2.6934229357015256
2026-02-17 05:00:00,11.7,71.0,0.0,3.0,163.0,-0.87711511416821,2.8689142678891066
2026-02-17 06:00:00,11.3,71.0,0.0,3.5,165.0,-0.905866657858823,3.380740392011739
2026-02-17 07:00:00,11.8,74.0,0.0,3.9,164.0,-1.0749856876862962,3.7489206141594438
2026-02-17 08:00:00,18.0,71.0,0.0,3.1,173.0,-0.37779496455595685,3.0768930700880985
2026-02-17 09:00:00,21.5,61.0,0.0,5.4,304.0,4.476802891797225,-3.0196416787420333
2026-02-17 10:00:00,22.2,62.0,0.0,8.9,304.0,7.378434395739871,-4.976816840889648
2026-02-17 11:00:00,21.9,64.0,0.0,10.5,299.0,9.183506924963655,-5.0905010125865395
2026-02-17 12:00:00,22.4,62.0,0.0,11.7,290.0,10.994403663195127,-4.001635676910324
2026-02-17 13:00:00,22.2,63.0,0.0,12.7,297.0,11.315782857192271,-5.765679346692243
2026-02-17 14:00:00,21.9,66.0,0.0,9.5,297.0,8.464561979789496,-4.312909747525694
2026-02-17 15:00:00,21.9,66.0,0.0,8.2,296.0,7.370111179653169,-3.5946434036704344
2026-02-17 16:00:00,21.5,66.0,0.0,6.9,307.0,5.510585019326321,-4.152523659749133
2026-02-17 17:00:00,20.1,70.0,0.0,5.6,315.0,3.9597979746446663,-3.9597979746446654
2026-02-17 18:00:00,17.3,84.0,0.0,1.1,252.0,1.0461621679246689,0.33991869381244216
2026-02-17 19:00:00,15.8,90.0,0.0,1.8,233.0,1.437543918085127,1.083267041673687
2026-02-17 20:00:00,16.0,87.0,0.0,0.2,180.0,1.2246467991473533e-17,0.2
2026-02-17 21:00:00,15.0,90.0,0.0,1.2,207.0,0.5447885996874562,1.0692078290260414
2026-02-17 22:00:00,14.3,94.0,0.0,1.8,204.0,0.7321259575364404,1.6443818237566816
2026-02-17 23:00:00,13.7,94.0,0.0,1.3,164.0,-0.3583285625620988,1.2496402047198145
2026-02-18 00:00:00,13.6,93.0,0.0,3.2,180.0,1.9594348786357652e-16,3.2
2026-02-18 01:00:00,13.3,94.0,0.0,2.0,170.0,-0.3472963553338606,1.969615506024416
2026-02-18 02:00:00,13.2,93.0,0.0,0.7000000000000001,194.0,0.1693453269197674,0.6792070083931976
2026-02-18 03:00:00,13.3,91.0,0.0,0.4,180.0,2.4492935982947065e-17,0.4
2026-02-18 04:00:00,13.3,89.0,0.0,1.0,158.0,-0.37460659341591207,0.9271838545667874
2026-02-18 05:00:00,13.1,89.0,0.0,2.2,145.0,-1.2618681599723016,1.8021344974357818
2026-02-18 06:00:00,13.2,88.0,0.0,2.1,160.0,-0.7182423009839043,1.9733545036504079
2026-02-18 07:00:00,13.2,88.0,0.0,2.7,172.0,-0.37576737259217646,2.67372378560224
2026-02-18 08:00:00,17.0,79.0,0.0,1.7000000000000002,41.0,-1.1153003492838625,-1.2830062863787126
2026-02-18 09:00:00,19.2,73.0,0.0,4.5,304.0,3.730669076497687,-2.516368065618361
2026-02-18 10:00:00,20.3,70.0,0.0,8.7,310.0,6.664586655135108,-5.592252204272891
2026-02-18 11:00:00,20.3,68.0,0.0,11.5,304.0,9.533932084382979,-6.430718389913589
2026-02-18 12:00:00,20.5,66.0,0.0,10.3,303.0,8.638306849837868,-5.609782060654779
2026-02-18 13:00:00,21.3,61.0,0.0,10.0,308.0,7.880107536067219,-6.156614753256583
2026-02-18 14:00:00,20.9,61.0,0.0,10.8,308.0,8.510516138952598,-6.64914393351711
2026-02-18 15:00:00,21.0,60.0,0.0,10.2,306.0,8.251973342624463,-5.995409573383226
2026-02-18 16:00:00,20.0,61.0,0.0,9.9,303.0,8.302838622659698,-5.391926446648768
2026-02-18 17:00:00,18.0,67.0,0.0,7.8,302.0,6.614775150020122,-4.133370261018998
2026-02-18 18:00:00,15.0,84.0,0.0,1.9,248.0,1.761649323676896,0.7117525274902328
2026-02-18 19:00:00,13.9,88.0,0.0,1.3,188.0,0.18092503124808512,1.2873484893640414
2026-02-18 20:00:00,14.3,88.0,0.0,1.6,153.0,-0.7263847995832747,1.4256104387013888
2026-02-18 21:00:00,13.9,88.0,0.0,2.2,180.0,1.3471114790620887e-16,2.2
2026-02-18 22:00:00,13.8,87.0,0.0,2.2,185.0,0.19174263404484793,2.1916283358018402
2026-02-18 23:00:00,13.8,86.0,0.0,1.5,166.0,-0.36288284339950166,1.4554435894139948
2026-02-19 00:00:00,14.3,84.0,0.0,1.0,158.0,-0.37460659341591207,0.9271838545667874
2026-02-19 01:00:00,13.9,85.0,0.0,1.7000000000000002,148.0,-0.9008627491964483,1.4416817634659245
2026-02-19 02:00:00,14.0,86.0,0.0,2.2,125.0,-1.8021344974357822,1.2618681599723012
2026-02-19 03:00:00,14.4,85.0,0.0,0.9,143.0,-0.5416335208368436,0.7187719590425634
2026-02-19 04:00:00,14.2,84.0,0.0,1.2,141.0,-0.7551844692598048,0.9325751537483652
2026-02-19 05:00:00,13.8,84.0,0.0,0.8,153.0,-0.36319239979163737,0.7128052193506944
2026-02-19 06:00:00,13.3,85.0,0.0,0.6000000000000001,162.0,-0.18541019662496844,0.5706339097770923
2026-02-19 07:00:00,13.5,82.0,0.0,0.7000000000000001,166.0,-0.16934532691976747,0.6792070083931976
2026-02-19 08:00:00,16.0,82.0,0.0,3.1,36.0,-1.822134282106667,-2.507952682562337
2026-02-19 09:00:00,17.8,79.0,0.0,4.0,350.0,0.6945927106677217,-3.939231012048832
2026-02-19 10:00:00,19.8,69.0,0.1,7.3,327.0,3.9758649556096977,-6.122295146001595
2026-02-19 11:00:00,20.6,65.0,0.3,10.1,310.0,7.737048875501678,-6.492154857834046
2026-02-19 12:00:00,20.8,64.0,0.1,10.4,302.0,8.81970020002683,-5.5111603480253315
2026-02-19 13:00:00,21.2,60.0,0.1,8.5,294.0,7.765136389962107,-3.4572614661443017
2026-02-19 14:00:00,20.4,63.0,0.4,8.7,294.0,7.947845481490627,-3.5386087947594613
2026-02-19 15:00:00,20.2,66.0,0.4,11.0,295.0,9.96938565740315,-4.648800879147694
2026-02-19 16:00:00,19.0,71.0,0.1,8.9,298.0,7.858233576444451,-4.178296908794429
2026-02-19 17:00:00,17.8,74.0,0.1,7.1,297.0,6.326146321737411,-3.2233325481507817
2026-02-19 18:00:00,15.7,86.0,0.0,0.9,259.0,0.8834644651028976,0.17172809583889032
2026-02-19 19:00:00,14.9,90.0,0.0,2.0,135.0,-1.414213562373095,1.4142135623730951
2026-02-19 20:00:00,15.3,91.0,0.0,0.6000000000000001,146.0,-0.33551574208244805,0.4974225435330251
2026-02-19 21:00:00,14.6,91.0,0.0,1.3,180.0,7.960204194457797e-17,1.3
2026-02-19 22:00:00,13.6,90.0,0.0,2.2,180.0,1.3471114790620887e-16,2.2
2026-02-19 23:00:00,13.1,89.0,0.0,4.0,170.0,-0.6945927106677212,3.939231012048832
2026-02-20 00:00:00,11.5,98.0,0.0,5.2,168.0,-1.0811407922523486,5.08636752381579
2026-02-20 01:00:00,10.8,100.0,0.0,5.5,163.0,-1.6080443759750516,5.2596761577966955
2026-02-20 02:00:00,12.2,89.0,0.0,1.7000000000000002,162.0,-0.5253288904374105,1.6167960777017614
2026-02-20 03:00:00,12.5,86.0,0.0,2.9,184.0,0.20229377385796318,2.89293574575349
2026-02-20 04:00:00,12.5,82.0,0.0,2.1,149.0,-1.081579957311114,1.800051331474436
2026-02-20 05:00:00,13.1,76.0,0.0,0.8,153.0,-0.36319239979163737,0.7128052193506944
2026-02-20 06:00:00,13.4,78.0,0.1,4.2,149.0,-2.163159914622228,3.600102662948872
2026-02-20 07:00:00,13.4,84.0,0.0,3.4,148.0,-1.8017254983928963,2.8833635269318485
2026-02-20 08:00:00,15.5,79.0,0.0,1.3,146.0,-0.7269507745119708,1.0777488443215544
2026-02-20 09:00:00,18.3,70.0,0.0,3.9,307.0,3.114678489184442,-2.347078590292988
2026-02-20 10:00:00,19.7,65.0,0.0,7.2,321.0,4.5311068155588305,-5.5954509224901905
2026-02-20 11:00:00,20.5,60.0,0.0,10.2,318.0,6.825132184860354,-7.580077219869421
2026-02-20 12:00:00,21.4,56.0,0.0,10.3,314.0,7.409199943488108,-7.154981215727672
2026-02-20 13:00:00,22.2,54.0,0.0,9.9,307.0,7.906491549468199,-5.957968729205278
2026-02-20 14:00:00,21.6,55.0,0.0,8.5,308.0,6.698091405657136,-5.233122540268096
2026-02-20 15:00:00,22.0,54.0,0.0,10.4,300.0,9.006664199358163,-5.199999999999999
2026-02-20 16:00:00,20.2,61.0,0.0,10.9,297.0,9.71197111365321,-4.94849644716106
2026-02-20 17:00:00,18.2,70.0,0.0,8.3,304.0,6.881011852206846,-4.6413010988072
2026-02-20 18:00:00,15.6,85.0,0.0,0.6000000000000001,214.0,0.3355157420824481,0.4974225435330251
2026-02-20 19:00:00,14.6,89.0,0.0,2.2,125.0,-1.8021344974357822,1.2618681599723012
2026-02-20 20:00:00,14.6,89.0,0.0,2.3,141.0,-1.4474368994146256,1.7874357113510333
2026-02-20 21:00:00,14.2,89.0,0.0,2.7,160.0,-0.9234543869793056,2.537170076121953
2026-02-20 22:00:00,13.7,87.0,0.0,3.7,166.0,-0.8951110137187709,3.590094187221187
2026-02-20 23:00:00,13.3,87.0,0.0,4.0,159.0,-1.433471798181201,3.734321705988807
2026-02-21 00:00:00,12.7,87.0,0.0,3.4,155.0,-1.4369020899183778,3.08144647592461
2026-02-21 01:00:00,11.9,88.0,0.0,3.4,155.0,-1.4369020899183778,3.08144647592461
2026-02-21 02:00:00,11.9,88.0,0.0,2.3,141.0,-1.4474368994146256,1.7874357113510333
2026-02-21 03:00:00,11.5,87.0,0.0,3.1,152.0,-1.455361844636262,2.737137537862673
2026-02-21 04:00:00,11.1,84.0,0.0,2.4,153.0,-1.089577199374912,2.138415658052083
2026-02-21 05:00:00,10.8,81.0,0.0,2.7,152.0,-1.2675732195219056,2.383958500719103
2026-02-21 06:00:00,10.3,77.0,0.0,3.3,151.0,-1.599871746812912,2.886245033560006
2026-02-21 07:00:00,10.6,73.0,0.0,3.9,152.0,-1.8309390948649746,3.443495612149815
2026-02-21 08:00:00,17.0,70.0,0.0,1.4,140.0,-0.8999026535611551,1.0724622203665692
2026-02-21 09:00:00,19.9,67.0,0.0,3.1,324.0,1.8221342821066668,-2.5079526825623373
2026-02-21 10:00:00,21.5,62.0,0.0,6.6,315.0,4.666904755831213,-4.666904755831213
2026-02-21 11:00:00,22.9,55.0,0.0,9.8,296.0,8.808181653731838,-4.296037238532959
2026-02-21 12:00:00,22.6,58.0,0.0,13.9,297.0,12.384990686218314,-6.3104679463797
2026-02-21 13:00:00,22.7,58.0,0.0,11.5,292.0,10.662614327518055,-4.307975824282988
2026-02-21 14:00:00,22.1,59.0,0.0,11.4,291.0,10.6428168620681,-4.0853946248164235
2026-02-21 15:00:00,22.0,58.0,0.0,8.7,278.0,8.61533219805166,-1.2108059783525693
2026-02-21 16:00:00,21.4,61.0,0.0,8.5,277.0,8.436642288951237,-1.0358894189437535
2026-02-21 17:00:00,19.9,71.0,0.0,7.5,287.0,7.172285669722766,-2.192787785420526
2026-02-21 18:00:00,17.0,90.0,0.0,2.7,270.0,2.7,0.0
2026-02-21 19:00:00,16.2,90.0,0.0,0.8,153.0,-0.36319239979163737,0.7128052193506944
2026-02-21 20:00:00,16.5,92.0,0.0,2.6,115.0,-2.3564002462952898,1.0988074805258188
2026-02-21 21:00:00,15.8,92.0,0.0,2.3,157.0,-0.8986815955253296,2.1171611629406124
2026-02-21 22:00:00,15.5,87.0,0.0,3.1,167.0,-0.6973482684659816,3.0205472008342293
2026-02-21 23:00:00,14.6,85.0,0.0,3.2,153.0,-1.4527695991665495,2.8512208774027776
2026-02-22 00:00:00,13.1,88.0,0.0,3.4,155.0,-1.4369020899183778,3.08144647592461
2026-02-22 01:00:00,12.1,88.0,0.0,3.5,152.0,-1.6431504697506183,3.090316575006244
2026-02-22 02:00:00,12.2,89.0,0.0,2.3,148.0,-1.218814307736371,1.9505106211597798
2026-02-22 03:00:00,12.0,85.0,0.0,3.4,155.0,-1.4369020899183778,3.08144647592461
2026-02-22 04:00:00,12.1,79.0,0.0,3.1,152.0,-1.455361844636262,2.737137537862673
2026-02-22 05:00:00,12.1,74.0,0.0,2.9,150.0,-1.4499999999999993,2.511473670974872
2026-02-22 06:00:00,11.5,70.0,0.0,2.7,152.0,-1.2675732195219056,2.383958500719103
2026-02-22 07:00:00,11.6,67.0,0.0,3.1,152.0,-1.455361844636262,2.737137537862673
2026-02-22 08:00:00,18.6,69.0,0.0,3.1,130.0,-2.3747377736688318,1.9926415900282723
2026-02-22 09:00:00,21.3,69.0,0.0,3.5,336.0,1.4235782507653008,-3.197409101749103
2026-02-22 10:00:00,23.1,63.0,0.0,6.5,330.0,3.250000000000001,-5.629165124598851
2026-02-22 11:00:00,24.5,55.0,0.1,8.2,319.0,5.379684037722159,-6.18861855782673
2026-02-22 12:00:00,25.3,51.0,0.0,10.1,311.0,7.622566760249997,-6.626196192804123
2026-02-22 13:00:00,25.8,46.0,0.0,11.7,307.0,9.344035467553326,-7.041235770878965
2026-02-22 14:00:00,25.4,49.0,0.0,10.9,308.0,8.589317214313269,-6.710710081049676
2026-02-22 15:00:00,24.9,53.0,0.0,13.0,316.0,9.030558815966964,-9.351417404402465
2026-02-22 16:00:00,23.3,57.0,0.0,8.7,326.0,4.864978260195497,-7.2126268812288625
2026-02-22 17:00:00,22.1,61.0,0.0,6.5,326.0,3.634753872559854,-5.388744221607771
2026-02-22 18:00:00,19.5,72.0,0.0,0.7000000000000001,90.0,-0.7000000000000001,8.572527594031473e-17
2026-02-22 19:00:00,17.9,78.0,0.0,1.7000000000000002,139.0,-1.1153003492838622,1.2830062863787128
2026-02-22 20:00:00,17.0,84.0,0.0,4.0,141.0,-2.517281564199349,3.108583845827884
2026-02-22 21:00:00,15.3,90.0,0.0,4.5,157.0,-1.7582900782017319,4.142271840535981
2026-02-22 22:00:00,13.7,93.0,0.0,6.5,157.0,-2.5397523351802795,5.983281547440861
2026-02-22 23:00:00,13.4,90.0,0.0,6.1,157.0,-2.3834598837845697,5.6150796060598855
2026-02-23 00:00:00,13.0,90.0,0.0,5.6,158.0,-2.0977969231291076,5.192229585574009
2026-02-23 01:00:00,12.2,92.0,0.0,4.3,156.0,-1.748967565225941,3.9282454678631837
2026-02-23 02:00:00,11.8,91.0,0.0,4.4,148.0,-2.331644762626101,3.731411623088275
2026-02-23 03:00:00,11.3,89.0,0.0,4.5,151.0,-2.1816432911085166,3.9357886821272814
2026-02-23 04:00:00,11.0,85.0,0.0,4.6,149.0,-2.3691751445862494,3.9429695832297162
2026-02-23 05:00:00,10.8,83.0,0.0,2.6,155.0,-1.0988074805258183,2.35640024629529
2026-02-23 06:00:00,10.4,85.0,0.0,4.4,150.0,-2.1999999999999993,3.8105117766515306
2026-02-23 07:00:00,11.8,79.0,0.0,5.6,151.0,-2.714933873379487,4.897870359980616
2026-02-23 08:00:00,19.2,70.0,0.0,6.7,136.0,-4.654211082075283,4.819576662268962
2026-02-23 09:00:00,23.7,51.0,0.0,3.1,294.0,2.8319909186920627,-1.2608835935349807
2026-02-23 10:00:00,24.7,49.0,0.0,7.1,294.0,6.486172749262466,-2.8878301658381815
2026-02-23 11:00:00,25.1,51.0,0.0,9.2,298.0,8.123117854302128,-4.319138377630195
2026-02-23 12:00:00,25.3,54.0,0.0,10.0,283.0,9.743700647852352,-2.24951054343865
2026-02-23 13:00:00,25.7,54.0,0.1,9.3,285.0,8.983110184488336,-2.407017119453443
2026-02-23 14:00:00,24.8,56.0,0.2,6.4,297.0,5.702441754805555,-2.9055391983330994
2026-02-23 15:00:00,24.2,58.0,0.3,7.9,294.0,7.217009115376547,-3.2132194802988217
2026-02-23 16:00:00,22.7,68.0,0.4,6.9,298.0,6.092338390726597,-3.2393537832226467
2026-02-23 17:00:00,21.0,80.0,0.4,3.6,311.0,2.716954488801979,-2.3618125043658265
2026-02-23 18:00:00,18.4,96.0,0.0,0.4,153.0,-0.18159619989581868,0.3564026096753472
2026-02-23 19:00:00,17.2,98.0,0.0,1.6,180.0,9.797174393178826e-17,1.6
2026-02-23 20:00:00,17.7,100.0,0.0,4.4,153.0,-1.9975581988540057,3.9204287064288192
2026-02-23 21:00:00,16.4,100.0,0.0,4.9,190.0,0.8508760705679591,4.82555798975982
2026-02-23 22:00:00,15.8,99.0,0.0,4.8,155.0,-2.0285676563553565,4.35027737777592
2026-02-23 23:00:00,14.7,100.0,0.0,5.8,154.0,-2.5425526513766497,5.213005468535168
2026-02-24 00:00:00,14.2,99.0,0.0,7.4,183.0,0.3872860761977854,7.389858557183847
2026-02-24 01:00:00,15.7,93.0,0.0,3.9,167.0,-0.8773091119410736,3.8000432526624173
2026-02-24 02:00:00,16.8,91.0,0.0,2.7,138.0,-1.8066526371689173,2.0064910287889646
2026-02-24 03:00:00,17.5,87.0,0.0,1.7000000000000002,148.0,-0.9008627491964483,1.4416817634659245
2026-02-24 04:00:00,17.4,85.0,0.0,1.6,174.0,-0.1672455412282457,1.5912350325892373
2026-02-24 05:00:00,16.5,89.0,0.0,3.6,180.0,2.2043642384652358e-16,3.6
2026-02-24 06:00:00,15.8,88.0,0.0,2.9,176.0,-0.20229377385796346,2.89293574575349
2026-02-24 07:00:00,16.5,87.0,0.0,3.6,160.0,-1.2312725159724074,3.3828934348292705
2026-02-24 08:00:00,19.4,71.0,0.0,3.9,133.0,-2.8522794363147645,2.6597936042437444
2026-02-24 09:00:00,22.2,68.0,0.0,1.5,291.0,1.4003706397458027,-0.5375519243179504
2026-02-24 10:00:00,24.6,61.0,0.0,5.1,321.0,3.209533994354171,-3.963444403430551
2026-02-24 11:00:00,24.9,61.0,0.0,9.2,317.0,6.274384912574986,-6.728454054896368
2026-02-24 12:00:00,23.9,65.0,0.0,9.8,308.0,7.722505385345875,-6.033482458191452
2026-02-24 13:00:00,23.4,67.0,0.0,10.9,301.0,9.343123577653024,-5.613915016519591
2026-02-24 14:00:00,23.9,67.0,0.0,9.8,306.0,7.9283665448744856,-5.760295472466237
2026-02-24 15:00:00,22.7,74.0,0.6,9.6,307.0,7.666900896454011,-5.777424222259663
2026-02-24 16:00:00,21.2,83.0,0.3,9.2,320.0,5.913646009116162,-7.047608876694597
2026-02-24 17:00:00,20.7,85.0,0.1,4.1,345.0,1.061158084920335,-3.96029588778518
2026-02-24 18:00:00,18.7,96.0,0.0,1.0,315.0,0.7071067811865476,-0.7071067811865475
2026-02-24 19:00:00,18.4,96.0,0.0,0.5,180.0,3.061616997868383e-17,0.5
2026-02-24 20:00:00,18.9,93.0,0.0,0.6000000000000001,146.0,-0.33551574208244805,0.4974225435330251
2026-02-24 21:00:00,18.2,94.0,0.0,0.4,180.0,2.4492935982947065e-17,0.4
2026-02-24 22:00:00,18.0,92.0,0.0,2.0,153.0,-0.9079809994790934,1.7820130483767358
2026-02-24 23:00:00,17.8,86.0,0.0,2.9,158.0,-1.086359120906145,2.6888331782436836
2026-02-25 00:00:00,18.1,85.0,0.0,1.0,158.0,-0.37460659341591207,0.9271838545667874
2026-02-25 01:00:00,17.9,85.0,0.0,1.5,150.0,-0.7499999999999997,1.299038105676658
2026-02-25 02:00:00,18.1,86.0,0.0,0.9,127.0,-0.7187719590425636,0.5416335208368434
2026-02-25 03:00:00,17.4,87.0,0.0,1.4,130.0,-1.072462220366569,0.8999026535611552
2026-02-25 04:00:00,16.9,86.0,0.0,1.7000000000000002,139.0,-1.1153003492838622,1.2830062863787128
2026-02-25 05:00:00,16.9,83.0,0.0,0.2,180.0,1.2246467991473533e-17,0.2
2026-02-25 06:00:00,17.6,79.0,0.0,1.4,140.0,-0.8999026535611551,1.0724622203665692
2026-02-25 07:00:00,17.5,80.0,0.0,2.4,144.0,-1.4106846055019353,1.9416407864998737
2026-02-25 08:00:00,19.9,83.0,0.0,2.4,107.0,-2.2951314143112853,0.7016920913345678
2026-02-25 09:00:00,22.5,73.0,0.0,3.3,22.0,-1.2362017582725104,-3.059706720070398
2026-02-25 10:00:00,24.6,65.0,0.0,9.3,331.0,4.508729468290936,-8.133963276396381
2026-02-25 11:00:00,25.7,62.0,0.0,9.4,310.0,7.200817765318393,-6.042203531053469
2026-02-25 12:00:00,26.0,60.0,0.1,10.0,304.0,8.290375725550415,-5.591929034707469
2026-02-25 13:00:00,25.9,59.0,0.0,9.7,295.0,8.791185534255504,-4.099397138884784
2026-02-25 14:00:00,24.3,65.0,0.0,11.4,294.0,10.41441821712565,-4.636797731064123
2026-02-25 15:00:00,22.9,71.0,0.0,9.8,298.0,8.652886410017485,-4.60082131530173
2026-02-25 16:00:00,23.0,71.0,0.1,6.0,311.0,4.528257481336632,-3.9363541739430437
2026-02-25 17:00:00,22.3,73.0,0.0,3.9,317.0,2.659793604243744,-2.8522794363147645
2026-02-25 18:00:00,20.0,85.0,0.0,0.9,259.0,0.8834644651028976,0.17172809583889032
2026-02-25 19:00:00,19.0,89.0,0.0,0.5,180.0,3.061616997868383e-17,0.5
2026-02-25 20:00:00,19.1,93.0,0.0,2.1,142.0,-1.2928890981838825,1.6548225825741163
2026-02-25 21:00:00,18.4,93.0,0.0,1.5,159.0,-0.5375519243179504,1.4003706397458027
2026-02-25 22:00:00,17.7,93.0,0.0,3.1,183.0,0.1622414643531263,3.0957515577391788
2026-02-25 23:00:00,17.0,94.0,0.0,3.3,167.0,-0.7423384793347546,3.2154212137912763
2026-02-26 00:00:00,16.8,96.0,0.0,2.3,148.0,-1.218814307736371,1.9505106211597798
2026-02-26 01:00:00,16.3,97.0,0.0,1.9,158.0,-0.7117525274902329,1.761649323676896
2026-02-26 02:00:00,17.8,84.0,0.0,0.5,135.0,-0.35355339059327373,0.3535533905932738
2026-02-26 03:00:00,17.6,83.0,0.0,1.9,131.0,-1.4339482024232668,1.2465121550819638
2026-02-26 04:00:00,17.7,81.0,0.0,0.2,180.0,1.2246467991473533e-17,0.2
2026-02-26 05:00:00,17.1,81.0,0.0,1.3,146.0,-0.7269507745119708,1.0777488443215544
2026-02-26 06:00:00,16.8,79.0,0.0,1.7000000000000002,148.0,-0.9008627491964483,1.4416817634659245
2026-02-26 07:00:00,16.3,84.0,0.0,3.1,156.0,-1.260883593534981,2.8319909186920627
2026-02-26 08:00:00,20.4,75.0,0.0,1.2,129.0,-0.9325751537483651,0.7551844692598049
2026-02-26 09:00:00,22.5,70.0,0.0,4.4,308.0,3.4672473158695767,-2.7089104914328965
2026-02-26 10:00:00,24.1,66.0,0.0,8.0,306.0,6.47213595499958,-4.702282018339785
2026-02-26 11:00:00,25.1,62.0,0.0,11.3,303.0,9.476977417783292,-6.154421095669806
2026-02-26 12:00:00,24.2,64.0,0.0,12.1,295.0,10.966324223143465,-5.1136809670624634
2026-02-26 13:00:00,24.7,63.0,0.0,11.1,284.0,10.77028256166356,-2.6853330411563117
2026-02-26 14:00:00,24.8,63.0,0.0,12.6,287.0,12.049439925134246,-3.683883479506483
2026-02-26 15:00:00,25.0,60.0,0.0,11.7,288.0,11.127361240653295,-3.615498834186884
2026-02-26 16:00:00,24.1,64.0,0.0,9.5,297.0,8.464561979789496,-4.312909747525694
2026-02-26 17:00:00,22.3,74.0,0.0,9.4,300.0,8.140638795573723,-4.699999999999999
2026-02-26 18:00:00,19.4,91.0,0.0,2.6,282.0,2.543183761907895,-0.5405703961261743
2026-02-26 19:00:00,18.3,94.0,0.0,2.0,270.0,2.0,0.0
2026-02-26 20:00:00,18.0,97.0,0.0,0.6000000000000001,236.0,0.49742254353302506,0.33551574208244817
2026-02-26 21:00:00,17.9,96.0,0.0,3.1,135.0,-2.192031021678297,2.1920310216782974
2026-02-26 22:00:00,17.7,92.0,0.0,0.7000000000000001,166.0,-0.16934532691976747,0.6792070083931976
2026-02-26 23:00:00,18.2,86.0,0.0,1.7000000000000002,148.0,-0.9008627491964483,1.4416817634659245
2026-02-27 00:00:00,18.1,85.0,0.0,2.3,151.0,-1.115062126566575,2.01162532642061
2026-02-27 01:00:00,17.4,86.0,0.0,3.4,180.0,2.0818995585505003e-16,3.4
2026-02-27 02:00:00,17.4,93.0,0.0,3.4,227.0,2.4866025855051794,2.318794424212495
2026-02-27 03:00:00,17.0,95.0,0.7000000000000001,0.0,270.0,0.0,0.0
2026-02-27 04:00:00,17.3,94.0,0.9,3.6,90.0,-3.6,4.4087284769304716e-16
2026-02-27 05:00:00,16.7,98.0,0.0,6.3,83.0,-6.253040755340329,-0.767776863452428
2026-02-27 06:00:00,16.9,97.0,0.0,8.9,103.0,-8.671893576588593,2.0020643836604
2026-02-27 07:00:00,16.7,100.0,0.7000000000000001,6.3,129.0,-4.896019557178916,3.9647184636139756
2026-02-27 08:00:00,19.6,88.0,0.4,5.4,76.0,-5.2395969218903815,-1.3063782362382046
2026-02-27 09:00:00,21.9,76.0,0.0,4.9,33.0,-2.668731271573632,-4.109485782932578
2026-02-27 10:00:00,24.3,63.0,0.0,7.9,21.0,-2.8311068014078757,-7.3752853693278935
2026-02-27 11:00:00,25.3,57.0,0.0,13.0,325.0,7.4564936725636,-10.648976575756894
2026-02-27 12:00:00,21.8,68.0,0.4,9.0,317.0,6.137985240562486,-6.582183314572534
2026-02-27 13:00:00,19.5,98.0,1.1,3.6,41.0,-2.3618125043658265,-2.716954488801979
2026-02-27 14:00:00,20.4,90.0,0.7000000000000001,5.4,352.0,0.7515347451843536,-5.34744757120448
2026-02-27 15:00:00,20.3,87.0,0.0,3.3,324.0,1.9396913325651612,-2.6697560814373262
2026-02-27 16:00:00,20.5,76.0,0.0,6.0,311.0,4.528257481336632,-3.9363541739430437
2026-02-27 17:00:00,19.4,80.0,0.1,2.7,337.0,1.0549740469210391,-2.485363104321589
2026-02-27 18:00:00,18.2,90.0,0.2,2.2,5.0,-0.19174263404484818,-2.1916283358018402
2026-02-27 19:00:00,17.9,92.0,0.1,2.1,59.0,-1.800051331474436,-1.0815799573111138
2026-02-27 20:00:00,18.8,87.0,0.5,0.8,333.0,0.3631923997916375,-0.7128052193506943
2026-02-27 21:00:00,18.4,88.0,0.0,1.7000000000000002,212.0,0.9008627491964484,1.4416817634659242
2026-02-27 22:00:00,18.4,91.0,0.0,2.3,113.0,-2.117161162940613,0.8986815955253296
2026-02-27 23:00:00,18.4,90.0,0.0,0.30000000000000004,135.0,-0.21213203435596428,0.2121320343559643
2026-02-28 00:00:00,18.9,88.0,0.1,0.0,270.0,0.0,0.0
2026-02-28 01:00:00,18.6,88.0,0.3,0.9,127.0,-0.7187719590425636,0.5416335208368434
2026-02-28 02:00:00,18.4,89.0,0.1,1.1,189.0,0.17207791154425403,1.0864571746546516
2026-02-28 03:00:00,18.3,89.0,5.4,1.8,96.0,-1.790139411662892,0.18815123388177674
2026-02-28 04:00:00,18.1,87.0,2.6,0.8,135.0,-0.565685424949238,0.5656854249492381
2026-02-28 05:00:00,17.7,86.0,0.0,0.4,153.0,-0.18159619989581868,0.3564026096753472
2026-02-28 06:00:00,18.1,86.0,0.1,0.2,180.0,1.2246467991473533e-17,0.2
2026-02-28 07:00:00,17.5,93.0,0.9,4.3,105.0,-4.153481053042993,1.1129218939408403
2026-02-28 08:00:00,17.4,98.0,0.3,1.7000000000000002,139.0,-1.1153003492838622,1.2830062863787128
2026-02-28 09:00:00,19.3,100.0,0.2,1.6,264.0,1.5912350325892373,0.16724554122824556
2026-02-28 10:00:00,19.6,100.0,0.8,1.5,330.0,0.7500000000000002,-1.299038105676658
2026-02-28 11:00:00,19.5,100.0,0.6,2.2,336.0,0.8948206147667606,-2.0098000068137223
2026-02-28 12:00:00,20.4,93.0,0.4,2.0,355.0,0.17431148549531628,-1.992389396183491
2026-02-28 13:00:00,23.2,71.0,0.1,6.0,335.0,2.5357095704441965,-5.437846722219899
2026-02-28 14:00:00,21.7,80.0,0.0,5.9,325.0,3.3841009744711728,-4.8329970613050515
2026-02-28 15:00:00,21.5,78.0,0.1,5.8,309.0,4.507446576450431,-3.6500582680890568
2026-02-28 16:00:00,19.3,99.0,3.3,2.7,356.0,0.18834247910913815,-2.6934229357015256
2026-02-28 17:00:00,19.4,100.0,0.4,2.9,22.0,-1.0863591209061456,-2.688833178243683
2026-02-28 18:00:00,18.8,100.0,0.0,0.6000000000000001,252.0,0.5706339097770922,0.18541019662496847
2026-02-28 19:00:00,18.7,100.0,1.9,3.5,279.0,3.456909192082982,-0.547520627640808
2026-02-28 20:00:00,18.3,100.0,1.4,3.8,85.0,-3.785539852748633,-0.3311918224411002
2026-02-28 21:00:00,17.7,100.0,3.0,1.8,143.0,-1.0832670416736871,1.4375439180851268
2026-02-28 22:00:00,18.4,96.0,0.7000000000000001,1.5,144.0,-0.8816778784387096,1.2135254915624212
2026-02-28 23:00:00,18.4,95.0,0.4,0.6000000000000001,146.0,-0.33551574208244805,0.4974225435330251
2026-03-01 00:00:00,17.9,96.0,0.3,2.6,129.0,-2.0205794997881243,1.6362330167295773
2026-03-01 01:00:00,18.3,90.0,0.7000000000000001,0.6000000000000001,124.0,-0.49742254353302506,0.33551574208244817
2026-03-01 02:00:00,17.9,96.0,7.9,1.3,326.0,0.7269507745119709,-1.0777488443215544
2026-03-01 03:00:00,17.2,99.0,0.6,5.9,110.0,-5.544186462636859,2.0179188456214465
2026-03-01 04:00:00,17.0,99.0,0.4,4.2,144.0,-2.468698059628387,3.3978713763747797
2026-03-01 05:00:00,16.6,100.0,0.2,6.1,161.0,-1.9859657421886554,5.767663311155832
2026-03-01 06:00:00,16.7,99.0,1.2,3.8,135.0,-2.68700576850888,2.6870057685088806
2026-03-01 07:00:00,17.0,98.0,2.1,8.1,135.0,-5.727564927611034,5.727564927611035
2026-03-01 08:00:00,19.8,94.0,0.0,4.1,157.0,-1.6019976268060223,3.7740698991550046
2026-03-01 09:00:00,22.6,77.0,0.0,2.3,293.0,2.117161162940613,-0.8986815955253296
2026-03-01 10:00:00,25.3,65.0,0.0,3.5,332.0,1.643150469750618,-3.090316575006244
2026-03-01 11:00:00,25.5,61.0,0.1,9.4,312.0,6.985561359487506,-6.289827699773268
2026-03-01 12:00:00,26.1,60.0,0.0,6.2,306.0,5.0159053651246746,-3.6442685642133337
2026-03-01 13:00:00,26.9,59.0,0.0,11.3,287.0,10.806243742382302,-3.303800263366926
2026-03-01 14:00:00,26.1,66.0,0.0,11.0,276.0,10.939740849051006,-1.1498130959441881
2026-03-01 15:00:00,25.9,67.0,0.1,12.1,266.0,12.070525008143873,0.8440533323039161
2026-03-01 16:00:00,22.9,85.0,1.6,11.5,278.0,11.38808279052806,-1.6004906610407525
2026-03-01 17:00:00,22.3,89.0,0.0,7.1,306.0,5.744020660062127,-4.173275291276559
2026-03-01 18:00:00,20.6,99.0,0.2,2.7,323.0,1.6249005625105308,-2.1563158771276907
2026-03-01 19:00:00,19.7,100.0,0.0,0.5,180.0,3.061616997868383e-17,0.5
2026-03-01 20:00:00,19.7,95.0,0.0,2.7,176.0,-0.1883424791091384,2.6934229357015256
2026-03-01 21:00:00,18.9,93.0,0.0,1.0,149.0,-0.5150380749100543,0.8571673007021123
2026-03-01 22:00:00,18.3,92.0,0.0,0.6000000000000001,162.0,-0.18541019662496844,0.5706339097770923
2026-03-01 23:00:00,19.2,89.0,0.0,0.0,270.0,0.0,0.0
2026-03-02 00:00:00,19.3,88.0,0.0,1.2,117.0,-1.0692078290260414,0.5447885996874562
2026-03-02 01:00:00,19.1,88.0,0.0,1.8,127.0,-1.4375439180851273,1.0832670416736867
2026-03-02 02:00:00,18.7,94.0,0.0,1.0,112.0,-0.9271838545667873,0.37460659341591224
2026-03-02 03:00:00,18.6,92.0,0.0,0.30000000000000004,135.0,-0.21213203435596428,0.2121320343559643
2026-03-02 04:00:00,17.9,94.0,0.0,0.4,180.0,2.4492935982947065e-17,0.4
2026-03-02 05:00:00,16.9,98.0,0.0,2.3,148.0,-1.218814307736371,1.9505106211597798
2026-03-02 06:00:00,16.2,100.0,0.0,4.8,149.0,-2.4721827595682604,4.114403043370139
2026-03-02 07:00:00,16.7,99.0,0.0,2.7,157.0,-1.0549740469210394,2.4853631043215887
2026-03-02 08:00:00,21.3,97.0,0.0,1.7000000000000002,131.0,-1.2830062863787126,1.1153003492838625
2026-03-02 09:00:00,23.4,79.0,0.0,5.1,302.0,4.325045290397772,-2.702588247589345
2026-03-02 10:00:00,24.6,74.0,0.1,7.9,297.0,7.038951541088107,-3.5865249479424195
2026-03-02 11:00:00,25.4,71.0,0.1,8.8,311.0,6.641444305960395,-5.773319455116464
2026-03-02 12:00:00,26.1,69.0,0.4,7.0,312.0,5.20201377834176,-4.683914244512008
2026-03-02 13:00:00,25.7,67.0,0.1,14.4,280.0,14.181231643375796,-2.500533758403797
2026-03-02 14:00:00,23.3,79.0,0.0,7.4,276.0,7.359462025725223,-0.7735106281806358
2026-03-02 15:00:00,25.6,69.0,0.0,3.8,329.0,1.9571446846582057,-3.2572357426680267
2026-03-02 16:00:00,25.7,69.0,0.0,7.6,304.0,6.300685551418316,-4.249866066377677
2026-03-02 17:00:00,24.4,74.0,0.0,7.7,303.0,6.457763373179765,-4.193720569615708
2026-03-02 18:00:00,20.7,94.0,0.0,2.3,151.0,-1.115062126566575,2.01162532642061
2026-03-02 19:00:00,19.7,95.0,0.0,1.5,194.0,0.3628828433995015,1.4554435894139948
2026-03-02 20:00:00,20.8,96.0,0.0,0.9,79.0,-0.8834644651028976,-0.17172809583889026
2026-03-02 21:00:00,19.8,100.0,0.0,1.5,277.0,1.488819227461983,-0.1828040151077212
2026-03-02 22:00:00,19.1,100.0,0.0,0.7000000000000001,104.0,-0.6792070083931976,0.16934532691976742
2026-03-02 23:00:00,18.1,100.0,0.0,0.9,143.0,-0.5416335208368436,0.7187719590425634
2026-03-03 00:00:00,18.2,100.0,0.0,2.0,153.0,-0.9079809994790934,1.7820130483767358
2026-03-03 01:00:00,17.3,100.0,0.0,4.3,156.0,-1.748967565225941,3.9282454678631837
2026-03-03 02:00:00,16.4,98.0,0.0,3.3,158.0,-1.2362017582725098,3.0597067200703982
2026-03-03 03:00:00,17.0,97.0,0.0,4.2,173.0,-0.5118512423016189,4.168693836893553
2026-03-03 04:00:00,17.6,94.0,0.0,5.2,164.0,-1.433314250248395,4.998560818879258
2026-03-03 05:00:00,17.3,95.0,0.3,3.9,167.0,-0.8773091119410736,3.8000432526624173
2026-03-03 06:00:00,17.1,98.0,0.4,4.5,157.0,-1.7582900782017319,4.142271840535981
2026-03-03 07:00:00,17.3,100.0,0.7000000000000001,4.9,176.0,-0.34180672134621415,4.8880638462731385
2026-03-03 08:00:00,18.3,98.0,1.0,2.7,138.0,-1.8066526371689173,2.0064910287889646
2026-03-03 09:00:00,18.8,100.0,3.4,3.1,121.0,-2.657218632176548,1.5966180322211687
2026-03-03 10:00:00,19.7,98.0,2.4,2.3,108.0,-2.1874299874788528,0.7107390870623792
2026-03-03 11:00:00,19.7,99.0,1.2,0.7000000000000001,284.0,0.6792070083931976,-0.16934532691976742
2026-03-03 12:00:00,20.0,99.0,2.2,1.3,360.0,7.960204194457797e-17,-1.3
2026-03-03 13:00:00,20.7,98.0,0.6,3.2,308.0,2.5216344115415104,-1.9701167210421067
2026-03-03 14:00:00,20.9,88.0,0.2,8.5,298.0,7.505054539300879,-3.990508283680072
2026-03-03 15:00:00,19.9,96.0,1.0,8.1,323.0,4.874701687531592,-6.468947631383072
2026-03-03 16:00:00,18.9,100.0,0.8,6.6,323.0,3.971979152803519,-5.270994366312133
2026-03-03 17:00:00,18.5,100.0,1.3,5.1,324.0,2.997704786691613,-4.125986671312232
2026-03-03 18:00:00,18.2,100.0,1.5,2.2,346.0,0.532228170319269,-2.1346505978071924
2026-03-03 19:00:00,18.1,100.0,2.7,1.5,300.0,1.299038105676658,-0.7499999999999999
2026-03-03 20:00:00,18.1,100.0,0.3,1.7000000000000002,311.0,1.2830062863787126,-1.1153003492838625
2026-03-03 21:00:00,17.9,100.0,0.1,4.4,117.0,-3.920428706428819,1.9975581988540063
2026-03-03 22:00:00,18.1,100.0,0.0,2.3,198.0,0.7107390870623791,2.1874299874788528
2026-03-03 23:00:00,17.4,100.0,0.0,1.5,240.0,1.299038105676658,0.7499999999999999
2026-03-04 00:00:00,17.2,100.0,0.1,3.6,198.0,1.112461179749811,3.4238034586625528
2026-03-04 01:00:00,17.3,100.0,0.1,1.0,248.0,0.9271838545667874,0.374606593415912
2026-03-04 02:00:00,17.1,100.0,0.0,4.1,34.0,-2.292690904230061,-3.3990540474756714
2026-03-04 03:00:00,17.4,97.0,0.1,0.9,127.0,-0.7187719590425636,0.5416335208368434
2026-03-04 04:00:00,17.5,98.0,0.0,2.5,90.0,-2.5,3.061616997868383e-16
2026-03-04 05:00:00,17.2,97.0,0.0,1.5,300.0,1.299038105676658,-0.7499999999999999
2026-03-04 06:00:00,17.5,98.0,0.0,1.6,153.0,-0.7263847995832747,1.4256104387013888
2026-03-04 07:00:00,17.7,93.0,0.0,2.1,195.0,0.5435199947152936,2.0284442352070435
2026-03-04 08:00:00,18.0,98.0,0.1,2.2,14.0,-0.5322281703192692,-2.1346505978071924
2026-03-04 09:00:00,18.3,97.0,0.1,7.3,308.0,5.75247850132907,-4.494328769877305
2026-03-04 10:00:00,18.3,99.0,0.7000000000000001,4.3,332.0,2.0187277199793305,-3.7966746492933856
2026-03-04 11:00:00,18.7,93.0,0.6,4.5,337.0,1.7582900782017317,-4.142271840535981
2026-03-04 12:00:00,20.8,84.0,0.4,6.3,321.0,3.964718463613976,-4.896019557178916
2026-03-04 13:00:00,19.7,92.0,0.5,7.7,311.0,5.811263767715345,-5.051654523226906
2026-03-04 14:00:00,18.6,91.0,1.5,5.9,315.0,4.171930009000631,-4.17193000900063
2026-03-04 15:00:00,18.9,94.0,0.3,3.1,336.0,1.2608835935349807,-2.8319909186920627
2026-03-04 16:00:00,19.1,93.0,0.1,2.4,306.0,1.9416407864998737,-1.4106846055019355
2026-03-04 17:00:00,19.1,92.0,0.1,1.0,329.0,0.5150380749100542,-0.8571673007021123
2026-03-04 18:00:00,17.9,100.0,0.2,1.6,276.0,1.5912350325892373,-0.16724554122824556
2026-03-04 19:00:00,17.4,100.0,0.1,2.1,211.0,1.0815799573111138,1.800051331474436
2026-03-04 20:00:00,17.6,99.0,0.3,2.6,124.0,-2.1554976886431083,1.453901549023942
2026-03-04 21:00:00,17.5,100.0,0.3,5.4,116.0,-4.853487850015503,2.3672041926610174
2026-03-04 22:00:00,17.3,99.0,0.1,4.0,177.0,-0.20934382497177537,3.9945181390182953
2026-03-04 23:00:00,16.9,99.0,0.4,5.6,176.0,-0.3906362529671018,5.586358681455015
2026-03-05 00:00:00,16.9,100.0,1.2,4.2,187.0,0.5118512423016195,4.168693836893553
2026-03-05 01:00:00,16.9,100.0,1.3,4.8,158.0,-1.798111648396378,4.45048250192058
2026-03-05 02:00:00,16.8,100.0,0.5,5.6,149.0,-2.8842132194963037,4.800136883931828
2026-03-05 03:00:00,16.5,100.0,1.1,4.9,156.0,-1.9930095510714214,4.476372742448745
2026-03-05 04:00:00,16.3,100.0,0.2,1.6,153.0,-0.7263847995832747,1.4256104387013888
2026-03-05 05:00:00,16.5,97.0,0.0,2.8,135.0,-1.9798989873223327,1.9798989873223332
2026-03-05 06:00:00,16.2,99.0,0.2,5.6,140.0,-3.5996106142446203,4.289848881466277
2026-03-05 07:00:00,16.4,98.0,0.0,3.2,164.0,-0.882039538614397,3.0760374270026207
2026-03-05 08:00:00,17.5,98.0,0.0,6.1,122.0,-5.173093386554198,3.2325075118225497
2026-03-05 09:00:00,19.3,92.0,0.0,0.7000000000000001,346.0,0.1693453269197674,-0.6792070083931976
2026-03-05 10:00:00,20.1,85.0,0.0,2.0,297.0,1.7820130483767358,-0.9079809994790935
2026-03-05 11:00:00,20.1,81.0,0.0,1.1,342.0,0.3399186938124422,-1.0461621679246689
2026-03-05 12:00:00,22.4,66.0,0.1,5.7,319.0,3.739536465245892,-4.301844607269801
2026-03-05 13:00:00,21.6,71.0,0.1,6.4,308.0,5.043268823083021,-3.9402334420842133
2026-03-05 14:00:00,19.8,81.0,0.1,2.5,45.0,-1.7677669529663693,-1.7677669529663687
2026-03-05 15:00:00,20.9,76.0,0.0,2.7,8.0,-0.37576737259217774,-2.67372378560224
2026-03-05 16:00:00,20.6,78.0,0.0,4.4,308.0,3.4672473158695767,-2.7089104914328965
2026-03-05 17:00:00,19.4,89.0,0.7000000000000001,3.7,313.0,2.706008695990931,-2.5233939322312446
2026-03-05 18:00:00,18.3,99.0,0.0,4.4,300.0,3.8105117766515306,-2.1999999999999997
2026-03-05 19:00:00,17.6,100.0,0.2,5.6,301.0,4.800136883931828,-2.8842132194963033
2026-03-05 20:00:00,18.0,100.0,0.5,1.2,243.0,1.0692078290260414,0.5447885996874561
2026-03-05 21:00:00,17.9,98.0,0.0,0.9,169.0,-0.17172809583889032,0.8834644651028976
2026-03-05 22:00:00,18.0,98.0,0.0,1.2,141.0,-0.7551844692598048,0.9325751537483652
2026-03-05 23:00:00,18.0,97.0,0.0,0.4,63.0,-0.3564026096753472,-0.18159619989581868
2026-03-06 00:00:00,17.5,99.0,0.0,1.3,16.0,-0.35832856256209855,-1.2496402047198147
2026-03-06 01:00:00,17.2,100.0,0.1,1.1,360.0,6.735557395310444e-17,-1.1
2026-03-06 02:00:00,17.1,99.0,0.1,1.3,326.0,0.7269507745119709,-1.0777488443215544
2026-03-06 03:00:00,16.8,100.0,0.1,1.0,135.0,-0.7071067811865475,0.7071067811865476
2026-03-06 04:00:00,16.9,100.0,0.2,2.5,45.0,-1.7677669529663693,-1.7677669529663687
2026-03-06 05:00:00,16.8,100.0,0.1,3.8,90.0,-3.8,4.653657836759942e-16
2026-03-06 06:00:00,17.0,95.0,0.0,3.5,81.0,-3.456909192082982,-0.5475206276408076
2026-03-06 07:00:00,17.0,98.0,0.0,2.4,48.0,-1.7835475811457462,-1.6059134552612597
2026-03-06 08:00:00,17.9,96.0,0.0,1.5,135.0,-1.0606601717798212,1.0606601717798214
2026-03-06 09:00:00,20.2,83.0,0.0,3.3,347.0,0.7423384793347542,-3.2154212137912763
2026-03-06 10:00:00,22.6,67.0,0.0,4.9,354.0,0.512189470011502,-4.873157287304539
2026-03-06 11:00:00,24.4,59.0,0.0,8.0,333.0,3.6319239979163744,-7.128052193506942
2026-03-06 12:00:00,24.2,67.0,0.0,9.8,316.0,6.807652030498174,-7.049530043318781
2026-03-06 13:00:00,24.4,65.0,0.0,9.0,308.0,7.092096782460497,-5.5409532779309245
2026-03-06 14:00:00,23.6,67.0,0.2,8.7,300.0,7.534421012924616,-4.349999999999999
2026-03-06 15:00:00,23.0,71.0,0.0,9.0,292.0,8.344654691101088,-3.371459340743208
2026-03-06 16:00:00,21.8,75.0,0.0,8.2,289.0,7.753252319914398,-2.669658866548685
2026-03-06 17:00:00,19.7,83.0,0.0,4.7,286.0,4.517929970910099,-1.2954955723398962
2026-03-06 18:00:00,17.3,96.0,0.0,2.4,222.0,1.6059134552612597,1.7835475811457462
2026-03-06 19:00:00,16.3,99.0,0.1,4.5,173.0,-0.5484120453231631,4.46645768238595
2026-03-06 20:00:00,16.9,99.0,0.0,4.9,174.0,-0.5121894700115025,4.873157287304539
2026-03-06 21:00:00,16.7,98.0,0.0,2.9,176.0,-0.20229377385796346,2.89293574575349
2026-03-06 22:00:00,16.8,95.0,0.0,1.6,153.0,-0.7263847995832747,1.4256104387013888
2026-03-06 23:00:00,16.9,89.0,0.0,1.1,162.0,-0.3399186938124421,1.046162167924669
2026-03-07 00:00:00,16.3,92.0,0.0,1.4,203.0,0.5470235798849832,1.2887067948334165
2026-03-07 01:00:00,16.6,89.0,0.0,3.0,142.0,-1.846984425976975,2.3640322608201663
2026-03-07 02:00:00,16.7,90.0,0.0,1.7000000000000002,148.0,-0.9008627491964483,1.4416817634659245
2026-03-07 03:00:00,16.2,87.0,0.0,1.5,166.0,-0.36288284339950166,1.4554435894139948
2026-03-07 04:00:00,16.1,85.0,0.0,0.9,191.0,0.17172809583889043,0.8834644651028976
2026-03-07 05:00:00,15.7,85.0,0.0,0.7000000000000001,180.0,4.2862637970157366e-17,0.7000000000000001
2026-03-07 06:00:00,15.5,85.0,0.0,0.6000000000000001,214.0,0.3355157420824481,0.4974225435330251
2026-03-07 07:00:00,16.0,87.0,0.0,0.9,191.0,0.17172809583889043,0.8834644651028976
2026-03-07 08:00:00,18.2,94.0,0.0,1.5,225.0,1.0606601717798214,1.0606601717798212
2026-03-07 09:00:00,21.0,82.0,0.0,2.4,333.0,1.0895771993749124,-2.138415658052083
2026-03-07 10:00:00,22.9,70.0,0.0,5.1,315.0,3.6062445840513924,-3.606244584051392
2026-03-07 11:00:00,23.9,64.0,0.1,8.4,305.0,6.880877172027532,-4.818042065348787
2026-03-07 12:00:00,23.4,61.0,0.0,11.3,306.0,9.141892036436907,-6.641973350904947
2026-03-07 13:00:00,23.4,55.0,0.0,10.2,302.0,8.650090580795544,-5.40517649517869
2026-03-07 14:00:00,22.9,57.0,0.0,10.7,307.0,8.545399957506033,-6.439420747726916
2026-03-07 15:00:00,22.9,57.0,0.0,8.1,302.0,6.86918957886705,-4.29234604028896
2026-03-07 16:00:00,22.1,60.0,0.0,8.1,305.0,6.6351315587408335,-4.645969134443472
2026-03-07 17:00:00,19.8,69.0,0.0,5.6,292.0,5.192229585574009,-2.097796923129107
2026-03-07 18:00:00,16.5,87.0,0.0,1.4,180.0,8.572527594031472e-17,1.4
2026-03-07 19:00:00,15.8,90.0,0.0,3.1,173.0,-0.37779496455595685,3.0768930700880985
2026-03-07 20:00:00,15.3,91.0,0.0,1.6,153.0,-0.7263847995832747,1.4256104387013888
2026-03-07 21:00:00,15.2,90.0,0.0,2.2,185.0,0.19174263404484793,2.1916283358018402
2026-03-07 22:00:00,15.4,87.0,0.0,1.0,158.0,-0.37460659341591207,0.9271838545667874
2026-03-07 23:00:00,15.6,85.0,0.0,1.3,172.0,-0.18092503124808496,1.2873484893640414
2026-03-08 00:00:00,15.4,86.0,0.0,1.9,158.0,-0.7117525274902329,1.761649323676896
2026-03-08 01:00:00,14.9,88.0,0.1,2.3,162.0,-0.7107390870623789,2.187429987478853
2026-03-08 02:00:00,15.0,87.0,0.0,2.3,151.0,-1.115062126566575,2.01162532642061
2026-03-08 03:00:00,14.4,87.0,0.0,2.4,171.0,-0.37544271609655394,2.3704520174283306
2026-03-08 04:00:00,13.6,90.0,0.0,2.6,168.0,-0.5405703961261743,2.543183761907895
2026-03-08 05:00:00,12.0,95.0,0.0,3.3,158.0,-1.2362017582725098,3.0597067200703982
2026-03-08 06:00:00,10.8,97.0,0.0,2.9,158.0,-1.086359120906145,2.6888331782436836
2026-03-08 07:00:00,12.2,90.0,0.0,3.1,156.0,-1.260883593534981,2.8319909186920627
2026-03-08 08:00:00,18.0,78.0,0.0,2.7,323.0,1.6249005625105308,-2.1563158771276907
2026-03-08 09:00:00,20.3,73.0,0.0,4.4,325.0,2.5237363199446032,-3.604268994871564
2026-03-08 10:00:00,21.9,68.0,0.0,9.7,317.0,6.615384092606234,-7.094130905705953
2026-03-08 11:00:00,22.2,66.0,0.0,11.2,314.0,8.056605763792893,-7.7801737491407685
2026-03-08 12:00:00,23.1,56.0,0.0,8.9,315.0,6.293250352560274,-6.293250352560273
2026-03-08 13:00:00,23.6,50.0,0.0,10.9,314.0,7.8408038236912985,-7.57177623800307
2026-03-08 14:00:00,23.3,49.0,0.0,9.5,314.0,6.833728103217187,-6.599254519360474
2026-03-08 15:00:00,23.6,51.0,0.0,10.9,306.0,8.818285238686927,-6.406859249987957
2026-03-08 16:00:00,22.3,65.0,0.0,9.8,310.0,7.507235542565985,-6.299318574928085
2026-03-08 17:00:00,20.9,75.0,0.0,6.6,313.0,4.826934430686525,-4.50118917641249
2026-03-08 18:00:00,17.9,91.0,0.0,1.5,284.0,1.4554435894139948,-0.3628828433995016
2026-03-08 19:00:00,16.5,94.0,0.0,0.6000000000000001,162.0,-0.18541019662496844,0.5706339097770923
2026-03-08 20:00:00,16.0,93.0,0.0,0.6000000000000001,162.0,-0.18541019662496844,0.5706339097770923
2026-03-08 21:00:00,15.6,90.0,0.0,3.5,189.0,0.5475206276408082,3.456909192082982
2026-03-08 22:00:00,15.3,85.0,0.0,3.8,175.0,-0.3311918224411013,3.785539852748633
2026-03-08 23:00:00,15.0,86.0,0.0,3.2,180.0,1.9594348786357652e-16,3.2
2026-03-09 00:00:00,14.5,83.0,0.0,1.2,153.0,-0.544788599687456,1.0692078290260414
2026-03-09 01:00:00,14.6,78.0,0.0,1.7000000000000002,139.0,-1.1153003492838622,1.2830062863787128
2026-03-09 02:00:00,14.4,86.0,0.0,2.6,124.0,-2.1554976886431083,1.453901549023942
2026-03-09 03:00:00,14.8,81.0,0.0,1.9,139.0,-1.2465121550819636,1.433948202423267
2026-03-09 04:00:00,14.4,80.0,0.0,0.8,135.0,-0.565685424949238,0.5656854249492381
2026-03-09 05:00:00,14.3,80.0,0.0,1.8,135.0,-1.2727922061357855,1.2727922061357857
2026-03-09 06:00:00,13.9,76.0,0.0,1.0,158.0,-0.37460659341591207,0.9271838545667874
2026-03-09 07:00:00,15.4,70.0,0.0,1.5,144.0,-0.8816778784387096,1.2135254915624212
2026-03-09 08:00:00,18.5,68.0,0.1,3.6,72.0,-3.423803458662553,-1.1124611797498103
2026-03-09 09:00:00,21.3,63.0,0.0,3.4,342.0,1.0506577808748212,-3.233592155403522
2026-03-09 10:00:00,22.5,66.0,0.0,9.3,317.0,6.3425847485812366,-6.801589425058286
2026-03-09 11:00:00,22.6,67.0,0.4,12.0,309.0,9.32575153748365,-7.551844692598049
2026-03-09 12:00:00,22.2,68.0,0.4,11.3,306.0,9.141892036436907,-6.641973350904947
2026-03-09 13:00:00,21.8,68.0,0.2,10.0,300.0,8.660254037844387,-4.999999999999999
2026-03-09 14:00:00,22.4,62.0,0.0,10.3,311.0,7.7735086762945524,-6.7574079986022255
2026-03-09 15:00:00,20.6,70.0,0.0,10.6,300.0,9.17986928011505,-5.299999999999999
2026-03-09 16:00:00,18.9,75.0,0.0,6.9,290.0,6.483879083422768,-2.359938988947114
2026-03-09 17:00:00,17.6,78.0,0.0,6.7,308.0,5.279672049165037,-4.124931884681911
2026-03-09 18:00:00,16.0,84.0,0.0,2.0,280.0,1.969615506024416,-0.34729635533386066
2026-03-09 19:00:00,15.2,91.0,0.0,3.2,207.0,1.45276959916655,2.851220877402777
2026-03-09 20:00:00,14.6,94.0,0.0,3.5,204.0,1.4235782507653008,3.197409101749103
2026-03-09 21:00:00,15.3,92.0,0.0,2.4,207.0,1.0895771993749124,2.138415658052083
2026-03-09 22:00:00,15.5,92.0,0.0,2.1,195.0,0.5435199947152936,2.0284442352070435
2026-03-09 23:00:00,15.3,94.0,0.0,1.0,211.0,0.5150380749100542,0.8571673007021123
2026-03-10 00:00:00,15.4,95.0,0.0,3.0,155.0,-1.267854785222098,2.71892336110995
2026-03-10 01:00:00,15.5,97.0,0.1,1.4,220.0,0.8999026535611551,1.0724622203665692
2026-03-10 02:00:00,13.8,100.0,0.6,2.7,332.0,1.2675732195219054,-2.383958500719103
2026-03-10 03:00:00,13.4,100.0,1.2,3.6,139.0,-2.361812504365826,2.7169544888019797
2026-03-10 04:00:00,14.4,100.0,1.2,3.8,177.0,-0.1988766337231866,3.7947922320673806
2026-03-10 05:00:00,14.1,100.0,0.9,0.8,225.0,0.5656854249492381,0.565685424949238
2026-03-10 06:00:00,13.5,100.0,0.3,4.0,280.0,3.939231012048832,-0.6945927106677213
2026-03-10 07:00:00,14.1,98.0,0.3,4.0,126.0,-3.2360679774997894,2.351141009169893
2026-03-10 08:00:00,14.1,97.0,0.1,4.2,12.0,-0.8732291014345911,-4.108219923081983
2026-03-10 09:00:00,14.5,100.0,1.1,4.2,83.0,-4.168693836893553,-0.5118512423016187
2026-03-10 10:00:00,15.7,100.0,2.8,2.9,97.0,-2.8783838397598336,0.35342109587492787
2026-03-10 11:00:00,16.0,96.0,1.8,3.1,294.0,2.8319909186920627,-1.2608835935349807
2026-03-10 12:00:00,15.5,98.0,1.4,5.1,321.0,3.209533994354171,-3.963444403430551
2026-03-10 13:00:00,15.4,98.0,0.2,5.7,328.0,3.020539806129268,-4.8338741480916285
2026-03-10 14:00:00,14.7,99.0,0.0,5.0,322.0,3.0783073766282913,-3.94005376803361
2026-03-10 15:00:00,15.0,97.0,0.1,6.0,323.0,3.61089013891229,-4.791813060283757
2026-03-10 16:00:00,14.9,98.0,0.0,5.6,331.0,2.7149338733794877,-4.897870359980616
2026-03-10 17:00:00,14.8,99.0,0.2,2.9,360.0,1.7757378587636622e-16,-2.9
2026-03-10 18:00:00,14.5,100.0,0.0,1.5,300.0,1.299038105676658,-0.7499999999999999
2026-03-10 19:00:00,14.3,100.0,0.0,2.7,302.0,2.28972985962235,-1.4307820134296534
2026-03-10 20:00:00,14.2,100.0,0.0,2.8,18.0,-0.8652475842498532,-2.6629582456264296
2026-03-10 21:00:00,14.1,100.0,0.0,3.4,96.0,-3.381374444252129,0.3553967751100227
2026-03-10 22:00:00,13.5,100.0,0.0,2.0,153.0,-0.9079809994790934,1.7820130483767358
2026-03-10 23:00:00,13.9,100.0,0.0,2.0,170.0,-0.3472963553338606,1.969615506024416
2026-03-11 00:00:00,13.5,97.0,0.0,2.2,185.0,0.19174263404484793,2.1916283358018402
2026-03-11 01:00:00,12.9,97.0,0.0,0.9,191.0,0.17172809583889043,0.8834644651028976
2026-03-11 02:00:00,13.7,99.0,0.0,0.0,270.0,0.0,0.0
2026-03-11 03:00:00,13.2,99.0,0.0,2.9,83.0,-2.878383839759834,-0.3534210958749272
2026-03-11 04:00:00,13.5,96.0,0.0,2.0,90.0,-2.0,2.4492935982947064e-16
2026-03-11 05:00:00,13.3,96.0,0.0,3.1,93.0,-3.0957515577391788,0.1622414643531258
2026-03-11 06:00:00,13.5,93.0,0.0,2.3,113.0,-2.117161162940613,0.8986815955253296
2026-03-11 07:00:00,14.8,90.0,0.0,1.4,130.0,-1.072462220366569,0.8999026535611552
2026-03-11 08:00:00,16.5,93.0,0.0,0.6000000000000001,304.0,0.49742254353302506,-0.33551574208244817
2026-03-11 09:00:00,18.5,81.0,0.0,4.2,317.0,2.8643931122624937,-3.071685546800516
2026-03-11 10:00:00,20.1,71.0,0.2,6.2,316.0,4.306881896845783,-4.459906762099637
2026-03-11 11:00:00,20.6,67.0,0.1,8.9,308.0,7.013295707099825,-5.479387130398359
2026-03-11 12:00:00,21.1,65.0,0.2,9.4,302.0,7.9716521038704045,-4.981241083792126
2026-03-11 13:00:00,21.2,62.0,0.2,10.0,296.0,8.98794046299167,-4.383711467890774
2026-03-11 14:00:00,20.4,64.0,0.2,8.5,287.0,8.1285904256858,-2.4851594901432623
2026-03-11 15:00:00,20.9,62.0,0.1,8.6,299.0,7.521729481398803,-4.169362734118499
2026-03-11 16:00:00,20.5,63.0,0.0,7.3,303.0,6.122295146001595,-3.9758649556096977
2026-03-11 17:00:00,19.5,66.0,0.0,6.4,302.0,5.4275078154011265,-3.3914832910925115
2026-03-11 18:00:00,16.4,82.0,0.0,1.7000000000000002,238.0,1.4416817634659242,0.9008627491964484
2026-03-11 19:00:00,15.5,85.0,0.0,1.3,172.0,-0.18092503124808496,1.2873484893640414
2026-03-11 20:00:00,15.4,89.0,0.0,2.8,130.0,-2.144924440733138,1.7998053071223103
2026-03-11 21:00:00,14.8,89.0,0.0,1.9,151.0,-0.9211382784680403,1.661777443564852
2026-03-11 22:00:00,15.0,86.0,0.0,2.8,162.0,-0.8652475842498525,2.66295824562643
2026-03-11 23:00:00,14.6,88.0,0.0,2.6,155.0,-1.0988074805258183,2.35640024629529
2026-03-12 00:00:00,14.7,88.0,0.0,2.2,156.0,-0.8948206147667607,2.0098000068137223
2026-03-12 01:00:00,14.0,89.0,0.0,2.8,153.0,-1.2711733992707306,2.49481826772743
2026-03-12 02:00:00,14.7,84.0,0.0,2.8,153.0,-1.2711733992707306,2.49481826772743
2026-03-12 03:00:00,13.7,85.0,0.0,1.3,172.0,-0.18092503124808496,1.2873484893640414
2026-03-12 04:00:00,13.0,82.0,0.0,1.0,158.0,-0.37460659341591207,0.9271838545667874
2026-03-12 05:00:00,12.3,80.0,0.0,1.6,153.0,-0.7263847995832747,1.4256104387013888
2026-03-12 06:00:00,11.3,80.0,0.0,2.5,150.0,-1.2499999999999996,2.165063509461097
2026-03-12 07:00:00,12.1,76.0,0.0,4.2,149.0,-2.163159914622228,3.600102662948872
2026-03-12 08:00:00,18.2,74.0,0.0,0.9,217.0,0.5416335208368436,0.7187719590425635
2026-03-12 09:00:00,20.0,60.0,0.0,7.3,316.0,5.07100610435068,-5.251180542472153
2026-03-12 10:00:00,20.7,56.0,0.0,10.6,316.0,7.3633787268653705,-7.625001883589701
2026-03-12 11:00:00,21.5,49.0,0.0,11.9,312.0,8.843423423180992,-7.962654215670414
2026-03-12 12:00:00,22.1,48.0,0.0,11.9,304.0,9.865547113404995,-6.654395551301889
2026-03-12 13:00:00,22.1,49.0,0.0,14.9,306.0,12.054353216186717,-8.75800025915785
2026-03-12 14:00:00,21.0,50.0,0.0,13.9,308.0,10.953349475133434,-8.55769450702665
2026-03-12 15:00:00,20.7,46.0,0.0,14.4,308.0,11.347354851936796,-8.86552524468948
2026-03-12 16:00:00,19.4,46.0,0.0,11.6,306.0,9.38459713474939,-6.818308926592688
2026-03-12 17:00:00,17.5,53.0,0.0,9.5,299.0,8.30888721782426,-4.605691392340202
2026-03-12 18:00:00,14.0,71.0,0.0,4.4,261.0,4.3458286986186065,0.6883116461770159
2026-03-12 19:00:00,12.2,78.0,0.0,3.1,201.0,1.1109406435904312,2.8940993221413254
2026-03-12 20:00:00,12.1,83.0,0.0,4.3,163.0,-1.2571983303077676,4.112110450641053
2026-03-12 21:00:00,11.6,80.0,0.0,1.5,187.0,0.18280401510772123,1.488819227461983
2026-03-12 22:00:00,10.8,78.0,0.0,4.3,178.0,-0.15006783582075411,4.2973805561821115
2026-03-12 23:00:00,10.4,65.0,0.0,7.2,179.0,-0.12565732634844104,7.198903405126018
2026-03-13 00:00:00,8.5,63.0,0.0,6.3,175.0,-0.5490811793102469,6.276026597977997
2026-03-13 01:00:00,7.4,60.0,0.0,7.8,171.0,-1.2201888273138004,7.703969056642075
2026-03-13 02:00:00,9.5,57.0,0.0,6.6,171.0,-1.0324674692655234,6.518743047927909
2026-03-13 03:00:00,9.1,58.0,0.0,4.6,162.0,-1.4214781741247577,4.374859974957706
2026-03-13 04:00:00,8.9,54.0,0.0,3.4,155.0,-1.4369020899183778,3.08144647592461
2026-03-13 05:00:00,9.4,52.0,0.0,4.4,161.0,-1.4324998796114894,4.160281732636994
2026-03-13 06:00:00,9.6,47.0,0.0,4.2,155.0,-1.7749966993109372,3.8064927055539304
2026-03-13 07:00:00,10.9,49.0,0.0,4.4,153.0,-1.9975581988540057,3.9204287064288192
2026-03-13 08:00:00,14.5,55.0,0.0,2.2,145.0,-1.2618681599723016,1.8021344974357818
2026-03-13 09:00:00,17.1,48.0,0.0,3.5,325.0,2.0075175272286616,-2.8670321550114712
2026-03-13 10:00:00,18.0,46.0,0.0,6.3,325.0,3.613531549011591,-5.160657879020648
2026-03-13 11:00:00,18.7,46.0,0.0,6.4,324.0,3.761825614671828,-5.177708763999664
2026-03-13 12:00:00,19.5,46.0,0.0,6.7,324.0,3.93816119035957,-5.420413862312148
2026-03-13 13:00:00,20.2,49.0,0.0,7.3,318.0,4.884653426419665,-5.424957225984977
2026-03-13 14:00:00,20.1,54.0,0.0,6.5,332.0,3.0515651581082905,-5.739159353583025
2026-03-13 15:00:00,20.6,53.0,0.0,4.8,345.0,1.2423314164920995,-4.636443966187528
2026-03-13 16:00:00,19.7,55.0,0.0,4.8,326.0,2.6841259366595844,-3.9793803482642
2026-03-13 17:00:00,18.1,58.0,0.0,3.1,291.0,2.8940993221413254,-1.1109406435904308
2026-03-13 18:00:00,14.5,78.0,0.0,1.7000000000000002,221.0,1.1153003492838625,1.2830062863787126
2026-03-13 19:00:00,13.4,78.0,0.0,3.8,183.0,0.19887663372318706,3.7947922320673806
2026-03-13 20:00:00,12.9,77.0,0.0,4.9,144.0,-2.880147736233118,3.9641832724372428
2026-03-13 21:00:00,12.7,80.0,0.0,4.8,158.0,-1.798111648396378,4.45048250192058
2026-03-13 22:00:00,13.0,77.0,0.0,3.8,161.0,-1.2371589869371953,3.592970587277404
2026-03-13 23:00:00,12.7,76.0,0.0,1.8,156.0,-0.7321259575364405,1.6443818237566816
2026-03-14 00:00:00,12.4,75.0,0.0,0.8,117.0,-0.7128052193506943,0.36319239979163753
2026-03-14 01:00:00,11.4,76.0,0.0,2.6,124.0,-2.1554976886431083,1.453901549023942
2026-03-14 02:00:00,11.6,73.0,0.0,1.3,146.0,-0.7269507745119708,1.0777488443215544
2026-03-14 03:00:00,10.9,71.0,0.0,1.3,135.0,-0.9192388155425117,0.9192388155425119
2026-03-14 04:00:00,10.6,65.0,0.0,4.0,122.0,-3.392192384625704,2.1196770569328196
2026-03-14 05:00:00,10.9,55.0,0.0,4.6,132.0,-3.4184661971960124,3.078000789250748
2026-03-14 06:00:00,10.9,47.0,0.0,5.2,139.0,-3.4115069507506375,3.924489817158415
2026-03-14 07:00:00,11.5,52.0,0.0,5.4,140.0,-3.471053092307313,4.136639992842482
2026-03-14 08:00:00,16.0,61.0,0.0,5.2,88.0,-5.196832300499298,-0.1814773828530047
2026-03-14 09:00:00,18.1,61.0,0.0,3.1,315.0,2.1920310216782974,-2.192031021678297
2026-03-14 10:00:00,19.6,58.0,0.0,6.7,316.0,4.654211082075282,-4.819576662268962
2026-03-14 11:00:00,20.7,56.0,0.0,8.7,315.0,6.151828996322964,-6.151828996322962
2026-03-14 12:00:00,21.7,53.0,0.0,10.0,311.0,7.54709580222772,-6.560590289905073
2026-03-14 13:00:00,22.7,48.0,0.0,10.6,305.0,8.683011669463312,-6.079910225321088
2026-03-14 14:00:00,22.5,49.0,0.0,9.9,295.0,8.972447091662834,-4.183920791232925
2026-03-14 15:00:00,22.8,44.0,0.0,9.7,298.0,8.564591650731591,-4.553874159023141
2026-03-14 16:00:00,21.4,50.0,0.0,10.5,309.0,8.160032595298194,-6.6078641060232925
2026-03-14 17:00:00,19.2,59.0,0.0,7.9,297.0,7.038951541088107,-3.5865249479424195
2026-03-14 18:00:00,15.8,75.0,0.0,4.6,252.0,4.3748599749577055,1.421478174124758
2026-03-14 19:00:00,13.9,83.0,0.0,3.1,225.0,2.1920310216782974,2.192031021678297
2026-03-14 20:00:00,13.7,85.0,0.0,2.1,142.0,-1.2928890981838825,1.6548225825741163
2026-03-14 21:00:00,13.3,87.0,0.0,3.0,155.0,-1.267854785222098,2.71892336110995
2026-03-14 22:00:00,13.4,85.0,0.0,2.7,148.0,-1.430782013429653,2.2897298596223505
2026-03-14 23:00:00,13.1,84.0,0.0,2.4,153.0,-1.089577199374912,2.138415658052083
2026-03-15 00:00:00,12.4,86.0,0.0,3.0,155.0,-1.267854785222098,2.71892336110995
2026-03-15 01:00:00,11.5,89.0,0.0,3.1,156.0,-1.260883593534981,2.8319909186920627
2026-03-15 02:00:00,11.2,88.0,0.0,3.6,143.0,-2.1665340833473743,2.8750878361702537
2026-03-15 03:00:00,10.8,88.0,0.0,2.3,148.0,-1.218814307736371,1.9505106211597798
2026-03-15 04:00:00,10.5,88.0,0.0,2.5,150.0,-1.2499999999999996,2.165063509461097
2026-03-15 05:00:00,10.5,87.0,0.0,1.2,153.0,-0.544788599687456,1.0692078290260414
2026-03-15 06:00:00,10.7,87.0,0.0,1.2,153.0,-0.544788599687456,1.0692078290260414
2026-03-15 07:00:00,12.7,81.0,0.0,1.0,149.0,-0.5150380749100543,0.8571673007021123
2026-03-15 08:00:00,16.7,72.0,0.0,2.2,5.0,-0.19174263404484818,-2.1916283358018402
2026-03-15 09:00:00,18.7,69.0,0.0,5.5,314.0,3.9563689018625814,-3.820621037524485
2026-03-15 10:00:00,20.4,64.0,0.0,6.9,309.0,5.3623071340531,-4.342310698243878
2026-03-15 11:00:00,21.6,59.0,0.0,8.8,309.0,6.838884460821345,-5.5380194412385695
2026-03-15 12:00:00,21.5,59.0,0.0,10.3,306.0,8.332875042061959,-6.054188098612474
2026-03-15 13:00:00,22.6,55.0,0.0,9.8,310.0,7.507235542565985,-6.299318574928085
2026-03-15 14:00:00,22.4,54.0,0.0,8.9,298.0,7.858233576444451,-4.178296908794429
2026-03-15 15:00:00,21.1,59.0,0.0,11.2,296.0,10.06649331855067,-4.909756844037666
2026-03-15 16:00:00,20.0,64.0,0.0,9.1,297.0,8.108159370114148,-4.131313547629875
2026-03-15 17:00:00,19.2,68.0,0.0,5.7,305.0,4.669166652447253,-3.2693856872009626
2026-03-15 18:00:00,16.9,83.0,0.0,3.3,276.0,3.2819222547153015,-0.3449439287832564
2026-03-15 19:00:00,15.0,88.0,0.0,2.0,185.0,0.17431148549531628,1.992389396183491
2026-03-15 20:00:00,14.9,90.0,0.0,1.4,157.0,-0.5470235798849833,1.2887067948334163
2026-03-15 21:00:00,14.6,91.0,0.0,3.7,145.0,-2.122232814498871,3.0308625638692694
2026-03-15 22:00:00,13.8,94.0,0.0,3.0,155.0,-1.267854785222098,2.71892336110995
2026-03-15 23:00:00,13.4,93.0,0.0,3.3,158.0,-1.2362017582725098,3.0597067200703982
2026-03-16 00:00:00,12.9,93.0,0.0,3.5,152.0,-1.6431504697506183,3.090316575006244
2026-03-16 01:00:00,12.6,93.0,0.0,3.6,153.0,-1.6343657990623681,3.2076234870781244
2026-03-16 02:00:00,13.7,89.0,0.0,3.6,135.0,-2.545584412271571,2.5455844122715714
2026-03-16 03:00:00,13.5,91.0,0.0,3.1,149.0,-1.5966180322211683,2.6572186321765483
2026-03-16 04:00:00,13.0,92.0,0.0,3.9,156.0,-1.586272907995621,3.562827284806143
2026-03-16 05:00:00,12.5,92.0,0.0,4.2,160.0,-1.4364846019678086,3.9467090073008158
2026-03-16 06:00:00,12.3,89.0,0.0,3.9,156.0,-1.586272907995621,3.562827284806143
2026-03-16 07:00:00,13.8,82.0,0.0,3.7,157.0,-1.445705175410313,3.405867957774029
2026-03-16 08:00:00,18.1,73.0,0.0,1.5,45.0,-1.0606601717798214,-1.0606601717798212
2026-03-16 09:00:00,20.4,64.0,0.0,4.6,296.0,4.134452612976168,-2.0165072752297557
2026-03-16 10:00:00,21.7,60.0,0.0,9.7,295.0,8.791185534255504,-4.099397138884784
2026-03-16 11:00:00,22.1,58.0,0.0,13.0,301.0,11.14317490912746,-6.695494973830704
2026-03-16 12:00:00,21.8,58.0,0.0,13.2,300.0,11.43153532995459,-6.599999999999999
2026-03-16 13:00:00,22.3,57.0,0.0,11.1,287.0,10.614982791189693,-3.245325922422378
2026-03-16 14:00:00,22.4,58.0,0.0,9.8,294.0,8.95274548489749,-3.9860191021428424
2026-03-16 15:00:00,21.5,62.0,0.0,12.4,291.0,11.576397288565301,-4.443762574361723
2026-03-16 16:00:00,19.8,70.0,0.0,12.3,292.0,11.404361411171486,-4.607661099015718
2026-03-16 17:00:00,18.9,73.0,0.1,8.0,295.0,7.2504622962931995,-3.3809460939255955
2026-03-16 18:00:00,17.8,77.0,0.1,5.6,297.0,4.98963653545486,-2.5423467985414616
2026-03-16 19:00:00,17.2,83.0,0.1,1.9,299.0,1.6617774435648518,-0.9211382784680404
2026-03-16 20:00:00,17.1,86.0,0.0,1.8,127.0,-1.4375439180851273,1.0832670416736867
2026-03-16 21:00:00,15.9,92.0,0.0,0.9,169.0,-0.17172809583889032,0.8834644651028976
2026-03-16 22:00:00,15.1,91.0,0.0,2.5,159.0,-0.8959198738632507,2.3339510662430043
2026-03-16 23:00:00,14.7,91.0,0.0,3.4,155.0,-1.4369020899183778,3.08144647592461
2026-03-17 00:00:00,13.6,94.0,0.0,3.7,151.0,-1.793795594911447,3.236092916415765
2026-03-17 01:00:00,12.8,95.0,0.0,4.2,149.0,-2.163159914622228,3.600102662948872
2026-03-17 02:00:00,13.1,94.0,0.0,5.5,139.0,-3.6083246594477894,4.150902691225246
2026-03-17 03:00:00,12.5,95.0,0.0,6.3,145.0,-3.613531549011591,5.160657879020648
2026-03-17 04:00:00,12.1,95.0,0.0,5.6,153.0,-2.542346798541461,4.98963653545486
2026-03-17 05:00:00,11.8,94.0,0.0,5.1,157.0,-1.9927287552952961,4.694574752607445
2026-03-17 06:00:00,11.7,93.0,0.0,4.9,156.0,-1.9930095510714214,4.476372742448745
2026-03-17 07:00:00,13.5,86.0,0.0,4.8,158.0,-1.798111648396378,4.45048250192058
2026-03-17 08:00:00,18.5,69.0,0.0,2.3,198.0,0.7107390870623791,2.1874299874788528
2026-03-17 09:00:00,20.5,56.0,0.0,4.3,292.0,3.9868905746371857,-1.6108083516884215
2026-03-17 10:00:00,21.7,54.0,0.0,8.0,297.0,7.128052193506943,-3.631923997916374
2026-03-17 11:00:00,22.8,53.0,0.0,10.5,292.0,9.735430472951268,-3.933369230867076
2026-03-17 12:00:00,23.9,51.0,0.0,12.3,297.0,10.959380247516926,-5.584083146796425
2026-03-17 13:00:00,23.9,52.0,0.0,13.6,294.0,12.424218223939372,-5.531618345830883
2026-03-17 14:00:00,23.1,53.0,0.0,13.8,292.0,12.795137193021667,-5.1695709891395865
2026-03-17 15:00:00,23.5,51.0,0.0,11.4,296.0,10.246252127810505,-4.997431073395482
2026-03-17 16:00:00,22.2,54.0,0.0,12.5,306.0,10.112712429686843,-7.347315653655914
2026-03-17 17:00:00,20.2,58.0,0.0,11.1,306.0,8.980088637561916,-6.524416300446451
2026-03-17 18:00:00,18.0,71.0,0.0,0.9,259.0,0.8834644651028976,0.17172809583889032
2026-03-17 19:00:00,16.7,74.0,0.0,1.9,139.0,-1.2465121550819636,1.433948202423267
2026-03-17 20:00:00,16.6,75.0,0.0,0.9,169.0,-0.17172809583889032,0.8834644651028976
2026-03-17 21:00:00,15.7,79.0,0.0,1.9,158.0,-0.7117525274902329,1.761649323676896
2026-03-17 22:00:00,15.4,79.0,0.0,2.4,167.0,-0.539882530425276,2.3384881554845647
2026-03-17 23:00:00,14.8,79.0,0.0,4.1,165.0,-1.0611580849203355,3.96029588778518
2026-03-18 00:00:00,13.7,80.0,0.0,3.3,158.0,-1.2362017582725098,3.0597067200703982
2026-03-18 01:00:00,13.0,80.0,0.0,3.1,167.0,-0.6973482684659816,3.0205472008342293
2026-03-18 02:00:00,13.4,79.0,0.0,2.0,153.0,-0.9079809994790934,1.7820130483767358
2026-03-18 03:00:00,13.5,72.0,0.0,3.0,155.0,-1.267854785222098,2.71892336110995
2026-03-18 04:00:00,12.7,71.0,0.0,3.5,152.0,-1.6431504697506183,3.090316575006244
2026-03-18 05:00:00,12.0,71.0,0.0,3.9,158.0,-1.4609657143220571,3.616017032810471
2026-03-18 06:00:00,11.5,70.0,0.0,3.9,158.0,-1.4609657143220571,3.616017032810471
2026-03-18 07:00:00,13.1,71.0,0.0,5.0,159.0,-1.7918397477265013,4.667902132486009
2026-03-18 08:00:00,20.1,64.0,0.0,0.2,360.0,1.2246467991473533e-17,-0.2
2026-03-18 09:00:00,22.3,50.0,0.0,7.7,295.0,6.978569960182205,-3.2541606154033857
2026-03-18 10:00:00,23.2,45.0,0.0,11.1,295.0,10.060016436106814,-4.691062705321763
2026-03-18 11:00:00,24.0,45.0,0.0,12.1,297.0,10.78117894267925,-5.4932850468485155
2026-03-18 12:00:00,24.9,46.0,0.0,13.1,293.0,12.058613580226968,-5.118577783209486
2026-03-18 13:00:00,25.6,45.0,0.0,15.0,293.0,13.807572801786606,-5.860966927339106
2026-03-18 14:00:00,25.6,45.0,0.0,14.0,286.0,13.457663743136465,-3.8589229814379884
2026-03-18 15:00:00,25.9,43.0,0.0,15.3,283.0,14.9078619912141,-3.441751131461135
2026-03-18 16:00:00,25.1,44.0,0.0,16.3,284.0,15.815820338298742,-3.9433268982745844
2026-03-18 17:00:00,23.0,54.0,0.0,14.2,300.0,12.29756073373903,-7.099999999999999
2026-03-18 18:00:00,19.7,71.0,0.0,7.0,310.0,5.362311101832846,-4.499513267805774
2026-03-18 19:00:00,18.0,81.0,0.0,1.1,90.0,-1.1,1.3471114790620887e-16
2026-03-18 20:00:00,16.9,90.0,0.0,1.8,135.0,-1.2727922061357855,1.2727922061357857
2026-03-18 21:00:00,16.6,90.0,0.0,1.9,158.0,-0.7117525274902329,1.761649323676896
2026-03-18 22:00:00,15.8,89.0,0.0,2.0,153.0,-0.9079809994790934,1.7820130483767358
2026-03-18 23:00:00,14.5,88.0,0.0,2.3,148.0,-1.218814307736371,1.9505106211597798
2026-03-19 00:00:00,13.5,82.0,0.0,2.5,150.0,-1.2499999999999996,2.165063509461097
2026-03-19 01:00:00,13.6,74.0,0.0,1.3,146.0,-0.7269507745119708,1.0777488443215544
2026-03-19 02:00:00,14.9,82.0,0.0,1.7000000000000002,139.0,-1.1153003492838622,1.2830062863787128
2026-03-19 03:00:00,15.5,73.0,0.0,2.7,143.0,-1.6249005625105308,2.1563158771276907
2026-03-19 04:00:00,15.2,70.0,0.0,2.6,146.0,-1.4539015490239415,2.1554976886431088
2026-03-19 05:00:00,14.7,68.0,0.0,2.7,143.0,-1.6249005625105308,2.1563158771276907
2026-03-19 06:00:00,13.7,68.0,0.0,2.1,142.0,-1.2928890981838825,1.6548225825741163
2026-03-19 07:00:00,15.3,69.0,0.0,2.3,148.0,-1.218814307736371,1.9505106211597798
2026-03-19 08:00:00,20.9,62.0,0.0,3.1,36.0,-1.822134282106667,-2.507952682562337
2026-03-19 09:00:00,21.8,61.0,0.0,7.8,322.0,4.802159507540135,-6.146483878132432
2026-03-19 10:00:00,23.3,59.0,0.0,7.7,321.0,4.8457670110837485,-5.984023903218676
2026-03-19 11:00:00,24.5,56.0,0.0,9.3,310.0,7.124213321006496,-5.977924770084815
2026-03-19 12:00:00,25.5,52.0,0.0,9.5,302.0,8.056456913486047,-5.034233010215447
2026-03-19 13:00:00,26.2,49.0,0.0,12.1,293.0,11.138108726774528,-4.727846654720213
2026-03-19 14:00:00,25.5,55.0,0.0,13.0,294.0,11.876090949353811,-5.287576359985403
2026-03-19 15:00:00,22.6,73.0,0.5,12.8,302.0,10.855015630802253,-6.782966582185023
2026-03-19 16:00:00,21.6,78.0,0.7000000000000001,6.4,306.0,5.177708763999664,-3.761825614671828
2026-03-19 17:00:00,21.2,79.0,0.0,4.2,313.0,3.071685546800516,-2.8643931122624937
2026-03-19 18:00:00,19.5,90.0,0.0,2.0,270.0,2.0,0.0
2026-03-19 19:00:00,18.3,90.0,0.0,1.3,236.0,1.0777488443215542,0.726950774511971
2026-03-19 20:00:00,18.3,91.0,0.0,0.7000000000000001,194.0,0.1693453269197674,0.6792070083931976
2026-03-19 21:00:00,17.4,93.0,0.1,2.3,151.0,-1.115062126566575,2.01162532642061
2026-03-19 22:00:00,16.7,95.0,0.0,2.8,162.0,-0.8652475842498525,2.66295824562643
2026-03-19 23:00:00,15.3,98.0,0.0,3.0,166.0,-0.7257656867990033,2.9108871788279895
2026-03-20 00:00:00,14.6,99.0,0.0,3.6,162.0,-1.1124611797498105,3.423803458662553
2026-03-20 01:00:00,14.5,98.0,0.0,1.9,158.0,-0.7117525274902329,1.761649323676896
2026-03-20 02:00:00,15.0,96.0,0.0,2.6,146.0,-1.4539015490239415,2.1554976886431088
2026-03-20 03:00:00,14.8,93.0,0.0,1.2,153.0,-0.544788599687456,1.0692078290260414
2026-03-20 04:00:00,14.8,92.0,0.0,1.2,153.0,-0.544788599687456,1.0692078290260414
2026-03-20 05:00:00,14.2,92.0,0.0,3.0,147.0,-1.6339171050450814,2.5160117038362717
2026-03-20 06:00:00,13.5,91.0,0.0,2.9,150.0,-1.4499999999999993,2.511473670974872
2026-03-20 07:00:00,14.9,87.0,0.0,2.9,158.0,-1.086359120906145,2.6888331782436836
2026-03-20 08:00:00,20.7,76.0,0.0,1.7000000000000002,229.0,1.2830062863787126,1.1153003492838625
2026-03-20 09:00:00,23.3,65.0,0.0,4.0,309.0,3.1085838458278836,-2.5172815641993496
2026-03-20 10:00:00,24.6,61.0,0.0,8.1,309.0,6.294882287801464,-5.097495167503682
2026-03-20 11:00:00,25.0,60.0,0.0,10.4,293.0,9.57325047590538,-4.063603736288448
2026-03-20 12:00:00,25.5,57.0,0.2,8.7,287.0,8.319851376878407,-2.5436338310878095
2026-03-20 13:00:00,26.1,54.0,0.1,11.2,285.0,10.818369254437565,-2.8987733051482323
2026-03-20 14:00:00,25.2,56.0,0.1,11.2,276.0,11.13864522812466,-1.1707187885977188
2026-03-20 15:00:00,23.9,64.0,1.1,11.4,283.0,11.107818738551682,-2.5644420195200612
2026-03-20 16:00:00,22.6,72.0,0.2,9.2,296.0,8.268905225952336,-4.033014550459511
2026-03-20 17:00:00,21.3,77.0,0.0,8.0,310.0,6.128355544951824,-5.142300877492314
2026-03-20 18:00:00,18.8,88.0,0.0,3.1,294.0,2.8319909186920627,-1.2608835935349807
2026-03-20 19:00:00,17.6,92.0,0.0,0.6000000000000001,252.0,0.5706339097770922,0.18541019662496847
2026-03-20 20:00:00,17.7,90.0,0.0,0.2,180.0,1.2246467991473533e-17,0.2
2026-03-20 21:00:00,16.7,93.0,0.0,2.7,157.0,-1.0549740469210394,2.4853631043215887
2026-03-20 22:00:00,16.7,90.0,0.0,2.6,155.0,-1.0988074805258183,2.35640024629529
2026-03-20 23:00:00,15.8,91.0,0.0,3.2,153.0,-1.4527695991665495,2.8512208774027776
2026-03-21 00:00:00,15.2,93.0,0.0,1.9,158.0,-0.7117525274902329,1.761649323676896
2026-03-21 01:00:00,14.7,94.0,0.0,1.0,158.0,-0.37460659341591207,0.9271838545667874
2026-03-21 02:00:00,15.5,89.0,0.0,1.7000000000000002,148.0,-0.9008627491964483,1.4416817634659245
2026-03-21 03:00:00,16.1,80.0,0.0,3.0,147.0,-1.6339171050450814,2.5160117038362717
2026-03-21 04:00:00,15.6,80.0,0.0,2.8,145.0,-1.606014021782929,2.2936257240091766
2026-03-21 05:00:00,13.9,85.0,0.0,5.2,146.0,-2.907803098047883,4.3109953772862175
2026-03-21 06:00:00,12.9,86.0,0.0,4.5,146.0,-2.51636806561836,3.730669076497688
2026-03-21 07:00:00,15.6,76.0,0.0,5.0,150.0,-2.499999999999999,4.330127018922194
2026-03-21 08:00:00,21.7,72.0,0.0,0.6000000000000001,326.0,0.3355157420824481,-0.4974225435330251
2026-03-21 09:00:00,23.9,53.0,0.0,6.4,322.0,3.9402334420842133,-5.043268823083022
2026-03-21 10:00:00,24.2,61.0,0.0,9.9,312.0,7.357133772226203,-6.624393002952697
2026-03-21 11:00:00,24.4,62.0,0.0,9.2,301.0,7.8859391664594325,-4.738350289172498
2026-03-21 12:00:00,25.0,59.0,0.0,10.7,300.0,9.266471820493493,-5.349999999999999
2026-03-21 13:00:00,25.6,56.0,0.0,11.8,297.0,10.513876985422742,-5.357087896926652
2026-03-21 14:00:00,24.3,59.0,0.0,11.3,280.0,11.128327609037951,-1.962224407636313
2026-03-21 15:00:00,23.0,66.0,0.1,11.9,295.0,10.785062665736135,-5.029157314714324
2026-03-21 16:00:00,21.9,71.0,0.0,7.7,298.0,6.798696465013738,-3.6149310334513594
2026-03-21 17:00:00,21.2,75.0,0.0,5.8,300.0,5.022947341949744,-2.8999999999999995
2026-03-21 18:00:00,19.6,83.0,0.0,3.5,291.0,3.267531492740206,-1.2542878234085508
2026-03-21 19:00:00,18.6,88.0,0.0,0.30000000000000004,45.0,-0.21213203435596434,-0.21213203435596428
2026-03-21 20:00:00,18.5,92.0,0.0,2.2,114.0,-2.009800006813722,0.894820614766761
2026-03-21 21:00:00,17.6,94.0,0.0,2.3,151.0,-1.115062126566575,2.01162532642061
2026-03-21 22:00:00,17.5,91.0,0.0,2.7,176.0,-0.1883424791091384,2.6934229357015256
2026-03-21 23:00:00,16.8,91.0,0.0,3.8,183.0,0.19887663372318706,3.7947922320673806
2026-03-22 00:00:00,16.6,88.0,0.0,2.1,31.0,-1.0815799573111144,-1.8000513314744355
2026-03-22 01:00:00,16.5,87.0,0.0,2.1,31.0,-1.0815799573111144,-1.8000513314744355
2026-03-22 02:00:00,16.5,86.0,0.0,1.8,37.0,-1.083267041673687,-1.437543918085127
2026-03-22 03:00:00,16.7,85.0,0.0,1.5,45.0,-1.0606601717798214,-1.0606601717798212
2026-03-22 04:00:00,17.1,84.0,0.0,1.3,56.0,-1.0777488443215544,-0.7269507745119708
2026-03-22 05:00:00,17.7,82.0,0.0,1.5,76.0,-1.4554435894139948,-0.3628828433995013
2026-03-22 06:00:00,18.3,80.0,0.0,1.1,90.0,-1.1,1.3471114790620887e-16
2026-03-22 07:00:00,19.0,78.0,0.0,1.1,90.0,-1.1,1.3471114790620887e-16
2026-03-22 08:00:00,19.7,76.0,0.0,0.4,90.0,-0.4,4.898587196589413e-17
2026-03-22 09:00:00,20.7,73.0,0.0,0.8,297.0,0.7128052193506944,-0.3631923997916374
2026-03-22 10:00:00,21.8,69.0,0.0,2.9,300.0,2.511473670974872,-1.4499999999999997
2026-03-22 11:00:00,23.1,66.0,0.0,5.0,300.0,4.330127018922194,-2.4999999999999996
2026-03-22 12:00:00,24.2,62.0,0.0,7.1,300.0,6.148780366869515,-3.5499999999999994
2026-03-22 13:00:00,25.0,60.0,0.0,8.7,300.0,7.534421012924616,-4.349999999999999
2026-03-22 14:00:00,25.4,59.0,0.0,9.2,301.0,7.8859391664594325,-4.738350289172498
2026-03-22 15:00:00,25.1,61.0,0.1,8.4,301.0,7.200205325897744,-4.326319829244455
2026-03-22 16:00:00,24.3,64.0,0.1,7.1,300.0,6.148780366869515,-3.5499999999999994
2026-03-22 17:00:00,23.2,69.0,0.1,4.7,302.0,3.9858260519352022,-2.490620541896063
2026-03-22 18:00:00,22.0,73.0,0.1,2.6,304.0,2.1554976886431083,-1.453901549023942
2026-03-22 19:00:00,20.9,77.0,0.1,0.5,315.0,0.3535533905932738,-0.35355339059327373
2026-03-22 20:00:00,20.1,80.0,0.1,0.8,117.0,-0.7128052193506943,0.36319239979163753
2026-03-22 21:00:00,19.5,81.0,0.0,1.3,124.0,-1.0777488443215542,0.726950774511971
2026-03-22 22:00:00,18.9,81.0,0.0,1.6,117.0,-1.4256104387013886,0.7263847995832751
2026-03-22 23:00:00,18.4,81.0,0.0,1.6,117.0,-1.4256104387013886,0.7263847995832751
2026-03-23 00:00:00,18.0,80.0,0.0,1.1,108.0,-1.0461621679246689,0.3399186938124423
2026-03-23 01:00:00,17.8,79.0,0.0,1.1,108.0,-1.0461621679246689,0.3399186938124423
2026-03-23 02:00:00,17.7,78.0,0.0,0.7000000000000001,90.0,-0.7000000000000001,8.572527594031473e-17
2026-03-23 03:00:00,17.9,77.0,0.0,0.8,63.0,-0.7128052193506944,-0.36319239979163737
2026-03-23 04:00:00,18.2,76.0,0.0,0.8,27.0,-0.36319239979163753,-0.7128052193506943
2026-03-23 05:00:00,18.7,75.0,0.0,1.1,18.0,-0.33991869381244233,-1.0461621679246689
2026-03-23 06:00:00,19.3,73.0,0.0,1.4,360.0,8.572527594031472e-17,-1.4
2026-03-23 07:00:00,19.9,72.0,0.0,2.2,351.0,0.34415582308850806,-2.1729143493093033
2026-03-23 08:00:00,20.6,70.0,0.0,2.7,337.0,1.0549740469210391,-2.485363104321589
2026-03-23 09:00:00,21.5,68.0,0.0,3.9,326.0,2.1808523235359125,-3.233246532964663
2026-03-23 10:00:00,22.6,65.0,0.0,5.4,318.0,3.6133052743378347,-4.012982057577929
2026-03-23 11:00:00,23.8,63.0,0.0,6.9,313.0,5.046340541172277,-4.70578868443124
2026-03-23 12:00:00,24.9,60.0,0.0,8.4,310.0,6.4347733221994154,-5.39941592136693
2026-03-23 13:00:00,25.6,59.0,0.0,9.7,309.0,7.538315826132617,-6.104407793183422
2026-03-23 14:00:00,25.9,59.0,0.0,10.0,308.0,7.880107536067219,-6.156614753256583
2026-03-23 15:00:00,25.6,61.0,0.1,9.5,307.0,7.587037345449282,-5.717242719944458
2026-03-23 16:00:00,24.8,65.0,0.1,8.4,310.0,6.4347733221994154,-5.39941592136693
2026-03-23 17:00:00,23.6,70.0,0.1,6.4,313.0,4.6806636903626915,-4.36478950439999
2026-03-23 18:00:00,22.4,74.0,0.1,4.8,318.0,3.2118269105225195,-3.5670951622914924
2026-03-23 19:00:00,21.2,78.0,0.1,3.4,328.0,1.8017254983928965,-2.883363526931848
2026-03-23 20:00:00,20.4,81.0,0.1,2.3,342.0,0.7107390870623791,-2.1874299874788528
2026-03-23 21:00:00,19.8,82.0,0.0,1.8,360.0,1.1021821192326179e-16,-1.8
2026-03-23 22:00:00,19.2,82.0,0.0,1.1,18.0,-0.33991869381244233,-1.0461621679246689
2026-03-23 23:00:00,18.8,81.0,0.0,0.8,27.0,-0.36319239979163753,-0.7128052193506943
2026-03-24 00:00:00,18.5,80.0,0.0,0.8,27.0,-0.36319239979163753,-0.7128052193506943
2026-03-24 01:00:00,18.3,79.0,0.0,0.5,45.0,-0.35355339059327384,-0.35355339059327373
2026-03-24 02:00:00,18.3,78.0,0.0,0.5,45.0,-0.35355339059327384,-0.35355339059327373
2026-03-24 03:00:00,18.5,77.0,0.0,0.5,45.0,-0.35355339059327384,-0.35355339059327373
2026-03-24 04:00:00,18.8,76.0,0.0,0.7000000000000001,360.0,4.2862637970157366e-17,-0.7000000000000001
2026-03-24 05:00:00,19.4,75.0,0.0,1.5,346.0,0.3628828433995015,-1.4554435894139948
2026-03-24 06:00:00,20.0,74.0,0.0,1.9,338.0,0.7117525274902327,-1.761649323676896
2026-03-24 07:00:00,20.7,73.0,0.0,2.4,333.0,1.0895771993749124,-2.138415658052083
2026-03-24 08:00:00,21.4,71.0,0.0,3.1,324.0,1.8221342821066668,-2.5079526825623373
2026-03-24 09:00:00,22.2,69.0,0.0,4.1,315.0,2.899137802864845,-2.8991378028648445
2026-03-24 10:00:00,23.3,66.0,0.0,5.4,307.0,4.312631754255381,-3.2498011250210608
2026-03-24 11:00:00,24.5,63.0,0.0,6.9,298.0,6.092338390726597,-3.2393537832226467
2026-03-24 12:00:00,25.6,61.0,0.0,8.4,295.0,7.61298541110786,-3.5499933986218752
2026-03-24 13:00:00,26.3,59.0,0.0,9.4,293.0,8.65274562245294,-3.6728726077991736
2026-03-24 14:00:00,26.6,59.0,0.0,9.7,292.0,8.993683389297837,-3.6336839561343464
2026-03-24 15:00:00,26.2,61.0,0.1,8.9,291.0,8.308865795825096,-3.1894747509531727
2026-03-24 16:00:00,25.4,65.0,0.1,7.8,292.0,7.232034065620942,-2.921931428644114
2026-03-24 17:00:00,24.3,69.0,0.1,6.0,295.0,5.437846722219899,-2.5357095704441965
2026-03-24 18:00:00,23.1,74.0,0.1,4.0,297.0,3.5640260967534716,-1.815961998958187
2026-03-24 19:00:00,22.0,78.0,0.1,2.3,309.0,1.7874357113510329,-1.4474368994146258
2026-03-24 20:00:00,21.1,80.0,0.1,1.3,326.0,0.7269507745119709,-1.0777488443215544
2026-03-24 21:00:00,20.5,81.0,0.0,1.1,360.0,6.735557395310444e-17,-1.1
2026-03-24 22:00:00,20.0,80.0,0.0,0.8,27.0,-0.36319239979163753,-0.7128052193506943
2026-03-24 23:00:00,19.6,79.0,0.0,0.8,27.0,-0.36319239979163753,-0.7128052193506943
2026-03-25 00:00:00,19.3,78.0,0.0,0.8,27.0,-0.36319239979163753,-0.7128052193506943
2026-03-25 01:00:00,19.2,76.0,0.0,1.1,18.0,-0.33991869381244233,-1.0461621679246689
2026-03-25 02:00:00,19.2,75.0,0.0,1.1,18.0,-0.33991869381244233,-1.0461621679246689
2026-03-25 03:00:00,19.3,74.0,0.0,1.5,14.0,-0.36288284339950166,-1.4554435894139948
2026-03-25 04:00:00,19.7,73.0,0.0,1.5,14.0,-0.36288284339950166,-1.4554435894139948
2026-03-25 05:00:00,20.2,72.0,0.0,1.8,11.0,-0.3434561916777803,-1.7669289302057951
2026-03-25 06:00:00,20.7,71.0,0.0,2.2,9.0,-0.3441558230885083,-2.172914349309303
2026-03-25 07:00:00,21.4,70.0,0.0,2.9,360.0,1.7757378587636622e-16,-2.9
2026-03-25 08:00:00,22.1,68.0,0.0,3.3,354.0,0.3449439287832564,-3.2819222547153015
2026-03-25 09:00:00,23.0,66.0,0.0,4.2,340.0,1.436484601967809,-3.9467090073008153
2026-03-25 10:00:00,24.1,62.0,0.0,5.6,333.0,2.542346798541462,-4.989636535454859
2026-03-25 11:00:00,25.3,59.0,0.0,7.0,325.0,4.015035054457323,-5.7340643100229425
2026-03-25 12:00:00,26.4,55.0,0.0,8.7,322.0,5.356254835333226,-6.855693556378481
2026-03-25 13:00:00,27.2,53.0,0.0,10.0,319.0,6.560590289905073,-7.54709580222772
2026-03-25 14:00:00,27.4,53.0,0.0,10.2,318.0,6.825132184860354,-7.580077219869421
2026-03-25 15:00:00,27.0,55.0,0.0,9.4,320.0,6.04220353105347,-7.200817765318393
2026-03-25 16:00:00,26.0,59.0,0.0,7.9,321.0,4.971631089293717,-6.139453095510071
2026-03-25 17:00:00,24.6,64.0,0.0,6.0,327.0,3.2678342100901627,-5.032023407672544
2026-03-25 18:00:00,23.2,69.0,0.0,4.3,336.0,1.7489675652259409,-3.9282454678631837
2026-03-25 19:00:00,21.9,73.0,0.0,2.5,352.0,0.34793275240016364,-2.475670171853926
2026-03-25 20:00:00,20.9,76.0,0.0,1.9,22.0,-0.7117525274902333,-1.7616493236768958
2026-03-25 21:00:00,20.2,77.0,0.0,1.5,45.0,-1.0606601717798214,-1.0606601717798212
2026-03-25 22:00:00,19.6,77.0,0.0,1.3,56.0,-1.0777488443215544,-0.7269507745119708
2026-03-25 23:00:00,19.1,76.0,0.0,1.1,72.0,-1.046162167924669,-0.33991869381244205
2026-03-26 00:00:00,18.8,75.0,0.0,0.8,63.0,-0.7128052193506944,-0.36319239979163737
2026-03-26 01:00:00,18.6,73.0,0.0,0.4,90.0,-0.4,4.898587196589413e-17
2026-03-26 02:00:00,18.6,72.0,0.0,0.0,270.0,0.0,0.0
2026-03-26 03:00:00,18.8,71.0,0.0,0.0,270.0,0.0,0.0
2026-03-26 04:00:00,19.2,70.0,0.0,0.5,315.0,0.3535533905932738,-0.35355339059327373
2026-03-26 05:00:00,19.8,68.0,0.0,0.8,333.0,0.3631923997916375,-0.7128052193506943
2026-03-26 06:00:00,20.5,67.0,0.0,1.3,326.0,0.7269507745119709,-1.0777488443215544
2026-03-26 07:00:00,21.3,65.0,0.0,1.8,323.0,1.0832670416736871,-1.437543918085127
2026-03-26 08:00:00,22.0,64.0,0.0,2.5,315.0,1.7677669529663689,-1.7677669529663687
2026-03-26 09:00:00,22.9,62.0,0.0,3.6,307.0,2.875087836170254,-2.166534083347374
2026-03-26 10:00:00,24.1,60.0,0.0,5.0,300.0,4.330127018922194,-2.4999999999999996
2026-03-26 11:00:00,25.3,57.0,0.0,6.8,295.0,6.162892951849219,-2.873804179836756
2026-03-26 12:00:00,26.4,55.0,0.0,8.1,291.0,7.5620014546273335,-2.902780391316932
2026-03-26 13:00:00,27.1,54.0,0.0,9.2,291.0,8.588939923774255,-3.296985135816762
2026-03-26 14:00:00,27.4,54.0,0.0,9.6,290.0,9.02104915954472,-3.2833933759264196
2026-03-26 15:00:00,27.0,56.0,0.1,9.2,291.0,8.588939923774255,-3.296985135816762
2026-03-26 16:00:00,26.0,60.0,0.1,8.1,291.0,7.5620014546273335,-2.902780391316932
2026-03-26 17:00:00,24.8,65.0,0.1,6.6,292.0,6.1194134401407965,-2.472403516545019
2026-03-26 18:00:00,23.4,71.0,0.1,4.8,297.0,4.276831316104166,-2.1791543987498243
2026-03-26 19:00:00,22.2,75.0,0.1,3.4,302.0,2.883363526931848,-1.8017254983928965
2026-03-26 20:00:00,21.3,78.0,0.1,2.3,309.0,1.7874357113510329,-1.4474368994146258
2026-03-26 21:00:00,20.8,79.0,0.1,1.5,315.0,1.0606601717798214,-1.0606601717798212
2026-03-26 22:00:00,20.3,80.0,0.1,1.0,315.0,0.7071067811865476,-0.7071067811865475
2026-03-26 23:00:00,20.0,80.0,0.1,0.5,315.0,0.3535533905932738,-0.35355339059327373
2026-03-27 00:00:00,19.8,79.0,0.1,0.0,270.0,0.0,0.0
2026-03-27 01:00:00,19.7,78.0,0.1,0.4,180.0,2.4492935982947065e-17,0.4
2026-03-27 02:00:00,19.8,77.0,0.1,0.4,180.0,2.4492935982947065e-17,0.4
2026-03-27 03:00:00,20.0,76.0,0.0,0.4,180.0,2.4492935982947065e-17,0.4
2026-03-27 04:00:00,20.3,75.0,0.0,0.0,270.0,0.0,0.0
2026-03-27 05:00:00,20.8,74.0,0.0,0.7000000000000001,360.0,4.2862637970157366e-17,-0.7000000000000001
2026-03-27 06:00:00,21.3,73.0,0.0,1.1,342.0,0.3399186938124422,-1.0461621679246689
2026-03-27 07:00:00,21.9,71.0,0.0,1.6,333.0,0.726384799583275,-1.4256104387013886
2026-03-27 08:00:00,22.6,69.0,0.0,2.3,321.0,1.447436899414626,-1.7874357113510329
2026-03-27 09:00:00,23.4,66.0,0.0,3.3,311.0,2.4905416147351476,-2.1649947956686737
2026-03-27 10:00:00,24.5,63.0,0.0,4.8,297.0,4.276831316104166,-2.1791543987498243
2026-03-27 11:00:00,25.6,59.0,0.0,6.5,289.0,6.1458707413955596,-2.1161930039715187
2026-03-27 12:00:00,26.7,55.0,0.0,7.9,286.0,7.59396739791272,-2.1775351109542935
2026-03-27 13:00:00,27.4,53.0,0.0,9.3,283.0,9.06164160250269,-2.092044805397945
2026-03-27 14:00:00,27.7,52.0,0.0,9.6,283.0,9.353952621938259,-2.159530121701104
2026-03-27 15:00:00,27.3,54.0,0.0,9.3,283.0,9.06164160250269,-2.092044805397945
2026-03-27 16:00:00,26.5,57.0,0.0,7.8,283.0,7.6000865053248345,-1.754618223882147
2026-03-27 17:00:00,25.4,62.0,0.0,5.9,284.0,5.7247447850283795,-1.4273391840380396
2026-03-27 18:00:00,24.1,67.0,0.0,4.1,285.0,3.96029588778518,-1.061158084920335
2026-03-27 19:00:00,23.0,71.0,0.0,2.3,288.0,2.1874299874788528,-0.710739087062379
2026-03-27 20:00:00,22.2,74.0,0.0,1.3,304.0,1.0777488443215542,-0.726950774511971
2026-03-27 21:00:00,21.6,75.0,0.0,1.0,315.0,0.7071067811865476,-0.7071067811865475
2026-03-27 22:00:00,21.1,75.0,0.0,0.8,333.0,0.3631923997916375,-0.7128052193506943
2026-03-27 23:00:00,20.7,75.0,0.0,1.1,342.0,0.3399186938124422,-1.0461621679246689
2026-03-28 00:00:00,20.3,74.0,0.0,1.1,342.0,0.3399186938124422,-1.0461621679246689
2026-03-28 01:00:00,20.2,74.0,0.0,1.3,326.0,0.7269507745119709,-1.0777488443215544
2026-03-28 02:00:00,20.1,73.0,0.0,1.6,333.0,0.726384799583275,-1.4256104387013886
2026-03-28 03:00:00,20.3,73.0,0.0,1.9,338.0,0.7117525274902327,-1.761649323676896
2026-03-28 04:00:00,20.6,72.0,0.0,1.9,338.0,0.7117525274902327,-1.761649323676896
2026-03-28 05:00:00,21.0,72.0,0.0,2.3,342.0,0.7107390870623791,-2.1874299874788528
2026-03-28 06:00:00,21.5,71.0,0.0,2.4,333.0,1.0895771993749124,-2.138415658052083
2026-03-28 07:00:00,22.1,70.0,0.0,2.9,330.0,1.4500000000000002,-2.5114736709748717
2026-03-28 08:00:00,22.6,69.0,0.0,3.4,328.0,1.8017254983928965,-2.883363526931848
2026-03-28 09:00:00,23.2,67.0,0.1,4.1,322.0,2.524212048835199,-3.23084408978756
2026-03-28 10:00:00,24.0,65.0,0.1,5.4,312.0,4.012982057577929,-3.6133052743378347
2026-03-28 11:00:00,24.8,63.0,0.1,6.6,311.0,4.981083229470295,-4.329989591337347
2026-03-28 12:00:00,25.6,61.0,0.1,8.0,306.0,6.47213595499958,-4.702282018339785
2026-03-28 13:00:00,26.0,60.0,0.1,8.8,305.0,7.208537989743128,-5.047472639889206
2026-03-28 14:00:00,26.1,60.0,0.1,9.1,304.0,7.544241910250879,-5.0886554215837965
2026-03-28 15:00:00,25.7,62.0,0.1,8.8,305.0,7.208537989743128,-5.047472639889206
2026-03-28 16:00:00,25.0,65.0,0.1,7.4,309.0,5.750880114781585,-4.656970893768797
2026-03-28 17:00:00,24.0,69.0,0.1,6.1,315.0,4.31335136523794,-4.313351365237939
2026-03-28 18:00:00,22.9,73.0,0.1,4.9,324.0,2.8801477362331185,-3.9641832724372428
2026-03-28 19:00:00,21.9,76.0,0.1,3.9,338.0,1.4609657143220567,-3.616017032810471
2026-03-28 20:00:00,21.1,79.0,0.1,3.3,354.0,0.3449439287832564,-3.2819222547153015
2026-03-28 21:00:00,20.6,80.0,0.1,3.2,360.0,1.9594348786357652e-16,-3.2
2026-03-28 22:00:00,20.1,81.0,0.1,2.9,7.0,-0.35342109587492676,-2.878383839759834
2026-03-28 23:00:00,19.6,82.0,0.1,2.9,7.0,-0.35342109587492676,-2.878383839759834
2026-03-29 00:00:00,19.3,82.0,0.1,2.9,7.0,-0.35342109587492676,-2.878383839759834
2026-03-29 01:00:00,19.1,81.0,0.1,2.9,7.0,-0.35342109587492676,-2.878383839759834
2026-03-29 02:00:00,19.1,81.0,0.1,2.9,7.0,-0.35342109587492676,-2.878383839759834
2026-03-29 03:00:00,19.2,80.0,0.0,2.9,7.0,-0.35342109587492676,-2.878383839759834
2026-03-29 04:00:00,19.5,79.0,0.0,2.9,7.0,-0.35342109587492676,-2.878383839759834
2026-03-29 05:00:00,20.0,78.0,0.0,3.3,6.0,-0.3449439287832561,-3.281922254715302
2026-03-29 06:00:00,20.5,77.0,0.0,3.2,360.0,1.9594348786357652e-16,-3.2
2026-03-29 07:00:00,21.1,75.0,0.0,3.6,354.0,0.3763024677635525,-3.580278823325784
2026-03-29 08:00:00,21.7,73.0,0.0,3.7,349.0,0.7059932828932162,-3.632020578756357
2026-03-29 09:00:00,22.4,71.0,0.1,4.0,333.0,1.8159619989581872,-3.564026096753471
2026-03-29 10:00:00,23.4,67.0,0.1,4.9,324.0,2.8801477362331185,-3.9641832724372428
2026-03-29 11:00:00,24.5,64.0,0.1,5.9,313.0,4.314986839553106,-4.023790324368742
2026-03-29 12:00:00,25.4,61.0,0.1,7.0,305.0,5.7340643100229425,-4.015035054457322
2026-03-29 13:00:00,26.1,59.0,0.1,7.9,300.0,6.841600689897066,-3.9499999999999997
2026-03-29 14:00:00,26.4,58.0,0.1,8.2,299.0,7.171881598543044,-3.9754388860199636
2026-03-29 15:00:00,26.1,59.0,0.2,7.7,298.0,6.798696465013738,-3.6149310334513594
2026-03-29 16:00:00,25.3,62.0,0.2,6.9,298.0,6.092338390726597,-3.2393537832226467
2026-03-29 17:00:00,24.3,66.0,0.2,6.0,295.0,5.437846722219899,-2.5357095704441965
2026-03-29 18:00:00,23.2,71.0,0.2,4.5,299.0,3.935788682127281,-2.1816432911085166
2026-03-29 19:00:00,22.1,74.0,0.2,3.2,297.0,2.8512208774027776,-1.4527695991665497
2026-03-29 20:00:00,21.4,77.0,0.2,2.4,297.0,2.138415658052083,-1.0895771993749122
2026-03-29 21:00:00,20.8,78.0,0.2,1.6,297.0,1.4256104387013888,-0.7263847995832748
2026-03-29 22:00:00,20.3,79.0,0.2,1.1,288.0,1.0461621679246689,-0.33991869381244216
2026-03-29 23:00:00,19.9,80.0,0.2,0.5,315.0,0.3535533905932738,-0.35355339059327373
2026-03-30 00:00:00,19.7,80.0,0.2,0.0,270.0,0.0,0.0
2026-03-30 01:00:00,19.5,80.0,0.2,0.5,135.0,-0.35355339059327373,0.3535533905932738
2026-03-30 02:00:00,19.5,79.0,0.2,0.5,135.0,-0.35355339059327373,0.3535533905932738
2026-03-30 03:00:00,19.7,78.0,0.0,0.4,180.0,2.4492935982947065e-17,0.4
2026-03-30 04:00:00,20.2,77.0,0.0,0.5,225.0,0.3535533905932738,0.35355339059327373
2026-03-30 05:00:00,20.7,75.0,0.0,0.8,243.0,0.7128052193506944,0.3631923997916374
2026-03-30 06:00:00,21.3,73.0,0.0,1.5,256.0,1.4554435894139948,0.3628828433995016
2026-03-30 07:00:00,21.9,72.0,0.0,2.5,262.0,2.475670171853926,0.3479327524001636
2026-03-30 08:00:00,22.5,70.0,0.0,3.3,264.0,3.2819222547153015,0.3449439287832564
2026-03-30 09:00:00,23.2,68.0,0.2,4.3,265.0,4.283637201794505,0.3747696938149301
2026-03-30 10:00:00,23.9,66.0,0.2,5.8,270.0,5.8,0.0
2026-03-30 11:00:00,24.7,64.0,0.2,7.2,270.0,7.2,0.0
2026-03-30 12:00:00,25.3,62.0,0.2,8.6,272.0,8.594761112364223,-0.30013567164150834
2026-03-30 13:00:00,25.8,60.0,0.2,9.7,272.0,9.694091022085228,-0.3385251180142594
2026-03-30 14:00:00,25.9,60.0,0.2,9.7,272.0,9.694091022085228,-0.3385251180142594
2026-03-30 15:00:00,25.6,61.0,0.3,9.0,272.0,8.994517443171862,-0.31409547032250873
2026-03-30 16:00:00,25.0,63.0,0.3,7.2,270.0,7.2,0.0
2026-03-30 17:00:00,24.2,65.0,0.3,5.1,262.0,5.050367150582009,0.7097828148963337
2026-03-30 18:00:00,23.2,68.0,0.3,2.7,247.0,2.485363104321589,1.0549740469210394
2026-03-30 19:00:00,22.4,70.0,0.3,1.3,214.0,0.7269507745119709,1.0777488443215544
2026-03-30 20:00:00,21.7,72.0,0.3,1.3,146.0,-0.7269507745119708,1.0777488443215544
2026-03-30 21:00:00,21.2,73.0,0.1,1.6,117.0,-1.4256104387013886,0.7263847995832751
2026-03-30 22:00:00,20.8,73.0,0.1,1.4,90.0,-1.4,1.7145055188062944e-16
2026-03-30 23:00:00,20.5,73.0,0.1,1.3,56.0,-1.0777488443215544,-0.7269507745119708
2026-03-31 00:00:00,20.2,73.0,0.1,1.6,27.0,-0.7263847995832751,-1.4256104387013886
2026-03-31 01:00:00,20.0,73.0,0.1,2.6,16.0,-0.7166571251241971,-2.4992804094396295
2026-03-31 02:00:00,19.9,73.0,0.1,2.9,7.0,-0.35342109587492676,-2.878383839759834
2026-03-31 03:00:00,20.0,73.0,0.1,3.3,6.0,-0.3449439287832561,-3.281922254715302
2026-03-31 04:00:00,20.2,73.0,0.1,3.3,6.0,-0.3449439287832561,-3.281922254715302
2026-03-31 05:00:00,20.4,72.0,0.1,3.6,6.0,-0.3763024677635521,-3.5802788233257843
2026-03-31 06:00:00,20.8,72.0,0.1,3.6,6.0,-0.3763024677635521,-3.5802788233257843
2026-03-31 07:00:00,21.2,71.0,0.1,3.6,6.0,-0.3763024677635521,-3.5802788233257843
2026-03-31 08:00:00,21.6,70.0,0.1,3.6,360.0,2.2043642384652358e-16,-3.6
2026-03-31 09:00:00,22.1,69.0,0.3,3.7,349.0,0.7059932828932162,-3.632020578756357
2026-03-31 10:00:00,22.9,66.0,0.3,4.3,336.0,1.7489675652259409,-3.9282454678631837
2026-03-31 11:00:00,23.6,64.0,0.3,4.9,324.0,2.8801477362331185,-3.9641832724372428
2026-03-31 12:00:00,24.3,62.0,0.3,6.1,315.0,4.31335136523794,-4.313351365237939
2026-03-31 13:00:00,24.8,61.0,0.3,6.6,311.0,4.981083229470295,-4.329989591337347
2026-03-31 14:00:00,24.9,61.0,0.3,6.9,309.0,5.3623071340531,-4.342310698243878
2026-03-31 15:00:00,24.6,63.0,0.3,6.6,311.0,4.981083229470295,-4.329989591337347
2026-03-31 16:00:00,23.9,66.0,0.3,5.9,313.0,4.314986839553106,-4.023790324368742
2026-03-31 17:00:00,23.0,70.0,0.3,5.1,315.0,3.6062445840513924,-3.606244584051392
2026-03-31 18:00:00,22.0,74.0,0.3,4.1,322.0,2.524212048835199,-3.23084408978756
2026-03-31 19:00:00,21.1,78.0,0.3,3.2,333.0,1.45276959916655,-2.851220877402777
2026-03-31 20:00:00,20.4,80.0,0.3,2.6,344.0,0.7166571251241979,-2.499280409439629
2026-03-31 21:00:00,19.9,81.0,0.2,2.2,351.0,0.34415582308850806,-2.1729143493093033
2026-03-31 22:00:00,19.5,81.0,0.2,2.2,360.0,1.3471114790620887e-16,-2.2
2026-03-31 23:00:00,19.1,81.0,0.2,1.8,360.0,1.1021821192326179e-16,-1.8
2026-04-01 00:00:00,18.9,81.0,0.2,1.8,360.0,1.1021821192326179e-16,-1.8
2026-04-01 01:00:00,18.8,80.0,0.2,1.4,360.0,8.572527594031472e-17,-1.4
2026-04-01 02:00:00,18.8,79.0,0.2,1.4,360.0,8.572527594031472e-17,-1.4
2026-04-01 03:00:00,18.9,78.0,0.1,1.4,360.0,8.572527594031472e-17,-1.4
2026-04-01 04:00:00,19.3,77.0,0.1,1.4,360.0,8.572527594031472e-17,-1.4
2026-04-01 05:00:00,19.7,76.0,0.1,1.4,360.0,8.572527594031472e-17,-1.4
2026-04-01 06:00:00,20.2,75.0,0.1,1.8,360.0,1.1021821192326179e-16,-1.8
2026-04-01 07:00:00,20.8,73.0,0.1,1.8,349.0,0.34345619167778085,-1.7669289302057951
2026-04-01 08:00:00,21.3,72.0,0.1,1.9,338.0,0.7117525274902327,-1.761649323676896
2026-04-01 09:00:00,21.9,70.0,0.2,2.5,315.0,1.7677669529663689,-1.7677669529663687
2026-04-01 10:00:00,22.6,68.0,0.2,3.6,307.0,2.875087836170254,-2.166534083347374
2026-04-01 11:00:00,23.4,66.0,0.2,5.2,295.0,4.7128004925905795,-2.197614961051637
2026-04-01 12:00:00,24.1,64.0,0.2,6.2,291.0,5.788198644282651,-2.2218812871808615
2026-04-01 13:00:00,24.5,62.0,0.2,7.2,288.0,6.8476069173251055,-2.2249223594996215
2026-04-01 14:00:00,24.7,62.0,0.2,7.5,287.0,7.172285669722766,-2.192787785420526
2026-04-01 15:00:00,24.5,63.0,0.3,6.7,286.0,6.440453362786736,-1.8467702839738944
2026-04-01 16:00:00,24.0,65.0,0.3,5.2,286.0,4.998560818879258,-1.4333142502483958
2026-04-01 17:00:00,23.2,68.0,0.3,3.8,287.0,3.6339580726595346,-1.1110124779463997
2026-04-01 18:00:00,22.4,70.0,0.3,1.5,284.0,1.4554435894139948,-0.3628828433995016
2026-04-01 19:00:00,21.7,73.0,0.3,0.0,270.0,0.0,0.0
2026-04-01 20:00:00,21.2,74.0,0.3,1.1,108.0,-1.0461621679246689,0.3399186938124423
2026-04-01 21:00:00,20.8,74.0,0.5,1.6,117.0,-1.4256104387013886,0.7263847995832751
2026-04-01 22:00:00,20.6,74.0,0.5,1.6,117.0,-1.4256104387013886,0.7263847995832751
2026-04-01 23:00:00,20.4,74.0,0.5,1.6,117.0,-1.4256104387013886,0.7263847995832751
2026-04-02 00:00:00,20.3,73.0,0.5,1.3,124.0,-1.0777488443215542,0.726950774511971
2026-04-02 01:00:00,20.2,72.0,0.5,1.0,135.0,-0.7071067811865475,0.7071067811865476
2026-04-02 02:00:00,20.2,72.0,0.5,0.8,153.0,-0.36319239979163737,0.7128052193506944
2026-04-02 03:00:00,20.2,72.0,0.6,0.5,135.0,-0.35355339059327373,0.3535533905932738
2026-04-02 04:00:00,20.4,72.0,0.6,0.4,180.0,2.4492935982947065e-17,0.4
2026-04-02 05:00:00,20.6,73.0,0.6,0.0,270.0,0.0,0.0
2026-04-02 06:00:00,20.9,73.0,0.6,0.7000000000000001,360.0,4.2862637970157366e-17,-0.7000000000000001
2026-04-02 07:00:00,21.1,74.0,0.6,1.1,342.0,0.3399186938124422,-1.0461621679246689
2026-04-02 08:00:00,21.4,74.0,0.6,1.6,333.0,0.726384799583275,-1.4256104387013886
2026-04-02 09:00:00,21.7,74.0,0.8,2.3,321.0,1.447436899414626,-1.7874357113510329
2026-04-02 10:00:00,22.0,74.0,0.8,3.3,319.0,2.1649947956686737,-2.4905416147351476
2026-04-02 11:00:00,22.4,74.0,0.8,4.3,312.0,3.195522749552795,-2.8772616073430903
2026-04-02 12:00:00,22.7,74.0,0.8,5.4,312.0,4.012982057577929,-3.6133052743378347
2026-04-02 13:00:00,22.9,74.0,0.8,6.1,310.0,4.6728711030257655,-3.921004419087889
2026-04-02 14:00:00,22.9,75.0,0.8,6.1,310.0,4.6728711030257655,-3.921004419087889
2026-04-02 15:00:00,22.6,77.0,1.6,5.6,310.0,4.289848881466277,-3.5996106142446194
2026-04-02 16:00:00,22.1,79.0,1.6,4.6,315.0,3.2526911934581184,-3.252691193458118
2026-04-02 17:00:00,21.4,81.0,1.6,3.6,323.0,2.1665340833473743,-2.875087836170254
2026-04-02 18:00:00,20.7,84.0,1.6,2.4,333.0,1.0895771993749124,-2.138415658052083
2026-04-02 19:00:00,20.1,86.0,1.6,1.4,360.0,8.572527594031472e-17,-1.4
2026-04-02 20:00:00,19.6,87.0,1.6,1.3,34.0,-0.7269507745119705,-1.0777488443215544
2026-04-02 21:00:00,19.3,87.0,1.0,1.3,56.0,-1.0777488443215544,-0.7269507745119708
2026-04-02 22:00:00,19.1,87.0,1.0,1.3,56.0,-1.0777488443215544,-0.7269507745119708
2026-04-02 23:00:00,18.9,87.0,1.0,1.3,56.0,-1.0777488443215544,-0.7269507745119708
2026-04-03 00:00:00,18.8,86.0,1.0,1.0,45.0,-0.7071067811865477,-0.7071067811865475
2026-04-03 01:00:00,18.8,85.0,1.0,1.0,45.0,-0.7071067811865477,-0.7071067811865475
2026-04-03 02:00:00,18.9,85.0,1.0,1.0,45.0,-0.7071067811865477,-0.7071067811865475
2026-04-03 03:00:00,19.0,85.0,0.8,1.0,45.0,-0.7071067811865477,-0.7071067811865475
2026-04-03 04:00:00,19.2,85.0,0.8,1.1,72.0,-1.046162167924669,-0.33991869381244205
2026-04-03 05:00:00,19.5,85.0,0.8,1.5,76.0,-1.4554435894139948,-0.3628828433995013
2026-04-03 06:00:00,19.9,84.0,0.8,1.5,76.0,-1.4554435894139948,-0.3628828433995013
2026-04-03 07:00:00,20.3,84.0,0.8,1.5,76.0,-1.4554435894139948,-0.3628828433995013
2026-04-03 08:00:00,20.7,83.0,0.8,1.1,72.0,-1.046162167924669,-0.33991869381244205
2026-04-03 09:00:00,21.2,81.0,0.5,0.8,27.0,-0.36319239979163753,-0.7128052193506943
2026-04-03 10:00:00,21.9,79.0,0.5,1.5,315.0,1.0606601717798214,-1.0606601717798212
2026-04-03 11:00:00,22.6,77.0,0.5,3.1,306.0,2.5079526825623373,-1.8221342821066668
2026-04-03 12:00:00,23.2,74.0,0.5,4.2,301.0,3.600102662948872,-2.1631599146222276
2026-04-03 13:00:00,23.6,73.0,0.5,5.3,298.0,4.679622242152313,-2.4881992827652213
2026-04-03 14:00:00,23.8,72.0,0.5,5.8,300.0,5.022947341949744,-2.8999999999999995
2026-04-03 15:00:00,23.5,73.0,0.6,5.5,302.0,4.664264528860342,-2.914555953282627
2026-04-03 16:00:00,23.0,75.0,0.6,4.4,305.0,3.604268994871564,-2.523736319944603
2026-04-03 17:00:00,22.3,78.0,0.6,3.1,315.0,2.1920310216782974,-2.192031021678297
2026-04-03 18:00:00,21.5,81.0,0.6,1.9,338.0,0.7117525274902327,-1.761649323676896
2026-04-03 19:00:00,20.8,84.0,0.6,1.6,27.0,-0.7263847995832751,-1.4256104387013886
2026-04-03 20:00:00,20.3,85.0,0.6,1.8,53.0,-1.437543918085127,-1.0832670416736871
2026-04-03 21:00:00,20.0,85.0,0.4,1.9,68.0,-1.761649323676896,-0.7117525274902328
2026-04-03 22:00:00,19.7,84.0,0.4,1.9,68.0,-1.761649323676896,-0.7117525274902328
2026-04-03 23:00:00,19.5,83.0,0.4,1.9,68.0,-1.761649323676896,-0.7117525274902328
2026-04-04 00:00:00,19.4,81.0,0.4,1.8,79.0,-1.7669289302057951,-0.3434561916777805
2026-04-04 01:00:00,19.4,80.0,0.4,1.5,76.0,-1.4554435894139948,-0.3628828433995013
2026-04-04 02:00:00,19.4,79.0,0.4,1.5,76.0,-1.4554435894139948,-0.3628828433995013
2026-04-04 03:00:00,19.6,79.0,0.3,1.5,76.0,-1.4554435894139948,-0.3628828433995013
2026-04-04 04:00:00,19.9,79.0,0.3,1.5,76.0,-1.4554435894139948,-0.3628828433995013
2026-04-04 05:00:00,20.2,79.0,0.3,1.5,76.0,-1.4554435894139948,-0.3628828433995013
2026-04-04 06:00:00,20.7,79.0,0.3,1.5,76.0,-1.4554435894139948,-0.3628828433995013
2026-04-04 07:00:00,21.1,79.0,0.3,1.1,72.0,-1.046162167924669,-0.33991869381244205
2026-04-04 08:00:00,21.6,78.0,0.3,1.0,45.0,-0.7071067811865477,-0.7071067811865475
2026-04-04 09:00:00,22.1,77.0,0.3,1.1,360.0,6.735557395310444e-17,-1.1
2026-04-04 10:00:00,22.9,74.0,0.3,2.0,315.0,1.4142135623730951,-1.414213562373095
2026-04-04 11:00:00,23.6,72.0,0.3,3.3,311.0,2.4905416147351476,-2.1649947956686737
2026-04-04 12:00:00,24.3,70.0,0.3,4.7,302.0,3.9858260519352022,-2.490620541896063
2026-04-04 13:00:00,24.8,68.0,0.3,5.7,305.0,4.669166652447253,-3.2693856872009626
2026-04-04 14:00:00,24.9,68.0,0.3,6.0,303.0,5.032023407672544,-3.2678342100901627
2026-04-04 15:00:00,24.7,69.0,0.3,5.7,305.0,4.669166652447253,-3.2693856872009626
2026-04-04 16:00:00,24.1,72.0,0.3,4.6,309.0,3.5748714227020657,-2.8948737988292517
2026-04-04 17:00:00,23.3,76.0,0.3,3.6,315.0,2.5455844122715714,-2.545584412271571
2026-04-04 18:00:00,22.4,79.0,0.3,2.1,329.0,1.0815799573111138,-1.800051331474436
2026-04-04 19:00:00,21.6,82.0,0.3,1.5,14.0,-0.36288284339950166,-1.4554435894139948
2026-04-04 20:00:00,21.0,84.0,0.3,1.5,45.0,-1.0606601717798214,-1.0606601717798212
2026-04-04 21:00:00,20.6,85.0,0.1,1.6,63.0,-1.4256104387013888,-0.7263847995832747
2026-04-04 22:00:00,20.2,84.0,0.1,1.8,79.0,-1.7669289302057951,-0.3434561916777805
2026-04-04 23:00:00,19.9,83.0,0.1,1.8,79.0,-1.7669289302057951,-0.3434561916777805
2026-04-05 00:00:00,19.7,82.0,0.1,1.8,90.0,-1.8,2.2043642384652358e-16
2026-04-05 01:00:00,19.6,81.0,0.1,1.4,90.0,-1.4,1.7145055188062944e-16
2026-04-05 02:00:00,19.6,80.0,0.1,1.4,90.0,-1.4,1.7145055188062944e-16
2026-04-05 03:00:00,19.9,79.0,0.0,1.4,90.0,-1.4,1.7145055188062944e-16
2026-04-05 04:00:00,20.3,79.0,0.0,1.1,72.0,-1.046162167924669,-0.33991869381244205
2026-04-05 05:00:00,20.8,78.0,0.0,1.3,56.0,-1.0777488443215544,-0.7269507745119708
2026-04-05 06:00:00,21.4,77.0,0.0,1.3,34.0,-0.7269507745119705,-1.0777488443215544
2026-04-05 07:00:00,22.0,76.0,0.0,1.4,360.0,8.572527594031472e-17,-1.4
2026-04-05 08:00:00,22.6,75.0,0.0,1.8,349.0,0.34345619167778085,-1.7669289302057951
2026-04-05 09:00:00,23.3,73.0,0.1,2.4,333.0,1.0895771993749124,-2.138415658052083
2026-04-05 10:00:00,24.1,71.0,0.1,3.3,319.0,2.1649947956686737,-2.4905416147351476
2026-04-05 11:00:00,24.9,69.0,0.1,4.6,309.0,3.5748714227020657,-2.8948737988292517
2026-04-05 12:00:00,25.6,67.0,0.1,5.7,305.0,4.669166652447253,-3.2693856872009626
2026-04-05 13:00:00,26.1,66.0,0.1,6.3,301.0,5.400153994423308,-3.244739871933341
2026-04-05 14:00:00,26.2,66.0,0.1,6.6,299.0,5.772490067120011,-3.1997434936258244
2026-04-05 15:00:00,25.9,68.0,0.2,6.1,298.0,5.385980316439454,-2.8637765329939335
2026-04-05 16:00:00,25.2,71.0,0.2,5.0,300.0,4.330127018922194,-2.4999999999999996
2026-04-05 17:00:00,24.3,75.0,0.2,3.7,299.0,3.2360929164157644,-1.7937955949114472
2026-04-05 18:00:00,23.3,79.0,0.2,2.1,301.0,1.800051331474436,-1.0815799573111138
2026-04-05 19:00:00,22.4,82.0,0.2,0.5,315.0,0.3535533905932738,-0.35355339059327373
2026-04-05 20:00:00,21.8,84.0,0.2,0.4,90.0,-0.4,4.898587196589413e-17
2026-04-05 21:00:00,21.3,85.0,0.0,0.8,117.0,-0.7128052193506943,0.36319239979163753
2026-04-05 22:00:00,20.8,84.0,0.0,1.3,124.0,-1.0777488443215542,0.726950774511971
2026-04-05 23:00:00,20.4,83.0,0.0,1.3,124.0,-1.0777488443215542,0.726950774511971
2026-04-06 00:00:00,20.2,82.0,0.0,1.5,135.0,-1.0606601717798212,1.0606601717798214
2026-04-06 01:00:00,20.1,80.0,0.0,1.3,146.0,-0.7269507745119708,1.0777488443215544
2026-04-06 02:00:00,20.1,79.0,0.0,1.3,146.0,-0.7269507745119708,1.0777488443215544
2026-04-06 03:00:00,20.5,78.0,0.0,1.1,162.0,-0.3399186938124421,1.046162167924669
2026-04-06 04:00:00,21.3,76.0,0.0,0.7000000000000001,180.0,4.2862637970157366e-17,0.7000000000000001
2026-04-06 05:00:00,22.1,75.0,0.0,1.0,225.0,0.7071067811865476,0.7071067811865475
2026-04-06 06:00:00,23.0,73.0,0.0,1.1,252.0,1.0461621679246689,0.33991869381244216
2026-04-06 07:00:00,23.6,72.0,0.0,1.8,270.0,1.8,0.0
2026-04-06 08:00:00,23.9,72.0,0.0,1.8,270.0,1.8,0.0
