time,temperature_2m,relativehumidity_2m,precipitation,windspeed_10m,winddirection_10m,u,v
2025-10-30 00:00:00,23.9,90.0,0.0,0.9,323.0,0.5416335208368436,-0.7187719590425635
2025-10-30 01:00:00,23.3,91.0,0.0,2.7,160.0,-0.9234543869793056,2.537170076121953
2025-10-30 02:00:00,23.8,90.0,0.0,1.4,270.0,1.4,0.0
2025-10-30 03:00:00,23.6,92.0,0.0,0.4,117.0,-0.35640260967534715,0.18159619989581877
2025-10-30 04:00:00,24.0,89.0,0.0,3.7,151.0,-1.793795594911447,3.236092916415765
2025-10-30 05:00:00,24.1,87.0,0.0,4.6,138.0,-3.0780007892507477,3.4184661971960133
2025-10-30 06:00:00,23.9,87.0,0.0,1.6,27.0,-0.7263847995832751,-1.4256104387013886
2025-10-30 07:00:00,24.3,88.0,0.3,7.1,124.0,-5.886166765140795,3.970269614642303
2025-10-30 08:00:00,26.2,79.0,0.1,7.2,72.0,-6.847606917325106,-2.2249223594996206
2025-10-30 09:00:00,28.9,66.0,0.0,6.2,17.0,-1.81270456928097,-5.9290894869708195
2025-10-30 10:00:00,29.5,62.0,0.0,9.4,328.0,4.981241083792126,-7.9716521038704045
2025-10-30 11:00:00,30.1,58.0,0.0,10.0,322.0,6.156614753256583,-7.88010753606722
2025-10-30 12:00:00,29.5,63.0,0.0,14.6,330.0,7.300000000000002,-12.643970895252803
2025-10-30 13:00:00,29.0,63.0,0.0,15.3,351.0,2.3934473151155333,-15.111631611105608
2025-10-30 14:00:00,29.5,64.0,0.0,16.6,344.0,4.575580106562186,-15.956944152576096
2025-10-30 15:00:00,28.4,71.0,0.0,16.4,351.0,2.565525226659787,-16.19808878576026
2025-10-30 16:00:00,27.0,81.0,0.0,17.8,346.0,4.306209741674085,-17.271263927712738
2025-10-30 17:00:00,25.2,88.0,0.0,20.9,352.0,2.908717810065368,-20.69660263669882
2025-10-30 18:00:00,25.0,88.0,0.0,18.9,359.0,0.32985048166465997,-18.897121438455795
2025-10-30 19:00:00,24.9,88.0,0.0,13.8,24.0,-5.612965674446041,-12.606927315467894
2025-10-30 20:00:00,25.2,90.0,0.0,9.0,20.0,-3.078181289931017,-8.457233587073176
2025-10-30 21:00:00,25.4,89.0,0.1,12.6,13.0,-2.834383284732702,-12.277062816293963
2025-10-30 22:00:00,25.1,89.0,0.0,13.6,11.0,-2.5950023371210067,-13.35012969488823
2025-10-30 23:00:00,24.7,90.0,0.0,13.9,17.0,-4.063966695646045,-13.29263610788619
2025-10-31 00:00:00,24.5,91.0,0.0,14.4,20.0,-4.925090063889627,-13.531573739317082
2025-10-31 01:00:00,24.4,91.0,0.0,12.9,23.0,-5.040431557511632,-11.87451260953648
2025-10-31 02:00:00,24.1,91.0,0.0,11.7,21.0,-4.192905009680018,-10.922890990017258
2025-10-31 03:00:00,24.3,89.0,0.0,12.9,20.0,-4.412059848901125,-12.122034808138219
2025-10-31 04:00:00,24.4,88.0,0.0,13.9,23.0,-5.431162686000906,-12.79501746298892
2025-10-31 05:00:00,24.4,87.0,0.0,13.2,34.0,-7.381346325813855,-10.943295957726551
2025-10-31 06:00:00,24.2,87.0,0.0,13.8,26.0,-6.049521825689273,-12.403357838928503
2025-10-31 07:00:00,24.8,83.0,0.0,18.1,23.0,-7.072233425655857,-16.66113784748917
2025-10-31 08:00:00,26.1,75.0,0.0,18.7,13.0,-4.20658471623028,-18.220720211483897
2025-10-31 09:00:00,27.1,70.0,0.0,22.9,13.0,-5.151379144474514,-22.313074483581882
2025-10-31 10:00:00,28.2,61.0,0.0,21.1,14.0,-5.10455199715299,-20.473239824423526
2025-10-31 11:00:00,28.8,56.0,0.0,22.4,6.0,-2.341437577195435,-22.27729045624932
2025-10-31 12:00:00,29.0,56.0,0.0,24.8,359.0,0.43281967964463325,-24.796222839878503
2025-10-31 13:00:00,28.4,59.0,0.0,27.9,358.0,0.97369595799978,-27.88300407383277
2025-10-31 14:00:00,27.1,63.0,0.0,29.9,1.0,-0.5218269524747765,-29.895446085176097
2025-10-31 15:00:00,26.5,64.0,0.0,27.1,4.0,-1.8904004384658033,-27.033985762041237
2025-10-31 16:00:00,25.1,70.0,0.0,27.8,3.0,-1.4549395835538517,-27.761901066177153
2025-10-31 17:00:00,24.4,71.0,0.0,26.3,7.0,-3.2051637315553707,-26.103963788166773
2025-10-31 18:00:00,23.8,72.0,0.0,24.3,12.0,-5.052254086871563,-23.768986697831476
2025-10-31 19:00:00,23.5,71.0,0.0,21.5,17.0,-6.285991651538848,-20.56055225320526
2025-10-31 20:00:00,23.3,72.0,0.0,19.8,16.0,-5.457619645176578,-19.032981579578717
2025-10-31 21:00:00,23.2,71.0,0.0,18.0,20.0,-6.156362579862034,-16.914467174146353
2025-10-31 22:00:00,23.3,70.0,0.0,17.4,23.0,-6.798721635713364,-16.01678445007246
2025-10-31 23:00:00,23.5,70.0,0.0,19.2,19.0,-6.250908565577407,-18.15395665150688
2025-11-01 00:00:00,23.1,73.0,0.0,20.0,18.0,-6.180339887498951,-19.02113032590307
2025-11-01 01:00:00,22.8,76.0,0.0,18.9,15.0,-4.89167995243764,-18.25599811686339
2025-11-01 02:00:00,22.9,74.0,0.0,21.5,17.0,-6.285991651538848,-20.56055225320526
2025-11-01 03:00:00,22.8,73.0,0.0,20.2,20.0,-6.908806895178504,-18.98179093987535
2025-11-01 04:00:00,22.6,71.0,0.0,17.8,23.0,-6.955014087109074,-16.384986391453438
2025-11-01 05:00:00,22.5,70.0,0.0,18.8,17.0,-5.496588048787458,-17.978529412105065
2025-11-01 06:00:00,22.4,70.0,0.0,19.6,18.0,-6.056733089748973,-18.64070771938501
2025-11-01 07:00:00,22.8,68.0,0.0,18.9,24.0,-7.6873225541326216,-17.266009149445157
2025-11-01 08:00:00,24.8,60.0,0.0,17.3,22.0,-6.480694066095283,-16.04028068400542
2025-11-01 09:00:00,26.4,55.0,0.0,14.6,16.0,-4.0243053949281835,-14.034420760699458
2025-11-01 10:00:00,28.1,50.0,0.0,12.2,2.0,-0.42577385977050924,-12.192568089632967
2025-11-01 11:00:00,29.0,49.0,0.0,15.5,351.0,2.424734208123579,-15.309169279224635
2025-11-01 12:00:00,29.2,49.0,0.0,16.1,344.0,4.437761428653687,-15.476313304606936
2025-11-01 13:00:00,28.7,52.0,0.0,20.2,344.0,5.567874587503383,-19.417486257954042
2025-11-01 14:00:00,28.7,51.0,0.0,14.8,333.0,6.719059396145293,-13.186896557987843
2025-11-01 15:00:00,28.5,51.0,0.0,11.5,338.0,4.3079758242829875,-10.662614327518055
2025-11-01 16:00:00,27.8,53.0,0.0,9.3,342.0,2.8738580476870115,-8.844825601544928
2025-11-01 17:00:00,26.9,56.0,0.0,8.9,339.0,3.1894747509531736,-8.308865795825096
2025-11-01 18:00:00,25.6,66.0,0.0,10.9,344.0,3.004447178405291,-10.477752485727676
2025-11-01 19:00:00,25.0,69.0,0.0,7.5,345.0,1.9411428382689055,-7.244443697168013
2025-11-01 20:00:00,24.6,69.0,0.2,11.7,356.0,0.8161507428062652,-11.671499388039942
2025-11-01 21:00:00,23.9,74.0,0.0,6.6,339.0,2.3652284669989823,-6.161630814881531
2025-11-01 22:00:00,23.5,78.0,0.0,5.2,326.0,2.9078030980478835,-4.3109953772862175
2025-11-01 23:00:00,23.5,80.0,0.0,6.0,339.0,2.150207697271802,-5.601482558983211
2025-11-02 00:00:00,23.0,82.0,0.0,3.2,52.0,-2.521634411541511,-1.9701167210421062
2025-11-02 01:00:00,22.9,82.0,0.0,2.6,168.0,-0.5405703961261743,2.543183761907895
2025-11-02 02:00:00,22.1,87.0,0.0,1.4,203.0,0.5470235798849832,1.2887067948334165
2025-11-02 03:00:00,22.0,89.0,0.0,3.8,311.0,2.8678964048465336,-2.4930243101639276
2025-11-02 04:00:00,22.1,87.0,0.0,5.4,15.0,-1.3976228435536115,-5.215999461960969
2025-11-02 05:00:00,22.0,85.0,0.0,5.7,55.0,-4.669166652447253,-3.269385687200963
2025-11-02 06:00:00,21.6,86.0,0.0,5.1,39.0,-3.2095339943541727,-3.96344440343055
2025-11-02 07:00:00,23.0,78.0,0.0,7.8,22.0,-2.921931428644116,-7.232034065620941
2025-11-02 08:00:00,25.3,68.0,0.0,9.5,15.0,-2.458780928473946,-9.176295349746148
2025-11-02 09:00:00,27.1,59.0,0.0,11.5,3.0,-0.6018634967938595,-11.4842396496776
2025-11-02 10:00:00,27.5,57.0,0.0,16.1,353.0,1.9620964288228748,-15.979993041425285
2025-11-02 11:00:00,27.8,56.0,0.0,15.1,358.0,0.5269824002077663,-15.090801487988346
2025-11-02 12:00:00,26.5,61.0,0.0,15.3,351.0,2.3934473151155333,-15.111631611105608
2025-11-02 13:00:00,27.1,59.0,0.0,13.6,353.0,1.657423070310006,-13.49862766232198
2025-11-02 14:00:00,27.0,62.0,0.0,15.7,345.0,4.063459008109575,-15.165035472738372
2025-11-02 15:00:00,26.0,66.0,0.0,17.1,358.0,0.5967813936127685,-17.089583142026537
2025-11-02 16:00:00,25.6,64.0,0.0,19.0,5.0,-1.6559591122055068,-18.927699263743165
2025-11-02 17:00:00,24.7,64.0,0.0,20.2,9.0,-3.1599761938126667,-19.95130448002178
2025-11-02 18:00:00,24.1,64.0,0.0,22.0,8.0,-3.0618082211214483,-21.785897512314545
2025-11-02 19:00:00,23.8,62.0,0.0,22.0,10.0,-3.820259908672467,-21.665770566268577
2025-11-02 20:00:00,23.9,57.0,0.0,21.6,15.0,-5.590491374214446,-20.863997847843876
2025-11-02 21:00:00,23.0,62.0,0.0,16.3,23.0,-6.368917394375163,-15.004229111274777
2025-11-02 22:00:00,22.3,67.0,0.0,12.7,16.0,-3.5005944188758855,-12.20802353841665
2025-11-02 23:00:00,22.0,69.0,0.0,11.9,25.0,-5.02915731471432,-10.785062665736136
2025-11-03 00:00:00,21.9,68.0,0.0,8.7,27.0,-3.9497173477340577,-7.751756760438799
2025-11-03 01:00:00,22.0,68.0,0.0,4.4,32.0,-2.331644762626102,-3.7314116230882743
2025-11-03 02:00:00,21.4,71.0,0.0,3.5,66.0,-3.197409101749103,-1.4235782507653008
2025-11-03 03:00:00,21.4,72.0,0.0,5.8,7.0,-0.7068421917498535,-5.756767679519668
2025-11-03 04:00:00,22.0,71.0,0.0,7.7,33.0,-4.193720569615707,-6.457763373179765
2025-11-03 05:00:00,21.5,74.0,0.0,7.7,39.0,-4.845767011083751,-5.984023903218674
2025-11-03 06:00:00,21.5,74.0,0.0,8.6,31.0,-4.429327444226469,-7.371638786038164
2025-11-03 07:00:00,22.3,71.0,0.0,6.8,27.0,-3.087135398228919,-6.058844364480901
2025-11-03 08:00:00,24.1,64.0,0.0,9.9,27.0,-4.494505947421515,-8.820964589464841
2025-11-03 09:00:00,26.2,57.0,0.0,11.2,16.0,-3.0871383851503875,-10.766130994509172
2025-11-03 10:00:00,27.3,54.0,0.0,11.9,11.0,-2.270627044980881,-11.681363483027202
2025-11-03 11:00:00,28.0,51.0,0.0,16.0,358.0,0.5583919472400173,-15.990253232305532
2025-11-03 12:00:00,28.8,48.0,0.0,17.5,355.0,1.5252254980840174,-17.43340721660555
2025-11-03 13:00:00,28.8,50.0,0.0,20.8,346.0,5.031975428473088,-20.182151106540726
2025-11-03 14:00:00,27.0,56.0,0.0,26.0,346.0,6.28996928559136,-25.227688883175908
2025-11-03 15:00:00,26.5,59.0,0.0,26.4,356.0,1.841570906844906,-26.335690926859357
2025-11-03 16:00:00,25.4,63.0,0.0,24.8,0.0,-4.5556860928281535e-15,-24.8
2025-11-03 17:00:00,24.0,67.0,0.0,21.4,3.0,-1.1199894635990082,-21.370672043747877
2025-11-03 18:00:00,23.1,71.0,0.0,19.1,9.0,-2.987898282268413,-18.86484730536713
2025-11-03 19:00:00,22.6,73.0,0.0,16.7,11.0,-3.1865102227882947,-16.393173963575986
2025-11-03 20:00:00,22.6,75.0,0.0,12.2,359.0,0.21291935853485988,-12.198141880907972
2025-11-03 21:00:00,22.3,78.0,0.0,13.7,359.0,0.2390979681907853,-13.697913423642559
2025-11-03 22:00:00,22.0,79.0,0.0,10.9,12.0,-2.266237429913582,-10.661808847998481
2025-11-03 23:00:00,21.5,79.0,0.0,4.7,32.0,-2.490620541896064,-3.9858260519352022
2025-11-04 00:00:00,21.1,80.0,0.0,3.3,9.0,-0.5162337346327623,-3.2593715239639542
2025-11-04 01:00:00,20.6,83.0,0.0,2.7,4.0,-0.18834247910913907,-2.6934229357015256
2025-11-04 02:00:00,20.6,84.0,0.0,0.9,11.0,-0.17172809583889015,-0.8834644651028976
2025-11-04 03:00:00,20.1,88.0,0.0,3.3,319.0,2.1649947956686737,-2.4905416147351476
2025-11-04 04:00:00,20.1,88.0,0.0,3.8,5.0,-0.33119182244110135,-3.785539852748633
2025-11-04 05:00:00,20.0,88.0,0.0,3.7,43.0,-2.523393932231245,-2.706008695990931
2025-11-04 06:00:00,19.5,90.0,0.0,3.0,104.0,-2.9108871788279895,0.7257656867990032
2025-11-04 07:00:00,21.1,81.0,0.0,4.5,127.0,-3.5938597952128184,2.708167604184217
2025-11-04 08:00:00,24.2,72.0,0.0,5.1,17.0,-1.4910956940859592,-4.8771542554114795
2025-11-04 09:00:00,26.6,62.0,0.0,9.6,355.0,0.8366951303775181,-9.563469101680758
2025-11-04 10:00:00,28.1,56.0,0.0,12.6,351.0,1.9710742595069095,-12.444873091498735
2025-11-04 11:00:00,28.4,57.0,0.0,17.1,349.0,3.2628338209389183,-16.785824836955054
2025-11-04 12:00:00,28.3,59.0,0.0,19.7,347.0,4.431535770574139,-19.195090276269134
2025-11-04 13:00:00,27.9,60.0,0.0,23.4,345.0,6.056365655398985,-22.602664335164196
2025-11-04 14:00:00,27.3,63.0,0.0,25.1,353.0,3.058920519469202,-24.912908406197182
2025-11-04 15:00:00,26.3,70.0,0.0,25.6,2.0,-0.8934271155840195,-25.584405171688854
2025-11-04 16:00:00,25.2,75.0,0.0,23.3,4.0,-1.6253258382381262,-23.243242371053906
2025-11-04 17:00:00,24.8,78.0,0.0,23.1,4.0,-1.611374543489301,-23.04372956100194
2025-11-04 18:00:00,23.9,82.0,0.0,22.8,9.0,-3.5667058029172676,-22.51929416556914
2025-11-04 19:00:00,23.6,82.0,0.0,18.0,18.0,-5.562305898749056,-17.119017293312762
2025-11-04 20:00:00,23.0,82.0,0.0,18.9,14.0,-4.5723238268337205,-18.33858922661633
2025-11-04 21:00:00,22.6,83.0,0.0,17.4,22.0,-6.518154725436873,-16.132999069462098
2025-11-04 22:00:00,22.3,84.0,0.0,12.4,28.0,-5.821447378545045,-10.948550151450695
2025-11-04 23:00:00,22.0,86.0,0.0,12.8,22.0,-4.794964395723677,-11.867953338454878
2025-11-05 00:00:00,22.0,86.0,0.0,11.6,19.0,-3.776590591703017,-10.968015476952075
2025-11-05 01:00:00,22.0,87.0,0.0,13.9,358.0,0.48510300416476504,-13.891532495565432
2025-11-05 02:00:00,22.1,88.0,0.0,17.5,2.0,-0.6107411922937633,-17.489339472834175
2025-11-05 03:00:00,22.5,86.0,0.0,20.5,11.0,-3.9115844052191644,-20.12335726067711
2025-11-05 04:00:00,22.1,84.0,0.0,17.6,25.0,-7.4380814066363055,-15.951017051845042
2025-11-05 05:00:00,21.6,86.0,0.0,16.4,25.0,-6.930939492547465,-14.86344770740106
2025-11-05 06:00:00,22.0,85.0,0.0,18.5,25.0,-7.818437842202934,-16.766694060178025
2025-11-05 07:00:00,23.0,80.0,0.0,19.6,22.0,-7.342289230951882,-18.172803549509034
2025-11-05 08:00:00,25.1,74.0,0.0,20.3,12.0,-4.2206073236005235,-19.856396294896253
2025-11-05 09:00:00,26.8,69.0,0.0,23.5,4.0,-1.639277132986951,-23.44275518110587
2025-11-05 10:00:00,28.0,64.0,0.0,26.0,8.0,-3.6185006249617113,-25.746969787280825
2025-11-05 11:00:00,28.8,61.0,0.0,24.5,4.0,-1.7090336067310767,-24.44031923136569
2025-11-05 12:00:00,28.7,61.0,0.0,25.6,360.0,1.5675479029086122e-15,-25.6
2025-11-05 13:00:00,28.3,63.0,0.0,28.1,360.0,1.7206287528020313e-15,-28.1
2025-11-05 14:00:00,28.4,62.0,0.0,26.8,354.0,2.8013628155731127,-26.653186795869726
2025-11-05 15:00:00,27.2,69.0,0.0,26.9,355.0,2.3444894799120037,-26.797637378667954
2025-11-05 16:00:00,26.0,76.0,0.0,26.0,356.0,1.813668317347256,-25.93666530675543
2025-11-05 17:00:00,24.5,83.0,0.0,23.4,357.0,1.2246613760848888,-23.367931113257026
2025-11-05 18:00:00,24.2,84.0,0.0,21.8,359.0,0.38046246033278247,-21.79667975440933
2025-11-05 19:00:00,24.4,82.0,0.0,20.2,5.0,-1.7605460035026965,-20.12313290145326
2025-11-05 20:00:00,24.1,81.0,0.0,17.6,8.0,-2.449446576897159,-17.42871800985164
2025-11-05 21:00:00,23.8,83.0,0.0,15.6,15.0,-4.037577103599322,-15.068442890109464
2025-11-05 22:00:00,23.4,84.0,0.0,14.6,20.0,-4.99349409255476,-13.719512263474263
2025-11-05 23:00:00,23.1,85.0,0.0,13.7,21.0,-4.909640908770619,-12.790051843011662
2025-11-06 00:00:00,22.9,86.0,0.0,13.1,18.0,-4.048122626311813,-12.45884036346651
2025-11-06 01:00:00,22.8,87.0,0.0,11.4,19.0,-3.711476960811586,-10.778911761832212
2025-11-06 02:00:00,22.4,87.0,0.0,11.1,25.0,-4.691062705321761,-10.060016436106816
2025-11-06 03:00:00,22.2,87.0,0.0,9.5,25.0,-4.014873486536642,-8.609923976848176
2025-11-06 04:00:00,21.9,88.0,0.0,8.6,37.0,-5.1756091991076145,-6.868265386406718
2025-11-06 05:00:00,21.5,89.0,0.0,6.2,44.0,-4.306881896845783,-4.459906762099638
2025-11-06 06:00:00,20.9,92.0,0.0,4.4,21.0,-1.5768189779993234,-4.1077538765876875
2025-11-06 07:00:00,22.6,83.0,0.0,7.5,24.0,-3.0505248230685007,-6.851590932319508
2025-11-06 08:00:00,24.7,75.0,0.0,2.8,11.0,-0.5342651870543249,-2.748556113653459
2025-11-06 09:00:00,27.5,63.0,0.0,4.3,332.0,2.0187277199793305,-3.7966746492933856
2025-11-06 10:00:00,29.3,57.0,0.0,6.4,315.0,4.525483399593905,-4.525483399593904
2025-11-06 11:00:00,30.0,56.0,0.0,11.2,319.0,7.347861124693681,-8.452747298495046
2025-11-06 12:00:00,30.1,56.0,0.0,12.3,329.0,6.334968321393666,-10.543157798635983
2025-11-06 13:00:00,30.5,54.0,0.0,11.8,331.0,5.720753518906778,-10.32051254424487
2025-11-06 14:00:00,30.0,55.0,0.0,13.6,332.0,6.384813253888115,-12.008087262881405
2025-11-06 15:00:00,29.2,58.0,0.0,14.0,337.0,5.470235798849832,-12.887067948334165
2025-11-06 16:00:00,28.0,64.0,0.0,13.5,352.0,1.8788368629608838,-13.3686189280112
2025-11-06 17:00:00,26.6,73.0,0.0,12.1,357.0,0.633265070539622,-12.083417370530343
2025-11-06 18:00:00,25.5,80.0,0.0,12.4,357.0,0.6489658574125052,-12.383006230956715
2025-11-06 19:00:00,25.3,81.0,0.0,13.5,359.0,0.23560748690332858,-13.497943884611281
2025-11-06 20:00:00,25.0,81.0,0.0,12.4,359.0,0.21640983982231662,-12.398111419939251
2025-11-06 21:00:00,24.8,82.0,0.0,10.2,8.0,-1.4195656297926713,-10.100734301164016
2025-11-06 22:00:00,24.1,84.0,0.0,4.0,360.0,2.4492935982947064e-16,-4.0
2025-11-06 23:00:00,23.6,87.0,0.0,3.5,345.0,0.9058666578588226,-3.380740392011739
2025-11-07 00:00:00,23.2,90.0,0.0,3.3,347.0,0.7423384793347542,-3.2154212137912763
2025-11-07 01:00:00,22.9,92.0,0.0,2.3,356.0,0.16043988961148803,-2.2943973155975956
2025-11-07 02:00:00,22.7,92.0,0.0,2.7,157.0,-1.0549740469210394,2.4853631043215887
2025-11-07 03:00:00,22.6,92.0,0.0,3.9,158.0,-1.4609657143220571,3.616017032810471
2025-11-07 04:00:00,22.6,92.0,0.0,5.0,150.0,-2.499999999999999,4.330127018922194
2025-11-07 05:00:00,22.4,93.0,0.0,3.8,139.0,-2.493024310163927,2.867896404846534
2025-11-07 06:00:00,22.2,93.0,0.0,1.1,90.0,-1.1,1.3471114790620887e-16
2025-11-07 07:00:00,23.6,86.0,0.0,1.8,53.0,-1.437543918085127,-1.0832670416736871
2025-11-07 08:00:00,26.7,71.0,0.0,2.8,27.0,-1.2711733992707313,-2.4948182677274295
2025-11-07 09:00:00,29.1,61.0,0.0,1.5,330.0,0.7500000000000002,-1.299038105676658
2025-11-07 10:00:00,30.8,55.0,0.0,4.8,304.0,3.9793803482641996,-2.684125936659585
2025-11-07 11:00:00,31.3,54.0,0.0,9.9,322.0,6.095048605724017,-7.801306460706548
2025-11-07 12:00:00,30.7,57.0,0.0,13.8,332.0,6.478707566445294,-12.184676781453192
2025-11-07 13:00:00,30.2,55.0,0.0,15.2,336.0,6.182396974752163,-13.885890956167533
2025-11-07 14:00:00,29.8,59.0,0.0,15.7,336.0,6.385765296290063,-14.342663684988834
2025-11-07 15:00:00,29.0,63.0,0.0,16.4,345.0,4.24463233968134,-15.84118355114072
2025-11-07 16:00:00,28.0,69.0,0.0,17.4,355.0,1.5165099238092514,-17.33378774679637
2025-11-07 17:00:00,26.2,79.0,0.0,16.0,2.0,-0.5583919472400122,-15.990253232305532
2025-11-07 18:00:00,25.1,86.0,0.0,14.8,359.0,0.2582956152717973,-14.79774588831459
2025-11-07 19:00:00,24.9,88.0,0.0,16.6,2.0,-0.5793316452615127,-16.58988772851699
2025-11-07 20:00:00,25.4,85.0,0.0,15.6,6.0,-1.6306440269753923,-15.514541567745065
2025-11-07 21:00:00,25.2,85.0,0.0,13.1,7.0,-1.5964883986074279,-13.002354586501319
2025-11-07 22:00:00,24.9,87.0,0.0,11.5,10.0,-1.9969540431696988,-11.325289159640393
2025-11-07 23:00:00,24.3,89.0,0.0,8.4,7.0,-1.0237024846032363,-8.337387673787106
2025-11-08 00:00:00,23.8,92.0,0.0,4.8,347.0,1.0797650608505516,-4.676976310969129
2025-11-08 01:00:00,23.2,96.0,0.0,3.6,342.0,1.112461179749811,-3.4238034586625528
2025-11-08 02:00:00,22.8,98.0,0.0,0.8,63.0,-0.7128052193506944,-0.36319239979163737
2025-11-08 03:00:00,22.5,98.0,0.0,0.6000000000000001,146.0,-0.33551574208244805,0.4974225435330251
2025-11-08 04:00:00,22.5,98.0,0.0,3.1,149.0,-1.5966180322211683,2.6572186321765483
2025-11-08 05:00:00,22.5,98.0,0.0,6.2,144.0,-3.644268564213333,5.0159053651246746
2025-11-08 06:00:00,22.4,98.0,0.0,6.4,142.0,-3.9402334420842133,5.043268823083022
2025-11-08 07:00:00,23.5,94.0,0.0,7.7,147.0,-4.193720569615708,6.457763373179764
2025-11-08 08:00:00,26.5,79.0,0.0,6.6,167.0,-1.4846769586695092,6.430842427582553
2025-11-08 09:00:00,29.2,64.0,0.0,8.7,187.0,1.060263287624783,8.6351515192795
2025-11-08 10:00:00,31.4,54.0,0.0,7.3,232.0,5.75247850132907,4.494328769877305
2025-11-08 11:00:00,31.8,54.0,0.0,9.9,315.0,7.000357133746821,-7.00035713374682
2025-11-08 12:00:00,30.4,64.0,0.0,14.5,328.0,7.683829331381471,-12.296697394268177
2025-11-08 13:00:00,29.6,63.0,0.0,15.3,322.0,9.419620572482572,-12.056564530182847
2025-11-08 14:00:00,29.4,64.0,0.0,15.0,321.0,9.439805865747562,-11.657189421854564
2025-11-08 15:00:00,28.8,66.0,0.0,16.1,336.0,6.548459953520384,-14.708081868045875
2025-11-08 16:00:00,27.5,71.0,0.0,15.2,346.0,3.6772128131149486,-14.748495039395145
2025-11-08 17:00:00,25.9,80.0,0.0,13.0,357.0,0.6803674311582716,-12.98218395180946
2025-11-08 18:00:00,25.0,86.0,0.0,11.5,356.0,0.8021994480574401,-11.471986577987979
2025-11-08 19:00:00,24.8,88.0,0.0,11.1,352.0,1.5448214206567266,-10.991975563031431
2025-11-08 20:00:00,24.6,90.0,0.0,12.6,350.0,2.187967038603323,-12.408577687953821
2025-11-08 21:00:00,24.7,89.0,0.0,11.9,1.0,-0.20768363660367362,-11.898187572361056
2025-11-08 22:00:00,24.6,89.0,0.0,9.4,4.0,-0.6557108531947805,-9.377102072442348
2025-11-08 23:00:00,24.4,90.0,0.0,7.3,349.0,1.3929056662487778,-7.165878439167947
2025-11-09 00:00:00,24.1,91.0,0.0,6.9,345.0,1.785851411207393,-6.664888201394572
2025-11-09 01:00:00,23.9,92.0,0.0,7.6,359.0,0.13263828892335533,-7.598842483188573
2025-11-09 02:00:00,23.4,95.0,0.0,4.0,39.0,-2.5172815641993513,-3.1085838458278823
2025-11-09 03:00:00,23.0,96.0,0.0,1.8,360.0,1.1021821192326179e-16,-1.8
2025-11-09 04:00:00,22.7,98.0,0.0,3.9,338.0,1.4609657143220567,-3.616017032810471
2025-11-09 05:00:00,22.8,97.0,0.0,5.2,358.0,0.18147738285300563,-5.196832300499298
2025-11-09 06:00:00,22.6,95.0,0.0,2.6,348.0,0.5405703961261746,-2.5431837619078945
2025-11-09 07:00:00,24.4,86.0,0.0,2.6,12.0,-0.5405703961261754,-2.5431837619078945
2025-11-09 08:00:00,26.8,74.0,0.0,2.3,315.0,1.6263455967290592,-1.626345596729059
2025-11-09 09:00:00,29.0,63.0,0.0,5.3,252.0,5.040599536364313,1.6377900701872212
2025-11-09 10:00:00,30.7,56.0,0.0,6.3,257.0,6.1385314081469815,1.4171916423663495
2025-11-09 11:00:00,31.2,56.0,0.0,7.7,311.0,5.811263767715345,-5.051654523226906
2025-11-09 12:00:00,31.8,54.0,0.0,12.2,335.0,5.155942793236533,-11.056955001847129
2025-11-09 13:00:00,31.2,56.0,0.0,21.2,341.0,6.902044874491723,-20.044993802705513
2025-11-09 14:00:00,30.9,59.0,0.0,24.9,350.0,4.323839623906567,-24.521713050003978
2025-11-09 15:00:00,29.5,65.0,0.0,27.4,352.0,3.8133429663057936,-27.133345083519025
2025-11-09 16:00:00,27.4,75.0,0.0,27.7,354.0,2.8954384325140006,-27.548256501701168
2025-11-09 17:00:00,25.9,85.0,0.0,21.7,351.0,3.394627891373011,-21.43283699091449
2025-11-09 18:00:00,25.0,89.0,0.0,20.7,353.0,2.522695408486553,-20.545705338975363
2025-11-09 19:00:00,25.0,87.0,0.0,20.9,1.0,-0.36475529453922506,-20.896816828768575
2025-11-09 20:00:00,25.2,85.0,0.0,16.6,13.0,-3.7341875021081634,-16.174543075434904
2025-11-09 21:00:00,25.0,86.0,0.0,19.4,7.0,-2.3642652620598548,-19.25539534184165
2025-11-09 22:00:00,24.9,85.0,0.0,19.7,18.0,-6.087634789186467,-18.735813371014522
2025-11-09 23:00:00,24.5,86.0,0.0,16.2,15.0,-4.192868530660834,-15.647998385882905
2025-11-10 00:00:00,24.0,87.0,0.0,16.6,16.0,-4.575580106562182,-15.956944152576098
2025-11-10 01:00:00,23.9,85.0,0.0,17.5,17.0,-5.116504832647899,-16.735333229353117
2025-11-10 02:00:00,23.9,84.0,0.0,17.5,12.0,-3.6384545893107965,-17.117583012841596
2025-11-10 03:00:00,24.2,81.0,0.0,23.9,14.0,-5.78193330483206,-23.190067857996315
2025-11-10 04:00:00,24.4,79.0,0.0,23.9,17.0,-6.987683742873417,-22.855683667516544
2025-11-10 05:00:00,24.2,79.0,0.0,24.6,18.0,-7.60181806162371,-23.395990300860777
2025-11-10 06:00:00,24.4,79.0,0.0,27.5,19.0,-8.953124247571807,-26.00176082898121
2025-11-10 07:00:00,24.7,78.0,0.0,26.1,18.0,-8.065343553186132,-24.822575075303508
2025-11-10 08:00:00,26.1,72.0,0.0,22.4,12.0,-4.657221874317819,-21.910506256437245
2025-11-10 09:00:00,27.0,68.0,0.0,22.8,9.0,-3.5667058029172676,-22.51929416556914
2025-11-10 10:00:00,28.1,63.0,0.0,24.8,6.0,-2.5923058890378035,-24.66414300513318
2025-11-10 11:00:00,28.8,60.0,0.0,24.2,3.0,-1.2665301410792522,-24.166834741060686
2025-11-10 12:00:00,27.0,69.0,0.0,29.4,2.0,-1.0260452030535223,-29.382090314361413
2025-11-10 13:00:00,26.5,71.0,0.0,27.9,2.0,-0.9736959579997712,-27.88300407383277
2025-11-10 14:00:00,26.3,74.0,0.0,27.5,1.0,-0.4799411770252962,-27.49581161680076
2025-11-10 15:00:00,26.5,73.0,0.0,25.0,7.0,-3.0467335851286794,-24.81365379103305
2025-11-10 16:00:00,25.7,75.0,0.0,26.3,4.0,-1.8345952594705028,-26.23593452183338
2025-11-10 17:00:00,24.5,80.0,0.1,28.0,8.0,-3.896846826881843,-27.727505924763967
2025-11-10 18:00:00,23.0,89.0,1.2,30.3,10.0,-5.261539783307989,-29.839674916269903
2025-11-10 19:00:00,22.5,91.0,1.6,24.5,12.0,-5.093836425035115,-23.964616217978236
2025-11-10 20:00:00,23.0,89.0,0.8,15.4,16.0,-4.244815279581783,-14.803430117450112
2025-11-10 21:00:00,23.7,87.0,0.1,18.8,6.0,-1.9651351094318832,-18.69701163292354
2025-11-10 22:00:00,23.6,85.0,0.0,20.5,28.0,-9.62416703711076,-18.100425653608003
2025-11-10 23:00:00,23.1,87.0,0.7000000000000001,16.6,24.0,-6.7518282750582825,-15.164854596867178
2025-11-11 00:00:00,22.9,91.0,1.4,6.9,39.0,-4.342310698243882,-5.362307134053097
2025-11-11 01:00:00,22.4,96.0,4.0,1.1,180.0,6.735557395310444e-17,1.1
2025-11-11 02:00:00,22.8,94.0,1.0,5.2,344.0,1.4333142502483958,-4.998560818879258
2025-11-11 03:00:00,23.0,93.0,0.0,2.9,360.0,1.7757378587636622e-16,-2.9
2025-11-11 04:00:00,23.2,94.0,0.3,0.0,270.0,0.0,0.0
2025-11-11 05:00:00,23.0,96.0,1.2,4.7,360.0,2.8779199779962803e-16,-4.7
2025-11-11 06:00:00,23.2,94.0,0.0,7.2,357.0,0.3768188849491966,-7.190132650232932
2025-11-11 07:00:00,23.1,95.0,0.0,9.0,43.0,-6.137985240562488,-6.582183314572534
2025-11-11 08:00:00,25.0,85.0,0.0,19.1,18.0,-5.902224592561499,-18.165179461237432
2025-11-11 09:00:00,26.2,76.0,0.0,17.0,13.0,-3.8241679238457094,-16.564291101348996
2025-11-11 10:00:00,27.0,73.0,0.0,9.5,10.0,-1.6496576878358382,-9.355673653615977
2025-11-11 11:00:00,28.1,69.0,0.0,10.5,20.0,-3.59121150491952,-9.866772518252038
2025-11-11 12:00:00,28.6,66.0,0.0,15.2,22.0,-5.694020219921867,-14.093194589415166
2025-11-11 13:00:00,29.3,64.0,0.0,20.5,15.0,-5.305790424601673,-19.8014794389259
2025-11-11 14:00:00,29.1,66.0,0.0,23.6,3.0,-1.2351285673334857,-23.567657020207943
2025-11-11 15:00:00,27.3,73.0,0.0,29.5,6.0,-3.083589666395774,-29.338395913364064
2025-11-11 16:00:00,26.0,76.0,0.0,27.8,5.0,-2.4229296483848994,-27.694212606950526
2025-11-11 17:00:00,25.0,77.0,0.0,26.4,6.0,-2.7595514302660487,-26.255378037722416
2025-11-11 18:00:00,24.0,80.0,0.0,22.5,3.0,-1.177559015466247,-22.46916453197791
2025-11-11 19:00:00,23.7,81.0,0.0,19.0,13.0,-4.27407003253344,-18.513031230919466
2025-11-11 20:00:00,23.9,81.0,0.0,13.9,10.0,-2.4137096695703315,-13.688827766869691
2025-11-11 21:00:00,23.6,83.0,0.0,22.8,9.0,-3.5667058029172676,-22.51929416556914
2025-11-11 22:00:00,23.9,82.0,0.0,24.5,8.0,-3.409740973521613,-24.261567684168472
2025-11-11 23:00:00,23.9,82.0,0.0,24.0,8.0,-3.3401544230415796,-23.766433649797687
2025-11-12 00:00:00,23.7,81.0,0.0,26.5,13.0,-5.961202940112429,-25.820806716808733
2025-11-12 01:00:00,23.4,80.0,0.0,22.5,18.0,-6.95288237343632,-21.398771616640953
2025-11-12 02:00:00,23.5,81.0,0.1,23.7,12.0,-4.927507072380907,-23.18209813739119
2025-11-12 03:00:00,23.2,88.0,0.5,24.6,18.0,-7.60181806162371,-23.395990300860777
2025-11-12 04:00:00,23.1,90.0,0.7000000000000001,15.9,26.0,-6.970101233946336,-14.290825336156752
2025-11-12 05:00:00,23.2,90.0,0.2,14.7,8.0,-2.0458445841129675,-14.556940610501082
2025-11-12 06:00:00,23.5,91.0,0.4,20.2,3.0,-1.057186316107475,-20.17231660204239
2025-11-12 07:00:00,23.6,93.0,4.7,20.2,12.0,-4.199816154518747,-19.758581534822873
2025-11-12 08:00:00,24.8,85.0,0.9,25.3,18.0,-7.818129957686174,-24.061729862267384
2025-11-12 09:00:00,24.5,86.0,0.4,29.8,3.0,-1.5596114960397405,-29.7591601356863
2025-11-12 10:00:00,24.8,85.0,0.1,38.5,8.0,-5.358164386962534,-38.125320646550456
2025-11-12 11:00:00,24.9,83.0,0.2,38.4,2.0,-1.3401406733760293,-38.37660775753328
2025-11-12 12:00:00,23.8,80.0,0.1,36.6,16.0,-10.08832722290216,-35.18217807134248
2025-11-12 13:00:00,24.0,78.0,0.0,32.9,16.0,-9.068469006379264,-31.625509796370693
2025-11-12 14:00:00,23.5,82.0,0.8,37.7,9.0,-5.8975793320167105,-37.23585044043669
2025-11-12 15:00:00,24.5,80.0,0.0,37.4,13.0,-8.41316943246056,-36.441440422967794
2025-11-12 16:00:00,24.7,82.0,0.0,34.2,12.0,-7.110579825967386,-33.45264794509615
2025-11-12 17:00:00,24.3,82.0,0.0,34.4,15.0,-8.90337515152671,-33.22784842434395
2025-11-12 18:00:00,24.1,83.0,0.0,34.7,14.0,-8.394689777308473,-33.66926170177708
2025-11-12 19:00:00,24.0,83.0,0.0,35.5,11.0,-6.773719335867334,-34.847765012392074
2025-11-12 20:00:00,24.0,83.0,0.0,33.1,12.0,-6.881876966067849,-32.376685584288964
2025-11-12 21:00:00,24.3,88.0,0.2,32.0,15.0,-8.28220944328066,-30.909626441250186
2025-11-12 22:00:00,23.6,93.0,0.7000000000000001,31.5,7.0,-3.838884317262136,-31.265203776701647
2025-11-12 23:00:00,23.4,94.0,1.9,30.1,9.0,-4.708677397710955,-29.729419051913645
2025-11-13 00:00:00,23.3,93.0,0.6,29.0,19.0,-9.441476479257542,-27.42003869238019
2025-11-13 01:00:00,23.5,91.0,0.1,28.2,16.0,-7.772973434039368,-27.107579825460594
2025-11-13 02:00:00,23.5,90.0,0.2,26.5,2.0,-0.9248366626162702,-26.483856916006037
2025-11-13 03:00:00,23.6,87.0,0.1,33.4,5.0,-2.911001807771785,-33.2729029162643
2025-11-13 04:00:00,23.1,91.0,0.3,32.1,4.0,-2.239182807186431,-32.02180601334036
2025-11-13 05:00:00,23.0,89.0,0.2,30.3,5.0,-2.6408190052540452,-30.18469935217989
2025-11-13 06:00:00,22.9,87.0,0.1,29.2,7.0,-3.5585848274302974,-28.982347627926604
2025-11-13 07:00:00,23.2,83.0,0.0,31.5,10.0,-5.469917596508306,-31.021444219884554
2025-11-13 08:00:00,23.7,75.0,0.0,31.8,12.0,-6.611591768004762,-31.10509370333502
2025-11-13 09:00:00,24.5,71.0,0.0,33.3,15.0,-8.618674201913937,-32.16533001542597
2025-11-13 10:00:00,25.0,69.0,0.0,35.2,12.0,-7.318491516785145,-34.43079554582996
2025-11-13 11:00:00,25.5,68.0,0.0,35.4,6.0,-3.700307599674929,-35.20607509603688
2025-11-13 12:00:00,25.9,65.0,0.0,36.8,3.0,-1.9259631897403504,-36.74956687896832
2025-11-13 13:00:00,25.5,66.0,0.0,36.7,5.0,-3.198615758839058,-36.560345419967064
2025-11-13 14:00:00,25.8,67.0,0.0,37.0,4.0,-2.5809895285326463,-36.909869859613494
2025-11-13 15:00:00,25.0,71.0,0.0,34.2,7.0,-4.167931544456033,-33.94507838613322
2025-11-13 16:00:00,24.5,74.0,0.0,29.5,6.0,-3.083589666395774,-29.338395913364064
2025-11-13 17:00:00,23.5,77.0,0.0,27.7,7.0,-3.3757808123225765,-27.493528400464623
2025-11-13 18:00:00,23.8,69.0,0.0,26.6,15.0,-6.884586599727049,-25.693626979289217
2025-11-13 19:00:00,23.5,66.0,0.0,23.2,19.0,-7.553181183406034,-21.93603095390415
2025-11-13 20:00:00,23.5,68.0,0.0,20.7,23.0,-8.088134359727968,-19.054450466465514
2025-11-13 21:00:00,23.2,72.0,0.0,21.2,19.0,-6.902044874491721,-20.044993802705516
2025-11-13 22:00:00,22.8,76.0,0.0,20.9,24.0,-8.500795840284221,-19.093100064730358
2025-11-13 23:00:00,22.1,79.0,0.0,18.8,29.0,-9.114420860631133,-16.442850494220643
2025-11-14 00:00:00,21.9,81.0,0.0,18.6,23.0,-7.267598989900494,-17.12139027421539
2025-11-14 01:00:00,21.1,85.0,0.1,22.0,22.0,-8.24134505515007,-20.39804480046932
2025-11-14 02:00:00,21.5,82.0,0.2,20.7,23.0,-8.088134359727968,-19.054450466465514
2025-11-14 03:00:00,21.1,84.0,0.1,20.0,24.0,-8.134732861516001,-18.27090915285202
2025-11-14 04:00:00,20.9,86.0,0.2,20.0,22.0,-7.492131868318246,-18.543677091335745
2025-11-14 05:00:00,20.6,85.0,0.1,20.1,23.0,-7.853695682634404,-18.50214755439405
2025-11-14 06:00:00,20.5,83.0,0.0,20.0,26.0,-8.767422935781555,-17.975880925983336
2025-11-14 07:00:00,21.0,80.0,0.0,19.2,22.0,-7.192446593585516,-17.801930007682316
2025-11-14 08:00:00,22.6,73.0,0.0,14.9,23.0,-5.82189381449018,-13.71552231644136
2025-11-14 09:00:00,24.6,65.0,0.0,15.1,20.0,-5.164504164217595,-14.189358573867217
2025-11-14 10:00:00,26.2,60.0,0.0,14.3,10.0,-2.483168940637104,-14.082750868074575
2025-11-14 11:00:00,27.2,57.0,0.0,16.4,1.0,-0.28621946557144934,-16.397502200564816
2025-11-14 12:00:00,27.7,55.0,0.0,19.1,358.0,0.6665803870177707,-19.08836479606473
2025-11-14 13:00:00,27.8,53.0,0.0,21.3,358.0,0.743359279763273,-21.28702461550674
2025-11-14 14:00:00,27.6,54.0,0.0,19.1,356.0,1.332348648512792,-19.053473359962645
2025-11-14 15:00:00,26.9,57.0,0.0,20.2,357.0,1.0571863161074682,-20.17231660204239
2025-11-14 16:00:00,25.5,62.0,0.0,21.2,360.0,1.2981256070961944e-15,-21.2
2025-11-14 17:00:00,23.9,67.0,0.0,21.1,3.0,-1.1042886767261249,-21.07108318332151
2025-11-14 18:00:00,23.1,68.0,0.0,20.1,7.0,-2.4495738024434583,-19.950177647990575
2025-11-14 19:00:00,22.6,68.0,0.0,16.7,8.0,-2.3241907860330993,-16.537476747984222
2025-11-14 20:00:00,22.2,70.0,0.0,14.2,15.0,-3.6752304404557927,-13.71614673330477
2025-11-14 21:00:00,21.9,73.0,0.0,11.9,14.0,-2.8788705576360467,-11.546519142684359
2025-11-14 22:00:00,21.2,76.0,0.0,9.7,16.0,-2.673682351424889,-9.324238450601694
2025-11-14 23:00:00,20.5,81.0,0.0,4.9,33.0,-2.668731271573632,-4.109485782932578
2025-11-15 00:00:00,20.0,83.0,0.0,5.4,21.0,-1.935186927544624,-5.041334303084889
2025-11-15 01:00:00,19.5,85.0,0.0,5.9,35.0,-3.3841009744711736,-4.832997061305051
2025-11-15 02:00:00,19.1,85.0,0.0,8.0,38.0,-4.925291802605265,-6.304086028853777
2025-11-15 03:00:00,19.2,86.0,0.0,6.5,39.0,-4.090582541823946,-5.051448749470309
2025-11-15 04:00:00,19.3,88.0,0.0,5.6,25.0,-2.366662265747915,-5.07532360740524
2025-11-15 05:00:00,19.5,88.0,0.0,6.7,20.0,-2.2915349602819792,-6.295940559265587
2025-11-15 06:00:00,19.5,87.0,0.0,9.5,39.0,-5.978543714973459,-7.3828866338412205
2025-11-15 07:00:00,20.0,82.0,0.0,9.9,44.0,-6.877117867544073,-7.121464023352647
2025-11-15 08:00:00,22.0,77.0,0.0,6.4,10.0,-1.1113483370683541,-6.3027696192781315
2025-11-15 09:00:00,24.4,66.0,0.0,8.5,7.0,-1.0358894189437509,-8.436642288951237
2025-11-15 10:00:00,26.1,59.0,0.0,9.5,2.0,-0.33154521867375725,-9.49421285668141
2025-11-15 11:00:00,26.9,57.0,0.0,10.9,348.0,2.266237429913578,-10.661808847998481
2025-11-15 12:00:00,27.1,57.0,0.0,13.8,348.0,2.8691813332850806,-13.498436890126518
2025-11-15 13:00:00,27.5,56.0,0.0,15.9,354.0,1.66200256595569,-15.812898136355546
2025-11-15 14:00:00,27.0,58.0,0.0,19.6,357.0,1.025784742361702,-19.57313888118965
2025-11-15 15:00:00,26.1,62.0,0.0,19.6,7.0,-2.3886391307408847,-19.453904572169915
2025-11-15 16:00:00,25.2,67.0,0.0,17.3,8.0,-2.407694646609139,-17.131637589229165
2025-11-15 17:00:00,23.9,73.0,0.0,13.5,360.0,8.266365894244634e-16,-13.5
2025-11-15 18:00:00,23.1,77.0,0.0,15.1,359.0,0.26353133720298233,-15.097700196861508
2025-11-15 19:00:00,23.0,76.0,0.0,14.6,1.0,-0.25480513398433907,-14.597776349283313
2025-11-15 20:00:00,22.9,76.0,0.0,15.4,7.0,-1.8767878884392666,-15.28521073527636
2025-11-15 21:00:00,22.5,76.0,0.0,14.8,10.0,-2.569993029470569,-14.57515474458068
2025-11-15 22:00:00,22.3,76.0,0.0,12.1,15.0,-3.1317104457404996,-11.687702498097726
2025-11-15 23:00:00,21.8,79.0,0.0,9.0,26.0,-3.9453403211016997,-8.0891464166925
2025-11-16 00:00:00,20.5,85.0,0.0,4.4,32.0,-2.331644762626102,-3.7314116230882743
2025-11-16 01:00:00,20.1,86.0,0.0,4.0,5.0,-0.348622970990633,-3.984778792366982
2025-11-16 02:00:00,20.2,87.0,0.0,1.1,81.0,-1.0864571746546516,-0.1720779115442538
2025-11-16 03:00:00,19.9,88.0,0.0,0.4,153.0,-0.18159619989581868,0.3564026096753472
2025-11-16 04:00:00,19.0,92.0,0.0,3.1,69.0,-2.8940993221413254,-1.1109406435904314
2025-11-16 05:00:00,18.6,94.0,0.0,6.1,62.0,-5.385980316439453,-2.863776532993934
2025-11-16 06:00:00,18.7,94.0,0.0,6.9,57.0,-5.786826918823426,-3.758009341603687
2025-11-16 07:00:00,20.3,87.0,0.0,8.1,47.0,-5.923964983115281,-5.524186716506237
2025-11-16 08:00:00,22.8,78.0,0.0,5.5,36.0,-3.232818887608603,-4.4495934690622105
2025-11-16 09:00:00,25.2,67.0,0.0,6.2,8.0,-0.8628732259524081,-6.139662026197736
2025-11-16 10:00:00,26.6,61.0,0.0,8.5,353.0,1.0358894189437537,-8.436642288951237
2025-11-16 11:00:00,27.5,60.0,0.0,12.1,353.0,1.4746190552022846,-12.009808434859996
2025-11-16 12:00:00,27.5,63.0,0.0,16.2,352.0,2.2546042355530607,-16.04234271361344
2025-11-16 13:00:00,27.2,66.0,0.0,19.3,352.0,2.6860408485292635,-19.11217372671231
2025-11-16 14:00:00,27.0,67.0,0.0,19.6,349.0,3.7398563093802806,-19.239892795574214
2025-11-16 15:00:00,26.4,69.0,0.0,20.9,357.0,1.0938214854775288,-20.871357276370592
2025-11-16 16:00:00,25.2,75.0,0.0,20.5,360.0,1.255262969126037e-15,-20.5
2025-11-16 17:00:00,23.9,84.0,0.0,16.6,355.0,1.4467853296111253,-16.536831988322977
2025-11-16 18:00:00,23.2,88.0,0.0,16.9,360.0,1.0348265452795135e-15,-16.9
2025-11-16 19:00:00,23.0,90.0,0.0,14.2,1.0,-0.24782417140942567,-14.197837271220756
2025-11-16 20:00:00,22.8,94.0,0.0,9.9,9.0,-1.5487012038982872,-9.778114571891864
2025-11-16 21:00:00,22.4,96.0,0.0,6.5,6.0,-0.6794350112397468,-6.464392319893777
2025-11-16 22:00:00,22.1,96.0,0.0,5.0,360.0,3.061616997868383e-16,-5.0
2025-11-16 23:00:00,22.0,96.0,0.0,5.6,356.0,0.3906362529671013,-5.586358681455015
2025-11-17 00:00:00,21.8,96.0,0.0,5.2,12.0,-1.0811407922523508,-5.086367523815789
2025-11-17 01:00:00,21.5,97.0,0.0,4.1,56.0,-3.3990540474756714,-2.2926909042300614
2025-11-17 02:00:00,20.9,99.0,0.0,3.1,83.0,-3.0768930700880985,-0.3777949645559567
2025-11-17 03:00:00,21.0,100.0,0.0,2.2,114.0,-2.009800006813722,0.894820614766761
2025-11-17 04:00:00,21.0,99.0,0.0,2.6,115.0,-2.3564002462952898,1.0988074805258188
2025-11-17 05:00:00,20.9,99.0,0.0,2.5,90.0,-2.5,3.061616997868383e-16
2025-11-17 06:00:00,20.9,100.0,0.0,3.3,29.0,-1.5998717468129116,-2.8862450335600065
2025-11-17 07:00:00,21.2,98.0,0.0,4.7,43.0,-3.2053922922937437,-3.437362397610101
2025-11-17 08:00:00,21.6,97.0,0.0,7.8,53.0,-6.229356978368884,-4.694157180585977
2025-11-17 09:00:00,23.9,84.0,0.0,6.3,18.0,-1.9468070645621696,-5.991656052659467
2025-11-17 10:00:00,25.9,73.0,0.0,11.7,340.0,4.001635676910325,-10.994403663195127
2025-11-17 11:00:00,26.9,69.0,0.0,17.3,351.0,2.7063162451959952,-17.087008292295884
2025-11-17 12:00:00,27.0,69.0,0.0,22.3,354.0,2.330984730868672,-22.177838266712495
2025-11-17 13:00:00,26.5,71.0,0.0,24.2,355.0,2.109168974493327,-24.107911693820242
2025-11-17 14:00:00,26.0,73.0,0.0,26.9,356.0,1.8764491437169686,-26.83447295198927
2025-11-17 15:00:00,25.2,75.0,0.0,27.0,3.0,-1.4130708185594962,-26.962997438373492
2025-11-17 16:00:00,24.3,78.0,0.0,28.5,3.0,-1.4915747529239127,-28.460941740505355
2025-11-17 17:00:00,23.3,83.0,0.0,27.8,5.0,-2.4229296483848994,-27.694212606950526
2025-11-17 18:00:00,22.9,83.0,0.0,27.7,12.0,-5.759153835651946,-27.094688540326413
2025-11-17 19:00:00,22.8,81.0,0.0,25.6,17.0,-7.4847156409020705,-24.481401752653706
2025-11-17 20:00:00,22.5,81.0,0.0,23.6,16.0,-6.505041597281174,-22.68577602414433
2025-11-17 21:00:00,22.4,82.0,0.0,23.9,20.0,-8.174281425483478,-22.45865363678321
2025-11-17 22:00:00,22.1,81.0,0.0,23.5,19.0,-7.6508516297431814,-22.219686526583946
2025-11-17 23:00:00,21.9,81.0,0.0,24.5,16.0,-6.753115217516473,-23.550911550488816
2025-11-18 00:00:00,21.8,80.0,0.0,27.6,20.0,-9.439755955788453,-25.935516333691073
2025-11-18 01:00:00,21.4,80.0,0.0,28.0,20.0,-9.57656401311872,-26.311393382005434
2025-11-18 02:00:00,21.5,77.0,0.0,28.3,19.0,-9.213578771137533,-26.758175689460668
2025-11-18 03:00:00,20.9,77.0,0.0,27.2,22.0,-10.189299340912815,-25.219400844216615
2025-11-18 04:00:00,20.5,77.0,0.0,28.1,22.0,-10.526445274987136,-26.053866313326726
2025-11-18 05:00:00,20.5,76.0,0.0,26.8,20.0,-9.166139841127917,-25.183762237062346
2025-11-18 06:00:00,20.5,75.0,0.0,26.0,18.0,-8.034441853748637,-24.72746942367399
2025-11-18 07:00:00,20.7,73.0,0.0,28.3,22.0,-10.601366593670319,-26.23930308424008
2025-11-18 08:00:00,21.9,69.0,0.0,28.6,19.0,-9.31124921747468,-27.041831262140462
2025-11-18 09:00:00,23.0,64.0,0.0,28.7,19.0,-9.343806032920396,-27.136383119700394
2025-11-18 10:00:00,23.8,60.0,0.0,27.6,18.0,-8.528869044748554,-26.24915984974624
2025-11-18 11:00:00,24.4,57.0,0.0,30.1,16.0,-8.296684410091666,-28.933977047743404
2025-11-18 12:00:00,24.0,59.0,0.0,35.0,13.0,-7.873286902035284,-34.10295226748323
2025-11-18 13:00:00,23.1,63.0,0.0,40.2,10.0,-6.980656742210599,-39.58927167109076
2025-11-18 14:00:00,22.5,64.0,0.0,39.6,8.0,-5.511254798018607,-39.214615522166184
2025-11-18 15:00:00,21.8,65.0,0.0,39.9,9.0,-6.241735155105218,-39.408764789745995
2025-11-18 16:00:00,21.0,66.0,0.0,37.0,12.0,-7.692732560257112,-36.1914612271508
2025-11-18 17:00:00,19.9,69.0,0.0,33.2,12.0,-6.902668135149625,-32.47450034436235
2025-11-18 18:00:00,19.2,74.0,0.0,37.1,10.0,-6.442347391443116,-36.53636763675292
2025-11-18 19:00:00,19.0,72.0,0.0,35.1,17.0,-10.262246835768073,-33.56629693430254
2025-11-18 20:00:00,18.5,75.0,0.0,30.7,16.0,-8.462066823581866,-29.510734065306394
2025-11-18 21:00:00,18.3,75.0,0.0,25.5,15.0,-6.599885650114276,-24.631108570371243
2025-11-18 22:00:00,18.2,73.0,0.0,28.1,19.0,-9.148465140246103,-26.569071974340805
2025-11-18 23:00:00,18.1,72.0,0.0,25.3,21.0,-9.066709123496109,-23.619584790379204
2025-11-19 00:00:00,18.0,73.0,0.0,26.6,19.0,-8.660112908560368,-25.15079411094183
2025-11-19 01:00:00,18.2,72.0,0.0,29.8,21.0,-10.679364896449961,-27.82069670961661
2025-11-19 02:00:00,18.1,71.0,0.0,29.2,21.0,-10.46434412672278,-27.260548453718286
2025-11-19 03:00:00,18.0,72.0,0.0,30.2,18.0,-9.332313230123416,-28.721906792113636
2025-11-19 04:00:00,17.6,72.0,0.0,30.2,19.0,-9.83215826460613,-28.554660983099367
2025-11-19 05:00:00,17.4,71.0,0.0,33.5,21.0,-12.005326309767574,-31.274944287656254
2025-11-19 06:00:00,17.2,70.0,0.0,32.3,19.0,-10.515851388966158,-30.54024999185793
2025-11-19 07:00:00,16.9,69.0,0.0,29.6,20.0,-10.12379624243979,-27.81490157526289
2025-11-19 08:00:00,17.1,68.0,0.0,28.4,17.0,-8.303356414125734,-27.159055069350202
2025-11-19 09:00:00,18.1,64.0,0.0,29.2,19.0,-9.506590110148974,-27.60914240750005
2025-11-19 10:00:00,18.9,61.0,0.0,28.4,16.0,-7.828100905202768,-27.299832164648258
2025-11-19 11:00:00,19.4,59.0,0.0,29.3,17.0,-8.566490948376197,-28.019729349716936
2025-11-19 12:00:00,20.4,56.0,0.0,28.5,15.0,-7.376342785421838,-27.528886049238448
2025-11-19 13:00:00,20.8,54.0,0.0,29.9,11.0,-5.705188961758684,-29.350652785085153
2025-11-19 14:00:00,19.8,59.0,0.0,29.3,11.0,-5.590703564532757,-28.761676475016554
2025-11-19 15:00:00,19.7,58.0,0.0,25.9,13.0,-5.8262323075061095,-25.23618467793759
2025-11-19 16:00:00,19.0,62.0,0.0,27.2,10.0,-4.723230432540505,-26.786770881932057
2025-11-19 17:00:00,17.8,66.0,0.0,27.0,12.0,-5.613615652079514,-26.40998521981275
2025-11-19 18:00:00,17.4,66.0,0.0,24.4,19.0,-7.943862968754622,-23.07065324462333
2025-11-19 19:00:00,17.2,66.0,0.0,24.1,20.0,-8.242685454148612,-22.646592160940394
2025-11-19 20:00:00,17.0,69.0,0.0,21.4,18.0,-6.612963679623878,-20.352609448716283
2025-11-19 21:00:00,17.0,70.0,0.0,20.5,22.0,-7.679435165026202,-19.00726901861914
2025-11-19 22:00:00,17.0,69.0,0.0,19.7,28.0,-9.248589786882047,-17.39406757932086
2025-11-19 23:00:00,16.7,70.0,0.0,18.9,29.0,-9.162901822655765,-16.530312464934582
2025-11-20 00:00:00,16.6,70.0,0.0,18.0,26.0,-7.8906806422033995,-16.178292833385
2025-11-20 01:00:00,16.6,70.0,0.0,18.8,21.0,-6.737317451451654,-17.551312018147392
2025-11-20 02:00:00,16.9,66.0,0.0,18.0,28.0,-8.450488130146034,-15.893056671460686
2025-11-20 03:00:00,16.9,65.0,0.0,16.7,28.0,-7.840175098524375,-14.74522480074408
2025-11-20 04:00:00,16.6,66.0,0.0,18.6,26.0,-8.153703330276846,-16.717569261164503
2025-11-20 05:00:00,16.5,65.0,0.0,18.0,26.0,-7.8906806422033995,-16.178292833385
2025-11-20 06:00:00,16.6,65.0,0.0,18.2,20.0,-6.224766608527167,-17.10240569830353
2025-11-20 07:00:00,17.0,63.0,0.0,17.8,28.0,-8.356593817588855,-15.716467152888901
2025-11-20 08:00:00,18.2,63.0,0.0,17.2,18.0,-5.315092303249098,-16.35817208027664
2025-11-20 09:00:00,20.4,56.0,0.0,20.2,16.0,-5.567874587503377,-19.417486257954042
2025-11-20 10:00:00,22.0,51.0,0.0,19.7,16.0,-5.430055909594878,-18.936855409984883
2025-11-20 11:00:00,22.1,52.0,0.0,18.8,9.0,-2.9409679427563438,-18.56854080318859
2025-11-20 12:00:00,22.7,52.0,0.0,18.3,5.0,-1.594950092282146,-18.230362975078943
2025-11-20 13:00:00,21.9,56.0,0.0,20.3,7.0,-2.4739476711244874,-20.148686878318838
2025-11-20 14:00:00,21.8,56.0,0.0,20.3,6.0,-2.1219278043333634,-20.18879447597595
2025-11-20 15:00:00,21.6,56.0,0.0,22.5,10.0,-3.9070839975059326,-22.15817444277468
2025-11-20 16:00:00,21.6,56.0,0.0,21.3,11.0,-4.0642316015204,-20.908659007435244
2025-11-20 17:00:00,21.5,55.0,0.0,20.0,14.0,-4.838437911993355,-19.40591452551993
2025-11-20 18:00:00,20.8,60.0,0.0,19.6,17.0,-5.730485412565647,-18.743573216875493
2025-11-20 19:00:00,20.3,60.0,0.0,18.3,19.0,-5.957897226565967,-17.302989933467497
2025-11-20 20:00:00,20.4,62.0,0.0,16.3,11.0,-3.1101866246376773,-16.000523090196925
2025-11-20 21:00:00,20.0,65.0,0.0,14.6,16.0,-4.0243053949281835,-14.034420760699458
2025-11-20 22:00:00,19.9,67.0,0.0,14.1,19.0,-4.590510977845908,-13.331811915950368
2025-11-20 23:00:00,19.6,68.0,0.0,14.5,28.0,-6.807337660395416,-12.80274009645444
2025-11-21 00:00:00,19.2,69.0,0.0,12.2,31.0,-6.283464513902665,-10.457441068565767
2025-11-21 01:00:00,19.5,69.0,0.0,12.2,22.0,-4.57020043967413,-11.311643025714805
2025-11-21 02:00:00,19.8,69.0,0.0,14.2,22.0,-5.319413626505955,-13.16601073484838
2025-11-21 03:00:00,20.0,68.0,0.0,17.1,28.0,-8.027963723638733,-15.098403837887652
2025-11-21 04:00:00,19.8,69.0,0.0,15.7,32.0,-8.319732448461318,-13.314355109655887
2025-11-21 05:00:00,19.6,70.0,0.0,14.4,28.0,-6.760390504116827,-12.714445337168549
2025-11-21 06:00:00,19.8,69.0,0.0,16.1,22.0,-6.031166153996188,-14.927660058525277
2025-11-21 07:00:00,19.7,69.0,0.0,17.6,24.0,-7.158564918134083,-16.07840005450978
2025-11-21 08:00:00,19.7,75.0,0.0,11.6,26.0,-5.085105302753302,-10.426010937070334
2025-11-21 09:00:00,20.5,72.0,0.0,11.1,17.0,-3.245325922422382,-10.614982791189691
2025-11-21 10:00:00,22.0,65.0,0.0,13.6,8.0,-1.892754173056895,-13.467645734885355
2025-11-21 11:00:00,23.0,62.0,0.0,16.7,8.0,-2.3241907860330993,-16.537476747984222
2025-11-21 12:00:00,23.3,61.0,0.0,16.8,5.0,-1.4642164781606586,-16.736070927941327
2025-11-21 13:00:00,23.6,60.0,0.0,18.9,8.0,-2.6303716081452437,-18.716066499215675
2025-11-21 14:00:00,24.2,58.0,0.0,14.5,6.0,-1.5156627173809738,-14.420567482839964
2025-11-21 15:00:00,24.1,62.0,0.0,19.4,7.0,-2.3642652620598548,-19.25539534184165
2025-11-21 16:00:00,23.6,64.0,0.0,21.7,4.0,-1.513715480247525,-21.647139890638183
2025-11-21 17:00:00,22.5,68.0,0.0,22.5,2.0,-0.7852386758062672,-22.486293607929653
2025-11-21 18:00:00,21.4,70.0,0.0,21.2,10.0,-3.681341366538923,-20.87792436385881
2025-11-21 19:00:00,20.5,70.0,0.0,18.8,18.0,-5.809519494249014,-17.879862506348886
2025-11-21 20:00:00,19.9,75.0,0.0,15.7,16.0,-4.327506486326882,-15.091808626231607
2025-11-21 21:00:00,19.4,78.0,0.0,14.3,20.0,-4.89088804955706,-13.43760447723849
2025-11-21 22:00:00,18.9,80.0,0.0,10.7,29.0,-5.187462936635804,-9.358430866391537
2025-11-21 23:00:00,18.2,83.0,0.0,7.7,36.0,-4.525946442652044,-6.229430856687094
2025-11-22 00:00:00,17.5,86.0,0.0,6.3,31.0,-3.2447398719333433,-5.400153994423306
2025-11-22 01:00:00,17.4,87.0,0.0,7.5,24.0,-3.0505248230685007,-6.851590932319508
2025-11-22 02:00:00,17.4,85.0,0.0,9.3,37.0,-5.596879715314049,-7.427310243439824
2025-11-22 03:00:00,17.5,84.0,0.0,9.0,29.0,-4.3632865822170315,-7.871577364254564
2025-11-22 04:00:00,17.4,83.0,0.0,8.7,32.0,-4.6102975988288835,-7.378018436560906
2025-11-22 05:00:00,17.0,84.0,0.0,7.2,35.0,-4.129750341727534,-5.89789471888074
2025-11-22 06:00:00,16.9,84.0,0.0,8.3,30.0,-4.150000000000004,-7.188010851410839
2025-11-22 07:00:00,17.6,79.0,0.0,11.0,32.0,-5.829111906565255,-9.328529057720685
2025-11-22 08:00:00,19.9,72.0,0.0,8.0,16.0,-2.205098846535991,-7.690093567506552
2025-11-22 09:00:00,22.8,60.0,0.0,9.1,14.0,-2.201489249956977,-8.829691109111568
2025-11-22 10:00:00,24.6,54.0,0.0,9.7,2.0,-0.33852511801425733,-9.694091022085228
2025-11-22 11:00:00,25.6,51.0,0.0,11.3,351.0,1.7677094549546095,-11.160878248725057
2025-11-22 12:00:00,26.2,51.0,0.0,13.5,347.0,3.0368392336421763,-13.153995874600676
2025-11-22 13:00:00,26.3,52.0,0.0,15.7,345.0,4.063459008109575,-15.165035472738372
2025-11-22 14:00:00,26.0,55.0,0.0,18.6,345.0,4.814034238906886,-17.96622036897667
2025-11-22 15:00:00,24.9,60.0,0.0,21.2,354.0,2.2160034212742534,-21.083864181807392
2025-11-22 16:00:00,23.6,67.0,0.0,22.1,359.0,0.38569818226396757,-22.096634062956248
2025-11-22 17:00:00,22.2,74.0,0.0,21.2,360.0,1.2981256070961944e-15,-21.2
2025-11-22 18:00:00,21.8,75.0,0.0,19.9,7.0,-2.4251999337624284,-19.75166841766231
2025-11-22 19:00:00,21.5,74.0,0.0,16.2,12.0,-3.3681693912477084,-15.845991131887649
2025-11-22 20:00:00,21.1,76.0,0.0,13.0,11.0,-2.4805169398950797,-12.761153384819632
2025-11-22 21:00:00,20.8,78.0,0.0,13.0,18.0,-4.017220926874319,-12.363734711836996
2025-11-22 22:00:00,20.2,81.0,0.0,11.6,19.0,-3.776590591703017,-10.968015476952075
2025-11-22 23:00:00,19.7,84.0,0.0,10.0,21.0,-3.583679495453007,-9.335804264972015
2025-11-23 00:00:00,19.0,88.0,0.0,9.4,23.0,-3.672872607799174,-8.652745622452938
2025-11-23 01:00:00,18.7,90.0,0.0,7.8,23.0,-3.0477028022163357,-7.179937856929034
2025-11-23 02:00:00,18.4,92.0,0.0,9.4,23.0,-3.672872607799174,-8.652745622452938
2025-11-23 03:00:00,18.5,91.0,0.0,8.4,40.0,-5.3994159213669315,-6.434773322199415
2025-11-23 04:00:00,18.0,92.0,0.0,7.1,47.0,-5.192611281496111,-4.842188356443738
2025-11-23 05:00:00,17.8,93.0,0.0,6.1,40.0,-3.9210044190878905,-4.672871103025765
2025-11-23 06:00:00,17.9,93.0,0.0,6.6,45.0,-4.666904755831214,-4.666904755831213
2025-11-23 07:00:00,18.6,89.0,0.0,8.1,43.0,-5.524186716506239,-5.9239649831152805
2025-11-23 08:00:00,20.9,78.0,0.0,7.6,31.0,-3.914289369316414,-6.514471485336052
2025-11-23 09:00:00,23.5,65.0,0.0,8.6,20.0,-2.9413732326007493,-8.081356538758811
2025-11-23 10:00:00,25.6,55.0,0.0,8.0,16.0,-2.205098846535991,-7.690093567506552
2025-11-23 11:00:00,26.8,53.0,0.0,10.9,348.0,2.266237429913578,-10.661808847998481
2025-11-23 12:00:00,26.2,60.0,0.0,17.2,350.0,2.986748655871203,-16.938693351809977
2025-11-23 13:00:00,25.8,63.0,0.0,20.3,353.0,2.473947671124494,-20.148686878318838
2025-11-23 14:00:00,25.1,67.0,0.0,20.4,351.0,3.191263086820711,-20.148842148140808
2025-11-23 15:00:00,24.7,68.0,0.0,20.3,359.0,0.3542838506768571,-20.296908211674744
2025-11-23 16:00:00,23.9,72.0,0.0,20.9,1.0,-0.36475529453922506,-20.896816828768575
2025-11-23 17:00:00,22.5,82.0,0.0,18.7,3.0,-0.9786823817430585,-18.67437229991053
2025-11-23 18:00:00,22.1,85.0,0.0,16.6,9.0,-2.5968121196678355,-16.395626453879288
2025-11-23 19:00:00,22.0,87.0,0.0,12.4,10.0,-2.1532374030699364,-12.21161613735138
2025-11-23 20:00:00,21.6,89.0,0.0,11.8,6.0,-1.2334358665583096,-11.735358365345627
2025-11-23 21:00:00,21.2,92.0,0.0,9.6,13.0,-2.1595301217011063,-9.353952621938257
2025-11-23 22:00:00,20.4,95.0,0.0,4.9,10.0,-0.8508760705679587,-4.82555798975982
2025-11-23 23:00:00,19.9,96.0,0.0,2.9,360.0,1.7757378587636622e-16,-2.9
2025-11-24 00:00:00,19.6,96.0,0.0,3.1,357.0,0.1622414643531263,-3.0957515577391788
2025-11-24 01:00:00,19.6,96.0,0.0,1.5,30.0,-0.7500000000000007,-1.2990381056766576
2025-11-24 02:00:00,18.5,100.0,0.0,2.0,153.0,-0.9079809994790934,1.7820130483767358
2025-11-24 03:00:00,18.6,97.0,0.0,3.8,139.0,-2.493024310163927,2.867896404846534
2025-11-24 04:00:00,18.8,96.0,0.0,3.6,127.0,-2.8750878361702545,2.1665340833473734
2025-11-24 05:00:00,18.8,99.0,0.0,5.2,112.0,-4.821356043747294,1.9479542857627437
2025-11-24 06:00:00,18.4,98.0,0.0,5.4,86.0,-5.386845871403051,-0.3766849582182765
2025-11-24 07:00:00,18.5,92.0,0.0,5.8,88.0,-5.796466796710755,-0.20241708087450522
2025-11-24 08:00:00,20.0,86.0,0.0,3.5,69.0,-3.267531492740206,-1.2542878234085515
2025-11-24 09:00:00,24.0,68.0,0.0,2.9,22.0,-1.0863591209061456,-2.688833178243683
2025-11-24 10:00:00,25.8,58.0,0.0,6.6,331.0,3.199743493625825,-5.772490067120011
2025-11-24 11:00:00,26.0,61.0,0.0,11.4,344.0,3.1422658563137906,-10.958383333696835
2025-11-24 12:00:00,26.0,65.0,0.0,15.4,350.0,2.6741819360707284,-15.166039396388005
2025-11-24 13:00:00,25.7,68.0,0.0,20.1,354.0,2.1010221116798347,-19.989890096902293
2025-11-24 14:00:00,25.4,69.0,0.0,18.6,348.0,3.867157449210326,-18.193545373648785
2025-11-24 15:00:00,24.6,72.0,0.0,20.6,354.0,2.1532863433136615,-20.48715104458643
2025-11-24 16:00:00,23.8,76.0,0.0,20.2,4.0,-1.4090807696313368,-20.15079381524845
2025-11-24 17:00:00,22.6,81.0,0.0,15.9,6.0,-1.6620025659556885,-15.812898136355548
2025-11-24 18:00:00,22.0,87.0,0.0,15.6,6.0,-1.6306440269753923,-15.514541567745065
2025-11-24 19:00:00,21.5,91.0,0.0,16.1,7.0,-1.9620964288228697,-15.979993041425287
2025-11-24 20:00:00,21.3,93.0,0.0,13.8,9.0,-2.1587956175551883,-13.6300991002129
2025-11-24 21:00:00,21.2,95.0,0.0,16.6,13.0,-3.7341875021081634,-16.174543075434904
2025-11-24 22:00:00,21.5,92.0,0.0,17.9,13.0,-4.026623872755188,-17.441224159655707
2025-11-24 23:00:00,21.5,91.0,0.0,18.4,16.0,-5.0717273470327795,-17.68721520526507
2025-11-25 00:00:00,21.5,89.0,0.0,18.5,18.0,-5.71681439593653,-17.59454555146034
2025-11-25 01:00:00,21.1,89.0,0.0,21.2,18.0,-6.5511602807488885,-20.162398145457253
2025-11-25 02:00:00,21.2,85.0,0.0,20.7,17.0,-6.052094287760657,-19.79550844843483
2025-11-25 03:00:00,21.1,82.0,0.0,19.6,22.0,-7.342289230951882,-18.172803549509034
2025-11-25 04:00:00,21.2,77.0,0.0,21.9,16.0,-6.036458092392275,-21.051631141049185
2025-11-25 05:00:00,21.0,73.0,0.0,22.7,18.0,-7.014685772311309,-21.588982919899983
2025-11-25 06:00:00,20.6,74.0,0.0,24.8,16.0,-6.835806424261572,-23.83929005927031
2025-11-25 07:00:00,20.8,69.0,0.0,29.3,18.0,-9.054197935185964,-27.865955927448
2025-11-25 08:00:00,22.0,54.0,0.0,28.7,15.0,-7.428106594442342,-27.72207121449626
2025-11-25 09:00:00,23.0,46.0,0.0,31.1,11.0,-5.934159756210538,-30.52860540522235
2025-11-25 10:00:00,23.5,44.0,0.0,33.1,10.0,-5.747754680775394,-32.597136624704085
2025-11-25 11:00:00,24.0,42.0,0.0,33.4,10.0,-5.7998491340754725,-32.89257895060775
2025-11-25 12:00:00,24.1,43.0,0.0,33.7,9.0,-5.271841471855787,-33.28509707805614
2025-11-25 13:00:00,24.0,43.0,0.0,33.8,8.0,-4.704050812450225,-33.47106072346507
2025-11-25 14:00:00,23.5,45.0,0.0,33.2,4.0,-2.3159149283049696,-33.11912646862616
2025-11-25 15:00:00,23.3,46.0,0.0,31.4,4.0,-2.1903532755655433,-31.32351117815848
2025-11-25 16:00:00,22.3,50.0,0.0,30.7,4.0,-2.141523743944655,-30.625216342976604
2025-11-25 17:00:00,20.8,56.0,0.0,27.9,7.0,-3.400154681003606,-27.692037630792885
2025-11-25 18:00:00,20.0,58.0,0.0,27.8,12.0,-5.779945004733722,-27.192503300399796
2025-11-25 19:00:00,19.4,60.0,0.0,26.0,16.0,-7.166571251241971,-24.992804094396295
2025-11-25 20:00:00,18.9,60.0,0.0,21.9,16.0,-6.036458092392275,-21.051631141049185
2025-11-25 21:00:00,18.5,61.0,0.0,18.1,23.0,-7.072233425655857,-16.66113784748917
2025-11-25 22:00:00,18.2,61.0,0.0,17.1,17.0,-4.999556150758805,-16.352811326967906
2025-11-25 23:00:00,18.0,62.0,0.0,16.8,21.0,-6.020581552361052,-15.684151165152988
2025-11-26 00:00:00,17.7,63.0,0.0,14.8,23.0,-5.782820701641253,-13.623471831096117
2025-11-26 01:00:00,17.4,65.0,0.0,13.8,22.0,-5.16957098913959,-12.795137193021665
2025-11-26 02:00:00,16.8,66.0,0.0,10.6,35.0,-6.0799102253210915,-8.68301166946331
2025-11-26 03:00:00,16.5,68.0,0.0,8.3,30.0,-4.150000000000004,-7.188010851410839
2025-11-26 04:00:00,16.5,69.0,0.0,7.4,29.0,-3.5875911898228927,-6.4721858328315305
2025-11-26 05:00:00,16.4,69.0,0.0,7.3,25.0,-3.085113310707104,-6.616046845367546
2025-11-26 06:00:00,16.1,71.0,0.0,7.1,27.0,-3.223332548150783,-6.3261463217374105
2025-11-26 07:00:00,16.6,68.0,0.0,9.9,27.0,-4.494505947421515,-8.820964589464841
2025-11-26 08:00:00,18.2,63.0,0.0,6.1,23.0,-2.38345988378457,-5.6150796060598855
2025-11-26 09:00:00,20.8,55.0,0.0,6.8,357.0,0.35588450245201897,-6.790680836331102
2025-11-26 10:00:00,22.8,50.0,0.0,6.9,351.0,1.0793978087775935,-6.815049550106451
2025-11-26 11:00:00,24.3,48.0,0.0,9.2,337.0,3.594726382101318,-8.468644651762451
2025-11-26 12:00:00,25.2,45.0,0.0,12.2,344.0,3.3627757409673897,-11.72739269044749
2025-11-26 13:00:00,25.5,44.0,0.0,16.2,345.0,4.192868530660836,-15.647998385882905
2025-11-26 14:00:00,25.2,46.0,0.0,16.3,344.0,4.492888899817086,-15.668565643794599
2025-11-26 15:00:00,24.2,51.0,0.0,19.2,350.0,3.3340450112050637,-18.908308857834392
2025-11-26 16:00:00,23.1,57.0,0.0,19.7,354.0,2.0592107263727732,-19.592081338754983
2025-11-26 17:00:00,21.9,62.0,0.0,15.8,352.0,2.1989349951690342,-15.646235486116812
2025-11-26 18:00:00,21.2,64.0,0.0,14.8,354.0,1.5470212563612713,-14.718924051450445
2025-11-26 19:00:00,20.6,65.0,0.0,11.0,356.0,0.7673212111853775,-10.973204552858066
2025-11-26 20:00:00,19.5,72.0,0.0,3.8,349.0,0.7250741824308706,-3.730183297101123
2025-11-26 21:00:00,18.9,76.0,0.0,2.2,279.0,2.1729143493093033,-0.34415582308850795
2025-11-26 22:00:00,18.4,80.0,0.0,1.3,278.0,1.2873484893640414,-0.18092503124808507
2025-11-26 23:00:00,18.0,82.0,0.0,0.8,27.0,-0.36319239979163753,-0.7128052193506943
2025-11-27 00:00:00,17.5,84.0,0.0,2.5,90.0,-2.5,3.061616997868383e-16
2025-11-27 01:00:00,18.4,76.0,0.0,3.9,106.0,-3.7489206141594438,1.0749856876862969
2025-11-27 02:00:00,18.6,73.0,0.0,3.1,24.0,-1.2608835935349803,-2.831990918692063
2025-11-27 03:00:00,19.0,71.0,0.0,11.0,14.0,-2.6611408515963455,-10.67325298903596
2025-11-27 04:00:00,19.5,70.0,0.0,15.2,11.0,-2.900296729723478,-14.920733188404492
2025-11-27 05:00:00,19.5,68.0,0.0,21.4,17.0,-6.256754481066573,-20.464921777608954
2025-11-27 06:00:00,19.9,61.0,0.0,24.5,18.0,-7.570916362186216,-23.30088464923126
2025-11-27 07:00:00,20.0,64.0,0.0,27.4,22.0,-10.264220659595995,-25.40483761512997
2025-11-27 08:00:00,21.2,60.0,0.0,27.3,17.0,-7.9817475389307235,-26.107119837790865
2025-11-27 09:00:00,21.6,57.0,0.0,28.7,15.0,-7.428106594442342,-27.72207121449626
2025-11-27 10:00:00,22.5,54.0,0.0,29.8,12.0,-6.195768386369242,-29.148798501867407
2025-11-27 11:00:00,22.1,57.0,0.0,28.6,11.0,-5.457137267769176,-28.07453744660319
2025-11-27 12:00:00,22.5,54.0,0.0,26.7,12.0,-5.551242144834186,-26.116540939592607
2025-11-27 13:00:00,22.4,54.0,0.0,24.6,15.0,-6.3669485095220075,-23.76177532671108
2025-11-27 14:00:00,22.9,54.0,0.0,22.3,14.0,-5.394858271872592,-21.63759469595472
2025-11-27 15:00:00,22.1,52.0,0.0,25.7,9.0,-4.020365751533937,-25.383590353295038
2025-11-27 16:00:00,21.6,50.0,0.0,24.6,12.0,-5.114627594116891,-24.06243097805162
2025-11-27 17:00:00,20.4,55.0,0.6,22.7,11.0,-4.331364195047563,-22.282937064261972
2025-11-27 18:00:00,19.3,62.0,1.4,18.3,13.0,-4.116604294492734,-17.830972185569802
2025-11-27 19:00:00,19.9,54.0,0.0,21.2,14.0,-5.128744186712957,-20.570269397051124
2025-11-27 20:00:00,19.9,55.0,0.0,18.6,14.0,-4.499747258153821,-18.047500508733535
2025-11-27 21:00:00,19.6,58.0,0.0,16.3,17.0,-4.765658786980615,-15.587767522197476
2025-11-27 22:00:00,19.5,57.0,0.0,14.7,24.0,-5.979028653214261,-13.429118227346233
2025-11-27 23:00:00,19.3,58.0,0.0,12.2,20.0,-4.172645748573156,-11.464249973588082
2025-11-28 00:00:00,19.1,60.0,0.0,11.4,24.0,-4.636797731064121,-10.414418217125652
2025-11-28 01:00:00,18.9,60.0,0.0,9.5,14.0,-2.298258008196844,-9.217809399621967
2025-11-28 02:00:00,18.9,62.0,0.0,9.0,12.0,-1.8712052173598381,-8.80332840660425
2025-11-28 03:00:00,18.8,62.0,0.0,10.9,20.0,-3.7280195622497874,-10.242649566566403
2025-11-28 04:00:00,18.5,65.0,0.0,11.0,24.0,-4.474103073833801,-10.04900003406861
2025-11-28 05:00:00,18.3,65.0,0.0,12.0,18.0,-3.7082039324993707,-11.412678195541842
2025-11-28 06:00:00,18.4,63.0,0.0,11.9,18.0,-3.677302233061876,-11.317572543912327
2025-11-28 07:00:00,18.5,61.0,0.0,13.4,20.0,-4.5830699205639585,-12.591881118531173
2025-11-28 08:00:00,18.5,65.0,0.0,7.5,42.0,-5.018479547691436,-5.573586191080458
2025-11-28 09:00:00,19.9,59.0,0.0,6.5,14.0,-1.5724923213978406,-6.306922220793977
2025-11-28 10:00:00,21.0,54.0,0.0,7.0,360.0,4.286263797015736e-16,-7.0
2025-11-28 11:00:00,22.0,51.0,0.0,9.4,1.0,-0.16405262051046487,-9.398568334470077
2025-11-28 12:00:00,23.4,48.0,0.0,8.4,7.0,-1.0237024846032363,-8.337387673787106
2025-11-28 13:00:00,23.3,49.0,0.0,5.4,358.0,0.18845728219350585,-5.3967104659031175
2025-11-28 14:00:00,23.5,50.0,0.0,8.7,354.0,0.909397630428585,-8.652340489703978
2025-11-28 15:00:00,22.9,53.0,0.0,12.8,360.0,7.837739514543061e-16,-12.8
2025-11-28 16:00:00,22.4,55.0,0.0,13.7,360.0,8.388830574159369e-16,-13.7
2025-11-28 17:00:00,21.5,58.0,0.0,13.5,358.0,0.4711432054837646,-13.491776164757793
2025-11-28 18:00:00,21.1,59.0,0.0,11.9,11.0,-2.270627044980881,-11.681363483027202
2025-11-28 19:00:00,20.8,60.0,0.0,11.3,13.0,-2.5419469140856776,-11.010381732073158
2025-11-28 20:00:00,20.5,64.0,0.0,9.0,12.0,-1.8712052173598381,-8.80332840660425
2025-11-28 21:00:00,20.4,64.0,0.0,7.9,12.0,-1.6425023574603024,-7.727366045797065
2025-11-28 22:00:00,20.0,66.0,0.0,8.3,11.0,-1.5837146616253204,-8.147505622615611
2025-11-28 23:00:00,19.4,69.0,0.0,8.7,14.0,-2.1047204917171096,-8.441572818601168
2025-11-29 00:00:00,19.2,70.0,0.0,7.4,22.0,-2.772088791277751,-6.861160523794227
2025-11-29 01:00:00,18.8,70.0,0.0,5.1,27.0,-2.315351548671689,-4.544133273360675
2025-11-29 02:00:00,18.5,73.0,0.0,5.0,38.0,-3.0783073766282905,-3.9400537680336107
2025-11-29 03:00:00,17.3,79.0,0.0,4.2,20.0,-1.436484601967808,-3.9467090073008158
2025-11-29 04:00:00,16.9,81.0,0.0,4.4,32.0,-2.331644762626102,-3.7314116230882743
2025-11-29 05:00:00,16.4,83.0,0.0,4.8,31.0,-2.4721827595682613,-4.114403043370138
2025-11-29 06:00:00,17.2,78.0,0.0,4.8,25.0,-2.028567656355356,-4.35027737777592
2025-11-29 07:00:00,17.5,78.0,0.0,7.1,24.0,-2.8878301658381806,-6.486172749262467
2025-11-29 08:00:00,19.9,69.0,0.0,6.4,25.0,-2.704756875140475,-5.800369837034561
2025-11-29 09:00:00,22.2,63.0,0.0,5.9,12.0,-1.226678975824783,-5.771070844329453
2025-11-29 10:00:00,23.6,59.0,0.0,7.2,342.0,2.224922359499622,-6.8476069173251055
2025-11-29 11:00:00,24.4,56.0,0.0,10.3,337.0,4.02453062343952,-9.481199990560137
2025-11-29 12:00:00,24.7,53.0,0.0,12.5,342.0,3.862712429686843,-11.888206453689419
2025-11-29 13:00:00,24.5,53.0,0.0,16.2,343.0,4.736421616508335,-15.492137046601174
2025-11-29 14:00:00,24.5,54.0,0.0,16.9,349.0,3.2246720218636087,-16.58949940026552
2025-11-29 15:00:00,23.9,57.0,0.0,16.1,347.0,3.6217119749362254,-15.68735804304229
2025-11-29 16:00:00,22.6,63.0,0.0,16.3,352.0,2.268521545649067,-16.141369520487597
2025-11-29 17:00:00,21.1,74.0,0.0,14.6,358.0,0.5095326518565158,-14.591106074478798
2025-11-29 18:00:00,20.1,82.0,0.0,14.3,6.0,-1.494757024727443,-14.22166310376631
2025-11-29 19:00:00,19.8,85.0,0.0,11.5,14.0,-2.7821017993961794,-11.15840085217396
2025-11-29 20:00:00,19.6,89.0,0.0,9.2,23.0,-3.594726382101319,-8.46864465176245
2025-11-29 21:00:00,19.4,90.0,0.0,9.4,18.0,-2.904759747124507,-8.939931253174443
2025-11-29 22:00:00,19.4,92.0,0.0,10.1,16.0,-2.7839372937516886,-9.708743128977021
2025-11-29 23:00:00,19.5,93.0,0.0,8.0,14.0,-1.9353751647973423,-7.762365810207972
2025-11-30 00:00:00,19.2,95.0,0.0,7.0,10.0,-1.2155372436685123,-6.893654271085456
2025-11-30 01:00:00,18.7,96.0,0.0,6.2,12.0,-1.2890524830701107,-6.064515124549595
2025-11-30 02:00:00,18.9,95.0,0.0,8.4,34.0,-4.697220389154271,-6.963915609462352
2025-11-30 03:00:00,18.5,96.0,0.0,6.6,47.0,-4.826934430686525,-4.501189176412489
2025-11-30 04:00:00,18.6,94.0,0.0,6.8,40.0,-4.370955745868469,-5.209102213209049
2025-11-30 05:00:00,18.6,94.0,0.0,6.9,25.0,-2.9160660060108246,-6.253523730552885
2025-11-30 06:00:00,18.6,92.0,0.0,7.5,33.0,-4.084792762612702,-6.29002925959068
2025-11-30 07:00:00,19.0,90.0,0.0,7.2,37.0,-4.333068166694748,-5.750175672340508
2025-11-30 08:00:00,20.6,77.0,0.0,9.7,16.0,-2.673682351424889,-9.324238450601694
2025-11-30 09:00:00,22.9,69.0,0.0,11.0,11.0,-2.098898949141991,-10.797899017924303
2025-11-30 10:00:00,24.8,61.0,0.0,11.9,3.0,-0.6227978792910372,-11.88369146357943
2025-11-30 11:00:00,25.1,61.0,0.0,13.8,347.0,3.104324549945336,-13.446306894036248
2025-11-30 12:00:00,24.2,69.0,0.0,16.9,343.0,4.941081809814251,-16.1615503757753
2025-11-30 13:00:00,24.5,64.0,0.0,17.8,353.0,2.1692743126116256,-17.667321499215532
2025-11-30 14:00:00,24.0,70.0,0.0,18.3,350.0,3.177761651304827,-18.02198188012341
2025-11-30 15:00:00,22.7,77.0,0.0,19.3,355.0,1.6821058350298022,-19.22655767317069
2025-11-30 16:00:00,22.4,76.0,0.0,14.8,5.0,-1.289904992665342,-14.743681531757835
2025-11-30 17:00:00,21.6,84.0,0.0,12.7,353.0,1.547740661245373,-12.605336125844788
2025-11-30 18:00:00,21.4,86.0,0.0,11.0,357.0,0.5756955186723837,-10.984924882300312
2025-11-30 19:00:00,21.2,87.0,0.0,11.1,353.0,1.352749711797137,-11.017262283218674
2025-11-30 20:00:00,20.1,77.0,0.0,3.8,19.0,-1.2371589869371953,-3.592970587277404
2025-11-30 21:00:00,19.6,82.0,0.0,4.8,15.0,-1.2423314164920989,-4.636443966187528
2025-11-30 22:00:00,19.7,85.0,0.0,7.9,360.0,4.837354856632045e-16,-7.9
2025-11-30 23:00:00,20.0,85.0,0.0,10.9,7.0,-1.3283758431161041,-10.818753052890411
2025-12-01 00:00:00,20.0,87.0,0.0,9.8,5.0,-0.854126278927051,-9.762708041299106
2025-12-01 01:00:00,20.1,92.0,0.0,12.6,5.0,-1.0981623586204938,-12.552053195955994
2025-12-01 02:00:00,20.5,93.0,0.0,13.8,14.0,-3.3385221592754157,-13.390081022608753
2025-12-01 03:00:00,20.5,93.0,0.1,11.5,14.0,-2.7821017993961794,-11.15840085217396
2025-12-01 04:00:00,20.4,94.0,0.0,12.5,18.0,-3.8627124296868445,-11.888206453689419
2025-12-01 05:00:00,20.4,93.0,0.1,11.6,30.0,-5.800000000000005,-10.045894683899485
2025-12-01 06:00:00,20.2,91.0,0.0,16.5,27.0,-7.490843245702524,-14.701607649108068
2025-12-01 07:00:00,20.3,87.0,0.0,16.9,22.0,-6.330851428728917,-15.669407142178704
2025-12-01 08:00:00,21.7,74.0,0.0,13.1,29.0,-6.351006025227012,-11.457518163526087
2025-12-01 09:00:00,23.3,66.0,0.2,12.3,50.0,-9.42234665036343,-7.9062875991444335
2025-12-01 10:00:00,24.0,64.0,0.0,11.2,62.0,-9.88901304001998,-5.258081503201978
2025-12-01 11:00:00,25.9,58.0,0.0,9.4,48.0,-6.985561359487506,-6.289827699773268
2025-12-01 12:00:00,27.4,53.0,0.0,17.2,347.0,3.8691581347144766,-16.759165114306047
2025-12-01 13:00:00,25.0,66.0,0.0,21.5,350.0,3.733435819839004,-21.17336668976247
2025-12-01 14:00:00,25.0,69.0,0.0,23.1,357.0,1.2089605892120057,-23.068342252830657
2025-12-01 15:00:00,24.4,74.0,0.0,21.8,0.0,-4.0045950332118446e-15,-21.8
2025-12-01 16:00:00,23.6,77.0,0.0,19.1,357.0,0.9996167642402298,-19.07382411381236
2025-12-01 17:00:00,22.2,87.0,0.0,14.5,353.0,1.7671054793746386,-14.391919198799169
2025-12-01 18:00:00,21.8,89.0,0.0,15.2,6.0,-1.588832641668331,-15.116732809597755
2025-12-01 19:00:00,21.7,89.0,0.0,14.1,7.0,-1.718357742012575,-13.994900738142642
2025-12-01 20:00:00,21.4,91.0,0.0,12.2,352.0,1.6979118317127986,-12.081270438647158
2025-12-01 21:00:00,21.2,93.0,0.0,11.4,6.0,-1.1916244812512484,-11.337549607198318
2025-12-01 22:00:00,21.0,95.0,0.0,8.5,4.0,-0.5929300268250675,-8.479294427208506
2025-12-01 23:00:00,20.5,96.0,0.0,5.8,355.0,0.5055033079364172,-5.777929248932124
2025-12-02 00:00:00,20.6,95.0,0.0,9.0,3.0,-0.47102360618649874,-8.987665812791164
2025-12-02 01:00:00,20.6,95.0,0.0,10.1,22.0,-3.783526593500714,-9.364556931124552
2025-12-02 02:00:00,20.6,96.0,0.0,10.7,27.0,-4.857698347213152,-9.533769808815535
2025-12-02 03:00:00,20.4,96.0,0.0,8.1,31.0,-4.171808406771441,-6.943055135687108
2025-12-02 04:00:00,20.9,91.0,0.0,10.1,22.0,-3.783526593500714,-9.364556931124552
2025-12-02 05:00:00,21.1,88.0,0.0,11.5,30.0,-5.750000000000005,-9.959292143521042
2025-12-02 06:00:00,20.8,90.0,0.0,11.8,39.0,-7.425980614388087,-9.170322345192254
2025-12-02 07:00:00,20.5,92.0,0.0,11.2,41.0,-7.347861124693681,-8.452747298495046
2025-12-02 08:00:00,22.5,80.0,0.0,11.3,20.0,-3.864827619580055,-10.618526614880766
2025-12-02 09:00:00,24.6,71.0,0.0,10.7,6.0,-1.1184545569638908,-10.641384280440525
2025-12-02 10:00:00,26.2,65.0,0.0,14.6,359.0,0.2548051339843405,-14.597776349283313
2025-12-02 11:00:00,26.6,63.0,0.0,17.6,352.0,2.4494465768971523,-17.42871800985164
2025-12-02 12:00:00,26.0,68.0,0.0,21.8,351.0,3.410271337877034,-21.531605824974005
2025-12-02 13:00:00,25.6,68.0,0.0,25.1,357.0,1.3136325016978936,-25.065601322339806
2025-12-02 14:00:00,25.4,66.0,0.0,24.1,359.0,0.4206029951385347,-24.096329453269032
2025-12-02 15:00:00,24.5,71.0,0.0,24.7,360.0,1.512438796946981e-15,-24.7
2025-12-02 16:00:00,23.3,76.0,0.0,23.1,3.0,-1.2089605892120137,-23.068342252830657
2025-12-02 17:00:00,22.1,82.0,0.0,17.5,360.0,1.0715659492539341e-15,-17.5
2025-12-02 18:00:00,21.9,82.0,0.0,16.7,11.0,-3.1865102227882947,-16.393173963575986
2025-12-02 19:00:00,21.5,82.0,0.0,13.7,16.0,-3.7762317746928846,-13.16928523435497
2025-12-02 20:00:00,21.1,82.0,0.0,14.3,11.0,-2.728568633884588,-14.037268723301596
2025-12-02 21:00:00,21.0,82.0,0.0,12.5,8.0,-1.7396637620008228,-12.378350859269629
2025-12-02 22:00:00,20.5,84.0,0.0,12.2,8.0,-1.697911831712803,-12.081270438647156
2025-12-02 23:00:00,20.5,85.0,0.0,13.4,11.0,-2.556840538045698,-13.153804258198697
2025-12-03 00:00:00,20.5,81.0,0.0,17.3,15.0,-4.4775694802736075,-16.71051679480088
2025-12-03 01:00:00,20.2,78.0,0.0,17.0,21.0,-6.092255142270112,-15.870867250452427
2025-12-03 02:00:00,21.1,74.0,0.0,21.9,17.0,-6.402940333427942,-20.943074155590473
2025-12-03 03:00:00,21.1,76.0,0.0,22.1,18.0,-6.829275575686341,-21.018349010122893
2025-12-03 04:00:00,20.9,77.0,0.0,25.1,13.0,-5.6462714640310185,-24.456688626109404
2025-12-03 05:00:00,20.4,78.0,0.0,27.0,20.0,-9.23454386979305,-25.37170076121953
2025-12-03 06:00:00,19.9,77.0,0.0,23.3,22.0,-8.728333626590757,-21.603383811406147
2025-12-03 07:00:00,19.9,76.0,0.0,22.4,25.0,-9.46664906299166,-20.30129442962096
2025-12-03 08:00:00,20.4,71.0,0.0,28.1,12.0,-5.84231851197905,-27.48594758061994
2025-12-03 09:00:00,20.6,68.0,0.0,30.0,12.0,-6.237350724532794,-29.344428022014167
2025-12-03 10:00:00,20.5,67.0,0.0,30.2,12.0,-6.278933062696345,-29.540057542160927
2025-12-03 11:00:00,21.8,60.0,0.0,31.0,11.0,-5.915078856672883,-30.430442686877583
2025-12-03 12:00:00,20.7,64.0,0.0,31.1,11.0,-5.934159756210538,-30.52860540522235
2025-12-03 13:00:00,21.0,60.0,0.0,32.2,15.0,-8.333973252301165,-31.102811606508002
2025-12-03 14:00:00,20.3,63.0,0.0,33.1,10.0,-5.747754680775394,-32.597136624704085
2025-12-03 15:00:00,19.8,61.0,0.0,31.1,12.0,-6.46605358443233,-30.420390382821356
2025-12-03 16:00:00,19.6,59.0,0.0,30.1,13.0,-6.771026735750344,-29.32853895003558
2025-12-03 17:00:00,18.5,61.0,0.0,27.3,16.0,-7.52489981380407,-26.24244429911611
2025-12-03 18:00:00,18.5,60.0,0.0,27.4,18.0,-8.467065645873562,-26.058948546487205
2025-12-03 19:00:00,18.0,63.0,0.0,27.5,20.0,-9.405553941455885,-25.84154707161248
2025-12-03 20:00:00,18.0,63.0,0.0,25.2,15.0,-6.52223993658352,-24.341330822484522
2025-12-03 21:00:00,17.8,64.0,0.0,23.5,17.0,-6.870735060984322,-22.47316176513133
2025-12-03 22:00:00,17.3,65.0,0.0,21.7,18.0,-6.705668777936362,-20.63792640360483
2025-12-03 23:00:00,17.0,66.0,0.0,20.2,19.0,-6.576476720034564,-19.0994752271062
2025-12-04 00:00:00,16.9,66.0,0.0,19.3,21.0,-6.916501426224304,-18.018102231395993
2025-12-04 01:00:00,16.5,67.0,0.0,18.3,23.0,-7.1503796513537115,-16.845238818179656
2025-12-04 02:00:00,16.1,68.0,0.0,14.4,22.0,-5.394334945189137,-13.351447505761737
2025-12-04 03:00:00,16.0,68.0,0.0,15.2,19.0,-4.948635947748781,-14.371882349109615
2025-12-04 04:00:00,15.8,67.0,0.0,15.3,21.0,-5.483029628043101,-14.283780525407186
2025-12-04 05:00:00,15.6,66.0,0.0,14.9,21.0,-5.3396824482249805,-13.910348354808304
2025-12-04 06:00:00,15.4,66.0,0.0,14.3,24.0,-5.816333995983942,-13.063700044289195
2025-12-04 07:00:00,15.8,64.0,0.0,13.7,30.0,-6.850000000000006,-11.864548031846805
2025-12-04 08:00:00,18.0,57.0,0.0,10.5,27.0,-4.766900247265243,-9.355568503977862
2025-12-04 09:00:00,20.0,52.0,0.0,8.4,9.0,-1.3140495063379407,-8.296582060999157
2025-12-04 10:00:00,22.0,49.0,0.0,9.0,354.0,0.9407561694088811,-8.950697058314459
2025-12-04 11:00:00,23.2,48.0,0.0,10.4,350.0,1.8059410477360764,-10.242000631326963
2025-12-04 12:00:00,23.8,48.0,0.0,11.2,338.0,4.195593846258213,-10.384459171148018
2025-12-04 13:00:00,23.8,49.0,0.0,15.2,337.0,5.93911315303696,-13.991673772477093
2025-12-04 14:00:00,23.0,52.0,0.0,16.3,338.0,6.1060874726793655,-15.113096829438636
2025-12-04 15:00:00,22.6,53.0,0.0,18.1,347.0,4.071614083623955,-17.63609817261276
2025-12-04 16:00:00,21.5,56.0,0.0,22.5,353.0,2.7420602266158185,-22.332288411929746
2025-12-04 17:00:00,20.2,63.0,0.0,20.4,358.0,0.711949732731022,-20.38757287118955
2025-12-04 18:00:00,20.0,64.0,0.0,16.4,3.0,-0.8583096823842865,-16.37752436997501
2025-12-04 19:00:00,19.6,65.0,0.0,15.1,1.0,-0.26353133720298083,-15.097700196861508
2025-12-04 20:00:00,19.1,67.0,0.0,15.7,3.0,-0.8216745130142256,-15.678483695646808
2025-12-04 21:00:00,18.5,71.0,0.0,14.0,9.0,-2.1900825105632347,-13.827636768331928
2025-12-04 22:00:00,18.1,71.0,0.0,9.0,20.0,-3.078181289931017,-8.457233587073176
2025-12-04 23:00:00,16.9,76.0,0.0,4.7,18.0,-1.4523798735622535,-4.469965626587221
2025-12-05 00:00:00,16.4,79.0,0.0,3.1,360.0,1.8982025386783975e-16,-3.1
2025-12-05 01:00:00,16.0,80.0,0.0,1.7000000000000002,32.0,-0.9008627491964486,-1.4416817634659242
2025-12-05 02:00:00,15.1,82.0,0.0,4.3,118.0,-3.796674649293386,2.01872771997933
2025-12-05 03:00:00,14.7,83.0,0.0,2.4,63.0,-2.138415658052083,-1.089577199374912
2025-12-05 04:00:00,14.6,84.0,0.0,5.2,70.0,-4.886401628086724,-1.778504745293477
2025-12-05 05:00:00,14.4,86.0,0.0,4.6,45.0,-3.2526911934581193,-3.252691193458118
2025-12-05 06:00:00,14.4,88.0,0.0,5.9,27.0,-2.678543948463327,-5.25693849271137
2025-12-05 07:00:00,15.6,84.0,0.0,5.9,50.0,-4.51966221440197,-3.792446897150582
2025-12-05 08:00:00,18.3,71.0,0.0,6.4,47.0,-4.6806636903626915,-4.364789504399989
2025-12-05 09:00:00,21.5,59.0,0.0,6.3,27.0,-2.8601401483591453,-5.613341102386717
2025-12-05 10:00:00,23.2,53.0,0.0,7.9,359.0,0.13787401085454043,-7.898796791735491
2025-12-05 11:00:00,24.1,50.0,0.0,13.1,345.0,3.3905294908430217,-12.653628324386794
2025-12-05 12:00:00,24.1,52.0,0.0,18.6,345.0,4.814034238906886,-17.96622036897667
2025-12-05 13:00:00,23.6,54.0,0.0,22.2,346.0,5.370666082312622,-21.54056512332712
2025-12-05 14:00:00,22.8,57.0,0.0,21.2,345.0,5.48696375617344,-20.477627517328248
2025-12-05 15:00:00,22.4,59.0,0.0,22.4,357.0,1.1723254198419448,-22.36930157850245
2025-12-05 16:00:00,21.9,61.0,0.0,24.5,3.0,-1.2822309279521356,-24.466423601487058
2025-12-05 17:00:00,20.5,69.0,0.0,21.8,2.0,-0.7608090281145166,-21.786720029016287
2025-12-05 18:00:00,19.9,71.0,0.0,21.5,6.0,-2.247361960254547,-21.38222075041788
2025-12-05 19:00:00,19.4,72.0,0.0,17.1,11.0,-3.262833820938913,-16.785824836955054
2025-12-05 20:00:00,18.5,77.0,0.0,13.7,11.0,-2.614083236658661,-13.448292413232997
2025-12-05 21:00:00,18.0,79.0,0.0,13.8,12.0,-2.869181333285085,-13.498436890126518
2025-12-05 22:00:00,17.6,80.0,0.0,10.9,20.0,-3.7280195622497874,-10.242649566566403
2025-12-05 23:00:00,17.2,81.0,0.0,8.0,34.0,-4.473543227765973,-6.632300580440335
2025-12-06 00:00:00,16.2,86.0,0.0,5.5,11.0,-1.0494494745709955,-5.3989495089621515
2025-12-06 01:00:00,15.6,90.0,0.0,5.4,14.0,-1.3063782362382061,-5.2395969218903815
2025-12-06 02:00:00,15.1,91.0,0.0,4.3,24.0,-1.7489675652259404,-3.928245467863184
2025-12-06 03:00:00,15.5,91.0,0.0,6.8,22.0,-2.5473248352282036,-6.304850211054154
2025-12-06 04:00:00,16.1,89.0,0.0,10.0,23.0,-3.9073112848927383,-9.205048534524403
2025-12-06 05:00:00,16.0,89.0,0.0,10.1,35.0,-5.793122007145568,-8.273435647318815
2025-12-06 06:00:00,15.9,89.0,0.0,12.7,23.0,-4.962285331813777,-11.69041163884599
2025-12-06 07:00:00,16.6,85.0,0.0,15.9,26.0,-6.970101233946336,-14.290825336156752
2025-12-06 08:00:00,19.1,73.0,0.0,13.0,33.0,-7.080307455195351,-10.902717383290513
2025-12-06 09:00:00,21.6,63.0,0.0,14.3,18.0,-4.41894301956175,-13.600108183020696
2025-12-06 10:00:00,23.6,56.0,0.0,18.1,5.0,-1.5775189437326145,-18.031124035460596
2025-12-06 11:00:00,24.4,54.0,0.0,22.9,358.0,0.7991984744872747,-22.88604993873729
2025-12-06 12:00:00,24.4,55.0,0.0,25.8,356.0,1.7997170225984311,-25.737152496703466
2025-12-06 13:00:00,24.3,56.0,0.0,26.5,355.0,2.3096271828129407,-26.399159499431256
2025-12-06 14:00:00,23.9,59.0,0.0,25.1,356.0,1.7508874909775434,-25.03885766152159
2025-12-06 15:00:00,23.0,64.0,0.0,23.4,358.0,0.8166482228385252,-23.38574535224684
2025-12-06 16:00:00,22.2,67.0,0.0,20.9,358.0,0.7293994810822725,-20.8872682846991
2025-12-06 17:00:00,21.0,74.0,0.0,17.2,354.0,1.7978895682036393,-17.1057766003343
2025-12-06 18:00:00,20.2,79.0,0.0,16.1,356.0,1.1230792272804164,-16.060781209183173
2025-12-06 19:00:00,20.1,78.0,0.0,14.2,360.0,8.694992273946208e-16,-14.2
2025-12-06 20:00:00,19.9,81.0,0.0,9.7,358.0,0.33852511801426044,-9.694091022085228
2025-12-06 21:00:00,19.5,83.0,0.0,9.5,350.0,1.6496576878358389,-9.355673653615977
2025-12-06 22:00:00,18.8,87.0,0.0,6.1,348.0,1.2682613139883325,-5.966700364476214
2025-12-06 23:00:00,18.0,90.0,0.0,5.2,2.0,-0.18147738285300397,-5.196832300499298
2025-12-07 00:00:00,17.7,89.0,0.0,1.4,320.0,0.8999026535611551,-1.0724622203665692
2025-12-07 01:00:00,17.3,91.0,0.0,0.6000000000000001,326.0,0.3355157420824481,-0.4974225435330251
2025-12-07 02:00:00,15.9,97.0,0.0,0.5,135.0,-0.35355339059327373,0.3535533905932738
2025-12-07 03:00:00,15.1,98.0,0.0,2.4,144.0,-1.4106846055019353,1.9416407864998737
2025-12-07 04:00:00,14.8,98.0,0.0,4.2,144.0,-2.468698059628387,3.3978713763747797
2025-12-07 05:00:00,14.9,99.0,0.0,5.4,127.0,-4.312631754255382,3.2498011250210603
2025-12-07 06:00:00,14.6,99.0,0.0,6.3,114.0,-5.755336383148385,2.5624408513775427
2025-12-07 07:00:00,14.8,98.0,0.0,5.6,92.0,-5.596588631306936,0.19543718153400638
2025-12-07 08:00:00,17.5,92.0,0.0,2.0,63.0,-1.7820130483767358,-0.9079809994790934
2025-12-07 09:00:00,21.2,75.0,0.0,0.4,117.0,-0.35640260967534715,0.18159619989581877
2025-12-07 10:00:00,24.0,62.0,0.0,2.4,279.0,2.3704520174283306,-0.37544271609655405
2025-12-07 11:00:00,25.5,53.0,0.0,6.4,299.0,5.597566125692133,-3.1027815695765573
2025-12-07 12:00:00,25.7,52.0,0.0,11.3,318.0,7.561175851855099,-8.397536527894555
2025-12-07 13:00:00,25.2,48.0,0.0,13.6,321.0,8.55875731827779,-10.569185075814804
2025-12-07 14:00:00,24.6,54.0,0.0,13.6,325.0,7.800639534374228,-11.140467802330289
2025-12-07 15:00:00,24.4,58.0,0.0,12.0,336.0,4.880839716909603,-10.96254549171121
2025-12-07 16:00:00,23.4,66.0,0.0,11.5,338.0,4.3079758242829875,-10.662614327518055
2025-12-07 17:00:00,21.4,78.0,0.0,10.7,344.0,2.949319707241891,-10.285500146540011
2025-12-07 18:00:00,20.3,83.0,0.0,13.3,2.0,-0.4641633061432601,-13.291897999353974
2025-12-07 19:00:00,20.0,89.0,0.0,15.0,13.0,-3.3742658151579787,-14.615550971778527
2025-12-07 20:00:00,20.0,94.0,0.0,11.2,30.0,-5.600000000000005,-9.69948452238571
2025-12-07 21:00:00,19.5,92.0,0.0,6.1,24.0,-2.4810935227623805,-5.572627291619866
2025-12-07 22:00:00,18.5,91.0,0.0,5.2,29.0,-2.5210100252809515,-4.548022477124859
2025-12-07 23:00:00,18.5,87.0,0.0,3.6,342.0,1.112461179749811,-3.4238034586625528
2025-12-08 00:00:00,18.2,88.0,0.0,3.6,351.0,0.5631640741448314,-3.555678026142496
2025-12-08 01:00:00,18.0,88.0,0.0,2.8,72.0,-2.66295824562643,-0.8652475842498524
2025-12-08 02:00:00,17.5,93.0,0.0,6.6,9.0,-1.0324674692655247,-6.5187430479279085
2025-12-08 03:00:00,18.8,92.0,0.0,13.1,18.0,-4.048122626311813,-12.45884036346651
2025-12-08 04:00:00,18.6,90.0,0.0,15.4,27.0,-6.991453695989023,-13.721500472500864
2025-12-08 05:00:00,19.0,85.0,0.0,17.2,21.0,-6.163928732179172,-16.05758333575187
2025-12-08 06:00:00,19.8,87.0,0.0,21.1,17.0,-6.1690429696497535,-20.17803035082005
2025-12-08 07:00:00,20.4,86.0,0.0,22.9,15.0,-5.926956132847722,-22.119701422019663
2025-12-08 08:00:00,22.1,76.0,0.0,24.6,14.0,-5.951278631751828,-23.869274866389514
2025-12-08 09:00:00,23.2,67.0,0.0,26.8,9.0,-4.192443663078192,-26.47004752794969
2025-12-08 10:00:00,24.1,61.0,0.0,28.8,7.0,-3.5098370900682387,-28.58532916727008
2025-12-08 11:00:00,24.5,59.0,0.0,29.5,2.0,-1.0295351527237724,-29.482029397063325
2025-12-08 12:00:00,24.4,60.0,0.0,29.7,1.0,-0.5183364711873198,-29.69547654614482
2025-12-08 13:00:00,24.5,58.0,0.0,29.2,1.0,-0.5096102679686781,-29.195552698566626
2025-12-08 14:00:00,24.3,57.0,0.0,28.8,358.0,1.0051055050320312,-28.78245581814996
2025-12-08 15:00:00,23.3,63.0,0.0,29.9,357.0,1.5648450916640244,-29.859023089161756
2025-12-08 16:00:00,22.4,67.0,0.0,29.9,1.0,-0.5218269524747765,-29.895446085176097
2025-12-08 17:00:00,21.4,71.0,0.0,28.3,4.0,-1.9741082069587539,-28.231062622353026
2025-12-08 18:00:00,20.7,71.0,0.0,25.6,12.0,-5.322539284934651,-25.040578578785425
2025-12-08 19:00:00,20.1,71.0,0.0,25.8,17.0,-7.543189981846617,-24.672662703846314
2025-12-08 20:00:00,19.7,75.0,0.0,21.4,21.0,-7.669074120269435,-19.978621127040114
2025-12-08 21:00:00,19.2,78.0,0.0,16.2,21.0,-5.805560782633871,-15.124002909254665
2025-12-08 22:00:00,18.9,80.0,0.0,14.9,15.0,-3.8564037720275572,-14.392294811707119
2025-12-08 23:00:00,18.6,81.0,0.0,14.0,23.0,-5.470235798849833,-12.887067948334163
2025-12-09 00:00:00,18.1,82.0,0.0,10.7,22.0,-4.008290549550261,-9.920867243864624
2025-12-09 01:00:00,17.8,84.0,0.0,8.1,17.0,-2.3682108082541706,-7.746068523300586
2025-12-09 02:00:00,17.5,86.0,0.0,10.5,19.0,-3.4184656218001446,-9.927945043792826
2025-12-09 03:00:00,17.7,86.0,0.0,9.7,27.0,-4.403707847473605,-8.642763284627167
2025-12-09 04:00:00,17.6,86.0,0.0,9.6,34.0,-5.368251873319167,-7.958760696528401
2025-12-09 05:00:00,17.4,87.0,0.0,10.1,27.0,-4.585304047369424,-8.999165894302514
2025-12-09 06:00:00,17.5,88.0,0.0,10.5,22.0,-3.933369230867079,-9.735430472951267
2025-12-09 07:00:00,18.0,87.0,0.0,11.7,27.0,-5.311688846952698,-10.424776333003903
2025-12-09 08:00:00,20.0,77.0,0.0,12.4,16.0,-3.417903212130786,-11.919645029635156
2025-12-09 09:00:00,22.4,66.0,0.0,12.3,25.0,-5.1982046194106,-11.147585780550797
2025-12-09 10:00:00,24.2,58.0,0.0,8.1,12.0,-1.6840846956238542,-7.9229955659438245
2025-12-09 11:00:00,25.3,56.0,0.0,13.9,340.0,4.754079992226797,-13.061727428924126
2025-12-09 12:00:00,25.4,56.0,0.0,18.7,340.0,6.395776680190007,-17.572252008696484
2025-12-09 13:00:00,24.6,61.0,0.0,20.9,341.0,6.804374428154576,-19.761338230025718
2025-12-09 14:00:00,24.0,60.0,0.0,16.5,319.0,10.82497397834337,-12.452708073675739
2025-12-09 15:00:00,23.2,64.0,0.0,16.0,333.0,7.263847995832749,-14.256104387013885
2025-12-09 16:00:00,22.5,69.0,0.0,15.4,349.0,2.9384585287987917,-15.117058625094026
2025-12-09 17:00:00,21.4,79.0,0.0,13.9,359.0,0.242588449478242,-13.897882962673838
2025-12-09 18:00:00,20.6,85.0,0.0,12.4,3.0,-0.6489658574125095,-12.383006230956715
2025-12-09 19:00:00,20.2,87.0,0.0,11.5,9.0,-1.798996347962657,-11.358415916844082
2025-12-09 20:00:00,20.0,86.0,0.0,13.0,5.0,-1.1330246557195571,-12.950531075192693
2025-12-09 21:00:00,19.8,88.0,0.0,11.5,2.0,-0.40134421207875876,-11.492994510719601
2025-12-09 22:00:00,19.5,91.0,0.0,11.2,5.0,-0.9761443187737723,-11.157380618627549
2025-12-09 23:00:00,19.0,93.0,0.0,7.4,22.0,-2.772088791277751,-6.861160523794227
2025-12-10 00:00:00,18.0,95.0,0.0,5.2,14.0,-1.2579938571182725,-5.045537776635181
2025-12-10 01:00:00,17.9,95.0,0.0,5.5,23.0,-2.149021206691006,-5.062776693988422
2025-12-10 02:00:00,18.2,94.0,0.0,9.4,13.0,-2.1145399108323333,-9.159078608981211
2025-12-10 03:00:00,18.2,95.0,0.0,9.8,28.0,-4.600821315301729,-8.652886410017485
2025-12-10 04:00:00,18.4,94.0,0.0,10.6,32.0,-5.617144200871973,-8.989309819258114
2025-12-10 05:00:00,18.5,92.0,0.0,11.1,32.0,-5.882103832988576,-9.413333867336327
2025-12-10 06:00:00,18.7,91.0,0.0,12.3,30.0,-6.150000000000006,-10.652112466548592
2025-12-10 07:00:00,19.0,90.0,0.0,12.6,34.0,-7.045830583731407,-10.445873414193526
2025-12-10 08:00:00,20.2,92.0,0.0,13.7,32.0,-7.259893919994909,-11.618258917343034
2025-12-10 09:00:00,22.9,77.0,0.0,21.5,20.0,-7.353433081501874,-20.203391346897032
2025-12-10 10:00:00,24.4,68.0,0.0,20.0,11.0,-3.816179907530892,-19.63254366895328
2025-12-10 11:00:00,24.6,68.0,0.0,20.2,358.0,0.7049698333905218,-20.187694705785734
2025-12-10 12:00:00,24.5,65.0,0.0,20.5,354.0,2.142833496986896,-20.387698855049603
2025-12-10 13:00:00,24.5,61.0,0.0,18.1,351.0,2.83146381722818,-17.877158964771994
2025-12-10 14:00:00,24.0,63.0,0.0,16.9,353.0,2.0595919035469925,-16.77402996273834
2025-12-10 15:00:00,22.8,68.0,0.0,19.1,356.0,1.332348648512792,-19.053473359962645
2025-12-10 16:00:00,21.8,72.0,0.0,17.3,2.0,-0.6037612929532632,-17.289461307430358
2025-12-10 17:00:00,20.3,81.0,0.0,15.3,3.0,-0.800740130517048,-15.27903188174498
2025-12-10 18:00:00,19.4,87.0,0.0,15.6,6.0,-1.6306440269753923,-15.514541567745065
2025-12-10 19:00:00,19.1,89.0,0.0,13.8,15.0,-3.571702822414785,-13.329776402789143
2025-12-10 20:00:00,18.9,94.0,0.0,14.6,16.0,-4.0243053949281835,-14.034420760699458
2025-12-10 21:00:00,18.4,95.0,0.0,11.5,30.0,-5.750000000000005,-9.959292143521042
2025-12-10 22:00:00,18.0,95.0,0.0,9.4,38.0,-5.787217868061186,-7.407301083903188
2025-12-10 23:00:00,17.5,96.0,0.0,8.1,43.0,-5.524186716506239,-5.9239649831152805
2025-12-11 00:00:00,17.2,96.0,0.0,7.6,47.0,-5.558288132305696,-5.183187536474987
2025-12-11 01:00:00,17.1,96.0,0.0,8.4,50.0,-6.4347733221994154,-5.39941592136693
2025-12-11 02:00:00,16.8,95.0,0.0,11.3,48.0,-8.397536527894555,-7.561175851855099
2025-12-11 03:00:00,16.5,91.0,0.0,10.2,49.0,-7.698037718272275,-6.691802095703172
2025-12-11 04:00:00,16.5,87.0,0.0,10.5,25.0,-4.437491748277341,-9.516231763884825
2025-12-11 05:00:00,17.5,80.0,0.0,15.7,19.0,-5.111420024977359,-14.844641636909273
2025-12-11 06:00:00,18.0,77.0,0.0,17.4,20.0,-5.951150493866632,-16.350651601674805
2025-12-11 07:00:00,18.0,76.0,0.0,16.3,22.0,-6.106087472679371,-15.113096829438634
2025-12-11 08:00:00,20.2,68.0,0.0,14.3,7.0,-1.7427316106936046,-14.193409968470906
2025-12-11 09:00:00,22.5,61.0,0.0,17.5,2.0,-0.6107411922937633,-17.489339472834175
2025-12-11 10:00:00,23.4,59.0,0.0,21.1,358.0,0.7363793804227728,-21.08714645010292
2025-12-11 11:00:00,23.4,60.0,0.0,22.3,357.0,1.1670918242176505,-22.269438625026996
2025-12-11 12:00:00,23.7,57.0,0.0,22.3,359.0,0.38918866355142423,-22.296603601987528
2025-12-11 13:00:00,23.5,57.0,0.0,24.7,357.0,1.2926981192007159,-24.66614950843797
2025-12-11 14:00:00,23.2,61.0,0.0,24.4,355.0,2.1266001230428584,-24.30715063343859
2025-12-11 15:00:00,22.5,67.0,0.0,24.5,357.0,1.2822309279521271,-24.466423601487058
2025-12-11 16:00:00,21.5,72.0,0.0,23.9,360.0,1.463452924981087e-15,-23.9
2025-12-11 17:00:00,20.5,76.0,0.0,20.9,4.0,-1.4579103012522245,-20.849088650430325
2025-12-11 18:00:00,20.2,75.0,0.0,19.1,9.0,-2.987898282268413,-18.86484730536713
2025-12-11 19:00:00,19.9,74.0,0.0,18.4,14.0,-4.451362879033887,-17.853441363478332
2025-12-11 20:00:00,19.1,77.0,0.0,17.0,15.0,-4.399923766742851,-16.42073904691416
2025-12-11 21:00:00,18.5,80.0,0.0,12.9,28.0,-6.056183159937991,-11.390023947880158
2025-12-11 22:00:00,17.9,82.0,0.0,9.1,32.0,-4.8222653045221655,-7.717237675023476
2025-12-11 23:00:00,17.0,87.0,0.0,5.6,21.0,-2.006860517453684,-5.228050388384329
2025-12-12 00:00:00,16.5,89.0,0.0,5.5,32.0,-2.9145559532826275,-4.664264528860342
2025-12-12 01:00:00,16.1,91.0,0.0,5.6,50.0,-4.289848881466277,-3.5996106142446194
2025-12-12 02:00:00,15.9,91.0,0.0,6.1,62.0,-5.385980316439453,-2.863776532993934
2025-12-12 03:00:00,15.9,91.0,0.0,4.6,54.0,-3.7214781741247585,-2.7038121605453758
2025-12-12 04:00:00,15.5,92.0,0.0,4.2,47.0,-3.0716855468005164,-2.8643931122624933
2025-12-12 05:00:00,15.4,91.0,0.0,4.7,32.0,-2.490620541896064,-3.9858260519352022
2025-12-12 06:00:00,15.2,91.0,0.0,5.0,41.0,-3.2802951449525364,-3.77354790111386
2025-12-12 07:00:00,16.4,85.0,0.0,5.0,35.0,-2.867882181755232,-4.095760221444958
2025-12-12 08:00:00,19.4,69.0,0.0,6.9,28.0,-3.239353783222646,-6.092338390726597
2025-12-12 09:00:00,22.5,58.0,0.0,6.1,5.0,-0.5316500307607153,-6.076787658359647
2025-12-12 10:00:00,24.8,53.0,0.0,8.1,355.0,0.7059615162560309,-8.069177054543138
2025-12-12 11:00:00,25.7,51.0,0.0,10.2,339.0,3.6553530853620635,-9.522520350271456
2025-12-12 12:00:00,25.9,53.0,0.0,16.2,339.0,5.805560782633866,-15.124002909254667
2025-12-12 13:00:00,25.5,55.0,0.0,20.4,344.0,5.623002058666782,-19.609738597141703
2025-12-12 14:00:00,25.0,57.0,0.0,18.2,343.0,5.321165025953809,-17.404746558527243
2025-12-12 15:00:00,24.5,58.0,0.0,17.4,353.0,2.120526575249566,-17.270303038559
2025-12-12 16:00:00,23.0,67.0,0.0,21.1,360.0,1.2920023731004577e-15,-21.1
2025-12-12 17:00:00,21.2,76.0,0.0,20.2,355.0,1.7605460035026943,-20.12313290145326
2025-12-12 18:00:00,20.5,76.0,0.0,22.6,11.0,-4.312283295509909,-22.18477434591721
2025-12-12 19:00:00,20.1,76.0,0.0,14.3,23.0,-5.587455137396616,-13.163219404369896
2025-12-12 20:00:00,19.9,78.0,0.0,9.0,15.0,-2.3293714059226858,-8.693332436601615
2025-12-12 21:00:00,19.2,81.0,0.0,7.1,21.0,-2.5444124417716347,-6.6284210281301315
2025-12-12 22:00:00,18.4,86.0,0.0,3.5,15.0,-0.9058666578588221,-3.380740392011739
2025-12-12 23:00:00,17.8,91.0,0.0,5.5,324.0,3.232818887608602,-4.449593469062211
2025-12-13 00:00:00,18.8,92.0,0.0,12.8,360.0,7.837739514543061e-16,-12.8
2025-12-13 01:00:00,19.0,89.0,0.0,11.0,32.0,-5.829111906565255,-9.328529057720685
2025-12-13 02:00:00,18.4,91.0,0.0,4.7,40.0,-3.0211017655267356,-3.6004088826591962
2025-12-13 03:00:00,17.6,93.0,0.0,4.7,360.0,2.8779199779962803e-16,-4.7
2025-12-13 04:00:00,18.2,91.0,0.0,11.8,19.0,-3.8417042225944487,-11.157119192071939
2025-12-13 05:00:00,19.0,88.0,0.0,16.4,26.0,-7.189286807340874,-14.740222359306335
2025-12-13 06:00:00,18.8,89.0,0.0,13.4,32.0,-7.100918140724947,-11.363844488496108
2025-12-13 07:00:00,18.5,90.0,0.0,11.2,49.0,-8.452747298495048,-7.3478611246936785
2025-12-13 08:00:00,19.8,77.0,0.0,7.5,60.0,-6.495190528383289,-3.750000000000001
2025-12-13 09:00:00,22.9,63.0,0.0,9.2,348.0,1.9127875555233869,-8.998957926751011
2025-12-13 10:00:00,23.9,66.0,0.0,20.8,356.0,1.450934653877805,-20.749332245404343
2025-12-13 11:00:00,24.1,65.0,0.0,27.0,2.0,-0.9422864109675205,-26.983552329515586
2025-12-13 12:00:00,23.5,67.0,0.0,31.0,2.0,-1.0818843977775237,-30.98111563759197
2025-12-13 13:00:00,23.1,67.0,0.0,30.8,6.0,-3.2194766686437237,-30.631274377342823
2025-12-13 14:00:00,23.0,67.0,0.0,29.3,5.0,-2.5536632625063866,-29.188504654088145
2025-12-13 15:00:00,22.1,69.0,0.0,29.9,7.0,-3.6438933678139,-29.67712993407553
2025-12-13 16:00:00,21.2,72.0,0.0,30.2,9.0,-4.7243208442149776,-29.828187885973158
2025-12-13 17:00:00,20.2,76.0,0.0,29.7,13.0,-6.681046314012798,-28.938790924121484
2025-12-13 18:00:00,19.6,79.0,0.0,29.6,12.0,-6.15418604820569,-28.953168981720648
2025-12-13 19:00:00,19.3,78.0,0.0,30.3,11.0,-5.781512559909302,-29.743303658464217
2025-12-13 20:00:00,19.1,76.0,0.0,27.4,12.0,-5.696780328406618,-26.801244260106273
2025-12-13 21:00:00,18.9,75.0,0.0,29.5,14.0,-7.1366959201902,-28.623723925141896
2025-12-13 22:00:00,18.6,73.0,0.0,27.8,17.0,-8.12793339129209,-26.58527221577238
2025-12-13 23:00:00,18.4,73.0,0.0,28.4,14.0,-6.870581835030565,-27.5563986262383
2025-12-14 00:00:00,18.2,71.0,0.0,29.7,15.0,-7.686925639544863,-28.687997040785326
2025-12-14 01:00:00,18.0,70.0,0.0,30.7,16.0,-8.462066823581866,-29.510734065306394
2025-12-14 02:00:00,17.7,72.0,0.0,30.7,16.0,-8.462066823581866,-29.510734065306394
2025-12-14 03:00:00,17.2,71.0,0.0,28.0,16.0,-7.717845962875969,-26.915327486272933
2025-12-14 04:00:00,16.6,74.0,0.3,29.1,19.0,-9.47403329470326,-27.51459054994012
2025-12-14 05:00:00,16.8,70.0,0.0,31.7,19.0,-10.320510496291865,-29.972938846498344
2025-12-14 06:00:00,16.4,69.0,0.0,33.6,19.0,-10.939089989760463,-31.769424140137048
2025-12-14 07:00:00,16.1,65.0,0.0,31.8,19.0,-10.35306731173758,-30.067490704058276
2025-12-14 08:00:00,16.5,60.0,0.0,29.0,17.0,-8.478779436959377,-27.732837922928024
2025-12-14 09:00:00,17.3,55.0,0.0,28.4,17.0,-8.303356414125734,-27.159055069350202
2025-12-14 10:00:00,18.8,50.0,0.0,28.2,12.0,-5.863109681060826,-27.583762340693315
2025-12-14 11:00:00,19.3,42.0,0.0,30.9,12.0,-6.424471246268777,-30.22476086267459
2025-12-14 12:00:00,19.6,40.0,0.0,30.4,11.0,-5.800593459446956,-29.841466376808985
2025-12-14 13:00:00,19.6,43.0,0.0,31.5,9.0,-4.9276856487672775,-31.112182728746838
2025-12-14 14:00:00,19.1,48.0,0.0,31.8,4.0,-2.2182558650631936,-31.72253679826241
2025-12-14 15:00:00,18.3,52.0,0.0,30.5,8.0,-4.2447795792820076,-30.20317609661789
2025-12-14 16:00:00,17.7,53.0,0.0,26.2,9.0,-4.098582984054053,-25.877434523592605
2025-12-14 17:00:00,16.5,57.0,0.0,23.8,8.0,-3.312319802849567,-23.568380036049373
2025-12-14 18:00:00,15.5,61.0,0.0,25.2,14.0,-6.096431769111628,-24.45145230215511
2025-12-14 19:00:00,14.7,60.0,0.0,23.4,16.0,-6.449914126117774,-22.493523684956664
2025-12-14 20:00:00,14.2,63.0,0.0,19.1,14.0,-4.620708205953655,-18.532648371871534
2025-12-14 21:00:00,13.9,62.0,0.0,16.3,19.0,-5.306760917651654,-15.411952782268866
2025-12-14 22:00:00,13.9,61.0,0.0,14.6,26.0,-6.400218743120535,-13.122393075967835
2025-12-14 23:00:00,13.6,61.0,0.0,11.9,20.0,-4.070039705575456,-11.18234218735231
2025-12-15 00:00:00,13.8,61.0,0.0,10.3,19.0,-3.3533519909087137,-9.738841328672963
2025-12-15 01:00:00,14.0,60.0,0.0,9.9,21.0,-3.547842700498477,-9.242446222322297
2025-12-15 02:00:00,13.5,61.0,0.0,6.9,39.0,-4.342310698243882,-5.362307134053097
2025-12-15 03:00:00,13.1,63.0,0.0,5.5,41.0,-3.6083246594477902,-4.150902691225246
2025-12-15 04:00:00,12.4,67.0,0.0,4.7,58.0,-3.9858260519352027,-2.4906205418960625
2025-12-15 05:00:00,12.1,69.0,0.0,4.6,51.0,-3.5748714227020653,-2.894873798829253
2025-12-15 06:00:00,11.9,71.0,0.0,3.8,41.0,-2.4930243101639276,-2.8678964048465336
2025-12-15 07:00:00,12.2,71.0,0.0,3.6,72.0,-3.423803458662553,-1.1124611797498103
2025-12-15 08:00:00,14.9,61.0,0.0,3.5,24.0,-1.4235782507653003,-3.1974091017491033
2025-12-15 09:00:00,18.6,52.0,0.0,3.3,347.0,0.7423384793347542,-3.2154212137912763
2025-12-15 10:00:00,20.6,50.0,0.0,2.8,305.0,2.293625724009177,-1.6060140217829288
2025-12-15 11:00:00,21.9,50.0,0.0,6.6,283.0,6.430842427582553,-1.484676958669509
2025-12-15 12:00:00,22.2,49.0,0.0,7.4,302.0,6.275555911557553,-3.9214025553257166
2025-12-15 13:00:00,22.5,50.0,0.0,8.6,311.0,6.490502389915839,-5.642107649318362
2025-12-15 14:00:00,21.5,55.0,0.0,11.5,310.0,8.809511095868247,-7.392057511395201
2025-12-15 15:00:00,20.4,61.0,0.0,9.8,316.0,6.807652030498174,-7.049530043318781
2025-12-15 16:00:00,20.4,64.0,0.0,8.3,319.0,5.445289940621211,-6.264089515849008
2025-12-15 17:00:00,19.2,69.0,0.0,4.1,345.0,1.061158084920335,-3.96029588778518
2025-12-15 18:00:00,17.9,77.0,0.0,1.6,6.0,-0.1672455412282454,-1.5912350325892375
2025-12-15 19:00:00,17.4,79.0,0.0,0.7000000000000001,360.0,4.2862637970157366e-17,-0.7000000000000001
2025-12-15 20:00:00,17.5,80.0,0.0,1.6,63.0,-1.4256104387013888,-0.7263847995832747
2025-12-15 21:00:00,17.1,83.0,0.0,2.2,66.0,-2.0098000068137223,-0.8948206147667606
2025-12-15 22:00:00,16.4,86.0,0.0,4.7,90.0,-4.7,5.755839955992561e-16
2025-12-15 23:00:00,16.3,85.0,0.0,7.4,116.0,-6.651075942613836,3.2439464862391723
2025-12-16 00:00:00,15.4,88.0,0.0,5.1,113.0,-4.694574752607446,1.9927287552952961
2025-12-16 01:00:00,14.9,89.0,0.0,2.9,83.0,-2.878383839759834,-0.3534210958749272
2025-12-16 02:00:00,14.4,91.0,0.0,3.3,36.0,-1.9396913325651617,-2.6697560814373262
2025-12-16 03:00:00,14.3,92.0,0.0,6.0,69.0,-5.601482558983211,-2.1502076972718025
2025-12-16 04:00:00,14.0,90.0,0.0,6.3,90.0,-6.3,7.715274834628325e-16
2025-12-16 05:00:00,13.7,91.0,0.0,4.2,100.0,-4.136192562651273,0.7293223462011071
2025-12-16 06:00:00,13.4,92.0,0.0,3.1,87.0,-3.0957515577391788,-0.16224146435312506
2025-12-16 07:00:00,13.9,91.0,0.0,3.7,61.0,-3.236092916415765,-1.7937955949114468
2025-12-16 08:00:00,17.8,74.0,0.0,5.9,52.0,-4.64926344627966,-3.6324027044213834
2025-12-16 09:00:00,20.4,70.0,0.0,9.0,20.0,-3.078181289931017,-8.457233587073176
2025-12-16 10:00:00,21.6,66.0,0.0,11.8,12.0,-2.453357951649566,-11.542141688658907
2025-12-16 11:00:00,22.7,59.0,0.0,12.4,2.0,-0.43275375911100944,-12.392446255036788
2025-12-16 12:00:00,23.4,53.0,0.0,14.7,354.0,1.5365684100345058,-14.619471861913617
2025-12-16 13:00:00,22.8,57.0,0.0,17.3,348.0,3.596872251147239,-16.921953492694836
2025-12-16 14:00:00,22.5,63.0,0.0,19.3,348.0,4.012695632782758,-18.878248694162448
2025-12-16 15:00:00,22.1,64.0,0.0,18.9,353.0,2.3033305903572874,-18.759122266020984
2025-12-16 16:00:00,21.2,69.0,0.0,20.2,4.0,-1.4090807696313368,-20.15079381524845
2025-12-16 17:00:00,19.5,84.0,0.0,18.9,2.0,-0.6596004876772643,-18.888486630660907
2025-12-16 18:00:00,19.2,86.0,0.0,16.1,4.0,-1.123079227280422,-16.060781209183173
2025-12-16 19:00:00,19.0,87.0,0.0,12.8,11.0,-2.442355140819771,-12.5648279481301
2025-12-16 20:00:00,18.7,87.0,0.0,9.7,24.0,-3.9453454378352606,-8.861390939133228
2025-12-16 21:00:00,17.8,92.0,0.0,6.9,23.0,-2.6960447865759893,-6.351483488821838
2025-12-16 22:00:00,17.2,93.0,0.0,6.6,22.0,-2.472403516545021,-6.119413440140796
2025-12-16 23:00:00,17.1,92.0,0.0,7.8,23.0,-3.0477028022163357,-7.179937856929034
2025-12-17 00:00:00,17.1,91.0,0.0,8.6,20.0,-2.9413732326007493,-8.081356538758811
2025-12-17 01:00:00,17.3,89.0,0.0,11.1,23.0,-4.3371155262309395,-10.217603873322087
2025-12-17 02:00:00,17.3,89.0,0.0,12.1,25.0,-5.11368096706246,-10.966324223143465
2025-12-17 03:00:00,17.3,89.0,0.0,12.2,36.0,-7.170980077968173,-9.870007331374357
2025-12-17 04:00:00,17.3,90.0,0.0,13.4,27.0,-6.083472696509928,-11.93948742412413
2025-12-17 05:00:00,17.5,90.0,0.0,14.3,24.0,-5.816333995983942,-13.063700044289195
2025-12-17 06:00:00,17.6,91.0,0.0,13.3,23.0,-5.196724008907342,-12.242714550917457
2025-12-17 07:00:00,18.0,90.0,0.0,14.1,21.0,-5.05298808858874,-13.163484013610542
2025-12-17 08:00:00,19.9,81.0,0.0,12.8,15.0,-3.312883777312264,-12.363850576500075
2025-12-17 09:00:00,22.0,69.0,0.0,16.1,13.0,-3.6217119749362308,-15.687358043042288
2025-12-17 10:00:00,23.5,66.0,0.0,17.8,7.0,-2.16927431261162,-17.667321499215532
2025-12-17 11:00:00,24.4,65.0,0.0,22.0,0.0,-4.0413344371862654e-15,-22.0
2025-12-17 12:00:00,24.0,66.0,0.0,26.5,356.0,1.8485465542193187,-26.435447331885342
2025-12-17 13:00:00,23.7,66.0,0.0,27.4,355.0,2.388067351285833,-27.29573472771383
2025-12-17 14:00:00,23.5,67.0,0.0,28.5,356.0,1.988059501707569,-28.43057543240499
2025-12-17 15:00:00,22.9,69.0,0.0,27.0,359.0,0.47121497380665717,-26.995887769222563
2025-12-17 16:00:00,21.9,75.0,0.0,25.7,359.0,0.4485268454381885,-25.696085765519253
2025-12-17 17:00:00,20.8,80.0,0.0,22.0,359.0,0.3839529416202392,-21.99664929344061
2025-12-17 18:00:00,20.6,79.0,0.0,21.2,7.0,-2.58363008018912,-21.041978414796027
2025-12-17 19:00:00,20.5,78.0,0.0,18.0,12.0,-3.7424104347196763,-17.6066568132085
2025-12-17 20:00:00,20.0,78.0,0.0,16.8,13.0,-3.7791777129769364,-16.369417088391952
2025-12-17 21:00:00,19.7,77.0,0.0,15.9,16.0,-4.382633957490282,-15.284060965419272
2025-12-17 22:00:00,19.5,76.0,0.0,14.0,20.0,-4.78828200655936,-13.155696691002717
2025-12-17 23:00:00,19.0,78.0,0.0,11.7,17.0,-3.420748945256024,-11.188765644767512
2025-12-18 00:00:00,18.5,80.0,0.0,9.6,16.0,-2.6461186158431893,-9.228112281007862
2025-12-18 01:00:00,17.8,84.0,0.0,6.3,27.0,-2.8601401483591453,-5.613341102386717
2025-12-18 02:00:00,17.1,88.0,0.0,6.7,20.0,-2.2915349602819792,-6.295940559265587
2025-12-18 03:00:00,17.0,88.0,0.0,7.6,19.0,-2.4743179738743906,-7.185941174554808
2025-12-18 04:00:00,16.5,91.0,0.0,6.5,32.0,-3.4444752175158326,-5.512312625016769
2025-12-18 05:00:00,15.9,93.0,0.0,5.4,48.0,-4.012982057577929,-3.6133052743378347
2025-12-18 06:00:00,15.2,95.0,0.0,4.8,48.0,-3.5670951622914924,-3.2118269105225195
2025-12-18 07:00:00,15.8,92.0,0.0,5.5,44.0,-3.820621037524485,-3.9563689018625814
2025-12-18 08:00:00,18.1,77.0,0.0,6.6,16.0,-1.8192065483921926,-6.344327193192905
2025-12-18 09:00:00,20.5,68.0,0.0,9.0,12.0,-1.8712052173598381,-8.80332840660425
2025-12-18 10:00:00,23.2,60.0,0.0,10.6,356.0,0.7394186216877274,-10.574178932754137
2025-12-18 11:00:00,24.2,57.0,0.0,15.5,348.0,3.2226312076752714,-15.161287811373986
2025-12-18 12:00:00,24.8,56.0,0.0,17.4,347.0,3.914148345583249,-16.95403912726309
2025-12-18 13:00:00,24.9,56.0,0.0,18.4,349.0,3.510885514928426,-18.061940175437016
2025-12-18 14:00:00,24.5,59.0,0.0,18.9,347.0,4.251574927099047,-18.415594224440945
2025-12-18 15:00:00,23.5,66.0,0.0,18.9,347.0,4.251574927099047,-18.415594224440945
2025-12-18 16:00:00,22.2,73.0,0.0,17.2,345.0,4.451687575763357,-16.613924212171973
2025-12-18 17:00:00,20.7,82.0,0.0,14.9,341.0,4.850965501411636,-14.08822677642982
2025-12-18 18:00:00,20.1,86.0,0.0,14.2,345.0,3.6752304404557945,-13.71614673330477
2025-12-18 19:00:00,20.2,87.0,0.0,13.4,355.0,1.167886952818619,-13.34900895442939
2025-12-18 20:00:00,19.8,91.0,0.0,13.3,351.0,2.0805783850350714,-13.136254929915333
2025-12-18 21:00:00,19.5,93.0,0.0,10.3,359.0,0.17975978630402106,-10.298431260110831
2025-12-18 22:00:00,19.5,93.0,0.0,7.8,4.0,-0.5441004952041795,-7.780999592026628
2025-12-18 23:00:00,18.9,95.0,0.0,2.8,18.0,-0.8652475842498532,-2.6629582456264296
2025-12-19 00:00:00,18.0,98.0,0.0,3.5,321.0,2.202621368674431,-2.720010865099398
2025-12-19 01:00:00,18.0,98.0,0.0,3.0,335.0,1.2678547852220983,-2.7189233611099497
2025-12-19 02:00:00,18.5,97.0,0.0,3.3,6.0,-0.3449439287832561,-3.281922254715302
2025-12-19 03:00:00,18.8,95.0,0.0,5.3,350.0,0.9203353416347312,-5.2194810909647025
2025-12-19 04:00:00,18.9,94.0,0.0,8.3,13.0,-1.8670937510540817,-8.087271537717452
2025-12-19 05:00:00,19.0,92.0,0.0,9.5,25.0,-4.014873486536642,-8.609923976848176
2025-12-19 06:00:00,19.4,92.0,0.1,12.2,24.0,-4.962187045524761,-11.145254583239732
2025-12-19 07:00:00,19.4,95.0,0.1,13.9,30.0,-6.950000000000006,-12.037753112603694
2025-12-19 08:00:00,20.6,88.0,0.0,17.9,19.0,-5.827669964783103,-16.92478250322777
2025-12-19 09:00:00,22.1,79.0,0.0,16.1,24.0,-6.548459953520382,-14.708081868045877
2025-12-19 10:00:00,23.7,70.0,0.0,13.0,18.0,-4.017220926874319,-12.363734711836996
2025-12-19 11:00:00,24.9,65.0,0.0,13.3,1.0,-0.23211700561587054,-13.297974345580005
2025-12-19 12:00:00,24.1,70.0,0.0,17.5,348.0,3.6384545893107902,-17.117583012841596
2025-12-19 13:00:00,22.9,76.0,0.0,20.7,349.0,3.9497462042944798,-20.319682697366645
2025-12-19 14:00:00,22.5,78.0,0.0,19.7,348.0,4.095860309109861,-19.26950773445597
2025-12-19 15:00:00,21.9,81.0,0.0,22.2,347.0,4.993913406433801,-21.63101543823222
2025-12-19 16:00:00,21.0,86.0,0.0,19.6,354.0,2.048757880046008,-19.492629149218157
2025-12-19 17:00:00,20.1,87.0,0.0,21.2,6.0,-2.216003421274251,-21.083864181807396
2025-12-19 18:00:00,20.0,90.0,0.0,19.9,5.0,-1.734399280678399,-19.824274492025737
2025-12-19 19:00:00,20.0,86.0,0.0,19.3,12.0,-4.012695632782764,-18.878248694162448
2025-12-19 20:00:00,20.4,84.0,0.0,7.5,40.0,-4.820907072649046,-5.745333323392334
2025-12-19 21:00:00,20.1,87.0,0.0,8.0,48.0,-5.945158603819154,-5.353044850870866
2025-12-19 22:00:00,20.3,86.0,0.0,13.4,29.0,-6.496448911300914,-11.719904075667905
2025-12-19 23:00:00,19.9,89.0,0.0,11.8,21.0,-4.228741804634549,-11.01624903266698
2025-12-20 00:00:00,20.0,88.0,0.0,14.1,16.0,-3.886486717019684,-13.553789912730297
2025-12-20 01:00:00,19.8,88.0,0.0,14.8,6.0,-1.5470212563612697,-14.718924051450447
2025-12-20 02:00:00,20.2,86.0,0.0,13.0,11.0,-2.4805169398950797,-12.761153384819632
2025-12-20 03:00:00,19.5,89.0,0.1,11.8,11.0,-2.2515461454432266,-11.583200764682436
2025-12-20 04:00:00,19.8,84.0,0.0,10.7,53.0,-8.545399957506033,-6.439420747726917
2025-12-20 05:00:00,19.6,85.0,0.0,6.5,5.0,-0.5665123278597786,-6.475265537596346
2025-12-20 06:00:00,19.1,88.0,0.0,7.3,9.0,-1.1419715947936866,-7.210124886344505
2025-12-20 07:00:00,19.5,87.0,0.0,8.3,22.0,-3.1092347253520725,-7.695625992904335
2025-12-20 08:00:00,19.9,92.0,0.0,7.8,40.0,-5.0137433555550075,-5.975146656328027
2025-12-20 09:00:00,21.6,83.0,0.0,6.7,3.0,-0.35065090682772687,-6.690817882855645
2025-12-20 10:00:00,22.9,76.0,0.0,11.9,359.0,0.20768363660367484,-11.898187572361056
2025-12-20 11:00:00,23.6,72.0,0.0,11.9,5.0,-1.0371533386971332,-11.854716907291772
2025-12-20 12:00:00,24.4,69.0,0.0,15.5,357.0,0.8112073217656315,-15.478757788695894
2025-12-20 13:00:00,24.5,70.0,0.0,15.8,1.0,-0.27574802170907925,-15.797593583470983
2025-12-20 14:00:00,24.4,72.0,0.0,14.5,353.0,1.7671054793746386,-14.391919198799169
2025-12-20 15:00:00,23.8,75.0,0.0,14.9,349.0,2.8430540311105195,-14.626245033370193
2025-12-20 16:00:00,22.4,83.0,0.0,14.9,352.0,2.0736792043049754,-14.7549942242494
2025-12-20 17:00:00,20.9,89.0,0.0,14.7,352.0,2.045844584112962,-14.556940610501083
2025-12-20 18:00:00,20.0,94.0,0.0,14.4,1.0,-0.25131465269688236,-14.397806810252035
2025-12-20 19:00:00,19.9,95.0,0.0,13.0,5.0,-1.1330246557195571,-12.950531075192693
2025-12-20 20:00:00,19.7,96.0,0.0,11.1,8.0,-1.5448214206567306,-10.99197556303143
2025-12-20 21:00:00,19.7,96.0,0.0,11.5,17.0,-3.3622746043114766,-10.997504693574907
2025-12-20 22:00:00,19.5,97.0,0.0,10.7,30.0,-5.350000000000004,-9.26647182049349
2025-12-20 23:00:00,19.5,97.0,0.0,10.8,18.0,-3.337383539249434,-10.271410375987658
2025-12-21 00:00:00,19.6,96.0,0.0,10.1,19.0,-3.288238360017282,-9.5497376135531
2025-12-21 01:00:00,20.0,94.0,0.0,13.3,9.0,-2.0805783850350728,-13.136254929915332
2025-12-21 02:00:00,20.2,95.0,0.0,16.8,13.0,-3.7791777129769364,-16.369417088391952
2025-12-21 03:00:00,20.1,94.0,0.0,17.7,22.0,-6.630536703461647,-16.411154225832135
2025-12-21 04:00:00,20.0,94.0,0.0,18.4,23.0,-7.189452764202638,-16.9372893035249
2025-12-21 05:00:00,20.3,92.0,0.0,19.5,25.0,-8.241056103943635,-17.673001847214675
2025-12-21 06:00:00,20.1,89.0,0.0,17.1,29.0,-8.29024450621236,-14.955996992083673
2025-12-21 07:00:00,19.9,88.0,0.0,18.7,21.0,-6.701480656497123,-17.45795397549767
2025-12-21 08:00:00,21.4,82.0,0.0,22.0,15.0,-5.694018992255454,-21.2503681783595
2025-12-21 09:00:00,22.4,74.0,0.0,21.5,21.0,-7.704910915223965,-20.071979169689836
2025-12-21 10:00:00,23.6,68.0,0.0,17.3,13.0,-3.891653240148869,-16.85660212078457
2025-12-21 11:00:00,24.0,66.0,0.0,24.7,3.0,-1.2926981192007243,-24.66614950843797
2025-12-21 12:00:00,23.5,66.0,0.0,31.7,3.0,-1.6590498129013345,-31.65655625171999
2025-12-21 13:00:00,23.0,66.0,0.0,34.1,5.0,-2.9720108276951462,-33.970239204928525
2025-12-21 14:00:00,22.1,69.0,0.0,34.9,1.0,-0.6090889846611941,-34.894684560958055
2025-12-21 15:00:00,21.9,68.0,0.0,34.3,5.0,-2.989441976244678,-34.16947814454687
2025-12-21 16:00:00,20.7,71.0,0.0,34.1,7.0,-4.155744610115518,-33.84582377096908
2025-12-21 17:00:00,19.5,75.0,0.0,32.1,10.0,-5.574106503108464,-31.61232887169188
2025-12-21 18:00:00,18.9,75.0,0.0,31.0,14.0,-7.499578763589701,-30.07916751455589
2025-12-21 19:00:00,18.4,75.0,0.0,29.8,16.0,-8.213993203346567,-28.645598538961906
2025-12-21 20:00:00,18.8,74.0,0.0,23.1,20.0,-7.900665310822944,-21.706899540154485
2025-12-21 21:00:00,18.4,75.0,0.0,19.0,17.0,-5.555062389732005,-18.169790363297672
2025-12-21 22:00:00,18.1,76.0,0.0,18.7,19.0,-6.088124488348829,-17.681197363707224
2025-12-21 23:00:00,17.9,76.0,0.0,17.7,23.0,-6.915940974260146,-16.29293590610819
2025-12-22 00:00:00,17.9,75.0,0.0,16.1,25.0,-6.804154014025257,-14.591555371290067
2025-12-22 01:00:00,17.6,74.0,0.0,15.6,24.0,-6.3450916319824815,-14.251309139224574
2025-12-22 02:00:00,17.5,75.0,0.0,15.3,24.0,-6.223070639059742,-13.977245501931796
2025-12-22 03:00:00,17.5,76.0,0.0,14.0,23.0,-5.470235798849833,-12.887067948334163
2025-12-22 04:00:00,17.3,77.0,0.0,13.1,23.0,-5.118577783209487,-12.058613580226966
2025-12-22 05:00:00,17.1,78.0,0.0,13.0,20.0,-4.446261863233691,-12.21600407021681
2025-12-22 06:00:00,17.0,79.0,0.0,13.9,24.0,-5.653639338753622,-12.698281861232154
2025-12-22 07:00:00,16.9,80.0,0.0,14.2,30.0,-7.100000000000006,-12.297560733739024
2025-12-22 08:00:00,18.4,73.0,0.0,11.2,33.0,-6.099957192168302,-9.393110360988748
2025-12-22 09:00:00,20.4,65.0,0.0,8.9,34.0,-4.9768168408896445,-7.378434395739872
2025-12-22 10:00:00,22.5,58.0,0.0,7.8,7.0,-0.950580878560148,-7.741859982802312
2025-12-22 11:00:00,24.0,54.0,0.0,11.6,347.0,2.609432230388833,-11.302692751508728
2025-12-22 12:00:00,24.5,54.0,0.0,16.2,348.0,3.368169391247703,-15.845991131887649
2025-12-22 13:00:00,24.6,55.0,0.0,19.2,353.0,2.339891393378832,-19.056886111513382
2025-12-22 14:00:00,23.9,62.0,0.0,18.1,345.0,4.684624716355626,-17.48325745583214
2025-12-22 15:00:00,23.0,66.0,0.0,19.4,350.0,3.3687746467384496,-19.105270408436834
2025-12-22 16:00:00,22.0,71.0,0.0,18.4,356.0,1.2835191168919042,-18.355178524780765
2025-12-22 17:00:00,20.3,81.0,0.0,18.2,357.0,0.9525144036215801,-18.17505753253324
2025-12-22 18:00:00,19.6,81.0,0.0,19.1,2.0,-0.6665803870177646,-19.08836479606473
2025-12-22 19:00:00,19.6,79.0,0.0,16.1,6.0,-1.6829082586092192,-16.011802515429203
2025-12-22 20:00:00,19.0,81.0,0.0,11.9,3.0,-0.6227978792910372,-11.88369146357943
2025-12-22 21:00:00,18.5,82.0,0.0,9.1,9.0,-1.4235536318661024,-8.987963899415753
2025-12-22 22:00:00,18.0,84.0,0.0,5.7,18.0,-1.7613968679372012,-5.421022142882375
2025-12-22 23:00:00,17.4,87.0,0.0,4.0,21.0,-1.4334717981812028,-3.7343217059888065
2025-12-23 00:00:00,17.5,88.0,0.0,2.1,38.0,-1.292889098183882,-1.6548225825741165
2025-12-23 01:00:00,17.5,87.0,0.0,2.1,31.0,-1.0815799573111144,-1.8000513314744355
2025-12-23 02:00:00,16.7,93.0,0.0,4.2,10.0,-0.7293223462011075,-4.136192562651273
2025-12-23 03:00:00,16.4,92.0,0.0,5.1,4.0,-0.35575801609504043,-5.087576656325103
2025-12-23 04:00:00,16.4,92.0,0.0,5.1,4.0,-0.35575801609504043,-5.087576656325103
2025-12-23 05:00:00,16.5,92.0,0.0,5.6,33.0,-3.049978596084151,-4.696555180494374
2025-12-23 06:00:00,16.5,92.0,0.0,5.7,72.0,-5.421022142882376,-1.7613968679371996
2025-12-23 07:00:00,16.0,93.0,0.0,5.7,79.0,-5.595274945651685,-1.087611273646305
2025-12-23 08:00:00,19.4,80.0,0.0,6.1,24.0,-2.4810935227623805,-5.572627291619866
2025-12-23 09:00:00,22.0,68.0,0.0,7.5,352.0,1.043798257200491,-7.427010515561777
2025-12-23 10:00:00,23.4,64.0,0.0,11.4,355.0,0.9935754673233028,-11.3566195582459
2025-12-23 11:00:00,24.3,61.0,0.0,12.7,354.0,1.3275114834991988,-12.63042807117707
2025-12-23 12:00:00,24.6,62.0,0.0,13.8,352.0,1.9205887932489034,-13.665699348633671
2025-12-23 13:00:00,24.2,67.0,0.0,15.7,347.0,3.531731553198679,-15.297610017128193
2025-12-23 14:00:00,23.0,74.0,0.0,15.6,341.0,5.0788632095316455,-14.750089779349342
2025-12-23 15:00:00,22.4,76.0,0.0,16.3,349.0,3.110186624637682,-16.000523090196925
2025-12-23 16:00:00,21.3,81.0,0.0,15.5,355.0,1.3509140125887011,-15.441017820422056
2025-12-23 17:00:00,20.0,89.0,0.0,14.3,355.0,1.2463271212915115,-14.245584182711962
2025-12-23 18:00:00,19.2,94.0,0.0,13.5,1.0,-0.23560748690332722,-13.497943884611281
2025-12-23 19:00:00,19.1,94.0,0.0,12.5,12.0,-2.5988961352219975,-12.22684500917257
2025-12-23 20:00:00,19.0,96.0,0.0,11.3,17.0,-3.3038002633669294,-10.8062437423823
2025-12-23 21:00:00,19.1,96.0,0.0,12.2,19.0,-3.971931484377311,-11.535326622311665
2025-12-23 22:00:00,19.1,96.0,0.0,11.5,22.0,-4.307975824282991,-10.662614327518055
2025-12-23 23:00:00,19.2,96.0,0.0,9.7,28.0,-4.55387415902314,-8.564591650731591
2025-12-24 00:00:00,19.4,95.0,0.0,6.9,31.0,-3.553762716879376,-5.914454374844574
2025-12-24 01:00:00,19.5,93.0,0.0,6.5,46.0,-4.6757087022012325,-4.515279407983483
2025-12-24 02:00:00,18.8,95.0,0.0,7.3,48.0,-5.424957225984977,-4.884653426419665
2025-12-24 03:00:00,18.8,93.0,0.0,7.1,54.0,-5.7440206600621275,-4.173275291276559
2025-12-24 04:00:00,18.5,93.0,0.0,5.6,45.0,-3.9597979746446668,-3.9597979746446654
2025-12-24 05:00:00,18.5,92.0,0.0,7.1,54.0,-5.7440206600621275,-4.173275291276559
2025-12-24 06:00:00,17.8,94.0,0.0,6.9,59.0,-5.914454374844575,-3.553762716879374
2025-12-24 07:00:00,17.4,93.0,0.0,5.4,14.0,-1.3063782362382061,-5.2395969218903815
2025-12-24 08:00:00,18.8,88.0,0.0,4.9,2.0,-0.17100753384225373,-4.897015052393569
2025-12-24 09:00:00,21.9,75.0,0.0,7.0,1.0,-0.12216684506098449,-6.998933866094739
2025-12-24 10:00:00,23.7,69.0,0.0,10.9,347.0,2.4519664923481277,-10.620633706159065
2025-12-24 11:00:00,23.9,68.0,0.0,14.0,353.0,1.706170807672065,-13.895646122978508
2025-12-24 12:00:00,24.5,65.0,0.0,13.3,358.0,0.4641633061432644,-13.291897999353974
2025-12-24 13:00:00,24.4,66.0,0.0,14.0,351.0,2.190082510563233,-13.827636768331928
2025-12-24 14:00:00,23.8,67.0,0.0,12.3,349.0,2.346950643131503,-12.074014356406268
2025-12-24 15:00:00,24.1,63.0,0.0,10.2,343.0,2.982191388171915,-9.75430851082296
2025-12-24 16:00:00,22.7,72.0,0.0,12.3,335.0,5.198204619410603,-11.147585780550795
2025-12-24 17:00:00,20.7,91.0,0.0,16.3,347.0,3.6667021858049984,-15.882232055999335
2025-12-24 18:00:00,20.5,91.0,0.0,15.7,358.0,0.547922098229267,-15.690435984199803
2025-12-24 19:00:00,20.2,91.0,0.0,15.7,5.0,-1.3683451611382345,-15.640256760040405
2025-12-24 20:00:00,20.5,88.0,0.0,9.4,24.0,-3.823324444912521,-8.58732730184045
2025-12-24 21:00:00,20.3,89.0,0.0,7.1,15.0,-1.8376152202278964,-6.858073366652385
2025-12-24 22:00:00,19.2,95.0,0.0,4.0,18.0,-1.2360679774997902,-3.804226065180614
2025-12-24 23:00:00,18.9,95.0,0.0,2.4,351.0,0.3754427160965542,-2.3704520174283306
2025-12-25 00:00:00,18.4,96.0,0.0,2.4,343.0,0.7016920913345682,-2.295131414311285
2025-12-25 01:00:00,18.0,97.0,0.0,5.1,354.0,0.5330951626650325,-5.072061666378193
2025-12-25 02:00:00,19.0,96.0,0.0,9.9,350.0,1.7191169589026112,-9.74959675482086
2025-12-25 03:00:00,19.3,94.0,0.0,11.1,8.0,-1.5448214206567306,-10.99197556303143
2025-12-25 04:00:00,18.8,95.0,0.0,9.9,38.0,-6.095048605724015,-7.80130646070655
2025-12-25 05:00:00,18.4,96.0,0.0,9.0,23.0,-3.5165801564034647,-8.284543681071963
2025-12-25 06:00:00,18.5,95.0,0.0,15.1,8.0,-2.101513824496994,-14.95304783799771
2025-12-25 07:00:00,19.0,88.0,0.0,24.1,13.0,-5.421320409687153,-23.482318561324167
2025-12-25 08:00:00,19.4,82.0,0.0,24.0,22.0,-8.990558241981894,-22.252412509602895
2025-12-25 09:00:00,19.6,70.0,0.0,27.9,13.0,-6.27613441619384,-27.184924807508057
2025-12-25 10:00:00,19.7,64.0,0.0,29.8,8.0,-4.1473584086099615,-29.509988448498795
2025-12-25 11:00:00,19.9,61.0,0.0,33.1,6.0,-3.4598921341593263,-32.91867473668985
2025-12-25 12:00:00,19.4,61.0,0.0,35.5,6.0,-3.7107604460016943,-35.3055272855737
2025-12-25 13:00:00,19.3,59.0,0.0,36.5,10.0,-6.338158484842957,-35.94548298494559
2025-12-25 14:00:00,18.6,60.0,0.0,33.4,11.0,-6.373020445576589,-32.78634792715197
2025-12-25 15:00:00,17.9,62.0,0.0,33.2,13.0,-7.468375004216327,-32.34908615086981
2025-12-25 16:00:00,16.9,64.0,0.0,30.8,12.0,-6.403680077187001,-30.126946102601213
2025-12-25 17:00:00,15.6,69.0,0.0,31.4,9.0,-4.912042202263255,-31.01341389468732
2025-12-25 18:00:00,15.1,70.0,0.0,36.3,12.0,-7.54719437668468,-35.50675790663714
2025-12-25 19:00:00,14.9,70.0,0.0,37.5,14.0,-9.072071084987542,-36.38608973534987
2025-12-25 20:00:00,14.8,70.0,0.0,29.9,17.0,-8.741913971209838,-28.593512203294754
2025-12-25 21:00:00,14.8,70.0,0.0,29.7,19.0,-9.669374187377553,-28.08190169529971
2025-12-25 22:00:00,14.6,71.0,0.0,29.0,17.0,-8.478779436959377,-27.732837922928024
2025-12-25 23:00:00,14.6,71.0,0.0,27.6,19.0,-8.985681063017523,-26.096312686541147
2025-12-26 00:00:00,14.7,68.0,0.0,27.3,18.0,-8.436163946436068,-25.96384289485769
2025-12-26 01:00:00,14.6,70.0,0.0,26.7,18.0,-8.2507537498111,-25.393208985080598
2025-12-26 02:00:00,14.6,68.0,0.0,26.2,25.0,-11.072598457606318,-23.74526402036023
2025-12-26 03:00:00,14.0,74.0,0.2,22.7,18.0,-7.014685772311309,-21.588982919899983
2025-12-26 04:00:00,13.8,77.0,0.4,24.0,19.0,-7.813635706971759,-22.692445814383603
2025-12-26 05:00:00,13.6,73.0,0.0,22.7,23.0,-8.869596616706515,-20.89546017337039
2025-12-26 06:00:00,13.4,71.0,0.0,21.3,22.0,-7.979120439758932,-19.74901610227257
2025-12-26 07:00:00,13.5,71.0,0.0,21.5,23.0,-8.400719262519388,-19.790854349227466
2025-12-26 08:00:00,14.1,71.0,0.0,16.9,23.0,-6.603356071468727,-15.55653202334624
2025-12-26 09:00:00,14.9,69.0,0.2,14.8,31.0,-7.622563508668807,-12.686076050391259
2025-12-26 10:00:00,15.3,68.0,0.2,12.1,17.0,-3.537697627145119,-11.571287547152727
2025-12-26 11:00:00,15.2,75.0,0.6,12.7,15.0,-3.2870018728020116,-12.267257993871167
2025-12-26 12:00:00,15.6,75.0,0.3,10.5,17.0,-3.0699028995887394,-10.041199937611871
2025-12-26 13:00:00,18.0,64.0,0.0,10.9,9.0,-1.7051356689385184,-10.765802912487
2025-12-26 14:00:00,19.0,61.0,0.0,7.8,353.0,0.9505808785601504,-7.741859982802311
2025-12-26 15:00:00,19.0,62.0,0.0,7.0,350.0,1.2155372436685128,-6.893654271085456
2025-12-26 16:00:00,18.7,63.0,0.0,8.2,334.0,3.594643403670435,-7.370111179653169
2025-12-26 17:00:00,17.5,69.0,0.0,10.8,342.0,3.3373835392494327,-10.271410375987658
2025-12-26 18:00:00,16.3,75.0,0.0,12.2,352.0,1.6979118317127986,-12.081270438647158
2025-12-26 19:00:00,15.5,79.0,0.0,11.3,7.0,-1.3771235804781632,-11.21577151354694
2025-12-26 20:00:00,15.4,76.0,0.0,7.8,8.0,-1.0855501874885134,-7.724090936184248
2025-12-26 21:00:00,14.8,80.0,0.0,5.9,12.0,-1.226678975824783,-5.771070844329453
2025-12-26 22:00:00,14.1,84.0,0.0,5.0,44.0,-3.4732918522949863,-3.596699001693256
2025-12-26 23:00:00,14.0,83.0,0.0,3.8,82.0,-3.763018661217967,-0.528857783648249
2025-12-27 00:00:00,14.5,81.0,0.0,2.4,99.0,-2.37045201742833,0.37544271609655433
2025-12-27 01:00:00,14.5,90.0,1.4,2.4,297.0,2.138415658052083,-1.0895771993749122
2025-12-27 02:00:00,14.4,91.0,1.1,3.9,68.0,-3.616017032810471,-1.460965714322057
2025-12-27 03:00:00,14.1,94.0,0.0,3.1,31.0,-1.596618032221169,-2.6572186321765474
2025-12-27 04:00:00,14.6,95.0,0.2,3.5,39.0,-2.2026213686744325,-2.720010865099397
2025-12-27 05:00:00,14.6,96.0,0.6,4.5,50.0,-3.447199994035401,-2.892544243589427
2025-12-27 06:00:00,14.8,96.0,0.1,3.5,28.0,-1.6431504697506176,-3.0903165750062445
2025-12-27 07:00:00,14.9,93.0,0.7000000000000001,6.0,16.0,-1.6538241349019933,-5.767570175629914
2025-12-27 08:00:00,15.6,90.0,0.4,7.7,51.0,-5.9840239032186755,-4.845767011083749
2025-12-27 09:00:00,15.8,93.0,0.9,5.5,17.0,-1.608044375975054,-5.259676157796695
2025-12-27 10:00:00,16.8,85.0,0.1,7.5,17.0,-2.192787785420528,-7.172285669722765
2025-12-27 11:00:00,19.3,68.0,0.0,6.1,360.0,3.735172737399427e-16,-6.1
2025-12-27 12:00:00,19.9,64.0,0.0,9.8,354.0,1.024378940023004,-9.746314574609078
2025-12-27 13:00:00,20.4,64.0,0.0,16.0,351.0,2.502951440643695,-15.803013449522204
2025-12-27 14:00:00,20.0,67.0,0.0,24.6,355.0,2.1440312715923904,-24.506389573056943
2025-12-27 15:00:00,18.8,72.0,0.0,26.9,3.0,-1.4078372229352019,-26.863134484898033
2025-12-27 16:00:00,18.2,72.0,0.0,24.1,7.0,-2.937051176064047,-23.920362254555865
2025-12-27 17:00:00,17.9,73.0,0.0,18.2,12.0,-3.783992772883228,-17.802286333355262
2025-12-27 18:00:00,17.4,73.0,0.0,16.3,16.0,-4.492888899817082,-15.6685656437946
2025-12-27 19:00:00,16.9,76.0,0.0,15.8,19.0,-5.1439768404230755,-14.939193494469206
2025-12-27 20:00:00,16.4,82.0,0.0,17.4,11.0,-3.320076519551876,-17.080312991989352
2025-12-27 21:00:00,16.3,81.0,0.0,19.4,19.0,-6.316022196468839,-18.343060366626744
2025-12-27 22:00:00,16.4,80.0,0.0,18.2,21.0,-6.522296681724472,-16.99116376224907
2025-12-27 23:00:00,15.9,82.0,0.0,13.9,17.0,-4.063966695646045,-13.29263610788619
2025-12-28 00:00:00,15.4,86.0,0.0,10.0,17.0,-2.9237170472273712,-9.563047559630354
2025-12-28 01:00:00,15.1,89.0,0.0,6.4,25.0,-2.704756875140475,-5.800369837034561
2025-12-28 02:00:00,14.1,92.0,0.0,6.1,40.0,-3.9210044190878905,-4.672871103025765
2025-12-28 03:00:00,14.6,90.0,0.0,6.2,41.0,-4.067565979741145,-4.679199397381186
2025-12-28 04:00:00,14.4,93.0,0.0,6.1,34.0,-3.411076711171554,-5.057129192585755
2025-12-28 05:00:00,13.6,94.0,0.0,3.1,83.0,-3.0768930700880985,-0.3777949645559567
2025-12-28 06:00:00,14.2,92.0,0.0,1.6,96.0,-1.5912350325892373,0.16724554122824598
2025-12-28 07:00:00,14.9,88.0,0.0,2.4,48.0,-1.7835475811457462,-1.6059134552612597
2025-12-28 08:00:00,15.6,85.0,0.0,4.5,74.0,-4.325677631722435,-1.2403681011764955
2025-12-28 09:00:00,18.0,73.0,0.0,5.2,25.0,-2.197614961051636,-4.71280049259058
2025-12-28 10:00:00,18.9,70.0,0.0,6.4,11.0,-1.2211775704098855,-6.28241397406505
2025-12-28 11:00:00,20.0,66.0,0.0,8.1,12.0,-1.6840846956238542,-7.9229955659438245
2025-12-28 12:00:00,21.0,62.0,0.0,9.7,359.0,0.1692883424416509,-9.698522643016995
2025-12-28 13:00:00,21.7,61.0,0.0,13.9,357.0,0.7274697917769212,-13.880950533088576
2025-12-28 14:00:00,21.5,61.0,0.0,14.6,360.0,8.939921633775679e-16,-14.6
2025-12-28 15:00:00,20.9,65.0,0.0,16.3,6.0,-1.70381395126275,-16.210706894502856
2025-12-28 16:00:00,20.0,73.0,0.0,18.5,8.0,-2.5747023677612177,-18.31995927171905
2025-12-28 17:00:00,19.4,77.0,0.0,16.1,7.0,-1.9620964288228697,-15.979993041425287
2025-12-28 18:00:00,18.1,82.0,0.0,15.2,11.0,-2.900296729723478,-14.920733188404492
2025-12-28 19:00:00,17.4,85.0,0.0,15.0,10.0,-2.6047226650039548,-14.772116295183121
2025-12-28 20:00:00,17.1,88.0,0.0,12.7,12.0,-2.6404784733855493,-12.42247452931933
2025-12-28 21:00:00,16.8,89.0,0.0,12.9,19.0,-4.199829192497321,-12.197189625231188
2025-12-28 22:00:00,16.5,89.0,0.0,13.5,16.0,-3.721104303529485,-12.977032895167307
2025-12-28 23:00:00,16.4,88.0,0.0,13.9,20.0,-4.754079992226793,-13.061727428924128
2025-12-29 00:00:00,16.0,88.0,0.0,14.4,24.0,-5.857007660291521,-13.155054590053455
2025-12-29 01:00:00,15.9,88.0,0.0,14.0,24.0,-5.694313003061201,-12.789636406996413
2025-12-29 02:00:00,16.0,87.0,0.0,14.9,20.0,-5.0961001355524616,-14.001420049710037
2025-12-29 03:00:00,16.2,86.0,0.0,15.0,21.0,-5.375519243179511,-14.003706397458025
2025-12-29 04:00:00,16.1,86.0,0.0,15.9,25.0,-6.719630361677117,-14.410293813882737
2025-12-29 05:00:00,16.0,86.0,0.0,15.3,30.0,-7.6500000000000075,-13.250188677901908
2025-12-29 06:00:00,16.0,86.0,0.0,14.0,24.0,-5.694313003061201,-12.789636406996413
2025-12-29 07:00:00,16.1,86.0,0.0,14.5,27.0,-6.5828622462234305,-12.919594600731333
2025-12-29 08:00:00,18.2,79.0,0.0,14.9,21.0,-5.3396824482249805,-13.910348354808304
2025-12-29 09:00:00,20.5,68.0,0.0,15.0,21.0,-5.375519243179511,-14.003706397458025
2025-12-29 10:00:00,21.9,64.0,0.0,16.5,10.0,-2.8651949315043503,-16.249327924701433
2025-12-29 11:00:00,21.8,67.0,0.0,19.0,5.0,-1.6559591122055068,-18.927699263743165
2025-12-29 12:00:00,22.4,66.0,0.0,17.8,1.0,-0.3106528345836463,-17.797288973783765
2025-12-29 13:00:00,22.1,67.0,0.0,17.9,354.0,1.8710594924909967,-17.80194192709209
2025-12-29 14:00:00,22.6,65.0,0.0,17.3,349.0,3.300995620014227,-16.98215027364459
2025-12-29 15:00:00,22.6,65.0,0.0,16.1,353.0,1.9620964288228748,-15.979993041425285
2025-12-29 16:00:00,21.5,71.0,0.0,18.2,352.0,2.5329504374731915,-18.02287885109658
2025-12-29 17:00:00,19.8,82.0,0.0,15.9,355.0,1.3857763096877644,-15.839495699658755
2025-12-29 18:00:00,19.1,87.0,0.0,16.4,359.0,0.286219465571451,-16.397502200564816
2025-12-29 19:00:00,18.8,90.0,0.0,14.6,4.0,-1.0184445166642335,-14.564435133793433
2025-12-29 20:00:00,18.6,94.0,0.0,12.6,1.0,-0.21990032110977206,-12.59808095897053
2025-12-29 21:00:00,18.8,93.0,0.0,10.9,6.0,-1.1393602496174215,-10.840288659514181
2025-12-29 22:00:00,18.5,93.0,0.0,10.6,9.0,-1.658205329426449,-10.469496410308459
2025-12-29 23:00:00,18.1,95.0,0.0,9.1,10.0,-1.580198416769066,-8.961750552411093
2025-12-30 00:00:00,17.6,96.0,0.0,5.9,14.0,-1.42733918403804,-5.7247447850283795
2025-12-30 01:00:00,17.0,96.0,0.0,5.5,36.0,-3.232818887608603,-4.4495934690622105
2025-12-30 02:00:00,17.2,95.0,0.0,6.6,37.0,-3.9719791528035184,-5.270994366312133
2025-12-30 03:00:00,17.1,95.0,0.0,5.7,28.0,-2.6759879078795774,-5.032801279295884
2025-12-30 04:00:00,17.7,93.0,0.0,10.2,14.0,-2.4676033351166113,-9.897016408015164
2025-12-30 05:00:00,17.8,94.0,0.0,11.4,27.0,-5.175491697030835,-10.157474375747393
2025-12-30 06:00:00,17.4,94.0,0.0,11.9,38.0,-7.3263715563753316,-9.377327967919994
2025-12-30 07:00:00,17.2,92.0,0.0,12.9,36.0,-7.582429754572905,-10.43631922743682
2025-12-30 08:00:00,18.1,88.0,0.0,14.9,19.0,-4.850965501411634,-14.08822677642982
2025-12-30 09:00:00,20.7,76.0,0.0,20.3,18.0,-6.273044985811436,-19.306447280791616
2025-12-30 10:00:00,22.4,68.0,0.0,21.0,15.0,-5.435199947152933,-20.284442352070435
2025-12-30 11:00:00,23.1,66.0,0.0,21.4,3.0,-1.1199894635990082,-21.370672043747877
2025-12-30 12:00:00,23.0,67.0,0.0,23.0,360.0,1.4083438190194562e-15,-23.0
2025-12-30 13:00:00,22.9,66.0,0.0,24.7,358.0,0.8620175685517767,-24.684953427371664
2025-12-30 14:00:00,22.0,70.0,0.0,26.8,360.0,1.6410267108574533e-15,-26.8
2025-12-30 15:00:00,21.2,73.0,0.0,26.3,3.0,-1.3764356491894354,-26.263956764045293
2025-12-30 16:00:00,20.4,76.0,0.0,25.2,7.0,-3.0711074538097085,-25.012163021361317
2025-12-30 17:00:00,19.5,79.0,0.0,22.8,5.0,-1.987150934646608,-22.7132391164918
2025-12-30 18:00:00,19.0,81.0,0.0,21.2,7.0,-2.58363008018912,-21.041978414796027
2025-12-30 19:00:00,18.8,81.0,0.0,22.1,14.0,-5.346473892752658,-21.443535550699522
2025-12-30 20:00:00,18.3,83.0,0.0,22.6,17.0,-6.607600526733859,-21.6124874847646
2025-12-30 21:00:00,18.1,82.0,0.0,20.5,20.0,-7.011412938176205,-19.263698726111123
2025-12-30 22:00:00,17.8,83.0,0.0,19.5,22.0,-7.304828571610289,-18.080085164052353
2025-12-30 23:00:00,17.4,85.0,0.0,16.5,22.0,-6.181008791362553,-15.298533600351991
2025-12-31 00:00:00,17.1,86.0,0.0,15.8,26.0,-6.926264119267429,-14.200945931526837
2025-12-31 01:00:00,16.9,87.0,0.0,14.7,29.0,-7.126701417621151,-12.85690969494912
2025-12-31 02:00:00,17.0,87.0,0.0,15.5,28.0,-7.276809223181306,-13.685687689313369
2025-12-31 03:00:00,17.0,88.0,0.0,15.5,27.0,-7.036852745962977,-13.810601124919701
2025-12-31 04:00:00,16.5,91.0,0.0,13.4,28.0,-6.290918941330936,-11.831497744309623
2025-12-31 05:00:00,16.3,91.0,0.0,12.6,26.0,-5.523476449542379,-11.324804983369502
2025-12-31 06:00:00,16.4,90.0,0.0,13.7,27.0,-6.219669846431793,-12.206789381380638
2025-12-31 07:00:00,16.3,90.0,0.0,14.0,30.0,-7.000000000000006,-12.124355652982137
2025-12-31 08:00:00,18.1,80.0,0.0,13.6,28.0,-6.384813253888114,-12.008087262881407
2025-12-31 09:00:00,20.4,70.0,0.0,14.7,18.0,-4.542549817311729,-13.980530789538756
2025-12-31 10:00:00,22.0,63.0,0.0,17.5,14.0,-4.233633172994186,-16.980175209829937
2025-12-31 11:00:00,22.9,58.0,0.0,19.5,5.0,-1.699536983579336,-19.42579661278904
2025-12-31 12:00:00,22.9,59.0,0.0,25.4,1.0,-0.44329112350700084,-25.396131456972338
2025-12-31 13:00:00,22.1,61.0,0.0,30.1,3.0,-1.5753122829126236,-30.058748996112673
2025-12-31 14:00:00,21.9,62.0,0.0,28.5,2.0,-0.9946356560212717,-28.48263857004423
2025-12-31 15:00:00,21.5,64.0,0.0,27.0,360.0,1.6532731788489269e-15,-27.0
2025-12-31 16:00:00,20.6,67.0,0.0,25.8,4.0,-1.79971702259844,-25.737152496703466
2025-12-31 17:00:00,19.3,73.0,0.0,23.1,4.0,-1.611374543489301,-23.04372956100194
2025-12-31 18:00:00,18.4,78.0,0.0,21.2,10.0,-3.681341366538923,-20.87792436385881
2025-12-31 19:00:00,18.0,78.0,0.0,19.9,18.0,-6.149438188061456,-18.926024674273553
2025-12-31 20:00:00,17.2,84.0,0.0,16.7,16.0,-4.603143842143881,-16.053070322169926
2025-12-31 21:00:00,16.9,86.0,0.0,15.7,19.0,-5.111420024977359,-14.844641636909273
2025-12-31 22:00:00,16.5,88.0,0.0,15.5,18.0,-4.789763412811687,-14.74137600257488
2025-12-31 23:00:00,16.5,88.0,0.0,16.5,20.0,-5.643332364873531,-15.50492824296749
2026-01-01 00:00:00,16.7,87.0,0.0,18.0,19.0,-5.860226780228819,-17.019334360787703
2026-01-01 01:00:00,16.7,86.0,0.0,17.8,22.0,-6.667997362803239,-16.503872611288816
2026-01-01 02:00:00,16.9,84.0,0.0,20.0,24.0,-8.134732861516001,-18.27090915285202
2026-01-01 03:00:00,17.0,83.0,0.0,18.5,24.0,-7.5246278969023015,-16.90059096638812
2026-01-01 04:00:00,17.2,81.0,0.0,19.3,20.0,-6.600988766185403,-18.13606758116803
2026-01-01 05:00:00,17.0,81.0,0.0,18.5,18.0,-5.71681439593653,-17.59454555146034
2026-01-01 06:00:00,16.9,80.0,0.0,20.4,19.0,-6.641590350925995,-19.288578942226064
2026-01-01 07:00:00,16.9,79.0,0.0,19.1,22.0,-7.154985934243926,-17.709211622225638
2026-01-01 08:00:00,17.6,79.0,0.0,15.7,17.0,-4.590235764146972,-15.013984668619655
2026-01-01 09:00:00,19.4,71.0,0.0,19.9,9.0,-3.1130458543005974,-19.654997977843237
2026-01-01 10:00:00,20.2,66.0,0.0,24.0,5.0,-2.091737825943798,-23.908672754201895
2026-01-01 11:00:00,21.0,62.0,0.0,26.1,8.0,-3.632417935057718,-25.845996594154986
2026-01-01 12:00:00,21.4,60.0,0.0,25.9,7.0,-3.1564159941933116,-25.70694532751024
2026-01-01 13:00:00,21.8,57.0,0.0,26.5,4.0,-1.8485465542193278,-26.435447331885342
2026-01-01 14:00:00,21.4,59.0,0.0,27.0,359.0,0.47121497380665717,-26.995887769222563
2026-01-01 15:00:00,20.0,63.0,0.0,31.0,1.0,-0.5410245995557884,-30.99527854984813
2026-01-01 16:00:00,19.0,66.0,0.0,32.5,4.0,-2.2670853966840814,-32.42083163344429
2026-01-01 17:00:00,17.6,70.0,0.0,32.1,6.0,-3.355363670891673,-31.92415284132158
2026-01-01 18:00:00,16.9,72.0,0.0,33.6,9.0,-5.256198025351763,-33.18632824399663
2026-01-01 19:00:00,16.5,71.0,0.0,33.2,13.0,-7.468375004216327,-32.34908615086981
2026-01-01 20:00:00,16.8,70.0,0.0,29.4,15.0,-7.609279926014106,-28.398219292898606
2026-01-01 21:00:00,16.6,69.0,0.0,31.2,16.0,-8.599885501490364,-29.991364913275554
2026-01-01 22:00:00,16.2,72.0,0.0,30.8,15.0,-7.971626589157635,-29.750515449703304
2026-01-01 23:00:00,16.1,72.0,0.0,30.3,14.0,-7.330233436669934,-29.399960506162692
2026-01-02 00:00:00,16.1,70.0,0.0,31.2,16.0,-8.599885501490364,-29.991364913275554
2026-01-02 01:00:00,15.9,71.0,0.0,30.6,16.0,-8.434503088000167,-29.414607895712564
2026-01-02 02:00:00,15.6,71.0,0.0,28.8,16.0,-7.938355847529568,-27.684336843023587
2026-01-02 03:00:00,15.2,72.0,0.0,28.1,18.0,-8.683377541936027,-26.724688107893815
2026-01-02 04:00:00,14.9,72.0,0.0,30.1,17.0,-8.800388312154388,-28.784773154487365
2026-01-02 05:00:00,14.9,69.0,0.0,32.3,18.0,-9.981248918310806,-30.719125476333456
2026-01-02 06:00:00,14.8,68.0,0.0,34.2,16.0,-9.426797568941362,-32.87515000109051
2026-01-02 07:00:00,14.4,68.0,0.0,35.2,15.0,-9.110430387608726,-34.00058908537521
2026-01-02 08:00:00,14.6,66.0,0.0,33.1,17.0,-9.677503426322598,-31.65368742237647
2026-01-02 09:00:00,15.2,62.0,0.0,31.7,15.0,-8.204563729749903,-30.619848693363465
2026-01-02 10:00:00,16.0,57.0,0.0,34.4,14.0,-8.322113208628572,-33.378172983894274
2026-01-02 11:00:00,15.8,59.0,0.0,34.4,14.0,-8.322113208628572,-33.378172983894274
2026-01-02 12:00:00,15.9,56.0,0.0,35.0,13.0,-7.873286902035284,-34.10295226748323
2026-01-02 13:00:00,15.7,55.0,0.0,35.5,14.0,-8.588227293788206,-34.44549828279788
2026-01-02 14:00:00,15.7,56.0,0.0,32.5,14.0,-7.862461606989203,-31.534611103969887
2026-01-02 15:00:00,15.5,56.0,0.0,30.0,13.0,-6.7485316303159575,-29.231101943557054
2026-01-02 16:00:00,14.6,60.0,0.0,31.0,13.0,-6.973482684659823,-30.20547200834229
2026-01-02 17:00:00,13.1,64.0,0.0,29.6,15.0,-7.661043735034611,-28.591404458156422
2026-01-02 18:00:00,12.5,65.0,0.0,31.3,16.0,-8.627449237072065,-30.087491082869384
2026-01-02 19:00:00,11.9,66.0,0.0,29.8,18.0,-9.208706432373438,-28.341484185595576
2026-01-02 20:00:00,11.9,67.0,0.0,23.3,20.0,-7.969069339488077,-21.894838064311667
2026-01-02 21:00:00,11.6,66.0,0.0,22.1,21.0,-7.9199316849511465,-20.63212742558816
2026-01-02 22:00:00,11.4,65.0,0.0,19.9,22.0,-7.454671208976654,-18.450958705879067
2026-01-02 23:00:00,11.2,64.0,0.0,16.4,24.0,-6.670480946443121,-14.982145505338655
2026-01-03 00:00:00,11.3,63.0,0.0,15.2,24.0,-6.182396974752161,-13.885890956167534
2026-01-03 01:00:00,11.1,64.0,0.0,15.4,24.0,-6.2637443033673215,-14.068600047696055
2026-01-03 02:00:00,10.8,65.0,0.0,14.7,28.0,-6.901231972952593,-12.979329615026225
2026-01-03 03:00:00,10.8,66.0,0.0,13.1,25.0,-5.536299228803159,-11.872632010180116
2026-01-03 04:00:00,10.9,65.0,0.0,13.3,28.0,-6.243971785052348,-11.74320298502373
2026-01-03 05:00:00,10.6,65.0,0.0,12.5,30.0,-6.250000000000005,-10.82531754730548
2026-01-03 06:00:00,10.4,67.0,0.0,11.7,25.0,-4.94463366236618,-10.603801108328804
2026-01-03 07:00:00,10.4,67.0,0.0,11.0,34.0,-6.151121938178212,-9.11941329810546
2026-01-03 08:00:00,11.6,63.0,0.0,5.2,63.0,-4.633233925779513,-2.3607505986456427
2026-01-03 09:00:00,14.3,56.0,0.0,4.6,48.0,-3.4184661971960133,-3.0780007892507477
2026-01-03 10:00:00,16.6,51.0,0.0,2.8,15.0,-0.7246933262870577,-2.7045923136093912
2026-01-03 11:00:00,18.4,49.0,0.0,6.5,347.0,1.462181853235122,-6.333405421104029
2026-01-03 12:00:00,19.4,47.0,0.0,10.5,348.0,2.1830727535864742,-10.270549807704958
2026-01-03 13:00:00,19.9,45.0,0.0,14.1,355.0,1.2288959727419797,-14.046345243093612
2026-01-03 14:00:00,19.6,48.0,0.0,19.0,355.0,1.6559591122055046,-18.927699263743165
2026-01-03 15:00:00,19.0,50.0,0.0,23.2,1.0,-0.40489582934497714,-23.196466527628278
2026-01-03 16:00:00,18.3,52.0,0.0,24.3,3.0,-1.2717637367035466,-24.266697694536145
2026-01-03 17:00:00,17.6,54.0,0.0,21.1,4.0,-1.47186159600105,-21.048601460482292
2026-01-03 18:00:00,16.9,56.0,0.0,19.0,7.0,-2.315517524697796,-18.85837688118512
2026-01-03 19:00:00,16.1,58.0,0.0,15.8,8.0,-2.19893499516904,-15.64623548611681
2026-01-03 20:00:00,14.4,68.0,0.0,5.6,17.0,-1.6372815464473276,-5.355306633392997
2026-01-03 21:00:00,14.6,69.0,0.0,5.2,348.0,1.0811407922523493,-5.086367523815789
2026-01-03 22:00:00,14.8,70.0,0.0,5.8,358.0,0.20241708087450627,-5.796466796710755
2026-01-03 23:00:00,13.1,79.0,0.0,4.8,11.0,-0.9158831778074141,-4.711810480548787
2026-01-04 00:00:00,12.7,80.0,0.0,2.9,47.0,-2.1209257346955948,-1.9777952441812452
2026-01-04 01:00:00,12.2,78.0,0.0,3.4,72.0,-3.2335921554035223,-1.0506577808748208
2026-01-04 02:00:00,11.6,74.0,0.0,5.4,84.0,-5.370418234988676,-0.5644537016453289
2026-01-04 03:00:00,11.6,76.0,0.0,5.7,81.0,-5.629823541392286,-0.8916764507293152
2026-01-04 04:00:00,11.4,79.0,0.0,4.5,85.0,-4.482876141412855,-0.39220084236446073
2026-01-04 05:00:00,10.9,84.0,0.0,4.8,101.0,-4.711810480548787,0.9158831778074158
2026-01-04 06:00:00,10.4,87.0,0.0,4.9,92.0,-4.897015052393569,0.17100753384225562
2026-01-04 07:00:00,10.6,86.0,0.0,5.8,92.0,-5.796466796710755,0.20241708087450663
2026-01-04 08:00:00,13.6,72.0,0.0,7.9,91.0,-7.898796791735491,0.13787401085453918
2026-01-04 09:00:00,18.0,55.0,0.0,3.3,68.0,-3.0597067200703982,-1.2362017582725096
2026-01-04 10:00:00,20.2,47.0,0.0,3.4,47.0,-2.48660258550518,-2.3187944242124945
2026-01-04 11:00:00,21.4,45.0,0.0,1.9,343.0,0.5555062389731998,-1.8169790363297673
2026-01-04 12:00:00,22.0,45.0,0.0,5.5,322.0,3.3861381142911204,-4.334059144836971
2026-01-04 13:00:00,21.6,51.0,0.0,11.0,330.0,5.500000000000001,-9.526279441628825
2026-01-04 14:00:00,20.9,57.0,0.0,13.0,329.0,6.695494973830704,-11.14317490912746
2026-01-04 15:00:00,20.0,60.0,0.0,13.1,331.0,6.351006025227016,-11.457518163526084
2026-01-04 16:00:00,19.1,66.0,0.0,12.2,334.0,5.348127990826745,-10.965287364849837
2026-01-04 17:00:00,17.9,77.0,0.0,13.8,347.0,3.104324549945336,-13.446306894036248
2026-01-04 18:00:00,16.7,84.0,0.0,13.2,353.0,1.6086753329479468,-13.101609201665449
2026-01-04 19:00:00,16.2,87.0,0.0,8.5,358.0,0.29664572197125916,-8.494822029662314
2026-01-04 20:00:00,15.6,92.0,0.0,5.9,27.0,-2.678543948463327,-5.25693849271137
2026-01-04 21:00:00,15.1,93.0,0.0,6.0,29.0,-2.908857721478021,-5.247718242836376
2026-01-04 22:00:00,14.5,95.0,0.0,4.8,27.0,-2.179154398749825,-4.276831316104166
2026-01-04 23:00:00,13.9,96.0,0.0,3.0,57.0,-2.516011703836272,-1.6339171050450814
2026-01-05 00:00:00,13.4,97.0,0.0,2.8,105.0,-2.704592313609391,0.7246933262870588
2026-01-05 01:00:00,12.6,99.0,0.0,3.0,104.0,-2.9108871788279895,0.7257656867990032
2026-01-05 02:00:00,11.9,99.0,0.0,3.2,87.0,-3.1956145112146364,-0.1674750599774194
2026-01-05 03:00:00,11.5,99.0,0.0,4.3,92.0,-4.2973805561821115,0.15006783582075492
2026-01-05 04:00:00,11.6,98.0,0.0,4.8,75.0,-4.636443966187528,-1.2423314164920998
2026-01-05 05:00:00,11.8,93.0,0.0,5.4,75.0,-5.215999461960969,-1.3976228435536124
2026-01-05 06:00:00,11.6,91.0,0.0,6.3,87.0,-6.291366068953815,-0.32971652433054444
2026-01-05 07:00:00,11.2,91.0,0.0,6.8,92.0,-6.795857623729851,0.23731657757700778
2026-01-05 08:00:00,13.7,80.0,0.0,6.4,52.0,-5.043268823083022,-3.9402334420842124
2026-01-05 09:00:00,18.2,68.0,0.0,7.2,19.0,-2.344090712091528,-6.807733744315081
2026-01-05 10:00:00,19.9,66.0,0.0,13.9,4.0,-0.9696149850433455,-13.866140298611557
2026-01-05 11:00:00,20.7,63.0,0.0,15.3,4.0,-1.0672740482851215,-15.26272996897531
2026-01-05 12:00:00,20.9,60.0,0.0,14.8,357.0,0.7745721523955708,-14.779717114367694
2026-01-05 13:00:00,20.6,60.0,0.0,18.0,344.0,4.961472404705985,-17.30271052688974
2026-01-05 14:00:00,19.8,64.0,0.0,22.0,347.0,4.948923195565028,-21.436141425275174
2026-01-05 15:00:00,19.5,65.0,0.0,22.0,356.0,1.534642422370755,-21.946409105716132
2026-01-05 16:00:00,18.5,68.0,0.0,21.6,1.0,-0.3769719790453236,-21.596710215378053
2026-01-05 17:00:00,17.8,73.0,0.0,21.2,360.0,1.2981256070961944e-15,-21.2
2026-01-05 18:00:00,17.2,74.0,0.0,20.2,5.0,-1.7605460035026965,-20.12313290145326
2026-01-05 19:00:00,17.1,73.0,0.0,20.7,11.0,-3.949746204294473,-20.319682697366645
2026-01-05 20:00:00,16.5,80.0,0.0,21.4,15.0,-5.538727565193941,-20.67081268258606
2026-01-05 21:00:00,15.9,79.0,0.0,19.0,23.0,-7.4238914412962025,-17.489592215596364
2026-01-05 22:00:00,15.5,79.0,0.0,18.4,22.0,-6.892761318852786,-17.060182924028886
2026-01-05 23:00:00,15.4,79.0,0.0,20.4,18.0,-6.303946685248929,-19.40155293242113
2026-01-06 00:00:00,15.2,78.0,0.0,22.0,17.0,-6.432177503900216,-21.03870463118678
2026-01-06 01:00:00,14.7,77.0,0.0,21.5,20.0,-7.353433081501874,-20.203391346897032
2026-01-06 02:00:00,14.2,77.0,0.0,21.2,21.0,-7.597400530360375,-19.791905041740673
2026-01-06 03:00:00,13.8,78.0,0.0,19.7,20.0,-6.73779682351567,-18.511944629482397
2026-01-06 04:00:00,13.6,78.0,0.0,20.3,19.0,-6.60903353548028,-19.194027084666132
2026-01-06 05:00:00,13.5,76.0,0.0,21.1,22.0,-7.90419912107575,-19.563579331359215
2026-01-06 06:00:00,13.4,75.0,0.0,20.8,22.0,-7.7918171430509755,-19.285424174989178
2026-01-06 07:00:00,13.2,74.0,0.0,21.2,21.0,-7.597400530360375,-19.791905041740673
2026-01-06 08:00:00,14.4,68.0,0.0,22.2,21.0,-7.955768479905675,-20.725485468237874
2026-01-06 09:00:00,16.0,59.0,0.0,22.9,15.0,-5.926956132847722,-22.119701422019663
2026-01-06 10:00:00,17.6,54.0,0.0,27.0,10.0,-4.688500797007119,-26.589809331329615
2026-01-06 11:00:00,18.2,54.0,0.0,27.8,5.0,-2.4229296483848994,-27.694212606950526
2026-01-06 12:00:00,18.5,54.0,0.0,28.1,360.0,1.7206287528020313e-15,-28.1
2026-01-06 13:00:00,18.0,57.0,0.0,29.9,360.0,1.830846964725293e-15,-29.9
2026-01-06 14:00:00,17.0,61.0,0.0,27.6,4.0,-1.9252786753378661,-27.53276778717115
2026-01-06 15:00:00,16.5,62.0,0.0,25.3,9.0,-3.9577919655178455,-24.988515017056983
2026-01-06 16:00:00,15.8,64.0,0.0,23.3,11.0,-4.44584959227349,-22.87191337433057
2026-01-06 17:00:00,14.8,68.0,0.0,22.2,8.0,-3.089642841313461,-21.98395112606286
2026-01-06 18:00:00,14.2,71.0,0.0,21.6,10.0,-3.7508006376056953,-21.271847465063694
2026-01-06 19:00:00,13.9,72.0,0.0,22.1,15.0,-5.719900896765706,-21.34696076098841
2026-01-06 20:00:00,13.8,73.0,0.0,22.8,14.0,-5.515819219672426,-22.12274255909272
2026-01-06 21:00:00,13.6,71.0,0.0,23.7,14.0,-5.733548925712126,-22.996008712741116
2026-01-06 22:00:00,13.6,67.0,0.0,20.4,17.0,-5.964382776343837,-19.508617021645918
2026-01-06 23:00:00,13.7,64.0,0.0,19.8,25.0,-8.367841582465843,-17.944894183325673
2026-01-07 00:00:00,13.4,63.0,0.0,19.6,32.0,-10.38641757897082,-16.62174268466595
2026-01-07 01:00:00,13.1,65.0,0.0,19.1,32.0,-10.121457946854216,-16.197718636587737
2026-01-07 02:00:00,12.5,64.0,0.0,22.0,27.0,-9.987790994270032,-19.60214353214409
2026-01-07 03:00:00,12.3,62.0,0.0,22.5,31.0,-11.588356685476226,-19.286264265797524
2026-01-07 04:00:00,12.2,62.0,0.0,23.0,31.0,-11.845875722931254,-19.714847916148578
2026-01-07 05:00:00,11.9,61.0,0.0,23.4,29.0,-11.344545113764282,-20.466101147061863
2026-01-07 06:00:00,11.9,63.0,0.0,26.2,26.0,-11.485324045873837,-23.54840401303817
2026-01-07 07:00:00,11.9,60.0,0.0,24.4,29.0,-11.829354734010618,-21.340720854201262
2026-01-07 08:00:00,12.6,55.0,0.0,24.5,24.0,-9.965047755357102,-22.381863712243725
2026-01-07 09:00:00,13.6,53.0,0.0,26.6,17.0,-7.777087345624808,-25.437706508616742
2026-01-07 10:00:00,14.9,47.0,0.0,28.0,14.0,-6.773813076790698,-27.1682803357279
2026-01-07 11:00:00,15.9,44.0,0.0,26.7,12.0,-5.551242144834186,-26.116540939592607
2026-01-07 12:00:00,16.9,42.0,0.0,25.5,6.0,-2.665475813325161,-25.360308331890973
2026-01-07 13:00:00,17.3,44.0,0.0,26.3,4.0,-1.8345952594705028,-26.23593452183338
2026-01-07 14:00:00,17.2,47.0,0.0,26.8,1.0,-0.46772449251919773,-26.795918230191287
2026-01-07 15:00:00,16.4,52.0,0.0,26.3,2.0,-0.91785676327577,-26.28397875060222
2026-01-07 16:00:00,15.5,55.0,0.0,24.0,5.0,-2.091737825943798,-23.908672754201895
2026-01-07 17:00:00,14.8,56.0,0.0,21.2,6.0,-2.216003421274251,-21.083864181807396
2026-01-07 18:00:00,13.8,58.0,0.0,20.5,10.0,-3.559787642172072,-20.188558936750265
2026-01-07 19:00:00,13.2,62.0,0.0,18.9,12.0,-3.9295309564556598,-18.486989653868925
2026-01-07 20:00:00,12.7,62.0,0.0,15.5,15.0,-4.01169519908907,-14.971850307480558
2026-01-07 21:00:00,12.3,63.0,0.0,14.6,16.0,-4.0243053949281835,-14.034420760699458
2026-01-07 22:00:00,11.9,64.0,0.0,10.7,23.0,-4.18082307483523,-9.84940193194111
2026-01-07 23:00:00,11.6,65.0,0.0,8.2,23.0,-3.203995253612045,-7.548139798310009
2026-01-08 00:00:00,10.9,69.0,0.0,6.0,25.0,-2.5357095704441948,-5.4378467222199
2026-01-08 01:00:00,10.8,71.0,0.0,6.1,32.0,-3.2325075118225506,-5.173093386554198
2026-01-08 02:00:00,10.1,74.0,0.0,3.7,104.0,-3.590094187221187,0.8951110137187707
2026-01-08 03:00:00,10.1,74.0,0.0,5.7,125.0,-4.669166652447254,3.269385687200962
2026-01-08 04:00:00,10.1,74.0,0.0,2.6,124.0,-2.1554976886431083,1.453901549023942
2026-01-08 05:00:00,9.6,77.0,0.0,2.3,86.0,-2.2943973155975956,-0.1604398896114881
2026-01-08 06:00:00,11.5,72.0,0.0,10.1,20.0,-3.454403447589252,-9.490895469937675
2026-01-08 07:00:00,12.2,67.0,0.0,15.1,32.0,-8.001780889921395,-12.805526251962032
2026-01-08 08:00:00,14.1,58.0,0.0,17.6,29.0,-8.53264931633553,-15.39330684565337
2026-01-08 09:00:00,16.1,51.0,0.0,19.5,20.0,-6.669392794850537,-18.324006105325214
2026-01-08 10:00:00,17.6,46.0,0.0,24.0,14.0,-5.806125494392027,-23.287097430623916
2026-01-08 11:00:00,18.4,43.0,0.0,26.6,13.0,-5.983698045546816,-25.918243723287254
2026-01-08 12:00:00,18.7,41.0,0.0,28.2,11.0,-5.380813669618558,-27.681886573224123
2026-01-08 13:00:00,19.0,41.0,0.0,27.0,7.0,-3.2904722719389734,-26.798746094315696
2026-01-08 14:00:00,18.5,44.0,0.0,29.6,3.0,-1.5491443047911515,-29.559434228735388
2026-01-08 15:00:00,17.4,50.0,0.0,32.6,6.0,-3.4076279025255,-32.42141378900571
2026-01-08 16:00:00,16.5,52.0,0.0,30.4,8.0,-4.230862269186001,-30.104149289743734
2026-01-08 17:00:00,15.0,54.0,0.0,26.4,11.0,-5.037357477940778,-25.914957643018326
2026-01-08 18:00:00,14.0,54.0,0.0,26.7,14.0,-6.45931461251113,-25.906895891569103
2026-01-08 19:00:00,13.4,52.0,0.0,25.8,17.0,-7.543189981846617,-24.672662703846314
2026-01-08 20:00:00,13.1,51.0,0.0,22.1,21.0,-7.9199316849511465,-20.63212742558816
2026-01-08 21:00:00,12.7,52.0,0.0,20.5,23.0,-8.009988134030113,-18.870349495775024
2026-01-08 22:00:00,12.3,52.0,0.0,19.5,22.0,-7.304828571610289,-18.080085164052353
2026-01-08 23:00:00,12.1,53.0,0.0,20.9,18.0,-6.458455182436404,-19.877081190568706
2026-01-09 00:00:00,12.2,52.0,0.0,19.7,23.0,-7.697403231238694,-18.133945613013072
2026-01-09 01:00:00,12.3,52.0,0.0,18.2,23.0,-7.111306538504784,-16.753188332834412
2026-01-09 02:00:00,12.1,53.0,0.0,17.1,24.0,-6.955196596596182,-15.621627325688477
2026-01-09 03:00:00,12.2,52.0,0.0,16.3,26.0,-7.145449692661967,-14.65034295467642
2026-01-09 04:00:00,12.2,53.0,0.0,16.5,25.0,-6.973201318721536,-14.954078486104725
2026-01-09 05:00:00,12.4,52.0,0.0,15.7,27.0,-7.127650845910886,-13.988802429757374
2026-01-09 06:00:00,12.4,52.0,0.0,14.7,20.0,-5.027696106887327,-13.813481525552854
2026-01-09 07:00:00,12.2,52.0,0.0,15.7,25.0,-6.635106709328976,-14.229032256475405
2026-01-09 08:00:00,13.3,50.0,0.0,16.4,19.0,-5.339317733097369,-15.506504639828796
2026-01-09 09:00:00,14.7,46.0,0.0,14.4,24.0,-5.857007660291521,-13.155054590053455
2026-01-09 10:00:00,15.9,43.0,0.0,15.9,22.0,-5.956244835313005,-14.74222328761192
2026-01-09 11:00:00,17.1,41.0,0.0,16.2,14.0,-3.9191347087146178,-15.718790765671143
2026-01-09 12:00:00,17.7,40.0,0.0,15.4,11.0,-2.938458528798787,-15.117058625094026
2026-01-09 13:00:00,17.8,41.0,0.0,16.0,8.0,-2.2267696153610532,-15.844289099865124
2026-01-09 14:00:00,18.6,44.0,0.0,16.3,355.0,1.4206386067868277,-16.237973578895453
2026-01-09 15:00:00,17.5,50.0,0.0,17.3,358.0,0.6037612929532687,-17.289461307430358
2026-01-09 16:00:00,16.5,56.0,0.0,18.9,1.0,-0.3298504816646581,-18.897121438455795
2026-01-09 17:00:00,15.6,61.0,0.0,19.3,5.0,-1.6821058350298044,-19.22655767317069
2026-01-09 18:00:00,14.6,66.0,0.0,19.6,11.0,-3.739856309380275,-19.239892795574214
2026-01-09 19:00:00,14.2,67.0,0.0,17.6,18.0,-5.438699100999077,-16.738594686794702
2026-01-09 20:00:00,14.8,62.0,0.0,14.8,24.0,-6.019702317521841,-13.520472773110495
2026-01-09 21:00:00,14.4,59.0,0.0,12.2,38.0,-7.511069998973028,-9.613731194002009
2026-01-09 22:00:00,14.2,58.0,0.0,9.0,38.0,-5.540953277930923,-7.092096782460499
2026-01-09 23:00:00,13.3,61.0,0.0,5.8,36.0,-3.409154463296345,-4.692298567374695
2026-01-10 00:00:00,13.3,62.0,0.0,6.2,15.0,-1.604678079635628,-5.9887401229922235
2026-01-10 01:00:00,13.6,63.0,0.0,9.6,13.0,-2.1595301217011063,-9.353952621938257
2026-01-10 02:00:00,13.1,66.0,0.0,11.5,23.0,-4.493407977626649,-10.585805814703063
2026-01-10 03:00:00,13.2,64.0,0.0,13.4,29.0,-6.496448911300914,-11.719904075667905
2026-01-10 04:00:00,12.9,64.0,0.0,13.7,30.0,-6.850000000000006,-11.864548031846805
2026-01-10 05:00:00,13.1,63.0,0.0,14.6,32.0,-7.736821257804793,-12.38150220388382
2026-01-10 06:00:00,12.9,61.0,0.0,14.7,31.0,-7.5710597011778,-12.600359320321047
2026-01-10 07:00:00,12.6,62.0,0.0,14.4,31.0,-7.416548278704785,-12.343209130110415
2026-01-10 08:00:00,14.8,60.0,0.0,14.2,27.0,-6.446665096301566,-12.652292643474821
2026-01-10 09:00:00,16.8,58.0,0.0,16.3,13.0,-3.6667021858050037,-15.882232055999333
2026-01-10 10:00:00,18.4,54.0,0.0,17.5,8.0,-2.435529266801152,-17.32969120297748
2026-01-10 11:00:00,19.4,52.0,0.0,16.0,359.0,0.2792385029965376,-15.99756312250226
2026-01-10 12:00:00,19.8,52.0,0.0,17.3,358.0,0.6037612929532687,-17.289461307430358
2026-01-10 13:00:00,20.0,52.0,0.0,19.1,358.0,0.6665803870177707,-19.08836479606473
2026-01-10 14:00:00,18.1,62.0,0.0,19.8,1.0,-0.34555764745821327,-19.79698436409655
2026-01-10 15:00:00,18.1,63.0,0.0,19.8,360.0,1.2124003311558797e-15,-19.8
2026-01-10 16:00:00,17.3,68.0,0.0,19.7,5.0,-1.7169681321288675,-19.625035552407386
2026-01-10 17:00:00,16.9,71.0,0.0,18.3,7.0,-2.2302089843141935,-18.163594575036196
2026-01-10 18:00:00,16.5,74.0,0.0,16.3,6.0,-1.70381395126275,-16.210706894502856
2026-01-10 19:00:00,16.4,75.0,0.0,18.7,11.0,-3.568128213541384,-18.356428330471317
2026-01-10 20:00:00,16.6,72.0,0.0,17.0,5.0,-1.4816476267101901,-16.935309867559674
2026-01-10 21:00:00,16.8,70.0,0.0,16.4,15.0,-4.244632339681338,-15.84118355114072
2026-01-10 22:00:00,16.6,67.0,0.0,16.3,22.0,-6.106087472679371,-15.113096829438634
2026-01-10 23:00:00,16.2,66.0,0.0,15.7,27.0,-7.127650845910886,-13.988802429757374
2026-01-11 00:00:00,15.4,68.0,0.0,14.8,18.0,-4.573451516749224,-14.075636441168273
2026-01-11 01:00:00,15.6,66.0,0.0,17.7,15.0,-4.581097098314615,-17.09688712531651
2026-01-11 02:00:00,15.6,67.0,0.0,19.0,13.0,-4.27407003253344,-18.513031230919466
2026-01-11 03:00:00,15.1,68.0,0.0,18.4,16.0,-5.0717273470327795,-17.68721520526507
2026-01-11 04:00:00,15.2,66.0,0.0,20.5,19.0,-6.674147166371712,-19.383130799785995
2026-01-11 05:00:00,14.8,64.0,0.0,18.6,25.0,-7.860699668377005,-16.85732483888169
2026-01-11 06:00:00,14.8,58.0,0.0,20.4,23.0,-7.9709150211811854,-18.77829901042978
2026-01-11 07:00:00,15.1,53.0,0.0,22.4,21.0,-8.027442069814736,-20.912201553537315
2026-01-11 08:00:00,16.8,50.0,0.0,21.0,21.0,-7.525726940451315,-19.605188956441236
2026-01-11 09:00:00,18.6,43.0,0.0,19.9,21.0,-7.131522195951484,-18.578250487294312
2026-01-11 10:00:00,20.1,42.0,0.0,18.2,20.0,-6.224766608527167,-17.10240569830353
2026-01-11 11:00:00,21.5,41.0,0.0,18.1,11.0,-3.4536428163154578,-17.767452020402718
2026-01-11 12:00:00,22.1,39.0,0.0,21.2,0.0,-3.894376821288583e-15,-21.2
2026-01-11 13:00:00,21.8,42.0,0.0,27.4,358.0,0.9562462096485296,-27.383308660323223
2026-01-11 14:00:00,20.4,51.0,0.0,30.2,355.0,2.6321034309792757,-30.085079882370714
2026-01-11 15:00:00,19.3,52.0,0.0,30.3,358.0,1.0574547500857827,-30.281542058678603
2026-01-11 16:00:00,18.6,53.0,0.0,27.2,357.0,1.4235380098080759,-27.16272334532441
2026-01-11 17:00:00,17.0,57.0,0.0,24.8,360.0,1.518562030942718e-15,-24.8
2026-01-11 18:00:00,15.9,57.0,0.0,24.4,8.0,-3.395823663425606,-24.16254087729431
2026-01-11 19:00:00,15.1,57.0,0.0,19.7,13.0,-4.431535770574145,-19.19509027626913
2026-01-11 20:00:00,14.4,59.0,0.0,15.3,15.0,-3.959931390068566,-14.778665142222746
2026-01-11 21:00:00,13.8,62.0,0.0,11.9,15.0,-3.0799466367199955,-11.494517332839914
2026-01-11 22:00:00,13.1,64.0,0.0,8.8,11.0,-1.6791191593135928,-8.638319214339443
2026-01-11 23:00:00,13.2,63.0,0.0,6.6,26.0,-2.8932495688079127,-5.932040705574501
2026-01-12 00:00:00,11.9,69.0,0.0,3.9,22.0,-1.460965714322058,-3.6160170328104706
2026-01-12 01:00:00,11.7,70.0,0.0,2.8,50.0,-2.1449244407331385,-1.7998053071223097
2026-01-12 02:00:00,11.3,71.0,0.0,2.2,81.0,-2.1729143493093033,-0.3441558230885076
2026-01-12 03:00:00,11.8,69.0,0.0,1.7000000000000002,72.0,-1.6167960777017614,-0.5253288904374105
2026-01-12 04:00:00,11.2,72.0,0.0,1.5,111.0,-1.4003706397458027,0.5375519243179503
2026-01-12 05:00:00,10.9,74.0,0.0,1.6,84.0,-1.5912350325892373,-0.16724554122824561
2026-01-12 06:00:00,11.1,73.0,0.0,1.7000000000000002,77.0,-1.6564291101349,-0.3824167923845705
2026-01-12 07:00:00,11.4,75.0,0.0,1.1,108.0,-1.0461621679246689,0.3399186938124423
2026-01-12 08:00:00,14.5,64.0,0.0,3.5,105.0,-3.380740392011739,0.9058666578588236
2026-01-12 09:00:00,17.9,57.0,0.0,2.9,101.0,-2.8467188319982255,0.5533460865919804
2026-01-12 10:00:00,19.6,52.0,0.0,1.5,234.0,1.2135254915624212,0.8816778784387097
2026-01-12 11:00:00,20.2,52.0,0.0,5.7,325.0,3.269385687200963,-4.669166652447253
2026-01-12 12:00:00,20.4,52.0,0.0,9.5,345.0,2.458780928473947,-9.176295349746148
2026-01-12 13:00:00,19.5,54.0,0.0,12.5,355.0,1.0894467843457267,-12.45243372614682
2026-01-12 14:00:00,19.6,55.0,0.0,14.5,346.0,3.507867486195181,-14.06928803100195
2026-01-12 15:00:00,19.2,58.0,0.0,16.1,355.0,1.4032074582372962,-16.038734639277106
2026-01-12 16:00:00,18.5,61.0,0.0,12.4,3.0,-0.6489658574125095,-12.383006230956715
2026-01-12 17:00:00,18.1,64.0,0.0,11.6,6.0,-1.212530173904779,-11.53645398627197
2026-01-12 18:00:00,17.0,69.0,0.0,11.9,5.0,-1.0371533386971332,-11.854716907291772
2026-01-12 19:00:00,16.4,71.0,0.0,11.1,7.0,-1.3527497117971337,-11.017262283218676
2026-01-12 20:00:00,16.9,70.0,0.0,9.1,8.0,-1.266475218736599,-9.01143942554829
2026-01-12 21:00:00,17.1,69.0,0.0,10.3,2.0,-0.35946481603575786,-10.293725518296688
2026-01-12 22:00:00,16.8,69.0,0.0,7.2,25.0,-3.042851484533034,-6.5254160666638805
2026-01-12 23:00:00,16.1,67.0,0.0,7.6,93.0,-7.589584464134761,0.3977532674463729
2026-01-13 00:00:00,15.8,64.0,0.0,5.9,88.0,-5.896405879412665,-0.20590703054475532
2026-01-13 01:00:00,14.8,69.0,0.0,4.3,42.0,-2.87726160734309,-3.195522749552796
2026-01-13 02:00:00,14.5,72.0,0.0,4.1,358.0,0.14308793648025442,-4.097502390778292
2026-01-13 03:00:00,15.4,70.0,0.0,4.6,347.0,1.0347748499817786,-4.482102298012082
2026-01-13 04:00:00,15.9,73.0,0.0,6.4,342.0,1.9777087639996638,-6.086761704288983
2026-01-13 05:00:00,16.3,81.0,0.0,10.3,349.0,1.9653326523784127,-10.110759989510939
2026-01-13 06:00:00,16.5,86.0,0.0,12.6,14.0,-3.048215884555814,-12.225726151077556
2026-01-13 07:00:00,15.9,83.0,0.0,12.2,28.0,-5.727553065987867,-10.771960632878908
2026-01-13 08:00:00,17.1,72.0,0.0,12.5,15.0,-3.235238063781508,-12.074072828613353
2026-01-13 09:00:00,19.1,54.0,0.0,14.4,13.0,-3.23929518255166,-14.030928932907386
2026-01-13 10:00:00,20.9,44.0,0.0,16.6,5.0,-1.446785329611127,-16.536831988322977
2026-01-13 11:00:00,21.5,44.0,0.0,19.3,356.0,1.346299943261617,-19.25298617001461
2026-01-13 12:00:00,21.4,45.0,0.0,21.7,355.0,1.8912796176241815,-21.617424948590877
2026-01-13 13:00:00,21.5,42.0,0.0,23.6,357.0,1.2351285673334778,-23.567657020207943
2026-01-13 14:00:00,20.9,41.0,0.0,24.4,356.0,1.7020579593566556,-24.34056282633971
2026-01-13 15:00:00,20.0,46.0,0.0,23.4,360.0,1.432836755002403e-15,-23.4
2026-01-13 16:00:00,19.0,52.0,0.0,20.7,360.0,1.2675094371175106e-15,-20.7
2026-01-13 17:00:00,17.8,62.0,0.0,16.7,359.0,0.2914551875026361,-16.697456509111735
2026-01-13 18:00:00,16.6,68.0,0.0,14.8,2.0,-0.5165125511970113,-14.790984239882619
2026-01-13 19:00:00,16.4,72.0,0.0,12.4,10.0,-2.1532374030699364,-12.21161613735138
2026-01-13 20:00:00,16.0,70.0,0.0,12.0,8.0,-1.6700772115207898,-11.883216824898843
2026-01-13 21:00:00,15.8,67.0,0.0,10.9,13.0,-2.4519664923481312,-10.620633706159063
2026-01-13 22:00:00,15.2,67.0,0.0,10.6,19.0,-3.4510224372458604,-10.022496901352758
2026-01-13 23:00:00,14.9,69.0,0.0,10.0,21.0,-3.583679495453007,-9.335804264972015
2026-01-14 00:00:00,14.1,72.0,0.0,6.8,27.0,-3.087135398228919,-6.058844364480901
2026-01-14 01:00:00,12.9,77.0,0.0,5.0,19.0,-1.6278407722857833,-4.727592877996584
2026-01-14 02:00:00,11.9,83.0,0.0,6.5,3.0,-0.340183715579138,-6.49109197590473
2026-01-14 03:00:00,12.1,82.0,0.0,6.6,22.0,-2.472403516545021,-6.119413440140796
2026-01-14 04:00:00,11.2,84.0,0.0,5.8,51.0,-4.50744657645043,-3.650058268089058
2026-01-14 05:00:00,10.8,84.0,0.0,3.6,49.0,-2.7169544888019797,-2.3618125043658256
2026-01-14 06:00:00,10.4,85.0,0.0,3.1,36.0,-1.822134282106667,-2.507952682562337
2026-01-14 07:00:00,10.2,86.0,0.0,3.7,51.0,-2.875440057390792,-2.3284854468843994
2026-01-14 08:00:00,13.6,72.0,0.0,4.8,79.0,-4.711810480548787,-0.9158831778074146
2026-01-14 09:00:00,18.8,49.0,0.0,2.0,80.0,-1.969615506024416,-0.34729635533386094
2026-01-14 10:00:00,21.5,43.0,0.0,1.8,315.0,1.2727922061357857,-1.2727922061357855
2026-01-14 11:00:00,23.1,42.0,0.0,6.5,304.0,5.38874422160777,-3.634753872559855
2026-01-14 12:00:00,22.9,45.0,0.0,12.3,316.0,8.544297956645666,-8.847879544165409
2026-01-14 13:00:00,22.2,47.0,0.0,14.0,324.0,8.228993532094623,-11.326237921249264
2026-01-14 14:00:00,22.1,49.0,0.0,14.1,323.0,8.485591826443882,-11.260760691666828
2026-01-14 15:00:00,21.6,53.0,0.0,12.6,333.0,5.72028029671829,-11.226682204773434
2026-01-14 16:00:00,20.6,60.0,0.0,11.1,344.0,3.0595746495686904,-10.67000482491534
2026-01-14 17:00:00,18.9,72.0,0.0,9.4,342.0,2.904759747124506,-8.939931253174443
2026-01-14 18:00:00,16.8,87.0,0.0,5.2,346.0,1.257993857118272,-5.045537776635181
2026-01-14 19:00:00,15.8,93.0,0.0,5.1,6.0,-0.5330951626650321,-5.072061666378194
2026-01-14 20:00:00,15.6,94.0,0.0,3.4,18.0,-1.0506577808748216,-3.233592155403522
2026-01-14 21:00:00,15.1,97.0,0.0,4.2,342.0,1.2978713763747793,-3.994437368439645
2026-01-14 22:00:00,15.1,97.0,0.0,3.2,341.0,1.0418180942629016,-3.0256594419178136
2026-01-14 23:00:00,15.2,97.0,0.0,3.2,344.0,0.8820395386143973,-3.0760374270026207
2026-01-15 00:00:00,15.4,97.0,0.0,2.3,356.0,0.16043988961148803,-2.2943973155975956
2026-01-15 01:00:00,15.1,97.0,0.0,2.3,32.0,-1.2188143077363713,-1.9505106211597796
2026-01-15 02:00:00,13.9,99.0,0.0,4.2,70.0,-3.9467090073008158,-1.4364846019678084
2026-01-15 03:00:00,13.8,98.0,0.0,3.8,82.0,-3.763018661217967,-0.528857783648249
2026-01-15 04:00:00,13.9,97.0,0.0,5.0,69.0,-4.667902132486009,-1.7918397477265022
2026-01-15 05:00:00,13.8,95.0,0.0,6.0,41.0,-3.9363541739430437,-4.528257481336632
2026-01-15 06:00:00,14.1,95.0,0.0,6.8,22.0,-2.5473248352282036,-6.304850211054154
2026-01-15 07:00:00,14.7,95.0,0.0,10.4,20.0,-3.557009490586953,-9.772803256173448
2026-01-15 08:00:00,16.2,91.0,0.0,11.7,21.0,-4.192905009680018,-10.922890990017258
2026-01-15 09:00:00,19.5,75.0,0.0,12.1,1.0,-0.21117411789113033,-12.098157111392334
2026-01-15 10:00:00,21.2,60.0,0.0,14.8,356.0,1.0323958114130536,-14.763947943845398
2026-01-15 11:00:00,22.2,49.0,0.0,13.9,4.0,-0.9696149850433455,-13.866140298611557
2026-01-15 12:00:00,22.9,40.0,0.0,13.3,359.0,0.23211700561587187,-13.297974345580005
2026-01-15 13:00:00,22.9,43.0,0.0,16.4,347.0,3.6891972912393842,-15.979669062477857
2026-01-15 14:00:00,20.7,59.0,0.0,16.5,338.0,6.181008791362547,-15.298533600351993
2026-01-15 15:00:00,19.8,65.0,0.0,14.6,351.0,2.2839431895873714,-14.420249772689012
2026-01-15 16:00:00,19.3,71.0,0.0,14.5,354.0,1.5156627173809751,-14.420567482839962
2026-01-15 17:00:00,19.0,72.0,0.0,12.2,1.0,-0.21291935853485866,-12.198141880907972
2026-01-15 18:00:00,18.4,78.0,0.0,9.0,16.0,-2.4807362023529897,-8.651355263444872
2026-01-15 19:00:00,18.4,69.0,0.0,8.1,28.0,-3.802719658565715,-7.151875502157308
2026-01-15 20:00:00,18.8,67.0,0.0,10.0,7.0,-1.2186934340514717,-9.925461516413222
2026-01-15 21:00:00,18.8,68.0,0.0,7.6,8.0,-1.0577155672965002,-7.526037322435934
2026-01-15 22:00:00,18.8,69.0,0.0,4.6,347.0,1.0347748499817786,-4.482102298012082
2026-01-15 23:00:00,18.3,74.0,0.0,6.9,354.0,0.7212463965468089,-6.862201078041086
2026-01-16 00:00:00,18.5,71.0,0.0,6.7,16.0,-1.8467702839738926,-6.440453362786737
2026-01-16 01:00:00,18.0,73.0,0.0,2.9,4.0,-0.20229377385796418,-2.89293574575349
2026-01-16 02:00:00,18.0,71.0,0.0,4.1,29.0,-1.987719443009981,-3.585940799271523
2026-01-16 03:00:00,16.6,76.0,0.0,4.9,6.0,-0.5121894700115015,-4.87315728730454
2026-01-16 04:00:00,17.1,75.0,0.0,8.7,5.0,-0.7582549619046267,-8.666893873398186
2026-01-16 05:00:00,18.0,70.0,0.0,10.2,14.0,-2.4676033351166113,-9.897016408015164
2026-01-16 06:00:00,18.2,72.0,0.0,12.3,3.0,-0.643732261788215,-12.283143277481258
2026-01-16 07:00:00,18.2,79.0,0.1,13.7,13.0,-3.0818294445109538,-13.34886988755772
2026-01-16 08:00:00,18.2,92.0,0.7000000000000001,13.5,14.0,-3.265945590595515,-13.098992304725952
2026-01-16 09:00:00,19.3,84.0,0.0,12.0,18.0,-3.7082039324993707,-11.412678195541842
2026-01-16 10:00:00,20.1,78.0,0.0,14.6,359.0,0.2548051339843405,-14.597776349283313
2026-01-16 11:00:00,21.0,73.0,0.0,16.2,1.0,-0.2827289842839927,-16.197532661533536
2026-01-16 12:00:00,20.5,77.0,0.0,16.4,357.0,0.858309682384281,-16.37752436997501
2026-01-16 13:00:00,20.6,75.0,0.0,16.0,359.0,0.2792385029965376,-15.99756312250226
2026-01-16 14:00:00,20.7,76.0,0.0,12.6,340.0,4.309453805903427,-11.840127021902445
2026-01-16 15:00:00,19.6,84.0,0.1,12.5,344.0,3.4454669477124895,-12.015771199228986
2026-01-16 16:00:00,19.5,85.0,0.0,12.7,353.0,1.547740661245373,-12.605336125844788
2026-01-16 17:00:00,19.0,87.0,0.0,13.0,1.0,-0.22688128368468546,-12.998020037033086
2026-01-16 18:00:00,18.6,88.0,0.0,13.6,11.0,-2.5950023371210067,-13.35012969488823
2026-01-16 19:00:00,18.8,88.0,0.0,10.6,18.0,-3.2755801403744442,-10.081199072728626
2026-01-16 20:00:00,19.1,85.0,0.0,12.3,357.0,0.6437322617882109,-12.283143277481258
2026-01-16 21:00:00,19.3,82.0,0.0,12.6,11.0,-2.404193341744462,-12.368502511440566
2026-01-16 22:00:00,19.1,84.0,0.3,13.9,10.0,-2.4137096695703315,-13.688827766869691
2026-01-16 23:00:00,18.6,87.0,0.2,11.7,27.0,-5.311688846952698,-10.424776333003903
2026-01-17 00:00:00,18.9,81.0,0.0,8.9,38.0,-5.479387130398357,-7.013295707099827
2026-01-17 01:00:00,18.7,85.0,0.0,8.2,8.0,-1.1412194278725396,-8.120198163680875
2026-01-17 02:00:00,18.5,92.0,0.0,12.3,3.0,-0.643732261788215,-12.283143277481258
2026-01-17 03:00:00,18.5,84.0,0.0,14.0,18.0,-4.326237921249266,-13.31479122813215
2026-01-17 04:00:00,18.6,77.0,0.0,14.0,13.0,-3.1493147608141134,-13.641180906993291
2026-01-17 05:00:00,18.5,80.0,0.0,16.5,7.0,-2.010844166184928,-16.377011502081814
2026-01-17 06:00:00,18.3,83.0,0.0,18.3,7.0,-2.2302089843141935,-18.163594575036196
2026-01-17 07:00:00,18.5,80.0,0.0,16.7,16.0,-4.603143842143881,-16.053070322169926
2026-01-17 08:00:00,19.3,74.0,0.0,9.2,11.0,-1.7554427574642102,-9.030970087718508
2026-01-17 09:00:00,21.6,63.0,0.0,6.9,9.0,-1.0793978087775942,-6.81504955010645
2026-01-17 10:00:00,22.5,59.0,0.0,7.7,336.0,3.1318721516836616,-7.034300023848027
2026-01-17 11:00:00,22.9,56.0,0.0,11.3,338.0,4.233054505599806,-10.4771775566047
2026-01-17 12:00:00,23.8,53.0,0.0,12.1,345.0,3.131710445740501,-11.687702498097726
2026-01-17 13:00:00,24.1,54.0,0.0,13.9,346.0,3.3627143488353806,-13.487110595236352
2026-01-17 14:00:00,23.2,62.0,0.0,15.2,339.0,5.4471928330885655,-14.190422482757466
2026-01-17 15:00:00,22.6,67.0,0.0,16.8,348.0,3.492916405738359,-16.432879692327933
2026-01-17 16:00:00,21.4,72.0,0.0,18.9,358.0,0.6596004876772704,-18.888486630660907
2026-01-17 17:00:00,19.4,80.0,0.0,18.5,1.0,-0.3228695190897447,-18.49718236039324
2026-01-17 18:00:00,18.4,85.0,0.0,16.0,1.0,-0.27923850299653596,-15.99756312250226
2026-01-17 19:00:00,18.4,83.0,0.0,18.3,7.0,-2.2302089843141935,-18.163594575036196
2026-01-17 20:00:00,18.0,85.0,0.0,17.2,6.0,-1.7978895682036378,-17.105776600334302
2026-01-17 21:00:00,18.0,83.0,0.0,16.8,15.0,-4.348159957722347,-16.22755388165635
2026-01-17 22:00:00,17.6,83.0,0.0,16.7,16.0,-4.603143842143881,-16.053070322169926
2026-01-17 23:00:00,17.5,83.0,0.0,15.4,19.0,-5.013749578640213,-14.56098606422948
2026-01-18 00:00:00,17.2,83.0,0.0,14.7,25.0,-6.212488447588277,-13.322724469438755
2026-01-18 01:00:00,17.5,81.0,0.0,15.0,24.0,-6.101049646137001,-13.703181864639015
2026-01-18 02:00:00,17.7,79.0,0.0,15.0,17.0,-4.385575570841056,-14.34457133944553
2026-01-18 03:00:00,17.5,79.0,0.0,14.5,22.0,-5.431795604530728,-13.444165891218416
2026-01-18 04:00:00,17.6,77.0,0.0,16.5,20.0,-5.643332364873531,-15.50492824296749
2026-01-18 05:00:00,17.5,79.0,0.0,17.1,22.0,-6.405772747412101,-15.854843913092065
2026-01-18 06:00:00,17.2,81.0,0.0,17.0,24.0,-6.914522932288602,-15.530272779924216
2026-01-18 07:00:00,17.4,81.0,0.0,15.0,20.0,-5.130302149885028,-14.095389311788626
2026-01-18 08:00:00,18.9,79.0,0.0,17.8,14.0,-4.3062097416740865,-17.271263927712738
2026-01-18 09:00:00,19.2,78.0,0.0,17.4,16.0,-4.79608999121578,-16.72595350932675
2026-01-18 10:00:00,20.2,72.0,0.0,18.0,7.0,-2.193648181292649,-17.8658307295438
2026-01-18 11:00:00,22.0,64.0,0.0,20.7,360.0,1.2675094371175106e-15,-20.7
2026-01-18 12:00:00,22.8,60.0,0.0,24.0,356.0,1.6741553698590055,-23.94153720623578
2026-01-18 13:00:00,21.9,66.0,0.0,25.8,356.0,1.7997170225984311,-25.737152496703466
2026-01-18 14:00:00,20.4,74.0,0.0,25.1,354.0,2.623664428018102,-24.96249957374366
2026-01-18 15:00:00,19.9,76.0,0.0,23.4,2.0,-0.8166482228385178,-23.38574535224684
2026-01-18 16:00:00,19.8,77.0,0.0,22.9,2.0,-0.7991984744872673,-22.88604993873729
2026-01-18 17:00:00,19.2,80.0,0.0,21.3,3.0,-1.1147558679747138,-21.270809090272422
2026-01-18 18:00:00,18.6,84.0,0.0,19.1,8.0,-2.6582062283372574,-18.914120112963992
2026-01-18 19:00:00,18.1,88.0,0.0,16.9,11.0,-3.224672021863604,-16.58949940026552
2026-01-18 20:00:00,18.0,90.0,0.0,14.6,5.0,-1.2724738441158103,-14.544442592139484
2026-01-18 21:00:00,17.8,91.0,0.0,15.0,11.0,-2.8621349306481694,-14.72440775171496
2026-01-18 22:00:00,17.5,91.0,0.0,14.6,16.0,-4.0243053949281835,-14.034420760699458
2026-01-18 23:00:00,17.4,90.0,0.0,16.1,20.0,-5.506524307543264,-15.129051194653128
2026-01-19 00:00:00,17.3,89.0,0.0,17.3,23.0,-6.759648522864437,-15.924733964727217
2026-01-19 01:00:00,17.4,86.0,0.0,19.9,22.0,-7.454671208976654,-18.450958705879067
2026-01-19 02:00:00,17.1,88.0,0.0,19.5,21.0,-6.988175016133364,-18.20481831669543
2026-01-19 03:00:00,17.2,87.0,0.0,21.5,23.0,-8.400719262519388,-19.790854349227466
2026-01-19 04:00:00,17.5,85.0,0.0,21.9,23.0,-8.557011713915097,-20.15905629060844
2026-01-19 05:00:00,17.5,84.0,0.0,21.8,24.0,-8.866858819052442,-19.915290976608702
2026-01-19 06:00:00,17.3,85.0,0.0,20.4,27.0,-9.261406194686757,-18.1765330934427
2026-01-19 07:00:00,17.0,86.0,0.0,20.3,25.0,-8.579150713336194,-18.398048076843995
2026-01-19 08:00:00,18.5,78.0,0.0,20.5,28.0,-9.62416703711076,-18.100425653608003
2026-01-19 09:00:00,20.4,68.0,0.0,15.5,28.0,-7.276809223181306,-13.685687689313369
2026-01-19 10:00:00,22.3,61.0,0.0,14.7,11.0,-2.8048922320352054,-14.42991959668066
2026-01-19 11:00:00,23.4,58.0,0.0,19.8,2.0,-0.691010034709515,-19.787938374978097
2026-01-19 12:00:00,23.5,60.0,0.0,27.8,357.0,1.4549395835538423,-27.761901066177153
2026-01-19 13:00:00,22.5,65.0,0.0,33.9,357.0,1.7741889166358005,-33.85354122818005
2026-01-19 14:00:00,21.3,69.0,0.0,33.9,356.0,2.3647444599258454,-33.81742130380804
2026-01-19 15:00:00,20.5,72.0,0.0,32.1,2.0,-1.1202738441502744,-32.080445547312976
2026-01-19 16:00:00,20.0,73.0,0.0,31.6,4.0,-2.204304570314368,-31.523023988210447
2026-01-19 17:00:00,19.5,75.0,0.0,28.3,7.0,-3.448902418365665,-28.089056091449415
2026-01-19 18:00:00,18.7,80.0,0.0,21.1,7.0,-2.5714431458486056,-20.9427237996319
2026-01-19 19:00:00,18.4,81.0,0.0,18.7,11.0,-3.568128213541384,-18.356428330471317
2026-01-19 20:00:00,17.9,83.0,0.0,16.2,12.0,-3.3681693912477084,-15.845991131887649
2026-01-19 21:00:00,17.5,85.0,0.0,13.5,4.0,-0.9417123955456953,-13.467114678507627
2026-01-19 22:00:00,17.5,85.0,0.0,12.7,8.0,-1.7674983821928358,-12.576404473017941
2026-01-19 23:00:00,17.0,86.0,0.0,12.6,11.0,-2.404193341744462,-12.368502511440566
2026-01-20 00:00:00,17.0,85.0,0.0,14.0,16.0,-3.8589229814379844,-13.457663743136466
2026-01-20 01:00:00,16.6,87.0,0.0,16.5,18.0,-5.098780407186635,-15.692432518870033
2026-01-20 02:00:00,16.5,87.0,0.0,17.5,22.0,-6.5556153847784655,-16.22571745491878
2026-01-20 03:00:00,16.6,84.0,0.0,21.7,18.0,-6.705668777936362,-20.63792640360483
2026-01-20 04:00:00,16.8,82.0,0.0,24.9,18.0,-7.694523159936194,-23.68130725574932
2026-01-20 05:00:00,16.6,79.0,0.0,28.5,16.0,-7.855664640784468,-27.395958334242092
2026-01-20 06:00:00,16.1,77.0,0.0,28.3,19.0,-9.213578771137533,-26.758175689460668
2026-01-20 07:00:00,15.7,76.0,0.0,27.2,20.0,-9.302947898458184,-25.559639285376708
2026-01-20 08:00:00,17.0,69.0,0.0,20.6,19.0,-6.706703981817427,-19.477682657345927
2026-01-20 09:00:00,19.0,61.0,0.0,15.5,18.0,-4.789763412811687,-14.74137600257488
2026-01-20 10:00:00,20.4,57.0,0.0,21.8,3.0,-1.140923846096186,-21.77012385764971
2026-01-20 11:00:00,21.5,51.0,0.0,26.2,8.0,-3.6463352451537245,-25.94502340102914
2026-01-20 12:00:00,21.7,49.0,0.0,28.4,5.0,-2.475223094033494,-28.291929425805574
2026-01-20 13:00:00,21.2,51.0,0.0,30.3,2.0,-1.0574547500857732,-30.281542058678603
2026-01-20 14:00:00,21.4,53.0,0.0,28.1,359.0,0.4904126208876691,-28.095720233894596
2026-01-20 15:00:00,20.2,56.0,0.0,29.7,3.0,-1.5543779004154459,-29.659297182210842
2026-01-20 16:00:00,18.5,63.0,0.0,30.7,5.0,-2.6756813023531083,-30.583177231416588
2026-01-20 17:00:00,16.9,67.0,0.0,29.0,9.0,-4.5365994861667,-28.64296187725899
2026-01-20 18:00:00,15.5,70.0,0.0,29.6,12.0,-6.15418604820569,-28.953168981720648
2026-01-20 19:00:00,15.0,70.0,0.0,30.3,15.0,-7.842217066606375,-29.26755253655877
2026-01-20 20:00:00,15.1,71.0,0.0,25.5,14.0,-6.169008337791529,-24.74254102003791
2026-01-20 21:00:00,14.8,71.0,0.0,26.1,18.0,-8.065343553186132,-24.822575075303508
2026-01-20 22:00:00,14.4,71.0,0.0,25.4,22.0,-9.515007472764172,-23.550469905996398
2026-01-20 23:00:00,14.2,70.0,0.0,24.2,20.0,-8.276887468481178,-22.740561423018985
2026-01-21 00:00:00,13.9,71.0,0.0,24.4,18.0,-7.54001466274872,-23.205778997601744
2026-01-21 01:00:00,13.6,72.0,0.0,26.9,17.0,-7.864798857041627,-25.724597935405647
2026-01-21 02:00:00,13.9,71.0,0.0,27.5,19.0,-8.953124247571807,-26.00176082898121
2026-01-21 03:00:00,13.4,70.0,0.0,26.7,23.0,-10.432521130663611,-24.577479587180154
2026-01-21 04:00:00,13.1,71.0,0.0,25.5,23.0,-9.963643776476482,-23.472873763037228
2026-01-21 05:00:00,12.9,71.0,0.0,25.2,26.0,-11.046952899084758,-22.649609966739003
2026-01-21 06:00:00,12.9,70.0,0.0,27.5,26.0,-12.055206536699638,-24.716836273227088
2026-01-21 07:00:00,12.9,69.0,0.0,27.5,26.0,-12.055206536699638,-24.716836273227088
2026-01-21 08:00:00,14.8,65.0,0.0,25.0,27.0,-11.349762493488672,-22.275163104709193
2026-01-21 09:00:00,16.1,59.0,0.0,22.8,22.0,-8.541030329882801,-21.13979188412275
2026-01-21 10:00:00,17.4,54.0,0.0,23.8,18.0,-7.354604466123752,-22.635145087824654
2026-01-21 11:00:00,18.1,51.0,0.0,22.9,11.0,-4.3695259941228715,-22.479262500951503
2026-01-21 12:00:00,18.5,50.0,0.0,25.3,6.0,-2.64457012067163,-25.161403952817317
2026-01-21 13:00:00,18.1,52.0,0.0,30.5,5.0,-2.6582501538035768,-30.383938291798238
2026-01-21 14:00:00,17.5,55.0,0.0,27.8,7.0,-3.3879677466630915,-27.592783015628754
2026-01-21 15:00:00,17.9,52.0,0.0,22.0,8.0,-3.0618082211214483,-21.785897512314545
2026-01-21 16:00:00,17.5,54.0,0.0,20.2,5.0,-1.7605460035026965,-20.12313290145326
2026-01-21 17:00:00,15.4,64.0,0.0,26.3,4.0,-1.8345952594705028,-26.23593452183338
2026-01-21 18:00:00,14.1,69.0,0.0,30.2,15.0,-7.816335162096123,-29.170959953929863
2026-01-21 19:00:00,13.5,69.0,0.0,25.3,20.0,-8.653109626139415,-23.774223305883485
2026-01-21 20:00:00,12.9,68.0,0.0,20.6,27.0,-9.352204294634667,-18.354734398280378
2026-01-21 21:00:00,12.3,72.0,0.0,18.9,24.0,-7.6873225541326216,-17.266009149445157
2026-01-21 22:00:00,12.2,73.0,0.0,18.7,25.0,-7.902961494551074,-16.947955617585354
2026-01-21 23:00:00,12.2,73.0,0.0,20.7,27.0,-9.397603344608621,-18.443835050699214
2026-01-22 00:00:00,12.2,73.0,0.0,20.5,31.0,-10.558280535656117,-17.5719296643933
2026-01-22 01:00:00,12.1,73.0,0.0,20.2,27.0,-9.170608094738848,-17.99833178860503
2026-01-22 02:00:00,12.1,74.0,0.0,18.0,27.0,-8.171828995311845,-16.03811743539062
2026-01-22 03:00:00,12.4,73.0,0.0,18.0,29.0,-8.726573164434063,-15.743154728509127
2026-01-22 04:00:00,12.6,72.0,0.0,18.1,31.0,-9.322189155871987,-15.51472814270823
2026-01-22 05:00:00,12.4,73.0,0.0,19.6,30.0,-9.80000000000001,-16.974097914174994
2026-01-22 06:00:00,12.0,75.0,0.0,17.1,25.0,-7.226772275765956,-15.497863158326718
2026-01-22 07:00:00,12.1,76.0,0.0,17.5,24.0,-7.117891253826501,-15.987045508745517
2026-01-22 08:00:00,13.3,70.0,0.0,14.1,28.0,-6.619549035281059,-12.44956105931087
2026-01-22 09:00:00,14.8,64.0,0.0,16.2,26.0,-7.101612577983059,-14.560463550046501
2026-01-22 10:00:00,16.8,56.0,0.0,17.5,21.0,-6.271439117042762,-16.337657463701028
2026-01-22 11:00:00,17.7,54.0,0.0,16.9,9.0,-2.6437424591799044,-16.691932956057826
2026-01-22 12:00:00,18.7,51.0,0.0,19.6,3.0,-1.0257847423617086,-19.57313888118965
2026-01-22 13:00:00,17.9,55.0,0.0,24.5,360.0,1.5001923289555077e-15,-24.5
2026-01-22 14:00:00,17.3,60.0,0.0,23.6,2.0,-0.823628122179018,-23.58562351765066
2026-01-22 15:00:00,17.4,60.0,0.0,22.9,2.0,-0.7991984744872673,-22.88604993873729
2026-01-22 16:00:00,17.2,60.0,0.0,22.7,3.0,-1.1880262067148357,-22.668890438928827
2026-01-22 17:00:00,16.0,63.0,0.0,20.2,9.0,-3.1599761938126667,-19.95130448002178
2026-01-22 18:00:00,15.3,66.0,0.0,17.0,13.0,-3.8241679238457094,-16.564291101348996
2026-01-22 19:00:00,14.9,69.0,0.0,18.0,12.0,-3.7424104347196763,-17.6066568132085
2026-01-22 20:00:00,14.2,70.0,0.0,17.0,15.0,-4.399923766742851,-16.42073904691416
2026-01-22 21:00:00,14.1,72.0,0.0,14.8,23.0,-5.782820701641253,-13.623471831096117
2026-01-22 22:00:00,13.4,74.0,0.0,13.4,17.0,-3.9177808432846772,-12.814483729904675
2026-01-22 23:00:00,13.2,78.0,0.0,15.4,19.0,-5.013749578640213,-14.56098606422948
2026-01-23 00:00:00,13.4,79.0,0.0,12.1,21.0,-4.336252189498138,-11.29632316061614
2026-01-23 01:00:00,13.2,78.0,0.0,12.7,29.0,-6.157082177128477,-11.107670280670328
2026-01-23 02:00:00,12.8,80.0,0.0,12.4,28.0,-5.821447378545045,-10.948550151450695
2026-01-23 03:00:00,12.6,81.0,0.0,11.2,24.0,-4.555450402448961,-10.23170912559713
2026-01-23 04:00:00,12.8,81.0,0.0,12.2,24.0,-4.962187045524761,-11.145254583239732
2026-01-23 05:00:00,13.2,78.0,0.0,12.4,31.0,-6.386472128884676,-10.62887452870619
2026-01-23 06:00:00,13.4,77.0,0.0,12.9,40.0,-8.29196016495636,-9.881973316234815
2026-01-23 07:00:00,13.4,78.0,0.0,12.3,35.0,-7.054990167117871,-10.075570144754597
2026-01-23 08:00:00,14.2,75.0,0.0,6.9,37.0,-4.152523659749133,-5.510585019326321
2026-01-23 09:00:00,16.7,64.0,0.0,7.0,13.0,-1.5746573804070567,-6.820590453496646
2026-01-23 10:00:00,19.0,55.0,0.0,7.2,12.0,-1.4969641738878705,-7.0426627252834
2026-01-23 11:00:00,20.6,50.0,0.0,7.6,348.0,1.5801288502149717,-7.433921765576922
2026-01-23 12:00:00,21.1,52.0,0.0,14.2,338.0,5.319413626505949,-13.166010734848381
2026-01-23 13:00:00,20.0,59.0,0.0,23.0,348.0,4.781968888808468,-22.497394816877527
2026-01-23 14:00:00,19.5,61.0,0.0,18.2,337.0,7.111306538504781,-16.753188332834416
2026-01-23 15:00:00,19.5,60.0,0.0,14.6,338.0,5.469256263872315,-13.536884276675096
2026-01-23 16:00:00,19.2,62.0,0.0,15.4,350.0,2.6741819360707284,-15.166039396388005
2026-01-23 17:00:00,18.2,67.0,0.0,16.7,1.0,-0.2914551875026344,-16.697456509111735
2026-01-23 18:00:00,17.5,71.0,0.0,15.7,9.0,-2.4560211011316273,-15.50670694734366
2026-01-23 19:00:00,17.0,78.0,0.0,15.3,13.0,-3.4417511314611384,-14.907861991214098
2026-01-23 20:00:00,16.7,82.0,0.0,14.8,6.0,-1.5470212563612697,-14.718924051450447
2026-01-23 21:00:00,16.5,82.0,0.0,12.2,13.0,-2.744402862995156,-11.887314790379868
2026-01-23 22:00:00,16.1,83.0,0.0,11.4,11.0,-2.1752225472926088,-11.19054989130337
2026-01-23 23:00:00,16.0,83.0,0.0,11.3,34.0,-6.318879809219436,-9.368124569871974
2026-01-24 00:00:00,15.2,87.0,0.0,7.2,35.0,-4.129750341727534,-5.89789471888074
2026-01-24 01:00:00,14.8,88.0,0.0,6.2,60.0,-5.36935750346352,-3.100000000000001
2026-01-24 02:00:00,14.8,88.0,0.0,7.4,43.0,-5.04678786446249,-5.412017391981862
2026-01-24 03:00:00,15.2,85.0,0.0,10.7,37.0,-6.439420747726916,-8.545399957506033
2026-01-24 04:00:00,15.4,85.0,0.0,11.3,27.0,-5.13009264705688,-10.068373723328557
2026-01-24 05:00:00,16.0,84.0,0.0,13.2,26.0,-5.7864991376158255,-11.864081411149002
2026-01-24 06:00:00,16.4,84.0,0.0,16.4,25.0,-6.930939492547465,-14.86344770740106
2026-01-24 07:00:00,16.2,85.0,0.0,11.2,32.0,-5.935095759411896,-9.498138676951971
2026-01-24 08:00:00,16.5,79.0,0.0,8.0,16.0,-2.205098846535991,-7.690093567506552
2026-01-24 09:00:00,18.8,67.0,0.0,11.2,2.0,-0.3908743630680085,-11.193177262613872
2026-01-24 10:00:00,20.8,61.0,0.0,14.1,356.0,0.9835662797921657,-14.06565310866352
2026-01-24 11:00:00,21.7,58.0,0.0,16.8,351.0,2.6280990126758796,-16.593164121998313
2026-01-24 12:00:00,21.9,61.0,0.0,20.6,351.0,3.222549979828757,-20.34637981625984
2026-01-24 13:00:00,21.5,63.0,0.0,23.5,351.0,3.676209928445427,-23.21067600398574
2026-01-24 14:00:00,21.0,64.0,0.0,21.7,349.0,4.140555199671025,-21.30130988081431
2026-01-24 15:00:00,20.4,67.0,0.0,20.9,352.0,2.908717810065368,-20.69660263669882
2026-01-24 16:00:00,19.5,73.0,0.0,22.2,354.0,2.3205318845419067,-22.078386077175665
2026-01-24 17:00:00,18.4,79.0,0.0,20.5,2.0,-0.7154396824012657,-20.487511953891463
2026-01-24 18:00:00,17.5,84.0,0.0,17.8,1.0,-0.3106528345836463,-17.797288973783765
2026-01-24 19:00:00,17.2,86.0,0.0,16.4,4.0,-1.1440061694036594,-16.360050424261114
2026-01-24 20:00:00,16.9,87.0,0.0,12.4,2.0,-0.43275375911100944,-12.392446255036788
2026-01-24 21:00:00,16.4,88.0,0.0,10.0,7.0,-1.2186934340514717,-9.925461516413222
2026-01-24 22:00:00,15.6,92.0,0.0,6.2,12.0,-1.2890524830701107,-6.064515124549595
2026-01-24 23:00:00,15.1,92.0,0.0,3.1,13.0,-0.6973482684659823,-3.020547200834229
2026-01-25 00:00:00,14.9,93.0,0.0,1.2,333.0,0.5447885996874562,-1.0692078290260414
2026-01-25 01:00:00,14.5,95.0,0.0,2.3,328.0,1.2188143077363711,-1.9505106211597796
2026-01-25 02:00:00,14.3,96.0,0.0,3.9,28.0,-1.830939094864974,-3.4434956121498153
2026-01-25 03:00:00,14.2,96.0,0.0,5.0,41.0,-3.2802951449525364,-3.77354790111386
2026-01-25 04:00:00,14.4,95.0,0.0,5.9,38.0,-3.632402704421383,-4.649263446279661
2026-01-25 05:00:00,14.3,95.0,0.0,7.4,45.0,-5.232590180780453,-5.232590180780451
2026-01-25 06:00:00,14.1,93.0,0.0,7.9,51.0,-6.13945309551007,-4.971631089293718
2026-01-25 07:00:00,14.1,92.0,0.0,8.8,71.0,-8.320563465273988,-2.8649997592229797
2026-01-25 08:00:00,16.5,78.0,0.0,7.4,76.0,-7.180188374442374,-1.7902220274375396
2026-01-25 09:00:00,20.4,65.0,0.0,7.9,3.0,-0.41345405431926,-7.889173324561134
2026-01-25 10:00:00,22.1,64.0,0.0,15.1,358.0,0.5269824002077663,-15.090801487988346
2026-01-25 11:00:00,22.9,62.0,0.0,16.2,350.0,2.8131004782042726,-15.953885598797768
2026-01-25 12:00:00,23.4,59.0,0.0,17.9,345.0,4.632860907335121,-17.290072290574322
2026-01-25 13:00:00,22.6,65.0,0.0,20.6,342.0,6.365750084123918,-19.591764235680163
2026-01-25 14:00:00,21.5,68.0,0.0,18.3,338.0,6.855300659511189,-16.967464538572212
2026-01-25 15:00:00,21.0,69.0,0.0,16.5,346.0,3.9917112773945167,-16.00987948355394
2026-01-25 16:00:00,20.5,72.0,0.0,16.4,352.0,2.2824388557450734,-16.240396327361754
2026-01-25 17:00:00,19.2,80.0,0.0,17.0,356.0,1.185860053650129,-16.958588854417012
2026-01-25 18:00:00,18.0,90.0,0.0,15.1,3.0,-0.790272939268459,-15.079305974794064
2026-01-25 19:00:00,17.5,92.0,0.0,13.9,13.0,-3.126819655379727,-13.54374390051477
2026-01-25 20:00:00,17.5,93.0,0.0,13.8,14.0,-3.3385221592754157,-13.390081022608753
2026-01-25 21:00:00,17.2,95.0,0.0,12.2,13.0,-2.744402862995156,-11.887314790379868
2026-01-25 22:00:00,17.6,93.0,0.0,12.3,14.0,-2.975639315875914,-11.934637433194757
2026-01-25 23:00:00,17.5,94.0,0.0,12.0,16.0,-3.3076482698039866,-11.535140351259829
2026-01-26 00:00:00,17.3,95.0,0.0,9.2,26.0,-4.033014550459515,-8.268905225952334
2026-01-26 01:00:00,17.1,95.0,0.0,7.1,41.0,-4.658019105832602,-5.358438019581681
2026-01-26 02:00:00,17.4,96.0,0.0,7.5,46.0,-5.395048502539883,-5.20993777844248
2026-01-26 03:00:00,17.5,94.0,0.0,7.5,70.0,-7.047694655894313,-2.565151074942515
2026-01-26 04:00:00,17.3,94.0,0.0,3.9,77.0,-3.8000432526624173,-0.8773091119410734
2026-01-26 05:00:00,17.2,94.0,0.0,2.9,68.0,-2.6888331782436836,-1.0863591209061447
2026-01-26 06:00:00,17.0,95.0,0.0,2.8,18.0,-0.8652475842498532,-2.6629582456264296
2026-01-26 07:00:00,17.1,95.0,0.0,6.6,26.0,-2.8932495688079127,-5.932040705574501
2026-01-26 08:00:00,18.8,91.0,0.0,13.2,10.0,-2.29215594520348,-12.999462339761145
2026-01-26 09:00:00,19.5,87.0,0.1,13.5,14.0,-3.265945590595515,-13.098992304725952
2026-01-26 10:00:00,20.1,83.0,0.2,13.5,9.0,-2.111865278043119,-13.333792598034359
2026-01-26 11:00:00,21.8,71.0,0.0,12.1,7.0,-1.4746190552022806,-12.009808434859996
2026-01-26 12:00:00,22.5,67.0,0.0,14.2,336.0,5.775660331676363,-12.972345498524932
2026-01-26 13:00:00,21.5,73.0,0.0,17.8,333.0,8.081030895363934,-15.859916130552948
2026-01-26 14:00:00,21.1,73.0,0.0,13.6,336.0,5.531618345830883,-12.424218223939372
2026-01-26 15:00:00,21.5,72.0,0.0,11.0,336.0,4.474103073833803,-10.049000034068609
2026-01-26 16:00:00,21.3,71.0,0.0,8.9,354.0,0.9303033230821158,-8.851244868777632
2026-01-26 17:00:00,20.2,75.0,0.0,6.5,2.0,-0.22684672856625496,-6.496040375624123
2026-01-26 18:00:00,19.0,82.0,0.0,7.0,328.0,3.7094348496324345,-5.936336673094981
2026-01-26 19:00:00,17.7,90.0,0.0,6.3,355.0,0.5490811793102462,-6.276026597977997
2026-01-26 20:00:00,17.5,96.0,0.0,5.1,333.0,2.3153515486716887,-4.544133273360675
2026-01-26 21:00:00,17.5,96.0,0.0,2.7,42.0,-1.806652637168917,-2.006491028788965
2026-01-26 22:00:00,17.5,96.0,0.0,1.8,45.0,-1.272792206135786,-1.2727922061357855
2026-01-26 23:00:00,17.5,95.0,0.0,2.7,32.0,-1.4307820134296536,-2.28972985962235
2026-01-27 00:00:00,18.0,93.0,0.0,6.0,16.0,-1.6538241349019933,-5.767570175629914
2026-01-27 01:00:00,18.2,95.0,0.0,9.0,13.0,-2.0245594890947873,-8.769330583067116
2026-01-27 02:00:00,18.1,96.0,0.0,8.3,13.0,-1.8670937510540817,-8.087271537717452
2026-01-27 03:00:00,17.9,96.0,0.0,9.3,28.0,-4.366085533908785,-8.211412613588022
2026-01-27 04:00:00,17.9,93.0,0.0,9.8,20.0,-3.351797404591552,-9.208987683701903
2026-01-27 05:00:00,18.0,90.0,0.0,11.1,31.0,-5.716922631501605,-9.514557037793445
2026-01-27 06:00:00,17.4,91.0,0.0,10.3,43.0,-7.024583108643736,-7.5329431266774565
2026-01-27 07:00:00,17.2,91.0,0.0,9.1,30.0,-4.550000000000004,-7.880831174438389
2026-01-27 08:00:00,19.0,88.0,0.0,9.8,7.0,-1.1943195653704424,-9.726952286084957
2026-01-27 09:00:00,20.3,80.0,0.0,13.6,8.0,-1.892754173056895,-13.467645734885355
2026-01-27 10:00:00,21.2,74.0,0.0,14.2,359.0,0.24782417140942709,-14.197837271220756
2026-01-27 11:00:00,22.2,68.0,0.0,15.0,350.0,2.604722665003956,-14.772116295183121
2026-01-27 12:00:00,22.8,63.0,0.0,17.6,345.0,4.555215193804365,-17.000294542687605
2026-01-27 13:00:00,22.0,63.0,0.0,24.7,346.0,5.9754708213117915,-23.96630443901711
2026-01-27 14:00:00,21.0,66.0,0.0,26.1,354.0,2.7281928912857554,-25.957021469111933
2026-01-27 15:00:00,20.2,69.0,0.0,24.5,359.0,0.42758395771344815,-24.496268531331587
2026-01-27 16:00:00,19.5,71.0,0.0,24.7,1.0,-0.43107443900090237,-24.696238070362863
2026-01-27 17:00:00,18.2,77.0,0.0,23.6,1.0,-0.4118767919198906,-23.596405605690837
2026-01-27 18:00:00,17.4,81.0,0.0,21.3,5.0,-1.8564173205251209,-21.21894706935418
2026-01-27 19:00:00,17.0,82.0,0.0,21.0,6.0,-2.1950977286207207,-20.884959802733743
2026-01-27 20:00:00,17.1,81.0,0.0,18.6,9.0,-2.9096810497482974,-18.37100313506956
2026-01-27 21:00:00,16.6,85.0,0.0,17.9,17.0,-5.233453514536993,-17.11785513173833
2026-01-27 22:00:00,16.2,87.0,0.0,18.3,10.0,-3.177761651304825,-18.02198188012341
2026-01-27 23:00:00,16.0,85.0,0.0,19.6,19.0,-6.3811358273602705,-18.53216408174661
2026-01-28 00:00:00,16.3,86.0,0.0,28.6,14.0,-6.918966214150499,-27.7504577714935
2026-01-28 01:00:00,16.1,86.0,0.0,29.7,14.0,-7.185080299310133,-28.817783070397095
2026-01-28 02:00:00,16.0,86.0,0.0,30.4,14.0,-7.3544256262299,-29.49699007879029
2026-01-28 03:00:00,16.0,86.0,0.0,30.8,14.0,-7.451194384469768,-29.885108369300692
2026-01-28 04:00:00,15.9,86.0,0.0,31.3,15.0,-8.101036111708895,-30.23347836284784
2026-01-28 05:00:00,15.9,85.0,0.0,31.7,15.0,-8.204563729749903,-30.619848693363465
2026-01-28 06:00:00,16.0,85.0,0.0,32.0,15.0,-8.28220944328066,-30.909626441250186
2026-01-28 07:00:00,16.1,84.0,0.0,32.5,15.0,-8.41161896583192,-31.39258935439472
2026-01-28 08:00:00,16.4,82.0,0.0,32.8,15.0,-8.489264679362677,-31.68236710228144
2026-01-28 09:00:00,16.8,80.0,0.0,33.8,14.0,-8.17696007126877,-32.79599554812868
2026-01-28 10:00:00,17.4,76.0,0.0,34.8,13.0,-7.828296691166511,-33.90807825452618
2026-01-28 11:00:00,18.2,72.0,0.0,36.1,12.0,-7.505612038521129,-35.31112838649038
2026-01-28 12:00:00,18.8,69.0,0.0,37.1,11.0,-7.079013728469805,-36.41836850590833
2026-01-28 13:00:00,19.3,66.0,0.0,37.7,10.0,-6.546536298043274,-37.12725228856024
2026-01-28 14:00:00,19.5,65.0,0.0,38.0,10.0,-6.598630751343353,-37.42269461446391
2026-01-28 15:00:00,19.3,66.0,0.0,37.6,10.0,-6.529171480276581,-37.028771513259024
2026-01-28 16:00:00,18.7,68.0,0.0,36.6,11.0,-6.983609230781533,-35.927554914184505
2026-01-28 17:00:00,18.1,70.0,0.0,34.9,11.0,-6.659233938641407,-34.25878870232347
2026-01-28 18:00:00,17.3,73.0,0.0,33.5,12.0,-6.965041642394953,-32.76794462458248
2026-01-28 19:00:00,16.6,76.0,0.0,31.9,14.0,-7.717308469629402,-30.952433668204286
2026-01-28 20:00:00,16.2,78.0,0.0,30.5,14.0,-7.378617815789868,-29.59401965141789
2026-01-28 21:00:00,15.9,79.0,0.0,29.1,15.0,-7.53163421248335,-28.10844154501189
2026-01-28 22:00:00,15.7,80.0,0.0,27.3,16.0,-7.52489981380407,-26.24244429911611
2026-01-28 23:00:00,15.6,80.0,0.0,25.9,16.0,-7.13900751566027,-24.89667792480246
2026-01-29 00:00:00,15.6,80.0,0.0,24.5,17.0,-7.163106765707059,-23.429466521094366
2026-01-29 01:00:00,15.6,80.0,0.0,23.0,17.0,-6.724549208622953,-21.995009387149814
2026-01-29 02:00:00,15.6,80.0,0.0,22.0,18.0,-6.798373876248847,-20.923243358493377
2026-01-29 03:00:00,15.7,80.0,0.0,21.3,19.0,-6.934601689937437,-20.13954566026545
2026-01-29 04:00:00,15.8,80.0,0.0,20.7,20.0,-7.079816966841339,-19.451637250268305
2026-01-29 05:00:00,15.9,80.0,0.0,20.5,22.0,-7.679435165026202,-19.00726901861914
2026-01-29 06:00:00,16.1,79.0,0.0,20.7,23.0,-8.088134359727968,-19.054450466465514
2026-01-29 07:00:00,16.4,78.0,0.0,20.7,23.0,-8.088134359727968,-19.054450466465514
2026-01-29 08:00:00,16.8,77.0,0.0,20.9,21.0,-7.489890145496784,-19.511830913791513
2026-01-29 09:00:00,17.5,74.0,0.0,21.3,19.0,-6.934601689937437,-20.13954566026545
2026-01-29 10:00:00,18.5,71.0,0.0,22.4,15.0,-5.797546610296462,-21.63673850887513
2026-01-29 11:00:00,19.6,67.0,0.0,23.9,11.0,-4.560334989499416,-23.460889684399167
2026-01-29 12:00:00,20.6,63.0,0.0,25.1,7.0,-3.058920519469194,-24.912908406197186
2026-01-29 13:00:00,21.3,60.0,0.0,26.0,6.0,-2.7177400449589872,-25.85756927957511
2026-01-29 14:00:00,21.7,59.0,0.0,26.7,4.0,-1.862497848968153,-26.634960141937306
2026-01-29 15:00:00,21.5,60.0,0.0,26.7,4.0,-1.862497848968153,-26.634960141937306
2026-01-29 16:00:00,21.0,63.0,0.0,26.0,4.0,-1.8136683173472652,-25.93666530675543
2026-01-29 17:00:00,20.2,68.0,0.0,24.9,5.0,-2.17017799441669,-24.805247982484463
2026-01-29 18:00:00,19.3,72.0,0.0,23.6,7.0,-2.8761165043614736,-23.4240891787352
2026-01-29 19:00:00,18.5,76.0,0.0,22.6,8.0,-3.145312081697488,-22.380058353559487
2026-01-29 20:00:00,17.9,79.0,0.0,21.5,10.0,-3.733435819839002,-21.17336668976247
2026-01-29 21:00:00,17.6,81.0,0.0,20.9,11.0,-3.9879080033697822,-20.516008134056175
2026-01-29 22:00:00,17.4,82.0,0.0,19.9,13.0,-4.476525981442919,-19.389964289226178
2026-01-29 23:00:00,17.2,83.0,0.0,19.2,13.0,-4.3190602434022125,-18.707905243876514
2026-01-30 00:00:00,17.1,83.0,0.0,18.3,15.0,-4.736388525376127,-17.67644262108995
2026-01-30 01:00:00,17.1,84.0,0.0,17.7,17.0,-5.174979173592447,-16.926594180545724
2026-01-30 02:00:00,17.1,84.0,0.0,17.3,17.0,-5.058030491703352,-16.544072278160513
2026-01-30 03:00:00,17.2,84.0,0.0,17.0,17.0,-4.970318980286531,-16.2571808513716
2026-01-30 04:00:00,17.2,85.0,0.0,17.1,18.0,-5.284190603811604,-16.263066428647125
2026-01-30 05:00:00,17.4,85.0,0.0,17.1,18.0,-5.284190603811604,-16.263066428647125
2026-01-30 06:00:00,17.6,85.0,0.0,17.1,18.0,-5.284190603811604,-16.263066428647125
2026-01-30 07:00:00,17.8,84.0,0.0,17.4,18.0,-5.376895702124087,-16.54838338353567
2026-01-30 08:00:00,18.2,83.0,0.0,17.7,17.0,-5.174979173592447,-16.926594180545724
2026-01-30 09:00:00,18.7,81.0,0.0,18.2,14.0,-4.402978499913954,-17.659382218223136
2026-01-30 10:00:00,19.5,78.0,0.0,19.4,11.0,-3.701694510304965,-19.04356735888468
2026-01-30 11:00:00,20.4,74.0,0.0,20.7,7.0,-2.5226954084865465,-20.545705338975367
2026-01-30 12:00:00,21.1,71.0,0.0,22.0,4.0,-1.5346424223707626,-21.946409105716132
2026-01-30 13:00:00,21.7,69.0,0.0,23.1,2.0,-0.8061783738277676,-23.085928104141114
2026-01-30 14:00:00,21.9,68.0,0.0,23.8,1.0,-0.41536727320734723,-23.796375144722113
2026-01-30 15:00:00,21.7,69.0,0.0,23.8,2.0,-0.8306080215195182,-23.78550168305448
2026-01-30 16:00:00,21.1,72.0,0.0,23.4,3.0,-1.2246613760848968,-23.367931113257026
2026-01-30 17:00:00,20.3,76.0,0.0,23.1,5.0,-2.013297657470906,-23.012097525919323
2026-01-30 18:00:00,19.4,81.0,0.0,22.6,8.0,-3.145312081697488,-22.380058353559487
2026-01-30 19:00:00,18.6,84.0,0.0,22.0,10.0,-3.820259908672467,-21.665770566268577
2026-01-30 20:00:00,18.1,87.0,0.0,21.7,12.0,-4.511683690745388,-21.225802935923582
2026-01-30 21:00:00,17.8,88.0,0.0,21.5,14.0,-5.2013207553928575,-20.861358114933925
2026-01-30 22:00:00,17.6,89.0,0.0,21.2,15.0,-5.486963756173437,-20.477627517328248
2026-01-30 23:00:00,17.5,90.0,0.0,21.2,15.0,-5.486963756173437,-20.477627517328248
2026-01-31 00:00:00,17.5,90.0,0.0,20.9,15.0,-5.40931804264268,-20.187849769441527
2026-01-31 01:00:00,17.5,90.0,0.0,21.0,16.0,-5.788384472156976,-20.1864956147047
2026-01-31 02:00:00,17.5,90.0,0.0,21.3,16.0,-5.871075678902076,-20.474874123486195
2026-01-31 03:00:00,17.5,90.0,0.0,21.8,16.0,-6.0088943568105755,-20.955504971455355
2026-01-31 04:00:00,17.5,90.0,0.0,22.9,16.0,-6.312095448209274,-22.012892836987504
2026-01-31 05:00:00,17.5,90.0,0.0,23.7,17.0,-6.929209401928869,-22.664422716323937
2026-01-31 06:00:00,17.5,89.0,0.0,24.7,16.0,-6.808242688679872,-23.743163889676477
2026-01-31 07:00:00,17.6,89.0,0.0,25.9,16.0,-7.13900751566027,-24.89667792480246
2026-01-31 08:00:00,17.7,88.0,0.0,26.6,16.0,-7.331953664732171,-25.56956111195929
2026-01-31 09:00:00,17.9,87.0,0.1,27.2,15.0,-7.039878026788561,-26.273182475062658
2026-01-31 10:00:00,18.2,85.0,0.1,28.1,13.0,-6.321124627062614,-27.37979882046511
2026-01-31 11:00:00,18.5,84.0,0.1,28.7,12.0,-5.967065526469706,-28.07283614106022
2026-01-31 12:00:00,18.8,82.0,0.1,29.4,11.0,-5.609784464070411,-28.85983919336132
2026-01-31 13:00:00,19.0,81.0,0.1,30.0,10.0,-5.2094453300079095,-29.544232590366242
2026-01-31 14:00:00,19.0,80.0,0.1,30.7,10.0,-5.330999054374761,-30.233598017474787
2026-01-31 15:00:00,18.7,80.0,0.2,31.5,11.0,-6.010483354361155,-30.921256278601415
2026-01-31 16:00:00,18.3,81.0,0.2,32.3,11.0,-6.16313055066239,-31.706558025359545
2026-01-31 17:00:00,17.7,83.0,0.2,32.8,12.0,-6.8195034588225205,-32.08324130406882
2026-01-31 18:00:00,17.1,84.0,0.2,33.6,13.0,-7.558355425953873,-32.738834176783904
2026-01-31 19:00:00,16.6,85.0,0.2,34.1,14.0,-8.249536639948673,-33.08708426601148
2026-01-31 20:00:00,16.2,86.0,0.2,34.6,14.0,-8.370497587748506,-33.57223212914948
2026-01-31 21:00:00,16.0,86.0,0.3,35.0,15.0,-9.058666578588221,-33.80740392011739
2026-01-31 22:00:00,15.8,86.0,0.3,35.0,15.0,-9.058666578588221,-33.80740392011739
2026-01-31 23:00:00,15.6,86.0,0.3,35.0,15.0,-9.058666578588221,-33.80740392011739
2026-02-01 00:00:00,15.6,86.0,0.3,35.0,15.0,-9.058666578588221,-33.80740392011739
2026-02-01 01:00:00,15.5,85.0,0.3,34.9,14.0,-8.443074156428406,-33.86332084703228
2026-02-01 02:00:00,15.4,85.0,0.3,34.6,14.0,-8.370497587748506,-33.57223212914948
2026-02-01 03:00:00,15.4,85.0,0.4,34.2,15.0,-8.851611342506207,-33.03466325908614
2026-02-01 04:00:00,15.3,85.0,0.4,33.8,14.0,-8.17696007126877,-32.79599554812868
2026-02-01 05:00:00,15.3,85.0,0.4,33.4,14.0,-8.080191313028903,-32.40787725761828
2026-02-01 06:00:00,15.4,85.0,0.4,32.6,13.0,-7.3334043716100075,-31.764464111998667
2026-02-01 07:00:00,15.4,84.0,0.4,32.2,14.0,-7.789885038309303,-31.24352238608709
2026-02-01 08:00:00,15.5,84.0,0.4,31.8,13.0,-7.153443528134916,-30.984968060170477
2026-02-01 09:00:00,15.7,83.0,0.3,31.4,13.0,-7.063463106397369,-30.595220034256382
2026-02-01 10:00:00,16.0,82.0,0.3,31.3,12.0,-6.507635922595881,-30.616019902968116
2026-02-01 11:00:00,16.3,81.0,0.3,31.3,12.0,-6.507635922595881,-30.616019902968116
2026-02-01 12:00:00,16.6,79.0,0.3,31.2,11.0,-5.953240655748192,-30.626768123567114
2026-02-01 13:00:00,16.8,78.0,0.3,30.8,11.0,-5.876917057597574,-30.234117250188053
2026-02-01 14:00:00,16.9,78.0,0.3,30.8,11.0,-5.876917057597574,-30.234117250188053
2026-02-01 15:00:00,16.8,78.0,0.2,30.8,11.0,-5.876917057597574,-30.234117250188053
2026-02-01 16:00:00,16.5,79.0,0.2,30.4,11.0,-5.800593459446956,-29.841466376808985
2026-02-01 17:00:00,16.2,81.0,0.2,30.5,12.0,-6.341306569941674,-29.83350182238107
2026-02-01 18:00:00,15.8,82.0,0.2,30.1,12.0,-6.25814189361457,-29.44224278208755
2026-02-01 19:00:00,15.5,83.0,0.2,30.2,12.0,-6.278933062696345,-29.540057542160927
2026-02-01 20:00:00,15.3,84.0,0.2,29.9,13.0,-6.726036524881571,-29.133664937078528
2026-02-01 21:00:00,15.1,84.0,0.1,29.5,13.0,-6.636056103144025,-28.743916911164437
2026-02-01 22:00:00,15.0,85.0,0.1,29.6,13.0,-6.6585512085784115,-28.841353917642962
2026-02-01 23:00:00,15.0,85.0,0.1,29.3,14.0,-7.088311541070266,-28.429664779886696
2026-02-02 00:00:00,15.0,84.0,0.1,29.0,14.0,-7.015734972390366,-28.1385760620039
2026-02-02 01:00:00,15.0,84.0,0.1,29.1,15.0,-7.53163421248335,-28.10844154501189
2026-02-02 02:00:00,15.0,84.0,0.1,28.7,15.0,-7.428106594442342,-27.72207121449626
2026-02-02 03:00:00,15.0,84.0,0.0,28.4,15.0,-7.3504608809115854,-27.43229346660954
2026-02-02 04:00:00,15.1,84.0,0.0,28.4,15.0,-7.3504608809115854,-27.43229346660954
2026-02-02 05:00:00,15.1,84.0,0.0,28.1,16.0,-7.745409698457669,-27.011453655866767
2026-02-02 06:00:00,15.2,84.0,0.0,28.1,16.0,-7.745409698457669,-27.011453655866767
2026-02-02 07:00:00,15.4,83.0,0.0,28.0,16.0,-7.717845962875969,-26.915327486272933
2026-02-02 08:00:00,15.7,82.0,0.0,28.4,15.0,-7.3504608809115854,-27.43229346660954
2026-02-02 09:00:00,16.1,80.0,0.0,29.0,14.0,-7.015734972390366,-28.1385760620039
2026-02-02 10:00:00,16.7,78.0,0.0,30.0,13.0,-6.7485316303159575,-29.231101943557054
2026-02-02 11:00:00,17.4,75.0,0.0,30.9,12.0,-6.424471246268777,-30.22476086267459
2026-02-02 12:00:00,18.0,72.0,0.0,32.2,10.0,-5.591471320875157,-31.710809646993102
2026-02-02 13:00:00,18.4,70.0,0.0,32.8,9.0,-5.1310504533195775,-32.39617757152051
2026-02-02 14:00:00,18.5,69.0,0.0,33.2,9.0,-5.193624239335671,-32.791252907758576
2026-02-02 15:00:00,18.3,70.0,0.0,32.8,9.0,-5.1310504533195775,-32.39617757152051
2026-02-02 16:00:00,17.7,71.0,0.0,32.2,10.0,-5.591471320875157,-31.710809646993102
2026-02-02 17:00:00,17.0,74.0,0.0,31.2,11.0,-5.953240655748192,-30.626768123567114
2026-02-02 18:00:00,16.3,76.0,0.0,30.2,12.0,-6.278933062696345,-29.540057542160927
2026-02-02 19:00:00,15.6,78.0,0.0,29.3,14.0,-7.088311541070266,-28.429664779886696
2026-02-02 20:00:00,15.1,80.0,0.0,28.3,15.0,-7.324578976401334,-27.335700883980635
2026-02-02 21:00:00,14.8,81.0,0.0,27.6,15.0,-7.14340564482957,-26.659552805578286
2026-02-02 22:00:00,14.6,81.0,0.0,27.0,16.0,-7.44220860705897,-25.954065790334614
2026-02-02 23:00:00,14.5,81.0,0.0,26.3,17.0,-7.689375834207986,-25.15081508182783
2026-02-03 00:00:00,14.4,81.0,0.0,26.0,17.0,-7.601664322791165,-24.863923655038917
2026-02-03 01:00:00,14.4,81.0,0.0,25.3,17.0,-7.397004129485249,-24.194510325864794
2026-02-03 02:00:00,14.4,81.0,0.0,24.6,18.0,-7.60181806162371,-23.395990300860777
2026-02-03 03:00:00,14.5,81.0,0.0,23.9,18.0,-7.385506165561246,-22.730250739454167
2026-02-03 04:00:00,14.5,81.0,0.0,22.9,19.0,-7.455510737068887,-21.652375381224353
2026-02-03 05:00:00,14.6,81.0,0.0,21.9,20.0,-7.490241138832141,-20.579268395211393
2026-02-03 06:00:00,14.8,80.0,0.0,20.9,21.0,-7.489890145496784,-19.511830913791513
2026-02-03 07:00:00,15.1,79.0,0.0,20.1,21.0,-7.203195785860545,-18.764966572593753
2026-02-03 08:00:00,15.6,78.0,0.0,19.6,20.0,-6.703594809183104,-18.417975367403805
2026-02-03 09:00:00,16.3,75.0,0.0,19.7,18.0,-6.087634789186467,-18.735813371014522
2026-02-03 10:00:00,17.4,72.0,0.0,20.0,14.0,-4.838437911993355,-19.40591452551993
2026-02-03 11:00:00,18.5,68.0,0.0,20.4,9.0,-3.191263086820713,-20.148842148140808
2026-02-03 12:00:00,19.6,64.0,0.0,21.3,6.0,-2.2264562676010167,-21.183316371344223
2026-02-03 13:00:00,20.4,61.0,0.0,22.0,3.0,-1.1513910373447747,-21.969849764600625
2026-02-03 14:00:00,20.8,60.0,0.0,22.3,1.0,-0.389188663551422,-22.296603601987528
2026-02-03 15:00:00,20.7,61.0,0.0,22.0,1.0,-0.38395294162023696,-21.99664929344061
2026-02-03 16:00:00,20.1,64.0,0.0,21.6,2.0,-0.7538291287740165,-21.58684186361247
2026-02-03 17:00:00,19.3,68.0,0.0,20.6,4.0,-1.4369833591289871,-20.54981943535238
2026-02-03 18:00:00,18.4,72.0,0.0,19.9,6.0,-2.0801164190263015,-19.79098571782864
2026-02-03 19:00:00,17.6,76.0,0.0,18.9,9.0,-2.9566113892603663,-18.6673096372481
2026-02-03 20:00:00,17.0,79.0,0.0,17.9,10.0,-3.1083023802380527,-17.628058778918522
2026-02-03 21:00:00,16.7,81.0,0.0,16.9,11.0,-3.224672021863604,-16.58949940026552
2026-02-03 22:00:00,16.4,83.0,0.0,15.8,12.0,-3.2850047149206048,-15.45473209159413
2026-02-03 23:00:00,16.2,84.0,0.0,14.3,12.0,-2.973137178693965,-13.987510690493421
2026-02-04 00:00:00,16.0,85.0,0.0,13.3,13.0,-2.991849022773408,-12.959121861643627
2026-02-04 01:00:00,16.0,85.0,0.0,12.1,12.0,-2.5157314588948934,-11.835585968879046
2026-02-04 02:00:00,15.9,86.0,0.0,11.4,13.0,-2.564442019520064,-11.10781873855168
2026-02-04 03:00:00,15.9,87.0,0.0,11.2,15.0,-2.898773305148231,-10.818369254437565
2026-02-04 04:00:00,15.9,87.0,0.0,11.3,17.0,-3.3038002633669294,-10.8062437423823
2026-02-04 05:00:00,16.0,87.0,0.0,11.8,20.0,-4.0358376912428895,-11.08837292527372
2026-02-04 06:00:00,16.1,87.0,0.0,12.3,21.0,-4.407925779407199,-11.483039245915581
2026-02-04 07:00:00,16.4,86.0,0.0,12.8,22.0,-4.794964395723677,-11.867953338454878
2026-02-04 08:00:00,16.8,85.0,0.0,13.0,19.0,-4.232386007943036,-12.291741482791119
2026-02-04 09:00:00,17.5,82.0,0.0,13.1,16.0,-3.6108493612026855,-12.592528216791978
2026-02-04 10:00:00,18.5,78.0,0.0,13.4,8.0,-1.864919552864882,-13.269592121137041
2026-02-04 11:00:00,19.7,73.0,0.0,14.0,1.0,-0.24433369012196898,-13.997867732189478
2026-02-04 12:00:00,20.7,69.0,0.0,14.8,354.0,1.5470212563612713,-14.718924051450445
2026-02-04 13:00:00,21.6,65.0,0.0,15.0,349.0,2.862134930648174,-14.72440775171496
2026-02-04 14:00:00,21.9,64.0,0.0,15.1,348.0,3.1394665313481678,-14.770028771080463
2026-02-04 15:00:00,21.7,65.0,0.0,14.3,348.0,2.9731371786939604,-13.987510690493421
2026-02-04 16:00:00,21.1,68.0,0.0,13.0,354.0,1.358870022479495,-12.928784639787553
2026-02-04 17:00:00,20.2,72.0,0.0,11.5,360.0,7.041719095097281e-16,-11.5
2026-02-04 18:00:00,19.3,76.0,0.0,10.2,10.0,-1.7712114122026892,-10.045039080724521
2026-02-04 19:00:00,18.4,80.0,0.0,9.2,21.0,-3.296985135816766,-8.588939923774255
2026-02-04 20:00:00,17.8,83.0,0.0,8.5,28.0,-3.9905082836800716,-7.505054539300879
2026-02-04 21:00:00,17.4,84.0,0.0,7.6,31.0,-3.914289369316414,-6.514471485336052
2026-02-04 22:00:00,17.1,85.0,0.0,6.2,36.0,-3.644268564213334,-5.015905365124674
2026-02-04 23:00:00,16.9,86.0,0.0,4.9,36.0,-2.880147736233119,-3.9641832724372423
2026-02-05 00:00:00,16.8,86.0,0.0,3.6,37.0,-2.166534083347374,-2.875087836170254
2026-02-05 01:00:00,16.7,86.0,0.0,2.8,40.0,-1.7998053071223103,-2.144924440733138
2026-02-05 02:00:00,16.7,86.0,0.0,2.3,39.0,-1.447436899414627,-1.7874357113510322
2026-02-05 03:00:00,16.7,86.0,0.0,2.8,40.0,-1.7998053071223103,-2.144924440733138
2026-02-05 04:00:00,16.7,87.0,0.0,3.8,41.0,-2.4930243101639276,-2.8678964048465336
2026-02-05 05:00:00,16.8,87.0,0.0,4.8,42.0,-3.211826910522519,-3.567095162291493
2026-02-05 06:00:00,17.0,87.0,0.0,6.1,40.0,-3.9210044190878905,-4.672871103025765
2026-02-05 07:00:00,17.3,86.0,0.0,7.4,39.0,-4.656970893768801,-5.750880114781583
2026-02-05 08:00:00,17.7,84.0,0.0,8.1,32.0,-4.292346040288961,-6.86918957886705
2026-02-05 09:00:00,18.5,81.0,0.0,8.2,23.0,-3.203995253612045,-7.548139798310009
2026-02-05 10:00:00,19.7,76.0,0.0,8.8,9.0,-1.3766232923540331,-8.691657397237211
2026-02-05 11:00:00,21.0,70.0,0.0,9.8,354.0,1.024378940023004,-9.746314574609078
2026-02-05 12:00:00,22.2,65.0,0.0,10.9,343.0,3.186851581477831,-10.423721839997087
2026-02-05 13:00:00,23.1,61.0,0.0,12.1,337.0,4.727846654720212,-11.138108726774528
2026-02-05 14:00:00,23.5,59.0,0.0,12.4,334.0,5.435802220184561,-11.145046174109671
2026-02-05 15:00:00,23.3,60.0,0.0,11.8,337.0,4.61062731617343,-10.861957270738797
2026-02-05 16:00:00,22.6,64.0,0.0,10.6,342.0,3.275580140374443,-10.081199072728626
2026-02-05 17:00:00,21.6,68.0,0.0,9.1,353.0,1.1090110249868421,-9.032169979936029
2026-02-05 18:00:00,20.5,73.0,0.0,8.0,8.0,-1.1133848076805266,-7.922144549932562
2026-02-05 19:00:00,19.5,78.0,0.0,7.1,24.0,-2.8878301658381806,-6.486172749262467
2026-02-05 20:00:00,18.7,81.0,0.0,7.0,35.0,-4.015035054457325,-5.734064310022941
2026-02-05 21:00:00,18.2,83.0,0.0,6.6,41.0,-4.329989591337347,-4.981083229470295
2026-02-05 22:00:00,17.9,84.0,0.0,5.6,40.0,-3.5996106142446207,-4.289848881466276
2026-02-05 23:00:00,17.6,84.0,0.0,4.8,42.0,-3.211826910522519,-3.567095162291493
2026-02-06 00:00:00,17.4,84.0,0.0,3.6,37.0,-2.166534083347374,-2.875087836170254
2026-02-06 01:00:00,17.2,84.0,0.0,3.1,36.0,-1.822134282106667,-2.507952682562337
2026-02-06 02:00:00,17.2,84.0,0.0,2.9,30.0,-1.4500000000000013,-2.5114736709748713
2026-02-06 03:00:00,17.1,84.0,0.0,3.7,29.0,-1.7937955949114464,-3.2360929164157652
2026-02-06 04:00:00,17.1,85.0,0.0,5.2,34.0,-2.907803098047882,-4.3109953772862175
2026-02-06 05:00:00,17.2,86.0,0.0,7.0,35.0,-4.015035054457325,-5.734064310022941
2026-02-06 06:00:00,17.4,86.0,0.0,8.3,34.0,-4.6413010988071965,-6.881011852206848
2026-02-06 07:00:00,17.7,86.0,0.0,9.6,34.0,-5.368251873319167,-7.958760696528401
2026-02-06 08:00:00,18.2,84.0,0.0,10.0,30.0,-5.000000000000004,-8.660254037844384
2026-02-06 09:00:00,19.0,81.0,0.0,9.4,23.0,-3.672872607799174,-8.652745622452938
2026-02-06 10:00:00,20.3,75.0,0.0,8.0,8.0,-1.1133848076805266,-7.922144549932562
2026-02-06 11:00:00,21.7,69.0,0.0,7.3,349.0,1.3929056662487778,-7.165878439167947
2026-02-06 12:00:00,22.9,64.0,0.0,7.8,326.0,4.361704647071825,-6.466493065929326
2026-02-06 13:00:00,23.9,60.0,0.0,8.7,312.0,6.46535998165333,-5.821436275322066
2026-02-06 14:00:00,24.4,58.0,0.0,9.3,306.0,7.523858047687012,-5.46640284632
2026-02-06 15:00:00,24.2,60.0,0.0,8.8,305.0,7.208537989743128,-5.047472639889206
2026-02-06 16:00:00,23.4,64.0,0.0,7.7,307.0,6.149493427364155,-4.6339756782707715
2026-02-06 17:00:00,22.4,69.0,0.0,6.4,313.0,4.6806636903626915,-4.36478950439999
2026-02-06 18:00:00,21.2,75.0,0.0,5.0,330.0,2.5000000000000004,-4.330127018922193
2026-02-06 19:00:00,20.1,80.0,0.0,5.1,352.0,0.7097828148963339,-5.050367150582009
2026-02-06 20:00:00,19.3,84.0,0.0,6.9,9.0,-1.0793978087775942,-6.81504955010645
2026-02-06 21:00:00,18.8,86.0,0.0,10.0,15.0,-2.5881904510252065,-9.659258262890683
2026-02-06 22:00:00,18.4,88.0,0.0,14.6,16.0,-4.0243053949281835,-14.034420760699458
2026-02-06 23:00:00,18.1,90.0,0.0,19.5,16.0,-5.374928438431478,-18.744603070797222
2026-02-07 00:00:00,17.8,90.0,0.0,24.7,16.0,-6.808242688679872,-23.743163889676477
2026-02-07 01:00:00,17.5,91.0,0.0,29.2,16.0,-8.048610789856367,-28.068841521398916
2026-02-07 02:00:00,17.2,90.0,0.0,32.9,16.0,-9.068469006379264,-31.625509796370693
2026-02-07 03:00:00,16.9,88.0,0.0,35.7,16.0,-9.840253602666861,-34.31704254499799
2026-02-07 04:00:00,16.5,86.0,0.0,38.3,16.0,-10.556910727791056,-36.81632295443762
2026-02-07 05:00:00,16.1,83.0,0.0,40.3,17.0,-11.782579700326304,-38.53908166531032
2026-02-07 06:00:00,15.7,80.0,0.0,41.9,18.0,-12.947812064310302,-39.84926803276693
2026-02-07 07:00:00,15.5,76.0,0.0,43.0,18.0,-13.287730758122745,-40.8954302006916
2026-02-07 08:00:00,15.5,73.0,0.0,44.1,17.0,-12.893592178272707,-42.17303973796986
2026-02-07 09:00:00,15.8,70.0,0.0,44.7,16.0,-12.32098980501985,-42.96839780844286
2026-02-07 10:00:00,16.4,67.0,0.0,44.7,15.0,-11.569211316082672,-43.17688443512136
2026-02-07 11:00:00,17.2,63.0,0.0,44.4,14.0,-10.74133216462525,-43.08113024665424
2026-02-07 12:00:00,17.9,60.0,0.0,43.9,12.0,-9.127323226899655,-42.94067967221407
2026-02-07 13:00:00,18.4,58.0,0.0,43.3,11.0,-8.262029499804381,-42.50445704328385
2026-02-07 14:00:00,18.6,56.0,0.0,42.4,10.0,-7.362682733077846,-41.75584872771762
2026-02-07 15:00:00,18.4,55.0,0.0,41.4,11.0,-7.899492408588946,-40.63936539473329
2026-02-07 16:00:00,17.8,55.0,0.0,40.3,11.0,-7.689602513674747,-39.55957549294086
2026-02-07 17:00:00,17.1,56.0,0.0,38.6,12.0,-8.025391265565528,-37.756497388324895
2026-02-07 18:00:00,16.3,56.0,0.0,37.3,13.0,-8.390674327026174,-36.344003416489265
2026-02-07 19:00:00,15.6,57.0,0.0,35.6,14.0,-8.612419483348173,-34.542527855425476
2026-02-07 20:00:00,15.1,57.0,0.0,34.2,15.0,-8.851611342506207,-33.03466325908614
2026-02-07 21:00:00,14.7,56.0,0.0,32.8,15.0,-8.489264679362677,-31.68236710228144
2026-02-07 22:00:00,14.4,55.0,0.0,31.5,16.0,-8.682576708235464,-30.27974342205705
2026-02-07 23:00:00,14.2,54.0,0.0,30.3,16.0,-8.351811881255067,-29.126229386931065
2026-02-08 00:00:00,14.0,53.0,0.0,28.9,17.0,-8.449542266487102,-27.63720744733172
2026-02-08 01:00:00,13.9,52.0,0.0,27.6,17.0,-8.069459050347545,-26.394011264579778
2026-02-08 02:00:00,13.8,52.0,0.0,26.5,18.0,-8.18895035093611,-25.202997681821568
2026-02-08 03:00:00,13.8,53.0,0.0,25.6,20.0,-8.755715669137116,-24.05613109211926
2026-02-08 04:00:00,13.9,54.0,0.0,24.4,22.0,-9.14040087934826,-22.62328605142961
2026-02-08 05:00:00,14.0,56.0,0.0,23.5,23.0,-9.182181519497934,-21.631864056132347
2026-02-08 06:00:00,14.2,58.0,0.0,22.7,25.0,-9.59343454151387,-20.573186765731954
2026-02-08 07:00:00,14.5,59.0,0.0,21.7,27.0,-9.851593844348168,-19.33484157488758
2026-02-08 08:00:00,15.0,59.0,0.0,21.4,27.0,-9.715396694426303,-19.06753961763107
2026-02-08 09:00:00,15.8,58.0,0.0,21.1,25.0,-8.917245322728753,-19.123094306473316
2026-02-08 10:00:00,17.0,55.0,0.0,21.0,22.0,-7.866738461734158,-19.470860945902533
2026-02-08 11:00:00,18.2,52.0,0.0,20.8,18.0,-6.42755348299891,-19.781975538939193
2026-02-08 12:00:00,19.4,49.0,0.0,21.2,15.0,-5.486963756173437,-20.477627517328248
2026-02-08 13:00:00,20.3,47.0,0.0,21.3,12.0,-4.428519014418284,-20.83454389563006
2026-02-08 14:00:00,20.6,47.0,0.0,21.5,10.0,-3.733435819839002,-21.17336668976247
2026-02-08 15:00:00,20.4,50.0,0.0,21.5,10.0,-3.733435819839002,-21.17336668976247
2026-02-08 16:00:00,19.6,54.0,0.0,21.7,11.0,-4.1405551996710175,-21.30130988081431
2026-02-08 17:00:00,18.5,60.0,0.0,21.8,13.0,-4.9039329846962625,-21.241267412318127
2026-02-08 18:00:00,17.4,65.0,0.0,21.7,15.0,-5.616373278724698,-20.96059043047278
2026-02-08 19:00:00,16.3,70.0,0.0,21.5,18.0,-6.643865379061372,-20.4477151003458
2026-02-08 20:00:00,15.6,74.0,0.0,20.6,19.0,-6.706703981817427,-19.477682657345927
2026-02-08 21:00:00,15.1,76.0,0.0,19.3,21.0,-6.916501426224304,-18.018102231395993
2026-02-08 22:00:00,14.8,77.0,0.0,17.3,23.0,-6.759648522864437,-15.924733964727217
2026-02-08 23:00:00,14.6,78.0,0.0,14.8,26.0,-6.487892972478351,-13.30215188522767
2026-02-09 00:00:00,14.5,78.0,0.0,12.6,31.0,-6.489479743866687,-10.800307988846612
2026-02-09 01:00:00,14.5,77.0,0.0,10.6,35.0,-6.0799102253210915,-8.68301166946331
2026-02-09 02:00:00,14.5,77.0,0.0,9.2,39.0,-5.789747597658508,-7.149742845404129
2026-02-09 03:00:00,14.5,77.0,0.0,8.4,43.0,-5.728786224524988,-6.143371093601032
2026-02-09 04:00:00,14.7,76.0,0.0,8.1,45.0,-5.727564927611036,-5.727564927611034
2026-02-09 05:00:00,14.9,75.0,0.0,7.9,47.0,-5.777694242791448,-5.387787044493737
2026-02-09 06:00:00,15.1,74.0,0.0,7.6,45.0,-5.374011537017762,-5.37401153701776
2026-02-09 07:00:00,15.5,73.0,0.0,7.7,41.0,-5.051654523226906,-5.811263767715345
2026-02-09 08:00:00,16.0,71.0,0.0,7.8,34.0,-4.361704647071823,-6.466493065929326
2026-02-09 09:00:00,16.8,68.0,0.0,8.4,20.0,-2.872969203935616,-7.8934180146016315
2026-02-09 10:00:00,17.8,64.0,0.0,9.8,6.0,-1.024378940023003,-9.74631457460908
2026-02-09 11:00:00,19.0,60.0,0.0,12.0,353.0,1.4624321208617699,-11.910553819695863
2026-02-09 12:00:00,20.0,56.0,0.0,14.8,347.0,3.329275604289201,-14.420676958821483
2026-02-09 13:00:00,20.8,53.0,0.0,16.6,342.0,5.129682106624128,-15.78753817049955
2026-02-09 14:00:00,21.2,52.0,0.0,17.8,342.0,5.500502499874065,-16.928805990053732
2026-02-09 15:00:00,21.0,53.0,0.0,17.6,345.0,4.555215193804365,-17.000294542687605
2026-02-09 16:00:00,20.3,56.0,0.0,16.5,350.0,2.8651949315043517,-16.249327924701433
2026-02-09 17:00:00,19.4,61.0,0.0,15.1,359.0,0.26353133720298233,-15.097700196861508
2026-02-09 18:00:00,18.4,65.0,0.0,13.8,9.0,-2.1587956175551883,-13.6300991002129
2026-02-09 19:00:00,17.5,69.0,0.0,13.0,19.0,-4.232386007943036,-12.291741482791119
2026-02-09 20:00:00,16.8,72.0,0.0,12.6,27.0,-5.720280296718291,-11.226682204773434
2026-02-09 21:00:00,16.3,74.0,0.0,12.0,33.0,-6.535668420180324,-10.064046815345089
2026-02-09 22:00:00,16.0,75.0,0.0,11.1,36.0,-6.524416300446453,-8.980088637561915
2026-02-09 23:00:00,15.7,76.0,0.0,10.0,38.0,-6.156614753256581,-7.8801075360672215
2026-02-10 00:00:00,15.5,76.0,0.0,8.9,40.0,-5.720809726210201,-6.817795543758904
2026-02-10 01:00:00,15.3,77.0,0.0,8.2,41.0,-5.379684037722159,-6.18861855782673
2026-02-10 02:00:00,15.3,77.0,0.0,7.7,41.0,-5.051654523226906,-5.811263767715345
2026-02-10 03:00:00,15.3,77.0,0.0,7.7,41.0,-5.051654523226906,-5.811263767715345
2026-02-10 04:00:00,15.3,78.0,0.0,7.7,41.0,-5.051654523226906,-5.811263767715345
2026-02-10 05:00:00,15.4,78.0,0.0,7.9,39.0,-4.971631089293719,-6.139453095510068
2026-02-10 06:00:00,15.6,77.0,0.0,8.5,36.0,-4.996174644486023,-6.876644452187052
2026-02-10 07:00:00,16.0,77.0,0.0,9.1,34.0,-5.088655421583794,-7.54424191025088
2026-02-10 08:00:00,16.5,75.0,0.0,9.3,28.0,-4.366085533908785,-8.211412613588022
2026-02-10 09:00:00,17.3,72.0,0.0,9.9,19.0,-3.2231247291258507,-9.360633898433237
2026-02-10 10:00:00,18.5,67.0,0.0,11.3,7.0,-1.3771235804781632,-11.21577151354694
2026-02-10 11:00:00,19.8,62.0,0.0,12.6,357.0,0.659433048661094,-12.58273213790763
2026-02-10 12:00:00,21.1,57.0,0.0,14.6,350.0,2.535263393937184,-14.378193193978237
2026-02-10 13:00:00,22.0,53.0,0.0,16.0,346.0,3.870750329594683,-15.524731620415944
2026-02-10 14:00:00,22.4,52.0,0.0,16.8,345.0,4.348159957722348,-16.22755388165635
2026-02-10 15:00:00,22.2,53.0,0.0,16.2,347.0,3.6442070803706117,-15.78479504952081
2026-02-10 16:00:00,21.4,56.0,0.0,15.3,352.0,2.129348444689002,-15.151101451746028
2026-02-10 17:00:00,20.4,61.0,0.0,14.0,359.0,0.24433369012197037,-13.997867732189478
2026-02-10 18:00:00,19.3,66.0,0.0,12.7,8.0,-1.7674983821928358,-12.576404473017941
2026-02-10 19:00:00,18.2,71.0,0.0,11.6,16.0,-3.197393327477187,-11.1506356728845
2026-02-10 20:00:00,17.4,74.0,0.0,11.3,22.0,-4.233054505599809,-10.477177556604698
2026-02-10 21:00:00,16.9,76.0,0.0,11.0,23.0,-4.298042413382012,-10.125553387976844
2026-02-10 22:00:00,16.5,79.0,0.0,10.5,22.0,-3.933369230867079,-9.735430472951267
2026-02-10 23:00:00,16.2,80.0,0.0,10.4,20.0,-3.557009490586953,-9.772803256173448
2026-02-11 00:00:00,15.9,82.0,0.0,10.1,17.0,-2.9529542176996446,-9.658678035226657
2026-02-11 01:00:00,15.7,83.0,0.0,10.0,13.0,-2.2495105434386526,-9.743700647852352
2026-02-11 02:00:00,15.7,84.0,0.0,9.9,10.0,-1.7191169589026103,-9.74959675482086
2026-02-11 03:00:00,15.7,85.0,0.0,10.0,13.0,-2.2495105434386526,-9.743700647852352
2026-02-11 04:00:00,15.8,85.0,0.0,10.0,15.0,-2.5881904510252065,-9.659258262890683
2026-02-11 05:00:00,15.9,86.0,0.0,10.6,18.0,-3.2755801403744442,-10.081199072728626
2026-02-11 06:00:00,16.2,85.0,0.0,11.2,21.0,-4.013721034907368,-10.456100776768658
2026-02-11 07:00:00,16.5,85.0,0.0,11.5,20.0,-3.9332316482451883,-10.806465139037947
2026-02-11 08:00:00,17.0,83.0,0.0,12.2,19.0,-3.971931484377311,-11.535326622311665
2026-02-11 09:00:00,17.8,80.0,0.0,12.9,13.0,-2.901868601035862,-12.569373835729534
2026-02-11 10:00:00,18.8,76.0,0.0,14.5,6.0,-1.5156627173809738,-14.420567482839964
2026-02-11 11:00:00,20.0,71.0,0.0,16.2,359.0,0.2827289842839943,-16.197532661533536
2026-02-11 12:00:00,21.1,66.0,0.0,17.8,353.0,2.1692743126116256,-17.667321499215532
2026-02-11 13:00:00,21.9,62.0,0.0,19.4,350.0,3.3687746467384496,-19.105270408436834
2026-02-11 14:00:00,22.2,61.0,0.0,20.2,349.0,3.854341706606207,-19.828869105642813
2026-02-11 15:00:00,21.9,63.0,0.0,19.8,350.0,3.4382339178052224,-19.49919350964172
2026-02-11 16:00:00,21.1,67.0,0.0,18.8,353.0,2.291143656016773,-18.659867650856853
2026-02-11 17:00:00,20.0,73.0,0.0,17.6,359.0,0.30716235329619135,-17.59731943475249
2026-02-11 18:00:00,18.9,78.0,0.0,16.3,6.0,-1.70381395126275,-16.210706894502856
2026-02-11 19:00:00,18.1,82.0,0.0,15.4,11.0,-2.938458528798787,-15.117058625094026
2026-02-11 20:00:00,17.7,84.0,0.0,15.2,14.0,-3.67721281311495,-14.748495039395145
